ISO-10303-21;
HEADER;
/* Generated by software containing ST-Developer
 * from STEP Tools, Inc. (www.steptools.com) 
 */

FILE_DESCRIPTION(
/* description */ (''),
/* implementation_level */ '2;1');

FILE_NAME(
/* name */ '00856322-860d-4eef-88ee-180369b8bcca.step',
/* time_stamp */ '2026-01-14T02:23:52Z',
/* author */ (''),
/* organization */ (''),
/* preprocessor_version */ 'ST-DEVELOPER v20.1',
/* originating_system */ 'Autodesk Translation Framework v14.21.0.0',
/* authorisation */ '');

FILE_SCHEMA (('AUTOMOTIVE_DESIGN { 1 0 10303 214 3 1 1 }'));
ENDSEC;

DATA;
#10=MECHANICAL_DESIGN_GEOMETRIC_PRESENTATION_REPRESENTATION('',(#13),#11455);
#11=SHAPE_REPRESENTATION_RELATIONSHIP('SRR','None',#11461,#12);
#12=ADVANCED_BREP_SHAPE_REPRESENTATION('',(#14),#11454);
#13=STYLED_ITEM('',(#11474),#14);
#14=MANIFOLD_SOLID_BREP('Bottom',#6320);
#15=SPHERICAL_SURFACE('',#6683,0.5);
#16=SPHERICAL_SURFACE('',#6696,0.5);
#17=SPHERICAL_SURFACE('',#6728,0.5);
#18=SPHERICAL_SURFACE('',#6732,0.5);
#19=SPHERICAL_SURFACE('',#6736,0.500000000000001);
#20=SPHERICAL_SURFACE('',#6744,0.499999999999998);
#21=SPHERICAL_SURFACE('',#6748,0.5);
#22=SPHERICAL_SURFACE('',#6759,0.499999999999998);
#23=SPHERICAL_SURFACE('',#6771,0.5);
#24=SPHERICAL_SURFACE('',#6776,0.499999999999996);
#25=SPHERICAL_SURFACE('',#6786,0.5);
#26=SPHERICAL_SURFACE('',#6799,0.5);
#27=SPHERICAL_SURFACE('',#6804,0.499999999999996);
#28=B_SPLINE_SURFACE_WITH_KNOTS('',3,3,((#9740,#9741,#9742,#9743,#9744,
#9745),(#9746,#9747,#9748,#9749,#9750,#9751),(#9752,#9753,#9754,#9755,#9756,
#9757),(#9758,#9759,#9760,#9761,#9762,#9763),(#9764,#9765,#9766,#9767,#9768,
#9769)),.UNSPECIFIED.,.F.,.F.,.F.,(4,1,4),(4,1,1,4),(0.,0.5,1.),(-1.5707963267949,
-0.897597901025651,-0.448798950512821,8.82837702580672E-15),
 .UNSPECIFIED.);
#29=B_SPLINE_SURFACE_WITH_KNOTS('',3,3,((#9830,#9831,#9832,#9833),(#9834,
#9835,#9836,#9837),(#9838,#9839,#9840,#9841),(#9842,#9843,#9844,#9845),
(#9846,#9847,#9848,#9849),(#9850,#9851,#9852,#9853)),.UNSPECIFIED.,.F.,
 .F.,.F.,(4,1,1,4),(4,4),(0.,0.285714285714286,0.571428571428571,1.),(-0.80617203509015,
1.11022302462516E-16),.UNSPECIFIED.);
#30=B_SPLINE_SURFACE_WITH_KNOTS('',3,3,((#9879,#9880,#9881,#9882),(#9883,
#9884,#9885,#9886),(#9887,#9888,#9889,#9890),(#9891,#9892,#9893,#9894),
(#9895,#9896,#9897,#9898),(#9899,#9900,#9901,#9902)),.UNSPECIFIED.,.F.,
 .F.,.F.,(4,1,1,4),(4,4),(0.,0.285714285714286,0.571428571428571,1.),(-1.890153163825E-15,
0.806172035090151),.UNSPECIFIED.);
#31=B_SPLINE_SURFACE_WITH_KNOTS('',3,3,((#9922,#9923,#9924,#9925,#9926,
#9927),(#9928,#9929,#9930,#9931,#9932,#9933),(#9934,#9935,#9936,#9937,#9938,
#9939),(#9940,#9941,#9942,#9943,#9944,#9945),(#9946,#9947,#9948,#9949,#9950,
#9951)),.UNSPECIFIED.,.F.,.F.,.F.,(4,1,4),(4,1,1,4),(0.,0.5,1.),(-1.5707963267949,
-0.897597901025649,-0.448798950512818,1.33226762955019E-14),
 .UNSPECIFIED.);
#32=B_SPLINE_SURFACE_WITH_KNOTS('',3,3,((#10033,#10034,#10035,#10036,#10037,
#10038),(#10039,#10040,#10041,#10042,#10043,#10044),(#10045,#10046,#10047,
#10048,#10049,#10050),(#10051,#10052,#10053,#10054,#10055,#10056),(#10057,
#10058,#10059,#10060,#10061,#10062)),.UNSPECIFIED.,.F.,.F.,.F.,(4,1,4),
(4,1,1,4),(0.,0.5,1.),(-1.57079632679489,-0.89759790102565,-0.448798950512821,
8.88178419700125E-15),.UNSPECIFIED.);
#33=B_SPLINE_SURFACE_WITH_KNOTS('',3,3,((#10075,#10076,#10077,#10078,#10079),
(#10080,#10081,#10082,#10083,#10084),(#10085,#10086,#10087,#10088,#10089),
(#10090,#10091,#10092,#10093,#10094),(#10095,#10096,#10097,#10098,#10099)),
 .UNSPECIFIED.,.F.,.F.,.F.,(4,1,4),(4,1,4),(0.,0.5,1.),(-8.82627304576999E-15,
0.673198425769236,1.5707963267949),.UNSPECIFIED.);
#34=B_SPLINE_SURFACE_WITH_KNOTS('',3,3,((#10101,#10102,#10103,#10104,#10105),
(#10106,#10107,#10108,#10109,#10110),(#10111,#10112,#10113,#10114,#10115),
(#10116,#10117,#10118,#10119,#10120),(#10121,#10122,#10123,#10124,#10125)),
 .UNSPECIFIED.,.F.,.F.,.F.,(4,1,4),(4,1,4),(0.,0.571428571428571,1.),(0.625545316496209,
1.0306528923385,1.5707963267949),.UNSPECIFIED.);
#35=B_SPLINE_SURFACE_WITH_KNOTS('',3,3,((#10142,#10143,#10144,#10145,#10146,
#10147),(#10148,#10149,#10150,#10151,#10152,#10153),(#10154,#10155,#10156,
#10157,#10158,#10159),(#10160,#10161,#10162,#10163,#10164,#10165),(#10166,
#10167,#10168,#10169,#10170,#10171)),.UNSPECIFIED.,.F.,.F.,.F.,(4,1,4),
(4,1,1,4),(0.,0.571428571428571,1.),(-1.5707963267949,-0.897597901025655,
-0.448798950512827,1.38777878078145E-16),.UNSPECIFIED.);
#36=B_SPLINE_SURFACE_WITH_KNOTS('',3,3,((#10183,#10184,#10185,#10186,#10187,
#10188),(#10189,#10190,#10191,#10192,#10193,#10194),(#10195,#10196,#10197,
#10198,#10199,#10200),(#10201,#10202,#10203,#10204,#10205,#10206),(#10207,
#10208,#10209,#10210,#10211,#10212)),.UNSPECIFIED.,.F.,.F.,.F.,(4,1,4),
(4,1,1,4),(0.,0.571428571428571,1.),(-1.05484262393877E-16,0.448798950512828,
0.897597901025655,1.5707963267949),.UNSPECIFIED.);
#37=B_SPLINE_SURFACE_WITH_KNOTS('',3,3,((#10224,#10225,#10226,#10227,#10228),
(#10229,#10230,#10231,#10232,#10233),(#10234,#10235,#10236,#10237,#10238),
(#10239,#10240,#10241,#10242,#10243),(#10244,#10245,#10246,#10247,#10248)),
 .UNSPECIFIED.,.F.,.F.,.F.,(4,1,4),(4,1,4),(0.,0.571428571428571,1.),(-1.5707963267949,
-1.1656887509526,-0.625545316496209),.UNSPECIFIED.);
#38=B_SPLINE_SURFACE_WITH_KNOTS('',3,3,((#10576,#10577,#10578,#10579),(#10580,
#10581,#10582,#10583),(#10584,#10585,#10586,#10587),(#10588,#10589,#10590,
#10591),(#10592,#10593,#10594,#10595)),.UNSPECIFIED.,.F.,.F.,.F.,(4,1,4),
(4,4),(0.,0.5,1.),(-1.5707963267949,-1.20745514652822),.UNSPECIFIED.);
#39=B_SPLINE_SURFACE_WITH_KNOTS('',3,3,((#10599,#10600,#10601,#10602,#10603),
(#10604,#10605,#10606,#10607,#10608),(#10609,#10610,#10611,#10612,#10613),
(#10614,#10615,#10616,#10617,#10618),(#10619,#10620,#10621,#10622,#10623)),
 .UNSPECIFIED.,.F.,.F.,.F.,(4,1,4),(4,1,4),(0.,0.5,1.),(5.97430297709994E-16,
0.0364573168877656,0.085067072738119),.UNSPECIFIED.);
#40=B_SPLINE_SURFACE_WITH_KNOTS('',3,3,((#10687,#10688,#10689,#10690,#10691),
(#10692,#10693,#10694,#10695,#10696),(#10697,#10698,#10699,#10700,#10701),
(#10702,#10703,#10704,#10705,#10706),(#10707,#10708,#10709,#10710,#10711)),
 .UNSPECIFIED.,.F.,.F.,.F.,(4,1,4),(4,1,4),(0.,0.5,1.),(1.96291302119492,
1.99937272299135,2.04798565871993),.UNSPECIFIED.);
#41=B_SPLINE_SURFACE_WITH_KNOTS('',3,3,((#10719,#10720,#10721,#10722),(#10723,
#10724,#10725,#10726),(#10727,#10728,#10729,#10730),(#10731,#10732,#10733,
#10734),(#10735,#10736,#10737,#10738)),.UNSPECIFIED.,.F.,.F.,.F.,(4,1,4),
(4,4),(0.,0.5,1.),(1.20745514652155,1.5707963267949),.UNSPECIFIED.);
#42=B_SPLINE_CURVE_WITH_KNOTS('',3,(#9611,#9612,#9613,#9614,#9615),
 .UNSPECIFIED.,.F.,.F.,(4,1,4),(-2.04798565871993,-1.99937272299135,-1.96291302119492),
 .UNSPECIFIED.);
#43=B_SPLINE_CURVE_WITH_KNOTS('',3,(#9626,#9627,#9628,#9629,#9630),
 .UNSPECIFIED.,.F.,.F.,(4,1,4),(-0.085067072738119,-0.0364573168877656,
-5.97430297709994E-16),.UNSPECIFIED.);
#44=B_SPLINE_CURVE_WITH_KNOTS('',3,(#9697,#9698,#9699,#9700,#9701,#9702,
#9703,#9704,#9705,#9706,#9707,#9708,#9709,#9710,#9711,#9712,#9713,#9714,
#9715,#9716,#9717,#9718,#9719,#9720,#9721,#9722,#9723,#9724,#9725,#9726,
#9727,#9728,#9729,#9730,#9731,#9732,#9733,#9734,#9735,#9736,#9737,#9738,
#9739),.UNSPECIFIED.,.F.,.F.,(4,3,3,3,3,3,3,3,3,3,3,3,3,3,4),(-0.0941384595194478,
-0.0851174621300244,-0.0759727508715854,-0.0707200659803464,-0.0615767590347929,
-0.0565526525301823,-0.0472925614923465,-0.0382307210964032,-0.0291391100356211,
-0.0280557084164705,-0.0238393502944585,-0.0147533834997802,-0.00567896393963751,
0.,0.000450639970201952),.UNSPECIFIED.);
#45=B_SPLINE_CURVE_WITH_KNOTS('',3,(#9787,#9788,#9789,#9790,#9791,#9792,
#9793,#9794,#9795,#9796,#9797,#9798,#9799,#9800,#9801,#9802,#9803,#9804,
#9805,#9806,#9807,#9808,#9809,#9810,#9811,#9812,#9813,#9814,#9815,#9816,
#9817,#9818,#9819,#9820,#9821,#9822,#9823,#9824,#9825,#9826,#9827,#9828,
#9829),.UNSPECIFIED.,.F.,.F.,(4,3,3,3,3,3,3,3,3,3,3,3,3,3,4),(-0.0945858342657185,
-0.0942003121204252,-0.0851606340269887,-0.0760503169063739,-0.0702962791911481,
-0.0660800311858362,-0.056993846399289,-0.0479262703936506,-0.046843994845701,
-0.0375842598401382,-0.0284413291533968,-0.0234174296004967,-0.0142900022672307,
-0.00523162871862452,0.),.UNSPECIFIED.);
#46=B_SPLINE_CURVE_WITH_KNOTS('',3,(#9860,#9861,#9862,#9863,#9864,#9865,
#9866,#9867,#9868,#9869,#9870,#9871,#9872),.UNSPECIFIED.,.F.,.F.,(4,3,3,
3,4),(0.,0.00322912740554398,0.00341311611522654,0.00570630773914331,0.005802263504732),
 .UNSPECIFIED.);
#47=B_SPLINE_CURVE_WITH_KNOTS('',3,(#9906,#9907,#9908,#9909,#9910,#9911,
#9912,#9913,#9914,#9915),.UNSPECIFIED.,.F.,.F.,(4,3,3,4),(0.673444263390781,
0.679339705729252,0.689153288725522,0.700490324410768),.UNSPECIFIED.);
#48=B_SPLINE_CURVE_WITH_KNOTS('',3,(#9959,#9960,#9961,#9962,#9963,#9964,
#9965,#9966,#9967,#9968,#9969,#9970,#9971,#9972,#9973,#9974,#9975,#9976,
#9977,#9978,#9979,#9980,#9981,#9982,#9983,#9984,#9985,#9986,#9987,#9988,
#9989,#9990,#9991,#9992,#9993,#9994,#9995,#9996,#9997,#9998,#9999,#10000,
#10001),.UNSPECIFIED.,.F.,.F.,(4,3,3,3,3,3,3,3,3,3,3,3,3,3,4),(-0.161887551294862,
-0.161412523481668,-0.147403148756539,-0.138443871250374,-0.124373136211204,
-0.115610796037444,-0.101791121291857,-0.0885422100503979,-0.0754500921643574,
-0.0623288291270436,-0.048988637869272,-0.0372724544616813,-0.0240465766152586,
-0.0110555702660138,0.),.UNSPECIFIED.);
#49=B_SPLINE_CURVE_WITH_KNOTS('',3,(#10132,#10133,#10134,#10135),
 .UNSPECIFIED.,.F.,.F.,(4,4),(0.,0.0100027538991849),.UNSPECIFIED.);
#50=B_SPLINE_CURVE_WITH_KNOTS('',3,(#10254,#10255,#10256,#10257,#10258,
#10259,#10260,#10261,#10262,#10263,#10264,#10265,#10266,#10267,#10268,#10269,
#10270,#10271,#10272,#10273,#10274,#10275,#10276,#10277,#10278,#10279,#10280,
#10281,#10282,#10283,#10284,#10285,#10286,#10287,#10288,#10289,#10290,#10291,
#10292,#10293,#10294,#10295,#10296),.UNSPECIFIED.,.F.,.F.,(4,3,3,3,3,3,
3,3,3,3,3,3,3,3,4),(-0.000475992417378785,0.,0.0140340257960314,0.0230152929909704,
0.037112559069317,0.0458947336572526,0.0597421026328097,0.0730182768615227,
0.0861369889299973,0.099284896355056,0.11265146306379,0.124392151165112,
0.137643000551441,0.150658289914604,0.161740292069903),.UNSPECIFIED.);
#51=B_SPLINE_CURVE_WITH_KNOTS('',3,(#10297,#10298,#10299,#10300),
 .UNSPECIFIED.,.F.,.F.,(4,4),(0.300913133771616,0.317007242044176),
 .UNSPECIFIED.);
#52=B_SPLINE_CURVE_WITH_KNOTS('',3,(#10626,#10627,#10628,#10629,#10630),
 .UNSPECIFIED.,.F.,.F.,(4,1,4),(5.97430297709994E-16,0.0364573168877656,
0.085067072738119),.UNSPECIFIED.);
#53=B_SPLINE_CURVE_WITH_KNOTS('',3,(#10714,#10715,#10716,#10717,#10718),
 .UNSPECIFIED.,.F.,.F.,(4,1,4),(1.96291302119492,1.99937272299135,2.04798565871993),
 .UNSPECIFIED.);
#54=ELLIPSE('',#6476,1.51126473818827,1.5);
#55=ELLIPSE('',#6479,1.51126473818827,1.5);
#56=ELLIPSE('',#6486,1.51126473818828,1.5);
#57=ELLIPSE('',#6489,1.51126473818828,1.5);
#58=ELLIPSE('',#6521,8.20550904812496,1.);
#59=ELLIPSE('',#6522,8.20550904812496,1.);
#60=ELLIPSE('',#6556,1.0770329614269,1.);
#61=ELLIPSE('',#6557,1.0770329614269,1.00000000000001);
#62=ELLIPSE('',#6563,5.0470570511638,5.);
#63=ELLIPSE('',#6565,5.64205502256955,5.6);
#64=ELLIPSE('',#6568,5.64205502256955,5.6);
#65=ELLIPSE('',#6569,5.0470570511638,5.);
#66=ELLIPSE('',#6572,1.0770329614269,1.00000000000001);
#67=ELLIPSE('',#6573,1.0770329614269,1.00000000000001);
#68=ELLIPSE('',#6576,1.88679622641133,1.);
#69=ELLIPSE('',#6585,1.88679622641132,1.);
#70=ELLIPSE('',#6587,1.88679622641132,0.999999999999999);
#71=ELLIPSE('',#6598,1.88679622641132,1.);
#72=ELLIPSE('',#6599,5.28942658365895,5.25);
#73=ELLIPSE('',#6601,6.28315474772968,6.25);
#74=ELLIPSE('',#6605,6.28315474772968,6.25);
#75=ELLIPSE('',#6606,5.28942658365895,5.25);
#76=ELLIPSE('',#6610,6.28315474772968,6.25);
#77=ELLIPSE('',#6611,5.28942658365895,5.25);
#78=ELLIPSE('',#6614,6.28315474772968,6.25);
#79=ELLIPSE('',#6615,5.28942658365895,5.25);
#80=ELLIPSE('',#6624,51.284431550785,6.25);
#81=ELLIPSE('',#6630,0.503754912729424,0.5);
#82=ELLIPSE('',#6631,0.503754912729424,0.5);
#83=ELLIPSE('',#6674,51.284431550785,6.25);
#84=ELLIPSE('',#6679,8.15968006351111,0.5);
#85=ELLIPSE('',#6687,0.707106781186536,0.5);
#86=ELLIPSE('',#6704,8.15968006351111,0.499999999999998);
#87=ELLIPSE('',#6715,0.707106781186541,0.5);
#88=ELLIPSE('',#6717,0.707106781186521,0.5);
#89=ELLIPSE('',#6719,0.707106781186553,0.5);
#90=ELLIPSE('',#6720,0.707106781186547,0.5);
#91=ELLIPSE('',#6722,0.812134622741371,0.5);
#92=ELLIPSE('',#6724,0.812134622741371,0.5);
#93=ELLIPSE('',#6726,0.970802013205176,0.5);
#94=ELLIPSE('',#6727,0.970802013205176,0.5);
#95=ELLIPSE('',#6741,0.970802013205176,0.5);
#96=ELLIPSE('',#6742,0.70710678118655,0.5);
#97=ELLIPSE('',#6782,0.707106781186547,0.5);
#98=ELLIPSE('',#6785,0.707106781186548,0.5);
#99=ELLIPSE('',#6798,0.707106781186522,0.5);
#100=ELLIPSE('',#6811,0.707106781186545,0.5);
#101=ELLIPSE('',#6827,0.707106781186547,0.5);
#102=ELLIPSE('',#6831,0.70710678118654,0.5);
#103=ELLIPSE('',#6835,0.707106781186544,0.5);
#104=ELLIPSE('',#6844,0.70710678118655,0.5);
#105=ELLIPSE('',#6847,0.970802013205176,0.5);
#106=ELLIPSE('',#6869,0.707106781186566,0.5);
#107=ELLIPSE('',#6877,0.707106781186541,0.5);
#108=ELLIPSE('',#6891,0.707106781186554,0.5);
#109=ELLIPSE('',#6899,0.707106781186541,0.5);
#110=ELLIPSE('',#6901,0.707106781186548,0.5);
#111=ELLIPSE('',#6909,0.707106781186546,0.5);
#112=ELLIPSE('',#6911,0.707106781186554,0.5);
#113=ELLIPSE('',#6919,0.707106781186541,0.5);
#114=ELLIPSE('',#6933,0.707106781186554,0.5);
#115=ELLIPSE('',#6941,0.707106781186541,0.5);
#116=ELLIPSE('',#6943,0.707106781186548,0.5);
#117=ELLIPSE('',#6951,0.707106781186546,0.5);
#118=TOROIDAL_SURFACE('',#6371,0.999999999999999,0.5);
#119=TOROIDAL_SURFACE('',#6377,1.,0.5);
#120=TOROIDAL_SURFACE('',#6387,0.999999999999999,0.5);
#121=TOROIDAL_SURFACE('',#6393,0.999999999999999,0.5);
#122=TOROIDAL_SURFACE('',#6493,1.1,0.1);
#123=TOROIDAL_SURFACE('',#6499,1.1,0.1);
#124=TOROIDAL_SURFACE('',#6505,1.1,0.1);
#125=TOROIDAL_SURFACE('',#6511,1.1,0.1);
#126=TOROIDAL_SURFACE('',#6526,1.1,0.1);
#127=TOROIDAL_SURFACE('',#6531,1.1,0.1);
#128=TOROIDAL_SURFACE('',#6536,1.1,0.1);
#129=TOROIDAL_SURFACE('',#6542,1.1,0.1);
#130=TOROIDAL_SURFACE('',#6551,5.6,0.6);
#131=TOROIDAL_SURFACE('',#6560,5.6,0.6);
#132=TOROIDAL_SURFACE('',#6590,4.4,0.6);
#133=TOROIDAL_SURFACE('',#6594,4.4,0.6);
#134=TOROIDAL_SURFACE('',#6688,1.,0.5);
#135=TOROIDAL_SURFACE('',#6708,1.,0.5);
#136=TOROIDAL_SURFACE('',#6754,2.,0.5);
#137=TOROIDAL_SURFACE('',#6765,2.,0.5);
#138=TOROIDAL_SURFACE('',#6792,2.,0.5);
#139=TOROIDAL_SURFACE('',#6815,2.,0.5);
#140=TOROIDAL_SURFACE('',#6820,2.,0.5);
#141=TOROIDAL_SURFACE('',#6838,2.,0.5);
#142=TOROIDAL_SURFACE('',#6872,3.00000000000092,0.5);
#143=TOROIDAL_SURFACE('',#6880,1.5,0.5);
#144=TOROIDAL_SURFACE('',#6886,1.5,0.5);
#145=TOROIDAL_SURFACE('',#6894,3.00000000000094,0.5);
#146=TOROIDAL_SURFACE('',#6904,3.,0.5);
#147=TOROIDAL_SURFACE('',#6914,3.00000000000168,0.5);
#148=TOROIDAL_SURFACE('',#6922,1.5,0.5);
#149=TOROIDAL_SURFACE('',#6928,1.5,0.5);
#150=TOROIDAL_SURFACE('',#6936,2.99999999999616,0.5);
#151=TOROIDAL_SURFACE('',#6946,3.,0.5);
#152=CYLINDRICAL_SURFACE('',#6336,1.);
#153=CYLINDRICAL_SURFACE('',#6341,1.);
#154=CYLINDRICAL_SURFACE('',#6357,1.);
#155=CYLINDRICAL_SURFACE('',#6362,1.);
#156=CYLINDRICAL_SURFACE('',#6368,0.5);
#157=CYLINDRICAL_SURFACE('',#6375,0.5);
#158=CYLINDRICAL_SURFACE('',#6380,1.5);
#159=CYLINDRICAL_SURFACE('',#6384,0.5);
#160=CYLINDRICAL_SURFACE('',#6391,0.5);
#161=CYLINDRICAL_SURFACE('',#6396,1.5);
#162=CYLINDRICAL_SURFACE('',#6401,1.5);
#163=CYLINDRICAL_SURFACE('',#6405,1.50000000000001);
#164=CYLINDRICAL_SURFACE('',#6409,1.5);
#165=CYLINDRICAL_SURFACE('',#6413,1.5);
#166=CYLINDRICAL_SURFACE('',#6420,1.5);
#167=CYLINDRICAL_SURFACE('',#6424,1.50000000000001);
#168=CYLINDRICAL_SURFACE('',#6428,1.5);
#169=CYLINDRICAL_SURFACE('',#6432,1.5);
#170=CYLINDRICAL_SURFACE('',#6439,1.5);
#171=CYLINDRICAL_SURFACE('',#6443,1.5);
#172=CYLINDRICAL_SURFACE('',#6447,1.50000000000001);
#173=CYLINDRICAL_SURFACE('',#6451,1.5);
#174=CYLINDRICAL_SURFACE('',#6457,1.5);
#175=CYLINDRICAL_SURFACE('',#6461,1.50000000000001);
#176=CYLINDRICAL_SURFACE('',#6465,1.5);
#177=CYLINDRICAL_SURFACE('',#6469,1.5);
#178=CYLINDRICAL_SURFACE('',#6475,1.5);
#179=CYLINDRICAL_SURFACE('',#6478,1.5);
#180=CYLINDRICAL_SURFACE('',#6481,1.5);
#181=CYLINDRICAL_SURFACE('',#6483,1.5);
#182=CYLINDRICAL_SURFACE('',#6485,1.5);
#183=CYLINDRICAL_SURFACE('',#6488,1.5);
#184=CYLINDRICAL_SURFACE('',#6490,0.1);
#185=CYLINDRICAL_SURFACE('',#6497,0.1);
#186=CYLINDRICAL_SURFACE('',#6503,0.1);
#187=CYLINDRICAL_SURFACE('',#6509,0.1);
#188=CYLINDRICAL_SURFACE('',#6514,1.);
#189=CYLINDRICAL_SURFACE('',#6517,1.);
#190=CYLINDRICAL_SURFACE('',#6523,0.1);
#191=CYLINDRICAL_SURFACE('',#6529,0.1);
#192=CYLINDRICAL_SURFACE('',#6534,0.1);
#193=CYLINDRICAL_SURFACE('',#6540,0.1);
#194=CYLINDRICAL_SURFACE('',#6545,1.);
#195=CYLINDRICAL_SURFACE('',#6547,1.);
#196=CYLINDRICAL_SURFACE('',#6558,0.6);
#197=CYLINDRICAL_SURFACE('',#6566,0.6);
#198=CYLINDRICAL_SURFACE('',#6570,0.6);
#199=CYLINDRICAL_SURFACE('',#6574,1.);
#200=CYLINDRICAL_SURFACE('',#6575,1.);
#201=CYLINDRICAL_SURFACE('',#6578,5.);
#202=CYLINDRICAL_SURFACE('',#6581,5.);
#203=CYLINDRICAL_SURFACE('',#6584,1.);
#204=CYLINDRICAL_SURFACE('',#6588,0.6);
#205=CYLINDRICAL_SURFACE('',#6592,0.6);
#206=CYLINDRICAL_SURFACE('',#6596,0.6);
#207=CYLINDRICAL_SURFACE('',#6602,1.);
#208=CYLINDRICAL_SURFACE('',#6607,1.);
#209=CYLINDRICAL_SURFACE('',#6612,1.);
#210=CYLINDRICAL_SURFACE('',#6616,1.);
#211=CYLINDRICAL_SURFACE('',#6617,1.);
#212=CYLINDRICAL_SURFACE('',#6619,6.25);
#213=CYLINDRICAL_SURFACE('',#6621,6.25);
#214=CYLINDRICAL_SURFACE('',#6623,6.25);
#215=CYLINDRICAL_SURFACE('',#6676,0.5);
#216=CYLINDRICAL_SURFACE('',#6681,0.5);
#217=CYLINDRICAL_SURFACE('',#6686,0.5);
#218=CYLINDRICAL_SURFACE('',#6693,0.5);
#219=CYLINDRICAL_SURFACE('',#6700,0.5);
#220=CYLINDRICAL_SURFACE('',#6705,0.5);
#221=CYLINDRICAL_SURFACE('',#6706,0.5);
#222=CYLINDRICAL_SURFACE('',#6714,0.5);
#223=CYLINDRICAL_SURFACE('',#6716,0.5);
#224=CYLINDRICAL_SURFACE('',#6718,0.5);
#225=CYLINDRICAL_SURFACE('',#6721,0.5);
#226=CYLINDRICAL_SURFACE('',#6723,0.5);
#227=CYLINDRICAL_SURFACE('',#6740,0.5);
#228=CYLINDRICAL_SURFACE('',#6743,0.5);
#229=CYLINDRICAL_SURFACE('',#6752,0.5);
#230=CYLINDRICAL_SURFACE('',#6758,0.5);
#231=CYLINDRICAL_SURFACE('',#6763,0.5);
#232=CYLINDRICAL_SURFACE('',#6769,0.5);
#233=CYLINDRICAL_SURFACE('',#6770,0.5);
#234=CYLINDRICAL_SURFACE('',#6775,0.5);
#235=CYLINDRICAL_SURFACE('',#6780,0.5);
#236=CYLINDRICAL_SURFACE('',#6781,0.5);
#237=CYLINDRICAL_SURFACE('',#6783,0.5);
#238=CYLINDRICAL_SURFACE('',#6790,0.5);
#239=CYLINDRICAL_SURFACE('',#6796,0.5);
#240=CYLINDRICAL_SURFACE('',#6797,0.5);
#241=CYLINDRICAL_SURFACE('',#6803,0.5);
#242=CYLINDRICAL_SURFACE('',#6808,0.5);
#243=CYLINDRICAL_SURFACE('',#6809,0.5);
#244=CYLINDRICAL_SURFACE('',#6810,0.5);
#245=CYLINDRICAL_SURFACE('',#6812,0.5);
#246=CYLINDRICAL_SURFACE('',#6813,0.5);
#247=CYLINDRICAL_SURFACE('',#6819,0.5);
#248=CYLINDRICAL_SURFACE('',#6824,0.5);
#249=CYLINDRICAL_SURFACE('',#6825,0.5);
#250=CYLINDRICAL_SURFACE('',#6826,0.5);
#251=CYLINDRICAL_SURFACE('',#6828,0.5);
#252=CYLINDRICAL_SURFACE('',#6830,0.5);
#253=CYLINDRICAL_SURFACE('',#6832,0.5);
#254=CYLINDRICAL_SURFACE('',#6833,0.5);
#255=CYLINDRICAL_SURFACE('',#6834,0.5);
#256=CYLINDRICAL_SURFACE('',#6836,0.5);
#257=CYLINDRICAL_SURFACE('',#6842,0.5);
#258=CYLINDRICAL_SURFACE('',#6843,0.5);
#259=CYLINDRICAL_SURFACE('',#6845,0.5);
#260=CYLINDRICAL_SURFACE('',#6846,0.5);
#261=CYLINDRICAL_SURFACE('',#6848,0.5);
#262=CYLINDRICAL_SURFACE('',#6850,1.5);
#263=CYLINDRICAL_SURFACE('',#6853,1.5);
#264=CYLINDRICAL_SURFACE('',#6855,1.5);
#265=CYLINDRICAL_SURFACE('',#6858,1.5);
#266=CYLINDRICAL_SURFACE('',#6865,1.5);
#267=CYLINDRICAL_SURFACE('',#6868,0.5);
#268=CYLINDRICAL_SURFACE('',#6870,0.5);
#269=CYLINDRICAL_SURFACE('',#6876,0.5);
#270=CYLINDRICAL_SURFACE('',#6878,0.5);
#271=CYLINDRICAL_SURFACE('',#6884,0.5);
#272=CYLINDRICAL_SURFACE('',#6890,0.5);
#273=CYLINDRICAL_SURFACE('',#6892,0.5);
#274=CYLINDRICAL_SURFACE('',#6898,0.5);
#275=CYLINDRICAL_SURFACE('',#6900,0.5);
#276=CYLINDRICAL_SURFACE('',#6902,0.5);
#277=CYLINDRICAL_SURFACE('',#6908,0.5);
#278=CYLINDRICAL_SURFACE('',#6910,0.5);
#279=CYLINDRICAL_SURFACE('',#6912,0.5);
#280=CYLINDRICAL_SURFACE('',#6918,0.5);
#281=CYLINDRICAL_SURFACE('',#6920,0.5);
#282=CYLINDRICAL_SURFACE('',#6926,0.5);
#283=CYLINDRICAL_SURFACE('',#6932,0.5);
#284=CYLINDRICAL_SURFACE('',#6934,0.5);
#285=CYLINDRICAL_SURFACE('',#6940,0.5);
#286=CYLINDRICAL_SURFACE('',#6942,0.5);
#287=CYLINDRICAL_SURFACE('',#6944,0.5);
#288=CYLINDRICAL_SURFACE('',#6950,0.5);
#289=CYLINDRICAL_SURFACE('',#6952,0.5);
#290=CYLINDRICAL_SURFACE('',#6954,2.50000000000092);
#291=CYLINDRICAL_SURFACE('',#6957,2.);
#292=CYLINDRICAL_SURFACE('',#6959,2.);
#293=CYLINDRICAL_SURFACE('',#6962,2.50000000000094);
#294=CYLINDRICAL_SURFACE('',#6965,2.5);
#295=CYLINDRICAL_SURFACE('',#6968,2.50000000000168);
#296=CYLINDRICAL_SURFACE('',#6971,2.);
#297=CYLINDRICAL_SURFACE('',#6973,2.);
#298=CYLINDRICAL_SURFACE('',#6976,2.49999999999616);
#299=CYLINDRICAL_SURFACE('',#6979,2.5);
#300=CYLINDRICAL_SURFACE('',#6985,0.8115);
#301=CYLINDRICAL_SURFACE('',#6988,0.8115);
#302=CYLINDRICAL_SURFACE('',#6991,0.8115);
#303=CYLINDRICAL_SURFACE('',#6994,0.8115);
#304=CYLINDRICAL_SURFACE('',#6997,0.8115);
#305=CYLINDRICAL_SURFACE('',#7000,0.8115);
#306=CYLINDRICAL_SURFACE('',#7015,0.8115);
#307=CYLINDRICAL_SURFACE('',#7018,0.8115);
#308=CYLINDRICAL_SURFACE('',#7022,0.8115);
#309=CYLINDRICAL_SURFACE('',#7026,0.8115);
#310=CYLINDRICAL_SURFACE('',#7030,0.8115);
#311=CYLINDRICAL_SURFACE('',#7034,0.8115);
#312=CYLINDRICAL_SURFACE('',#7040,1.5);
#313=CYLINDRICAL_SURFACE('',#7050,6.25);
#314=FACE_BOUND('',#855,.T.);
#315=FACE_BOUND('',#856,.T.);
#316=FACE_BOUND('',#857,.T.);
#317=FACE_BOUND('',#858,.T.);
#318=FACE_BOUND('',#864,.T.);
#319=FACE_BOUND('',#865,.T.);
#320=FACE_BOUND('',#866,.T.);
#321=FACE_BOUND('',#867,.T.);
#322=FACE_BOUND('',#898,.T.);
#323=FACE_BOUND('',#908,.T.);
#324=FACE_BOUND('',#918,.T.);
#325=FACE_BOUND('',#928,.T.);
#326=FACE_BOUND('',#954,.T.);
#327=FACE_BOUND('',#967,.T.);
#328=FACE_BOUND('',#1008,.T.);
#329=FACE_BOUND('',#1009,.T.);
#330=FACE_BOUND('',#1010,.T.);
#331=FACE_BOUND('',#1011,.T.);
#332=FACE_BOUND('',#1014,.T.);
#333=FACE_BOUND('',#1018,.T.);
#334=FACE_BOUND('',#1023,.T.);
#335=FACE_BOUND('',#1028,.T.);
#336=FACE_BOUND('',#1031,.T.);
#337=FACE_BOUND('',#1037,.T.);
#338=FACE_BOUND('',#1137,.T.);
#339=FACE_BOUND('',#1205,.T.);
#340=FACE_BOUND('',#1206,.T.);
#341=FACE_BOUND('',#1245,.T.);
#342=FACE_BOUND('',#1250,.T.);
#343=FACE_BOUND('',#1253,.T.);
#344=FACE_BOUND('',#1256,.T.);
#345=FACE_BOUND('',#1259,.T.);
#346=PLANE('',#6326);
#347=PLANE('',#6347);
#348=PLANE('',#6382);
#349=PLANE('',#6383);
#350=PLANE('',#6398);
#351=PLANE('',#6399);
#352=PLANE('',#6400);
#353=PLANE('',#6404);
#354=PLANE('',#6408);
#355=PLANE('',#6412);
#356=PLANE('',#6416);
#357=PLANE('',#6419);
#358=PLANE('',#6423);
#359=PLANE('',#6427);
#360=PLANE('',#6431);
#361=PLANE('',#6435);
#362=PLANE('',#6438);
#363=PLANE('',#6442);
#364=PLANE('',#6446);
#365=PLANE('',#6450);
#366=PLANE('',#6454);
#367=PLANE('',#6456);
#368=PLANE('',#6460);
#369=PLANE('',#6464);
#370=PLANE('',#6468);
#371=PLANE('',#6472);
#372=PLANE('',#6474);
#373=PLANE('',#6477);
#374=PLANE('',#6480);
#375=PLANE('',#6482);
#376=PLANE('',#6484);
#377=PLANE('',#6487);
#378=PLANE('',#6516);
#379=PLANE('',#6519);
#380=PLANE('',#6520);
#381=PLANE('',#6546);
#382=PLANE('',#6548);
#383=PLANE('',#6577);
#384=PLANE('',#6580);
#385=PLANE('',#6583);
#386=PLANE('',#6618);
#387=PLANE('',#6620);
#388=PLANE('',#6622);
#389=PLANE('',#6625);
#390=PLANE('',#6626);
#391=PLANE('',#6627);
#392=PLANE('',#6634);
#393=PLANE('',#6635);
#394=PLANE('',#6636);
#395=PLANE('',#6638);
#396=PLANE('',#6639);
#397=PLANE('',#6640);
#398=PLANE('',#6641);
#399=PLANE('',#6643);
#400=PLANE('',#6644);
#401=PLANE('',#6645);
#402=PLANE('',#6646);
#403=PLANE('',#6648);
#404=PLANE('',#6649);
#405=PLANE('',#6652);
#406=PLANE('',#6653);
#407=PLANE('',#6654);
#408=PLANE('',#6655);
#409=PLANE('',#6656);
#410=PLANE('',#6658);
#411=PLANE('',#6659);
#412=PLANE('',#6660);
#413=PLANE('',#6661);
#414=PLANE('',#6662);
#415=PLANE('',#6663);
#416=PLANE('',#6672);
#417=PLANE('',#6673);
#418=PLANE('',#6675);
#419=PLANE('',#6694);
#420=PLANE('',#6695);
#421=PLANE('',#6712);
#422=PLANE('',#6713);
#423=PLANE('',#6725);
#424=PLANE('',#6849);
#425=PLANE('',#6852);
#426=PLANE('',#6857);
#427=PLANE('',#6860);
#428=PLANE('',#6861);
#429=PLANE('',#6864);
#430=PLANE('',#6866);
#431=PLANE('',#6867);
#432=PLANE('',#6953);
#433=PLANE('',#6955);
#434=PLANE('',#6956);
#435=PLANE('',#6958);
#436=PLANE('',#6960);
#437=PLANE('',#6961);
#438=PLANE('',#6963);
#439=PLANE('',#6964);
#440=PLANE('',#6966);
#441=PLANE('',#6967);
#442=PLANE('',#6969);
#443=PLANE('',#6970);
#444=PLANE('',#6972);
#445=PLANE('',#6974);
#446=PLANE('',#6975);
#447=PLANE('',#6977);
#448=PLANE('',#6978);
#449=PLANE('',#6980);
#450=PLANE('',#6981);
#451=PLANE('',#6982);
#452=PLANE('',#7001);
#453=PLANE('',#7002);
#454=PLANE('',#7003);
#455=PLANE('',#7004);
#456=PLANE('',#7005);
#457=PLANE('',#7006);
#458=PLANE('',#7007);
#459=PLANE('',#7008);
#460=PLANE('',#7009);
#461=PLANE('',#7010);
#462=PLANE('',#7011);
#463=PLANE('',#7012);
#464=PLANE('',#7036);
#465=PLANE('',#7037);
#466=PLANE('',#7038);
#467=PLANE('',#7039);
#468=PLANE('',#7042);
#469=PLANE('',#7043);
#470=PLANE('',#7044);
#471=PLANE('',#7045);
#472=PLANE('',#7046);
#473=PLANE('',#7047);
#474=PLANE('',#7048);
#475=PLANE('',#7049);
#476=FACE_OUTER_BOUND('',#853,.T.);
#477=FACE_OUTER_BOUND('',#854,.T.);
#478=FACE_OUTER_BOUND('',#859,.T.);
#479=FACE_OUTER_BOUND('',#860,.T.);
#480=FACE_OUTER_BOUND('',#861,.T.);
#481=FACE_OUTER_BOUND('',#862,.T.);
#482=FACE_OUTER_BOUND('',#863,.T.);
#483=FACE_OUTER_BOUND('',#868,.T.);
#484=FACE_OUTER_BOUND('',#869,.T.);
#485=FACE_OUTER_BOUND('',#870,.T.);
#486=FACE_OUTER_BOUND('',#871,.T.);
#487=FACE_OUTER_BOUND('',#872,.T.);
#488=FACE_OUTER_BOUND('',#873,.T.);
#489=FACE_OUTER_BOUND('',#874,.T.);
#490=FACE_OUTER_BOUND('',#875,.T.);
#491=FACE_OUTER_BOUND('',#876,.T.);
#492=FACE_OUTER_BOUND('',#877,.T.);
#493=FACE_OUTER_BOUND('',#878,.T.);
#494=FACE_OUTER_BOUND('',#879,.T.);
#495=FACE_OUTER_BOUND('',#880,.T.);
#496=FACE_OUTER_BOUND('',#881,.T.);
#497=FACE_OUTER_BOUND('',#882,.T.);
#498=FACE_OUTER_BOUND('',#883,.T.);
#499=FACE_OUTER_BOUND('',#884,.T.);
#500=FACE_OUTER_BOUND('',#885,.T.);
#501=FACE_OUTER_BOUND('',#886,.T.);
#502=FACE_OUTER_BOUND('',#887,.T.);
#503=FACE_OUTER_BOUND('',#888,.T.);
#504=FACE_OUTER_BOUND('',#889,.T.);
#505=FACE_OUTER_BOUND('',#890,.T.);
#506=FACE_OUTER_BOUND('',#891,.T.);
#507=FACE_OUTER_BOUND('',#892,.T.);
#508=FACE_OUTER_BOUND('',#893,.T.);
#509=FACE_OUTER_BOUND('',#894,.T.);
#510=FACE_OUTER_BOUND('',#895,.T.);
#511=FACE_OUTER_BOUND('',#896,.T.);
#512=FACE_OUTER_BOUND('',#897,.T.);
#513=FACE_OUTER_BOUND('',#899,.T.);
#514=FACE_OUTER_BOUND('',#900,.T.);
#515=FACE_OUTER_BOUND('',#901,.T.);
#516=FACE_OUTER_BOUND('',#902,.T.);
#517=FACE_OUTER_BOUND('',#903,.T.);
#518=FACE_OUTER_BOUND('',#904,.T.);
#519=FACE_OUTER_BOUND('',#905,.T.);
#520=FACE_OUTER_BOUND('',#906,.T.);
#521=FACE_OUTER_BOUND('',#907,.T.);
#522=FACE_OUTER_BOUND('',#909,.T.);
#523=FACE_OUTER_BOUND('',#910,.T.);
#524=FACE_OUTER_BOUND('',#911,.T.);
#525=FACE_OUTER_BOUND('',#912,.T.);
#526=FACE_OUTER_BOUND('',#913,.T.);
#527=FACE_OUTER_BOUND('',#914,.T.);
#528=FACE_OUTER_BOUND('',#915,.T.);
#529=FACE_OUTER_BOUND('',#916,.T.);
#530=FACE_OUTER_BOUND('',#917,.T.);
#531=FACE_OUTER_BOUND('',#919,.T.);
#532=FACE_OUTER_BOUND('',#920,.T.);
#533=FACE_OUTER_BOUND('',#921,.T.);
#534=FACE_OUTER_BOUND('',#922,.T.);
#535=FACE_OUTER_BOUND('',#923,.T.);
#536=FACE_OUTER_BOUND('',#924,.T.);
#537=FACE_OUTER_BOUND('',#925,.T.);
#538=FACE_OUTER_BOUND('',#926,.T.);
#539=FACE_OUTER_BOUND('',#927,.T.);
#540=FACE_OUTER_BOUND('',#929,.T.);
#541=FACE_OUTER_BOUND('',#930,.T.);
#542=FACE_OUTER_BOUND('',#931,.T.);
#543=FACE_OUTER_BOUND('',#932,.T.);
#544=FACE_OUTER_BOUND('',#933,.T.);
#545=FACE_OUTER_BOUND('',#934,.T.);
#546=FACE_OUTER_BOUND('',#935,.T.);
#547=FACE_OUTER_BOUND('',#936,.T.);
#548=FACE_OUTER_BOUND('',#937,.T.);
#549=FACE_OUTER_BOUND('',#938,.T.);
#550=FACE_OUTER_BOUND('',#939,.T.);
#551=FACE_OUTER_BOUND('',#940,.T.);
#552=FACE_OUTER_BOUND('',#941,.T.);
#553=FACE_OUTER_BOUND('',#942,.T.);
#554=FACE_OUTER_BOUND('',#943,.T.);
#555=FACE_OUTER_BOUND('',#944,.T.);
#556=FACE_OUTER_BOUND('',#945,.T.);
#557=FACE_OUTER_BOUND('',#946,.T.);
#558=FACE_OUTER_BOUND('',#947,.T.);
#559=FACE_OUTER_BOUND('',#948,.T.);
#560=FACE_OUTER_BOUND('',#949,.T.);
#561=FACE_OUTER_BOUND('',#950,.T.);
#562=FACE_OUTER_BOUND('',#951,.T.);
#563=FACE_OUTER_BOUND('',#952,.T.);
#564=FACE_OUTER_BOUND('',#953,.T.);
#565=FACE_OUTER_BOUND('',#955,.T.);
#566=FACE_OUTER_BOUND('',#956,.T.);
#567=FACE_OUTER_BOUND('',#957,.T.);
#568=FACE_OUTER_BOUND('',#958,.T.);
#569=FACE_OUTER_BOUND('',#959,.T.);
#570=FACE_OUTER_BOUND('',#960,.T.);
#571=FACE_OUTER_BOUND('',#961,.T.);
#572=FACE_OUTER_BOUND('',#962,.T.);
#573=FACE_OUTER_BOUND('',#963,.T.);
#574=FACE_OUTER_BOUND('',#964,.T.);
#575=FACE_OUTER_BOUND('',#965,.T.);
#576=FACE_OUTER_BOUND('',#966,.T.);
#577=FACE_OUTER_BOUND('',#968,.T.);
#578=FACE_OUTER_BOUND('',#969,.T.);
#579=FACE_OUTER_BOUND('',#970,.T.);
#580=FACE_OUTER_BOUND('',#971,.T.);
#581=FACE_OUTER_BOUND('',#972,.T.);
#582=FACE_OUTER_BOUND('',#973,.T.);
#583=FACE_OUTER_BOUND('',#974,.T.);
#584=FACE_OUTER_BOUND('',#975,.T.);
#585=FACE_OUTER_BOUND('',#976,.T.);
#586=FACE_OUTER_BOUND('',#977,.T.);
#587=FACE_OUTER_BOUND('',#978,.T.);
#588=FACE_OUTER_BOUND('',#979,.T.);
#589=FACE_OUTER_BOUND('',#980,.T.);
#590=FACE_OUTER_BOUND('',#981,.T.);
#591=FACE_OUTER_BOUND('',#982,.T.);
#592=FACE_OUTER_BOUND('',#983,.T.);
#593=FACE_OUTER_BOUND('',#984,.T.);
#594=FACE_OUTER_BOUND('',#985,.T.);
#595=FACE_OUTER_BOUND('',#986,.T.);
#596=FACE_OUTER_BOUND('',#987,.T.);
#597=FACE_OUTER_BOUND('',#988,.T.);
#598=FACE_OUTER_BOUND('',#989,.T.);
#599=FACE_OUTER_BOUND('',#990,.T.);
#600=FACE_OUTER_BOUND('',#991,.T.);
#601=FACE_OUTER_BOUND('',#992,.T.);
#602=FACE_OUTER_BOUND('',#993,.T.);
#603=FACE_OUTER_BOUND('',#994,.T.);
#604=FACE_OUTER_BOUND('',#995,.T.);
#605=FACE_OUTER_BOUND('',#996,.T.);
#606=FACE_OUTER_BOUND('',#997,.T.);
#607=FACE_OUTER_BOUND('',#998,.T.);
#608=FACE_OUTER_BOUND('',#999,.T.);
#609=FACE_OUTER_BOUND('',#1000,.T.);
#610=FACE_OUTER_BOUND('',#1001,.T.);
#611=FACE_OUTER_BOUND('',#1002,.T.);
#612=FACE_OUTER_BOUND('',#1003,.T.);
#613=FACE_OUTER_BOUND('',#1004,.T.);
#614=FACE_OUTER_BOUND('',#1005,.T.);
#615=FACE_OUTER_BOUND('',#1006,.T.);
#616=FACE_OUTER_BOUND('',#1007,.T.);
#617=FACE_OUTER_BOUND('',#1012,.T.);
#618=FACE_OUTER_BOUND('',#1013,.T.);
#619=FACE_OUTER_BOUND('',#1015,.T.);
#620=FACE_OUTER_BOUND('',#1016,.T.);
#621=FACE_OUTER_BOUND('',#1017,.T.);
#622=FACE_OUTER_BOUND('',#1019,.T.);
#623=FACE_OUTER_BOUND('',#1020,.T.);
#624=FACE_OUTER_BOUND('',#1021,.T.);
#625=FACE_OUTER_BOUND('',#1022,.T.);
#626=FACE_OUTER_BOUND('',#1024,.T.);
#627=FACE_OUTER_BOUND('',#1025,.T.);
#628=FACE_OUTER_BOUND('',#1026,.T.);
#629=FACE_OUTER_BOUND('',#1027,.T.);
#630=FACE_OUTER_BOUND('',#1029,.T.);
#631=FACE_OUTER_BOUND('',#1030,.T.);
#632=FACE_OUTER_BOUND('',#1032,.T.);
#633=FACE_OUTER_BOUND('',#1033,.T.);
#634=FACE_OUTER_BOUND('',#1034,.T.);
#635=FACE_OUTER_BOUND('',#1035,.T.);
#636=FACE_OUTER_BOUND('',#1036,.T.);
#637=FACE_OUTER_BOUND('',#1038,.T.);
#638=FACE_OUTER_BOUND('',#1039,.T.);
#639=FACE_OUTER_BOUND('',#1040,.T.);
#640=FACE_OUTER_BOUND('',#1041,.T.);
#641=FACE_OUTER_BOUND('',#1042,.T.);
#642=FACE_OUTER_BOUND('',#1043,.T.);
#643=FACE_OUTER_BOUND('',#1044,.T.);
#644=FACE_OUTER_BOUND('',#1045,.T.);
#645=FACE_OUTER_BOUND('',#1046,.T.);
#646=FACE_OUTER_BOUND('',#1047,.T.);
#647=FACE_OUTER_BOUND('',#1048,.T.);
#648=FACE_OUTER_BOUND('',#1049,.T.);
#649=FACE_OUTER_BOUND('',#1050,.T.);
#650=FACE_OUTER_BOUND('',#1051,.T.);
#651=FACE_OUTER_BOUND('',#1052,.T.);
#652=FACE_OUTER_BOUND('',#1053,.T.);
#653=FACE_OUTER_BOUND('',#1054,.T.);
#654=FACE_OUTER_BOUND('',#1055,.T.);
#655=FACE_OUTER_BOUND('',#1056,.T.);
#656=FACE_OUTER_BOUND('',#1057,.T.);
#657=FACE_OUTER_BOUND('',#1058,.T.);
#658=FACE_OUTER_BOUND('',#1059,.T.);
#659=FACE_OUTER_BOUND('',#1060,.T.);
#660=FACE_OUTER_BOUND('',#1061,.T.);
#661=FACE_OUTER_BOUND('',#1062,.T.);
#662=FACE_OUTER_BOUND('',#1063,.T.);
#663=FACE_OUTER_BOUND('',#1064,.T.);
#664=FACE_OUTER_BOUND('',#1065,.T.);
#665=FACE_OUTER_BOUND('',#1066,.T.);
#666=FACE_OUTER_BOUND('',#1067,.T.);
#667=FACE_OUTER_BOUND('',#1068,.T.);
#668=FACE_OUTER_BOUND('',#1069,.T.);
#669=FACE_OUTER_BOUND('',#1070,.T.);
#670=FACE_OUTER_BOUND('',#1071,.T.);
#671=FACE_OUTER_BOUND('',#1072,.T.);
#672=FACE_OUTER_BOUND('',#1073,.T.);
#673=FACE_OUTER_BOUND('',#1074,.T.);
#674=FACE_OUTER_BOUND('',#1075,.T.);
#675=FACE_OUTER_BOUND('',#1076,.T.);
#676=FACE_OUTER_BOUND('',#1077,.T.);
#677=FACE_OUTER_BOUND('',#1078,.T.);
#678=FACE_OUTER_BOUND('',#1079,.T.);
#679=FACE_OUTER_BOUND('',#1080,.T.);
#680=FACE_OUTER_BOUND('',#1081,.T.);
#681=FACE_OUTER_BOUND('',#1082,.T.);
#682=FACE_OUTER_BOUND('',#1083,.T.);
#683=FACE_OUTER_BOUND('',#1084,.T.);
#684=FACE_OUTER_BOUND('',#1085,.T.);
#685=FACE_OUTER_BOUND('',#1086,.T.);
#686=FACE_OUTER_BOUND('',#1087,.T.);
#687=FACE_OUTER_BOUND('',#1088,.T.);
#688=FACE_OUTER_BOUND('',#1089,.T.);
#689=FACE_OUTER_BOUND('',#1090,.T.);
#690=FACE_OUTER_BOUND('',#1091,.T.);
#691=FACE_OUTER_BOUND('',#1092,.T.);
#692=FACE_OUTER_BOUND('',#1093,.T.);
#693=FACE_OUTER_BOUND('',#1094,.T.);
#694=FACE_OUTER_BOUND('',#1095,.T.);
#695=FACE_OUTER_BOUND('',#1096,.T.);
#696=FACE_OUTER_BOUND('',#1097,.T.);
#697=FACE_OUTER_BOUND('',#1098,.T.);
#698=FACE_OUTER_BOUND('',#1099,.T.);
#699=FACE_OUTER_BOUND('',#1100,.T.);
#700=FACE_OUTER_BOUND('',#1101,.T.);
#701=FACE_OUTER_BOUND('',#1102,.T.);
#702=FACE_OUTER_BOUND('',#1103,.T.);
#703=FACE_OUTER_BOUND('',#1104,.T.);
#704=FACE_OUTER_BOUND('',#1105,.T.);
#705=FACE_OUTER_BOUND('',#1106,.T.);
#706=FACE_OUTER_BOUND('',#1107,.T.);
#707=FACE_OUTER_BOUND('',#1108,.T.);
#708=FACE_OUTER_BOUND('',#1109,.T.);
#709=FACE_OUTER_BOUND('',#1110,.T.);
#710=FACE_OUTER_BOUND('',#1111,.T.);
#711=FACE_OUTER_BOUND('',#1112,.T.);
#712=FACE_OUTER_BOUND('',#1113,.T.);
#713=FACE_OUTER_BOUND('',#1114,.T.);
#714=FACE_OUTER_BOUND('',#1115,.T.);
#715=FACE_OUTER_BOUND('',#1116,.T.);
#716=FACE_OUTER_BOUND('',#1117,.T.);
#717=FACE_OUTER_BOUND('',#1118,.T.);
#718=FACE_OUTER_BOUND('',#1119,.T.);
#719=FACE_OUTER_BOUND('',#1120,.T.);
#720=FACE_OUTER_BOUND('',#1121,.T.);
#721=FACE_OUTER_BOUND('',#1122,.T.);
#722=FACE_OUTER_BOUND('',#1123,.T.);
#723=FACE_OUTER_BOUND('',#1124,.T.);
#724=FACE_OUTER_BOUND('',#1125,.T.);
#725=FACE_OUTER_BOUND('',#1126,.T.);
#726=FACE_OUTER_BOUND('',#1127,.T.);
#727=FACE_OUTER_BOUND('',#1128,.T.);
#728=FACE_OUTER_BOUND('',#1129,.T.);
#729=FACE_OUTER_BOUND('',#1130,.T.);
#730=FACE_OUTER_BOUND('',#1131,.T.);
#731=FACE_OUTER_BOUND('',#1132,.T.);
#732=FACE_OUTER_BOUND('',#1133,.T.);
#733=FACE_OUTER_BOUND('',#1134,.T.);
#734=FACE_OUTER_BOUND('',#1135,.T.);
#735=FACE_OUTER_BOUND('',#1136,.T.);
#736=FACE_OUTER_BOUND('',#1138,.T.);
#737=FACE_OUTER_BOUND('',#1139,.T.);
#738=FACE_OUTER_BOUND('',#1140,.T.);
#739=FACE_OUTER_BOUND('',#1141,.T.);
#740=FACE_OUTER_BOUND('',#1142,.T.);
#741=FACE_OUTER_BOUND('',#1143,.T.);
#742=FACE_OUTER_BOUND('',#1144,.T.);
#743=FACE_OUTER_BOUND('',#1145,.T.);
#744=FACE_OUTER_BOUND('',#1146,.T.);
#745=FACE_OUTER_BOUND('',#1147,.T.);
#746=FACE_OUTER_BOUND('',#1148,.T.);
#747=FACE_OUTER_BOUND('',#1149,.T.);
#748=FACE_OUTER_BOUND('',#1150,.T.);
#749=FACE_OUTER_BOUND('',#1151,.T.);
#750=FACE_OUTER_BOUND('',#1152,.T.);
#751=FACE_OUTER_BOUND('',#1153,.T.);
#752=FACE_OUTER_BOUND('',#1154,.T.);
#753=FACE_OUTER_BOUND('',#1155,.T.);
#754=FACE_OUTER_BOUND('',#1156,.T.);
#755=FACE_OUTER_BOUND('',#1157,.T.);
#756=FACE_OUTER_BOUND('',#1158,.T.);
#757=FACE_OUTER_BOUND('',#1159,.T.);
#758=FACE_OUTER_BOUND('',#1160,.T.);
#759=FACE_OUTER_BOUND('',#1161,.T.);
#760=FACE_OUTER_BOUND('',#1162,.T.);
#761=FACE_OUTER_BOUND('',#1163,.T.);
#762=FACE_OUTER_BOUND('',#1164,.T.);
#763=FACE_OUTER_BOUND('',#1165,.T.);
#764=FACE_OUTER_BOUND('',#1166,.T.);
#765=FACE_OUTER_BOUND('',#1167,.T.);
#766=FACE_OUTER_BOUND('',#1168,.T.);
#767=FACE_OUTER_BOUND('',#1169,.T.);
#768=FACE_OUTER_BOUND('',#1170,.T.);
#769=FACE_OUTER_BOUND('',#1171,.T.);
#770=FACE_OUTER_BOUND('',#1172,.T.);
#771=FACE_OUTER_BOUND('',#1173,.T.);
#772=FACE_OUTER_BOUND('',#1174,.T.);
#773=FACE_OUTER_BOUND('',#1175,.T.);
#774=FACE_OUTER_BOUND('',#1176,.T.);
#775=FACE_OUTER_BOUND('',#1177,.T.);
#776=FACE_OUTER_BOUND('',#1178,.T.);
#777=FACE_OUTER_BOUND('',#1179,.T.);
#778=FACE_OUTER_BOUND('',#1180,.T.);
#779=FACE_OUTER_BOUND('',#1181,.T.);
#780=FACE_OUTER_BOUND('',#1182,.T.);
#781=FACE_OUTER_BOUND('',#1183,.T.);
#782=FACE_OUTER_BOUND('',#1184,.T.);
#783=FACE_OUTER_BOUND('',#1185,.T.);
#784=FACE_OUTER_BOUND('',#1186,.T.);
#785=FACE_OUTER_BOUND('',#1187,.T.);
#786=FACE_OUTER_BOUND('',#1188,.T.);
#787=FACE_OUTER_BOUND('',#1189,.T.);
#788=FACE_OUTER_BOUND('',#1190,.T.);
#789=FACE_OUTER_BOUND('',#1191,.T.);
#790=FACE_OUTER_BOUND('',#1192,.T.);
#791=FACE_OUTER_BOUND('',#1193,.T.);
#792=FACE_OUTER_BOUND('',#1194,.T.);
#793=FACE_OUTER_BOUND('',#1195,.T.);
#794=FACE_OUTER_BOUND('',#1196,.T.);
#795=FACE_OUTER_BOUND('',#1197,.T.);
#796=FACE_OUTER_BOUND('',#1198,.T.);
#797=FACE_OUTER_BOUND('',#1199,.T.);
#798=FACE_OUTER_BOUND('',#1200,.T.);
#799=FACE_OUTER_BOUND('',#1201,.T.);
#800=FACE_OUTER_BOUND('',#1202,.T.);
#801=FACE_OUTER_BOUND('',#1203,.T.);
#802=FACE_OUTER_BOUND('',#1204,.T.);
#803=FACE_OUTER_BOUND('',#1207,.T.);
#804=FACE_OUTER_BOUND('',#1208,.T.);
#805=FACE_OUTER_BOUND('',#1209,.T.);
#806=FACE_OUTER_BOUND('',#1210,.T.);
#807=FACE_OUTER_BOUND('',#1211,.T.);
#808=FACE_OUTER_BOUND('',#1212,.T.);
#809=FACE_OUTER_BOUND('',#1213,.T.);
#810=FACE_OUTER_BOUND('',#1214,.T.);
#811=FACE_OUTER_BOUND('',#1215,.T.);
#812=FACE_OUTER_BOUND('',#1216,.T.);
#813=FACE_OUTER_BOUND('',#1217,.T.);
#814=FACE_OUTER_BOUND('',#1218,.T.);
#815=FACE_OUTER_BOUND('',#1219,.T.);
#816=FACE_OUTER_BOUND('',#1220,.T.);
#817=FACE_OUTER_BOUND('',#1221,.T.);
#818=FACE_OUTER_BOUND('',#1222,.T.);
#819=FACE_OUTER_BOUND('',#1223,.T.);
#820=FACE_OUTER_BOUND('',#1224,.T.);
#821=FACE_OUTER_BOUND('',#1225,.T.);
#822=FACE_OUTER_BOUND('',#1226,.T.);
#823=FACE_OUTER_BOUND('',#1227,.T.);
#824=FACE_OUTER_BOUND('',#1228,.T.);
#825=FACE_OUTER_BOUND('',#1229,.T.);
#826=FACE_OUTER_BOUND('',#1230,.T.);
#827=FACE_OUTER_BOUND('',#1231,.T.);
#828=FACE_OUTER_BOUND('',#1232,.T.);
#829=FACE_OUTER_BOUND('',#1233,.T.);
#830=FACE_OUTER_BOUND('',#1234,.T.);
#831=FACE_OUTER_BOUND('',#1235,.T.);
#832=FACE_OUTER_BOUND('',#1236,.T.);
#833=FACE_OUTER_BOUND('',#1237,.T.);
#834=FACE_OUTER_BOUND('',#1238,.T.);
#835=FACE_OUTER_BOUND('',#1239,.T.);
#836=FACE_OUTER_BOUND('',#1240,.T.);
#837=FACE_OUTER_BOUND('',#1241,.T.);
#838=FACE_OUTER_BOUND('',#1242,.T.);
#839=FACE_OUTER_BOUND('',#1243,.T.);
#840=FACE_OUTER_BOUND('',#1244,.T.);
#841=FACE_OUTER_BOUND('',#1246,.T.);
#842=FACE_OUTER_BOUND('',#1247,.T.);
#843=FACE_OUTER_BOUND('',#1248,.T.);
#844=FACE_OUTER_BOUND('',#1249,.T.);
#845=FACE_OUTER_BOUND('',#1251,.T.);
#846=FACE_OUTER_BOUND('',#1252,.T.);
#847=FACE_OUTER_BOUND('',#1254,.T.);
#848=FACE_OUTER_BOUND('',#1255,.T.);
#849=FACE_OUTER_BOUND('',#1257,.T.);
#850=FACE_OUTER_BOUND('',#1258,.T.);
#851=FACE_OUTER_BOUND('',#1260,.T.);
#852=FACE_OUTER_BOUND('',#1261,.T.);
#853=EDGE_LOOP('',(#4099,#4100,#4101,#4102,#4103));
#854=EDGE_LOOP('',(#4104,#4105,#4106,#4107,#4108,#4109,#4110,#4111,#4112,
#4113,#4114,#4115,#4116,#4117,#4118,#4119,#4120,#4121,#4122,#4123));
#855=EDGE_LOOP('',(#4124));
#856=EDGE_LOOP('',(#4125));
#857=EDGE_LOOP('',(#4126));
#858=EDGE_LOOP('',(#4127));
#859=EDGE_LOOP('',(#4128,#4129,#4130,#4131,#4132));
#860=EDGE_LOOP('',(#4133,#4134,#4135,#4136,#4137));
#861=EDGE_LOOP('',(#4138,#4139,#4140,#4141,#4142));
#862=EDGE_LOOP('',(#4143,#4144,#4145,#4146,#4147));
#863=EDGE_LOOP('',(#4148,#4149,#4150,#4151,#4152,#4153,#4154,#4155,#4156,
#4157,#4158,#4159,#4160,#4161,#4162,#4163,#4164,#4165,#4166,#4167));
#864=EDGE_LOOP('',(#4168));
#865=EDGE_LOOP('',(#4169));
#866=EDGE_LOOP('',(#4170));
#867=EDGE_LOOP('',(#4171));
#868=EDGE_LOOP('',(#4172,#4173,#4174,#4175,#4176));
#869=EDGE_LOOP('',(#4177,#4178,#4179,#4180,#4181));
#870=EDGE_LOOP('',(#4182,#4183,#4184,#4185,#4186));
#871=EDGE_LOOP('',(#4187,#4188,#4189));
#872=EDGE_LOOP('',(#4190,#4191,#4192));
#873=EDGE_LOOP('',(#4193,#4194,#4195));
#874=EDGE_LOOP('',(#4196,#4197,#4198));
#875=EDGE_LOOP('',(#4199,#4200,#4201,#4202));
#876=EDGE_LOOP('',(#4203,#4204,#4205,#4206));
#877=EDGE_LOOP('',(#4207,#4208,#4209,#4210));
#878=EDGE_LOOP('',(#4211,#4212,#4213,#4214));
#879=EDGE_LOOP('',(#4215,#4216,#4217,#4218));
#880=EDGE_LOOP('',(#4219,#4220,#4221,#4222));
#881=EDGE_LOOP('',(#4223,#4224,#4225,#4226));
#882=EDGE_LOOP('',(#4227,#4228,#4229,#4230));
#883=EDGE_LOOP('',(#4231,#4232,#4233,#4234));
#884=EDGE_LOOP('',(#4235,#4236,#4237,#4238));
#885=EDGE_LOOP('',(#4239,#4240,#4241,#4242));
#886=EDGE_LOOP('',(#4243,#4244,#4245,#4246));
#887=EDGE_LOOP('',(#4247,#4248,#4249,#4250));
#888=EDGE_LOOP('',(#4251,#4252,#4253,#4254));
#889=EDGE_LOOP('',(#4255,#4256,#4257,#4258));
#890=EDGE_LOOP('',(#4259,#4260,#4261,#4262));
#891=EDGE_LOOP('',(#4263,#4264,#4265,#4266));
#892=EDGE_LOOP('',(#4267,#4268,#4269,#4270));
#893=EDGE_LOOP('',(#4271,#4272,#4273,#4274));
#894=EDGE_LOOP('',(#4275,#4276,#4277,#4278));
#895=EDGE_LOOP('',(#4279,#4280,#4281,#4282));
#896=EDGE_LOOP('',(#4283,#4284,#4285,#4286));
#897=EDGE_LOOP('',(#4287,#4288,#4289,#4290,#4291,#4292,#4293,#4294));
#898=EDGE_LOOP('',(#4295,#4296,#4297,#4298));
#899=EDGE_LOOP('',(#4299,#4300,#4301,#4302));
#900=EDGE_LOOP('',(#4303,#4304,#4305,#4306));
#901=EDGE_LOOP('',(#4307,#4308,#4309,#4310));
#902=EDGE_LOOP('',(#4311,#4312,#4313,#4314));
#903=EDGE_LOOP('',(#4315,#4316,#4317,#4318));
#904=EDGE_LOOP('',(#4319,#4320,#4321,#4322));
#905=EDGE_LOOP('',(#4323,#4324,#4325,#4326));
#906=EDGE_LOOP('',(#4327,#4328,#4329,#4330));
#907=EDGE_LOOP('',(#4331,#4332,#4333,#4334,#4335,#4336,#4337,#4338));
#908=EDGE_LOOP('',(#4339,#4340,#4341,#4342));
#909=EDGE_LOOP('',(#4343,#4344,#4345,#4346));
#910=EDGE_LOOP('',(#4347,#4348,#4349,#4350));
#911=EDGE_LOOP('',(#4351,#4352,#4353,#4354));
#912=EDGE_LOOP('',(#4355,#4356,#4357,#4358));
#913=EDGE_LOOP('',(#4359,#4360,#4361,#4362));
#914=EDGE_LOOP('',(#4363,#4364,#4365,#4366));
#915=EDGE_LOOP('',(#4367,#4368,#4369,#4370));
#916=EDGE_LOOP('',(#4371,#4372,#4373,#4374));
#917=EDGE_LOOP('',(#4375,#4376,#4377,#4378,#4379,#4380,#4381,#4382));
#918=EDGE_LOOP('',(#4383,#4384,#4385,#4386));
#919=EDGE_LOOP('',(#4387,#4388,#4389,#4390));
#920=EDGE_LOOP('',(#4391,#4392,#4393,#4394));
#921=EDGE_LOOP('',(#4395,#4396,#4397,#4398));
#922=EDGE_LOOP('',(#4399,#4400,#4401,#4402));
#923=EDGE_LOOP('',(#4403,#4404,#4405,#4406));
#924=EDGE_LOOP('',(#4407,#4408,#4409,#4410));
#925=EDGE_LOOP('',(#4411,#4412,#4413,#4414));
#926=EDGE_LOOP('',(#4415,#4416,#4417,#4418));
#927=EDGE_LOOP('',(#4419,#4420,#4421,#4422,#4423,#4424,#4425,#4426));
#928=EDGE_LOOP('',(#4427,#4428,#4429,#4430));
#929=EDGE_LOOP('',(#4431,#4432,#4433,#4434));
#930=EDGE_LOOP('',(#4435,#4436,#4437,#4438));
#931=EDGE_LOOP('',(#4439,#4440,#4441,#4442));
#932=EDGE_LOOP('',(#4443,#4444,#4445,#4446));
#933=EDGE_LOOP('',(#4447,#4448,#4449,#4450));
#934=EDGE_LOOP('',(#4451,#4452,#4453,#4454));
#935=EDGE_LOOP('',(#4455,#4456,#4457,#4458));
#936=EDGE_LOOP('',(#4459,#4460,#4461,#4462));
#937=EDGE_LOOP('',(#4463,#4464,#4465,#4466));
#938=EDGE_LOOP('',(#4467,#4468,#4469,#4470));
#939=EDGE_LOOP('',(#4471,#4472,#4473,#4474));
#940=EDGE_LOOP('',(#4475,#4476,#4477,#4478));
#941=EDGE_LOOP('',(#4479,#4480,#4481,#4482));
#942=EDGE_LOOP('',(#4483,#4484,#4485,#4486));
#943=EDGE_LOOP('',(#4487,#4488,#4489,#4490));
#944=EDGE_LOOP('',(#4491,#4492,#4493,#4494));
#945=EDGE_LOOP('',(#4495,#4496,#4497,#4498));
#946=EDGE_LOOP('',(#4499,#4500,#4501,#4502));
#947=EDGE_LOOP('',(#4503,#4504,#4505,#4506));
#948=EDGE_LOOP('',(#4507,#4508,#4509,#4510));
#949=EDGE_LOOP('',(#4511,#4512,#4513,#4514));
#950=EDGE_LOOP('',(#4515,#4516,#4517,#4518));
#951=EDGE_LOOP('',(#4519,#4520,#4521,#4522));
#952=EDGE_LOOP('',(#4523,#4524,#4525,#4526));
#953=EDGE_LOOP('',(#4527,#4528,#4529,#4530,#4531,#4532,#4533,#4534,#4535,
#4536,#4537,#4538,#4539,#4540,#4541,#4542,#4543,#4544));
#954=EDGE_LOOP('',(#4545,#4546,#4547,#4548,#4549,#4550,#4551,#4552));
#955=EDGE_LOOP('',(#4553,#4554,#4555,#4556));
#956=EDGE_LOOP('',(#4557,#4558,#4559,#4560));
#957=EDGE_LOOP('',(#4561,#4562,#4563,#4564));
#958=EDGE_LOOP('',(#4565,#4566,#4567,#4568));
#959=EDGE_LOOP('',(#4569,#4570,#4571,#4572));
#960=EDGE_LOOP('',(#4573,#4574,#4575,#4576));
#961=EDGE_LOOP('',(#4577,#4578,#4579,#4580));
#962=EDGE_LOOP('',(#4581,#4582,#4583,#4584));
#963=EDGE_LOOP('',(#4585,#4586,#4587,#4588));
#964=EDGE_LOOP('',(#4589,#4590,#4591,#4592));
#965=EDGE_LOOP('',(#4593,#4594,#4595,#4596));
#966=EDGE_LOOP('',(#4597,#4598,#4599,#4600,#4601,#4602));
#967=EDGE_LOOP('',(#4603,#4604,#4605,#4606,#4607,#4608,#4609,#4610));
#968=EDGE_LOOP('',(#4611,#4612,#4613,#4614));
#969=EDGE_LOOP('',(#4615,#4616,#4617));
#970=EDGE_LOOP('',(#4618,#4619,#4620,#4621));
#971=EDGE_LOOP('',(#4622,#4623,#4624,#4625));
#972=EDGE_LOOP('',(#4626,#4627,#4628,#4629,#4630));
#973=EDGE_LOOP('',(#4631,#4632,#4633,#4634));
#974=EDGE_LOOP('',(#4635,#4636,#4637,#4638,#4639));
#975=EDGE_LOOP('',(#4640,#4641,#4642,#4643));
#976=EDGE_LOOP('',(#4644,#4645,#4646));
#977=EDGE_LOOP('',(#4647,#4648,#4649,#4650));
#978=EDGE_LOOP('',(#4651,#4652,#4653,#4654));
#979=EDGE_LOOP('',(#4655,#4656,#4657,#4658));
#980=EDGE_LOOP('',(#4659,#4660,#4661,#4662,#4663));
#981=EDGE_LOOP('',(#4664,#4665,#4666,#4667));
#982=EDGE_LOOP('',(#4668,#4669,#4670,#4671,#4672));
#983=EDGE_LOOP('',(#4673,#4674,#4675,#4676));
#984=EDGE_LOOP('',(#4677,#4678,#4679,#4680));
#985=EDGE_LOOP('',(#4681,#4682,#4683));
#986=EDGE_LOOP('',(#4684,#4685,#4686,#4687));
#987=EDGE_LOOP('',(#4688,#4689,#4690,#4691));
#988=EDGE_LOOP('',(#4692,#4693,#4694,#4695));
#989=EDGE_LOOP('',(#4696,#4697,#4698,#4699));
#990=EDGE_LOOP('',(#4700,#4701,#4702,#4703));
#991=EDGE_LOOP('',(#4704,#4705,#4706));
#992=EDGE_LOOP('',(#4707,#4708,#4709,#4710,#4711));
#993=EDGE_LOOP('',(#4712,#4713,#4714,#4715));
#994=EDGE_LOOP('',(#4716,#4717,#4718,#4719));
#995=EDGE_LOOP('',(#4720,#4721,#4722,#4723));
#996=EDGE_LOOP('',(#4724,#4725,#4726,#4727));
#997=EDGE_LOOP('',(#4728,#4729,#4730,#4731));
#998=EDGE_LOOP('',(#4732,#4733,#4734,#4735,#4736));
#999=EDGE_LOOP('',(#4737,#4738,#4739,#4740));
#1000=EDGE_LOOP('',(#4741,#4742,#4743,#4744));
#1001=EDGE_LOOP('',(#4745,#4746,#4747,#4748));
#1002=EDGE_LOOP('',(#4749,#4750,#4751,#4752));
#1003=EDGE_LOOP('',(#4753,#4754,#4755,#4756,#4757,#4758,#4759,#4760,#4761,
#4762,#4763,#4764,#4765,#4766,#4767,#4768,#4769,#4770,#4771,#4772));
#1004=EDGE_LOOP('',(#4773,#4774,#4775,#4776));
#1005=EDGE_LOOP('',(#4777,#4778,#4779,#4780));
#1006=EDGE_LOOP('',(#4781,#4782,#4783,#4784,#4785));
#1007=EDGE_LOOP('',(#4786,#4787,#4788,#4789,#4790,#4791,#4792,#4793,#4794,
#4795,#4796,#4797));
#1008=EDGE_LOOP('',(#4798,#4799,#4800,#4801,#4802,#4803,#4804,#4805));
#1009=EDGE_LOOP('',(#4806,#4807,#4808,#4809,#4810,#4811,#4812,#4813));
#1010=EDGE_LOOP('',(#4814,#4815,#4816,#4817,#4818,#4819,#4820,#4821));
#1011=EDGE_LOOP('',(#4822,#4823,#4824,#4825,#4826,#4827,#4828,#4829));
#1012=EDGE_LOOP('',(#4830,#4831,#4832,#4833));
#1013=EDGE_LOOP('',(#4834,#4835,#4836,#4837,#4838,#4839,#4840,#4841,#4842,
#4843,#4844,#4845,#4846,#4847,#4848,#4849));
#1014=EDGE_LOOP('',(#4850));
#1015=EDGE_LOOP('',(#4851,#4852,#4853,#4854,#4855,#4856,#4857,#4858,#4859,
#4860,#4861,#4862));
#1016=EDGE_LOOP('',(#4863,#4864,#4865,#4866));
#1017=EDGE_LOOP('',(#4867,#4868,#4869,#4870));
#1018=EDGE_LOOP('',(#4871));
#1019=EDGE_LOOP('',(#4872,#4873,#4874,#4875));
#1020=EDGE_LOOP('',(#4876,#4877,#4878,#4879,#4880,#4881,#4882,#4883,#4884,
#4885,#4886,#4887));
#1021=EDGE_LOOP('',(#4888,#4889,#4890,#4891));
#1022=EDGE_LOOP('',(#4892,#4893,#4894,#4895));
#1023=EDGE_LOOP('',(#4896));
#1024=EDGE_LOOP('',(#4897,#4898,#4899,#4900));
#1025=EDGE_LOOP('',(#4901,#4902,#4903,#4904));
#1026=EDGE_LOOP('',(#4905,#4906,#4907,#4908));
#1027=EDGE_LOOP('',(#4909,#4910,#4911,#4912));
#1028=EDGE_LOOP('',(#4913));
#1029=EDGE_LOOP('',(#4914,#4915,#4916,#4917));
#1030=EDGE_LOOP('',(#4918,#4919,#4920,#4921,#4922,#4923,#4924,#4925));
#1031=EDGE_LOOP('',(#4926));
#1032=EDGE_LOOP('',(#4927,#4928,#4929,#4930,#4931,#4932,#4933,#4934,#4935,
#4936,#4937,#4938));
#1033=EDGE_LOOP('',(#4939,#4940,#4941,#4942));
#1034=EDGE_LOOP('',(#4943,#4944,#4945,#4946));
#1035=EDGE_LOOP('',(#4947,#4948,#4949,#4950));
#1036=EDGE_LOOP('',(#4951,#4952,#4953,#4954));
#1037=EDGE_LOOP('',(#4955));
#1038=EDGE_LOOP('',(#4956,#4957,#4958,#4959,#4960,#4961,#4962,#4963,#4964,
#4965,#4966,#4967));
#1039=EDGE_LOOP('',(#4968,#4969,#4970,#4971));
#1040=EDGE_LOOP('',(#4972,#4973,#4974,#4975));
#1041=EDGE_LOOP('',(#4976,#4977,#4978,#4979));
#1042=EDGE_LOOP('',(#4980,#4981,#4982,#4983));
#1043=EDGE_LOOP('',(#4984,#4985,#4986,#4987));
#1044=EDGE_LOOP('',(#4988,#4989,#4990,#4991));
#1045=EDGE_LOOP('',(#4992,#4993,#4994,#4995));
#1046=EDGE_LOOP('',(#4996,#4997,#4998,#4999));
#1047=EDGE_LOOP('',(#5000,#5001,#5002,#5003));
#1048=EDGE_LOOP('',(#5004,#5005,#5006,#5007,#5008,#5009,#5010));
#1049=EDGE_LOOP('',(#5011,#5012,#5013,#5014,#5015,#5016,#5017));
#1050=EDGE_LOOP('',(#5018,#5019,#5020,#5021));
#1051=EDGE_LOOP('',(#5022,#5023,#5024,#5025));
#1052=EDGE_LOOP('',(#5026,#5027,#5028,#5029));
#1053=EDGE_LOOP('',(#5030,#5031,#5032,#5033));
#1054=EDGE_LOOP('',(#5034,#5035,#5036,#5037));
#1055=EDGE_LOOP('',(#5038,#5039,#5040));
#1056=EDGE_LOOP('',(#5041,#5042,#5043,#5044));
#1057=EDGE_LOOP('',(#5045,#5046,#5047,#5048,#5049));
#1058=EDGE_LOOP('',(#5050,#5051,#5052,#5053,#5054));
#1059=EDGE_LOOP('',(#5055,#5056,#5057));
#1060=EDGE_LOOP('',(#5058,#5059,#5060,#5061,#5062,#5063,#5064,#5065,#5066,
#5067,#5068,#5069,#5070));
#1061=EDGE_LOOP('',(#5071,#5072,#5073));
#1062=EDGE_LOOP('',(#5074,#5075,#5076,#5077));
#1063=EDGE_LOOP('',(#5078,#5079,#5080,#5081));
#1064=EDGE_LOOP('',(#5082,#5083,#5084,#5085));
#1065=EDGE_LOOP('',(#5086,#5087,#5088,#5089));
#1066=EDGE_LOOP('',(#5090,#5091,#5092,#5093,#5094));
#1067=EDGE_LOOP('',(#5095,#5096,#5097,#5098,#5099));
#1068=EDGE_LOOP('',(#5100,#5101,#5102,#5103,#5104,#5105,#5106,#5107,#5108));
#1069=EDGE_LOOP('',(#5109,#5110,#5111));
#1070=EDGE_LOOP('',(#5112,#5113,#5114,#5115));
#1071=EDGE_LOOP('',(#5116,#5117,#5118,#5119));
#1072=EDGE_LOOP('',(#5120,#5121,#5122,#5123));
#1073=EDGE_LOOP('',(#5124,#5125,#5126,#5127,#5128));
#1074=EDGE_LOOP('',(#5129,#5130,#5131,#5132,#5133));
#1075=EDGE_LOOP('',(#5134,#5135,#5136,#5137,#5138,#5139,#5140,#5141,#5142,
#5143,#5144,#5145));
#1076=EDGE_LOOP('',(#5146,#5147,#5148));
#1077=EDGE_LOOP('',(#5149,#5150,#5151));
#1078=EDGE_LOOP('',(#5152,#5153,#5154));
#1079=EDGE_LOOP('',(#5155,#5156,#5157,#5158,#5159));
#1080=EDGE_LOOP('',(#5160,#5161,#5162,#5163));
#1081=EDGE_LOOP('',(#5164,#5165,#5166));
#1082=EDGE_LOOP('',(#5167,#5168,#5169));
#1083=EDGE_LOOP('',(#5170,#5171,#5172,#5173));
#1084=EDGE_LOOP('',(#5174,#5175,#5176,#5177));
#1085=EDGE_LOOP('',(#5178,#5179,#5180,#5181));
#1086=EDGE_LOOP('',(#5182,#5183,#5184));
#1087=EDGE_LOOP('',(#5185,#5186,#5187,#5188));
#1088=EDGE_LOOP('',(#5189,#5190,#5191,#5192));
#1089=EDGE_LOOP('',(#5193,#5194,#5195,#5196));
#1090=EDGE_LOOP('',(#5197,#5198,#5199,#5200));
#1091=EDGE_LOOP('',(#5201,#5202,#5203));
#1092=EDGE_LOOP('',(#5204,#5205,#5206,#5207));
#1093=EDGE_LOOP('',(#5208,#5209,#5210));
#1094=EDGE_LOOP('',(#5211,#5212,#5213,#5214));
#1095=EDGE_LOOP('',(#5215,#5216,#5217,#5218));
#1096=EDGE_LOOP('',(#5219,#5220,#5221,#5222));
#1097=EDGE_LOOP('',(#5223,#5224,#5225));
#1098=EDGE_LOOP('',(#5226,#5227,#5228,#5229));
#1099=EDGE_LOOP('',(#5230,#5231,#5232,#5233));
#1100=EDGE_LOOP('',(#5234,#5235,#5236,#5237));
#1101=EDGE_LOOP('',(#5238,#5239,#5240,#5241));
#1102=EDGE_LOOP('',(#5242,#5243,#5244));
#1103=EDGE_LOOP('',(#5245,#5246,#5247,#5248));
#1104=EDGE_LOOP('',(#5249,#5250,#5251));
#1105=EDGE_LOOP('',(#5252,#5253,#5254,#5255));
#1106=EDGE_LOOP('',(#5256,#5257,#5258,#5259));
#1107=EDGE_LOOP('',(#5260,#5261,#5262,#5263));
#1108=EDGE_LOOP('',(#5264,#5265,#5266,#5267));
#1109=EDGE_LOOP('',(#5268,#5269,#5270,#5271));
#1110=EDGE_LOOP('',(#5272,#5273,#5274,#5275));
#1111=EDGE_LOOP('',(#5276,#5277,#5278,#5279));
#1112=EDGE_LOOP('',(#5280,#5281,#5282,#5283));
#1113=EDGE_LOOP('',(#5284,#5285,#5286,#5287));
#1114=EDGE_LOOP('',(#5288,#5289,#5290,#5291));
#1115=EDGE_LOOP('',(#5292,#5293,#5294,#5295));
#1116=EDGE_LOOP('',(#5296,#5297,#5298,#5299));
#1117=EDGE_LOOP('',(#5300,#5301,#5302,#5303));
#1118=EDGE_LOOP('',(#5304,#5305,#5306,#5307));
#1119=EDGE_LOOP('',(#5308,#5309,#5310,#5311));
#1120=EDGE_LOOP('',(#5312,#5313,#5314,#5315,#5316));
#1121=EDGE_LOOP('',(#5317,#5318,#5319,#5320));
#1122=EDGE_LOOP('',(#5321,#5322,#5323,#5324));
#1123=EDGE_LOOP('',(#5325,#5326,#5327,#5328));
#1124=EDGE_LOOP('',(#5329,#5330,#5331,#5332));
#1125=EDGE_LOOP('',(#5333,#5334,#5335,#5336));
#1126=EDGE_LOOP('',(#5337,#5338,#5339,#5340));
#1127=EDGE_LOOP('',(#5341,#5342,#5343,#5344));
#1128=EDGE_LOOP('',(#5345,#5346,#5347,#5348));
#1129=EDGE_LOOP('',(#5349,#5350,#5351,#5352));
#1130=EDGE_LOOP('',(#5353,#5354,#5355,#5356));
#1131=EDGE_LOOP('',(#5357,#5358,#5359,#5360));
#1132=EDGE_LOOP('',(#5361,#5362,#5363,#5364));
#1133=EDGE_LOOP('',(#5365,#5366,#5367,#5368));
#1134=EDGE_LOOP('',(#5369,#5370,#5371,#5372));
#1135=EDGE_LOOP('',(#5373,#5374,#5375,#5376));
#1136=EDGE_LOOP('',(#5377,#5378,#5379,#5380,#5381,#5382));
#1137=EDGE_LOOP('',(#5383));
#1138=EDGE_LOOP('',(#5384,#5385,#5386,#5387));
#1139=EDGE_LOOP('',(#5388,#5389,#5390,#5391));
#1140=EDGE_LOOP('',(#5392,#5393,#5394,#5395));
#1141=EDGE_LOOP('',(#5396,#5397,#5398,#5399,#5400,#5401,#5402,#5403,#5404,
#5405,#5406,#5407,#5408,#5409,#5410,#5411,#5412,#5413,#5414,#5415,#5416,
#5417,#5418,#5419));
#1142=EDGE_LOOP('',(#5420,#5421,#5422,#5423));
#1143=EDGE_LOOP('',(#5424,#5425,#5426,#5427));
#1144=EDGE_LOOP('',(#5428,#5429,#5430,#5431));
#1145=EDGE_LOOP('',(#5432,#5433,#5434,#5435));
#1146=EDGE_LOOP('',(#5436,#5437,#5438,#5439));
#1147=EDGE_LOOP('',(#5440,#5441,#5442,#5443));
#1148=EDGE_LOOP('',(#5444,#5445,#5446,#5447));
#1149=EDGE_LOOP('',(#5448,#5449,#5450,#5451));
#1150=EDGE_LOOP('',(#5452,#5453,#5454,#5455));
#1151=EDGE_LOOP('',(#5456,#5457,#5458,#5459));
#1152=EDGE_LOOP('',(#5460,#5461,#5462,#5463));
#1153=EDGE_LOOP('',(#5464,#5465,#5466,#5467));
#1154=EDGE_LOOP('',(#5468,#5469,#5470,#5471));
#1155=EDGE_LOOP('',(#5472,#5473,#5474,#5475));
#1156=EDGE_LOOP('',(#5476,#5477,#5478,#5479));
#1157=EDGE_LOOP('',(#5480,#5481,#5482,#5483));
#1158=EDGE_LOOP('',(#5484,#5485,#5486,#5487));
#1159=EDGE_LOOP('',(#5488,#5489,#5490,#5491));
#1160=EDGE_LOOP('',(#5492,#5493,#5494,#5495));
#1161=EDGE_LOOP('',(#5496,#5497,#5498,#5499));
#1162=EDGE_LOOP('',(#5500,#5501,#5502,#5503));
#1163=EDGE_LOOP('',(#5504,#5505,#5506,#5507));
#1164=EDGE_LOOP('',(#5508,#5509,#5510,#5511));
#1165=EDGE_LOOP('',(#5512,#5513,#5514,#5515));
#1166=EDGE_LOOP('',(#5516,#5517,#5518,#5519));
#1167=EDGE_LOOP('',(#5520,#5521,#5522,#5523));
#1168=EDGE_LOOP('',(#5524,#5525,#5526,#5527));
#1169=EDGE_LOOP('',(#5528,#5529,#5530,#5531));
#1170=EDGE_LOOP('',(#5532,#5533,#5534,#5535));
#1171=EDGE_LOOP('',(#5536,#5537,#5538,#5539));
#1172=EDGE_LOOP('',(#5540,#5541,#5542,#5543));
#1173=EDGE_LOOP('',(#5544,#5545,#5546,#5547));
#1174=EDGE_LOOP('',(#5548,#5549,#5550,#5551));
#1175=EDGE_LOOP('',(#5552,#5553,#5554,#5555));
#1176=EDGE_LOOP('',(#5556,#5557,#5558,#5559));
#1177=EDGE_LOOP('',(#5560,#5561,#5562,#5563));
#1178=EDGE_LOOP('',(#5564,#5565,#5566,#5567));
#1179=EDGE_LOOP('',(#5568,#5569,#5570,#5571));
#1180=EDGE_LOOP('',(#5572,#5573,#5574,#5575));
#1181=EDGE_LOOP('',(#5576,#5577,#5578,#5579));
#1182=EDGE_LOOP('',(#5580,#5581,#5582,#5583));
#1183=EDGE_LOOP('',(#5584,#5585,#5586,#5587));
#1184=EDGE_LOOP('',(#5588,#5589,#5590,#5591));
#1185=EDGE_LOOP('',(#5592,#5593,#5594,#5595));
#1186=EDGE_LOOP('',(#5596,#5597,#5598,#5599));
#1187=EDGE_LOOP('',(#5600,#5601,#5602,#5603));
#1188=EDGE_LOOP('',(#5604,#5605,#5606,#5607));
#1189=EDGE_LOOP('',(#5608,#5609,#5610,#5611));
#1190=EDGE_LOOP('',(#5612,#5613,#5614,#5615));
#1191=EDGE_LOOP('',(#5616,#5617,#5618,#5619));
#1192=EDGE_LOOP('',(#5620,#5621,#5622,#5623));
#1193=EDGE_LOOP('',(#5624,#5625,#5626,#5627));
#1194=EDGE_LOOP('',(#5628,#5629,#5630,#5631));
#1195=EDGE_LOOP('',(#5632,#5633,#5634,#5635));
#1196=EDGE_LOOP('',(#5636,#5637,#5638,#5639));
#1197=EDGE_LOOP('',(#5640,#5641,#5642,#5643));
#1198=EDGE_LOOP('',(#5644,#5645,#5646,#5647));
#1199=EDGE_LOOP('',(#5648,#5649,#5650,#5651));
#1200=EDGE_LOOP('',(#5652,#5653,#5654,#5655));
#1201=EDGE_LOOP('',(#5656,#5657,#5658,#5659));
#1202=EDGE_LOOP('',(#5660,#5661,#5662,#5663));
#1203=EDGE_LOOP('',(#5664,#5665,#5666,#5667));
#1204=EDGE_LOOP('',(#5668,#5669,#5670,#5671,#5672,#5673,#5674,#5675,#5676,
#5677,#5678,#5679,#5680,#5681,#5682,#5683,#5684,#5685,#5686,#5687,#5688,
#5689,#5690,#5691,#5692,#5693,#5694,#5695,#5696,#5697,#5698,#5699,#5700,
#5701,#5702,#5703));
#1205=EDGE_LOOP('',(#5704,#5705,#5706,#5707));
#1206=EDGE_LOOP('',(#5708,#5709,#5710,#5711));
#1207=EDGE_LOOP('',(#5712,#5713,#5714));
#1208=EDGE_LOOP('',(#5715,#5716,#5717,#5718));
#1209=EDGE_LOOP('',(#5719,#5720,#5721));
#1210=EDGE_LOOP('',(#5722,#5723,#5724,#5725));
#1211=EDGE_LOOP('',(#5726,#5727,#5728));
#1212=EDGE_LOOP('',(#5729,#5730,#5731,#5732));
#1213=EDGE_LOOP('',(#5733,#5734,#5735));
#1214=EDGE_LOOP('',(#5736,#5737,#5738,#5739));
#1215=EDGE_LOOP('',(#5740,#5741,#5742));
#1216=EDGE_LOOP('',(#5743,#5744,#5745,#5746));
#1217=EDGE_LOOP('',(#5747,#5748,#5749));
#1218=EDGE_LOOP('',(#5750,#5751,#5752,#5753));
#1219=EDGE_LOOP('',(#5754,#5755,#5756,#5757));
#1220=EDGE_LOOP('',(#5758,#5759,#5760,#5761));
#1221=EDGE_LOOP('',(#5762));
#1222=EDGE_LOOP('',(#5763));
#1223=EDGE_LOOP('',(#5764,#5765,#5766,#5767));
#1224=EDGE_LOOP('',(#5768,#5769,#5770,#5771));
#1225=EDGE_LOOP('',(#5772,#5773,#5774,#5775));
#1226=EDGE_LOOP('',(#5776,#5777,#5778,#5779));
#1227=EDGE_LOOP('',(#5780));
#1228=EDGE_LOOP('',(#5781));
#1229=EDGE_LOOP('',(#5782,#5783,#5784,#5785));
#1230=EDGE_LOOP('',(#5786,#5787,#5788,#5789));
#1231=EDGE_LOOP('',(#5790,#5791,#5792));
#1232=EDGE_LOOP('',(#5793,#5794,#5795,#5796));
#1233=EDGE_LOOP('',(#5797,#5798,#5799));
#1234=EDGE_LOOP('',(#5800,#5801,#5802,#5803));
#1235=EDGE_LOOP('',(#5804,#5805,#5806));
#1236=EDGE_LOOP('',(#5807,#5808,#5809,#5810));
#1237=EDGE_LOOP('',(#5811,#5812,#5813));
#1238=EDGE_LOOP('',(#5814,#5815,#5816,#5817));
#1239=EDGE_LOOP('',(#5818,#5819,#5820));
#1240=EDGE_LOOP('',(#5821,#5822,#5823,#5824));
#1241=EDGE_LOOP('',(#5825,#5826,#5827));
#1242=EDGE_LOOP('',(#5828,#5829,#5830,#5831));
#1243=EDGE_LOOP('',(#5832,#5833,#5834,#5835));
#1244=EDGE_LOOP('',(#5836,#5837,#5838,#5839,#5840,#5841));
#1245=EDGE_LOOP('',(#5842));
#1246=EDGE_LOOP('',(#5843,#5844,#5845,#5846));
#1247=EDGE_LOOP('',(#5847,#5848,#5849,#5850,#5851));
#1248=EDGE_LOOP('',(#5852,#5853,#5854,#5855));
#1249=EDGE_LOOP('',(#5856,#5857,#5858,#5859));
#1250=EDGE_LOOP('',(#5860));
#1251=EDGE_LOOP('',(#5861,#5862,#5863,#5864));
#1252=EDGE_LOOP('',(#5865,#5866,#5867,#5868,#5869));
#1253=EDGE_LOOP('',(#5870));
#1254=EDGE_LOOP('',(#5871,#5872,#5873,#5874));
#1255=EDGE_LOOP('',(#5875,#5876,#5877,#5878,#5879));
#1256=EDGE_LOOP('',(#5880));
#1257=EDGE_LOOP('',(#5881,#5882,#5883,#5884));
#1258=EDGE_LOOP('',(#5885,#5886,#5887,#5888));
#1259=EDGE_LOOP('',(#5889));
#1260=EDGE_LOOP('',(#5890,#5891,#5892,#5893,#5894,#5895,#5896,#5897,#5898,
#5899,#5900,#5901,#5902,#5903,#5904,#5905,#5906,#5907,#5908,#5909,#5910,
#5911,#5912,#5913));
#1261=EDGE_LOOP('',(#5914,#5915,#5916,#5917,#5918));
#1262=LINE('',#9048,#1794);
#1263=LINE('',#9055,#1795);
#1264=LINE('',#9057,#1796);
#1265=LINE('',#9061,#1797);
#1266=LINE('',#9065,#1798);
#1267=LINE('',#9067,#1799);
#1268=LINE('',#9069,#1800);
#1269=LINE('',#9071,#1801);
#1270=LINE('',#9075,#1802);
#1271=LINE('',#9077,#1803);
#1272=LINE('',#9081,#1804);
#1273=LINE('',#9085,#1805);
#1274=LINE('',#9087,#1806);
#1275=LINE('',#9091,#1807);
#1276=LINE('',#9092,#1808);
#1277=LINE('',#9101,#1809);
#1278=LINE('',#9105,#1810);
#1279=LINE('',#9111,#1811);
#1280=LINE('',#9117,#1812);
#1281=LINE('',#9124,#1813);
#1282=LINE('',#9126,#1814);
#1283=LINE('',#9128,#1815);
#1284=LINE('',#9132,#1816);
#1285=LINE('',#9134,#1817);
#1286=LINE('',#9138,#1818);
#1287=LINE('',#9142,#1819);
#1288=LINE('',#9144,#1820);
#1289=LINE('',#9148,#1821);
#1290=LINE('',#9150,#1822);
#1291=LINE('',#9152,#1823);
#1292=LINE('',#9154,#1824);
#1293=LINE('',#9158,#1825);
#1294=LINE('',#9161,#1826);
#1295=LINE('',#9170,#1827);
#1296=LINE('',#9174,#1828);
#1297=LINE('',#9180,#1829);
#1298=LINE('',#9184,#1830);
#1299=LINE('',#9187,#1831);
#1300=LINE('',#9190,#1832);
#1301=LINE('',#9193,#1833);
#1302=LINE('',#9199,#1834);
#1303=LINE('',#9202,#1835);
#1304=LINE('',#9213,#1836);
#1305=LINE('',#9214,#1837);
#1306=LINE('',#9220,#1838);
#1307=LINE('',#9223,#1839);
#1308=LINE('',#9226,#1840);
#1309=LINE('',#9227,#1841);
#1310=LINE('',#9234,#1842);
#1311=LINE('',#9237,#1843);
#1312=LINE('',#9248,#1844);
#1313=LINE('',#9249,#1845);
#1314=LINE('',#9255,#1846);
#1315=LINE('',#9258,#1847);
#1316=LINE('',#9261,#1848);
#1317=LINE('',#9262,#1849);
#1318=LINE('',#9267,#1850);
#1319=LINE('',#9269,#1851);
#1320=LINE('',#9271,#1852);
#1321=LINE('',#9272,#1853);
#1322=LINE('',#9277,#1854);
#1323=LINE('',#9281,#1855);
#1324=LINE('',#9283,#1856);
#1325=LINE('',#9284,#1857);
#1326=LINE('',#9289,#1858);
#1327=LINE('',#9293,#1859);
#1328=LINE('',#9295,#1860);
#1329=LINE('',#9296,#1861);
#1330=LINE('',#9301,#1862);
#1331=LINE('',#9305,#1863);
#1332=LINE('',#9307,#1864);
#1333=LINE('',#9308,#1865);
#1334=LINE('',#9317,#1866);
#1335=LINE('',#9320,#1867);
#1336=LINE('',#9324,#1868);
#1337=LINE('',#9326,#1869);
#1338=LINE('',#9328,#1870);
#1339=LINE('',#9329,#1871);
#1340=LINE('',#9334,#1872);
#1341=LINE('',#9338,#1873);
#1342=LINE('',#9340,#1874);
#1343=LINE('',#9341,#1875);
#1344=LINE('',#9346,#1876);
#1345=LINE('',#9350,#1877);
#1346=LINE('',#9352,#1878);
#1347=LINE('',#9353,#1879);
#1348=LINE('',#9358,#1880);
#1349=LINE('',#9362,#1881);
#1350=LINE('',#9364,#1882);
#1351=LINE('',#9365,#1883);
#1352=LINE('',#9374,#1884);
#1353=LINE('',#9377,#1885);
#1354=LINE('',#9381,#1886);
#1355=LINE('',#9383,#1887);
#1356=LINE('',#9385,#1888);
#1357=LINE('',#9386,#1889);
#1358=LINE('',#9391,#1890);
#1359=LINE('',#9395,#1891);
#1360=LINE('',#9397,#1892);
#1361=LINE('',#9398,#1893);
#1362=LINE('',#9403,#1894);
#1363=LINE('',#9407,#1895);
#1364=LINE('',#9409,#1896);
#1365=LINE('',#9410,#1897);
#1366=LINE('',#9415,#1898);
#1367=LINE('',#9419,#1899);
#1368=LINE('',#9421,#1900);
#1369=LINE('',#9422,#1901);
#1370=LINE('',#9429,#1902);
#1371=LINE('',#9433,#1903);
#1372=LINE('',#9435,#1904);
#1373=LINE('',#9437,#1905);
#1374=LINE('',#9438,#1906);
#1375=LINE('',#9443,#1907);
#1376=LINE('',#9447,#1908);
#1377=LINE('',#9449,#1909);
#1378=LINE('',#9450,#1910);
#1379=LINE('',#9455,#1911);
#1380=LINE('',#9459,#1912);
#1381=LINE('',#9461,#1913);
#1382=LINE('',#9462,#1914);
#1383=LINE('',#9467,#1915);
#1384=LINE('',#9471,#1916);
#1385=LINE('',#9473,#1917);
#1386=LINE('',#9474,#1918);
#1387=LINE('',#9481,#1919);
#1388=LINE('',#9484,#1920);
#1389=LINE('',#9486,#1921);
#1390=LINE('',#9487,#1922);
#1391=LINE('',#9490,#1923);
#1392=LINE('',#9494,#1924);
#1393=LINE('',#9496,#1925);
#1394=LINE('',#9497,#1926);
#1395=LINE('',#9500,#1927);
#1396=LINE('',#9503,#1928);
#1397=LINE('',#9506,#1929);
#1398=LINE('',#9510,#1930);
#1399=LINE('',#9511,#1931);
#1400=LINE('',#9516,#1932);
#1401=LINE('',#9517,#1933);
#1402=LINE('',#9525,#1934);
#1403=LINE('',#9528,#1935);
#1404=LINE('',#9539,#1936);
#1405=LINE('',#9540,#1937);
#1406=LINE('',#9551,#1938);
#1407=LINE('',#9552,#1939);
#1408=LINE('',#9563,#1940);
#1409=LINE('',#9564,#1941);
#1410=LINE('',#9570,#1942);
#1411=LINE('',#9573,#1943);
#1412=LINE('',#9576,#1944);
#1413=LINE('',#9577,#1945);
#1414=LINE('',#9580,#1946);
#1415=LINE('',#9584,#1947);
#1416=LINE('',#9585,#1948);
#1417=LINE('',#9589,#1949);
#1418=LINE('',#9591,#1950);
#1419=LINE('',#9593,#1951);
#1420=LINE('',#9595,#1952);
#1421=LINE('',#9597,#1953);
#1422=LINE('',#9599,#1954);
#1423=LINE('',#9601,#1955);
#1424=LINE('',#9603,#1956);
#1425=LINE('',#9605,#1957);
#1426=LINE('',#9607,#1958);
#1427=LINE('',#9609,#1959);
#1428=LINE('',#9619,#1960);
#1429=LINE('',#9621,#1961);
#1430=LINE('',#9623,#1962);
#1431=LINE('',#9635,#1963);
#1432=LINE('',#9644,#1964);
#1433=LINE('',#9653,#1965);
#1434=LINE('',#9654,#1966);
#1435=LINE('',#9665,#1967);
#1436=LINE('',#9666,#1968);
#1437=LINE('',#9671,#1969);
#1438=LINE('',#9672,#1970);
#1439=LINE('',#9674,#1971);
#1440=LINE('',#9679,#1972);
#1441=LINE('',#9683,#1973);
#1442=LINE('',#9687,#1974);
#1443=LINE('',#9688,#1975);
#1444=LINE('',#9780,#1976);
#1445=LINE('',#9781,#1977);
#1446=LINE('',#9877,#1978);
#1447=LINE('',#9878,#1979);
#1448=LINE('',#9920,#1980);
#1449=LINE('',#9921,#1981);
#1450=LINE('',#9957,#1982);
#1451=LINE('',#10002,#1983);
#1452=LINE('',#10005,#1984);
#1453=LINE('',#10008,#1985);
#1454=LINE('',#10011,#1986);
#1455=LINE('',#10012,#1987);
#1456=LINE('',#10015,#1988);
#1457=LINE('',#10019,#1989);
#1458=LINE('',#10020,#1990);
#1459=LINE('',#10023,#1991);
#1460=LINE('',#10027,#1992);
#1461=LINE('',#10028,#1993);
#1462=LINE('',#10031,#1994);
#1463=LINE('',#10140,#1995);
#1464=LINE('',#10141,#1996);
#1465=LINE('',#10181,#1997);
#1466=LINE('',#10182,#1998);
#1467=LINE('',#10222,#1999);
#1468=LINE('',#10223,#2000);
#1469=LINE('',#10302,#2001);
#1470=LINE('',#10303,#2002);
#1471=LINE('',#10305,#2003);
#1472=LINE('',#10307,#2004);
#1473=LINE('',#10308,#2005);
#1474=LINE('',#10310,#2006);
#1475=LINE('',#10312,#2007);
#1476=LINE('',#10314,#2008);
#1477=LINE('',#10316,#2009);
#1478=LINE('',#10318,#2010);
#1479=LINE('',#10320,#2011);
#1480=LINE('',#10322,#2012);
#1481=LINE('',#10324,#2013);
#1482=LINE('',#10326,#2014);
#1483=LINE('',#10328,#2015);
#1484=LINE('',#10330,#2016);
#1485=LINE('',#10332,#2017);
#1486=LINE('',#10334,#2018);
#1487=LINE('',#10336,#2019);
#1488=LINE('',#10338,#2020);
#1489=LINE('',#10340,#2021);
#1490=LINE('',#10341,#2022);
#1491=LINE('',#10343,#2023);
#1492=LINE('',#10345,#2024);
#1493=LINE('',#10349,#2025);
#1494=LINE('',#10354,#2026);
#1495=LINE('',#10356,#2027);
#1496=LINE('',#10358,#2028);
#1497=LINE('',#10359,#2029);
#1498=LINE('',#10362,#2030);
#1499=LINE('',#10364,#2031);
#1500=LINE('',#10368,#2032);
#1501=LINE('',#10370,#2033);
#1502=LINE('',#10374,#2034);
#1503=LINE('',#10379,#2035);
#1504=LINE('',#10383,#2036);
#1505=LINE('',#10385,#2037);
#1506=LINE('',#10386,#2038);
#1507=LINE('',#10391,#2039);
#1508=LINE('',#10393,#2040);
#1509=LINE('',#10395,#2041);
#1510=LINE('',#10397,#2042);
#1511=LINE('',#10399,#2043);
#1512=LINE('',#10400,#2044);
#1513=LINE('',#10402,#2045);
#1514=LINE('',#10404,#2046);
#1515=LINE('',#10405,#2047);
#1516=LINE('',#10409,#2048);
#1517=LINE('',#10410,#2049);
#1518=LINE('',#10411,#2050);
#1519=LINE('',#10414,#2051);
#1520=LINE('',#10415,#2052);
#1521=LINE('',#10420,#2053);
#1522=LINE('',#10422,#2054);
#1523=LINE('',#10423,#2055);
#1524=LINE('',#10426,#2056);
#1525=LINE('',#10428,#2057);
#1526=LINE('',#10430,#2058);
#1527=LINE('',#10431,#2059);
#1528=LINE('',#10433,#2060);
#1529=LINE('',#10435,#2061);
#1530=LINE('',#10437,#2062);
#1531=LINE('',#10439,#2063);
#1532=LINE('',#10441,#2064);
#1533=LINE('',#10442,#2065);
#1534=LINE('',#10444,#2066);
#1535=LINE('',#10445,#2067);
#1536=LINE('',#10447,#2068);
#1537=LINE('',#10451,#2069);
#1538=LINE('',#10453,#2070);
#1539=LINE('',#10456,#2071);
#1540=LINE('',#10458,#2072);
#1541=LINE('',#10459,#2073);
#1542=LINE('',#10462,#2074);
#1543=LINE('',#10463,#2075);
#1544=LINE('',#10469,#2076);
#1545=LINE('',#10470,#2077);
#1546=LINE('',#10471,#2078);
#1547=LINE('',#10474,#2079);
#1548=LINE('',#10476,#2080);
#1549=LINE('',#10479,#2081);
#1550=LINE('',#10484,#2082);
#1551=LINE('',#10486,#2083);
#1552=LINE('',#10487,#2084);
#1553=LINE('',#10489,#2085);
#1554=LINE('',#10491,#2086);
#1555=LINE('',#10492,#2087);
#1556=LINE('',#10493,#2088);
#1557=LINE('',#10495,#2089);
#1558=LINE('',#10497,#2090);
#1559=LINE('',#10501,#2091);
#1560=LINE('',#10503,#2092);
#1561=LINE('',#10505,#2093);
#1562=LINE('',#10506,#2094);
#1563=LINE('',#10509,#2095);
#1564=LINE('',#10511,#2096);
#1565=LINE('',#10512,#2097);
#1566=LINE('',#10517,#2098);
#1567=LINE('',#10518,#2099);
#1568=LINE('',#10520,#2100);
#1569=LINE('',#10522,#2101);
#1570=LINE('',#10523,#2102);
#1571=LINE('',#10525,#2103);
#1572=LINE('',#10527,#2104);
#1573=LINE('',#10528,#2105);
#1574=LINE('',#10531,#2106);
#1575=LINE('',#10532,#2107);
#1576=LINE('',#10535,#2108);
#1577=LINE('',#10536,#2109);
#1578=LINE('',#10539,#2110);
#1579=LINE('',#10540,#2111);
#1580=LINE('',#10543,#2112);
#1581=LINE('',#10544,#2113);
#1582=LINE('',#10547,#2114);
#1583=LINE('',#10548,#2115);
#1584=LINE('',#10551,#2116);
#1585=LINE('',#10555,#2117);
#1586=LINE('',#10559,#2118);
#1587=LINE('',#10563,#2119);
#1588=LINE('',#10566,#2120);
#1589=LINE('',#10570,#2121);
#1590=LINE('',#10575,#2122);
#1591=LINE('',#10633,#2123);
#1592=LINE('',#10641,#2124);
#1593=LINE('',#10644,#2125);
#1594=LINE('',#10654,#2126);
#1595=LINE('',#10655,#2127);
#1596=LINE('',#10659,#2128);
#1597=LINE('',#10661,#2129);
#1598=LINE('',#10663,#2130);
#1599=LINE('',#10665,#2131);
#1600=LINE('',#10667,#2132);
#1601=LINE('',#10669,#2133);
#1602=LINE('',#10671,#2134);
#1603=LINE('',#10673,#2135);
#1604=LINE('',#10675,#2136);
#1605=LINE('',#10676,#2137);
#1606=LINE('',#10686,#2138);
#1607=LINE('',#10743,#2139);
#1608=LINE('',#10746,#2140);
#1609=LINE('',#10755,#2141);
#1610=LINE('',#10757,#2142);
#1611=LINE('',#10759,#2143);
#1612=LINE('',#10761,#2144);
#1613=LINE('',#10763,#2145);
#1614=LINE('',#10765,#2146);
#1615=LINE('',#10766,#2147);
#1616=LINE('',#10770,#2148);
#1617=LINE('',#10775,#2149);
#1618=LINE('',#10779,#2150);
#1619=LINE('',#10783,#2151);
#1620=LINE('',#10786,#2152);
#1621=LINE('',#10789,#2153);
#1622=LINE('',#10795,#2154);
#1623=LINE('',#10797,#2155);
#1624=LINE('',#10799,#2156);
#1625=LINE('',#10801,#2157);
#1626=LINE('',#10803,#2158);
#1627=LINE('',#10825,#2159);
#1628=LINE('',#10830,#2160);
#1629=LINE('',#10847,#2161);
#1630=LINE('',#10848,#2162);
#1631=LINE('',#10856,#2163);
#1632=LINE('',#10857,#2164);
#1633=LINE('',#10868,#2165);
#1634=LINE('',#10869,#2166);
#1635=LINE('',#10877,#2167);
#1636=LINE('',#10878,#2168);
#1637=LINE('',#10880,#2169);
#1638=LINE('',#10888,#2170);
#1639=LINE('',#10896,#2171);
#1640=LINE('',#10899,#2172);
#1641=LINE('',#10903,#2173);
#1642=LINE('',#10907,#2174);
#1643=LINE('',#10919,#2175);
#1644=LINE('',#10920,#2176);
#1645=LINE('',#10928,#2177);
#1646=LINE('',#10929,#2178);
#1647=LINE('',#10932,#2179);
#1648=LINE('',#10941,#2180);
#1649=LINE('',#10949,#2181);
#1650=LINE('',#10951,#2182);
#1651=LINE('',#10954,#2183);
#1652=LINE('',#10957,#2184);
#1653=LINE('',#10962,#2185);
#1654=LINE('',#10963,#2186);
#1655=LINE('',#10971,#2187);
#1656=LINE('',#10972,#2188);
#1657=LINE('',#10980,#2189);
#1658=LINE('',#10981,#2190);
#1659=LINE('',#10983,#2191);
#1660=LINE('',#10986,#2192);
#1661=LINE('',#10990,#2193);
#1662=LINE('',#10994,#2194);
#1663=LINE('',#10997,#2195);
#1664=LINE('',#10999,#2196);
#1665=LINE('',#11002,#2197);
#1666=LINE('',#11008,#2198);
#1667=LINE('',#11009,#2199);
#1668=LINE('',#11017,#2200);
#1669=LINE('',#11018,#2201);
#1670=LINE('',#11021,#2202);
#1671=LINE('',#11024,#2203);
#1672=LINE('',#11028,#2204);
#1673=LINE('',#11030,#2205);
#1674=LINE('',#11033,#2206);
#1675=LINE('',#11034,#2207);
#1676=LINE('',#11037,#2208);
#1677=LINE('',#11041,#2209);
#1678=LINE('',#11042,#2210);
#1679=LINE('',#11045,#2211);
#1680=LINE('',#11049,#2212);
#1681=LINE('',#11052,#2213);
#1682=LINE('',#11054,#2214);
#1683=LINE('',#11057,#2215);
#1684=LINE('',#11060,#2216);
#1685=LINE('',#11062,#2217);
#1686=LINE('',#11065,#2218);
#1687=LINE('',#11068,#2219);
#1688=LINE('',#11072,#2220);
#1689=LINE('',#11074,#2221);
#1690=LINE('',#11079,#2222);
#1691=LINE('',#11083,#2223);
#1692=LINE('',#11086,#2224);
#1693=LINE('',#11095,#2225);
#1694=LINE('',#11097,#2226);
#1695=LINE('',#11101,#2227);
#1696=LINE('',#11104,#2228);
#1697=LINE('',#11115,#2229);
#1698=LINE('',#11116,#2230);
#1699=LINE('',#11125,#2231);
#1700=LINE('',#11127,#2232);
#1701=LINE('',#11131,#2233);
#1702=LINE('',#11134,#2234);
#1703=LINE('',#11142,#2235);
#1704=LINE('',#11144,#2236);
#1705=LINE('',#11148,#2237);
#1706=LINE('',#11152,#2238);
#1707=LINE('',#11155,#2239);
#1708=LINE('',#11163,#2240);
#1709=LINE('',#11165,#2241);
#1710=LINE('',#11169,#2242);
#1711=LINE('',#11173,#2243);
#1712=LINE('',#11176,#2244);
#1713=LINE('',#11185,#2245);
#1714=LINE('',#11187,#2246);
#1715=LINE('',#11191,#2247);
#1716=LINE('',#11194,#2248);
#1717=LINE('',#11205,#2249);
#1718=LINE('',#11206,#2250);
#1719=LINE('',#11215,#2251);
#1720=LINE('',#11217,#2252);
#1721=LINE('',#11221,#2253);
#1722=LINE('',#11224,#2254);
#1723=LINE('',#11232,#2255);
#1724=LINE('',#11234,#2256);
#1725=LINE('',#11238,#2257);
#1726=LINE('',#11242,#2258);
#1727=LINE('',#11245,#2259);
#1728=LINE('',#11254,#2260);
#1729=LINE('',#11256,#2261);
#1730=LINE('',#11259,#2262);
#1731=LINE('',#11260,#2263);
#1732=LINE('',#11262,#2264);
#1733=LINE('',#11264,#2265);
#1734=LINE('',#11266,#2266);
#1735=LINE('',#11268,#2267);
#1736=LINE('',#11270,#2268);
#1737=LINE('',#11272,#2269);
#1738=LINE('',#11274,#2270);
#1739=LINE('',#11276,#2271);
#1740=LINE('',#11278,#2272);
#1741=LINE('',#11280,#2273);
#1742=LINE('',#11283,#2274);
#1743=LINE('',#11285,#2275);
#1744=LINE('',#11288,#2276);
#1745=LINE('',#11290,#2277);
#1746=LINE('',#11292,#2278);
#1747=LINE('',#11294,#2279);
#1748=LINE('',#11296,#2280);
#1749=LINE('',#11298,#2281);
#1750=LINE('',#11300,#2282);
#1751=LINE('',#11302,#2283);
#1752=LINE('',#11304,#2284);
#1753=LINE('',#11306,#2285);
#1754=LINE('',#11309,#2286);
#1755=LINE('',#11311,#2287);
#1756=LINE('',#11313,#2288);
#1757=LINE('',#11320,#2289);
#1758=LINE('',#11322,#2290);
#1759=LINE('',#11327,#2291);
#1760=LINE('',#11329,#2292);
#1761=LINE('',#11334,#2293);
#1762=LINE('',#11336,#2294);
#1763=LINE('',#11341,#2295);
#1764=LINE('',#11343,#2296);
#1765=LINE('',#11348,#2297);
#1766=LINE('',#11350,#2298);
#1767=LINE('',#11355,#2299);
#1768=LINE('',#11357,#2300);
#1769=LINE('',#11360,#2301);
#1770=LINE('',#11364,#2302);
#1771=LINE('',#11368,#2303);
#1772=LINE('',#11373,#2304);
#1773=LINE('',#11378,#2305);
#1774=LINE('',#11380,#2306);
#1775=LINE('',#11385,#2307);
#1776=LINE('',#11389,#2308);
#1777=LINE('',#11394,#2309);
#1778=LINE('',#11398,#2310);
#1779=LINE('',#11403,#2311);
#1780=LINE('',#11407,#2312);
#1781=LINE('',#11412,#2313);
#1782=LINE('',#11416,#2314);
#1783=LINE('',#11421,#2315);
#1784=LINE('',#11425,#2316);
#1785=LINE('',#11427,#2317);
#1786=LINE('',#11431,#2318);
#1787=LINE('',#11432,#2319);
#1788=LINE('',#11435,#2320);
#1789=LINE('',#11436,#2321);
#1790=LINE('',#11441,#2322);
#1791=LINE('',#11444,#2323);
#1792=LINE('',#11447,#2324);
#1793=LINE('',#11450,#2325);
#1794=VECTOR('',#7057,1.25);
#1795=VECTOR('',#7064,10.);
#1796=VECTOR('',#7065,10.);
#1797=VECTOR('',#7068,10.);
#1798=VECTOR('',#7071,10.);
#1799=VECTOR('',#7072,10.);
#1800=VECTOR('',#7073,10.);
#1801=VECTOR('',#7074,10.);
#1802=VECTOR('',#7077,10.);
#1803=VECTOR('',#7078,10.);
#1804=VECTOR('',#7081,10.);
#1805=VECTOR('',#7084,10.);
#1806=VECTOR('',#7085,10.);
#1807=VECTOR('',#7088,10.);
#1808=VECTOR('',#7089,10.);
#1809=VECTOR('',#7098,1.);
#1810=VECTOR('',#7103,1.25);
#1811=VECTOR('',#7110,1.);
#1812=VECTOR('',#7117,1.25);
#1813=VECTOR('',#7124,10.);
#1814=VECTOR('',#7125,10.);
#1815=VECTOR('',#7126,10.);
#1816=VECTOR('',#7129,10.);
#1817=VECTOR('',#7130,10.);
#1818=VECTOR('',#7133,10.);
#1819=VECTOR('',#7136,10.);
#1820=VECTOR('',#7137,10.);
#1821=VECTOR('',#7140,10.);
#1822=VECTOR('',#7141,10.);
#1823=VECTOR('',#7142,10.);
#1824=VECTOR('',#7143,10.);
#1825=VECTOR('',#7146,10.);
#1826=VECTOR('',#7149,10.);
#1827=VECTOR('',#7158,1.);
#1828=VECTOR('',#7163,1.25);
#1829=VECTOR('',#7170,1.);
#1830=VECTOR('',#7175,0.5);
#1831=VECTOR('',#7178,0.5);
#1832=VECTOR('',#7181,0.5);
#1833=VECTOR('',#7184,0.5);
#1834=VECTOR('',#7189,10.);
#1835=VECTOR('',#7192,10.);
#1836=VECTOR('',#7205,10.);
#1837=VECTOR('',#7206,10.);
#1838=VECTOR('',#7215,10.);
#1839=VECTOR('',#7218,10.);
#1840=VECTOR('',#7221,10.);
#1841=VECTOR('',#7222,10.);
#1842=VECTOR('',#7229,10.);
#1843=VECTOR('',#7232,10.);
#1844=VECTOR('',#7245,10.);
#1845=VECTOR('',#7246,10.);
#1846=VECTOR('',#7255,10.);
#1847=VECTOR('',#7258,10.);
#1848=VECTOR('',#7261,10.);
#1849=VECTOR('',#7262,10.);
#1850=VECTOR('',#7267,10.);
#1851=VECTOR('',#7268,10.);
#1852=VECTOR('',#7269,10.);
#1853=VECTOR('',#7270,10.);
#1854=VECTOR('',#7275,10.);
#1855=VECTOR('',#7280,10.);
#1856=VECTOR('',#7281,10.);
#1857=VECTOR('',#7282,10.);
#1858=VECTOR('',#7287,10.);
#1859=VECTOR('',#7292,10.);
#1860=VECTOR('',#7293,10.);
#1861=VECTOR('',#7294,10.);
#1862=VECTOR('',#7299,10.);
#1863=VECTOR('',#7304,10.);
#1864=VECTOR('',#7305,10.);
#1865=VECTOR('',#7306,10.);
#1866=VECTOR('',#7317,10.);
#1867=VECTOR('',#7320,10.);
#1868=VECTOR('',#7323,10.);
#1869=VECTOR('',#7324,10.);
#1870=VECTOR('',#7325,10.);
#1871=VECTOR('',#7326,10.);
#1872=VECTOR('',#7331,10.);
#1873=VECTOR('',#7336,10.);
#1874=VECTOR('',#7337,10.);
#1875=VECTOR('',#7338,10.);
#1876=VECTOR('',#7343,10.);
#1877=VECTOR('',#7348,10.);
#1878=VECTOR('',#7349,10.);
#1879=VECTOR('',#7350,10.);
#1880=VECTOR('',#7355,10.);
#1881=VECTOR('',#7360,10.);
#1882=VECTOR('',#7361,10.);
#1883=VECTOR('',#7362,10.);
#1884=VECTOR('',#7373,10.);
#1885=VECTOR('',#7376,10.);
#1886=VECTOR('',#7379,10.);
#1887=VECTOR('',#7380,10.);
#1888=VECTOR('',#7381,10.);
#1889=VECTOR('',#7382,10.);
#1890=VECTOR('',#7387,10.);
#1891=VECTOR('',#7392,10.);
#1892=VECTOR('',#7393,10.);
#1893=VECTOR('',#7394,10.);
#1894=VECTOR('',#7399,10.);
#1895=VECTOR('',#7404,10.);
#1896=VECTOR('',#7405,10.);
#1897=VECTOR('',#7406,10.);
#1898=VECTOR('',#7411,10.);
#1899=VECTOR('',#7416,10.);
#1900=VECTOR('',#7417,10.);
#1901=VECTOR('',#7418,10.);
#1902=VECTOR('',#7429,10.);
#1903=VECTOR('',#7432,10.);
#1904=VECTOR('',#7433,10.);
#1905=VECTOR('',#7434,10.);
#1906=VECTOR('',#7435,10.);
#1907=VECTOR('',#7440,10.);
#1908=VECTOR('',#7445,10.);
#1909=VECTOR('',#7446,10.);
#1910=VECTOR('',#7447,10.);
#1911=VECTOR('',#7452,10.);
#1912=VECTOR('',#7457,10.);
#1913=VECTOR('',#7458,10.);
#1914=VECTOR('',#7459,10.);
#1915=VECTOR('',#7464,10.);
#1916=VECTOR('',#7469,10.);
#1917=VECTOR('',#7470,10.);
#1918=VECTOR('',#7471,10.);
#1919=VECTOR('',#7482,10.);
#1920=VECTOR('',#7485,10.);
#1921=VECTOR('',#7486,10.);
#1922=VECTOR('',#7487,10.);
#1923=VECTOR('',#7490,10.);
#1924=VECTOR('',#7495,10.);
#1925=VECTOR('',#7496,10.);
#1926=VECTOR('',#7497,10.);
#1927=VECTOR('',#7500,10.);
#1928=VECTOR('',#7505,10.);
#1929=VECTOR('',#7510,10.);
#1930=VECTOR('',#7515,10.);
#1931=VECTOR('',#7516,10.);
#1932=VECTOR('',#7523,10.);
#1933=VECTOR('',#7524,10.);
#1934=VECTOR('',#7533,10.);
#1935=VECTOR('',#7536,10.);
#1936=VECTOR('',#7549,10.);
#1937=VECTOR('',#7550,10.);
#1938=VECTOR('',#7563,10.);
#1939=VECTOR('',#7564,10.);
#1940=VECTOR('',#7577,10.);
#1941=VECTOR('',#7578,10.);
#1942=VECTOR('',#7587,10.);
#1943=VECTOR('',#7590,10.);
#1944=VECTOR('',#7593,10.);
#1945=VECTOR('',#7594,10.);
#1946=VECTOR('',#7597,10.);
#1947=VECTOR('',#7602,10.);
#1948=VECTOR('',#7603,10.);
#1949=VECTOR('',#7606,10.);
#1950=VECTOR('',#7607,10.);
#1951=VECTOR('',#7608,10.);
#1952=VECTOR('',#7609,10.);
#1953=VECTOR('',#7610,10.);
#1954=VECTOR('',#7611,10.);
#1955=VECTOR('',#7612,10.);
#1956=VECTOR('',#7613,10.);
#1957=VECTOR('',#7614,10.);
#1958=VECTOR('',#7615,10.);
#1959=VECTOR('',#7616,10.);
#1960=VECTOR('',#7619,10.);
#1961=VECTOR('',#7620,10.);
#1962=VECTOR('',#7621,10.);
#1963=VECTOR('',#7628,10.);
#1964=VECTOR('',#7641,10.);
#1965=VECTOR('',#7652,10.);
#1966=VECTOR('',#7653,10.);
#1967=VECTOR('',#7666,10.);
#1968=VECTOR('',#7667,10.);
#1969=VECTOR('',#7676,10.);
#1970=VECTOR('',#7677,10.);
#1971=VECTOR('',#7680,10.);
#1972=VECTOR('',#7685,10.);
#1973=VECTOR('',#7688,10.);
#1974=VECTOR('',#7691,10.);
#1975=VECTOR('',#7692,10.);
#1976=VECTOR('',#7711,10.);
#1977=VECTOR('',#7712,10.);
#1978=VECTOR('',#7729,10.);
#1979=VECTOR('',#7730,10.);
#1980=VECTOR('',#7739,10.);
#1981=VECTOR('',#7740,10.);
#1982=VECTOR('',#7747,10.);
#1983=VECTOR('',#7748,10.);
#1984=VECTOR('',#7751,10.);
#1985=VECTOR('',#7754,10.);
#1986=VECTOR('',#7757,10.);
#1987=VECTOR('',#7758,10.);
#1988=VECTOR('',#7761,10.);
#1989=VECTOR('',#7766,10.);
#1990=VECTOR('',#7767,10.);
#1991=VECTOR('',#7770,10.);
#1992=VECTOR('',#7775,10.);
#1993=VECTOR('',#7776,10.);
#1994=VECTOR('',#7779,10.);
#1995=VECTOR('',#7818,10.);
#1996=VECTOR('',#7819,10.);
#1997=VECTOR('',#7830,10.);
#1998=VECTOR('',#7831,10.);
#1999=VECTOR('',#7842,10.);
#2000=VECTOR('',#7843,10.);
#2001=VECTOR('',#7850,10.);
#2002=VECTOR('',#7851,10.);
#2003=VECTOR('',#7854,10.);
#2004=VECTOR('',#7857,10.);
#2005=VECTOR('',#7858,10.);
#2006=VECTOR('',#7861,10.);
#2007=VECTOR('',#7864,10.);
#2008=VECTOR('',#7865,10.);
#2009=VECTOR('',#7866,10.);
#2010=VECTOR('',#7867,10.);
#2011=VECTOR('',#7868,10.);
#2012=VECTOR('',#7869,10.);
#2013=VECTOR('',#7870,10.);
#2014=VECTOR('',#7871,10.);
#2015=VECTOR('',#7872,10.);
#2016=VECTOR('',#7873,10.);
#2017=VECTOR('',#7874,10.);
#2018=VECTOR('',#7875,10.);
#2019=VECTOR('',#7876,10.);
#2020=VECTOR('',#7877,10.);
#2021=VECTOR('',#7878,10.);
#2022=VECTOR('',#7879,10.);
#2023=VECTOR('',#7882,10.);
#2024=VECTOR('',#7885,10.);
#2025=VECTOR('',#7890,10.);
#2026=VECTOR('',#7895,10.);
#2027=VECTOR('',#7896,10.);
#2028=VECTOR('',#7897,10.);
#2029=VECTOR('',#7898,10.);
#2030=VECTOR('',#7901,10.);
#2031=VECTOR('',#7902,10.);
#2032=VECTOR('',#7905,10.);
#2033=VECTOR('',#7906,10.);
#2034=VECTOR('',#7909,10.);
#2035=VECTOR('',#7914,10.);
#2036=VECTOR('',#7917,10.);
#2037=VECTOR('',#7918,10.);
#2038=VECTOR('',#7919,10.);
#2039=VECTOR('',#7924,10.);
#2040=VECTOR('',#7925,10.);
#2041=VECTOR('',#7926,10.);
#2042=VECTOR('',#7927,10.);
#2043=VECTOR('',#7928,10.);
#2044=VECTOR('',#7929,10.);
#2045=VECTOR('',#7930,10.);
#2046=VECTOR('',#7931,10.);
#2047=VECTOR('',#7932,10.);
#2048=VECTOR('',#7935,10.);
#2049=VECTOR('',#7936,10.);
#2050=VECTOR('',#7937,10.);
#2051=VECTOR('',#7940,10.);
#2052=VECTOR('',#7941,10.);
#2053=VECTOR('',#7946,10.);
#2054=VECTOR('',#7947,10.);
#2055=VECTOR('',#7948,10.);
#2056=VECTOR('',#7951,10.);
#2057=VECTOR('',#7952,10.);
#2058=VECTOR('',#7953,10.);
#2059=VECTOR('',#7954,10.);
#2060=VECTOR('',#7955,10.);
#2061=VECTOR('',#7956,10.);
#2062=VECTOR('',#7957,10.);
#2063=VECTOR('',#7958,10.);
#2064=VECTOR('',#7959,10.);
#2065=VECTOR('',#7960,10.);
#2066=VECTOR('',#7963,10.);
#2067=VECTOR('',#7964,10.);
#2068=VECTOR('',#7967,10.);
#2069=VECTOR('',#7972,10.);
#2070=VECTOR('',#7975,10.);
#2071=VECTOR('',#7978,10.);
#2072=VECTOR('',#7979,10.);
#2073=VECTOR('',#7980,10.);
#2074=VECTOR('',#7983,10.);
#2075=VECTOR('',#7984,10.);
#2076=VECTOR('',#7989,10.);
#2077=VECTOR('',#7990,10.);
#2078=VECTOR('',#7991,10.);
#2079=VECTOR('',#7994,10.);
#2080=VECTOR('',#7995,10.);
#2081=VECTOR('',#7998,10.);
#2082=VECTOR('',#8003,10.);
#2083=VECTOR('',#8004,10.);
#2084=VECTOR('',#8005,10.);
#2085=VECTOR('',#8006,10.);
#2086=VECTOR('',#8007,10.);
#2087=VECTOR('',#8008,10.);
#2088=VECTOR('',#8009,10.);
#2089=VECTOR('',#8012,10.);
#2090=VECTOR('',#8015,10.);
#2091=VECTOR('',#8018,10.);
#2092=VECTOR('',#8019,10.);
#2093=VECTOR('',#8020,10.);
#2094=VECTOR('',#8021,10.);
#2095=VECTOR('',#8024,10.);
#2096=VECTOR('',#8025,10.);
#2097=VECTOR('',#8026,10.);
#2098=VECTOR('',#8031,10.);
#2099=VECTOR('',#8032,10.);
#2100=VECTOR('',#8033,10.);
#2101=VECTOR('',#8034,10.);
#2102=VECTOR('',#8035,10.);
#2103=VECTOR('',#8036,10.);
#2104=VECTOR('',#8037,10.);
#2105=VECTOR('',#8038,10.);
#2106=VECTOR('',#8041,10.);
#2107=VECTOR('',#8042,10.);
#2108=VECTOR('',#8045,10.);
#2109=VECTOR('',#8046,10.);
#2110=VECTOR('',#8049,10.);
#2111=VECTOR('',#8050,10.);
#2112=VECTOR('',#8053,10.);
#2113=VECTOR('',#8054,10.);
#2114=VECTOR('',#8057,10.);
#2115=VECTOR('',#8058,10.);
#2116=VECTOR('',#8061,1.2);
#2117=VECTOR('',#8066,1.2);
#2118=VECTOR('',#8071,1.2);
#2119=VECTOR('',#8076,1.2);
#2120=VECTOR('',#8081,10.);
#2121=VECTOR('',#8086,10.);
#2122=VECTOR('',#8093,10.);
#2123=VECTOR('',#8102,10.);
#2124=VECTOR('',#8113,10.);
#2125=VECTOR('',#8116,10.);
#2126=VECTOR('',#8129,10.);
#2127=VECTOR('',#8130,10.);
#2128=VECTOR('',#8135,10.);
#2129=VECTOR('',#8136,10.);
#2130=VECTOR('',#8137,10.);
#2131=VECTOR('',#8138,10.);
#2132=VECTOR('',#8139,10.);
#2133=VECTOR('',#8140,10.);
#2134=VECTOR('',#8141,10.);
#2135=VECTOR('',#8142,10.);
#2136=VECTOR('',#8143,10.);
#2137=VECTOR('',#8144,10.);
#2138=VECTOR('',#8157,10.);
#2139=VECTOR('',#8166,10.);
#2140=VECTOR('',#8171,10.);
#2141=VECTOR('',#8182,10.);
#2142=VECTOR('',#8183,10.);
#2143=VECTOR('',#8184,10.);
#2144=VECTOR('',#8185,10.);
#2145=VECTOR('',#8186,10.);
#2146=VECTOR('',#8187,10.);
#2147=VECTOR('',#8188,10.);
#2148=VECTOR('',#8193,10.);
#2149=VECTOR('',#8200,10.);
#2150=VECTOR('',#8203,10.);
#2151=VECTOR('',#8206,10.);
#2152=VECTOR('',#8211,10.);
#2153=VECTOR('',#8216,10.);
#2154=VECTOR('',#8223,10.);
#2155=VECTOR('',#8224,10.);
#2156=VECTOR('',#8225,10.);
#2157=VECTOR('',#8226,10.);
#2158=VECTOR('',#8227,10.);
#2159=VECTOR('',#8256,10.);
#2160=VECTOR('',#8263,10.);
#2161=VECTOR('',#8284,10.);
#2162=VECTOR('',#8285,10.);
#2163=VECTOR('',#8296,10.);
#2164=VECTOR('',#8297,10.);
#2165=VECTOR('',#8310,10.);
#2166=VECTOR('',#8311,10.);
#2167=VECTOR('',#8322,10.);
#2168=VECTOR('',#8323,10.);
#2169=VECTOR('',#8326,10.);
#2170=VECTOR('',#8337,10.);
#2171=VECTOR('',#8348,10.);
#2172=VECTOR('',#8351,10.);
#2173=VECTOR('',#8356,10.);
#2174=VECTOR('',#8359,10.);
#2175=VECTOR('',#8374,10.);
#2176=VECTOR('',#8375,10.);
#2177=VECTOR('',#8386,10.);
#2178=VECTOR('',#8387,10.);
#2179=VECTOR('',#8390,10.);
#2180=VECTOR('',#8403,10.);
#2181=VECTOR('',#8414,10.);
#2182=VECTOR('',#8417,10.);
#2183=VECTOR('',#8420,10.);
#2184=VECTOR('',#8425,10.);
#2185=VECTOR('',#8430,10.);
#2186=VECTOR('',#8431,10.);
#2187=VECTOR('',#8442,10.);
#2188=VECTOR('',#8443,10.);
#2189=VECTOR('',#8454,10.);
#2190=VECTOR('',#8455,10.);
#2191=VECTOR('',#8458,10.);
#2192=VECTOR('',#8461,10.);
#2193=VECTOR('',#8466,10.);
#2194=VECTOR('',#8471,10.);
#2195=VECTOR('',#8476,10.);
#2196=VECTOR('',#8479,10.);
#2197=VECTOR('',#8482,10.);
#2198=VECTOR('',#8489,10.);
#2199=VECTOR('',#8490,10.);
#2200=VECTOR('',#8501,10.);
#2201=VECTOR('',#8502,10.);
#2202=VECTOR('',#8505,10.);
#2203=VECTOR('',#8510,10.);
#2204=VECTOR('',#8515,10.);
#2205=VECTOR('',#8518,10.);
#2206=VECTOR('',#8521,10.);
#2207=VECTOR('',#8522,10.);
#2208=VECTOR('',#8525,10.);
#2209=VECTOR('',#8530,10.);
#2210=VECTOR('',#8531,10.);
#2211=VECTOR('',#8534,10.);
#2212=VECTOR('',#8539,10.);
#2213=VECTOR('',#8542,10.);
#2214=VECTOR('',#8545,10.);
#2215=VECTOR('',#8548,10.);
#2216=VECTOR('',#8551,10.);
#2217=VECTOR('',#8554,10.);
#2218=VECTOR('',#8557,10.);
#2219=VECTOR('',#8560,10.);
#2220=VECTOR('',#8565,10.);
#2221=VECTOR('',#8568,10.);
#2222=VECTOR('',#8575,10.);
#2223=VECTOR('',#8580,10.);
#2224=VECTOR('',#8583,10.);
#2225=VECTOR('',#8594,10.);
#2226=VECTOR('',#8595,10.);
#2227=VECTOR('',#8600,10.);
#2228=VECTOR('',#8603,10.);
#2229=VECTOR('',#8616,10.);
#2230=VECTOR('',#8617,10.);
#2231=VECTOR('',#8628,10.);
#2232=VECTOR('',#8629,10.);
#2233=VECTOR('',#8634,10.);
#2234=VECTOR('',#8637,10.);
#2235=VECTOR('',#8648,10.);
#2236=VECTOR('',#8649,10.);
#2237=VECTOR('',#8654,10.);
#2238=VECTOR('',#8659,10.);
#2239=VECTOR('',#8662,10.);
#2240=VECTOR('',#8673,10.);
#2241=VECTOR('',#8674,10.);
#2242=VECTOR('',#8679,10.);
#2243=VECTOR('',#8684,10.);
#2244=VECTOR('',#8687,10.);
#2245=VECTOR('',#8698,10.);
#2246=VECTOR('',#8699,10.);
#2247=VECTOR('',#8704,10.);
#2248=VECTOR('',#8707,10.);
#2249=VECTOR('',#8720,10.);
#2250=VECTOR('',#8721,10.);
#2251=VECTOR('',#8732,10.);
#2252=VECTOR('',#8733,10.);
#2253=VECTOR('',#8738,10.);
#2254=VECTOR('',#8741,10.);
#2255=VECTOR('',#8752,10.);
#2256=VECTOR('',#8753,10.);
#2257=VECTOR('',#8758,10.);
#2258=VECTOR('',#8763,10.);
#2259=VECTOR('',#8766,10.);
#2260=VECTOR('',#8777,10.);
#2261=VECTOR('',#8778,10.);
#2262=VECTOR('',#8783,10.);
#2263=VECTOR('',#8784,10.);
#2264=VECTOR('',#8787,10.);
#2265=VECTOR('',#8790,10.);
#2266=VECTOR('',#8793,10.);
#2267=VECTOR('',#8796,10.);
#2268=VECTOR('',#8799,10.);
#2269=VECTOR('',#8802,10.);
#2270=VECTOR('',#8805,10.);
#2271=VECTOR('',#8808,10.);
#2272=VECTOR('',#8811,10.);
#2273=VECTOR('',#8814,10.);
#2274=VECTOR('',#8819,10.);
#2275=VECTOR('',#8822,10.);
#2276=VECTOR('',#8827,10.);
#2277=VECTOR('',#8830,10.);
#2278=VECTOR('',#8833,10.);
#2279=VECTOR('',#8836,10.);
#2280=VECTOR('',#8839,10.);
#2281=VECTOR('',#8842,10.);
#2282=VECTOR('',#8845,10.);
#2283=VECTOR('',#8848,10.);
#2284=VECTOR('',#8851,10.);
#2285=VECTOR('',#8854,10.);
#2286=VECTOR('',#8859,10.);
#2287=VECTOR('',#8862,10.);
#2288=VECTOR('',#8865,10.);
#2289=VECTOR('',#8874,0.40575);
#2290=VECTOR('',#8877,0.8115);
#2291=VECTOR('',#8882,0.40575);
#2292=VECTOR('',#8885,0.8115);
#2293=VECTOR('',#8890,0.40575);
#2294=VECTOR('',#8893,0.8115);
#2295=VECTOR('',#8898,0.40575);
#2296=VECTOR('',#8901,0.8115);
#2297=VECTOR('',#8906,0.40575);
#2298=VECTOR('',#8909,0.8115);
#2299=VECTOR('',#8914,0.40575);
#2300=VECTOR('',#8917,0.8115);
#2301=VECTOR('',#8922,10.);
#2302=VECTOR('',#8929,10.);
#2303=VECTOR('',#8936,10.);
#2304=VECTOR('',#8945,10.);
#2305=VECTOR('',#8950,0.40575);
#2306=VECTOR('',#8953,0.8115);
#2307=VECTOR('',#8958,0.40575);
#2308=VECTOR('',#8963,0.8115);
#2309=VECTOR('',#8968,0.40575);
#2310=VECTOR('',#8973,0.8115);
#2311=VECTOR('',#8978,0.40575);
#2312=VECTOR('',#8983,0.8115);
#2313=VECTOR('',#8988,0.40575);
#2314=VECTOR('',#8993,0.8115);
#2315=VECTOR('',#8998,0.40575);
#2316=VECTOR('',#9003,0.8115);
#2317=VECTOR('',#9006,10.);
#2318=VECTOR('',#9011,10.);
#2319=VECTOR('',#9012,10.);
#2320=VECTOR('',#9015,10.);
#2321=VECTOR('',#9016,10.);
#2322=VECTOR('',#9025,10.);
#2323=VECTOR('',#9030,10.);
#2324=VECTOR('',#9035,10.);
#2325=VECTOR('',#9040,10.);
#2326=CIRCLE('',#6323,1.50000000000001);
#2327=CIRCLE('',#6324,1.);
#2328=CIRCLE('',#6325,1.);
#2329=CIRCLE('',#6327,6.25);
#2330=CIRCLE('',#6328,6.25);
#2331=CIRCLE('',#6329,2.50000000000092);
#2332=CIRCLE('',#6330,2.);
#2333=CIRCLE('',#6331,2.);
#2334=CIRCLE('',#6332,2.50000000000094);
#2335=CIRCLE('',#6333,1.50000000000001);
#2336=CIRCLE('',#6334,0.8115);
#2337=CIRCLE('',#6335,0.8115);
#2338=CIRCLE('',#6337,1.);
#2339=CIRCLE('',#6339,1.);
#2340=CIRCLE('',#6340,1.);
#2341=CIRCLE('',#6342,1.);
#2342=CIRCLE('',#6344,1.50000000000001);
#2343=CIRCLE('',#6345,1.);
#2344=CIRCLE('',#6346,1.);
#2345=CIRCLE('',#6348,2.50000000000168);
#2346=CIRCLE('',#6349,2.);
#2347=CIRCLE('',#6350,2.);
#2348=CIRCLE('',#6351,2.49999999999616);
#2349=CIRCLE('',#6352,6.25);
#2350=CIRCLE('',#6353,6.25);
#2351=CIRCLE('',#6354,1.50000000000001);
#2352=CIRCLE('',#6355,0.8115);
#2353=CIRCLE('',#6356,0.8115);
#2354=CIRCLE('',#6358,1.);
#2355=CIRCLE('',#6360,1.);
#2356=CIRCLE('',#6361,1.);
#2357=CIRCLE('',#6363,1.);
#2358=CIRCLE('',#6369,0.499999999999996);
#2359=CIRCLE('',#6370,0.5);
#2360=CIRCLE('',#6372,0.5);
#2361=CIRCLE('',#6373,1.5);
#2362=CIRCLE('',#6374,0.999999999999999);
#2363=CIRCLE('',#6376,0.5);
#2364=CIRCLE('',#6378,1.5);
#2365=CIRCLE('',#6379,1.);
#2366=CIRCLE('',#6381,1.5);
#2367=CIRCLE('',#6385,0.499999999999996);
#2368=CIRCLE('',#6386,0.5);
#2369=CIRCLE('',#6388,0.5);
#2370=CIRCLE('',#6389,1.5);
#2371=CIRCLE('',#6390,0.999999999999999);
#2372=CIRCLE('',#6392,0.5);
#2373=CIRCLE('',#6394,1.5);
#2374=CIRCLE('',#6395,0.999999999999999);
#2375=CIRCLE('',#6397,1.5);
#2376=CIRCLE('',#6402,1.5);
#2377=CIRCLE('',#6403,1.5);
#2378=CIRCLE('',#6406,1.50000000000001);
#2379=CIRCLE('',#6407,1.50000000000001);
#2380=CIRCLE('',#6410,1.5);
#2381=CIRCLE('',#6411,1.5);
#2382=CIRCLE('',#6414,1.5);
#2383=CIRCLE('',#6415,1.5);
#2384=CIRCLE('',#6417,1.5);
#2385=CIRCLE('',#6418,1.5);
#2386=CIRCLE('',#6421,1.5);
#2387=CIRCLE('',#6422,1.5);
#2388=CIRCLE('',#6425,1.50000000000001);
#2389=CIRCLE('',#6426,1.50000000000001);
#2390=CIRCLE('',#6429,1.5);
#2391=CIRCLE('',#6430,1.5);
#2392=CIRCLE('',#6433,1.5);
#2393=CIRCLE('',#6434,1.5);
#2394=CIRCLE('',#6436,1.5);
#2395=CIRCLE('',#6437,1.5);
#2396=CIRCLE('',#6440,1.5);
#2397=CIRCLE('',#6441,1.5);
#2398=CIRCLE('',#6444,1.5);
#2399=CIRCLE('',#6445,1.5);
#2400=CIRCLE('',#6448,1.50000000000001);
#2401=CIRCLE('',#6449,1.50000000000001);
#2402=CIRCLE('',#6452,1.5);
#2403=CIRCLE('',#6453,1.5);
#2404=CIRCLE('',#6455,1.5);
#2405=CIRCLE('',#6458,1.5);
#2406=CIRCLE('',#6459,1.5);
#2407=CIRCLE('',#6462,1.50000000000001);
#2408=CIRCLE('',#6463,1.50000000000001);
#2409=CIRCLE('',#6466,1.5);
#2410=CIRCLE('',#6467,1.5);
#2411=CIRCLE('',#6470,1.5);
#2412=CIRCLE('',#6471,1.5);
#2413=CIRCLE('',#6473,1.5);
#2414=CIRCLE('',#6491,0.0999999999999983);
#2415=CIRCLE('',#6492,0.0999999999999995);
#2416=CIRCLE('',#6494,0.099999999999998);
#2417=CIRCLE('',#6495,1.1);
#2418=CIRCLE('',#6496,1.);
#2419=CIRCLE('',#6498,0.100000000000001);
#2420=CIRCLE('',#6500,0.1);
#2421=CIRCLE('',#6501,1.1);
#2422=CIRCLE('',#6502,1.);
#2423=CIRCLE('',#6504,0.099999999999999);
#2424=CIRCLE('',#6506,0.099999999999998);
#2425=CIRCLE('',#6507,1.1);
#2426=CIRCLE('',#6508,1.);
#2427=CIRCLE('',#6510,0.100000000000001);
#2428=CIRCLE('',#6512,1.1);
#2429=CIRCLE('',#6513,1.);
#2430=CIRCLE('',#6515,1.);
#2431=CIRCLE('',#6518,1.);
#2432=CIRCLE('',#6524,0.1);
#2433=CIRCLE('',#6525,0.0999999999999983);
#2434=CIRCLE('',#6527,0.0999999999999848);
#2435=CIRCLE('',#6528,1.1);
#2436=CIRCLE('',#6530,0.100000000000003);
#2437=CIRCLE('',#6532,0.0999999999999892);
#2438=CIRCLE('',#6533,1.1);
#2439=CIRCLE('',#6535,0.0999999999999983);
#2440=CIRCLE('',#6537,0.100000000000003);
#2441=CIRCLE('',#6538,1.);
#2442=CIRCLE('',#6539,1.1);
#2443=CIRCLE('',#6541,0.0999999999999983);
#2444=CIRCLE('',#6543,1.);
#2445=CIRCLE('',#6544,1.1);
#2446=CIRCLE('',#6549,4.4);
#2447=CIRCLE('',#6550,4.4);
#2448=CIRCLE('',#6552,5.);
#2449=CIRCLE('',#6553,0.600000000000001);
#2450=CIRCLE('',#6554,5.6);
#2451=CIRCLE('',#6555,0.600000000000002);
#2452=CIRCLE('',#6559,0.600000000000001);
#2453=CIRCLE('',#6561,5.6);
#2454=CIRCLE('',#6562,5.);
#2455=CIRCLE('',#6564,0.599999999999999);
#2456=CIRCLE('',#6567,0.6);
#2457=CIRCLE('',#6571,0.600000000000001);
#2458=CIRCLE('',#6579,5.);
#2459=CIRCLE('',#6582,5.);
#2460=CIRCLE('',#6586,0.599999999999993);
#2461=CIRCLE('',#6589,0.599999999999998);
#2462=CIRCLE('',#6591,0.599999999999998);
#2463=CIRCLE('',#6593,0.599999999999998);
#2464=CIRCLE('',#6595,0.599999999999998);
#2465=CIRCLE('',#6597,0.599999999999998);
#2466=CIRCLE('',#6600,1.);
#2467=CIRCLE('',#6603,1.);
#2468=CIRCLE('',#6604,1.);
#2469=CIRCLE('',#6608,1.);
#2470=CIRCLE('',#6609,1.);
#2471=CIRCLE('',#6613,1.);
#2472=CIRCLE('',#6628,2.5);
#2473=CIRCLE('',#6629,0.5);
#2474=CIRCLE('',#6632,0.5);
#2475=CIRCLE('',#6633,0.8115);
#2476=CIRCLE('',#6637,1.3);
#2477=CIRCLE('',#6642,1.3);
#2478=CIRCLE('',#6647,1.3);
#2479=CIRCLE('',#6650,2.5);
#2480=CIRCLE('',#6651,0.8115);
#2481=CIRCLE('',#6657,1.3);
#2482=CIRCLE('',#6665,1.1);
#2483=CIRCLE('',#6667,1.1);
#2484=CIRCLE('',#6669,1.1);
#2485=CIRCLE('',#6671,1.1);
#2486=CIRCLE('',#6677,0.500000000000002);
#2487=CIRCLE('',#6678,0.5);
#2488=CIRCLE('',#6680,0.5);
#2489=CIRCLE('',#6682,0.500000000000002);
#2490=CIRCLE('',#6684,0.5);
#2491=CIRCLE('',#6685,0.5);
#2492=CIRCLE('',#6689,0.499999999999999);
#2493=CIRCLE('',#6690,0.5);
#2494=CIRCLE('',#6691,0.499999999999999);
#2495=CIRCLE('',#6692,1.);
#2496=CIRCLE('',#6697,0.499999999999998);
#2497=CIRCLE('',#6698,0.5);
#2498=CIRCLE('',#6699,0.499999999999999);
#2499=CIRCLE('',#6701,0.499999999999998);
#2500=CIRCLE('',#6702,0.499999999999994);
#2501=CIRCLE('',#6703,0.499999999999998);
#2502=CIRCLE('',#6707,0.499999999999998);
#2503=CIRCLE('',#6709,1.);
#2504=CIRCLE('',#6710,0.499999999999998);
#2505=CIRCLE('',#6711,0.5);
#2506=CIRCLE('',#6729,0.5);
#2507=CIRCLE('',#6730,0.5);
#2508=CIRCLE('',#6731,0.499999999999998);
#2509=CIRCLE('',#6733,0.499999999999998);
#2510=CIRCLE('',#6734,0.5);
#2511=CIRCLE('',#6735,0.5);
#2512=CIRCLE('',#6737,0.5);
#2513=CIRCLE('',#6738,0.500000000000001);
#2514=CIRCLE('',#6739,0.499999999999998);
#2515=CIRCLE('',#6745,0.5);
#2516=CIRCLE('',#6746,0.499999999999998);
#2517=CIRCLE('',#6747,0.499999999999998);
#2518=CIRCLE('',#6749,0.500000000000001);
#2519=CIRCLE('',#6750,0.5);
#2520=CIRCLE('',#6751,0.5);
#2521=CIRCLE('',#6753,0.5);
#2522=CIRCLE('',#6755,0.499999999999999);
#2523=CIRCLE('',#6756,2.);
#2524=CIRCLE('',#6757,1.5);
#2525=CIRCLE('',#6760,0.5);
#2526=CIRCLE('',#6761,0.499999999999998);
#2527=CIRCLE('',#6762,0.5);
#2528=CIRCLE('',#6764,0.499999999999996);
#2529=CIRCLE('',#6766,0.499999999999998);
#2530=CIRCLE('',#6767,2.);
#2531=CIRCLE('',#6768,1.5);
#2532=CIRCLE('',#6772,0.500000000000002);
#2533=CIRCLE('',#6773,0.5);
#2534=CIRCLE('',#6774,0.499999999999996);
#2535=CIRCLE('',#6777,0.499999999999998);
#2536=CIRCLE('',#6778,0.499999999999996);
#2537=CIRCLE('',#6779,0.499999999999999);
#2538=CIRCLE('',#6784,0.5);
#2539=CIRCLE('',#6787,0.5);
#2540=CIRCLE('',#6788,0.5);
#2541=CIRCLE('',#6789,0.499999999999996);
#2542=CIRCLE('',#6791,0.5);
#2543=CIRCLE('',#6793,0.5);
#2544=CIRCLE('',#6794,2.);
#2545=CIRCLE('',#6795,1.5);
#2546=CIRCLE('',#6800,0.500000000000002);
#2547=CIRCLE('',#6801,0.5);
#2548=CIRCLE('',#6802,0.5);
#2549=CIRCLE('',#6805,0.499999999999998);
#2550=CIRCLE('',#6806,0.499999999999996);
#2551=CIRCLE('',#6807,0.5);
#2552=CIRCLE('',#6814,0.5);
#2553=CIRCLE('',#6816,0.499999999999991);
#2554=CIRCLE('',#6817,2.);
#2555=CIRCLE('',#6818,1.5);
#2556=CIRCLE('',#6821,0.5);
#2557=CIRCLE('',#6822,2.);
#2558=CIRCLE('',#6823,1.5);
#2559=CIRCLE('',#6829,0.5);
#2560=CIRCLE('',#6837,0.499999999999998);
#2561=CIRCLE('',#6839,0.500000000000004);
#2562=CIRCLE('',#6840,2.);
#2563=CIRCLE('',#6841,1.5);
#2564=CIRCLE('',#6851,1.5);
#2565=CIRCLE('',#6854,1.5);
#2566=CIRCLE('',#6856,1.5);
#2567=CIRCLE('',#6859,1.5);
#2568=CIRCLE('',#6862,1.5);
#2569=CIRCLE('',#6863,0.8115);
#2570=CIRCLE('',#6871,0.5);
#2571=CIRCLE('',#6873,0.5);
#2572=CIRCLE('',#6874,2.50000000000092);
#2573=CIRCLE('',#6875,3.00000000000092);
#2574=CIRCLE('',#6879,0.5);
#2575=CIRCLE('',#6881,0.5);
#2576=CIRCLE('',#6882,2.);
#2577=CIRCLE('',#6883,1.5);
#2578=CIRCLE('',#6885,0.5);
#2579=CIRCLE('',#6887,0.5);
#2580=CIRCLE('',#6888,2.);
#2581=CIRCLE('',#6889,1.5);
#2582=CIRCLE('',#6893,0.5);
#2583=CIRCLE('',#6895,0.5);
#2584=CIRCLE('',#6896,2.50000000000094);
#2585=CIRCLE('',#6897,3.00000000000094);
#2586=CIRCLE('',#6903,0.5);
#2587=CIRCLE('',#6905,0.5);
#2588=CIRCLE('',#6906,2.5);
#2589=CIRCLE('',#6907,3.);
#2590=CIRCLE('',#6913,0.5);
#2591=CIRCLE('',#6915,0.5);
#2592=CIRCLE('',#6916,2.50000000000168);
#2593=CIRCLE('',#6917,3.00000000000168);
#2594=CIRCLE('',#6921,0.5);
#2595=CIRCLE('',#6923,0.5);
#2596=CIRCLE('',#6924,2.);
#2597=CIRCLE('',#6925,1.5);
#2598=CIRCLE('',#6927,0.5);
#2599=CIRCLE('',#6929,0.5);
#2600=CIRCLE('',#6930,2.);
#2601=CIRCLE('',#6931,1.5);
#2602=CIRCLE('',#6935,0.5);
#2603=CIRCLE('',#6937,0.5);
#2604=CIRCLE('',#6938,2.49999999999616);
#2605=CIRCLE('',#6939,2.99999999999616);
#2606=CIRCLE('',#6945,0.5);
#2607=CIRCLE('',#6947,0.5);
#2608=CIRCLE('',#6948,2.5);
#2609=CIRCLE('',#6949,3.);
#2610=CIRCLE('',#6984,0.8115);
#2611=CIRCLE('',#6987,0.8115);
#2612=CIRCLE('',#6990,0.8115);
#2613=CIRCLE('',#6993,0.8115);
#2614=CIRCLE('',#6996,0.8115);
#2615=CIRCLE('',#6999,0.8115);
#2616=CIRCLE('',#7014,0.8115);
#2617=CIRCLE('',#7017,0.8115);
#2618=CIRCLE('',#7019,0.8115);
#2619=CIRCLE('',#7021,0.8115);
#2620=CIRCLE('',#7023,0.8115);
#2621=CIRCLE('',#7025,0.8115);
#2622=CIRCLE('',#7027,0.8115);
#2623=CIRCLE('',#7029,0.8115);
#2624=CIRCLE('',#7031,0.8115);
#2625=CIRCLE('',#7033,0.8115);
#2626=CIRCLE('',#7035,0.8115);
#2627=CIRCLE('',#7041,1.5);
#2628=VERTEX_POINT('',#9045);
#2629=VERTEX_POINT('',#9047);
#2630=VERTEX_POINT('',#9049);
#2631=VERTEX_POINT('',#9053);
#2632=VERTEX_POINT('',#9054);
#2633=VERTEX_POINT('',#9056);
#2634=VERTEX_POINT('',#9058);
#2635=VERTEX_POINT('',#9060);
#2636=VERTEX_POINT('',#9062);
#2637=VERTEX_POINT('',#9064);
#2638=VERTEX_POINT('',#9066);
#2639=VERTEX_POINT('',#9068);
#2640=VERTEX_POINT('',#9070);
#2641=VERTEX_POINT('',#9072);
#2642=VERTEX_POINT('',#9074);
#2643=VERTEX_POINT('',#9076);
#2644=VERTEX_POINT('',#9078);
#2645=VERTEX_POINT('',#9080);
#2646=VERTEX_POINT('',#9082);
#2647=VERTEX_POINT('',#9084);
#2648=VERTEX_POINT('',#9086);
#2649=VERTEX_POINT('',#9088);
#2650=VERTEX_POINT('',#9090);
#2651=VERTEX_POINT('',#9093);
#2652=VERTEX_POINT('',#9095);
#2653=VERTEX_POINT('',#9097);
#2654=VERTEX_POINT('',#9100);
#2655=VERTEX_POINT('',#9104);
#2656=VERTEX_POINT('',#9106);
#2657=VERTEX_POINT('',#9110);
#2658=VERTEX_POINT('',#9114);
#2659=VERTEX_POINT('',#9116);
#2660=VERTEX_POINT('',#9118);
#2661=VERTEX_POINT('',#9122);
#2662=VERTEX_POINT('',#9123);
#2663=VERTEX_POINT('',#9125);
#2664=VERTEX_POINT('',#9127);
#2665=VERTEX_POINT('',#9129);
#2666=VERTEX_POINT('',#9131);
#2667=VERTEX_POINT('',#9133);
#2668=VERTEX_POINT('',#9135);
#2669=VERTEX_POINT('',#9137);
#2670=VERTEX_POINT('',#9139);
#2671=VERTEX_POINT('',#9141);
#2672=VERTEX_POINT('',#9143);
#2673=VERTEX_POINT('',#9145);
#2674=VERTEX_POINT('',#9147);
#2675=VERTEX_POINT('',#9149);
#2676=VERTEX_POINT('',#9151);
#2677=VERTEX_POINT('',#9153);
#2678=VERTEX_POINT('',#9155);
#2679=VERTEX_POINT('',#9157);
#2680=VERTEX_POINT('',#9159);
#2681=VERTEX_POINT('',#9162);
#2682=VERTEX_POINT('',#9164);
#2683=VERTEX_POINT('',#9166);
#2684=VERTEX_POINT('',#9169);
#2685=VERTEX_POINT('',#9173);
#2686=VERTEX_POINT('',#9175);
#2687=VERTEX_POINT('',#9179);
#2688=VERTEX_POINT('',#9183);
#2689=VERTEX_POINT('',#9186);
#2690=VERTEX_POINT('',#9189);
#2691=VERTEX_POINT('',#9192);
#2692=VERTEX_POINT('',#9195);
#2693=VERTEX_POINT('',#9196);
#2694=VERTEX_POINT('',#9198);
#2695=VERTEX_POINT('',#9200);
#2696=VERTEX_POINT('',#9204);
#2697=VERTEX_POINT('',#9205);
#2698=VERTEX_POINT('',#9210);
#2699=VERTEX_POINT('',#9211);
#2700=VERTEX_POINT('',#9219);
#2701=VERTEX_POINT('',#9221);
#2702=VERTEX_POINT('',#9225);
#2703=VERTEX_POINT('',#9230);
#2704=VERTEX_POINT('',#9231);
#2705=VERTEX_POINT('',#9233);
#2706=VERTEX_POINT('',#9235);
#2707=VERTEX_POINT('',#9239);
#2708=VERTEX_POINT('',#9240);
#2709=VERTEX_POINT('',#9245);
#2710=VERTEX_POINT('',#9246);
#2711=VERTEX_POINT('',#9254);
#2712=VERTEX_POINT('',#9256);
#2713=VERTEX_POINT('',#9260);
#2714=VERTEX_POINT('',#9265);
#2715=VERTEX_POINT('',#9266);
#2716=VERTEX_POINT('',#9268);
#2717=VERTEX_POINT('',#9270);
#2718=VERTEX_POINT('',#9274);
#2719=VERTEX_POINT('',#9276);
#2720=VERTEX_POINT('',#9280);
#2721=VERTEX_POINT('',#9282);
#2722=VERTEX_POINT('',#9286);
#2723=VERTEX_POINT('',#9288);
#2724=VERTEX_POINT('',#9292);
#2725=VERTEX_POINT('',#9294);
#2726=VERTEX_POINT('',#9298);
#2727=VERTEX_POINT('',#9300);
#2728=VERTEX_POINT('',#9304);
#2729=VERTEX_POINT('',#9306);
#2730=VERTEX_POINT('',#9313);
#2731=VERTEX_POINT('',#9314);
#2732=VERTEX_POINT('',#9316);
#2733=VERTEX_POINT('',#9318);
#2734=VERTEX_POINT('',#9322);
#2735=VERTEX_POINT('',#9323);
#2736=VERTEX_POINT('',#9325);
#2737=VERTEX_POINT('',#9327);
#2738=VERTEX_POINT('',#9331);
#2739=VERTEX_POINT('',#9333);
#2740=VERTEX_POINT('',#9337);
#2741=VERTEX_POINT('',#9339);
#2742=VERTEX_POINT('',#9343);
#2743=VERTEX_POINT('',#9345);
#2744=VERTEX_POINT('',#9349);
#2745=VERTEX_POINT('',#9351);
#2746=VERTEX_POINT('',#9355);
#2747=VERTEX_POINT('',#9357);
#2748=VERTEX_POINT('',#9361);
#2749=VERTEX_POINT('',#9363);
#2750=VERTEX_POINT('',#9370);
#2751=VERTEX_POINT('',#9371);
#2752=VERTEX_POINT('',#9373);
#2753=VERTEX_POINT('',#9375);
#2754=VERTEX_POINT('',#9379);
#2755=VERTEX_POINT('',#9380);
#2756=VERTEX_POINT('',#9382);
#2757=VERTEX_POINT('',#9384);
#2758=VERTEX_POINT('',#9388);
#2759=VERTEX_POINT('',#9390);
#2760=VERTEX_POINT('',#9394);
#2761=VERTEX_POINT('',#9396);
#2762=VERTEX_POINT('',#9400);
#2763=VERTEX_POINT('',#9402);
#2764=VERTEX_POINT('',#9406);
#2765=VERTEX_POINT('',#9408);
#2766=VERTEX_POINT('',#9412);
#2767=VERTEX_POINT('',#9414);
#2768=VERTEX_POINT('',#9418);
#2769=VERTEX_POINT('',#9420);
#2770=VERTEX_POINT('',#9427);
#2771=VERTEX_POINT('',#9431);
#2772=VERTEX_POINT('',#9432);
#2773=VERTEX_POINT('',#9434);
#2774=VERTEX_POINT('',#9436);
#2775=VERTEX_POINT('',#9440);
#2776=VERTEX_POINT('',#9442);
#2777=VERTEX_POINT('',#9446);
#2778=VERTEX_POINT('',#9448);
#2779=VERTEX_POINT('',#9452);
#2780=VERTEX_POINT('',#9454);
#2781=VERTEX_POINT('',#9458);
#2782=VERTEX_POINT('',#9460);
#2783=VERTEX_POINT('',#9464);
#2784=VERTEX_POINT('',#9466);
#2785=VERTEX_POINT('',#9470);
#2786=VERTEX_POINT('',#9472);
#2787=VERTEX_POINT('',#9479);
#2788=VERTEX_POINT('',#9483);
#2789=VERTEX_POINT('',#9485);
#2790=VERTEX_POINT('',#9489);
#2791=VERTEX_POINT('',#9493);
#2792=VERTEX_POINT('',#9495);
#2793=VERTEX_POINT('',#9499);
#2794=VERTEX_POINT('',#9509);
#2795=VERTEX_POINT('',#9515);
#2796=VERTEX_POINT('',#9521);
#2797=VERTEX_POINT('',#9522);
#2798=VERTEX_POINT('',#9524);
#2799=VERTEX_POINT('',#9526);
#2800=VERTEX_POINT('',#9530);
#2801=VERTEX_POINT('',#9531);
#2802=VERTEX_POINT('',#9536);
#2803=VERTEX_POINT('',#9537);
#2804=VERTEX_POINT('',#9542);
#2805=VERTEX_POINT('',#9543);
#2806=VERTEX_POINT('',#9548);
#2807=VERTEX_POINT('',#9549);
#2808=VERTEX_POINT('',#9554);
#2809=VERTEX_POINT('',#9555);
#2810=VERTEX_POINT('',#9560);
#2811=VERTEX_POINT('',#9561);
#2812=VERTEX_POINT('',#9569);
#2813=VERTEX_POINT('',#9571);
#2814=VERTEX_POINT('',#9575);
#2815=VERTEX_POINT('',#9579);
#2816=VERTEX_POINT('',#9583);
#2817=VERTEX_POINT('',#9587);
#2818=VERTEX_POINT('',#9588);
#2819=VERTEX_POINT('',#9590);
#2820=VERTEX_POINT('',#9592);
#2821=VERTEX_POINT('',#9594);
#2822=VERTEX_POINT('',#9596);
#2823=VERTEX_POINT('',#9598);
#2824=VERTEX_POINT('',#9600);
#2825=VERTEX_POINT('',#9602);
#2826=VERTEX_POINT('',#9604);
#2827=VERTEX_POINT('',#9606);
#2828=VERTEX_POINT('',#9608);
#2829=VERTEX_POINT('',#9610);
#2830=VERTEX_POINT('',#9616);
#2831=VERTEX_POINT('',#9618);
#2832=VERTEX_POINT('',#9620);
#2833=VERTEX_POINT('',#9622);
#2834=VERTEX_POINT('',#9624);
#2835=VERTEX_POINT('',#9632);
#2836=VERTEX_POINT('',#9634);
#2837=VERTEX_POINT('',#9638);
#2838=VERTEX_POINT('',#9642);
#2839=VERTEX_POINT('',#9646);
#2840=VERTEX_POINT('',#9650);
#2841=VERTEX_POINT('',#9651);
#2842=VERTEX_POINT('',#9656);
#2843=VERTEX_POINT('',#9657);
#2844=VERTEX_POINT('',#9662);
#2845=VERTEX_POINT('',#9663);
#2846=VERTEX_POINT('',#9677);
#2847=VERTEX_POINT('',#9678);
#2848=VERTEX_POINT('',#9680);
#2849=VERTEX_POINT('',#9682);
#2850=VERTEX_POINT('',#9684);
#2851=VERTEX_POINT('',#9686);
#2852=VERTEX_POINT('',#9690);
#2853=VERTEX_POINT('',#9691);
#2854=VERTEX_POINT('',#9693);
#2855=VERTEX_POINT('',#9695);
#2856=VERTEX_POINT('',#9770);
#2857=VERTEX_POINT('',#9771);
#2858=VERTEX_POINT('',#9773);
#2859=VERTEX_POINT('',#9777);
#2860=VERTEX_POINT('',#9778);
#2861=VERTEX_POINT('',#9783);
#2862=VERTEX_POINT('',#9785);
#2863=VERTEX_POINT('',#9854);
#2864=VERTEX_POINT('',#9856);
#2865=VERTEX_POINT('',#9858);
#2866=VERTEX_POINT('',#9874);
#2867=VERTEX_POINT('',#9875);
#2868=VERTEX_POINT('',#9903);
#2869=VERTEX_POINT('',#9917);
#2870=VERTEX_POINT('',#9918);
#2871=VERTEX_POINT('',#9952);
#2872=VERTEX_POINT('',#9956);
#2873=VERTEX_POINT('',#9958);
#2874=VERTEX_POINT('',#10004);
#2875=VERTEX_POINT('',#10006);
#2876=VERTEX_POINT('',#10010);
#2877=VERTEX_POINT('',#10014);
#2878=VERTEX_POINT('',#10018);
#2879=VERTEX_POINT('',#10022);
#2880=VERTEX_POINT('',#10026);
#2881=VERTEX_POINT('',#10030);
#2882=VERTEX_POINT('',#10126);
#2883=VERTEX_POINT('',#10128);
#2884=VERTEX_POINT('',#10130);
#2885=VERTEX_POINT('',#10137);
#2886=VERTEX_POINT('',#10138);
#2887=VERTEX_POINT('',#10172);
#2888=VERTEX_POINT('',#10173);
#2889=VERTEX_POINT('',#10178);
#2890=VERTEX_POINT('',#10179);
#2891=VERTEX_POINT('',#10213);
#2892=VERTEX_POINT('',#10214);
#2893=VERTEX_POINT('',#10219);
#2894=VERTEX_POINT('',#10220);
#2895=VERTEX_POINT('',#10249);
#2896=VERTEX_POINT('',#10251);
#2897=VERTEX_POINT('',#10253);
#2898=VERTEX_POINT('',#10313);
#2899=VERTEX_POINT('',#10315);
#2900=VERTEX_POINT('',#10317);
#2901=VERTEX_POINT('',#10319);
#2902=VERTEX_POINT('',#10321);
#2903=VERTEX_POINT('',#10323);
#2904=VERTEX_POINT('',#10325);
#2905=VERTEX_POINT('',#10327);
#2906=VERTEX_POINT('',#10329);
#2907=VERTEX_POINT('',#10331);
#2908=VERTEX_POINT('',#10333);
#2909=VERTEX_POINT('',#10335);
#2910=VERTEX_POINT('',#10337);
#2911=VERTEX_POINT('',#10339);
#2912=VERTEX_POINT('',#10347);
#2913=VERTEX_POINT('',#10352);
#2914=VERTEX_POINT('',#10353);
#2915=VERTEX_POINT('',#10355);
#2916=VERTEX_POINT('',#10357);
#2917=VERTEX_POINT('',#10361);
#2918=VERTEX_POINT('',#10363);
#2919=VERTEX_POINT('',#10365);
#2920=VERTEX_POINT('',#10367);
#2921=VERTEX_POINT('',#10369);
#2922=VERTEX_POINT('',#10371);
#2923=VERTEX_POINT('',#10373);
#2924=VERTEX_POINT('',#10376);
#2925=VERTEX_POINT('',#10378);
#2926=VERTEX_POINT('',#10380);
#2927=VERTEX_POINT('',#10382);
#2928=VERTEX_POINT('',#10384);
#2929=VERTEX_POINT('',#10387);
#2930=VERTEX_POINT('',#10390);
#2931=VERTEX_POINT('',#10392);
#2932=VERTEX_POINT('',#10394);
#2933=VERTEX_POINT('',#10396);
#2934=VERTEX_POINT('',#10398);
#2935=VERTEX_POINT('',#10401);
#2936=VERTEX_POINT('',#10403);
#2937=VERTEX_POINT('',#10407);
#2938=VERTEX_POINT('',#10408);
#2939=VERTEX_POINT('',#10413);
#2940=VERTEX_POINT('',#10416);
#2941=VERTEX_POINT('',#10419);
#2942=VERTEX_POINT('',#10421);
#2943=VERTEX_POINT('',#10425);
#2944=VERTEX_POINT('',#10427);
#2945=VERTEX_POINT('',#10429);
#2946=VERTEX_POINT('',#10432);
#2947=VERTEX_POINT('',#10434);
#2948=VERTEX_POINT('',#10436);
#2949=VERTEX_POINT('',#10438);
#2950=VERTEX_POINT('',#10440);
#2951=VERTEX_POINT('',#10448);
#2952=VERTEX_POINT('',#10455);
#2953=VERTEX_POINT('',#10457);
#2954=VERTEX_POINT('',#10461);
#2955=VERTEX_POINT('',#10464);
#2956=VERTEX_POINT('',#10467);
#2957=VERTEX_POINT('',#10468);
#2958=VERTEX_POINT('',#10473);
#2959=VERTEX_POINT('',#10475);
#2960=VERTEX_POINT('',#10477);
#2961=VERTEX_POINT('',#10480);
#2962=VERTEX_POINT('',#10483);
#2963=VERTEX_POINT('',#10485);
#2964=VERTEX_POINT('',#10488);
#2965=VERTEX_POINT('',#10490);
#2966=VERTEX_POINT('',#10499);
#2967=VERTEX_POINT('',#10500);
#2968=VERTEX_POINT('',#10502);
#2969=VERTEX_POINT('',#10504);
#2970=VERTEX_POINT('',#10508);
#2971=VERTEX_POINT('',#10510);
#2972=VERTEX_POINT('',#10513);
#2973=VERTEX_POINT('',#10516);
#2974=VERTEX_POINT('',#10519);
#2975=VERTEX_POINT('',#10521);
#2976=VERTEX_POINT('',#10524);
#2977=VERTEX_POINT('',#10526);
#2978=VERTEX_POINT('',#10530);
#2979=VERTEX_POINT('',#10534);
#2980=VERTEX_POINT('',#10538);
#2981=VERTEX_POINT('',#10542);
#2982=VERTEX_POINT('',#10546);
#2983=VERTEX_POINT('',#10550);
#2984=VERTEX_POINT('',#10554);
#2985=VERTEX_POINT('',#10558);
#2986=VERTEX_POINT('',#10562);
#2987=VERTEX_POINT('',#10568);
#2988=VERTEX_POINT('',#10573);
#2989=VERTEX_POINT('',#10596);
#2990=VERTEX_POINT('',#10624);
#2991=VERTEX_POINT('',#10632);
#2992=VERTEX_POINT('',#10636);
#2993=VERTEX_POINT('',#10640);
#2994=VERTEX_POINT('',#10642);
#2995=VERTEX_POINT('',#10646);
#2996=VERTEX_POINT('',#10648);
#2997=VERTEX_POINT('',#10650);
#2998=VERTEX_POINT('',#10658);
#2999=VERTEX_POINT('',#10660);
#3000=VERTEX_POINT('',#10662);
#3001=VERTEX_POINT('',#10664);
#3002=VERTEX_POINT('',#10666);
#3003=VERTEX_POINT('',#10668);
#3004=VERTEX_POINT('',#10670);
#3005=VERTEX_POINT('',#10672);
#3006=VERTEX_POINT('',#10674);
#3007=VERTEX_POINT('',#10678);
#3008=VERTEX_POINT('',#10680);
#3009=VERTEX_POINT('',#10684);
#3010=VERTEX_POINT('',#10712);
#3011=VERTEX_POINT('',#10739);
#3012=VERTEX_POINT('',#10748);
#3013=VERTEX_POINT('',#10750);
#3014=VERTEX_POINT('',#10754);
#3015=VERTEX_POINT('',#10756);
#3016=VERTEX_POINT('',#10758);
#3017=VERTEX_POINT('',#10760);
#3018=VERTEX_POINT('',#10762);
#3019=VERTEX_POINT('',#10764);
#3020=VERTEX_POINT('',#10769);
#3021=VERTEX_POINT('',#10773);
#3022=VERTEX_POINT('',#10777);
#3023=VERTEX_POINT('',#10778);
#3024=VERTEX_POINT('',#10780);
#3025=VERTEX_POINT('',#10782);
#3026=VERTEX_POINT('',#10792);
#3027=VERTEX_POINT('',#10794);
#3028=VERTEX_POINT('',#10796);
#3029=VERTEX_POINT('',#10798);
#3030=VERTEX_POINT('',#10800);
#3031=VERTEX_POINT('',#10802);
#3032=VERTEX_POINT('',#10806);
#3033=VERTEX_POINT('',#10807);
#3034=VERTEX_POINT('',#10812);
#3035=VERTEX_POINT('',#10814);
#3036=VERTEX_POINT('',#10818);
#3037=VERTEX_POINT('',#10819);
#3038=VERTEX_POINT('',#10824);
#3039=VERTEX_POINT('',#10826);
#3040=VERTEX_POINT('',#10832);
#3041=VERTEX_POINT('',#10834);
#3042=VERTEX_POINT('',#10838);
#3043=VERTEX_POINT('',#10840);
#3044=VERTEX_POINT('',#10844);
#3045=VERTEX_POINT('',#10845);
#3046=VERTEX_POINT('',#10850);
#3047=VERTEX_POINT('',#10851);
#3048=VERTEX_POINT('',#10859);
#3049=VERTEX_POINT('',#10861);
#3050=VERTEX_POINT('',#10865);
#3051=VERTEX_POINT('',#10866);
#3052=VERTEX_POINT('',#10871);
#3053=VERTEX_POINT('',#10872);
#3054=VERTEX_POINT('',#10882);
#3055=VERTEX_POINT('',#10884);
#3056=VERTEX_POINT('',#10890);
#3057=VERTEX_POINT('',#10891);
#3058=VERTEX_POINT('',#10898);
#3059=VERTEX_POINT('',#10902);
#3060=VERTEX_POINT('',#10904);
#3061=VERTEX_POINT('',#10906);
#3062=VERTEX_POINT('',#10910);
#3063=VERTEX_POINT('',#10912);
#3064=VERTEX_POINT('',#10916);
#3065=VERTEX_POINT('',#10917);
#3066=VERTEX_POINT('',#10922);
#3067=VERTEX_POINT('',#10923);
#3068=VERTEX_POINT('',#10931);
#3069=VERTEX_POINT('',#10935);
#3070=VERTEX_POINT('',#10937);
#3071=VERTEX_POINT('',#10943);
#3072=VERTEX_POINT('',#10944);
#3073=VERTEX_POINT('',#10953);
#3074=VERTEX_POINT('',#10959);
#3075=VERTEX_POINT('',#10960);
#3076=VERTEX_POINT('',#10965);
#3077=VERTEX_POINT('',#10966);
#3078=VERTEX_POINT('',#10974);
#3079=VERTEX_POINT('',#10975);
#3080=VERTEX_POINT('',#10985);
#3081=VERTEX_POINT('',#10989);
#3082=VERTEX_POINT('',#10993);
#3083=VERTEX_POINT('',#11001);
#3084=VERTEX_POINT('',#11005);
#3085=VERTEX_POINT('',#11006);
#3086=VERTEX_POINT('',#11011);
#3087=VERTEX_POINT('',#11012);
#3088=VERTEX_POINT('',#11020);
#3089=VERTEX_POINT('',#11026);
#3090=VERTEX_POINT('',#11032);
#3091=VERTEX_POINT('',#11036);
#3092=VERTEX_POINT('',#11040);
#3093=VERTEX_POINT('',#11044);
#3094=VERTEX_POINT('',#11048);
#3095=VERTEX_POINT('',#11050);
#3096=VERTEX_POINT('',#11056);
#3097=VERTEX_POINT('',#11058);
#3098=VERTEX_POINT('',#11064);
#3099=VERTEX_POINT('',#11066);
#3100=VERTEX_POINT('',#11069);
#3101=VERTEX_POINT('',#11078);
#3102=VERTEX_POINT('',#11082);
#3103=VERTEX_POINT('',#11084);
#3104=VERTEX_POINT('',#11088);
#3105=VERTEX_POINT('',#11089);
#3106=VERTEX_POINT('',#11094);
#3107=VERTEX_POINT('',#11096);
#3108=VERTEX_POINT('',#11100);
#3109=VERTEX_POINT('',#11102);
#3110=VERTEX_POINT('',#11106);
#3111=VERTEX_POINT('',#11107);
#3112=VERTEX_POINT('',#11112);
#3113=VERTEX_POINT('',#11113);
#3114=VERTEX_POINT('',#11118);
#3115=VERTEX_POINT('',#11119);
#3116=VERTEX_POINT('',#11124);
#3117=VERTEX_POINT('',#11126);
#3118=VERTEX_POINT('',#11130);
#3119=VERTEX_POINT('',#11132);
#3120=VERTEX_POINT('',#11136);
#3121=VERTEX_POINT('',#11137);
#3122=VERTEX_POINT('',#11143);
#3123=VERTEX_POINT('',#11147);
#3124=VERTEX_POINT('',#11151);
#3125=VERTEX_POINT('',#11153);
#3126=VERTEX_POINT('',#11157);
#3127=VERTEX_POINT('',#11158);
#3128=VERTEX_POINT('',#11164);
#3129=VERTEX_POINT('',#11168);
#3130=VERTEX_POINT('',#11172);
#3131=VERTEX_POINT('',#11174);
#3132=VERTEX_POINT('',#11178);
#3133=VERTEX_POINT('',#11179);
#3134=VERTEX_POINT('',#11184);
#3135=VERTEX_POINT('',#11186);
#3136=VERTEX_POINT('',#11190);
#3137=VERTEX_POINT('',#11192);
#3138=VERTEX_POINT('',#11196);
#3139=VERTEX_POINT('',#11197);
#3140=VERTEX_POINT('',#11202);
#3141=VERTEX_POINT('',#11203);
#3142=VERTEX_POINT('',#11208);
#3143=VERTEX_POINT('',#11209);
#3144=VERTEX_POINT('',#11214);
#3145=VERTEX_POINT('',#11216);
#3146=VERTEX_POINT('',#11220);
#3147=VERTEX_POINT('',#11222);
#3148=VERTEX_POINT('',#11226);
#3149=VERTEX_POINT('',#11227);
#3150=VERTEX_POINT('',#11233);
#3151=VERTEX_POINT('',#11237);
#3152=VERTEX_POINT('',#11241);
#3153=VERTEX_POINT('',#11243);
#3154=VERTEX_POINT('',#11247);
#3155=VERTEX_POINT('',#11248);
#3156=VERTEX_POINT('',#11253);
#3157=VERTEX_POINT('',#11255);
#3158=VERTEX_POINT('',#11317);
#3159=VERTEX_POINT('',#11319);
#3160=VERTEX_POINT('',#11324);
#3161=VERTEX_POINT('',#11326);
#3162=VERTEX_POINT('',#11331);
#3163=VERTEX_POINT('',#11333);
#3164=VERTEX_POINT('',#11338);
#3165=VERTEX_POINT('',#11340);
#3166=VERTEX_POINT('',#11345);
#3167=VERTEX_POINT('',#11347);
#3168=VERTEX_POINT('',#11352);
#3169=VERTEX_POINT('',#11354);
#3170=VERTEX_POINT('',#11375);
#3171=VERTEX_POINT('',#11377);
#3172=VERTEX_POINT('',#11382);
#3173=VERTEX_POINT('',#11384);
#3174=VERTEX_POINT('',#11387);
#3175=VERTEX_POINT('',#11391);
#3176=VERTEX_POINT('',#11393);
#3177=VERTEX_POINT('',#11396);
#3178=VERTEX_POINT('',#11400);
#3179=VERTEX_POINT('',#11402);
#3180=VERTEX_POINT('',#11405);
#3181=VERTEX_POINT('',#11409);
#3182=VERTEX_POINT('',#11411);
#3183=VERTEX_POINT('',#11414);
#3184=VERTEX_POINT('',#11418);
#3185=VERTEX_POINT('',#11420);
#3186=VERTEX_POINT('',#11423);
#3187=VERTEX_POINT('',#11430);
#3188=VERTEX_POINT('',#11434);
#3189=EDGE_CURVE('',#2628,#2628,#2326,.T.);
#3190=EDGE_CURVE('',#2628,#2629,#1262,.T.);
#3191=EDGE_CURVE('',#2629,#2630,#2327,.T.);
#3192=EDGE_CURVE('',#2630,#2629,#2328,.T.);
#3193=EDGE_CURVE('',#2631,#2632,#1263,.T.);
#3194=EDGE_CURVE('',#2633,#2631,#1264,.T.);
#3195=EDGE_CURVE('',#2634,#2633,#2329,.T.);
#3196=EDGE_CURVE('',#2635,#2634,#1265,.T.);
#3197=EDGE_CURVE('',#2636,#2635,#2330,.T.);
#3198=EDGE_CURVE('',#2637,#2636,#1266,.T.);
#3199=EDGE_CURVE('',#2638,#2637,#1267,.T.);
#3200=EDGE_CURVE('',#2638,#2639,#1268,.T.);
#3201=EDGE_CURVE('',#2639,#2640,#1269,.T.);
#3202=EDGE_CURVE('',#2640,#2641,#2331,.T.);
#3203=EDGE_CURVE('',#2641,#2642,#1270,.T.);
#3204=EDGE_CURVE('',#2642,#2643,#1271,.T.);
#3205=EDGE_CURVE('',#2644,#2643,#2332,.T.);
#3206=EDGE_CURVE('',#2644,#2645,#1272,.T.);
#3207=EDGE_CURVE('',#2646,#2645,#2333,.T.);
#3208=EDGE_CURVE('',#2646,#2647,#1273,.T.);
#3209=EDGE_CURVE('',#2647,#2648,#1274,.T.);
#3210=EDGE_CURVE('',#2648,#2649,#2334,.T.);
#3211=EDGE_CURVE('',#2649,#2650,#1275,.T.);
#3212=EDGE_CURVE('',#2650,#2632,#1276,.T.);
#3213=EDGE_CURVE('',#2651,#2651,#2335,.T.);
#3214=EDGE_CURVE('',#2652,#2652,#2336,.T.);
#3215=EDGE_CURVE('',#2653,#2653,#2337,.T.);
#3216=EDGE_CURVE('',#2630,#2654,#1277,.T.);
#3217=EDGE_CURVE('',#2654,#2654,#2338,.T.);
#3218=EDGE_CURVE('',#2651,#2655,#1278,.T.);
#3219=EDGE_CURVE('',#2655,#2656,#2339,.T.);
#3220=EDGE_CURVE('',#2656,#2655,#2340,.T.);
#3221=EDGE_CURVE('',#2656,#2657,#1279,.T.);
#3222=EDGE_CURVE('',#2657,#2657,#2341,.T.);
#3223=EDGE_CURVE('',#2658,#2658,#2342,.T.);
#3224=EDGE_CURVE('',#2658,#2659,#1280,.T.);
#3225=EDGE_CURVE('',#2659,#2660,#2343,.T.);
#3226=EDGE_CURVE('',#2660,#2659,#2344,.T.);
#3227=EDGE_CURVE('',#2661,#2662,#1281,.T.);
#3228=EDGE_CURVE('',#2661,#2663,#1282,.T.);
#3229=EDGE_CURVE('',#2663,#2664,#1283,.T.);
#3230=EDGE_CURVE('',#2664,#2665,#2345,.T.);
#3231=EDGE_CURVE('',#2665,#2666,#1284,.T.);
#3232=EDGE_CURVE('',#2666,#2667,#1285,.T.);
#3233=EDGE_CURVE('',#2668,#2667,#2346,.T.);
#3234=EDGE_CURVE('',#2668,#2669,#1286,.T.);
#3235=EDGE_CURVE('',#2670,#2669,#2347,.T.);
#3236=EDGE_CURVE('',#2670,#2671,#1287,.T.);
#3237=EDGE_CURVE('',#2671,#2672,#1288,.T.);
#3238=EDGE_CURVE('',#2672,#2673,#2348,.T.);
#3239=EDGE_CURVE('',#2673,#2674,#1289,.T.);
#3240=EDGE_CURVE('',#2674,#2675,#1290,.T.);
#3241=EDGE_CURVE('',#2676,#2675,#1291,.T.);
#3242=EDGE_CURVE('',#2677,#2676,#1292,.T.);
#3243=EDGE_CURVE('',#2678,#2677,#2349,.T.);
#3244=EDGE_CURVE('',#2679,#2678,#1293,.T.);
#3245=EDGE_CURVE('',#2680,#2679,#2350,.T.);
#3246=EDGE_CURVE('',#2662,#2680,#1294,.T.);
#3247=EDGE_CURVE('',#2681,#2681,#2351,.T.);
#3248=EDGE_CURVE('',#2682,#2682,#2352,.T.);
#3249=EDGE_CURVE('',#2683,#2683,#2353,.T.);
#3250=EDGE_CURVE('',#2660,#2684,#1295,.T.);
#3251=EDGE_CURVE('',#2684,#2684,#2354,.T.);
#3252=EDGE_CURVE('',#2681,#2685,#1296,.T.);
#3253=EDGE_CURVE('',#2685,#2686,#2355,.T.);
#3254=EDGE_CURVE('',#2686,#2685,#2356,.T.);
#3255=EDGE_CURVE('',#2686,#2687,#1297,.T.);
#3256=EDGE_CURVE('',#2687,#2687,#2357,.T.);
#3257=EDGE_CURVE('',#2657,#2688,#1298,.T.);
#3258=EDGE_CURVE('',#2687,#2689,#1299,.T.);
#3259=EDGE_CURVE('',#2684,#2690,#1300,.T.);
#3260=EDGE_CURVE('',#2654,#2691,#1301,.T.);
#3261=EDGE_CURVE('',#2692,#2693,#2358,.T.);
#3262=EDGE_CURVE('',#2693,#2694,#1302,.T.);
#3263=EDGE_CURVE('',#2694,#2695,#2359,.T.);
#3264=EDGE_CURVE('',#2695,#2692,#1303,.T.);
#3265=EDGE_CURVE('',#2696,#2697,#2360,.T.);
#3266=EDGE_CURVE('',#2697,#2695,#2361,.T.);
#3267=EDGE_CURVE('',#2694,#2696,#2362,.T.);
#3268=EDGE_CURVE('',#2698,#2699,#2363,.T.);
#3269=EDGE_CURVE('',#2699,#2697,#1304,.T.);
#3270=EDGE_CURVE('',#2696,#2698,#1305,.T.);
#3271=EDGE_CURVE('',#2692,#2699,#2364,.T.);
#3272=EDGE_CURVE('',#2698,#2693,#2365,.T.);
#3273=EDGE_CURVE('',#2700,#2692,#1306,.T.);
#3274=EDGE_CURVE('',#2700,#2701,#2366,.T.);
#3275=EDGE_CURVE('',#2701,#2699,#1307,.T.);
#3276=EDGE_CURVE('',#2702,#2695,#1308,.T.);
#3277=EDGE_CURVE('',#2702,#2700,#1309,.T.);
#3278=EDGE_CURVE('',#2703,#2704,#2367,.T.);
#3279=EDGE_CURVE('',#2704,#2705,#1310,.T.);
#3280=EDGE_CURVE('',#2705,#2706,#2368,.T.);
#3281=EDGE_CURVE('',#2706,#2703,#1311,.T.);
#3282=EDGE_CURVE('',#2707,#2708,#2369,.T.);
#3283=EDGE_CURVE('',#2708,#2706,#2370,.T.);
#3284=EDGE_CURVE('',#2705,#2707,#2371,.T.);
#3285=EDGE_CURVE('',#2709,#2710,#2372,.T.);
#3286=EDGE_CURVE('',#2710,#2708,#1312,.T.);
#3287=EDGE_CURVE('',#2707,#2709,#1313,.T.);
#3288=EDGE_CURVE('',#2703,#2710,#2373,.T.);
#3289=EDGE_CURVE('',#2709,#2704,#2374,.T.);
#3290=EDGE_CURVE('',#2711,#2703,#1314,.T.);
#3291=EDGE_CURVE('',#2711,#2712,#2375,.T.);
#3292=EDGE_CURVE('',#2712,#2710,#1315,.T.);
#3293=EDGE_CURVE('',#2713,#2706,#1316,.T.);
#3294=EDGE_CURVE('',#2713,#2711,#1317,.T.);
#3295=EDGE_CURVE('',#2714,#2715,#1318,.T.);
#3296=EDGE_CURVE('',#2714,#2716,#1319,.T.);
#3297=EDGE_CURVE('',#2716,#2717,#1320,.T.);
#3298=EDGE_CURVE('',#2715,#2717,#1321,.T.);
#3299=EDGE_CURVE('',#2718,#2714,#2376,.T.);
#3300=EDGE_CURVE('',#2718,#2719,#1322,.T.);
#3301=EDGE_CURVE('',#2719,#2716,#2377,.T.);
#3302=EDGE_CURVE('',#2720,#2718,#1323,.T.);
#3303=EDGE_CURVE('',#2720,#2721,#1324,.T.);
#3304=EDGE_CURVE('',#2721,#2719,#1325,.T.);
#3305=EDGE_CURVE('',#2722,#2720,#2378,.T.);
#3306=EDGE_CURVE('',#2722,#2723,#1326,.T.);
#3307=EDGE_CURVE('',#2723,#2721,#2379,.T.);
#3308=EDGE_CURVE('',#2724,#2722,#1327,.T.);
#3309=EDGE_CURVE('',#2724,#2725,#1328,.T.);
#3310=EDGE_CURVE('',#2725,#2723,#1329,.T.);
#3311=EDGE_CURVE('',#2726,#2724,#2380,.T.);
#3312=EDGE_CURVE('',#2726,#2727,#1330,.T.);
#3313=EDGE_CURVE('',#2727,#2725,#2381,.T.);
#3314=EDGE_CURVE('',#2728,#2726,#1331,.T.);
#3315=EDGE_CURVE('',#2728,#2729,#1332,.T.);
#3316=EDGE_CURVE('',#2729,#2727,#1333,.T.);
#3317=EDGE_CURVE('',#2715,#2728,#2382,.T.);
#3318=EDGE_CURVE('',#2717,#2729,#2383,.T.);
#3319=EDGE_CURVE('',#2730,#2731,#2384,.T.);
#3320=EDGE_CURVE('',#2732,#2730,#1334,.T.);
#3321=EDGE_CURVE('',#2733,#2732,#2385,.T.);
#3322=EDGE_CURVE('',#2731,#2733,#1335,.T.);
#3323=EDGE_CURVE('',#2734,#2735,#1336,.T.);
#3324=EDGE_CURVE('',#2734,#2736,#1337,.T.);
#3325=EDGE_CURVE('',#2736,#2737,#1338,.T.);
#3326=EDGE_CURVE('',#2735,#2737,#1339,.T.);
#3327=EDGE_CURVE('',#2738,#2734,#2386,.T.);
#3328=EDGE_CURVE('',#2738,#2739,#1340,.T.);
#3329=EDGE_CURVE('',#2739,#2736,#2387,.T.);
#3330=EDGE_CURVE('',#2740,#2738,#1341,.T.);
#3331=EDGE_CURVE('',#2740,#2741,#1342,.T.);
#3332=EDGE_CURVE('',#2741,#2739,#1343,.T.);
#3333=EDGE_CURVE('',#2742,#2740,#2388,.T.);
#3334=EDGE_CURVE('',#2742,#2743,#1344,.T.);
#3335=EDGE_CURVE('',#2743,#2741,#2389,.T.);
#3336=EDGE_CURVE('',#2744,#2742,#1345,.T.);
#3337=EDGE_CURVE('',#2744,#2745,#1346,.T.);
#3338=EDGE_CURVE('',#2745,#2743,#1347,.T.);
#3339=EDGE_CURVE('',#2746,#2744,#2390,.T.);
#3340=EDGE_CURVE('',#2746,#2747,#1348,.T.);
#3341=EDGE_CURVE('',#2747,#2745,#2391,.T.);
#3342=EDGE_CURVE('',#2748,#2746,#1349,.T.);
#3343=EDGE_CURVE('',#2748,#2749,#1350,.T.);
#3344=EDGE_CURVE('',#2749,#2747,#1351,.T.);
#3345=EDGE_CURVE('',#2735,#2748,#2392,.T.);
#3346=EDGE_CURVE('',#2737,#2749,#2393,.T.);
#3347=EDGE_CURVE('',#2750,#2751,#2394,.T.);
#3348=EDGE_CURVE('',#2752,#2750,#1352,.T.);
#3349=EDGE_CURVE('',#2753,#2752,#2395,.T.);
#3350=EDGE_CURVE('',#2751,#2753,#1353,.T.);
#3351=EDGE_CURVE('',#2754,#2755,#1354,.T.);
#3352=EDGE_CURVE('',#2754,#2756,#1355,.T.);
#3353=EDGE_CURVE('',#2756,#2757,#1356,.T.);
#3354=EDGE_CURVE('',#2755,#2757,#1357,.T.);
#3355=EDGE_CURVE('',#2758,#2754,#2396,.T.);
#3356=EDGE_CURVE('',#2758,#2759,#1358,.T.);
#3357=EDGE_CURVE('',#2759,#2756,#2397,.T.);
#3358=EDGE_CURVE('',#2760,#2758,#1359,.T.);
#3359=EDGE_CURVE('',#2760,#2761,#1360,.T.);
#3360=EDGE_CURVE('',#2761,#2759,#1361,.T.);
#3361=EDGE_CURVE('',#2762,#2760,#2398,.T.);
#3362=EDGE_CURVE('',#2762,#2763,#1362,.T.);
#3363=EDGE_CURVE('',#2763,#2761,#2399,.T.);
#3364=EDGE_CURVE('',#2764,#2762,#1363,.T.);
#3365=EDGE_CURVE('',#2764,#2765,#1364,.T.);
#3366=EDGE_CURVE('',#2765,#2763,#1365,.T.);
#3367=EDGE_CURVE('',#2766,#2764,#2400,.T.);
#3368=EDGE_CURVE('',#2766,#2767,#1366,.T.);
#3369=EDGE_CURVE('',#2767,#2765,#2401,.T.);
#3370=EDGE_CURVE('',#2768,#2766,#1367,.T.);
#3371=EDGE_CURVE('',#2768,#2769,#1368,.T.);
#3372=EDGE_CURVE('',#2769,#2767,#1369,.T.);
#3373=EDGE_CURVE('',#2755,#2768,#2402,.T.);
#3374=EDGE_CURVE('',#2757,#2769,#2403,.T.);
#3375=EDGE_CURVE('',#2770,#2713,#2404,.T.);
#3376=EDGE_CURVE('',#2712,#2770,#1370,.T.);
#3377=EDGE_CURVE('',#2771,#2772,#1371,.T.);
#3378=EDGE_CURVE('',#2771,#2773,#1372,.T.);
#3379=EDGE_CURVE('',#2773,#2774,#1373,.T.);
#3380=EDGE_CURVE('',#2772,#2774,#1374,.T.);
#3381=EDGE_CURVE('',#2775,#2771,#2405,.T.);
#3382=EDGE_CURVE('',#2775,#2776,#1375,.T.);
#3383=EDGE_CURVE('',#2776,#2773,#2406,.T.);
#3384=EDGE_CURVE('',#2777,#2775,#1376,.T.);
#3385=EDGE_CURVE('',#2777,#2778,#1377,.T.);
#3386=EDGE_CURVE('',#2778,#2776,#1378,.T.);
#3387=EDGE_CURVE('',#2779,#2777,#2407,.T.);
#3388=EDGE_CURVE('',#2779,#2780,#1379,.T.);
#3389=EDGE_CURVE('',#2780,#2778,#2408,.T.);
#3390=EDGE_CURVE('',#2781,#2779,#1380,.T.);
#3391=EDGE_CURVE('',#2781,#2782,#1381,.T.);
#3392=EDGE_CURVE('',#2782,#2780,#1382,.T.);
#3393=EDGE_CURVE('',#2783,#2781,#2409,.T.);
#3394=EDGE_CURVE('',#2783,#2784,#1383,.T.);
#3395=EDGE_CURVE('',#2784,#2782,#2410,.T.);
#3396=EDGE_CURVE('',#2785,#2783,#1384,.T.);
#3397=EDGE_CURVE('',#2785,#2786,#1385,.T.);
#3398=EDGE_CURVE('',#2786,#2784,#1386,.T.);
#3399=EDGE_CURVE('',#2772,#2785,#2411,.T.);
#3400=EDGE_CURVE('',#2774,#2786,#2412,.T.);
#3401=EDGE_CURVE('',#2787,#2702,#2413,.T.);
#3402=EDGE_CURVE('',#2701,#2787,#1387,.T.);
#3403=EDGE_CURVE('',#2730,#2788,#1388,.T.);
#3404=EDGE_CURVE('',#2789,#2788,#1389,.T.);
#3405=EDGE_CURVE('',#2732,#2789,#1390,.T.);
#3406=EDGE_CURVE('',#2731,#2790,#1391,.T.);
#3407=EDGE_CURVE('',#2788,#2790,#54,.T.);
#3408=EDGE_CURVE('',#2750,#2791,#1392,.T.);
#3409=EDGE_CURVE('',#2792,#2791,#1393,.T.);
#3410=EDGE_CURVE('',#2752,#2792,#1394,.T.);
#3411=EDGE_CURVE('',#2751,#2793,#1395,.T.);
#3412=EDGE_CURVE('',#2791,#2793,#55,.T.);
#3413=EDGE_CURVE('',#2770,#2708,#1396,.T.);
#3414=EDGE_CURVE('',#2787,#2697,#1397,.T.);
#3415=EDGE_CURVE('',#2733,#2794,#1398,.T.);
#3416=EDGE_CURVE('',#2790,#2794,#1399,.T.);
#3417=EDGE_CURVE('',#2794,#2789,#56,.T.);
#3418=EDGE_CURVE('',#2753,#2795,#1400,.T.);
#3419=EDGE_CURVE('',#2793,#2795,#1401,.T.);
#3420=EDGE_CURVE('',#2795,#2792,#57,.T.);
#3421=EDGE_CURVE('',#2796,#2797,#2414,.T.);
#3422=EDGE_CURVE('',#2797,#2798,#1402,.T.);
#3423=EDGE_CURVE('',#2798,#2799,#2415,.T.);
#3424=EDGE_CURVE('',#2799,#2796,#1403,.T.);
#3425=EDGE_CURVE('',#2800,#2801,#2416,.T.);
#3426=EDGE_CURVE('',#2801,#2799,#2417,.T.);
#3427=EDGE_CURVE('',#2798,#2800,#2418,.T.);
#3428=EDGE_CURVE('',#2802,#2803,#2419,.T.);
#3429=EDGE_CURVE('',#2803,#2801,#1404,.T.);
#3430=EDGE_CURVE('',#2800,#2802,#1405,.T.);
#3431=EDGE_CURVE('',#2804,#2805,#2420,.T.);
#3432=EDGE_CURVE('',#2805,#2803,#2421,.T.);
#3433=EDGE_CURVE('',#2802,#2804,#2422,.T.);
#3434=EDGE_CURVE('',#2806,#2807,#2423,.T.);
#3435=EDGE_CURVE('',#2807,#2805,#1406,.T.);
#3436=EDGE_CURVE('',#2804,#2806,#1407,.T.);
#3437=EDGE_CURVE('',#2808,#2809,#2424,.T.);
#3438=EDGE_CURVE('',#2809,#2807,#2425,.T.);
#3439=EDGE_CURVE('',#2806,#2808,#2426,.T.);
#3440=EDGE_CURVE('',#2810,#2811,#2427,.T.);
#3441=EDGE_CURVE('',#2811,#2809,#1408,.T.);
#3442=EDGE_CURVE('',#2808,#2810,#1409,.T.);
#3443=EDGE_CURVE('',#2796,#2811,#2428,.T.);
#3444=EDGE_CURVE('',#2810,#2797,#2429,.T.);
#3445=EDGE_CURVE('',#2802,#2812,#1410,.T.);
#3446=EDGE_CURVE('',#2813,#2812,#2430,.T.);
#3447=EDGE_CURVE('',#2804,#2813,#1411,.T.);
#3448=EDGE_CURVE('',#2800,#2814,#1412,.T.);
#3449=EDGE_CURVE('',#2812,#2814,#1413,.T.);
#3450=EDGE_CURVE('',#2798,#2815,#1414,.T.);
#3451=EDGE_CURVE('',#2814,#2815,#2431,.T.);
#3452=EDGE_CURVE('',#2797,#2816,#1415,.T.);
#3453=EDGE_CURVE('',#2815,#2816,#1416,.T.);
#3454=EDGE_CURVE('',#2817,#2818,#1417,.T.);
#3455=EDGE_CURVE('',#2819,#2817,#1418,.T.);
#3456=EDGE_CURVE('',#2820,#2819,#1419,.T.);
#3457=EDGE_CURVE('',#2821,#2820,#1420,.T.);
#3458=EDGE_CURVE('',#2822,#2821,#1421,.T.);
#3459=EDGE_CURVE('',#2823,#2822,#1422,.T.);
#3460=EDGE_CURVE('',#2824,#2823,#1423,.T.);
#3461=EDGE_CURVE('',#2825,#2824,#1424,.T.);
#3462=EDGE_CURVE('',#2826,#2825,#1425,.T.);
#3463=EDGE_CURVE('',#2827,#2826,#1426,.T.);
#3464=EDGE_CURVE('',#2828,#2827,#1427,.T.);
#3465=EDGE_CURVE('',#2829,#2828,#42,.T.);
#3466=EDGE_CURVE('',#2830,#2829,#58,.T.);
#3467=EDGE_CURVE('',#2831,#2830,#1428,.T.);
#3468=EDGE_CURVE('',#2832,#2831,#1429,.T.);
#3469=EDGE_CURVE('',#2833,#2832,#1430,.T.);
#3470=EDGE_CURVE('',#2834,#2833,#59,.T.);
#3471=EDGE_CURVE('',#2818,#2834,#43,.T.);
#3472=EDGE_CURVE('',#2816,#2835,#2432,.T.);
#3473=EDGE_CURVE('',#2835,#2836,#1431,.T.);
#3474=EDGE_CURVE('',#2836,#2815,#2433,.T.);
#3475=EDGE_CURVE('',#2837,#2814,#2434,.T.);
#3476=EDGE_CURVE('',#2836,#2837,#2435,.T.);
#3477=EDGE_CURVE('',#2838,#2812,#2436,.T.);
#3478=EDGE_CURVE('',#2837,#2838,#1432,.T.);
#3479=EDGE_CURVE('',#2839,#2813,#2437,.T.);
#3480=EDGE_CURVE('',#2838,#2839,#2438,.T.);
#3481=EDGE_CURVE('',#2840,#2841,#2439,.T.);
#3482=EDGE_CURVE('',#2841,#2813,#1433,.T.);
#3483=EDGE_CURVE('',#2839,#2840,#1434,.T.);
#3484=EDGE_CURVE('',#2842,#2843,#2440,.T.);
#3485=EDGE_CURVE('',#2843,#2841,#2441,.T.);
#3486=EDGE_CURVE('',#2840,#2842,#2442,.T.);
#3487=EDGE_CURVE('',#2844,#2845,#2443,.T.);
#3488=EDGE_CURVE('',#2845,#2843,#1435,.T.);
#3489=EDGE_CURVE('',#2842,#2844,#1436,.T.);
#3490=EDGE_CURVE('',#2816,#2845,#2444,.T.);
#3491=EDGE_CURVE('',#2844,#2835,#2445,.T.);
#3492=EDGE_CURVE('',#2806,#2841,#1437,.T.);
#3493=EDGE_CURVE('',#2808,#2843,#1438,.T.);
#3494=EDGE_CURVE('',#2810,#2845,#1439,.T.);
#3495=EDGE_CURVE('',#2846,#2847,#1440,.T.);
#3496=EDGE_CURVE('',#2848,#2846,#2446,.T.);
#3497=EDGE_CURVE('',#2849,#2848,#1441,.T.);
#3498=EDGE_CURVE('',#2850,#2849,#2447,.T.);
#3499=EDGE_CURVE('',#2851,#2850,#1442,.T.);
#3500=EDGE_CURVE('',#2847,#2851,#1443,.T.);
#3501=EDGE_CURVE('',#2852,#2853,#2448,.T.);
#3502=EDGE_CURVE('',#2853,#2854,#2449,.T.);
#3503=EDGE_CURVE('',#2854,#2855,#2450,.T.);
#3504=EDGE_CURVE('',#2855,#2852,#44,.T.);
#3505=EDGE_CURVE('',#2856,#2857,#2451,.T.);
#3506=EDGE_CURVE('',#2857,#2858,#60,.T.);
#3507=EDGE_CURVE('',#2858,#2856,#61,.T.);
#3508=EDGE_CURVE('',#2859,#2860,#2452,.T.);
#3509=EDGE_CURVE('',#2860,#2857,#1444,.T.);
#3510=EDGE_CURVE('',#2856,#2859,#1445,.T.);
#3511=EDGE_CURVE('',#2861,#2860,#2453,.T.);
#3512=EDGE_CURVE('',#2859,#2862,#2454,.T.);
#3513=EDGE_CURVE('',#2862,#2861,#45,.T.);
#3514=EDGE_CURVE('',#2862,#2863,#62,.T.);
#3515=EDGE_CURVE('',#2863,#2864,#2455,.T.);
#3516=EDGE_CURVE('',#2864,#2865,#63,.T.);
#3517=EDGE_CURVE('',#2865,#2861,#46,.T.);
#3518=EDGE_CURVE('',#2866,#2867,#2456,.T.);
#3519=EDGE_CURVE('',#2867,#2864,#1446,.T.);
#3520=EDGE_CURVE('',#2863,#2866,#1447,.T.);
#3521=EDGE_CURVE('',#2868,#2867,#64,.T.);
#3522=EDGE_CURVE('',#2866,#2852,#65,.T.);
#3523=EDGE_CURVE('',#2855,#2868,#47,.T.);
#3524=EDGE_CURVE('',#2869,#2870,#2457,.T.);
#3525=EDGE_CURVE('',#2870,#2854,#1448,.T.);
#3526=EDGE_CURVE('',#2853,#2869,#1449,.T.);
#3527=EDGE_CURVE('',#2869,#2871,#66,.T.);
#3528=EDGE_CURVE('',#2871,#2870,#67,.T.);
#3529=EDGE_CURVE('',#2871,#2872,#1450,.T.);
#3530=EDGE_CURVE('',#2872,#2873,#48,.T.);
#3531=EDGE_CURVE('',#2873,#2870,#1451,.T.);
#3532=EDGE_CURVE('',#2869,#2874,#1452,.T.);
#3533=EDGE_CURVE('',#2875,#2874,#68,.T.);
#3534=EDGE_CURVE('',#2875,#2871,#1453,.T.);
#3535=EDGE_CURVE('',#2853,#2876,#1454,.T.);
#3536=EDGE_CURVE('',#2874,#2876,#1455,.T.);
#3537=EDGE_CURVE('',#2866,#2877,#1456,.T.);
#3538=EDGE_CURVE('',#2876,#2877,#2458,.T.);
#3539=EDGE_CURVE('',#2863,#2878,#1457,.T.);
#3540=EDGE_CURVE('',#2877,#2878,#1458,.T.);
#3541=EDGE_CURVE('',#2859,#2879,#1459,.T.);
#3542=EDGE_CURVE('',#2878,#2879,#2459,.T.);
#3543=EDGE_CURVE('',#2880,#2856,#1460,.T.);
#3544=EDGE_CURVE('',#2879,#2880,#1461,.T.);
#3545=EDGE_CURVE('',#2858,#2881,#1462,.T.);
#3546=EDGE_CURVE('',#2880,#2881,#69,.T.);
#3547=EDGE_CURVE('',#2851,#2880,#2460,.T.);
#3548=EDGE_CURVE('',#2881,#2851,#70,.T.);
#3549=EDGE_CURVE('',#2850,#2879,#2461,.T.);
#3550=EDGE_CURVE('',#2849,#2878,#2462,.T.);
#3551=EDGE_CURVE('',#2848,#2877,#2463,.T.);
#3552=EDGE_CURVE('',#2846,#2876,#2464,.T.);
#3553=EDGE_CURVE('',#2847,#2874,#2465,.T.);
#3554=EDGE_CURVE('',#2847,#2875,#71,.T.);
#3555=EDGE_CURVE('',#2872,#2882,#72,.T.);
#3556=EDGE_CURVE('',#2882,#2883,#2466,.T.);
#3557=EDGE_CURVE('',#2883,#2884,#73,.T.);
#3558=EDGE_CURVE('',#2884,#2873,#49,.T.);
#3559=EDGE_CURVE('',#2885,#2886,#2467,.T.);
#3560=EDGE_CURVE('',#2886,#2883,#1463,.T.);
#3561=EDGE_CURVE('',#2882,#2885,#1464,.T.);
#3562=EDGE_CURVE('',#2887,#2888,#2468,.T.);
#3563=EDGE_CURVE('',#2888,#2886,#74,.T.);
#3564=EDGE_CURVE('',#2885,#2887,#75,.T.);
#3565=EDGE_CURVE('',#2889,#2890,#2469,.T.);
#3566=EDGE_CURVE('',#2890,#2888,#1465,.T.);
#3567=EDGE_CURVE('',#2887,#2889,#1466,.T.);
#3568=EDGE_CURVE('',#2891,#2892,#2470,.T.);
#3569=EDGE_CURVE('',#2892,#2890,#76,.T.);
#3570=EDGE_CURVE('',#2889,#2891,#77,.T.);
#3571=EDGE_CURVE('',#2893,#2894,#2471,.T.);
#3572=EDGE_CURVE('',#2894,#2892,#1467,.T.);
#3573=EDGE_CURVE('',#2891,#2893,#1468,.T.);
#3574=EDGE_CURVE('',#2895,#2894,#78,.T.);
#3575=EDGE_CURVE('',#2893,#2896,#79,.T.);
#3576=EDGE_CURVE('',#2896,#2897,#50,.T.);
#3577=EDGE_CURVE('',#2897,#2895,#51,.T.);
#3578=EDGE_CURVE('',#2857,#2897,#1469,.T.);
#3579=EDGE_CURVE('',#2896,#2858,#1470,.T.);
#3580=EDGE_CURVE('',#2881,#2875,#1471,.T.);
#3581=EDGE_CURVE('',#2679,#2886,#1472,.T.);
#3582=EDGE_CURVE('',#2883,#2678,#1473,.T.);
#3583=EDGE_CURVE('',#2888,#2680,#1474,.T.);
#3584=EDGE_CURVE('',#2633,#2890,#1475,.T.);
#3585=EDGE_CURVE('',#2898,#2631,#1476,.T.);
#3586=EDGE_CURVE('',#2898,#2899,#1477,.T.);
#3587=EDGE_CURVE('',#2900,#2899,#1478,.T.);
#3588=EDGE_CURVE('',#2900,#2901,#1479,.T.);
#3589=EDGE_CURVE('',#2902,#2901,#1480,.T.);
#3590=EDGE_CURVE('',#2902,#2903,#1481,.T.);
#3591=EDGE_CURVE('',#2904,#2903,#1482,.T.);
#3592=EDGE_CURVE('',#2904,#2905,#1483,.T.);
#3593=EDGE_CURVE('',#2906,#2905,#1484,.T.);
#3594=EDGE_CURVE('',#2906,#2907,#1485,.T.);
#3595=EDGE_CURVE('',#2908,#2907,#1486,.T.);
#3596=EDGE_CURVE('',#2908,#2909,#1487,.T.);
#3597=EDGE_CURVE('',#2910,#2909,#1488,.T.);
#3598=EDGE_CURVE('',#2910,#2911,#1489,.T.);
#3599=EDGE_CURVE('',#2662,#2911,#1490,.T.);
#3600=EDGE_CURVE('',#2892,#2634,#1491,.T.);
#3601=EDGE_CURVE('',#2635,#2894,#1492,.T.);
#3602=EDGE_CURVE('',#2895,#2912,#80,.T.);
#3603=EDGE_CURVE('',#2912,#2636,#1493,.T.);
#3604=EDGE_CURVE('',#2913,#2914,#1494,.T.);
#3605=EDGE_CURVE('',#2914,#2915,#1495,.T.);
#3606=EDGE_CURVE('',#2915,#2916,#1496,.T.);
#3607=EDGE_CURVE('',#2916,#2913,#1497,.T.);
#3608=EDGE_CURVE('',#2914,#2917,#1498,.T.);
#3609=EDGE_CURVE('',#2917,#2918,#1499,.T.);
#3610=EDGE_CURVE('',#2918,#2919,#2472,.T.);
#3611=EDGE_CURVE('',#2919,#2920,#1500,.T.);
#3612=EDGE_CURVE('',#2920,#2921,#1501,.T.);
#3613=EDGE_CURVE('',#2922,#2921,#2473,.T.);
#3614=EDGE_CURVE('',#2922,#2923,#1502,.T.);
#3615=EDGE_CURVE('',#2832,#2923,#81,.T.);
#3616=EDGE_CURVE('',#2924,#2831,#82,.T.);
#3617=EDGE_CURVE('',#2924,#2925,#1503,.T.);
#3618=EDGE_CURVE('',#2926,#2925,#2474,.T.);
#3619=EDGE_CURVE('',#2926,#2927,#1504,.T.);
#3620=EDGE_CURVE('',#2928,#2927,#1505,.T.);
#3621=EDGE_CURVE('',#2915,#2928,#1506,.T.);
#3622=EDGE_CURVE('',#2929,#2929,#2475,.T.);
#3623=EDGE_CURVE('',#2913,#2930,#1507,.T.);
#3624=EDGE_CURVE('',#2931,#2930,#1508,.T.);
#3625=EDGE_CURVE('',#2932,#2931,#1509,.T.);
#3626=EDGE_CURVE('',#2933,#2932,#1510,.T.);
#3627=EDGE_CURVE('',#2933,#2934,#1511,.T.);
#3628=EDGE_CURVE('',#2675,#2934,#1512,.T.);
#3629=EDGE_CURVE('',#2674,#2935,#1513,.T.);
#3630=EDGE_CURVE('',#2936,#2935,#1514,.T.);
#3631=EDGE_CURVE('',#2917,#2936,#1515,.T.);
#3632=EDGE_CURVE('',#2937,#2938,#1516,.T.);
#3633=EDGE_CURVE('',#2938,#2931,#1517,.T.);
#3634=EDGE_CURVE('',#2930,#2937,#1518,.T.);
#3635=EDGE_CURVE('',#2939,#2938,#1519,.T.);
#3636=EDGE_CURVE('',#2932,#2939,#1520,.T.);
#3637=EDGE_CURVE('',#2940,#2940,#2476,.T.);
#3638=EDGE_CURVE('',#2905,#2941,#1521,.T.);
#3639=EDGE_CURVE('',#2941,#2942,#1522,.T.);
#3640=EDGE_CURVE('',#2942,#2906,#1523,.T.);
#3641=EDGE_CURVE('',#2943,#2941,#1524,.T.);
#3642=EDGE_CURVE('',#2943,#2944,#1525,.T.);
#3643=EDGE_CURVE('',#2945,#2944,#1526,.T.);
#3644=EDGE_CURVE('',#2663,#2945,#1527,.T.);
#3645=EDGE_CURVE('',#2946,#2661,#1528,.T.);
#3646=EDGE_CURVE('',#2946,#2947,#1529,.T.);
#3647=EDGE_CURVE('',#2948,#2947,#1530,.T.);
#3648=EDGE_CURVE('',#2949,#2948,#1531,.T.);
#3649=EDGE_CURVE('',#2950,#2949,#1532,.T.);
#3650=EDGE_CURVE('',#2950,#2942,#1533,.T.);
#3651=EDGE_CURVE('',#2949,#2908,#1534,.T.);
#3652=EDGE_CURVE('',#2907,#2950,#1535,.T.);
#3653=EDGE_CURVE('',#2909,#2948,#1536,.T.);
#3654=EDGE_CURVE('',#2951,#2951,#2477,.T.);
#3655=EDGE_CURVE('',#2947,#2910,#1537,.T.);
#3656=EDGE_CURVE('',#2911,#2946,#1538,.T.);
#3657=EDGE_CURVE('',#2901,#2952,#1539,.T.);
#3658=EDGE_CURVE('',#2952,#2953,#1540,.T.);
#3659=EDGE_CURVE('',#2953,#2902,#1541,.T.);
#3660=EDGE_CURVE('',#2954,#2900,#1542,.T.);
#3661=EDGE_CURVE('',#2954,#2952,#1543,.T.);
#3662=EDGE_CURVE('',#2955,#2955,#2478,.T.);
#3663=EDGE_CURVE('',#2956,#2957,#1544,.T.);
#3664=EDGE_CURVE('',#2957,#2904,#1545,.T.);
#3665=EDGE_CURVE('',#2903,#2956,#1546,.T.);
#3666=EDGE_CURVE('',#2957,#2958,#1547,.T.);
#3667=EDGE_CURVE('',#2958,#2959,#1548,.T.);
#3668=EDGE_CURVE('',#2959,#2960,#2479,.T.);
#3669=EDGE_CURVE('',#2960,#2943,#1549,.T.);
#3670=EDGE_CURVE('',#2961,#2961,#2480,.T.);
#3671=EDGE_CURVE('',#2962,#2954,#1550,.T.);
#3672=EDGE_CURVE('',#2962,#2963,#1551,.T.);
#3673=EDGE_CURVE('',#2632,#2963,#1552,.T.);
#3674=EDGE_CURVE('',#2650,#2964,#1553,.T.);
#3675=EDGE_CURVE('',#2965,#2964,#1554,.T.);
#3676=EDGE_CURVE('',#2958,#2965,#1555,.T.);
#3677=EDGE_CURVE('',#2956,#2953,#1556,.T.);
#3678=EDGE_CURVE('',#2963,#2898,#1557,.T.);
#3679=EDGE_CURVE('',#2899,#2962,#1558,.T.);
#3680=EDGE_CURVE('',#2966,#2967,#1559,.T.);
#3681=EDGE_CURVE('',#2967,#2968,#1560,.T.);
#3682=EDGE_CURVE('',#2968,#2969,#1561,.T.);
#3683=EDGE_CURVE('',#2969,#2966,#1562,.T.);
#3684=EDGE_CURVE('',#2967,#2970,#1563,.T.);
#3685=EDGE_CURVE('',#2971,#2970,#1564,.T.);
#3686=EDGE_CURVE('',#2968,#2971,#1565,.T.);
#3687=EDGE_CURVE('',#2972,#2972,#2481,.T.);
#3688=EDGE_CURVE('',#2966,#2973,#1566,.T.);
#3689=EDGE_CURVE('',#2927,#2973,#1567,.T.);
#3690=EDGE_CURVE('',#2974,#2926,#1568,.T.);
#3691=EDGE_CURVE('',#2975,#2974,#1569,.T.);
#3692=EDGE_CURVE('',#2639,#2975,#1570,.T.);
#3693=EDGE_CURVE('',#2976,#2638,#1571,.T.);
#3694=EDGE_CURVE('',#2976,#2977,#1572,.T.);
#3695=EDGE_CURVE('',#2970,#2977,#1573,.T.);
#3696=EDGE_CURVE('',#2978,#2928,#1574,.T.);
#3697=EDGE_CURVE('',#2973,#2978,#1575,.T.);
#3698=EDGE_CURVE('',#2637,#2979,#1576,.T.);
#3699=EDGE_CURVE('',#2979,#2976,#1577,.T.);
#3700=EDGE_CURVE('',#2980,#2971,#1578,.T.);
#3701=EDGE_CURVE('',#2977,#2980,#1579,.T.);
#3702=EDGE_CURVE('',#2939,#2981,#1580,.T.);
#3703=EDGE_CURVE('',#2981,#2933,#1581,.T.);
#3704=EDGE_CURVE('',#2982,#2676,#1582,.T.);
#3705=EDGE_CURVE('',#2934,#2982,#1583,.T.);
#3706=EDGE_CURVE('',#2951,#2983,#1584,.T.);
#3707=EDGE_CURVE('',#2983,#2983,#2482,.T.);
#3708=EDGE_CURVE('',#2940,#2984,#1585,.T.);
#3709=EDGE_CURVE('',#2984,#2984,#2483,.T.);
#3710=EDGE_CURVE('',#2955,#2985,#1586,.T.);
#3711=EDGE_CURVE('',#2985,#2985,#2484,.T.);
#3712=EDGE_CURVE('',#2972,#2986,#1587,.T.);
#3713=EDGE_CURVE('',#2986,#2986,#2485,.T.);
#3714=EDGE_CURVE('',#2865,#2912,#1588,.T.);
#3715=EDGE_CURVE('',#2987,#2884,#83,.T.);
#3716=EDGE_CURVE('',#2987,#2868,#1589,.T.);
#3717=EDGE_CURVE('',#2988,#2833,#2486,.T.);
#3718=EDGE_CURVE('',#2923,#2988,#1590,.T.);
#3719=EDGE_CURVE('',#2989,#2834,#2487,.T.);
#3720=EDGE_CURVE('',#2988,#2989,#84,.T.);
#3721=EDGE_CURVE('',#2990,#2818,#2488,.T.);
#3722=EDGE_CURVE('',#2989,#2990,#52,.T.);
#3723=EDGE_CURVE('',#2990,#2991,#1591,.T.);
#3724=EDGE_CURVE('',#2991,#2817,#2489,.T.);
#3725=EDGE_CURVE('',#2991,#2992,#2490,.T.);
#3726=EDGE_CURVE('',#2992,#2817,#2491,.T.);
#3727=EDGE_CURVE('',#2991,#2993,#1592,.T.);
#3728=EDGE_CURVE('',#2994,#2993,#85,.T.);
#3729=EDGE_CURVE('',#2994,#2992,#1593,.T.);
#3730=EDGE_CURVE('',#2989,#2995,#2492,.T.);
#3731=EDGE_CURVE('',#2995,#2996,#2493,.T.);
#3732=EDGE_CURVE('',#2997,#2996,#2494,.T.);
#3733=EDGE_CURVE('',#2997,#2990,#2495,.T.);
#3734=EDGE_CURVE('',#2988,#2922,#1594,.T.);
#3735=EDGE_CURVE('',#2921,#2995,#1595,.T.);
#3736=EDGE_CURVE('',#2998,#2997,#1596,.T.);
#3737=EDGE_CURVE('',#2999,#2998,#1597,.T.);
#3738=EDGE_CURVE('',#3000,#2999,#1598,.T.);
#3739=EDGE_CURVE('',#3001,#3000,#1599,.T.);
#3740=EDGE_CURVE('',#3002,#3001,#1600,.T.);
#3741=EDGE_CURVE('',#3003,#3002,#1601,.T.);
#3742=EDGE_CURVE('',#3004,#3003,#1602,.T.);
#3743=EDGE_CURVE('',#3004,#3005,#1603,.T.);
#3744=EDGE_CURVE('',#3006,#3005,#1604,.T.);
#3745=EDGE_CURVE('',#2993,#3006,#1605,.T.);
#3746=EDGE_CURVE('',#3007,#2827,#2496,.T.);
#3747=EDGE_CURVE('',#2827,#3008,#2497,.T.);
#3748=EDGE_CURVE('',#3008,#3007,#2498,.T.);
#3749=EDGE_CURVE('',#3009,#2828,#2499,.T.);
#3750=EDGE_CURVE('',#3007,#3009,#1606,.T.);
#3751=EDGE_CURVE('',#3010,#2829,#2500,.T.);
#3752=EDGE_CURVE('',#3009,#3010,#53,.T.);
#3753=EDGE_CURVE('',#3011,#2830,#2501,.T.);
#3754=EDGE_CURVE('',#3010,#3011,#86,.T.);
#3755=EDGE_CURVE('',#3011,#2924,#1607,.T.);
#3756=EDGE_CURVE('',#3010,#2974,#2502,.T.);
#3757=EDGE_CURVE('',#2925,#3011,#1608,.T.);
#3758=EDGE_CURVE('',#3009,#3012,#2503,.T.);
#3759=EDGE_CURVE('',#3012,#3013,#2504,.T.);
#3760=EDGE_CURVE('',#3013,#2974,#2505,.T.);
#3761=EDGE_CURVE('',#3014,#3007,#1609,.T.);
#3762=EDGE_CURVE('',#3015,#3014,#1610,.T.);
#3763=EDGE_CURVE('',#3016,#3015,#1611,.T.);
#3764=EDGE_CURVE('',#3017,#3016,#1612,.T.);
#3765=EDGE_CURVE('',#3018,#3017,#1613,.T.);
#3766=EDGE_CURVE('',#3019,#3018,#1614,.T.);
#3767=EDGE_CURVE('',#3012,#3019,#1615,.T.);
#3768=EDGE_CURVE('',#3008,#3020,#1616,.T.);
#3769=EDGE_CURVE('',#3014,#3020,#87,.T.);
#3770=EDGE_CURVE('',#3021,#2826,#88,.T.);
#3771=EDGE_CURVE('',#3021,#3008,#1617,.T.);
#3772=EDGE_CURVE('',#3022,#3023,#1618,.T.);
#3773=EDGE_CURVE('',#3023,#3024,#89,.T.);
#3774=EDGE_CURVE('',#3024,#3025,#1619,.T.);
#3775=EDGE_CURVE('',#3025,#3022,#90,.T.);
#3776=EDGE_CURVE('',#3023,#3013,#1620,.T.);
#3777=EDGE_CURVE('',#3019,#3024,#91,.T.);
#3778=EDGE_CURVE('',#2996,#3022,#1621,.T.);
#3779=EDGE_CURVE('',#3025,#2998,#92,.T.);
#3780=EDGE_CURVE('',#3018,#3026,#93,.T.);
#3781=EDGE_CURVE('',#3026,#3027,#1622,.T.);
#3782=EDGE_CURVE('',#3028,#3027,#1623,.T.);
#3783=EDGE_CURVE('',#3029,#3028,#1624,.T.);
#3784=EDGE_CURVE('',#3030,#3029,#1625,.T.);
#3785=EDGE_CURVE('',#3031,#3030,#1626,.T.);
#3786=EDGE_CURVE('',#3031,#2999,#94,.T.);
#3787=EDGE_CURVE('',#3032,#3033,#2506,.F.);
#3788=EDGE_CURVE('',#3028,#3032,#2507,.F.);
#3789=EDGE_CURVE('',#3033,#3028,#2508,.F.);
#3790=EDGE_CURVE('',#3016,#3034,#2509,.F.);
#3791=EDGE_CURVE('',#3035,#3016,#2510,.F.);
#3792=EDGE_CURVE('',#3034,#3035,#2511,.F.);
#3793=EDGE_CURVE('',#3036,#3037,#2512,.F.);
#3794=EDGE_CURVE('',#3029,#3036,#2513,.F.);
#3795=EDGE_CURVE('',#3037,#3029,#2514,.F.);
#3796=EDGE_CURVE('',#3036,#3038,#1627,.T.);
#3797=EDGE_CURVE('',#3038,#3039,#95,.T.);
#3798=EDGE_CURVE('',#3039,#3030,#96,.T.);
#3799=EDGE_CURVE('',#3032,#3037,#1628,.T.);
#3800=EDGE_CURVE('',#3040,#3015,#2515,.F.);
#3801=EDGE_CURVE('',#3041,#3040,#2516,.F.);
#3802=EDGE_CURVE('',#3015,#3041,#2517,.F.);
#3803=EDGE_CURVE('',#3042,#3001,#2518,.F.);
#3804=EDGE_CURVE('',#3043,#3042,#2519,.F.);
#3805=EDGE_CURVE('',#3001,#3043,#2520,.F.);
#3806=EDGE_CURVE('',#3044,#3045,#2521,.T.);
#3807=EDGE_CURVE('',#3045,#3043,#1629,.T.);
#3808=EDGE_CURVE('',#3042,#3044,#1630,.T.);
#3809=EDGE_CURVE('',#3046,#3047,#2522,.T.);
#3810=EDGE_CURVE('',#3047,#3045,#2523,.T.);
#3811=EDGE_CURVE('',#3044,#3046,#2524,.T.);
#3812=EDGE_CURVE('',#3037,#3047,#1631,.T.);
#3813=EDGE_CURVE('',#3046,#3036,#1632,.T.);
#3814=EDGE_CURVE('',#3048,#2825,#2525,.F.);
#3815=EDGE_CURVE('',#3049,#3048,#2526,.F.);
#3816=EDGE_CURVE('',#2825,#3049,#2527,.F.);
#3817=EDGE_CURVE('',#3050,#3051,#2528,.T.);
#3818=EDGE_CURVE('',#3051,#3041,#1633,.T.);
#3819=EDGE_CURVE('',#3040,#3050,#1634,.T.);
#3820=EDGE_CURVE('',#3052,#3053,#2529,.T.);
#3821=EDGE_CURVE('',#3053,#3051,#2530,.T.);
#3822=EDGE_CURVE('',#3050,#3052,#2531,.T.);
#3823=EDGE_CURVE('',#3048,#3053,#1635,.T.);
#3824=EDGE_CURVE('',#3052,#3049,#1636,.T.);
#3825=EDGE_CURVE('',#3049,#3021,#1637,.T.);
#3826=EDGE_CURVE('',#3002,#3054,#2532,.F.);
#3827=EDGE_CURVE('',#3055,#3002,#2533,.F.);
#3828=EDGE_CURVE('',#3054,#3055,#2534,.F.);
#3829=EDGE_CURVE('',#3043,#3055,#1638,.T.);
#3830=EDGE_CURVE('',#3056,#3057,#2535,.F.);
#3831=EDGE_CURVE('',#2824,#3056,#2536,.F.);
#3832=EDGE_CURVE('',#3057,#2824,#2537,.F.);
#3833=EDGE_CURVE('',#3056,#3048,#1639,.T.);
#3834=EDGE_CURVE('',#3058,#3057,#1640,.T.);
#3835=EDGE_CURVE('',#2823,#3058,#97,.T.);
#3836=EDGE_CURVE('',#3005,#3059,#1641,.T.);
#3837=EDGE_CURVE('',#3059,#3060,#2538,.T.);
#3838=EDGE_CURVE('',#3060,#3061,#1642,.T.);
#3839=EDGE_CURVE('',#3061,#3005,#98,.T.);
#3840=EDGE_CURVE('',#3062,#2821,#2539,.F.);
#3841=EDGE_CURVE('',#3063,#3062,#2540,.F.);
#3842=EDGE_CURVE('',#2821,#3063,#2541,.F.);
#3843=EDGE_CURVE('',#3064,#3065,#2542,.T.);
#3844=EDGE_CURVE('',#3065,#3056,#1643,.T.);
#3845=EDGE_CURVE('',#3057,#3064,#1644,.T.);
#3846=EDGE_CURVE('',#3066,#3067,#2543,.T.);
#3847=EDGE_CURVE('',#3067,#3065,#2544,.T.);
#3848=EDGE_CURVE('',#3064,#3066,#2545,.T.);
#3849=EDGE_CURVE('',#3062,#3067,#1645,.T.);
#3850=EDGE_CURVE('',#3066,#3063,#1646,.T.);
#3851=EDGE_CURVE('',#3063,#3068,#1647,.T.);
#3852=EDGE_CURVE('',#3068,#2822,#99,.T.);
#3853=EDGE_CURVE('',#3006,#3069,#2546,.F.);
#3854=EDGE_CURVE('',#3070,#3006,#2547,.F.);
#3855=EDGE_CURVE('',#3069,#3070,#2548,.F.);
#3856=EDGE_CURVE('',#3061,#3070,#1648,.T.);
#3857=EDGE_CURVE('',#3071,#3072,#2549,.F.);
#3858=EDGE_CURVE('',#2820,#3071,#2550,.F.);
#3859=EDGE_CURVE('',#3072,#2820,#2551,.F.);
#3860=EDGE_CURVE('',#3071,#3062,#1649,.T.);
#3861=EDGE_CURVE('',#3069,#2994,#1650,.T.);
#3862=EDGE_CURVE('',#3073,#3072,#1651,.T.);
#3863=EDGE_CURVE('',#2819,#3073,#100,.T.);
#3864=EDGE_CURVE('',#2992,#3073,#1652,.T.);
#3865=EDGE_CURVE('',#3074,#3075,#2552,.T.);
#3866=EDGE_CURVE('',#3075,#3071,#1653,.T.);
#3867=EDGE_CURVE('',#3072,#3074,#1654,.T.);
#3868=EDGE_CURVE('',#3076,#3077,#2553,.T.);
#3869=EDGE_CURVE('',#3077,#3075,#2554,.T.);
#3870=EDGE_CURVE('',#3074,#3076,#2555,.T.);
#3871=EDGE_CURVE('',#3070,#3077,#1655,.T.);
#3872=EDGE_CURVE('',#3076,#3069,#1656,.T.);
#3873=EDGE_CURVE('',#3078,#3079,#2556,.T.);
#3874=EDGE_CURVE('',#3079,#3060,#2557,.T.);
#3875=EDGE_CURVE('',#3059,#3078,#2558,.T.);
#3876=EDGE_CURVE('',#3055,#3079,#1657,.T.);
#3877=EDGE_CURVE('',#3078,#3054,#1658,.T.);
#3878=EDGE_CURVE('',#3068,#3058,#1659,.T.);
#3879=EDGE_CURVE('',#3054,#3080,#1660,.T.);
#3880=EDGE_CURVE('',#3080,#3003,#101,.T.);
#3881=EDGE_CURVE('',#3080,#3081,#1661,.T.);
#3882=EDGE_CURVE('',#3081,#3004,#2559,.T.);
#3883=EDGE_CURVE('',#3082,#3042,#1662,.T.);
#3884=EDGE_CURVE('',#3000,#3082,#102,.T.);
#3885=EDGE_CURVE('',#3041,#3035,#1663,.T.);
#3886=EDGE_CURVE('',#3020,#3040,#1664,.T.);
#3887=EDGE_CURVE('',#3083,#3082,#1665,.T.);
#3888=EDGE_CURVE('',#3083,#3031,#103,.T.);
#3889=EDGE_CURVE('',#3084,#3085,#2560,.T.);
#3890=EDGE_CURVE('',#3085,#3032,#1666,.T.);
#3891=EDGE_CURVE('',#3033,#3084,#1667,.T.);
#3892=EDGE_CURVE('',#3086,#3087,#2561,.T.);
#3893=EDGE_CURVE('',#3087,#3085,#2562,.T.);
#3894=EDGE_CURVE('',#3084,#3086,#2563,.T.);
#3895=EDGE_CURVE('',#3035,#3087,#1668,.T.);
#3896=EDGE_CURVE('',#3086,#3034,#1669,.T.);
#3897=EDGE_CURVE('',#3034,#3088,#1670,.T.);
#3898=EDGE_CURVE('',#3088,#3017,#104,.T.);
#3899=EDGE_CURVE('',#3083,#3039,#1671,.T.);
#3900=EDGE_CURVE('',#3027,#3089,#105,.T.);
#3901=EDGE_CURVE('',#3089,#3033,#1672,.T.);
#3902=EDGE_CURVE('',#3088,#3026,#1673,.T.);
#3903=EDGE_CURVE('',#3046,#3090,#1674,.T.);
#3904=EDGE_CURVE('',#3038,#3090,#1675,.T.);
#3905=EDGE_CURVE('',#3044,#3091,#1676,.T.);
#3906=EDGE_CURVE('',#3090,#3091,#2564,.T.);
#3907=EDGE_CURVE('',#3052,#3092,#1677,.T.);
#3908=EDGE_CURVE('',#3021,#3092,#1678,.T.);
#3909=EDGE_CURVE('',#3050,#3093,#1679,.T.);
#3910=EDGE_CURVE('',#3092,#3093,#2565,.T.);
#3911=EDGE_CURVE('',#3064,#3094,#1680,.T.);
#3912=EDGE_CURVE('',#3095,#3094,#2566,.T.);
#3913=EDGE_CURVE('',#3066,#3095,#1681,.T.);
#3914=EDGE_CURVE('',#3094,#3058,#1682,.T.);
#3915=EDGE_CURVE('',#3074,#3096,#1683,.T.);
#3916=EDGE_CURVE('',#3097,#3096,#2567,.T.);
#3917=EDGE_CURVE('',#3076,#3097,#1684,.T.);
#3918=EDGE_CURVE('',#3096,#3073,#1685,.T.);
#3919=EDGE_CURVE('',#3088,#3098,#1686,.T.);
#3920=EDGE_CURVE('',#3098,#3099,#2568,.T.);
#3921=EDGE_CURVE('',#3099,#3089,#1687,.T.);
#3922=EDGE_CURVE('',#3100,#3100,#2569,.T.);
#3923=EDGE_CURVE('',#3086,#3098,#1688,.T.);
#3924=EDGE_CURVE('',#3084,#3099,#1689,.T.);
#3925=EDGE_CURVE('',#3013,#3101,#1690,.T.);
#3926=EDGE_CURVE('',#3101,#2975,#106,.T.);
#3927=EDGE_CURVE('',#3101,#3102,#1691,.T.);
#3928=EDGE_CURVE('',#3102,#3103,#2570,.T.);
#3929=EDGE_CURVE('',#3103,#2975,#1692,.T.);
#3930=EDGE_CURVE('',#3104,#3105,#2571,.T.);
#3931=EDGE_CURVE('',#3105,#3103,#2572,.T.);
#3932=EDGE_CURVE('',#3102,#3104,#2573,.T.);
#3933=EDGE_CURVE('',#3106,#3105,#1693,.T.);
#3934=EDGE_CURVE('',#3104,#3107,#1694,.T.);
#3935=EDGE_CURVE('',#3107,#3106,#107,.T.);
#3936=EDGE_CURVE('',#3107,#3108,#1695,.T.);
#3937=EDGE_CURVE('',#3108,#3109,#2574,.T.);
#3938=EDGE_CURVE('',#3109,#3106,#1696,.T.);
#3939=EDGE_CURVE('',#3110,#3111,#2575,.T.);
#3940=EDGE_CURVE('',#3111,#3109,#2576,.T.);
#3941=EDGE_CURVE('',#3108,#3110,#2577,.T.);
#3942=EDGE_CURVE('',#3112,#3113,#2578,.T.);
#3943=EDGE_CURVE('',#3113,#3111,#1697,.T.);
#3944=EDGE_CURVE('',#3110,#3112,#1698,.T.);
#3945=EDGE_CURVE('',#3114,#3115,#2579,.T.);
#3946=EDGE_CURVE('',#3115,#3113,#2580,.T.);
#3947=EDGE_CURVE('',#3112,#3114,#2581,.T.);
#3948=EDGE_CURVE('',#3116,#3115,#1699,.T.);
#3949=EDGE_CURVE('',#3114,#3117,#1700,.T.);
#3950=EDGE_CURVE('',#3117,#3116,#108,.T.);
#3951=EDGE_CURVE('',#3117,#3118,#1701,.T.);
#3952=EDGE_CURVE('',#3118,#3119,#2582,.T.);
#3953=EDGE_CURVE('',#3119,#3116,#1702,.T.);
#3954=EDGE_CURVE('',#3120,#3121,#2583,.T.);
#3955=EDGE_CURVE('',#3121,#3119,#2584,.T.);
#3956=EDGE_CURVE('',#3118,#3120,#2585,.T.);
#3957=EDGE_CURVE('',#2964,#3121,#1703,.T.);
#3958=EDGE_CURVE('',#3120,#3122,#1704,.T.);
#3959=EDGE_CURVE('',#3122,#2964,#109,.T.);
#3960=EDGE_CURVE('',#3122,#3123,#1705,.T.);
#3961=EDGE_CURVE('',#3123,#2965,#110,.T.);
#3962=EDGE_CURVE('',#3123,#3124,#1706,.T.);
#3963=EDGE_CURVE('',#3124,#3125,#2586,.T.);
#3964=EDGE_CURVE('',#3125,#2965,#1707,.T.);
#3965=EDGE_CURVE('',#3126,#3127,#2587,.T.);
#3966=EDGE_CURVE('',#3127,#3125,#2588,.T.);
#3967=EDGE_CURVE('',#3124,#3126,#2589,.T.);
#3968=EDGE_CURVE('',#2944,#3127,#1708,.T.);
#3969=EDGE_CURVE('',#3126,#3128,#1709,.T.);
#3970=EDGE_CURVE('',#3128,#2944,#111,.T.);
#3971=EDGE_CURVE('',#3128,#3129,#1710,.T.);
#3972=EDGE_CURVE('',#3129,#2945,#112,.T.);
#3973=EDGE_CURVE('',#3129,#3130,#1711,.T.);
#3974=EDGE_CURVE('',#3130,#3131,#2590,.T.);
#3975=EDGE_CURVE('',#3131,#2945,#1712,.T.);
#3976=EDGE_CURVE('',#3132,#3133,#2591,.T.);
#3977=EDGE_CURVE('',#3133,#3131,#2592,.T.);
#3978=EDGE_CURVE('',#3130,#3132,#2593,.T.);
#3979=EDGE_CURVE('',#3134,#3133,#1713,.T.);
#3980=EDGE_CURVE('',#3132,#3135,#1714,.T.);
#3981=EDGE_CURVE('',#3135,#3134,#113,.T.);
#3982=EDGE_CURVE('',#3135,#3136,#1715,.T.);
#3983=EDGE_CURVE('',#3136,#3137,#2594,.T.);
#3984=EDGE_CURVE('',#3137,#3134,#1716,.T.);
#3985=EDGE_CURVE('',#3138,#3139,#2595,.T.);
#3986=EDGE_CURVE('',#3139,#3137,#2596,.T.);
#3987=EDGE_CURVE('',#3136,#3138,#2597,.T.);
#3988=EDGE_CURVE('',#3140,#3141,#2598,.T.);
#3989=EDGE_CURVE('',#3141,#3139,#1717,.T.);
#3990=EDGE_CURVE('',#3138,#3140,#1718,.T.);
#3991=EDGE_CURVE('',#3142,#3143,#2599,.T.);
#3992=EDGE_CURVE('',#3143,#3141,#2600,.T.);
#3993=EDGE_CURVE('',#3140,#3142,#2601,.T.);
#3994=EDGE_CURVE('',#3144,#3143,#1719,.T.);
#3995=EDGE_CURVE('',#3142,#3145,#1720,.T.);
#3996=EDGE_CURVE('',#3145,#3144,#114,.T.);
#3997=EDGE_CURVE('',#3145,#3146,#1721,.T.);
#3998=EDGE_CURVE('',#3146,#3147,#2602,.T.);
#3999=EDGE_CURVE('',#3147,#3144,#1722,.T.);
#4000=EDGE_CURVE('',#3148,#3149,#2603,.T.);
#4001=EDGE_CURVE('',#3149,#3147,#2604,.T.);
#4002=EDGE_CURVE('',#3146,#3148,#2605,.T.);
#4003=EDGE_CURVE('',#2935,#3149,#1723,.T.);
#4004=EDGE_CURVE('',#3148,#3150,#1724,.T.);
#4005=EDGE_CURVE('',#3150,#2935,#115,.T.);
#4006=EDGE_CURVE('',#3150,#3151,#1725,.T.);
#4007=EDGE_CURVE('',#3151,#2936,#116,.T.);
#4008=EDGE_CURVE('',#3151,#3152,#1726,.T.);
#4009=EDGE_CURVE('',#3152,#3153,#2606,.T.);
#4010=EDGE_CURVE('',#3153,#2936,#1727,.T.);
#4011=EDGE_CURVE('',#3154,#3155,#2607,.T.);
#4012=EDGE_CURVE('',#3155,#3153,#2608,.T.);
#4013=EDGE_CURVE('',#3152,#3154,#2609,.T.);
#4014=EDGE_CURVE('',#3156,#3155,#1728,.T.);
#4015=EDGE_CURVE('',#3154,#3157,#1729,.T.);
#4016=EDGE_CURVE('',#3157,#3156,#117,.T.);
#4017=EDGE_CURVE('',#2995,#3156,#1730,.T.);
#4018=EDGE_CURVE('',#3157,#2996,#1731,.T.);
#4019=EDGE_CURVE('',#2640,#3103,#1732,.T.);
#4020=EDGE_CURVE('',#2641,#3105,#1733,.T.);
#4021=EDGE_CURVE('',#2642,#3106,#1734,.T.);
#4022=EDGE_CURVE('',#2643,#3109,#1735,.T.);
#4023=EDGE_CURVE('',#3111,#2644,#1736,.T.);
#4024=EDGE_CURVE('',#2645,#3113,#1737,.T.);
#4025=EDGE_CURVE('',#3115,#2646,#1738,.T.);
#4026=EDGE_CURVE('',#2647,#3116,#1739,.T.);
#4027=EDGE_CURVE('',#2648,#3119,#1740,.T.);
#4028=EDGE_CURVE('',#2649,#3121,#1741,.T.);
#4029=EDGE_CURVE('',#2959,#3125,#1742,.T.);
#4030=EDGE_CURVE('',#2960,#3127,#1743,.T.);
#4031=EDGE_CURVE('',#2664,#3131,#1744,.T.);
#4032=EDGE_CURVE('',#2665,#3133,#1745,.T.);
#4033=EDGE_CURVE('',#2666,#3134,#1746,.T.);
#4034=EDGE_CURVE('',#2667,#3137,#1747,.T.);
#4035=EDGE_CURVE('',#3139,#2668,#1748,.T.);
#4036=EDGE_CURVE('',#2669,#3141,#1749,.T.);
#4037=EDGE_CURVE('',#3143,#2670,#1750,.T.);
#4038=EDGE_CURVE('',#2671,#3144,#1751,.T.);
#4039=EDGE_CURVE('',#2672,#3147,#1752,.T.);
#4040=EDGE_CURVE('',#2673,#3149,#1753,.T.);
#4041=EDGE_CURVE('',#2918,#3153,#1754,.T.);
#4042=EDGE_CURVE('',#2919,#3155,#1755,.T.);
#4043=EDGE_CURVE('',#2920,#3156,#1756,.T.);
#4044=EDGE_CURVE('',#3158,#3158,#2610,.T.);
#4045=EDGE_CURVE('',#3158,#3159,#1757,.T.);
#4046=EDGE_CURVE('',#2652,#3158,#1758,.T.);
#4047=EDGE_CURVE('',#3160,#3160,#2611,.T.);
#4048=EDGE_CURVE('',#3160,#3161,#1759,.T.);
#4049=EDGE_CURVE('',#2961,#3160,#1760,.T.);
#4050=EDGE_CURVE('',#3162,#3162,#2612,.T.);
#4051=EDGE_CURVE('',#3162,#3163,#1761,.T.);
#4052=EDGE_CURVE('',#2683,#3162,#1762,.T.);
#4053=EDGE_CURVE('',#3164,#3164,#2613,.T.);
#4054=EDGE_CURVE('',#3164,#3165,#1763,.T.);
#4055=EDGE_CURVE('',#2653,#3164,#1764,.T.);
#4056=EDGE_CURVE('',#3166,#3166,#2614,.T.);
#4057=EDGE_CURVE('',#3166,#3167,#1765,.T.);
#4058=EDGE_CURVE('',#2929,#3166,#1766,.T.);
#4059=EDGE_CURVE('',#3168,#3168,#2615,.T.);
#4060=EDGE_CURVE('',#3168,#3169,#1767,.T.);
#4061=EDGE_CURVE('',#2682,#3168,#1768,.T.);
#4062=EDGE_CURVE('',#2978,#2969,#1769,.T.);
#4063=EDGE_CURVE('',#2980,#2979,#1770,.T.);
#4064=EDGE_CURVE('',#2982,#2981,#1771,.T.);
#4065=EDGE_CURVE('',#2937,#2916,#1772,.T.);
#4066=EDGE_CURVE('',#3170,#3170,#2616,.T.);
#4067=EDGE_CURVE('',#3170,#3171,#1773,.T.);
#4068=EDGE_CURVE('',#3100,#3170,#1774,.T.);
#4069=EDGE_CURVE('',#3172,#3172,#2617,.T.);
#4070=EDGE_CURVE('',#3172,#3173,#1775,.T.);
#4071=EDGE_CURVE('',#3174,#3174,#2618,.T.);
#4072=EDGE_CURVE('',#3174,#3172,#1776,.T.);
#4073=EDGE_CURVE('',#3175,#3175,#2619,.T.);
#4074=EDGE_CURVE('',#3175,#3176,#1777,.T.);
#4075=EDGE_CURVE('',#3177,#3177,#2620,.T.);
#4076=EDGE_CURVE('',#3177,#3175,#1778,.T.);
#4077=EDGE_CURVE('',#3178,#3178,#2621,.T.);
#4078=EDGE_CURVE('',#3178,#3179,#1779,.T.);
#4079=EDGE_CURVE('',#3180,#3180,#2622,.T.);
#4080=EDGE_CURVE('',#3180,#3178,#1780,.T.);
#4081=EDGE_CURVE('',#3181,#3181,#2623,.T.);
#4082=EDGE_CURVE('',#3181,#3182,#1781,.T.);
#4083=EDGE_CURVE('',#3183,#3183,#2624,.T.);
#4084=EDGE_CURVE('',#3183,#3181,#1782,.T.);
#4085=EDGE_CURVE('',#3184,#3184,#2625,.T.);
#4086=EDGE_CURVE('',#3184,#3185,#1783,.T.);
#4087=EDGE_CURVE('',#3186,#3186,#2626,.T.);
#4088=EDGE_CURVE('',#3186,#3184,#1784,.T.);
#4089=EDGE_CURVE('',#3091,#3082,#1785,.T.);
#4090=EDGE_CURVE('',#3078,#3187,#1786,.T.);
#4091=EDGE_CURVE('',#3080,#3187,#1787,.T.);
#4092=EDGE_CURVE('',#3188,#3081,#1788,.T.);
#4093=EDGE_CURVE('',#3059,#3188,#1789,.T.);
#4094=EDGE_CURVE('',#3187,#3188,#2627,.T.);
#4095=EDGE_CURVE('',#3093,#3020,#1790,.T.);
#4096=EDGE_CURVE('',#2994,#3097,#1791,.T.);
#4097=EDGE_CURVE('',#3068,#3095,#1792,.T.);
#4098=EDGE_CURVE('',#2677,#2987,#1793,.T.);
#4099=ORIENTED_EDGE('',*,*,#3189,.T.);
#4100=ORIENTED_EDGE('',*,*,#3190,.T.);
#4101=ORIENTED_EDGE('',*,*,#3191,.T.);
#4102=ORIENTED_EDGE('',*,*,#3192,.T.);
#4103=ORIENTED_EDGE('',*,*,#3190,.F.);
#4104=ORIENTED_EDGE('',*,*,#3193,.F.);
#4105=ORIENTED_EDGE('',*,*,#3194,.F.);
#4106=ORIENTED_EDGE('',*,*,#3195,.F.);
#4107=ORIENTED_EDGE('',*,*,#3196,.F.);
#4108=ORIENTED_EDGE('',*,*,#3197,.F.);
#4109=ORIENTED_EDGE('',*,*,#3198,.F.);
#4110=ORIENTED_EDGE('',*,*,#3199,.F.);
#4111=ORIENTED_EDGE('',*,*,#3200,.T.);
#4112=ORIENTED_EDGE('',*,*,#3201,.T.);
#4113=ORIENTED_EDGE('',*,*,#3202,.T.);
#4114=ORIENTED_EDGE('',*,*,#3203,.T.);
#4115=ORIENTED_EDGE('',*,*,#3204,.T.);
#4116=ORIENTED_EDGE('',*,*,#3205,.F.);
#4117=ORIENTED_EDGE('',*,*,#3206,.T.);
#4118=ORIENTED_EDGE('',*,*,#3207,.F.);
#4119=ORIENTED_EDGE('',*,*,#3208,.T.);
#4120=ORIENTED_EDGE('',*,*,#3209,.T.);
#4121=ORIENTED_EDGE('',*,*,#3210,.T.);
#4122=ORIENTED_EDGE('',*,*,#3211,.T.);
#4123=ORIENTED_EDGE('',*,*,#3212,.T.);
#4124=ORIENTED_EDGE('',*,*,#3213,.F.);
#4125=ORIENTED_EDGE('',*,*,#3214,.T.);
#4126=ORIENTED_EDGE('',*,*,#3215,.T.);
#4127=ORIENTED_EDGE('',*,*,#3189,.F.);
#4128=ORIENTED_EDGE('',*,*,#3191,.F.);
#4129=ORIENTED_EDGE('',*,*,#3192,.F.);
#4130=ORIENTED_EDGE('',*,*,#3216,.T.);
#4131=ORIENTED_EDGE('',*,*,#3217,.T.);
#4132=ORIENTED_EDGE('',*,*,#3216,.F.);
#4133=ORIENTED_EDGE('',*,*,#3213,.T.);
#4134=ORIENTED_EDGE('',*,*,#3218,.T.);
#4135=ORIENTED_EDGE('',*,*,#3219,.T.);
#4136=ORIENTED_EDGE('',*,*,#3220,.T.);
#4137=ORIENTED_EDGE('',*,*,#3218,.F.);
#4138=ORIENTED_EDGE('',*,*,#3219,.F.);
#4139=ORIENTED_EDGE('',*,*,#3220,.F.);
#4140=ORIENTED_EDGE('',*,*,#3221,.T.);
#4141=ORIENTED_EDGE('',*,*,#3222,.T.);
#4142=ORIENTED_EDGE('',*,*,#3221,.F.);
#4143=ORIENTED_EDGE('',*,*,#3223,.T.);
#4144=ORIENTED_EDGE('',*,*,#3224,.T.);
#4145=ORIENTED_EDGE('',*,*,#3225,.T.);
#4146=ORIENTED_EDGE('',*,*,#3226,.T.);
#4147=ORIENTED_EDGE('',*,*,#3224,.F.);
#4148=ORIENTED_EDGE('',*,*,#3227,.F.);
#4149=ORIENTED_EDGE('',*,*,#3228,.T.);
#4150=ORIENTED_EDGE('',*,*,#3229,.T.);
#4151=ORIENTED_EDGE('',*,*,#3230,.T.);
#4152=ORIENTED_EDGE('',*,*,#3231,.T.);
#4153=ORIENTED_EDGE('',*,*,#3232,.T.);
#4154=ORIENTED_EDGE('',*,*,#3233,.F.);
#4155=ORIENTED_EDGE('',*,*,#3234,.T.);
#4156=ORIENTED_EDGE('',*,*,#3235,.F.);
#4157=ORIENTED_EDGE('',*,*,#3236,.T.);
#4158=ORIENTED_EDGE('',*,*,#3237,.T.);
#4159=ORIENTED_EDGE('',*,*,#3238,.T.);
#4160=ORIENTED_EDGE('',*,*,#3239,.T.);
#4161=ORIENTED_EDGE('',*,*,#3240,.T.);
#4162=ORIENTED_EDGE('',*,*,#3241,.F.);
#4163=ORIENTED_EDGE('',*,*,#3242,.F.);
#4164=ORIENTED_EDGE('',*,*,#3243,.F.);
#4165=ORIENTED_EDGE('',*,*,#3244,.F.);
#4166=ORIENTED_EDGE('',*,*,#3245,.F.);
#4167=ORIENTED_EDGE('',*,*,#3246,.F.);
#4168=ORIENTED_EDGE('',*,*,#3247,.F.);
#4169=ORIENTED_EDGE('',*,*,#3248,.T.);
#4170=ORIENTED_EDGE('',*,*,#3249,.T.);
#4171=ORIENTED_EDGE('',*,*,#3223,.F.);
#4172=ORIENTED_EDGE('',*,*,#3225,.F.);
#4173=ORIENTED_EDGE('',*,*,#3226,.F.);
#4174=ORIENTED_EDGE('',*,*,#3250,.T.);
#4175=ORIENTED_EDGE('',*,*,#3251,.T.);
#4176=ORIENTED_EDGE('',*,*,#3250,.F.);
#4177=ORIENTED_EDGE('',*,*,#3247,.T.);
#4178=ORIENTED_EDGE('',*,*,#3252,.T.);
#4179=ORIENTED_EDGE('',*,*,#3253,.T.);
#4180=ORIENTED_EDGE('',*,*,#3254,.T.);
#4181=ORIENTED_EDGE('',*,*,#3252,.F.);
#4182=ORIENTED_EDGE('',*,*,#3253,.F.);
#4183=ORIENTED_EDGE('',*,*,#3254,.F.);
#4184=ORIENTED_EDGE('',*,*,#3255,.T.);
#4185=ORIENTED_EDGE('',*,*,#3256,.T.);
#4186=ORIENTED_EDGE('',*,*,#3255,.F.);
#4187=ORIENTED_EDGE('',*,*,#3222,.F.);
#4188=ORIENTED_EDGE('',*,*,#3257,.T.);
#4189=ORIENTED_EDGE('',*,*,#3257,.F.);
#4190=ORIENTED_EDGE('',*,*,#3256,.F.);
#4191=ORIENTED_EDGE('',*,*,#3258,.T.);
#4192=ORIENTED_EDGE('',*,*,#3258,.F.);
#4193=ORIENTED_EDGE('',*,*,#3251,.F.);
#4194=ORIENTED_EDGE('',*,*,#3259,.T.);
#4195=ORIENTED_EDGE('',*,*,#3259,.F.);
#4196=ORIENTED_EDGE('',*,*,#3217,.F.);
#4197=ORIENTED_EDGE('',*,*,#3260,.T.);
#4198=ORIENTED_EDGE('',*,*,#3260,.F.);
#4199=ORIENTED_EDGE('',*,*,#3261,.T.);
#4200=ORIENTED_EDGE('',*,*,#3262,.T.);
#4201=ORIENTED_EDGE('',*,*,#3263,.T.);
#4202=ORIENTED_EDGE('',*,*,#3264,.T.);
#4203=ORIENTED_EDGE('',*,*,#3265,.T.);
#4204=ORIENTED_EDGE('',*,*,#3266,.T.);
#4205=ORIENTED_EDGE('',*,*,#3263,.F.);
#4206=ORIENTED_EDGE('',*,*,#3267,.T.);
#4207=ORIENTED_EDGE('',*,*,#3268,.T.);
#4208=ORIENTED_EDGE('',*,*,#3269,.T.);
#4209=ORIENTED_EDGE('',*,*,#3265,.F.);
#4210=ORIENTED_EDGE('',*,*,#3270,.T.);
#4211=ORIENTED_EDGE('',*,*,#3261,.F.);
#4212=ORIENTED_EDGE('',*,*,#3271,.T.);
#4213=ORIENTED_EDGE('',*,*,#3268,.F.);
#4214=ORIENTED_EDGE('',*,*,#3272,.T.);
#4215=ORIENTED_EDGE('',*,*,#3271,.F.);
#4216=ORIENTED_EDGE('',*,*,#3273,.F.);
#4217=ORIENTED_EDGE('',*,*,#3274,.T.);
#4218=ORIENTED_EDGE('',*,*,#3275,.T.);
#4219=ORIENTED_EDGE('',*,*,#3264,.F.);
#4220=ORIENTED_EDGE('',*,*,#3276,.F.);
#4221=ORIENTED_EDGE('',*,*,#3277,.T.);
#4222=ORIENTED_EDGE('',*,*,#3273,.T.);
#4223=ORIENTED_EDGE('',*,*,#3262,.F.);
#4224=ORIENTED_EDGE('',*,*,#3272,.F.);
#4225=ORIENTED_EDGE('',*,*,#3270,.F.);
#4226=ORIENTED_EDGE('',*,*,#3267,.F.);
#4227=ORIENTED_EDGE('',*,*,#3278,.T.);
#4228=ORIENTED_EDGE('',*,*,#3279,.T.);
#4229=ORIENTED_EDGE('',*,*,#3280,.T.);
#4230=ORIENTED_EDGE('',*,*,#3281,.T.);
#4231=ORIENTED_EDGE('',*,*,#3282,.T.);
#4232=ORIENTED_EDGE('',*,*,#3283,.T.);
#4233=ORIENTED_EDGE('',*,*,#3280,.F.);
#4234=ORIENTED_EDGE('',*,*,#3284,.T.);
#4235=ORIENTED_EDGE('',*,*,#3285,.T.);
#4236=ORIENTED_EDGE('',*,*,#3286,.T.);
#4237=ORIENTED_EDGE('',*,*,#3282,.F.);
#4238=ORIENTED_EDGE('',*,*,#3287,.T.);
#4239=ORIENTED_EDGE('',*,*,#3278,.F.);
#4240=ORIENTED_EDGE('',*,*,#3288,.T.);
#4241=ORIENTED_EDGE('',*,*,#3285,.F.);
#4242=ORIENTED_EDGE('',*,*,#3289,.T.);
#4243=ORIENTED_EDGE('',*,*,#3288,.F.);
#4244=ORIENTED_EDGE('',*,*,#3290,.F.);
#4245=ORIENTED_EDGE('',*,*,#3291,.T.);
#4246=ORIENTED_EDGE('',*,*,#3292,.T.);
#4247=ORIENTED_EDGE('',*,*,#3281,.F.);
#4248=ORIENTED_EDGE('',*,*,#3293,.F.);
#4249=ORIENTED_EDGE('',*,*,#3294,.T.);
#4250=ORIENTED_EDGE('',*,*,#3290,.T.);
#4251=ORIENTED_EDGE('',*,*,#3279,.F.);
#4252=ORIENTED_EDGE('',*,*,#3289,.F.);
#4253=ORIENTED_EDGE('',*,*,#3287,.F.);
#4254=ORIENTED_EDGE('',*,*,#3284,.F.);
#4255=ORIENTED_EDGE('',*,*,#3295,.F.);
#4256=ORIENTED_EDGE('',*,*,#3296,.T.);
#4257=ORIENTED_EDGE('',*,*,#3297,.T.);
#4258=ORIENTED_EDGE('',*,*,#3298,.F.);
#4259=ORIENTED_EDGE('',*,*,#3299,.F.);
#4260=ORIENTED_EDGE('',*,*,#3300,.T.);
#4261=ORIENTED_EDGE('',*,*,#3301,.T.);
#4262=ORIENTED_EDGE('',*,*,#3296,.F.);
#4263=ORIENTED_EDGE('',*,*,#3302,.F.);
#4264=ORIENTED_EDGE('',*,*,#3303,.T.);
#4265=ORIENTED_EDGE('',*,*,#3304,.T.);
#4266=ORIENTED_EDGE('',*,*,#3300,.F.);
#4267=ORIENTED_EDGE('',*,*,#3305,.F.);
#4268=ORIENTED_EDGE('',*,*,#3306,.T.);
#4269=ORIENTED_EDGE('',*,*,#3307,.T.);
#4270=ORIENTED_EDGE('',*,*,#3303,.F.);
#4271=ORIENTED_EDGE('',*,*,#3308,.F.);
#4272=ORIENTED_EDGE('',*,*,#3309,.T.);
#4273=ORIENTED_EDGE('',*,*,#3310,.T.);
#4274=ORIENTED_EDGE('',*,*,#3306,.F.);
#4275=ORIENTED_EDGE('',*,*,#3311,.F.);
#4276=ORIENTED_EDGE('',*,*,#3312,.T.);
#4277=ORIENTED_EDGE('',*,*,#3313,.T.);
#4278=ORIENTED_EDGE('',*,*,#3309,.F.);
#4279=ORIENTED_EDGE('',*,*,#3314,.F.);
#4280=ORIENTED_EDGE('',*,*,#3315,.T.);
#4281=ORIENTED_EDGE('',*,*,#3316,.T.);
#4282=ORIENTED_EDGE('',*,*,#3312,.F.);
#4283=ORIENTED_EDGE('',*,*,#3317,.F.);
#4284=ORIENTED_EDGE('',*,*,#3298,.T.);
#4285=ORIENTED_EDGE('',*,*,#3318,.T.);
#4286=ORIENTED_EDGE('',*,*,#3315,.F.);
#4287=ORIENTED_EDGE('',*,*,#3318,.F.);
#4288=ORIENTED_EDGE('',*,*,#3297,.F.);
#4289=ORIENTED_EDGE('',*,*,#3301,.F.);
#4290=ORIENTED_EDGE('',*,*,#3304,.F.);
#4291=ORIENTED_EDGE('',*,*,#3307,.F.);
#4292=ORIENTED_EDGE('',*,*,#3310,.F.);
#4293=ORIENTED_EDGE('',*,*,#3313,.F.);
#4294=ORIENTED_EDGE('',*,*,#3316,.F.);
#4295=ORIENTED_EDGE('',*,*,#3319,.F.);
#4296=ORIENTED_EDGE('',*,*,#3320,.F.);
#4297=ORIENTED_EDGE('',*,*,#3321,.F.);
#4298=ORIENTED_EDGE('',*,*,#3322,.F.);
#4299=ORIENTED_EDGE('',*,*,#3323,.F.);
#4300=ORIENTED_EDGE('',*,*,#3324,.T.);
#4301=ORIENTED_EDGE('',*,*,#3325,.T.);
#4302=ORIENTED_EDGE('',*,*,#3326,.F.);
#4303=ORIENTED_EDGE('',*,*,#3327,.F.);
#4304=ORIENTED_EDGE('',*,*,#3328,.T.);
#4305=ORIENTED_EDGE('',*,*,#3329,.T.);
#4306=ORIENTED_EDGE('',*,*,#3324,.F.);
#4307=ORIENTED_EDGE('',*,*,#3330,.F.);
#4308=ORIENTED_EDGE('',*,*,#3331,.T.);
#4309=ORIENTED_EDGE('',*,*,#3332,.T.);
#4310=ORIENTED_EDGE('',*,*,#3328,.F.);
#4311=ORIENTED_EDGE('',*,*,#3333,.F.);
#4312=ORIENTED_EDGE('',*,*,#3334,.T.);
#4313=ORIENTED_EDGE('',*,*,#3335,.T.);
#4314=ORIENTED_EDGE('',*,*,#3331,.F.);
#4315=ORIENTED_EDGE('',*,*,#3336,.F.);
#4316=ORIENTED_EDGE('',*,*,#3337,.T.);
#4317=ORIENTED_EDGE('',*,*,#3338,.T.);
#4318=ORIENTED_EDGE('',*,*,#3334,.F.);
#4319=ORIENTED_EDGE('',*,*,#3339,.F.);
#4320=ORIENTED_EDGE('',*,*,#3340,.T.);
#4321=ORIENTED_EDGE('',*,*,#3341,.T.);
#4322=ORIENTED_EDGE('',*,*,#3337,.F.);
#4323=ORIENTED_EDGE('',*,*,#3342,.F.);
#4324=ORIENTED_EDGE('',*,*,#3343,.T.);
#4325=ORIENTED_EDGE('',*,*,#3344,.T.);
#4326=ORIENTED_EDGE('',*,*,#3340,.F.);
#4327=ORIENTED_EDGE('',*,*,#3345,.F.);
#4328=ORIENTED_EDGE('',*,*,#3326,.T.);
#4329=ORIENTED_EDGE('',*,*,#3346,.T.);
#4330=ORIENTED_EDGE('',*,*,#3343,.F.);
#4331=ORIENTED_EDGE('',*,*,#3346,.F.);
#4332=ORIENTED_EDGE('',*,*,#3325,.F.);
#4333=ORIENTED_EDGE('',*,*,#3329,.F.);
#4334=ORIENTED_EDGE('',*,*,#3332,.F.);
#4335=ORIENTED_EDGE('',*,*,#3335,.F.);
#4336=ORIENTED_EDGE('',*,*,#3338,.F.);
#4337=ORIENTED_EDGE('',*,*,#3341,.F.);
#4338=ORIENTED_EDGE('',*,*,#3344,.F.);
#4339=ORIENTED_EDGE('',*,*,#3347,.F.);
#4340=ORIENTED_EDGE('',*,*,#3348,.F.);
#4341=ORIENTED_EDGE('',*,*,#3349,.F.);
#4342=ORIENTED_EDGE('',*,*,#3350,.F.);
#4343=ORIENTED_EDGE('',*,*,#3351,.F.);
#4344=ORIENTED_EDGE('',*,*,#3352,.T.);
#4345=ORIENTED_EDGE('',*,*,#3353,.T.);
#4346=ORIENTED_EDGE('',*,*,#3354,.F.);
#4347=ORIENTED_EDGE('',*,*,#3355,.F.);
#4348=ORIENTED_EDGE('',*,*,#3356,.T.);
#4349=ORIENTED_EDGE('',*,*,#3357,.T.);
#4350=ORIENTED_EDGE('',*,*,#3352,.F.);
#4351=ORIENTED_EDGE('',*,*,#3358,.F.);
#4352=ORIENTED_EDGE('',*,*,#3359,.T.);
#4353=ORIENTED_EDGE('',*,*,#3360,.T.);
#4354=ORIENTED_EDGE('',*,*,#3356,.F.);
#4355=ORIENTED_EDGE('',*,*,#3361,.F.);
#4356=ORIENTED_EDGE('',*,*,#3362,.T.);
#4357=ORIENTED_EDGE('',*,*,#3363,.T.);
#4358=ORIENTED_EDGE('',*,*,#3359,.F.);
#4359=ORIENTED_EDGE('',*,*,#3364,.F.);
#4360=ORIENTED_EDGE('',*,*,#3365,.T.);
#4361=ORIENTED_EDGE('',*,*,#3366,.T.);
#4362=ORIENTED_EDGE('',*,*,#3362,.F.);
#4363=ORIENTED_EDGE('',*,*,#3367,.F.);
#4364=ORIENTED_EDGE('',*,*,#3368,.T.);
#4365=ORIENTED_EDGE('',*,*,#3369,.T.);
#4366=ORIENTED_EDGE('',*,*,#3365,.F.);
#4367=ORIENTED_EDGE('',*,*,#3370,.F.);
#4368=ORIENTED_EDGE('',*,*,#3371,.T.);
#4369=ORIENTED_EDGE('',*,*,#3372,.T.);
#4370=ORIENTED_EDGE('',*,*,#3368,.F.);
#4371=ORIENTED_EDGE('',*,*,#3373,.F.);
#4372=ORIENTED_EDGE('',*,*,#3354,.T.);
#4373=ORIENTED_EDGE('',*,*,#3374,.T.);
#4374=ORIENTED_EDGE('',*,*,#3371,.F.);
#4375=ORIENTED_EDGE('',*,*,#3374,.F.);
#4376=ORIENTED_EDGE('',*,*,#3353,.F.);
#4377=ORIENTED_EDGE('',*,*,#3357,.F.);
#4378=ORIENTED_EDGE('',*,*,#3360,.F.);
#4379=ORIENTED_EDGE('',*,*,#3363,.F.);
#4380=ORIENTED_EDGE('',*,*,#3366,.F.);
#4381=ORIENTED_EDGE('',*,*,#3369,.F.);
#4382=ORIENTED_EDGE('',*,*,#3372,.F.);
#4383=ORIENTED_EDGE('',*,*,#3375,.F.);
#4384=ORIENTED_EDGE('',*,*,#3376,.F.);
#4385=ORIENTED_EDGE('',*,*,#3291,.F.);
#4386=ORIENTED_EDGE('',*,*,#3294,.F.);
#4387=ORIENTED_EDGE('',*,*,#3377,.F.);
#4388=ORIENTED_EDGE('',*,*,#3378,.T.);
#4389=ORIENTED_EDGE('',*,*,#3379,.T.);
#4390=ORIENTED_EDGE('',*,*,#3380,.F.);
#4391=ORIENTED_EDGE('',*,*,#3381,.F.);
#4392=ORIENTED_EDGE('',*,*,#3382,.T.);
#4393=ORIENTED_EDGE('',*,*,#3383,.T.);
#4394=ORIENTED_EDGE('',*,*,#3378,.F.);
#4395=ORIENTED_EDGE('',*,*,#3384,.F.);
#4396=ORIENTED_EDGE('',*,*,#3385,.T.);
#4397=ORIENTED_EDGE('',*,*,#3386,.T.);
#4398=ORIENTED_EDGE('',*,*,#3382,.F.);
#4399=ORIENTED_EDGE('',*,*,#3387,.F.);
#4400=ORIENTED_EDGE('',*,*,#3388,.T.);
#4401=ORIENTED_EDGE('',*,*,#3389,.T.);
#4402=ORIENTED_EDGE('',*,*,#3385,.F.);
#4403=ORIENTED_EDGE('',*,*,#3390,.F.);
#4404=ORIENTED_EDGE('',*,*,#3391,.T.);
#4405=ORIENTED_EDGE('',*,*,#3392,.T.);
#4406=ORIENTED_EDGE('',*,*,#3388,.F.);
#4407=ORIENTED_EDGE('',*,*,#3393,.F.);
#4408=ORIENTED_EDGE('',*,*,#3394,.T.);
#4409=ORIENTED_EDGE('',*,*,#3395,.T.);
#4410=ORIENTED_EDGE('',*,*,#3391,.F.);
#4411=ORIENTED_EDGE('',*,*,#3396,.F.);
#4412=ORIENTED_EDGE('',*,*,#3397,.T.);
#4413=ORIENTED_EDGE('',*,*,#3398,.T.);
#4414=ORIENTED_EDGE('',*,*,#3394,.F.);
#4415=ORIENTED_EDGE('',*,*,#3399,.F.);
#4416=ORIENTED_EDGE('',*,*,#3380,.T.);
#4417=ORIENTED_EDGE('',*,*,#3400,.T.);
#4418=ORIENTED_EDGE('',*,*,#3397,.F.);
#4419=ORIENTED_EDGE('',*,*,#3400,.F.);
#4420=ORIENTED_EDGE('',*,*,#3379,.F.);
#4421=ORIENTED_EDGE('',*,*,#3383,.F.);
#4422=ORIENTED_EDGE('',*,*,#3386,.F.);
#4423=ORIENTED_EDGE('',*,*,#3389,.F.);
#4424=ORIENTED_EDGE('',*,*,#3392,.F.);
#4425=ORIENTED_EDGE('',*,*,#3395,.F.);
#4426=ORIENTED_EDGE('',*,*,#3398,.F.);
#4427=ORIENTED_EDGE('',*,*,#3401,.F.);
#4428=ORIENTED_EDGE('',*,*,#3402,.F.);
#4429=ORIENTED_EDGE('',*,*,#3274,.F.);
#4430=ORIENTED_EDGE('',*,*,#3277,.F.);
#4431=ORIENTED_EDGE('',*,*,#3320,.T.);
#4432=ORIENTED_EDGE('',*,*,#3403,.T.);
#4433=ORIENTED_EDGE('',*,*,#3404,.F.);
#4434=ORIENTED_EDGE('',*,*,#3405,.F.);
#4435=ORIENTED_EDGE('',*,*,#3319,.T.);
#4436=ORIENTED_EDGE('',*,*,#3406,.T.);
#4437=ORIENTED_EDGE('',*,*,#3407,.F.);
#4438=ORIENTED_EDGE('',*,*,#3403,.F.);
#4439=ORIENTED_EDGE('',*,*,#3348,.T.);
#4440=ORIENTED_EDGE('',*,*,#3408,.T.);
#4441=ORIENTED_EDGE('',*,*,#3409,.F.);
#4442=ORIENTED_EDGE('',*,*,#3410,.F.);
#4443=ORIENTED_EDGE('',*,*,#3347,.T.);
#4444=ORIENTED_EDGE('',*,*,#3411,.T.);
#4445=ORIENTED_EDGE('',*,*,#3412,.F.);
#4446=ORIENTED_EDGE('',*,*,#3408,.F.);
#4447=ORIENTED_EDGE('',*,*,#3286,.F.);
#4448=ORIENTED_EDGE('',*,*,#3292,.F.);
#4449=ORIENTED_EDGE('',*,*,#3376,.T.);
#4450=ORIENTED_EDGE('',*,*,#3413,.T.);
#4451=ORIENTED_EDGE('',*,*,#3283,.F.);
#4452=ORIENTED_EDGE('',*,*,#3413,.F.);
#4453=ORIENTED_EDGE('',*,*,#3375,.T.);
#4454=ORIENTED_EDGE('',*,*,#3293,.T.);
#4455=ORIENTED_EDGE('',*,*,#3269,.F.);
#4456=ORIENTED_EDGE('',*,*,#3275,.F.);
#4457=ORIENTED_EDGE('',*,*,#3402,.T.);
#4458=ORIENTED_EDGE('',*,*,#3414,.T.);
#4459=ORIENTED_EDGE('',*,*,#3266,.F.);
#4460=ORIENTED_EDGE('',*,*,#3414,.F.);
#4461=ORIENTED_EDGE('',*,*,#3401,.T.);
#4462=ORIENTED_EDGE('',*,*,#3276,.T.);
#4463=ORIENTED_EDGE('',*,*,#3322,.T.);
#4464=ORIENTED_EDGE('',*,*,#3415,.T.);
#4465=ORIENTED_EDGE('',*,*,#3416,.F.);
#4466=ORIENTED_EDGE('',*,*,#3406,.F.);
#4467=ORIENTED_EDGE('',*,*,#3321,.T.);
#4468=ORIENTED_EDGE('',*,*,#3405,.T.);
#4469=ORIENTED_EDGE('',*,*,#3417,.F.);
#4470=ORIENTED_EDGE('',*,*,#3415,.F.);
#4471=ORIENTED_EDGE('',*,*,#3350,.T.);
#4472=ORIENTED_EDGE('',*,*,#3418,.T.);
#4473=ORIENTED_EDGE('',*,*,#3419,.F.);
#4474=ORIENTED_EDGE('',*,*,#3411,.F.);
#4475=ORIENTED_EDGE('',*,*,#3349,.T.);
#4476=ORIENTED_EDGE('',*,*,#3410,.T.);
#4477=ORIENTED_EDGE('',*,*,#3420,.F.);
#4478=ORIENTED_EDGE('',*,*,#3418,.F.);
#4479=ORIENTED_EDGE('',*,*,#3421,.T.);
#4480=ORIENTED_EDGE('',*,*,#3422,.T.);
#4481=ORIENTED_EDGE('',*,*,#3423,.T.);
#4482=ORIENTED_EDGE('',*,*,#3424,.T.);
#4483=ORIENTED_EDGE('',*,*,#3425,.T.);
#4484=ORIENTED_EDGE('',*,*,#3426,.T.);
#4485=ORIENTED_EDGE('',*,*,#3423,.F.);
#4486=ORIENTED_EDGE('',*,*,#3427,.T.);
#4487=ORIENTED_EDGE('',*,*,#3428,.T.);
#4488=ORIENTED_EDGE('',*,*,#3429,.T.);
#4489=ORIENTED_EDGE('',*,*,#3425,.F.);
#4490=ORIENTED_EDGE('',*,*,#3430,.T.);
#4491=ORIENTED_EDGE('',*,*,#3431,.T.);
#4492=ORIENTED_EDGE('',*,*,#3432,.T.);
#4493=ORIENTED_EDGE('',*,*,#3428,.F.);
#4494=ORIENTED_EDGE('',*,*,#3433,.T.);
#4495=ORIENTED_EDGE('',*,*,#3434,.T.);
#4496=ORIENTED_EDGE('',*,*,#3435,.T.);
#4497=ORIENTED_EDGE('',*,*,#3431,.F.);
#4498=ORIENTED_EDGE('',*,*,#3436,.T.);
#4499=ORIENTED_EDGE('',*,*,#3437,.T.);
#4500=ORIENTED_EDGE('',*,*,#3438,.T.);
#4501=ORIENTED_EDGE('',*,*,#3434,.F.);
#4502=ORIENTED_EDGE('',*,*,#3439,.T.);
#4503=ORIENTED_EDGE('',*,*,#3440,.T.);
#4504=ORIENTED_EDGE('',*,*,#3441,.T.);
#4505=ORIENTED_EDGE('',*,*,#3437,.F.);
#4506=ORIENTED_EDGE('',*,*,#3442,.T.);
#4507=ORIENTED_EDGE('',*,*,#3421,.F.);
#4508=ORIENTED_EDGE('',*,*,#3443,.T.);
#4509=ORIENTED_EDGE('',*,*,#3440,.F.);
#4510=ORIENTED_EDGE('',*,*,#3444,.T.);
#4511=ORIENTED_EDGE('',*,*,#3433,.F.);
#4512=ORIENTED_EDGE('',*,*,#3445,.T.);
#4513=ORIENTED_EDGE('',*,*,#3446,.F.);
#4514=ORIENTED_EDGE('',*,*,#3447,.F.);
#4515=ORIENTED_EDGE('',*,*,#3430,.F.);
#4516=ORIENTED_EDGE('',*,*,#3448,.T.);
#4517=ORIENTED_EDGE('',*,*,#3449,.F.);
#4518=ORIENTED_EDGE('',*,*,#3445,.F.);
#4519=ORIENTED_EDGE('',*,*,#3427,.F.);
#4520=ORIENTED_EDGE('',*,*,#3450,.T.);
#4521=ORIENTED_EDGE('',*,*,#3451,.F.);
#4522=ORIENTED_EDGE('',*,*,#3448,.F.);
#4523=ORIENTED_EDGE('',*,*,#3422,.F.);
#4524=ORIENTED_EDGE('',*,*,#3452,.T.);
#4525=ORIENTED_EDGE('',*,*,#3453,.F.);
#4526=ORIENTED_EDGE('',*,*,#3450,.F.);
#4527=ORIENTED_EDGE('',*,*,#3454,.F.);
#4528=ORIENTED_EDGE('',*,*,#3455,.F.);
#4529=ORIENTED_EDGE('',*,*,#3456,.F.);
#4530=ORIENTED_EDGE('',*,*,#3457,.F.);
#4531=ORIENTED_EDGE('',*,*,#3458,.F.);
#4532=ORIENTED_EDGE('',*,*,#3459,.F.);
#4533=ORIENTED_EDGE('',*,*,#3460,.F.);
#4534=ORIENTED_EDGE('',*,*,#3461,.F.);
#4535=ORIENTED_EDGE('',*,*,#3462,.F.);
#4536=ORIENTED_EDGE('',*,*,#3463,.F.);
#4537=ORIENTED_EDGE('',*,*,#3464,.F.);
#4538=ORIENTED_EDGE('',*,*,#3465,.F.);
#4539=ORIENTED_EDGE('',*,*,#3466,.F.);
#4540=ORIENTED_EDGE('',*,*,#3467,.F.);
#4541=ORIENTED_EDGE('',*,*,#3468,.F.);
#4542=ORIENTED_EDGE('',*,*,#3469,.F.);
#4543=ORIENTED_EDGE('',*,*,#3470,.F.);
#4544=ORIENTED_EDGE('',*,*,#3471,.F.);
#4545=ORIENTED_EDGE('',*,*,#3424,.F.);
#4546=ORIENTED_EDGE('',*,*,#3426,.F.);
#4547=ORIENTED_EDGE('',*,*,#3429,.F.);
#4548=ORIENTED_EDGE('',*,*,#3432,.F.);
#4549=ORIENTED_EDGE('',*,*,#3435,.F.);
#4550=ORIENTED_EDGE('',*,*,#3438,.F.);
#4551=ORIENTED_EDGE('',*,*,#3441,.F.);
#4552=ORIENTED_EDGE('',*,*,#3443,.F.);
#4553=ORIENTED_EDGE('',*,*,#3472,.T.);
#4554=ORIENTED_EDGE('',*,*,#3473,.T.);
#4555=ORIENTED_EDGE('',*,*,#3474,.T.);
#4556=ORIENTED_EDGE('',*,*,#3453,.T.);
#4557=ORIENTED_EDGE('',*,*,#3475,.T.);
#4558=ORIENTED_EDGE('',*,*,#3451,.T.);
#4559=ORIENTED_EDGE('',*,*,#3474,.F.);
#4560=ORIENTED_EDGE('',*,*,#3476,.T.);
#4561=ORIENTED_EDGE('',*,*,#3477,.T.);
#4562=ORIENTED_EDGE('',*,*,#3449,.T.);
#4563=ORIENTED_EDGE('',*,*,#3475,.F.);
#4564=ORIENTED_EDGE('',*,*,#3478,.T.);
#4565=ORIENTED_EDGE('',*,*,#3479,.T.);
#4566=ORIENTED_EDGE('',*,*,#3446,.T.);
#4567=ORIENTED_EDGE('',*,*,#3477,.F.);
#4568=ORIENTED_EDGE('',*,*,#3480,.T.);
#4569=ORIENTED_EDGE('',*,*,#3481,.T.);
#4570=ORIENTED_EDGE('',*,*,#3482,.T.);
#4571=ORIENTED_EDGE('',*,*,#3479,.F.);
#4572=ORIENTED_EDGE('',*,*,#3483,.T.);
#4573=ORIENTED_EDGE('',*,*,#3484,.T.);
#4574=ORIENTED_EDGE('',*,*,#3485,.T.);
#4575=ORIENTED_EDGE('',*,*,#3481,.F.);
#4576=ORIENTED_EDGE('',*,*,#3486,.T.);
#4577=ORIENTED_EDGE('',*,*,#3487,.T.);
#4578=ORIENTED_EDGE('',*,*,#3488,.T.);
#4579=ORIENTED_EDGE('',*,*,#3484,.F.);
#4580=ORIENTED_EDGE('',*,*,#3489,.T.);
#4581=ORIENTED_EDGE('',*,*,#3472,.F.);
#4582=ORIENTED_EDGE('',*,*,#3490,.T.);
#4583=ORIENTED_EDGE('',*,*,#3487,.F.);
#4584=ORIENTED_EDGE('',*,*,#3491,.T.);
#4585=ORIENTED_EDGE('',*,*,#3439,.F.);
#4586=ORIENTED_EDGE('',*,*,#3492,.T.);
#4587=ORIENTED_EDGE('',*,*,#3485,.F.);
#4588=ORIENTED_EDGE('',*,*,#3493,.F.);
#4589=ORIENTED_EDGE('',*,*,#3442,.F.);
#4590=ORIENTED_EDGE('',*,*,#3493,.T.);
#4591=ORIENTED_EDGE('',*,*,#3488,.F.);
#4592=ORIENTED_EDGE('',*,*,#3494,.F.);
#4593=ORIENTED_EDGE('',*,*,#3444,.F.);
#4594=ORIENTED_EDGE('',*,*,#3494,.T.);
#4595=ORIENTED_EDGE('',*,*,#3490,.F.);
#4596=ORIENTED_EDGE('',*,*,#3452,.F.);
#4597=ORIENTED_EDGE('',*,*,#3495,.F.);
#4598=ORIENTED_EDGE('',*,*,#3496,.F.);
#4599=ORIENTED_EDGE('',*,*,#3497,.F.);
#4600=ORIENTED_EDGE('',*,*,#3498,.F.);
#4601=ORIENTED_EDGE('',*,*,#3499,.F.);
#4602=ORIENTED_EDGE('',*,*,#3500,.F.);
#4603=ORIENTED_EDGE('',*,*,#3473,.F.);
#4604=ORIENTED_EDGE('',*,*,#3491,.F.);
#4605=ORIENTED_EDGE('',*,*,#3489,.F.);
#4606=ORIENTED_EDGE('',*,*,#3486,.F.);
#4607=ORIENTED_EDGE('',*,*,#3483,.F.);
#4608=ORIENTED_EDGE('',*,*,#3480,.F.);
#4609=ORIENTED_EDGE('',*,*,#3478,.F.);
#4610=ORIENTED_EDGE('',*,*,#3476,.F.);
#4611=ORIENTED_EDGE('',*,*,#3501,.T.);
#4612=ORIENTED_EDGE('',*,*,#3502,.T.);
#4613=ORIENTED_EDGE('',*,*,#3503,.T.);
#4614=ORIENTED_EDGE('',*,*,#3504,.T.);
#4615=ORIENTED_EDGE('',*,*,#3505,.T.);
#4616=ORIENTED_EDGE('',*,*,#3506,.T.);
#4617=ORIENTED_EDGE('',*,*,#3507,.T.);
#4618=ORIENTED_EDGE('',*,*,#3508,.T.);
#4619=ORIENTED_EDGE('',*,*,#3509,.T.);
#4620=ORIENTED_EDGE('',*,*,#3505,.F.);
#4621=ORIENTED_EDGE('',*,*,#3510,.T.);
#4622=ORIENTED_EDGE('',*,*,#3511,.T.);
#4623=ORIENTED_EDGE('',*,*,#3508,.F.);
#4624=ORIENTED_EDGE('',*,*,#3512,.T.);
#4625=ORIENTED_EDGE('',*,*,#3513,.T.);
#4626=ORIENTED_EDGE('',*,*,#3514,.T.);
#4627=ORIENTED_EDGE('',*,*,#3515,.T.);
#4628=ORIENTED_EDGE('',*,*,#3516,.T.);
#4629=ORIENTED_EDGE('',*,*,#3517,.T.);
#4630=ORIENTED_EDGE('',*,*,#3513,.F.);
#4631=ORIENTED_EDGE('',*,*,#3518,.T.);
#4632=ORIENTED_EDGE('',*,*,#3519,.T.);
#4633=ORIENTED_EDGE('',*,*,#3515,.F.);
#4634=ORIENTED_EDGE('',*,*,#3520,.T.);
#4635=ORIENTED_EDGE('',*,*,#3521,.T.);
#4636=ORIENTED_EDGE('',*,*,#3518,.F.);
#4637=ORIENTED_EDGE('',*,*,#3522,.T.);
#4638=ORIENTED_EDGE('',*,*,#3504,.F.);
#4639=ORIENTED_EDGE('',*,*,#3523,.T.);
#4640=ORIENTED_EDGE('',*,*,#3524,.T.);
#4641=ORIENTED_EDGE('',*,*,#3525,.T.);
#4642=ORIENTED_EDGE('',*,*,#3502,.F.);
#4643=ORIENTED_EDGE('',*,*,#3526,.T.);
#4644=ORIENTED_EDGE('',*,*,#3524,.F.);
#4645=ORIENTED_EDGE('',*,*,#3527,.T.);
#4646=ORIENTED_EDGE('',*,*,#3528,.T.);
#4647=ORIENTED_EDGE('',*,*,#3528,.F.);
#4648=ORIENTED_EDGE('',*,*,#3529,.T.);
#4649=ORIENTED_EDGE('',*,*,#3530,.T.);
#4650=ORIENTED_EDGE('',*,*,#3531,.T.);
#4651=ORIENTED_EDGE('',*,*,#3527,.F.);
#4652=ORIENTED_EDGE('',*,*,#3532,.T.);
#4653=ORIENTED_EDGE('',*,*,#3533,.F.);
#4654=ORIENTED_EDGE('',*,*,#3534,.T.);
#4655=ORIENTED_EDGE('',*,*,#3526,.F.);
#4656=ORIENTED_EDGE('',*,*,#3535,.T.);
#4657=ORIENTED_EDGE('',*,*,#3536,.F.);
#4658=ORIENTED_EDGE('',*,*,#3532,.F.);
#4659=ORIENTED_EDGE('',*,*,#3501,.F.);
#4660=ORIENTED_EDGE('',*,*,#3522,.F.);
#4661=ORIENTED_EDGE('',*,*,#3537,.T.);
#4662=ORIENTED_EDGE('',*,*,#3538,.F.);
#4663=ORIENTED_EDGE('',*,*,#3535,.F.);
#4664=ORIENTED_EDGE('',*,*,#3520,.F.);
#4665=ORIENTED_EDGE('',*,*,#3539,.T.);
#4666=ORIENTED_EDGE('',*,*,#3540,.F.);
#4667=ORIENTED_EDGE('',*,*,#3537,.F.);
#4668=ORIENTED_EDGE('',*,*,#3514,.F.);
#4669=ORIENTED_EDGE('',*,*,#3512,.F.);
#4670=ORIENTED_EDGE('',*,*,#3541,.T.);
#4671=ORIENTED_EDGE('',*,*,#3542,.F.);
#4672=ORIENTED_EDGE('',*,*,#3539,.F.);
#4673=ORIENTED_EDGE('',*,*,#3510,.F.);
#4674=ORIENTED_EDGE('',*,*,#3543,.F.);
#4675=ORIENTED_EDGE('',*,*,#3544,.F.);
#4676=ORIENTED_EDGE('',*,*,#3541,.F.);
#4677=ORIENTED_EDGE('',*,*,#3507,.F.);
#4678=ORIENTED_EDGE('',*,*,#3545,.T.);
#4679=ORIENTED_EDGE('',*,*,#3546,.F.);
#4680=ORIENTED_EDGE('',*,*,#3543,.T.);
#4681=ORIENTED_EDGE('',*,*,#3547,.T.);
#4682=ORIENTED_EDGE('',*,*,#3546,.T.);
#4683=ORIENTED_EDGE('',*,*,#3548,.T.);
#4684=ORIENTED_EDGE('',*,*,#3549,.T.);
#4685=ORIENTED_EDGE('',*,*,#3544,.T.);
#4686=ORIENTED_EDGE('',*,*,#3547,.F.);
#4687=ORIENTED_EDGE('',*,*,#3499,.T.);
#4688=ORIENTED_EDGE('',*,*,#3550,.T.);
#4689=ORIENTED_EDGE('',*,*,#3542,.T.);
#4690=ORIENTED_EDGE('',*,*,#3549,.F.);
#4691=ORIENTED_EDGE('',*,*,#3498,.T.);
#4692=ORIENTED_EDGE('',*,*,#3551,.T.);
#4693=ORIENTED_EDGE('',*,*,#3540,.T.);
#4694=ORIENTED_EDGE('',*,*,#3550,.F.);
#4695=ORIENTED_EDGE('',*,*,#3497,.T.);
#4696=ORIENTED_EDGE('',*,*,#3552,.T.);
#4697=ORIENTED_EDGE('',*,*,#3538,.T.);
#4698=ORIENTED_EDGE('',*,*,#3551,.F.);
#4699=ORIENTED_EDGE('',*,*,#3496,.T.);
#4700=ORIENTED_EDGE('',*,*,#3553,.T.);
#4701=ORIENTED_EDGE('',*,*,#3536,.T.);
#4702=ORIENTED_EDGE('',*,*,#3552,.F.);
#4703=ORIENTED_EDGE('',*,*,#3495,.T.);
#4704=ORIENTED_EDGE('',*,*,#3553,.F.);
#4705=ORIENTED_EDGE('',*,*,#3554,.T.);
#4706=ORIENTED_EDGE('',*,*,#3533,.T.);
#4707=ORIENTED_EDGE('',*,*,#3555,.T.);
#4708=ORIENTED_EDGE('',*,*,#3556,.T.);
#4709=ORIENTED_EDGE('',*,*,#3557,.T.);
#4710=ORIENTED_EDGE('',*,*,#3558,.T.);
#4711=ORIENTED_EDGE('',*,*,#3530,.F.);
#4712=ORIENTED_EDGE('',*,*,#3559,.T.);
#4713=ORIENTED_EDGE('',*,*,#3560,.T.);
#4714=ORIENTED_EDGE('',*,*,#3556,.F.);
#4715=ORIENTED_EDGE('',*,*,#3561,.T.);
#4716=ORIENTED_EDGE('',*,*,#3562,.T.);
#4717=ORIENTED_EDGE('',*,*,#3563,.T.);
#4718=ORIENTED_EDGE('',*,*,#3559,.F.);
#4719=ORIENTED_EDGE('',*,*,#3564,.T.);
#4720=ORIENTED_EDGE('',*,*,#3565,.T.);
#4721=ORIENTED_EDGE('',*,*,#3566,.T.);
#4722=ORIENTED_EDGE('',*,*,#3562,.F.);
#4723=ORIENTED_EDGE('',*,*,#3567,.T.);
#4724=ORIENTED_EDGE('',*,*,#3568,.T.);
#4725=ORIENTED_EDGE('',*,*,#3569,.T.);
#4726=ORIENTED_EDGE('',*,*,#3565,.F.);
#4727=ORIENTED_EDGE('',*,*,#3570,.T.);
#4728=ORIENTED_EDGE('',*,*,#3571,.T.);
#4729=ORIENTED_EDGE('',*,*,#3572,.T.);
#4730=ORIENTED_EDGE('',*,*,#3568,.F.);
#4731=ORIENTED_EDGE('',*,*,#3573,.T.);
#4732=ORIENTED_EDGE('',*,*,#3574,.T.);
#4733=ORIENTED_EDGE('',*,*,#3571,.F.);
#4734=ORIENTED_EDGE('',*,*,#3575,.T.);
#4735=ORIENTED_EDGE('',*,*,#3576,.T.);
#4736=ORIENTED_EDGE('',*,*,#3577,.T.);
#4737=ORIENTED_EDGE('',*,*,#3506,.F.);
#4738=ORIENTED_EDGE('',*,*,#3578,.T.);
#4739=ORIENTED_EDGE('',*,*,#3576,.F.);
#4740=ORIENTED_EDGE('',*,*,#3579,.T.);
#4741=ORIENTED_EDGE('',*,*,#3554,.F.);
#4742=ORIENTED_EDGE('',*,*,#3500,.T.);
#4743=ORIENTED_EDGE('',*,*,#3548,.F.);
#4744=ORIENTED_EDGE('',*,*,#3580,.T.);
#4745=ORIENTED_EDGE('',*,*,#3560,.F.);
#4746=ORIENTED_EDGE('',*,*,#3581,.F.);
#4747=ORIENTED_EDGE('',*,*,#3244,.T.);
#4748=ORIENTED_EDGE('',*,*,#3582,.F.);
#4749=ORIENTED_EDGE('',*,*,#3563,.F.);
#4750=ORIENTED_EDGE('',*,*,#3583,.T.);
#4751=ORIENTED_EDGE('',*,*,#3245,.T.);
#4752=ORIENTED_EDGE('',*,*,#3581,.T.);
#4753=ORIENTED_EDGE('',*,*,#3566,.F.);
#4754=ORIENTED_EDGE('',*,*,#3584,.F.);
#4755=ORIENTED_EDGE('',*,*,#3194,.T.);
#4756=ORIENTED_EDGE('',*,*,#3585,.F.);
#4757=ORIENTED_EDGE('',*,*,#3586,.T.);
#4758=ORIENTED_EDGE('',*,*,#3587,.F.);
#4759=ORIENTED_EDGE('',*,*,#3588,.T.);
#4760=ORIENTED_EDGE('',*,*,#3589,.F.);
#4761=ORIENTED_EDGE('',*,*,#3590,.T.);
#4762=ORIENTED_EDGE('',*,*,#3591,.F.);
#4763=ORIENTED_EDGE('',*,*,#3592,.T.);
#4764=ORIENTED_EDGE('',*,*,#3593,.F.);
#4765=ORIENTED_EDGE('',*,*,#3594,.T.);
#4766=ORIENTED_EDGE('',*,*,#3595,.F.);
#4767=ORIENTED_EDGE('',*,*,#3596,.T.);
#4768=ORIENTED_EDGE('',*,*,#3597,.F.);
#4769=ORIENTED_EDGE('',*,*,#3598,.T.);
#4770=ORIENTED_EDGE('',*,*,#3599,.F.);
#4771=ORIENTED_EDGE('',*,*,#3246,.T.);
#4772=ORIENTED_EDGE('',*,*,#3583,.F.);
#4773=ORIENTED_EDGE('',*,*,#3569,.F.);
#4774=ORIENTED_EDGE('',*,*,#3600,.T.);
#4775=ORIENTED_EDGE('',*,*,#3195,.T.);
#4776=ORIENTED_EDGE('',*,*,#3584,.T.);
#4777=ORIENTED_EDGE('',*,*,#3572,.F.);
#4778=ORIENTED_EDGE('',*,*,#3601,.F.);
#4779=ORIENTED_EDGE('',*,*,#3196,.T.);
#4780=ORIENTED_EDGE('',*,*,#3600,.F.);
#4781=ORIENTED_EDGE('',*,*,#3574,.F.);
#4782=ORIENTED_EDGE('',*,*,#3602,.T.);
#4783=ORIENTED_EDGE('',*,*,#3603,.T.);
#4784=ORIENTED_EDGE('',*,*,#3197,.T.);
#4785=ORIENTED_EDGE('',*,*,#3601,.T.);
#4786=ORIENTED_EDGE('',*,*,#3534,.F.);
#4787=ORIENTED_EDGE('',*,*,#3580,.F.);
#4788=ORIENTED_EDGE('',*,*,#3545,.F.);
#4789=ORIENTED_EDGE('',*,*,#3579,.F.);
#4790=ORIENTED_EDGE('',*,*,#3575,.F.);
#4791=ORIENTED_EDGE('',*,*,#3573,.F.);
#4792=ORIENTED_EDGE('',*,*,#3570,.F.);
#4793=ORIENTED_EDGE('',*,*,#3567,.F.);
#4794=ORIENTED_EDGE('',*,*,#3564,.F.);
#4795=ORIENTED_EDGE('',*,*,#3561,.F.);
#4796=ORIENTED_EDGE('',*,*,#3555,.F.);
#4797=ORIENTED_EDGE('',*,*,#3529,.F.);
#4798=ORIENTED_EDGE('',*,*,#3295,.T.);
#4799=ORIENTED_EDGE('',*,*,#3317,.T.);
#4800=ORIENTED_EDGE('',*,*,#3314,.T.);
#4801=ORIENTED_EDGE('',*,*,#3311,.T.);
#4802=ORIENTED_EDGE('',*,*,#3308,.T.);
#4803=ORIENTED_EDGE('',*,*,#3305,.T.);
#4804=ORIENTED_EDGE('',*,*,#3302,.T.);
#4805=ORIENTED_EDGE('',*,*,#3299,.T.);
#4806=ORIENTED_EDGE('',*,*,#3323,.T.);
#4807=ORIENTED_EDGE('',*,*,#3345,.T.);
#4808=ORIENTED_EDGE('',*,*,#3342,.T.);
#4809=ORIENTED_EDGE('',*,*,#3339,.T.);
#4810=ORIENTED_EDGE('',*,*,#3336,.T.);
#4811=ORIENTED_EDGE('',*,*,#3333,.T.);
#4812=ORIENTED_EDGE('',*,*,#3330,.T.);
#4813=ORIENTED_EDGE('',*,*,#3327,.T.);
#4814=ORIENTED_EDGE('',*,*,#3351,.T.);
#4815=ORIENTED_EDGE('',*,*,#3373,.T.);
#4816=ORIENTED_EDGE('',*,*,#3370,.T.);
#4817=ORIENTED_EDGE('',*,*,#3367,.T.);
#4818=ORIENTED_EDGE('',*,*,#3364,.T.);
#4819=ORIENTED_EDGE('',*,*,#3361,.T.);
#4820=ORIENTED_EDGE('',*,*,#3358,.T.);
#4821=ORIENTED_EDGE('',*,*,#3355,.T.);
#4822=ORIENTED_EDGE('',*,*,#3377,.T.);
#4823=ORIENTED_EDGE('',*,*,#3399,.T.);
#4824=ORIENTED_EDGE('',*,*,#3396,.T.);
#4825=ORIENTED_EDGE('',*,*,#3393,.T.);
#4826=ORIENTED_EDGE('',*,*,#3390,.T.);
#4827=ORIENTED_EDGE('',*,*,#3387,.T.);
#4828=ORIENTED_EDGE('',*,*,#3384,.T.);
#4829=ORIENTED_EDGE('',*,*,#3381,.T.);
#4830=ORIENTED_EDGE('',*,*,#3604,.T.);
#4831=ORIENTED_EDGE('',*,*,#3605,.T.);
#4832=ORIENTED_EDGE('',*,*,#3606,.T.);
#4833=ORIENTED_EDGE('',*,*,#3607,.T.);
#4834=ORIENTED_EDGE('',*,*,#3605,.F.);
#4835=ORIENTED_EDGE('',*,*,#3608,.T.);
#4836=ORIENTED_EDGE('',*,*,#3609,.T.);
#4837=ORIENTED_EDGE('',*,*,#3610,.T.);
#4838=ORIENTED_EDGE('',*,*,#3611,.T.);
#4839=ORIENTED_EDGE('',*,*,#3612,.T.);
#4840=ORIENTED_EDGE('',*,*,#3613,.F.);
#4841=ORIENTED_EDGE('',*,*,#3614,.T.);
#4842=ORIENTED_EDGE('',*,*,#3615,.F.);
#4843=ORIENTED_EDGE('',*,*,#3468,.T.);
#4844=ORIENTED_EDGE('',*,*,#3616,.F.);
#4845=ORIENTED_EDGE('',*,*,#3617,.T.);
#4846=ORIENTED_EDGE('',*,*,#3618,.F.);
#4847=ORIENTED_EDGE('',*,*,#3619,.T.);
#4848=ORIENTED_EDGE('',*,*,#3620,.F.);
#4849=ORIENTED_EDGE('',*,*,#3621,.F.);
#4850=ORIENTED_EDGE('',*,*,#3622,.T.);
#4851=ORIENTED_EDGE('',*,*,#3604,.F.);
#4852=ORIENTED_EDGE('',*,*,#3623,.T.);
#4853=ORIENTED_EDGE('',*,*,#3624,.F.);
#4854=ORIENTED_EDGE('',*,*,#3625,.F.);
#4855=ORIENTED_EDGE('',*,*,#3626,.F.);
#4856=ORIENTED_EDGE('',*,*,#3627,.T.);
#4857=ORIENTED_EDGE('',*,*,#3628,.F.);
#4858=ORIENTED_EDGE('',*,*,#3240,.F.);
#4859=ORIENTED_EDGE('',*,*,#3629,.T.);
#4860=ORIENTED_EDGE('',*,*,#3630,.F.);
#4861=ORIENTED_EDGE('',*,*,#3631,.F.);
#4862=ORIENTED_EDGE('',*,*,#3608,.F.);
#4863=ORIENTED_EDGE('',*,*,#3632,.T.);
#4864=ORIENTED_EDGE('',*,*,#3633,.T.);
#4865=ORIENTED_EDGE('',*,*,#3624,.T.);
#4866=ORIENTED_EDGE('',*,*,#3634,.T.);
#4867=ORIENTED_EDGE('',*,*,#3633,.F.);
#4868=ORIENTED_EDGE('',*,*,#3635,.F.);
#4869=ORIENTED_EDGE('',*,*,#3636,.F.);
#4870=ORIENTED_EDGE('',*,*,#3625,.T.);
#4871=ORIENTED_EDGE('',*,*,#3637,.F.);
#4872=ORIENTED_EDGE('',*,*,#3593,.T.);
#4873=ORIENTED_EDGE('',*,*,#3638,.T.);
#4874=ORIENTED_EDGE('',*,*,#3639,.T.);
#4875=ORIENTED_EDGE('',*,*,#3640,.T.);
#4876=ORIENTED_EDGE('',*,*,#3639,.F.);
#4877=ORIENTED_EDGE('',*,*,#3641,.F.);
#4878=ORIENTED_EDGE('',*,*,#3642,.T.);
#4879=ORIENTED_EDGE('',*,*,#3643,.F.);
#4880=ORIENTED_EDGE('',*,*,#3644,.F.);
#4881=ORIENTED_EDGE('',*,*,#3228,.F.);
#4882=ORIENTED_EDGE('',*,*,#3645,.F.);
#4883=ORIENTED_EDGE('',*,*,#3646,.T.);
#4884=ORIENTED_EDGE('',*,*,#3647,.F.);
#4885=ORIENTED_EDGE('',*,*,#3648,.F.);
#4886=ORIENTED_EDGE('',*,*,#3649,.F.);
#4887=ORIENTED_EDGE('',*,*,#3650,.T.);
#4888=ORIENTED_EDGE('',*,*,#3649,.T.);
#4889=ORIENTED_EDGE('',*,*,#3651,.T.);
#4890=ORIENTED_EDGE('',*,*,#3595,.T.);
#4891=ORIENTED_EDGE('',*,*,#3652,.T.);
#4892=ORIENTED_EDGE('',*,*,#3651,.F.);
#4893=ORIENTED_EDGE('',*,*,#3648,.T.);
#4894=ORIENTED_EDGE('',*,*,#3653,.F.);
#4895=ORIENTED_EDGE('',*,*,#3596,.F.);
#4896=ORIENTED_EDGE('',*,*,#3654,.F.);
#4897=ORIENTED_EDGE('',*,*,#3597,.T.);
#4898=ORIENTED_EDGE('',*,*,#3653,.T.);
#4899=ORIENTED_EDGE('',*,*,#3647,.T.);
#4900=ORIENTED_EDGE('',*,*,#3655,.T.);
#4901=ORIENTED_EDGE('',*,*,#3599,.T.);
#4902=ORIENTED_EDGE('',*,*,#3656,.T.);
#4903=ORIENTED_EDGE('',*,*,#3645,.T.);
#4904=ORIENTED_EDGE('',*,*,#3227,.T.);
#4905=ORIENTED_EDGE('',*,*,#3589,.T.);
#4906=ORIENTED_EDGE('',*,*,#3657,.T.);
#4907=ORIENTED_EDGE('',*,*,#3658,.T.);
#4908=ORIENTED_EDGE('',*,*,#3659,.T.);
#4909=ORIENTED_EDGE('',*,*,#3657,.F.);
#4910=ORIENTED_EDGE('',*,*,#3588,.F.);
#4911=ORIENTED_EDGE('',*,*,#3660,.F.);
#4912=ORIENTED_EDGE('',*,*,#3661,.T.);
#4913=ORIENTED_EDGE('',*,*,#3662,.F.);
#4914=ORIENTED_EDGE('',*,*,#3663,.T.);
#4915=ORIENTED_EDGE('',*,*,#3664,.T.);
#4916=ORIENTED_EDGE('',*,*,#3591,.T.);
#4917=ORIENTED_EDGE('',*,*,#3665,.T.);
#4918=ORIENTED_EDGE('',*,*,#3638,.F.);
#4919=ORIENTED_EDGE('',*,*,#3592,.F.);
#4920=ORIENTED_EDGE('',*,*,#3664,.F.);
#4921=ORIENTED_EDGE('',*,*,#3666,.T.);
#4922=ORIENTED_EDGE('',*,*,#3667,.T.);
#4923=ORIENTED_EDGE('',*,*,#3668,.T.);
#4924=ORIENTED_EDGE('',*,*,#3669,.T.);
#4925=ORIENTED_EDGE('',*,*,#3641,.T.);
#4926=ORIENTED_EDGE('',*,*,#3670,.T.);
#4927=ORIENTED_EDGE('',*,*,#3658,.F.);
#4928=ORIENTED_EDGE('',*,*,#3661,.F.);
#4929=ORIENTED_EDGE('',*,*,#3671,.F.);
#4930=ORIENTED_EDGE('',*,*,#3672,.T.);
#4931=ORIENTED_EDGE('',*,*,#3673,.F.);
#4932=ORIENTED_EDGE('',*,*,#3212,.F.);
#4933=ORIENTED_EDGE('',*,*,#3674,.T.);
#4934=ORIENTED_EDGE('',*,*,#3675,.F.);
#4935=ORIENTED_EDGE('',*,*,#3676,.F.);
#4936=ORIENTED_EDGE('',*,*,#3666,.F.);
#4937=ORIENTED_EDGE('',*,*,#3663,.F.);
#4938=ORIENTED_EDGE('',*,*,#3677,.T.);
#4939=ORIENTED_EDGE('',*,*,#3585,.T.);
#4940=ORIENTED_EDGE('',*,*,#3193,.T.);
#4941=ORIENTED_EDGE('',*,*,#3673,.T.);
#4942=ORIENTED_EDGE('',*,*,#3678,.T.);
#4943=ORIENTED_EDGE('',*,*,#3671,.T.);
#4944=ORIENTED_EDGE('',*,*,#3660,.T.);
#4945=ORIENTED_EDGE('',*,*,#3587,.T.);
#4946=ORIENTED_EDGE('',*,*,#3679,.T.);
#4947=ORIENTED_EDGE('',*,*,#3680,.T.);
#4948=ORIENTED_EDGE('',*,*,#3681,.T.);
#4949=ORIENTED_EDGE('',*,*,#3682,.T.);
#4950=ORIENTED_EDGE('',*,*,#3683,.T.);
#4951=ORIENTED_EDGE('',*,*,#3681,.F.);
#4952=ORIENTED_EDGE('',*,*,#3684,.T.);
#4953=ORIENTED_EDGE('',*,*,#3685,.F.);
#4954=ORIENTED_EDGE('',*,*,#3686,.F.);
#4955=ORIENTED_EDGE('',*,*,#3687,.F.);
#4956=ORIENTED_EDGE('',*,*,#3680,.F.);
#4957=ORIENTED_EDGE('',*,*,#3688,.T.);
#4958=ORIENTED_EDGE('',*,*,#3689,.F.);
#4959=ORIENTED_EDGE('',*,*,#3619,.F.);
#4960=ORIENTED_EDGE('',*,*,#3690,.F.);
#4961=ORIENTED_EDGE('',*,*,#3691,.F.);
#4962=ORIENTED_EDGE('',*,*,#3692,.F.);
#4963=ORIENTED_EDGE('',*,*,#3200,.F.);
#4964=ORIENTED_EDGE('',*,*,#3693,.F.);
#4965=ORIENTED_EDGE('',*,*,#3694,.T.);
#4966=ORIENTED_EDGE('',*,*,#3695,.F.);
#4967=ORIENTED_EDGE('',*,*,#3684,.F.);
#4968=ORIENTED_EDGE('',*,*,#3696,.T.);
#4969=ORIENTED_EDGE('',*,*,#3620,.T.);
#4970=ORIENTED_EDGE('',*,*,#3689,.T.);
#4971=ORIENTED_EDGE('',*,*,#3697,.T.);
#4972=ORIENTED_EDGE('',*,*,#3698,.T.);
#4973=ORIENTED_EDGE('',*,*,#3699,.T.);
#4974=ORIENTED_EDGE('',*,*,#3693,.T.);
#4975=ORIENTED_EDGE('',*,*,#3199,.T.);
#4976=ORIENTED_EDGE('',*,*,#3700,.T.);
#4977=ORIENTED_EDGE('',*,*,#3685,.T.);
#4978=ORIENTED_EDGE('',*,*,#3695,.T.);
#4979=ORIENTED_EDGE('',*,*,#3701,.T.);
#4980=ORIENTED_EDGE('',*,*,#3626,.T.);
#4981=ORIENTED_EDGE('',*,*,#3636,.T.);
#4982=ORIENTED_EDGE('',*,*,#3702,.T.);
#4983=ORIENTED_EDGE('',*,*,#3703,.T.);
#4984=ORIENTED_EDGE('',*,*,#3704,.T.);
#4985=ORIENTED_EDGE('',*,*,#3241,.T.);
#4986=ORIENTED_EDGE('',*,*,#3628,.T.);
#4987=ORIENTED_EDGE('',*,*,#3705,.T.);
#4988=ORIENTED_EDGE('',*,*,#3654,.T.);
#4989=ORIENTED_EDGE('',*,*,#3706,.T.);
#4990=ORIENTED_EDGE('',*,*,#3707,.T.);
#4991=ORIENTED_EDGE('',*,*,#3706,.F.);
#4992=ORIENTED_EDGE('',*,*,#3637,.T.);
#4993=ORIENTED_EDGE('',*,*,#3708,.T.);
#4994=ORIENTED_EDGE('',*,*,#3709,.T.);
#4995=ORIENTED_EDGE('',*,*,#3708,.F.);
#4996=ORIENTED_EDGE('',*,*,#3662,.T.);
#4997=ORIENTED_EDGE('',*,*,#3710,.T.);
#4998=ORIENTED_EDGE('',*,*,#3711,.T.);
#4999=ORIENTED_EDGE('',*,*,#3710,.F.);
#5000=ORIENTED_EDGE('',*,*,#3687,.T.);
#5001=ORIENTED_EDGE('',*,*,#3712,.T.);
#5002=ORIENTED_EDGE('',*,*,#3713,.T.);
#5003=ORIENTED_EDGE('',*,*,#3712,.F.);
#5004=ORIENTED_EDGE('',*,*,#3517,.F.);
#5005=ORIENTED_EDGE('',*,*,#3714,.T.);
#5006=ORIENTED_EDGE('',*,*,#3602,.F.);
#5007=ORIENTED_EDGE('',*,*,#3577,.F.);
#5008=ORIENTED_EDGE('',*,*,#3578,.F.);
#5009=ORIENTED_EDGE('',*,*,#3509,.F.);
#5010=ORIENTED_EDGE('',*,*,#3511,.F.);
#5011=ORIENTED_EDGE('',*,*,#3525,.F.);
#5012=ORIENTED_EDGE('',*,*,#3531,.F.);
#5013=ORIENTED_EDGE('',*,*,#3558,.F.);
#5014=ORIENTED_EDGE('',*,*,#3715,.F.);
#5015=ORIENTED_EDGE('',*,*,#3716,.T.);
#5016=ORIENTED_EDGE('',*,*,#3523,.F.);
#5017=ORIENTED_EDGE('',*,*,#3503,.F.);
#5018=ORIENTED_EDGE('',*,*,#3436,.F.);
#5019=ORIENTED_EDGE('',*,*,#3447,.T.);
#5020=ORIENTED_EDGE('',*,*,#3482,.F.);
#5021=ORIENTED_EDGE('',*,*,#3492,.F.);
#5022=ORIENTED_EDGE('',*,*,#3717,.T.);
#5023=ORIENTED_EDGE('',*,*,#3469,.T.);
#5024=ORIENTED_EDGE('',*,*,#3615,.T.);
#5025=ORIENTED_EDGE('',*,*,#3718,.T.);
#5026=ORIENTED_EDGE('',*,*,#3719,.T.);
#5027=ORIENTED_EDGE('',*,*,#3470,.T.);
#5028=ORIENTED_EDGE('',*,*,#3717,.F.);
#5029=ORIENTED_EDGE('',*,*,#3720,.T.);
#5030=ORIENTED_EDGE('',*,*,#3721,.T.);
#5031=ORIENTED_EDGE('',*,*,#3471,.T.);
#5032=ORIENTED_EDGE('',*,*,#3719,.F.);
#5033=ORIENTED_EDGE('',*,*,#3722,.T.);
#5034=ORIENTED_EDGE('',*,*,#3721,.F.);
#5035=ORIENTED_EDGE('',*,*,#3723,.T.);
#5036=ORIENTED_EDGE('',*,*,#3724,.T.);
#5037=ORIENTED_EDGE('',*,*,#3454,.T.);
#5038=ORIENTED_EDGE('',*,*,#3724,.F.);
#5039=ORIENTED_EDGE('',*,*,#3725,.T.);
#5040=ORIENTED_EDGE('',*,*,#3726,.T.);
#5041=ORIENTED_EDGE('',*,*,#3725,.F.);
#5042=ORIENTED_EDGE('',*,*,#3727,.T.);
#5043=ORIENTED_EDGE('',*,*,#3728,.F.);
#5044=ORIENTED_EDGE('',*,*,#3729,.T.);
#5045=ORIENTED_EDGE('',*,*,#3722,.F.);
#5046=ORIENTED_EDGE('',*,*,#3730,.T.);
#5047=ORIENTED_EDGE('',*,*,#3731,.T.);
#5048=ORIENTED_EDGE('',*,*,#3732,.F.);
#5049=ORIENTED_EDGE('',*,*,#3733,.T.);
#5050=ORIENTED_EDGE('',*,*,#3720,.F.);
#5051=ORIENTED_EDGE('',*,*,#3734,.T.);
#5052=ORIENTED_EDGE('',*,*,#3613,.T.);
#5053=ORIENTED_EDGE('',*,*,#3735,.T.);
#5054=ORIENTED_EDGE('',*,*,#3730,.F.);
#5055=ORIENTED_EDGE('',*,*,#3718,.F.);
#5056=ORIENTED_EDGE('',*,*,#3614,.F.);
#5057=ORIENTED_EDGE('',*,*,#3734,.F.);
#5058=ORIENTED_EDGE('',*,*,#3723,.F.);
#5059=ORIENTED_EDGE('',*,*,#3733,.F.);
#5060=ORIENTED_EDGE('',*,*,#3736,.F.);
#5061=ORIENTED_EDGE('',*,*,#3737,.F.);
#5062=ORIENTED_EDGE('',*,*,#3738,.F.);
#5063=ORIENTED_EDGE('',*,*,#3739,.F.);
#5064=ORIENTED_EDGE('',*,*,#3740,.F.);
#5065=ORIENTED_EDGE('',*,*,#3741,.F.);
#5066=ORIENTED_EDGE('',*,*,#3742,.F.);
#5067=ORIENTED_EDGE('',*,*,#3743,.T.);
#5068=ORIENTED_EDGE('',*,*,#3744,.F.);
#5069=ORIENTED_EDGE('',*,*,#3745,.F.);
#5070=ORIENTED_EDGE('',*,*,#3727,.F.);
#5071=ORIENTED_EDGE('',*,*,#3746,.T.);
#5072=ORIENTED_EDGE('',*,*,#3747,.T.);
#5073=ORIENTED_EDGE('',*,*,#3748,.T.);
#5074=ORIENTED_EDGE('',*,*,#3749,.T.);
#5075=ORIENTED_EDGE('',*,*,#3464,.T.);
#5076=ORIENTED_EDGE('',*,*,#3746,.F.);
#5077=ORIENTED_EDGE('',*,*,#3750,.T.);
#5078=ORIENTED_EDGE('',*,*,#3751,.T.);
#5079=ORIENTED_EDGE('',*,*,#3465,.T.);
#5080=ORIENTED_EDGE('',*,*,#3749,.F.);
#5081=ORIENTED_EDGE('',*,*,#3752,.T.);
#5082=ORIENTED_EDGE('',*,*,#3753,.T.);
#5083=ORIENTED_EDGE('',*,*,#3466,.T.);
#5084=ORIENTED_EDGE('',*,*,#3751,.F.);
#5085=ORIENTED_EDGE('',*,*,#3754,.T.);
#5086=ORIENTED_EDGE('',*,*,#3753,.F.);
#5087=ORIENTED_EDGE('',*,*,#3755,.T.);
#5088=ORIENTED_EDGE('',*,*,#3616,.T.);
#5089=ORIENTED_EDGE('',*,*,#3467,.T.);
#5090=ORIENTED_EDGE('',*,*,#3754,.F.);
#5091=ORIENTED_EDGE('',*,*,#3756,.T.);
#5092=ORIENTED_EDGE('',*,*,#3690,.T.);
#5093=ORIENTED_EDGE('',*,*,#3618,.T.);
#5094=ORIENTED_EDGE('',*,*,#3757,.T.);
#5095=ORIENTED_EDGE('',*,*,#3752,.F.);
#5096=ORIENTED_EDGE('',*,*,#3758,.T.);
#5097=ORIENTED_EDGE('',*,*,#3759,.T.);
#5098=ORIENTED_EDGE('',*,*,#3760,.T.);
#5099=ORIENTED_EDGE('',*,*,#3756,.F.);
#5100=ORIENTED_EDGE('',*,*,#3750,.F.);
#5101=ORIENTED_EDGE('',*,*,#3761,.F.);
#5102=ORIENTED_EDGE('',*,*,#3762,.F.);
#5103=ORIENTED_EDGE('',*,*,#3763,.F.);
#5104=ORIENTED_EDGE('',*,*,#3764,.F.);
#5105=ORIENTED_EDGE('',*,*,#3765,.F.);
#5106=ORIENTED_EDGE('',*,*,#3766,.F.);
#5107=ORIENTED_EDGE('',*,*,#3767,.F.);
#5108=ORIENTED_EDGE('',*,*,#3758,.F.);
#5109=ORIENTED_EDGE('',*,*,#3755,.F.);
#5110=ORIENTED_EDGE('',*,*,#3757,.F.);
#5111=ORIENTED_EDGE('',*,*,#3617,.F.);
#5112=ORIENTED_EDGE('',*,*,#3748,.F.);
#5113=ORIENTED_EDGE('',*,*,#3768,.T.);
#5114=ORIENTED_EDGE('',*,*,#3769,.F.);
#5115=ORIENTED_EDGE('',*,*,#3761,.T.);
#5116=ORIENTED_EDGE('',*,*,#3747,.F.);
#5117=ORIENTED_EDGE('',*,*,#3463,.T.);
#5118=ORIENTED_EDGE('',*,*,#3770,.F.);
#5119=ORIENTED_EDGE('',*,*,#3771,.T.);
#5120=ORIENTED_EDGE('',*,*,#3772,.T.);
#5121=ORIENTED_EDGE('',*,*,#3773,.T.);
#5122=ORIENTED_EDGE('',*,*,#3774,.T.);
#5123=ORIENTED_EDGE('',*,*,#3775,.T.);
#5124=ORIENTED_EDGE('',*,*,#3776,.T.);
#5125=ORIENTED_EDGE('',*,*,#3759,.F.);
#5126=ORIENTED_EDGE('',*,*,#3767,.T.);
#5127=ORIENTED_EDGE('',*,*,#3777,.T.);
#5128=ORIENTED_EDGE('',*,*,#3773,.F.);
#5129=ORIENTED_EDGE('',*,*,#3736,.T.);
#5130=ORIENTED_EDGE('',*,*,#3732,.T.);
#5131=ORIENTED_EDGE('',*,*,#3778,.T.);
#5132=ORIENTED_EDGE('',*,*,#3775,.F.);
#5133=ORIENTED_EDGE('',*,*,#3779,.T.);
#5134=ORIENTED_EDGE('',*,*,#3774,.F.);
#5135=ORIENTED_EDGE('',*,*,#3777,.F.);
#5136=ORIENTED_EDGE('',*,*,#3766,.T.);
#5137=ORIENTED_EDGE('',*,*,#3780,.T.);
#5138=ORIENTED_EDGE('',*,*,#3781,.T.);
#5139=ORIENTED_EDGE('',*,*,#3782,.F.);
#5140=ORIENTED_EDGE('',*,*,#3783,.F.);
#5141=ORIENTED_EDGE('',*,*,#3784,.F.);
#5142=ORIENTED_EDGE('',*,*,#3785,.F.);
#5143=ORIENTED_EDGE('',*,*,#3786,.T.);
#5144=ORIENTED_EDGE('',*,*,#3737,.T.);
#5145=ORIENTED_EDGE('',*,*,#3779,.F.);
#5146=ORIENTED_EDGE('',*,*,#3787,.F.);
#5147=ORIENTED_EDGE('',*,*,#3788,.F.);
#5148=ORIENTED_EDGE('',*,*,#3789,.F.);
#5149=ORIENTED_EDGE('',*,*,#3790,.F.);
#5150=ORIENTED_EDGE('',*,*,#3791,.F.);
#5151=ORIENTED_EDGE('',*,*,#3792,.F.);
#5152=ORIENTED_EDGE('',*,*,#3793,.F.);
#5153=ORIENTED_EDGE('',*,*,#3794,.F.);
#5154=ORIENTED_EDGE('',*,*,#3795,.F.);
#5155=ORIENTED_EDGE('',*,*,#3784,.T.);
#5156=ORIENTED_EDGE('',*,*,#3794,.T.);
#5157=ORIENTED_EDGE('',*,*,#3796,.T.);
#5158=ORIENTED_EDGE('',*,*,#3797,.T.);
#5159=ORIENTED_EDGE('',*,*,#3798,.T.);
#5160=ORIENTED_EDGE('',*,*,#3795,.T.);
#5161=ORIENTED_EDGE('',*,*,#3783,.T.);
#5162=ORIENTED_EDGE('',*,*,#3788,.T.);
#5163=ORIENTED_EDGE('',*,*,#3799,.T.);
#5164=ORIENTED_EDGE('',*,*,#3800,.F.);
#5165=ORIENTED_EDGE('',*,*,#3801,.F.);
#5166=ORIENTED_EDGE('',*,*,#3802,.F.);
#5167=ORIENTED_EDGE('',*,*,#3803,.F.);
#5168=ORIENTED_EDGE('',*,*,#3804,.F.);
#5169=ORIENTED_EDGE('',*,*,#3805,.F.);
#5170=ORIENTED_EDGE('',*,*,#3806,.T.);
#5171=ORIENTED_EDGE('',*,*,#3807,.T.);
#5172=ORIENTED_EDGE('',*,*,#3804,.T.);
#5173=ORIENTED_EDGE('',*,*,#3808,.T.);
#5174=ORIENTED_EDGE('',*,*,#3809,.T.);
#5175=ORIENTED_EDGE('',*,*,#3810,.T.);
#5176=ORIENTED_EDGE('',*,*,#3806,.F.);
#5177=ORIENTED_EDGE('',*,*,#3811,.T.);
#5178=ORIENTED_EDGE('',*,*,#3793,.T.);
#5179=ORIENTED_EDGE('',*,*,#3812,.T.);
#5180=ORIENTED_EDGE('',*,*,#3809,.F.);
#5181=ORIENTED_EDGE('',*,*,#3813,.T.);
#5182=ORIENTED_EDGE('',*,*,#3814,.F.);
#5183=ORIENTED_EDGE('',*,*,#3815,.F.);
#5184=ORIENTED_EDGE('',*,*,#3816,.F.);
#5185=ORIENTED_EDGE('',*,*,#3817,.T.);
#5186=ORIENTED_EDGE('',*,*,#3818,.T.);
#5187=ORIENTED_EDGE('',*,*,#3801,.T.);
#5188=ORIENTED_EDGE('',*,*,#3819,.T.);
#5189=ORIENTED_EDGE('',*,*,#3820,.T.);
#5190=ORIENTED_EDGE('',*,*,#3821,.T.);
#5191=ORIENTED_EDGE('',*,*,#3817,.F.);
#5192=ORIENTED_EDGE('',*,*,#3822,.T.);
#5193=ORIENTED_EDGE('',*,*,#3815,.T.);
#5194=ORIENTED_EDGE('',*,*,#3823,.T.);
#5195=ORIENTED_EDGE('',*,*,#3820,.F.);
#5196=ORIENTED_EDGE('',*,*,#3824,.T.);
#5197=ORIENTED_EDGE('',*,*,#3462,.T.);
#5198=ORIENTED_EDGE('',*,*,#3816,.T.);
#5199=ORIENTED_EDGE('',*,*,#3825,.T.);
#5200=ORIENTED_EDGE('',*,*,#3770,.T.);
#5201=ORIENTED_EDGE('',*,*,#3826,.F.);
#5202=ORIENTED_EDGE('',*,*,#3827,.F.);
#5203=ORIENTED_EDGE('',*,*,#3828,.F.);
#5204=ORIENTED_EDGE('',*,*,#3805,.T.);
#5205=ORIENTED_EDGE('',*,*,#3829,.T.);
#5206=ORIENTED_EDGE('',*,*,#3827,.T.);
#5207=ORIENTED_EDGE('',*,*,#3740,.T.);
#5208=ORIENTED_EDGE('',*,*,#3830,.F.);
#5209=ORIENTED_EDGE('',*,*,#3831,.F.);
#5210=ORIENTED_EDGE('',*,*,#3832,.F.);
#5211=ORIENTED_EDGE('',*,*,#3814,.T.);
#5212=ORIENTED_EDGE('',*,*,#3461,.T.);
#5213=ORIENTED_EDGE('',*,*,#3831,.T.);
#5214=ORIENTED_EDGE('',*,*,#3833,.T.);
#5215=ORIENTED_EDGE('',*,*,#3834,.T.);
#5216=ORIENTED_EDGE('',*,*,#3832,.T.);
#5217=ORIENTED_EDGE('',*,*,#3460,.T.);
#5218=ORIENTED_EDGE('',*,*,#3835,.T.);
#5219=ORIENTED_EDGE('',*,*,#3836,.T.);
#5220=ORIENTED_EDGE('',*,*,#3837,.T.);
#5221=ORIENTED_EDGE('',*,*,#3838,.T.);
#5222=ORIENTED_EDGE('',*,*,#3839,.T.);
#5223=ORIENTED_EDGE('',*,*,#3840,.F.);
#5224=ORIENTED_EDGE('',*,*,#3841,.F.);
#5225=ORIENTED_EDGE('',*,*,#3842,.F.);
#5226=ORIENTED_EDGE('',*,*,#3843,.T.);
#5227=ORIENTED_EDGE('',*,*,#3844,.T.);
#5228=ORIENTED_EDGE('',*,*,#3830,.T.);
#5229=ORIENTED_EDGE('',*,*,#3845,.T.);
#5230=ORIENTED_EDGE('',*,*,#3846,.T.);
#5231=ORIENTED_EDGE('',*,*,#3847,.T.);
#5232=ORIENTED_EDGE('',*,*,#3843,.F.);
#5233=ORIENTED_EDGE('',*,*,#3848,.T.);
#5234=ORIENTED_EDGE('',*,*,#3841,.T.);
#5235=ORIENTED_EDGE('',*,*,#3849,.T.);
#5236=ORIENTED_EDGE('',*,*,#3846,.F.);
#5237=ORIENTED_EDGE('',*,*,#3850,.T.);
#5238=ORIENTED_EDGE('',*,*,#3458,.T.);
#5239=ORIENTED_EDGE('',*,*,#3842,.T.);
#5240=ORIENTED_EDGE('',*,*,#3851,.T.);
#5241=ORIENTED_EDGE('',*,*,#3852,.T.);
#5242=ORIENTED_EDGE('',*,*,#3853,.F.);
#5243=ORIENTED_EDGE('',*,*,#3854,.F.);
#5244=ORIENTED_EDGE('',*,*,#3855,.F.);
#5245=ORIENTED_EDGE('',*,*,#3856,.T.);
#5246=ORIENTED_EDGE('',*,*,#3854,.T.);
#5247=ORIENTED_EDGE('',*,*,#3744,.T.);
#5248=ORIENTED_EDGE('',*,*,#3839,.F.);
#5249=ORIENTED_EDGE('',*,*,#3857,.F.);
#5250=ORIENTED_EDGE('',*,*,#3858,.F.);
#5251=ORIENTED_EDGE('',*,*,#3859,.F.);
#5252=ORIENTED_EDGE('',*,*,#3840,.T.);
#5253=ORIENTED_EDGE('',*,*,#3457,.T.);
#5254=ORIENTED_EDGE('',*,*,#3858,.T.);
#5255=ORIENTED_EDGE('',*,*,#3860,.T.);
#5256=ORIENTED_EDGE('',*,*,#3745,.T.);
#5257=ORIENTED_EDGE('',*,*,#3853,.T.);
#5258=ORIENTED_EDGE('',*,*,#3861,.T.);
#5259=ORIENTED_EDGE('',*,*,#3728,.T.);
#5260=ORIENTED_EDGE('',*,*,#3862,.T.);
#5261=ORIENTED_EDGE('',*,*,#3859,.T.);
#5262=ORIENTED_EDGE('',*,*,#3456,.T.);
#5263=ORIENTED_EDGE('',*,*,#3863,.T.);
#5264=ORIENTED_EDGE('',*,*,#3726,.F.);
#5265=ORIENTED_EDGE('',*,*,#3864,.T.);
#5266=ORIENTED_EDGE('',*,*,#3863,.F.);
#5267=ORIENTED_EDGE('',*,*,#3455,.T.);
#5268=ORIENTED_EDGE('',*,*,#3865,.T.);
#5269=ORIENTED_EDGE('',*,*,#3866,.T.);
#5270=ORIENTED_EDGE('',*,*,#3857,.T.);
#5271=ORIENTED_EDGE('',*,*,#3867,.T.);
#5272=ORIENTED_EDGE('',*,*,#3868,.T.);
#5273=ORIENTED_EDGE('',*,*,#3869,.T.);
#5274=ORIENTED_EDGE('',*,*,#3865,.F.);
#5275=ORIENTED_EDGE('',*,*,#3870,.T.);
#5276=ORIENTED_EDGE('',*,*,#3855,.T.);
#5277=ORIENTED_EDGE('',*,*,#3871,.T.);
#5278=ORIENTED_EDGE('',*,*,#3868,.F.);
#5279=ORIENTED_EDGE('',*,*,#3872,.T.);
#5280=ORIENTED_EDGE('',*,*,#3873,.T.);
#5281=ORIENTED_EDGE('',*,*,#3874,.T.);
#5282=ORIENTED_EDGE('',*,*,#3837,.F.);
#5283=ORIENTED_EDGE('',*,*,#3875,.T.);
#5284=ORIENTED_EDGE('',*,*,#3828,.T.);
#5285=ORIENTED_EDGE('',*,*,#3876,.T.);
#5286=ORIENTED_EDGE('',*,*,#3873,.F.);
#5287=ORIENTED_EDGE('',*,*,#3877,.T.);
#5288=ORIENTED_EDGE('',*,*,#3459,.T.);
#5289=ORIENTED_EDGE('',*,*,#3852,.F.);
#5290=ORIENTED_EDGE('',*,*,#3878,.T.);
#5291=ORIENTED_EDGE('',*,*,#3835,.F.);
#5292=ORIENTED_EDGE('',*,*,#3741,.T.);
#5293=ORIENTED_EDGE('',*,*,#3826,.T.);
#5294=ORIENTED_EDGE('',*,*,#3879,.T.);
#5295=ORIENTED_EDGE('',*,*,#3880,.T.);
#5296=ORIENTED_EDGE('',*,*,#3881,.T.);
#5297=ORIENTED_EDGE('',*,*,#3882,.T.);
#5298=ORIENTED_EDGE('',*,*,#3742,.T.);
#5299=ORIENTED_EDGE('',*,*,#3880,.F.);
#5300=ORIENTED_EDGE('',*,*,#3883,.T.);
#5301=ORIENTED_EDGE('',*,*,#3803,.T.);
#5302=ORIENTED_EDGE('',*,*,#3739,.T.);
#5303=ORIENTED_EDGE('',*,*,#3884,.T.);
#5304=ORIENTED_EDGE('',*,*,#3802,.T.);
#5305=ORIENTED_EDGE('',*,*,#3885,.T.);
#5306=ORIENTED_EDGE('',*,*,#3791,.T.);
#5307=ORIENTED_EDGE('',*,*,#3763,.T.);
#5308=ORIENTED_EDGE('',*,*,#3886,.T.);
#5309=ORIENTED_EDGE('',*,*,#3800,.T.);
#5310=ORIENTED_EDGE('',*,*,#3762,.T.);
#5311=ORIENTED_EDGE('',*,*,#3769,.T.);
#5312=ORIENTED_EDGE('',*,*,#3887,.T.);
#5313=ORIENTED_EDGE('',*,*,#3884,.F.);
#5314=ORIENTED_EDGE('',*,*,#3738,.T.);
#5315=ORIENTED_EDGE('',*,*,#3786,.F.);
#5316=ORIENTED_EDGE('',*,*,#3888,.F.);
#5317=ORIENTED_EDGE('',*,*,#3889,.T.);
#5318=ORIENTED_EDGE('',*,*,#3890,.T.);
#5319=ORIENTED_EDGE('',*,*,#3787,.T.);
#5320=ORIENTED_EDGE('',*,*,#3891,.T.);
#5321=ORIENTED_EDGE('',*,*,#3892,.T.);
#5322=ORIENTED_EDGE('',*,*,#3893,.T.);
#5323=ORIENTED_EDGE('',*,*,#3889,.F.);
#5324=ORIENTED_EDGE('',*,*,#3894,.T.);
#5325=ORIENTED_EDGE('',*,*,#3792,.T.);
#5326=ORIENTED_EDGE('',*,*,#3895,.T.);
#5327=ORIENTED_EDGE('',*,*,#3892,.F.);
#5328=ORIENTED_EDGE('',*,*,#3896,.T.);
#5329=ORIENTED_EDGE('',*,*,#3764,.T.);
#5330=ORIENTED_EDGE('',*,*,#3790,.T.);
#5331=ORIENTED_EDGE('',*,*,#3897,.T.);
#5332=ORIENTED_EDGE('',*,*,#3898,.T.);
#5333=ORIENTED_EDGE('',*,*,#3785,.T.);
#5334=ORIENTED_EDGE('',*,*,#3798,.F.);
#5335=ORIENTED_EDGE('',*,*,#3899,.F.);
#5336=ORIENTED_EDGE('',*,*,#3888,.T.);
#5337=ORIENTED_EDGE('',*,*,#3900,.T.);
#5338=ORIENTED_EDGE('',*,*,#3901,.T.);
#5339=ORIENTED_EDGE('',*,*,#3789,.T.);
#5340=ORIENTED_EDGE('',*,*,#3782,.T.);
#5341=ORIENTED_EDGE('',*,*,#3902,.T.);
#5342=ORIENTED_EDGE('',*,*,#3780,.F.);
#5343=ORIENTED_EDGE('',*,*,#3765,.T.);
#5344=ORIENTED_EDGE('',*,*,#3898,.F.);
#5345=ORIENTED_EDGE('',*,*,#3796,.F.);
#5346=ORIENTED_EDGE('',*,*,#3813,.F.);
#5347=ORIENTED_EDGE('',*,*,#3903,.T.);
#5348=ORIENTED_EDGE('',*,*,#3904,.F.);
#5349=ORIENTED_EDGE('',*,*,#3811,.F.);
#5350=ORIENTED_EDGE('',*,*,#3905,.T.);
#5351=ORIENTED_EDGE('',*,*,#3906,.F.);
#5352=ORIENTED_EDGE('',*,*,#3903,.F.);
#5353=ORIENTED_EDGE('',*,*,#3825,.F.);
#5354=ORIENTED_EDGE('',*,*,#3824,.F.);
#5355=ORIENTED_EDGE('',*,*,#3907,.T.);
#5356=ORIENTED_EDGE('',*,*,#3908,.F.);
#5357=ORIENTED_EDGE('',*,*,#3822,.F.);
#5358=ORIENTED_EDGE('',*,*,#3909,.T.);
#5359=ORIENTED_EDGE('',*,*,#3910,.F.);
#5360=ORIENTED_EDGE('',*,*,#3907,.F.);
#5361=ORIENTED_EDGE('',*,*,#3848,.F.);
#5362=ORIENTED_EDGE('',*,*,#3911,.T.);
#5363=ORIENTED_EDGE('',*,*,#3912,.F.);
#5364=ORIENTED_EDGE('',*,*,#3913,.F.);
#5365=ORIENTED_EDGE('',*,*,#3845,.F.);
#5366=ORIENTED_EDGE('',*,*,#3834,.F.);
#5367=ORIENTED_EDGE('',*,*,#3914,.F.);
#5368=ORIENTED_EDGE('',*,*,#3911,.F.);
#5369=ORIENTED_EDGE('',*,*,#3870,.F.);
#5370=ORIENTED_EDGE('',*,*,#3915,.T.);
#5371=ORIENTED_EDGE('',*,*,#3916,.F.);
#5372=ORIENTED_EDGE('',*,*,#3917,.F.);
#5373=ORIENTED_EDGE('',*,*,#3867,.F.);
#5374=ORIENTED_EDGE('',*,*,#3862,.F.);
#5375=ORIENTED_EDGE('',*,*,#3918,.F.);
#5376=ORIENTED_EDGE('',*,*,#3915,.F.);
#5377=ORIENTED_EDGE('',*,*,#3902,.F.);
#5378=ORIENTED_EDGE('',*,*,#3919,.T.);
#5379=ORIENTED_EDGE('',*,*,#3920,.T.);
#5380=ORIENTED_EDGE('',*,*,#3921,.T.);
#5381=ORIENTED_EDGE('',*,*,#3900,.F.);
#5382=ORIENTED_EDGE('',*,*,#3781,.F.);
#5383=ORIENTED_EDGE('',*,*,#3922,.T.);
#5384=ORIENTED_EDGE('',*,*,#3897,.F.);
#5385=ORIENTED_EDGE('',*,*,#3896,.F.);
#5386=ORIENTED_EDGE('',*,*,#3923,.T.);
#5387=ORIENTED_EDGE('',*,*,#3919,.F.);
#5388=ORIENTED_EDGE('',*,*,#3894,.F.);
#5389=ORIENTED_EDGE('',*,*,#3924,.T.);
#5390=ORIENTED_EDGE('',*,*,#3920,.F.);
#5391=ORIENTED_EDGE('',*,*,#3923,.F.);
#5392=ORIENTED_EDGE('',*,*,#3891,.F.);
#5393=ORIENTED_EDGE('',*,*,#3901,.F.);
#5394=ORIENTED_EDGE('',*,*,#3921,.F.);
#5395=ORIENTED_EDGE('',*,*,#3924,.F.);
#5396=ORIENTED_EDGE('',*,*,#3838,.F.);
#5397=ORIENTED_EDGE('',*,*,#3874,.F.);
#5398=ORIENTED_EDGE('',*,*,#3876,.F.);
#5399=ORIENTED_EDGE('',*,*,#3829,.F.);
#5400=ORIENTED_EDGE('',*,*,#3807,.F.);
#5401=ORIENTED_EDGE('',*,*,#3810,.F.);
#5402=ORIENTED_EDGE('',*,*,#3812,.F.);
#5403=ORIENTED_EDGE('',*,*,#3799,.F.);
#5404=ORIENTED_EDGE('',*,*,#3890,.F.);
#5405=ORIENTED_EDGE('',*,*,#3893,.F.);
#5406=ORIENTED_EDGE('',*,*,#3895,.F.);
#5407=ORIENTED_EDGE('',*,*,#3885,.F.);
#5408=ORIENTED_EDGE('',*,*,#3818,.F.);
#5409=ORIENTED_EDGE('',*,*,#3821,.F.);
#5410=ORIENTED_EDGE('',*,*,#3823,.F.);
#5411=ORIENTED_EDGE('',*,*,#3833,.F.);
#5412=ORIENTED_EDGE('',*,*,#3844,.F.);
#5413=ORIENTED_EDGE('',*,*,#3847,.F.);
#5414=ORIENTED_EDGE('',*,*,#3849,.F.);
#5415=ORIENTED_EDGE('',*,*,#3860,.F.);
#5416=ORIENTED_EDGE('',*,*,#3866,.F.);
#5417=ORIENTED_EDGE('',*,*,#3869,.F.);
#5418=ORIENTED_EDGE('',*,*,#3871,.F.);
#5419=ORIENTED_EDGE('',*,*,#3856,.F.);
#5420=ORIENTED_EDGE('',*,*,#3760,.F.);
#5421=ORIENTED_EDGE('',*,*,#3925,.T.);
#5422=ORIENTED_EDGE('',*,*,#3926,.T.);
#5423=ORIENTED_EDGE('',*,*,#3691,.T.);
#5424=ORIENTED_EDGE('',*,*,#3927,.T.);
#5425=ORIENTED_EDGE('',*,*,#3928,.T.);
#5426=ORIENTED_EDGE('',*,*,#3929,.T.);
#5427=ORIENTED_EDGE('',*,*,#3926,.F.);
#5428=ORIENTED_EDGE('',*,*,#3930,.T.);
#5429=ORIENTED_EDGE('',*,*,#3931,.T.);
#5430=ORIENTED_EDGE('',*,*,#3928,.F.);
#5431=ORIENTED_EDGE('',*,*,#3932,.T.);
#5432=ORIENTED_EDGE('',*,*,#3933,.T.);
#5433=ORIENTED_EDGE('',*,*,#3930,.F.);
#5434=ORIENTED_EDGE('',*,*,#3934,.T.);
#5435=ORIENTED_EDGE('',*,*,#3935,.T.);
#5436=ORIENTED_EDGE('',*,*,#3936,.T.);
#5437=ORIENTED_EDGE('',*,*,#3937,.T.);
#5438=ORIENTED_EDGE('',*,*,#3938,.T.);
#5439=ORIENTED_EDGE('',*,*,#3935,.F.);
#5440=ORIENTED_EDGE('',*,*,#3939,.T.);
#5441=ORIENTED_EDGE('',*,*,#3940,.T.);
#5442=ORIENTED_EDGE('',*,*,#3937,.F.);
#5443=ORIENTED_EDGE('',*,*,#3941,.T.);
#5444=ORIENTED_EDGE('',*,*,#3942,.T.);
#5445=ORIENTED_EDGE('',*,*,#3943,.T.);
#5446=ORIENTED_EDGE('',*,*,#3939,.F.);
#5447=ORIENTED_EDGE('',*,*,#3944,.T.);
#5448=ORIENTED_EDGE('',*,*,#3945,.T.);
#5449=ORIENTED_EDGE('',*,*,#3946,.T.);
#5450=ORIENTED_EDGE('',*,*,#3942,.F.);
#5451=ORIENTED_EDGE('',*,*,#3947,.T.);
#5452=ORIENTED_EDGE('',*,*,#3948,.T.);
#5453=ORIENTED_EDGE('',*,*,#3945,.F.);
#5454=ORIENTED_EDGE('',*,*,#3949,.T.);
#5455=ORIENTED_EDGE('',*,*,#3950,.T.);
#5456=ORIENTED_EDGE('',*,*,#3951,.T.);
#5457=ORIENTED_EDGE('',*,*,#3952,.T.);
#5458=ORIENTED_EDGE('',*,*,#3953,.T.);
#5459=ORIENTED_EDGE('',*,*,#3950,.F.);
#5460=ORIENTED_EDGE('',*,*,#3954,.T.);
#5461=ORIENTED_EDGE('',*,*,#3955,.T.);
#5462=ORIENTED_EDGE('',*,*,#3952,.F.);
#5463=ORIENTED_EDGE('',*,*,#3956,.T.);
#5464=ORIENTED_EDGE('',*,*,#3957,.T.);
#5465=ORIENTED_EDGE('',*,*,#3954,.F.);
#5466=ORIENTED_EDGE('',*,*,#3958,.T.);
#5467=ORIENTED_EDGE('',*,*,#3959,.T.);
#5468=ORIENTED_EDGE('',*,*,#3960,.T.);
#5469=ORIENTED_EDGE('',*,*,#3961,.T.);
#5470=ORIENTED_EDGE('',*,*,#3675,.T.);
#5471=ORIENTED_EDGE('',*,*,#3959,.F.);
#5472=ORIENTED_EDGE('',*,*,#3962,.T.);
#5473=ORIENTED_EDGE('',*,*,#3963,.T.);
#5474=ORIENTED_EDGE('',*,*,#3964,.T.);
#5475=ORIENTED_EDGE('',*,*,#3961,.F.);
#5476=ORIENTED_EDGE('',*,*,#3965,.T.);
#5477=ORIENTED_EDGE('',*,*,#3966,.T.);
#5478=ORIENTED_EDGE('',*,*,#3963,.F.);
#5479=ORIENTED_EDGE('',*,*,#3967,.T.);
#5480=ORIENTED_EDGE('',*,*,#3968,.T.);
#5481=ORIENTED_EDGE('',*,*,#3965,.F.);
#5482=ORIENTED_EDGE('',*,*,#3969,.T.);
#5483=ORIENTED_EDGE('',*,*,#3970,.T.);
#5484=ORIENTED_EDGE('',*,*,#3971,.T.);
#5485=ORIENTED_EDGE('',*,*,#3972,.T.);
#5486=ORIENTED_EDGE('',*,*,#3643,.T.);
#5487=ORIENTED_EDGE('',*,*,#3970,.F.);
#5488=ORIENTED_EDGE('',*,*,#3973,.T.);
#5489=ORIENTED_EDGE('',*,*,#3974,.T.);
#5490=ORIENTED_EDGE('',*,*,#3975,.T.);
#5491=ORIENTED_EDGE('',*,*,#3972,.F.);
#5492=ORIENTED_EDGE('',*,*,#3976,.T.);
#5493=ORIENTED_EDGE('',*,*,#3977,.T.);
#5494=ORIENTED_EDGE('',*,*,#3974,.F.);
#5495=ORIENTED_EDGE('',*,*,#3978,.T.);
#5496=ORIENTED_EDGE('',*,*,#3979,.T.);
#5497=ORIENTED_EDGE('',*,*,#3976,.F.);
#5498=ORIENTED_EDGE('',*,*,#3980,.T.);
#5499=ORIENTED_EDGE('',*,*,#3981,.T.);
#5500=ORIENTED_EDGE('',*,*,#3982,.T.);
#5501=ORIENTED_EDGE('',*,*,#3983,.T.);
#5502=ORIENTED_EDGE('',*,*,#3984,.T.);
#5503=ORIENTED_EDGE('',*,*,#3981,.F.);
#5504=ORIENTED_EDGE('',*,*,#3985,.T.);
#5505=ORIENTED_EDGE('',*,*,#3986,.T.);
#5506=ORIENTED_EDGE('',*,*,#3983,.F.);
#5507=ORIENTED_EDGE('',*,*,#3987,.T.);
#5508=ORIENTED_EDGE('',*,*,#3988,.T.);
#5509=ORIENTED_EDGE('',*,*,#3989,.T.);
#5510=ORIENTED_EDGE('',*,*,#3985,.F.);
#5511=ORIENTED_EDGE('',*,*,#3990,.T.);
#5512=ORIENTED_EDGE('',*,*,#3991,.T.);
#5513=ORIENTED_EDGE('',*,*,#3992,.T.);
#5514=ORIENTED_EDGE('',*,*,#3988,.F.);
#5515=ORIENTED_EDGE('',*,*,#3993,.T.);
#5516=ORIENTED_EDGE('',*,*,#3994,.T.);
#5517=ORIENTED_EDGE('',*,*,#3991,.F.);
#5518=ORIENTED_EDGE('',*,*,#3995,.T.);
#5519=ORIENTED_EDGE('',*,*,#3996,.T.);
#5520=ORIENTED_EDGE('',*,*,#3997,.T.);
#5521=ORIENTED_EDGE('',*,*,#3998,.T.);
#5522=ORIENTED_EDGE('',*,*,#3999,.T.);
#5523=ORIENTED_EDGE('',*,*,#3996,.F.);
#5524=ORIENTED_EDGE('',*,*,#4000,.T.);
#5525=ORIENTED_EDGE('',*,*,#4001,.T.);
#5526=ORIENTED_EDGE('',*,*,#3998,.F.);
#5527=ORIENTED_EDGE('',*,*,#4002,.T.);
#5528=ORIENTED_EDGE('',*,*,#4003,.T.);
#5529=ORIENTED_EDGE('',*,*,#4000,.F.);
#5530=ORIENTED_EDGE('',*,*,#4004,.T.);
#5531=ORIENTED_EDGE('',*,*,#4005,.T.);
#5532=ORIENTED_EDGE('',*,*,#3630,.T.);
#5533=ORIENTED_EDGE('',*,*,#4005,.F.);
#5534=ORIENTED_EDGE('',*,*,#4006,.T.);
#5535=ORIENTED_EDGE('',*,*,#4007,.T.);
#5536=ORIENTED_EDGE('',*,*,#4008,.T.);
#5537=ORIENTED_EDGE('',*,*,#4009,.T.);
#5538=ORIENTED_EDGE('',*,*,#4010,.T.);
#5539=ORIENTED_EDGE('',*,*,#4007,.F.);
#5540=ORIENTED_EDGE('',*,*,#4011,.T.);
#5541=ORIENTED_EDGE('',*,*,#4012,.T.);
#5542=ORIENTED_EDGE('',*,*,#4009,.F.);
#5543=ORIENTED_EDGE('',*,*,#4013,.T.);
#5544=ORIENTED_EDGE('',*,*,#4014,.T.);
#5545=ORIENTED_EDGE('',*,*,#4011,.F.);
#5546=ORIENTED_EDGE('',*,*,#4015,.T.);
#5547=ORIENTED_EDGE('',*,*,#4016,.T.);
#5548=ORIENTED_EDGE('',*,*,#3731,.F.);
#5549=ORIENTED_EDGE('',*,*,#4017,.T.);
#5550=ORIENTED_EDGE('',*,*,#4016,.F.);
#5551=ORIENTED_EDGE('',*,*,#4018,.T.);
#5552=ORIENTED_EDGE('',*,*,#3929,.F.);
#5553=ORIENTED_EDGE('',*,*,#4019,.F.);
#5554=ORIENTED_EDGE('',*,*,#3201,.F.);
#5555=ORIENTED_EDGE('',*,*,#3692,.T.);
#5556=ORIENTED_EDGE('',*,*,#3931,.F.);
#5557=ORIENTED_EDGE('',*,*,#4020,.F.);
#5558=ORIENTED_EDGE('',*,*,#3202,.F.);
#5559=ORIENTED_EDGE('',*,*,#4019,.T.);
#5560=ORIENTED_EDGE('',*,*,#3933,.F.);
#5561=ORIENTED_EDGE('',*,*,#4021,.F.);
#5562=ORIENTED_EDGE('',*,*,#3203,.F.);
#5563=ORIENTED_EDGE('',*,*,#4020,.T.);
#5564=ORIENTED_EDGE('',*,*,#3938,.F.);
#5565=ORIENTED_EDGE('',*,*,#4022,.F.);
#5566=ORIENTED_EDGE('',*,*,#3204,.F.);
#5567=ORIENTED_EDGE('',*,*,#4021,.T.);
#5568=ORIENTED_EDGE('',*,*,#3940,.F.);
#5569=ORIENTED_EDGE('',*,*,#4023,.T.);
#5570=ORIENTED_EDGE('',*,*,#3205,.T.);
#5571=ORIENTED_EDGE('',*,*,#4022,.T.);
#5572=ORIENTED_EDGE('',*,*,#3943,.F.);
#5573=ORIENTED_EDGE('',*,*,#4024,.F.);
#5574=ORIENTED_EDGE('',*,*,#3206,.F.);
#5575=ORIENTED_EDGE('',*,*,#4023,.F.);
#5576=ORIENTED_EDGE('',*,*,#3946,.F.);
#5577=ORIENTED_EDGE('',*,*,#4025,.T.);
#5578=ORIENTED_EDGE('',*,*,#3207,.T.);
#5579=ORIENTED_EDGE('',*,*,#4024,.T.);
#5580=ORIENTED_EDGE('',*,*,#3948,.F.);
#5581=ORIENTED_EDGE('',*,*,#4026,.F.);
#5582=ORIENTED_EDGE('',*,*,#3208,.F.);
#5583=ORIENTED_EDGE('',*,*,#4025,.F.);
#5584=ORIENTED_EDGE('',*,*,#3953,.F.);
#5585=ORIENTED_EDGE('',*,*,#4027,.F.);
#5586=ORIENTED_EDGE('',*,*,#3209,.F.);
#5587=ORIENTED_EDGE('',*,*,#4026,.T.);
#5588=ORIENTED_EDGE('',*,*,#3955,.F.);
#5589=ORIENTED_EDGE('',*,*,#4028,.F.);
#5590=ORIENTED_EDGE('',*,*,#3210,.F.);
#5591=ORIENTED_EDGE('',*,*,#4027,.T.);
#5592=ORIENTED_EDGE('',*,*,#3957,.F.);
#5593=ORIENTED_EDGE('',*,*,#3674,.F.);
#5594=ORIENTED_EDGE('',*,*,#3211,.F.);
#5595=ORIENTED_EDGE('',*,*,#4028,.T.);
#5596=ORIENTED_EDGE('',*,*,#3964,.F.);
#5597=ORIENTED_EDGE('',*,*,#4029,.F.);
#5598=ORIENTED_EDGE('',*,*,#3667,.F.);
#5599=ORIENTED_EDGE('',*,*,#3676,.T.);
#5600=ORIENTED_EDGE('',*,*,#3966,.F.);
#5601=ORIENTED_EDGE('',*,*,#4030,.F.);
#5602=ORIENTED_EDGE('',*,*,#3668,.F.);
#5603=ORIENTED_EDGE('',*,*,#4029,.T.);
#5604=ORIENTED_EDGE('',*,*,#3968,.F.);
#5605=ORIENTED_EDGE('',*,*,#3642,.F.);
#5606=ORIENTED_EDGE('',*,*,#3669,.F.);
#5607=ORIENTED_EDGE('',*,*,#4030,.T.);
#5608=ORIENTED_EDGE('',*,*,#3975,.F.);
#5609=ORIENTED_EDGE('',*,*,#4031,.F.);
#5610=ORIENTED_EDGE('',*,*,#3229,.F.);
#5611=ORIENTED_EDGE('',*,*,#3644,.T.);
#5612=ORIENTED_EDGE('',*,*,#3977,.F.);
#5613=ORIENTED_EDGE('',*,*,#4032,.F.);
#5614=ORIENTED_EDGE('',*,*,#3230,.F.);
#5615=ORIENTED_EDGE('',*,*,#4031,.T.);
#5616=ORIENTED_EDGE('',*,*,#3979,.F.);
#5617=ORIENTED_EDGE('',*,*,#4033,.F.);
#5618=ORIENTED_EDGE('',*,*,#3231,.F.);
#5619=ORIENTED_EDGE('',*,*,#4032,.T.);
#5620=ORIENTED_EDGE('',*,*,#3984,.F.);
#5621=ORIENTED_EDGE('',*,*,#4034,.F.);
#5622=ORIENTED_EDGE('',*,*,#3232,.F.);
#5623=ORIENTED_EDGE('',*,*,#4033,.T.);
#5624=ORIENTED_EDGE('',*,*,#3986,.F.);
#5625=ORIENTED_EDGE('',*,*,#4035,.T.);
#5626=ORIENTED_EDGE('',*,*,#3233,.T.);
#5627=ORIENTED_EDGE('',*,*,#4034,.T.);
#5628=ORIENTED_EDGE('',*,*,#3989,.F.);
#5629=ORIENTED_EDGE('',*,*,#4036,.F.);
#5630=ORIENTED_EDGE('',*,*,#3234,.F.);
#5631=ORIENTED_EDGE('',*,*,#4035,.F.);
#5632=ORIENTED_EDGE('',*,*,#3992,.F.);
#5633=ORIENTED_EDGE('',*,*,#4037,.T.);
#5634=ORIENTED_EDGE('',*,*,#3235,.T.);
#5635=ORIENTED_EDGE('',*,*,#4036,.T.);
#5636=ORIENTED_EDGE('',*,*,#3994,.F.);
#5637=ORIENTED_EDGE('',*,*,#4038,.F.);
#5638=ORIENTED_EDGE('',*,*,#3236,.F.);
#5639=ORIENTED_EDGE('',*,*,#4037,.F.);
#5640=ORIENTED_EDGE('',*,*,#3999,.F.);
#5641=ORIENTED_EDGE('',*,*,#4039,.F.);
#5642=ORIENTED_EDGE('',*,*,#3237,.F.);
#5643=ORIENTED_EDGE('',*,*,#4038,.T.);
#5644=ORIENTED_EDGE('',*,*,#4001,.F.);
#5645=ORIENTED_EDGE('',*,*,#4040,.F.);
#5646=ORIENTED_EDGE('',*,*,#3238,.F.);
#5647=ORIENTED_EDGE('',*,*,#4039,.T.);
#5648=ORIENTED_EDGE('',*,*,#4003,.F.);
#5649=ORIENTED_EDGE('',*,*,#3629,.F.);
#5650=ORIENTED_EDGE('',*,*,#3239,.F.);
#5651=ORIENTED_EDGE('',*,*,#4040,.T.);
#5652=ORIENTED_EDGE('',*,*,#4010,.F.);
#5653=ORIENTED_EDGE('',*,*,#4041,.F.);
#5654=ORIENTED_EDGE('',*,*,#3609,.F.);
#5655=ORIENTED_EDGE('',*,*,#3631,.T.);
#5656=ORIENTED_EDGE('',*,*,#4012,.F.);
#5657=ORIENTED_EDGE('',*,*,#4042,.F.);
#5658=ORIENTED_EDGE('',*,*,#3610,.F.);
#5659=ORIENTED_EDGE('',*,*,#4041,.T.);
#5660=ORIENTED_EDGE('',*,*,#4014,.F.);
#5661=ORIENTED_EDGE('',*,*,#4043,.F.);
#5662=ORIENTED_EDGE('',*,*,#3611,.F.);
#5663=ORIENTED_EDGE('',*,*,#4042,.T.);
#5664=ORIENTED_EDGE('',*,*,#3735,.F.);
#5665=ORIENTED_EDGE('',*,*,#3612,.F.);
#5666=ORIENTED_EDGE('',*,*,#4043,.T.);
#5667=ORIENTED_EDGE('',*,*,#4017,.F.);
#5668=ORIENTED_EDGE('',*,*,#3778,.F.);
#5669=ORIENTED_EDGE('',*,*,#4018,.F.);
#5670=ORIENTED_EDGE('',*,*,#4015,.F.);
#5671=ORIENTED_EDGE('',*,*,#4013,.F.);
#5672=ORIENTED_EDGE('',*,*,#4008,.F.);
#5673=ORIENTED_EDGE('',*,*,#4006,.F.);
#5674=ORIENTED_EDGE('',*,*,#4004,.F.);
#5675=ORIENTED_EDGE('',*,*,#4002,.F.);
#5676=ORIENTED_EDGE('',*,*,#3997,.F.);
#5677=ORIENTED_EDGE('',*,*,#3995,.F.);
#5678=ORIENTED_EDGE('',*,*,#3993,.F.);
#5679=ORIENTED_EDGE('',*,*,#3990,.F.);
#5680=ORIENTED_EDGE('',*,*,#3987,.F.);
#5681=ORIENTED_EDGE('',*,*,#3982,.F.);
#5682=ORIENTED_EDGE('',*,*,#3980,.F.);
#5683=ORIENTED_EDGE('',*,*,#3978,.F.);
#5684=ORIENTED_EDGE('',*,*,#3973,.F.);
#5685=ORIENTED_EDGE('',*,*,#3971,.F.);
#5686=ORIENTED_EDGE('',*,*,#3969,.F.);
#5687=ORIENTED_EDGE('',*,*,#3967,.F.);
#5688=ORIENTED_EDGE('',*,*,#3962,.F.);
#5689=ORIENTED_EDGE('',*,*,#3960,.F.);
#5690=ORIENTED_EDGE('',*,*,#3958,.F.);
#5691=ORIENTED_EDGE('',*,*,#3956,.F.);
#5692=ORIENTED_EDGE('',*,*,#3951,.F.);
#5693=ORIENTED_EDGE('',*,*,#3949,.F.);
#5694=ORIENTED_EDGE('',*,*,#3947,.F.);
#5695=ORIENTED_EDGE('',*,*,#3944,.F.);
#5696=ORIENTED_EDGE('',*,*,#3941,.F.);
#5697=ORIENTED_EDGE('',*,*,#3936,.F.);
#5698=ORIENTED_EDGE('',*,*,#3934,.F.);
#5699=ORIENTED_EDGE('',*,*,#3932,.F.);
#5700=ORIENTED_EDGE('',*,*,#3927,.F.);
#5701=ORIENTED_EDGE('',*,*,#3925,.F.);
#5702=ORIENTED_EDGE('',*,*,#3776,.F.);
#5703=ORIENTED_EDGE('',*,*,#3772,.F.);
#5704=ORIENTED_EDGE('',*,*,#3416,.T.);
#5705=ORIENTED_EDGE('',*,*,#3417,.T.);
#5706=ORIENTED_EDGE('',*,*,#3404,.T.);
#5707=ORIENTED_EDGE('',*,*,#3407,.T.);
#5708=ORIENTED_EDGE('',*,*,#3419,.T.);
#5709=ORIENTED_EDGE('',*,*,#3420,.T.);
#5710=ORIENTED_EDGE('',*,*,#3409,.T.);
#5711=ORIENTED_EDGE('',*,*,#3412,.T.);
#5712=ORIENTED_EDGE('',*,*,#4044,.F.);
#5713=ORIENTED_EDGE('',*,*,#4045,.T.);
#5714=ORIENTED_EDGE('',*,*,#4045,.F.);
#5715=ORIENTED_EDGE('',*,*,#3214,.F.);
#5716=ORIENTED_EDGE('',*,*,#4046,.T.);
#5717=ORIENTED_EDGE('',*,*,#4044,.T.);
#5718=ORIENTED_EDGE('',*,*,#4046,.F.);
#5719=ORIENTED_EDGE('',*,*,#4047,.F.);
#5720=ORIENTED_EDGE('',*,*,#4048,.T.);
#5721=ORIENTED_EDGE('',*,*,#4048,.F.);
#5722=ORIENTED_EDGE('',*,*,#3670,.F.);
#5723=ORIENTED_EDGE('',*,*,#4049,.T.);
#5724=ORIENTED_EDGE('',*,*,#4047,.T.);
#5725=ORIENTED_EDGE('',*,*,#4049,.F.);
#5726=ORIENTED_EDGE('',*,*,#4050,.F.);
#5727=ORIENTED_EDGE('',*,*,#4051,.T.);
#5728=ORIENTED_EDGE('',*,*,#4051,.F.);
#5729=ORIENTED_EDGE('',*,*,#3249,.F.);
#5730=ORIENTED_EDGE('',*,*,#4052,.T.);
#5731=ORIENTED_EDGE('',*,*,#4050,.T.);
#5732=ORIENTED_EDGE('',*,*,#4052,.F.);
#5733=ORIENTED_EDGE('',*,*,#4053,.F.);
#5734=ORIENTED_EDGE('',*,*,#4054,.T.);
#5735=ORIENTED_EDGE('',*,*,#4054,.F.);
#5736=ORIENTED_EDGE('',*,*,#3215,.F.);
#5737=ORIENTED_EDGE('',*,*,#4055,.T.);
#5738=ORIENTED_EDGE('',*,*,#4053,.T.);
#5739=ORIENTED_EDGE('',*,*,#4055,.F.);
#5740=ORIENTED_EDGE('',*,*,#4056,.F.);
#5741=ORIENTED_EDGE('',*,*,#4057,.T.);
#5742=ORIENTED_EDGE('',*,*,#4057,.F.);
#5743=ORIENTED_EDGE('',*,*,#3622,.F.);
#5744=ORIENTED_EDGE('',*,*,#4058,.T.);
#5745=ORIENTED_EDGE('',*,*,#4056,.T.);
#5746=ORIENTED_EDGE('',*,*,#4058,.F.);
#5747=ORIENTED_EDGE('',*,*,#4059,.F.);
#5748=ORIENTED_EDGE('',*,*,#4060,.T.);
#5749=ORIENTED_EDGE('',*,*,#4060,.F.);
#5750=ORIENTED_EDGE('',*,*,#3248,.F.);
#5751=ORIENTED_EDGE('',*,*,#4061,.T.);
#5752=ORIENTED_EDGE('',*,*,#4059,.T.);
#5753=ORIENTED_EDGE('',*,*,#4061,.F.);
#5754=ORIENTED_EDGE('',*,*,#3650,.F.);
#5755=ORIENTED_EDGE('',*,*,#3652,.F.);
#5756=ORIENTED_EDGE('',*,*,#3594,.F.);
#5757=ORIENTED_EDGE('',*,*,#3640,.F.);
#5758=ORIENTED_EDGE('',*,*,#3697,.F.);
#5759=ORIENTED_EDGE('',*,*,#3688,.F.);
#5760=ORIENTED_EDGE('',*,*,#3683,.F.);
#5761=ORIENTED_EDGE('',*,*,#4062,.F.);
#5762=ORIENTED_EDGE('',*,*,#3707,.F.);
#5763=ORIENTED_EDGE('',*,*,#3711,.F.);
#5764=ORIENTED_EDGE('',*,*,#4063,.F.);
#5765=ORIENTED_EDGE('',*,*,#3701,.F.);
#5766=ORIENTED_EDGE('',*,*,#3694,.F.);
#5767=ORIENTED_EDGE('',*,*,#3699,.F.);
#5768=ORIENTED_EDGE('',*,*,#3656,.F.);
#5769=ORIENTED_EDGE('',*,*,#3598,.F.);
#5770=ORIENTED_EDGE('',*,*,#3655,.F.);
#5771=ORIENTED_EDGE('',*,*,#3646,.F.);
#5772=ORIENTED_EDGE('',*,*,#3665,.F.);
#5773=ORIENTED_EDGE('',*,*,#3590,.F.);
#5774=ORIENTED_EDGE('',*,*,#3659,.F.);
#5775=ORIENTED_EDGE('',*,*,#3677,.F.);
#5776=ORIENTED_EDGE('',*,*,#3705,.F.);
#5777=ORIENTED_EDGE('',*,*,#3627,.F.);
#5778=ORIENTED_EDGE('',*,*,#3703,.F.);
#5779=ORIENTED_EDGE('',*,*,#4064,.F.);
#5780=ORIENTED_EDGE('',*,*,#3709,.F.);
#5781=ORIENTED_EDGE('',*,*,#3713,.F.);
#5782=ORIENTED_EDGE('',*,*,#3672,.F.);
#5783=ORIENTED_EDGE('',*,*,#3679,.F.);
#5784=ORIENTED_EDGE('',*,*,#3586,.F.);
#5785=ORIENTED_EDGE('',*,*,#3678,.F.);
#5786=ORIENTED_EDGE('',*,*,#4065,.F.);
#5787=ORIENTED_EDGE('',*,*,#3634,.F.);
#5788=ORIENTED_EDGE('',*,*,#3623,.F.);
#5789=ORIENTED_EDGE('',*,*,#3607,.F.);
#5790=ORIENTED_EDGE('',*,*,#4066,.F.);
#5791=ORIENTED_EDGE('',*,*,#4067,.T.);
#5792=ORIENTED_EDGE('',*,*,#4067,.F.);
#5793=ORIENTED_EDGE('',*,*,#3922,.F.);
#5794=ORIENTED_EDGE('',*,*,#4068,.T.);
#5795=ORIENTED_EDGE('',*,*,#4066,.T.);
#5796=ORIENTED_EDGE('',*,*,#4068,.F.);
#5797=ORIENTED_EDGE('',*,*,#4069,.F.);
#5798=ORIENTED_EDGE('',*,*,#4070,.T.);
#5799=ORIENTED_EDGE('',*,*,#4070,.F.);
#5800=ORIENTED_EDGE('',*,*,#4071,.F.);
#5801=ORIENTED_EDGE('',*,*,#4072,.T.);
#5802=ORIENTED_EDGE('',*,*,#4069,.T.);
#5803=ORIENTED_EDGE('',*,*,#4072,.F.);
#5804=ORIENTED_EDGE('',*,*,#4073,.F.);
#5805=ORIENTED_EDGE('',*,*,#4074,.T.);
#5806=ORIENTED_EDGE('',*,*,#4074,.F.);
#5807=ORIENTED_EDGE('',*,*,#4075,.F.);
#5808=ORIENTED_EDGE('',*,*,#4076,.T.);
#5809=ORIENTED_EDGE('',*,*,#4073,.T.);
#5810=ORIENTED_EDGE('',*,*,#4076,.F.);
#5811=ORIENTED_EDGE('',*,*,#4077,.F.);
#5812=ORIENTED_EDGE('',*,*,#4078,.T.);
#5813=ORIENTED_EDGE('',*,*,#4078,.F.);
#5814=ORIENTED_EDGE('',*,*,#4079,.F.);
#5815=ORIENTED_EDGE('',*,*,#4080,.T.);
#5816=ORIENTED_EDGE('',*,*,#4077,.T.);
#5817=ORIENTED_EDGE('',*,*,#4080,.F.);
#5818=ORIENTED_EDGE('',*,*,#4081,.F.);
#5819=ORIENTED_EDGE('',*,*,#4082,.T.);
#5820=ORIENTED_EDGE('',*,*,#4082,.F.);
#5821=ORIENTED_EDGE('',*,*,#4083,.F.);
#5822=ORIENTED_EDGE('',*,*,#4084,.T.);
#5823=ORIENTED_EDGE('',*,*,#4081,.T.);
#5824=ORIENTED_EDGE('',*,*,#4084,.F.);
#5825=ORIENTED_EDGE('',*,*,#4085,.F.);
#5826=ORIENTED_EDGE('',*,*,#4086,.T.);
#5827=ORIENTED_EDGE('',*,*,#4086,.F.);
#5828=ORIENTED_EDGE('',*,*,#4087,.F.);
#5829=ORIENTED_EDGE('',*,*,#4088,.T.);
#5830=ORIENTED_EDGE('',*,*,#4085,.T.);
#5831=ORIENTED_EDGE('',*,*,#4088,.F.);
#5832=ORIENTED_EDGE('',*,*,#3883,.F.);
#5833=ORIENTED_EDGE('',*,*,#4089,.F.);
#5834=ORIENTED_EDGE('',*,*,#3905,.F.);
#5835=ORIENTED_EDGE('',*,*,#3808,.F.);
#5836=ORIENTED_EDGE('',*,*,#3899,.T.);
#5837=ORIENTED_EDGE('',*,*,#3797,.F.);
#5838=ORIENTED_EDGE('',*,*,#3904,.T.);
#5839=ORIENTED_EDGE('',*,*,#3906,.T.);
#5840=ORIENTED_EDGE('',*,*,#4089,.T.);
#5841=ORIENTED_EDGE('',*,*,#3887,.F.);
#5842=ORIENTED_EDGE('',*,*,#4071,.T.);
#5843=ORIENTED_EDGE('',*,*,#3877,.F.);
#5844=ORIENTED_EDGE('',*,*,#4090,.T.);
#5845=ORIENTED_EDGE('',*,*,#4091,.F.);
#5846=ORIENTED_EDGE('',*,*,#3879,.F.);
#5847=ORIENTED_EDGE('',*,*,#3836,.F.);
#5848=ORIENTED_EDGE('',*,*,#3743,.F.);
#5849=ORIENTED_EDGE('',*,*,#3882,.F.);
#5850=ORIENTED_EDGE('',*,*,#4092,.F.);
#5851=ORIENTED_EDGE('',*,*,#4093,.F.);
#5852=ORIENTED_EDGE('',*,*,#3875,.F.);
#5853=ORIENTED_EDGE('',*,*,#4093,.T.);
#5854=ORIENTED_EDGE('',*,*,#4094,.F.);
#5855=ORIENTED_EDGE('',*,*,#4090,.F.);
#5856=ORIENTED_EDGE('',*,*,#3881,.F.);
#5857=ORIENTED_EDGE('',*,*,#4091,.T.);
#5858=ORIENTED_EDGE('',*,*,#4094,.T.);
#5859=ORIENTED_EDGE('',*,*,#4092,.T.);
#5860=ORIENTED_EDGE('',*,*,#4075,.T.);
#5861=ORIENTED_EDGE('',*,*,#3886,.F.);
#5862=ORIENTED_EDGE('',*,*,#4095,.F.);
#5863=ORIENTED_EDGE('',*,*,#3909,.F.);
#5864=ORIENTED_EDGE('',*,*,#3819,.F.);
#5865=ORIENTED_EDGE('',*,*,#3771,.F.);
#5866=ORIENTED_EDGE('',*,*,#3908,.T.);
#5867=ORIENTED_EDGE('',*,*,#3910,.T.);
#5868=ORIENTED_EDGE('',*,*,#4095,.T.);
#5869=ORIENTED_EDGE('',*,*,#3768,.F.);
#5870=ORIENTED_EDGE('',*,*,#4079,.T.);
#5871=ORIENTED_EDGE('',*,*,#3872,.F.);
#5872=ORIENTED_EDGE('',*,*,#3917,.T.);
#5873=ORIENTED_EDGE('',*,*,#4096,.F.);
#5874=ORIENTED_EDGE('',*,*,#3861,.F.);
#5875=ORIENTED_EDGE('',*,*,#3729,.F.);
#5876=ORIENTED_EDGE('',*,*,#4096,.T.);
#5877=ORIENTED_EDGE('',*,*,#3916,.T.);
#5878=ORIENTED_EDGE('',*,*,#3918,.T.);
#5879=ORIENTED_EDGE('',*,*,#3864,.F.);
#5880=ORIENTED_EDGE('',*,*,#4087,.T.);
#5881=ORIENTED_EDGE('',*,*,#3850,.F.);
#5882=ORIENTED_EDGE('',*,*,#3913,.T.);
#5883=ORIENTED_EDGE('',*,*,#4097,.F.);
#5884=ORIENTED_EDGE('',*,*,#3851,.F.);
#5885=ORIENTED_EDGE('',*,*,#3878,.F.);
#5886=ORIENTED_EDGE('',*,*,#4097,.T.);
#5887=ORIENTED_EDGE('',*,*,#3912,.T.);
#5888=ORIENTED_EDGE('',*,*,#3914,.T.);
#5889=ORIENTED_EDGE('',*,*,#4083,.T.);
#5890=ORIENTED_EDGE('',*,*,#3521,.F.);
#5891=ORIENTED_EDGE('',*,*,#3716,.F.);
#5892=ORIENTED_EDGE('',*,*,#4098,.F.);
#5893=ORIENTED_EDGE('',*,*,#3242,.T.);
#5894=ORIENTED_EDGE('',*,*,#3704,.F.);
#5895=ORIENTED_EDGE('',*,*,#4064,.T.);
#5896=ORIENTED_EDGE('',*,*,#3702,.F.);
#5897=ORIENTED_EDGE('',*,*,#3635,.T.);
#5898=ORIENTED_EDGE('',*,*,#3632,.F.);
#5899=ORIENTED_EDGE('',*,*,#4065,.T.);
#5900=ORIENTED_EDGE('',*,*,#3606,.F.);
#5901=ORIENTED_EDGE('',*,*,#3621,.T.);
#5902=ORIENTED_EDGE('',*,*,#3696,.F.);
#5903=ORIENTED_EDGE('',*,*,#4062,.T.);
#5904=ORIENTED_EDGE('',*,*,#3682,.F.);
#5905=ORIENTED_EDGE('',*,*,#3686,.T.);
#5906=ORIENTED_EDGE('',*,*,#3700,.F.);
#5907=ORIENTED_EDGE('',*,*,#4063,.T.);
#5908=ORIENTED_EDGE('',*,*,#3698,.F.);
#5909=ORIENTED_EDGE('',*,*,#3198,.T.);
#5910=ORIENTED_EDGE('',*,*,#3603,.F.);
#5911=ORIENTED_EDGE('',*,*,#3714,.F.);
#5912=ORIENTED_EDGE('',*,*,#3516,.F.);
#5913=ORIENTED_EDGE('',*,*,#3519,.F.);
#5914=ORIENTED_EDGE('',*,*,#3557,.F.);
#5915=ORIENTED_EDGE('',*,*,#3582,.T.);
#5916=ORIENTED_EDGE('',*,*,#3243,.T.);
#5917=ORIENTED_EDGE('',*,*,#4098,.T.);
#5918=ORIENTED_EDGE('',*,*,#3715,.T.);
#5919=CONICAL_SURFACE('',#6322,1.25,0.785398163397264);
#5920=CONICAL_SURFACE('',#6338,1.25,0.785398163397446);
#5921=CONICAL_SURFACE('',#6343,1.25,0.785398163397264);
#5922=CONICAL_SURFACE('',#6359,1.25,0.785398163397446);
#5923=CONICAL_SURFACE('',#6364,0.5,1.02974425867665);
#5924=CONICAL_SURFACE('',#6365,0.5,1.02974425867665);
#5925=CONICAL_SURFACE('',#6366,0.5,1.02974425867665);
#5926=CONICAL_SURFACE('',#6367,0.5,1.02974425867665);
#5927=CONICAL_SURFACE('',#6664,1.2,0.785398163396957);
#5928=CONICAL_SURFACE('',#6666,1.2,0.785398163397418);
#5929=CONICAL_SURFACE('',#6668,1.2,0.785398163396957);
#5930=CONICAL_SURFACE('',#6670,1.2,0.785398163397418);
#5931=CONICAL_SURFACE('',#6983,0.40575,1.02974425867665);
#5932=CONICAL_SURFACE('',#6986,0.40575,1.02974425867665);
#5933=CONICAL_SURFACE('',#6989,0.40575,1.02974425867665);
#5934=CONICAL_SURFACE('',#6992,0.40575,1.02974425867665);
#5935=CONICAL_SURFACE('',#6995,0.40575,1.02974425867665);
#5936=CONICAL_SURFACE('',#6998,0.40575,1.02974425867665);
#5937=CONICAL_SURFACE('',#7013,0.40575,1.02974425867665);
#5938=CONICAL_SURFACE('',#7016,0.40575,1.02974425867665);
#5939=CONICAL_SURFACE('',#7020,0.40575,1.02974425867665);
#5940=CONICAL_SURFACE('',#7024,0.40575,1.02974425867665);
#5941=CONICAL_SURFACE('',#7028,0.40575,1.02974425867665);
#5942=CONICAL_SURFACE('',#7032,0.40575,1.02974425867665);
#5943=ADVANCED_FACE('',(#476),#5919,.F.);
#5944=ADVANCED_FACE('',(#477,#314,#315,#316,#317),#346,.T.);
#5945=ADVANCED_FACE('',(#478),#152,.F.);
#5946=ADVANCED_FACE('',(#479),#5920,.F.);
#5947=ADVANCED_FACE('',(#480),#153,.F.);
#5948=ADVANCED_FACE('',(#481),#5921,.F.);
#5949=ADVANCED_FACE('',(#482,#318,#319,#320,#321),#347,.T.);
#5950=ADVANCED_FACE('',(#483),#154,.F.);
#5951=ADVANCED_FACE('',(#484),#5922,.F.);
#5952=ADVANCED_FACE('',(#485),#155,.F.);
#5953=ADVANCED_FACE('',(#486),#5923,.F.);
#5954=ADVANCED_FACE('',(#487),#5924,.F.);
#5955=ADVANCED_FACE('',(#488),#5925,.F.);
#5956=ADVANCED_FACE('',(#489),#5926,.F.);
#5957=ADVANCED_FACE('',(#490),#156,.F.);
#5958=ADVANCED_FACE('',(#491),#118,.F.);
#5959=ADVANCED_FACE('',(#492),#157,.F.);
#5960=ADVANCED_FACE('',(#493),#119,.F.);
#5961=ADVANCED_FACE('',(#494),#158,.F.);
#5962=ADVANCED_FACE('',(#495),#348,.F.);
#5963=ADVANCED_FACE('',(#496),#349,.T.);
#5964=ADVANCED_FACE('',(#497),#159,.F.);
#5965=ADVANCED_FACE('',(#498),#120,.F.);
#5966=ADVANCED_FACE('',(#499),#160,.F.);
#5967=ADVANCED_FACE('',(#500),#121,.F.);
#5968=ADVANCED_FACE('',(#501),#161,.F.);
#5969=ADVANCED_FACE('',(#502),#350,.F.);
#5970=ADVANCED_FACE('',(#503),#351,.T.);
#5971=ADVANCED_FACE('',(#504),#352,.F.);
#5972=ADVANCED_FACE('',(#505),#162,.F.);
#5973=ADVANCED_FACE('',(#506),#353,.F.);
#5974=ADVANCED_FACE('',(#507),#163,.F.);
#5975=ADVANCED_FACE('',(#508),#354,.F.);
#5976=ADVANCED_FACE('',(#509),#164,.F.);
#5977=ADVANCED_FACE('',(#510),#355,.F.);
#5978=ADVANCED_FACE('',(#511),#165,.F.);
#5979=ADVANCED_FACE('',(#512,#322),#356,.T.);
#5980=ADVANCED_FACE('',(#513),#357,.F.);
#5981=ADVANCED_FACE('',(#514),#166,.F.);
#5982=ADVANCED_FACE('',(#515),#358,.F.);
#5983=ADVANCED_FACE('',(#516),#167,.F.);
#5984=ADVANCED_FACE('',(#517),#359,.F.);
#5985=ADVANCED_FACE('',(#518),#168,.F.);
#5986=ADVANCED_FACE('',(#519),#360,.F.);
#5987=ADVANCED_FACE('',(#520),#169,.F.);
#5988=ADVANCED_FACE('',(#521,#323),#361,.T.);
#5989=ADVANCED_FACE('',(#522),#362,.F.);
#5990=ADVANCED_FACE('',(#523),#170,.F.);
#5991=ADVANCED_FACE('',(#524),#363,.F.);
#5992=ADVANCED_FACE('',(#525),#171,.F.);
#5993=ADVANCED_FACE('',(#526),#364,.F.);
#5994=ADVANCED_FACE('',(#527),#172,.F.);
#5995=ADVANCED_FACE('',(#528),#365,.F.);
#5996=ADVANCED_FACE('',(#529),#173,.F.);
#5997=ADVANCED_FACE('',(#530,#324),#366,.T.);
#5998=ADVANCED_FACE('',(#531),#367,.F.);
#5999=ADVANCED_FACE('',(#532),#174,.F.);
#6000=ADVANCED_FACE('',(#533),#368,.F.);
#6001=ADVANCED_FACE('',(#534),#175,.F.);
#6002=ADVANCED_FACE('',(#535),#369,.F.);
#6003=ADVANCED_FACE('',(#536),#176,.F.);
#6004=ADVANCED_FACE('',(#537),#370,.F.);
#6005=ADVANCED_FACE('',(#538),#177,.F.);
#6006=ADVANCED_FACE('',(#539,#325),#371,.T.);
#6007=ADVANCED_FACE('',(#540),#372,.F.);
#6008=ADVANCED_FACE('',(#541),#178,.F.);
#6009=ADVANCED_FACE('',(#542),#373,.F.);
#6010=ADVANCED_FACE('',(#543),#179,.F.);
#6011=ADVANCED_FACE('',(#544),#374,.F.);
#6012=ADVANCED_FACE('',(#545),#180,.F.);
#6013=ADVANCED_FACE('',(#546),#375,.F.);
#6014=ADVANCED_FACE('',(#547),#181,.F.);
#6015=ADVANCED_FACE('',(#548),#376,.F.);
#6016=ADVANCED_FACE('',(#549),#182,.F.);
#6017=ADVANCED_FACE('',(#550),#377,.F.);
#6018=ADVANCED_FACE('',(#551),#183,.F.);
#6019=ADVANCED_FACE('',(#552),#184,.T.);
#6020=ADVANCED_FACE('',(#553),#122,.T.);
#6021=ADVANCED_FACE('',(#554),#185,.T.);
#6022=ADVANCED_FACE('',(#555),#123,.T.);
#6023=ADVANCED_FACE('',(#556),#186,.T.);
#6024=ADVANCED_FACE('',(#557),#124,.T.);
#6025=ADVANCED_FACE('',(#558),#187,.T.);
#6026=ADVANCED_FACE('',(#559),#125,.T.);
#6027=ADVANCED_FACE('',(#560),#188,.F.);
#6028=ADVANCED_FACE('',(#561),#378,.F.);
#6029=ADVANCED_FACE('',(#562),#189,.F.);
#6030=ADVANCED_FACE('',(#563),#379,.F.);
#6031=ADVANCED_FACE('',(#564,#326),#380,.F.);
#6032=ADVANCED_FACE('',(#565),#190,.T.);
#6033=ADVANCED_FACE('',(#566),#126,.T.);
#6034=ADVANCED_FACE('',(#567),#191,.T.);
#6035=ADVANCED_FACE('',(#568),#127,.T.);
#6036=ADVANCED_FACE('',(#569),#192,.T.);
#6037=ADVANCED_FACE('',(#570),#128,.T.);
#6038=ADVANCED_FACE('',(#571),#193,.T.);
#6039=ADVANCED_FACE('',(#572),#129,.T.);
#6040=ADVANCED_FACE('',(#573),#194,.F.);
#6041=ADVANCED_FACE('',(#574),#381,.F.);
#6042=ADVANCED_FACE('',(#575),#195,.F.);
#6043=ADVANCED_FACE('',(#576,#327),#382,.T.);
#6044=ADVANCED_FACE('',(#577),#130,.T.);
#6045=ADVANCED_FACE('',(#578),#28,.F.);
#6046=ADVANCED_FACE('',(#579),#196,.T.);
#6047=ADVANCED_FACE('',(#580),#131,.T.);
#6048=ADVANCED_FACE('',(#581),#29,.F.);
#6049=ADVANCED_FACE('',(#582),#197,.T.);
#6050=ADVANCED_FACE('',(#583),#30,.F.);
#6051=ADVANCED_FACE('',(#584),#198,.T.);
#6052=ADVANCED_FACE('',(#585),#31,.F.);
#6053=ADVANCED_FACE('',(#586),#199,.T.);
#6054=ADVANCED_FACE('',(#587),#200,.T.);
#6055=ADVANCED_FACE('',(#588),#383,.F.);
#6056=ADVANCED_FACE('',(#589),#201,.F.);
#6057=ADVANCED_FACE('',(#590),#384,.F.);
#6058=ADVANCED_FACE('',(#591),#202,.F.);
#6059=ADVANCED_FACE('',(#592),#385,.F.);
#6060=ADVANCED_FACE('',(#593),#203,.T.);
#6061=ADVANCED_FACE('',(#594),#32,.T.);
#6062=ADVANCED_FACE('',(#595),#204,.F.);
#6063=ADVANCED_FACE('',(#596),#132,.F.);
#6064=ADVANCED_FACE('',(#597),#205,.F.);
#6065=ADVANCED_FACE('',(#598),#133,.F.);
#6066=ADVANCED_FACE('',(#599),#206,.F.);
#6067=ADVANCED_FACE('',(#600),#33,.T.);
#6068=ADVANCED_FACE('',(#601),#34,.F.);
#6069=ADVANCED_FACE('',(#602),#207,.T.);
#6070=ADVANCED_FACE('',(#603),#35,.F.);
#6071=ADVANCED_FACE('',(#604),#208,.T.);
#6072=ADVANCED_FACE('',(#605),#36,.F.);
#6073=ADVANCED_FACE('',(#606),#209,.T.);
#6074=ADVANCED_FACE('',(#607),#37,.F.);
#6075=ADVANCED_FACE('',(#608),#210,.T.);
#6076=ADVANCED_FACE('',(#609),#211,.T.);
#6077=ADVANCED_FACE('',(#610),#386,.T.);
#6078=ADVANCED_FACE('',(#611),#212,.T.);
#6079=ADVANCED_FACE('',(#612),#387,.T.);
#6080=ADVANCED_FACE('',(#613),#213,.T.);
#6081=ADVANCED_FACE('',(#614),#388,.T.);
#6082=ADVANCED_FACE('',(#615),#214,.T.);
#6083=ADVANCED_FACE('',(#616,#328,#329,#330,#331),#389,.T.);
#6084=ADVANCED_FACE('',(#617),#390,.T.);
#6085=ADVANCED_FACE('',(#618,#332),#391,.T.);
#6086=ADVANCED_FACE('',(#619),#392,.F.);
#6087=ADVANCED_FACE('',(#620),#393,.T.);
#6088=ADVANCED_FACE('',(#621,#333),#394,.T.);
#6089=ADVANCED_FACE('',(#622),#395,.T.);
#6090=ADVANCED_FACE('',(#623),#396,.F.);
#6091=ADVANCED_FACE('',(#624),#397,.T.);
#6092=ADVANCED_FACE('',(#625,#334),#398,.T.);
#6093=ADVANCED_FACE('',(#626),#399,.T.);
#6094=ADVANCED_FACE('',(#627),#400,.T.);
#6095=ADVANCED_FACE('',(#628),#401,.T.);
#6096=ADVANCED_FACE('',(#629,#335),#402,.T.);
#6097=ADVANCED_FACE('',(#630),#403,.T.);
#6098=ADVANCED_FACE('',(#631,#336),#404,.T.);
#6099=ADVANCED_FACE('',(#632),#405,.F.);
#6100=ADVANCED_FACE('',(#633),#406,.T.);
#6101=ADVANCED_FACE('',(#634),#407,.T.);
#6102=ADVANCED_FACE('',(#635),#408,.T.);
#6103=ADVANCED_FACE('',(#636,#337),#409,.T.);
#6104=ADVANCED_FACE('',(#637),#410,.F.);
#6105=ADVANCED_FACE('',(#638),#411,.T.);
#6106=ADVANCED_FACE('',(#639),#412,.T.);
#6107=ADVANCED_FACE('',(#640),#413,.T.);
#6108=ADVANCED_FACE('',(#641),#414,.T.);
#6109=ADVANCED_FACE('',(#642),#415,.T.);
#6110=ADVANCED_FACE('',(#643),#5927,.F.);
#6111=ADVANCED_FACE('',(#644),#5928,.F.);
#6112=ADVANCED_FACE('',(#645),#5929,.F.);
#6113=ADVANCED_FACE('',(#646),#5930,.F.);
#6114=ADVANCED_FACE('',(#647),#416,.T.);
#6115=ADVANCED_FACE('',(#648),#417,.T.);
#6116=ADVANCED_FACE('',(#649),#418,.F.);
#6117=ADVANCED_FACE('',(#650),#215,.F.);
#6118=ADVANCED_FACE('',(#651),#38,.T.);
#6119=ADVANCED_FACE('',(#652),#39,.T.);
#6120=ADVANCED_FACE('',(#653),#216,.F.);
#6121=ADVANCED_FACE('',(#654),#15,.F.);
#6122=ADVANCED_FACE('',(#655),#217,.F.);
#6123=ADVANCED_FACE('',(#656),#134,.T.);
#6124=ADVANCED_FACE('',(#657),#218,.T.);
#6125=ADVANCED_FACE('',(#658),#419,.F.);
#6126=ADVANCED_FACE('',(#659),#420,.F.);
#6127=ADVANCED_FACE('',(#660),#16,.F.);
#6128=ADVANCED_FACE('',(#661),#219,.F.);
#6129=ADVANCED_FACE('',(#662),#40,.T.);
#6130=ADVANCED_FACE('',(#663),#41,.T.);
#6131=ADVANCED_FACE('',(#664),#220,.F.);
#6132=ADVANCED_FACE('',(#665),#221,.T.);
#6133=ADVANCED_FACE('',(#666),#135,.T.);
#6134=ADVANCED_FACE('',(#667),#421,.F.);
#6135=ADVANCED_FACE('',(#668),#422,.F.);
#6136=ADVANCED_FACE('',(#669),#222,.F.);
#6137=ADVANCED_FACE('',(#670),#223,.F.);
#6138=ADVANCED_FACE('',(#671),#224,.T.);
#6139=ADVANCED_FACE('',(#672),#225,.T.);
#6140=ADVANCED_FACE('',(#673),#226,.T.);
#6141=ADVANCED_FACE('',(#674),#423,.F.);
#6142=ADVANCED_FACE('',(#675),#17,.F.);
#6143=ADVANCED_FACE('',(#676),#18,.F.);
#6144=ADVANCED_FACE('',(#677),#19,.F.);
#6145=ADVANCED_FACE('',(#678),#227,.F.);
#6146=ADVANCED_FACE('',(#679),#228,.F.);
#6147=ADVANCED_FACE('',(#680),#20,.F.);
#6148=ADVANCED_FACE('',(#681),#21,.F.);
#6149=ADVANCED_FACE('',(#682),#229,.F.);
#6150=ADVANCED_FACE('',(#683),#136,.F.);
#6151=ADVANCED_FACE('',(#684),#230,.F.);
#6152=ADVANCED_FACE('',(#685),#22,.F.);
#6153=ADVANCED_FACE('',(#686),#231,.F.);
#6154=ADVANCED_FACE('',(#687),#137,.F.);
#6155=ADVANCED_FACE('',(#688),#232,.F.);
#6156=ADVANCED_FACE('',(#689),#233,.F.);
#6157=ADVANCED_FACE('',(#690),#23,.F.);
#6158=ADVANCED_FACE('',(#691),#234,.F.);
#6159=ADVANCED_FACE('',(#692),#24,.F.);
#6160=ADVANCED_FACE('',(#693),#235,.F.);
#6161=ADVANCED_FACE('',(#694),#236,.F.);
#6162=ADVANCED_FACE('',(#695),#237,.F.);
#6163=ADVANCED_FACE('',(#696),#25,.F.);
#6164=ADVANCED_FACE('',(#697),#238,.F.);
#6165=ADVANCED_FACE('',(#698),#138,.F.);
#6166=ADVANCED_FACE('',(#699),#239,.F.);
#6167=ADVANCED_FACE('',(#700),#240,.F.);
#6168=ADVANCED_FACE('',(#701),#26,.F.);
#6169=ADVANCED_FACE('',(#702),#241,.F.);
#6170=ADVANCED_FACE('',(#703),#27,.F.);
#6171=ADVANCED_FACE('',(#704),#242,.F.);
#6172=ADVANCED_FACE('',(#705),#243,.F.);
#6173=ADVANCED_FACE('',(#706),#244,.F.);
#6174=ADVANCED_FACE('',(#707),#245,.F.);
#6175=ADVANCED_FACE('',(#708),#246,.F.);
#6176=ADVANCED_FACE('',(#709),#139,.F.);
#6177=ADVANCED_FACE('',(#710),#247,.F.);
#6178=ADVANCED_FACE('',(#711),#140,.F.);
#6179=ADVANCED_FACE('',(#712),#248,.F.);
#6180=ADVANCED_FACE('',(#713),#249,.F.);
#6181=ADVANCED_FACE('',(#714),#250,.F.);
#6182=ADVANCED_FACE('',(#715),#251,.F.);
#6183=ADVANCED_FACE('',(#716),#252,.F.);
#6184=ADVANCED_FACE('',(#717),#253,.F.);
#6185=ADVANCED_FACE('',(#718),#254,.F.);
#6186=ADVANCED_FACE('',(#719),#255,.F.);
#6187=ADVANCED_FACE('',(#720),#256,.F.);
#6188=ADVANCED_FACE('',(#721),#141,.F.);
#6189=ADVANCED_FACE('',(#722),#257,.F.);
#6190=ADVANCED_FACE('',(#723),#258,.F.);
#6191=ADVANCED_FACE('',(#724),#259,.F.);
#6192=ADVANCED_FACE('',(#725),#260,.F.);
#6193=ADVANCED_FACE('',(#726),#261,.F.);
#6194=ADVANCED_FACE('',(#727),#424,.T.);
#6195=ADVANCED_FACE('',(#728),#262,.T.);
#6196=ADVANCED_FACE('',(#729),#425,.T.);
#6197=ADVANCED_FACE('',(#730),#263,.T.);
#6198=ADVANCED_FACE('',(#731),#264,.T.);
#6199=ADVANCED_FACE('',(#732),#426,.T.);
#6200=ADVANCED_FACE('',(#733),#265,.T.);
#6201=ADVANCED_FACE('',(#734),#427,.T.);
#6202=ADVANCED_FACE('',(#735,#338),#428,.T.);
#6203=ADVANCED_FACE('',(#736),#429,.T.);
#6204=ADVANCED_FACE('',(#737),#266,.T.);
#6205=ADVANCED_FACE('',(#738),#430,.T.);
#6206=ADVANCED_FACE('',(#739),#431,.F.);
#6207=ADVANCED_FACE('',(#740),#267,.F.);
#6208=ADVANCED_FACE('',(#741),#268,.F.);
#6209=ADVANCED_FACE('',(#742),#142,.F.);
#6210=ADVANCED_FACE('',(#743),#269,.F.);
#6211=ADVANCED_FACE('',(#744),#270,.F.);
#6212=ADVANCED_FACE('',(#745),#143,.F.);
#6213=ADVANCED_FACE('',(#746),#271,.F.);
#6214=ADVANCED_FACE('',(#747),#144,.F.);
#6215=ADVANCED_FACE('',(#748),#272,.F.);
#6216=ADVANCED_FACE('',(#749),#273,.F.);
#6217=ADVANCED_FACE('',(#750),#145,.F.);
#6218=ADVANCED_FACE('',(#751),#274,.F.);
#6219=ADVANCED_FACE('',(#752),#275,.F.);
#6220=ADVANCED_FACE('',(#753),#276,.F.);
#6221=ADVANCED_FACE('',(#754),#146,.F.);
#6222=ADVANCED_FACE('',(#755),#277,.F.);
#6223=ADVANCED_FACE('',(#756),#278,.F.);
#6224=ADVANCED_FACE('',(#757),#279,.F.);
#6225=ADVANCED_FACE('',(#758),#147,.F.);
#6226=ADVANCED_FACE('',(#759),#280,.F.);
#6227=ADVANCED_FACE('',(#760),#281,.F.);
#6228=ADVANCED_FACE('',(#761),#148,.F.);
#6229=ADVANCED_FACE('',(#762),#282,.F.);
#6230=ADVANCED_FACE('',(#763),#149,.F.);
#6231=ADVANCED_FACE('',(#764),#283,.F.);
#6232=ADVANCED_FACE('',(#765),#284,.F.);
#6233=ADVANCED_FACE('',(#766),#150,.F.);
#6234=ADVANCED_FACE('',(#767),#285,.F.);
#6235=ADVANCED_FACE('',(#768),#286,.F.);
#6236=ADVANCED_FACE('',(#769),#287,.F.);
#6237=ADVANCED_FACE('',(#770),#151,.F.);
#6238=ADVANCED_FACE('',(#771),#288,.F.);
#6239=ADVANCED_FACE('',(#772),#289,.F.);
#6240=ADVANCED_FACE('',(#773),#432,.F.);
#6241=ADVANCED_FACE('',(#774),#290,.T.);
#6242=ADVANCED_FACE('',(#775),#433,.F.);
#6243=ADVANCED_FACE('',(#776),#434,.F.);
#6244=ADVANCED_FACE('',(#777),#291,.F.);
#6245=ADVANCED_FACE('',(#778),#435,.F.);
#6246=ADVANCED_FACE('',(#779),#292,.F.);
#6247=ADVANCED_FACE('',(#780),#436,.F.);
#6248=ADVANCED_FACE('',(#781),#437,.F.);
#6249=ADVANCED_FACE('',(#782),#293,.T.);
#6250=ADVANCED_FACE('',(#783),#438,.F.);
#6251=ADVANCED_FACE('',(#784),#439,.F.);
#6252=ADVANCED_FACE('',(#785),#294,.T.);
#6253=ADVANCED_FACE('',(#786),#440,.F.);
#6254=ADVANCED_FACE('',(#787),#441,.F.);
#6255=ADVANCED_FACE('',(#788),#295,.T.);
#6256=ADVANCED_FACE('',(#789),#442,.F.);
#6257=ADVANCED_FACE('',(#790),#443,.F.);
#6258=ADVANCED_FACE('',(#791),#296,.F.);
#6259=ADVANCED_FACE('',(#792),#444,.F.);
#6260=ADVANCED_FACE('',(#793),#297,.F.);
#6261=ADVANCED_FACE('',(#794),#445,.F.);
#6262=ADVANCED_FACE('',(#795),#446,.F.);
#6263=ADVANCED_FACE('',(#796),#298,.T.);
#6264=ADVANCED_FACE('',(#797),#447,.F.);
#6265=ADVANCED_FACE('',(#798),#448,.F.);
#6266=ADVANCED_FACE('',(#799),#299,.T.);
#6267=ADVANCED_FACE('',(#800),#449,.F.);
#6268=ADVANCED_FACE('',(#801),#450,.F.);
#6269=ADVANCED_FACE('',(#802,#339,#340),#451,.T.);
#6270=ADVANCED_FACE('',(#803),#5931,.F.);
#6271=ADVANCED_FACE('',(#804),#300,.F.);
#6272=ADVANCED_FACE('',(#805),#5932,.F.);
#6273=ADVANCED_FACE('',(#806),#301,.F.);
#6274=ADVANCED_FACE('',(#807),#5933,.F.);
#6275=ADVANCED_FACE('',(#808),#302,.F.);
#6276=ADVANCED_FACE('',(#809),#5934,.F.);
#6277=ADVANCED_FACE('',(#810),#303,.F.);
#6278=ADVANCED_FACE('',(#811),#5935,.F.);
#6279=ADVANCED_FACE('',(#812),#304,.F.);
#6280=ADVANCED_FACE('',(#813),#5936,.F.);
#6281=ADVANCED_FACE('',(#814),#305,.F.);
#6282=ADVANCED_FACE('',(#815),#452,.F.);
#6283=ADVANCED_FACE('',(#816),#453,.F.);
#6284=ADVANCED_FACE('',(#817),#454,.T.);
#6285=ADVANCED_FACE('',(#818),#455,.T.);
#6286=ADVANCED_FACE('',(#819),#456,.F.);
#6287=ADVANCED_FACE('',(#820),#457,.F.);
#6288=ADVANCED_FACE('',(#821),#458,.F.);
#6289=ADVANCED_FACE('',(#822),#459,.F.);
#6290=ADVANCED_FACE('',(#823),#460,.T.);
#6291=ADVANCED_FACE('',(#824),#461,.T.);
#6292=ADVANCED_FACE('',(#825),#462,.F.);
#6293=ADVANCED_FACE('',(#826),#463,.F.);
#6294=ADVANCED_FACE('',(#827),#5937,.F.);
#6295=ADVANCED_FACE('',(#828),#306,.F.);
#6296=ADVANCED_FACE('',(#829),#5938,.F.);
#6297=ADVANCED_FACE('',(#830),#307,.F.);
#6298=ADVANCED_FACE('',(#831),#5939,.F.);
#6299=ADVANCED_FACE('',(#832),#308,.F.);
#6300=ADVANCED_FACE('',(#833),#5940,.F.);
#6301=ADVANCED_FACE('',(#834),#309,.F.);
#6302=ADVANCED_FACE('',(#835),#5941,.F.);
#6303=ADVANCED_FACE('',(#836),#310,.F.);
#6304=ADVANCED_FACE('',(#837),#5942,.F.);
#6305=ADVANCED_FACE('',(#838),#311,.F.);
#6306=ADVANCED_FACE('',(#839),#464,.T.);
#6307=ADVANCED_FACE('',(#840,#341),#465,.T.);
#6308=ADVANCED_FACE('',(#841),#466,.T.);
#6309=ADVANCED_FACE('',(#842),#467,.T.);
#6310=ADVANCED_FACE('',(#843),#312,.T.);
#6311=ADVANCED_FACE('',(#844,#342),#468,.T.);
#6312=ADVANCED_FACE('',(#845),#469,.T.);
#6313=ADVANCED_FACE('',(#846,#343),#470,.T.);
#6314=ADVANCED_FACE('',(#847),#471,.T.);
#6315=ADVANCED_FACE('',(#848,#344),#472,.T.);
#6316=ADVANCED_FACE('',(#849),#473,.T.);
#6317=ADVANCED_FACE('',(#850,#345),#474,.T.);
#6318=ADVANCED_FACE('',(#851),#475,.T.);
#6319=ADVANCED_FACE('',(#852),#313,.T.);
#6320=CLOSED_SHELL('',(#5943,#5944,#5945,#5946,#5947,#5948,#5949,#5950,
#5951,#5952,#5953,#5954,#5955,#5956,#5957,#5958,#5959,#5960,#5961,#5962,
#5963,#5964,#5965,#5966,#5967,#5968,#5969,#5970,#5971,#5972,#5973,#5974,
#5975,#5976,#5977,#5978,#5979,#5980,#5981,#5982,#5983,#5984,#5985,#5986,
#5987,#5988,#5989,#5990,#5991,#5992,#5993,#5994,#5995,#5996,#5997,#5998,
#5999,#6000,#6001,#6002,#6003,#6004,#6005,#6006,#6007,#6008,#6009,#6010,
#6011,#6012,#6013,#6014,#6015,#6016,#6017,#6018,#6019,#6020,#6021,#6022,
#6023,#6024,#6025,#6026,#6027,#6028,#6029,#6030,#6031,#6032,#6033,#6034,
#6035,#6036,#6037,#6038,#6039,#6040,#6041,#6042,#6043,#6044,#6045,#6046,
#6047,#6048,#6049,#6050,#6051,#6052,#6053,#6054,#6055,#6056,#6057,#6058,
#6059,#6060,#6061,#6062,#6063,#6064,#6065,#6066,#6067,#6068,#6069,#6070,
#6071,#6072,#6073,#6074,#6075,#6076,#6077,#6078,#6079,#6080,#6081,#6082,
#6083,#6084,#6085,#6086,#6087,#6088,#6089,#6090,#6091,#6092,#6093,#6094,
#6095,#6096,#6097,#6098,#6099,#6100,#6101,#6102,#6103,#6104,#6105,#6106,
#6107,#6108,#6109,#6110,#6111,#6112,#6113,#6114,#6115,#6116,#6117,#6118,
#6119,#6120,#6121,#6122,#6123,#6124,#6125,#6126,#6127,#6128,#6129,#6130,
#6131,#6132,#6133,#6134,#6135,#6136,#6137,#6138,#6139,#6140,#6141,#6142,
#6143,#6144,#6145,#6146,#6147,#6148,#6149,#6150,#6151,#6152,#6153,#6154,
#6155,#6156,#6157,#6158,#6159,#6160,#6161,#6162,#6163,#6164,#6165,#6166,
#6167,#6168,#6169,#6170,#6171,#6172,#6173,#6174,#6175,#6176,#6177,#6178,
#6179,#6180,#6181,#6182,#6183,#6184,#6185,#6186,#6187,#6188,#6189,#6190,
#6191,#6192,#6193,#6194,#6195,#6196,#6197,#6198,#6199,#6200,#6201,#6202,
#6203,#6204,#6205,#6206,#6207,#6208,#6209,#6210,#6211,#6212,#6213,#6214,
#6215,#6216,#6217,#6218,#6219,#6220,#6221,#6222,#6223,#6224,#6225,#6226,
#6227,#6228,#6229,#6230,#6231,#6232,#6233,#6234,#6235,#6236,#6237,#6238,
#6239,#6240,#6241,#6242,#6243,#6244,#6245,#6246,#6247,#6248,#6249,#6250,
#6251,#6252,#6253,#6254,#6255,#6256,#6257,#6258,#6259,#6260,#6261,#6262,
#6263,#6264,#6265,#6266,#6267,#6268,#6269,#6270,#6271,#6272,#6273,#6274,
#6275,#6276,#6277,#6278,#6279,#6280,#6281,#6282,#6283,#6284,#6285,#6286,
#6287,#6288,#6289,#6290,#6291,#6292,#6293,#6294,#6295,#6296,#6297,#6298,
#6299,#6300,#6301,#6302,#6303,#6304,#6305,#6306,#6307,#6308,#6309,#6310,
#6311,#6312,#6313,#6314,#6315,#6316,#6317,#6318,#6319));
#6321=AXIS2_PLACEMENT_3D('',#9043,#7051,#7052);
#6322=AXIS2_PLACEMENT_3D('',#9044,#7053,#7054);
#6323=AXIS2_PLACEMENT_3D('',#9046,#7055,#7056);
#6324=AXIS2_PLACEMENT_3D('',#9050,#7058,#7059);
#6325=AXIS2_PLACEMENT_3D('',#9051,#7060,#7061);
#6326=AXIS2_PLACEMENT_3D('',#9052,#7062,#7063);
#6327=AXIS2_PLACEMENT_3D('',#9059,#7066,#7067);
#6328=AXIS2_PLACEMENT_3D('',#9063,#7069,#7070);
#6329=AXIS2_PLACEMENT_3D('',#9073,#7075,#7076);
#6330=AXIS2_PLACEMENT_3D('',#9079,#7079,#7080);
#6331=AXIS2_PLACEMENT_3D('',#9083,#7082,#7083);
#6332=AXIS2_PLACEMENT_3D('',#9089,#7086,#7087);
#6333=AXIS2_PLACEMENT_3D('',#9094,#7090,#7091);
#6334=AXIS2_PLACEMENT_3D('',#9096,#7092,#7093);
#6335=AXIS2_PLACEMENT_3D('',#9098,#7094,#7095);
#6336=AXIS2_PLACEMENT_3D('',#9099,#7096,#7097);
#6337=AXIS2_PLACEMENT_3D('',#9102,#7099,#7100);
#6338=AXIS2_PLACEMENT_3D('',#9103,#7101,#7102);
#6339=AXIS2_PLACEMENT_3D('',#9107,#7104,#7105);
#6340=AXIS2_PLACEMENT_3D('',#9108,#7106,#7107);
#6341=AXIS2_PLACEMENT_3D('',#9109,#7108,#7109);
#6342=AXIS2_PLACEMENT_3D('',#9112,#7111,#7112);
#6343=AXIS2_PLACEMENT_3D('',#9113,#7113,#7114);
#6344=AXIS2_PLACEMENT_3D('',#9115,#7115,#7116);
#6345=AXIS2_PLACEMENT_3D('',#9119,#7118,#7119);
#6346=AXIS2_PLACEMENT_3D('',#9120,#7120,#7121);
#6347=AXIS2_PLACEMENT_3D('',#9121,#7122,#7123);
#6348=AXIS2_PLACEMENT_3D('',#9130,#7127,#7128);
#6349=AXIS2_PLACEMENT_3D('',#9136,#7131,#7132);
#6350=AXIS2_PLACEMENT_3D('',#9140,#7134,#7135);
#6351=AXIS2_PLACEMENT_3D('',#9146,#7138,#7139);
#6352=AXIS2_PLACEMENT_3D('',#9156,#7144,#7145);
#6353=AXIS2_PLACEMENT_3D('',#9160,#7147,#7148);
#6354=AXIS2_PLACEMENT_3D('',#9163,#7150,#7151);
#6355=AXIS2_PLACEMENT_3D('',#9165,#7152,#7153);
#6356=AXIS2_PLACEMENT_3D('',#9167,#7154,#7155);
#6357=AXIS2_PLACEMENT_3D('',#9168,#7156,#7157);
#6358=AXIS2_PLACEMENT_3D('',#9171,#7159,#7160);
#6359=AXIS2_PLACEMENT_3D('',#9172,#7161,#7162);
#6360=AXIS2_PLACEMENT_3D('',#9176,#7164,#7165);
#6361=AXIS2_PLACEMENT_3D('',#9177,#7166,#7167);
#6362=AXIS2_PLACEMENT_3D('',#9178,#7168,#7169);
#6363=AXIS2_PLACEMENT_3D('',#9181,#7171,#7172);
#6364=AXIS2_PLACEMENT_3D('',#9182,#7173,#7174);
#6365=AXIS2_PLACEMENT_3D('',#9185,#7176,#7177);
#6366=AXIS2_PLACEMENT_3D('',#9188,#7179,#7180);
#6367=AXIS2_PLACEMENT_3D('',#9191,#7182,#7183);
#6368=AXIS2_PLACEMENT_3D('',#9194,#7185,#7186);
#6369=AXIS2_PLACEMENT_3D('',#9197,#7187,#7188);
#6370=AXIS2_PLACEMENT_3D('',#9201,#7190,#7191);
#6371=AXIS2_PLACEMENT_3D('',#9203,#7193,#7194);
#6372=AXIS2_PLACEMENT_3D('',#9206,#7195,#7196);
#6373=AXIS2_PLACEMENT_3D('',#9207,#7197,#7198);
#6374=AXIS2_PLACEMENT_3D('',#9208,#7199,#7200);
#6375=AXIS2_PLACEMENT_3D('',#9209,#7201,#7202);
#6376=AXIS2_PLACEMENT_3D('',#9212,#7203,#7204);
#6377=AXIS2_PLACEMENT_3D('',#9215,#7207,#7208);
#6378=AXIS2_PLACEMENT_3D('',#9216,#7209,#7210);
#6379=AXIS2_PLACEMENT_3D('',#9217,#7211,#7212);
#6380=AXIS2_PLACEMENT_3D('',#9218,#7213,#7214);
#6381=AXIS2_PLACEMENT_3D('',#9222,#7216,#7217);
#6382=AXIS2_PLACEMENT_3D('',#9224,#7219,#7220);
#6383=AXIS2_PLACEMENT_3D('',#9228,#7223,#7224);
#6384=AXIS2_PLACEMENT_3D('',#9229,#7225,#7226);
#6385=AXIS2_PLACEMENT_3D('',#9232,#7227,#7228);
#6386=AXIS2_PLACEMENT_3D('',#9236,#7230,#7231);
#6387=AXIS2_PLACEMENT_3D('',#9238,#7233,#7234);
#6388=AXIS2_PLACEMENT_3D('',#9241,#7235,#7236);
#6389=AXIS2_PLACEMENT_3D('',#9242,#7237,#7238);
#6390=AXIS2_PLACEMENT_3D('',#9243,#7239,#7240);
#6391=AXIS2_PLACEMENT_3D('',#9244,#7241,#7242);
#6392=AXIS2_PLACEMENT_3D('',#9247,#7243,#7244);
#6393=AXIS2_PLACEMENT_3D('',#9250,#7247,#7248);
#6394=AXIS2_PLACEMENT_3D('',#9251,#7249,#7250);
#6395=AXIS2_PLACEMENT_3D('',#9252,#7251,#7252);
#6396=AXIS2_PLACEMENT_3D('',#9253,#7253,#7254);
#6397=AXIS2_PLACEMENT_3D('',#9257,#7256,#7257);
#6398=AXIS2_PLACEMENT_3D('',#9259,#7259,#7260);
#6399=AXIS2_PLACEMENT_3D('',#9263,#7263,#7264);
#6400=AXIS2_PLACEMENT_3D('',#9264,#7265,#7266);
#6401=AXIS2_PLACEMENT_3D('',#9273,#7271,#7272);
#6402=AXIS2_PLACEMENT_3D('',#9275,#7273,#7274);
#6403=AXIS2_PLACEMENT_3D('',#9278,#7276,#7277);
#6404=AXIS2_PLACEMENT_3D('',#9279,#7278,#7279);
#6405=AXIS2_PLACEMENT_3D('',#9285,#7283,#7284);
#6406=AXIS2_PLACEMENT_3D('',#9287,#7285,#7286);
#6407=AXIS2_PLACEMENT_3D('',#9290,#7288,#7289);
#6408=AXIS2_PLACEMENT_3D('',#9291,#7290,#7291);
#6409=AXIS2_PLACEMENT_3D('',#9297,#7295,#7296);
#6410=AXIS2_PLACEMENT_3D('',#9299,#7297,#7298);
#6411=AXIS2_PLACEMENT_3D('',#9302,#7300,#7301);
#6412=AXIS2_PLACEMENT_3D('',#9303,#7302,#7303);
#6413=AXIS2_PLACEMENT_3D('',#9309,#7307,#7308);
#6414=AXIS2_PLACEMENT_3D('',#9310,#7309,#7310);
#6415=AXIS2_PLACEMENT_3D('',#9311,#7311,#7312);
#6416=AXIS2_PLACEMENT_3D('',#9312,#7313,#7314);
#6417=AXIS2_PLACEMENT_3D('',#9315,#7315,#7316);
#6418=AXIS2_PLACEMENT_3D('',#9319,#7318,#7319);
#6419=AXIS2_PLACEMENT_3D('',#9321,#7321,#7322);
#6420=AXIS2_PLACEMENT_3D('',#9330,#7327,#7328);
#6421=AXIS2_PLACEMENT_3D('',#9332,#7329,#7330);
#6422=AXIS2_PLACEMENT_3D('',#9335,#7332,#7333);
#6423=AXIS2_PLACEMENT_3D('',#9336,#7334,#7335);
#6424=AXIS2_PLACEMENT_3D('',#9342,#7339,#7340);
#6425=AXIS2_PLACEMENT_3D('',#9344,#7341,#7342);
#6426=AXIS2_PLACEMENT_3D('',#9347,#7344,#7345);
#6427=AXIS2_PLACEMENT_3D('',#9348,#7346,#7347);
#6428=AXIS2_PLACEMENT_3D('',#9354,#7351,#7352);
#6429=AXIS2_PLACEMENT_3D('',#9356,#7353,#7354);
#6430=AXIS2_PLACEMENT_3D('',#9359,#7356,#7357);
#6431=AXIS2_PLACEMENT_3D('',#9360,#7358,#7359);
#6432=AXIS2_PLACEMENT_3D('',#9366,#7363,#7364);
#6433=AXIS2_PLACEMENT_3D('',#9367,#7365,#7366);
#6434=AXIS2_PLACEMENT_3D('',#9368,#7367,#7368);
#6435=AXIS2_PLACEMENT_3D('',#9369,#7369,#7370);
#6436=AXIS2_PLACEMENT_3D('',#9372,#7371,#7372);
#6437=AXIS2_PLACEMENT_3D('',#9376,#7374,#7375);
#6438=AXIS2_PLACEMENT_3D('',#9378,#7377,#7378);
#6439=AXIS2_PLACEMENT_3D('',#9387,#7383,#7384);
#6440=AXIS2_PLACEMENT_3D('',#9389,#7385,#7386);
#6441=AXIS2_PLACEMENT_3D('',#9392,#7388,#7389);
#6442=AXIS2_PLACEMENT_3D('',#9393,#7390,#7391);
#6443=AXIS2_PLACEMENT_3D('',#9399,#7395,#7396);
#6444=AXIS2_PLACEMENT_3D('',#9401,#7397,#7398);
#6445=AXIS2_PLACEMENT_3D('',#9404,#7400,#7401);
#6446=AXIS2_PLACEMENT_3D('',#9405,#7402,#7403);
#6447=AXIS2_PLACEMENT_3D('',#9411,#7407,#7408);
#6448=AXIS2_PLACEMENT_3D('',#9413,#7409,#7410);
#6449=AXIS2_PLACEMENT_3D('',#9416,#7412,#7413);
#6450=AXIS2_PLACEMENT_3D('',#9417,#7414,#7415);
#6451=AXIS2_PLACEMENT_3D('',#9423,#7419,#7420);
#6452=AXIS2_PLACEMENT_3D('',#9424,#7421,#7422);
#6453=AXIS2_PLACEMENT_3D('',#9425,#7423,#7424);
#6454=AXIS2_PLACEMENT_3D('',#9426,#7425,#7426);
#6455=AXIS2_PLACEMENT_3D('',#9428,#7427,#7428);
#6456=AXIS2_PLACEMENT_3D('',#9430,#7430,#7431);
#6457=AXIS2_PLACEMENT_3D('',#9439,#7436,#7437);
#6458=AXIS2_PLACEMENT_3D('',#9441,#7438,#7439);
#6459=AXIS2_PLACEMENT_3D('',#9444,#7441,#7442);
#6460=AXIS2_PLACEMENT_3D('',#9445,#7443,#7444);
#6461=AXIS2_PLACEMENT_3D('',#9451,#7448,#7449);
#6462=AXIS2_PLACEMENT_3D('',#9453,#7450,#7451);
#6463=AXIS2_PLACEMENT_3D('',#9456,#7453,#7454);
#6464=AXIS2_PLACEMENT_3D('',#9457,#7455,#7456);
#6465=AXIS2_PLACEMENT_3D('',#9463,#7460,#7461);
#6466=AXIS2_PLACEMENT_3D('',#9465,#7462,#7463);
#6467=AXIS2_PLACEMENT_3D('',#9468,#7465,#7466);
#6468=AXIS2_PLACEMENT_3D('',#9469,#7467,#7468);
#6469=AXIS2_PLACEMENT_3D('',#9475,#7472,#7473);
#6470=AXIS2_PLACEMENT_3D('',#9476,#7474,#7475);
#6471=AXIS2_PLACEMENT_3D('',#9477,#7476,#7477);
#6472=AXIS2_PLACEMENT_3D('',#9478,#7478,#7479);
#6473=AXIS2_PLACEMENT_3D('',#9480,#7480,#7481);
#6474=AXIS2_PLACEMENT_3D('',#9482,#7483,#7484);
#6475=AXIS2_PLACEMENT_3D('',#9488,#7488,#7489);
#6476=AXIS2_PLACEMENT_3D('',#9491,#7491,#7492);
#6477=AXIS2_PLACEMENT_3D('',#9492,#7493,#7494);
#6478=AXIS2_PLACEMENT_3D('',#9498,#7498,#7499);
#6479=AXIS2_PLACEMENT_3D('',#9501,#7501,#7502);
#6480=AXIS2_PLACEMENT_3D('',#9502,#7503,#7504);
#6481=AXIS2_PLACEMENT_3D('',#9504,#7506,#7507);
#6482=AXIS2_PLACEMENT_3D('',#9505,#7508,#7509);
#6483=AXIS2_PLACEMENT_3D('',#9507,#7511,#7512);
#6484=AXIS2_PLACEMENT_3D('',#9508,#7513,#7514);
#6485=AXIS2_PLACEMENT_3D('',#9512,#7517,#7518);
#6486=AXIS2_PLACEMENT_3D('',#9513,#7519,#7520);
#6487=AXIS2_PLACEMENT_3D('',#9514,#7521,#7522);
#6488=AXIS2_PLACEMENT_3D('',#9518,#7525,#7526);
#6489=AXIS2_PLACEMENT_3D('',#9519,#7527,#7528);
#6490=AXIS2_PLACEMENT_3D('',#9520,#7529,#7530);
#6491=AXIS2_PLACEMENT_3D('',#9523,#7531,#7532);
#6492=AXIS2_PLACEMENT_3D('',#9527,#7534,#7535);
#6493=AXIS2_PLACEMENT_3D('',#9529,#7537,#7538);
#6494=AXIS2_PLACEMENT_3D('',#9532,#7539,#7540);
#6495=AXIS2_PLACEMENT_3D('',#9533,#7541,#7542);
#6496=AXIS2_PLACEMENT_3D('',#9534,#7543,#7544);
#6497=AXIS2_PLACEMENT_3D('',#9535,#7545,#7546);
#6498=AXIS2_PLACEMENT_3D('',#9538,#7547,#7548);
#6499=AXIS2_PLACEMENT_3D('',#9541,#7551,#7552);
#6500=AXIS2_PLACEMENT_3D('',#9544,#7553,#7554);
#6501=AXIS2_PLACEMENT_3D('',#9545,#7555,#7556);
#6502=AXIS2_PLACEMENT_3D('',#9546,#7557,#7558);
#6503=AXIS2_PLACEMENT_3D('',#9547,#7559,#7560);
#6504=AXIS2_PLACEMENT_3D('',#9550,#7561,#7562);
#6505=AXIS2_PLACEMENT_3D('',#9553,#7565,#7566);
#6506=AXIS2_PLACEMENT_3D('',#9556,#7567,#7568);
#6507=AXIS2_PLACEMENT_3D('',#9557,#7569,#7570);
#6508=AXIS2_PLACEMENT_3D('',#9558,#7571,#7572);
#6509=AXIS2_PLACEMENT_3D('',#9559,#7573,#7574);
#6510=AXIS2_PLACEMENT_3D('',#9562,#7575,#7576);
#6511=AXIS2_PLACEMENT_3D('',#9565,#7579,#7580);
#6512=AXIS2_PLACEMENT_3D('',#9566,#7581,#7582);
#6513=AXIS2_PLACEMENT_3D('',#9567,#7583,#7584);
#6514=AXIS2_PLACEMENT_3D('',#9568,#7585,#7586);
#6515=AXIS2_PLACEMENT_3D('',#9572,#7588,#7589);
#6516=AXIS2_PLACEMENT_3D('',#9574,#7591,#7592);
#6517=AXIS2_PLACEMENT_3D('',#9578,#7595,#7596);
#6518=AXIS2_PLACEMENT_3D('',#9581,#7598,#7599);
#6519=AXIS2_PLACEMENT_3D('',#9582,#7600,#7601);
#6520=AXIS2_PLACEMENT_3D('',#9586,#7604,#7605);
#6521=AXIS2_PLACEMENT_3D('',#9617,#7617,#7618);
#6522=AXIS2_PLACEMENT_3D('',#9625,#7622,#7623);
#6523=AXIS2_PLACEMENT_3D('',#9631,#7624,#7625);
#6524=AXIS2_PLACEMENT_3D('',#9633,#7626,#7627);
#6525=AXIS2_PLACEMENT_3D('',#9636,#7629,#7630);
#6526=AXIS2_PLACEMENT_3D('',#9637,#7631,#7632);
#6527=AXIS2_PLACEMENT_3D('',#9639,#7633,#7634);
#6528=AXIS2_PLACEMENT_3D('',#9640,#7635,#7636);
#6529=AXIS2_PLACEMENT_3D('',#9641,#7637,#7638);
#6530=AXIS2_PLACEMENT_3D('',#9643,#7639,#7640);
#6531=AXIS2_PLACEMENT_3D('',#9645,#7642,#7643);
#6532=AXIS2_PLACEMENT_3D('',#9647,#7644,#7645);
#6533=AXIS2_PLACEMENT_3D('',#9648,#7646,#7647);
#6534=AXIS2_PLACEMENT_3D('',#9649,#7648,#7649);
#6535=AXIS2_PLACEMENT_3D('',#9652,#7650,#7651);
#6536=AXIS2_PLACEMENT_3D('',#9655,#7654,#7655);
#6537=AXIS2_PLACEMENT_3D('',#9658,#7656,#7657);
#6538=AXIS2_PLACEMENT_3D('',#9659,#7658,#7659);
#6539=AXIS2_PLACEMENT_3D('',#9660,#7660,#7661);
#6540=AXIS2_PLACEMENT_3D('',#9661,#7662,#7663);
#6541=AXIS2_PLACEMENT_3D('',#9664,#7664,#7665);
#6542=AXIS2_PLACEMENT_3D('',#9667,#7668,#7669);
#6543=AXIS2_PLACEMENT_3D('',#9668,#7670,#7671);
#6544=AXIS2_PLACEMENT_3D('',#9669,#7672,#7673);
#6545=AXIS2_PLACEMENT_3D('',#9670,#7674,#7675);
#6546=AXIS2_PLACEMENT_3D('',#9673,#7678,#7679);
#6547=AXIS2_PLACEMENT_3D('',#9675,#7681,#7682);
#6548=AXIS2_PLACEMENT_3D('',#9676,#7683,#7684);
#6549=AXIS2_PLACEMENT_3D('',#9681,#7686,#7687);
#6550=AXIS2_PLACEMENT_3D('',#9685,#7689,#7690);
#6551=AXIS2_PLACEMENT_3D('',#9689,#7693,#7694);
#6552=AXIS2_PLACEMENT_3D('',#9692,#7695,#7696);
#6553=AXIS2_PLACEMENT_3D('',#9694,#7697,#7698);
#6554=AXIS2_PLACEMENT_3D('',#9696,#7699,#7700);
#6555=AXIS2_PLACEMENT_3D('',#9772,#7701,#7702);
#6556=AXIS2_PLACEMENT_3D('',#9774,#7703,#7704);
#6557=AXIS2_PLACEMENT_3D('',#9775,#7705,#7706);
#6558=AXIS2_PLACEMENT_3D('',#9776,#7707,#7708);
#6559=AXIS2_PLACEMENT_3D('',#9779,#7709,#7710);
#6560=AXIS2_PLACEMENT_3D('',#9782,#7713,#7714);
#6561=AXIS2_PLACEMENT_3D('',#9784,#7715,#7716);
#6562=AXIS2_PLACEMENT_3D('',#9786,#7717,#7718);
#6563=AXIS2_PLACEMENT_3D('',#9855,#7719,#7720);
#6564=AXIS2_PLACEMENT_3D('',#9857,#7721,#7722);
#6565=AXIS2_PLACEMENT_3D('',#9859,#7723,#7724);
#6566=AXIS2_PLACEMENT_3D('',#9873,#7725,#7726);
#6567=AXIS2_PLACEMENT_3D('',#9876,#7727,#7728);
#6568=AXIS2_PLACEMENT_3D('',#9904,#7731,#7732);
#6569=AXIS2_PLACEMENT_3D('',#9905,#7733,#7734);
#6570=AXIS2_PLACEMENT_3D('',#9916,#7735,#7736);
#6571=AXIS2_PLACEMENT_3D('',#9919,#7737,#7738);
#6572=AXIS2_PLACEMENT_3D('',#9953,#7741,#7742);
#6573=AXIS2_PLACEMENT_3D('',#9954,#7743,#7744);
#6574=AXIS2_PLACEMENT_3D('',#9955,#7745,#7746);
#6575=AXIS2_PLACEMENT_3D('',#10003,#7749,#7750);
#6576=AXIS2_PLACEMENT_3D('',#10007,#7752,#7753);
#6577=AXIS2_PLACEMENT_3D('',#10009,#7755,#7756);
#6578=AXIS2_PLACEMENT_3D('',#10013,#7759,#7760);
#6579=AXIS2_PLACEMENT_3D('',#10016,#7762,#7763);
#6580=AXIS2_PLACEMENT_3D('',#10017,#7764,#7765);
#6581=AXIS2_PLACEMENT_3D('',#10021,#7768,#7769);
#6582=AXIS2_PLACEMENT_3D('',#10024,#7771,#7772);
#6583=AXIS2_PLACEMENT_3D('',#10025,#7773,#7774);
#6584=AXIS2_PLACEMENT_3D('',#10029,#7777,#7778);
#6585=AXIS2_PLACEMENT_3D('',#10032,#7780,#7781);
#6586=AXIS2_PLACEMENT_3D('',#10063,#7782,#7783);
#6587=AXIS2_PLACEMENT_3D('',#10064,#7784,#7785);
#6588=AXIS2_PLACEMENT_3D('',#10065,#7786,#7787);
#6589=AXIS2_PLACEMENT_3D('',#10066,#7788,#7789);
#6590=AXIS2_PLACEMENT_3D('',#10067,#7790,#7791);
#6591=AXIS2_PLACEMENT_3D('',#10068,#7792,#7793);
#6592=AXIS2_PLACEMENT_3D('',#10069,#7794,#7795);
#6593=AXIS2_PLACEMENT_3D('',#10070,#7796,#7797);
#6594=AXIS2_PLACEMENT_3D('',#10071,#7798,#7799);
#6595=AXIS2_PLACEMENT_3D('',#10072,#7800,#7801);
#6596=AXIS2_PLACEMENT_3D('',#10073,#7802,#7803);
#6597=AXIS2_PLACEMENT_3D('',#10074,#7804,#7805);
#6598=AXIS2_PLACEMENT_3D('',#10100,#7806,#7807);
#6599=AXIS2_PLACEMENT_3D('',#10127,#7808,#7809);
#6600=AXIS2_PLACEMENT_3D('',#10129,#7810,#7811);
#6601=AXIS2_PLACEMENT_3D('',#10131,#7812,#7813);
#6602=AXIS2_PLACEMENT_3D('',#10136,#7814,#7815);
#6603=AXIS2_PLACEMENT_3D('',#10139,#7816,#7817);
#6604=AXIS2_PLACEMENT_3D('',#10174,#7820,#7821);
#6605=AXIS2_PLACEMENT_3D('',#10175,#7822,#7823);
#6606=AXIS2_PLACEMENT_3D('',#10176,#7824,#7825);
#6607=AXIS2_PLACEMENT_3D('',#10177,#7826,#7827);
#6608=AXIS2_PLACEMENT_3D('',#10180,#7828,#7829);
#6609=AXIS2_PLACEMENT_3D('',#10215,#7832,#7833);
#6610=AXIS2_PLACEMENT_3D('',#10216,#7834,#7835);
#6611=AXIS2_PLACEMENT_3D('',#10217,#7836,#7837);
#6612=AXIS2_PLACEMENT_3D('',#10218,#7838,#7839);
#6613=AXIS2_PLACEMENT_3D('',#10221,#7840,#7841);
#6614=AXIS2_PLACEMENT_3D('',#10250,#7844,#7845);
#6615=AXIS2_PLACEMENT_3D('',#10252,#7846,#7847);
#6616=AXIS2_PLACEMENT_3D('',#10301,#7848,#7849);
#6617=AXIS2_PLACEMENT_3D('',#10304,#7852,#7853);
#6618=AXIS2_PLACEMENT_3D('',#10306,#7855,#7856);
#6619=AXIS2_PLACEMENT_3D('',#10309,#7859,#7860);
#6620=AXIS2_PLACEMENT_3D('',#10311,#7862,#7863);
#6621=AXIS2_PLACEMENT_3D('',#10342,#7880,#7881);
#6622=AXIS2_PLACEMENT_3D('',#10344,#7883,#7884);
#6623=AXIS2_PLACEMENT_3D('',#10346,#7886,#7887);
#6624=AXIS2_PLACEMENT_3D('',#10348,#7888,#7889);
#6625=AXIS2_PLACEMENT_3D('',#10350,#7891,#7892);
#6626=AXIS2_PLACEMENT_3D('',#10351,#7893,#7894);
#6627=AXIS2_PLACEMENT_3D('',#10360,#7899,#7900);
#6628=AXIS2_PLACEMENT_3D('',#10366,#7903,#7904);
#6629=AXIS2_PLACEMENT_3D('',#10372,#7907,#7908);
#6630=AXIS2_PLACEMENT_3D('',#10375,#7910,#7911);
#6631=AXIS2_PLACEMENT_3D('',#10377,#7912,#7913);
#6632=AXIS2_PLACEMENT_3D('',#10381,#7915,#7916);
#6633=AXIS2_PLACEMENT_3D('',#10388,#7920,#7921);
#6634=AXIS2_PLACEMENT_3D('',#10389,#7922,#7923);
#6635=AXIS2_PLACEMENT_3D('',#10406,#7933,#7934);
#6636=AXIS2_PLACEMENT_3D('',#10412,#7938,#7939);
#6637=AXIS2_PLACEMENT_3D('',#10417,#7942,#7943);
#6638=AXIS2_PLACEMENT_3D('',#10418,#7944,#7945);
#6639=AXIS2_PLACEMENT_3D('',#10424,#7949,#7950);
#6640=AXIS2_PLACEMENT_3D('',#10443,#7961,#7962);
#6641=AXIS2_PLACEMENT_3D('',#10446,#7965,#7966);
#6642=AXIS2_PLACEMENT_3D('',#10449,#7968,#7969);
#6643=AXIS2_PLACEMENT_3D('',#10450,#7970,#7971);
#6644=AXIS2_PLACEMENT_3D('',#10452,#7973,#7974);
#6645=AXIS2_PLACEMENT_3D('',#10454,#7976,#7977);
#6646=AXIS2_PLACEMENT_3D('',#10460,#7981,#7982);
#6647=AXIS2_PLACEMENT_3D('',#10465,#7985,#7986);
#6648=AXIS2_PLACEMENT_3D('',#10466,#7987,#7988);
#6649=AXIS2_PLACEMENT_3D('',#10472,#7992,#7993);
#6650=AXIS2_PLACEMENT_3D('',#10478,#7996,#7997);
#6651=AXIS2_PLACEMENT_3D('',#10481,#7999,#8000);
#6652=AXIS2_PLACEMENT_3D('',#10482,#8001,#8002);
#6653=AXIS2_PLACEMENT_3D('',#10494,#8010,#8011);
#6654=AXIS2_PLACEMENT_3D('',#10496,#8013,#8014);
#6655=AXIS2_PLACEMENT_3D('',#10498,#8016,#8017);
#6656=AXIS2_PLACEMENT_3D('',#10507,#8022,#8023);
#6657=AXIS2_PLACEMENT_3D('',#10514,#8027,#8028);
#6658=AXIS2_PLACEMENT_3D('',#10515,#8029,#8030);
#6659=AXIS2_PLACEMENT_3D('',#10529,#8039,#8040);
#6660=AXIS2_PLACEMENT_3D('',#10533,#8043,#8044);
#6661=AXIS2_PLACEMENT_3D('',#10537,#8047,#8048);
#6662=AXIS2_PLACEMENT_3D('',#10541,#8051,#8052);
#6663=AXIS2_PLACEMENT_3D('',#10545,#8055,#8056);
#6664=AXIS2_PLACEMENT_3D('',#10549,#8059,#8060);
#6665=AXIS2_PLACEMENT_3D('',#10552,#8062,#8063);
#6666=AXIS2_PLACEMENT_3D('',#10553,#8064,#8065);
#6667=AXIS2_PLACEMENT_3D('',#10556,#8067,#8068);
#6668=AXIS2_PLACEMENT_3D('',#10557,#8069,#8070);
#6669=AXIS2_PLACEMENT_3D('',#10560,#8072,#8073);
#6670=AXIS2_PLACEMENT_3D('',#10561,#8074,#8075);
#6671=AXIS2_PLACEMENT_3D('',#10564,#8077,#8078);
#6672=AXIS2_PLACEMENT_3D('',#10565,#8079,#8080);
#6673=AXIS2_PLACEMENT_3D('',#10567,#8082,#8083);
#6674=AXIS2_PLACEMENT_3D('',#10569,#8084,#8085);
#6675=AXIS2_PLACEMENT_3D('',#10571,#8087,#8088);
#6676=AXIS2_PLACEMENT_3D('',#10572,#8089,#8090);
#6677=AXIS2_PLACEMENT_3D('',#10574,#8091,#8092);
#6678=AXIS2_PLACEMENT_3D('',#10597,#8094,#8095);
#6679=AXIS2_PLACEMENT_3D('',#10598,#8096,#8097);
#6680=AXIS2_PLACEMENT_3D('',#10625,#8098,#8099);
#6681=AXIS2_PLACEMENT_3D('',#10631,#8100,#8101);
#6682=AXIS2_PLACEMENT_3D('',#10634,#8103,#8104);
#6683=AXIS2_PLACEMENT_3D('',#10635,#8105,#8106);
#6684=AXIS2_PLACEMENT_3D('',#10637,#8107,#8108);
#6685=AXIS2_PLACEMENT_3D('',#10638,#8109,#8110);
#6686=AXIS2_PLACEMENT_3D('',#10639,#8111,#8112);
#6687=AXIS2_PLACEMENT_3D('',#10643,#8114,#8115);
#6688=AXIS2_PLACEMENT_3D('',#10645,#8117,#8118);
#6689=AXIS2_PLACEMENT_3D('',#10647,#8119,#8120);
#6690=AXIS2_PLACEMENT_3D('',#10649,#8121,#8122);
#6691=AXIS2_PLACEMENT_3D('',#10651,#8123,#8124);
#6692=AXIS2_PLACEMENT_3D('',#10652,#8125,#8126);
#6693=AXIS2_PLACEMENT_3D('',#10653,#8127,#8128);
#6694=AXIS2_PLACEMENT_3D('',#10656,#8131,#8132);
#6695=AXIS2_PLACEMENT_3D('',#10657,#8133,#8134);
#6696=AXIS2_PLACEMENT_3D('',#10677,#8145,#8146);
#6697=AXIS2_PLACEMENT_3D('',#10679,#8147,#8148);
#6698=AXIS2_PLACEMENT_3D('',#10681,#8149,#8150);
#6699=AXIS2_PLACEMENT_3D('',#10682,#8151,#8152);
#6700=AXIS2_PLACEMENT_3D('',#10683,#8153,#8154);
#6701=AXIS2_PLACEMENT_3D('',#10685,#8155,#8156);
#6702=AXIS2_PLACEMENT_3D('',#10713,#8158,#8159);
#6703=AXIS2_PLACEMENT_3D('',#10740,#8160,#8161);
#6704=AXIS2_PLACEMENT_3D('',#10741,#8162,#8163);
#6705=AXIS2_PLACEMENT_3D('',#10742,#8164,#8165);
#6706=AXIS2_PLACEMENT_3D('',#10744,#8167,#8168);
#6707=AXIS2_PLACEMENT_3D('',#10745,#8169,#8170);
#6708=AXIS2_PLACEMENT_3D('',#10747,#8172,#8173);
#6709=AXIS2_PLACEMENT_3D('',#10749,#8174,#8175);
#6710=AXIS2_PLACEMENT_3D('',#10751,#8176,#8177);
#6711=AXIS2_PLACEMENT_3D('',#10752,#8178,#8179);
#6712=AXIS2_PLACEMENT_3D('',#10753,#8180,#8181);
#6713=AXIS2_PLACEMENT_3D('',#10767,#8189,#8190);
#6714=AXIS2_PLACEMENT_3D('',#10768,#8191,#8192);
#6715=AXIS2_PLACEMENT_3D('',#10771,#8194,#8195);
#6716=AXIS2_PLACEMENT_3D('',#10772,#8196,#8197);
#6717=AXIS2_PLACEMENT_3D('',#10774,#8198,#8199);
#6718=AXIS2_PLACEMENT_3D('',#10776,#8201,#8202);
#6719=AXIS2_PLACEMENT_3D('',#10781,#8204,#8205);
#6720=AXIS2_PLACEMENT_3D('',#10784,#8207,#8208);
#6721=AXIS2_PLACEMENT_3D('',#10785,#8209,#8210);
#6722=AXIS2_PLACEMENT_3D('',#10787,#8212,#8213);
#6723=AXIS2_PLACEMENT_3D('',#10788,#8214,#8215);
#6724=AXIS2_PLACEMENT_3D('',#10790,#8217,#8218);
#6725=AXIS2_PLACEMENT_3D('',#10791,#8219,#8220);
#6726=AXIS2_PLACEMENT_3D('',#10793,#8221,#8222);
#6727=AXIS2_PLACEMENT_3D('',#10804,#8228,#8229);
#6728=AXIS2_PLACEMENT_3D('',#10805,#8230,#8231);
#6729=AXIS2_PLACEMENT_3D('',#10808,#8232,#8233);
#6730=AXIS2_PLACEMENT_3D('',#10809,#8234,#8235);
#6731=AXIS2_PLACEMENT_3D('',#10810,#8236,#8237);
#6732=AXIS2_PLACEMENT_3D('',#10811,#8238,#8239);
#6733=AXIS2_PLACEMENT_3D('',#10813,#8240,#8241);
#6734=AXIS2_PLACEMENT_3D('',#10815,#8242,#8243);
#6735=AXIS2_PLACEMENT_3D('',#10816,#8244,#8245);
#6736=AXIS2_PLACEMENT_3D('',#10817,#8246,#8247);
#6737=AXIS2_PLACEMENT_3D('',#10820,#8248,#8249);
#6738=AXIS2_PLACEMENT_3D('',#10821,#8250,#8251);
#6739=AXIS2_PLACEMENT_3D('',#10822,#8252,#8253);
#6740=AXIS2_PLACEMENT_3D('',#10823,#8254,#8255);
#6741=AXIS2_PLACEMENT_3D('',#10827,#8257,#8258);
#6742=AXIS2_PLACEMENT_3D('',#10828,#8259,#8260);
#6743=AXIS2_PLACEMENT_3D('',#10829,#8261,#8262);
#6744=AXIS2_PLACEMENT_3D('',#10831,#8264,#8265);
#6745=AXIS2_PLACEMENT_3D('',#10833,#8266,#8267);
#6746=AXIS2_PLACEMENT_3D('',#10835,#8268,#8269);
#6747=AXIS2_PLACEMENT_3D('',#10836,#8270,#8271);
#6748=AXIS2_PLACEMENT_3D('',#10837,#8272,#8273);
#6749=AXIS2_PLACEMENT_3D('',#10839,#8274,#8275);
#6750=AXIS2_PLACEMENT_3D('',#10841,#8276,#8277);
#6751=AXIS2_PLACEMENT_3D('',#10842,#8278,#8279);
#6752=AXIS2_PLACEMENT_3D('',#10843,#8280,#8281);
#6753=AXIS2_PLACEMENT_3D('',#10846,#8282,#8283);
#6754=AXIS2_PLACEMENT_3D('',#10849,#8286,#8287);
#6755=AXIS2_PLACEMENT_3D('',#10852,#8288,#8289);
#6756=AXIS2_PLACEMENT_3D('',#10853,#8290,#8291);
#6757=AXIS2_PLACEMENT_3D('',#10854,#8292,#8293);
#6758=AXIS2_PLACEMENT_3D('',#10855,#8294,#8295);
#6759=AXIS2_PLACEMENT_3D('',#10858,#8298,#8299);
#6760=AXIS2_PLACEMENT_3D('',#10860,#8300,#8301);
#6761=AXIS2_PLACEMENT_3D('',#10862,#8302,#8303);
#6762=AXIS2_PLACEMENT_3D('',#10863,#8304,#8305);
#6763=AXIS2_PLACEMENT_3D('',#10864,#8306,#8307);
#6764=AXIS2_PLACEMENT_3D('',#10867,#8308,#8309);
#6765=AXIS2_PLACEMENT_3D('',#10870,#8312,#8313);
#6766=AXIS2_PLACEMENT_3D('',#10873,#8314,#8315);
#6767=AXIS2_PLACEMENT_3D('',#10874,#8316,#8317);
#6768=AXIS2_PLACEMENT_3D('',#10875,#8318,#8319);
#6769=AXIS2_PLACEMENT_3D('',#10876,#8320,#8321);
#6770=AXIS2_PLACEMENT_3D('',#10879,#8324,#8325);
#6771=AXIS2_PLACEMENT_3D('',#10881,#8327,#8328);
#6772=AXIS2_PLACEMENT_3D('',#10883,#8329,#8330);
#6773=AXIS2_PLACEMENT_3D('',#10885,#8331,#8332);
#6774=AXIS2_PLACEMENT_3D('',#10886,#8333,#8334);
#6775=AXIS2_PLACEMENT_3D('',#10887,#8335,#8336);
#6776=AXIS2_PLACEMENT_3D('',#10889,#8338,#8339);
#6777=AXIS2_PLACEMENT_3D('',#10892,#8340,#8341);
#6778=AXIS2_PLACEMENT_3D('',#10893,#8342,#8343);
#6779=AXIS2_PLACEMENT_3D('',#10894,#8344,#8345);
#6780=AXIS2_PLACEMENT_3D('',#10895,#8346,#8347);
#6781=AXIS2_PLACEMENT_3D('',#10897,#8349,#8350);
#6782=AXIS2_PLACEMENT_3D('',#10900,#8352,#8353);
#6783=AXIS2_PLACEMENT_3D('',#10901,#8354,#8355);
#6784=AXIS2_PLACEMENT_3D('',#10905,#8357,#8358);
#6785=AXIS2_PLACEMENT_3D('',#10908,#8360,#8361);
#6786=AXIS2_PLACEMENT_3D('',#10909,#8362,#8363);
#6787=AXIS2_PLACEMENT_3D('',#10911,#8364,#8365);
#6788=AXIS2_PLACEMENT_3D('',#10913,#8366,#8367);
#6789=AXIS2_PLACEMENT_3D('',#10914,#8368,#8369);
#6790=AXIS2_PLACEMENT_3D('',#10915,#8370,#8371);
#6791=AXIS2_PLACEMENT_3D('',#10918,#8372,#8373);
#6792=AXIS2_PLACEMENT_3D('',#10921,#8376,#8377);
#6793=AXIS2_PLACEMENT_3D('',#10924,#8378,#8379);
#6794=AXIS2_PLACEMENT_3D('',#10925,#8380,#8381);
#6795=AXIS2_PLACEMENT_3D('',#10926,#8382,#8383);
#6796=AXIS2_PLACEMENT_3D('',#10927,#8384,#8385);
#6797=AXIS2_PLACEMENT_3D('',#10930,#8388,#8389);
#6798=AXIS2_PLACEMENT_3D('',#10933,#8391,#8392);
#6799=AXIS2_PLACEMENT_3D('',#10934,#8393,#8394);
#6800=AXIS2_PLACEMENT_3D('',#10936,#8395,#8396);
#6801=AXIS2_PLACEMENT_3D('',#10938,#8397,#8398);
#6802=AXIS2_PLACEMENT_3D('',#10939,#8399,#8400);
#6803=AXIS2_PLACEMENT_3D('',#10940,#8401,#8402);
#6804=AXIS2_PLACEMENT_3D('',#10942,#8404,#8405);
#6805=AXIS2_PLACEMENT_3D('',#10945,#8406,#8407);
#6806=AXIS2_PLACEMENT_3D('',#10946,#8408,#8409);
#6807=AXIS2_PLACEMENT_3D('',#10947,#8410,#8411);
#6808=AXIS2_PLACEMENT_3D('',#10948,#8412,#8413);
#6809=AXIS2_PLACEMENT_3D('',#10950,#8415,#8416);
#6810=AXIS2_PLACEMENT_3D('',#10952,#8418,#8419);
#6811=AXIS2_PLACEMENT_3D('',#10955,#8421,#8422);
#6812=AXIS2_PLACEMENT_3D('',#10956,#8423,#8424);
#6813=AXIS2_PLACEMENT_3D('',#10958,#8426,#8427);
#6814=AXIS2_PLACEMENT_3D('',#10961,#8428,#8429);
#6815=AXIS2_PLACEMENT_3D('',#10964,#8432,#8433);
#6816=AXIS2_PLACEMENT_3D('',#10967,#8434,#8435);
#6817=AXIS2_PLACEMENT_3D('',#10968,#8436,#8437);
#6818=AXIS2_PLACEMENT_3D('',#10969,#8438,#8439);
#6819=AXIS2_PLACEMENT_3D('',#10970,#8440,#8441);
#6820=AXIS2_PLACEMENT_3D('',#10973,#8444,#8445);
#6821=AXIS2_PLACEMENT_3D('',#10976,#8446,#8447);
#6822=AXIS2_PLACEMENT_3D('',#10977,#8448,#8449);
#6823=AXIS2_PLACEMENT_3D('',#10978,#8450,#8451);
#6824=AXIS2_PLACEMENT_3D('',#10979,#8452,#8453);
#6825=AXIS2_PLACEMENT_3D('',#10982,#8456,#8457);
#6826=AXIS2_PLACEMENT_3D('',#10984,#8459,#8460);
#6827=AXIS2_PLACEMENT_3D('',#10987,#8462,#8463);
#6828=AXIS2_PLACEMENT_3D('',#10988,#8464,#8465);
#6829=AXIS2_PLACEMENT_3D('',#10991,#8467,#8468);
#6830=AXIS2_PLACEMENT_3D('',#10992,#8469,#8470);
#6831=AXIS2_PLACEMENT_3D('',#10995,#8472,#8473);
#6832=AXIS2_PLACEMENT_3D('',#10996,#8474,#8475);
#6833=AXIS2_PLACEMENT_3D('',#10998,#8477,#8478);
#6834=AXIS2_PLACEMENT_3D('',#11000,#8480,#8481);
#6835=AXIS2_PLACEMENT_3D('',#11003,#8483,#8484);
#6836=AXIS2_PLACEMENT_3D('',#11004,#8485,#8486);
#6837=AXIS2_PLACEMENT_3D('',#11007,#8487,#8488);
#6838=AXIS2_PLACEMENT_3D('',#11010,#8491,#8492);
#6839=AXIS2_PLACEMENT_3D('',#11013,#8493,#8494);
#6840=AXIS2_PLACEMENT_3D('',#11014,#8495,#8496);
#6841=AXIS2_PLACEMENT_3D('',#11015,#8497,#8498);
#6842=AXIS2_PLACEMENT_3D('',#11016,#8499,#8500);
#6843=AXIS2_PLACEMENT_3D('',#11019,#8503,#8504);
#6844=AXIS2_PLACEMENT_3D('',#11022,#8506,#8507);
#6845=AXIS2_PLACEMENT_3D('',#11023,#8508,#8509);
#6846=AXIS2_PLACEMENT_3D('',#11025,#8511,#8512);
#6847=AXIS2_PLACEMENT_3D('',#11027,#8513,#8514);
#6848=AXIS2_PLACEMENT_3D('',#11029,#8516,#8517);
#6849=AXIS2_PLACEMENT_3D('',#11031,#8519,#8520);
#6850=AXIS2_PLACEMENT_3D('',#11035,#8523,#8524);
#6851=AXIS2_PLACEMENT_3D('',#11038,#8526,#8527);
#6852=AXIS2_PLACEMENT_3D('',#11039,#8528,#8529);
#6853=AXIS2_PLACEMENT_3D('',#11043,#8532,#8533);
#6854=AXIS2_PLACEMENT_3D('',#11046,#8535,#8536);
#6855=AXIS2_PLACEMENT_3D('',#11047,#8537,#8538);
#6856=AXIS2_PLACEMENT_3D('',#11051,#8540,#8541);
#6857=AXIS2_PLACEMENT_3D('',#11053,#8543,#8544);
#6858=AXIS2_PLACEMENT_3D('',#11055,#8546,#8547);
#6859=AXIS2_PLACEMENT_3D('',#11059,#8549,#8550);
#6860=AXIS2_PLACEMENT_3D('',#11061,#8552,#8553);
#6861=AXIS2_PLACEMENT_3D('',#11063,#8555,#8556);
#6862=AXIS2_PLACEMENT_3D('',#11067,#8558,#8559);
#6863=AXIS2_PLACEMENT_3D('',#11070,#8561,#8562);
#6864=AXIS2_PLACEMENT_3D('',#11071,#8563,#8564);
#6865=AXIS2_PLACEMENT_3D('',#11073,#8566,#8567);
#6866=AXIS2_PLACEMENT_3D('',#11075,#8569,#8570);
#6867=AXIS2_PLACEMENT_3D('',#11076,#8571,#8572);
#6868=AXIS2_PLACEMENT_3D('',#11077,#8573,#8574);
#6869=AXIS2_PLACEMENT_3D('',#11080,#8576,#8577);
#6870=AXIS2_PLACEMENT_3D('',#11081,#8578,#8579);
#6871=AXIS2_PLACEMENT_3D('',#11085,#8581,#8582);
#6872=AXIS2_PLACEMENT_3D('',#11087,#8584,#8585);
#6873=AXIS2_PLACEMENT_3D('',#11090,#8586,#8587);
#6874=AXIS2_PLACEMENT_3D('',#11091,#8588,#8589);
#6875=AXIS2_PLACEMENT_3D('',#11092,#8590,#8591);
#6876=AXIS2_PLACEMENT_3D('',#11093,#8592,#8593);
#6877=AXIS2_PLACEMENT_3D('',#11098,#8596,#8597);
#6878=AXIS2_PLACEMENT_3D('',#11099,#8598,#8599);
#6879=AXIS2_PLACEMENT_3D('',#11103,#8601,#8602);
#6880=AXIS2_PLACEMENT_3D('',#11105,#8604,#8605);
#6881=AXIS2_PLACEMENT_3D('',#11108,#8606,#8607);
#6882=AXIS2_PLACEMENT_3D('',#11109,#8608,#8609);
#6883=AXIS2_PLACEMENT_3D('',#11110,#8610,#8611);
#6884=AXIS2_PLACEMENT_3D('',#11111,#8612,#8613);
#6885=AXIS2_PLACEMENT_3D('',#11114,#8614,#8615);
#6886=AXIS2_PLACEMENT_3D('',#11117,#8618,#8619);
#6887=AXIS2_PLACEMENT_3D('',#11120,#8620,#8621);
#6888=AXIS2_PLACEMENT_3D('',#11121,#8622,#8623);
#6889=AXIS2_PLACEMENT_3D('',#11122,#8624,#8625);
#6890=AXIS2_PLACEMENT_3D('',#11123,#8626,#8627);
#6891=AXIS2_PLACEMENT_3D('',#11128,#8630,#8631);
#6892=AXIS2_PLACEMENT_3D('',#11129,#8632,#8633);
#6893=AXIS2_PLACEMENT_3D('',#11133,#8635,#8636);
#6894=AXIS2_PLACEMENT_3D('',#11135,#8638,#8639);
#6895=AXIS2_PLACEMENT_3D('',#11138,#8640,#8641);
#6896=AXIS2_PLACEMENT_3D('',#11139,#8642,#8643);
#6897=AXIS2_PLACEMENT_3D('',#11140,#8644,#8645);
#6898=AXIS2_PLACEMENT_3D('',#11141,#8646,#8647);
#6899=AXIS2_PLACEMENT_3D('',#11145,#8650,#8651);
#6900=AXIS2_PLACEMENT_3D('',#11146,#8652,#8653);
#6901=AXIS2_PLACEMENT_3D('',#11149,#8655,#8656);
#6902=AXIS2_PLACEMENT_3D('',#11150,#8657,#8658);
#6903=AXIS2_PLACEMENT_3D('',#11154,#8660,#8661);
#6904=AXIS2_PLACEMENT_3D('',#11156,#8663,#8664);
#6905=AXIS2_PLACEMENT_3D('',#11159,#8665,#8666);
#6906=AXIS2_PLACEMENT_3D('',#11160,#8667,#8668);
#6907=AXIS2_PLACEMENT_3D('',#11161,#8669,#8670);
#6908=AXIS2_PLACEMENT_3D('',#11162,#8671,#8672);
#6909=AXIS2_PLACEMENT_3D('',#11166,#8675,#8676);
#6910=AXIS2_PLACEMENT_3D('',#11167,#8677,#8678);
#6911=AXIS2_PLACEMENT_3D('',#11170,#8680,#8681);
#6912=AXIS2_PLACEMENT_3D('',#11171,#8682,#8683);
#6913=AXIS2_PLACEMENT_3D('',#11175,#8685,#8686);
#6914=AXIS2_PLACEMENT_3D('',#11177,#8688,#8689);
#6915=AXIS2_PLACEMENT_3D('',#11180,#8690,#8691);
#6916=AXIS2_PLACEMENT_3D('',#11181,#8692,#8693);
#6917=AXIS2_PLACEMENT_3D('',#11182,#8694,#8695);
#6918=AXIS2_PLACEMENT_3D('',#11183,#8696,#8697);
#6919=AXIS2_PLACEMENT_3D('',#11188,#8700,#8701);
#6920=AXIS2_PLACEMENT_3D('',#11189,#8702,#8703);
#6921=AXIS2_PLACEMENT_3D('',#11193,#8705,#8706);
#6922=AXIS2_PLACEMENT_3D('',#11195,#8708,#8709);
#6923=AXIS2_PLACEMENT_3D('',#11198,#8710,#8711);
#6924=AXIS2_PLACEMENT_3D('',#11199,#8712,#8713);
#6925=AXIS2_PLACEMENT_3D('',#11200,#8714,#8715);
#6926=AXIS2_PLACEMENT_3D('',#11201,#8716,#8717);
#6927=AXIS2_PLACEMENT_3D('',#11204,#8718,#8719);
#6928=AXIS2_PLACEMENT_3D('',#11207,#8722,#8723);
#6929=AXIS2_PLACEMENT_3D('',#11210,#8724,#8725);
#6930=AXIS2_PLACEMENT_3D('',#11211,#8726,#8727);
#6931=AXIS2_PLACEMENT_3D('',#11212,#8728,#8729);
#6932=AXIS2_PLACEMENT_3D('',#11213,#8730,#8731);
#6933=AXIS2_PLACEMENT_3D('',#11218,#8734,#8735);
#6934=AXIS2_PLACEMENT_3D('',#11219,#8736,#8737);
#6935=AXIS2_PLACEMENT_3D('',#11223,#8739,#8740);
#6936=AXIS2_PLACEMENT_3D('',#11225,#8742,#8743);
#6937=AXIS2_PLACEMENT_3D('',#11228,#8744,#8745);
#6938=AXIS2_PLACEMENT_3D('',#11229,#8746,#8747);
#6939=AXIS2_PLACEMENT_3D('',#11230,#8748,#8749);
#6940=AXIS2_PLACEMENT_3D('',#11231,#8750,#8751);
#6941=AXIS2_PLACEMENT_3D('',#11235,#8754,#8755);
#6942=AXIS2_PLACEMENT_3D('',#11236,#8756,#8757);
#6943=AXIS2_PLACEMENT_3D('',#11239,#8759,#8760);
#6944=AXIS2_PLACEMENT_3D('',#11240,#8761,#8762);
#6945=AXIS2_PLACEMENT_3D('',#11244,#8764,#8765);
#6946=AXIS2_PLACEMENT_3D('',#11246,#8767,#8768);
#6947=AXIS2_PLACEMENT_3D('',#11249,#8769,#8770);
#6948=AXIS2_PLACEMENT_3D('',#11250,#8771,#8772);
#6949=AXIS2_PLACEMENT_3D('',#11251,#8773,#8774);
#6950=AXIS2_PLACEMENT_3D('',#11252,#8775,#8776);
#6951=AXIS2_PLACEMENT_3D('',#11257,#8779,#8780);
#6952=AXIS2_PLACEMENT_3D('',#11258,#8781,#8782);
#6953=AXIS2_PLACEMENT_3D('',#11261,#8785,#8786);
#6954=AXIS2_PLACEMENT_3D('',#11263,#8788,#8789);
#6955=AXIS2_PLACEMENT_3D('',#11265,#8791,#8792);
#6956=AXIS2_PLACEMENT_3D('',#11267,#8794,#8795);
#6957=AXIS2_PLACEMENT_3D('',#11269,#8797,#8798);
#6958=AXIS2_PLACEMENT_3D('',#11271,#8800,#8801);
#6959=AXIS2_PLACEMENT_3D('',#11273,#8803,#8804);
#6960=AXIS2_PLACEMENT_3D('',#11275,#8806,#8807);
#6961=AXIS2_PLACEMENT_3D('',#11277,#8809,#8810);
#6962=AXIS2_PLACEMENT_3D('',#11279,#8812,#8813);
#6963=AXIS2_PLACEMENT_3D('',#11281,#8815,#8816);
#6964=AXIS2_PLACEMENT_3D('',#11282,#8817,#8818);
#6965=AXIS2_PLACEMENT_3D('',#11284,#8820,#8821);
#6966=AXIS2_PLACEMENT_3D('',#11286,#8823,#8824);
#6967=AXIS2_PLACEMENT_3D('',#11287,#8825,#8826);
#6968=AXIS2_PLACEMENT_3D('',#11289,#8828,#8829);
#6969=AXIS2_PLACEMENT_3D('',#11291,#8831,#8832);
#6970=AXIS2_PLACEMENT_3D('',#11293,#8834,#8835);
#6971=AXIS2_PLACEMENT_3D('',#11295,#8837,#8838);
#6972=AXIS2_PLACEMENT_3D('',#11297,#8840,#8841);
#6973=AXIS2_PLACEMENT_3D('',#11299,#8843,#8844);
#6974=AXIS2_PLACEMENT_3D('',#11301,#8846,#8847);
#6975=AXIS2_PLACEMENT_3D('',#11303,#8849,#8850);
#6976=AXIS2_PLACEMENT_3D('',#11305,#8852,#8853);
#6977=AXIS2_PLACEMENT_3D('',#11307,#8855,#8856);
#6978=AXIS2_PLACEMENT_3D('',#11308,#8857,#8858);
#6979=AXIS2_PLACEMENT_3D('',#11310,#8860,#8861);
#6980=AXIS2_PLACEMENT_3D('',#11312,#8863,#8864);
#6981=AXIS2_PLACEMENT_3D('',#11314,#8866,#8867);
#6982=AXIS2_PLACEMENT_3D('',#11315,#8868,#8869);
#6983=AXIS2_PLACEMENT_3D('',#11316,#8870,#8871);
#6984=AXIS2_PLACEMENT_3D('',#11318,#8872,#8873);
#6985=AXIS2_PLACEMENT_3D('',#11321,#8875,#8876);
#6986=AXIS2_PLACEMENT_3D('',#11323,#8878,#8879);
#6987=AXIS2_PLACEMENT_3D('',#11325,#8880,#8881);
#6988=AXIS2_PLACEMENT_3D('',#11328,#8883,#8884);
#6989=AXIS2_PLACEMENT_3D('',#11330,#8886,#8887);
#6990=AXIS2_PLACEMENT_3D('',#11332,#8888,#8889);
#6991=AXIS2_PLACEMENT_3D('',#11335,#8891,#8892);
#6992=AXIS2_PLACEMENT_3D('',#11337,#8894,#8895);
#6993=AXIS2_PLACEMENT_3D('',#11339,#8896,#8897);
#6994=AXIS2_PLACEMENT_3D('',#11342,#8899,#8900);
#6995=AXIS2_PLACEMENT_3D('',#11344,#8902,#8903);
#6996=AXIS2_PLACEMENT_3D('',#11346,#8904,#8905);
#6997=AXIS2_PLACEMENT_3D('',#11349,#8907,#8908);
#6998=AXIS2_PLACEMENT_3D('',#11351,#8910,#8911);
#6999=AXIS2_PLACEMENT_3D('',#11353,#8912,#8913);
#7000=AXIS2_PLACEMENT_3D('',#11356,#8915,#8916);
#7001=AXIS2_PLACEMENT_3D('',#11358,#8918,#8919);
#7002=AXIS2_PLACEMENT_3D('',#11359,#8920,#8921);
#7003=AXIS2_PLACEMENT_3D('',#11361,#8923,#8924);
#7004=AXIS2_PLACEMENT_3D('',#11362,#8925,#8926);
#7005=AXIS2_PLACEMENT_3D('',#11363,#8927,#8928);
#7006=AXIS2_PLACEMENT_3D('',#11365,#8930,#8931);
#7007=AXIS2_PLACEMENT_3D('',#11366,#8932,#8933);
#7008=AXIS2_PLACEMENT_3D('',#11367,#8934,#8935);
#7009=AXIS2_PLACEMENT_3D('',#11369,#8937,#8938);
#7010=AXIS2_PLACEMENT_3D('',#11370,#8939,#8940);
#7011=AXIS2_PLACEMENT_3D('',#11371,#8941,#8942);
#7012=AXIS2_PLACEMENT_3D('',#11372,#8943,#8944);
#7013=AXIS2_PLACEMENT_3D('',#11374,#8946,#8947);
#7014=AXIS2_PLACEMENT_3D('',#11376,#8948,#8949);
#7015=AXIS2_PLACEMENT_3D('',#11379,#8951,#8952);
#7016=AXIS2_PLACEMENT_3D('',#11381,#8954,#8955);
#7017=AXIS2_PLACEMENT_3D('',#11383,#8956,#8957);
#7018=AXIS2_PLACEMENT_3D('',#11386,#8959,#8960);
#7019=AXIS2_PLACEMENT_3D('',#11388,#8961,#8962);
#7020=AXIS2_PLACEMENT_3D('',#11390,#8964,#8965);
#7021=AXIS2_PLACEMENT_3D('',#11392,#8966,#8967);
#7022=AXIS2_PLACEMENT_3D('',#11395,#8969,#8970);
#7023=AXIS2_PLACEMENT_3D('',#11397,#8971,#8972);
#7024=AXIS2_PLACEMENT_3D('',#11399,#8974,#8975);
#7025=AXIS2_PLACEMENT_3D('',#11401,#8976,#8977);
#7026=AXIS2_PLACEMENT_3D('',#11404,#8979,#8980);
#7027=AXIS2_PLACEMENT_3D('',#11406,#8981,#8982);
#7028=AXIS2_PLACEMENT_3D('',#11408,#8984,#8985);
#7029=AXIS2_PLACEMENT_3D('',#11410,#8986,#8987);
#7030=AXIS2_PLACEMENT_3D('',#11413,#8989,#8990);
#7031=AXIS2_PLACEMENT_3D('',#11415,#8991,#8992);
#7032=AXIS2_PLACEMENT_3D('',#11417,#8994,#8995);
#7033=AXIS2_PLACEMENT_3D('',#11419,#8996,#8997);
#7034=AXIS2_PLACEMENT_3D('',#11422,#8999,#9000);
#7035=AXIS2_PLACEMENT_3D('',#11424,#9001,#9002);
#7036=AXIS2_PLACEMENT_3D('',#11426,#9004,#9005);
#7037=AXIS2_PLACEMENT_3D('',#11428,#9007,#9008);
#7038=AXIS2_PLACEMENT_3D('',#11429,#9009,#9010);
#7039=AXIS2_PLACEMENT_3D('',#11433,#9013,#9014);
#7040=AXIS2_PLACEMENT_3D('',#11437,#9017,#9018);
#7041=AXIS2_PLACEMENT_3D('',#11438,#9019,#9020);
#7042=AXIS2_PLACEMENT_3D('',#11439,#9021,#9022);
#7043=AXIS2_PLACEMENT_3D('',#11440,#9023,#9024);
#7044=AXIS2_PLACEMENT_3D('',#11442,#9026,#9027);
#7045=AXIS2_PLACEMENT_3D('',#11443,#9028,#9029);
#7046=AXIS2_PLACEMENT_3D('',#11445,#9031,#9032);
#7047=AXIS2_PLACEMENT_3D('',#11446,#9033,#9034);
#7048=AXIS2_PLACEMENT_3D('',#11448,#9036,#9037);
#7049=AXIS2_PLACEMENT_3D('',#11449,#9038,#9039);
#7050=AXIS2_PLACEMENT_3D('',#11451,#9041,#9042);
#7051=DIRECTION('axis',(0.,0.,1.));
#7052=DIRECTION('refdir',(1.,0.,0.));
#7053=DIRECTION('center_axis',(0.,0.,1.));
#7054=DIRECTION('ref_axis',(-1.,0.,0.));
#7055=DIRECTION('center_axis',(0.,1.12649461348663E-15,1.));
#7056=DIRECTION('ref_axis',(-1.,0.,0.));
#7057=DIRECTION('',(-0.707106781186417,-8.65956056235334E-17,-0.707106781186678));
#7058=DIRECTION('center_axis',(0.,-1.12649461348663E-15,-1.));
#7059=DIRECTION('ref_axis',(-1.,0.,0.));
#7060=DIRECTION('center_axis',(0.,-1.12649461348663E-15,-1.));
#7061=DIRECTION('ref_axis',(-1.,0.,0.));
#7062=DIRECTION('center_axis',(0.,1.12649461348663E-15,1.));
#7063=DIRECTION('ref_axis',(0.,-1.,1.12649461348663E-15));
#7064=DIRECTION('',(0.,1.,-1.12649461348663E-15));
#7065=DIRECTION('',(-1.,0.,0.));
#7066=DIRECTION('center_axis',(0.,-1.12649461348663E-15,-1.));
#7067=DIRECTION('ref_axis',(0.707106781186547,-0.707106781186547,0.));
#7068=DIRECTION('',(0.,-1.,1.12649461348663E-15));
#7069=DIRECTION('center_axis',(0.,-1.12649461348663E-15,-1.));
#7070=DIRECTION('ref_axis',(0.707106781186547,0.707106781186547,0.));
#7071=DIRECTION('',(1.,0.,0.));
#7072=DIRECTION('',(0.,1.,-1.12649461348663E-15));
#7073=DIRECTION('',(1.,0.,0.));
#7074=DIRECTION('',(0.,-1.,1.12649461348663E-15));
#7075=DIRECTION('center_axis',(0.,1.12649461348663E-15,1.));
#7076=DIRECTION('ref_axis',(-0.999999999999631,8.59561430032978E-7,0.));
#7077=DIRECTION('',(0.,1.,-1.12649461348663E-15));
#7078=DIRECTION('',(1.,0.,0.));
#7079=DIRECTION('center_axis',(0.,1.12649461348663E-15,1.));
#7080=DIRECTION('ref_axis',(0.707106781186546,0.707106781186549,0.));
#7081=DIRECTION('',(2.30098036191742E-16,-1.,1.12649461348663E-15));
#7082=DIRECTION('center_axis',(0.,1.12649461348663E-15,1.));
#7083=DIRECTION('ref_axis',(0.707106781186546,-0.707106781186549,0.));
#7084=DIRECTION('',(-1.,0.,0.));
#7085=DIRECTION('',(0.,1.,-1.12649461348663E-15));
#7086=DIRECTION('center_axis',(0.,1.12649461348663E-15,1.));
#7087=DIRECTION('ref_axis',(0.999999999999625,8.65918170944399E-7,0.));
#7088=DIRECTION('',(0.,-1.,1.12649461348663E-15));
#7089=DIRECTION('',(-1.,0.,0.));
#7090=DIRECTION('center_axis',(0.,1.12649461348663E-15,1.));
#7091=DIRECTION('ref_axis',(-1.,0.,0.));
#7092=DIRECTION('center_axis',(0.,-1.12649461348663E-15,-1.));
#7093=DIRECTION('ref_axis',(1.,0.,0.));
#7094=DIRECTION('center_axis',(0.,-1.12649461348663E-15,-1.));
#7095=DIRECTION('ref_axis',(1.,0.,0.));
#7096=DIRECTION('center_axis',(0.,0.,-1.));
#7097=DIRECTION('ref_axis',(1.,0.,0.));
#7098=DIRECTION('',(0.,0.,-1.));
#7099=DIRECTION('center_axis',(0.,0.,-1.));
#7100=DIRECTION('ref_axis',(1.,0.,0.));
#7101=DIRECTION('center_axis',(0.,0.,1.));
#7102=DIRECTION('ref_axis',(-1.,0.,0.));
#7103=DIRECTION('',(-0.707106781186546,-8.65956056235491E-17,-0.707106781186549));
#7104=DIRECTION('center_axis',(0.,-1.12649461348663E-15,-1.));
#7105=DIRECTION('ref_axis',(-1.,0.,0.));
#7106=DIRECTION('center_axis',(0.,-1.12649461348663E-15,-1.));
#7107=DIRECTION('ref_axis',(-1.,0.,0.));
#7108=DIRECTION('center_axis',(0.,0.,-1.));
#7109=DIRECTION('ref_axis',(1.,0.,0.));
#7110=DIRECTION('',(0.,0.,-1.));
#7111=DIRECTION('center_axis',(0.,0.,-1.));
#7112=DIRECTION('ref_axis',(1.,0.,0.));
#7113=DIRECTION('center_axis',(0.,0.,1.));
#7114=DIRECTION('ref_axis',(-1.,0.,0.));
#7115=DIRECTION('center_axis',(0.,1.12649461348663E-15,1.));
#7116=DIRECTION('ref_axis',(-1.,0.,0.));
#7117=DIRECTION('',(-0.707106781186417,-8.65956056235334E-17,-0.707106781186678));
#7118=DIRECTION('center_axis',(0.,-1.12649461348663E-15,-1.));
#7119=DIRECTION('ref_axis',(-1.,0.,0.));
#7120=DIRECTION('center_axis',(0.,-1.12649461348663E-15,-1.));
#7121=DIRECTION('ref_axis',(-1.,0.,0.));
#7122=DIRECTION('center_axis',(0.,1.12649461348663E-15,1.));
#7123=DIRECTION('ref_axis',(0.,-1.,1.12649461348663E-15));
#7124=DIRECTION('',(0.,-1.,1.12649461348663E-15));
#7125=DIRECTION('',(-1.,0.,0.));
#7126=DIRECTION('',(0.,1.,-1.12649461348663E-15));
#7127=DIRECTION('center_axis',(0.,1.12649461348663E-15,1.));
#7128=DIRECTION('ref_axis',(0.999999999999327,-1.16036483710424E-6,0.));
#7129=DIRECTION('',(0.,-1.,1.12649461348663E-15));
#7130=DIRECTION('',(-1.,0.,0.));
#7131=DIRECTION('center_axis',(0.,1.12649461348663E-15,1.));
#7132=DIRECTION('ref_axis',(-0.707106781186552,-0.707106781186543,0.));
#7133=DIRECTION('',(0.,1.,-1.12649461348663E-15));
#7134=DIRECTION('center_axis',(0.,1.12649461348663E-15,1.));
#7135=DIRECTION('ref_axis',(-0.707106781186546,0.707106781186549,0.));
#7136=DIRECTION('',(1.,0.,0.));
#7137=DIRECTION('',(8.61533067109119E-13,-1.,1.12649461348663E-15));
#7138=DIRECTION('center_axis',(0.,1.12649461348663E-15,1.));
#7139=DIRECTION('ref_axis',(-1.,0.,0.));
#7140=DIRECTION('',(0.,1.,-1.12649461348663E-15));
#7141=DIRECTION('',(1.,0.,0.));
#7142=DIRECTION('',(0.,-1.,1.12649461348663E-15));
#7143=DIRECTION('',(1.,0.,0.));
#7144=DIRECTION('center_axis',(0.,-1.12649461348663E-15,-1.));
#7145=DIRECTION('ref_axis',(-0.707106781186547,0.707106781186547,0.));
#7146=DIRECTION('',(0.,1.,-1.12649461348663E-15));
#7147=DIRECTION('center_axis',(0.,-1.12649461348663E-15,-1.));
#7148=DIRECTION('ref_axis',(-0.707106781186547,-0.707106781186547,0.));
#7149=DIRECTION('',(-1.,0.,0.));
#7150=DIRECTION('center_axis',(0.,1.12649461348663E-15,1.));
#7151=DIRECTION('ref_axis',(-1.,0.,0.));
#7152=DIRECTION('center_axis',(0.,-1.12649461348663E-15,-1.));
#7153=DIRECTION('ref_axis',(1.,0.,0.));
#7154=DIRECTION('center_axis',(0.,-1.12649461348663E-15,-1.));
#7155=DIRECTION('ref_axis',(1.,0.,0.));
#7156=DIRECTION('center_axis',(0.,0.,-1.));
#7157=DIRECTION('ref_axis',(1.,0.,0.));
#7158=DIRECTION('',(0.,0.,-1.));
#7159=DIRECTION('center_axis',(0.,0.,-1.));
#7160=DIRECTION('ref_axis',(1.,0.,0.));
#7161=DIRECTION('center_axis',(0.,0.,1.));
#7162=DIRECTION('ref_axis',(-1.,0.,0.));
#7163=DIRECTION('',(-0.707106781186546,-8.65956056235491E-17,-0.707106781186549));
#7164=DIRECTION('center_axis',(0.,-1.12649461348663E-15,-1.));
#7165=DIRECTION('ref_axis',(-1.,0.,0.));
#7166=DIRECTION('center_axis',(0.,-1.12649461348663E-15,-1.));
#7167=DIRECTION('ref_axis',(-1.,0.,0.));
#7168=DIRECTION('center_axis',(0.,0.,-1.));
#7169=DIRECTION('ref_axis',(1.,0.,0.));
#7170=DIRECTION('',(0.,0.,-1.));
#7171=DIRECTION('center_axis',(0.,0.,-1.));
#7172=DIRECTION('ref_axis',(1.,0.,0.));
#7173=DIRECTION('center_axis',(0.,0.,1.));
#7174=DIRECTION('ref_axis',(1.,0.,0.));
#7175=DIRECTION('',(0.857167300702112,-1.04972719113862E-16,-0.515038074910054));
#7176=DIRECTION('center_axis',(0.,0.,1.));
#7177=DIRECTION('ref_axis',(1.,0.,0.));
#7178=DIRECTION('',(0.857167300702112,-1.04972719113862E-16,-0.515038074910054));
#7179=DIRECTION('center_axis',(0.,0.,1.));
#7180=DIRECTION('ref_axis',(1.,0.,0.));
#7181=DIRECTION('',(0.857167300702112,-1.04972719113862E-16,-0.515038074910054));
#7182=DIRECTION('center_axis',(0.,0.,1.));
#7183=DIRECTION('ref_axis',(1.,0.,0.));
#7184=DIRECTION('',(0.857167300702112,-1.04972719113862E-16,-0.515038074910054));
#7185=DIRECTION('center_axis',(1.,0.,0.));
#7186=DIRECTION('ref_axis',(0.,-0.615661475325657,0.788010753606723));
#7187=DIRECTION('center_axis',(-1.,0.,0.));
#7188=DIRECTION('ref_axis',(0.,-0.992546151641322,0.121869343405146));
#7189=DIRECTION('',(1.,0.,0.));
#7190=DIRECTION('center_axis',(1.,0.,0.));
#7191=DIRECTION('ref_axis',(0.,0.121869343405141,0.992546151641323));
#7192=DIRECTION('',(-1.,0.,0.));
#7193=DIRECTION('center_axis',(0.,0.121869343405145,0.992546151641323));
#7194=DIRECTION('ref_axis',(1.,0.,0.));
#7195=DIRECTION('center_axis',(-1.,0.,0.));
#7196=DIRECTION('ref_axis',(0.,0.121869343405141,0.992546151641323));
#7197=DIRECTION('center_axis',(0.,-0.121869343405145,-0.992546151641323));
#7198=DIRECTION('ref_axis',(1.,-9.36750677027474E-16,0.));
#7199=DIRECTION('center_axis',(0.,0.121869343405145,0.992546151641323));
#7200=DIRECTION('ref_axis',(1.,-9.22837927766689E-16,1.13310249745377E-16));
#7201=DIRECTION('center_axis',(-1.,0.,0.));
#7202=DIRECTION('ref_axis',(0.,0.788010753606723,0.615661475325657));
#7203=DIRECTION('center_axis',(-1.,0.,0.));
#7204=DIRECTION('ref_axis',(0.,0.121869343405141,0.992546151641323));
#7205=DIRECTION('',(1.,0.,0.));
#7206=DIRECTION('',(-1.,0.,0.));
#7207=DIRECTION('center_axis',(0.,0.121869343405145,0.992546151641323));
#7208=DIRECTION('ref_axis',(-1.,0.,0.));
#7209=DIRECTION('center_axis',(0.,-0.121869343405145,-0.992546151641323));
#7210=DIRECTION('ref_axis',(-1.,-9.36750677027474E-16,0.));
#7211=DIRECTION('center_axis',(0.,0.121869343405145,0.992546151641323));
#7212=DIRECTION('ref_axis',(-1.,-9.22837927766689E-16,1.13310249745377E-16));
#7213=DIRECTION('center_axis',(0.,0.121869343405145,0.992546151641322));
#7214=DIRECTION('ref_axis',(0.,-0.992546151641322,0.121869343405145));
#7215=DIRECTION('',(0.,0.121869343405145,0.992546151641322));
#7216=DIRECTION('center_axis',(0.,-0.121869343405145,-0.992546151641322));
#7217=DIRECTION('ref_axis',(0.,-0.992546151641322,0.121869343405145));
#7218=DIRECTION('',(0.,0.121869343405145,0.992546151641322));
#7219=DIRECTION('center_axis',(0.,-0.992546151641322,0.121869343405145));
#7220=DIRECTION('ref_axis',(1.,0.,0.));
#7221=DIRECTION('',(0.,0.121869343405145,0.992546151641322));
#7222=DIRECTION('',(-1.,0.,0.));
#7223=DIRECTION('center_axis',(0.,-0.121869343405145,-0.992546151641323));
#7224=DIRECTION('ref_axis',(1.,0.,0.));
#7225=DIRECTION('center_axis',(1.,0.,0.));
#7226=DIRECTION('ref_axis',(0.,-0.615661475325657,0.788010753606723));
#7227=DIRECTION('center_axis',(-1.,0.,0.));
#7228=DIRECTION('ref_axis',(0.,-0.992546151641322,0.121869343405146));
#7229=DIRECTION('',(1.,0.,0.));
#7230=DIRECTION('center_axis',(1.,0.,0.));
#7231=DIRECTION('ref_axis',(0.,0.121869343405141,0.992546151641323));
#7232=DIRECTION('',(-1.,0.,0.));
#7233=DIRECTION('center_axis',(0.,0.121869343405145,0.992546151641323));
#7234=DIRECTION('ref_axis',(1.,0.,0.));
#7235=DIRECTION('center_axis',(-1.,0.,0.));
#7236=DIRECTION('ref_axis',(0.,0.121869343405141,0.992546151641323));
#7237=DIRECTION('center_axis',(0.,-0.121869343405145,-0.992546151641323));
#7238=DIRECTION('ref_axis',(1.,-9.36750677027474E-16,0.));
#7239=DIRECTION('center_axis',(0.,0.121869343405145,0.992546151641323));
#7240=DIRECTION('ref_axis',(1.,-9.22837927766689E-16,1.13310249745377E-16));
#7241=DIRECTION('center_axis',(-1.,0.,0.));
#7242=DIRECTION('ref_axis',(0.,0.78801075360672,0.61566147532566));
#7243=DIRECTION('center_axis',(-1.,0.,0.));
#7244=DIRECTION('ref_axis',(0.,0.121869343405141,0.992546151641323));
#7245=DIRECTION('',(1.,0.,0.));
#7246=DIRECTION('',(-1.,0.,0.));
#7247=DIRECTION('center_axis',(0.,0.121869343405145,0.992546151641323));
#7248=DIRECTION('ref_axis',(-1.,0.,0.));
#7249=DIRECTION('center_axis',(0.,-0.121869343405145,-0.992546151641323));
#7250=DIRECTION('ref_axis',(-1.,-9.36750677027474E-16,0.));
#7251=DIRECTION('center_axis',(0.,0.121869343405145,0.992546151641323));
#7252=DIRECTION('ref_axis',(-1.,-9.22837927766689E-16,1.13310249745377E-16));
#7253=DIRECTION('center_axis',(0.,0.121869343405145,0.992546151641322));
#7254=DIRECTION('ref_axis',(0.,-0.992546151641322,0.121869343405145));
#7255=DIRECTION('',(0.,0.121869343405145,0.992546151641322));
#7256=DIRECTION('center_axis',(0.,-0.121869343405145,-0.992546151641322));
#7257=DIRECTION('ref_axis',(0.,-0.992546151641322,0.121869343405145));
#7258=DIRECTION('',(0.,0.121869343405145,0.992546151641322));
#7259=DIRECTION('center_axis',(0.,-0.992546151641322,0.121869343405145));
#7260=DIRECTION('ref_axis',(1.,0.,0.));
#7261=DIRECTION('',(0.,0.121869343405145,0.992546151641322));
#7262=DIRECTION('',(-1.,0.,0.));
#7263=DIRECTION('center_axis',(0.,-0.121869343405145,-0.992546151641323));
#7264=DIRECTION('ref_axis',(1.,0.,0.));
#7265=DIRECTION('center_axis',(-1.,0.,0.));
#7266=DIRECTION('ref_axis',(0.,-0.992546151641322,0.121869343405145));
#7267=DIRECTION('',(0.,-0.992546151641322,0.121869343405145));
#7268=DIRECTION('',(0.,0.121869343405141,0.992546151641323));
#7269=DIRECTION('',(0.,-0.992546151641322,0.121869343405145));
#7270=DIRECTION('',(0.,0.121869343405141,0.992546151641323));
#7271=DIRECTION('center_axis',(0.,0.121869343405141,0.992546151641323));
#7272=DIRECTION('ref_axis',(-1.,0.,0.));
#7273=DIRECTION('center_axis',(0.,0.121869343405145,0.992546151641322));
#7274=DIRECTION('ref_axis',(-1.,0.,0.));
#7275=DIRECTION('',(0.,0.121869343405141,0.992546151641323));
#7276=DIRECTION('center_axis',(0.,0.121869343405145,0.992546151641322));
#7277=DIRECTION('ref_axis',(-1.,0.,0.));
#7278=DIRECTION('center_axis',(0.,0.992546151641323,-0.121869343405141));
#7279=DIRECTION('ref_axis',(-1.,0.,0.));
#7280=DIRECTION('',(-1.,0.,0.));
#7281=DIRECTION('',(0.,0.121869343405141,0.992546151641323));
#7282=DIRECTION('',(-1.,0.,0.));
#7283=DIRECTION('center_axis',(0.,0.121869343405141,0.992546151641323));
#7284=DIRECTION('ref_axis',(0.,0.992546151641323,-0.121869343405141));
#7285=DIRECTION('center_axis',(0.,0.121869343405145,0.992546151641322));
#7286=DIRECTION('ref_axis',(0.,0.992546151641323,-0.121869343405141));
#7287=DIRECTION('',(0.,0.121869343405141,0.992546151641323));
#7288=DIRECTION('center_axis',(0.,0.121869343405145,0.992546151641322));
#7289=DIRECTION('ref_axis',(0.,0.992546151641322,-0.121869343405145));
#7290=DIRECTION('center_axis',(1.,0.,0.));
#7291=DIRECTION('ref_axis',(0.,0.992546151641322,-0.121869343405145));
#7292=DIRECTION('',(0.,0.992546151641322,-0.121869343405145));
#7293=DIRECTION('',(0.,0.121869343405141,0.992546151641323));
#7294=DIRECTION('',(0.,0.992546151641322,-0.121869343405145));
#7295=DIRECTION('center_axis',(0.,0.121869343405141,0.992546151641323));
#7296=DIRECTION('ref_axis',(1.,0.,0.));
#7297=DIRECTION('center_axis',(0.,0.121869343405145,0.992546151641322));
#7298=DIRECTION('ref_axis',(1.,0.,0.));
#7299=DIRECTION('',(0.,0.121869343405141,0.992546151641323));
#7300=DIRECTION('center_axis',(0.,0.121869343405145,0.992546151641322));
#7301=DIRECTION('ref_axis',(1.,0.,0.));
#7302=DIRECTION('center_axis',(0.,-0.992546151641323,0.121869343405141));
#7303=DIRECTION('ref_axis',(1.,0.,0.));
#7304=DIRECTION('',(1.,0.,0.));
#7305=DIRECTION('',(0.,0.121869343405141,0.992546151641323));
#7306=DIRECTION('',(1.,0.,0.));
#7307=DIRECTION('center_axis',(0.,0.121869343405141,0.992546151641323));
#7308=DIRECTION('ref_axis',(0.,-0.992546151641323,0.121869343405141));
#7309=DIRECTION('center_axis',(0.,0.121869343405145,0.992546151641322));
#7310=DIRECTION('ref_axis',(0.,-0.992546151641323,0.121869343405141));
#7311=DIRECTION('center_axis',(0.,0.121869343405145,0.992546151641322));
#7312=DIRECTION('ref_axis',(0.,-0.992546151641322,0.121869343405145));
#7313=DIRECTION('center_axis',(0.,-0.121869343405145,-0.992546151641322));
#7314=DIRECTION('ref_axis',(1.,0.,0.));
#7315=DIRECTION('center_axis',(0.,-0.121869343405145,-0.992546151641322));
#7316=DIRECTION('ref_axis',(0.465788807228916,0.878300038780778,-0.107841684602699));
#7317=DIRECTION('',(1.,0.,0.));
#7318=DIRECTION('center_axis',(0.,-0.121869343405145,-0.992546151641322));
#7319=DIRECTION('ref_axis',(0.,-0.992546151641322,0.121869343405145));
#7320=DIRECTION('',(-1.,0.,0.));
#7321=DIRECTION('center_axis',(-1.,0.,0.));
#7322=DIRECTION('ref_axis',(0.,-0.992546151641322,0.121869343405145));
#7323=DIRECTION('',(0.,-0.992546151641322,0.121869343405145));
#7324=DIRECTION('',(0.,0.121869343405141,0.992546151641323));
#7325=DIRECTION('',(0.,-0.992546151641322,0.121869343405145));
#7326=DIRECTION('',(0.,0.121869343405141,0.992546151641323));
#7327=DIRECTION('center_axis',(0.,0.121869343405141,0.992546151641323));
#7328=DIRECTION('ref_axis',(-1.,0.,0.));
#7329=DIRECTION('center_axis',(0.,0.121869343405145,0.992546151641322));
#7330=DIRECTION('ref_axis',(-1.,0.,0.));
#7331=DIRECTION('',(0.,0.121869343405141,0.992546151641323));
#7332=DIRECTION('center_axis',(0.,0.121869343405145,0.992546151641322));
#7333=DIRECTION('ref_axis',(-1.,0.,0.));
#7334=DIRECTION('center_axis',(0.,0.992546151641323,-0.121869343405141));
#7335=DIRECTION('ref_axis',(-1.,0.,0.));
#7336=DIRECTION('',(-1.,0.,0.));
#7337=DIRECTION('',(0.,0.121869343405141,0.992546151641323));
#7338=DIRECTION('',(-1.,0.,0.));
#7339=DIRECTION('center_axis',(0.,0.121869343405141,0.992546151641323));
#7340=DIRECTION('ref_axis',(0.,0.992546151641323,-0.121869343405141));
#7341=DIRECTION('center_axis',(0.,0.121869343405145,0.992546151641322));
#7342=DIRECTION('ref_axis',(0.,0.992546151641323,-0.121869343405141));
#7343=DIRECTION('',(0.,0.121869343405141,0.992546151641323));
#7344=DIRECTION('center_axis',(0.,0.121869343405145,0.992546151641322));
#7345=DIRECTION('ref_axis',(0.,0.992546151641322,-0.121869343405145));
#7346=DIRECTION('center_axis',(1.,0.,0.));
#7347=DIRECTION('ref_axis',(0.,0.992546151641322,-0.121869343405145));
#7348=DIRECTION('',(0.,0.992546151641322,-0.121869343405145));
#7349=DIRECTION('',(0.,0.121869343405141,0.992546151641323));
#7350=DIRECTION('',(0.,0.992546151641322,-0.121869343405145));
#7351=DIRECTION('center_axis',(0.,0.121869343405141,0.992546151641323));
#7352=DIRECTION('ref_axis',(1.,0.,0.));
#7353=DIRECTION('center_axis',(0.,0.121869343405145,0.992546151641322));
#7354=DIRECTION('ref_axis',(1.,0.,0.));
#7355=DIRECTION('',(0.,0.121869343405141,0.992546151641323));
#7356=DIRECTION('center_axis',(0.,0.121869343405145,0.992546151641322));
#7357=DIRECTION('ref_axis',(1.,0.,0.));
#7358=DIRECTION('center_axis',(0.,-0.992546151641323,0.121869343405141));
#7359=DIRECTION('ref_axis',(1.,0.,0.));
#7360=DIRECTION('',(1.,0.,0.));
#7361=DIRECTION('',(0.,0.121869343405141,0.992546151641323));
#7362=DIRECTION('',(1.,0.,0.));
#7363=DIRECTION('center_axis',(0.,0.121869343405141,0.992546151641323));
#7364=DIRECTION('ref_axis',(0.,-0.992546151641323,0.121869343405141));
#7365=DIRECTION('center_axis',(0.,0.121869343405145,0.992546151641322));
#7366=DIRECTION('ref_axis',(0.,-0.992546151641323,0.121869343405141));
#7367=DIRECTION('center_axis',(0.,0.121869343405145,0.992546151641322));
#7368=DIRECTION('ref_axis',(0.,-0.992546151641322,0.121869343405145));
#7369=DIRECTION('center_axis',(0.,-0.121869343405145,-0.992546151641322));
#7370=DIRECTION('ref_axis',(1.,0.,0.));
#7371=DIRECTION('center_axis',(0.,-0.121869343405145,-0.992546151641322));
#7372=DIRECTION('ref_axis',(0.465788807228916,0.878300038780778,-0.107841684602699));
#7373=DIRECTION('',(1.,0.,0.));
#7374=DIRECTION('center_axis',(0.,-0.121869343405145,-0.992546151641322));
#7375=DIRECTION('ref_axis',(0.,-0.992546151641322,0.121869343405145));
#7376=DIRECTION('',(-1.,0.,0.));
#7377=DIRECTION('center_axis',(0.,-0.992546151641323,0.121869343405141));
#7378=DIRECTION('ref_axis',(1.,0.,0.));
#7379=DIRECTION('',(1.,0.,0.));
#7380=DIRECTION('',(0.,0.121869343405141,0.992546151641323));
#7381=DIRECTION('',(1.,0.,0.));
#7382=DIRECTION('',(0.,0.121869343405141,0.992546151641323));
#7383=DIRECTION('center_axis',(0.,0.121869343405141,0.992546151641323));
#7384=DIRECTION('ref_axis',(0.,-0.992546151641323,0.121869343405141));
#7385=DIRECTION('center_axis',(0.,0.121869343405145,0.992546151641322));
#7386=DIRECTION('ref_axis',(0.,-0.992546151641323,0.121869343405141));
#7387=DIRECTION('',(0.,0.121869343405141,0.992546151641323));
#7388=DIRECTION('center_axis',(0.,0.121869343405145,0.992546151641322));
#7389=DIRECTION('ref_axis',(0.,-0.992546151641322,0.121869343405145));
#7390=DIRECTION('center_axis',(-1.,0.,0.));
#7391=DIRECTION('ref_axis',(0.,-0.992546151641322,0.121869343405145));
#7392=DIRECTION('',(0.,-0.992546151641322,0.121869343405145));
#7393=DIRECTION('',(0.,0.121869343405141,0.992546151641323));
#7394=DIRECTION('',(0.,-0.992546151641322,0.121869343405145));
#7395=DIRECTION('center_axis',(0.,0.121869343405141,0.992546151641323));
#7396=DIRECTION('ref_axis',(-1.,0.,0.));
#7397=DIRECTION('center_axis',(0.,0.121869343405145,0.992546151641322));
#7398=DIRECTION('ref_axis',(-1.,0.,0.));
#7399=DIRECTION('',(0.,0.121869343405141,0.992546151641323));
#7400=DIRECTION('center_axis',(0.,0.121869343405145,0.992546151641322));
#7401=DIRECTION('ref_axis',(-1.,0.,0.));
#7402=DIRECTION('center_axis',(0.,0.992546151641323,-0.121869343405141));
#7403=DIRECTION('ref_axis',(-1.,0.,0.));
#7404=DIRECTION('',(-1.,0.,0.));
#7405=DIRECTION('',(0.,0.121869343405141,0.992546151641323));
#7406=DIRECTION('',(-1.,0.,0.));
#7407=DIRECTION('center_axis',(0.,0.121869343405141,0.992546151641323));
#7408=DIRECTION('ref_axis',(0.,0.992546151641323,-0.121869343405141));
#7409=DIRECTION('center_axis',(0.,0.121869343405145,0.992546151641322));
#7410=DIRECTION('ref_axis',(0.,0.992546151641323,-0.121869343405141));
#7411=DIRECTION('',(0.,0.121869343405141,0.992546151641323));
#7412=DIRECTION('center_axis',(0.,0.121869343405145,0.992546151641322));
#7413=DIRECTION('ref_axis',(0.,0.992546151641322,-0.121869343405145));
#7414=DIRECTION('center_axis',(1.,0.,0.));
#7415=DIRECTION('ref_axis',(0.,0.992546151641322,-0.121869343405145));
#7416=DIRECTION('',(0.,0.992546151641322,-0.121869343405145));
#7417=DIRECTION('',(0.,0.121869343405141,0.992546151641323));
#7418=DIRECTION('',(0.,0.992546151641322,-0.121869343405145));
#7419=DIRECTION('center_axis',(0.,0.121869343405141,0.992546151641323));
#7420=DIRECTION('ref_axis',(1.,0.,0.));
#7421=DIRECTION('center_axis',(0.,0.121869343405145,0.992546151641322));
#7422=DIRECTION('ref_axis',(1.,0.,0.));
#7423=DIRECTION('center_axis',(0.,0.121869343405145,0.992546151641322));
#7424=DIRECTION('ref_axis',(1.,0.,0.));
#7425=DIRECTION('center_axis',(0.,-0.121869343405145,-0.992546151641322));
#7426=DIRECTION('ref_axis',(1.,0.,0.));
#7427=DIRECTION('center_axis',(0.,-0.121869343405145,-0.992546151641322));
#7428=DIRECTION('ref_axis',(0.,0.992546151641322,-0.121869343405145));
#7429=DIRECTION('',(1.,0.,0.));
#7430=DIRECTION('center_axis',(-1.,0.,0.));
#7431=DIRECTION('ref_axis',(0.,-0.992546151641322,0.121869343405145));
#7432=DIRECTION('',(0.,-0.992546151641322,0.121869343405145));
#7433=DIRECTION('',(0.,0.121869343405141,0.992546151641323));
#7434=DIRECTION('',(0.,-0.992546151641322,0.121869343405145));
#7435=DIRECTION('',(0.,0.121869343405141,0.992546151641323));
#7436=DIRECTION('center_axis',(0.,0.121869343405141,0.992546151641323));
#7437=DIRECTION('ref_axis',(-1.,0.,0.));
#7438=DIRECTION('center_axis',(0.,0.121869343405145,0.992546151641322));
#7439=DIRECTION('ref_axis',(-1.,0.,0.));
#7440=DIRECTION('',(0.,0.121869343405141,0.992546151641323));
#7441=DIRECTION('center_axis',(0.,0.121869343405145,0.992546151641322));
#7442=DIRECTION('ref_axis',(-1.,0.,0.));
#7443=DIRECTION('center_axis',(0.,0.992546151641323,-0.121869343405141));
#7444=DIRECTION('ref_axis',(-1.,0.,0.));
#7445=DIRECTION('',(-1.,0.,0.));
#7446=DIRECTION('',(0.,0.121869343405141,0.992546151641323));
#7447=DIRECTION('',(-1.,0.,0.));
#7448=DIRECTION('center_axis',(0.,0.121869343405141,0.992546151641323));
#7449=DIRECTION('ref_axis',(0.,0.992546151641323,-0.121869343405141));
#7450=DIRECTION('center_axis',(0.,0.121869343405145,0.992546151641322));
#7451=DIRECTION('ref_axis',(0.,0.992546151641323,-0.121869343405141));
#7452=DIRECTION('',(0.,0.121869343405141,0.992546151641323));
#7453=DIRECTION('center_axis',(0.,0.121869343405145,0.992546151641322));
#7454=DIRECTION('ref_axis',(0.,0.992546151641322,-0.121869343405145));
#7455=DIRECTION('center_axis',(1.,0.,0.));
#7456=DIRECTION('ref_axis',(0.,0.992546151641322,-0.121869343405145));
#7457=DIRECTION('',(0.,0.992546151641322,-0.121869343405145));
#7458=DIRECTION('',(0.,0.121869343405141,0.992546151641323));
#7459=DIRECTION('',(0.,0.992546151641322,-0.121869343405145));
#7460=DIRECTION('center_axis',(0.,0.121869343405141,0.992546151641323));
#7461=DIRECTION('ref_axis',(1.,0.,0.));
#7462=DIRECTION('center_axis',(0.,0.121869343405145,0.992546151641322));
#7463=DIRECTION('ref_axis',(1.,0.,0.));
#7464=DIRECTION('',(0.,0.121869343405141,0.992546151641323));
#7465=DIRECTION('center_axis',(0.,0.121869343405145,0.992546151641322));
#7466=DIRECTION('ref_axis',(1.,0.,0.));
#7467=DIRECTION('center_axis',(0.,-0.992546151641323,0.121869343405141));
#7468=DIRECTION('ref_axis',(1.,0.,0.));
#7469=DIRECTION('',(1.,0.,0.));
#7470=DIRECTION('',(0.,0.121869343405141,0.992546151641323));
#7471=DIRECTION('',(1.,0.,0.));
#7472=DIRECTION('center_axis',(0.,0.121869343405141,0.992546151641323));
#7473=DIRECTION('ref_axis',(0.,-0.992546151641323,0.121869343405141));
#7474=DIRECTION('center_axis',(0.,0.121869343405145,0.992546151641322));
#7475=DIRECTION('ref_axis',(0.,-0.992546151641323,0.121869343405141));
#7476=DIRECTION('center_axis',(0.,0.121869343405145,0.992546151641322));
#7477=DIRECTION('ref_axis',(0.,-0.992546151641322,0.121869343405145));
#7478=DIRECTION('center_axis',(0.,-0.121869343405145,-0.992546151641322));
#7479=DIRECTION('ref_axis',(1.,0.,0.));
#7480=DIRECTION('center_axis',(0.,-0.121869343405145,-0.992546151641322));
#7481=DIRECTION('ref_axis',(0.,0.992546151641322,-0.121869343405145));
#7482=DIRECTION('',(1.,0.,0.));
#7483=DIRECTION('center_axis',(0.,0.992546151641322,-0.121869343405145));
#7484=DIRECTION('ref_axis',(-1.,0.,0.));
#7485=DIRECTION('',(0.,0.121869343405145,0.992546151641322));
#7486=DIRECTION('',(1.,0.,0.));
#7487=DIRECTION('',(0.,0.121869343405145,0.992546151641322));
#7488=DIRECTION('center_axis',(0.,0.121869343405145,0.992546151641322));
#7489=DIRECTION('ref_axis',(0.465788807228916,0.878300038780778,-0.107841684602699));
#7490=DIRECTION('',(0.,0.121869343405145,0.992546151641322));
#7491=DIRECTION('center_axis',(0.,0.,-1.));
#7492=DIRECTION('ref_axis',(-5.78522485041526E-15,1.,0.));
#7493=DIRECTION('center_axis',(0.,0.992546151641322,-0.121869343405145));
#7494=DIRECTION('ref_axis',(-1.,0.,0.));
#7495=DIRECTION('',(0.,0.121869343405145,0.992546151641322));
#7496=DIRECTION('',(1.,0.,0.));
#7497=DIRECTION('',(0.,0.121869343405145,0.992546151641322));
#7498=DIRECTION('center_axis',(0.,0.121869343405145,0.992546151641322));
#7499=DIRECTION('ref_axis',(0.465788807228916,0.878300038780778,-0.107841684602699));
#7500=DIRECTION('',(0.,0.121869343405145,0.992546151641322));
#7501=DIRECTION('center_axis',(0.,0.,-1.));
#7502=DIRECTION('ref_axis',(-5.78522485041526E-15,1.,0.));
#7503=DIRECTION('center_axis',(0.,0.992546151641322,-0.121869343405145));
#7504=DIRECTION('ref_axis',(-1.,0.,0.));
#7505=DIRECTION('',(0.,0.121869343405145,0.992546151641322));
#7506=DIRECTION('center_axis',(0.,0.121869343405145,0.992546151641322));
#7507=DIRECTION('ref_axis',(0.,0.992546151641322,-0.121869343405145));
#7508=DIRECTION('center_axis',(0.,0.992546151641322,-0.121869343405145));
#7509=DIRECTION('ref_axis',(-1.,0.,0.));
#7510=DIRECTION('',(0.,0.121869343405145,0.992546151641322));
#7511=DIRECTION('center_axis',(0.,0.121869343405145,0.992546151641322));
#7512=DIRECTION('ref_axis',(0.,0.992546151641322,-0.121869343405145));
#7513=DIRECTION('center_axis',(0.,-0.992546151641322,0.121869343405145));
#7514=DIRECTION('ref_axis',(1.,0.,0.));
#7515=DIRECTION('',(0.,0.121869343405145,0.992546151641322));
#7516=DIRECTION('',(-1.,0.,0.));
#7517=DIRECTION('center_axis',(0.,0.121869343405145,0.992546151641322));
#7518=DIRECTION('ref_axis',(0.,-0.992546151641322,0.121869343405145));
#7519=DIRECTION('center_axis',(0.,0.,-1.));
#7520=DIRECTION('ref_axis',(0.,-1.,0.));
#7521=DIRECTION('center_axis',(0.,-0.992546151641322,0.121869343405145));
#7522=DIRECTION('ref_axis',(1.,0.,0.));
#7523=DIRECTION('',(0.,0.121869343405145,0.992546151641322));
#7524=DIRECTION('',(-1.,0.,0.));
#7525=DIRECTION('center_axis',(0.,0.121869343405145,0.992546151641322));
#7526=DIRECTION('ref_axis',(0.,-0.992546151641322,0.121869343405145));
#7527=DIRECTION('center_axis',(0.,0.,-1.));
#7528=DIRECTION('ref_axis',(0.,-1.,0.));
#7529=DIRECTION('center_axis',(-4.40564692311571E-16,0.121869343405149,
0.992546151641322));
#7530=DIRECTION('ref_axis',(0.707106781186535,-0.701836114466205,0.0861746391405141));
#7531=DIRECTION('center_axis',(0.,0.121869343405148,0.992546151641322));
#7532=DIRECTION('ref_axis',(0.,-0.992546151641322,0.121869343405148));
#7533=DIRECTION('',(-4.40564692311571E-16,0.121869343405149,0.992546151641322));
#7534=DIRECTION('center_axis',(0.,-0.121869343405148,-0.992546151641322));
#7535=DIRECTION('ref_axis',(1.,0.,0.));
#7536=DIRECTION('',(4.40564692311571E-16,-0.121869343405149,-0.992546151641322));
#7537=DIRECTION('center_axis',(0.,0.992546151641322,-0.121869343405149));
#7538=DIRECTION('ref_axis',(0.,0.121869343405147,0.992546151641322));
#7539=DIRECTION('center_axis',(-1.,0.,0.));
#7540=DIRECTION('ref_axis',(0.,-0.121869343405126,-0.992546151641325));
#7541=DIRECTION('center_axis',(0.,-0.992546151641322,0.121869343405149));
#7542=DIRECTION('ref_axis',(-0.707106781186547,0.0861746391405331,0.70183611446619));
#7543=DIRECTION('center_axis',(0.,0.992546151641322,-0.121869343405149));
#7544=DIRECTION('ref_axis',(-0.707106781186547,0.0861746391405331,0.70183611446619));
#7545=DIRECTION('center_axis',(1.,0.,0.));
#7546=DIRECTION('ref_axis',(0.,-0.788010753606744,-0.61566147532563));
#7547=DIRECTION('center_axis',(-1.,0.,0.));
#7548=DIRECTION('ref_axis',(0.,-0.121869343405167,-0.99254615164132));
#7549=DIRECTION('',(-1.,0.,0.));
#7550=DIRECTION('',(1.,0.,0.));
#7551=DIRECTION('center_axis',(0.,0.992546151641322,-0.121869343405149));
#7552=DIRECTION('ref_axis',(0.,0.121869343405147,0.992546151641322));
#7553=DIRECTION('center_axis',(0.,0.121869343405153,0.992546151641321));
#7554=DIRECTION('ref_axis',(-1.,0.,0.));
#7555=DIRECTION('center_axis',(0.,-0.992546151641322,0.121869343405149));
#7556=DIRECTION('ref_axis',(0.707106781186547,0.0861746391405331,0.70183611446619));
#7557=DIRECTION('center_axis',(0.,0.992546151641322,-0.121869343405149));
#7558=DIRECTION('ref_axis',(0.707106781186547,0.0861746391405331,0.70183611446619));
#7559=DIRECTION('center_axis',(7.7617440494974E-16,-0.121869343405149,-0.992546151641322));
#7560=DIRECTION('ref_axis',(-0.707106781186569,-0.701836114466167,0.0861746391405486));
#7561=DIRECTION('center_axis',(0.,0.121869343405148,0.992546151641322));
#7562=DIRECTION('ref_axis',(-1.,0.,0.));
#7563=DIRECTION('',(-7.7617440494974E-16,0.121869343405149,0.992546151641322));
#7564=DIRECTION('',(7.7617440494974E-16,-0.121869343405149,-0.992546151641322));
#7565=DIRECTION('center_axis',(0.,0.992546151641322,-0.121869343405149));
#7566=DIRECTION('ref_axis',(0.,0.121869343405147,0.992546151641322));
#7567=DIRECTION('center_axis',(1.,-6.76510755221738E-16,-5.50973795277655E-15));
#7568=DIRECTION('ref_axis',(5.55111512312589E-15,0.121869343405126,0.992546151641325));
#7569=DIRECTION('center_axis',(0.,-0.992546151641322,0.121869343405149));
#7570=DIRECTION('ref_axis',(0.707106781186547,-0.0861746391405331,-0.70183611446619));
#7571=DIRECTION('center_axis',(0.,0.992546151641322,-0.121869343405149));
#7572=DIRECTION('ref_axis',(0.707106781186547,-0.0861746391405331,-0.70183611446619));
#7573=DIRECTION('center_axis',(-1.,7.79839487328391E-17,6.35128294301643E-16));
#7574=DIRECTION('ref_axis',(0.,-0.615661475325641,0.788010753606736));
#7575=DIRECTION('center_axis',(1.,0.,0.));
#7576=DIRECTION('ref_axis',(0.,0.121869343405167,0.99254615164132));
#7577=DIRECTION('',(1.,-7.79839487328391E-17,-6.35128294301643E-16));
#7578=DIRECTION('',(-1.,7.79839487328391E-17,6.35128294301643E-16));
#7579=DIRECTION('center_axis',(0.,0.992546151641322,-0.121869343405149));
#7580=DIRECTION('ref_axis',(-0.707106781057263,-0.0861746391562867,-0.701836114594512));
#7581=DIRECTION('center_axis',(0.,-0.992546151641322,0.121869343405149));
#7582=DIRECTION('ref_axis',(-0.707106781057262,-0.0861746391562891,-0.701836114594512));
#7583=DIRECTION('center_axis',(0.,0.992546151641322,-0.121869343405149));
#7584=DIRECTION('ref_axis',(-0.707106781057262,-0.0861746391562891,-0.701836114594512));
#7585=DIRECTION('center_axis',(0.,0.992546151641322,-0.121869343405149));
#7586=DIRECTION('ref_axis',(1.,0.,0.));
#7587=DIRECTION('',(0.,0.992546151641322,-0.121869343405149));
#7588=DIRECTION('center_axis',(0.,-0.992546151641323,0.12186934340514));
#7589=DIRECTION('ref_axis',(0.707106781186561,0.0861746391405245,0.701836114466177));
#7590=DIRECTION('',(0.,0.992546151641322,-0.121869343405149));
#7591=DIRECTION('center_axis',(0.,0.121869343405149,0.992546151641322));
#7592=DIRECTION('ref_axis',(1.,0.,0.));
#7593=DIRECTION('',(0.,0.992546151641322,-0.121869343405149));
#7594=DIRECTION('',(-1.,0.,0.));
#7595=DIRECTION('center_axis',(0.,0.992546151641322,-0.121869343405149));
#7596=DIRECTION('ref_axis',(1.,0.,0.));
#7597=DIRECTION('',(0.,0.992546151641322,-0.121869343405149));
#7598=DIRECTION('center_axis',(0.,-0.992546151641323,0.12186934340514));
#7599=DIRECTION('ref_axis',(-0.707106781186561,0.0861746391405245,0.701836114466177));
#7600=DIRECTION('center_axis',(-1.,-5.36913297795025E-17,-4.37280789902893E-16));
#7601=DIRECTION('ref_axis',(-4.40564692311571E-16,0.121869343405149,0.992546151641322));
#7602=DIRECTION('',(0.,0.992546151641322,-0.121869343405149));
#7603=DIRECTION('',(4.40564692311571E-16,-0.12186934340514,-0.992546151641323));
#7604=DIRECTION('center_axis',(0.,0.992546151641322,-0.121869343405149));
#7605=DIRECTION('ref_axis',(0.,0.121869343405149,0.992546151641322));
#7606=DIRECTION('',(0.,0.121869343405149,0.992546151641322));
#7607=DIRECTION('',(-1.,0.,0.));
#7608=DIRECTION('',(0.,0.121869343405149,0.992546151641322));
#7609=DIRECTION('',(-1.,0.,0.));
#7610=DIRECTION('',(0.,-0.121869343405149,-0.992546151641322));
#7611=DIRECTION('',(-1.,0.,0.));
#7612=DIRECTION('',(0.,0.121869343405149,0.992546151641322));
#7613=DIRECTION('',(-1.,0.,0.));
#7614=DIRECTION('',(0.,-0.121869343405149,-0.992546151641322));
#7615=DIRECTION('',(-1.,0.,0.));
#7616=DIRECTION('',(0.,-0.121869343405149,-0.992546151641322));
#7617=DIRECTION('center_axis',(0.,-0.992546151641322,0.121869343405149));
#7618=DIRECTION('ref_axis',(0.,-0.121869343405149,-0.992546151641322));
#7619=DIRECTION('',(0.,-0.121869343405149,-0.992546151641322));
#7620=DIRECTION('',(1.,0.,0.));
#7621=DIRECTION('',(0.,0.121869343405149,0.992546151641322));
#7622=DIRECTION('center_axis',(0.,-0.992546151641322,0.121869343405149));
#7623=DIRECTION('ref_axis',(8.45638444027167E-18,-0.121869343405149,-0.992546151641322));
#7624=DIRECTION('center_axis',(-4.40564692311571E-16,0.12186934340514,0.992546151641323));
#7625=DIRECTION('ref_axis',(0.707106781186571,0.701836114466169,-0.0861746391405174));
#7626=DIRECTION('center_axis',(0.,0.121869343405148,0.992546151641322));
#7627=DIRECTION('ref_axis',(1.,0.,0.));
#7628=DIRECTION('',(-4.40564692311571E-16,0.12186934340514,0.992546151641323));
#7629=DIRECTION('center_axis',(-5.41208604177379E-15,-0.121869343405148,
-0.992546151641322));
#7630=DIRECTION('ref_axis',(0.,0.992546151641322,-0.121869343405148));
#7631=DIRECTION('center_axis',(0.,0.992546151641323,-0.12186934340514));
#7632=DIRECTION('ref_axis',(0.,0.121869343405141,0.992546151641323));
#7633=DIRECTION('center_axis',(-1.,0.,0.));
#7634=DIRECTION('ref_axis',(0.,0.992546151641323,-0.121869343405142));
#7635=DIRECTION('center_axis',(0.,0.992546151641323,-0.12186934340514));
#7636=DIRECTION('ref_axis',(-0.707106781186561,0.0861746391405246,0.701836114466177));
#7637=DIRECTION('center_axis',(1.,0.,0.));
#7638=DIRECTION('ref_axis',(0.,0.615661475325695,-0.788010753606693));
#7639=DIRECTION('center_axis',(-1.,6.76510755221704E-16,5.50973795277652E-15));
#7640=DIRECTION('ref_axis',(0.,0.992546151641323,-0.121869343405142));
#7641=DIRECTION('',(1.,0.,0.));
#7642=DIRECTION('center_axis',(0.,0.992546151641323,-0.12186934340514));
#7643=DIRECTION('ref_axis',(0.,0.121869343405141,0.992546151641323));
#7644=DIRECTION('center_axis',(2.20389518111058E-14,0.121869343405136,0.992546151641323));
#7645=DIRECTION('ref_axis',(0.,0.992546151641323,-0.121869343405136));
#7646=DIRECTION('center_axis',(0.,0.992546151641323,-0.12186934340514));
#7647=DIRECTION('ref_axis',(0.707106781186561,0.0861746391405246,0.701836114466177));
#7648=DIRECTION('center_axis',(7.7617440494974E-16,-0.12186934340514,-0.992546151641323));
#7649=DIRECTION('ref_axis',(-0.707106781186537,0.701836114466199,-0.0861746391405448));
#7650=DIRECTION('center_axis',(0.,0.121869343405148,0.992546151641322));
#7651=DIRECTION('ref_axis',(0.,0.992546151641322,-0.121869343405148));
#7652=DIRECTION('',(-7.7617440494974E-16,0.12186934340514,0.992546151641323));
#7653=DIRECTION('',(7.7617440494974E-16,-0.12186934340514,-0.992546151641323));
#7654=DIRECTION('center_axis',(0.,0.992546151641323,-0.12186934340514));
#7655=DIRECTION('ref_axis',(0.,0.121869343405141,0.992546151641323));
#7656=DIRECTION('center_axis',(1.,-6.76510755221708E-16,-5.50973795277655E-15));
#7657=DIRECTION('ref_axis',(0.,0.992546151641323,-0.121869343405142));
#7658=DIRECTION('center_axis',(0.,-0.992546151641323,0.12186934340514));
#7659=DIRECTION('ref_axis',(0.707106781186534,-0.0861746391405279,-0.701836114466205));
#7660=DIRECTION('center_axis',(0.,0.992546151641323,-0.12186934340514));
#7661=DIRECTION('ref_axis',(0.707106781186534,-0.0861746391405279,-0.701836114466205));
#7662=DIRECTION('center_axis',(-1.,7.79839487328329E-17,6.35128294301644E-16));
#7663=DIRECTION('ref_axis',(0.,0.78801075360672,0.61566147532566));
#7664=DIRECTION('center_axis',(1.,6.76510755221704E-16,5.50973795277628E-15));
#7665=DIRECTION('ref_axis',(0.,0.992546151641322,-0.121869343405148));
#7666=DIRECTION('',(1.,-7.79839487328329E-17,-6.35128294301644E-16));
#7667=DIRECTION('',(-1.,7.79839487328329E-17,6.35128294301644E-16));
#7668=DIRECTION('center_axis',(0.,0.992546151641323,-0.12186934340514));
#7669=DIRECTION('ref_axis',(-0.707106781057261,-0.0861746391562807,-0.701836114594514));
#7670=DIRECTION('center_axis',(0.,-0.992546151641323,0.12186934340514));
#7671=DIRECTION('ref_axis',(-0.707106781057248,-0.0861746391562839,-0.701836114594527));
#7672=DIRECTION('center_axis',(0.,0.992546151641323,-0.12186934340514));
#7673=DIRECTION('ref_axis',(-0.707106781057248,-0.0861746391562839,-0.701836114594527));
#7674=DIRECTION('center_axis',(0.,0.992546151641322,-0.121869343405149));
#7675=DIRECTION('ref_axis',(1.,0.,0.));
#7676=DIRECTION('',(0.,0.992546151641322,-0.121869343405149));
#7677=DIRECTION('',(0.,0.992546151641322,-0.121869343405149));
#7678=DIRECTION('center_axis',(-6.39897996935825E-16,-0.121869343405149,
-0.992546151641322));
#7679=DIRECTION('ref_axis',(-1.,7.79839487328389E-17,6.35128294301643E-16));
#7680=DIRECTION('',(0.,0.992546151641322,-0.121869343405149));
#7681=DIRECTION('center_axis',(0.,0.992546151641322,-0.121869343405149));
#7682=DIRECTION('ref_axis',(1.,0.,0.));
#7683=DIRECTION('center_axis',(0.,0.992546151641323,-0.12186934340514));
#7684=DIRECTION('ref_axis',(-1.,0.,0.));
#7685=DIRECTION('',(1.98254111540207E-16,-0.12186934340514,-0.992546151641323));
#7686=DIRECTION('center_axis',(0.,-0.992546151641323,0.12186934340514));
#7687=DIRECTION('ref_axis',(-0.707106781186547,0.0861746391405262,0.701836114466191));
#7688=DIRECTION('',(-1.,0.,0.));
#7689=DIRECTION('center_axis',(0.,-0.992546151641323,0.12186934340514));
#7690=DIRECTION('ref_axis',(0.707106781186547,0.0861746391405263,0.701836114466191));
#7691=DIRECTION('',(0.,0.12186934340514,0.992546151641323));
#7692=DIRECTION('',(1.,0.,0.));
#7693=DIRECTION('center_axis',(0.,-0.992546151641323,0.12186934340514));
#7694=DIRECTION('ref_axis',(0.,-0.121869343405139,-0.992546151641323));
#7695=DIRECTION('center_axis',(0.,-0.992546151641323,0.12186934340514));
#7696=DIRECTION('ref_axis',(-0.898096767336476,0.0535978818104153,0.436519717269689));
#7697=DIRECTION('center_axis',(0.,0.12186934340514,0.992546151641323));
#7698=DIRECTION('ref_axis',(1.,0.,0.));
#7699=DIRECTION('center_axis',(0.,0.992546151641323,-0.12186934340514));
#7700=DIRECTION('ref_axis',(-0.898096767336476,0.0535978818104153,0.436519717269689));
#7701=DIRECTION('center_axis',(1.80402868059123E-15,-0.121869343405146,
-0.992546151641322));
#7702=DIRECTION('ref_axis',(-1.,-1.48029736616687E-14,0.));
#7703=DIRECTION('center_axis',(-0.92847669088526,-0.368622386570732,0.0452611378740657));
#7704=DIRECTION('ref_axis',(-0.371390676354102,0.921555966426834,-0.113152844685169));
#7705=DIRECTION('center_axis',(0.371390676354105,0.921555966426833,-0.113152844685172));
#7706=DIRECTION('ref_axis',(-0.928476690885259,0.368622386570735,-0.0452611378740675));
#7707=DIRECTION('center_axis',(0.,0.12186934340514,0.992546151641323));
#7708=DIRECTION('ref_axis',(-0.707106781186549,0.701836114466189,-0.0861746391405253));
#7709=DIRECTION('center_axis',(0.,-0.12186934340514,-0.992546151641323));
#7710=DIRECTION('ref_axis',(-1.,0.,0.));
#7711=DIRECTION('',(0.,-0.12186934340514,-0.992546151641323));
#7712=DIRECTION('',(0.,0.12186934340514,0.992546151641323));
#7713=DIRECTION('center_axis',(0.,-0.992546151641323,0.12186934340514));
#7714=DIRECTION('ref_axis',(0.,-0.121869343405139,-0.992546151641323));
#7715=DIRECTION('center_axis',(0.,0.992546151641323,-0.12186934340514));
#7716=DIRECTION('ref_axis',(0.898096767336476,0.0535978818104153,0.436519717269689));
#7717=DIRECTION('center_axis',(0.,-0.992546151641323,0.12186934340514));
#7718=DIRECTION('ref_axis',(0.898096767336476,0.0535978818104153,0.436519717269689));
#7719=DIRECTION('center_axis',(-6.43395070066671E-18,-0.999895043869392,
-0.0144879689890214));
#7720=DIRECTION('ref_axis',(4.39948672412629E-16,-0.0144879689890214,0.999895043869392));
#7721=DIRECTION('center_axis',(1.,0.,0.));
#7722=DIRECTION('ref_axis',(0.,-0.121869343405138,-0.992546151641323));
#7723=DIRECTION('center_axis',(0.,1.,0.));
#7724=DIRECTION('ref_axis',(4.40779036222115E-16,0.,1.));
#7725=DIRECTION('center_axis',(-1.,0.,0.));
#7726=DIRECTION('ref_axis',(0.,0.662620048215738,-0.748955720789001));
#7727=DIRECTION('center_axis',(1.,0.,9.32133838133737E-16));
#7728=DIRECTION('ref_axis',(9.25185853854297E-16,-0.121869343405138,-0.992546151641323));
#7729=DIRECTION('',(1.,0.,0.));
#7730=DIRECTION('',(-1.,0.,0.));
#7731=DIRECTION('center_axis',(0.,1.,0.));
#7732=DIRECTION('ref_axis',(-8.81558072444231E-16,0.,1.));
#7733=DIRECTION('center_axis',(1.28679014013334E-17,-0.999895043869392,
-0.0144879689890214));
#7734=DIRECTION('ref_axis',(-8.79897344825258E-16,-0.0144879689890214,0.999895043869392));
#7735=DIRECTION('center_axis',(1.98254111540207E-16,-0.12186934340514,-0.992546151641323));
#7736=DIRECTION('ref_axis',(0.707106781186549,0.701836114466189,-0.0861746391405253));
#7737=DIRECTION('center_axis',(0.,0.121869343405138,0.992546151641323));
#7738=DIRECTION('ref_axis',(1.,0.,0.));
#7739=DIRECTION('',(-1.98254111540207E-16,0.12186934340514,0.992546151641323));
#7740=DIRECTION('',(1.98254111540207E-16,-0.12186934340514,-0.992546151641323));
#7741=DIRECTION('center_axis',(-0.371390676354105,0.921555966426833,-0.113152844685172));
#7742=DIRECTION('ref_axis',(0.928476690885259,0.368622386570735,-0.0452611378740675));
#7743=DIRECTION('center_axis',(0.928476690885259,-0.368622386570734,0.0452611378740686));
#7744=DIRECTION('ref_axis',(0.371390676354104,0.921555966426834,-0.113152844685165));
#7745=DIRECTION('center_axis',(1.,0.,0.));
#7746=DIRECTION('ref_axis',(0.,0.61566147532566,-0.788010753606721));
#7747=DIRECTION('',(-1.,0.,0.));
#7748=DIRECTION('',(1.,0.,0.));
#7749=DIRECTION('center_axis',(-1.13706903916622E-30,-0.992546151641322,
0.121869343405145));
#7750=DIRECTION('ref_axis',(0.707106781186549,-0.0861746391405301,-0.701836114466189));
#7751=DIRECTION('',(-1.13706903916622E-30,-0.992546151641322,0.121869343405145));
#7752=DIRECTION('center_axis',(0.847998304005089,-0.526048408274135,0.0645906228236104));
#7753=DIRECTION('ref_axis',(0.529998940003178,0.841677453238619,-0.103344996517777));
#7754=DIRECTION('',(1.13706903916622E-30,0.992546151641322,-0.121869343405145));
#7755=DIRECTION('center_axis',(-1.,-2.41610984007743E-17,-1.96776355456302E-16));
#7756=DIRECTION('ref_axis',(1.98254111540207E-16,-0.12186934340514,-0.992546151641323));
#7757=DIRECTION('',(0.,-0.992546151641323,0.121869343405139));
#7758=DIRECTION('',(-1.98254111540207E-16,0.12186934340514,0.992546151641323));
#7759=DIRECTION('center_axis',(0.,-0.992546151641323,0.121869343405139));
#7760=DIRECTION('ref_axis',(-1.,-1.08241720835469E-16,-8.81558072444231E-16));
#7761=DIRECTION('',(0.,-0.992546151641323,0.121869343405139));
#7762=DIRECTION('center_axis',(0.,0.992546151641323,-0.12186934340514));
#7763=DIRECTION('ref_axis',(-0.707106781186547,0.0861746391405263,0.701836114466191));
#7764=DIRECTION('center_axis',(0.,0.121869343405139,0.992546151641323));
#7765=DIRECTION('ref_axis',(-1.,0.,0.));
#7766=DIRECTION('',(0.,-0.992546151641323,0.121869343405139));
#7767=DIRECTION('',(1.,0.,0.));
#7768=DIRECTION('center_axis',(0.,-0.992546151641323,0.121869343405139));
#7769=DIRECTION('ref_axis',(4.44089209850063E-16,0.121869343405139,0.992546151641323));
#7770=DIRECTION('',(0.,-0.992546151641323,0.121869343405139));
#7771=DIRECTION('center_axis',(0.,0.992546151641323,-0.12186934340514));
#7772=DIRECTION('ref_axis',(0.707106781186547,0.0861746391405263,0.701836114466191));
#7773=DIRECTION('center_axis',(1.,0.,0.));
#7774=DIRECTION('ref_axis',(0.,0.121869343405133,0.992546151641324));
#7775=DIRECTION('',(0.,0.992546151641322,-0.121869343405145));
#7776=DIRECTION('',(0.,-0.12186934340514,-0.992546151641323));
#7777=DIRECTION('center_axis',(0.,0.992546151641322,-0.121869343405145));
#7778=DIRECTION('ref_axis',(-0.707106781186547,-0.0861746391405303,-0.701836114466191));
#7779=DIRECTION('',(0.,-0.992546151641322,0.121869343405145));
#7780=DIRECTION('center_axis',(-0.847998304005087,-0.526048408274138,0.0645906228236108));
#7781=DIRECTION('ref_axis',(-0.529998940003181,0.841677453238617,-0.103344996517777));
#7782=DIRECTION('center_axis',(2.20389518111058E-14,0.121869343405132,0.992546151641324));
#7783=DIRECTION('ref_axis',(2.59052039079206E-14,-0.992546151641324,0.121869343405132));
#7784=DIRECTION('center_axis',(0.52999894000318,0.841677453238619,-0.103344996517774));
#7785=DIRECTION('ref_axis',(-0.847998304005088,0.526048408274136,-0.0645906228236106));
#7786=DIRECTION('center_axis',(0.,0.12186934340514,0.992546151641323));
#7787=DIRECTION('ref_axis',(0.707106781186549,-0.701836114466189,0.0861746391405253));
#7788=DIRECTION('center_axis',(0.,0.121869343405138,0.992546151641323));
#7789=DIRECTION('ref_axis',(0.,-0.992546151641323,0.121869343405138));
#7790=DIRECTION('center_axis',(0.,-0.992546151641323,0.12186934340514));
#7791=DIRECTION('ref_axis',(0.,-0.121869343405139,-0.992546151641323));
#7792=DIRECTION('center_axis',(-1.,1.12751792536946E-16,9.18289658796076E-16));
#7793=DIRECTION('ref_axis',(0.,-0.992546151641323,0.121869343405138));
#7794=DIRECTION('center_axis',(-1.,0.,0.));
#7795=DIRECTION('ref_axis',(0.,-0.615661475325671,0.788010753606712));
#7796=DIRECTION('center_axis',(-1.,-1.12751792536946E-16,-9.18289658796074E-16));
#7797=DIRECTION('ref_axis',(0.,-0.992546151641323,0.121869343405138));
#7798=DIRECTION('center_axis',(0.,-0.992546151641323,0.12186934340514));
#7799=DIRECTION('ref_axis',(0.,-0.121869343405139,-0.992546151641323));
#7800=DIRECTION('center_axis',(0.,-0.121869343405138,-0.992546151641323));
#7801=DIRECTION('ref_axis',(0.,-0.992546151641323,0.121869343405138));
#7802=DIRECTION('center_axis',(1.98254111540207E-16,-0.12186934340514,-0.992546151641323));
#7803=DIRECTION('ref_axis',(-0.707106781186549,-0.701836114466189,0.0861746391405253));
#7804=DIRECTION('center_axis',(2.20389518111058E-14,-0.121869343405138,
-0.992546151641323));
#7805=DIRECTION('ref_axis',(-1.8503717077086E-15,-0.992546151641323,0.121869343405138));
#7806=DIRECTION('center_axis',(-0.52999894000318,0.841677453238618,-0.103344996517778));
#7807=DIRECTION('ref_axis',(0.847998304005088,0.526048408274136,-0.0645906228236106));
#7808=DIRECTION('center_axis',(0.,0.121869343405145,0.992546151641322));
#7809=DIRECTION('ref_axis',(-1.04947389576694E-16,0.992546151641322,-0.121869343405145));
#7810=DIRECTION('center_axis',(0.,0.992546151641322,-0.121869343405145));
#7811=DIRECTION('ref_axis',(0.,-0.121869343405145,-0.992546151641322));
#7812=DIRECTION('center_axis',(0.,-0.102594790455091,-0.994723232347308));
#7813=DIRECTION('ref_axis',(0.,0.994723232347308,-0.102594790455091));
#7814=DIRECTION('center_axis',(0.,-0.992546151641322,0.121869343405145));
#7815=DIRECTION('ref_axis',(-0.70710678118654,-0.0861746391405344,-0.701836114466198));
#7816=DIRECTION('center_axis',(0.,0.992546151641322,-0.121869343405145));
#7817=DIRECTION('ref_axis',(0.,-0.121869343405145,-0.992546151641322));
#7818=DIRECTION('',(0.,0.992546151641322,-0.121869343405145));
#7819=DIRECTION('',(0.,-0.992546151641322,0.121869343405145));
#7820=DIRECTION('center_axis',(-1.,0.,0.));
#7821=DIRECTION('ref_axis',(0.,-0.121869343405141,-0.992546151641323));
#7822=DIRECTION('center_axis',(0.,-0.102594790455091,-0.994723232347308));
#7823=DIRECTION('ref_axis',(0.,-0.994723232347308,0.102594790455091));
#7824=DIRECTION('center_axis',(0.,0.121869343405145,0.992546151641322));
#7825=DIRECTION('ref_axis',(-1.04947389576694E-16,-0.992546151641322,0.121869343405145));
#7826=DIRECTION('center_axis',(1.,0.,0.));
#7827=DIRECTION('ref_axis',(0.,-0.748955720788999,-0.662620048215741));
#7828=DIRECTION('center_axis',(-1.,0.,0.));
#7829=DIRECTION('ref_axis',(0.,-0.121869343405141,-0.992546151641323));
#7830=DIRECTION('',(-1.,0.,0.));
#7831=DIRECTION('',(1.,0.,0.));
#7832=DIRECTION('center_axis',(0.,-0.992546151641322,0.121869343405145));
#7833=DIRECTION('ref_axis',(0.,-0.121869343405145,-0.992546151641322));
#7834=DIRECTION('center_axis',(0.,-0.102594790455091,-0.994723232347308));
#7835=DIRECTION('ref_axis',(0.,-0.994723232347308,0.102594790455091));
#7836=DIRECTION('center_axis',(0.,0.121869343405145,0.992546151641322));
#7837=DIRECTION('ref_axis',(1.04947389576694E-16,-0.992546151641322,0.121869343405145));
#7838=DIRECTION('center_axis',(0.,0.992546151641322,-0.121869343405145));
#7839=DIRECTION('ref_axis',(0.70710678118654,-0.0861746391405344,-0.701836114466198));
#7840=DIRECTION('center_axis',(4.40779036222117E-15,-0.992546151641322,
0.121869343405145));
#7841=DIRECTION('ref_axis',(0.,-0.121869343405145,-0.992546151641322));
#7842=DIRECTION('',(0.,-0.992546151641322,0.121869343405145));
#7843=DIRECTION('',(0.,0.992546151641322,-0.121869343405145));
#7844=DIRECTION('center_axis',(0.,-0.102594790455091,-0.994723232347308));
#7845=DIRECTION('ref_axis',(0.,0.994723232347308,-0.102594790455091));
#7846=DIRECTION('center_axis',(0.,0.121869343405145,0.992546151641322));
#7847=DIRECTION('ref_axis',(1.04947389576694E-16,0.992546151641322,-0.121869343405145));
#7848=DIRECTION('center_axis',(1.,0.,0.));
#7849=DIRECTION('ref_axis',(0.,0.61566147532566,-0.788010753606721));
#7850=DIRECTION('',(1.,0.,0.));
#7851=DIRECTION('',(-1.,0.,0.));
#7852=DIRECTION('center_axis',(1.,0.,0.));
#7853=DIRECTION('ref_axis',(0.,0.615661475325663,-0.788010753606719));
#7854=DIRECTION('',(-1.,0.,0.));
#7855=DIRECTION('center_axis',(-1.,0.,0.));
#7856=DIRECTION('ref_axis',(0.,0.,1.));
#7857=DIRECTION('',(0.,0.,-1.));
#7858=DIRECTION('',(0.,0.,1.));
#7859=DIRECTION('center_axis',(0.,0.,1.));
#7860=DIRECTION('ref_axis',(-0.707106781186547,-0.707106781186547,0.));
#7861=DIRECTION('',(0.,0.,1.));
#7862=DIRECTION('center_axis',(0.,-1.,0.));
#7863=DIRECTION('ref_axis',(0.,0.,-1.));
#7864=DIRECTION('',(0.,0.,-1.));
#7865=DIRECTION('',(0.70710678118654,0.,0.707106781186555));
#7866=DIRECTION('',(-1.,0.,0.));
#7867=DIRECTION('',(0.70710678118654,0.,-0.707106781186555));
#7868=DIRECTION('',(-1.,0.,0.));
#7869=DIRECTION('',(0.70710678118654,0.,0.707106781186555));
#7870=DIRECTION('',(-1.,0.,0.));
#7871=DIRECTION('',(0.70710678118654,0.,-0.707106781186555));
#7872=DIRECTION('',(-1.,0.,0.));
#7873=DIRECTION('',(0.70710678118654,0.,0.707106781186555));
#7874=DIRECTION('',(-1.,0.,0.));
#7875=DIRECTION('',(0.70710678118654,0.,-0.707106781186555));
#7876=DIRECTION('',(-1.,0.,0.));
#7877=DIRECTION('',(0.70710678118654,0.,0.707106781186555));
#7878=DIRECTION('',(-1.,0.,0.));
#7879=DIRECTION('',(0.70710678118654,0.,-0.707106781186555));
#7880=DIRECTION('center_axis',(0.,0.,-1.));
#7881=DIRECTION('ref_axis',(0.707106781186547,-0.707106781186547,0.));
#7882=DIRECTION('',(0.,0.,1.));
#7883=DIRECTION('center_axis',(1.,0.,0.));
#7884=DIRECTION('ref_axis',(0.,0.,-1.));
#7885=DIRECTION('',(0.,0.,-1.));
#7886=DIRECTION('center_axis',(0.,0.,1.));
#7887=DIRECTION('ref_axis',(0.707106781186547,0.707106781186547,0.));
#7888=DIRECTION('center_axis',(0.,-0.992546151641323,0.12186934340514));
#7889=DIRECTION('ref_axis',(1.08241720835469E-17,0.12186934340514,0.992546151641323));
#7890=DIRECTION('',(0.,0.,1.));
#7891=DIRECTION('center_axis',(0.,-0.121869343405145,-0.992546151641322));
#7892=DIRECTION('ref_axis',(0.,0.992546151641322,-0.121869343405145));
#7893=DIRECTION('center_axis',(-0.707106781186571,1.88879021229437E-15,
0.707106781186524));
#7894=DIRECTION('ref_axis',(0.707106781186524,0.,0.707106781186571));
#7895=DIRECTION('',(0.707106781186524,0.,0.707106781186571));
#7896=DIRECTION('',(1.54465812121761E-15,1.,-1.12649461348663E-15));
#7897=DIRECTION('',(-0.707106781186524,0.,-0.707106781186571));
#7898=DIRECTION('',(-1.54465812121761E-15,-1.,1.00132854532145E-15));
#7899=DIRECTION('center_axis',(0.,1.12649461348663E-15,1.));
#7900=DIRECTION('ref_axis',(0.,-1.,1.12649461348663E-15));
#7901=DIRECTION('',(1.,0.,0.));
#7902=DIRECTION('',(0.,-1.,1.12649461348663E-15));
#7903=DIRECTION('center_axis',(0.,1.12649461348663E-15,1.));
#7904=DIRECTION('ref_axis',(-1.,0.,0.));
#7905=DIRECTION('',(0.,1.,-1.12649461348663E-15));
#7906=DIRECTION('',(1.,0.,0.));
#7907=DIRECTION('center_axis',(0.,-1.12649461348663E-15,-1.));
#7908=DIRECTION('ref_axis',(0.707106781186548,-0.707106781186548,0.));
#7909=DIRECTION('',(0.,1.,-1.12649461348663E-15));
#7910=DIRECTION('center_axis',(0.,1.12649461348663E-15,1.));
#7911=DIRECTION('ref_axis',(-3.58132966930468E-15,1.,-1.12009225732862E-15));
#7912=DIRECTION('center_axis',(0.,1.12649461348663E-15,1.));
#7913=DIRECTION('ref_axis',(-3.37471449607557E-15,1.,-1.13226717316915E-15));
#7914=DIRECTION('',(0.,-1.,1.12649461348663E-15));
#7915=DIRECTION('center_axis',(0.,-1.12649461348663E-15,-1.));
#7916=DIRECTION('ref_axis',(-0.707106781186554,-0.707106781186541,0.));
#7917=DIRECTION('',(1.,0.,0.));
#7918=DIRECTION('',(0.,-1.,1.12649461348663E-15));
#7919=DIRECTION('',(1.,0.,0.));
#7920=DIRECTION('center_axis',(0.,-1.12649461348663E-15,-1.));
#7921=DIRECTION('ref_axis',(1.,0.,0.));
#7922=DIRECTION('center_axis',(0.,1.,0.));
#7923=DIRECTION('ref_axis',(1.,0.,0.));
#7924=DIRECTION('',(-1.,0.,0.));
#7925=DIRECTION('',(0.707106781186539,0.,-0.707106781186556));
#7926=DIRECTION('',(1.,0.,0.));
#7927=DIRECTION('',(0.70710678118654,0.,0.707106781186555));
#7928=DIRECTION('',(-1.,0.,0.));
#7929=DIRECTION('',(0.70710678118654,0.,-0.707106781186555));
#7930=DIRECTION('',(0.,0.,-1.));
#7931=DIRECTION('',(-1.,0.,0.));
#7932=DIRECTION('',(0.,0.,-1.));
#7933=DIRECTION('center_axis',(0.707106781186556,-9.10867741880071E-14,
0.707106781186539));
#7934=DIRECTION('ref_axis',(0.707106781186539,0.,-0.707106781186556));
#7935=DIRECTION('',(-0.707106781186539,0.,0.707106781186556));
#7936=DIRECTION('',(-1.2994264602298E-13,-1.,1.12649461348663E-15));
#7937=DIRECTION('',(1.2994264602298E-13,1.,-1.00132854532145E-15));
#7938=DIRECTION('center_axis',(0.,1.12649461348663E-15,1.));
#7939=DIRECTION('ref_axis',(0.,-1.,1.12649461348663E-15));
#7940=DIRECTION('',(1.,0.,0.));
#7941=DIRECTION('',(0.,1.,-1.12649461348663E-15));
#7942=DIRECTION('center_axis',(0.,1.12649461348663E-15,1.));
#7943=DIRECTION('ref_axis',(-1.,0.,0.));
#7944=DIRECTION('center_axis',(-0.707106781186555,7.96551980166506E-16,
0.70710678118654));
#7945=DIRECTION('ref_axis',(0.70710678118654,0.,0.707106781186555));
#7946=DIRECTION('',(0.,1.,-1.12649461348663E-15));
#7947=DIRECTION('',(-0.70710678118654,0.,-0.707106781186555));
#7948=DIRECTION('',(0.,-1.,1.00132854532145E-15));
#7949=DIRECTION('center_axis',(0.,-1.,0.));
#7950=DIRECTION('ref_axis',(-1.,0.,0.));
#7951=DIRECTION('',(-1.,0.,0.));
#7952=DIRECTION('',(0.,0.,-1.));
#7953=DIRECTION('',(1.,0.,0.));
#7954=DIRECTION('',(0.,0.,-1.));
#7955=DIRECTION('',(-0.70710678118654,0.,0.707106781186555));
#7956=DIRECTION('',(1.,0.,0.));
#7957=DIRECTION('',(-0.70710678118654,0.,-0.707106781186555));
#7958=DIRECTION('',(-1.,0.,0.));
#7959=DIRECTION('',(-0.70710678118654,0.,0.707106781186555));
#7960=DIRECTION('',(1.,0.,0.));
#7961=DIRECTION('center_axis',(0.707106781186555,7.96551980166506E-16,0.70710678118654));
#7962=DIRECTION('ref_axis',(0.70710678118654,0.,-0.707106781186555));
#7963=DIRECTION('',(0.,-1.,1.12649461348663E-15));
#7964=DIRECTION('',(0.,1.,-1.00132854532145E-15));
#7965=DIRECTION('center_axis',(0.,1.12649461348663E-15,1.));
#7966=DIRECTION('ref_axis',(0.,-1.,1.12649461348663E-15));
#7967=DIRECTION('',(0.,1.,-1.12649461348663E-15));
#7968=DIRECTION('center_axis',(0.,1.12649461348663E-15,1.));
#7969=DIRECTION('ref_axis',(-1.,0.,0.));
#7970=DIRECTION('center_axis',(-0.707106781186555,7.96551980166506E-16,
0.70710678118654));
#7971=DIRECTION('ref_axis',(0.70710678118654,0.,0.707106781186555));
#7972=DIRECTION('',(0.,-1.,1.00132854532145E-15));
#7973=DIRECTION('center_axis',(0.707106781186555,7.96551980166506E-16,0.70710678118654));
#7974=DIRECTION('ref_axis',(0.70710678118654,0.,-0.707106781186555));
#7975=DIRECTION('',(0.,1.,-1.00132854532145E-15));
#7976=DIRECTION('center_axis',(-0.707106781186555,7.96551980166506E-16,
0.70710678118654));
#7977=DIRECTION('ref_axis',(0.70710678118654,0.,0.707106781186555));
#7978=DIRECTION('',(0.,1.,-1.12649461348663E-15));
#7979=DIRECTION('',(-0.70710678118654,0.,-0.707106781186555));
#7980=DIRECTION('',(0.,-1.,1.00132854532145E-15));
#7981=DIRECTION('center_axis',(0.,1.12649461348663E-15,1.));
#7982=DIRECTION('ref_axis',(0.,-1.,1.12649461348663E-15));
#7983=DIRECTION('',(0.,-1.,1.12649461348663E-15));
#7984=DIRECTION('',(-1.,0.,0.));
#7985=DIRECTION('center_axis',(0.,1.12649461348663E-15,1.));
#7986=DIRECTION('ref_axis',(-1.,0.,0.));
#7987=DIRECTION('center_axis',(0.707106781186555,7.96551980166506E-16,0.70710678118654));
#7988=DIRECTION('ref_axis',(0.70710678118654,0.,-0.707106781186555));
#7989=DIRECTION('',(-0.70710678118654,0.,0.707106781186555));
#7990=DIRECTION('',(0.,-1.,1.12649461348663E-15));
#7991=DIRECTION('',(0.,1.,-1.00132854532145E-15));
#7992=DIRECTION('center_axis',(0.,1.12649461348663E-15,1.));
#7993=DIRECTION('ref_axis',(0.,-1.,1.12649461348663E-15));
#7994=DIRECTION('',(-1.,0.,0.));
#7995=DIRECTION('',(0.,1.,-1.12649461348663E-15));
#7996=DIRECTION('center_axis',(0.,1.12649461348663E-15,1.));
#7997=DIRECTION('ref_axis',(1.,0.,0.));
#7998=DIRECTION('',(0.,-1.,1.12649461348663E-15));
#7999=DIRECTION('center_axis',(0.,-1.12649461348663E-15,-1.));
#8000=DIRECTION('ref_axis',(1.,0.,0.));
#8001=DIRECTION('center_axis',(0.,-1.,0.));
#8002=DIRECTION('ref_axis',(-1.,0.,0.));
#8003=DIRECTION('',(-0.70710678118654,0.,0.707106781186555));
#8004=DIRECTION('',(1.,0.,0.));
#8005=DIRECTION('',(-0.70710678118654,0.,-0.707106781186555));
#8006=DIRECTION('',(0.,0.,-1.));
#8007=DIRECTION('',(1.,0.,0.));
#8008=DIRECTION('',(0.,0.,-1.));
#8009=DIRECTION('',(1.,0.,0.));
#8010=DIRECTION('center_axis',(-0.707106781186555,7.96551980166506E-16,
0.70710678118654));
#8011=DIRECTION('ref_axis',(0.70710678118654,0.,0.707106781186555));
#8012=DIRECTION('',(0.,-1.,1.00132854532145E-15));
#8013=DIRECTION('center_axis',(0.707106781186555,7.96551980166506E-16,0.70710678118654));
#8014=DIRECTION('ref_axis',(0.70710678118654,0.,-0.707106781186555));
#8015=DIRECTION('',(0.,1.,-1.00132854532145E-15));
#8016=DIRECTION('center_axis',(-0.707106781186555,7.96551980166506E-16,
0.70710678118654));
#8017=DIRECTION('ref_axis',(0.70710678118654,0.,0.707106781186555));
#8018=DIRECTION('',(0.70710678118654,0.,0.707106781186555));
#8019=DIRECTION('',(0.,1.,-1.12649461348663E-15));
#8020=DIRECTION('',(-0.70710678118654,0.,-0.707106781186555));
#8021=DIRECTION('',(0.,-1.,1.00132854532145E-15));
#8022=DIRECTION('center_axis',(0.,1.12649461348663E-15,1.));
#8023=DIRECTION('ref_axis',(0.,-1.,1.12649461348663E-15));
#8024=DIRECTION('',(1.,0.,0.));
#8025=DIRECTION('',(0.,-1.,1.12649461348663E-15));
#8026=DIRECTION('',(1.,0.,0.));
#8027=DIRECTION('center_axis',(0.,1.12649461348663E-15,1.));
#8028=DIRECTION('ref_axis',(-1.,0.,0.));
#8029=DIRECTION('center_axis',(0.,1.,0.));
#8030=DIRECTION('ref_axis',(1.,0.,0.));
#8031=DIRECTION('',(-1.,0.,0.));
#8032=DIRECTION('',(0.70710678118654,0.,-0.707106781186555));
#8033=DIRECTION('',(0.,0.,1.));
#8034=DIRECTION('',(-1.,0.,0.));
#8035=DIRECTION('',(0.,0.,-1.));
#8036=DIRECTION('',(0.70710678118654,0.,0.707106781186555));
#8037=DIRECTION('',(-1.,0.,0.));
#8038=DIRECTION('',(0.70710678118654,0.,-0.707106781186555));
#8039=DIRECTION('center_axis',(0.707106781186555,7.96551980166506E-16,0.70710678118654));
#8040=DIRECTION('ref_axis',(0.70710678118654,0.,-0.707106781186555));
#8041=DIRECTION('',(-0.70710678118654,0.,0.707106781186555));
#8042=DIRECTION('',(0.,1.,-1.00132854532145E-15));
#8043=DIRECTION('center_axis',(-0.707106781186555,7.96551980166506E-16,
0.70710678118654));
#8044=DIRECTION('ref_axis',(0.70710678118654,0.,0.707106781186555));
#8045=DIRECTION('',(-0.70710678118654,0.,-0.707106781186555));
#8046=DIRECTION('',(0.,-1.,1.00132854532145E-15));
#8047=DIRECTION('center_axis',(0.707106781186555,7.96551980166506E-16,0.70710678118654));
#8048=DIRECTION('ref_axis',(0.70710678118654,0.,-0.707106781186555));
#8049=DIRECTION('',(-0.70710678118654,0.,0.707106781186555));
#8050=DIRECTION('',(0.,1.,-1.00132854532145E-15));
#8051=DIRECTION('center_axis',(-0.707106781186555,7.96551980166506E-16,
0.70710678118654));
#8052=DIRECTION('ref_axis',(0.70710678118654,0.,0.707106781186555));
#8053=DIRECTION('',(-0.70710678118654,0.,-0.707106781186555));
#8054=DIRECTION('',(0.,-1.,1.00132854532145E-15));
#8055=DIRECTION('center_axis',(0.707106781186555,7.96551980166506E-16,0.70710678118654));
#8056=DIRECTION('ref_axis',(0.70710678118654,0.,-0.707106781186555));
#8057=DIRECTION('',(-0.70710678118654,0.,0.707106781186555));
#8058=DIRECTION('',(0.,1.,-1.00132854532145E-15));
#8059=DIRECTION('center_axis',(0.,0.,1.));
#8060=DIRECTION('ref_axis',(-1.,0.,0.));
#8061=DIRECTION('',(-0.7071067811862,-8.65956056235068E-17,-0.707106781186895));
#8062=DIRECTION('center_axis',(0.,-1.00132854532145E-15,-1.));
#8063=DIRECTION('ref_axis',(-1.,0.,0.));
#8064=DIRECTION('center_axis',(0.,0.,1.));
#8065=DIRECTION('ref_axis',(-1.,0.,0.));
#8066=DIRECTION('',(-0.707106781186526,-8.65956056235467E-17,-0.707106781186569));
#8067=DIRECTION('center_axis',(0.,-1.00132854532145E-15,-1.));
#8068=DIRECTION('ref_axis',(-1.,0.,0.));
#8069=DIRECTION('center_axis',(0.,0.,1.));
#8070=DIRECTION('ref_axis',(-1.,0.,0.));
#8071=DIRECTION('',(-0.7071067811862,-8.65956056235068E-17,-0.707106781186895));
#8072=DIRECTION('center_axis',(0.,-1.00132854532145E-15,-1.));
#8073=DIRECTION('ref_axis',(-1.,0.,0.));
#8074=DIRECTION('center_axis',(0.,0.,1.));
#8075=DIRECTION('ref_axis',(-1.,0.,0.));
#8076=DIRECTION('',(-0.707106781186526,-8.65956056235467E-17,-0.707106781186569));
#8077=DIRECTION('center_axis',(0.,-1.00132854532145E-15,-1.));
#8078=DIRECTION('ref_axis',(-1.,0.,0.));
#8079=DIRECTION('center_axis',(0.,0.992546151641323,-0.12186934340514));
#8080=DIRECTION('ref_axis',(0.,0.12186934340514,0.992546151641323));
#8081=DIRECTION('',(1.,0.,0.));
#8082=DIRECTION('center_axis',(0.,0.992546151641323,-0.12186934340514));
#8083=DIRECTION('ref_axis',(0.,0.12186934340514,0.992546151641323));
#8084=DIRECTION('center_axis',(0.,-0.992546151641323,0.12186934340514));
#8085=DIRECTION('ref_axis',(-1.08241720835469E-17,0.12186934340514,0.992546151641323));
#8086=DIRECTION('',(1.,0.,0.));
#8087=DIRECTION('center_axis',(1.,9.45918650991069E-17,7.70388918635358E-16));
#8088=DIRECTION('ref_axis',(7.7617440494974E-16,-0.121869343405149,-0.992546151641322));
#8089=DIRECTION('center_axis',(0.,-0.121869343405149,-0.992546151641322));
#8090=DIRECTION('ref_axis',(-0.707106781186546,0.701836114466192,-0.0861746391405329));
#8091=DIRECTION('center_axis',(4.40779036222114E-15,-0.12186934340515,-0.992546151641322));
#8092=DIRECTION('ref_axis',(-1.,0.,-4.44089209850061E-15));
#8093=DIRECTION('',(0.,-0.121869343405149,-0.992546151641322));
#8094=DIRECTION('center_axis',(-0.0462877659784562,-0.121738717374777,-0.991482287997455));
#8095=DIRECTION('ref_axis',(-0.934714590220695,0.355399261153648,-4.44089209850062E-15));
#8096=DIRECTION('center_axis',(-1.36062077922627E-16,0.99812080431864,-0.0612769123431598));
#8097=DIRECTION('ref_axis',(0.,-0.0612769123431598,-0.99812080431864));
#8098=DIRECTION('center_axis',(0.,-0.121869343405154,-0.992546151641321));
#8099=DIRECTION('ref_axis',(-1.,0.,0.));
#8100=DIRECTION('center_axis',(0.,-0.121869343405149,-0.992546151641322));
#8101=DIRECTION('ref_axis',(-0.707106781186546,0.701836114466192,-0.0861746391405329));
#8102=DIRECTION('',(0.,-0.121869343405149,-0.992546151641322));
#8103=DIRECTION('center_axis',(0.,-0.12186934340515,-0.992546151641322));
#8104=DIRECTION('ref_axis',(-1.,0.,0.));
#8105=DIRECTION('center_axis',(-0.335726876491104,-0.864469373970661,-0.374139233265238));
#8106=DIRECTION('ref_axis',(-0.577350269189623,0.502685489612319,-0.643408086054173));
#8107=DIRECTION('center_axis',(0.,-0.992546151641322,0.121869343405147));
#8108=DIRECTION('ref_axis',(-0.707106781186546,-0.0861746391405305,-0.701836114466192));
#8109=DIRECTION('center_axis',(1.,0.,0.));
#8110=DIRECTION('ref_axis',(0.,0.615661475325657,-0.788010753606723));
#8111=DIRECTION('center_axis',(0.,0.992546151641322,-0.121869343405147));
#8112=DIRECTION('ref_axis',(-0.707106781186546,-0.0861746391405274,-0.701836114466192));
#8113=DIRECTION('',(0.,-0.992546151641322,0.121869343405147));
#8114=DIRECTION('center_axis',(2.73408618112501E-15,0.788010753606711,0.615661475325673));
#8115=DIRECTION('ref_axis',(2.7340861811251E-15,0.615661475325673,-0.788010753606711));
#8116=DIRECTION('',(0.,0.992546151641322,-0.121869343405147));
#8117=DIRECTION('center_axis',(1.,0.,0.));
#8118=DIRECTION('ref_axis',(0.,0.,-1.));
#8119=DIRECTION('center_axis',(0.,0.,-1.));
#8120=DIRECTION('ref_axis',(1.,0.,0.));
#8121=DIRECTION('center_axis',(-1.,0.,0.));
#8122=DIRECTION('ref_axis',(0.,0.707106781186548,-0.707106781186548));
#8123=DIRECTION('center_axis',(0.,-1.,0.));
#8124=DIRECTION('ref_axis',(1.,0.,0.));
#8125=DIRECTION('center_axis',(1.,0.,0.));
#8126=DIRECTION('ref_axis',(0.,0.707106781186548,-0.707106781186548));
#8127=DIRECTION('center_axis',(0.,0.,1.));
#8128=DIRECTION('ref_axis',(0.707106781186548,-0.707106781186548,0.));
#8129=DIRECTION('',(0.,0.,1.));
#8130=DIRECTION('',(0.,0.,-1.));
#8131=DIRECTION('center_axis',(-1.,0.,0.));
#8132=DIRECTION('ref_axis',(0.,0.,1.));
#8133=DIRECTION('center_axis',(-1.,0.,0.));
#8134=DIRECTION('ref_axis',(0.,0.,1.));
#8135=DIRECTION('',(0.,1.,0.));
#8136=DIRECTION('',(0.,-0.788010753606722,0.615661475325659));
#8137=DIRECTION('',(0.,-0.992546151641322,0.121869343405147));
#8138=DIRECTION('',(0.,0.121869343405147,0.992546151641322));
#8139=DIRECTION('',(0.,-0.992546151641322,0.121869343405147));
#8140=DIRECTION('',(0.,-0.121869343405145,-0.992546151641322));
#8141=DIRECTION('',(0.,-0.992546151641322,0.121869343405147));
#8142=DIRECTION('',(0.,-0.121869343405145,-0.992546151641322));
#8143=DIRECTION('',(0.,-0.992546151641322,0.121869343405147));
#8144=DIRECTION('',(0.,-0.121869343405145,-0.992546151641322));
#8145=DIRECTION('center_axis',(0.335726876491109,-0.864469373970652,-0.374139233265255));
#8146=DIRECTION('ref_axis',(0.577350269189621,0.502685489612331,-0.643408086054164));
#8147=DIRECTION('center_axis',(0.,0.121869343405148,0.992546151641322));
#8148=DIRECTION('ref_axis',(1.,0.,0.));
#8149=DIRECTION('center_axis',(-1.,0.,0.));
#8150=DIRECTION('ref_axis',(0.,0.615661475325657,-0.788010753606723));
#8151=DIRECTION('center_axis',(0.,-0.992546151641322,0.121869343405147));
#8152=DIRECTION('ref_axis',(0.707106781186548,-0.0861746391405307,-0.70183611446619));
#8153=DIRECTION('center_axis',(0.,0.121869343405149,0.992546151641322));
#8154=DIRECTION('ref_axis',(0.707106781186549,0.701836114466188,-0.0861746391405325));
#8155=DIRECTION('center_axis',(-1.08241720835478E-15,0.12186934340515,0.992546151641322));
#8156=DIRECTION('ref_axis',(1.,8.88178419700128E-15,0.));
#8157=DIRECTION('',(0.,0.121869343405149,0.992546151641322));
#8158=DIRECTION('center_axis',(-0.0462877659209448,0.121738717375105,0.9914822880001));
#8159=DIRECTION('ref_axis',(0.934714590220669,0.355399261153715,-5.43498579475006E-11));
#8160=DIRECTION('center_axis',(-2.20389518111058E-14,0.12186934340515,0.992546151641322));
#8161=DIRECTION('ref_axis',(1.,0.,2.22044604925032E-14));
#8162=DIRECTION('center_axis',(-1.36062077922627E-16,0.99812080431864,-0.0612769123431598));
#8163=DIRECTION('ref_axis',(0.,-0.0612769123431598,-0.99812080431864));
#8164=DIRECTION('center_axis',(0.,0.121869343405149,0.992546151641322));
#8165=DIRECTION('ref_axis',(0.707106781186549,0.701836114466188,-0.0861746391405325));
#8166=DIRECTION('',(0.,0.121869343405149,0.992546151641322));
#8167=DIRECTION('center_axis',(0.,0.,-1.));
#8168=DIRECTION('ref_axis',(-0.707106781186554,-0.707106781186541,0.));
#8169=DIRECTION('center_axis',(0.,0.,1.));
#8170=DIRECTION('ref_axis',(-1.,0.,0.));
#8171=DIRECTION('',(0.,0.,-1.));
#8172=DIRECTION('center_axis',(-1.,0.,0.));
#8173=DIRECTION('ref_axis',(0.,0.,1.));
#8174=DIRECTION('center_axis',(-1.,0.,0.));
#8175=DIRECTION('ref_axis',(0.,0.707106781186548,-0.707106781186548));
#8176=DIRECTION('center_axis',(0.,1.,0.));
#8177=DIRECTION('ref_axis',(-1.,0.,0.));
#8178=DIRECTION('center_axis',(1.,0.,0.));
#8179=DIRECTION('ref_axis',(0.,0.707106781186548,-0.707106781186548));
#8180=DIRECTION('center_axis',(1.,0.,0.));
#8181=DIRECTION('ref_axis',(0.,0.,-1.));
#8182=DIRECTION('',(0.,0.992546151641322,-0.121869343405147));
#8183=DIRECTION('',(0.,0.121869343405145,0.992546151641322));
#8184=DIRECTION('',(0.,0.992546151641322,-0.121869343405147));
#8185=DIRECTION('',(0.,-0.121869343405147,-0.992546151641322));
#8186=DIRECTION('',(0.,0.992546151641322,-0.121869343405147));
#8187=DIRECTION('',(0.,0.788010753606722,-0.615661475325659));
#8188=DIRECTION('',(0.,-1.,0.));
#8189=DIRECTION('center_axis',(1.,0.,0.));
#8190=DIRECTION('ref_axis',(0.,0.,-1.));
#8191=DIRECTION('center_axis',(0.,-0.992546151641322,0.121869343405147));
#8192=DIRECTION('ref_axis',(0.707106781186553,-0.0861746391405267,-0.701836114466186));
#8193=DIRECTION('',(0.,-0.992546151641322,0.121869343405147));
#8194=DIRECTION('center_axis',(-2.734086181125E-15,0.788010753606715,0.615661475325667));
#8195=DIRECTION('ref_axis',(2.73408618112505E-15,-0.615661475325667,0.788010753606715));
#8196=DIRECTION('center_axis',(1.,0.,0.));
#8197=DIRECTION('ref_axis',(0.,0.615661475325657,-0.788010753606723));
#8198=DIRECTION('center_axis',(0.707106781186521,0.0861746391405143,0.701836114466219));
#8199=DIRECTION('ref_axis',(0.707106781186574,-0.0861746391405518,-0.701836114466161));
#8200=DIRECTION('',(1.,0.,0.));
#8201=DIRECTION('center_axis',(-1.,0.,0.));
#8202=DIRECTION('ref_axis',(0.,0.325568154457158,0.945518575599316));
#8203=DIRECTION('',(1.,0.,0.));
#8204=DIRECTION('center_axis',(-0.707106781186543,-0.707106781186552,1.57009245868378E-15));
#8205=DIRECTION('ref_axis',(0.707106781186552,-0.707106781186543,1.57009245868376E-15));
#8206=DIRECTION('',(-1.,0.,0.));
#8207=DIRECTION('center_axis',(0.707106781186548,-0.707106781186547,1.57009245868377E-15));
#8208=DIRECTION('ref_axis',(0.707106781186547,0.707106781186548,-1.57009245868377E-15));
#8209=DIRECTION('center_axis',(0.,-1.,0.));
#8210=DIRECTION('ref_axis',(-0.707106781186551,0.,0.707106781186544));
#8211=DIRECTION('',(0.,1.,0.));
#8212=DIRECTION('center_axis',(0.,0.615661475325659,0.788010753606722));
#8213=DIRECTION('ref_axis',(-1.28160289740232E-16,-0.788010753606722,0.615661475325659));
#8214=DIRECTION('center_axis',(0.,1.,0.));
#8215=DIRECTION('ref_axis',(0.707106781186544,0.,0.707106781186551));
#8216=DIRECTION('',(0.,-1.,0.));
#8217=DIRECTION('center_axis',(0.,0.615661475325659,0.788010753606722));
#8218=DIRECTION('ref_axis',(-4.27200965800774E-17,-0.788010753606722,0.615661475325659));
#8219=DIRECTION('center_axis',(0.,-0.615661475325659,-0.788010753606722));
#8220=DIRECTION('ref_axis',(0.,0.788010753606722,-0.615661475325659));
#8221=DIRECTION('center_axis',(0.,0.615661475325659,0.788010753606722));
#8222=DIRECTION('ref_axis',(1.07213836748205E-16,0.788010753606722,-0.615661475325659));
#8223=DIRECTION('',(-1.,0.,0.));
#8224=DIRECTION('',(0.,-0.788010753606722,0.615661475325659));
#8225=DIRECTION('',(1.,0.,0.));
#8226=DIRECTION('',(0.,0.788010753606722,-0.615661475325659));
#8227=DIRECTION('',(1.,0.,0.));
#8228=DIRECTION('center_axis',(0.,0.615661475325659,0.788010753606722));
#8229=DIRECTION('ref_axis',(-3.5737945582735E-17,0.788010753606722,-0.615661475325659));
#8230=DIRECTION('center_axis',(0.,0.,1.));
#8231=DIRECTION('ref_axis',(1.,0.,0.));
#8232=DIRECTION('center_axis',(4.68327725985999E-15,0.992546151641322,-0.121869343405147));
#8233=DIRECTION('ref_axis',(0.,-0.121869343405147,-0.992546151641322));
#8234=DIRECTION('center_axis',(-1.,0.,0.));
#8235=DIRECTION('ref_axis',(0.,-0.615661475325658,-0.788010753606722));
#8236=DIRECTION('center_axis',(0.,-0.788010753606727,0.615661475325652));
#8237=DIRECTION('ref_axis',(1.,0.,0.));
#8238=DIRECTION('center_axis',(0.,0.,1.));
#8239=DIRECTION('ref_axis',(1.,0.,0.));
#8240=DIRECTION('center_axis',(0.,0.121869343405141,0.992546151641323));
#8241=DIRECTION('ref_axis',(1.,0.,0.));
#8242=DIRECTION('center_axis',(0.,0.992546151641322,-0.121869343405148));
#8243=DIRECTION('ref_axis',(0.,-0.121869343405148,-0.992546151641322));
#8244=DIRECTION('center_axis',(-1.,0.,0.));
#8245=DIRECTION('ref_axis',(0.,-0.992546151641322,0.121869343405145));
#8246=DIRECTION('center_axis',(0.,0.,1.));
#8247=DIRECTION('ref_axis',(1.,0.,0.));
#8248=DIRECTION('center_axis',(0.,0.992546151641322,-0.121869343405145));
#8249=DIRECTION('ref_axis',(-1.,0.,0.));
#8250=DIRECTION('center_axis',(1.07173784560883E-14,-0.788010753606722,
0.615661475325659));
#8251=DIRECTION('ref_axis',(0.,-0.615661475325659,-0.788010753606722));
#8252=DIRECTION('center_axis',(1.,0.,0.));
#8253=DIRECTION('ref_axis',(0.,-0.121869343405147,-0.992546151641322));
#8254=DIRECTION('center_axis',(0.,-0.788010753606722,0.615661475325659));
#8255=DIRECTION('ref_axis',(-0.707106781186548,-0.435338404118086,-0.557207747523235));
#8256=DIRECTION('',(0.,-0.788010753606722,0.615661475325659));
#8257=DIRECTION('center_axis',(0.,0.121869343405147,0.992546151641322));
#8258=DIRECTION('ref_axis',(0.,-0.992546151641322,0.121869343405147));
#8259=DIRECTION('center_axis',(-0.70710678118655,-0.557207747523234,0.435338404118085));
#8260=DIRECTION('ref_axis',(-0.707106781186545,0.557207747523235,-0.43533840411809));
#8261=DIRECTION('center_axis',(-1.,0.,0.));
#8262=DIRECTION('ref_axis',(0.,-0.38268343236509,-0.923879532511287));
#8263=DIRECTION('',(-1.,0.,0.));
#8264=DIRECTION('center_axis',(0.335726876491095,-0.864469373970667,-0.374139233265234));
#8265=DIRECTION('ref_axis',(0.577350269189627,0.502685489612308,-0.643408086054177));
#8266=DIRECTION('center_axis',(-4.40779036222117E-15,0.121869343405145,
0.992546151641322));
#8267=DIRECTION('ref_axis',(0.,0.992546151641322,-0.121869343405145));
#8268=DIRECTION('center_axis',(-1.,0.,0.));
#8269=DIRECTION('ref_axis',(0.,-0.12186934340515,-0.992546151641322));
#8270=DIRECTION('center_axis',(0.,-0.992546151641325,0.121869343405124));
#8271=DIRECTION('ref_axis',(1.,0.,0.));
#8272=DIRECTION('center_axis',(0.,0.,1.));
#8273=DIRECTION('ref_axis',(1.,0.,0.));
#8274=DIRECTION('center_axis',(0.,0.121869343405145,0.992546151641322));
#8275=DIRECTION('ref_axis',(0.,-0.992546151641322,0.121869343405145));
#8276=DIRECTION('center_axis',(1.,2.20389518111058E-15,-2.70604302088687E-16));
#8277=DIRECTION('ref_axis',(0.,-0.121869343405147,-0.992546151641322));
#8278=DIRECTION('center_axis',(0.,0.992546151641322,-0.121869343405148));
#8279=DIRECTION('ref_axis',(-1.,0.,0.));
#8280=DIRECTION('center_axis',(1.,4.40779036222115E-16,-5.41208604177375E-17));
#8281=DIRECTION('ref_axis',(0.,-0.78801075360672,-0.615661475325661));
#8282=DIRECTION('center_axis',(1.,0.,0.));
#8283=DIRECTION('ref_axis',(0.,-0.992546151641322,0.121869343405145));
#8284=DIRECTION('',(-1.,-4.40779036222115E-16,5.41208604177375E-17));
#8285=DIRECTION('',(1.,4.40779036222115E-16,-5.41208604177375E-17));
#8286=DIRECTION('center_axis',(0.,-0.121869343405147,-0.992546151641322));
#8287=DIRECTION('ref_axis',(-1.,0.,0.));
#8288=DIRECTION('center_axis',(5.50973795277645E-16,-0.992546151641322,
0.121869343405147));
#8289=DIRECTION('ref_axis',(-1.,-5.55111512312579E-16,0.));
#8290=DIRECTION('center_axis',(0.,0.121869343405147,0.992546151641322));
#8291=DIRECTION('ref_axis',(0.707106781186547,0.70183611446619,-0.0861746391405313));
#8292=DIRECTION('center_axis',(0.,-0.121869343405147,-0.992546151641322));
#8293=DIRECTION('ref_axis',(0.707106781186547,0.70183611446619,-0.0861746391405313));
#8294=DIRECTION('center_axis',(0.,-0.992546151641322,0.121869343405147));
#8295=DIRECTION('ref_axis',(-0.707106781186548,-0.0861746391405311,-0.70183611446619));
#8296=DIRECTION('',(0.,0.992546151641322,-0.121869343405147));
#8297=DIRECTION('',(0.,-0.992546151641322,0.121869343405147));
#8298=DIRECTION('center_axis',(0.33572687649111,-0.864469373970654,-0.374139233265249));
#8299=DIRECTION('ref_axis',(0.577350269189623,0.502685489612319,-0.643408086054173));
#8300=DIRECTION('center_axis',(-1.,0.,0.));
#8301=DIRECTION('ref_axis',(0.,-0.12186934340515,-0.992546151641322));
#8302=DIRECTION('center_axis',(0.,-0.992546151641323,0.12186934340514));
#8303=DIRECTION('ref_axis',(1.,0.,0.));
#8304=DIRECTION('center_axis',(-4.40779036222117E-15,0.12186934340515,0.992546151641322));
#8305=DIRECTION('ref_axis',(0.,0.992546151641322,-0.12186934340515));
#8306=DIRECTION('center_axis',(-1.,0.,0.));
#8307=DIRECTION('ref_axis',(0.,0.615661475325652,-0.788010753606727));
#8308=DIRECTION('center_axis',(-1.,0.,0.));
#8309=DIRECTION('ref_axis',(0.,0.992546151641322,-0.121869343405146));
#8310=DIRECTION('',(1.,0.,0.));
#8311=DIRECTION('',(-1.,0.,0.));
#8312=DIRECTION('center_axis',(0.,-0.121869343405147,-0.992546151641322));
#8313=DIRECTION('ref_axis',(-1.,0.,0.));
#8314=DIRECTION('center_axis',(0.,0.992546151641322,-0.121869343405147));
#8315=DIRECTION('ref_axis',(1.,0.,0.));
#8316=DIRECTION('center_axis',(0.,0.121869343405147,0.992546151641322));
#8317=DIRECTION('ref_axis',(-0.707106781186549,-0.701836114466189,0.0861746391405312));
#8318=DIRECTION('center_axis',(0.,-0.121869343405147,-0.992546151641322));
#8319=DIRECTION('ref_axis',(-0.707106781186549,-0.701836114466189,0.0861746391405311));
#8320=DIRECTION('center_axis',(0.,0.992546151641322,-0.121869343405147));
#8321=DIRECTION('ref_axis',(0.70710678118654,-0.0861746391405282,-0.701836114466198));
#8322=DIRECTION('',(0.,-0.992546151641322,0.121869343405147));
#8323=DIRECTION('',(0.,0.992546151641322,-0.121869343405147));
#8324=DIRECTION('center_axis',(0.,0.121869343405149,0.992546151641322));
#8325=DIRECTION('ref_axis',(0.707106781186537,0.701836114466201,-0.0861746391405341));
#8326=DIRECTION('',(0.,0.121869343405149,0.992546151641322));
#8327=DIRECTION('center_axis',(-0.335726876491104,-0.864469373970661,-0.374139233265238));
#8328=DIRECTION('ref_axis',(-0.577350269189625,0.502685489612317,-0.643408086054172));
#8329=DIRECTION('center_axis',(0.,0.121869343405145,0.992546151641322));
#8330=DIRECTION('ref_axis',(-1.,0.,0.));
#8331=DIRECTION('center_axis',(0.,-0.992546151641322,0.12186934340515));
#8332=DIRECTION('ref_axis',(0.,-0.12186934340515,-0.992546151641322));
#8333=DIRECTION('center_axis',(1.,-2.70604302088687E-16,-2.20389518111057E-15));
#8334=DIRECTION('ref_axis',(0.,0.992546151641322,-0.121869343405146));
#8335=DIRECTION('center_axis',(0.,-0.992546151641322,0.121869343405147));
#8336=DIRECTION('ref_axis',(-0.707106781186548,-0.0861746391405335,-0.70183611446619));
#8337=DIRECTION('',(0.,0.992546151641322,-0.121869343405147));
#8338=DIRECTION('center_axis',(-0.335726876491098,-0.864469373970665,-0.374139233265233));
#8339=DIRECTION('ref_axis',(-0.577350269189627,0.502685489612308,-0.643408086054177));
#8340=DIRECTION('center_axis',(0.,-0.992546151641323,0.121869343405142));
#8341=DIRECTION('ref_axis',(0.,-0.121869343405142,-0.992546151641323));
#8342=DIRECTION('center_axis',(1.,2.70604302088697E-16,2.20389518111057E-15));
#8343=DIRECTION('ref_axis',(0.,0.992546151641322,-0.121869343405151));
#8344=DIRECTION('center_axis',(0.,0.121869343405145,0.992546151641322));
#8345=DIRECTION('ref_axis',(-1.,0.,0.));
#8346=DIRECTION('center_axis',(1.,0.,0.));
#8347=DIRECTION('ref_axis',(0.,0.615661475325657,-0.788010753606723));
#8348=DIRECTION('',(1.,0.,0.));
#8349=DIRECTION('center_axis',(0.,-0.121869343405149,-0.992546151641322));
#8350=DIRECTION('ref_axis',(-0.707106781186543,0.701836114466195,-0.0861746391405333));
#8351=DIRECTION('',(0.,-0.121869343405149,-0.992546151641322));
#8352=DIRECTION('center_axis',(-0.707106781186547,0.086174639140549,0.701836114466189));
#8353=DIRECTION('ref_axis',(0.707106781186548,0.0861746391405171,0.701836114466191));
#8354=DIRECTION('center_axis',(1.,0.,0.));
#8355=DIRECTION('ref_axis',(0.,-0.788010753606723,-0.615661475325657));
#8356=DIRECTION('',(1.,0.,0.));
#8357=DIRECTION('center_axis',(1.,0.,0.));
#8358=DIRECTION('ref_axis',(0.,-0.992546151641322,0.121869343405145));
#8359=DIRECTION('',(-1.,0.,0.));
#8360=DIRECTION('center_axis',(-0.707106781186547,0.70183611446619,-0.0861746391405335));
#8361=DIRECTION('ref_axis',(-0.707106781186548,-0.70183611446619,0.0861746391405334));
#8362=DIRECTION('center_axis',(0.335726876491112,-0.864469373970654,-0.374139233265248));
#8363=DIRECTION('ref_axis',(0.577350269189621,0.502685489612331,-0.643408086054164));
#8364=DIRECTION('center_axis',(-1.,-1.1019475905553E-15,1.35302151044348E-16));
#8365=DIRECTION('ref_axis',(0.,-0.12186934340515,-0.992546151641322));
#8366=DIRECTION('center_axis',(0.,-0.992546151641323,0.121869343405142));
#8367=DIRECTION('ref_axis',(1.,0.,0.));
#8368=DIRECTION('center_axis',(4.40779036222115E-15,0.121869343405151,0.992546151641322));
#8369=DIRECTION('ref_axis',(0.,0.992546151641322,-0.121869343405151));
#8370=DIRECTION('center_axis',(0.,-0.992546151641322,0.121869343405147));
#8371=DIRECTION('ref_axis',(-0.707106781186548,-0.0861746391405335,-0.70183611446619));
#8372=DIRECTION('center_axis',(-8.8155807244423E-15,-0.992546151641323,
0.121869343405142));
#8373=DIRECTION('ref_axis',(-1.,8.88178419700124E-15,0.));
#8374=DIRECTION('',(0.,0.992546151641322,-0.121869343405147));
#8375=DIRECTION('',(0.,-0.992546151641322,0.121869343405147));
#8376=DIRECTION('center_axis',(0.,-0.121869343405147,-0.992546151641322));
#8377=DIRECTION('ref_axis',(-1.,0.,0.));
#8378=DIRECTION('center_axis',(0.,0.992546151641322,-0.121869343405147));
#8379=DIRECTION('ref_axis',(1.,0.,0.));
#8380=DIRECTION('center_axis',(0.,0.121869343405147,0.992546151641322));
#8381=DIRECTION('ref_axis',(0.,-0.992546151641322,0.121869343405147));
#8382=DIRECTION('center_axis',(0.,-0.121869343405147,-0.992546151641322));
#8383=DIRECTION('ref_axis',(0.,-0.992546151641322,0.121869343405147));
#8384=DIRECTION('center_axis',(0.,0.992546151641322,-0.121869343405147));
#8385=DIRECTION('ref_axis',(0.70710678118655,-0.0861746391405339,-0.701836114466187));
#8386=DIRECTION('',(0.,-0.992546151641322,0.121869343405147));
#8387=DIRECTION('',(0.,0.992546151641322,-0.121869343405147));
#8388=DIRECTION('center_axis',(0.,0.121869343405149,0.992546151641322));
#8389=DIRECTION('ref_axis',(0.707106781186551,0.701836114466187,-0.0861746391405338));
#8390=DIRECTION('',(0.,0.121869343405149,0.992546151641322));
#8391=DIRECTION('center_axis',(0.707106781186522,0.0861746391405056,0.701836114466219));
#8392=DIRECTION('ref_axis',(0.707106781186573,-0.0861746391405605,-0.701836114466161));
#8393=DIRECTION('center_axis',(-0.335726876491128,-0.864469373970641,-0.374139233265263));
#8394=DIRECTION('ref_axis',(-0.577350269189613,0.502685489612347,-0.643408086054159));
#8395=DIRECTION('center_axis',(0.,0.12186934340515,0.992546151641322));
#8396=DIRECTION('ref_axis',(-1.,0.,0.));
#8397=DIRECTION('center_axis',(-1.76311614488846E-14,-0.992546151641323,
0.121869343405141));
#8398=DIRECTION('ref_axis',(0.,-0.121869343405141,-0.992546151641323));
#8399=DIRECTION('center_axis',(1.,-2.70604302088686E-16,-2.20389518111058E-15));
#8400=DIRECTION('ref_axis',(0.,0.992546151641322,-0.121869343405145));
#8401=DIRECTION('center_axis',(0.,-0.992546151641322,0.121869343405147));
#8402=DIRECTION('ref_axis',(-0.707106781186548,-0.0861746391405335,-0.70183611446619));
#8403=DIRECTION('',(0.,0.992546151641322,-0.121869343405147));
#8404=DIRECTION('center_axis',(-0.335726876491097,-0.864469373970666,-0.374139233265233));
#8405=DIRECTION('ref_axis',(-0.577350269189627,0.502685489612308,-0.643408086054177));
#8406=DIRECTION('center_axis',(0.,-0.992546151641323,0.121869343405142));
#8407=DIRECTION('ref_axis',(0.,-0.121869343405142,-0.992546151641323));
#8408=DIRECTION('center_axis',(1.,0.,0.));
#8409=DIRECTION('ref_axis',(0.,0.992546151641322,-0.121869343405151));
#8410=DIRECTION('center_axis',(0.,0.121869343405145,0.992546151641322));
#8411=DIRECTION('ref_axis',(-1.,0.,0.));
#8412=DIRECTION('center_axis',(1.,0.,0.));
#8413=DIRECTION('ref_axis',(0.,0.615661475325657,-0.788010753606723));
#8414=DIRECTION('',(1.,0.,0.));
#8415=DIRECTION('center_axis',(0.,0.121869343405145,0.992546151641322));
#8416=DIRECTION('ref_axis',(-0.707106781186553,0.701836114466186,-0.0861746391405274));
#8417=DIRECTION('',(0.,0.121869343405145,0.992546151641322));
#8418=DIRECTION('center_axis',(0.,-0.121869343405149,-0.992546151641322));
#8419=DIRECTION('ref_axis',(-0.707106781186544,0.701836114466193,-0.0861746391405331));
#8420=DIRECTION('',(0.,-0.121869343405149,-0.992546151641322));
#8421=DIRECTION('center_axis',(-0.707106781186544,0.0861746391405462,0.701836114466192));
#8422=DIRECTION('ref_axis',(0.707106781186551,0.0861746391405199,0.701836114466188));
#8423=DIRECTION('center_axis',(1.,0.,0.));
#8424=DIRECTION('ref_axis',(0.,0.615661475325657,-0.788010753606723));
#8425=DIRECTION('',(1.,0.,0.));
#8426=DIRECTION('center_axis',(0.,-0.992546151641322,0.121869343405147));
#8427=DIRECTION('ref_axis',(-0.707106781186548,-0.0861746391405335,-0.70183611446619));
#8428=DIRECTION('center_axis',(-8.8155807244423E-15,-0.992546151641323,
0.121869343405142));
#8429=DIRECTION('ref_axis',(-1.,8.88178419700124E-15,0.));
#8430=DIRECTION('',(0.,0.992546151641322,-0.121869343405147));
#8431=DIRECTION('',(0.,-0.992546151641322,0.121869343405147));
#8432=DIRECTION('center_axis',(0.,-0.121869343405147,-0.992546151641322));
#8433=DIRECTION('ref_axis',(-1.,0.,0.));
#8434=DIRECTION('center_axis',(-1.,0.,0.));
#8435=DIRECTION('ref_axis',(0.,0.992546151641322,-0.121869343405148));
#8436=DIRECTION('center_axis',(0.,0.121869343405147,0.992546151641322));
#8437=DIRECTION('ref_axis',(0.707106781186547,-0.701836114466191,0.0861746391405314));
#8438=DIRECTION('center_axis',(0.,-0.121869343405147,-0.992546151641322));
#8439=DIRECTION('ref_axis',(0.707106781186547,-0.701836114466191,0.0861746391405313));
#8440=DIRECTION('center_axis',(-1.,0.,0.));
#8441=DIRECTION('ref_axis',(0.,0.61566147532566,-0.788010753606721));
#8442=DIRECTION('',(1.,0.,0.));
#8443=DIRECTION('',(-1.,0.,0.));
#8444=DIRECTION('center_axis',(0.,-0.121869343405147,-0.992546151641322));
#8445=DIRECTION('ref_axis',(1.,0.,0.));
#8446=DIRECTION('center_axis',(-1.,0.,0.));
#8447=DIRECTION('ref_axis',(0.,0.992546151641322,-0.121869343405145));
#8448=DIRECTION('center_axis',(0.,0.121869343405147,0.992546151641322));
#8449=DIRECTION('ref_axis',(1.,1.9020353845386E-15,-2.33540579512358E-16));
#8450=DIRECTION('center_axis',(0.,-0.121869343405147,-0.992546151641322));
#8451=DIRECTION('ref_axis',(1.,1.89663100040131E-15,-2.77555756156289E-16));
#8452=DIRECTION('center_axis',(-1.,0.,0.));
#8453=DIRECTION('ref_axis',(0.,0.615661475325649,-0.788010753606729));
#8454=DIRECTION('',(1.,0.,0.));
#8455=DIRECTION('',(-1.,0.,0.));
#8456=DIRECTION('center_axis',(1.,0.,0.));
#8457=DIRECTION('ref_axis',(0.,0.615661475325657,-0.788010753606723));
#8458=DIRECTION('',(1.,0.,0.));
#8459=DIRECTION('center_axis',(0.,0.121869343405145,0.992546151641322));
#8460=DIRECTION('ref_axis',(-0.707106781186552,0.701836114466185,-0.0861746391405337));
#8461=DIRECTION('',(0.,0.121869343405145,0.992546151641322));
#8462=DIRECTION('center_axis',(0.,0.78801075360672,0.61566147532566));
#8463=DIRECTION('ref_axis',(0.,0.61566147532566,-0.78801075360672));
#8464=DIRECTION('center_axis',(0.,0.992546151641322,-0.121869343405147));
#8465=DIRECTION('ref_axis',(-0.707106781186546,-0.0861746391405274,-0.701836114466192));
#8466=DIRECTION('',(0.,0.992546151641322,-0.121869343405147));
#8467=DIRECTION('center_axis',(0.,0.992546151641322,-0.121869343405145));
#8468=DIRECTION('ref_axis',(-0.707106781186546,-0.0861746391405274,-0.701836114466192));
#8469=DIRECTION('center_axis',(0.,-0.121869343405147,-0.992546151641322));
#8470=DIRECTION('ref_axis',(-0.707106781186549,-0.70183611446619,0.0861746391405269));
#8471=DIRECTION('',(0.,-0.121869343405147,-0.992546151641322));
#8472=DIRECTION('center_axis',(0.,-0.615661475325651,0.788010753606728));
#8473=DIRECTION('ref_axis',(0.,0.788010753606728,0.615661475325651));
#8474=DIRECTION('center_axis',(0.,0.992546151641322,-0.121869343405147));
#8475=DIRECTION('ref_axis',(0.707106781186552,-0.0861746391405329,-0.701836114466185));
#8476=DIRECTION('',(0.,-0.992546151641322,0.121869343405147));
#8477=DIRECTION('center_axis',(0.,-0.121869343405145,-0.992546151641322));
#8478=DIRECTION('ref_axis',(0.707106781186555,0.701836114466182,-0.0861746391405333));
#8479=DIRECTION('',(0.,-0.121869343405145,-0.992546151641322));
#8480=DIRECTION('center_axis',(0.,0.992546151641322,-0.121869343405147));
#8481=DIRECTION('ref_axis',(-0.707106781186548,-0.0861746391405335,-0.70183611446619));
#8482=DIRECTION('',(0.,0.992546151641322,-0.121869343405147));
#8483=DIRECTION('center_axis',(-0.707106781186551,0.701836114466187,-0.0861746391405304));
#8484=DIRECTION('ref_axis',(0.707106781186544,0.701836114466193,-0.0861746391405312));
#8485=DIRECTION('center_axis',(0.,0.992546151641322,-0.121869343405147));
#8486=DIRECTION('ref_axis',(0.70710678118654,-0.0861746391405323,-0.701836114466198));
#8487=DIRECTION('center_axis',(0.,0.992546151641322,-0.121869343405147));
#8488=DIRECTION('ref_axis',(1.,0.,0.));
#8489=DIRECTION('',(0.,-0.992546151641322,0.121869343405147));
#8490=DIRECTION('',(0.,0.992546151641322,-0.121869343405147));
#8491=DIRECTION('center_axis',(0.,-0.121869343405147,-0.992546151641322));
#8492=DIRECTION('ref_axis',(-1.,0.,0.));
#8493=DIRECTION('center_axis',(1.,0.,0.));
#8494=DIRECTION('ref_axis',(0.,-0.992546151641322,0.121869343405144));
#8495=DIRECTION('center_axis',(0.,0.121869343405147,0.992546151641322));
#8496=DIRECTION('ref_axis',(-0.707106781186549,0.701836114466189,-0.0861746391405311));
#8497=DIRECTION('center_axis',(0.,-0.121869343405147,-0.992546151641322));
#8498=DIRECTION('ref_axis',(-0.707106781186549,0.701836114466189,-0.0861746391405312));
#8499=DIRECTION('center_axis',(1.,4.40779036222117E-16,-5.41208604177377E-17));
#8500=DIRECTION('ref_axis',(0.,-0.78801075360672,-0.615661475325661));
#8501=DIRECTION('',(-1.,-4.40779036222117E-16,5.41208604177377E-17));
#8502=DIRECTION('',(1.,4.40779036222117E-16,-5.41208604177377E-17));
#8503=DIRECTION('center_axis',(0.,0.121869343405147,0.992546151641322));
#8504=DIRECTION('ref_axis',(0.707106781186552,-0.701836114466186,0.0861746391405328));
#8505=DIRECTION('',(0.,0.121869343405147,0.992546151641322));
#8506=DIRECTION('center_axis',(0.,-0.615661475325662,0.788010753606719));
#8507=DIRECTION('ref_axis',(0.,-0.78801075360672,-0.615661475325662));
#8508=DIRECTION('center_axis',(-1.,0.,0.));
#8509=DIRECTION('ref_axis',(0.,-0.382683432365089,-0.923879532511287));
#8510=DIRECTION('',(1.,0.,0.));
#8511=DIRECTION('center_axis',(0.,0.788010753606722,-0.615661475325659));
#8512=DIRECTION('ref_axis',(0.70710678118654,-0.435338404118091,-0.557207747523241));
#8513=DIRECTION('center_axis',(0.,0.121869343405147,0.992546151641322));
#8514=DIRECTION('ref_axis',(-1.07213836748205E-16,-0.992546151641322,0.121869343405147));
#8515=DIRECTION('',(0.,0.788010753606722,-0.615661475325659));
#8516=DIRECTION('center_axis',(0.,-0.992546151641322,0.121869343405147));
#8517=DIRECTION('ref_axis',(0.707106781186553,-0.0861746391405298,-0.701836114466185));
#8518=DIRECTION('',(0.,-0.992546151641322,0.121869343405147));
#8519=DIRECTION('center_axis',(1.,0.,0.));
#8520=DIRECTION('ref_axis',(0.,0.992546151641322,-0.121869343405147));
#8521=DIRECTION('',(0.,0.121869343405147,0.992546151641322));
#8522=DIRECTION('',(0.,0.992546151641322,-0.121869343405147));
#8523=DIRECTION('center_axis',(0.,0.121869343405147,0.992546151641322));
#8524=DIRECTION('ref_axis',(-1.,0.,0.));
#8525=DIRECTION('',(0.,0.121869343405147,0.992546151641322));
#8526=DIRECTION('center_axis',(0.,0.121869343405147,0.992546151641322));
#8527=DIRECTION('ref_axis',(-1.,0.,0.));
#8528=DIRECTION('center_axis',(-1.,0.,0.));
#8529=DIRECTION('ref_axis',(0.,-0.992546151641322,0.121869343405147));
#8530=DIRECTION('',(0.,0.121869343405145,0.992546151641322));
#8531=DIRECTION('',(0.,-0.992546151641322,0.121869343405147));
#8532=DIRECTION('center_axis',(0.,0.121869343405145,0.992546151641322));
#8533=DIRECTION('ref_axis',(-1.,0.,0.));
#8534=DIRECTION('',(0.,0.121869343405145,0.992546151641322));
#8535=DIRECTION('center_axis',(0.,0.121869343405147,0.992546151641322));
#8536=DIRECTION('ref_axis',(-1.,0.,0.));
#8537=DIRECTION('center_axis',(0.,0.121869343405145,0.992546151641322));
#8538=DIRECTION('ref_axis',(-1.,0.,0.));
#8539=DIRECTION('',(0.,0.121869343405145,0.992546151641322));
#8540=DIRECTION('center_axis',(0.,0.121869343405147,0.992546151641322));
#8541=DIRECTION('ref_axis',(-1.,0.,0.));
#8542=DIRECTION('',(0.,0.121869343405145,0.992546151641322));
#8543=DIRECTION('center_axis',(1.,0.,0.));
#8544=DIRECTION('ref_axis',(0.,0.992546151641322,-0.121869343405147));
#8545=DIRECTION('',(0.,0.992546151641322,-0.121869343405147));
#8546=DIRECTION('center_axis',(0.,0.121869343405145,0.992546151641322));
#8547=DIRECTION('ref_axis',(-1.,0.,0.));
#8548=DIRECTION('',(0.,0.121869343405145,0.992546151641322));
#8549=DIRECTION('center_axis',(0.,0.121869343405147,0.992546151641322));
#8550=DIRECTION('ref_axis',(-1.,0.,0.));
#8551=DIRECTION('',(0.,0.121869343405145,0.992546151641322));
#8552=DIRECTION('center_axis',(1.,0.,0.));
#8553=DIRECTION('ref_axis',(0.,0.992546151641322,-0.121869343405147));
#8554=DIRECTION('',(0.,0.992546151641322,-0.121869343405147));
#8555=DIRECTION('center_axis',(0.,0.121869343405147,0.992546151641322));
#8556=DIRECTION('ref_axis',(-1.,0.,0.));
#8557=DIRECTION('',(-1.,-4.40779036222117E-16,5.41208604177377E-17));
#8558=DIRECTION('center_axis',(0.,0.121869343405147,0.992546151641322));
#8559=DIRECTION('ref_axis',(-1.,0.,0.));
#8560=DIRECTION('',(0.,-0.992546151641322,0.121869343405147));
#8561=DIRECTION('center_axis',(0.,-0.121869343405147,-0.992546151641322));
#8562=DIRECTION('ref_axis',(1.,0.,0.));
#8563=DIRECTION('center_axis',(-4.44089209850064E-16,0.992546151641322,
-0.121869343405147));
#8564=DIRECTION('ref_axis',(-1.,-4.40779036222117E-16,5.41208604177377E-17));
#8565=DIRECTION('',(0.,0.121869343405147,0.992546151641322));
#8566=DIRECTION('center_axis',(0.,0.121869343405147,0.992546151641322));
#8567=DIRECTION('ref_axis',(-1.,0.,0.));
#8568=DIRECTION('',(0.,0.121869343405147,0.992546151641322));
#8569=DIRECTION('center_axis',(-1.,0.,0.));
#8570=DIRECTION('ref_axis',(0.,-0.992546151641322,0.121869343405147));
#8571=DIRECTION('center_axis',(0.,-0.121869343405147,-0.992546151641322));
#8572=DIRECTION('ref_axis',(0.,0.992546151641322,-0.121869343405147));
#8573=DIRECTION('center_axis',(1.,0.,0.));
#8574=DIRECTION('ref_axis',(0.,0.707106781186546,-0.707106781186549));
#8575=DIRECTION('',(1.,0.,0.));
#8576=DIRECTION('center_axis',(0.707106781186529,-0.707106781186566,2.51214793389397E-14));
#8577=DIRECTION('ref_axis',(-0.707106781186566,-0.707106781186529,2.51214793389384E-14));
#8578=DIRECTION('center_axis',(0.,-1.,0.));
#8579=DIRECTION('ref_axis',(0.707106781186552,0.,-0.707106781186543));
#8580=DIRECTION('',(0.,-1.,0.));
#8581=DIRECTION('center_axis',(0.,-1.,0.));
#8582=DIRECTION('ref_axis',(0.,0.,-1.));
#8583=DIRECTION('',(0.,1.,0.));
#8584=DIRECTION('center_axis',(0.,0.,1.));
#8585=DIRECTION('ref_axis',(-8.41311309126505E-7,-0.999999999999646,0.));
#8586=DIRECTION('center_axis',(8.23061192534142E-7,0.999999999999661,0.));
#8587=DIRECTION('ref_axis',(0.,0.,-1.));
#8588=DIRECTION('center_axis',(0.,0.,-1.));
#8589=DIRECTION('ref_axis',(-8.413113121716E-7,-0.999999999999646,0.));
#8590=DIRECTION('center_axis',(0.,0.,1.));
#8591=DIRECTION('ref_axis',(-8.413113121716E-7,-0.999999999999646,0.));
#8592=DIRECTION('center_axis',(0.,1.,0.));
#8593=DIRECTION('ref_axis',(-0.707106781186552,0.,-0.707106781186543));
#8594=DIRECTION('',(0.,-1.,0.));
#8595=DIRECTION('',(0.,1.,0.));
#8596=DIRECTION('center_axis',(0.707106781186541,0.707106781186554,0.));
#8597=DIRECTION('ref_axis',(0.707106781186554,-0.707106781186541,0.));
#8598=DIRECTION('center_axis',(1.,0.,0.));
#8599=DIRECTION('ref_axis',(0.,0.707106781186546,-0.707106781186549));
#8600=DIRECTION('',(1.,0.,0.));
#8601=DIRECTION('center_axis',(1.,0.,0.));
#8602=DIRECTION('ref_axis',(0.,0.,-1.));
#8603=DIRECTION('',(-1.,0.,0.));
#8604=DIRECTION('center_axis',(0.,0.,1.));
#8605=DIRECTION('ref_axis',(1.,0.,0.));
#8606=DIRECTION('center_axis',(0.,-1.,0.));
#8607=DIRECTION('ref_axis',(0.,0.,-1.));
#8608=DIRECTION('center_axis',(0.,0.,1.));
#8609=DIRECTION('ref_axis',(0.707106781186548,0.707106781186548,0.));
#8610=DIRECTION('center_axis',(0.,0.,-1.));
#8611=DIRECTION('ref_axis',(0.707106781186548,0.707106781186548,0.));
#8612=DIRECTION('center_axis',(2.30098036191742E-16,-1.,0.));
#8613=DIRECTION('ref_axis',(0.707106781186527,0.,-0.707106781186568));
#8614=DIRECTION('center_axis',(0.,-1.,0.));
#8615=DIRECTION('ref_axis',(0.,0.,-1.));
#8616=DIRECTION('',(-2.30098036191742E-16,1.,0.));
#8617=DIRECTION('',(2.30098036191742E-16,-1.,0.));
#8618=DIRECTION('center_axis',(0.,0.,1.));
#8619=DIRECTION('ref_axis',(1.,0.,0.));
#8620=DIRECTION('center_axis',(-1.,0.,0.));
#8621=DIRECTION('ref_axis',(0.,0.,-1.));
#8622=DIRECTION('center_axis',(0.,0.,1.));
#8623=DIRECTION('ref_axis',(0.707106781186548,-0.707106781186548,0.));
#8624=DIRECTION('center_axis',(0.,0.,-1.));
#8625=DIRECTION('ref_axis',(0.707106781186548,-0.707106781186548,0.));
#8626=DIRECTION('center_axis',(-1.,0.,0.));
#8627=DIRECTION('ref_axis',(0.,-0.707106781186546,-0.707106781186549));
#8628=DIRECTION('',(1.,0.,0.));
#8629=DIRECTION('',(-1.,0.,0.));
#8630=DIRECTION('center_axis',(-0.707106781186541,0.707106781186554,0.));
#8631=DIRECTION('ref_axis',(0.707106781186554,0.707106781186541,0.));
#8632=DIRECTION('center_axis',(0.,1.,0.));
#8633=DIRECTION('ref_axis',(-0.707106781186552,0.,-0.707106781186543));
#8634=DIRECTION('',(0.,1.,0.));
#8635=DIRECTION('center_axis',(0.,1.,0.));
#8636=DIRECTION('ref_axis',(0.,0.,-1.));
#8637=DIRECTION('',(0.,-1.,0.));
#8638=DIRECTION('center_axis',(0.,0.,1.));
#8639=DIRECTION('ref_axis',(-8.14831744426856E-7,0.999999999999668,0.));
#8640=DIRECTION('center_axis',(9.08065018734305E-7,-0.999999999999588,0.));
#8641=DIRECTION('ref_axis',(0.,0.,-1.));
#8642=DIRECTION('center_axis',(0.,0.,-1.));
#8643=DIRECTION('ref_axis',(-8.86991593062825E-7,0.999999999999607,0.));
#8644=DIRECTION('center_axis',(0.,0.,1.));
#8645=DIRECTION('ref_axis',(-8.86991593062825E-7,0.999999999999607,0.));
#8646=DIRECTION('center_axis',(0.,-1.,0.));
#8647=DIRECTION('ref_axis',(0.707106781186552,0.,-0.707106781186543));
#8648=DIRECTION('',(0.,1.,0.));
#8649=DIRECTION('',(0.,-1.,0.));
#8650=DIRECTION('center_axis',(-0.707106781186541,-0.707106781186554,0.));
#8651=DIRECTION('ref_axis',(-0.707106781186554,0.707106781186541,0.));
#8652=DIRECTION('center_axis',(-1.,0.,0.));
#8653=DIRECTION('ref_axis',(0.,-0.707106781186546,-0.707106781186549));
#8654=DIRECTION('',(-1.,0.,0.));
#8655=DIRECTION('center_axis',(-0.707106781186547,0.707106781186548,-2.35513868802566E-15));
#8656=DIRECTION('ref_axis',(0.707106781186548,0.707106781186547,-2.35513868802566E-15));
#8657=DIRECTION('center_axis',(0.,1.,0.));
#8658=DIRECTION('ref_axis',(-0.707106781186547,0.,-0.707106781186548));
#8659=DIRECTION('',(0.,1.,0.));
#8660=DIRECTION('center_axis',(0.,1.,0.));
#8661=DIRECTION('ref_axis',(0.,0.,-1.));
#8662=DIRECTION('',(0.,-1.,0.));
#8663=DIRECTION('center_axis',(0.,0.,1.));
#8664=DIRECTION('ref_axis',(1.,0.,0.));
#8665=DIRECTION('center_axis',(0.,-1.,0.));
#8666=DIRECTION('ref_axis',(0.,0.,-1.));
#8667=DIRECTION('center_axis',(0.,0.,-1.));
#8668=DIRECTION('ref_axis',(6.12323399573677E-17,1.,0.));
#8669=DIRECTION('center_axis',(0.,0.,1.));
#8670=DIRECTION('ref_axis',(6.12323399573677E-17,1.,0.));
#8671=DIRECTION('center_axis',(0.,-1.,0.));
#8672=DIRECTION('ref_axis',(0.707106781186547,0.,-0.707106781186548));
#8673=DIRECTION('',(0.,1.,0.));
#8674=DIRECTION('',(0.,-1.,0.));
#8675=DIRECTION('center_axis',(-0.707106781186546,-0.707106781186549,0.));
#8676=DIRECTION('ref_axis',(-0.707106781186549,0.707106781186546,0.));
#8677=DIRECTION('center_axis',(-1.,0.,0.));
#8678=DIRECTION('ref_axis',(0.,-0.707106781186546,-0.707106781186549));
#8679=DIRECTION('',(-1.,0.,0.));
#8680=DIRECTION('center_axis',(-0.707106781186541,0.707106781186554,0.));
#8681=DIRECTION('ref_axis',(0.707106781186554,0.707106781186541,0.));
#8682=DIRECTION('center_axis',(0.,1.,0.));
#8683=DIRECTION('ref_axis',(-0.707106781186552,0.,-0.707106781186543));
#8684=DIRECTION('',(0.,1.,0.));
#8685=DIRECTION('center_axis',(0.,1.,0.));
#8686=DIRECTION('ref_axis',(0.,0.,-1.));
#8687=DIRECTION('',(0.,-1.,0.));
#8688=DIRECTION('center_axis',(0.,0.,1.));
#8689=DIRECTION('ref_axis',(1.,0.,0.));
#8690=DIRECTION('center_axis',(-1.10076019410601E-6,-0.999999999999394,
0.));
#8691=DIRECTION('ref_axis',(0.,0.,-1.));
#8692=DIRECTION('center_axis',(0.,0.,-1.));
#8693=DIRECTION('ref_axis',(1.13056251649292E-6,0.999999999999361,0.));
#8694=DIRECTION('center_axis',(0.,0.,1.));
#8695=DIRECTION('ref_axis',(1.13056251649292E-6,0.999999999999361,0.));
#8696=DIRECTION('center_axis',(0.,-1.,0.));
#8697=DIRECTION('ref_axis',(0.707106781186552,0.,-0.707106781186543));
#8698=DIRECTION('',(0.,1.,0.));
#8699=DIRECTION('',(0.,-1.,0.));
#8700=DIRECTION('center_axis',(-0.707106781186541,-0.707106781186554,0.));
#8701=DIRECTION('ref_axis',(-0.707106781186554,0.707106781186541,0.));
#8702=DIRECTION('center_axis',(-1.,0.,0.));
#8703=DIRECTION('ref_axis',(0.,-0.707106781186546,-0.707106781186549));
#8704=DIRECTION('',(-1.,0.,0.));
#8705=DIRECTION('center_axis',(-1.,0.,0.));
#8706=DIRECTION('ref_axis',(0.,0.,-1.));
#8707=DIRECTION('',(1.,0.,0.));
#8708=DIRECTION('center_axis',(0.,0.,1.));
#8709=DIRECTION('ref_axis',(1.,0.,0.));
#8710=DIRECTION('center_axis',(0.,1.,0.));
#8711=DIRECTION('ref_axis',(0.,0.,-1.));
#8712=DIRECTION('center_axis',(0.,0.,1.));
#8713=DIRECTION('ref_axis',(-0.707106781186548,-0.707106781186548,0.));
#8714=DIRECTION('center_axis',(0.,0.,-1.));
#8715=DIRECTION('ref_axis',(-0.707106781186548,-0.707106781186548,0.));
#8716=DIRECTION('center_axis',(0.,1.,0.));
#8717=DIRECTION('ref_axis',(-0.707106781186552,0.,-0.707106781186543));
#8718=DIRECTION('center_axis',(8.88178419700113E-15,1.,0.));
#8719=DIRECTION('ref_axis',(0.,0.,-1.));
#8720=DIRECTION('',(0.,-1.,0.));
#8721=DIRECTION('',(0.,1.,0.));
#8722=DIRECTION('center_axis',(0.,0.,1.));
#8723=DIRECTION('ref_axis',(1.,0.,0.));
#8724=DIRECTION('center_axis',(1.,0.,0.));
#8725=DIRECTION('ref_axis',(0.,0.,-1.));
#8726=DIRECTION('center_axis',(0.,0.,1.));
#8727=DIRECTION('ref_axis',(-0.707106781186548,0.707106781186548,0.));
#8728=DIRECTION('center_axis',(0.,0.,-1.));
#8729=DIRECTION('ref_axis',(-0.707106781186548,0.707106781186548,0.));
#8730=DIRECTION('center_axis',(1.,0.,0.));
#8731=DIRECTION('ref_axis',(0.,0.707106781186546,-0.707106781186549));
#8732=DIRECTION('',(-1.,0.,0.));
#8733=DIRECTION('',(1.,0.,0.));
#8734=DIRECTION('center_axis',(0.707106781186541,-0.707106781186554,0.));
#8735=DIRECTION('ref_axis',(-0.707106781186554,-0.707106781186541,0.));
#8736=DIRECTION('center_axis',(8.61533067109119E-13,-1.,0.));
#8737=DIRECTION('ref_axis',(0.707106781186552,6.091958739693E-13,-0.707106781186543));
#8738=DIRECTION('',(8.61533067109119E-13,-1.,0.));
#8739=DIRECTION('center_axis',(8.61533067109109E-13,-1.,0.));
#8740=DIRECTION('ref_axis',(0.,0.,-1.));
#8741=DIRECTION('',(-8.61533067109119E-13,1.,0.));
#8742=DIRECTION('center_axis',(0.,0.,1.));
#8743=DIRECTION('ref_axis',(1.,0.,0.));
#8744=DIRECTION('center_axis',(0.,1.,0.));
#8745=DIRECTION('ref_axis',(0.,0.,-1.));
#8746=DIRECTION('center_axis',(0.,0.,-1.));
#8747=DIRECTION('ref_axis',(0.,-1.,0.));
#8748=DIRECTION('center_axis',(0.,0.,1.));
#8749=DIRECTION('ref_axis',(0.,-1.,0.));
#8750=DIRECTION('center_axis',(0.,1.,0.));
#8751=DIRECTION('ref_axis',(-0.707106781186552,0.,-0.707106781186543));
#8752=DIRECTION('',(0.,-1.,0.));
#8753=DIRECTION('',(0.,1.,0.));
#8754=DIRECTION('center_axis',(0.707106781186541,0.707106781186554,0.));
#8755=DIRECTION('ref_axis',(0.707106781186554,-0.707106781186541,0.));
#8756=DIRECTION('center_axis',(1.,0.,0.));
#8757=DIRECTION('ref_axis',(0.,0.707106781186546,-0.707106781186549));
#8758=DIRECTION('',(1.,0.,0.));
#8759=DIRECTION('center_axis',(0.707106781186548,-0.707106781186548,0.));
#8760=DIRECTION('ref_axis',(-0.707106781186548,-0.707106781186548,0.));
#8761=DIRECTION('center_axis',(0.,-1.,0.));
#8762=DIRECTION('ref_axis',(0.707106781186546,0.,-0.707106781186549));
#8763=DIRECTION('',(0.,-1.,0.));
#8764=DIRECTION('center_axis',(0.,-1.,0.));
#8765=DIRECTION('ref_axis',(0.,0.,-1.));
#8766=DIRECTION('',(0.,1.,0.));
#8767=DIRECTION('center_axis',(0.,0.,1.));
#8768=DIRECTION('ref_axis',(1.,0.,0.));
#8769=DIRECTION('center_axis',(0.,1.,0.));
#8770=DIRECTION('ref_axis',(0.,0.,-1.));
#8771=DIRECTION('center_axis',(0.,0.,-1.));
#8772=DIRECTION('ref_axis',(0.,-1.,0.));
#8773=DIRECTION('center_axis',(0.,0.,1.));
#8774=DIRECTION('ref_axis',(0.,-1.,0.));
#8775=DIRECTION('center_axis',(0.,1.,0.));
#8776=DIRECTION('ref_axis',(-0.707106781186549,0.,-0.707106781186546));
#8777=DIRECTION('',(0.,-1.,0.));
#8778=DIRECTION('',(0.,1.,0.));
#8779=DIRECTION('center_axis',(0.707106781186546,0.707106781186549,0.));
#8780=DIRECTION('ref_axis',(0.707106781186549,-0.707106781186546,0.));
#8781=DIRECTION('center_axis',(1.,0.,0.));
#8782=DIRECTION('ref_axis',(0.,0.707106781186546,-0.707106781186549));
#8783=DIRECTION('',(-1.,0.,0.));
#8784=DIRECTION('',(1.,0.,0.));
#8785=DIRECTION('center_axis',(1.,0.,0.));
#8786=DIRECTION('ref_axis',(0.,-1.,0.));
#8787=DIRECTION('',(0.,0.,-1.));
#8788=DIRECTION('center_axis',(0.,0.,-1.));
#8789=DIRECTION('ref_axis',(-8.41311309323368E-7,-0.999999999999646,0.));
#8790=DIRECTION('',(0.,0.,-1.));
#8791=DIRECTION('center_axis',(-1.,0.,0.));
#8792=DIRECTION('ref_axis',(0.,1.,0.));
#8793=DIRECTION('',(0.,0.,-1.));
#8794=DIRECTION('center_axis',(0.,1.,0.));
#8795=DIRECTION('ref_axis',(1.,0.,0.));
#8796=DIRECTION('',(0.,0.,-1.));
#8797=DIRECTION('center_axis',(0.,0.,-1.));
#8798=DIRECTION('ref_axis',(0.707106781186546,0.707106781186549,0.));
#8799=DIRECTION('',(0.,0.,1.));
#8800=DIRECTION('center_axis',(1.,2.30098036191742E-16,0.));
#8801=DIRECTION('ref_axis',(2.30098036191742E-16,-1.,0.));
#8802=DIRECTION('',(0.,0.,-1.));
#8803=DIRECTION('center_axis',(0.,0.,-1.));
#8804=DIRECTION('ref_axis',(0.707106781186546,-0.707106781186549,0.));
#8805=DIRECTION('',(0.,0.,1.));
#8806=DIRECTION('center_axis',(0.,-1.,0.));
#8807=DIRECTION('ref_axis',(-1.,0.,0.));
#8808=DIRECTION('',(0.,0.,-1.));
#8809=DIRECTION('center_axis',(-1.,0.,0.));
#8810=DIRECTION('ref_axis',(0.,1.,0.));
#8811=DIRECTION('',(0.,0.,-1.));
#8812=DIRECTION('center_axis',(0.,0.,-1.));
#8813=DIRECTION('ref_axis',(-8.86991595022879E-7,0.999999999999607,0.));
#8814=DIRECTION('',(0.,0.,-1.));
#8815=DIRECTION('center_axis',(1.,0.,0.));
#8816=DIRECTION('ref_axis',(0.,-1.,0.));
#8817=DIRECTION('center_axis',(-1.,0.,0.));
#8818=DIRECTION('ref_axis',(0.,1.,0.));
#8819=DIRECTION('',(0.,0.,-1.));
#8820=DIRECTION('center_axis',(0.,0.,-1.));
#8821=DIRECTION('ref_axis',(1.,0.,0.));
#8822=DIRECTION('',(0.,0.,-1.));
#8823=DIRECTION('center_axis',(1.,0.,0.));
#8824=DIRECTION('ref_axis',(0.,-1.,0.));
#8825=DIRECTION('center_axis',(-1.,0.,0.));
#8826=DIRECTION('ref_axis',(0.,1.,0.));
#8827=DIRECTION('',(0.,0.,-1.));
#8828=DIRECTION('center_axis',(0.,0.,-1.));
#8829=DIRECTION('ref_axis',(1.13056251453287E-6,0.999999999999361,0.));
#8830=DIRECTION('',(0.,0.,-1.));
#8831=DIRECTION('center_axis',(1.,0.,0.));
#8832=DIRECTION('ref_axis',(0.,-1.,0.));
#8833=DIRECTION('',(0.,0.,-1.));
#8834=DIRECTION('center_axis',(0.,-1.,0.));
#8835=DIRECTION('ref_axis',(-1.,0.,0.));
#8836=DIRECTION('',(0.,0.,-1.));
#8837=DIRECTION('center_axis',(0.,0.,-1.));
#8838=DIRECTION('ref_axis',(-0.707106781186552,-0.707106781186543,0.));
#8839=DIRECTION('',(0.,0.,1.));
#8840=DIRECTION('center_axis',(-1.,0.,0.));
#8841=DIRECTION('ref_axis',(0.,1.,0.));
#8842=DIRECTION('',(0.,0.,-1.));
#8843=DIRECTION('center_axis',(0.,0.,-1.));
#8844=DIRECTION('ref_axis',(-0.707106781186546,0.707106781186549,0.));
#8845=DIRECTION('',(0.,0.,1.));
#8846=DIRECTION('center_axis',(0.,1.,0.));
#8847=DIRECTION('ref_axis',(1.,0.,0.));
#8848=DIRECTION('',(0.,0.,-1.));
#8849=DIRECTION('center_axis',(1.,8.61533067109119E-13,0.));
#8850=DIRECTION('ref_axis',(8.61533067109119E-13,-1.,0.));
#8851=DIRECTION('',(0.,0.,-1.));
#8852=DIRECTION('center_axis',(0.,0.,-1.));
#8853=DIRECTION('ref_axis',(-1.,0.,0.));
#8854=DIRECTION('',(0.,0.,-1.));
#8855=DIRECTION('center_axis',(-1.,0.,0.));
#8856=DIRECTION('ref_axis',(0.,1.,0.));
#8857=DIRECTION('center_axis',(1.,0.,0.));
#8858=DIRECTION('ref_axis',(0.,-1.,0.));
#8859=DIRECTION('',(0.,0.,-1.));
#8860=DIRECTION('center_axis',(0.,0.,-1.));
#8861=DIRECTION('ref_axis',(-1.,0.,0.));
#8862=DIRECTION('',(0.,0.,-1.));
#8863=DIRECTION('center_axis',(-1.,0.,0.));
#8864=DIRECTION('ref_axis',(0.,1.,0.));
#8865=DIRECTION('',(0.,0.,-1.));
#8866=DIRECTION('center_axis',(0.,1.,0.));
#8867=DIRECTION('ref_axis',(1.,0.,0.));
#8868=DIRECTION('center_axis',(0.,0.,1.));
#8869=DIRECTION('ref_axis',(1.,0.,0.));
#8870=DIRECTION('center_axis',(0.,1.12649461348663E-15,1.));
#8871=DIRECTION('ref_axis',(1.,0.,0.));
#8872=DIRECTION('center_axis',(0.,-1.12649461348663E-15,-1.));
#8873=DIRECTION('ref_axis',(1.,0.,0.));
#8874=DIRECTION('',(0.857167300702112,-6.85160336240561E-16,-0.515038074910054));
#8875=DIRECTION('center_axis',(0.,-1.12649461348663E-15,-1.));
#8876=DIRECTION('ref_axis',(1.,0.,0.));
#8877=DIRECTION('',(0.,-1.12649461348663E-15,-1.));
#8878=DIRECTION('center_axis',(0.,1.12649461348663E-15,1.));
#8879=DIRECTION('ref_axis',(1.,0.,0.));
#8880=DIRECTION('center_axis',(0.,-1.12649461348663E-15,-1.));
#8881=DIRECTION('ref_axis',(1.,0.,0.));
#8882=DIRECTION('',(0.857167300702112,-6.85160336240561E-16,-0.515038074910054));
#8883=DIRECTION('center_axis',(0.,-1.12649461348663E-15,-1.));
#8884=DIRECTION('ref_axis',(1.,0.,0.));
#8885=DIRECTION('',(0.,-1.12649461348663E-15,-1.));
#8886=DIRECTION('center_axis',(0.,1.12649461348663E-15,1.));
#8887=DIRECTION('ref_axis',(1.,0.,0.));
#8888=DIRECTION('center_axis',(0.,-1.12649461348663E-15,-1.));
#8889=DIRECTION('ref_axis',(1.,0.,0.));
#8890=DIRECTION('',(0.857167300702112,-6.85160336240561E-16,-0.515038074910054));
#8891=DIRECTION('center_axis',(0.,-1.12649461348663E-15,-1.));
#8892=DIRECTION('ref_axis',(1.,0.,0.));
#8893=DIRECTION('',(0.,-1.12649461348663E-15,-1.));
#8894=DIRECTION('center_axis',(0.,1.12649461348663E-15,1.));
#8895=DIRECTION('ref_axis',(1.,0.,0.));
#8896=DIRECTION('center_axis',(0.,-1.12649461348663E-15,-1.));
#8897=DIRECTION('ref_axis',(1.,0.,0.));
#8898=DIRECTION('',(0.857167300702112,-6.85160336240561E-16,-0.515038074910054));
#8899=DIRECTION('center_axis',(0.,-1.12649461348663E-15,-1.));
#8900=DIRECTION('ref_axis',(1.,0.,0.));
#8901=DIRECTION('',(0.,-1.12649461348663E-15,-1.));
#8902=DIRECTION('center_axis',(0.,1.12649461348663E-15,1.));
#8903=DIRECTION('ref_axis',(1.,0.,0.));
#8904=DIRECTION('center_axis',(0.,-1.12649461348663E-15,-1.));
#8905=DIRECTION('ref_axis',(1.,0.,0.));
#8906=DIRECTION('',(0.857167300702112,-6.85160336240561E-16,-0.515038074910054));
#8907=DIRECTION('center_axis',(0.,-1.12649461348663E-15,-1.));
#8908=DIRECTION('ref_axis',(1.,0.,0.));
#8909=DIRECTION('',(0.,-1.12649461348663E-15,-1.));
#8910=DIRECTION('center_axis',(0.,1.12649461348663E-15,1.));
#8911=DIRECTION('ref_axis',(1.,0.,0.));
#8912=DIRECTION('center_axis',(0.,-1.12649461348663E-15,-1.));
#8913=DIRECTION('ref_axis',(1.,0.,0.));
#8914=DIRECTION('',(0.857167300702112,-6.85160336240561E-16,-0.515038074910054));
#8915=DIRECTION('center_axis',(0.,-1.12649461348663E-15,-1.));
#8916=DIRECTION('ref_axis',(1.,0.,0.));
#8917=DIRECTION('',(0.,-1.12649461348663E-15,-1.));
#8918=DIRECTION('center_axis',(0.,0.,-1.));
#8919=DIRECTION('ref_axis',(-1.,0.,0.));
#8920=DIRECTION('center_axis',(0.,0.,-1.));
#8921=DIRECTION('ref_axis',(-1.,0.,0.));
#8922=DIRECTION('',(1.,0.,0.));
#8923=DIRECTION('center_axis',(0.,1.00132854532145E-15,1.));
#8924=DIRECTION('ref_axis',(-1.,0.,0.));
#8925=DIRECTION('center_axis',(0.,1.00132854532145E-15,1.));
#8926=DIRECTION('ref_axis',(-1.,0.,0.));
#8927=DIRECTION('center_axis',(0.,0.,-1.));
#8928=DIRECTION('ref_axis',(-1.,0.,0.));
#8929=DIRECTION('',(1.,0.,0.));
#8930=DIRECTION('center_axis',(0.,0.,-1.));
#8931=DIRECTION('ref_axis',(-1.,0.,0.));
#8932=DIRECTION('center_axis',(0.,0.,-1.));
#8933=DIRECTION('ref_axis',(-1.,0.,0.));
#8934=DIRECTION('center_axis',(0.,0.,-1.));
#8935=DIRECTION('ref_axis',(-1.,0.,0.));
#8936=DIRECTION('',(1.,0.,0.));
#8937=DIRECTION('center_axis',(0.,1.00132854532145E-15,1.));
#8938=DIRECTION('ref_axis',(-1.,0.,0.));
#8939=DIRECTION('center_axis',(0.,1.00132854532145E-15,1.));
#8940=DIRECTION('ref_axis',(-1.,0.,0.));
#8941=DIRECTION('center_axis',(0.,0.,-1.));
#8942=DIRECTION('ref_axis',(-1.,0.,0.));
#8943=DIRECTION('center_axis',(0.,0.,-1.));
#8944=DIRECTION('ref_axis',(-1.,0.,0.));
#8945=DIRECTION('',(1.,0.,0.));
#8946=DIRECTION('center_axis',(0.,0.121869343405147,0.992546151641322));
#8947=DIRECTION('ref_axis',(1.,0.,0.));
#8948=DIRECTION('center_axis',(0.,-0.121869343405147,-0.992546151641322));
#8949=DIRECTION('ref_axis',(1.,0.,0.));
#8950=DIRECTION('',(0.857167300702112,-0.0627673520179391,-0.511199059200729));
#8951=DIRECTION('center_axis',(0.,-0.121869343405147,-0.992546151641322));
#8952=DIRECTION('ref_axis',(1.,0.,0.));
#8953=DIRECTION('',(0.,-0.121869343405147,-0.992546151641322));
#8954=DIRECTION('center_axis',(0.,0.121869343405147,0.992546151641322));
#8955=DIRECTION('ref_axis',(1.,0.,0.));
#8956=DIRECTION('center_axis',(0.,-0.121869343405147,-0.992546151641322));
#8957=DIRECTION('ref_axis',(1.,0.,0.));
#8958=DIRECTION('',(0.857167300702112,-0.0627673520179391,-0.511199059200729));
#8959=DIRECTION('center_axis',(0.,-0.121869343405147,-0.992546151641322));
#8960=DIRECTION('ref_axis',(1.,0.,0.));
#8961=DIRECTION('center_axis',(0.,-0.121869343405147,-0.992546151641322));
#8962=DIRECTION('ref_axis',(1.,0.,0.));
#8963=DIRECTION('',(0.,-0.121869343405147,-0.992546151641322));
#8964=DIRECTION('center_axis',(0.,0.121869343405147,0.992546151641322));
#8965=DIRECTION('ref_axis',(1.,0.,0.));
#8966=DIRECTION('center_axis',(0.,-0.121869343405147,-0.992546151641322));
#8967=DIRECTION('ref_axis',(1.,0.,0.));
#8968=DIRECTION('',(0.857167300702112,-0.0627673520179391,-0.511199059200729));
#8969=DIRECTION('center_axis',(0.,-0.121869343405147,-0.992546151641322));
#8970=DIRECTION('ref_axis',(1.,0.,0.));
#8971=DIRECTION('center_axis',(0.,-0.121869343405147,-0.992546151641322));
#8972=DIRECTION('ref_axis',(1.,0.,0.));
#8973=DIRECTION('',(0.,-0.121869343405147,-0.992546151641322));
#8974=DIRECTION('center_axis',(0.,0.121869343405147,0.992546151641322));
#8975=DIRECTION('ref_axis',(1.,0.,0.));
#8976=DIRECTION('center_axis',(0.,-0.121869343405147,-0.992546151641322));
#8977=DIRECTION('ref_axis',(1.,0.,0.));
#8978=DIRECTION('',(0.857167300702112,-0.0627673520179391,-0.511199059200729));
#8979=DIRECTION('center_axis',(0.,-0.121869343405147,-0.992546151641322));
#8980=DIRECTION('ref_axis',(1.,0.,0.));
#8981=DIRECTION('center_axis',(0.,-0.121869343405147,-0.992546151641322));
#8982=DIRECTION('ref_axis',(1.,0.,0.));
#8983=DIRECTION('',(0.,-0.121869343405147,-0.992546151641322));
#8984=DIRECTION('center_axis',(0.,0.121869343405147,0.992546151641322));
#8985=DIRECTION('ref_axis',(1.,0.,0.));
#8986=DIRECTION('center_axis',(0.,-0.121869343405147,-0.992546151641322));
#8987=DIRECTION('ref_axis',(1.,0.,0.));
#8988=DIRECTION('',(0.857167300702112,-0.0627673520179391,-0.511199059200729));
#8989=DIRECTION('center_axis',(0.,-0.121869343405147,-0.992546151641322));
#8990=DIRECTION('ref_axis',(1.,0.,0.));
#8991=DIRECTION('center_axis',(0.,-0.121869343405147,-0.992546151641322));
#8992=DIRECTION('ref_axis',(1.,0.,0.));
#8993=DIRECTION('',(0.,-0.121869343405147,-0.992546151641322));
#8994=DIRECTION('center_axis',(0.,0.121869343405147,0.992546151641322));
#8995=DIRECTION('ref_axis',(1.,0.,0.));
#8996=DIRECTION('center_axis',(0.,-0.121869343405147,-0.992546151641322));
#8997=DIRECTION('ref_axis',(1.,0.,0.));
#8998=DIRECTION('',(0.857167300702112,-0.0627673520179391,-0.511199059200729));
#8999=DIRECTION('center_axis',(0.,-0.121869343405147,-0.992546151641322));
#9000=DIRECTION('ref_axis',(1.,0.,0.));
#9001=DIRECTION('center_axis',(0.,-0.121869343405147,-0.992546151641322));
#9002=DIRECTION('ref_axis',(1.,0.,0.));
#9003=DIRECTION('',(0.,-0.121869343405147,-0.992546151641322));
#9004=DIRECTION('center_axis',(-4.44089209850063E-16,0.992546151641322,
-0.121869343405147));
#9005=DIRECTION('ref_axis',(-1.,-4.40779036222115E-16,5.41208604177375E-17));
#9006=DIRECTION('',(-1.,-4.40779036222115E-16,5.41208604177375E-17));
#9007=DIRECTION('center_axis',(0.,0.121869343405147,0.992546151641322));
#9008=DIRECTION('ref_axis',(-1.,0.,0.));
#9009=DIRECTION('center_axis',(0.,-0.992546151641322,0.121869343405145));
#9010=DIRECTION('ref_axis',(1.,0.,0.));
#9011=DIRECTION('',(0.,0.121869343405145,0.992546151641322));
#9012=DIRECTION('',(1.,0.,0.));
#9013=DIRECTION('center_axis',(0.,0.992546151641322,-0.121869343405145));
#9014=DIRECTION('ref_axis',(-1.,0.,0.));
#9015=DIRECTION('',(-1.,0.,0.));
#9016=DIRECTION('',(0.,0.121869343405145,0.992546151641322));
#9017=DIRECTION('center_axis',(0.,0.121869343405145,0.992546151641322));
#9018=DIRECTION('ref_axis',(1.,-1.21551846761357E-16,1.49246901315301E-17));
#9019=DIRECTION('center_axis',(0.,0.121869343405147,0.992546151641322));
#9020=DIRECTION('ref_axis',(-1.,0.,0.));
#9021=DIRECTION('center_axis',(0.,0.121869343405147,0.992546151641322));
#9022=DIRECTION('ref_axis',(-1.,0.,0.));
#9023=DIRECTION('center_axis',(0.,-0.992546151641322,0.121869343405145));
#9024=DIRECTION('ref_axis',(1.,0.,0.));
#9025=DIRECTION('',(1.,0.,0.));
#9026=DIRECTION('center_axis',(0.,0.121869343405147,0.992546151641322));
#9027=DIRECTION('ref_axis',(-1.,0.,0.));
#9028=DIRECTION('center_axis',(0.,-0.992546151641322,0.121869343405145));
#9029=DIRECTION('ref_axis',(1.,0.,0.));
#9030=DIRECTION('',(1.,0.,0.));
#9031=DIRECTION('center_axis',(0.,0.121869343405147,0.992546151641322));
#9032=DIRECTION('ref_axis',(-1.,0.,0.));
#9033=DIRECTION('center_axis',(-1.,0.,0.));
#9034=DIRECTION('ref_axis',(0.,-0.992546151641322,0.121869343405147));
#9035=DIRECTION('',(0.,-0.992546151641322,0.121869343405147));
#9036=DIRECTION('center_axis',(0.,0.121869343405147,0.992546151641322));
#9037=DIRECTION('ref_axis',(-1.,0.,0.));
#9038=DIRECTION('center_axis',(0.,1.,0.));
#9039=DIRECTION('ref_axis',(0.,0.,1.));
#9040=DIRECTION('',(0.,0.,-1.));
#9041=DIRECTION('center_axis',(0.,0.,-1.));
#9042=DIRECTION('ref_axis',(-0.707106781186547,0.707106781186547,0.));
#9043=CARTESIAN_POINT('',(0.,0.,0.));
#9044=CARTESIAN_POINT('Origin',(116.8,-40.6,-4.8500000000001));
#9045=CARTESIAN_POINT('',(118.3,-40.6,-4.6));
#9046=CARTESIAN_POINT('Origin',(116.8,-40.6,-4.6));
#9047=CARTESIAN_POINT('',(117.8,-40.6,-5.1000000000002));
#9048=CARTESIAN_POINT('',(118.05,-40.6,-4.8500000000001));
#9049=CARTESIAN_POINT('',(115.8,-40.6,-5.1000000000002));
#9050=CARTESIAN_POINT('Origin',(116.8,-40.6,-5.1000000000002));
#9051=CARTESIAN_POINT('Origin',(116.8,-40.6,-5.1000000000002));
#9052=CARTESIAN_POINT('Origin',(0.,44.35,-4.6000000000001));
#9053=CARTESIAN_POINT('',(79.65,-44.35,-4.6));
#9054=CARTESIAN_POINT('',(79.65,-38.6,-4.60000000000001));
#9055=CARTESIAN_POINT('',(79.65,2.875,-4.60000000000005));
#9056=CARTESIAN_POINT('',(114.3,-44.35,-4.6));
#9057=CARTESIAN_POINT('',(0.,-44.35,-4.6));
#9058=CARTESIAN_POINT('',(120.55,-38.1,-4.60000000000001));
#9059=CARTESIAN_POINT('Origin',(114.3,-38.1,-4.6000000000001));
#9060=CARTESIAN_POINT('',(120.55,38.1,-4.60000000000009));
#9061=CARTESIAN_POINT('',(120.55,-44.35,-4.6));
#9062=CARTESIAN_POINT('',(114.3,44.35,-4.6000000000001));
#9063=CARTESIAN_POINT('Origin',(114.3,38.1,-4.6000000000001));
#9064=CARTESIAN_POINT('',(79.65,44.35,-4.6000000000001));
#9065=CARTESIAN_POINT('',(0.,44.35,-4.6000000000001));
#9066=CARTESIAN_POINT('',(79.65,38.6,-4.60000000000009));
#9067=CARTESIAN_POINT('',(79.65,44.35,-4.6000000000001));
#9068=CARTESIAN_POINT('',(92.75,38.6,-4.60000000000009));
#9069=CARTESIAN_POINT('',(-8.275,38.6,-4.60000000000009));
#9070=CARTESIAN_POINT('',(92.75,36.1,-4.60000000000009));
#9071=CARTESIAN_POINT('',(92.75,41.475,-4.6000000000001));
#9072=CARTESIAN_POINT('',(97.7500000000001,36.0999957934435,-4.60000000000009));
#9073=CARTESIAN_POINT('Origin',(95.25,36.0999978510964,-4.6000000000001));
#9074=CARTESIAN_POINT('',(97.75,38.6,-4.60000000000009));
#9075=CARTESIAN_POINT('',(97.75,40.2249979063019,-4.6000000000001));
#9076=CARTESIAN_POINT('',(112.8,38.6,-4.60000000000009));
#9077=CARTESIAN_POINT('',(48.875,38.6,-4.60000000000009));
#9078=CARTESIAN_POINT('',(114.8,36.6,-4.60000000000009));
#9079=CARTESIAN_POINT('Origin',(112.8,36.6,-4.6000000000001));
#9080=CARTESIAN_POINT('',(114.8,-36.6,-4.60000000000001));
#9081=CARTESIAN_POINT('',(114.8,41.475,-4.6000000000001));
#9082=CARTESIAN_POINT('',(112.8,-38.6,-4.60000000000001));
#9083=CARTESIAN_POINT('Origin',(112.8,-36.6,-4.6000000000001));
#9084=CARTESIAN_POINT('',(97.75,-38.6,-4.60000000000001));
#9085=CARTESIAN_POINT('',(57.4,-38.6,-4.60000000000001));
#9086=CARTESIAN_POINT('',(97.75,-36.0999955535659,-4.60000000000001));
#9087=CARTESIAN_POINT('',(97.75,2.875,-4.60000000000005));
#9088=CARTESIAN_POINT('',(92.7500000000001,-36.0999999885239,-4.60000000000001));
#9089=CARTESIAN_POINT('Origin',(95.25,-36.0999977183614,-4.6000000000001));
#9090=CARTESIAN_POINT('',(92.75,-38.6,-4.60000000000001));
#9091=CARTESIAN_POINT('',(92.75,4.125,-4.60000000000005));
#9092=CARTESIAN_POINT('',(46.375,-38.6,-4.60000000000001));
#9093=CARTESIAN_POINT('',(118.3,40.6,-4.6000000000001));
#9094=CARTESIAN_POINT('Origin',(116.8,40.6,-4.6000000000001));
#9095=CARTESIAN_POINT('',(94.4385,-35.6,-4.60000000000001));
#9096=CARTESIAN_POINT('Origin',(95.25,-35.6,-4.60000000000001));
#9097=CARTESIAN_POINT('',(94.4385,35.6,-4.60000000000009));
#9098=CARTESIAN_POINT('Origin',(95.25,35.6,-4.60000000000009));
#9099=CARTESIAN_POINT('Origin',(116.8,-40.6,-7.3500000000001));
#9100=CARTESIAN_POINT('',(115.8,-40.6,-10.1000000000001));
#9101=CARTESIAN_POINT('',(115.8,-40.6,-7.3500000000001));
#9102=CARTESIAN_POINT('Origin',(116.8,-40.6,-10.1000000000001));
#9103=CARTESIAN_POINT('Origin',(116.8,40.6,-4.8500000000001));
#9104=CARTESIAN_POINT('',(117.8,40.6,-5.10000000000011));
#9105=CARTESIAN_POINT('',(118.05,40.6,-4.8500000000001));
#9106=CARTESIAN_POINT('',(115.8,40.6,-5.1000000000001));
#9107=CARTESIAN_POINT('Origin',(116.8,40.6,-5.10000000000011));
#9108=CARTESIAN_POINT('Origin',(116.8,40.6,-5.10000000000011));
#9109=CARTESIAN_POINT('Origin',(116.8,40.6,-7.3500000000001));
#9110=CARTESIAN_POINT('',(115.8,40.6,-10.1000000000001));
#9111=CARTESIAN_POINT('',(115.8,40.6,-7.3500000000001));
#9112=CARTESIAN_POINT('Origin',(116.8,40.6,-10.1000000000001));
#9113=CARTESIAN_POINT('Origin',(-116.8,-40.6,-4.8500000000001));
#9114=CARTESIAN_POINT('',(-115.3,-40.6,-4.6));
#9115=CARTESIAN_POINT('Origin',(-116.8,-40.6,-4.6));
#9116=CARTESIAN_POINT('',(-115.8,-40.6,-5.1000000000002));
#9117=CARTESIAN_POINT('',(-115.55,-40.6,-4.8500000000001));
#9118=CARTESIAN_POINT('',(-117.8,-40.6,-5.1000000000002));
#9119=CARTESIAN_POINT('Origin',(-116.8,-40.6,-5.1000000000002));
#9120=CARTESIAN_POINT('Origin',(-116.8,-40.6,-5.1000000000002));
#9121=CARTESIAN_POINT('Origin',(0.,44.35,-4.6000000000001));
#9122=CARTESIAN_POINT('',(-79.65,-38.6,-4.60000000000001));
#9123=CARTESIAN_POINT('',(-79.65,-44.35,-4.6));
#9124=CARTESIAN_POINT('',(-79.65,1.12649461348666E-16,-4.60000000000005));
#9125=CARTESIAN_POINT('',(-90.36875,-38.6,-4.60000000000001));
#9126=CARTESIAN_POINT('',(-1.25,-38.6,-4.60000000000001));
#9127=CARTESIAN_POINT('',(-90.36875,-36.1,-4.60000000000001));
#9128=CARTESIAN_POINT('',(-90.36875,2.875,-4.60000000000005));
#9129=CARTESIAN_POINT('',(-95.3687500000002,-36.0999943471874,-4.60000000000001));
#9130=CARTESIAN_POINT('Origin',(-92.86875,-36.0999970990879,-4.6000000000001));
#9131=CARTESIAN_POINT('',(-95.36875,-38.6,-4.60000000000001));
#9132=CARTESIAN_POINT('',(-95.36875,4.12500282463662,-4.60000000000005));
#9133=CARTESIAN_POINT('',(-112.8,-38.6,-4.60000000000001));
#9134=CARTESIAN_POINT('',(-47.684375,-38.6,-4.60000000000001));
#9135=CARTESIAN_POINT('',(-114.8,-36.6,-4.60000000000001));
#9136=CARTESIAN_POINT('Origin',(-112.8,-36.6,-4.6000000000001));
#9137=CARTESIAN_POINT('',(-114.8,36.6,-4.60000000000009));
#9138=CARTESIAN_POINT('',(-114.8,2.875,-4.60000000000005));
#9139=CARTESIAN_POINT('',(-112.8,38.6,-4.60000000000009));
#9140=CARTESIAN_POINT('Origin',(-112.8,36.6,-4.6000000000001));
#9141=CARTESIAN_POINT('',(-97.75,38.6,-4.60000000000009));
#9142=CARTESIAN_POINT('',(-57.4,38.6,-4.60000000000009));
#9143=CARTESIAN_POINT('',(-97.7499999999983,36.1,-4.60000000000009));
#9144=CARTESIAN_POINT('',(-97.7500000000029,41.4749999999579,-4.6000000000001));
#9145=CARTESIAN_POINT('',(-92.750000000006,36.1,-4.60000000000009));
#9146=CARTESIAN_POINT('Origin',(-95.2500000000021,36.1,-4.6000000000001));
#9147=CARTESIAN_POINT('',(-92.75,38.6,-4.60000000000009));
#9148=CARTESIAN_POINT('',(-92.75,40.225,-4.6000000000001));
#9149=CARTESIAN_POINT('',(-79.65,38.6,-4.60000000000009));
#9150=CARTESIAN_POINT('',(-46.375,38.6,-4.60000000000009));
#9151=CARTESIAN_POINT('',(-79.65,44.35,-4.6000000000001));
#9152=CARTESIAN_POINT('',(-79.65,41.475,-4.6000000000001));
#9153=CARTESIAN_POINT('',(-114.3,44.35,-4.6000000000001));
#9154=CARTESIAN_POINT('',(0.,44.35,-4.6000000000001));
#9155=CARTESIAN_POINT('',(-120.55,38.1,-4.60000000000009));
#9156=CARTESIAN_POINT('Origin',(-114.3,38.1,-4.6000000000001));
#9157=CARTESIAN_POINT('',(-120.55,-38.1,-4.60000000000001));
#9158=CARTESIAN_POINT('',(-120.55,-44.35,-4.6));
#9159=CARTESIAN_POINT('',(-114.3,-44.35,-4.6));
#9160=CARTESIAN_POINT('Origin',(-114.3,-38.1,-4.6000000000001));
#9161=CARTESIAN_POINT('',(0.,-44.35,-4.6));
#9162=CARTESIAN_POINT('',(-115.3,40.6,-4.6000000000001));
#9163=CARTESIAN_POINT('Origin',(-116.8,40.6,-4.6000000000001));
#9164=CARTESIAN_POINT('',(-96.0615,35.6,-4.60000000000009));
#9165=CARTESIAN_POINT('Origin',(-95.25,35.6,-4.60000000000009));
#9166=CARTESIAN_POINT('',(-93.68025,-35.6,-4.60000000000001));
#9167=CARTESIAN_POINT('Origin',(-92.86875,-35.6,-4.60000000000001));
#9168=CARTESIAN_POINT('Origin',(-116.8,-40.6,-7.3500000000001));
#9169=CARTESIAN_POINT('',(-117.8,-40.6,-10.1000000000001));
#9170=CARTESIAN_POINT('',(-117.8,-40.6,-7.3500000000001));
#9171=CARTESIAN_POINT('Origin',(-116.8,-40.6,-10.1000000000001));
#9172=CARTESIAN_POINT('Origin',(-116.8,40.6,-4.8500000000001));
#9173=CARTESIAN_POINT('',(-115.8,40.6,-5.10000000000011));
#9174=CARTESIAN_POINT('',(-115.55,40.6,-4.8500000000001));
#9175=CARTESIAN_POINT('',(-117.8,40.6,-5.1000000000001));
#9176=CARTESIAN_POINT('Origin',(-116.8,40.6,-5.10000000000011));
#9177=CARTESIAN_POINT('Origin',(-116.8,40.6,-5.10000000000011));
#9178=CARTESIAN_POINT('Origin',(-116.8,40.6,-7.3500000000001));
#9179=CARTESIAN_POINT('',(-117.8,40.6,-10.1000000000001));
#9180=CARTESIAN_POINT('',(-117.8,40.6,-7.3500000000001));
#9181=CARTESIAN_POINT('Origin',(-116.8,40.6,-10.1000000000001));
#9182=CARTESIAN_POINT('Origin',(116.8,40.6,-10.4004303095139));
#9183=CARTESIAN_POINT('',(116.8,40.6,-10.7008606190277));
#9184=CARTESIAN_POINT('',(116.3,40.6,-10.4004303095139));
#9185=CARTESIAN_POINT('Origin',(-116.8,40.6,-10.4004303095139));
#9186=CARTESIAN_POINT('',(-116.8,40.6,-10.7008606190277));
#9187=CARTESIAN_POINT('',(-117.3,40.6,-10.4004303095139));
#9188=CARTESIAN_POINT('Origin',(-116.8,-40.6,-10.4004303095139));
#9189=CARTESIAN_POINT('',(-116.8,-40.6,-10.7008606190277));
#9190=CARTESIAN_POINT('',(-117.3,-40.6,-10.4004303095139));
#9191=CARTESIAN_POINT('Origin',(116.8,-40.6,-10.4004303095139));
#9192=CARTESIAN_POINT('',(116.8,-40.6,-10.7008606190277));
#9193=CARTESIAN_POINT('',(116.3,-40.6,-10.4004303095139));
#9194=CARTESIAN_POINT('Origin',(-106.5,29.1331799406885,-17.1000705063898));
#9195=CARTESIAN_POINT('',(-108.,28.6369068648679,-17.0391358346873));
#9196=CARTESIAN_POINT('',(-108.,29.1941146123911,-16.6037974305692));
#9197=CARTESIAN_POINT('Origin',(-108.,29.1331799406885,-17.1000705063898));
#9198=CARTESIAN_POINT('',(-102.,29.1941146123911,-16.6037974305692));
#9199=CARTESIAN_POINT('',(-106.5,29.1941146123911,-16.6037974305692));
#9200=CARTESIAN_POINT('',(-102.,28.6369068648679,-17.0391358346873));
#9201=CARTESIAN_POINT('Origin',(-102.,29.1331799406885,-17.1000705063898));
#9202=CARTESIAN_POINT('',(-106.5,28.6369068648679,-17.0391358346873));
#9203=CARTESIAN_POINT('Origin',(-102.,30.1257260923299,-17.221939849795));
#9204=CARTESIAN_POINT('',(-102.,31.1792069156738,-16.8475361173795));
#9205=CARTESIAN_POINT('',(-102.,31.6145453197919,-17.4047438649027));
#9206=CARTESIAN_POINT('Origin',(-102.,31.1182722439712,-17.3438091932001));
#9207=CARTESIAN_POINT('Origin',(-102.,30.1257260923299,-17.221939849795));
#9208=CARTESIAN_POINT('Origin',(-102.,30.1866607640324,-16.7256667739743));
#9209=CARTESIAN_POINT('Origin',(-103.5,31.1182722439712,-17.3438091932001));
#9210=CARTESIAN_POINT('',(-108.,31.1792069156738,-16.8475361173795));
#9211=CARTESIAN_POINT('',(-108.,31.6145453197919,-17.4047438649027));
#9212=CARTESIAN_POINT('Origin',(-108.,31.1182722439712,-17.3438091932001));
#9213=CARTESIAN_POINT('',(-103.5,31.6145453197919,-17.4047438649027));
#9214=CARTESIAN_POINT('',(-103.5,31.1792069156738,-16.8475361173795));
#9215=CARTESIAN_POINT('Origin',(-108.,30.1257260923299,-17.221939849795));
#9216=CARTESIAN_POINT('Origin',(-108.,30.1257260923299,-17.221939849795));
#9217=CARTESIAN_POINT('Origin',(-108.,30.1866607640324,-16.7256667739743));
#9218=CARTESIAN_POINT('Origin',(-108.,29.7601180621144,-20.199578304719));
#9219=CARTESIAN_POINT('',(-108.,28.332233506355,-19.5205012137906));
#9220=CARTESIAN_POINT('',(-108.,28.2712988346524,-20.0167742896112));
#9221=CARTESIAN_POINT('',(-108.,31.309871961279,-19.886109244006));
#9222=CARTESIAN_POINT('Origin',(-108.,29.821052733817,-19.7033052288983));
#9223=CARTESIAN_POINT('',(-108.,31.2489372895764,-20.3823823198267));
#9224=CARTESIAN_POINT('Origin',(-108.,28.2712988346524,-20.0167742896112));
#9225=CARTESIAN_POINT('',(-102.,28.332233506355,-19.5205012137906));
#9226=CARTESIAN_POINT('',(-102.,28.2712988346525,-20.0167742896112));
#9227=CARTESIAN_POINT('',(-106.5,28.332233506355,-19.5205012137906));
#9228=CARTESIAN_POINT('Origin',(-105.,30.1866607640327,-16.7256667739744));
#9229=CARTESIAN_POINT('Origin',(103.5,29.1331799406885,-17.1000705063898));
#9230=CARTESIAN_POINT('',(102.,28.6369068648679,-17.0391358346873));
#9231=CARTESIAN_POINT('',(102.,29.1941146123911,-16.6037974305692));
#9232=CARTESIAN_POINT('Origin',(102.,29.1331799406885,-17.1000705063898));
#9233=CARTESIAN_POINT('',(108.,29.1941146123911,-16.6037974305692));
#9234=CARTESIAN_POINT('',(103.5,29.1941146123911,-16.6037974305692));
#9235=CARTESIAN_POINT('',(108.,28.6369068648679,-17.0391358346873));
#9236=CARTESIAN_POINT('Origin',(108.,29.1331799406885,-17.1000705063898));
#9237=CARTESIAN_POINT('',(103.5,28.6369068648679,-17.0391358346873));
#9238=CARTESIAN_POINT('Origin',(108.,30.1257260923299,-17.221939849795));
#9239=CARTESIAN_POINT('',(108.,31.1792069156738,-16.8475361173795));
#9240=CARTESIAN_POINT('',(108.,31.6145453197919,-17.4047438649027));
#9241=CARTESIAN_POINT('Origin',(108.,31.1182722439712,-17.3438091932001));
#9242=CARTESIAN_POINT('Origin',(108.,30.1257260923299,-17.221939849795));
#9243=CARTESIAN_POINT('Origin',(108.,30.1866607640324,-16.7256667739743));
#9244=CARTESIAN_POINT('Origin',(106.5,31.1182722439712,-17.3438091932001));
#9245=CARTESIAN_POINT('',(102.,31.1792069156738,-16.8475361173795));
#9246=CARTESIAN_POINT('',(102.,31.6145453197927,-17.4047438649028));
#9247=CARTESIAN_POINT('Origin',(102.,31.1182722439712,-17.3438091932001));
#9248=CARTESIAN_POINT('',(106.5,31.6145453197919,-17.4047438649027));
#9249=CARTESIAN_POINT('',(106.5,31.1792069156738,-16.8475361173795));
#9250=CARTESIAN_POINT('Origin',(102.,30.1257260923299,-17.221939849795));
#9251=CARTESIAN_POINT('Origin',(102.,30.1257260923299,-17.221939849795));
#9252=CARTESIAN_POINT('Origin',(102.,30.1866607640324,-16.7256667739743));
#9253=CARTESIAN_POINT('Origin',(102.,29.7601180621144,-20.199578304719));
#9254=CARTESIAN_POINT('',(102.,28.332233506355,-19.5205012137906));
#9255=CARTESIAN_POINT('',(102.,28.2712988346525,-20.0167742896112));
#9256=CARTESIAN_POINT('',(102.,31.3098719612798,-19.8861092440061));
#9257=CARTESIAN_POINT('Origin',(102.,29.821052733817,-19.7033052288983));
#9258=CARTESIAN_POINT('',(102.,31.2489372895772,-20.3823823198268));
#9259=CARTESIAN_POINT('Origin',(102.,28.2712988346525,-20.0167742896112));
#9260=CARTESIAN_POINT('',(108.,28.3322335063551,-19.5205012137906));
#9261=CARTESIAN_POINT('',(108.,28.2712988346525,-20.0167742896112));
#9262=CARTESIAN_POINT('',(103.5,28.332233506355,-19.5205012137906));
#9263=CARTESIAN_POINT('Origin',(105.,30.1866607640328,-16.7256667739744));
#9264=CARTESIAN_POINT('Origin',(100.,-31.2814702638269,-12.7046136853025));
#9265=CARTESIAN_POINT('',(100.,-31.2814702638269,-12.7046136853025));
#9266=CARTESIAN_POINT('',(100.,-36.2442010220335,-12.0952669682768));
#9267=CARTESIAN_POINT('',(100.,-37.8157351319135,-11.9023068426513));
#9268=CARTESIAN_POINT('',(100.,-31.2205355921243,-12.2083406094819));
#9269=CARTESIAN_POINT('',(100.,-31.2814702638269,-12.7046136853025));
#9270=CARTESIAN_POINT('',(100.,-36.1832663503309,-11.5989938924562));
#9271=CARTESIAN_POINT('',(100.,-31.2205355921243,-12.2083406094819));
#9272=CARTESIAN_POINT('',(100.,-36.2442010220335,-12.0952669682768));
#9273=CARTESIAN_POINT('Origin',(101.5,-31.2814702638269,-12.7046136853025));
#9274=CARTESIAN_POINT('',(101.5,-29.7926510363649,-12.8874177004103));
#9275=CARTESIAN_POINT('Origin',(101.5,-31.2814702638269,-12.7046136853025));
#9276=CARTESIAN_POINT('',(101.5,-29.7317163646623,-12.3911446245896));
#9277=CARTESIAN_POINT('',(101.5,-29.7926510363649,-12.8874177004103));
#9278=CARTESIAN_POINT('Origin',(101.5,-31.2205355921243,-12.2083406094819));
#9279=CARTESIAN_POINT('Origin',(108.5,-29.7926510363649,-12.8874177004103));
#9280=CARTESIAN_POINT('',(108.5,-29.7926510363649,-12.8874177004103));
#9281=CARTESIAN_POINT('',(54.25,-29.7926510363649,-12.8874177004103));
#9282=CARTESIAN_POINT('',(108.5,-29.7317163646623,-12.3911446245896));
#9283=CARTESIAN_POINT('',(108.5,-29.7926510363649,-12.8874177004103));
#9284=CARTESIAN_POINT('',(108.5,-29.7317163646623,-12.3911446245896));
#9285=CARTESIAN_POINT('Origin',(108.5,-31.2814702638269,-12.7046136853025));
#9286=CARTESIAN_POINT('',(110.,-31.2814702638269,-12.7046136853025));
#9287=CARTESIAN_POINT('Origin',(108.5,-31.2814702638269,-12.7046136853025));
#9288=CARTESIAN_POINT('',(110.,-31.2205355921243,-12.2083406094819));
#9289=CARTESIAN_POINT('',(110.,-31.2814702638269,-12.7046136853025));
#9290=CARTESIAN_POINT('Origin',(108.5,-31.2205355921243,-12.2083406094819));
#9291=CARTESIAN_POINT('Origin',(110.,-36.2442010220335,-12.0952669682768));
#9292=CARTESIAN_POINT('',(110.,-36.2442010220335,-12.0952669682768));
#9293=CARTESIAN_POINT('',(110.,-40.2971005110168,-11.5976334841384));
#9294=CARTESIAN_POINT('',(110.,-36.1832663503309,-11.5989938924562));
#9295=CARTESIAN_POINT('',(110.,-36.2442010220335,-12.0952669682768));
#9296=CARTESIAN_POINT('',(110.,-36.1832663503309,-11.5989938924562));
#9297=CARTESIAN_POINT('Origin',(108.5,-36.2442010220335,-12.0952669682768));
#9298=CARTESIAN_POINT('',(108.5,-37.7330202494955,-11.9124629531691));
#9299=CARTESIAN_POINT('Origin',(108.5,-36.2442010220335,-12.0952669682768));
#9300=CARTESIAN_POINT('',(108.5,-37.6720855777929,-11.4161898773484));
#9301=CARTESIAN_POINT('',(108.5,-37.7330202494955,-11.9124629531691));
#9302=CARTESIAN_POINT('Origin',(108.5,-36.1832663503309,-11.5989938924562));
#9303=CARTESIAN_POINT('Origin',(101.5,-37.7330202494955,-11.9124629531691));
#9304=CARTESIAN_POINT('',(101.5,-37.7330202494955,-11.9124629531691));
#9305=CARTESIAN_POINT('',(50.75,-37.7330202494955,-11.9124629531691));
#9306=CARTESIAN_POINT('',(101.5,-37.6720855777929,-11.4161898773484));
#9307=CARTESIAN_POINT('',(101.5,-37.7330202494955,-11.9124629531691));
#9308=CARTESIAN_POINT('',(101.5,-37.6720855777929,-11.4161898773484));
#9309=CARTESIAN_POINT('Origin',(101.5,-36.2442010220335,-12.0952669682768));
#9310=CARTESIAN_POINT('Origin',(101.5,-36.2442010220335,-12.0952669682768));
#9311=CARTESIAN_POINT('Origin',(101.5,-36.1832663503309,-11.5989938924562));
#9312=CARTESIAN_POINT('Origin',(105.,-33.7019009712276,-11.903667250969));
#9313=CARTESIAN_POINT('',(108.,-32.2130817437656,-12.0864712660767));
#9314=CARTESIAN_POINT('',(108.,-35.1907201986896,-11.7208632358613));
#9315=CARTESIAN_POINT('Origin',(108.,-33.7019009712276,-11.903667250969));
#9316=CARTESIAN_POINT('',(102.,-32.2130817437656,-12.0864712660767));
#9317=CARTESIAN_POINT('',(106.5,-32.2130817437656,-12.0864712660767));
#9318=CARTESIAN_POINT('',(102.,-35.1907201986896,-11.7208632358613));
#9319=CARTESIAN_POINT('Origin',(102.,-33.7019009712276,-11.903667250969));
#9320=CARTESIAN_POINT('',(103.5,-35.1907201986896,-11.7208632358613));
#9321=CARTESIAN_POINT('Origin',(-110.,-31.2814702638269,-12.7046136853025));
#9322=CARTESIAN_POINT('',(-110.,-31.2814702638269,-12.7046136853025));
#9323=CARTESIAN_POINT('',(-110.,-36.2442010220335,-12.0952669682768));
#9324=CARTESIAN_POINT('',(-110.,-37.8157351319135,-11.9023068426513));
#9325=CARTESIAN_POINT('',(-110.,-31.2205355921243,-12.2083406094819));
#9326=CARTESIAN_POINT('',(-110.,-31.2814702638269,-12.7046136853025));
#9327=CARTESIAN_POINT('',(-110.,-36.1832663503309,-11.5989938924562));
#9328=CARTESIAN_POINT('',(-110.,-31.2205355921243,-12.2083406094819));
#9329=CARTESIAN_POINT('',(-110.,-36.2442010220335,-12.0952669682768));
#9330=CARTESIAN_POINT('Origin',(-108.5,-31.2814702638269,-12.7046136853025));
#9331=CARTESIAN_POINT('',(-108.5,-29.7926510363649,-12.8874177004103));
#9332=CARTESIAN_POINT('Origin',(-108.5,-31.2814702638269,-12.7046136853025));
#9333=CARTESIAN_POINT('',(-108.5,-29.7317163646623,-12.3911446245896));
#9334=CARTESIAN_POINT('',(-108.5,-29.7926510363649,-12.8874177004103));
#9335=CARTESIAN_POINT('Origin',(-108.5,-31.2205355921243,-12.2083406094819));
#9336=CARTESIAN_POINT('Origin',(-101.5,-29.7926510363649,-12.8874177004103));
#9337=CARTESIAN_POINT('',(-101.5,-29.7926510363649,-12.8874177004103));
#9338=CARTESIAN_POINT('',(-50.75,-29.7926510363649,-12.8874177004103));
#9339=CARTESIAN_POINT('',(-101.5,-29.7317163646623,-12.3911446245896));
#9340=CARTESIAN_POINT('',(-101.5,-29.7926510363649,-12.8874177004103));
#9341=CARTESIAN_POINT('',(-101.5,-29.7317163646623,-12.3911446245896));
#9342=CARTESIAN_POINT('Origin',(-101.5,-31.2814702638269,-12.7046136853025));
#9343=CARTESIAN_POINT('',(-100.,-31.2814702638269,-12.7046136853025));
#9344=CARTESIAN_POINT('Origin',(-101.5,-31.2814702638269,-12.7046136853025));
#9345=CARTESIAN_POINT('',(-100.,-31.2205355921243,-12.2083406094819));
#9346=CARTESIAN_POINT('',(-100.,-31.2814702638269,-12.7046136853025));
#9347=CARTESIAN_POINT('Origin',(-101.5,-31.2205355921243,-12.2083406094819));
#9348=CARTESIAN_POINT('Origin',(-100.,-36.2442010220335,-12.0952669682768));
#9349=CARTESIAN_POINT('',(-100.,-36.2442010220335,-12.0952669682768));
#9350=CARTESIAN_POINT('',(-100.,-40.2971005110168,-11.5976334841384));
#9351=CARTESIAN_POINT('',(-100.,-36.1832663503309,-11.5989938924562));
#9352=CARTESIAN_POINT('',(-100.,-36.2442010220335,-12.0952669682768));
#9353=CARTESIAN_POINT('',(-100.,-36.1832663503309,-11.5989938924562));
#9354=CARTESIAN_POINT('Origin',(-101.5,-36.2442010220335,-12.0952669682768));
#9355=CARTESIAN_POINT('',(-101.5,-37.7330202494955,-11.9124629531691));
#9356=CARTESIAN_POINT('Origin',(-101.5,-36.2442010220335,-12.0952669682768));
#9357=CARTESIAN_POINT('',(-101.5,-37.6720855777929,-11.4161898773484));
#9358=CARTESIAN_POINT('',(-101.5,-37.7330202494955,-11.9124629531691));
#9359=CARTESIAN_POINT('Origin',(-101.5,-36.1832663503309,-11.5989938924562));
#9360=CARTESIAN_POINT('Origin',(-108.5,-37.7330202494955,-11.9124629531691));
#9361=CARTESIAN_POINT('',(-108.5,-37.7330202494955,-11.9124629531691));
#9362=CARTESIAN_POINT('',(-54.25,-37.7330202494955,-11.9124629531691));
#9363=CARTESIAN_POINT('',(-108.5,-37.6720855777929,-11.4161898773484));
#9364=CARTESIAN_POINT('',(-108.5,-37.7330202494955,-11.9124629531691));
#9365=CARTESIAN_POINT('',(-108.5,-37.6720855777929,-11.4161898773484));
#9366=CARTESIAN_POINT('Origin',(-108.5,-36.2442010220335,-12.0952669682768));
#9367=CARTESIAN_POINT('Origin',(-108.5,-36.2442010220335,-12.0952669682768));
#9368=CARTESIAN_POINT('Origin',(-108.5,-36.1832663503309,-11.5989938924562));
#9369=CARTESIAN_POINT('Origin',(-105.,-33.7019009712276,-11.903667250969));
#9370=CARTESIAN_POINT('',(-102.,-32.2130817437656,-12.0864712660767));
#9371=CARTESIAN_POINT('',(-102.,-35.1907201986896,-11.7208632358613));
#9372=CARTESIAN_POINT('Origin',(-102.,-33.7019009712276,-11.903667250969));
#9373=CARTESIAN_POINT('',(-108.,-32.2130817437656,-12.0864712660767));
#9374=CARTESIAN_POINT('',(-103.5,-32.2130817437656,-12.0864712660767));
#9375=CARTESIAN_POINT('',(-108.,-35.1907201986896,-11.7208632358613));
#9376=CARTESIAN_POINT('Origin',(-108.,-33.7019009712276,-11.903667250969));
#9377=CARTESIAN_POINT('',(-106.5,-35.1907201986896,-11.7208632358613));
#9378=CARTESIAN_POINT('Origin',(101.5,25.7899334555491,-19.7121009310984));
#9379=CARTESIAN_POINT('',(101.5,25.7899334555491,-19.7121009310984));
#9380=CARTESIAN_POINT('',(108.5,25.7899334555491,-19.7121009310984));
#9381=CARTESIAN_POINT('',(50.75,25.7899334555491,-19.7121009310984));
#9382=CARTESIAN_POINT('',(101.5,25.8508681272517,-19.2158278552777));
#9383=CARTESIAN_POINT('',(101.5,25.7899334555491,-19.7121009310984));
#9384=CARTESIAN_POINT('',(108.5,25.8508681272517,-19.2158278552777));
#9385=CARTESIAN_POINT('',(101.5,25.8508681272517,-19.2158278552777));
#9386=CARTESIAN_POINT('',(108.5,25.7899334555491,-19.7121009310984));
#9387=CARTESIAN_POINT('Origin',(101.5,27.2787526830111,-19.8949049462061));
#9388=CARTESIAN_POINT('',(100.,27.2787526830111,-19.8949049462061));
#9389=CARTESIAN_POINT('Origin',(101.5,27.2787526830112,-19.8949049462058));
#9390=CARTESIAN_POINT('',(100.,27.3396873547137,-19.3986318703854));
#9391=CARTESIAN_POINT('',(100.,27.2787526830111,-19.8949049462061));
#9392=CARTESIAN_POINT('Origin',(101.5,27.3396873547137,-19.3986318703854));
#9393=CARTESIAN_POINT('Origin',(100.,32.2414834412177,-20.5042516632318));
#9394=CARTESIAN_POINT('',(100.,32.2414834412177,-20.5042516632318));
#9395=CARTESIAN_POINT('',(100.,-6.05425827939113,-15.8021258316159));
#9396=CARTESIAN_POINT('',(100.,32.3024181129203,-20.0079785874112));
#9397=CARTESIAN_POINT('',(100.,32.2414834412177,-20.5042516632318));
#9398=CARTESIAN_POINT('',(100.,32.3024181129203,-20.0079785874112));
#9399=CARTESIAN_POINT('Origin',(101.5,32.2414834412177,-20.5042516632318));
#9400=CARTESIAN_POINT('',(101.5,33.7303026686797,-20.6870556783395));
#9401=CARTESIAN_POINT('Origin',(101.5,32.2414834412178,-20.5042516632315));
#9402=CARTESIAN_POINT('',(101.5,33.7912373403823,-20.1907826025189));
#9403=CARTESIAN_POINT('',(101.5,33.7303026686797,-20.6870556783395));
#9404=CARTESIAN_POINT('Origin',(101.5,32.3024181129203,-20.0079785874112));
#9405=CARTESIAN_POINT('Origin',(108.5,33.7303026686797,-20.6870556783395));
#9406=CARTESIAN_POINT('',(108.5,33.7303026686797,-20.6870556783395));
#9407=CARTESIAN_POINT('',(54.25,33.7303026686797,-20.6870556783395));
#9408=CARTESIAN_POINT('',(108.5,33.7912373403823,-20.1907826025189));
#9409=CARTESIAN_POINT('',(108.5,33.7303026686797,-20.6870556783395));
#9410=CARTESIAN_POINT('',(108.5,33.7912373403823,-20.1907826025189));
#9411=CARTESIAN_POINT('Origin',(108.5,32.2414834412177,-20.5042516632318));
#9412=CARTESIAN_POINT('',(110.,32.2414834412177,-20.5042516632318));
#9413=CARTESIAN_POINT('Origin',(108.5,32.2414834412178,-20.5042516632315));
#9414=CARTESIAN_POINT('',(110.,32.3024181129203,-20.0079785874112));
#9415=CARTESIAN_POINT('',(110.,32.2414834412177,-20.5042516632318));
#9416=CARTESIAN_POINT('Origin',(108.5,32.3024181129203,-20.0079785874111));
#9417=CARTESIAN_POINT('Origin',(110.,27.2787526830111,-19.8949049462061));
#9418=CARTESIAN_POINT('',(110.,27.2787526830111,-19.8949049462061));
#9419=CARTESIAN_POINT('',(110.,-8.53562365849444,-15.497452473103));
#9420=CARTESIAN_POINT('',(110.,27.3396873547137,-19.3986318703854));
#9421=CARTESIAN_POINT('',(110.,27.2787526830111,-19.8949049462061));
#9422=CARTESIAN_POINT('',(110.,27.3396873547137,-19.3986318703854));
#9423=CARTESIAN_POINT('Origin',(108.5,27.2787526830111,-19.8949049462061));
#9424=CARTESIAN_POINT('Origin',(108.5,27.2787526830112,-19.8949049462058));
#9425=CARTESIAN_POINT('Origin',(108.5,27.3396873547137,-19.3986318703854));
#9426=CARTESIAN_POINT('Origin',(105.,29.821052733817,-19.7033052288983));
#9427=CARTESIAN_POINT('',(108.,31.309871961279,-19.886109244006));
#9428=CARTESIAN_POINT('Origin',(108.,29.821052733817,-19.7033052288983));
#9429=CARTESIAN_POINT('',(106.5,31.309871961279,-19.886109244006));
#9430=CARTESIAN_POINT('Origin',(-110.,32.2414834412177,-20.5042516632318));
#9431=CARTESIAN_POINT('',(-110.,32.2414834412177,-20.5042516632318));
#9432=CARTESIAN_POINT('',(-110.,27.2787526830111,-19.8949049462061));
#9433=CARTESIAN_POINT('',(-110.,-6.05425827939113,-15.8021258316159));
#9434=CARTESIAN_POINT('',(-110.,32.3024181129203,-20.0079785874112));
#9435=CARTESIAN_POINT('',(-110.,32.2414834412177,-20.5042516632318));
#9436=CARTESIAN_POINT('',(-110.,27.3396873547137,-19.3986318703854));
#9437=CARTESIAN_POINT('',(-110.,32.3024181129203,-20.0079785874112));
#9438=CARTESIAN_POINT('',(-110.,27.2787526830111,-19.8949049462061));
#9439=CARTESIAN_POINT('Origin',(-108.5,32.2414834412177,-20.5042516632318));
#9440=CARTESIAN_POINT('',(-108.5,33.7303026686797,-20.6870556783395));
#9441=CARTESIAN_POINT('Origin',(-108.5,32.2414834412178,-20.5042516632315));
#9442=CARTESIAN_POINT('',(-108.5,33.7912373403823,-20.1907826025189));
#9443=CARTESIAN_POINT('',(-108.5,33.7303026686797,-20.6870556783395));
#9444=CARTESIAN_POINT('Origin',(-108.5,32.3024181129203,-20.0079785874112));
#9445=CARTESIAN_POINT('Origin',(-101.5,33.7303026686797,-20.6870556783395));
#9446=CARTESIAN_POINT('',(-101.5,33.7303026686797,-20.6870556783395));
#9447=CARTESIAN_POINT('',(-50.75,33.7303026686797,-20.6870556783395));
#9448=CARTESIAN_POINT('',(-101.5,33.7912373403823,-20.1907826025189));
#9449=CARTESIAN_POINT('',(-101.5,33.7303026686797,-20.6870556783395));
#9450=CARTESIAN_POINT('',(-101.5,33.7912373403823,-20.1907826025189));
#9451=CARTESIAN_POINT('Origin',(-101.5,32.2414834412177,-20.5042516632318));
#9452=CARTESIAN_POINT('',(-100.,32.2414834412177,-20.5042516632318));
#9453=CARTESIAN_POINT('Origin',(-101.5,32.2414834412178,-20.5042516632315));
#9454=CARTESIAN_POINT('',(-100.,32.3024181129203,-20.0079785874112));
#9455=CARTESIAN_POINT('',(-100.,32.2414834412177,-20.5042516632318));
#9456=CARTESIAN_POINT('Origin',(-101.5,32.3024181129203,-20.0079785874111));
#9457=CARTESIAN_POINT('Origin',(-100.,27.2787526830111,-19.8949049462061));
#9458=CARTESIAN_POINT('',(-100.,27.2787526830111,-19.8949049462061));
#9459=CARTESIAN_POINT('',(-100.,-8.53562365849444,-15.497452473103));
#9460=CARTESIAN_POINT('',(-100.,27.3396873547137,-19.3986318703854));
#9461=CARTESIAN_POINT('',(-100.,27.2787526830111,-19.8949049462061));
#9462=CARTESIAN_POINT('',(-100.,27.3396873547137,-19.3986318703854));
#9463=CARTESIAN_POINT('Origin',(-101.5,27.2787526830111,-19.8949049462061));
#9464=CARTESIAN_POINT('',(-101.5,25.7899334555491,-19.7121009310984));
#9465=CARTESIAN_POINT('Origin',(-101.5,27.2787526830112,-19.8949049462058));
#9466=CARTESIAN_POINT('',(-101.5,25.8508681272517,-19.2158278552777));
#9467=CARTESIAN_POINT('',(-101.5,25.7899334555491,-19.7121009310984));
#9468=CARTESIAN_POINT('Origin',(-101.5,27.3396873547137,-19.3986318703854));
#9469=CARTESIAN_POINT('Origin',(-108.5,25.7899334555491,-19.7121009310984));
#9470=CARTESIAN_POINT('',(-108.5,25.7899334555491,-19.7121009310984));
#9471=CARTESIAN_POINT('',(-54.25,25.7899334555491,-19.7121009310984));
#9472=CARTESIAN_POINT('',(-108.5,25.8508681272517,-19.2158278552777));
#9473=CARTESIAN_POINT('',(-108.5,25.7899334555491,-19.7121009310984));
#9474=CARTESIAN_POINT('',(-108.5,25.8508681272517,-19.2158278552777));
#9475=CARTESIAN_POINT('Origin',(-108.5,27.2787526830111,-19.8949049462061));
#9476=CARTESIAN_POINT('Origin',(-108.5,27.2787526830112,-19.8949049462058));
#9477=CARTESIAN_POINT('Origin',(-108.5,27.3396873547137,-19.3986318703854));
#9478=CARTESIAN_POINT('Origin',(-105.,29.821052733817,-19.7033052288983));
#9479=CARTESIAN_POINT('',(-102.,31.309871961279,-19.886109244006));
#9480=CARTESIAN_POINT('Origin',(-102.,29.821052733817,-19.7033052288983));
#9481=CARTESIAN_POINT('',(-103.5,31.309871961279,-19.886109244006));
#9482=CARTESIAN_POINT('Origin',(108.,-32.2740164154682,-12.5827443418974));
#9483=CARTESIAN_POINT('',(108.,-31.9568952855239,-10.));
#9484=CARTESIAN_POINT('',(108.,-32.2740164154682,-12.5827443418974));
#9485=CARTESIAN_POINT('',(102.,-31.9568952855239,-10.));
#9486=CARTESIAN_POINT('',(54.,-31.9568952855239,-10.));
#9487=CARTESIAN_POINT('',(102.,-32.2740164154682,-12.5827443418974));
#9488=CARTESIAN_POINT('Origin',(108.,-33.7628356429302,-12.3999403267897));
#9489=CARTESIAN_POINT('',(108.,-34.9794247619004,-10.));
#9490=CARTESIAN_POINT('',(108.,-35.2516548703922,-12.217136311682));
#9491=CARTESIAN_POINT('Origin',(108.,-33.4681600237122,-10.));
#9492=CARTESIAN_POINT('Origin',(-102.,-32.2740164154682,-12.5827443418974));
#9493=CARTESIAN_POINT('',(-102.,-31.9568952855239,-10.));
#9494=CARTESIAN_POINT('',(-102.,-32.2740164154682,-12.5827443418974));
#9495=CARTESIAN_POINT('',(-108.,-31.9568952855239,-10.));
#9496=CARTESIAN_POINT('',(-51.,-31.9568952855239,-10.));
#9497=CARTESIAN_POINT('',(-108.,-32.2740164154682,-12.5827443418974));
#9498=CARTESIAN_POINT('Origin',(-102.,-33.7628356429302,-12.3999403267897));
#9499=CARTESIAN_POINT('',(-102.,-34.9794247619004,-10.));
#9500=CARTESIAN_POINT('',(-102.,-35.2516548703922,-12.217136311682));
#9501=CARTESIAN_POINT('Origin',(-102.,-33.4681600237122,-10.));
#9502=CARTESIAN_POINT('Origin',(108.,31.2489372895764,-20.3823823198267));
#9503=CARTESIAN_POINT('',(108.,31.2489372895764,-20.3823823198267));
#9504=CARTESIAN_POINT('Origin',(108.,29.7601180621144,-20.199578304719));
#9505=CARTESIAN_POINT('Origin',(-102.,31.2489372895764,-20.3823823198267));
#9506=CARTESIAN_POINT('',(-102.,31.2489372895764,-20.3823823198267));
#9507=CARTESIAN_POINT('Origin',(-102.,29.7601180621144,-20.199578304719));
#9508=CARTESIAN_POINT('Origin',(102.,-35.2516548703922,-12.217136311682));
#9509=CARTESIAN_POINT('',(102.,-34.9794247619004,-10.));
#9510=CARTESIAN_POINT('',(102.,-35.2516548703922,-12.217136311682));
#9511=CARTESIAN_POINT('',(51.,-34.9794247619004,-10.));
#9512=CARTESIAN_POINT('Origin',(102.,-33.7628356429302,-12.3999403267897));
#9513=CARTESIAN_POINT('Origin',(102.,-33.4681600237122,-10.));
#9514=CARTESIAN_POINT('Origin',(-108.,-35.2516548703922,-12.217136311682));
#9515=CARTESIAN_POINT('',(-108.,-34.9794247619004,-10.));
#9516=CARTESIAN_POINT('',(-108.,-35.2516548703922,-12.217136311682));
#9517=CARTESIAN_POINT('',(-54.,-34.9794247619004,-10.));
#9518=CARTESIAN_POINT('Origin',(-108.,-33.7628356429302,-12.3999403267897));
#9519=CARTESIAN_POINT('Origin',(-108.,-33.4681600237122,-10.));
#9520=CARTESIAN_POINT('Origin',(-4.57,38.3755620356242,-17.4288844732463));
#9521=CARTESIAN_POINT('',(-4.57,38.4956722385894,-15.6301144659514));
#9522=CARTESIAN_POINT('',(-4.47,38.5949268537535,-15.6423014002919));
#9523=CARTESIAN_POINT('Origin',(-4.57,38.5949268537535,-15.6423014002919));
#9524=CARTESIAN_POINT('',(-4.47,38.748482226444,-14.3916932492238));
#9525=CARTESIAN_POINT('',(-4.47,38.3755620356242,-17.4288844732463));
#9526=CARTESIAN_POINT('',(-4.57,38.6492276112799,-14.3795063148833));
#9527=CARTESIAN_POINT('Origin',(-4.57,38.748482226444,-14.3916932492238));
#9528=CARTESIAN_POINT('',(-4.57,38.2763074204601,-17.4166975389058));
#9529=CARTESIAN_POINT('Origin',(-3.47,38.748482226444,-14.3916932492238));
#9530=CARTESIAN_POINT('',(-3.47,38.8703515698492,-13.3991470975825));
#9531=CARTESIAN_POINT('',(-3.47,38.7832838890255,-13.2877055480779));
#9532=CARTESIAN_POINT('Origin',(-3.47,38.8825385041897,-13.2998924824184));
#9533=CARTESIAN_POINT('Origin',(-3.47,38.6492276112799,-14.3795063148833));
#9534=CARTESIAN_POINT('Origin',(-3.47,38.748482226444,-14.3916932492238));
#9535=CARTESIAN_POINT('Origin',(-1.735,38.8825385041897,-13.2998924824184));
#9536=CARTESIAN_POINT('',(3.47,38.8703515698492,-13.3991470975825));
#9537=CARTESIAN_POINT('',(3.47,38.7832838890255,-13.2877055480779));
#9538=CARTESIAN_POINT('Origin',(3.47,38.8825385041897,-13.2998924824184));
#9539=CARTESIAN_POINT('',(-1.735,38.7832838890255,-13.2877055480779));
#9540=CARTESIAN_POINT('',(-1.735,38.8703515698492,-13.3991470975825));
#9541=CARTESIAN_POINT('Origin',(3.47,38.748482226444,-14.3916932492238));
#9542=CARTESIAN_POINT('',(4.47,38.748482226444,-14.3916932492238));
#9543=CARTESIAN_POINT('',(4.57,38.6492276112799,-14.3795063148833));
#9544=CARTESIAN_POINT('Origin',(4.57,38.748482226444,-14.3916932492238));
#9545=CARTESIAN_POINT('Origin',(3.47,38.6492276112799,-14.3795063148833));
#9546=CARTESIAN_POINT('Origin',(3.47,38.748482226444,-14.3916932492238));
#9547=CARTESIAN_POINT('Origin',(4.57,38.4523397219695,-16.8035803977122));
#9548=CARTESIAN_POINT('',(4.47,38.5949268537535,-15.6423014002919));
#9549=CARTESIAN_POINT('',(4.57,38.4956722385894,-15.6301144659514));
#9550=CARTESIAN_POINT('Origin',(4.57,38.5949268537535,-15.6423014002919));
#9551=CARTESIAN_POINT('',(4.57,38.3530851068054,-16.7913934633717));
#9552=CARTESIAN_POINT('',(4.47,38.4523397219695,-16.8035803977122));
#9553=CARTESIAN_POINT('Origin',(3.47,38.5949268537535,-15.6423014002919));
#9554=CARTESIAN_POINT('',(3.47,38.4730575103484,-16.6348475519332));
#9555=CARTESIAN_POINT('',(3.47,38.3616159608437,-16.7219152327568));
#9556=CARTESIAN_POINT('Origin',(3.47,38.4608705760079,-16.7341021670973));
#9557=CARTESIAN_POINT('Origin',(3.47,38.4956722385894,-15.6301144659514));
#9558=CARTESIAN_POINT('Origin',(3.47,38.5949268537535,-15.6423014002919));
#9559=CARTESIAN_POINT('Origin',(1.735,38.4608705760079,-16.7341021670973));
#9560=CARTESIAN_POINT('',(-3.46999999963432,38.4730575103484,-16.6348475519332));
#9561=CARTESIAN_POINT('',(-3.46999999963432,38.3616159608437,-16.7219152327568));
#9562=CARTESIAN_POINT('Origin',(-3.46999999963432,38.4608705760079,-16.7341021670973));
#9563=CARTESIAN_POINT('',(1.735,38.3616159608437,-16.7219152327568));
#9564=CARTESIAN_POINT('',(1.735,38.4730575103484,-16.6348475519332));
#9565=CARTESIAN_POINT('Origin',(-3.47,38.5949268537535,-15.6423014002919));
#9566=CARTESIAN_POINT('Origin',(-3.47,38.4956722385894,-15.6301144659514));
#9567=CARTESIAN_POINT('Origin',(-3.47,38.5949268537535,-15.6423014002919));
#9568=CARTESIAN_POINT('Origin',(3.47,38.6492276112799,-14.3795063148833));
#9569=CARTESIAN_POINT('',(3.47,39.9210692777756,-13.5281590099831));
#9570=CARTESIAN_POINT('',(3.47,38.771096954685,-13.386960163242));
#9571=CARTESIAN_POINT('',(4.47,39.7991999343704,-14.5207051616245));
#9572=CARTESIAN_POINT('Origin',(3.47,39.7991999343704,-14.5207051616245));
#9573=CARTESIAN_POINT('',(4.47,38.6492276112799,-14.3795063148833));
#9574=CARTESIAN_POINT('Origin',(-3.47,38.771096954685,-13.386960163242));
#9575=CARTESIAN_POINT('',(-3.47,39.9210692777756,-13.5281590099832));
#9576=CARTESIAN_POINT('',(-3.47,38.771096954685,-13.386960163242));
#9577=CARTESIAN_POINT('',(-1.735,39.9210692777756,-13.5281590099831));
#9578=CARTESIAN_POINT('Origin',(-3.47,38.6492276112799,-14.3795063148833));
#9579=CARTESIAN_POINT('',(-4.47,39.7991999343704,-14.5207051616245));
#9580=CARTESIAN_POINT('',(-4.47,38.6492276112799,-14.3795063148833));
#9581=CARTESIAN_POINT('Origin',(-3.47,39.7991999343704,-14.5207051616245));
#9582=CARTESIAN_POINT('Origin',(-4.47,38.4956722385894,-15.6301144659514));
#9583=CARTESIAN_POINT('',(-4.47,39.6456445616799,-15.7713133126925));
#9584=CARTESIAN_POINT('',(-4.47,38.4956722385894,-15.6301144659514));
#9585=CARTESIAN_POINT('',(-4.47,39.6657530033418,-15.6075431976717));
#9586=CARTESIAN_POINT('Origin',(0.,38.0569426023308,-19.2032806118602));
#9587=CARTESIAN_POINT('',(-9.,38.2397466174386,-17.7144613843982));
#9588=CARTESIAN_POINT('',(-9.,39.137638066838,-10.4017223657733));
#9589=CARTESIAN_POINT('',(-9.,38.31466440806,-17.1043049439587));
#9590=CARTESIAN_POINT('',(-5.,38.2397466174386,-17.7144613843982));
#9591=CARTESIAN_POINT('',(-3.75,38.2397466174386,-17.7144613843982));
#9592=CARTESIAN_POINT('',(-5.,38.1178772740334,-18.7070075360395));
#9593=CARTESIAN_POINT('',(-5.,38.0569426023308,-19.2032806118602));
#9594=CARTESIAN_POINT('',(5.,38.1178772740334,-18.7070075360395));
#9595=CARTESIAN_POINT('',(0.,38.1178772740334,-18.7070075360395));
#9596=CARTESIAN_POINT('',(5.,38.2397466174386,-17.7144613843982));
#9597=CARTESIAN_POINT('',(5.,38.0569426023308,-19.2032806118602));
#9598=CARTESIAN_POINT('',(9.,38.2397466174386,-17.7144613843982));
#9599=CARTESIAN_POINT('',(3.5,38.2397466174386,-17.7144613843982));
#9600=CARTESIAN_POINT('',(9.,38.1178772740334,-18.7070075360395));
#9601=CARTESIAN_POINT('',(9.,38.0569426023308,-19.2032806118602));
#9602=CARTESIAN_POINT('',(41.,38.1178772740334,-18.7070075360395));
#9603=CARTESIAN_POINT('',(0.,38.1178772740334,-18.7070075360395));
#9604=CARTESIAN_POINT('',(41.,38.2397466174386,-17.7144613843982));
#9605=CARTESIAN_POINT('',(41.,38.0569426023308,-19.2032806118602));
#9606=CARTESIAN_POINT('',(45.,38.2397466174386,-17.7144613843982));
#9607=CARTESIAN_POINT('',(21.75,38.2397466174386,-17.7144613843982));
#9608=CARTESIAN_POINT('',(45.,39.137638066838,-10.4017223657733));
#9609=CARTESIAN_POINT('',(45.,38.31466440806,-17.1043049439587));
#9610=CARTESIAN_POINT('',(45.065285409784,39.2408738146548,-9.56093467180237));
#9611=CARTESIAN_POINT('Ctrl Pts',(45.065285409784,39.2408738146548,-9.56093467180237));
#9612=CARTESIAN_POINT('Ctrl Pts',(45.0727864427955,39.2211457910696,-9.7216065302194));
#9613=CARTESIAN_POINT('Ctrl Pts',(45.0340322928826,39.1867591699735,-10.0016630849129));
#9614=CARTESIAN_POINT('Ctrl Pts',(45.,39.1524491332336,-10.2810959100799));
#9615=CARTESIAN_POINT('Ctrl Pts',(45.,39.137638066838,-10.4017223657733));
#9616=CARTESIAN_POINT('',(45.,39.5962730758207,-6.66643996862114));
#9617=CARTESIAN_POINT('Origin',(46.,39.5962730758207,-6.66643996862113));
#9618=CARTESIAN_POINT('',(45.,39.85,-4.6000000000001));
#9619=CARTESIAN_POINT('',(45.,38.31466440806,-17.1043049439587));
#9620=CARTESIAN_POINT('',(-9.,39.85,-4.6000000000001));
#9621=CARTESIAN_POINT('',(0.,39.85,-4.6000000000001));
#9622=CARTESIAN_POINT('',(-9.,39.5962730758207,-6.66643996862114));
#9623=CARTESIAN_POINT('',(-9.,38.31466440806,-17.1043049439587));
#9624=CARTESIAN_POINT('',(-9.0652854097793,39.240873814667,-9.56093467170257));
#9625=CARTESIAN_POINT('Origin',(-10.,39.5962730758207,-6.66643996862113));
#9626=CARTESIAN_POINT('Ctrl Pts',(-9.,39.137638066838,-10.4017223657733));
#9627=CARTESIAN_POINT('Ctrl Pts',(-9.,39.1573848635999,-10.2408976121017));
#9628=CARTESIAN_POINT('Ctrl Pts',(-9.04560195410451,39.1916117322454,-9.96214213670794));
#9629=CARTESIAN_POINT('Ctrl Pts',(-9.07091050228698,39.2260795913442,-9.68142395157635));
#9630=CARTESIAN_POINT('Ctrl Pts',(-9.06528540977931,39.240873814667,-9.56093467170258));
#9631=CARTESIAN_POINT('Origin',(-4.57,39.6657530033418,-15.6075431976717));
#9632=CARTESIAN_POINT('',(-4.57,39.7448991768441,-15.7835002470331));
#9633=CARTESIAN_POINT('Origin',(-4.57,39.6456445616799,-15.7713133126925));
#9634=CARTESIAN_POINT('',(-4.57,39.8984545495345,-14.532892095965));
#9635=CARTESIAN_POINT('',(-4.57,39.7650076185059,-15.6197301320122));
#9636=CARTESIAN_POINT('Origin',(-4.57,39.7991999343704,-14.5207051616245));
#9637=CARTESIAN_POINT('Origin',(-3.47,39.7991999343704,-14.5207051616245));
#9638=CARTESIAN_POINT('',(-3.47,40.0325108272802,-13.4410913291595));
#9639=CARTESIAN_POINT('Origin',(-3.47,39.9332562121161,-13.428904394819));
#9640=CARTESIAN_POINT('Origin',(-3.47,39.8984545495345,-14.532892095965));
#9641=CARTESIAN_POINT('Origin',(-1.735,39.9332562121161,-13.428904394819));
#9642=CARTESIAN_POINT('',(3.47,40.0325108272802,-13.4410913291595));
#9643=CARTESIAN_POINT('Origin',(3.47,39.9332562121161,-13.428904394819));
#9644=CARTESIAN_POINT('',(-1.735,40.0325108272802,-13.4410913291595));
#9645=CARTESIAN_POINT('Origin',(3.47,39.7991999343704,-14.5207051616245));
#9646=CARTESIAN_POINT('',(4.57,39.8984545495345,-14.532892095965));
#9647=CARTESIAN_POINT('Origin',(4.57,39.7991999343704,-14.5207051616245));
#9648=CARTESIAN_POINT('Origin',(3.47,39.8984545495345,-14.532892095965));
#9649=CARTESIAN_POINT('Origin',(4.57,39.742530689687,-14.9822391221377));
#9650=CARTESIAN_POINT('',(4.57,39.7448991768441,-15.7835002470331));
#9651=CARTESIAN_POINT('',(4.47,39.6456445616799,-15.7713133126925));
#9652=CARTESIAN_POINT('Origin',(4.57,39.6456445616799,-15.7713133126925));
#9653=CARTESIAN_POINT('',(4.47,39.742530689687,-14.9822391221377));
#9654=CARTESIAN_POINT('',(4.57,39.8417853048512,-14.9944260564782));
#9655=CARTESIAN_POINT('Origin',(3.47,39.6456445616799,-15.7713133126925));
#9656=CARTESIAN_POINT('',(3.47,39.6108428990984,-16.8753010138385));
#9657=CARTESIAN_POINT('',(3.47,39.5237752182748,-16.7638594643339));
#9658=CARTESIAN_POINT('Origin',(3.47,39.5115882839343,-16.863114079498));
#9659=CARTESIAN_POINT('Origin',(3.47,39.6456445616799,-15.7713133126925));
#9660=CARTESIAN_POINT('Origin',(3.47,39.7448991768441,-15.7835002470331));
#9661=CARTESIAN_POINT('Origin',(1.735,39.5115882839343,-16.863114079498));
#9662=CARTESIAN_POINT('',(-3.46999999963432,39.6108428990984,-16.8753010138385));
#9663=CARTESIAN_POINT('',(-3.46999999963432,39.5237752182748,-16.7638594643339));
#9664=CARTESIAN_POINT('Origin',(-3.46999999963432,39.5115882839343,-16.863114079498));
#9665=CARTESIAN_POINT('',(1.735,39.5237752182748,-16.7638594643339));
#9666=CARTESIAN_POINT('',(1.735,39.6108428990984,-16.8753010138385));
#9667=CARTESIAN_POINT('Origin',(-3.47,39.6456445616799,-15.7713133126925));
#9668=CARTESIAN_POINT('Origin',(-3.47,39.6456445616799,-15.7713133126925));
#9669=CARTESIAN_POINT('Origin',(-3.47,39.7448991768441,-15.7835002470331));
#9670=CARTESIAN_POINT('Origin',(3.47,38.4956722385894,-15.6301144659514));
#9671=CARTESIAN_POINT('',(4.47,38.4956722385894,-15.6301144659514));
#9672=CARTESIAN_POINT('',(3.47,38.3738028951842,-16.6226606175927));
#9673=CARTESIAN_POINT('Origin',(3.47,38.3738028951842,-16.6226606175927));
#9674=CARTESIAN_POINT('',(-3.46999999963432,38.3738028951842,-16.6226606175927));
#9675=CARTESIAN_POINT('Origin',(-3.47,38.4956722385894,-15.6301144659514));
#9676=CARTESIAN_POINT('Origin',(-1.11022302462516E-15,39.7851160601678,
-15.4559600169915));
#9677=CARTESIAN_POINT('',(-7.87,39.8984545495345,-14.532892095965));
#9678=CARTESIAN_POINT('',(-7.87,39.1843001971804,-20.3492125445832));
#9679=CARTESIAN_POINT('',(-7.87,39.8417853048512,-14.9944260564782));
#9680=CARTESIAN_POINT('',(-3.47,40.4346796605172,-10.1656890287432));
#9681=CARTESIAN_POINT('Origin',(-3.47,39.8984545495345,-14.532892095965));
#9682=CARTESIAN_POINT('',(3.47,40.4346796605172,-10.1656890287432));
#9683=CARTESIAN_POINT('',(1.735,40.4346796605172,-10.1656890287432));
#9684=CARTESIAN_POINT('',(7.87,39.8984545495345,-14.532892095965));
#9685=CARTESIAN_POINT('Origin',(3.47,39.8984545495345,-14.532892095965));
#9686=CARTESIAN_POINT('',(7.87000000000002,39.1843001971804,-20.3492125445832));
#9687=CARTESIAN_POINT('',(7.87,39.4237734569715,-18.398859356608));
#9688=CARTESIAN_POINT('',(-5.55111512312578E-16,39.1843001971804,-20.3492125445832));
#9689=CARTESIAN_POINT('Origin',(-3.47,43.273111465115,-14.9472478635425));
#9690=CARTESIAN_POINT('',(-7.04673101670821,43.6989047998338,-11.4794394388704));
#9691=CARTESIAN_POINT('',(-8.47,43.273111465115,-14.9472478635425));
#9692=CARTESIAN_POINT('Origin',(-3.47,43.273111465115,-14.9472478635425));
#9693=CARTESIAN_POINT('',(-9.07,43.8686391560998,-15.0203694695856));
#9694=CARTESIAN_POINT('Origin',(-9.07,43.273111465115,-14.9472478635425));
#9695=CARTESIAN_POINT('',(-7.45747509152316,44.3478204010742,-11.117751408726));
#9696=CARTESIAN_POINT('Origin',(-3.47,43.8686391560998,-15.0203694695856));
#9697=CARTESIAN_POINT('Ctrl Pts',(-7.45749068632467,44.3477407922999,-11.1177380651926));
#9698=CARTESIAN_POINT('Ctrl Pts',(-7.4359988274396,44.3450982750181,-11.1385756904602));
#9699=CARTESIAN_POINT('Ctrl Pts',(-7.4146652510769,44.3401753720777,-11.159122400203));
#9700=CARTESIAN_POINT('Ctrl Pts',(-7.3936519395129,44.333112256986,-11.1792241832625));
#9701=CARTESIAN_POINT('Ctrl Pts',(-7.37235045160186,44.3259522784037,-11.1996016419761));
#9702=CARTESIAN_POINT('Ctrl Pts',(-7.35137719810045,44.3165926023274,-11.2195227534354));
#9703=CARTESIAN_POINT('Ctrl Pts',(-7.33090717628089,44.3051273106571,-11.2388208415187));
#9704=CARTESIAN_POINT('Ctrl Pts',(-7.31914927914272,44.2985416938313,-11.2499055846933));
#9705=CARTESIAN_POINT('Ctrl Pts',(-7.30755759822181,44.2912604482232,-11.2607845899113));
#9706=CARTESIAN_POINT('Ctrl Pts',(-7.29616795039528,44.2832945522656,-11.271423632704));
#9707=CARTESIAN_POINT('Ctrl Pts',(-7.27634208072368,44.2694283803278,-11.2899429301442));
#9708=CARTESIAN_POINT('Ctrl Pts',(-7.25727428835052,44.2535931495131,-11.307598256175));
#9709=CARTESIAN_POINT('Ctrl Pts',(-7.23913670315416,44.2358993918673,-11.3242331389677));
#9710=CARTESIAN_POINT('Ctrl Pts',(-7.22917037912003,44.2261769442443,-11.3333737511488));
#9711=CARTESIAN_POINT('Ctrl Pts',(-7.21948509842394,44.2158924713076,-11.342206051493));
#9712=CARTESIAN_POINT('Ctrl Pts',(-7.21011165245915,44.2050584425265,-11.3507016863546));
#9713=CARTESIAN_POINT('Ctrl Pts',(-7.19283515505757,44.1850898983231,-11.3663602620974));
#9714=CARTESIAN_POINT('Ctrl Pts',(-7.17661605084917,44.1632561694392,-11.3808771413952));
#9715=CARTESIAN_POINT('Ctrl Pts',(-7.1615788428193,44.1397847513947,-11.3941387721623));
#9716=CARTESIAN_POINT('Ctrl Pts',(-7.14686356857301,44.1168158363681,-11.4071164827389));
#9717=CARTESIAN_POINT('Ctrl Pts',(-7.13338802202344,44.0924470439029,-11.4187968452405));
#9718=CARTESIAN_POINT('Ctrl Pts',(-7.12124684971364,44.0669226055524,-11.4291027194119));
#9719=CARTESIAN_POINT('Ctrl Pts',(-7.10906579027763,44.0413143123262,-11.439442451245));
#9720=CARTESIAN_POINT('Ctrl Pts',(-7.09822734323763,44.0145416567485,-11.4483991745801));
#9721=CARTESIAN_POINT('Ctrl Pts',(-7.08885572036146,43.9868210705797,-11.4558649777056));
#9722=CARTESIAN_POINT('Ctrl Pts',(-7.08773895114089,43.983517747578,-11.4567546399602));
#9723=CARTESIAN_POINT('Ctrl Pts',(-7.08664305026116,43.9802009400538,-11.4576230902769));
#9724=CARTESIAN_POINT('Ctrl Pts',(-7.08556826068727,43.9768709973186,-11.4584701121474));
#9725=CARTESIAN_POINT('Ctrl Pts',(-7.08138541872983,43.9639116008684,-11.4617665328657));
#9726=CARTESIAN_POINT('Ctrl Pts',(-7.07752219870005,43.9507532835193,-11.4647385304303));
#9727=CARTESIAN_POINT('Ctrl Pts',(-7.07398377204466,43.9374198171233,-11.4673821119524));
#9728=CARTESIAN_POINT('Ctrl Pts',(-7.06635870174325,43.9086870981686,-11.4730788514687));
#9729=CARTESIAN_POINT('Ctrl Pts',(-7.06029589412024,43.8793530707595,-11.4772114453668));
#9730=CARTESIAN_POINT('Ctrl Pts',(-7.05580712124758,43.8496732167389,-11.4797845875479));
#9731=CARTESIAN_POINT('Ctrl Pts',(-7.05132405309674,43.8200310824506,-11.4823544595569));
#9732=CARTESIAN_POINT('Ctrl Pts',(-7.04841087923573,43.79004275346,-11.4833689578003));
#9733=CARTESIAN_POINT('Ctrl Pts',(-7.04711434659457,43.7599507050021,-11.4827978082915));
#9734=CARTESIAN_POINT('Ctrl Pts',(-7.04630294900964,43.741118463785,-11.4824403708331));
#9735=CARTESIAN_POINT('Ctrl Pts',(-7.04612541280398,43.7222454285413,-11.481461213409));
#9736=CARTESIAN_POINT('Ctrl Pts',(-7.04660060218928,43.7033919219964,-11.4798455899162));
#9737=CARTESIAN_POINT('Ctrl Pts',(-7.04663830965365,43.7018958491708,-11.4797173861575));
#9738=CARTESIAN_POINT('Ctrl Pts',(-7.04668012399479,43.7004001779902,-11.4795851961567));
#9739=CARTESIAN_POINT('Ctrl Pts',(-7.04672605174504,43.6989049385939,-11.4794490154777));
#9740=CARTESIAN_POINT('Ctrl Pts',(9.47,42.0400693086992,-21.7073667264399));
#9741=CARTESIAN_POINT('Ctrl Pts',(9.24560052474359,42.1291600429377,-21.7183056931239));
#9742=CARTESIAN_POINT('Ctrl Pts',(8.87295547545826,42.2930842942514,-21.6063467319391));
#9743=CARTESIAN_POINT('Ctrl Pts',(8.53841994428338,42.4771617304336,-21.205170053287));
#9744=CARTESIAN_POINT('Ctrl Pts',(8.47,42.5407255016209,-20.9120528692247));
#9745=CARTESIAN_POINT('Ctrl Pts',(8.47,42.5589571127609,-20.7635683121606));
#9746=CARTESIAN_POINT('Ctrl Pts',(9.47,42.0400693086992,-21.7073667264399));
#9747=CARTESIAN_POINT('Ctrl Pts',(9.26804047226923,42.1514327264973,-21.7210404347949));
#9748=CARTESIAN_POINT('Ctrl Pts',(8.93191392544244,42.3483657200681,-21.6448213017166));
#9749=CARTESIAN_POINT('Ctrl Pts',(8.56486469230864,42.5976749486103,-21.285214713226));
#9750=CARTESIAN_POINT('Ctrl Pts',(8.46999999999999,42.6937421817007,-20.9547503646244));
#9751=CARTESIAN_POINT('Ctrl Pts',(8.47,42.7148658976782,-20.7827115038576));
#9752=CARTESIAN_POINT('Ctrl Pts',(9.47,42.0400693086992,-21.7073667264399));
#9753=CARTESIAN_POINT('Ctrl Pts',(9.31292036732051,42.1959780936165,-21.7265099181369));
#9754=CARTESIAN_POINT('Ctrl Pts',(9.05166291773313,42.4636738341,-21.6900534368259));
#9755=CARTESIAN_POINT('Ctrl Pts',(8.70951871399967,42.8454620964384,-21.3881049257056));
#9756=CARTESIAN_POINT('Ctrl Pts',(8.60014171872603,43.0009065568461,-21.0196053142099));
#9757=CARTESIAN_POINT('Ctrl Pts',(8.60014171872603,43.0253131416562,-20.820829632393));
#9758=CARTESIAN_POINT('Ctrl Pts',(9.47000000000001,42.0400693086992,-21.7073667264399));
#9759=CARTESIAN_POINT('Ctrl Pts',(9.3578002623718,42.2405234607357,-21.7319794014789));
#9760=CARTESIAN_POINT('Ctrl Pts',(9.17162395317511,42.5862889856039,-21.674034605404));
#9761=CARTESIAN_POINT('Ctrl Pts',(8.96799805664033,42.9978034179759,-21.3343443116418));
#9762=CARTESIAN_POINT('Ctrl Pts',(8.91292036732051,43.1333610877682,-21.0087287789705));
#9763=CARTESIAN_POINT('Ctrl Pts',(8.91292036732051,43.1544848037457,-20.8366899182037));
#9764=CARTESIAN_POINT('Ctrl Pts',(9.47000000000001,42.0400693086992,-21.7073667264399));
#9765=CARTESIAN_POINT('Ctrl Pts',(9.38024020989744,42.2627961442953,-21.7347141431499));
#9766=CARTESIAN_POINT('Ctrl Pts',(9.23118219018331,42.6486408413668,-21.6500035864528));
#9767=CARTESIAN_POINT('Ctrl Pts',(9.09736797771335,43.031943449982,-21.2732886831187));
#9768=CARTESIAN_POINT('Ctrl Pts',(9.07,43.1362531926057,-20.9851744752678));
#9769=CARTESIAN_POINT('Ctrl Pts',(9.07,43.1544848037457,-20.8366899182037));
#9770=CARTESIAN_POINT('',(8.47,42.5589571127609,-20.7635683121607));
#9771=CARTESIAN_POINT('',(9.07,43.1544848037457,-20.8366899182037));
#9772=CARTESIAN_POINT('Origin',(9.07,42.5589571127609,-20.7635683121607));
#9773=CARTESIAN_POINT('',(9.47,42.0400693086993,-21.7073667264399));
#9774=CARTESIAN_POINT('Origin',(9.47,42.1619386521044,-20.7148205747986));
#9775=CARTESIAN_POINT('Origin',(9.47,42.1619386521044,-20.7148205747986));
#9776=CARTESIAN_POINT('Origin',(9.07,42.4370877693558,-21.756114463802));
#9777=CARTESIAN_POINT('',(8.47,43.2731114651151,-14.9472478635425));
#9778=CARTESIAN_POINT('',(9.07,43.8686391560998,-15.0203694695856));
#9779=CARTESIAN_POINT('Origin',(9.07,43.2731114651151,-14.9472478635425));
#9780=CARTESIAN_POINT('',(9.07,43.0326154603406,-21.8292360698451));
#9781=CARTESIAN_POINT('',(8.47,42.4370877693558,-21.756114463802));
#9782=CARTESIAN_POINT('Origin',(3.47,43.273111465115,-14.9472478635425));
#9783=CARTESIAN_POINT('',(7.45747509152316,44.3478204010742,-11.117751408726));
#9784=CARTESIAN_POINT('Origin',(3.47,43.8686391560998,-15.0203694695856));
#9785=CARTESIAN_POINT('',(7.04673101670815,43.6989047998338,-11.4794394388704));
#9786=CARTESIAN_POINT('Origin',(3.47,43.273111465115,-14.9472478635425));
#9787=CARTESIAN_POINT('Ctrl Pts',(7.04672605174498,43.6989049385939,-11.4794490154776));
#9788=CARTESIAN_POINT('Ctrl Pts',(7.04668675897132,43.7001841674445,-11.4795655227432));
#9789=CARTESIAN_POINT('Ctrl Pts',(7.04665047694774,43.7014637128864,-11.479679109119));
#9790=CARTESIAN_POINT('Ctrl Pts',(7.04661720158675,43.7027435560451,-11.4797897773913));
#9791=CARTESIAN_POINT('Ctrl Pts',(7.04583696482113,43.7327531684785,-11.4823847140736));
#9792=CARTESIAN_POINT('Ctrl Pts',(7.04670929943114,43.7628138846761,-11.4833683982712));
#9793=CARTESIAN_POINT('Ctrl Pts',(7.04916487619223,43.7926840270357,-11.4827936341142));
#9794=CARTESIAN_POINT('Ctrl Pts',(7.05163964164032,43.822787584543,-11.4822143785605));
#9795=CARTESIAN_POINT('Ctrl Pts',(7.05572261378338,43.8526988258152,-11.4800521238947));
#9796=CARTESIAN_POINT('Ctrl Pts',(7.06137977894567,43.8821700901196,-11.4763242819633));
#9797=CARTESIAN_POINT('Ctrl Pts',(7.06495282050659,43.9007840158566,-11.4739697927851));
#9798=CARTESIAN_POINT('Ctrl Pts',(7.06915455867104,43.919222362882,-11.4709900451066));
#9799=CARTESIAN_POINT('Ctrl Pts',(7.07398361276076,43.9374192169104,-11.4673822309543));
#9800=CARTESIAN_POINT('Ctrl Pts',(7.0775220827328,43.9507528885506,-11.4647386196371));
#9801=CARTESIAN_POINT('Ctrl Pts',(7.08138535593244,43.9639114063286,-11.4617665823429));
#9802=CARTESIAN_POINT('Ctrl Pts',(7.08556826067946,43.9768709973185,-11.4584701121394));
#9803=CARTESIAN_POINT('Ctrl Pts',(7.09458258939733,44.0047994394652,-11.4513660856745));
#9804=CARTESIAN_POINT('Ctrl Pts',(7.10507912499352,44.0318054087264,-11.442757641659));
#9805=CARTESIAN_POINT('Ctrl Pts',(7.11692990806908,44.0576753176644,-11.4327566134091));
#9806=CARTESIAN_POINT('Ctrl Pts',(7.12875642038292,44.0834922442474,-11.4227760675673));
#9807=CARTESIAN_POINT('Ctrl Pts',(7.14193217700659,44.1081788668941,-11.411408115209));
#9808=CARTESIAN_POINT('Ctrl Pts',(7.15635935558018,44.1314949331643,-11.3987332157862));
#9809=CARTESIAN_POINT('Ctrl Pts',(7.15808133536688,44.13427786086,-11.3972203821789));
#9810=CARTESIAN_POINT('Ctrl Pts',(7.15982117179376,44.1370412191855,-11.3956888991599));
#9811=CARTESIAN_POINT('Ctrl Pts',(7.16157872095884,44.1397845611839,-11.3941388796336));
#9812=CARTESIAN_POINT('Ctrl Pts',(7.17661596314609,44.1632560514004,-11.3808772198887));
#9813=CARTESIAN_POINT('Ctrl Pts',(7.19283510831545,44.185089844302,-11.3663603044547));
#9814=CARTESIAN_POINT('Ctrl Pts',(7.2101116524557,44.2050584425265,-11.350701686351));
#9815=CARTESIAN_POINT('Ctrl Pts',(7.22717026649658,44.2247751524937,-11.3352405894745));
#9816=CARTESIAN_POINT('Ctrl Pts',(7.24526050568645,44.2426743027642,-11.3186656989641));
#9817=CARTESIAN_POINT('Ctrl Pts',(7.26420133882407,44.2586708307968,-11.301143079276));
#9818=CARTESIAN_POINT('Ctrl Pts',(7.27460903482352,44.2674606765021,-11.2915146697176));
#9819=CARTESIAN_POINT('Ctrl Pts',(7.28527393973324,44.2756753038814,-11.2815997020053));
#9820=CARTESIAN_POINT('Ctrl Pts',(7.2961679498196,44.2832945518629,-11.2714236332419));
#9821=CARTESIAN_POINT('Ctrl Pts',(7.31596020171161,44.2971372116441,-11.2529357380922));
#9822=CARTESIAN_POINT('Ctrl Pts',(7.33636139612877,44.3089148596522,-11.233724357113));
#9823=CARTESIAN_POINT('Ctrl Pts',(7.35718797696743,44.3185605510465,-11.2139647151206));
#9824=CARTESIAN_POINT('Ctrl Pts',(7.37785699377672,44.3281332677162,-11.1943545652045));
#9825=CARTESIAN_POINT('Ctrl Pts',(7.39894585360601,44.3356065693452,-11.1742035556161));
#9826=CARTESIAN_POINT('Ctrl Pts',(7.4202885581525,44.3408685922982,-11.1536696178158));
#9827=CARTESIAN_POINT('Ctrl Pts',(7.43261495487696,44.343907653367,-11.1418103212074));
#9828=CARTESIAN_POINT('Ctrl Pts',(7.44502620484552,44.346208230231,-11.1298231154251));
#9829=CARTESIAN_POINT('Ctrl Pts',(7.45749068632467,44.3477407922999,-11.1177380651926));
#9830=CARTESIAN_POINT('Ctrl Pts',(7.07821249205816,43.6993804040947,-11.5122635250972));
#9831=CARTESIAN_POINT('Ctrl Pts',(6.14807011566335,43.685200467222,-10.5336274849392));
#9832=CARTESIAN_POINT('Ctrl Pts',(4.81362005848358,43.6768783939569,-9.95927508131323));
#9833=CARTESIAN_POINT('Ctrl Pts',(3.47,43.6768783939569,-9.95927508131323));
#9834=CARTESIAN_POINT('Ctrl Pts',(7.07243326830567,43.7936296290672,-11.5177661647047));
#9835=CARTESIAN_POINT('Ctrl Pts',(6.14208477085581,43.7806102599247,-10.5423306953684));
#9836=CARTESIAN_POINT('Ctrl Pts',(4.81039279487046,43.772898407525,-9.97106485651707));
#9837=CARTESIAN_POINT('Ctrl Pts',(3.47,43.772898407525,-9.97106485651707));
#9838=CARTESIAN_POINT('Ctrl Pts',(7.09385960693465,43.9855639073931,-11.4973652554074));
#9839=CARTESIAN_POINT('Ctrl Pts',(6.15552620464408,43.9760462730756,-10.5185539340065));
#9840=CARTESIAN_POINT('Ctrl Pts',(4.81687503333284,43.9703060824924,-9.94713348652573));
#9841=CARTESIAN_POINT('Ctrl Pts',(3.47,43.9703060824924,-9.94713348652573));
#9842=CARTESIAN_POINT('Ctrl Pts',(7.23796961289275,44.2622323225556,-11.3601521173489));
#9843=CARTESIAN_POINT('Ctrl Pts',(6.26223108272713,44.2596077484983,-10.3431236993383));
#9844=CARTESIAN_POINT('Ctrl Pts',(4.8703995703159,44.2580088737066,-9.74950967038604));
#9845=CARTESIAN_POINT('Ctrl Pts',(3.47,44.2580088737066,-9.74950967038604));
#9846=CARTESIAN_POINT('Ctrl Pts',(7.40844526690389,44.35,-11.1978351477956));
#9847=CARTESIAN_POINT('Ctrl Pts',(6.39152462851867,44.3500467526871,-10.1327715672797));
#9848=CARTESIAN_POINT('Ctrl Pts',(4.93549944151661,44.35,-9.50885905099425));
#9849=CARTESIAN_POINT('Ctrl Pts',(3.47,44.35,-9.50885905099425));
#9850=CARTESIAN_POINT('Ctrl Pts',(7.51119799110513,44.35,-11.1000000000002));
#9851=CARTESIAN_POINT('Ctrl Pts',(6.46943852954295,44.35,-10.0058776416245));
#9852=CARTESIAN_POINT('Ctrl Pts',(4.97485446550161,44.35,-9.36374739032843));
#9853=CARTESIAN_POINT('Ctrl Pts',(3.47,44.35,-9.36374739032843));
#9854=CARTESIAN_POINT('',(3.47,43.6768783939569,-9.95927508131323));
#9855=CARTESIAN_POINT('Origin',(3.47,43.75,-15.005802412898));
#9856=CARTESIAN_POINT('',(3.47,44.35,-9.36374739032843));
#9857=CARTESIAN_POINT('Origin',(3.47,43.75,-9.36374739032843));
#9858=CARTESIAN_POINT('',(7.51119799110513,44.35,-11.1000000000002));
#9859=CARTESIAN_POINT('Origin',(3.47,44.35,-15.005802412898));
#9860=CARTESIAN_POINT('Ctrl Pts',(7.51119799110513,44.35,-11.1000000000002));
#9861=CARTESIAN_POINT('Ctrl Pts',(7.50043423308665,44.35,-11.1000000000002));
#9862=CARTESIAN_POINT('Ctrl Pts',(7.48932088857682,44.3498408068662,-11.1012362129603));
#9863=CARTESIAN_POINT('Ctrl Pts',(7.47913821252365,44.3493917920475,-11.1047550476455));
#9864=CARTESIAN_POINT('Ctrl Pts',(7.47855802562086,44.3493662081523,-11.1049555432507));
#9865=CARTESIAN_POINT('Ctrl Pts',(7.47798085688685,44.3493396852691,-11.1051634357152));
#9866=CARTESIAN_POINT('Ctrl Pts',(7.47740694161452,44.3493122001505,-11.1053789138012));
#9867=CARTESIAN_POINT('Ctrl Pts',(7.47025379782856,44.3489696321543,-11.1080645815394));
#9868=CARTESIAN_POINT('Ctrl Pts',(7.46374789061448,44.3484842927192,-11.1118764860917));
#9869=CARTESIAN_POINT('Ctrl Pts',(7.45818228246933,44.3478243024731,-11.1170796216129));
#9870=CARTESIAN_POINT('Ctrl Pts',(7.45794939726387,44.3477966860904,-11.1172973396507));
#9871=CARTESIAN_POINT('Ctrl Pts',(7.45771887025728,44.3477688485617,-11.1175168264667));
#9872=CARTESIAN_POINT('Ctrl Pts',(7.45749068632467,44.3477407922999,-11.1177380651926));
#9873=CARTESIAN_POINT('Origin',(1.735,43.75,-9.36374739032843));
#9874=CARTESIAN_POINT('',(-3.47,43.6768783939569,-9.95927508131323));
#9875=CARTESIAN_POINT('',(-3.47,44.35,-9.36374739032843));
#9876=CARTESIAN_POINT('Origin',(-3.47,43.75,-9.36374739032843));
#9877=CARTESIAN_POINT('',(1.735,44.35,-9.36374739032843));
#9878=CARTESIAN_POINT('',(1.735,43.6768783939569,-9.95927508131323));
#9879=CARTESIAN_POINT('Ctrl Pts',(-3.47,43.6768783939569,-9.95927508131323));
#9880=CARTESIAN_POINT('Ctrl Pts',(-4.81362005848358,43.6768783939569,-9.95927508131322));
#9881=CARTESIAN_POINT('Ctrl Pts',(-6.14807011566336,43.685200467222,-10.5336274849392));
#9882=CARTESIAN_POINT('Ctrl Pts',(-7.07821249205816,43.6993804040947,-11.5122635250972));
#9883=CARTESIAN_POINT('Ctrl Pts',(-3.47,43.772898407525,-9.97106485651707));
#9884=CARTESIAN_POINT('Ctrl Pts',(-4.81039279487046,43.772898407525,-9.97106485651707));
#9885=CARTESIAN_POINT('Ctrl Pts',(-6.14208477085582,43.7806102599247,-10.5423306953684));
#9886=CARTESIAN_POINT('Ctrl Pts',(-7.07243326830568,43.7936296290672,-11.5177661647047));
#9887=CARTESIAN_POINT('Ctrl Pts',(-3.47,43.9703060824924,-9.94713348652573));
#9888=CARTESIAN_POINT('Ctrl Pts',(-4.81687503333285,43.9703060824924,-9.94713348652573));
#9889=CARTESIAN_POINT('Ctrl Pts',(-6.15552620464409,43.9760462730756,-10.5185539340065));
#9890=CARTESIAN_POINT('Ctrl Pts',(-7.09385960693466,43.9855639073931,-11.4973652554074));
#9891=CARTESIAN_POINT('Ctrl Pts',(-3.47,44.2580088737066,-9.74950967038604));
#9892=CARTESIAN_POINT('Ctrl Pts',(-4.87039957031589,44.2580088737066,-9.74950967038604));
#9893=CARTESIAN_POINT('Ctrl Pts',(-6.26223108272713,44.2596077484983,-10.3431236993383));
#9894=CARTESIAN_POINT('Ctrl Pts',(-7.23796961289275,44.2622323225556,-11.3601521173489));
#9895=CARTESIAN_POINT('Ctrl Pts',(-3.47,44.35,-9.50885905099424));
#9896=CARTESIAN_POINT('Ctrl Pts',(-4.93549944151661,44.35,-9.50885905099424));
#9897=CARTESIAN_POINT('Ctrl Pts',(-6.39152462851867,44.3500467526871,-10.1327715672797));
#9898=CARTESIAN_POINT('Ctrl Pts',(-7.40844526690389,44.35,-11.1978351477956));
#9899=CARTESIAN_POINT('Ctrl Pts',(-3.47,44.35,-9.36374739032843));
#9900=CARTESIAN_POINT('Ctrl Pts',(-4.97485446550161,44.35,-9.36374739032843));
#9901=CARTESIAN_POINT('Ctrl Pts',(-6.46943852954296,44.35,-10.0058776416245));
#9902=CARTESIAN_POINT('Ctrl Pts',(-7.51119799110514,44.35,-11.1000000000002));
#9903=CARTESIAN_POINT('',(-7.51119799110514,44.35,-11.1000000000002));
#9904=CARTESIAN_POINT('Origin',(-3.47,44.35,-15.005802412898));
#9905=CARTESIAN_POINT('Origin',(-3.47,43.75,-15.005802412898));
#9906=CARTESIAN_POINT('Ctrl Pts',(-7.45749068632467,44.3477407922999,-11.1177380651926));
#9907=CARTESIAN_POINT('Ctrl Pts',(-7.46045673398408,44.3481054811629,-11.1148622998456));
#9908=CARTESIAN_POINT('Ctrl Pts',(-7.46375356129334,44.3484252240893,-11.1123453770543));
#9909=CARTESIAN_POINT('Ctrl Pts',(-7.46737381482707,44.3487006282037,-11.1101803957034));
#9910=CARTESIAN_POINT('Ctrl Pts',(-7.47340014961053,44.3491590705141,-11.1065765314164));
#9911=CARTESIAN_POINT('Ctrl Pts',(-7.480017334668,44.3494713191401,-11.1041308445794));
#9912=CARTESIAN_POINT('Ctrl Pts',(-7.48686966957954,44.3496745213295,-11.102541443364));
#9913=CARTESIAN_POINT('Ctrl Pts',(-7.49478575542187,44.3499092684626,-11.1007053047891));
#9914=CARTESIAN_POINT('Ctrl Pts',(-7.50306931151235,44.35,-11.1000000000002));
#9915=CARTESIAN_POINT('Ctrl Pts',(-7.51119799110514,44.35,-11.1000000000002));
#9916=CARTESIAN_POINT('Origin',(-9.07,42.8550996172354,-18.3516811636722));
#9917=CARTESIAN_POINT('',(-8.47,42.5589571127609,-20.7635683121607));
#9918=CARTESIAN_POINT('',(-9.07,43.1544848037457,-20.8366899182037));
#9919=CARTESIAN_POINT('Origin',(-9.07,42.5589571127609,-20.7635683121607));
#9920=CARTESIAN_POINT('',(-9.07,43.4506273082202,-18.4248027697153));
#9921=CARTESIAN_POINT('',(-8.47,42.8550996172354,-18.3516811636722));
#9922=CARTESIAN_POINT('Ctrl Pts',(-9.47,42.0400693086993,-21.7073667264399));
#9923=CARTESIAN_POINT('Ctrl Pts',(-9.38024020989743,42.2627961442954,-21.7347141431499));
#9924=CARTESIAN_POINT('Ctrl Pts',(-9.2311821901833,42.6486408413668,-21.6500035864528));
#9925=CARTESIAN_POINT('Ctrl Pts',(-9.09736797771335,43.031943449982,-21.2732886831187));
#9926=CARTESIAN_POINT('Ctrl Pts',(-9.07,43.1362531926057,-20.9851744752678));
#9927=CARTESIAN_POINT('Ctrl Pts',(-9.07,43.1544848037457,-20.8366899182037));
#9928=CARTESIAN_POINT('Ctrl Pts',(-9.47,42.0400693086993,-21.7073667264399));
#9929=CARTESIAN_POINT('Ctrl Pts',(-9.35780026237179,42.2405234607357,-21.7319794014789));
#9930=CARTESIAN_POINT('Ctrl Pts',(-9.1716239531751,42.5862889856039,-21.674034605404));
#9931=CARTESIAN_POINT('Ctrl Pts',(-8.96799805664033,42.9978034179759,-21.3343443116418));
#9932=CARTESIAN_POINT('Ctrl Pts',(-8.91292036732051,43.1333610877682,-21.0087287789705));
#9933=CARTESIAN_POINT('Ctrl Pts',(-8.91292036732051,43.1544848037457,-20.8366899182037));
#9934=CARTESIAN_POINT('Ctrl Pts',(-9.47,42.0400693086993,-21.7073667264399));
#9935=CARTESIAN_POINT('Ctrl Pts',(-9.31292036732051,42.1959780936165,-21.7265099181369));
#9936=CARTESIAN_POINT('Ctrl Pts',(-9.05166291773312,42.4636738340999,-21.6900534368259));
#9937=CARTESIAN_POINT('Ctrl Pts',(-8.70951871399967,42.8454620964384,-21.3881049257056));
#9938=CARTESIAN_POINT('Ctrl Pts',(-8.60014171872603,43.0009065568461,-21.0196053142099));
#9939=CARTESIAN_POINT('Ctrl Pts',(-8.60014171872603,43.0253131416562,-20.820829632393));
#9940=CARTESIAN_POINT('Ctrl Pts',(-9.47,42.0400693086993,-21.7073667264399));
#9941=CARTESIAN_POINT('Ctrl Pts',(-9.26804047226923,42.1514327264973,-21.7210404347949));
#9942=CARTESIAN_POINT('Ctrl Pts',(-8.93191392544243,42.348365720068,-21.6448213017166));
#9943=CARTESIAN_POINT('Ctrl Pts',(-8.56486469230864,42.5976749486103,-21.285214713226));
#9944=CARTESIAN_POINT('Ctrl Pts',(-8.47,42.6937421817007,-20.9547503646244));
#9945=CARTESIAN_POINT('Ctrl Pts',(-8.47,42.7148658976782,-20.7827115038576));
#9946=CARTESIAN_POINT('Ctrl Pts',(-9.47,42.0400693086993,-21.7073667264399));
#9947=CARTESIAN_POINT('Ctrl Pts',(-9.24560052474359,42.1291600429377,-21.7183056931239));
#9948=CARTESIAN_POINT('Ctrl Pts',(-8.87295547545825,42.2930842942513,-21.6063467319391));
#9949=CARTESIAN_POINT('Ctrl Pts',(-8.53841994428339,42.4771617304337,-21.205170053287));
#9950=CARTESIAN_POINT('Ctrl Pts',(-8.47,42.5407255016209,-20.9120528692247));
#9951=CARTESIAN_POINT('Ctrl Pts',(-8.47,42.5589571127609,-20.7635683121607));
#9952=CARTESIAN_POINT('',(-9.47,42.0400693086993,-21.7073667264399));
#9953=CARTESIAN_POINT('Origin',(-9.47,42.1619386521044,-20.7148205747986));
#9954=CARTESIAN_POINT('Origin',(-9.47,42.1619386521044,-20.7148205747986));
#9955=CARTESIAN_POINT('Origin',(0.,42.1619386521044,-20.7148205747986));
#9956=CARTESIAN_POINT('',(-117.626132045867,42.0400693086993,-21.7073667264399));
#9957=CARTESIAN_POINT('',(0.,42.0400693086993,-21.7073667264399));
#9958=CARTESIAN_POINT('',(-117.967928974984,43.1544848037457,-20.8366899182037));
#9959=CARTESIAN_POINT('Ctrl Pts',(-117.626094558602,42.0399948885134,-21.7073575887901));
#9960=CARTESIAN_POINT('Ctrl Pts',(-117.626631382269,42.0414768387079,-21.7075393900626));
#9961=CARTESIAN_POINT('Ctrl Pts',(-117.627168025044,42.0429591961293,-21.7077176129721));
#9962=CARTESIAN_POINT('Ctrl Pts',(-117.627704484441,42.0444419502287,-21.7078922627533));
#9963=CARTESIAN_POINT('Ctrl Pts',(-117.64352558062,42.0881708798344,-21.7130429805899));
#9964=CARTESIAN_POINT('Ctrl Pts',(-117.659170604391,42.1321949696921,-21.7150844597182));
#9965=CARTESIAN_POINT('Ctrl Pts',(-117.67457568002,42.1762478515658,-21.7141448207007));
#9966=CARTESIAN_POINT('Ctrl Pts',(-117.684427536385,42.2044205574428,-21.7135439026098));
#9967=CARTESIAN_POINT('Ctrl Pts',(-117.694181493931,42.2326049919952,-21.711722638236));
#9968=CARTESIAN_POINT('Ctrl Pts',(-117.703821773593,42.2607290817006,-21.7087037391607));
#9969=CARTESIAN_POINT('Ctrl Pts',(-117.71896203694,42.3048985601201,-21.7039624942367));
#9970=CARTESIAN_POINT('Ctrl Pts',(-117.733784540108,42.3488130830499,-21.6962813569452));
#9971=CARTESIAN_POINT('Ctrl Pts',(-117.748223264691,42.3921948744352,-21.6857515334062));
#9972=CARTESIAN_POINT('Ctrl Pts',(-117.757214764859,42.4192102373431,-21.6791942430044));
#9973=CARTESIAN_POINT('Ctrl Pts',(-117.766057403308,42.4460187463201,-21.6715312302535));
#9974=CARTESIAN_POINT('Ctrl Pts',(-117.774733414125,42.4725489193877,-21.6627754614615));
#9975=CARTESIAN_POINT('Ctrl Pts',(-117.788416933048,42.5143914358237,-21.6489661508831));
#9976=CARTESIAN_POINT('Ctrl Pts',(-117.801624995666,42.5553608179388,-21.6325016457574));
#9977=CARTESIAN_POINT('Ctrl Pts',(-117.814291087594,42.5951873902126,-21.6134650993882));
#9978=CARTESIAN_POINT('Ctrl Pts',(-117.8264340599,42.6333690935321,-21.59521477745));
#9979=CARTESIAN_POINT('Ctrl Pts',(-117.838079413462,42.6705010309637,-21.5745998497455));
#9980=CARTESIAN_POINT('Ctrl Pts',(-117.849151243638,42.7063225661087,-21.5516576144885));
#9981=CARTESIAN_POINT('Ctrl Pts',(-117.86009204498,42.7417201736879,-21.5289868875827));
#9982=CARTESIAN_POINT('Ctrl Pts',(-117.870473374616,42.7758388710168,-21.5040432275336));
#9983=CARTESIAN_POINT('Ctrl Pts',(-117.880196866002,42.8083949073488,-21.4768338562975));
#9984=CARTESIAN_POINT('Ctrl Pts',(-117.889942003438,42.8410234186319,-21.4495639126431));
#9985=CARTESIAN_POINT('Ctrl Pts',(-117.898960539645,42.8718694051479,-21.4201970980385));
#9986=CARTESIAN_POINT('Ctrl Pts',(-117.907167525777,42.900677151388,-21.3887902764484));
#9987=CARTESIAN_POINT('Ctrl Pts',(-117.915511445438,42.9299655547571,-21.3568594321676));
#9988=CARTESIAN_POINT('Ctrl Pts',(-117.923016966644,42.9571472966546,-21.3228188038207));
#9989=CARTESIAN_POINT('Ctrl Pts',(-117.929694075465,42.9820770502763,-21.2869219054729));
#9990=CARTESIAN_POINT('Ctrl Pts',(-117.93555832659,43.0039719062115,-21.2553950227858));
#9991=CARTESIAN_POINT('Ctrl Pts',(-117.940783199435,43.0241294718194,-21.2224354880151));
#9992=CARTESIAN_POINT('Ctrl Pts',(-117.945351126361,43.0424295881562,-21.1882087255214));
#9993=CARTESIAN_POINT('Ctrl Pts',(-117.950507655704,43.063087774771,-21.1495716571116));
#9994=CARTESIAN_POINT('Ctrl Pts',(-117.954786531702,43.0812170964772,-21.1096251035257));
#9995=CARTESIAN_POINT('Ctrl Pts',(-117.958190590713,43.0967155496546,-21.0686573637133));
#9996=CARTESIAN_POINT('Ctrl Pts',(-117.961534198807,43.1119387738496,-21.0284171487198));
#9997=CARTESIAN_POINT('Ctrl Pts',(-117.964033874645,43.1246239906667,-20.9871906614373));
#9998=CARTESIAN_POINT('Ctrl Pts',(-117.965654353841,43.1346462668464,-20.945238013985));
#9999=CARTESIAN_POINT('Ctrl Pts',(-117.96703340956,43.1431753965807,-20.9095355880693));
#10000=CARTESIAN_POINT('Ctrl Pts',(-117.967775185495,43.1497755866128,-20.8733067106953));
#10001=CARTESIAN_POINT('Ctrl Pts',(-117.9678346817,43.1543511772485,-20.836712271479));
#10002=CARTESIAN_POINT('',(0.,43.1544848037457,-20.8366899182037));
#10003=CARTESIAN_POINT('Origin',(-9.47,-0.53682292642459,-15.4720718832812));
#10004=CARTESIAN_POINT('',(-8.47,39.7798278881652,-20.4223341506263));
#10005=CARTESIAN_POINT('',(-8.47,-0.53682292642459,-15.4720718832812));
#10006=CARTESIAN_POINT('',(-9.47,38.069884702134,-21.2198893528193));
#10007=CARTESIAN_POINT('Origin',(-9.47,38.1917540455391,-20.227343201178));
#10008=CARTESIAN_POINT('',(-9.47,-0.658692269829735,-16.4646180349225));
#10009=CARTESIAN_POINT('Origin',(-8.47,43.8686391560998,-15.0203694695856));
#10010=CARTESIAN_POINT('',(-8.47,40.4939822405193,-14.6060137020081));
#10011=CARTESIAN_POINT('',(-8.47,43.8686391560998,-15.0203694695856));
#10012=CARTESIAN_POINT('',(-8.47,40.4373129958359,-15.0675476625213));
#10013=CARTESIAN_POINT('Origin',(-3.47,43.8686391560998,-15.0203694695856));
#10014=CARTESIAN_POINT('',(-3.47,41.103328957545,-9.64328294380149));
#10015=CARTESIAN_POINT('',(-3.47,44.4779858731255,-10.057638711379));
#10016=CARTESIAN_POINT('Origin',(-3.47,40.4939822405193,-14.6060137020081));
#10017=CARTESIAN_POINT('Origin',(3.47,44.4779858731255,-10.057638711379));
#10018=CARTESIAN_POINT('',(3.47,41.103328957545,-9.64328294380149));
#10019=CARTESIAN_POINT('',(3.47,44.4779858731255,-10.057638711379));
#10020=CARTESIAN_POINT('',(1.735,41.103328957545,-9.64328294380149));
#10021=CARTESIAN_POINT('Origin',(3.47,43.8686391560998,-15.0203694695856));
#10022=CARTESIAN_POINT('',(8.47,40.4939822405193,-14.6060137020081));
#10023=CARTESIAN_POINT('',(8.47,43.8686391560998,-15.0203694695856));
#10024=CARTESIAN_POINT('Origin',(3.47,40.4939822405193,-14.6060137020081));
#10025=CARTESIAN_POINT('Origin',(8.47,43.0326154603406,-21.829236069845));
#10026=CARTESIAN_POINT('',(8.47,39.7798278881652,-20.4223341506263));
#10027=CARTESIAN_POINT('',(8.47,-0.536822926424549,-15.4720718832812));
#10028=CARTESIAN_POINT('',(8.47,40.0193011479563,-18.471980962651));
#10029=CARTESIAN_POINT('Origin',(9.47,-0.536822926424549,-15.4720718832812));
#10030=CARTESIAN_POINT('',(9.47,38.069884702134,-21.2198893528193));
#10031=CARTESIAN_POINT('',(9.47,-0.658692269829694,-16.4646180349225));
#10032=CARTESIAN_POINT('Origin',(9.47,38.1917540455391,-20.227343201178));
#10033=CARTESIAN_POINT('Ctrl Pts',(9.47,38.069884702134,-21.2198893528193));
#10034=CARTESIAN_POINT('Ctrl Pts',(9.24560052474359,38.4262476390877,-21.2636452195553));
#10035=CARTESIAN_POINT('Ctrl Pts',(8.87295252823149,39.0340165697191,-21.2061909117669));
#10036=CARTESIAN_POINT('Ctrl Pts',(8.53841779050349,39.6165435971984,-20.8539335040597));
#10037=CARTESIAN_POINT('Ctrl Pts',(8.47,39.7615962770252,-20.5708187076903));
#10038=CARTESIAN_POINT('Ctrl Pts',(8.47,39.7798278881652,-20.4223341506262));
#10039=CARTESIAN_POINT('Ctrl Pts',(9.47,38.069884702134,-21.2198893528193));
#10040=CARTESIAN_POINT('Ctrl Pts',(9.22316057721794,38.4039749555281,-21.2609104778843));
#10041=CARTESIAN_POINT('Ctrl Pts',(8.81400768536082,38.9787276879926,-21.1677200065932));
#10042=CARTESIAN_POINT('Ctrl Pts',(8.51198409276351,39.4960242525353,-20.7738874790612));
#10043=CARTESIAN_POINT('Ctrl Pts',(8.47,39.6085795969455,-20.5281212122906));
#10044=CARTESIAN_POINT('Ctrl Pts',(8.47,39.623919103248,-20.4031909589293));
#10045=CARTESIAN_POINT('Ctrl Pts',(9.47,38.069884702134,-21.2198893528193));
#10046=CARTESIAN_POINT('Ctrl Pts',(9.17828068216666,38.3594295884089,-21.2554409945423));
#10047=CARTESIAN_POINT('Ctrl Pts',(8.69425557785573,38.8634150187775,-21.1224814279112));
#10048=CARTESIAN_POINT('Ctrl Pts',(8.36733360163711,39.2482298594042,-20.6709772891146));
#10049=CARTESIAN_POINT('Ctrl Pts',(8.33986467708071,39.3014088736667,-20.4632654832523));
#10050=CARTESIAN_POINT('Ctrl Pts',(8.33986467708071,39.3134655111366,-20.3650720509411));
#10051=CARTESIAN_POINT('Ctrl Pts',(9.47,38.069884702134,-21.2198893528193));
#10052=CARTESIAN_POINT('Ctrl Pts',(9.13340078711538,38.3148842212897,-21.2499715112003));
#10053=CARTESIAN_POINT('Ctrl Pts',(8.57428923591028,38.740796063513,-21.1385056765566));
#10054=CARTESIAN_POINT('Ctrl Pts',(8.10884463305806,39.0958897332299,-20.7247571378062));
#10055=CARTESIAN_POINT('Ctrl Pts',(8.02707963267949,39.168960690878,-20.4741427979445));
#10056=CARTESIAN_POINT('Ctrl Pts',(8.02707963267949,39.1843001971804,-20.3492125445832));
#10057=CARTESIAN_POINT('Ctrl Pts',(9.47,38.069884702134,-21.2198893528193));
#10058=CARTESIAN_POINT('Ctrl Pts',(9.11096083958974,38.29261153773,-21.2472367695293));
#10059=CARTESIAN_POINT('Ctrl Pts',(8.51472404517038,38.6784582674484,-21.1625338417472));
#10060=CARTESIAN_POINT('Ctrl Pts',(7.97946846480559,39.0617605950144,-20.7858147167401));
#10061=CARTESIAN_POINT('Ctrl Pts',(7.87,39.1660685860405,-20.4976971016472));
#10062=CARTESIAN_POINT('Ctrl Pts',(7.87,39.1843001971804,-20.3492125445832));
#10063=CARTESIAN_POINT('Origin',(7.87,39.7798278881652,-20.4223341506262));
#10064=CARTESIAN_POINT('Origin',(9.47,38.1917540455391,-20.227343201178));
#10065=CARTESIAN_POINT('Origin',(7.87,40.0193011479563,-18.471980962651));
#10066=CARTESIAN_POINT('Origin',(7.87,40.4939822405193,-14.6060137020081));
#10067=CARTESIAN_POINT('Origin',(3.47,40.4939822405193,-14.6060137020081));
#10068=CARTESIAN_POINT('Origin',(3.47,41.030207351502,-10.2388106347863));
#10069=CARTESIAN_POINT('Origin',(1.735,41.030207351502,-10.2388106347863));
#10070=CARTESIAN_POINT('Origin',(-3.47,41.030207351502,-10.2388106347863));
#10071=CARTESIAN_POINT('Origin',(-3.47,40.4939822405193,-14.6060137020081));
#10072=CARTESIAN_POINT('Origin',(-7.87,40.4939822405193,-14.6060137020081));
#10073=CARTESIAN_POINT('Origin',(-7.87,40.4373129958359,-15.0675476625213));
#10074=CARTESIAN_POINT('Origin',(-7.87,39.7798278881652,-20.4223341506262));
#10075=CARTESIAN_POINT('Ctrl Pts',(-8.47,39.7798278881652,-20.4223341506262));
#10076=CARTESIAN_POINT('Ctrl Pts',(-8.47,39.7524804714553,-20.6450609862223));
#10077=CARTESIAN_POINT('Ctrl Pts',(-8.65274749576566,39.398341635212,-21.1300323841439));
#10078=CARTESIAN_POINT('Ctrl Pts',(-9.17080069965812,38.545035284739,-21.2782305084673));
#10079=CARTESIAN_POINT('Ctrl Pts',(-9.47,38.069884702134,-21.2198893528193));
#10080=CARTESIAN_POINT('Ctrl Pts',(-8.47,39.623919103248,-20.4031909589293));
#10081=CARTESIAN_POINT('Ctrl Pts',(-8.47,39.6009098437943,-20.5905863389713));
#10082=CARTESIAN_POINT('Ctrl Pts',(-8.58321877938619,39.3212843841983,-21.0482581195689));
#10083=CARTESIAN_POINT('Ctrl Pts',(-9.14088076962393,38.5153383733261,-21.2745841862393));
#10084=CARTESIAN_POINT('Ctrl Pts',(-9.47,38.069884702134,-21.2198893528193));
#10085=CARTESIAN_POINT('Ctrl Pts',(-8.33986467708071,39.3134655111366,-20.3650720509412));
#10086=CARTESIAN_POINT('Ctrl Pts',(-8.33986467708071,39.2953805549318,-20.5123621994079));
#10087=CARTESIAN_POINT('Ctrl Pts',(-8.42297452289009,39.157616811015,-20.952399263304));
#10088=CARTESIAN_POINT('Ctrl Pts',(-9.08104090955555,38.4559445505005,-21.2672915417833));
#10089=CARTESIAN_POINT('Ctrl Pts',(-9.47,38.069884702134,-21.2198893528194));
#10090=CARTESIAN_POINT('Ctrl Pts',(-8.02707963267949,39.1843001971804,-20.3492125445832));
#10091=CARTESIAN_POINT('Ctrl Pts',(-8.02707963267949,39.1612909377268,-20.5366079246252));
#10092=CARTESIAN_POINT('Ctrl Pts',(-8.24884464710591,38.9894026259951,-21.0075081636163));
#10093=CARTESIAN_POINT('Ctrl Pts',(-9.02120104948717,38.3965507276749,-21.2599988973273));
#10094=CARTESIAN_POINT('Ctrl Pts',(-9.47,38.069884702134,-21.2198893528193));
#10095=CARTESIAN_POINT('Ctrl Pts',(-7.87,39.1843001971804,-20.3492125445832));
#10096=CARTESIAN_POINT('Ctrl Pts',(-7.87,39.1569527804705,-20.5719393801792));
#10097=CARTESIAN_POINT('Ctrl Pts',(-8.16239599322506,38.9116451384138,-21.0702735684915));
#10098=CARTESIAN_POINT('Ctrl Pts',(-8.99128111945298,38.3668538162621,-21.2563525750993));
#10099=CARTESIAN_POINT('Ctrl Pts',(-9.47,38.069884702134,-21.2198893528193));
#10100=CARTESIAN_POINT('Origin',(-9.47,38.1917540455391,-20.227343201178));
#10101=CARTESIAN_POINT('Ctrl Pts',(-117.374081941824,42.2340113192725,-21.7311798110488));
#10102=CARTESIAN_POINT('Ctrl Pts',(-117.948778441267,41.8189000248083,-21.6802105530322));
#10103=CARTESIAN_POINT('Ctrl Pts',(-119.091558171886,40.5751474779811,-21.5274969426981));
#10104=CARTESIAN_POINT('Ctrl Pts',(-119.55,38.9233816668936,-21.3246856028693));
#10105=CARTESIAN_POINT('Ctrl Pts',(-119.55,37.9781306565949,-21.2086233726268));
#10106=CARTESIAN_POINT('Ctrl Pts',(-117.561226907657,42.4892541607112,-21.7625196912584));
#10107=CARTESIAN_POINT('Ctrl Pts',(-118.169807286306,42.0473522077461,-21.7081703523686));
#10108=CARTESIAN_POINT('Ctrl Pts',(-119.37671942604,40.7251009016433,-21.545851501086));
#10109=CARTESIAN_POINT('Ctrl Pts',(-119.853469373835,38.9766607108651,-21.33140096716));
#10110=CARTESIAN_POINT('Ctrl Pts',(-119.849199300342,37.9781306565949,-21.2086233726268));
#10111=CARTESIAN_POINT('Ctrl Pts',(-117.88410358408,42.9644947223032,-21.5325452033438));
#10112=CARTESIAN_POINT('Ctrl Pts',(-118.550764537246,42.4765896900016,-21.4762263626678));
#10113=CARTESIAN_POINT('Ctrl Pts',(-119.868393430461,41.0179614582076,-21.3077112812656));
#10114=CARTESIAN_POINT('Ctrl Pts',(-120.37806257352,39.0997736044436,-21.0856138924876));
#10115=CARTESIAN_POINT('Ctrl Pts',(-120.366995266873,38.0087563924052,-20.9591967705759));
#10116=CARTESIAN_POINT('Ctrl Pts',(-117.973487768829,43.1565086974953,-20.9765553220084));
#10117=CARTESIAN_POINT('Ctrl Pts',(-118.658896067621,42.6585468532831,-20.9239921891164));
#10118=CARTESIAN_POINT('Ctrl Pts',(-120.018201974242,41.168313094765,-20.766548374229));
#10119=CARTESIAN_POINT('Ctrl Pts',(-120.554970350039,39.1977190343295,-20.5579505802908));
#10120=CARTESIAN_POINT('Ctrl Pts',(-120.55,38.0726525832901,-20.4388040565815));
#10121=CARTESIAN_POINT('Ctrl Pts',(-117.959621359314,43.1665245984258,-20.7386336594075));
#10122=CARTESIAN_POINT('Ctrl Pts',(-118.643783858652,42.6723444859684,-20.6876644013908));
#10123=CARTESIAN_POINT('Ctrl Pts',(-120.004235918912,41.1916866921265,-20.5349507910568));
#10124=CARTESIAN_POINT('Ctrl Pts',(-120.55,39.2252988217842,-20.332139451228));
#10125=CARTESIAN_POINT('Ctrl Pts',(-120.55,38.1,-20.2160772209854));
#10126=CARTESIAN_POINT('',(-119.55,37.9781306565949,-21.2086233726268));
#10127=CARTESIAN_POINT('Origin',(-114.3,37.9781306565949,-21.2086233726268));
#10128=CARTESIAN_POINT('',(-120.55,38.1,-20.2160772209854));
#10129=CARTESIAN_POINT('Origin',(-119.55,38.1,-20.2160772209854));
#10130=CARTESIAN_POINT('',(-117.959621359314,43.1665245984258,-20.7386336594075));
#10131=CARTESIAN_POINT('Origin',(-114.3,38.1,-20.2160772209854));
#10132=CARTESIAN_POINT('Ctrl Pts',(-117.959621359314,43.1665245984258,-20.7386336594075));
#10133=CARTESIAN_POINT('Ctrl Pts',(-117.965168448657,43.1625178584512,-20.7712659378073));
#10134=CARTESIAN_POINT('Ctrl Pts',(-117.967889179285,43.1584390986826,-20.804010270936));
#10135=CARTESIAN_POINT('Ctrl Pts',(-117.9678346817,43.1543511772485,-20.836712271479));
#10136=CARTESIAN_POINT('Origin',(-119.55,-22.2545836906403,-12.8054661640527));
#10137=CARTESIAN_POINT('',(-119.55,-38.2218693434052,-11.8524398318256));
#10138=CARTESIAN_POINT('',(-120.55,-38.1,-10.8598936801843));
#10139=CARTESIAN_POINT('Origin',(-119.55,-38.1,-10.8598936801843));
#10140=CARTESIAN_POINT('',(-120.55,-22.2545836906403,-12.8054661640527));
#10141=CARTESIAN_POINT('',(-119.55,-22.3764530340455,-13.798012315694));
#10142=CARTESIAN_POINT('Ctrl Pts',(-119.55,-38.2218693434052,-11.8524398318256));
#10143=CARTESIAN_POINT('Ctrl Pts',(-119.55,-39.3999665885013,-11.7077876788856));
#10144=CARTESIAN_POINT('Ctrl Pts',(-118.86130432825,-41.3561835157864,-11.467594442438));
#10145=CARTESIAN_POINT('Ctrl Pts',(-116.653272259436,-43.1125420788839,
-11.2519407274801));
#10146=CARTESIAN_POINT('Ctrl Pts',(-115.085398163397,-43.4718693434051,
-11.2078208870854));
#10147=CARTESIAN_POINT('Ctrl Pts',(-114.3,-43.4718693434051,-11.2078208870854));
#10148=CARTESIAN_POINT('Ctrl Pts',(-119.849199300342,-38.2218693434052,
-11.8524398318256));
#10149=CARTESIAN_POINT('Ctrl Pts',(-119.84387736811,-39.4663700032985,-11.6994181007687));
#10150=CARTESIAN_POINT('Ctrl Pts',(-119.108856896709,-41.5257797061485,
-11.4467651086597));
#10151=CARTESIAN_POINT('Ctrl Pts',(-116.777859443001,-43.369259651396,-11.2201783211218));
#10152=CARTESIAN_POINT('Ctrl Pts',(-115.127117238178,-43.7457408597677,
-11.174193693205));
#10153=CARTESIAN_POINT('Ctrl Pts',(-114.3,-43.7457408597677,-11.174193693205));
#10154=CARTESIAN_POINT('Ctrl Pts',(-120.366998922906,-38.1912439789371,
-11.6030162541146));
#10155=CARTESIAN_POINT('Ctrl Pts',(-120.353205376716,-39.5510144080095,
-11.4454584610686));
#10156=CARTESIAN_POINT('Ctrl Pts',(-119.537284439842,-41.7918568375644,
-11.1852370836955));
#10157=CARTESIAN_POINT('Ctrl Pts',(-116.994416935414,-43.7880259465101,
-10.9530995844726));
#10158=CARTESIAN_POINT('Ctrl Pts',(-115.199148662145,-44.1953618981942,
-10.9056299076641));
#10159=CARTESIAN_POINT('Ctrl Pts',(-114.3,-44.1953618981942,-10.9056299076641));
#10160=CARTESIAN_POINT('Ctrl Pts',(-120.55,-38.12734741671,-11.0826205157804));
#10161=CARTESIAN_POINT('Ctrl Pts',(-120.54380529021,-39.5295545258046,-10.9341243070323));
#10162=CARTESIAN_POINT('Ctrl Pts',(-119.715216961604,-41.8497498400061,
-10.6879259370597));
#10163=CARTESIAN_POINT('Ctrl Pts',(-117.090162420639,-43.9259602213775,
-10.4673602559594));
#10164=CARTESIAN_POINT('Ctrl Pts',(-115.231283827943,-44.35,-10.4222209181805));
#10165=CARTESIAN_POINT('Ctrl Pts',(-114.3,-44.35,-10.4222209181805));
#10166=CARTESIAN_POINT('Ctrl Pts',(-120.55,-38.1,-10.8598936801843));
#10167=CARTESIAN_POINT('Ctrl Pts',(-120.55,-39.5024967203526,-10.7152415272442));
#10168=CARTESIAN_POINT('Ctrl Pts',(-119.730124200298,-41.8313263956919,
-10.4750482907967));
#10169=CARTESIAN_POINT('Ctrl Pts',(-117.101514594567,-43.9222294469985,
-10.2593945758387));
#10170=CARTESIAN_POINT('Ctrl Pts',(-115.234997813568,-44.35,-10.2152747354441));
#10171=CARTESIAN_POINT('Ctrl Pts',(-114.3,-44.35,-10.2152747354441));
#10172=CARTESIAN_POINT('',(-114.3,-43.4718693434051,-11.2078208870854));
#10173=CARTESIAN_POINT('',(-114.3,-44.35,-10.2152747354441));
#10174=CARTESIAN_POINT('Origin',(-114.3,-43.35,-10.2152747354441));
#10175=CARTESIAN_POINT('Origin',(-114.3,-38.1,-10.8598936801843));
#10176=CARTESIAN_POINT('Origin',(-114.3,-38.2218693434052,-11.8524398318256));
#10177=CARTESIAN_POINT('Origin',(0.,-43.35,-10.2152747354441));
#10178=CARTESIAN_POINT('',(114.3,-43.4718693434051,-11.2078208870854));
#10179=CARTESIAN_POINT('',(114.3,-44.35,-10.2152747354441));
#10180=CARTESIAN_POINT('Origin',(114.3,-43.35,-10.2152747354441));
#10181=CARTESIAN_POINT('',(0.,-44.35,-10.2152747354441));
#10182=CARTESIAN_POINT('',(0.,-43.4718693434051,-11.2078208870854));
#10183=CARTESIAN_POINT('Ctrl Pts',(114.3,-43.4718693434051,-11.2078208870854));
#10184=CARTESIAN_POINT('Ctrl Pts',(115.085398163397,-43.4718693434051,-11.2078208870854));
#10185=CARTESIAN_POINT('Ctrl Pts',(116.653272259436,-43.1125420788839,-11.2519407274801));
#10186=CARTESIAN_POINT('Ctrl Pts',(118.86130432825,-41.3561835157864,-11.467594442438));
#10187=CARTESIAN_POINT('Ctrl Pts',(119.55,-39.3999665885013,-11.7077876788856));
#10188=CARTESIAN_POINT('Ctrl Pts',(119.55,-38.2218693434052,-11.8524398318256));
#10189=CARTESIAN_POINT('Ctrl Pts',(114.3,-43.7457408597677,-11.174193693205));
#10190=CARTESIAN_POINT('Ctrl Pts',(115.127117238178,-43.7457408597677,-11.174193693205));
#10191=CARTESIAN_POINT('Ctrl Pts',(116.777859443001,-43.369259651396,-11.2201783211218));
#10192=CARTESIAN_POINT('Ctrl Pts',(119.108856896709,-41.5257797061485,-11.4467651086597));
#10193=CARTESIAN_POINT('Ctrl Pts',(119.84387736811,-39.4663700032985,-11.6994181007687));
#10194=CARTESIAN_POINT('Ctrl Pts',(119.849199300342,-38.2218693434052,-11.8524398318256));
#10195=CARTESIAN_POINT('Ctrl Pts',(114.3,-44.1953618981942,-10.9056299076641));
#10196=CARTESIAN_POINT('Ctrl Pts',(115.199148662145,-44.1953618981942,-10.9056299076641));
#10197=CARTESIAN_POINT('Ctrl Pts',(116.994416935414,-43.7880259465101,-10.9530995844726));
#10198=CARTESIAN_POINT('Ctrl Pts',(119.537284439842,-41.7918568375644,-11.1852370836954));
#10199=CARTESIAN_POINT('Ctrl Pts',(120.353205376716,-39.5510144080095,-11.4454584610686));
#10200=CARTESIAN_POINT('Ctrl Pts',(120.366998922906,-38.1912439789371,-11.6030162541146));
#10201=CARTESIAN_POINT('Ctrl Pts',(114.3,-44.35,-10.4222209181805));
#10202=CARTESIAN_POINT('Ctrl Pts',(115.231283827943,-44.35,-10.4222209181805));
#10203=CARTESIAN_POINT('Ctrl Pts',(117.090162420639,-43.9259602213775,-10.4673602559594));
#10204=CARTESIAN_POINT('Ctrl Pts',(119.715216961604,-41.8497498400061,-10.6879259370597));
#10205=CARTESIAN_POINT('Ctrl Pts',(120.54380529021,-39.5295545258046,-10.9341243070323));
#10206=CARTESIAN_POINT('Ctrl Pts',(120.55,-38.12734741671,-11.0826205157804));
#10207=CARTESIAN_POINT('Ctrl Pts',(114.3,-44.35,-10.2152747354441));
#10208=CARTESIAN_POINT('Ctrl Pts',(115.234997813568,-44.35,-10.2152747354441));
#10209=CARTESIAN_POINT('Ctrl Pts',(117.101514594567,-43.9222294469985,-10.2593945758387));
#10210=CARTESIAN_POINT('Ctrl Pts',(119.730124200298,-41.8313263956919,-10.4750482907967));
#10211=CARTESIAN_POINT('Ctrl Pts',(120.55,-39.5024967203526,-10.7152415272442));
#10212=CARTESIAN_POINT('Ctrl Pts',(120.55,-38.1,-10.8598936801843));
#10213=CARTESIAN_POINT('',(119.55,-38.2218693434052,-11.8524398318256));
#10214=CARTESIAN_POINT('',(120.55,-38.1,-10.8598936801843));
#10215=CARTESIAN_POINT('Origin',(119.55,-38.1,-10.8598936801843));
#10216=CARTESIAN_POINT('Origin',(114.3,-38.1,-10.8598936801843));
#10217=CARTESIAN_POINT('Origin',(114.3,-38.2218693434052,-11.8524398318256));
#10218=CARTESIAN_POINT('Origin',(119.55,-22.2545836906403,-12.8054661640527));
#10219=CARTESIAN_POINT('',(119.55,37.9781306565949,-21.2086233726268));
#10220=CARTESIAN_POINT('',(120.55,38.1,-20.2160772209854));
#10221=CARTESIAN_POINT('Origin',(119.55,38.1,-20.2160772209854));
#10222=CARTESIAN_POINT('',(120.55,-22.2545836906403,-12.8054661640527));
#10223=CARTESIAN_POINT('',(119.55,-22.3764530340455,-13.798012315694));
#10224=CARTESIAN_POINT('Ctrl Pts',(119.55,37.9781306565948,-21.2086233726268));
#10225=CARTESIAN_POINT('Ctrl Pts',(119.55,38.6870689143189,-21.2956700453087));
#10226=CARTESIAN_POINT('Ctrl Pts',(119.21090211813,40.3417225146121,-21.4988359610671));
#10227=CARTESIAN_POINT('Ctrl Pts',(118.140343941082,41.6805295933202,-21.6632208003599));
#10228=CARTESIAN_POINT('Ctrl Pts',(117.374081941824,42.2340113192725,-21.7311798110488));
#10229=CARTESIAN_POINT('Ctrl Pts',(119.849199300342,37.9781306565948,-21.2086233726268));
#10230=CARTESIAN_POINT('Ctrl Pts',(119.852401855462,38.7270281972976,-21.3007065685267));
#10231=CARTESIAN_POINT('Ctrl Pts',(119.501800495372,40.4776400256886,-21.5156651236117));
#10232=CARTESIAN_POINT('Ctrl Pts',(118.372667412523,41.9000515567577,-21.690053906072));
#10233=CARTESIAN_POINT('Ctrl Pts',(117.561226907657,42.4892541607112,-21.7625196912584));
#10234=CARTESIAN_POINT('Ctrl Pts',(120.366995266873,38.0087563924052,-20.9591967705759));
#10235=CARTESIAN_POINT('Ctrl Pts',(120.375295746858,38.827019301434,-21.0540096120096));
#10236=CARTESIAN_POINT('Ctrl Pts',(120.003698724037,40.7451763173403,-21.2761284576989));
#10237=CARTESIAN_POINT('Ctrl Pts',(118.772984854967,42.3139546792344,-21.4574534157758));
#10238=CARTESIAN_POINT('Ctrl Pts',(117.88410358408,42.9644947223032,-21.5325452033438));
#10239=CARTESIAN_POINT('Ctrl Pts',(120.55,38.07265258329,-20.4388040565815));
#10240=CARTESIAN_POINT('Ctrl Pts',(120.553727762529,38.9164524215696,-20.5281639493634));
#10241=CARTESIAN_POINT('Ctrl Pts',(120.159085137937,40.889270591474,-20.7369984670678));
#10242=CARTESIAN_POINT('Ctrl Pts',(118.887365500552,42.492559571879,-20.9064711448191));
#10243=CARTESIAN_POINT('Ctrl Pts',(117.973487768829,43.1565086974953,-20.9765553220084));
#10244=CARTESIAN_POINT('Ctrl Pts',(120.55,38.1,-20.2160772209854));
#10245=CARTESIAN_POINT('Ctrl Pts',(120.55,38.9439741163381,-20.3031238936673));
#10246=CARTESIAN_POINT('Ctrl Pts',(120.146312045392,40.9137998309729,-20.5062898094258));
#10247=CARTESIAN_POINT('Ctrl Pts',(118.871838025098,42.5076177818159,-20.6706746487186));
#10248=CARTESIAN_POINT('Ctrl Pts',(117.959621359314,43.1665245984258,-20.7386336594075));
#10249=CARTESIAN_POINT('',(117.959621359314,43.1665245984258,-20.7386336594075));
#10250=CARTESIAN_POINT('Origin',(114.3,38.1,-20.2160772209854));
#10251=CARTESIAN_POINT('',(117.626132045867,42.0400693086993,-21.7073667264399));
#10252=CARTESIAN_POINT('Origin',(114.3,37.9781306565949,-21.2086233726268));
#10253=CARTESIAN_POINT('',(117.967928974984,43.1544848037457,-20.8366899182037));
#10254=CARTESIAN_POINT('Ctrl Pts',(117.625978998431,42.0399321785901,-21.7073498889797));
#10255=CARTESIAN_POINT('Ctrl Pts',(117.626516130023,42.0414143448112,-21.7075317303629));
#10256=CARTESIAN_POINT('Ctrl Pts',(117.627053080328,42.0428969173866,-21.7077099930398));
#10257=CARTESIAN_POINT('Ctrl Pts',(117.627589846851,42.0443798857742,-21.7078846822505));
#10258=CARTESIAN_POINT('Ctrl Pts',(117.643415719185,42.0881033062458,-21.7130351695258));
#10259=CARTESIAN_POINT('Ctrl Pts',(117.659065249572,42.132120970527,-21.7150778064476));
#10260=CARTESIAN_POINT('Ctrl Pts',(117.674474479087,42.1761668799937,-21.7141407360469));
#10261=CARTESIAN_POINT('Ctrl Pts',(117.684335826755,42.2043546635645,-21.713541044998));
#10262=CARTESIAN_POINT('Ctrl Pts',(117.694098995724,42.2325539674331,-21.7117198931439));
#10263=CARTESIAN_POINT('Ctrl Pts',(117.703748160157,42.2606926578339,-21.7087000443926));
#10264=CARTESIAN_POINT('Ctrl Pts',(117.718893777751,42.3048599893549,-21.7039599993145));
#10265=CARTESIAN_POINT('Ctrl Pts',(117.733721139203,42.3487718937607,-21.6962807901613));
#10266=CARTESIAN_POINT('Ctrl Pts',(117.748164203176,42.3921508180369,-21.6857536435131));
#10267=CARTESIAN_POINT('Ctrl Pts',(117.757161799496,42.4191745887675,-21.6791955464138));
#10268=CARTESIAN_POINT('Ctrl Pts',(117.7660102214,42.4459912526756,-21.6715311831993));
#10269=CARTESIAN_POINT('Ctrl Pts',(117.774691687019,42.4725292975862,-21.662773538164));
#10270=CARTESIAN_POINT('Ctrl Pts',(117.788380262267,42.5143733871211,-21.6489648463705));
#10271=CARTESIAN_POINT('Ctrl Pts',(117.801592757414,42.5553439957851,-21.6325010563074));
#10272=CARTESIAN_POINT('Ctrl Pts',(117.81426269798,42.595171540815,-21.6134653334405));
#10273=CARTESIAN_POINT('Ctrl Pts',(117.826410011937,42.6333562261405,-21.5952148214627));
#10274=CARTESIAN_POINT('Ctrl Pts',(117.838059117759,42.6704907992344,-21.5745995493909));
#10275=CARTESIAN_POINT('Ctrl Pts',(117.849134164011,42.7063146555571,-21.5516568254053));
#10276=CARTESIAN_POINT('Ctrl Pts',(117.860077854596,42.7417136227733,-21.5289862137631));
#10277=CARTESIAN_POINT('Ctrl Pts',(117.870461579917,42.7758334398319,-21.5040426475217));
#10278=CARTESIAN_POINT('Ctrl Pts',(117.880187050869,42.8083904019481,-21.476833351073));
#10279=CARTESIAN_POINT('Ctrl Pts',(117.889934165607,42.8410198187469,-21.4495635010342));
#10280=CARTESIAN_POINT('Ctrl Pts',(117.898954250548,42.8718665125287,-21.4201967633125));
#10281=CARTESIAN_POINT('Ctrl Pts',(117.907162458559,42.9006748176224,-21.3887900041138));
#10282=CARTESIAN_POINT('Ctrl Pts',(117.915507175052,42.9299622258276,-21.3568609276179));
#10283=CARTESIAN_POINT('Ctrl Pts',(117.923013245161,42.9571430435828,-21.3228222770138));
#10284=CARTESIAN_POINT('Ctrl Pts',(117.9296907601,42.9820720163437,-21.2869275293891));
#10285=CARTESIAN_POINT('Ctrl Pts',(117.935556037392,43.0039686858662,-21.2553989367803));
#10286=CARTESIAN_POINT('Ctrl Pts',(117.940781681064,43.0241277795797,-21.2224374987382));
#10287=CARTESIAN_POINT('Ctrl Pts',(117.945350185417,43.0424291466054,-21.1882086727523));
#10288=CARTESIAN_POINT('Ctrl Pts',(117.950506319588,43.06308455078,-21.1495771194825));
#10289=CARTESIAN_POINT('Ctrl Pts',(117.954784902806,43.0812117420816,-21.1096364451371));
#10290=CARTESIAN_POINT('Ctrl Pts',(117.958188849732,43.0967087970056,-21.0686748311104));
#10291=CARTESIAN_POINT('Ctrl Pts',(117.961532284778,43.111930361166,-21.0284413906873));
#10292=CARTESIAN_POINT('Ctrl Pts',(117.964031993719,43.1246147196849,-20.9872219537228));
#10293=CARTESIAN_POINT('Ctrl Pts',(117.965652781924,43.1346370264173,-20.9452765102566));
#10294=CARTESIAN_POINT('Ctrl Pts',(117.967032818732,43.143170622691,-20.9095616304773));
#10295=CARTESIAN_POINT('Ctrl Pts',(117.967775113867,43.1497739162957,-20.8733198622631));
#10296=CARTESIAN_POINT('Ctrl Pts',(117.967834631655,43.1543511513952,-20.8367122686693));
#10297=CARTESIAN_POINT('Ctrl Pts',(117.967834631655,43.1543511513952,-20.8367122686693));
#10298=CARTESIAN_POINT('Ctrl Pts',(117.967889279775,43.15845015859,-20.8039215684525));
#10299=CARTESIAN_POINT('Ctrl Pts',(117.965153432281,43.1625287049884,-20.7711775998511));
#10300=CARTESIAN_POINT('Ctrl Pts',(117.959621359314,43.1665245984258,-20.7386336594075));
#10301=CARTESIAN_POINT('Origin',(0.,42.1619386521044,-20.7148205747986));
#10302=CARTESIAN_POINT('',(0.,43.1544848037457,-20.8366899182037));
#10303=CARTESIAN_POINT('',(0.,42.0400693086993,-21.7073667264399));
#10304=CARTESIAN_POINT('Origin',(-5.55111512312578E-16,38.1917540455391,
-20.227343201178));
#10305=CARTESIAN_POINT('',(-5.55111512312578E-16,38.069884702134,-21.2198893528193));
#10306=CARTESIAN_POINT('Origin',(-120.55,0.,-13.2146180349225));
#10307=CARTESIAN_POINT('',(-120.55,-38.1,-8.90730901746127));
#10308=CARTESIAN_POINT('',(-120.55,38.1,-12.1573090174614));
#10309=CARTESIAN_POINT('Origin',(-114.3,-38.1,-8.90730901746127));
#10310=CARTESIAN_POINT('',(-114.3,-44.35,-8.90730901746127));
#10311=CARTESIAN_POINT('Origin',(0.,-44.35,-4.6));
#10312=CARTESIAN_POINT('',(114.3,-44.35,-8.90730901746127));
#10313=CARTESIAN_POINT('',(79.45,-44.35,-4.80000000000001));
#10314=CARTESIAN_POINT('',(59.6875000000004,-44.35,-24.5625));
#10315=CARTESIAN_POINT('',(79.2,-44.35,-4.80000000000001));
#10316=CARTESIAN_POINT('',(39.6625,-44.35,-4.80000000000001));
#10317=CARTESIAN_POINT('',(79.,-44.35,-4.6));
#10318=CARTESIAN_POINT('',(59.3000000000005,-44.35,15.1));
#10319=CARTESIAN_POINT('',(54.4,-44.35,-4.6));
#10320=CARTESIAN_POINT('',(0.,-44.35,-4.6));
#10321=CARTESIAN_POINT('',(54.2,-44.35,-4.80000000000001));
#10322=CARTESIAN_POINT('',(40.7500000000003,-44.35,-18.25));
#10323=CARTESIAN_POINT('',(53.95,-44.35,-4.80000000000001));
#10324=CARTESIAN_POINT('',(27.0375,-44.35,-4.80000000000001));
#10325=CARTESIAN_POINT('',(53.75,-44.35,-4.6));
#10326=CARTESIAN_POINT('',(40.3625000000003,-44.35,8.78749999999999));
#10327=CARTESIAN_POINT('',(-53.75,-44.35,-4.6));
#10328=CARTESIAN_POINT('',(0.,-44.35,-4.6));
#10329=CARTESIAN_POINT('',(-53.95,-44.35,-4.80000000000001));
#10330=CARTESIAN_POINT('',(-40.3625000000003,-44.35,8.78749999999999));
#10331=CARTESIAN_POINT('',(-54.2,-44.35,-4.80000000000001));
#10332=CARTESIAN_POINT('',(-27.0375,-44.35,-4.80000000000001));
#10333=CARTESIAN_POINT('',(-54.4,-44.35,-4.6));
#10334=CARTESIAN_POINT('',(-40.7500000000003,-44.35,-18.25));
#10335=CARTESIAN_POINT('',(-79.,-44.35,-4.6));
#10336=CARTESIAN_POINT('',(0.,-44.35,-4.6));
#10337=CARTESIAN_POINT('',(-79.2,-44.35,-4.80000000000001));
#10338=CARTESIAN_POINT('',(-59.3000000000005,-44.35,15.1));
#10339=CARTESIAN_POINT('',(-79.45,-44.35,-4.80000000000001));
#10340=CARTESIAN_POINT('',(-39.6625,-44.35,-4.80000000000001));
#10341=CARTESIAN_POINT('',(-59.6875000000004,-44.35,-24.5625));
#10342=CARTESIAN_POINT('Origin',(114.3,-38.1,-8.90730901746127));
#10343=CARTESIAN_POINT('',(120.55,-38.1,-8.90730901746127));
#10344=CARTESIAN_POINT('Origin',(120.55,0.,-13.2146180349225));
#10345=CARTESIAN_POINT('',(120.55,38.1,-12.1573090174614));
#10346=CARTESIAN_POINT('Origin',(114.3,38.1,-12.1573090174614));
#10347=CARTESIAN_POINT('',(114.3,44.35,-11.1000000000002));
#10348=CARTESIAN_POINT('Origin',(114.3,38.1,-62.0021651748447));
#10349=CARTESIAN_POINT('',(114.3,44.35,-12.1573090174614));
#10350=CARTESIAN_POINT('Origin',(0.,-44.35,-11.1));
#10351=CARTESIAN_POINT('Origin',(-53.85,44.3500000000001,-4.7000000000001));
#10352=CARTESIAN_POINT('',(-53.95,38.6,-4.80000000000009));
#10353=CARTESIAN_POINT('',(-53.75,38.6,-4.60000000000009));
#10354=CARTESIAN_POINT('',(-62.3999999999993,38.6,-13.25));
#10355=CARTESIAN_POINT('',(-53.75,44.35,-4.6000000000001));
#10356=CARTESIAN_POINT('',(-53.75,44.3500000000001,-4.6000000000001));
#10357=CARTESIAN_POINT('',(-53.95,44.35,-4.80000000000009));
#10358=CARTESIAN_POINT('',(-41.9875000000009,44.35,7.16249999999978));
#10359=CARTESIAN_POINT('',(-53.95,44.35,-4.80000000000009));
#10360=CARTESIAN_POINT('Origin',(0.,44.35,-4.6000000000001));
#10361=CARTESIAN_POINT('',(-21.55,38.6,-4.60000000000009));
#10362=CARTESIAN_POINT('',(-46.375,38.6,-4.60000000000009));
#10363=CARTESIAN_POINT('',(-21.55,36.1,-4.60000000000009));
#10364=CARTESIAN_POINT('',(-21.55,41.475,-4.6000000000001));
#10365=CARTESIAN_POINT('',(-16.55,36.1,-4.60000000000009));
#10366=CARTESIAN_POINT('Origin',(-19.05,36.1,-4.6000000000001));
#10367=CARTESIAN_POINT('',(-16.55,38.6,-4.60000000000009));
#10368=CARTESIAN_POINT('',(-16.55,40.225,-4.6000000000001));
#10369=CARTESIAN_POINT('',(-10.,38.6,-4.60000000000009));
#10370=CARTESIAN_POINT('',(-8.275,38.6,-4.60000000000009));
#10371=CARTESIAN_POINT('',(-9.5,39.1,-4.60000000000009));
#10372=CARTESIAN_POINT('Origin',(-10.,39.1,-4.6000000000001));
#10373=CARTESIAN_POINT('',(-9.5,39.3462450872706,-4.60000000000009));
#10374=CARTESIAN_POINT('',(-9.5,28.8224340181951,-4.60000000000008));
#10375=CARTESIAN_POINT('Origin',(-9.,39.3462450872706,-4.6000000000001));
#10376=CARTESIAN_POINT('',(45.5,39.3462450872706,-4.60000000000009));
#10377=CARTESIAN_POINT('Origin',(45.,39.3462450872706,-4.6000000000001));
#10378=CARTESIAN_POINT('',(45.5,39.1,-4.60000000000009));
#10379=CARTESIAN_POINT('',(45.5,28.8224340181951,-4.60000000000008));
#10380=CARTESIAN_POINT('',(46.,38.6,-4.60000000000009));
#10381=CARTESIAN_POINT('Origin',(46.,39.1,-4.6000000000001));
#10382=CARTESIAN_POINT('',(53.25,38.6,-4.60000000000009));
#10383=CARTESIAN_POINT('',(-8.275,38.6,-4.60000000000009));
#10384=CARTESIAN_POINT('',(53.25,44.35,-4.6000000000001));
#10385=CARTESIAN_POINT('',(53.25,41.475,-4.6000000000001));
#10386=CARTESIAN_POINT('',(0.,44.35,-4.6000000000001));
#10387=CARTESIAN_POINT('',(-19.8615,35.6,-4.60000000000009));
#10388=CARTESIAN_POINT('Origin',(-19.05,35.6,-4.60000000000009));
#10389=CARTESIAN_POINT('Origin',(-92.75,38.6,0.));
#10390=CARTESIAN_POINT('',(-54.2,38.6,-4.80000000000009));
#10391=CARTESIAN_POINT('',(-73.4125000286336,38.6,-4.80000000000009));
#10392=CARTESIAN_POINT('',(-54.4,38.6,-4.60000000000009));
#10393=CARTESIAN_POINT('',(-65.0874999999997,38.6,6.08749999999986));
#10394=CARTESIAN_POINT('',(-79.,38.6,-4.60000000000009));
#10395=CARTESIAN_POINT('',(-46.375,38.6,-4.60000000000009));
#10396=CARTESIAN_POINT('',(-79.2,38.6,-4.80000000000009));
#10397=CARTESIAN_POINT('',(-81.3374999999999,38.6,-6.93750000000005));
#10398=CARTESIAN_POINT('',(-79.45,38.6,-4.80000000000009));
#10399=CARTESIAN_POINT('',(-86.0375,38.6,-4.80000000000009));
#10400=CARTESIAN_POINT('',(-84.025,38.6,-0.225000000000047));
#10401=CARTESIAN_POINT('',(-92.75,38.6,-9.5));
#10402=CARTESIAN_POINT('',(-92.75,38.6,0.));
#10403=CARTESIAN_POINT('',(-21.55,38.6,-9.5));
#10404=CARTESIAN_POINT('',(-46.375,38.6,-9.5));
#10405=CARTESIAN_POINT('',(-21.55,38.6,0.));
#10406=CARTESIAN_POINT('Origin',(-54.2999999999996,41.4750000000035,-4.7000000000001));
#10407=CARTESIAN_POINT('',(-54.1999999999993,44.35,-4.80000000000009));
#10408=CARTESIAN_POINT('',(-54.3999999999993,44.35,-4.6000000000001));
#10409=CARTESIAN_POINT('',(-39.1249999999999,44.35,-19.8749999999999));
#10410=CARTESIAN_POINT('',(-54.3999999999996,41.4750000000036,-4.6000000000001));
#10411=CARTESIAN_POINT('',(-54.1999999999989,47.3490012864222,-4.8000000000001));
#10412=CARTESIAN_POINT('Origin',(0.,44.35,-4.6000000000001));
#10413=CARTESIAN_POINT('',(-79.,44.35,-4.6000000000001));
#10414=CARTESIAN_POINT('',(0.,44.35,-4.6000000000001));
#10415=CARTESIAN_POINT('',(-79.,44.35,-4.6000000000001));
#10416=CARTESIAN_POINT('',(-74.9,41.1,-4.6000000000001));
#10417=CARTESIAN_POINT('Origin',(-76.2,41.1,-4.6000000000001));
#10418=CARTESIAN_POINT('Origin',(-53.85,2.875,-4.70000000000005));
#10419=CARTESIAN_POINT('',(-53.75,-38.6,-4.60000000000001));
#10420=CARTESIAN_POINT('',(-53.75,2.875,-4.60000000000005));
#10421=CARTESIAN_POINT('',(-53.95,-38.6,-4.80000000000001));
#10422=CARTESIAN_POINT('',(-39.8375000000003,-38.6,9.31250000000001));
#10423=CARTESIAN_POINT('',(-53.95,-38.6,-4.80000000000001));
#10424=CARTESIAN_POINT('Origin',(-2.5,-38.6,0.));
#10425=CARTESIAN_POINT('',(-2.5,-38.6,-4.60000000000001));
#10426=CARTESIAN_POINT('',(-1.25,-38.6,-4.60000000000001));
#10427=CARTESIAN_POINT('',(-2.5,-38.6,-9.5));
#10428=CARTESIAN_POINT('',(-2.5,-38.6,0.));
#10429=CARTESIAN_POINT('',(-90.36875,-38.6,-9.5));
#10430=CARTESIAN_POINT('',(-1.25,-38.6,-9.5));
#10431=CARTESIAN_POINT('',(-90.36875,-38.6,0.));
#10432=CARTESIAN_POINT('',(-79.45,-38.6,-4.80000000000001));
#10433=CARTESIAN_POINT('',(-61.4625000000004,-38.6,-22.7875));
#10434=CARTESIAN_POINT('',(-79.2,-38.6,-4.80000000000001));
#10435=CARTESIAN_POINT('',(-40.9125,-38.6,-4.80000000000001));
#10436=CARTESIAN_POINT('',(-79.,-38.6,-4.60000000000001));
#10437=CARTESIAN_POINT('',(-58.7750000000004,-38.6,15.625));
#10438=CARTESIAN_POINT('',(-54.4,-38.6,-4.60000000000001));
#10439=CARTESIAN_POINT('',(-1.25,-38.6,-4.60000000000001));
#10440=CARTESIAN_POINT('',(-54.2,-38.6,-4.80000000000001));
#10441=CARTESIAN_POINT('',(-42.5250000000003,-38.6,-16.475));
#10442=CARTESIAN_POINT('',(-28.2875,-38.6,-4.80000000000001));
#10443=CARTESIAN_POINT('Origin',(-54.3,3.11230279012977E-30,-4.70000000000005));
#10444=CARTESIAN_POINT('',(-54.4,1.12649461348666E-16,-4.60000000000005));
#10445=CARTESIAN_POINT('',(-54.2,-38.6,-4.80000000000001));
#10446=CARTESIAN_POINT('Origin',(0.,44.35,-4.6000000000001));
#10447=CARTESIAN_POINT('',(-79.,2.875,-4.60000000000005));
#10448=CARTESIAN_POINT('',(-74.9,-41.1,-4.6));
#10449=CARTESIAN_POINT('Origin',(-76.2,-41.1,-4.6));
#10450=CARTESIAN_POINT('Origin',(-79.1,2.875,-4.70000000000005));
#10451=CARTESIAN_POINT('',(-79.2,-38.6,-4.80000000000001));
#10452=CARTESIAN_POINT('Origin',(-79.55,3.11230279012977E-30,-4.70000000000005));
#10453=CARTESIAN_POINT('',(-79.45,-38.6,-4.80000000000001));
#10454=CARTESIAN_POINT('Origin',(54.3,2.875,-4.70000000000005));
#10455=CARTESIAN_POINT('',(54.4,-38.6,-4.60000000000001));
#10456=CARTESIAN_POINT('',(54.4,2.875,-4.60000000000005));
#10457=CARTESIAN_POINT('',(54.2,-38.6,-4.80000000000001));
#10458=CARTESIAN_POINT('',(65.0874999999998,-38.6,6.08750000000001));
#10459=CARTESIAN_POINT('',(54.2,-38.6,-4.80000000000001));
#10460=CARTESIAN_POINT('Origin',(0.,44.35,-4.6000000000001));
#10461=CARTESIAN_POINT('',(79.,-38.6,-4.60000000000001));
#10462=CARTESIAN_POINT('',(79.,1.12649461348666E-16,-4.60000000000005));
#10463=CARTESIAN_POINT('',(46.375,-38.6,-4.60000000000001));
#10464=CARTESIAN_POINT('',(77.5,-41.1,-4.6));
#10465=CARTESIAN_POINT('Origin',(76.2,-41.1,-4.6));
#10466=CARTESIAN_POINT('Origin',(53.85,3.11230279012977E-30,-4.70000000000005));
#10467=CARTESIAN_POINT('',(53.95,-38.6,-4.80000000000001));
#10468=CARTESIAN_POINT('',(53.75,-38.6,-4.60000000000001));
#10469=CARTESIAN_POINT('',(62.3999999999998,-38.6,-13.25));
#10470=CARTESIAN_POINT('',(53.75,1.12649461348666E-16,-4.60000000000005));
#10471=CARTESIAN_POINT('',(53.95,-38.6,-4.80000000000001));
#10472=CARTESIAN_POINT('Origin',(0.,44.35,-4.6000000000001));
#10473=CARTESIAN_POINT('',(2.5,-38.6,-4.60000000000001));
#10474=CARTESIAN_POINT('',(46.375,-38.6,-4.60000000000001));
#10475=CARTESIAN_POINT('',(2.5,-36.1,-4.60000000000001));
#10476=CARTESIAN_POINT('',(2.5,2.875,-4.60000000000005));
#10477=CARTESIAN_POINT('',(-2.5,-36.1,-4.60000000000001));
#10478=CARTESIAN_POINT('Origin',(0.,-36.1,-4.6000000000001));
#10479=CARTESIAN_POINT('',(-2.5,4.125,-4.60000000000005));
#10480=CARTESIAN_POINT('',(-0.8115,-35.6,-4.60000000000001));
#10481=CARTESIAN_POINT('Origin',(0.,-35.6,-4.60000000000001));
#10482=CARTESIAN_POINT('Origin',(92.75,-38.6,0.));
#10483=CARTESIAN_POINT('',(79.2,-38.6,-4.80000000000001));
#10484=CARTESIAN_POINT('',(81.3374999999999,-38.6,-6.93749999999999));
#10485=CARTESIAN_POINT('',(79.45,-38.6,-4.80000000000001));
#10486=CARTESIAN_POINT('',(86.0375,-38.6,-4.80000000000001));
#10487=CARTESIAN_POINT('',(84.0249999999999,-38.6,-0.224999999999993));
#10488=CARTESIAN_POINT('',(92.75,-38.6,-9.5));
#10489=CARTESIAN_POINT('',(92.75,-38.6,0.));
#10490=CARTESIAN_POINT('',(2.5,-38.6,-9.5));
#10491=CARTESIAN_POINT('',(46.375,-38.6,-9.5));
#10492=CARTESIAN_POINT('',(2.5,-38.6,0.));
#10493=CARTESIAN_POINT('',(73.4125,-38.6,-4.80000000000001));
#10494=CARTESIAN_POINT('Origin',(79.55,2.875,-4.70000000000005));
#10495=CARTESIAN_POINT('',(79.45,-38.6,-4.80000000000001));
#10496=CARTESIAN_POINT('Origin',(79.1,3.11230279012977E-30,-4.70000000000005));
#10497=CARTESIAN_POINT('',(79.2,-38.6,-4.80000000000001));
#10498=CARTESIAN_POINT('Origin',(53.8,44.35,-4.7000000000001));
#10499=CARTESIAN_POINT('',(53.7,38.6,-4.80000000000009));
#10500=CARTESIAN_POINT('',(53.9,38.6,-4.60000000000009));
#10501=CARTESIAN_POINT('',(37.3875000000004,38.6,-21.1125));
#10502=CARTESIAN_POINT('',(53.9,44.35,-4.6000000000001));
#10503=CARTESIAN_POINT('',(53.9,44.35,-4.6000000000001));
#10504=CARTESIAN_POINT('',(53.7,44.35,-4.80000000000009));
#10505=CARTESIAN_POINT('',(38.7500000000003,44.35,-19.7500000000002));
#10506=CARTESIAN_POINT('',(53.7,44.35,-4.80000000000009));
#10507=CARTESIAN_POINT('Origin',(0.,44.35,-4.6000000000001));
#10508=CARTESIAN_POINT('',(79.,38.6,-4.60000000000009));
#10509=CARTESIAN_POINT('',(-8.275,38.6,-4.60000000000009));
#10510=CARTESIAN_POINT('',(79.,44.35,-4.6000000000001));
#10511=CARTESIAN_POINT('',(79.,41.475,-4.6000000000001));
#10512=CARTESIAN_POINT('',(0.,44.35,-4.6000000000001));
#10513=CARTESIAN_POINT('',(77.5,41.1,-4.6000000000001));
#10514=CARTESIAN_POINT('Origin',(76.2,41.1,-4.6000000000001));
#10515=CARTESIAN_POINT('Origin',(-16.55,38.6,0.));
#10516=CARTESIAN_POINT('',(53.45,38.6,-4.80000000000009));
#10517=CARTESIAN_POINT('',(18.5125,38.6,-4.80000000000009));
#10518=CARTESIAN_POINT('',(34.7000000000004,38.6,13.95));
#10519=CARTESIAN_POINT('',(46.,38.6,-9.5));
#10520=CARTESIAN_POINT('',(46.,38.6,-5.95082015296505));
#10521=CARTESIAN_POINT('',(92.75,38.6,-9.5));
#10522=CARTESIAN_POINT('',(-8.275,38.6,-9.5));
#10523=CARTESIAN_POINT('',(92.75,38.6,0.));
#10524=CARTESIAN_POINT('',(79.45,38.6,-4.80000000000009));
#10525=CARTESIAN_POINT('',(56.7000000000006,38.6,-27.55));
#10526=CARTESIAN_POINT('',(79.2,38.6,-4.80000000000009));
#10527=CARTESIAN_POINT('',(31.3875,38.6,-4.80000000000009));
#10528=CARTESIAN_POINT('',(54.0125000000005,38.6,20.3875));
#10529=CARTESIAN_POINT('Origin',(53.35,41.475,-4.7000000000001));
#10530=CARTESIAN_POINT('',(53.45,44.35,-4.80000000000009));
#10531=CARTESIAN_POINT('',(41.6125000000003,44.35,7.03749999999985));
#10532=CARTESIAN_POINT('',(53.45,44.35,-4.80000000000009));
#10533=CARTESIAN_POINT('Origin',(79.55,44.35,-4.7000000000001));
#10534=CARTESIAN_POINT('',(79.45,44.35,-4.80000000000009));
#10535=CARTESIAN_POINT('',(58.0625000000004,44.35,-26.1875000000002));
#10536=CARTESIAN_POINT('',(79.45,44.35,-4.80000000000009));
#10537=CARTESIAN_POINT('Origin',(79.1,41.475,-4.7000000000001));
#10538=CARTESIAN_POINT('',(79.2,44.35,-4.80000000000009));
#10539=CARTESIAN_POINT('',(60.9250000000005,44.35,13.4749999999998));
#10540=CARTESIAN_POINT('',(79.2,44.35,-4.80000000000009));
#10541=CARTESIAN_POINT('Origin',(-79.1,44.35,-4.7000000000001));
#10542=CARTESIAN_POINT('',(-79.2,44.35,-4.80000000000009));
#10543=CARTESIAN_POINT('',(-60.9250000000005,44.35,13.4749999999998));
#10544=CARTESIAN_POINT('',(-79.2,44.35,-4.80000000000009));
#10545=CARTESIAN_POINT('Origin',(-79.55,41.475,-4.7000000000001));
#10546=CARTESIAN_POINT('',(-79.45,44.35,-4.80000000000009));
#10547=CARTESIAN_POINT('',(-58.0625000000004,44.35,-26.1875000000002));
#10548=CARTESIAN_POINT('',(-79.45,44.35,-4.80000000000009));
#10549=CARTESIAN_POINT('Origin',(-76.2,-41.1,-4.7000000000001));
#10550=CARTESIAN_POINT('',(-75.1,-41.1,-4.80000000000001));
#10551=CARTESIAN_POINT('',(-75.,-41.1,-4.7000000000001));
#10552=CARTESIAN_POINT('Origin',(-76.2,-41.1,-4.80000000000001));
#10553=CARTESIAN_POINT('Origin',(-76.2,41.1,-4.7000000000001));
#10554=CARTESIAN_POINT('',(-75.1,41.1,-4.80000000000009));
#10555=CARTESIAN_POINT('',(-75.,41.1,-4.7000000000001));
#10556=CARTESIAN_POINT('Origin',(-76.2,41.1,-4.80000000000009));
#10557=CARTESIAN_POINT('Origin',(76.2,-41.1,-4.7000000000001));
#10558=CARTESIAN_POINT('',(77.3,-41.1,-4.80000000000001));
#10559=CARTESIAN_POINT('',(77.4,-41.1,-4.7000000000001));
#10560=CARTESIAN_POINT('Origin',(76.2,-41.1,-4.80000000000001));
#10561=CARTESIAN_POINT('Origin',(76.2,41.1,-4.7000000000001));
#10562=CARTESIAN_POINT('',(77.3,41.1,-4.80000000000009));
#10563=CARTESIAN_POINT('',(77.4,41.1,-4.7000000000001));
#10564=CARTESIAN_POINT('Origin',(76.2,41.1,-4.80000000000009));
#10565=CARTESIAN_POINT('Origin',(0.,43.0326154603406,-21.8292360698451));
#10566=CARTESIAN_POINT('',(0.,44.35,-11.1000000000002));
#10567=CARTESIAN_POINT('Origin',(0.,43.0326154603406,-21.8292360698451));
#10568=CARTESIAN_POINT('',(-114.3,44.35,-11.1000000000002));
#10569=CARTESIAN_POINT('Origin',(-114.3,38.1,-62.0021651748447));
#10570=CARTESIAN_POINT('',(0.,44.35,-11.1000000000002));
#10571=CARTESIAN_POINT('Origin',(4.47,38.6492276112799,-14.3795063148833));
#10572=CARTESIAN_POINT('Origin',(-9.,37.8183913322394,-17.0433702722561));
#10573=CARTESIAN_POINT('',(-9.5,39.1,-6.60550529691857));
#10574=CARTESIAN_POINT('Origin',(-9.,39.1,-6.60550529691856));
#10575=CARTESIAN_POINT('',(-9.5,37.8183913322394,-17.0433702722561));
#10576=CARTESIAN_POINT('Ctrl Pts',(-9.,39.5962730758207,-6.66643996862114));
#10577=CARTESIAN_POINT('Ctrl Pts',(-9.,39.4751593490651,-7.65283211650145));
#10578=CARTESIAN_POINT('Ctrl Pts',(-9.02224168077482,39.3540805821414,-8.63893953939972));
#10579=CARTESIAN_POINT('Ctrl Pts',(-9.0652854097793,39.240873814667,-9.56093467170258));
#10580=CARTESIAN_POINT('Ctrl Pts',(-9.13089969389958,39.5962730758207,-6.66643996862114));
#10581=CARTESIAN_POINT('Ctrl Pts',(-9.12078374265201,39.4750710787877,-7.65087109322273));
#10582=CARTESIAN_POINT('Ctrl Pts',(-9.1330973540577,39.3546447428144,-8.63554933263236));
#10583=CARTESIAN_POINT('Ctrl Pts',(-9.16603461753836,39.2414427567798,-9.55630101003881));
#10584=CARTESIAN_POINT('Ctrl Pts',(-9.39156994011684,39.4886512371614,-6.6532256684178));
#10585=CARTESIAN_POINT('Ctrl Pts',(-9.36213212640284,39.385689525945,-7.6360302492695));
#10586=CARTESIAN_POINT('Ctrl Pts',(-9.35421593452272,39.2799455599315,-8.61947591052124));
#10587=CARTESIAN_POINT('Ctrl Pts',(-9.36724584170543,39.1800557786188,-9.53937000658616));
#10588=CARTESIAN_POINT('Ctrl Pts',(-9.5,39.2299239874311,-6.62145795666604));
#10589=CARTESIAN_POINT('Ctrl Pts',(-9.4839088057429,39.1594539531779,-7.60661728020989));
#10590=CARTESIAN_POINT('Ctrl Pts',(-9.48349675372518,39.0860675097085,-8.59185310701741));
#10591=CARTESIAN_POINT('Ctrl Pts',(-9.49710340483064,39.0157701818914,-9.51313581699339));
#10592=CARTESIAN_POINT('Ctrl Pts',(-9.5,39.1,-6.60550529691856));
#10593=CARTESIAN_POINT('Ctrl Pts',(-9.5,39.0394431366222,-7.59189744479888));
#10594=CARTESIAN_POINT('Ctrl Pts',(-9.51112084038741,38.9789037531604,-8.57800486769714));
#10595=CARTESIAN_POINT('Ctrl Pts',(-9.53264270488965,38.9223003694232,-9.5));
#10596=CARTESIAN_POINT('',(-9.53264270488965,38.9223003694232,-9.5));
#10597=CARTESIAN_POINT('Origin',(-9.0652854097793,38.7446007388464,-9.5));
#10598=CARTESIAN_POINT('Origin',(-10.,39.1,-6.60550529691855));
#10599=CARTESIAN_POINT('Ctrl Pts',(-9.06528540977931,39.240873814667,-9.56093467170258));
#10600=CARTESIAN_POINT('Ctrl Pts',(-9.07091050228698,39.2260795913442,-9.68142395157635));
#10601=CARTESIAN_POINT('Ctrl Pts',(-9.04560195410451,39.1916117322454,-9.96214213670794));
#10602=CARTESIAN_POINT('Ctrl Pts',(-9.,39.1573848635999,-10.2408976121017));
#10603=CARTESIAN_POINT('Ctrl Pts',(-9.,39.137638066838,-10.4017223657733));
#10604=CARTESIAN_POINT('Ctrl Pts',(-9.16603461753837,39.2414427567798,-9.55630101003881));
#10605=CARTESIAN_POINT('Ctrl Pts',(-9.16994526277175,39.2257697851942,-9.68370292306464));
#10606=CARTESIAN_POINT('Ctrl Pts',(-9.15141484182206,39.1888202149214,-9.98353718632774));
#10607=CARTESIAN_POINT('Ctrl Pts',(-9.12419505289335,39.1556404274465,-10.2533287048682));
#10608=CARTESIAN_POINT('Ctrl Pts',(-9.13089969389958,39.137638066838,-10.4017223657733));
#10609=CARTESIAN_POINT('Ctrl Pts',(-9.36724550579053,39.1800552941982,-9.53936996278913));
#10610=CARTESIAN_POINT('Ctrl Pts',(-9.36778721195559,39.1653269863297,-9.68088472598025));
#10611=CARTESIAN_POINT('Ctrl Pts',(-9.36293789764709,39.1129593551713,-10.0175600268632));
#10612=CARTESIAN_POINT('Ctrl Pts',(-9.37205803647552,39.0567644429298,-10.2662570623244));
#10613=CARTESIAN_POINT('Ctrl Pts',(-9.39156880398817,39.0300151005186,-10.3885079271107));
#10614=CARTESIAN_POINT('Ctrl Pts',(-9.49710340483064,39.0157701818914,-9.51313581699339));
#10615=CARTESIAN_POINT('Ctrl Pts',(-9.49819440211086,39.0059041662533,-9.66419334097499));
#10616=CARTESIAN_POINT('Ctrl Pts',(-9.49172209041083,38.924376458132,-10.0217411208131));
#10617=CARTESIAN_POINT('Ctrl Pts',(-9.48933509284346,38.8181599000072,-10.2475599579223));
#10618=CARTESIAN_POINT('Ctrl Pts',(-9.5,38.7712889784484,-10.3567403538182));
#10619=CARTESIAN_POINT('Ctrl Pts',(-9.53264270488965,38.9223003694232,-9.5));
#10620=CARTESIAN_POINT('Ctrl Pts',(-9.53545525114349,38.9149032577618,-9.65370503535112));
#10621=CARTESIAN_POINT('Ctrl Pts',(-9.52280097705225,38.8197727395134,-10.015732916585));
#10622=CARTESIAN_POINT('Ctrl Pts',(-9.5,38.6948196757537,-10.2323142705965));
#10623=CARTESIAN_POINT('Ctrl Pts',(-9.5,38.6413649910173,-10.3407876940708));
#10624=CARTESIAN_POINT('',(-9.5,38.6413649910173,-10.3407876940708));
#10625=CARTESIAN_POINT('Origin',(-9.,38.6413649910173,-10.3407876940708));
#10626=CARTESIAN_POINT('Ctrl Pts',(-9.53264270488965,38.9223003694232,-9.5));
#10627=CARTESIAN_POINT('Ctrl Pts',(-9.53545525114349,38.9149032577618,-9.65370503535112));
#10628=CARTESIAN_POINT('Ctrl Pts',(-9.52280097705225,38.8197727395134,-10.015732916585));
#10629=CARTESIAN_POINT('Ctrl Pts',(-9.5,38.6948196757537,-10.2323142705965));
#10630=CARTESIAN_POINT('Ctrl Pts',(-9.5,38.6413649910173,-10.3407876940708));
#10631=CARTESIAN_POINT('Origin',(-9.,37.8183913322394,-17.0433702722561));
#10632=CARTESIAN_POINT('',(-9.5,37.7434735416179,-17.6535267126956));
#10633=CARTESIAN_POINT('',(-9.5,37.8183913322394,-17.0433702722561));
#10634=CARTESIAN_POINT('Origin',(-9.,37.7434735416179,-17.6535267126956));
#10635=CARTESIAN_POINT('Origin',(-9.,37.7434735416179,-17.6535267126956));
#10636=CARTESIAN_POINT('',(-9.,37.6825388699153,-18.1497997885163));
#10637=CARTESIAN_POINT('Origin',(-9.,37.7434735416179,-17.6535267126956));
#10638=CARTESIAN_POINT('Origin',(-9.,37.7434735416179,-17.6535267126956));
#10639=CARTESIAN_POINT('Origin',(-9.,24.6084413770978,-16.0407475559295));
#10640=CARTESIAN_POINT('',(-9.5,33.7732889350526,-17.166049339075));
#10641=CARTESIAN_POINT('',(-9.5,24.6084413770978,-16.0407475559295));
#10642=CARTESIAN_POINT('',(-9.,34.2086273391707,-17.7232570865982));
#10643=CARTESIAN_POINT('Origin',(-9.,33.7732889350526,-17.166049339075));
#10644=CARTESIAN_POINT('',(-9.,24.5475067053952,-16.5370206317501));
#10645=CARTESIAN_POINT('Origin',(-10.,38.1,-9.5));
#10646=CARTESIAN_POINT('',(-10.,38.6,-9.5));
#10647=CARTESIAN_POINT('Origin',(-10.,39.1,-9.5));
#10648=CARTESIAN_POINT('',(-10.,38.1,-10.));
#10649=CARTESIAN_POINT('Origin',(-10.,38.1,-9.5));
#10650=CARTESIAN_POINT('',(-9.5,38.1,-10.5));
#10651=CARTESIAN_POINT('Origin',(-10.,38.1,-10.5));
#10652=CARTESIAN_POINT('Origin',(-9.5,38.1,-9.5));
#10653=CARTESIAN_POINT('Origin',(-10.,39.1,-5.95082015296505));
#10654=CARTESIAN_POINT('',(-9.5,39.1,-5.95082015296505));
#10655=CARTESIAN_POINT('',(-10.,38.6,-5.95082015296505));
#10656=CARTESIAN_POINT('Origin',(-9.5,13.2948680363903,-11.9016403059301));
#10657=CARTESIAN_POINT('Origin',(-9.5,13.2948680363903,-11.9016403059301));
#10658=CARTESIAN_POINT('',(-9.5,-5.70860829728038,-10.5));
#10659=CARTESIAN_POINT('',(-9.5,6.64743401819513,-10.5));
#10660=CARTESIAN_POINT('',(-9.5,-2.94736458976692,-12.6573200199624));
#10661=CARTESIAN_POINT('',(-9.5,-0.652357311680722,-14.4503762190594));
#10662=CARTESIAN_POINT('',(-9.5,3.99690438581296,-13.5099690369206));
#10663=CARTESIAN_POINT('',(-9.5,6.742610647554,-13.8470993746368));
#10664=CARTESIAN_POINT('',(-9.5,3.87503504240781,-14.5025151885619));
#10665=CARTESIAN_POINT('',(-9.5,4.0718221764344,-12.8998125964811));
#10666=CARTESIAN_POINT('',(-9.5,21.2445926961309,-16.635228698152));
#10667=CARTESIAN_POINT('',(-9.5,6.12446822832818,-14.7787108545756));
#10668=CARTESIAN_POINT('',(-9.5,21.3664620395361,-15.6426825465107));
#10669=CARTESIAN_POINT('',(-9.5,21.4413798301575,-15.0325261060712));
#10670=CARTESIAN_POINT('',(-9.5,24.8403735702807,-16.0692252484287));
#10671=CARTESIAN_POINT('',(-9.5,18.1568913914292,-15.248596823796));
#10672=CARTESIAN_POINT('',(-9.5,24.7185042268756,-17.06177140007));
#10673=CARTESIAN_POINT('',(-9.5,24.9152913609022,-15.4590688079892));
#10674=CARTESIAN_POINT('',(-9.5,33.6514195916475,-18.1585954907163));
#10675=CARTESIAN_POINT('',(-9.5,6.12446822832818,-14.7787108545756));
#10676=CARTESIAN_POINT('',(-9.5,33.8482067256741,-16.5558928986355));
#10677=CARTESIAN_POINT('Origin',(45.,37.7434735416179,-17.6535267126956));
#10678=CARTESIAN_POINT('',(45.5,37.7434735416179,-17.6535267126956));
#10679=CARTESIAN_POINT('Origin',(45.,37.7434735416179,-17.6535267126956));
#10680=CARTESIAN_POINT('',(45.,37.6825388699153,-18.1497997885163));
#10681=CARTESIAN_POINT('Origin',(45.,37.7434735416179,-17.6535267126956));
#10682=CARTESIAN_POINT('Origin',(45.,37.7434735416179,-17.6535267126956));
#10683=CARTESIAN_POINT('Origin',(45.,37.8183913322394,-17.0433702722561));
#10684=CARTESIAN_POINT('',(45.5,38.6413649910173,-10.3407876940708));
#10685=CARTESIAN_POINT('Origin',(45.,38.6413649910173,-10.3407876940708));
#10686=CARTESIAN_POINT('',(45.5,37.8183913322394,-17.0433702722561));
#10687=CARTESIAN_POINT('Ctrl Pts',(45.,39.137638066838,-10.4017223657733));
#10688=CARTESIAN_POINT('Ctrl Pts',(45.,39.1524491332336,-10.2810959100799));
#10689=CARTESIAN_POINT('Ctrl Pts',(45.0340322928826,39.1867591699735,-10.0016630849129));
#10690=CARTESIAN_POINT('Ctrl Pts',(45.0727864427955,39.2211457910696,-9.7216065302194));
#10691=CARTESIAN_POINT('Ctrl Pts',(45.065285409784,39.2408738146548,-9.56093467180237));
#10692=CARTESIAN_POINT('Ctrl Pts',(45.1308996938996,39.137638066838,-10.4017223657733));
#10693=CARTESIAN_POINT('Ctrl Pts',(45.1258708841995,39.1511407205324,-10.2904198395533));
#10694=CARTESIAN_POINT('Ctrl Pts',(45.1430893725289,39.1836493584081,-10.0244094418613));
#10695=CARTESIAN_POINT('Ctrl Pts',(45.1712494436005,39.220542926722,-9.72619083066066));
#10696=CARTESIAN_POINT('Ctrl Pts',(45.1660346175416,39.2414427567668,-9.55630101014432));
#10697=CARTESIAN_POINT('Ctrl Pts',(45.3915288151868,39.0299754097877,-10.3885030537018));
#10698=CARTESIAN_POINT('Ctrl Pts',(45.3768947823083,39.0500387289816,-10.2968089071977));
#10699=CARTESIAN_POINT('Ctrl Pts',(45.3612168273069,39.1030687496212,-10.0605906541079));
#10700=CARTESIAN_POINT('Ctrl Pts',(45.3679560449416,39.1603981181733,-9.72807765773358));
#10701=CARTESIAN_POINT('Ctrl Pts',(45.3672336824521,39.1800382438312,-9.53936842136354));
#10702=CARTESIAN_POINT('Ctrl Pts',(45.5,38.7712889784484,-10.3567403538182));
#10703=CARTESIAN_POINT('Ctrl Pts',(45.4920007963872,38.8064444692149,-10.2748497002499));
#10704=CARTESIAN_POINT('Ctrl Pts',(45.4888566171509,38.9041184242951,-10.0636542527112));
#10705=CARTESIAN_POINT('Ctrl Pts',(45.4985582443038,39.0026138988414,-9.71457027777712));
#10706=CARTESIAN_POINT('Ctrl Pts',(45.4971034048316,39.0157701818833,-9.51313581711847));
#10707=CARTESIAN_POINT('Ctrl Pts',(45.5,38.6413649910173,-10.3407876940708));
#10708=CARTESIAN_POINT('Ctrl Pts',(45.5,38.6814586271818,-10.2594273045044));
#10709=CARTESIAN_POINT('Ctrl Pts',(45.5170161464413,38.7950082654561,-10.0562785870212));
#10710=CARTESIAN_POINT('Ctrl Pts',(45.5363932213978,38.9124363576052,-9.70496490409523));
#10711=CARTESIAN_POINT('Ctrl Pts',(45.532642704892,38.9223003694171,-9.5000000001273));
#10712=CARTESIAN_POINT('',(45.5326427048943,38.922300369411,-9.50000000012697));
#10713=CARTESIAN_POINT('Origin',(45.065285409784,38.7446007388341,-9.50000000009979));
#10714=CARTESIAN_POINT('Ctrl Pts',(45.5,38.6413649910173,-10.3407876940708));
#10715=CARTESIAN_POINT('Ctrl Pts',(45.5,38.6814586271818,-10.2594273045044));
#10716=CARTESIAN_POINT('Ctrl Pts',(45.5170161464413,38.7950082654561,-10.0562785870212));
#10717=CARTESIAN_POINT('Ctrl Pts',(45.5363932213978,38.9124363576052,-9.70496490409523));
#10718=CARTESIAN_POINT('Ctrl Pts',(45.532642704892,38.9223003694171,-9.5000000001273));
#10719=CARTESIAN_POINT('Ctrl Pts',(45.0652854097817,39.2408738146608,-9.56093467175332));
#10720=CARTESIAN_POINT('Ctrl Pts',(45.0222416807756,39.354080582137,-8.63893953943589));
#10721=CARTESIAN_POINT('Ctrl Pts',(45.,39.4751593490629,-7.65283211651955));
#10722=CARTESIAN_POINT('Ctrl Pts',(45.,39.5962730758207,-6.66643996862114));
#10723=CARTESIAN_POINT('Ctrl Pts',(45.1660346175402,39.2414427567736,-9.55630101008949));
#10724=CARTESIAN_POINT('Ctrl Pts',(45.1330973540582,39.3546447428099,-8.63554933266848));
#10725=CARTESIAN_POINT('Ctrl Pts',(45.1207837426518,39.4750710787855,-7.65087109324079));
#10726=CARTESIAN_POINT('Ctrl Pts',(45.1308996938996,39.5962730758207,-6.66643996862114));
#10727=CARTESIAN_POINT('Ctrl Pts',(45.3672338359167,39.1800384651478,-9.53936844130585));
#10728=CARTESIAN_POINT('Ctrl Pts',(45.354203928733,39.2799282464622,-8.61947434522636));
#10729=CARTESIAN_POINT('Ctrl Pts',(45.3620915205182,39.3856492227291,-7.63602530067509));
#10730=CARTESIAN_POINT('Ctrl Pts',(45.3915293342327,39.4886109339474,-6.65322071980536));
#10731=CARTESIAN_POINT('Ctrl Pts',(45.4971034048314,39.0157701818876,-9.51313581704409));
#10732=CARTESIAN_POINT('Ctrl Pts',(45.4834967537251,39.0860675097058,-8.59185310705355));
#10733=CARTESIAN_POINT('Ctrl Pts',(45.4839088057426,39.1594539531766,-7.60661728022797));
#10734=CARTESIAN_POINT('Ctrl Pts',(45.5,39.2299239874311,-6.62145795666604));
#10735=CARTESIAN_POINT('Ctrl Pts',(45.5326427048908,38.9223003694201,-9.50000000005075));
#10736=CARTESIAN_POINT('Ctrl Pts',(45.5111208403878,38.9789037531582,-8.57800486773331));
#10737=CARTESIAN_POINT('Ctrl Pts',(45.5,39.0394431366211,-7.59189744481697));
#10738=CARTESIAN_POINT('Ctrl Pts',(45.5,39.1,-6.60550529691856));
#10739=CARTESIAN_POINT('',(45.5,39.1,-6.60550529691855));
#10740=CARTESIAN_POINT('Origin',(45.,39.1,-6.60550529691856));
#10741=CARTESIAN_POINT('Origin',(46.,39.1,-6.60550529691855));
#10742=CARTESIAN_POINT('Origin',(45.,37.8183913322394,-17.0433702722561));
#10743=CARTESIAN_POINT('',(45.5,37.8183913322394,-17.0433702722561));
#10744=CARTESIAN_POINT('Origin',(46.,39.1,-5.95082015296505));
#10745=CARTESIAN_POINT('Origin',(46.,39.1,-9.5));
#10746=CARTESIAN_POINT('',(45.5,39.1,-5.95082015296505));
#10747=CARTESIAN_POINT('Origin',(46.,38.1,-9.5));
#10748=CARTESIAN_POINT('',(45.5,38.1,-10.5));
#10749=CARTESIAN_POINT('Origin',(45.5,38.1,-9.5));
#10750=CARTESIAN_POINT('',(46.,38.1,-10.));
#10751=CARTESIAN_POINT('Origin',(46.,38.1,-10.5));
#10752=CARTESIAN_POINT('Origin',(46.,38.1,-9.5));
#10753=CARTESIAN_POINT('Origin',(45.5,13.2948680363903,-11.9016403059301));
#10754=CARTESIAN_POINT('',(45.5,33.7732889350526,-17.166049339075));
#10755=CARTESIAN_POINT('',(45.5,24.6084413770978,-16.0407475559295));
#10756=CARTESIAN_POINT('',(45.5,33.6514195916475,-18.1585954907163));
#10757=CARTESIAN_POINT('',(45.5,33.8482067256741,-16.5558928986355));
#10758=CARTESIAN_POINT('',(45.5,3.87503504240782,-14.5025151885619));
#10759=CARTESIAN_POINT('',(45.5,6.12446822832818,-14.7787108545756));
#10760=CARTESIAN_POINT('',(45.5,3.99690438581296,-13.5099690369206));
#10761=CARTESIAN_POINT('',(45.5,4.07182217643441,-12.8998125964811));
#10762=CARTESIAN_POINT('',(45.5,-2.94736458976692,-12.6573200199624));
#10763=CARTESIAN_POINT('',(45.5,6.742610647554,-13.8470993746368));
#10764=CARTESIAN_POINT('',(45.5,-5.70860829728038,-10.5));
#10765=CARTESIAN_POINT('',(45.5,-0.652357311680722,-14.4503762190594));
#10766=CARTESIAN_POINT('',(45.5,6.64743401819513,-10.5));
#10767=CARTESIAN_POINT('Origin',(45.5,13.2948680363903,-11.9016403059301));
#10768=CARTESIAN_POINT('Origin',(45.,24.6084413770978,-16.0407475559295));
#10769=CARTESIAN_POINT('',(45.,34.2086273391707,-17.7232570865982));
#10770=CARTESIAN_POINT('',(45.,24.5475067053952,-16.5370206317501));
#10771=CARTESIAN_POINT('Origin',(45.,33.7732889350526,-17.166049339075));
#10772=CARTESIAN_POINT('Origin',(21.75,37.7434735416179,-17.6535267126956));
#10773=CARTESIAN_POINT('',(41.5,37.6825388699153,-18.1497997885162));
#10774=CARTESIAN_POINT('Origin',(41.,37.7434735416179,-17.6535267126956));
#10775=CARTESIAN_POINT('',(21.75,37.6825388699153,-18.1497997885163));
#10776=CARTESIAN_POINT('Origin',(0.,-6.52074292002175,-10.5));
#10777=CARTESIAN_POINT('',(-10.,-6.52074292002175,-10.));
#10778=CARTESIAN_POINT('',(46.,-6.52074292002175,-10.));
#10779=CARTESIAN_POINT('',(0.,-6.52074292002175,-10.));
#10780=CARTESIAN_POINT('',(45.6921692623372,-6.21291218235892,-10.1059946231966));
#10781=CARTESIAN_POINT('Origin',(46.,-6.52074292002175,-10.5));
#10782=CARTESIAN_POINT('',(-9.69216926233717,-6.21291218235892,-10.1059946231966));
#10783=CARTESIAN_POINT('',(0.,-6.21291218235892,-10.1059946231966));
#10784=CARTESIAN_POINT('Origin',(-10.,-6.52074292002175,-10.5));
#10785=CARTESIAN_POINT('Origin',(46.,6.64743401819513,-10.5));
#10786=CARTESIAN_POINT('',(46.,6.64743401819513,-10.));
#10787=CARTESIAN_POINT('Origin',(46.,-5.70860829728038,-10.5));
#10788=CARTESIAN_POINT('Origin',(-10.,6.64743401819513,-10.5));
#10789=CARTESIAN_POINT('',(-10.,6.64743401819513,-10.));
#10790=CARTESIAN_POINT('Origin',(-10.,-5.70860829728038,-10.5));
#10791=CARTESIAN_POINT('Origin',(0.,-13.2602639272195,-4.60000000000004));
#10792=CARTESIAN_POINT('',(45.,-2.18236216373819,-13.2550054196614));
#10793=CARTESIAN_POINT('Origin',(45.,-2.94736458976693,-12.6573200199624));
#10794=CARTESIAN_POINT('',(41.,-2.18236216373819,-13.2550054196614));
#10795=CARTESIAN_POINT('',(21.75,-2.18236216373819,-13.2550054196614));
#10796=CARTESIAN_POINT('',(41.,-0.761624673159835,-14.3650072000895));
#10797=CARTESIAN_POINT('',(41.,-6.11198930620846,-10.1848442157187));
#10798=CARTESIAN_POINT('',(-5.,-0.761624673159837,-14.3650072000895));
#10799=CARTESIAN_POINT('',(0.,-0.761624673159837,-14.3650072000895));
#10800=CARTESIAN_POINT('',(-5.,-2.2916295252173,-13.1696364006915));
#10801=CARTESIAN_POINT('',(-5.,-7.63176767004341,-8.99746322457857));
#10802=CARTESIAN_POINT('',(-9.25751903745503,-2.2916295252173,-13.1696364006915));
#10803=CARTESIAN_POINT('',(-3.75,-2.2916295252173,-13.1696364006915));
#10804=CARTESIAN_POINT('Origin',(-9.,-2.94736458976692,-12.6573200199624));
#10805=CARTESIAN_POINT('Origin',(41.,-0.453793935497008,-13.9710018232861));
#10806=CARTESIAN_POINT('',(41.,-0.514728607199581,-14.4672748991068));
#10807=CARTESIAN_POINT('',(41.5,-0.45379393549701,-13.9710018232861));
#10808=CARTESIAN_POINT('Origin',(41.,-0.453793935497008,-13.9710018232861));
#10809=CARTESIAN_POINT('Origin',(41.,-0.453793935497008,-13.9710018232861));
#10810=CARTESIAN_POINT('Origin',(41.,-0.453793935497009,-13.9710018232861));
#10811=CARTESIAN_POINT('Origin',(45.,3.87503504240782,-14.5025151885619));
#10812=CARTESIAN_POINT('',(45.,3.37876196658715,-14.4415805168594));
#10813=CARTESIAN_POINT('Origin',(45.,3.87503504240782,-14.5025151885619));
#10814=CARTESIAN_POINT('',(45.,3.81410037070524,-14.9987882643826));
#10815=CARTESIAN_POINT('Origin',(45.,3.87503504240782,-14.5025151885619));
#10816=CARTESIAN_POINT('Origin',(45.,3.87503504240782,-14.5025151885619));
#10817=CARTESIAN_POINT('Origin',(-5.,-0.453793935497004,-13.9710018232861));
#10818=CARTESIAN_POINT('',(-5.5,-0.453793935497008,-13.9710018232861));
#10819=CARTESIAN_POINT('',(-5.,-0.514728607199581,-14.4672748991068));
#10820=CARTESIAN_POINT('Origin',(-5.,-0.453793935497008,-13.9710018232861));
#10821=CARTESIAN_POINT('Origin',(-5.,-0.453793935497004,-13.9710018232861));
#10822=CARTESIAN_POINT('Origin',(-5.,-0.453793935497008,-13.9710018232861));
#10823=CARTESIAN_POINT('Origin',(-5.,-7.32393693238058,-8.60345784777521));
#10824=CARTESIAN_POINT('',(-5.5,-1.21879636152574,-13.3733164235871));
#10825=CARTESIAN_POINT('',(-5.5,-7.32393693238058,-8.60345784777521));
#10826=CARTESIAN_POINT('',(-5.25751903745503,-2.04473345925705,-13.2719040997088));
#10827=CARTESIAN_POINT('Origin',(-5.,-1.21879636152574,-13.3733164235871));
#10828=CARTESIAN_POINT('Origin',(-5.,-1.98379878755447,-12.7756310238881));
#10829=CARTESIAN_POINT('Origin',(0.,-0.453793935497008,-13.9710018232861));
#10830=CARTESIAN_POINT('',(0.,-0.514728607199581,-14.4672748991068));
#10831=CARTESIAN_POINT('Origin',(45.,33.6514195916475,-18.1585954907163));
#10832=CARTESIAN_POINT('',(45.,34.1476926674681,-18.2195301624189));
#10833=CARTESIAN_POINT('Origin',(45.,33.6514195916475,-18.1585954907163));
#10834=CARTESIAN_POINT('',(45.,33.5904849199449,-18.654868566537));
#10835=CARTESIAN_POINT('Origin',(45.,33.6514195916475,-18.1585954907163));
#10836=CARTESIAN_POINT('Origin',(45.,33.6514195916475,-18.1585954907163));
#10837=CARTESIAN_POINT('Origin',(-9.,3.87503504240781,-14.5025151885619));
#10838=CARTESIAN_POINT('',(-9.,3.37876196658715,-14.4415805168594));
#10839=CARTESIAN_POINT('Origin',(-9.,3.87503504240781,-14.5025151885619));
#10840=CARTESIAN_POINT('',(-9.,3.81410037070524,-14.9987882643826));
#10841=CARTESIAN_POINT('Origin',(-9.,3.87503504240781,-14.5025151885619));
#10842=CARTESIAN_POINT('Origin',(-9.,3.87503504240781,-14.5025151885619));
#10843=CARTESIAN_POINT('Origin',(-3.5,3.87503504240782,-14.5025151885619));
#10844=CARTESIAN_POINT('',(-7.,3.37876196658715,-14.4415805168594));
#10845=CARTESIAN_POINT('',(-7.,3.81410037070524,-14.9987882643826));
#10846=CARTESIAN_POINT('Origin',(-7.,3.87503504240781,-14.5025151885619));
#10847=CARTESIAN_POINT('',(-3.5,3.81410037070524,-14.9987882643826));
#10848=CARTESIAN_POINT('',(-3.5,3.37876196658715,-14.4415805168594));
#10849=CARTESIAN_POINT('Origin',(-7.,1.88994273912517,-14.2587765017516));
#10850=CARTESIAN_POINT('',(-5.5,1.88994273912517,-14.2587765017516));
#10851=CARTESIAN_POINT('',(-5.,1.8290080674226,-14.7550495775723));
#10852=CARTESIAN_POINT('Origin',(-5.,1.88994273912517,-14.2587765017516));
#10853=CARTESIAN_POINT('Origin',(-7.,1.8290080674226,-14.7550495775723));
#10854=CARTESIAN_POINT('Origin',(-7.,1.88994273912517,-14.2587765017516));
#10855=CARTESIAN_POINT('Origin',(-5.,-1.58396879161946,-13.8322337998336));
#10856=CARTESIAN_POINT('',(-5.,-1.64490346332204,-14.3285068756543));
#10857=CARTESIAN_POINT('',(-5.5,-1.58396879161946,-13.8322337998336));
#10858=CARTESIAN_POINT('Origin',(41.,37.6216041982128,-18.6460728643369));
#10859=CARTESIAN_POINT('',(41.,37.5606695265102,-19.1423459401576));
#10860=CARTESIAN_POINT('Origin',(41.,37.6216041982128,-18.6460728643369));
#10861=CARTESIAN_POINT('',(41.5,37.6216041982128,-18.6460728643369));
#10862=CARTESIAN_POINT('Origin',(41.,37.6216041982128,-18.6460728643369));
#10863=CARTESIAN_POINT('Origin',(41.,37.6216041982128,-18.6460728643369));
#10864=CARTESIAN_POINT('Origin',(21.5,33.6514195916475,-18.1585954907163));
#10865=CARTESIAN_POINT('',(43.,34.1476926674681,-18.2195301624189));
#10866=CARTESIAN_POINT('',(43.,33.5904849199449,-18.654868566537));
#10867=CARTESIAN_POINT('Origin',(43.,33.6514195916475,-18.1585954907163));
#10868=CARTESIAN_POINT('',(21.5,33.5904849199449,-18.654868566537));
#10869=CARTESIAN_POINT('',(21.5,34.1476926674681,-18.2195301624189));
#10870=CARTESIAN_POINT('Origin',(43.,35.6365118949301,-18.4023341775266));
#10871=CARTESIAN_POINT('',(41.5,35.6365118949301,-18.4023341775266));
#10872=CARTESIAN_POINT('',(41.,35.5755772232275,-18.8986072533473));
#10873=CARTESIAN_POINT('Origin',(41.,35.6365118949301,-18.4023341775266));
#10874=CARTESIAN_POINT('Origin',(43.,35.5755772232275,-18.8986072533473));
#10875=CARTESIAN_POINT('Origin',(43.,35.6365118949301,-18.4023341775266));
#10876=CARTESIAN_POINT('Origin',(41.,18.7632273170276,-16.3305553396391));
#10877=CARTESIAN_POINT('',(41.,18.7022926453251,-16.8268284154598));
#10878=CARTESIAN_POINT('',(41.5,18.7632273170276,-16.3305553396391));
#10879=CARTESIAN_POINT('Origin',(41.,37.5606695265102,-19.1423459401576));
#10880=CARTESIAN_POINT('',(41.5,37.5606695265102,-19.1423459401576));
#10881=CARTESIAN_POINT('Origin',(-9.,21.2445926961309,-16.635228698152));
#10882=CARTESIAN_POINT('',(-9.,21.7408657719516,-16.6961633698546));
#10883=CARTESIAN_POINT('Origin',(-9.,21.2445926961309,-16.635228698152));
#10884=CARTESIAN_POINT('',(-9.,21.1836580244284,-17.1315017739727));
#10885=CARTESIAN_POINT('Origin',(-9.,21.2445926961309,-16.635228698152));
#10886=CARTESIAN_POINT('Origin',(-9.,21.2445926961309,-16.635228698152));
#10887=CARTESIAN_POINT('Origin',(-9.,6.12446822832818,-14.7787108545756));
#10888=CARTESIAN_POINT('',(-9.,6.06353355662561,-15.2749839303963));
#10889=CARTESIAN_POINT('Origin',(9.,37.6216041982128,-18.6460728643369));
#10890=CARTESIAN_POINT('',(9.,37.5606695265102,-19.1423459401576));
#10891=CARTESIAN_POINT('',(8.5,37.6216041982128,-18.6460728643369));
#10892=CARTESIAN_POINT('Origin',(9.,37.6216041982128,-18.6460728643369));
#10893=CARTESIAN_POINT('Origin',(9.,37.6216041982128,-18.6460728643369));
#10894=CARTESIAN_POINT('Origin',(9.,37.6216041982128,-18.6460728643369));
#10895=CARTESIAN_POINT('Origin',(0.,37.6216041982128,-18.6460728643369));
#10896=CARTESIAN_POINT('',(0.,37.5606695265102,-19.1423459401576));
#10897=CARTESIAN_POINT('Origin',(9.,37.5606695265102,-19.1423459401576));
#10898=CARTESIAN_POINT('',(8.5,37.6825388699153,-18.1497997885163));
#10899=CARTESIAN_POINT('',(8.5,37.5606695265102,-19.1423459401576));
#10900=CARTESIAN_POINT('Origin',(9.,37.7434735416179,-17.6535267126956));
#10901=CARTESIAN_POINT('Origin',(-3.5,25.2147773026962,-17.1227060717726));
#10902=CARTESIAN_POINT('',(-7.,24.7185042268756,-17.06177140007));
#10903=CARTESIAN_POINT('',(-3.5,24.7185042268756,-17.06177140007));
#10904=CARTESIAN_POINT('',(-7.,25.1538426309937,-17.6189791475933));
#10905=CARTESIAN_POINT('Origin',(-7.,25.2147773026962,-17.1227060717726));
#10906=CARTESIAN_POINT('',(-9.,25.1538426309937,-17.6189791475933));
#10907=CARTESIAN_POINT('',(-3.5,25.1538426309937,-17.6189791475933));
#10908=CARTESIAN_POINT('Origin',(-9.,25.2147773026962,-17.1227060717726));
#10909=CARTESIAN_POINT('Origin',(5.,37.6216041982128,-18.6460728643369));
#10910=CARTESIAN_POINT('',(5.,37.5606695265102,-19.1423459401576));
#10911=CARTESIAN_POINT('Origin',(5.,37.6216041982128,-18.6460728643369));
#10912=CARTESIAN_POINT('',(5.5,37.6216041982128,-18.6460728643369));
#10913=CARTESIAN_POINT('Origin',(5.,37.6216041982128,-18.6460728643369));
#10914=CARTESIAN_POINT('Origin',(5.,37.6216041982128,-18.6460728643369));
#10915=CARTESIAN_POINT('Origin',(9.,17.522544627476,-16.1782186603827));
#10916=CARTESIAN_POINT('',(8.5,35.6365118949301,-18.4023341775266));
#10917=CARTESIAN_POINT('',(9.,35.5755772232275,-18.8986072533473));
#10918=CARTESIAN_POINT('Origin',(9.,35.6365118949301,-18.4023341775266));
#10919=CARTESIAN_POINT('',(9.,17.4616099557734,-16.6744917362034));
#10920=CARTESIAN_POINT('',(8.5,17.522544627476,-16.1782186603827));
#10921=CARTESIAN_POINT('Origin',(7.,35.6365118949301,-18.4023341775266));
#10922=CARTESIAN_POINT('',(5.5,35.6365118949301,-18.4023341775266));
#10923=CARTESIAN_POINT('',(5.,35.5755772232275,-18.8986072533473));
#10924=CARTESIAN_POINT('Origin',(5.,35.6365118949301,-18.4023341775266));
#10925=CARTESIAN_POINT('Origin',(7.,35.5755772232275,-18.8986072533473));
#10926=CARTESIAN_POINT('Origin',(7.,35.6365118949301,-18.4023341775266));
#10927=CARTESIAN_POINT('Origin',(5.,18.7632273170276,-16.3305553396391));
#10928=CARTESIAN_POINT('',(5.,18.7022926453251,-16.8268284154598));
#10929=CARTESIAN_POINT('',(5.5,18.7632273170276,-16.3305553396391));
#10930=CARTESIAN_POINT('Origin',(5.,37.5606695265102,-19.1423459401576));
#10931=CARTESIAN_POINT('',(5.5,37.6825388699153,-18.1497997885163));
#10932=CARTESIAN_POINT('',(5.5,37.5606695265102,-19.1423459401576));
#10933=CARTESIAN_POINT('Origin',(5.,37.7434735416179,-17.6535267126956));
#10934=CARTESIAN_POINT('Origin',(-9.,33.6514195916475,-18.1585954907163));
#10935=CARTESIAN_POINT('',(-9.,34.1476926674681,-18.2195301624189));
#10936=CARTESIAN_POINT('Origin',(-9.,33.6514195916475,-18.1585954907163));
#10937=CARTESIAN_POINT('',(-9.,33.5904849199449,-18.654868566537));
#10938=CARTESIAN_POINT('Origin',(-9.,33.6514195916475,-18.1585954907163));
#10939=CARTESIAN_POINT('Origin',(-9.,33.6514195916475,-18.1585954907163));
#10940=CARTESIAN_POINT('Origin',(-9.,6.12446822832818,-14.7787108545756));
#10941=CARTESIAN_POINT('',(-9.,6.06353355662561,-15.2749839303963));
#10942=CARTESIAN_POINT('Origin',(-5.,37.6216041982128,-18.6460728643369));
#10943=CARTESIAN_POINT('',(-5.,37.5606695265102,-19.1423459401576));
#10944=CARTESIAN_POINT('',(-5.5,37.6216041982128,-18.6460728643369));
#10945=CARTESIAN_POINT('Origin',(-5.,37.6216041982128,-18.6460728643369));
#10946=CARTESIAN_POINT('Origin',(-5.,37.6216041982128,-18.6460728643369));
#10947=CARTESIAN_POINT('Origin',(-5.,37.6216041982128,-18.6460728643369));
#10948=CARTESIAN_POINT('Origin',(0.,37.6216041982128,-18.6460728643369));
#10949=CARTESIAN_POINT('',(0.,37.5606695265102,-19.1423459401576));
#10950=CARTESIAN_POINT('Origin',(-9.,33.8482067256741,-16.5558928986355));
#10951=CARTESIAN_POINT('',(-9.,34.3444798014947,-16.6168275703381));
#10952=CARTESIAN_POINT('Origin',(-5.,37.5606695265102,-19.1423459401576));
#10953=CARTESIAN_POINT('',(-5.5,37.6825388699153,-18.1497997885163));
#10954=CARTESIAN_POINT('',(-5.5,37.5606695265102,-19.1423459401576));
#10955=CARTESIAN_POINT('Origin',(-5.,37.7434735416179,-17.6535267126956));
#10956=CARTESIAN_POINT('Origin',(-3.75,37.7434735416179,-17.6535267126956));
#10957=CARTESIAN_POINT('',(-3.75,37.6825388699153,-18.1497997885163));
#10958=CARTESIAN_POINT('Origin',(-5.,17.522544627476,-16.1782186603827));
#10959=CARTESIAN_POINT('',(-5.5,35.6365118949301,-18.4023341775266));
#10960=CARTESIAN_POINT('',(-5.,35.5755772232275,-18.8986072533473));
#10961=CARTESIAN_POINT('Origin',(-5.,35.6365118949301,-18.4023341775266));
#10962=CARTESIAN_POINT('',(-5.,17.4616099557734,-16.6744917362034));
#10963=CARTESIAN_POINT('',(-5.5,17.522544627476,-16.1782186603827));
#10964=CARTESIAN_POINT('Origin',(-7.,35.6365118949301,-18.4023341775266));
#10965=CARTESIAN_POINT('',(-7.,34.1476926674681,-18.2195301624189));
#10966=CARTESIAN_POINT('',(-7.,33.5904849199449,-18.654868566537));
#10967=CARTESIAN_POINT('Origin',(-7.,33.6514195916475,-18.1585954907163));
#10968=CARTESIAN_POINT('Origin',(-7.,35.5755772232275,-18.8986072533473));
#10969=CARTESIAN_POINT('Origin',(-7.,35.6365118949301,-18.4023341775266));
#10970=CARTESIAN_POINT('Origin',(-4.75,33.6514195916475,-18.1585954907163));
#10971=CARTESIAN_POINT('',(-4.75,33.5904849199449,-18.654868566537));
#10972=CARTESIAN_POINT('',(-4.75,34.1476926674681,-18.2195301624189));
#10973=CARTESIAN_POINT('Origin',(-7.,23.2296849994136,-16.8789673849623));
#10974=CARTESIAN_POINT('',(-7.,21.7408657719516,-16.6961633698545));
#10975=CARTESIAN_POINT('',(-7.,21.1836580244284,-17.1315017739727));
#10976=CARTESIAN_POINT('Origin',(-7.,21.2445926961309,-16.635228698152));
#10977=CARTESIAN_POINT('Origin',(-7.,23.168750327711,-17.375240460783));
#10978=CARTESIAN_POINT('Origin',(-7.,23.2296849994136,-16.8789673849623));
#10979=CARTESIAN_POINT('Origin',(-4.75,21.2445926961309,-16.635228698152));
#10980=CARTESIAN_POINT('',(-4.75,21.1836580244284,-17.1315017739727));
#10981=CARTESIAN_POINT('',(-4.75,21.7408657719516,-16.6961633698546));
#10982=CARTESIAN_POINT('Origin',(3.5,37.7434735416179,-17.6535267126956));
#10983=CARTESIAN_POINT('',(3.5,37.6825388699153,-18.1497997885163));
#10984=CARTESIAN_POINT('Origin',(-9.,21.4413798301575,-15.0325261060712));
#10985=CARTESIAN_POINT('',(-9.,21.8018004436542,-16.1998902940339));
#10986=CARTESIAN_POINT('',(-9.,21.9376529059782,-15.0934607777737));
#10987=CARTESIAN_POINT('Origin',(-9.,21.3664620395361,-15.6426825465107));
#10988=CARTESIAN_POINT('Origin',(-9.,18.1568913914292,-15.248596823796));
#10989=CARTESIAN_POINT('',(-9.,24.7794388985781,-16.5654983242493));
#10990=CARTESIAN_POINT('',(-9.,18.0959567197266,-15.7448698996167));
#10991=CARTESIAN_POINT('Origin',(-9.,24.8403735702807,-16.0692252484287));
#10992=CARTESIAN_POINT('Origin',(-9.,4.0718221764344,-12.8998125964811));
#10993=CARTESIAN_POINT('',(-9.,3.43969663828973,-13.9453074410387));
#10994=CARTESIAN_POINT('',(-9.,3.57554910061374,-12.8388779247785));
#10995=CARTESIAN_POINT('Origin',(-9.,3.99690438581296,-13.5099690369206));
#10996=CARTESIAN_POINT('Origin',(45.,6.12446822832818,-14.7787108545756));
#10997=CARTESIAN_POINT('',(45.,6.06353355662561,-15.2749839303963));
#10998=CARTESIAN_POINT('Origin',(45.,33.8482067256741,-16.5558928986355));
#10999=CARTESIAN_POINT('',(45.,34.3444798014947,-16.6168275703381));
#11000=CARTESIAN_POINT('Origin',(-9.,6.742610647554,-13.8470993746368));
#11001=CARTESIAN_POINT('',(-9.,-2.04473345925705,-13.2719040997088));
#11002=CARTESIAN_POINT('',(-9.,6.68167597585142,-14.3433724504575));
#11003=CARTESIAN_POINT('Origin',(-9.,-1.98379878755447,-12.7756310238881));
#11004=CARTESIAN_POINT('Origin',(41.,0.649260049573511,-14.1064398224952));
#11005=CARTESIAN_POINT('',(41.5,1.88994273912517,-14.2587765017516));
#11006=CARTESIAN_POINT('',(41.,1.8290080674226,-14.7550495775723));
#11007=CARTESIAN_POINT('Origin',(41.,1.88994273912517,-14.2587765017516));
#11008=CARTESIAN_POINT('',(41.,0.588325377870938,-14.6027128983159));
#11009=CARTESIAN_POINT('',(41.5,0.649260049573511,-14.1064398224952));
#11010=CARTESIAN_POINT('Origin',(43.,1.88994273912517,-14.2587765017516));
#11011=CARTESIAN_POINT('',(43.,3.37876196658715,-14.4415805168594));
#11012=CARTESIAN_POINT('',(43.,3.81410037070524,-14.9987882643826));
#11013=CARTESIAN_POINT('Origin',(43.,3.87503504240782,-14.5025151885619));
#11014=CARTESIAN_POINT('Origin',(43.,1.8290080674226,-14.7550495775723));
#11015=CARTESIAN_POINT('Origin',(43.,1.88994273912517,-14.2587765017516));
#11016=CARTESIAN_POINT('Origin',(22.75,3.87503504240781,-14.5025151885619));
#11017=CARTESIAN_POINT('',(22.75,3.81410037070523,-14.9987882643826));
#11018=CARTESIAN_POINT('',(22.75,3.37876196658714,-14.4415805168594));
#11019=CARTESIAN_POINT('Origin',(45.,4.07182217643441,-12.8998125964811));
#11020=CARTESIAN_POINT('',(45.,3.43969663828973,-13.9453074410387));
#11021=CARTESIAN_POINT('',(45.,3.57554910061374,-12.8388779247785));
#11022=CARTESIAN_POINT('Origin',(45.,3.99690438581296,-13.5099690369206));
#11023=CARTESIAN_POINT('Origin',(-3.75,-1.98379878755447,-12.7756310238881));
#11024=CARTESIAN_POINT('',(-3.75,-2.04473345925705,-13.2719040997088));
#11025=CARTESIAN_POINT('Origin',(41.,-5.80415856854563,-9.79083883891535));
#11026=CARTESIAN_POINT('',(41.5,-1.21879636152575,-13.3733164235871));
#11027=CARTESIAN_POINT('Origin',(41.,-1.21879636152575,-13.3733164235871));
#11028=CARTESIAN_POINT('',(41.5,-5.80415856854563,-9.79083883891535));
#11029=CARTESIAN_POINT('Origin',(45.,6.742610647554,-13.8470993746368));
#11030=CARTESIAN_POINT('',(45.,6.68167597585142,-14.3433724504575));
#11031=CARTESIAN_POINT('Origin',(-5.5,-2.63744961496335,-14.2066375322491));
#11032=CARTESIAN_POINT('',(-5.5,1.95087741082774,-13.762503425931));
#11033=CARTESIAN_POINT('',(-5.5,1.8290080674226,-14.7550495775723));
#11034=CARTESIAN_POINT('',(-5.5,-0.530487968275562,-13.4578300674181));
#11035=CARTESIAN_POINT('Origin',(-7.,1.8290080674226,-14.7550495775723));
#11036=CARTESIAN_POINT('',(-7.,3.43969663828973,-13.9453074410387));
#11037=CARTESIAN_POINT('',(-7.,3.31782729488458,-14.93785359268));
#11038=CARTESIAN_POINT('Origin',(-7.,1.95087741082774,-13.762503425931));
#11039=CARTESIAN_POINT('Origin',(41.5,38.0569426023308,-19.2032806118601));
#11040=CARTESIAN_POINT('',(41.5,35.6974465666327,-17.9060611017059));
#11041=CARTESIAN_POINT('',(41.5,35.5755772232275,-18.8986072533473));
#11042=CARTESIAN_POINT('',(41.5,38.178811945736,-18.2107344602188));
#11043=CARTESIAN_POINT('Origin',(43.,35.5755772232275,-18.8986072533473));
#11044=CARTESIAN_POINT('',(43.,34.2086273391707,-17.7232570865982));
#11045=CARTESIAN_POINT('',(43.,34.0867579957656,-18.7158032382396));
#11046=CARTESIAN_POINT('Origin',(43.,35.6974465666327,-17.906061101706));
#11047=CARTESIAN_POINT('Origin',(7.,35.5755772232275,-18.8986072533473));
#11048=CARTESIAN_POINT('',(8.5,35.6974465666327,-17.906061101706));
#11049=CARTESIAN_POINT('',(8.5,35.5755772232275,-18.8986072533473));
#11050=CARTESIAN_POINT('',(5.5,35.6974465666327,-17.906061101706));
#11051=CARTESIAN_POINT('Origin',(7.,35.6974465666327,-17.906061101706));
#11052=CARTESIAN_POINT('',(5.5,35.5755772232275,-18.8986072533473));
#11053=CARTESIAN_POINT('Origin',(8.5,35.5755772232275,-18.8986072533473));
#11054=CARTESIAN_POINT('',(8.5,38.178811945736,-18.2107344602188));
#11055=CARTESIAN_POINT('Origin',(-7.,35.5755772232275,-18.8986072533473));
#11056=CARTESIAN_POINT('',(-5.5,35.6974465666327,-17.906061101706));
#11057=CARTESIAN_POINT('',(-5.5,35.5755772232275,-18.8986072533473));
#11058=CARTESIAN_POINT('',(-7.,34.2086273391707,-17.7232570865982));
#11059=CARTESIAN_POINT('Origin',(-7.,35.6974465666327,-17.906061101706));
#11060=CARTESIAN_POINT('',(-7.,34.0867579957656,-18.7158032382396));
#11061=CARTESIAN_POINT('Origin',(-5.5,35.5755772232275,-18.8986072533473));
#11062=CARTESIAN_POINT('',(-5.5,38.178811945736,-18.2107344602188));
#11063=CARTESIAN_POINT('Origin',(43.5,0.462058183365762,-13.5796994108233));
#11064=CARTESIAN_POINT('',(43.,3.43969663828973,-13.9453074410387));
#11065=CARTESIAN_POINT('',(45.5,3.43969663828973,-13.9453074410387));
#11066=CARTESIAN_POINT('',(41.5,1.95087741082774,-13.762503425931));
#11067=CARTESIAN_POINT('Origin',(43.,1.95087741082774,-13.762503425931));
#11068=CARTESIAN_POINT('',(41.5,1.95087741082774,-13.762503425931));
#11069=CARTESIAN_POINT('',(42.1885,1.95087741082774,-13.762503425931));
#11070=CARTESIAN_POINT('Origin',(43.,1.95087741082774,-13.762503425931));
#11071=CARTESIAN_POINT('Origin',(45.5,3.31782729488458,-14.93785359268));
#11072=CARTESIAN_POINT('',(43.,3.31782729488458,-14.93785359268));
#11073=CARTESIAN_POINT('Origin',(43.,1.8290080674226,-14.7550495775723));
#11074=CARTESIAN_POINT('',(41.5,1.8290080674226,-14.7550495775723));
#11075=CARTESIAN_POINT('Origin',(41.5,1.8290080674226,-14.7550495775723));
#11076=CARTESIAN_POINT('Origin',(0.,-0.652357311680722,-14.4503762190594));
#11077=CARTESIAN_POINT('Origin',(-8.275,38.1,-9.5));
#11078=CARTESIAN_POINT('',(92.25,38.1,-10.));
#11079=CARTESIAN_POINT('',(-8.275,38.1,-10.));
#11080=CARTESIAN_POINT('Origin',(92.25,38.1,-9.5));
#11081=CARTESIAN_POINT('Origin',(92.25,19.3,-9.5));
#11082=CARTESIAN_POINT('',(92.25,36.1,-10.));
#11083=CARTESIAN_POINT('',(92.25,19.3,-10.));
#11084=CARTESIAN_POINT('',(92.75,36.1,-9.5));
#11085=CARTESIAN_POINT('Origin',(92.25,36.1,-9.5));
#11086=CARTESIAN_POINT('',(92.75,19.3,-9.5));
#11087=CARTESIAN_POINT('Origin',(95.25,36.0999978510964,-9.5));
#11088=CARTESIAN_POINT('',(98.2499999999999,36.0999953819129,-10.));
#11089=CARTESIAN_POINT('',(97.7500000000001,36.0999957934435,-9.5));
#11090=CARTESIAN_POINT('Origin',(98.2499999999999,36.0999953819129,-9.5));
#11091=CARTESIAN_POINT('Origin',(95.25,36.0999978510964,-9.5));
#11092=CARTESIAN_POINT('Origin',(95.25,36.0999978510964,-10.));
#11093=CARTESIAN_POINT('Origin',(98.25,18.0499979063019,-9.5));
#11094=CARTESIAN_POINT('',(97.75,38.6,-9.5));
#11095=CARTESIAN_POINT('',(97.75,18.0499979063019,-9.5));
#11096=CARTESIAN_POINT('',(98.25,38.1,-10.));
#11097=CARTESIAN_POINT('',(98.25,18.0499979063019,-10.));
#11098=CARTESIAN_POINT('Origin',(98.25,38.1,-9.5));
#11099=CARTESIAN_POINT('Origin',(48.875,38.1,-9.5));
#11100=CARTESIAN_POINT('',(112.8,38.1,-10.));
#11101=CARTESIAN_POINT('',(48.875,38.1,-10.));
#11102=CARTESIAN_POINT('',(112.8,38.6,-9.5));
#11103=CARTESIAN_POINT('Origin',(112.8,38.1,-9.5));
#11104=CARTESIAN_POINT('',(48.875,38.6,-9.5));
#11105=CARTESIAN_POINT('Origin',(112.8,36.6,-9.5));
#11106=CARTESIAN_POINT('',(114.3,36.6,-10.));
#11107=CARTESIAN_POINT('',(114.8,36.6,-9.5));
#11108=CARTESIAN_POINT('Origin',(114.3,36.6,-9.5));
#11109=CARTESIAN_POINT('Origin',(112.8,36.6,-9.5));
#11110=CARTESIAN_POINT('Origin',(112.8,36.6,-10.));
#11111=CARTESIAN_POINT('Origin',(114.3,19.3,-9.5));
#11112=CARTESIAN_POINT('',(114.3,-36.6,-10.));
#11113=CARTESIAN_POINT('',(114.8,-36.6,-9.5));
#11114=CARTESIAN_POINT('Origin',(114.3,-36.6,-9.5));
#11115=CARTESIAN_POINT('',(114.8,19.3,-9.5));
#11116=CARTESIAN_POINT('',(114.3,19.3,-10.));
#11117=CARTESIAN_POINT('Origin',(112.8,-36.6,-9.5));
#11118=CARTESIAN_POINT('',(112.8,-38.1,-10.));
#11119=CARTESIAN_POINT('',(112.8,-38.6,-9.5));
#11120=CARTESIAN_POINT('Origin',(112.8,-38.1,-9.5));
#11121=CARTESIAN_POINT('Origin',(112.8,-36.6,-9.5));
#11122=CARTESIAN_POINT('Origin',(112.8,-36.6,-10.));
#11123=CARTESIAN_POINT('Origin',(57.4,-38.1,-9.5));
#11124=CARTESIAN_POINT('',(97.75,-38.6,-9.5));
#11125=CARTESIAN_POINT('',(57.4,-38.6,-9.5));
#11126=CARTESIAN_POINT('',(98.25,-38.1,-10.));
#11127=CARTESIAN_POINT('',(57.4,-38.1,-10.));
#11128=CARTESIAN_POINT('Origin',(98.25,-38.1,-9.5));
#11129=CARTESIAN_POINT('Origin',(98.25,-19.3,-9.5));
#11130=CARTESIAN_POINT('',(98.25,-36.0999955535659,-10.));
#11131=CARTESIAN_POINT('',(98.25,-19.3,-10.));
#11132=CARTESIAN_POINT('',(97.75,-36.0999955535659,-9.5));
#11133=CARTESIAN_POINT('Origin',(98.25,-36.0999955535659,-9.5));
#11134=CARTESIAN_POINT('',(97.75,-19.3,-9.5));
#11135=CARTESIAN_POINT('Origin',(95.25,-36.0999977183614,-9.5));
#11136=CARTESIAN_POINT('',(92.2500000000003,-36.1000004425564,-10.));
#11137=CARTESIAN_POINT('',(92.7500000000001,-36.0999999885239,-9.5));
#11138=CARTESIAN_POINT('Origin',(92.2500000000003,-36.1000004425564,-9.5));
#11139=CARTESIAN_POINT('Origin',(95.25,-36.0999977183614,-9.5));
#11140=CARTESIAN_POINT('Origin',(95.25,-36.0999977183614,-10.));
#11141=CARTESIAN_POINT('Origin',(92.25,-18.05,-9.5));
#11142=CARTESIAN_POINT('',(92.75,-18.05,-9.5));
#11143=CARTESIAN_POINT('',(92.25,-38.1,-10.));
#11144=CARTESIAN_POINT('',(92.25,-18.05,-10.));
#11145=CARTESIAN_POINT('Origin',(92.25,-38.1,-9.5));
#11146=CARTESIAN_POINT('Origin',(46.375,-38.1,-9.5));
#11147=CARTESIAN_POINT('',(3.,-38.1,-10.));
#11148=CARTESIAN_POINT('',(46.375,-38.1,-10.));
#11149=CARTESIAN_POINT('Origin',(3.,-38.1,-9.5));
#11150=CARTESIAN_POINT('Origin',(3.,-19.3,-9.5));
#11151=CARTESIAN_POINT('',(3.,-36.1,-10.));
#11152=CARTESIAN_POINT('',(3.,-19.3,-10.));
#11153=CARTESIAN_POINT('',(2.5,-36.1,-9.5));
#11154=CARTESIAN_POINT('Origin',(3.,-36.1,-9.5));
#11155=CARTESIAN_POINT('',(2.5,-19.3,-9.5));
#11156=CARTESIAN_POINT('Origin',(0.,-36.1,-9.5));
#11157=CARTESIAN_POINT('',(-3.,-36.1,-10.));
#11158=CARTESIAN_POINT('',(-2.5,-36.1,-9.5));
#11159=CARTESIAN_POINT('Origin',(-3.,-36.1,-9.5));
#11160=CARTESIAN_POINT('Origin',(0.,-36.1,-9.5));
#11161=CARTESIAN_POINT('Origin',(0.,-36.1,-10.));
#11162=CARTESIAN_POINT('Origin',(-3.,-18.05,-9.5));
#11163=CARTESIAN_POINT('',(-2.5,-18.05,-9.5));
#11164=CARTESIAN_POINT('',(-3.,-38.1,-10.));
#11165=CARTESIAN_POINT('',(-3.,-18.05,-10.));
#11166=CARTESIAN_POINT('Origin',(-3.,-38.1,-9.5));
#11167=CARTESIAN_POINT('Origin',(-1.25,-38.1,-9.5));
#11168=CARTESIAN_POINT('',(-89.86875,-38.1,-10.));
#11169=CARTESIAN_POINT('',(-1.25,-38.1,-10.));
#11170=CARTESIAN_POINT('Origin',(-89.86875,-38.1,-9.5));
#11171=CARTESIAN_POINT('Origin',(-89.86875,-19.3,-9.5));
#11172=CARTESIAN_POINT('',(-89.86875,-36.1,-10.));
#11173=CARTESIAN_POINT('',(-89.86875,-19.3,-10.));
#11174=CARTESIAN_POINT('',(-90.36875,-36.1,-9.5));
#11175=CARTESIAN_POINT('Origin',(-89.86875,-36.1,-9.5));
#11176=CARTESIAN_POINT('',(-90.36875,-19.3,-9.5));
#11177=CARTESIAN_POINT('Origin',(-92.86875,-36.0999970990879,-9.5));
#11178=CARTESIAN_POINT('',(-95.8687499999999,-36.0999937968073,-10.));
#11179=CARTESIAN_POINT('',(-95.3687500000002,-36.0999943471874,-9.5));
#11180=CARTESIAN_POINT('Origin',(-95.8687499999999,-36.0999937968073,-9.5));
#11181=CARTESIAN_POINT('Origin',(-92.86875,-36.0999970990879,-9.5));
#11182=CARTESIAN_POINT('Origin',(-92.86875,-36.0999970990879,-10.));
#11183=CARTESIAN_POINT('Origin',(-95.86875,-18.0499971753634,-9.5));
#11184=CARTESIAN_POINT('',(-95.36875,-38.6,-9.5));
#11185=CARTESIAN_POINT('',(-95.36875,-18.0499971753634,-9.5));
#11186=CARTESIAN_POINT('',(-95.86875,-38.1,-10.));
#11187=CARTESIAN_POINT('',(-95.86875,-18.0499971753634,-10.));
#11188=CARTESIAN_POINT('Origin',(-95.86875,-38.1,-9.5));
#11189=CARTESIAN_POINT('Origin',(-47.684375,-38.1,-9.5));
#11190=CARTESIAN_POINT('',(-112.8,-38.1,-10.));
#11191=CARTESIAN_POINT('',(-47.684375,-38.1,-10.));
#11192=CARTESIAN_POINT('',(-112.8,-38.6,-9.5));
#11193=CARTESIAN_POINT('Origin',(-112.8,-38.1,-9.5));
#11194=CARTESIAN_POINT('',(-47.684375,-38.6,-9.5));
#11195=CARTESIAN_POINT('Origin',(-112.8,-36.6,-9.5));
#11196=CARTESIAN_POINT('',(-114.3,-36.6,-10.));
#11197=CARTESIAN_POINT('',(-114.8,-36.6,-9.5));
#11198=CARTESIAN_POINT('Origin',(-114.3,-36.6,-9.5));
#11199=CARTESIAN_POINT('Origin',(-112.8,-36.6,-9.5));
#11200=CARTESIAN_POINT('Origin',(-112.8,-36.6,-10.));
#11201=CARTESIAN_POINT('Origin',(-114.3,-19.3,-9.5));
#11202=CARTESIAN_POINT('',(-114.3,36.6,-10.));
#11203=CARTESIAN_POINT('',(-114.8,36.6,-9.5));
#11204=CARTESIAN_POINT('Origin',(-114.3,36.6,-9.5));
#11205=CARTESIAN_POINT('',(-114.8,-19.3,-9.5));
#11206=CARTESIAN_POINT('',(-114.3,-19.3,-10.));
#11207=CARTESIAN_POINT('Origin',(-112.8,36.6,-9.5));
#11208=CARTESIAN_POINT('',(-112.8,38.1,-10.));
#11209=CARTESIAN_POINT('',(-112.8,38.6,-9.5));
#11210=CARTESIAN_POINT('Origin',(-112.8,38.1,-9.5));
#11211=CARTESIAN_POINT('Origin',(-112.8,36.6,-9.5));
#11212=CARTESIAN_POINT('Origin',(-112.8,36.6,-10.));
#11213=CARTESIAN_POINT('Origin',(-57.4,38.1,-9.5));
#11214=CARTESIAN_POINT('',(-97.75,38.6,-9.5));
#11215=CARTESIAN_POINT('',(-57.4,38.6,-9.5));
#11216=CARTESIAN_POINT('',(-98.25,38.1,-10.));
#11217=CARTESIAN_POINT('',(-57.4,38.1,-10.));
#11218=CARTESIAN_POINT('Origin',(-98.25,38.1,-9.5));
#11219=CARTESIAN_POINT('Origin',(-98.2499999999838,19.2999999999575,-9.5));
#11220=CARTESIAN_POINT('',(-98.2499999999983,36.0999999999996,-10.));
#11221=CARTESIAN_POINT('',(-98.2499999999838,19.2999999999575,-10.));
#11222=CARTESIAN_POINT('',(-97.7499999999983,36.1,-9.5));
#11223=CARTESIAN_POINT('Origin',(-98.2499999999983,36.0999999999996,-9.5));
#11224=CARTESIAN_POINT('',(-97.7499999999838,19.2999999999579,-9.5));
#11225=CARTESIAN_POINT('Origin',(-95.2500000000021,36.1,-9.5));
#11226=CARTESIAN_POINT('',(-92.2500000000059,36.1,-10.));
#11227=CARTESIAN_POINT('',(-92.750000000006,36.1,-9.5));
#11228=CARTESIAN_POINT('Origin',(-92.2500000000059,36.1,-9.5));
#11229=CARTESIAN_POINT('Origin',(-95.2500000000021,36.1,-9.5));
#11230=CARTESIAN_POINT('Origin',(-95.2500000000021,36.1,-10.));
#11231=CARTESIAN_POINT('Origin',(-92.25,18.05,-9.5));
#11232=CARTESIAN_POINT('',(-92.75,18.05,-9.5));
#11233=CARTESIAN_POINT('',(-92.25,38.1,-10.));
#11234=CARTESIAN_POINT('',(-92.25,18.05,-10.));
#11235=CARTESIAN_POINT('Origin',(-92.25,38.1,-9.5));
#11236=CARTESIAN_POINT('Origin',(-46.375,38.1,-9.5));
#11237=CARTESIAN_POINT('',(-22.05,38.1,-10.));
#11238=CARTESIAN_POINT('',(-46.375,38.1,-10.));
#11239=CARTESIAN_POINT('Origin',(-22.05,38.1,-9.5));
#11240=CARTESIAN_POINT('Origin',(-22.05,19.3,-9.5));
#11241=CARTESIAN_POINT('',(-22.05,36.1,-10.));
#11242=CARTESIAN_POINT('',(-22.05,19.3,-10.));
#11243=CARTESIAN_POINT('',(-21.55,36.1,-9.5));
#11244=CARTESIAN_POINT('Origin',(-22.05,36.1,-9.5));
#11245=CARTESIAN_POINT('',(-21.55,19.3,-9.5));
#11246=CARTESIAN_POINT('Origin',(-19.05,36.1,-9.5));
#11247=CARTESIAN_POINT('',(-16.05,36.1,-10.));
#11248=CARTESIAN_POINT('',(-16.55,36.1,-9.5));
#11249=CARTESIAN_POINT('Origin',(-16.05,36.1,-9.5));
#11250=CARTESIAN_POINT('Origin',(-19.05,36.1,-9.5));
#11251=CARTESIAN_POINT('Origin',(-19.05,36.1,-10.));
#11252=CARTESIAN_POINT('Origin',(-16.05,18.05,-9.5));
#11253=CARTESIAN_POINT('',(-16.55,38.6,-9.5));
#11254=CARTESIAN_POINT('',(-16.55,18.05,-9.5));
#11255=CARTESIAN_POINT('',(-16.05,38.1,-10.));
#11256=CARTESIAN_POINT('',(-16.05,18.05,-10.));
#11257=CARTESIAN_POINT('Origin',(-16.05,38.1,-9.5));
#11258=CARTESIAN_POINT('Origin',(-8.275,38.1,-9.5));
#11259=CARTESIAN_POINT('',(-8.275,38.6,-9.5));
#11260=CARTESIAN_POINT('',(-8.275,38.1,-10.));
#11261=CARTESIAN_POINT('Origin',(92.75,38.6,0.));
#11262=CARTESIAN_POINT('',(92.75,36.1,0.));
#11263=CARTESIAN_POINT('Origin',(95.25,36.0999978510964,0.));
#11264=CARTESIAN_POINT('',(97.7500000000001,36.0999957934435,0.));
#11265=CARTESIAN_POINT('Origin',(97.75,36.0999958126038,0.));
#11266=CARTESIAN_POINT('',(97.75,38.6,0.));
#11267=CARTESIAN_POINT('Origin',(97.75,38.6,0.));
#11268=CARTESIAN_POINT('',(112.8,38.6,0.));
#11269=CARTESIAN_POINT('Origin',(112.8,36.6,0.));
#11270=CARTESIAN_POINT('',(114.8,36.6,0.));
#11271=CARTESIAN_POINT('Origin',(114.8,38.6,0.));
#11272=CARTESIAN_POINT('',(114.8,-36.6,0.));
#11273=CARTESIAN_POINT('Origin',(112.8,-36.6,0.));
#11274=CARTESIAN_POINT('',(112.8,-38.6,0.));
#11275=CARTESIAN_POINT('Origin',(114.8,-38.6,0.));
#11276=CARTESIAN_POINT('',(97.75,-38.6,0.));
#11277=CARTESIAN_POINT('Origin',(97.75,-38.6,0.));
#11278=CARTESIAN_POINT('',(97.75,-36.0999955535659,0.));
#11279=CARTESIAN_POINT('Origin',(95.25,-36.0999977183614,0.));
#11280=CARTESIAN_POINT('',(92.7500000000001,-36.0999999885239,0.));
#11281=CARTESIAN_POINT('Origin',(92.75,-36.1,0.));
#11282=CARTESIAN_POINT('Origin',(2.5,-38.6,0.));
#11283=CARTESIAN_POINT('',(2.5,-36.1,0.));
#11284=CARTESIAN_POINT('Origin',(0.,-36.1,0.));
#11285=CARTESIAN_POINT('',(-2.5,-36.1,0.));
#11286=CARTESIAN_POINT('Origin',(-2.5,-36.1,0.));
#11287=CARTESIAN_POINT('Origin',(-90.36875,-38.6,0.));
#11288=CARTESIAN_POINT('',(-90.36875,-36.1,0.));
#11289=CARTESIAN_POINT('Origin',(-92.86875,-36.0999970990879,0.));
#11290=CARTESIAN_POINT('',(-95.3687500000002,-36.0999943471874,0.));
#11291=CARTESIAN_POINT('Origin',(-95.36875,-36.0999943507268,0.));
#11292=CARTESIAN_POINT('',(-95.36875,-38.6,0.));
#11293=CARTESIAN_POINT('Origin',(-95.36875,-38.6,0.));
#11294=CARTESIAN_POINT('',(-112.8,-38.6,0.));
#11295=CARTESIAN_POINT('Origin',(-112.8,-36.6,0.));
#11296=CARTESIAN_POINT('',(-114.8,-36.6,0.));
#11297=CARTESIAN_POINT('Origin',(-114.8,-38.6,0.));
#11298=CARTESIAN_POINT('',(-114.8,36.6,0.));
#11299=CARTESIAN_POINT('Origin',(-112.8,36.6,0.));
#11300=CARTESIAN_POINT('',(-112.8,38.6,0.));
#11301=CARTESIAN_POINT('Origin',(-114.8,38.6,0.));
#11302=CARTESIAN_POINT('',(-97.75,38.6,0.));
#11303=CARTESIAN_POINT('Origin',(-97.7500000000004,38.6,0.));
#11304=CARTESIAN_POINT('',(-97.7499999999983,36.1,0.));
#11305=CARTESIAN_POINT('Origin',(-95.2500000000021,36.1,0.));
#11306=CARTESIAN_POINT('',(-92.750000000006,36.1,0.));
#11307=CARTESIAN_POINT('Origin',(-92.75,36.1,0.));
#11308=CARTESIAN_POINT('Origin',(-21.55,38.6,0.));
#11309=CARTESIAN_POINT('',(-21.55,36.1,0.));
#11310=CARTESIAN_POINT('Origin',(-19.05,36.1,0.));
#11311=CARTESIAN_POINT('',(-16.55,36.1,0.));
#11312=CARTESIAN_POINT('Origin',(-16.55,36.1,0.));
#11313=CARTESIAN_POINT('',(-16.55,38.6,0.));
#11314=CARTESIAN_POINT('Origin',(-16.55,38.6,0.));
#11315=CARTESIAN_POINT('Origin',(0.,0.,-10.));
#11316=CARTESIAN_POINT('Origin',(95.25,-35.6,-9.84379919617045));
#11317=CARTESIAN_POINT('',(94.4385,-35.6,-9.60000000000001));
#11318=CARTESIAN_POINT('Origin',(95.25,-35.6,-9.60000000000002));
#11319=CARTESIAN_POINT('',(95.25,-35.6,-10.0875983923409));
#11320=CARTESIAN_POINT('',(94.84425,-35.6,-9.84379919617045));
#11321=CARTESIAN_POINT('Origin',(95.25,-35.6,-7.10000000000002));
#11322=CARTESIAN_POINT('',(94.4385,-35.6,-7.10000000000002));
#11323=CARTESIAN_POINT('Origin',(0.,-35.6,-9.84379919617045));
#11324=CARTESIAN_POINT('',(-0.811500000000001,-35.6,-9.60000000000001));
#11325=CARTESIAN_POINT('Origin',(0.,-35.6,-9.60000000000002));
#11326=CARTESIAN_POINT('',(0.,-35.6,-10.0875983923409));
#11327=CARTESIAN_POINT('',(-0.40575,-35.6,-9.84379919617045));
#11328=CARTESIAN_POINT('Origin',(0.,-35.6,-7.10000000000002));
#11329=CARTESIAN_POINT('',(-0.8115,-35.6,-7.10000000000002));
#11330=CARTESIAN_POINT('Origin',(-92.86875,-35.6,-9.84379919617045));
#11331=CARTESIAN_POINT('',(-93.68025,-35.6,-9.60000000000001));
#11332=CARTESIAN_POINT('Origin',(-92.86875,-35.6,-9.60000000000002));
#11333=CARTESIAN_POINT('',(-92.86875,-35.6,-10.0875983923409));
#11334=CARTESIAN_POINT('',(-93.2745,-35.6,-9.84379919617045));
#11335=CARTESIAN_POINT('Origin',(-92.86875,-35.6,-7.10000000000002));
#11336=CARTESIAN_POINT('',(-93.68025,-35.6,-7.10000000000002));
#11337=CARTESIAN_POINT('Origin',(95.25,35.6,-9.84379919617052));
#11338=CARTESIAN_POINT('',(94.4385,35.6,-9.60000000000008));
#11339=CARTESIAN_POINT('Origin',(95.25,35.6,-9.60000000000009));
#11340=CARTESIAN_POINT('',(95.25,35.6,-10.087598392341));
#11341=CARTESIAN_POINT('',(94.84425,35.6,-9.84379919617052));
#11342=CARTESIAN_POINT('Origin',(95.25,35.6,-7.10000000000009));
#11343=CARTESIAN_POINT('',(94.4385,35.6,-7.10000000000009));
#11344=CARTESIAN_POINT('Origin',(-19.05,35.6,-9.84379919617052));
#11345=CARTESIAN_POINT('',(-19.8615,35.6,-9.60000000000008));
#11346=CARTESIAN_POINT('Origin',(-19.05,35.6,-9.60000000000009));
#11347=CARTESIAN_POINT('',(-19.05,35.6,-10.087598392341));
#11348=CARTESIAN_POINT('',(-19.45575,35.6,-9.84379919617052));
#11349=CARTESIAN_POINT('Origin',(-19.05,35.6,-7.10000000000009));
#11350=CARTESIAN_POINT('',(-19.8615,35.6,-7.10000000000009));
#11351=CARTESIAN_POINT('Origin',(-95.25,35.6,-9.84379919617052));
#11352=CARTESIAN_POINT('',(-96.0615,35.6,-9.60000000000008));
#11353=CARTESIAN_POINT('Origin',(-95.25,35.6,-9.60000000000009));
#11354=CARTESIAN_POINT('',(-95.25,35.6,-10.087598392341));
#11355=CARTESIAN_POINT('',(-95.65575,35.6,-9.84379919617052));
#11356=CARTESIAN_POINT('Origin',(-95.25,35.6,-7.10000000000009));
#11357=CARTESIAN_POINT('',(-96.0615,35.6,-7.10000000000009));
#11358=CARTESIAN_POINT('Origin',(-54.075,-41.475,-4.80000000000001));
#11359=CARTESIAN_POINT('Origin',(53.575,41.475,-4.80000000000009));
#11360=CARTESIAN_POINT('',(26.7875,44.35,-4.80000000000009));
#11361=CARTESIAN_POINT('Origin',(-76.2,-41.1,-4.80000000000001));
#11362=CARTESIAN_POINT('Origin',(76.2,-41.1,-4.80000000000001));
#11363=CARTESIAN_POINT('Origin',(79.325,41.475,-4.80000000000009));
#11364=CARTESIAN_POINT('',(39.6625,44.35,-4.80000000000009));
#11365=CARTESIAN_POINT('Origin',(-79.325,-41.475,-4.80000000000001));
#11366=CARTESIAN_POINT('Origin',(54.075,-41.475,-4.80000000000001));
#11367=CARTESIAN_POINT('Origin',(-79.325,41.475,-4.80000000000009));
#11368=CARTESIAN_POINT('',(-39.6625,44.35,-4.80000000000009));
#11369=CARTESIAN_POINT('Origin',(-76.2,41.1,-4.80000000000009));
#11370=CARTESIAN_POINT('Origin',(76.2,41.1,-4.80000000000009));
#11371=CARTESIAN_POINT('Origin',(79.325,-41.475,-4.80000000000001));
#11372=CARTESIAN_POINT('Origin',(-54.0750000572672,41.475,-4.80000000000009));
#11373=CARTESIAN_POINT('',(-27.0375000286336,44.35,-4.80000000000009));
#11374=CARTESIAN_POINT('Origin',(43.,1.67742707605746,-15.9895776831458));
#11375=CARTESIAN_POINT('',(42.1885,1.70713872401745,-15.7475957292136));
#11376=CARTESIAN_POINT('Origin',(43.,1.70713872401745,-15.7475957292136));
#11377=CARTESIAN_POINT('',(43.,1.64771542809746,-16.231559637078));
#11378=CARTESIAN_POINT('',(42.59425,1.67742707605746,-15.9895776831458));
#11379=CARTESIAN_POINT('Origin',(43.,1.8290080674226,-14.7550495775723));
#11380=CARTESIAN_POINT('',(42.1885,1.8290080674226,-14.7550495775723));
#11381=CARTESIAN_POINT('Origin',(-7.,1.67742707605746,-15.9895776831458));
#11382=CARTESIAN_POINT('',(-7.8115,1.70713872401745,-15.7475957292136));
#11383=CARTESIAN_POINT('Origin',(-7.,1.70713872401745,-15.7475957292136));
#11384=CARTESIAN_POINT('',(-7.,1.64771542809746,-16.2315596370781));
#11385=CARTESIAN_POINT('',(-7.40575,1.67742707605746,-15.9895776831458));
#11386=CARTESIAN_POINT('Origin',(-7.,1.8290080674226,-14.7550495775723));
#11387=CARTESIAN_POINT('',(-7.8115,1.95087741082774,-13.762503425931));
#11388=CARTESIAN_POINT('Origin',(-7.,1.95087741082774,-13.762503425931));
#11389=CARTESIAN_POINT('',(-7.8115,1.8290080674226,-14.7550495775723));
#11390=CARTESIAN_POINT('Origin',(-7.,23.0171693363459,-18.6097685663565));
#11391=CARTESIAN_POINT('',(-7.8115,23.0468809843059,-18.3677866124243));
#11392=CARTESIAN_POINT('Origin',(-7.,23.0468809843059,-18.3677866124243));
#11393=CARTESIAN_POINT('',(-7.,22.9874576883859,-18.8517505202887));
#11394=CARTESIAN_POINT('',(-7.40575,23.0171693363459,-18.6097685663565));
#11395=CARTESIAN_POINT('Origin',(-7.,23.168750327711,-17.375240460783));
#11396=CARTESIAN_POINT('',(-7.8115,23.2906196711162,-16.3826943091416));
#11397=CARTESIAN_POINT('Origin',(-7.,23.2906196711162,-16.3826943091416));
#11398=CARTESIAN_POINT('',(-7.8115,23.168750327711,-17.375240460783));
#11399=CARTESIAN_POINT('Origin',(43.,35.4239962318624,-20.1331353589208));
#11400=CARTESIAN_POINT('',(42.1885,35.4537078798224,-19.8911534049886));
#11401=CARTESIAN_POINT('Origin',(43.,35.4537078798224,-19.8911534049886));
#11402=CARTESIAN_POINT('',(43.,35.3942845839024,-20.375117312853));
#11403=CARTESIAN_POINT('',(42.59425,35.4239962318624,-20.1331353589208));
#11404=CARTESIAN_POINT('Origin',(43.,35.5755772232275,-18.8986072533473));
#11405=CARTESIAN_POINT('',(42.1885,35.6974465666327,-17.906061101706));
#11406=CARTESIAN_POINT('Origin',(43.,35.6974465666327,-17.906061101706));
#11407=CARTESIAN_POINT('',(42.1885,35.5755772232275,-18.8986072533473));
#11408=CARTESIAN_POINT('Origin',(7.,35.4239962318624,-20.1331353589208));
#11409=CARTESIAN_POINT('',(6.1885,35.4537078798224,-19.8911534049886));
#11410=CARTESIAN_POINT('Origin',(7.,35.4537078798224,-19.8911534049886));
#11411=CARTESIAN_POINT('',(7.,35.3942845839024,-20.375117312853));
#11412=CARTESIAN_POINT('',(6.59425,35.4239962318624,-20.1331353589208));
#11413=CARTESIAN_POINT('Origin',(7.,35.5755772232275,-18.8986072533473));
#11414=CARTESIAN_POINT('',(6.1885,35.6974465666327,-17.906061101706));
#11415=CARTESIAN_POINT('Origin',(7.,35.6974465666327,-17.906061101706));
#11416=CARTESIAN_POINT('',(6.1885,35.5755772232275,-18.8986072533473));
#11417=CARTESIAN_POINT('Origin',(-7.,35.4239962318624,-20.1331353589208));
#11418=CARTESIAN_POINT('',(-7.8115,35.4537078798224,-19.8911534049886));
#11419=CARTESIAN_POINT('Origin',(-7.,35.4537078798224,-19.8911534049886));
#11420=CARTESIAN_POINT('',(-7.,35.3942845839024,-20.375117312853));
#11421=CARTESIAN_POINT('',(-7.40575,35.4239962318624,-20.1331353589208));
#11422=CARTESIAN_POINT('Origin',(-7.,35.5755772232275,-18.8986072533473));
#11423=CARTESIAN_POINT('',(-7.8115,35.6974465666327,-17.906061101706));
#11424=CARTESIAN_POINT('Origin',(-7.,35.6974465666327,-17.906061101706));
#11425=CARTESIAN_POINT('',(-7.8115,35.5755772232275,-18.8986072533473));
#11426=CARTESIAN_POINT('Origin',(-7.,3.31782729488458,-14.93785359268));
#11427=CARTESIAN_POINT('',(-9.5,3.43969663828973,-13.9453074410387));
#11428=CARTESIAN_POINT('Origin',(-7.50000000000001,0.46205818336576,-13.5796994108233));
#11429=CARTESIAN_POINT('Origin',(-9.5,21.679931100249,-17.1924364456752));
#11430=CARTESIAN_POINT('',(-7.,21.8018004436542,-16.1998902940339));
#11431=CARTESIAN_POINT('',(-7.,21.679931100249,-17.1924364456752));
#11432=CARTESIAN_POINT('',(-7.,21.8018004436542,-16.1998902940339));
#11433=CARTESIAN_POINT('Origin',(-7.,24.657569555173,-17.5580444758907));
#11434=CARTESIAN_POINT('',(-7.,24.7794388985781,-16.5654983242493));
#11435=CARTESIAN_POINT('',(-9.5,24.7794388985781,-16.5654983242493));
#11436=CARTESIAN_POINT('',(-7.,24.657569555173,-17.5580444758907));
#11437=CARTESIAN_POINT('Origin',(-7.,23.168750327711,-17.375240460783));
#11438=CARTESIAN_POINT('Origin',(-7.,23.2906196711162,-16.3826943091416));
#11439=CARTESIAN_POINT('Origin',(-7.5,23.2906196711162,-16.3826943091416));
#11440=CARTESIAN_POINT('Origin',(43.,34.0867579957656,-18.7158032382396));
#11441=CARTESIAN_POINT('',(43.,34.2086273391707,-17.7232570865982));
#11442=CARTESIAN_POINT('Origin',(43.5,36.1937196424534,-17.9669957734085));
#11443=CARTESIAN_POINT('Origin',(-9.5,34.0867579957656,-18.7158032382396));
#11444=CARTESIAN_POINT('',(-9.5,34.2086273391707,-17.7232570865982));
#11445=CARTESIAN_POINT('Origin',(-7.5,36.1937196424533,-17.9669957734085));
#11446=CARTESIAN_POINT('Origin',(5.5,38.0569426023308,-19.2032806118601));
#11447=CARTESIAN_POINT('',(5.5,38.178811945736,-18.2107344602188));
#11448=CARTESIAN_POINT('Origin',(7.,36.1937196424533,-17.9669957734085));
#11449=CARTESIAN_POINT('Origin',(0.,44.35,-11.1000000000002));
#11450=CARTESIAN_POINT('',(-114.3,44.35,-12.1573090174614));
#11451=CARTESIAN_POINT('Origin',(-114.3,38.1,-12.1573090174614));
#11452=UNCERTAINTY_MEASURE_WITH_UNIT(LENGTH_MEASURE(0.01),#11456,
'DISTANCE_ACCURACY_VALUE',
'Maximum model space distance between geometric entities at asserted c
onnectivities');
#11453=UNCERTAINTY_MEASURE_WITH_UNIT(LENGTH_MEASURE(0.01),#11456,
'DISTANCE_ACCURACY_VALUE',
'Maximum model space distance between geometric entities at asserted c
onnectivities');
#11454=(
GEOMETRIC_REPRESENTATION_CONTEXT(3)
GLOBAL_UNCERTAINTY_ASSIGNED_CONTEXT((#11452))
GLOBAL_UNIT_ASSIGNED_CONTEXT((#11456,#11457,#11458))
REPRESENTATION_CONTEXT('','3D')
);
#11455=(
GEOMETRIC_REPRESENTATION_CONTEXT(3)
GLOBAL_UNCERTAINTY_ASSIGNED_CONTEXT((#11453))
GLOBAL_UNIT_ASSIGNED_CONTEXT((#11456,#11457,#11458))
REPRESENTATION_CONTEXT('','3D')
);
#11456=(
LENGTH_UNIT()
NAMED_UNIT(*)
SI_UNIT(.MILLI.,.METRE.)
);
#11457=(
NAMED_UNIT(*)
PLANE_ANGLE_UNIT()
SI_UNIT($,.RADIAN.)
);
#11458=(
NAMED_UNIT(*)
SI_UNIT($,.STERADIAN.)
SOLID_ANGLE_UNIT()
);
#11459=SHAPE_DEFINITION_REPRESENTATION(#11460,#11461);
#11460=PRODUCT_DEFINITION_SHAPE('',$,#11463);
#11461=SHAPE_REPRESENTATION('',(#6321),#11454);
#11462=PRODUCT_DEFINITION_CONTEXT('part definition',#11467,'design');
#11463=PRODUCT_DEFINITION('2026-01-08-20-00-24-959','sr42-keyboard',#11464,
#11462);
#11464=PRODUCT_DEFINITION_FORMATION('',$,#11469);
#11465=PRODUCT_RELATED_PRODUCT_CATEGORY('sr42-keyboard','sr42-keyboard',
(#11469));
#11466=APPLICATION_PROTOCOL_DEFINITION('international standard',
'automotive_design',2009,#11467);
#11467=APPLICATION_CONTEXT(
'Core Data for Automotive Mechanical Design Process');
#11468=PRODUCT_CONTEXT('part definition',#11467,'mechanical');
#11469=PRODUCT('2026-01-08-20-00-24-959','sr42-keyboard',$,(#11468));
#11470=PRESENTATION_STYLE_ASSIGNMENT((#11475));
#11471=PRESENTATION_STYLE_ASSIGNMENT((#11476));
#11472=PRESENTATION_STYLE_ASSIGNMENT((#11477));
#11473=PRESENTATION_STYLE_ASSIGNMENT((#11478));
#11474=PRESENTATION_STYLE_ASSIGNMENT((#11479));
#11475=SURFACE_STYLE_USAGE(.BOTH.,#11480);
#11476=SURFACE_STYLE_USAGE(.BOTH.,#11481);
#11477=SURFACE_STYLE_USAGE(.BOTH.,#11482);
#11478=SURFACE_STYLE_USAGE(.BOTH.,#11483);
#11479=SURFACE_STYLE_USAGE(.BOTH.,#11484);
#11480=SURFACE_SIDE_STYLE('',(#11485));
#11481=SURFACE_SIDE_STYLE('',(#11486));
#11482=SURFACE_SIDE_STYLE('',(#11487));
#11483=SURFACE_SIDE_STYLE('',(#11488));
#11484=SURFACE_SIDE_STYLE('',(#11489));
#11485=SURFACE_STYLE_FILL_AREA(#11490);
#11486=SURFACE_STYLE_FILL_AREA(#11491);
#11487=SURFACE_STYLE_FILL_AREA(#11492);
#11488=SURFACE_STYLE_FILL_AREA(#11493);
#11489=SURFACE_STYLE_FILL_AREA(#11494);
#11490=FILL_AREA_STYLE('Steel - Satin',(#11495));
#11491=FILL_AREA_STYLE('Aluminum - Anodized Glossy (Blue)',(#11496));
#11492=FILL_AREA_STYLE('Aluminum - Satin',(#11497));
#11493=FILL_AREA_STYLE('Polyurethane',(#11498));
#11494=FILL_AREA_STYLE('Copper - Polished',(#11499));
#11495=FILL_AREA_STYLE_COLOUR('Steel - Satin',#11500);
#11496=FILL_AREA_STYLE_COLOUR('Aluminum - Anodized Glossy (Blue)',#11501);
#11497=FILL_AREA_STYLE_COLOUR('Aluminum - Satin',#11502);
#11498=FILL_AREA_STYLE_COLOUR('Polyurethane',#11503);
#11499=FILL_AREA_STYLE_COLOUR('Copper - Polished',#11504);
#11500=COLOUR_RGB('Steel - Satin',0.627450980392157,0.627450980392157,0.627450980392157);
#11501=COLOUR_RGB('Aluminum - Anodized Glossy (Blue)',0.349019607843137,
0.584313725490196,0.854901960784314);
#11502=COLOUR_RGB('Aluminum - Satin',0.96078431372549,0.96078431372549,
0.964705882352941);
#11503=COLOUR_RGB('Polyurethane',0.,0.,0.);
#11504=COLOUR_RGB('Copper - Polished',0.929411764705882,0.807843137254902,
0.764705882352941);
ENDSEC;
END-ISO-10303-21;
