ISO-10303-21;
HEADER;
/* Generated by software containing ST-Developer
 * from STEP Tools, Inc. (www.steptools.com) 
 */

FILE_DESCRIPTION(
/* description */ (''),
/* implementation_level */ '2;1');

FILE_NAME(
/* name */ 'd21a89f8-cfca-4f76-81f6-622c190875d4.step',
/* time_stamp */ '2026-01-14T13:29:48Z',
/* author */ (''),
/* organization */ (''),
/* preprocessor_version */ 'ST-DEVELOPER v20.1',
/* originating_system */ 'Autodesk Translation Framework v14.21.0.0',
/* authorisation */ '');

FILE_SCHEMA (('AUTOMOTIVE_DESIGN { 1 0 10303 214 3 1 1 }'));
ENDSEC;

DATA;
#10=MECHANICAL_DESIGN_GEOMETRIC_PRESENTATION_REPRESENTATION('',(#13),#6804);
#11=SHAPE_REPRESENTATION_RELATIONSHIP('SRR','None',#6810,#12);
#12=ADVANCED_BREP_SHAPE_REPRESENTATION('',(#14),#6803);
#13=STYLED_ITEM('',(#6820),#14);
#14=MANIFOLD_SOLID_BREP('Top',#3791);
#15=SPHERICAL_SURFACE('',#4139,0.499999999999998);
#16=ELLIPSE('',#3878,9.79082947882403,9.5);
#17=ELLIPSE('',#3880,10.2766892471948,10.);
#18=ELLIPSE('',#3883,10.2766892471948,10.);
#19=ELLIPSE('',#3884,9.79082947882403,9.5);
#20=ELLIPSE('',#3965,0.707106781186543,0.5);
#21=ELLIPSE('',#3967,0.70710678118654,0.5);
#22=ELLIPSE('',#3976,0.707106781186546,0.5);
#23=ELLIPSE('',#3978,0.707106781186546,0.5);
#24=ELLIPSE('',#3987,0.707106781186543,0.5);
#25=ELLIPSE('',#3989,0.707106781186552,0.5);
#26=ELLIPSE('',#3997,0.707106781186543,0.5);
#27=ELLIPSE('',#3999,0.707106781186565,0.5);
#28=ELLIPSE('',#4007,0.707106781186546,0.5);
#29=ELLIPSE('',#4008,0.707106781186546,0.5);
#30=ELLIPSE('',#4015,0.707106781186543,0.5);
#31=ELLIPSE('',#4017,0.707106781186552,0.5);
#32=ELLIPSE('',#4172,0.707106781186553,0.5);
#33=B_SPLINE_SURFACE_WITH_KNOTS('',3,3,((#5756,#5757,#5758,#5759,#5760,
#5761),(#5762,#5763,#5764,#5765,#5766,#5767),(#5768,#5769,#5770,#5771,#5772,
#5773),(#5774,#5775,#5776,#5777,#5778,#5779),(#5780,#5781,#5782,#5783,#5784,
#5785)),.UNSPECIFIED.,.F.,.F.,.F.,(4,1,4),(4,1,1,4),(0.,0.5,1.),(-1.47807266580317,
-1.05576618985941,-0.633459713915644,2.22044604925031E-16),
 .UNSPECIFIED.);
#34=B_SPLINE_SURFACE_WITH_KNOTS('',3,3,((#5842,#5843,#5844,#5845,#5846,
#5847),(#5848,#5849,#5850,#5851,#5852,#5853),(#5854,#5855,#5856,#5857,#5858,
#5859),(#5860,#5861,#5862,#5863,#5864,#5865),(#5866,#5867,#5868,#5869,#5870,
#5871)),.UNSPECIFIED.,.F.,.F.,.F.,(4,1,4),(4,1,1,4),(0.,0.5,1.),(-1.16523596598712E-16,
0.633459713915645,1.05576618985941,1.47807266580317),.UNSPECIFIED.);
#35=B_SPLINE_CURVE_WITH_KNOTS('',3,(#5709,#5710,#5711,#5712,#5713,#5714,
#5715,#5716,#5717,#5718,#5719,#5720,#5721,#5722,#5723,#5724,#5725,#5726,
#5727,#5728,#5729,#5730,#5731,#5732,#5733,#5734,#5735,#5736,#5737,#5738,
#5739,#5740,#5741,#5742,#5743,#5744,#5745,#5746,#5747,#5748,#5749,#5750,
#5751),.UNSPECIFIED.,.F.,.F.,(4,3,3,3,3,3,3,3,3,3,3,3,3,3,4),(-0.0778758910862226,
-0.0775515991720769,-0.0696979080755862,-0.0616692238987293,-0.0585220171993086,
-0.0505088117822243,-0.0426640975759338,-0.0388892166489544,-0.0388839707980799,
-0.0310351564988577,-0.0230454289589947,-0.0194003606114484,-0.0114137334423328,
-0.00359976888319415,0.),.UNSPECIFIED.);
#36=B_SPLINE_CURVE_WITH_KNOTS('',3,(#5752,#5753,#5754,#5755),
 .UNSPECIFIED.,.F.,.F.,(4,4),(0.20528986223453,0.206451467411382),
 .UNSPECIFIED.);
#37=B_SPLINE_CURVE_WITH_KNOTS('',3,(#5793,#5794,#5795,#5796,#5797,#5798,
#5799,#5800,#5801,#5802,#5803,#5804,#5805,#5806,#5807,#5808,#5809,#5810,
#5811,#5812,#5813,#5814,#5815,#5816,#5817,#5818,#5819,#5820,#5821,#5822,
#5823,#5824,#5825,#5826,#5827,#5828,#5829,#5830,#5831,#5832,#5833,#5834,
#5835),.UNSPECIFIED.,.F.,.F.,(4,3,3,3,3,3,3,3,3,3,3,3,3,3,4),(-0.000320088543662576,
0.,0.00785599919116612,0.0158871216027073,0.0190395719144314,0.0270551963459251,
0.0349022799313425,0.0386783378077582,0.0386836380361781,0.0465348224628854,
0.0545269619014765,0.0581731152203405,0.0661621533754375,0.0739784769189968,
0.0775793473933179),.UNSPECIFIED.);
#38=B_SPLINE_CURVE_WITH_KNOTS('',3,(#5908,#5909,#5910,#5911),
 .UNSPECIFIED.,.F.,.F.,(4,4),(0.675469657792047,0.676631262968865),
 .UNSPECIFIED.);
#39=B_SPLINE_CURVE_WITH_KNOTS('',3,(#6036,#6037,#6038,#6039,#6040,#6041,
#6042,#6043,#6044,#6045,#6046,#6047),.UNSPECIFIED.,.F.,.F.,(4,2,2,2,2,4),
(-0.089409592338479,-0.0754005364741865,-0.0555760615360525,-0.02873953081318,
-2.77555756156289E-17,0.00031622771216399),.UNSPECIFIED.);
#40=B_SPLINE_CURVE_WITH_KNOTS('',3,(#6058,#6059,#6060,#6061,#6062,#6063),
 .UNSPECIFIED.,.F.,.F.,(4,2,4),(0.252766120019255,0.290997733300589,0.349779142867043),
 .UNSPECIFIED.);
#41=B_SPLINE_CURVE_WITH_KNOTS('',3,(#6218,#6219,#6220,#6221,#6222,#6223),
 .UNSPECIFIED.,.F.,.F.,(4,2,4),(0.252766120019255,0.290997733300589,0.349779142867044),
 .UNSPECIFIED.);
#42=B_SPLINE_CURVE_WITH_KNOTS('',3,(#6227,#6228,#6229,#6230,#6231,#6232),
 .UNSPECIFIED.,.F.,.F.,(4,2,4),(0.,0.058781409566454,0.0970130228477894),
 .UNSPECIFIED.);
#43=B_SPLINE_CURVE_WITH_KNOTS('',3,(#6270,#6271,#6272,#6273,#6274,#6275),
 .UNSPECIFIED.,.F.,.F.,(4,2,4),(0.273171446421733,0.290997733300589,0.349779142867043),
 .UNSPECIFIED.);
#44=B_SPLINE_CURVE_WITH_KNOTS('',3,(#6294,#6295,#6296,#6297,#6298,#6299),
 .UNSPECIFIED.,.F.,.F.,(4,2,4),(0.252766120019255,0.29099773330059,0.349779142867044),
 .UNSPECIFIED.);
#45=B_SPLINE_CURVE_WITH_KNOTS('',3,(#6303,#6304,#6305,#6306,#6307,#6308),
 .UNSPECIFIED.,.F.,.F.,(4,2,4),(0.,0.0587814095664541,0.0970130228477894),
 .UNSPECIFIED.);
#46=B_SPLINE_CURVE_WITH_KNOTS('',3,(#6320,#6321,#6322,#6323,#6324,#6325),
 .UNSPECIFIED.,.F.,.F.,(4,2,4),(0.252766120019255,0.29099773330059,0.349779142867044),
 .UNSPECIFIED.);
#47=B_SPLINE_CURVE_WITH_KNOTS('',3,(#6329,#6330,#6331,#6332,#6333,#6334),
 .UNSPECIFIED.,.F.,.F.,(4,2,4),(0.,0.058781409566454,0.0970130228477894),
 .UNSPECIFIED.);
#48=B_SPLINE_CURVE_WITH_KNOTS('',3,(#6338,#6339,#6340,#6341,#6342,#6343,
#6344,#6345,#6346,#6347),.UNSPECIFIED.,.F.,.F.,(4,2,2,2,4),(0.267222722206037,
0.289893058775198,0.312563395344358,0.345827802749548,0.379092210154737),
 .UNSPECIFIED.);
#49=B_SPLINE_CURVE_WITH_KNOTS('',3,(#6577,#6578,#6579,#6580,#6581,#6582),
 .UNSPECIFIED.,.F.,.F.,(4,2,4),(0.273171453992189,0.29099773330059,0.349779142867044),
 .UNSPECIFIED.);
#50=B_SPLINE_CURVE_WITH_KNOTS('',3,(#6584,#6585,#6586,#6587,#6588,#6589),
 .UNSPECIFIED.,.F.,.F.,(4,2,4),(0.250583694753005,0.263775371059536,0.27114952545092),
 .UNSPECIFIED.);
#51=TOROIDAL_SURFACE('',#3857,1.5,0.5);
#52=TOROIDAL_SURFACE('',#3869,1.5,0.5);
#53=TOROIDAL_SURFACE('',#3874,9.5,0.5);
#54=TOROIDAL_SURFACE('',#3887,9.5,0.5);
#55=TOROIDAL_SURFACE('',#3893,9.5,0.5);
#56=TOROIDAL_SURFACE('',#3899,9.5,0.5);
#57=TOROIDAL_SURFACE('',#3909,1.5,0.5);
#58=TOROIDAL_SURFACE('',#3916,1.5,0.5);
#59=TOROIDAL_SURFACE('',#3922,1.5,0.5);
#60=TOROIDAL_SURFACE('',#3928,1.5,0.5);
#61=TOROIDAL_SURFACE('',#3933,1.,0.5);
#62=TOROIDAL_SURFACE('',#3938,1.,0.5);
#63=TOROIDAL_SURFACE('',#3943,1.5,0.5);
#64=TOROIDAL_SURFACE('',#3948,1.5,0.5);
#65=TOROIDAL_SURFACE('',#4066,1.,0.5);
#66=TOROIDAL_SURFACE('',#4072,2.5,0.5);
#67=TOROIDAL_SURFACE('',#4078,2.5,0.5);
#68=TOROIDAL_SURFACE('',#4084,1.,0.5);
#69=TOROIDAL_SURFACE('',#4089,1.,0.5);
#70=TOROIDAL_SURFACE('',#4095,2.5,0.5);
#71=TOROIDAL_SURFACE('',#4101,2.5,0.5);
#72=TOROIDAL_SURFACE('',#4107,1.,0.5);
#73=TOROIDAL_SURFACE('',#4112,1.,0.5);
#74=TOROIDAL_SURFACE('',#4118,2.5,0.5);
#75=TOROIDAL_SURFACE('',#4124,2.5,0.5);
#76=TOROIDAL_SURFACE('',#4130,1.,0.5);
#77=TOROIDAL_SURFACE('',#4137,1.,0.5);
#78=TOROIDAL_SURFACE('',#4145,1.,0.5);
#79=TOROIDAL_SURFACE('',#4148,1.,0.5);
#80=TOROIDAL_SURFACE('',#4155,2.5,0.5);
#81=TOROIDAL_SURFACE('',#4161,2.5,0.5);
#82=TOROIDAL_SURFACE('',#4167,1.,0.5);
#83=CYLINDRICAL_SURFACE('',#3815,1.);
#84=CYLINDRICAL_SURFACE('',#3820,1.);
#85=CYLINDRICAL_SURFACE('',#3844,1.);
#86=CYLINDRICAL_SURFACE('',#3849,1.);
#87=CYLINDRICAL_SURFACE('',#3867,1.);
#88=CYLINDRICAL_SURFACE('',#3872,1.);
#89=CYLINDRICAL_SURFACE('',#3881,0.5);
#90=CYLINDRICAL_SURFACE('',#3885,0.5);
#91=CYLINDRICAL_SURFACE('',#3891,0.5);
#92=CYLINDRICAL_SURFACE('',#3897,0.5);
#93=CYLINDRICAL_SURFACE('',#3903,10.);
#94=CYLINDRICAL_SURFACE('',#3906,10.);
#95=CYLINDRICAL_SURFACE('',#3914,0.5);
#96=CYLINDRICAL_SURFACE('',#3920,0.5);
#97=CYLINDRICAL_SURFACE('',#3926,0.5);
#98=CYLINDRICAL_SURFACE('',#3931,0.5);
#99=CYLINDRICAL_SURFACE('',#3936,0.5);
#100=CYLINDRICAL_SURFACE('',#3941,0.5);
#101=CYLINDRICAL_SURFACE('',#3946,0.5);
#102=CYLINDRICAL_SURFACE('',#3952,0.5);
#103=CYLINDRICAL_SURFACE('',#3955,1.5);
#104=CYLINDRICAL_SURFACE('',#3958,1.);
#105=CYLINDRICAL_SURFACE('',#3961,1.);
#106=CYLINDRICAL_SURFACE('',#3963,1.);
#107=CYLINDRICAL_SURFACE('',#3964,0.5);
#108=CYLINDRICAL_SURFACE('',#3966,0.5);
#109=CYLINDRICAL_SURFACE('',#3968,0.5);
#110=CYLINDRICAL_SURFACE('',#3974,0.5);
#111=CYLINDRICAL_SURFACE('',#3977,0.5);
#112=CYLINDRICAL_SURFACE('',#3979,0.5);
#113=CYLINDRICAL_SURFACE('',#3986,0.5);
#114=CYLINDRICAL_SURFACE('',#3988,0.5);
#115=CYLINDRICAL_SURFACE('',#3990,0.5);
#116=CYLINDRICAL_SURFACE('',#3996,0.5);
#117=CYLINDRICAL_SURFACE('',#3998,0.5);
#118=CYLINDRICAL_SURFACE('',#4000,0.5);
#119=CYLINDRICAL_SURFACE('',#4006,0.5);
#120=CYLINDRICAL_SURFACE('',#4009,0.5);
#121=CYLINDRICAL_SURFACE('',#4011,0.5);
#122=CYLINDRICAL_SURFACE('',#4014,0.5);
#123=CYLINDRICAL_SURFACE('',#4016,0.5);
#124=CYLINDRICAL_SURFACE('',#4018,0.5);
#125=CYLINDRICAL_SURFACE('',#4024,1.5);
#126=CYLINDRICAL_SURFACE('',#4031,1.);
#127=CYLINDRICAL_SURFACE('',#4033,1.);
#128=CYLINDRICAL_SURFACE('',#4034,1.);
#129=CYLINDRICAL_SURFACE('',#4055,10.);
#130=CYLINDRICAL_SURFACE('',#4058,10.);
#131=CYLINDRICAL_SURFACE('',#4059,6.5);
#132=CYLINDRICAL_SURFACE('',#4061,6.5);
#133=CYLINDRICAL_SURFACE('',#4063,6.5);
#134=CYLINDRICAL_SURFACE('',#4065,6.5);
#135=CYLINDRICAL_SURFACE('',#4070,0.5);
#136=CYLINDRICAL_SURFACE('',#4076,0.5);
#137=CYLINDRICAL_SURFACE('',#4082,0.5);
#138=CYLINDRICAL_SURFACE('',#4093,0.5);
#139=CYLINDRICAL_SURFACE('',#4099,0.5);
#140=CYLINDRICAL_SURFACE('',#4105,0.5);
#141=CYLINDRICAL_SURFACE('',#4116,0.5);
#142=CYLINDRICAL_SURFACE('',#4122,0.5);
#143=CYLINDRICAL_SURFACE('',#4128,0.5);
#144=CYLINDRICAL_SURFACE('',#4135,0.5);
#145=CYLINDRICAL_SURFACE('',#4143,0.5);
#146=CYLINDRICAL_SURFACE('',#4152,0.5);
#147=CYLINDRICAL_SURFACE('',#4153,0.5);
#148=CYLINDRICAL_SURFACE('',#4159,0.5);
#149=CYLINDRICAL_SURFACE('',#4165,0.5);
#150=CYLINDRICAL_SURFACE('',#4171,0.5);
#151=CYLINDRICAL_SURFACE('',#4174,3.);
#152=CYLINDRICAL_SURFACE('',#4176,3.);
#153=CYLINDRICAL_SURFACE('',#4178,0.5);
#154=CYLINDRICAL_SURFACE('',#4179,0.5);
#155=CYLINDRICAL_SURFACE('',#4186,0.5);
#156=CYLINDRICAL_SURFACE('',#4187,0.5);
#157=CYLINDRICAL_SURFACE('',#4195,0.5);
#158=CYLINDRICAL_SURFACE('',#4197,0.5);
#159=CYLINDRICAL_SURFACE('',#4199,0.5);
#160=CYLINDRICAL_SURFACE('',#4201,0.5);
#161=CYLINDRICAL_SURFACE('',#4202,0.5);
#162=CYLINDRICAL_SURFACE('',#4203,3.);
#163=CYLINDRICAL_SURFACE('',#4204,3.);
#164=CYLINDRICAL_SURFACE('',#4206,3.);
#165=CYLINDRICAL_SURFACE('',#4207,3.);
#166=CYLINDRICAL_SURFACE('',#4208,3.);
#167=CYLINDRICAL_SURFACE('',#4209,3.);
#168=CYLINDRICAL_SURFACE('',#4213,1.2);
#169=CYLINDRICAL_SURFACE('',#4214,1.2);
#170=CYLINDRICAL_SURFACE('',#4216,1.2);
#171=CYLINDRICAL_SURFACE('',#4217,1.2);
#172=CYLINDRICAL_SURFACE('',#4218,1.2);
#173=CYLINDRICAL_SURFACE('',#4219,1.2);
#174=CYLINDRICAL_SURFACE('',#4221,2.5);
#175=CYLINDRICAL_SURFACE('',#4222,2.50000000000168);
#176=CYLINDRICAL_SURFACE('',#4223,2.49999999999616);
#177=CYLINDRICAL_SURFACE('',#4225,2.5);
#178=CYLINDRICAL_SURFACE('',#4229,2.50000000000092);
#179=CYLINDRICAL_SURFACE('',#4230,2.50000000000094);
#180=CYLINDRICAL_SURFACE('',#4235,2.5);
#181=CYLINDRICAL_SURFACE('',#4238,2.5);
#182=CYLINDRICAL_SURFACE('',#4242,1.5);
#183=CYLINDRICAL_SURFACE('',#4245,1.5);
#184=CYLINDRICAL_SURFACE('',#4248,1.5);
#185=CYLINDRICAL_SURFACE('',#4251,1.5);
#186=FACE_BOUND('',#495,.T.);
#187=FACE_BOUND('',#496,.T.);
#188=FACE_BOUND('',#497,.T.);
#189=FACE_BOUND('',#498,.T.);
#190=FACE_BOUND('',#504,.T.);
#191=FACE_BOUND('',#505,.T.);
#192=FACE_BOUND('',#506,.T.);
#193=FACE_BOUND('',#507,.T.);
#194=FACE_BOUND('',#519,.T.);
#195=FACE_BOUND('',#520,.T.);
#196=FACE_BOUND('',#569,.T.);
#197=FACE_BOUND('',#576,.T.);
#198=FACE_BOUND('',#583,.T.);
#199=FACE_BOUND('',#590,.T.);
#200=FACE_BOUND('',#601,.T.);
#201=FACE_BOUND('',#605,.T.);
#202=FACE_BOUND('',#606,.T.);
#203=FACE_BOUND('',#621,.T.);
#204=FACE_BOUND('',#641,.T.);
#205=FACE_BOUND('',#650,.T.);
#206=FACE_BOUND('',#659,.T.);
#207=FACE_BOUND('',#682,.T.);
#208=FACE_BOUND('',#686,.T.);
#209=FACE_BOUND('',#704,.T.);
#210=FACE_BOUND('',#719,.T.);
#211=PLANE('',#3797);
#212=PLANE('',#3826);
#213=PLANE('',#3855);
#214=PLANE('',#3856);
#215=PLANE('',#3861);
#216=PLANE('',#3902);
#217=PLANE('',#3905);
#218=PLANE('',#3908);
#219=PLANE('',#3953);
#220=PLANE('',#3954);
#221=PLANE('',#3957);
#222=PLANE('',#3960);
#223=PLANE('',#3962);
#224=PLANE('',#3969);
#225=PLANE('',#3970);
#226=PLANE('',#3973);
#227=PLANE('',#3981);
#228=PLANE('',#3982);
#229=PLANE('',#3985);
#230=PLANE('',#3991);
#231=PLANE('',#3992);
#232=PLANE('',#3995);
#233=PLANE('',#4001);
#234=PLANE('',#4002);
#235=PLANE('',#4005);
#236=PLANE('',#4013);
#237=PLANE('',#4019);
#238=PLANE('',#4020);
#239=PLANE('',#4023);
#240=PLANE('',#4026);
#241=PLANE('',#4032);
#242=PLANE('',#4035);
#243=PLANE('',#4036);
#244=PLANE('',#4039);
#245=PLANE('',#4042);
#246=PLANE('',#4046);
#247=PLANE('',#4050);
#248=PLANE('',#4056);
#249=PLANE('',#4057);
#250=PLANE('',#4060);
#251=PLANE('',#4062);
#252=PLANE('',#4064);
#253=PLANE('',#4087);
#254=PLANE('',#4110);
#255=PLANE('',#4133);
#256=PLANE('',#4170);
#257=PLANE('',#4173);
#258=PLANE('',#4177);
#259=PLANE('',#4181);
#260=PLANE('',#4189);
#261=PLANE('',#4196);
#262=PLANE('',#4198);
#263=PLANE('',#4200);
#264=PLANE('',#4205);
#265=PLANE('',#4210);
#266=PLANE('',#4211);
#267=PLANE('',#4220);
#268=PLANE('',#4224);
#269=PLANE('',#4227);
#270=PLANE('',#4228);
#271=PLANE('',#4231);
#272=PLANE('',#4232);
#273=PLANE('',#4239);
#274=FACE_OUTER_BOUND('',#493,.T.);
#275=FACE_OUTER_BOUND('',#494,.T.);
#276=FACE_OUTER_BOUND('',#499,.T.);
#277=FACE_OUTER_BOUND('',#500,.T.);
#278=FACE_OUTER_BOUND('',#501,.T.);
#279=FACE_OUTER_BOUND('',#502,.T.);
#280=FACE_OUTER_BOUND('',#503,.T.);
#281=FACE_OUTER_BOUND('',#508,.T.);
#282=FACE_OUTER_BOUND('',#509,.T.);
#283=FACE_OUTER_BOUND('',#510,.T.);
#284=FACE_OUTER_BOUND('',#511,.T.);
#285=FACE_OUTER_BOUND('',#512,.T.);
#286=FACE_OUTER_BOUND('',#513,.T.);
#287=FACE_OUTER_BOUND('',#514,.T.);
#288=FACE_OUTER_BOUND('',#515,.T.);
#289=FACE_OUTER_BOUND('',#516,.T.);
#290=FACE_OUTER_BOUND('',#517,.T.);
#291=FACE_OUTER_BOUND('',#518,.T.);
#292=FACE_OUTER_BOUND('',#521,.T.);
#293=FACE_OUTER_BOUND('',#522,.T.);
#294=FACE_OUTER_BOUND('',#523,.T.);
#295=FACE_OUTER_BOUND('',#524,.T.);
#296=FACE_OUTER_BOUND('',#525,.T.);
#297=FACE_OUTER_BOUND('',#526,.T.);
#298=FACE_OUTER_BOUND('',#527,.T.);
#299=FACE_OUTER_BOUND('',#528,.T.);
#300=FACE_OUTER_BOUND('',#529,.T.);
#301=FACE_OUTER_BOUND('',#530,.T.);
#302=FACE_OUTER_BOUND('',#531,.T.);
#303=FACE_OUTER_BOUND('',#532,.T.);
#304=FACE_OUTER_BOUND('',#533,.T.);
#305=FACE_OUTER_BOUND('',#534,.T.);
#306=FACE_OUTER_BOUND('',#535,.T.);
#307=FACE_OUTER_BOUND('',#536,.T.);
#308=FACE_OUTER_BOUND('',#537,.T.);
#309=FACE_OUTER_BOUND('',#538,.T.);
#310=FACE_OUTER_BOUND('',#539,.T.);
#311=FACE_OUTER_BOUND('',#540,.T.);
#312=FACE_OUTER_BOUND('',#541,.T.);
#313=FACE_OUTER_BOUND('',#542,.T.);
#314=FACE_OUTER_BOUND('',#543,.T.);
#315=FACE_OUTER_BOUND('',#544,.T.);
#316=FACE_OUTER_BOUND('',#545,.T.);
#317=FACE_OUTER_BOUND('',#546,.T.);
#318=FACE_OUTER_BOUND('',#547,.T.);
#319=FACE_OUTER_BOUND('',#548,.T.);
#320=FACE_OUTER_BOUND('',#549,.T.);
#321=FACE_OUTER_BOUND('',#550,.T.);
#322=FACE_OUTER_BOUND('',#551,.T.);
#323=FACE_OUTER_BOUND('',#552,.T.);
#324=FACE_OUTER_BOUND('',#553,.T.);
#325=FACE_OUTER_BOUND('',#554,.T.);
#326=FACE_OUTER_BOUND('',#555,.T.);
#327=FACE_OUTER_BOUND('',#556,.T.);
#328=FACE_OUTER_BOUND('',#557,.T.);
#329=FACE_OUTER_BOUND('',#558,.T.);
#330=FACE_OUTER_BOUND('',#559,.T.);
#331=FACE_OUTER_BOUND('',#560,.T.);
#332=FACE_OUTER_BOUND('',#561,.T.);
#333=FACE_OUTER_BOUND('',#562,.T.);
#334=FACE_OUTER_BOUND('',#563,.T.);
#335=FACE_OUTER_BOUND('',#564,.T.);
#336=FACE_OUTER_BOUND('',#565,.T.);
#337=FACE_OUTER_BOUND('',#566,.T.);
#338=FACE_OUTER_BOUND('',#567,.T.);
#339=FACE_OUTER_BOUND('',#568,.T.);
#340=FACE_OUTER_BOUND('',#570,.T.);
#341=FACE_OUTER_BOUND('',#571,.T.);
#342=FACE_OUTER_BOUND('',#572,.T.);
#343=FACE_OUTER_BOUND('',#573,.T.);
#344=FACE_OUTER_BOUND('',#574,.T.);
#345=FACE_OUTER_BOUND('',#575,.T.);
#346=FACE_OUTER_BOUND('',#577,.T.);
#347=FACE_OUTER_BOUND('',#578,.T.);
#348=FACE_OUTER_BOUND('',#579,.T.);
#349=FACE_OUTER_BOUND('',#580,.T.);
#350=FACE_OUTER_BOUND('',#581,.T.);
#351=FACE_OUTER_BOUND('',#582,.T.);
#352=FACE_OUTER_BOUND('',#584,.T.);
#353=FACE_OUTER_BOUND('',#585,.T.);
#354=FACE_OUTER_BOUND('',#586,.T.);
#355=FACE_OUTER_BOUND('',#587,.T.);
#356=FACE_OUTER_BOUND('',#588,.T.);
#357=FACE_OUTER_BOUND('',#589,.T.);
#358=FACE_OUTER_BOUND('',#591,.T.);
#359=FACE_OUTER_BOUND('',#592,.T.);
#360=FACE_OUTER_BOUND('',#593,.T.);
#361=FACE_OUTER_BOUND('',#594,.T.);
#362=FACE_OUTER_BOUND('',#595,.T.);
#363=FACE_OUTER_BOUND('',#596,.T.);
#364=FACE_OUTER_BOUND('',#597,.T.);
#365=FACE_OUTER_BOUND('',#598,.T.);
#366=FACE_OUTER_BOUND('',#599,.T.);
#367=FACE_OUTER_BOUND('',#600,.T.);
#368=FACE_OUTER_BOUND('',#602,.T.);
#369=FACE_OUTER_BOUND('',#603,.T.);
#370=FACE_OUTER_BOUND('',#604,.T.);
#371=FACE_OUTER_BOUND('',#607,.T.);
#372=FACE_OUTER_BOUND('',#608,.T.);
#373=FACE_OUTER_BOUND('',#609,.T.);
#374=FACE_OUTER_BOUND('',#610,.T.);
#375=FACE_OUTER_BOUND('',#611,.T.);
#376=FACE_OUTER_BOUND('',#612,.T.);
#377=FACE_OUTER_BOUND('',#613,.T.);
#378=FACE_OUTER_BOUND('',#614,.T.);
#379=FACE_OUTER_BOUND('',#615,.T.);
#380=FACE_OUTER_BOUND('',#616,.T.);
#381=FACE_OUTER_BOUND('',#617,.T.);
#382=FACE_OUTER_BOUND('',#618,.T.);
#383=FACE_OUTER_BOUND('',#619,.T.);
#384=FACE_OUTER_BOUND('',#620,.T.);
#385=FACE_OUTER_BOUND('',#622,.T.);
#386=FACE_OUTER_BOUND('',#623,.T.);
#387=FACE_OUTER_BOUND('',#624,.T.);
#388=FACE_OUTER_BOUND('',#625,.T.);
#389=FACE_OUTER_BOUND('',#626,.T.);
#390=FACE_OUTER_BOUND('',#627,.T.);
#391=FACE_OUTER_BOUND('',#628,.T.);
#392=FACE_OUTER_BOUND('',#629,.T.);
#393=FACE_OUTER_BOUND('',#630,.T.);
#394=FACE_OUTER_BOUND('',#631,.T.);
#395=FACE_OUTER_BOUND('',#632,.T.);
#396=FACE_OUTER_BOUND('',#633,.T.);
#397=FACE_OUTER_BOUND('',#634,.T.);
#398=FACE_OUTER_BOUND('',#635,.T.);
#399=FACE_OUTER_BOUND('',#636,.T.);
#400=FACE_OUTER_BOUND('',#637,.T.);
#401=FACE_OUTER_BOUND('',#638,.T.);
#402=FACE_OUTER_BOUND('',#639,.T.);
#403=FACE_OUTER_BOUND('',#640,.T.);
#404=FACE_OUTER_BOUND('',#642,.T.);
#405=FACE_OUTER_BOUND('',#643,.T.);
#406=FACE_OUTER_BOUND('',#644,.T.);
#407=FACE_OUTER_BOUND('',#645,.T.);
#408=FACE_OUTER_BOUND('',#646,.T.);
#409=FACE_OUTER_BOUND('',#647,.T.);
#410=FACE_OUTER_BOUND('',#648,.T.);
#411=FACE_OUTER_BOUND('',#649,.T.);
#412=FACE_OUTER_BOUND('',#651,.T.);
#413=FACE_OUTER_BOUND('',#652,.T.);
#414=FACE_OUTER_BOUND('',#653,.T.);
#415=FACE_OUTER_BOUND('',#654,.T.);
#416=FACE_OUTER_BOUND('',#655,.T.);
#417=FACE_OUTER_BOUND('',#656,.T.);
#418=FACE_OUTER_BOUND('',#657,.T.);
#419=FACE_OUTER_BOUND('',#658,.T.);
#420=FACE_OUTER_BOUND('',#660,.T.);
#421=FACE_OUTER_BOUND('',#661,.T.);
#422=FACE_OUTER_BOUND('',#662,.T.);
#423=FACE_OUTER_BOUND('',#663,.T.);
#424=FACE_OUTER_BOUND('',#664,.T.);
#425=FACE_OUTER_BOUND('',#665,.T.);
#426=FACE_OUTER_BOUND('',#666,.T.);
#427=FACE_OUTER_BOUND('',#667,.T.);
#428=FACE_OUTER_BOUND('',#668,.T.);
#429=FACE_OUTER_BOUND('',#669,.T.);
#430=FACE_OUTER_BOUND('',#670,.T.);
#431=FACE_OUTER_BOUND('',#671,.T.);
#432=FACE_OUTER_BOUND('',#672,.T.);
#433=FACE_OUTER_BOUND('',#673,.T.);
#434=FACE_OUTER_BOUND('',#674,.T.);
#435=FACE_OUTER_BOUND('',#675,.T.);
#436=FACE_OUTER_BOUND('',#676,.T.);
#437=FACE_OUTER_BOUND('',#677,.T.);
#438=FACE_OUTER_BOUND('',#678,.T.);
#439=FACE_OUTER_BOUND('',#679,.T.);
#440=FACE_OUTER_BOUND('',#680,.T.);
#441=FACE_OUTER_BOUND('',#681,.T.);
#442=FACE_OUTER_BOUND('',#683,.T.);
#443=FACE_OUTER_BOUND('',#684,.T.);
#444=FACE_OUTER_BOUND('',#685,.T.);
#445=FACE_OUTER_BOUND('',#687,.T.);
#446=FACE_OUTER_BOUND('',#688,.T.);
#447=FACE_OUTER_BOUND('',#689,.T.);
#448=FACE_OUTER_BOUND('',#690,.T.);
#449=FACE_OUTER_BOUND('',#691,.T.);
#450=FACE_OUTER_BOUND('',#692,.T.);
#451=FACE_OUTER_BOUND('',#693,.T.);
#452=FACE_OUTER_BOUND('',#694,.T.);
#453=FACE_OUTER_BOUND('',#695,.T.);
#454=FACE_OUTER_BOUND('',#696,.T.);
#455=FACE_OUTER_BOUND('',#697,.T.);
#456=FACE_OUTER_BOUND('',#698,.T.);
#457=FACE_OUTER_BOUND('',#699,.T.);
#458=FACE_OUTER_BOUND('',#700,.T.);
#459=FACE_OUTER_BOUND('',#701,.T.);
#460=FACE_OUTER_BOUND('',#702,.T.);
#461=FACE_OUTER_BOUND('',#703,.T.);
#462=FACE_OUTER_BOUND('',#705,.T.);
#463=FACE_OUTER_BOUND('',#706,.T.);
#464=FACE_OUTER_BOUND('',#707,.T.);
#465=FACE_OUTER_BOUND('',#708,.T.);
#466=FACE_OUTER_BOUND('',#709,.T.);
#467=FACE_OUTER_BOUND('',#710,.T.);
#468=FACE_OUTER_BOUND('',#711,.T.);
#469=FACE_OUTER_BOUND('',#712,.T.);
#470=FACE_OUTER_BOUND('',#713,.T.);
#471=FACE_OUTER_BOUND('',#714,.T.);
#472=FACE_OUTER_BOUND('',#715,.T.);
#473=FACE_OUTER_BOUND('',#716,.T.);
#474=FACE_OUTER_BOUND('',#717,.T.);
#475=FACE_OUTER_BOUND('',#718,.T.);
#476=FACE_OUTER_BOUND('',#720,.T.);
#477=FACE_OUTER_BOUND('',#721,.T.);
#478=FACE_OUTER_BOUND('',#722,.T.);
#479=FACE_OUTER_BOUND('',#723,.T.);
#480=FACE_OUTER_BOUND('',#724,.T.);
#481=FACE_OUTER_BOUND('',#725,.T.);
#482=FACE_OUTER_BOUND('',#726,.T.);
#483=FACE_OUTER_BOUND('',#727,.T.);
#484=FACE_OUTER_BOUND('',#728,.T.);
#485=FACE_OUTER_BOUND('',#729,.T.);
#486=FACE_OUTER_BOUND('',#730,.T.);
#487=FACE_OUTER_BOUND('',#731,.T.);
#488=FACE_OUTER_BOUND('',#732,.T.);
#489=FACE_OUTER_BOUND('',#733,.T.);
#490=FACE_OUTER_BOUND('',#734,.T.);
#491=FACE_OUTER_BOUND('',#735,.T.);
#492=FACE_OUTER_BOUND('',#736,.T.);
#493=EDGE_LOOP('',(#2448,#2449,#2450,#2451,#2452));
#494=EDGE_LOOP('',(#2453,#2454,#2455,#2456,#2457,#2458,#2459,#2460,#2461,
#2462,#2463,#2464,#2465,#2466,#2467,#2468,#2469,#2470,#2471,#2472,#2473,
#2474,#2475,#2476,#2477,#2478,#2479,#2480));
#495=EDGE_LOOP('',(#2481));
#496=EDGE_LOOP('',(#2482));
#497=EDGE_LOOP('',(#2483));
#498=EDGE_LOOP('',(#2484));
#499=EDGE_LOOP('',(#2485,#2486,#2487,#2488,#2489));
#500=EDGE_LOOP('',(#2490,#2491,#2492,#2493,#2494));
#501=EDGE_LOOP('',(#2495,#2496,#2497,#2498,#2499));
#502=EDGE_LOOP('',(#2500,#2501,#2502,#2503,#2504));
#503=EDGE_LOOP('',(#2505,#2506,#2507,#2508,#2509,#2510,#2511,#2512,#2513,
#2514,#2515,#2516,#2517,#2518,#2519,#2520,#2521,#2522,#2523,#2524,#2525,
#2526,#2527,#2528,#2529,#2530,#2531,#2532));
#504=EDGE_LOOP('',(#2533));
#505=EDGE_LOOP('',(#2534));
#506=EDGE_LOOP('',(#2535));
#507=EDGE_LOOP('',(#2536));
#508=EDGE_LOOP('',(#2537,#2538,#2539,#2540,#2541));
#509=EDGE_LOOP('',(#2542,#2543,#2544,#2545,#2546));
#510=EDGE_LOOP('',(#2547,#2548,#2549,#2550,#2551));
#511=EDGE_LOOP('',(#2552,#2553,#2554));
#512=EDGE_LOOP('',(#2555,#2556,#2557));
#513=EDGE_LOOP('',(#2558,#2559,#2560));
#514=EDGE_LOOP('',(#2561,#2562,#2563));
#515=EDGE_LOOP('',(#2564,#2565,#2566,#2567));
#516=EDGE_LOOP('',(#2568,#2569,#2570));
#517=EDGE_LOOP('',(#2571,#2572,#2573,#2574));
#518=EDGE_LOOP('',(#2575,#2576,#2577,#2578,#2579,#2580,#2581,#2582));
#519=EDGE_LOOP('',(#2583));
#520=EDGE_LOOP('',(#2584));
#521=EDGE_LOOP('',(#2585,#2586,#2587,#2588));
#522=EDGE_LOOP('',(#2589,#2590,#2591,#2592));
#523=EDGE_LOOP('',(#2593,#2594,#2595,#2596));
#524=EDGE_LOOP('',(#2597,#2598,#2599,#2600,#2601));
#525=EDGE_LOOP('',(#2602,#2603,#2604,#2605));
#526=EDGE_LOOP('',(#2606,#2607,#2608,#2609));
#527=EDGE_LOOP('',(#2610,#2611,#2612,#2613));
#528=EDGE_LOOP('',(#2614,#2615,#2616,#2617));
#529=EDGE_LOOP('',(#2618,#2619,#2620,#2621));
#530=EDGE_LOOP('',(#2622,#2623,#2624,#2625));
#531=EDGE_LOOP('',(#2626,#2627,#2628,#2629));
#532=EDGE_LOOP('',(#2630,#2631,#2632,#2633));
#533=EDGE_LOOP('',(#2634,#2635,#2636,#2637,#2638));
#534=EDGE_LOOP('',(#2639,#2640,#2641,#2642));
#535=EDGE_LOOP('',(#2643,#2644,#2645,#2646));
#536=EDGE_LOOP('',(#2647,#2648,#2649,#2650));
#537=EDGE_LOOP('',(#2651,#2652,#2653,#2654,#2655));
#538=EDGE_LOOP('',(#2656,#2657,#2658,#2659,#2660,#2661,#2662,#2663,#2664,
#2665));
#539=EDGE_LOOP('',(#2666,#2667,#2668,#2669));
#540=EDGE_LOOP('',(#2670,#2671,#2672,#2673));
#541=EDGE_LOOP('',(#2674,#2675,#2676,#2677));
#542=EDGE_LOOP('',(#2678,#2679,#2680,#2681));
#543=EDGE_LOOP('',(#2682,#2683,#2684,#2685));
#544=EDGE_LOOP('',(#2686,#2687,#2688,#2689));
#545=EDGE_LOOP('',(#2690,#2691,#2692,#2693));
#546=EDGE_LOOP('',(#2694,#2695,#2696,#2697));
#547=EDGE_LOOP('',(#2698,#2699,#2700,#2701));
#548=EDGE_LOOP('',(#2702,#2703,#2704,#2705));
#549=EDGE_LOOP('',(#2706,#2707,#2708,#2709));
#550=EDGE_LOOP('',(#2710,#2711,#2712,#2713));
#551=EDGE_LOOP('',(#2714,#2715,#2716,#2717));
#552=EDGE_LOOP('',(#2718,#2719,#2720,#2721));
#553=EDGE_LOOP('',(#2722,#2723,#2724,#2725));
#554=EDGE_LOOP('',(#2726,#2727,#2728,#2729));
#555=EDGE_LOOP('',(#2730,#2731,#2732,#2733,#2734,#2735,#2736,#2737,#2738,
#2739,#2740,#2741,#2742,#2743,#2744,#2745));
#556=EDGE_LOOP('',(#2746,#2747,#2748,#2749));
#557=EDGE_LOOP('',(#2750,#2751,#2752,#2753));
#558=EDGE_LOOP('',(#2754,#2755,#2756,#2757,#2758));
#559=EDGE_LOOP('',(#2759,#2760,#2761,#2762,#2763));
#560=EDGE_LOOP('',(#2764,#2765,#2766,#2767,#2768,#2769,#2770,#2771,#2772,
#2773,#2774));
#561=EDGE_LOOP('',(#2775,#2776,#2777,#2778));
#562=EDGE_LOOP('',(#2779,#2780,#2781,#2782));
#563=EDGE_LOOP('',(#2783,#2784,#2785,#2786));
#564=EDGE_LOOP('',(#2787,#2788,#2789,#2790));
#565=EDGE_LOOP('',(#2791,#2792,#2793,#2794));
#566=EDGE_LOOP('',(#2795,#2796,#2797,#2798));
#567=EDGE_LOOP('',(#2799,#2800,#2801,#2802));
#568=EDGE_LOOP('',(#2803,#2804,#2805,#2806));
#569=EDGE_LOOP('',(#2807));
#570=EDGE_LOOP('',(#2808,#2809,#2810,#2811));
#571=EDGE_LOOP('',(#2812,#2813,#2814,#2815));
#572=EDGE_LOOP('',(#2816,#2817,#2818,#2819));
#573=EDGE_LOOP('',(#2820,#2821,#2822,#2823));
#574=EDGE_LOOP('',(#2824,#2825,#2826,#2827));
#575=EDGE_LOOP('',(#2828,#2829,#2830,#2831));
#576=EDGE_LOOP('',(#2832));
#577=EDGE_LOOP('',(#2833,#2834,#2835,#2836));
#578=EDGE_LOOP('',(#2837,#2838,#2839,#2840));
#579=EDGE_LOOP('',(#2841,#2842,#2843,#2844));
#580=EDGE_LOOP('',(#2845,#2846,#2847,#2848));
#581=EDGE_LOOP('',(#2849,#2850,#2851,#2852));
#582=EDGE_LOOP('',(#2853,#2854,#2855,#2856));
#583=EDGE_LOOP('',(#2857));
#584=EDGE_LOOP('',(#2858,#2859,#2860,#2861));
#585=EDGE_LOOP('',(#2862,#2863,#2864,#2865));
#586=EDGE_LOOP('',(#2866,#2867,#2868,#2869));
#587=EDGE_LOOP('',(#2870,#2871,#2872,#2873));
#588=EDGE_LOOP('',(#2874,#2875,#2876,#2877));
#589=EDGE_LOOP('',(#2878,#2879,#2880,#2881));
#590=EDGE_LOOP('',(#2882));
#591=EDGE_LOOP('',(#2883,#2884,#2885,#2886));
#592=EDGE_LOOP('',(#2887,#2888,#2889,#2890));
#593=EDGE_LOOP('',(#2891,#2892,#2893,#2894));
#594=EDGE_LOOP('',(#2895,#2896,#2897,#2898));
#595=EDGE_LOOP('',(#2899,#2900,#2901,#2902,#2903,#2904,#2905,#2906,#2907,
#2908,#2909,#2910,#2911,#2912,#2913,#2914,#2915,#2916,#2917,#2918));
#596=EDGE_LOOP('',(#2919,#2920,#2921,#2922));
#597=EDGE_LOOP('',(#2923,#2924,#2925,#2926));
#598=EDGE_LOOP('',(#2927,#2928,#2929,#2930));
#599=EDGE_LOOP('',(#2931,#2932,#2933,#2934));
#600=EDGE_LOOP('',(#2935,#2936,#2937,#2938));
#601=EDGE_LOOP('',(#2939));
#602=EDGE_LOOP('',(#2940,#2941,#2942,#2943));
#603=EDGE_LOOP('',(#2944,#2945,#2946,#2947));
#604=EDGE_LOOP('',(#2948,#2949,#2950,#2951,#2952,#2953,#2954,#2955,#2956,
#2957));
#605=EDGE_LOOP('',(#2958));
#606=EDGE_LOOP('',(#2959));
#607=EDGE_LOOP('',(#2960,#2961,#2962,#2963));
#608=EDGE_LOOP('',(#2964,#2965,#2966,#2967,#2968,#2969,#2970,#2971,#2972,
#2973,#2974,#2975,#2976,#2977,#2978,#2979,#2980,#2981,#2982,#2983,#2984,
#2985,#2986,#2987,#2988,#2989,#2990,#2991,#2992,#2993,#2994,#2995));
#609=EDGE_LOOP('',(#2996,#2997,#2998,#2999,#3000));
#610=EDGE_LOOP('',(#3001,#3002,#3003,#3004));
#611=EDGE_LOOP('',(#3005,#3006,#3007,#3008));
#612=EDGE_LOOP('',(#3009,#3010,#3011,#3012));
#613=EDGE_LOOP('',(#3013,#3014,#3015,#3016));
#614=EDGE_LOOP('',(#3017,#3018,#3019,#3020));
#615=EDGE_LOOP('',(#3021,#3022,#3023,#3024));
#616=EDGE_LOOP('',(#3025,#3026,#3027,#3028));
#617=EDGE_LOOP('',(#3029,#3030,#3031,#3032));
#618=EDGE_LOOP('',(#3033,#3034,#3035,#3036));
#619=EDGE_LOOP('',(#3037,#3038,#3039,#3040));
#620=EDGE_LOOP('',(#3041,#3042,#3043,#3044,#3045,#3046,#3047,#3048));
#621=EDGE_LOOP('',(#3049,#3050,#3051,#3052,#3053,#3054,#3055,#3056));
#622=EDGE_LOOP('',(#3057,#3058,#3059,#3060));
#623=EDGE_LOOP('',(#3061,#3062,#3063,#3064));
#624=EDGE_LOOP('',(#3065,#3066,#3067,#3068));
#625=EDGE_LOOP('',(#3069,#3070,#3071,#3072,#3073));
#626=EDGE_LOOP('',(#3074,#3075,#3076,#3077));
#627=EDGE_LOOP('',(#3078,#3079,#3080,#3081,#3082,#3083,#3084,#3085,#3086,
#3087,#3088,#3089));
#628=EDGE_LOOP('',(#3090,#3091,#3092,#3093));
#629=EDGE_LOOP('',(#3094,#3095,#3096,#3097));
#630=EDGE_LOOP('',(#3098,#3099,#3100,#3101));
#631=EDGE_LOOP('',(#3102,#3103,#3104,#3105,#3106,#3107,#3108,#3109,#3110,
#3111,#3112,#3113));
#632=EDGE_LOOP('',(#3114,#3115,#3116,#3117));
#633=EDGE_LOOP('',(#3118,#3119,#3120,#3121));
#634=EDGE_LOOP('',(#3122,#3123,#3124,#3125));
#635=EDGE_LOOP('',(#3126,#3127,#3128,#3129));
#636=EDGE_LOOP('',(#3130,#3131,#3132,#3133));
#637=EDGE_LOOP('',(#3134,#3135,#3136,#3137));
#638=EDGE_LOOP('',(#3138,#3139,#3140,#3141));
#639=EDGE_LOOP('',(#3142,#3143,#3144,#3145));
#640=EDGE_LOOP('',(#3146,#3147,#3148,#3149,#3150,#3151,#3152,#3153));
#641=EDGE_LOOP('',(#3154));
#642=EDGE_LOOP('',(#3155,#3156,#3157,#3158));
#643=EDGE_LOOP('',(#3159,#3160,#3161,#3162));
#644=EDGE_LOOP('',(#3163,#3164,#3165,#3166));
#645=EDGE_LOOP('',(#3167,#3168,#3169,#3170));
#646=EDGE_LOOP('',(#3171,#3172,#3173,#3174));
#647=EDGE_LOOP('',(#3175,#3176,#3177,#3178));
#648=EDGE_LOOP('',(#3179,#3180,#3181,#3182));
#649=EDGE_LOOP('',(#3183,#3184,#3185,#3186,#3187,#3188,#3189,#3190));
#650=EDGE_LOOP('',(#3191));
#651=EDGE_LOOP('',(#3192,#3193,#3194,#3195));
#652=EDGE_LOOP('',(#3196,#3197,#3198,#3199));
#653=EDGE_LOOP('',(#3200,#3201,#3202,#3203));
#654=EDGE_LOOP('',(#3204,#3205,#3206,#3207));
#655=EDGE_LOOP('',(#3208,#3209,#3210,#3211));
#656=EDGE_LOOP('',(#3212,#3213,#3214,#3215));
#657=EDGE_LOOP('',(#3216,#3217,#3218,#3219));
#658=EDGE_LOOP('',(#3220,#3221,#3222,#3223,#3224,#3225,#3226,#3227));
#659=EDGE_LOOP('',(#3228));
#660=EDGE_LOOP('',(#3229,#3230,#3231,#3232));
#661=EDGE_LOOP('',(#3233,#3234,#3235,#3236,#3237));
#662=EDGE_LOOP('',(#3238,#3239,#3240));
#663=EDGE_LOOP('',(#3241,#3242,#3243,#3244));
#664=EDGE_LOOP('',(#3245,#3246,#3247,#3248,#3249));
#665=EDGE_LOOP('',(#3250,#3251,#3252,#3253));
#666=EDGE_LOOP('',(#3254,#3255,#3256,#3257));
#667=EDGE_LOOP('',(#3258,#3259,#3260,#3261));
#668=EDGE_LOOP('',(#3262,#3263,#3264,#3265));
#669=EDGE_LOOP('',(#3266,#3267,#3268,#3269));
#670=EDGE_LOOP('',(#3270,#3271,#3272,#3273));
#671=EDGE_LOOP('',(#3274,#3275,#3276,#3277));
#672=EDGE_LOOP('',(#3278,#3279,#3280,#3281));
#673=EDGE_LOOP('',(#3282,#3283,#3284,#3285));
#674=EDGE_LOOP('',(#3286,#3287,#3288,#3289));
#675=EDGE_LOOP('',(#3290,#3291,#3292,#3293,#3294,#3295,#3296));
#676=EDGE_LOOP('',(#3297,#3298,#3299,#3300));
#677=EDGE_LOOP('',(#3301,#3302,#3303,#3304));
#678=EDGE_LOOP('',(#3305,#3306,#3307,#3308));
#679=EDGE_LOOP('',(#3309,#3310,#3311,#3312));
#680=EDGE_LOOP('',(#3313,#3314,#3315,#3316));
#681=EDGE_LOOP('',(#3317,#3318,#3319,#3320,#3321,#3322,#3323,#3324,#3325,
#3326,#3327,#3328,#3329,#3330));
#682=EDGE_LOOP('',(#3331));
#683=EDGE_LOOP('',(#3332,#3333,#3334,#3335));
#684=EDGE_LOOP('',(#3336,#3337,#3338,#3339));
#685=EDGE_LOOP('',(#3340,#3341,#3342,#3343,#3344,#3345,#3346,#3347,#3348,
#3349,#3350,#3351,#3352,#3353,#3354,#3355,#3356,#3357));
#686=EDGE_LOOP('',(#3358));
#687=EDGE_LOOP('',(#3359,#3360,#3361,#3362));
#688=EDGE_LOOP('',(#3363,#3364,#3365,#3366));
#689=EDGE_LOOP('',(#3367,#3368,#3369,#3370));
#690=EDGE_LOOP('',(#3371,#3372,#3373,#3374));
#691=EDGE_LOOP('',(#3375,#3376,#3377,#3378));
#692=EDGE_LOOP('',(#3379,#3380,#3381,#3382));
#693=EDGE_LOOP('',(#3383,#3384,#3385,#3386));
#694=EDGE_LOOP('',(#3387,#3388,#3389,#3390));
#695=EDGE_LOOP('',(#3391,#3392,#3393,#3394));
#696=EDGE_LOOP('',(#3395,#3396,#3397,#3398));
#697=EDGE_LOOP('',(#3399,#3400,#3401,#3402));
#698=EDGE_LOOP('',(#3403,#3404,#3405,#3406));
#699=EDGE_LOOP('',(#3407,#3408,#3409,#3410));
#700=EDGE_LOOP('',(#3411,#3412,#3413,#3414));
#701=EDGE_LOOP('',(#3415,#3416,#3417,#3418));
#702=EDGE_LOOP('',(#3419,#3420,#3421,#3422));
#703=EDGE_LOOP('',(#3423,#3424,#3425,#3426,#3427,#3428,#3429,#3430,#3431,
#3432));
#704=EDGE_LOOP('',(#3433));
#705=EDGE_LOOP('',(#3434,#3435,#3436,#3437));
#706=EDGE_LOOP('',(#3438,#3439,#3440,#3441));
#707=EDGE_LOOP('',(#3442,#3443,#3444,#3445));
#708=EDGE_LOOP('',(#3446,#3447,#3448,#3449));
#709=EDGE_LOOP('',(#3450,#3451,#3452,#3453));
#710=EDGE_LOOP('',(#3454,#3455,#3456,#3457));
#711=EDGE_LOOP('',(#3458,#3459,#3460));
#712=EDGE_LOOP('',(#3461,#3462,#3463,#3464));
#713=EDGE_LOOP('',(#3465,#3466,#3467,#3468));
#714=EDGE_LOOP('',(#3469,#3470,#3471,#3472));
#715=EDGE_LOOP('',(#3473,#3474,#3475,#3476));
#716=EDGE_LOOP('',(#3477,#3478,#3479,#3480));
#717=EDGE_LOOP('',(#3481,#3482,#3483,#3484));
#718=EDGE_LOOP('',(#3485,#3486,#3487,#3488));
#719=EDGE_LOOP('',(#3489));
#720=EDGE_LOOP('',(#3490,#3491,#3492,#3493));
#721=EDGE_LOOP('',(#3494,#3495,#3496,#3497));
#722=EDGE_LOOP('',(#3498,#3499,#3500,#3501));
#723=EDGE_LOOP('',(#3502,#3503,#3504,#3505));
#724=EDGE_LOOP('',(#3506,#3507,#3508,#3509));
#725=EDGE_LOOP('',(#3510,#3511,#3512,#3513));
#726=EDGE_LOOP('',(#3514,#3515,#3516,#3517));
#727=EDGE_LOOP('',(#3518,#3519,#3520,#3521));
#728=EDGE_LOOP('',(#3522,#3523,#3524,#3525));
#729=EDGE_LOOP('',(#3526,#3527,#3528));
#730=EDGE_LOOP('',(#3529,#3530,#3531,#3532));
#731=EDGE_LOOP('',(#3533,#3534,#3535));
#732=EDGE_LOOP('',(#3536,#3537,#3538,#3539));
#733=EDGE_LOOP('',(#3540,#3541,#3542));
#734=EDGE_LOOP('',(#3543,#3544,#3545,#3546));
#735=EDGE_LOOP('',(#3547,#3548,#3549));
#736=EDGE_LOOP('',(#3550,#3551,#3552,#3553));
#737=LINE('',#5472,#1032);
#738=LINE('',#5481,#1033);
#739=LINE('',#5485,#1034);
#740=LINE('',#5489,#1035);
#741=LINE('',#5493,#1036);
#742=LINE('',#5497,#1037);
#743=LINE('',#5501,#1038);
#744=LINE('',#5505,#1039);
#745=LINE('',#5509,#1040);
#746=LINE('',#5513,#1041);
#747=LINE('',#5517,#1042);
#748=LINE('',#5521,#1043);
#749=LINE('',#5525,#1044);
#750=LINE('',#5529,#1045);
#751=LINE('',#5532,#1046);
#752=LINE('',#5541,#1047);
#753=LINE('',#5545,#1048);
#754=LINE('',#5551,#1049);
#755=LINE('',#5557,#1050);
#756=LINE('',#5566,#1051);
#757=LINE('',#5570,#1052);
#758=LINE('',#5574,#1053);
#759=LINE('',#5578,#1054);
#760=LINE('',#5582,#1055);
#761=LINE('',#5586,#1056);
#762=LINE('',#5590,#1057);
#763=LINE('',#5594,#1058);
#764=LINE('',#5598,#1059);
#765=LINE('',#5602,#1060);
#766=LINE('',#5606,#1061);
#767=LINE('',#5610,#1062);
#768=LINE('',#5614,#1063);
#769=LINE('',#5617,#1064);
#770=LINE('',#5626,#1065);
#771=LINE('',#5630,#1066);
#772=LINE('',#5636,#1067);
#773=LINE('',#5640,#1068);
#774=LINE('',#5643,#1069);
#775=LINE('',#5646,#1070);
#776=LINE('',#5649,#1071);
#777=LINE('',#5653,#1072);
#778=LINE('',#5655,#1073);
#779=LINE('',#5657,#1074);
#780=LINE('',#5658,#1075);
#781=LINE('',#5661,#1076);
#782=LINE('',#5662,#1077);
#783=LINE('',#5674,#1078);
#784=LINE('',#5678,#1079);
#785=LINE('',#5682,#1080);
#786=LINE('',#5685,#1081);
#787=LINE('',#5691,#1082);
#788=LINE('',#5699,#1083);
#789=LINE('',#5840,#1084);
#790=LINE('',#5841,#1085);
#791=LINE('',#5878,#1086);
#792=LINE('',#5879,#1087);
#793=LINE('',#5890,#1088);
#794=LINE('',#5891,#1089);
#795=LINE('',#5902,#1090);
#796=LINE('',#5903,#1091);
#797=LINE('',#5914,#1092);
#798=LINE('',#5916,#1093);
#799=LINE('',#5917,#1094);
#800=LINE('',#5920,#1095);
#801=LINE('',#5924,#1096);
#802=LINE('',#5925,#1097);
#803=LINE('',#5928,#1098);
#804=LINE('',#5932,#1099);
#805=LINE('',#5933,#1100);
#806=LINE('',#5935,#1101);
#807=LINE('',#5936,#1102);
#808=LINE('',#5950,#1103);
#809=LINE('',#5951,#1104);
#810=LINE('',#5962,#1105);
#811=LINE('',#5963,#1106);
#812=LINE('',#5972,#1107);
#813=LINE('',#5980,#1108);
#814=LINE('',#5988,#1109);
#815=LINE('',#5996,#1110);
#816=LINE('',#6004,#1111);
#817=LINE('',#6012,#1112);
#818=LINE('',#6013,#1113);
#819=LINE('',#6017,#1114);
#820=LINE('',#6019,#1115);
#821=LINE('',#6020,#1116);
#822=LINE('',#6023,#1117);
#823=LINE('',#6027,#1118);
#824=LINE('',#6029,#1119);
#825=LINE('',#6030,#1120);
#826=LINE('',#6033,#1121);
#827=LINE('',#6049,#1122);
#828=LINE('',#6051,#1123);
#829=LINE('',#6053,#1124);
#830=LINE('',#6054,#1125);
#831=LINE('',#6056,#1126);
#832=LINE('',#6064,#1127);
#833=LINE('',#6066,#1128);
#834=LINE('',#6068,#1129);
#835=LINE('',#6070,#1130);
#836=LINE('',#6073,#1131);
#837=LINE('',#6075,#1132);
#838=LINE('',#6079,#1133);
#839=LINE('',#6082,#1134);
#840=LINE('',#6084,#1135);
#841=LINE('',#6085,#1136);
#842=LINE('',#6088,#1137);
#843=LINE('',#6089,#1138);
#844=LINE('',#6092,#1139);
#845=LINE('',#6097,#1140);
#846=LINE('',#6101,#1141);
#847=LINE('',#6105,#1142);
#848=LINE('',#6109,#1143);
#849=LINE('',#6112,#1144);
#850=LINE('',#6115,#1145);
#851=LINE('',#6118,#1146);
#852=LINE('',#6121,#1147);
#853=LINE('',#6123,#1148);
#854=LINE('',#6124,#1149);
#855=LINE('',#6127,#1150);
#856=LINE('',#6133,#1151);
#857=LINE('',#6134,#1152);
#858=LINE('',#6137,#1153);
#859=LINE('',#6139,#1154);
#860=LINE('',#6143,#1155);
#861=LINE('',#6146,#1156);
#862=LINE('',#6148,#1157);
#863=LINE('',#6149,#1158);
#864=LINE('',#6152,#1159);
#865=LINE('',#6153,#1160);
#866=LINE('',#6156,#1161);
#867=LINE('',#6161,#1162);
#868=LINE('',#6164,#1163);
#869=LINE('',#6169,#1164);
#870=LINE('',#6171,#1165);
#871=LINE('',#6174,#1166);
#872=LINE('',#6175,#1167);
#873=LINE('',#6178,#1168);
#874=LINE('',#6183,#1169);
#875=LINE('',#6187,#1170);
#876=LINE('',#6191,#1171);
#877=LINE('',#6195,#1172);
#878=LINE('',#6198,#1173);
#879=LINE('',#6201,#1174);
#880=LINE('',#6204,#1175);
#881=LINE('',#6207,#1176);
#882=LINE('',#6209,#1177);
#883=LINE('',#6211,#1178);
#884=LINE('',#6212,#1179);
#885=LINE('',#6214,#1180);
#886=LINE('',#6216,#1181);
#887=LINE('',#6225,#1182);
#888=LINE('',#6233,#1183);
#889=LINE('',#6235,#1184);
#890=LINE('',#6237,#1185);
#891=LINE('',#6238,#1186);
#892=LINE('',#6239,#1187);
#893=LINE('',#6242,#1188);
#894=LINE('',#6247,#1189);
#895=LINE('',#6249,#1190);
#896=LINE('',#6252,#1191);
#897=LINE('',#6253,#1192);
#898=LINE('',#6256,#1193);
#899=LINE('',#6261,#1194);
#900=LINE('',#6265,#1195);
#901=LINE('',#6268,#1196);
#902=LINE('',#6279,#1197);
#903=LINE('',#6282,#1198);
#904=LINE('',#6288,#1199);
#905=LINE('',#6289,#1200);
#906=LINE('',#6292,#1201);
#907=LINE('',#6301,#1202);
#908=LINE('',#6310,#1203);
#909=LINE('',#6311,#1204);
#910=LINE('',#6313,#1205);
#911=LINE('',#6314,#1206);
#912=LINE('',#6316,#1207);
#913=LINE('',#6318,#1208);
#914=LINE('',#6327,#1209);
#915=LINE('',#6335,#1210);
#916=LINE('',#6337,#1211);
#917=LINE('',#6349,#1212);
#918=LINE('',#6353,#1213);
#919=LINE('',#6355,#1214);
#920=LINE('',#6356,#1215);
#921=LINE('',#6359,#1216);
#922=LINE('',#6363,#1217);
#923=LINE('',#6364,#1218);
#924=LINE('',#6367,#1219);
#925=LINE('',#6372,#1220);
#926=LINE('',#6373,#1221);
#927=LINE('',#6374,#1222);
#928=LINE('',#6379,#1223);
#929=LINE('',#6384,#1224);
#930=LINE('',#6385,#1225);
#931=LINE('',#6386,#1226);
#932=LINE('',#6393,#1227);
#933=LINE('',#6397,#1228);
#934=LINE('',#6401,#1229);
#935=LINE('',#6405,#1230);
#936=LINE('',#6408,#1231);
#937=LINE('',#6410,#1232);
#938=LINE('',#6412,#1233);
#939=LINE('',#6415,#1234);
#940=LINE('',#6416,#1235);
#941=LINE('',#6419,#1236);
#942=LINE('',#6421,#1237);
#943=LINE('',#6423,#1238);
#944=LINE('',#6425,#1239);
#945=LINE('',#6427,#1240);
#946=LINE('',#6429,#1241);
#947=LINE('',#6430,#1242);
#948=LINE('',#6431,#1243);
#949=LINE('',#6433,#1244);
#950=LINE('',#6434,#1245);
#951=LINE('',#6436,#1246);
#952=LINE('',#6438,#1247);
#953=LINE('',#6439,#1248);
#954=LINE('',#6442,#1249);
#955=LINE('',#6444,#1250);
#956=LINE('',#6446,#1251);
#957=LINE('',#6448,#1252);
#958=LINE('',#6450,#1253);
#959=LINE('',#6452,#1254);
#960=LINE('',#6453,#1255);
#961=LINE('',#6465,#1256);
#962=LINE('',#6466,#1257);
#963=LINE('',#6475,#1258);
#964=LINE('',#6486,#1259);
#965=LINE('',#6487,#1260);
#966=LINE('',#6504,#1261);
#967=LINE('',#6505,#1262);
#968=LINE('',#6514,#1263);
#969=LINE('',#6525,#1264);
#970=LINE('',#6526,#1265);
#971=LINE('',#6543,#1266);
#972=LINE('',#6544,#1267);
#973=LINE('',#6553,#1268);
#974=LINE('',#6564,#1269);
#975=LINE('',#6565,#1270);
#976=LINE('',#6601,#1271);
#977=LINE('',#6602,#1272);
#978=LINE('',#6613,#1273);
#979=LINE('',#6614,#1274);
#980=LINE('',#6619,#1275);
#981=LINE('',#6620,#1276);
#982=LINE('',#6629,#1277);
#983=LINE('',#6640,#1278);
#984=LINE('',#6641,#1279);
#985=LINE('',#6647,#1280);
#986=LINE('',#6648,#1281);
#987=LINE('',#6653,#1282);
#988=LINE('',#6655,#1283);
#989=LINE('',#6656,#1284);
#990=LINE('',#6660,#1285);
#991=LINE('',#6662,#1286);
#992=LINE('',#6667,#1287);
#993=LINE('',#6670,#1288);
#994=LINE('',#6673,#1289);
#995=LINE('',#6677,#1290);
#996=LINE('',#6681,#1291);
#997=LINE('',#6684,#1292);
#998=LINE('',#6688,#1293);
#999=LINE('',#6693,#1294);
#1000=LINE('',#6695,#1295);
#1001=LINE('',#6700,#1296);
#1002=LINE('',#6702,#1297);
#1003=LINE('',#6704,#1298);
#1004=LINE('',#6706,#1299);
#1005=LINE('',#6708,#1300);
#1006=LINE('',#6710,#1301);
#1007=LINE('',#6715,#1302);
#1008=LINE('',#6720,#1303);
#1009=LINE('',#6722,#1304);
#1010=LINE('',#6728,#1305);
#1011=LINE('',#6732,#1306);
#1012=LINE('',#6734,#1307);
#1013=LINE('',#6736,#1308);
#1014=LINE('',#6738,#1309);
#1015=LINE('',#6740,#1310);
#1016=LINE('',#6747,#1311);
#1017=LINE('',#6748,#1312);
#1018=LINE('',#6752,#1313);
#1019=LINE('',#6754,#1314);
#1020=LINE('',#6763,#1315);
#1021=LINE('',#6765,#1316);
#1022=LINE('',#6769,#1317);
#1023=LINE('',#6771,#1318);
#1024=LINE('',#6777,#1319);
#1025=LINE('',#6779,#1320);
#1026=LINE('',#6784,#1321);
#1027=LINE('',#6786,#1322);
#1028=LINE('',#6791,#1323);
#1029=LINE('',#6793,#1324);
#1030=LINE('',#6798,#1325);
#1031=LINE('',#6800,#1326);
#1032=VECTOR('',#4258,1.25);
#1033=VECTOR('',#4267,10.);
#1034=VECTOR('',#4270,10.);
#1035=VECTOR('',#4273,10.);
#1036=VECTOR('',#4276,10.);
#1037=VECTOR('',#4279,10.);
#1038=VECTOR('',#4282,10.);
#1039=VECTOR('',#4285,10.);
#1040=VECTOR('',#4288,10.);
#1041=VECTOR('',#4291,10.);
#1042=VECTOR('',#4294,10.);
#1043=VECTOR('',#4297,10.);
#1044=VECTOR('',#4300,10.);
#1045=VECTOR('',#4303,10.);
#1046=VECTOR('',#4306,10.);
#1047=VECTOR('',#4315,1.);
#1048=VECTOR('',#4320,1.25);
#1049=VECTOR('',#4327,1.);
#1050=VECTOR('',#4334,1.25);
#1051=VECTOR('',#4343,10.);
#1052=VECTOR('',#4346,10.);
#1053=VECTOR('',#4349,10.);
#1054=VECTOR('',#4352,10.);
#1055=VECTOR('',#4355,10.);
#1056=VECTOR('',#4358,10.);
#1057=VECTOR('',#4361,10.);
#1058=VECTOR('',#4364,10.);
#1059=VECTOR('',#4367,10.);
#1060=VECTOR('',#4370,10.);
#1061=VECTOR('',#4373,10.);
#1062=VECTOR('',#4376,10.);
#1063=VECTOR('',#4379,10.);
#1064=VECTOR('',#4382,10.);
#1065=VECTOR('',#4391,1.);
#1066=VECTOR('',#4396,1.25);
#1067=VECTOR('',#4403,1.);
#1068=VECTOR('',#4408,0.5);
#1069=VECTOR('',#4411,0.5);
#1070=VECTOR('',#4414,0.5);
#1071=VECTOR('',#4417,0.5);
#1072=VECTOR('',#4420,10.);
#1073=VECTOR('',#4421,10.);
#1074=VECTOR('',#4422,10.);
#1075=VECTOR('',#4423,10.);
#1076=VECTOR('',#4426,10.);
#1077=VECTOR('',#4427,10.);
#1078=VECTOR('',#4440,10.);
#1079=VECTOR('',#4443,10.);
#1080=VECTOR('',#4446,10.);
#1081=VECTOR('',#4449,10.);
#1082=VECTOR('',#4456,1.);
#1083=VECTOR('',#4467,1.);
#1084=VECTOR('',#4486,10.);
#1085=VECTOR('',#4487,10.);
#1086=VECTOR('',#4496,10.);
#1087=VECTOR('',#4497,10.);
#1088=VECTOR('',#4510,10.);
#1089=VECTOR('',#4511,10.);
#1090=VECTOR('',#4524,10.);
#1091=VECTOR('',#4525,10.);
#1092=VECTOR('',#4534,10.);
#1093=VECTOR('',#4535,10.);
#1094=VECTOR('',#4536,10.);
#1095=VECTOR('',#4539,10.);
#1096=VECTOR('',#4544,10.);
#1097=VECTOR('',#4545,10.);
#1098=VECTOR('',#4548,10.);
#1099=VECTOR('',#4553,10.);
#1100=VECTOR('',#4554,10.);
#1101=VECTOR('',#4555,10.);
#1102=VECTOR('',#4556,10.);
#1103=VECTOR('',#4571,10.);
#1104=VECTOR('',#4572,10.);
#1105=VECTOR('',#4585,10.);
#1106=VECTOR('',#4586,10.);
#1107=VECTOR('',#4599,10.);
#1108=VECTOR('',#4610,10.);
#1109=VECTOR('',#4621,10.);
#1110=VECTOR('',#4632,10.);
#1111=VECTOR('',#4643,10.);
#1112=VECTOR('',#4654,10.);
#1113=VECTOR('',#4655,10.);
#1114=VECTOR('',#4660,10.);
#1115=VECTOR('',#4661,10.);
#1116=VECTOR('',#4662,10.);
#1117=VECTOR('',#4665,10.);
#1118=VECTOR('',#4670,10.);
#1119=VECTOR('',#4671,10.);
#1120=VECTOR('',#4672,10.);
#1121=VECTOR('',#4675,10.);
#1122=VECTOR('',#4680,10.);
#1123=VECTOR('',#4681,10.);
#1124=VECTOR('',#4682,10.);
#1125=VECTOR('',#4683,10.);
#1126=VECTOR('',#4684,10.);
#1127=VECTOR('',#4685,10.);
#1128=VECTOR('',#4688,10.);
#1129=VECTOR('',#4691,10.);
#1130=VECTOR('',#4694,10.);
#1131=VECTOR('',#4697,10.);
#1132=VECTOR('',#4698,10.);
#1133=VECTOR('',#4703,10.);
#1134=VECTOR('',#4706,10.);
#1135=VECTOR('',#4709,10.);
#1136=VECTOR('',#4710,10.);
#1137=VECTOR('',#4713,10.);
#1138=VECTOR('',#4714,10.);
#1139=VECTOR('',#4717,10.);
#1140=VECTOR('',#4724,10.);
#1141=VECTOR('',#4727,10.);
#1142=VECTOR('',#4730,10.);
#1143=VECTOR('',#4735,10.);
#1144=VECTOR('',#4738,10.);
#1145=VECTOR('',#4741,10.);
#1146=VECTOR('',#4744,10.);
#1147=VECTOR('',#4747,10.);
#1148=VECTOR('',#4748,10.);
#1149=VECTOR('',#4749,10.);
#1150=VECTOR('',#4752,10.);
#1151=VECTOR('',#4759,10.);
#1152=VECTOR('',#4760,10.);
#1153=VECTOR('',#4763,10.);
#1154=VECTOR('',#4764,10.);
#1155=VECTOR('',#4769,10.);
#1156=VECTOR('',#4772,10.);
#1157=VECTOR('',#4775,10.);
#1158=VECTOR('',#4776,10.);
#1159=VECTOR('',#4779,10.);
#1160=VECTOR('',#4780,10.);
#1161=VECTOR('',#4783,10.);
#1162=VECTOR('',#4790,10.);
#1163=VECTOR('',#4793,10.);
#1164=VECTOR('',#4800,10.);
#1165=VECTOR('',#4803,10.);
#1166=VECTOR('',#4806,10.);
#1167=VECTOR('',#4807,10.);
#1168=VECTOR('',#4810,10.);
#1169=VECTOR('',#4817,10.);
#1170=VECTOR('',#4820,10.);
#1171=VECTOR('',#4823,10.);
#1172=VECTOR('',#4828,10.);
#1173=VECTOR('',#4831,10.);
#1174=VECTOR('',#4834,10.);
#1175=VECTOR('',#4837,10.);
#1176=VECTOR('',#4840,10.);
#1177=VECTOR('',#4841,10.);
#1178=VECTOR('',#4842,10.);
#1179=VECTOR('',#4843,10.);
#1180=VECTOR('',#4844,10.);
#1181=VECTOR('',#4845,10.);
#1182=VECTOR('',#4846,10.);
#1183=VECTOR('',#4847,10.);
#1184=VECTOR('',#4848,10.);
#1185=VECTOR('',#4849,10.);
#1186=VECTOR('',#4850,10.);
#1187=VECTOR('',#4851,10.);
#1188=VECTOR('',#4854,10.);
#1189=VECTOR('',#4861,10.);
#1190=VECTOR('',#4864,10.);
#1191=VECTOR('',#4867,10.);
#1192=VECTOR('',#4868,10.);
#1193=VECTOR('',#4871,10.);
#1194=VECTOR('',#4878,10.);
#1195=VECTOR('',#4883,10.);
#1196=VECTOR('',#4886,10.);
#1197=VECTOR('',#4889,10.);
#1198=VECTOR('',#4892,10.);
#1199=VECTOR('',#4899,10.);
#1200=VECTOR('',#4900,10.);
#1201=VECTOR('',#4903,10.);
#1202=VECTOR('',#4904,10.);
#1203=VECTOR('',#4905,10.);
#1204=VECTOR('',#4906,10.);
#1205=VECTOR('',#4907,10.);
#1206=VECTOR('',#4908,10.);
#1207=VECTOR('',#4909,10.);
#1208=VECTOR('',#4910,10.);
#1209=VECTOR('',#4911,10.);
#1210=VECTOR('',#4912,10.);
#1211=VECTOR('',#4915,10.);
#1212=VECTOR('',#4918,10.);
#1213=VECTOR('',#4923,10.);
#1214=VECTOR('',#4924,10.);
#1215=VECTOR('',#4925,10.);
#1216=VECTOR('',#4928,10.);
#1217=VECTOR('',#4933,10.);
#1218=VECTOR('',#4934,10.);
#1219=VECTOR('',#4937,10.);
#1220=VECTOR('',#4942,10.);
#1221=VECTOR('',#4943,10.);
#1222=VECTOR('',#4944,10.);
#1223=VECTOR('',#4949,10.);
#1224=VECTOR('',#4954,10.);
#1225=VECTOR('',#4955,10.);
#1226=VECTOR('',#4956,10.);
#1227=VECTOR('',#4965,10.);
#1228=VECTOR('',#4968,10.);
#1229=VECTOR('',#4971,10.);
#1230=VECTOR('',#4974,10.);
#1231=VECTOR('',#4979,10.);
#1232=VECTOR('',#4982,10.);
#1233=VECTOR('',#4985,10.);
#1234=VECTOR('',#4990,10.);
#1235=VECTOR('',#4991,10.);
#1236=VECTOR('',#4994,10.);
#1237=VECTOR('',#4995,10.);
#1238=VECTOR('',#4996,10.);
#1239=VECTOR('',#4997,10.);
#1240=VECTOR('',#4998,10.);
#1241=VECTOR('',#4999,10.);
#1242=VECTOR('',#5000,10.);
#1243=VECTOR('',#5001,10.);
#1244=VECTOR('',#5004,10.);
#1245=VECTOR('',#5005,10.);
#1246=VECTOR('',#5008,10.);
#1247=VECTOR('',#5011,10.);
#1248=VECTOR('',#5012,10.);
#1249=VECTOR('',#5015,10.);
#1250=VECTOR('',#5016,10.);
#1251=VECTOR('',#5017,10.);
#1252=VECTOR('',#5018,10.);
#1253=VECTOR('',#5019,10.);
#1254=VECTOR('',#5020,10.);
#1255=VECTOR('',#5021,10.);
#1256=VECTOR('',#5036,10.);
#1257=VECTOR('',#5037,10.);
#1258=VECTOR('',#5050,10.);
#1259=VECTOR('',#5063,10.);
#1260=VECTOR('',#5064,10.);
#1261=VECTOR('',#5087,10.);
#1262=VECTOR('',#5088,10.);
#1263=VECTOR('',#5101,10.);
#1264=VECTOR('',#5114,10.);
#1265=VECTOR('',#5115,10.);
#1266=VECTOR('',#5138,10.);
#1267=VECTOR('',#5139,10.);
#1268=VECTOR('',#5152,10.);
#1269=VECTOR('',#5165,10.);
#1270=VECTOR('',#5166,10.);
#1271=VECTOR('',#5197,10.);
#1272=VECTOR('',#5198,10.);
#1273=VECTOR('',#5215,10.);
#1274=VECTOR('',#5216,10.);
#1275=VECTOR('',#5221,10.);
#1276=VECTOR('',#5222,10.);
#1277=VECTOR('',#5235,10.);
#1278=VECTOR('',#5248,10.);
#1279=VECTOR('',#5249,10.);
#1280=VECTOR('',#5258,10.);
#1281=VECTOR('',#5259,10.);
#1282=VECTOR('',#5266,10.);
#1283=VECTOR('',#5267,10.);
#1284=VECTOR('',#5268,10.);
#1285=VECTOR('',#5275,10.);
#1286=VECTOR('',#5278,10.);
#1287=VECTOR('',#5285,10.);
#1288=VECTOR('',#5288,10.);
#1289=VECTOR('',#5291,10.);
#1290=VECTOR('',#5296,10.);
#1291=VECTOR('',#5301,10.);
#1292=VECTOR('',#5304,10.);
#1293=VECTOR('',#5309,10.);
#1294=VECTOR('',#5314,10.);
#1295=VECTOR('',#5317,10.);
#1296=VECTOR('',#5324,10.);
#1297=VECTOR('',#5327,10.);
#1298=VECTOR('',#5330,10.);
#1299=VECTOR('',#5333,10.);
#1300=VECTOR('',#5336,10.);
#1301=VECTOR('',#5339,10.);
#1302=VECTOR('',#5348,10.);
#1303=VECTOR('',#5357,10.);
#1304=VECTOR('',#5360,10.);
#1305=VECTOR('',#5369,1.2);
#1306=VECTOR('',#5374,1.2);
#1307=VECTOR('',#5377,1.2);
#1308=VECTOR('',#5380,1.2);
#1309=VECTOR('',#5383,1.2);
#1310=VECTOR('',#5386,1.2);
#1311=VECTOR('',#5397,10.);
#1312=VECTOR('',#5398,10.);
#1313=VECTOR('',#5403,10.);
#1314=VECTOR('',#5406,10.);
#1315=VECTOR('',#5421,1.25);
#1316=VECTOR('',#5424,2.5);
#1317=VECTOR('',#5429,1.25);
#1318=VECTOR('',#5432,2.5);
#1319=VECTOR('',#5439,0.75);
#1320=VECTOR('',#5442,1.5);
#1321=VECTOR('',#5447,0.75);
#1322=VECTOR('',#5450,1.5);
#1323=VECTOR('',#5455,0.75);
#1324=VECTOR('',#5458,1.5);
#1325=VECTOR('',#5463,0.75);
#1326=VECTOR('',#5466,1.5);
#1327=CIRCLE('',#3794,1.50000000000001);
#1328=CIRCLE('',#3795,1.);
#1329=CIRCLE('',#3796,1.);
#1330=CIRCLE('',#3798,6.5);
#1331=CIRCLE('',#3799,6.5);
#1332=CIRCLE('',#3800,3.);
#1333=CIRCLE('',#3801,0.5);
#1334=CIRCLE('',#3802,0.5);
#1335=CIRCLE('',#3803,2.49999999999616);
#1336=CIRCLE('',#3804,0.5);
#1337=CIRCLE('',#3805,1.);
#1338=CIRCLE('',#3806,1.);
#1339=CIRCLE('',#3807,0.5);
#1340=CIRCLE('',#3808,2.50000000000168);
#1341=CIRCLE('',#3809,0.5);
#1342=CIRCLE('',#3810,0.5);
#1343=CIRCLE('',#3811,3.);
#1344=CIRCLE('',#3812,1.50000000000001);
#1345=CIRCLE('',#3813,1.2);
#1346=CIRCLE('',#3814,1.2);
#1347=CIRCLE('',#3816,1.);
#1348=CIRCLE('',#3818,1.);
#1349=CIRCLE('',#3819,1.);
#1350=CIRCLE('',#3821,1.);
#1351=CIRCLE('',#3823,1.50000000000001);
#1352=CIRCLE('',#3824,1.);
#1353=CIRCLE('',#3825,1.);
#1354=CIRCLE('',#3827,6.5);
#1355=CIRCLE('',#3828,6.5);
#1356=CIRCLE('',#3829,3.);
#1357=CIRCLE('',#3830,0.5);
#1358=CIRCLE('',#3831,0.5);
#1359=CIRCLE('',#3832,2.50000000000094);
#1360=CIRCLE('',#3833,0.5);
#1361=CIRCLE('',#3834,1.);
#1362=CIRCLE('',#3835,1.);
#1363=CIRCLE('',#3836,0.5);
#1364=CIRCLE('',#3837,2.50000000000092);
#1365=CIRCLE('',#3838,0.5);
#1366=CIRCLE('',#3839,0.5);
#1367=CIRCLE('',#3840,3.);
#1368=CIRCLE('',#3841,1.50000000000001);
#1369=CIRCLE('',#3842,1.2);
#1370=CIRCLE('',#3843,1.2);
#1371=CIRCLE('',#3845,1.);
#1372=CIRCLE('',#3847,1.);
#1373=CIRCLE('',#3848,1.);
#1374=CIRCLE('',#3850,1.);
#1375=CIRCLE('',#3858,1.5);
#1376=CIRCLE('',#3859,0.5);
#1377=CIRCLE('',#3860,1.);
#1378=CIRCLE('',#3862,1.5);
#1379=CIRCLE('',#3863,1.5);
#1380=CIRCLE('',#3864,1.);
#1381=CIRCLE('',#3865,1.);
#1382=CIRCLE('',#3866,1.5);
#1383=CIRCLE('',#3868,1.);
#1384=CIRCLE('',#3870,0.5);
#1385=CIRCLE('',#3871,1.);
#1386=CIRCLE('',#3873,1.);
#1387=CIRCLE('',#3875,9.5);
#1388=CIRCLE('',#3876,0.5);
#1389=CIRCLE('',#3877,10.);
#1390=CIRCLE('',#3879,0.5);
#1391=CIRCLE('',#3882,0.5);
#1392=CIRCLE('',#3886,0.5);
#1393=CIRCLE('',#3888,0.5);
#1394=CIRCLE('',#3889,10.);
#1395=CIRCLE('',#3890,9.5);
#1396=CIRCLE('',#3892,0.5);
#1397=CIRCLE('',#3894,0.5);
#1398=CIRCLE('',#3895,10.);
#1399=CIRCLE('',#3896,9.5);
#1400=CIRCLE('',#3898,0.5);
#1401=CIRCLE('',#3900,10.);
#1402=CIRCLE('',#3901,9.5);
#1403=CIRCLE('',#3904,10.);
#1404=CIRCLE('',#3907,10.);
#1405=CIRCLE('',#3910,0.500000000000007);
#1406=CIRCLE('',#3911,1.5);
#1407=CIRCLE('',#3912,0.5);
#1408=CIRCLE('',#3913,1.);
#1409=CIRCLE('',#3915,0.5);
#1410=CIRCLE('',#3917,0.5);
#1411=CIRCLE('',#3918,1.);
#1412=CIRCLE('',#3919,1.5);
#1413=CIRCLE('',#3921,0.5);
#1414=CIRCLE('',#3923,0.5);
#1415=CIRCLE('',#3924,1.);
#1416=CIRCLE('',#3925,1.5);
#1417=CIRCLE('',#3927,0.5);
#1418=CIRCLE('',#3929,0.5);
#1419=CIRCLE('',#3930,1.);
#1420=CIRCLE('',#3932,0.5);
#1421=CIRCLE('',#3934,0.5);
#1422=CIRCLE('',#3935,1.5);
#1423=CIRCLE('',#3937,0.5);
#1424=CIRCLE('',#3939,0.5);
#1425=CIRCLE('',#3940,1.5);
#1426=CIRCLE('',#3942,0.5);
#1427=CIRCLE('',#3944,0.5);
#1428=CIRCLE('',#3945,1.);
#1429=CIRCLE('',#3947,0.5);
#1430=CIRCLE('',#3949,0.5);
#1431=CIRCLE('',#3950,1.);
#1432=CIRCLE('',#3951,1.5);
#1433=CIRCLE('',#3956,1.5);
#1434=CIRCLE('',#3959,1.);
#1435=CIRCLE('',#3971,2.50000000000092);
#1436=CIRCLE('',#3972,1.2);
#1437=CIRCLE('',#3975,0.5);
#1438=CIRCLE('',#3980,0.5);
#1439=CIRCLE('',#3983,2.5);
#1440=CIRCLE('',#3984,1.2);
#1441=CIRCLE('',#3993,2.49999999999616);
#1442=CIRCLE('',#3994,1.2);
#1443=CIRCLE('',#4003,2.50000000000094);
#1444=CIRCLE('',#4004,1.2);
#1445=CIRCLE('',#4010,0.5);
#1446=CIRCLE('',#4012,0.5);
#1447=CIRCLE('',#4021,2.50000000000168);
#1448=CIRCLE('',#4022,1.2);
#1449=CIRCLE('',#4025,1.5);
#1450=CIRCLE('',#4027,1.);
#1451=CIRCLE('',#4028,1.);
#1452=CIRCLE('',#4029,2.5);
#1453=CIRCLE('',#4030,2.5);
#1454=CIRCLE('',#4038,7.00000000000001);
#1455=CIRCLE('',#4041,7.00000000000001);
#1456=CIRCLE('',#4044,10.);
#1457=CIRCLE('',#4045,7.00000000000001);
#1458=CIRCLE('',#4048,10.);
#1459=CIRCLE('',#4049,7.00000000000001);
#1460=CIRCLE('',#4051,6.5);
#1461=CIRCLE('',#4052,6.5);
#1462=CIRCLE('',#4053,6.5);
#1463=CIRCLE('',#4054,6.5);
#1464=CIRCLE('',#4067,0.5);
#1465=CIRCLE('',#4068,0.5);
#1466=CIRCLE('',#4069,1.);
#1467=CIRCLE('',#4071,0.5);
#1468=CIRCLE('',#4073,0.5);
#1469=CIRCLE('',#4074,3.);
#1470=CIRCLE('',#4075,2.5);
#1471=CIRCLE('',#4077,0.5);
#1472=CIRCLE('',#4079,0.5);
#1473=CIRCLE('',#4080,3.);
#1474=CIRCLE('',#4081,2.5);
#1475=CIRCLE('',#4083,0.5);
#1476=CIRCLE('',#4085,0.5);
#1477=CIRCLE('',#4086,1.);
#1478=CIRCLE('',#4088,1.5);
#1479=CIRCLE('',#4090,0.5);
#1480=CIRCLE('',#4091,0.5);
#1481=CIRCLE('',#4092,1.);
#1482=CIRCLE('',#4094,0.5);
#1483=CIRCLE('',#4096,0.5);
#1484=CIRCLE('',#4097,3.);
#1485=CIRCLE('',#4098,2.5);
#1486=CIRCLE('',#4100,0.5);
#1487=CIRCLE('',#4102,0.5);
#1488=CIRCLE('',#4103,3.);
#1489=CIRCLE('',#4104,2.5);
#1490=CIRCLE('',#4106,0.5);
#1491=CIRCLE('',#4108,0.5);
#1492=CIRCLE('',#4109,1.);
#1493=CIRCLE('',#4111,1.5);
#1494=CIRCLE('',#4113,0.5);
#1495=CIRCLE('',#4114,0.5);
#1496=CIRCLE('',#4115,1.);
#1497=CIRCLE('',#4117,0.5);
#1498=CIRCLE('',#4119,0.5);
#1499=CIRCLE('',#4120,3.);
#1500=CIRCLE('',#4121,2.5);
#1501=CIRCLE('',#4123,0.5);
#1502=CIRCLE('',#4125,0.5);
#1503=CIRCLE('',#4126,3.);
#1504=CIRCLE('',#4127,2.5);
#1505=CIRCLE('',#4129,0.5);
#1506=CIRCLE('',#4131,0.5);
#1507=CIRCLE('',#4132,1.);
#1508=CIRCLE('',#4134,1.5);
#1509=CIRCLE('',#4136,0.5);
#1510=CIRCLE('',#4138,0.5);
#1511=CIRCLE('',#4140,0.499999999999998);
#1512=CIRCLE('',#4141,0.499999999999998);
#1513=CIRCLE('',#4142,0.5);
#1514=CIRCLE('',#4144,0.499999999999989);
#1515=CIRCLE('',#4146,0.5);
#1516=CIRCLE('',#4147,1.);
#1517=CIRCLE('',#4149,0.5);
#1518=CIRCLE('',#4150,0.5);
#1519=CIRCLE('',#4151,1.);
#1520=CIRCLE('',#4154,0.5);
#1521=CIRCLE('',#4156,0.5);
#1522=CIRCLE('',#4157,3.);
#1523=CIRCLE('',#4158,2.5);
#1524=CIRCLE('',#4160,0.5);
#1525=CIRCLE('',#4162,0.5);
#1526=CIRCLE('',#4163,3.);
#1527=CIRCLE('',#4164,2.5);
#1528=CIRCLE('',#4166,0.5);
#1529=CIRCLE('',#4168,0.5);
#1530=CIRCLE('',#4169,1.);
#1531=CIRCLE('',#4175,3.);
#1532=CIRCLE('',#4180,0.5);
#1533=CIRCLE('',#4182,2.5);
#1534=CIRCLE('',#4183,0.5);
#1535=CIRCLE('',#4184,3.);
#1536=CIRCLE('',#4185,1.2);
#1537=CIRCLE('',#4188,0.5);
#1538=CIRCLE('',#4190,3.);
#1539=CIRCLE('',#4191,3.);
#1540=CIRCLE('',#4192,0.5);
#1541=CIRCLE('',#4193,2.5);
#1542=CIRCLE('',#4194,1.2);
#1543=CIRCLE('',#4212,1.5);
#1544=CIRCLE('',#4215,1.2);
#1545=CIRCLE('',#4226,2.5);
#1546=CIRCLE('',#4234,2.5);
#1547=CIRCLE('',#4237,2.5);
#1548=CIRCLE('',#4241,1.5);
#1549=CIRCLE('',#4244,1.5);
#1550=CIRCLE('',#4247,1.5);
#1551=CIRCLE('',#4250,1.5);
#1552=VERTEX_POINT('',#5469);
#1553=VERTEX_POINT('',#5471);
#1554=VERTEX_POINT('',#5473);
#1555=VERTEX_POINT('',#5477);
#1556=VERTEX_POINT('',#5478);
#1557=VERTEX_POINT('',#5480);
#1558=VERTEX_POINT('',#5482);
#1559=VERTEX_POINT('',#5484);
#1560=VERTEX_POINT('',#5486);
#1561=VERTEX_POINT('',#5488);
#1562=VERTEX_POINT('',#5490);
#1563=VERTEX_POINT('',#5492);
#1564=VERTEX_POINT('',#5494);
#1565=VERTEX_POINT('',#5496);
#1566=VERTEX_POINT('',#5498);
#1567=VERTEX_POINT('',#5500);
#1568=VERTEX_POINT('',#5502);
#1569=VERTEX_POINT('',#5504);
#1570=VERTEX_POINT('',#5506);
#1571=VERTEX_POINT('',#5508);
#1572=VERTEX_POINT('',#5510);
#1573=VERTEX_POINT('',#5512);
#1574=VERTEX_POINT('',#5514);
#1575=VERTEX_POINT('',#5516);
#1576=VERTEX_POINT('',#5518);
#1577=VERTEX_POINT('',#5520);
#1578=VERTEX_POINT('',#5522);
#1579=VERTEX_POINT('',#5524);
#1580=VERTEX_POINT('',#5526);
#1581=VERTEX_POINT('',#5528);
#1582=VERTEX_POINT('',#5530);
#1583=VERTEX_POINT('',#5533);
#1584=VERTEX_POINT('',#5535);
#1585=VERTEX_POINT('',#5537);
#1586=VERTEX_POINT('',#5540);
#1587=VERTEX_POINT('',#5544);
#1588=VERTEX_POINT('',#5546);
#1589=VERTEX_POINT('',#5550);
#1590=VERTEX_POINT('',#5554);
#1591=VERTEX_POINT('',#5556);
#1592=VERTEX_POINT('',#5558);
#1593=VERTEX_POINT('',#5562);
#1594=VERTEX_POINT('',#5563);
#1595=VERTEX_POINT('',#5565);
#1596=VERTEX_POINT('',#5567);
#1597=VERTEX_POINT('',#5569);
#1598=VERTEX_POINT('',#5571);
#1599=VERTEX_POINT('',#5573);
#1600=VERTEX_POINT('',#5575);
#1601=VERTEX_POINT('',#5577);
#1602=VERTEX_POINT('',#5579);
#1603=VERTEX_POINT('',#5581);
#1604=VERTEX_POINT('',#5583);
#1605=VERTEX_POINT('',#5585);
#1606=VERTEX_POINT('',#5587);
#1607=VERTEX_POINT('',#5589);
#1608=VERTEX_POINT('',#5591);
#1609=VERTEX_POINT('',#5593);
#1610=VERTEX_POINT('',#5595);
#1611=VERTEX_POINT('',#5597);
#1612=VERTEX_POINT('',#5599);
#1613=VERTEX_POINT('',#5601);
#1614=VERTEX_POINT('',#5603);
#1615=VERTEX_POINT('',#5605);
#1616=VERTEX_POINT('',#5607);
#1617=VERTEX_POINT('',#5609);
#1618=VERTEX_POINT('',#5611);
#1619=VERTEX_POINT('',#5613);
#1620=VERTEX_POINT('',#5615);
#1621=VERTEX_POINT('',#5618);
#1622=VERTEX_POINT('',#5620);
#1623=VERTEX_POINT('',#5622);
#1624=VERTEX_POINT('',#5625);
#1625=VERTEX_POINT('',#5629);
#1626=VERTEX_POINT('',#5631);
#1627=VERTEX_POINT('',#5635);
#1628=VERTEX_POINT('',#5639);
#1629=VERTEX_POINT('',#5642);
#1630=VERTEX_POINT('',#5645);
#1631=VERTEX_POINT('',#5648);
#1632=VERTEX_POINT('',#5651);
#1633=VERTEX_POINT('',#5652);
#1634=VERTEX_POINT('',#5654);
#1635=VERTEX_POINT('',#5656);
#1636=VERTEX_POINT('',#5660);
#1637=VERTEX_POINT('',#5664);
#1638=VERTEX_POINT('',#5666);
#1639=VERTEX_POINT('',#5670);
#1640=VERTEX_POINT('',#5671);
#1641=VERTEX_POINT('',#5673);
#1642=VERTEX_POINT('',#5675);
#1643=VERTEX_POINT('',#5677);
#1644=VERTEX_POINT('',#5679);
#1645=VERTEX_POINT('',#5681);
#1646=VERTEX_POINT('',#5683);
#1647=VERTEX_POINT('',#5686);
#1648=VERTEX_POINT('',#5689);
#1649=VERTEX_POINT('',#5693);
#1650=VERTEX_POINT('',#5697);
#1651=VERTEX_POINT('',#5701);
#1652=VERTEX_POINT('',#5702);
#1653=VERTEX_POINT('',#5704);
#1654=VERTEX_POINT('',#5706);
#1655=VERTEX_POINT('',#5708);
#1656=VERTEX_POINT('',#5786);
#1657=VERTEX_POINT('',#5787);
#1658=VERTEX_POINT('',#5789);
#1659=VERTEX_POINT('',#5791);
#1660=VERTEX_POINT('',#5837);
#1661=VERTEX_POINT('',#5838);
#1662=VERTEX_POINT('',#5875);
#1663=VERTEX_POINT('',#5876);
#1664=VERTEX_POINT('',#5881);
#1665=VERTEX_POINT('',#5882);
#1666=VERTEX_POINT('',#5887);
#1667=VERTEX_POINT('',#5888);
#1668=VERTEX_POINT('',#5893);
#1669=VERTEX_POINT('',#5894);
#1670=VERTEX_POINT('',#5899);
#1671=VERTEX_POINT('',#5900);
#1672=VERTEX_POINT('',#5906);
#1673=VERTEX_POINT('',#5913);
#1674=VERTEX_POINT('',#5915);
#1675=VERTEX_POINT('',#5919);
#1676=VERTEX_POINT('',#5923);
#1677=VERTEX_POINT('',#5927);
#1678=VERTEX_POINT('',#5931);
#1679=VERTEX_POINT('',#5934);
#1680=VERTEX_POINT('',#5938);
#1681=VERTEX_POINT('',#5939);
#1682=VERTEX_POINT('',#5941);
#1683=VERTEX_POINT('',#5943);
#1684=VERTEX_POINT('',#5947);
#1685=VERTEX_POINT('',#5948);
#1686=VERTEX_POINT('',#5953);
#1687=VERTEX_POINT('',#5954);
#1688=VERTEX_POINT('',#5959);
#1689=VERTEX_POINT('',#5960);
#1690=VERTEX_POINT('',#5965);
#1691=VERTEX_POINT('',#5970);
#1692=VERTEX_POINT('',#5974);
#1693=VERTEX_POINT('',#5978);
#1694=VERTEX_POINT('',#5982);
#1695=VERTEX_POINT('',#5986);
#1696=VERTEX_POINT('',#5990);
#1697=VERTEX_POINT('',#5994);
#1698=VERTEX_POINT('',#5998);
#1699=VERTEX_POINT('',#6002);
#1700=VERTEX_POINT('',#6006);
#1701=VERTEX_POINT('',#6007);
#1702=VERTEX_POINT('',#6016);
#1703=VERTEX_POINT('',#6018);
#1704=VERTEX_POINT('',#6022);
#1705=VERTEX_POINT('',#6026);
#1706=VERTEX_POINT('',#6028);
#1707=VERTEX_POINT('',#6032);
#1708=VERTEX_POINT('',#6034);
#1709=VERTEX_POINT('',#6050);
#1710=VERTEX_POINT('',#6052);
#1711=VERTEX_POINT('',#6055);
#1712=VERTEX_POINT('',#6057);
#1713=VERTEX_POINT('',#6072);
#1714=VERTEX_POINT('',#6074);
#1715=VERTEX_POINT('',#6078);
#1716=VERTEX_POINT('',#6080);
#1717=VERTEX_POINT('',#6087);
#1718=VERTEX_POINT('',#6091);
#1719=VERTEX_POINT('',#6094);
#1720=VERTEX_POINT('',#6099);
#1721=VERTEX_POINT('',#6100);
#1722=VERTEX_POINT('',#6102);
#1723=VERTEX_POINT('',#6104);
#1724=VERTEX_POINT('',#6108);
#1725=VERTEX_POINT('',#6110);
#1726=VERTEX_POINT('',#6114);
#1727=VERTEX_POINT('',#6116);
#1728=VERTEX_POINT('',#6120);
#1729=VERTEX_POINT('',#6122);
#1730=VERTEX_POINT('',#6126);
#1731=VERTEX_POINT('',#6129);
#1732=VERTEX_POINT('',#6132);
#1733=VERTEX_POINT('',#6136);
#1734=VERTEX_POINT('',#6138);
#1735=VERTEX_POINT('',#6142);
#1736=VERTEX_POINT('',#6144);
#1737=VERTEX_POINT('',#6151);
#1738=VERTEX_POINT('',#6155);
#1739=VERTEX_POINT('',#6158);
#1740=VERTEX_POINT('',#6163);
#1741=VERTEX_POINT('',#6167);
#1742=VERTEX_POINT('',#6173);
#1743=VERTEX_POINT('',#6177);
#1744=VERTEX_POINT('',#6180);
#1745=VERTEX_POINT('',#6185);
#1746=VERTEX_POINT('',#6186);
#1747=VERTEX_POINT('',#6188);
#1748=VERTEX_POINT('',#6190);
#1749=VERTEX_POINT('',#6194);
#1750=VERTEX_POINT('',#6196);
#1751=VERTEX_POINT('',#6200);
#1752=VERTEX_POINT('',#6202);
#1753=VERTEX_POINT('',#6206);
#1754=VERTEX_POINT('',#6208);
#1755=VERTEX_POINT('',#6210);
#1756=VERTEX_POINT('',#6213);
#1757=VERTEX_POINT('',#6215);
#1758=VERTEX_POINT('',#6217);
#1759=VERTEX_POINT('',#6224);
#1760=VERTEX_POINT('',#6226);
#1761=VERTEX_POINT('',#6234);
#1762=VERTEX_POINT('',#6236);
#1763=VERTEX_POINT('',#6241);
#1764=VERTEX_POINT('',#6245);
#1765=VERTEX_POINT('',#6251);
#1766=VERTEX_POINT('',#6255);
#1767=VERTEX_POINT('',#6258);
#1768=VERTEX_POINT('',#6263);
#1769=VERTEX_POINT('',#6267);
#1770=VERTEX_POINT('',#6269);
#1771=VERTEX_POINT('',#6276);
#1772=VERTEX_POINT('',#6278);
#1773=VERTEX_POINT('',#6280);
#1774=VERTEX_POINT('',#6283);
#1775=VERTEX_POINT('',#6285);
#1776=VERTEX_POINT('',#6291);
#1777=VERTEX_POINT('',#6293);
#1778=VERTEX_POINT('',#6300);
#1779=VERTEX_POINT('',#6302);
#1780=VERTEX_POINT('',#6309);
#1781=VERTEX_POINT('',#6312);
#1782=VERTEX_POINT('',#6315);
#1783=VERTEX_POINT('',#6317);
#1784=VERTEX_POINT('',#6319);
#1785=VERTEX_POINT('',#6326);
#1786=VERTEX_POINT('',#6328);
#1787=VERTEX_POINT('',#6352);
#1788=VERTEX_POINT('',#6354);
#1789=VERTEX_POINT('',#6358);
#1790=VERTEX_POINT('',#6362);
#1791=VERTEX_POINT('',#6366);
#1792=VERTEX_POINT('',#6370);
#1793=VERTEX_POINT('',#6371);
#1794=VERTEX_POINT('',#6376);
#1795=VERTEX_POINT('',#6378);
#1796=VERTEX_POINT('',#6382);
#1797=VERTEX_POINT('',#6383);
#1798=VERTEX_POINT('',#6391);
#1799=VERTEX_POINT('',#6392);
#1800=VERTEX_POINT('',#6394);
#1801=VERTEX_POINT('',#6396);
#1802=VERTEX_POINT('',#6398);
#1803=VERTEX_POINT('',#6400);
#1804=VERTEX_POINT('',#6402);
#1805=VERTEX_POINT('',#6404);
#1806=VERTEX_POINT('',#6418);
#1807=VERTEX_POINT('',#6420);
#1808=VERTEX_POINT('',#6422);
#1809=VERTEX_POINT('',#6424);
#1810=VERTEX_POINT('',#6426);
#1811=VERTEX_POINT('',#6428);
#1812=VERTEX_POINT('',#6441);
#1813=VERTEX_POINT('',#6443);
#1814=VERTEX_POINT('',#6445);
#1815=VERTEX_POINT('',#6447);
#1816=VERTEX_POINT('',#6449);
#1817=VERTEX_POINT('',#6451);
#1818=VERTEX_POINT('',#6456);
#1819=VERTEX_POINT('',#6457);
#1820=VERTEX_POINT('',#6462);
#1821=VERTEX_POINT('',#6463);
#1822=VERTEX_POINT('',#6468);
#1823=VERTEX_POINT('',#6473);
#1824=VERTEX_POINT('',#6477);
#1825=VERTEX_POINT('',#6478);
#1826=VERTEX_POINT('',#6483);
#1827=VERTEX_POINT('',#6484);
#1828=VERTEX_POINT('',#6492);
#1829=VERTEX_POINT('',#6495);
#1830=VERTEX_POINT('',#6496);
#1831=VERTEX_POINT('',#6501);
#1832=VERTEX_POINT('',#6502);
#1833=VERTEX_POINT('',#6507);
#1834=VERTEX_POINT('',#6512);
#1835=VERTEX_POINT('',#6516);
#1836=VERTEX_POINT('',#6517);
#1837=VERTEX_POINT('',#6522);
#1838=VERTEX_POINT('',#6523);
#1839=VERTEX_POINT('',#6531);
#1840=VERTEX_POINT('',#6534);
#1841=VERTEX_POINT('',#6535);
#1842=VERTEX_POINT('',#6540);
#1843=VERTEX_POINT('',#6541);
#1844=VERTEX_POINT('',#6546);
#1845=VERTEX_POINT('',#6551);
#1846=VERTEX_POINT('',#6555);
#1847=VERTEX_POINT('',#6556);
#1848=VERTEX_POINT('',#6561);
#1849=VERTEX_POINT('',#6562);
#1850=VERTEX_POINT('',#6570);
#1851=VERTEX_POINT('',#6575);
#1852=VERTEX_POINT('',#6576);
#1853=VERTEX_POINT('',#6591);
#1854=VERTEX_POINT('',#6592);
#1855=VERTEX_POINT('',#6594);
#1856=VERTEX_POINT('',#6598);
#1857=VERTEX_POINT('',#6599);
#1858=VERTEX_POINT('',#6607);
#1859=VERTEX_POINT('',#6608);
#1860=VERTEX_POINT('',#6616);
#1861=VERTEX_POINT('',#6617);
#1862=VERTEX_POINT('',#6622);
#1863=VERTEX_POINT('',#6627);
#1864=VERTEX_POINT('',#6631);
#1865=VERTEX_POINT('',#6632);
#1866=VERTEX_POINT('',#6637);
#1867=VERTEX_POINT('',#6638);
#1868=VERTEX_POINT('',#6646);
#1869=VERTEX_POINT('',#6652);
#1870=VERTEX_POINT('',#6654);
#1871=VERTEX_POINT('',#6665);
#1872=VERTEX_POINT('',#6669);
#1873=VERTEX_POINT('',#6671);
#1874=VERTEX_POINT('',#6675);
#1875=VERTEX_POINT('',#6678);
#1876=VERTEX_POINT('',#6683);
#1877=VERTEX_POINT('',#6687);
#1878=VERTEX_POINT('',#6690);
#1879=VERTEX_POINT('',#6692);
#1880=VERTEX_POINT('',#6697);
#1881=VERTEX_POINT('',#6725);
#1882=VERTEX_POINT('',#6730);
#1883=VERTEX_POINT('',#6746);
#1884=VERTEX_POINT('',#6750);
#1885=VERTEX_POINT('',#6761);
#1886=VERTEX_POINT('',#6767);
#1887=VERTEX_POINT('',#6774);
#1888=VERTEX_POINT('',#6776);
#1889=VERTEX_POINT('',#6781);
#1890=VERTEX_POINT('',#6783);
#1891=VERTEX_POINT('',#6788);
#1892=VERTEX_POINT('',#6790);
#1893=VERTEX_POINT('',#6795);
#1894=VERTEX_POINT('',#6797);
#1895=EDGE_CURVE('',#1552,#1552,#1327,.T.);
#1896=EDGE_CURVE('',#1552,#1553,#737,.T.);
#1897=EDGE_CURVE('',#1553,#1554,#1328,.T.);
#1898=EDGE_CURVE('',#1554,#1553,#1329,.T.);
#1899=EDGE_CURVE('',#1555,#1556,#1330,.T.);
#1900=EDGE_CURVE('',#1557,#1556,#738,.T.);
#1901=EDGE_CURVE('',#1557,#1558,#1331,.T.);
#1902=EDGE_CURVE('',#1559,#1558,#739,.T.);
#1903=EDGE_CURVE('',#1560,#1559,#1332,.T.);
#1904=EDGE_CURVE('',#1560,#1561,#740,.T.);
#1905=EDGE_CURVE('',#1562,#1561,#1333,.T.);
#1906=EDGE_CURVE('',#1562,#1563,#741,.T.);
#1907=EDGE_CURVE('',#1564,#1563,#1334,.T.);
#1908=EDGE_CURVE('',#1564,#1565,#742,.T.);
#1909=EDGE_CURVE('',#1565,#1566,#1335,.T.);
#1910=EDGE_CURVE('',#1566,#1567,#743,.T.);
#1911=EDGE_CURVE('',#1568,#1567,#1336,.T.);
#1912=EDGE_CURVE('',#1568,#1569,#744,.T.);
#1913=EDGE_CURVE('',#1570,#1569,#1337,.T.);
#1914=EDGE_CURVE('',#1570,#1571,#745,.T.);
#1915=EDGE_CURVE('',#1572,#1571,#1338,.T.);
#1916=EDGE_CURVE('',#1572,#1573,#746,.T.);
#1917=EDGE_CURVE('',#1574,#1573,#1339,.T.);
#1918=EDGE_CURVE('',#1574,#1575,#747,.T.);
#1919=EDGE_CURVE('',#1575,#1576,#1340,.T.);
#1920=EDGE_CURVE('',#1576,#1577,#748,.T.);
#1921=EDGE_CURVE('',#1578,#1577,#1341,.T.);
#1922=EDGE_CURVE('',#1578,#1579,#749,.T.);
#1923=EDGE_CURVE('',#1580,#1579,#1342,.T.);
#1924=EDGE_CURVE('',#1580,#1581,#750,.T.);
#1925=EDGE_CURVE('',#1582,#1581,#1343,.T.);
#1926=EDGE_CURVE('',#1555,#1582,#751,.T.);
#1927=EDGE_CURVE('',#1583,#1583,#1344,.T.);
#1928=EDGE_CURVE('',#1584,#1584,#1345,.T.);
#1929=EDGE_CURVE('',#1585,#1585,#1346,.T.);
#1930=EDGE_CURVE('',#1554,#1586,#752,.T.);
#1931=EDGE_CURVE('',#1586,#1586,#1347,.T.);
#1932=EDGE_CURVE('',#1583,#1587,#753,.T.);
#1933=EDGE_CURVE('',#1587,#1588,#1348,.T.);
#1934=EDGE_CURVE('',#1588,#1587,#1349,.T.);
#1935=EDGE_CURVE('',#1588,#1589,#754,.T.);
#1936=EDGE_CURVE('',#1589,#1589,#1350,.T.);
#1937=EDGE_CURVE('',#1590,#1590,#1351,.T.);
#1938=EDGE_CURVE('',#1590,#1591,#755,.T.);
#1939=EDGE_CURVE('',#1591,#1592,#1352,.T.);
#1940=EDGE_CURVE('',#1592,#1591,#1353,.T.);
#1941=EDGE_CURVE('',#1593,#1594,#1354,.T.);
#1942=EDGE_CURVE('',#1595,#1594,#756,.T.);
#1943=EDGE_CURVE('',#1595,#1596,#1355,.T.);
#1944=EDGE_CURVE('',#1597,#1596,#757,.T.);
#1945=EDGE_CURVE('',#1598,#1597,#1356,.T.);
#1946=EDGE_CURVE('',#1598,#1599,#758,.T.);
#1947=EDGE_CURVE('',#1600,#1599,#1357,.T.);
#1948=EDGE_CURVE('',#1600,#1601,#759,.T.);
#1949=EDGE_CURVE('',#1602,#1601,#1358,.T.);
#1950=EDGE_CURVE('',#1602,#1603,#760,.T.);
#1951=EDGE_CURVE('',#1603,#1604,#1359,.T.);
#1952=EDGE_CURVE('',#1604,#1605,#761,.T.);
#1953=EDGE_CURVE('',#1606,#1605,#1360,.T.);
#1954=EDGE_CURVE('',#1606,#1607,#762,.T.);
#1955=EDGE_CURVE('',#1608,#1607,#1361,.T.);
#1956=EDGE_CURVE('',#1608,#1609,#763,.T.);
#1957=EDGE_CURVE('',#1610,#1609,#1362,.T.);
#1958=EDGE_CURVE('',#1610,#1611,#764,.T.);
#1959=EDGE_CURVE('',#1612,#1611,#1363,.T.);
#1960=EDGE_CURVE('',#1612,#1613,#765,.T.);
#1961=EDGE_CURVE('',#1613,#1614,#1364,.T.);
#1962=EDGE_CURVE('',#1614,#1615,#766,.T.);
#1963=EDGE_CURVE('',#1616,#1615,#1365,.T.);
#1964=EDGE_CURVE('',#1616,#1617,#767,.T.);
#1965=EDGE_CURVE('',#1618,#1617,#1366,.T.);
#1966=EDGE_CURVE('',#1618,#1619,#768,.T.);
#1967=EDGE_CURVE('',#1620,#1619,#1367,.T.);
#1968=EDGE_CURVE('',#1593,#1620,#769,.T.);
#1969=EDGE_CURVE('',#1621,#1621,#1368,.T.);
#1970=EDGE_CURVE('',#1622,#1622,#1369,.T.);
#1971=EDGE_CURVE('',#1623,#1623,#1370,.T.);
#1972=EDGE_CURVE('',#1592,#1624,#770,.T.);
#1973=EDGE_CURVE('',#1624,#1624,#1371,.T.);
#1974=EDGE_CURVE('',#1621,#1625,#771,.T.);
#1975=EDGE_CURVE('',#1625,#1626,#1372,.T.);
#1976=EDGE_CURVE('',#1626,#1625,#1373,.T.);
#1977=EDGE_CURVE('',#1626,#1627,#772,.T.);
#1978=EDGE_CURVE('',#1627,#1627,#1374,.T.);
#1979=EDGE_CURVE('',#1624,#1628,#773,.T.);
#1980=EDGE_CURVE('',#1586,#1629,#774,.T.);
#1981=EDGE_CURVE('',#1589,#1630,#775,.T.);
#1982=EDGE_CURVE('',#1627,#1631,#776,.T.);
#1983=EDGE_CURVE('',#1632,#1633,#777,.T.);
#1984=EDGE_CURVE('',#1634,#1632,#778,.T.);
#1985=EDGE_CURVE('',#1635,#1634,#779,.T.);
#1986=EDGE_CURVE('',#1633,#1635,#780,.T.);
#1987=EDGE_CURVE('',#1636,#1633,#781,.T.);
#1988=EDGE_CURVE('',#1632,#1636,#782,.T.);
#1989=EDGE_CURVE('',#1637,#1637,#1375,.T.);
#1990=EDGE_CURVE('',#1637,#1638,#1376,.T.);
#1991=EDGE_CURVE('',#1638,#1638,#1377,.T.);
#1992=EDGE_CURVE('',#1639,#1640,#1378,.T.);
#1993=EDGE_CURVE('',#1639,#1641,#783,.T.);
#1994=EDGE_CURVE('',#1642,#1641,#1379,.T.);
#1995=EDGE_CURVE('',#1643,#1642,#784,.T.);
#1996=EDGE_CURVE('',#1644,#1643,#1380,.T.);
#1997=EDGE_CURVE('',#1645,#1644,#785,.T.);
#1998=EDGE_CURVE('',#1646,#1645,#1381,.T.);
#1999=EDGE_CURVE('',#1640,#1646,#786,.T.);
#2000=EDGE_CURVE('',#1647,#1647,#1382,.T.);
#2001=EDGE_CURVE('',#1648,#1648,#1383,.T.);
#2002=EDGE_CURVE('',#1648,#1638,#787,.T.);
#2003=EDGE_CURVE('',#1647,#1649,#1384,.T.);
#2004=EDGE_CURVE('',#1649,#1649,#1385,.T.);
#2005=EDGE_CURVE('',#1650,#1650,#1386,.T.);
#2006=EDGE_CURVE('',#1650,#1649,#788,.T.);
#2007=EDGE_CURVE('',#1651,#1652,#1387,.T.);
#2008=EDGE_CURVE('',#1652,#1653,#1388,.T.);
#2009=EDGE_CURVE('',#1653,#1654,#1389,.T.);
#2010=EDGE_CURVE('',#1654,#1655,#35,.T.);
#2011=EDGE_CURVE('',#1655,#1651,#36,.T.);
#2012=EDGE_CURVE('',#1656,#1657,#16,.T.);
#2013=EDGE_CURVE('',#1657,#1658,#1390,.T.);
#2014=EDGE_CURVE('',#1658,#1659,#17,.T.);
#2015=EDGE_CURVE('',#1659,#1656,#37,.T.);
#2016=EDGE_CURVE('',#1660,#1661,#1391,.T.);
#2017=EDGE_CURVE('',#1661,#1658,#789,.T.);
#2018=EDGE_CURVE('',#1657,#1660,#790,.T.);
#2019=EDGE_CURVE('',#1654,#1661,#18,.T.);
#2020=EDGE_CURVE('',#1660,#1655,#19,.T.);
#2021=EDGE_CURVE('',#1662,#1663,#1392,.T.);
#2022=EDGE_CURVE('',#1663,#1653,#791,.T.);
#2023=EDGE_CURVE('',#1652,#1662,#792,.T.);
#2024=EDGE_CURVE('',#1664,#1665,#1393,.T.);
#2025=EDGE_CURVE('',#1665,#1663,#1394,.T.);
#2026=EDGE_CURVE('',#1662,#1664,#1395,.T.);
#2027=EDGE_CURVE('',#1666,#1667,#1396,.T.);
#2028=EDGE_CURVE('',#1667,#1665,#793,.T.);
#2029=EDGE_CURVE('',#1664,#1666,#794,.T.);
#2030=EDGE_CURVE('',#1668,#1669,#1397,.T.);
#2031=EDGE_CURVE('',#1669,#1667,#1398,.T.);
#2032=EDGE_CURVE('',#1666,#1668,#1399,.T.);
#2033=EDGE_CURVE('',#1670,#1671,#1400,.T.);
#2034=EDGE_CURVE('',#1671,#1669,#795,.T.);
#2035=EDGE_CURVE('',#1668,#1670,#796,.T.);
#2036=EDGE_CURVE('',#1659,#1671,#1401,.T.);
#2037=EDGE_CURVE('',#1670,#1672,#1402,.T.);
#2038=EDGE_CURVE('',#1672,#1656,#38,.T.);
#2039=EDGE_CURVE('',#1673,#1667,#797,.T.);
#2040=EDGE_CURVE('',#1674,#1673,#798,.T.);
#2041=EDGE_CURVE('',#1665,#1674,#799,.T.);
#2042=EDGE_CURVE('',#1669,#1675,#800,.T.);
#2043=EDGE_CURVE('',#1673,#1675,#1403,.T.);
#2044=EDGE_CURVE('',#1676,#1671,#801,.T.);
#2045=EDGE_CURVE('',#1675,#1676,#802,.T.);
#2046=EDGE_CURVE('',#1658,#1677,#803,.T.);
#2047=EDGE_CURVE('',#1676,#1677,#1404,.T.);
#2048=EDGE_CURVE('',#1678,#1672,#804,.T.);
#2049=EDGE_CURVE('',#1641,#1678,#805,.T.);
#2050=EDGE_CURVE('',#1679,#1639,#806,.T.);
#2051=EDGE_CURVE('',#1651,#1679,#807,.T.);
#2052=EDGE_CURVE('',#1680,#1681,#1405,.T.);
#2053=EDGE_CURVE('',#1681,#1682,#1406,.T.);
#2054=EDGE_CURVE('',#1682,#1683,#1407,.T.);
#2055=EDGE_CURVE('',#1683,#1680,#1408,.T.);
#2056=EDGE_CURVE('',#1684,#1685,#1409,.T.);
#2057=EDGE_CURVE('',#1685,#1683,#808,.T.);
#2058=EDGE_CURVE('',#1682,#1684,#809,.T.);
#2059=EDGE_CURVE('',#1686,#1687,#1410,.T.);
#2060=EDGE_CURVE('',#1687,#1685,#1411,.T.);
#2061=EDGE_CURVE('',#1684,#1686,#1412,.T.);
#2062=EDGE_CURVE('',#1688,#1689,#1413,.T.);
#2063=EDGE_CURVE('',#1689,#1687,#810,.T.);
#2064=EDGE_CURVE('',#1686,#1688,#811,.T.);
#2065=EDGE_CURVE('',#1679,#1690,#1414,.T.);
#2066=EDGE_CURVE('',#1690,#1689,#1415,.T.);
#2067=EDGE_CURVE('',#1688,#1679,#1416,.T.);
#2068=EDGE_CURVE('',#1639,#1691,#1417,.T.);
#2069=EDGE_CURVE('',#1691,#1690,#812,.T.);
#2070=EDGE_CURVE('',#1640,#1692,#1418,.T.);
#2071=EDGE_CURVE('',#1692,#1691,#1419,.T.);
#2072=EDGE_CURVE('',#1646,#1693,#1420,.T.);
#2073=EDGE_CURVE('',#1693,#1692,#813,.T.);
#2074=EDGE_CURVE('',#1645,#1694,#1421,.T.);
#2075=EDGE_CURVE('',#1694,#1693,#1422,.T.);
#2076=EDGE_CURVE('',#1644,#1695,#1423,.T.);
#2077=EDGE_CURVE('',#1695,#1694,#814,.T.);
#2078=EDGE_CURVE('',#1643,#1696,#1424,.T.);
#2079=EDGE_CURVE('',#1696,#1695,#1425,.T.);
#2080=EDGE_CURVE('',#1642,#1697,#1426,.T.);
#2081=EDGE_CURVE('',#1697,#1696,#815,.T.);
#2082=EDGE_CURVE('',#1641,#1698,#1427,.T.);
#2083=EDGE_CURVE('',#1698,#1697,#1428,.T.);
#2084=EDGE_CURVE('',#1678,#1699,#1429,.T.);
#2085=EDGE_CURVE('',#1699,#1698,#816,.T.);
#2086=EDGE_CURVE('',#1700,#1701,#1430,.T.);
#2087=EDGE_CURVE('',#1701,#1699,#1431,.T.);
#2088=EDGE_CURVE('',#1678,#1700,#1432,.T.);
#2089=EDGE_CURVE('',#1700,#1681,#817,.T.);
#2090=EDGE_CURVE('',#1680,#1701,#818,.T.);
#2091=EDGE_CURVE('',#1702,#1695,#819,.T.);
#2092=EDGE_CURVE('',#1702,#1703,#820,.T.);
#2093=EDGE_CURVE('',#1694,#1703,#821,.T.);
#2094=EDGE_CURVE('',#1696,#1704,#822,.T.);
#2095=EDGE_CURVE('',#1704,#1702,#1433,.T.);
#2096=EDGE_CURVE('',#1705,#1697,#823,.T.);
#2097=EDGE_CURVE('',#1706,#1705,#824,.T.);
#2098=EDGE_CURVE('',#1706,#1704,#825,.T.);
#2099=EDGE_CURVE('',#1698,#1707,#826,.T.);
#2100=EDGE_CURVE('',#1708,#1707,#1434,.F.);
#2101=EDGE_CURVE('',#1705,#1708,#39,.F.);
#2102=EDGE_CURVE('',#1607,#1699,#827,.T.);
#2103=EDGE_CURVE('',#1709,#1606,#828,.T.);
#2104=EDGE_CURVE('',#1710,#1709,#829,.T.);
#2105=EDGE_CURVE('',#1601,#1710,#830,.T.);
#2106=EDGE_CURVE('',#1711,#1600,#831,.T.);
#2107=EDGE_CURVE('',#1712,#1711,#40,.T.);
#2108=EDGE_CURVE('',#1712,#1707,#832,.T.);
#2109=EDGE_CURVE('',#1701,#1608,#833,.T.);
#2110=EDGE_CURVE('',#1609,#1680,#834,.T.);
#2111=EDGE_CURVE('',#1683,#1610,#835,.T.);
#2112=EDGE_CURVE('',#1713,#1612,#836,.T.);
#2113=EDGE_CURVE('',#1611,#1714,#837,.T.);
#2114=EDGE_CURVE('',#1714,#1713,#20,.T.);
#2115=EDGE_CURVE('',#1714,#1715,#838,.T.);
#2116=EDGE_CURVE('',#1715,#1716,#21,.T.);
#2117=EDGE_CURVE('',#1716,#1713,#839,.T.);
#2118=EDGE_CURVE('',#1715,#1616,#840,.T.);
#2119=EDGE_CURVE('',#1615,#1716,#841,.T.);
#2120=EDGE_CURVE('',#1713,#1717,#842,.F.);
#2121=EDGE_CURVE('',#1717,#1613,#843,.T.);
#2122=EDGE_CURVE('',#1718,#1716,#844,.F.);
#2123=EDGE_CURVE('',#1718,#1717,#1435,.T.);
#2124=EDGE_CURVE('',#1719,#1719,#1436,.F.);
#2125=EDGE_CURVE('',#1718,#1614,#845,.T.);
#2126=EDGE_CURVE('',#1720,#1721,#846,.T.);
#2127=EDGE_CURVE('',#1721,#1722,#1437,.T.);
#2128=EDGE_CURVE('',#1722,#1723,#847,.T.);
#2129=EDGE_CURVE('',#1723,#1720,#22,.T.);
#2130=EDGE_CURVE('',#1723,#1724,#848,.T.);
#2131=EDGE_CURVE('',#1724,#1725,#23,.T.);
#2132=EDGE_CURVE('',#1725,#1720,#849,.T.);
#2133=EDGE_CURVE('',#1724,#1726,#850,.T.);
#2134=EDGE_CURVE('',#1726,#1727,#1438,.T.);
#2135=EDGE_CURVE('',#1727,#1725,#851,.T.);
#2136=EDGE_CURVE('',#1728,#1720,#852,.T.);
#2137=EDGE_CURVE('',#1728,#1729,#853,.T.);
#2138=EDGE_CURVE('',#1721,#1729,#854,.T.);
#2139=EDGE_CURVE('',#1730,#1725,#855,.F.);
#2140=EDGE_CURVE('',#1730,#1728,#1439,.T.);
#2141=EDGE_CURVE('',#1731,#1731,#1440,.F.);
#2142=EDGE_CURVE('',#1732,#1727,#856,.T.);
#2143=EDGE_CURVE('',#1730,#1732,#857,.T.);
#2144=EDGE_CURVE('',#1733,#1564,#858,.T.);
#2145=EDGE_CURVE('',#1563,#1734,#859,.T.);
#2146=EDGE_CURVE('',#1734,#1733,#24,.T.);
#2147=EDGE_CURVE('',#1734,#1735,#860,.T.);
#2148=EDGE_CURVE('',#1735,#1736,#25,.T.);
#2149=EDGE_CURVE('',#1736,#1733,#861,.T.);
#2150=EDGE_CURVE('',#1735,#1568,#862,.T.);
#2151=EDGE_CURVE('',#1567,#1736,#863,.T.);
#2152=EDGE_CURVE('',#1733,#1737,#864,.F.);
#2153=EDGE_CURVE('',#1737,#1565,#865,.T.);
#2154=EDGE_CURVE('',#1738,#1736,#866,.F.);
#2155=EDGE_CURVE('',#1738,#1737,#1441,.T.);
#2156=EDGE_CURVE('',#1739,#1739,#1442,.F.);
#2157=EDGE_CURVE('',#1738,#1566,#867,.T.);
#2158=EDGE_CURVE('',#1740,#1602,#868,.T.);
#2159=EDGE_CURVE('',#1710,#1740,#26,.T.);
#2160=EDGE_CURVE('',#1709,#1741,#27,.T.);
#2161=EDGE_CURVE('',#1741,#1740,#869,.T.);
#2162=EDGE_CURVE('',#1605,#1741,#870,.T.);
#2163=EDGE_CURVE('',#1742,#1740,#871,.T.);
#2164=EDGE_CURVE('',#1742,#1603,#872,.T.);
#2165=EDGE_CURVE('',#1743,#1741,#873,.F.);
#2166=EDGE_CURVE('',#1743,#1742,#1443,.T.);
#2167=EDGE_CURVE('',#1744,#1744,#1444,.F.);
#2168=EDGE_CURVE('',#1743,#1604,#874,.T.);
#2169=EDGE_CURVE('',#1745,#1746,#875,.T.);
#2170=EDGE_CURVE('',#1746,#1747,#28,.T.);
#2171=EDGE_CURVE('',#1747,#1748,#876,.T.);
#2172=EDGE_CURVE('',#1748,#1745,#29,.T.);
#2173=EDGE_CURVE('',#1746,#1749,#877,.T.);
#2174=EDGE_CURVE('',#1749,#1750,#1445,.T.);
#2175=EDGE_CURVE('',#1750,#1747,#878,.T.);
#2176=EDGE_CURVE('',#1748,#1751,#879,.T.);
#2177=EDGE_CURVE('',#1751,#1752,#1446,.T.);
#2178=EDGE_CURVE('',#1752,#1745,#880,.T.);
#2179=EDGE_CURVE('',#1753,#1691,#881,.T.);
#2180=EDGE_CURVE('',#1754,#1753,#882,.T.);
#2181=EDGE_CURVE('',#1755,#1754,#883,.T.);
#2182=EDGE_CURVE('',#1749,#1755,#884,.T.);
#2183=EDGE_CURVE('',#1756,#1752,#885,.T.);
#2184=EDGE_CURVE('',#1757,#1756,#886,.T.);
#2185=EDGE_CURVE('',#1758,#1757,#41,.T.);
#2186=EDGE_CURVE('',#1758,#1759,#887,.T.);
#2187=EDGE_CURVE('',#1760,#1759,#42,.T.);
#2188=EDGE_CURVE('',#1579,#1760,#888,.T.);
#2189=EDGE_CURVE('',#1761,#1578,#889,.T.);
#2190=EDGE_CURVE('',#1762,#1761,#890,.T.);
#2191=EDGE_CURVE('',#1573,#1762,#891,.T.);
#2192=EDGE_CURVE('',#1690,#1572,#892,.T.);
#2193=EDGE_CURVE('',#1763,#1574,#893,.T.);
#2194=EDGE_CURVE('',#1762,#1763,#30,.T.);
#2195=EDGE_CURVE('',#1761,#1764,#31,.T.);
#2196=EDGE_CURVE('',#1764,#1763,#894,.T.);
#2197=EDGE_CURVE('',#1577,#1764,#895,.T.);
#2198=EDGE_CURVE('',#1763,#1765,#896,.F.);
#2199=EDGE_CURVE('',#1765,#1575,#897,.T.);
#2200=EDGE_CURVE('',#1764,#1766,#898,.T.);
#2201=EDGE_CURVE('',#1766,#1765,#1447,.T.);
#2202=EDGE_CURVE('',#1767,#1767,#1448,.F.);
#2203=EDGE_CURVE('',#1766,#1576,#899,.T.);
#2204=EDGE_CURVE('',#1703,#1768,#1449,.T.);
#2205=EDGE_CURVE('',#1768,#1693,#900,.T.);
#2206=EDGE_CURVE('',#1769,#1706,#901,.T.);
#2207=EDGE_CURVE('',#1770,#1769,#43,.T.);
#2208=EDGE_CURVE('',#1771,#1770,#1450,.T.);
#2209=EDGE_CURVE('',#1772,#1771,#902,.T.);
#2210=EDGE_CURVE('',#1772,#1773,#1451,.F.);
#2211=EDGE_CURVE('',#1768,#1773,#903,.T.);
#2212=EDGE_CURVE('',#1774,#1774,#1452,.T.);
#2213=EDGE_CURVE('',#1775,#1775,#1453,.T.);
#2214=EDGE_CURVE('',#1687,#1570,#904,.T.);
#2215=EDGE_CURVE('',#1569,#1685,#905,.T.);
#2216=EDGE_CURVE('',#1776,#1562,#906,.T.);
#2217=EDGE_CURVE('',#1777,#1776,#44,.T.);
#2218=EDGE_CURVE('',#1777,#1778,#907,.T.);
#2219=EDGE_CURVE('',#1779,#1778,#45,.T.);
#2220=EDGE_CURVE('',#1780,#1779,#908,.T.);
#2221=EDGE_CURVE('',#1726,#1780,#909,.T.);
#2222=EDGE_CURVE('',#1781,#1722,#910,.T.);
#2223=EDGE_CURVE('',#1634,#1781,#911,.T.);
#2224=EDGE_CURVE('',#1782,#1636,#912,.T.);
#2225=EDGE_CURVE('',#1783,#1782,#913,.T.);
#2226=EDGE_CURVE('',#1784,#1783,#46,.T.);
#2227=EDGE_CURVE('',#1784,#1785,#914,.T.);
#2228=EDGE_CURVE('',#1786,#1785,#47,.T.);
#2229=EDGE_CURVE('',#1617,#1786,#915,.T.);
#2230=EDGE_CURVE('',#1692,#1773,#916,.T.);
#2231=EDGE_CURVE('',#1753,#1772,#48,.F.);
#2232=EDGE_CURVE('',#1571,#1689,#917,.T.);
#2233=EDGE_CURVE('',#1673,#1787,#918,.T.);
#2234=EDGE_CURVE('',#1787,#1788,#919,.T.);
#2235=EDGE_CURVE('',#1788,#1674,#920,.T.);
#2236=EDGE_CURVE('',#1675,#1789,#921,.T.);
#2237=EDGE_CURVE('',#1789,#1787,#1454,.T.);
#2238=EDGE_CURVE('',#1676,#1790,#922,.T.);
#2239=EDGE_CURVE('',#1790,#1789,#923,.T.);
#2240=EDGE_CURVE('',#1677,#1791,#924,.T.);
#2241=EDGE_CURVE('',#1791,#1790,#1455,.T.);
#2242=EDGE_CURVE('',#1792,#1793,#925,.T.);
#2243=EDGE_CURVE('',#1793,#1791,#926,.T.);
#2244=EDGE_CURVE('',#1677,#1792,#927,.T.);
#2245=EDGE_CURVE('',#1792,#1794,#1456,.T.);
#2246=EDGE_CURVE('',#1794,#1795,#928,.T.);
#2247=EDGE_CURVE('',#1795,#1793,#1457,.T.);
#2248=EDGE_CURVE('',#1796,#1797,#929,.T.);
#2249=EDGE_CURVE('',#1797,#1795,#930,.T.);
#2250=EDGE_CURVE('',#1794,#1796,#931,.T.);
#2251=EDGE_CURVE('',#1796,#1674,#1458,.T.);
#2252=EDGE_CURVE('',#1788,#1797,#1459,.T.);
#2253=EDGE_CURVE('',#1798,#1799,#932,.T.);
#2254=EDGE_CURVE('',#1800,#1799,#1460,.T.);
#2255=EDGE_CURVE('',#1800,#1801,#933,.T.);
#2256=EDGE_CURVE('',#1802,#1801,#1461,.T.);
#2257=EDGE_CURVE('',#1802,#1803,#934,.T.);
#2258=EDGE_CURVE('',#1804,#1803,#1462,.T.);
#2259=EDGE_CURVE('',#1804,#1805,#935,.T.);
#2260=EDGE_CURVE('',#1798,#1805,#1463,.T.);
#2261=EDGE_CURVE('',#1796,#1663,#936,.T.);
#2262=EDGE_CURVE('',#1653,#1794,#937,.T.);
#2263=EDGE_CURVE('',#1792,#1661,#938,.T.);
#2264=EDGE_CURVE('',#1593,#1798,#939,.T.);
#2265=EDGE_CURVE('',#1805,#1594,#940,.T.);
#2266=EDGE_CURVE('',#1806,#1620,#941,.T.);
#2267=EDGE_CURVE('',#1807,#1806,#942,.T.);
#2268=EDGE_CURVE('',#1808,#1807,#943,.T.);
#2269=EDGE_CURVE('',#1808,#1809,#944,.T.);
#2270=EDGE_CURVE('',#1810,#1809,#945,.T.);
#2271=EDGE_CURVE('',#1811,#1810,#946,.T.);
#2272=EDGE_CURVE('',#1559,#1811,#947,.T.);
#2273=EDGE_CURVE('',#1799,#1558,#948,.T.);
#2274=EDGE_CURVE('',#1555,#1802,#949,.T.);
#2275=EDGE_CURVE('',#1801,#1556,#950,.T.);
#2276=EDGE_CURVE('',#1557,#1800,#951,.T.);
#2277=EDGE_CURVE('',#1595,#1804,#952,.T.);
#2278=EDGE_CURVE('',#1803,#1596,#953,.T.);
#2279=EDGE_CURVE('',#1812,#1582,#954,.T.);
#2280=EDGE_CURVE('',#1813,#1812,#955,.T.);
#2281=EDGE_CURVE('',#1814,#1813,#956,.T.);
#2282=EDGE_CURVE('',#1814,#1815,#957,.T.);
#2283=EDGE_CURVE('',#1816,#1815,#958,.T.);
#2284=EDGE_CURVE('',#1817,#1816,#959,.T.);
#2285=EDGE_CURVE('',#1597,#1817,#960,.T.);
#2286=EDGE_CURVE('',#1818,#1819,#1464,.T.);
#2287=EDGE_CURVE('',#1819,#1760,#1465,.T.);
#2288=EDGE_CURVE('',#1759,#1818,#1466,.T.);
#2289=EDGE_CURVE('',#1820,#1821,#1467,.T.);
#2290=EDGE_CURVE('',#1821,#1819,#961,.T.);
#2291=EDGE_CURVE('',#1818,#1820,#962,.T.);
#2292=EDGE_CURVE('',#1822,#1812,#1468,.T.);
#2293=EDGE_CURVE('',#1812,#1821,#1469,.T.);
#2294=EDGE_CURVE('',#1820,#1822,#1470,.T.);
#2295=EDGE_CURVE('',#1823,#1813,#1471,.T.);
#2296=EDGE_CURVE('',#1822,#1823,#963,.T.);
#2297=EDGE_CURVE('',#1824,#1825,#1472,.T.);
#2298=EDGE_CURVE('',#1825,#1813,#1473,.T.);
#2299=EDGE_CURVE('',#1823,#1824,#1474,.T.);
#2300=EDGE_CURVE('',#1826,#1827,#1475,.T.);
#2301=EDGE_CURVE('',#1827,#1825,#964,.T.);
#2302=EDGE_CURVE('',#1824,#1826,#965,.T.);
#2303=EDGE_CURVE('',#1757,#1827,#1476,.T.);
#2304=EDGE_CURVE('',#1826,#1758,#1477,.T.);
#2305=EDGE_CURVE('',#1828,#1828,#1478,.T.);
#2306=EDGE_CURVE('',#1829,#1830,#1479,.T.);
#2307=EDGE_CURVE('',#1830,#1779,#1480,.T.);
#2308=EDGE_CURVE('',#1778,#1829,#1481,.T.);
#2309=EDGE_CURVE('',#1831,#1832,#1482,.T.);
#2310=EDGE_CURVE('',#1832,#1830,#966,.T.);
#2311=EDGE_CURVE('',#1829,#1831,#967,.T.);
#2312=EDGE_CURVE('',#1833,#1810,#1483,.T.);
#2313=EDGE_CURVE('',#1810,#1832,#1484,.T.);
#2314=EDGE_CURVE('',#1831,#1833,#1485,.T.);
#2315=EDGE_CURVE('',#1834,#1811,#1486,.T.);
#2316=EDGE_CURVE('',#1833,#1834,#968,.T.);
#2317=EDGE_CURVE('',#1835,#1836,#1487,.T.);
#2318=EDGE_CURVE('',#1836,#1811,#1488,.T.);
#2319=EDGE_CURVE('',#1834,#1835,#1489,.T.);
#2320=EDGE_CURVE('',#1837,#1838,#1490,.T.);
#2321=EDGE_CURVE('',#1838,#1836,#969,.T.);
#2322=EDGE_CURVE('',#1835,#1837,#970,.T.);
#2323=EDGE_CURVE('',#1776,#1838,#1491,.T.);
#2324=EDGE_CURVE('',#1837,#1777,#1492,.T.);
#2325=EDGE_CURVE('',#1839,#1839,#1493,.T.);
#2326=EDGE_CURVE('',#1840,#1841,#1494,.T.);
#2327=EDGE_CURVE('',#1841,#1786,#1495,.T.);
#2328=EDGE_CURVE('',#1785,#1840,#1496,.T.);
#2329=EDGE_CURVE('',#1842,#1843,#1497,.T.);
#2330=EDGE_CURVE('',#1843,#1841,#971,.T.);
#2331=EDGE_CURVE('',#1840,#1842,#972,.T.);
#2332=EDGE_CURVE('',#1844,#1806,#1498,.T.);
#2333=EDGE_CURVE('',#1806,#1843,#1499,.T.);
#2334=EDGE_CURVE('',#1842,#1844,#1500,.T.);
#2335=EDGE_CURVE('',#1845,#1807,#1501,.T.);
#2336=EDGE_CURVE('',#1844,#1845,#973,.T.);
#2337=EDGE_CURVE('',#1846,#1847,#1502,.T.);
#2338=EDGE_CURVE('',#1847,#1807,#1503,.T.);
#2339=EDGE_CURVE('',#1845,#1846,#1504,.T.);
#2340=EDGE_CURVE('',#1848,#1849,#1505,.T.);
#2341=EDGE_CURVE('',#1849,#1847,#974,.T.);
#2342=EDGE_CURVE('',#1846,#1848,#975,.T.);
#2343=EDGE_CURVE('',#1783,#1849,#1506,.T.);
#2344=EDGE_CURVE('',#1848,#1784,#1507,.T.);
#2345=EDGE_CURVE('',#1850,#1850,#1508,.T.);
#2346=EDGE_CURVE('',#1771,#1754,#1509,.T.);
#2347=EDGE_CURVE('',#1851,#1852,#49,.T.);
#2348=EDGE_CURVE('',#1852,#1754,#1510,.T.);
#2349=EDGE_CURVE('',#1770,#1851,#50,.T.);
#2350=EDGE_CURVE('',#1853,#1854,#1511,.F.);
#2351=EDGE_CURVE('',#1855,#1853,#1512,.F.);
#2352=EDGE_CURVE('',#1854,#1855,#1513,.F.);
#2353=EDGE_CURVE('',#1856,#1857,#1514,.T.);
#2354=EDGE_CURVE('',#1857,#1855,#976,.T.);
#2355=EDGE_CURVE('',#1853,#1856,#977,.T.);
#2356=EDGE_CURVE('',#1769,#1857,#1515,.T.);
#2357=EDGE_CURVE('',#1856,#1851,#1516,.T.);
#2358=EDGE_CURVE('',#1858,#1859,#1517,.T.);
#2359=EDGE_CURVE('',#1859,#1705,#1518,.T.);
#2360=EDGE_CURVE('',#1708,#1858,#1519,.T.);
#2361=EDGE_CURVE('',#1855,#1859,#978,.T.);
#2362=EDGE_CURVE('',#1858,#1854,#979,.T.);
#2363=EDGE_CURVE('',#1860,#1861,#1520,.T.);
#2364=EDGE_CURVE('',#1861,#1853,#980,.T.);
#2365=EDGE_CURVE('',#1854,#1860,#981,.T.);
#2366=EDGE_CURVE('',#1862,#1816,#1521,.T.);
#2367=EDGE_CURVE('',#1816,#1861,#1522,.T.);
#2368=EDGE_CURVE('',#1860,#1862,#1523,.T.);
#2369=EDGE_CURVE('',#1863,#1817,#1524,.T.);
#2370=EDGE_CURVE('',#1862,#1863,#982,.T.);
#2371=EDGE_CURVE('',#1864,#1865,#1525,.T.);
#2372=EDGE_CURVE('',#1865,#1817,#1526,.T.);
#2373=EDGE_CURVE('',#1863,#1864,#1527,.T.);
#2374=EDGE_CURVE('',#1866,#1867,#1528,.T.);
#2375=EDGE_CURVE('',#1867,#1865,#983,.T.);
#2376=EDGE_CURVE('',#1864,#1866,#984,.T.);
#2377=EDGE_CURVE('',#1711,#1867,#1529,.T.);
#2378=EDGE_CURVE('',#1866,#1712,#1530,.T.);
#2379=EDGE_CURVE('',#1868,#1857,#985,.T.);
#2380=EDGE_CURVE('',#1859,#1868,#986,.T.);
#2381=EDGE_CURVE('',#1706,#1868,#32,.T.);
#2382=EDGE_CURVE('',#1869,#1861,#987,.T.);
#2383=EDGE_CURVE('',#1870,#1869,#988,.T.);
#2384=EDGE_CURVE('',#1852,#1870,#989,.T.);
#2385=EDGE_CURVE('',#1815,#1869,#1531,.T.);
#2386=EDGE_CURVE('',#1865,#1598,#990,.T.);
#2387=EDGE_CURVE('',#1599,#1867,#991,.T.);
#2388=EDGE_CURVE('',#1756,#1871,#1532,.T.);
#2389=EDGE_CURVE('',#1871,#1827,#992,.T.);
#2390=EDGE_CURVE('',#1751,#1872,#993,.T.);
#2391=EDGE_CURVE('',#1872,#1873,#1533,.T.);
#2392=EDGE_CURVE('',#1873,#1750,#994,.T.);
#2393=EDGE_CURVE('',#1870,#1755,#1534,.T.);
#2394=EDGE_CURVE('',#1874,#1814,#1535,.T.);
#2395=EDGE_CURVE('',#1874,#1871,#995,.T.);
#2396=EDGE_CURVE('',#1875,#1875,#1536,.T.);
#2397=EDGE_CURVE('',#1819,#1580,#996,.T.);
#2398=EDGE_CURVE('',#1830,#1876,#997,.T.);
#2399=EDGE_CURVE('',#1876,#1780,#1537,.T.);
#2400=EDGE_CURVE('',#1876,#1877,#998,.T.);
#2401=EDGE_CURVE('',#1809,#1877,#1538,.T.);
#2402=EDGE_CURVE('',#1878,#1808,#1539,.T.);
#2403=EDGE_CURVE('',#1878,#1879,#999,.T.);
#2404=EDGE_CURVE('',#1782,#1879,#1540,.T.);
#2405=EDGE_CURVE('',#1635,#1781,#1000,.T.);
#2406=EDGE_CURVE('',#1729,#1732,#1541,.T.);
#2407=EDGE_CURVE('',#1880,#1880,#1542,.T.);
#2408=EDGE_CURVE('',#1561,#1838,#1001,.T.);
#2409=EDGE_CURVE('',#1836,#1560,#1002,.T.);
#2410=EDGE_CURVE('',#1879,#1849,#1003,.T.);
#2411=EDGE_CURVE('',#1847,#1878,#1004,.T.);
#2412=EDGE_CURVE('',#1841,#1618,#1005,.T.);
#2413=EDGE_CURVE('',#1619,#1843,#1006,.T.);
#2414=EDGE_CURVE('',#1877,#1832,#1007,.T.);
#2415=EDGE_CURVE('',#1825,#1874,#1008,.T.);
#2416=EDGE_CURVE('',#1581,#1821,#1009,.T.);
#2417=EDGE_CURVE('',#1881,#1881,#1543,.T.);
#2418=EDGE_CURVE('',#1767,#1584,#1010,.T.);
#2419=EDGE_CURVE('',#1882,#1882,#1544,.F.);
#2420=EDGE_CURVE('',#1882,#1875,#1011,.T.);
#2421=EDGE_CURVE('',#1744,#1622,#1012,.T.);
#2422=EDGE_CURVE('',#1719,#1623,#1013,.T.);
#2423=EDGE_CURVE('',#1731,#1880,#1014,.T.);
#2424=EDGE_CURVE('',#1739,#1585,#1015,.T.);
#2425=EDGE_CURVE('',#1883,#1873,#1016,.T.);
#2426=EDGE_CURVE('',#1883,#1747,#1017,.F.);
#2427=EDGE_CURVE('',#1883,#1884,#1545,.T.);
#2428=EDGE_CURVE('',#1884,#1872,#1018,.T.);
#2429=EDGE_CURVE('',#1748,#1884,#1019,.F.);
#2430=EDGE_CURVE('',#1885,#1885,#1546,.T.);
#2431=EDGE_CURVE('',#1885,#1650,#1020,.T.);
#2432=EDGE_CURVE('',#1774,#1885,#1021,.T.);
#2433=EDGE_CURVE('',#1886,#1886,#1547,.T.);
#2434=EDGE_CURVE('',#1886,#1648,#1022,.T.);
#2435=EDGE_CURVE('',#1775,#1886,#1023,.T.);
#2436=EDGE_CURVE('',#1887,#1887,#1548,.T.);
#2437=EDGE_CURVE('',#1887,#1888,#1024,.T.);
#2438=EDGE_CURVE('',#1839,#1887,#1025,.T.);
#2439=EDGE_CURVE('',#1889,#1889,#1549,.T.);
#2440=EDGE_CURVE('',#1889,#1890,#1026,.T.);
#2441=EDGE_CURVE('',#1828,#1889,#1027,.T.);
#2442=EDGE_CURVE('',#1891,#1891,#1550,.T.);
#2443=EDGE_CURVE('',#1891,#1892,#1028,.T.);
#2444=EDGE_CURVE('',#1881,#1891,#1029,.T.);
#2445=EDGE_CURVE('',#1893,#1893,#1551,.T.);
#2446=EDGE_CURVE('',#1893,#1894,#1030,.T.);
#2447=EDGE_CURVE('',#1850,#1893,#1031,.T.);
#2448=ORIENTED_EDGE('',*,*,#1895,.T.);
#2449=ORIENTED_EDGE('',*,*,#1896,.T.);
#2450=ORIENTED_EDGE('',*,*,#1897,.T.);
#2451=ORIENTED_EDGE('',*,*,#1898,.T.);
#2452=ORIENTED_EDGE('',*,*,#1896,.F.);
#2453=ORIENTED_EDGE('',*,*,#1899,.T.);
#2454=ORIENTED_EDGE('',*,*,#1900,.F.);
#2455=ORIENTED_EDGE('',*,*,#1901,.T.);
#2456=ORIENTED_EDGE('',*,*,#1902,.F.);
#2457=ORIENTED_EDGE('',*,*,#1903,.F.);
#2458=ORIENTED_EDGE('',*,*,#1904,.T.);
#2459=ORIENTED_EDGE('',*,*,#1905,.F.);
#2460=ORIENTED_EDGE('',*,*,#1906,.T.);
#2461=ORIENTED_EDGE('',*,*,#1907,.F.);
#2462=ORIENTED_EDGE('',*,*,#1908,.T.);
#2463=ORIENTED_EDGE('',*,*,#1909,.T.);
#2464=ORIENTED_EDGE('',*,*,#1910,.T.);
#2465=ORIENTED_EDGE('',*,*,#1911,.F.);
#2466=ORIENTED_EDGE('',*,*,#1912,.T.);
#2467=ORIENTED_EDGE('',*,*,#1913,.F.);
#2468=ORIENTED_EDGE('',*,*,#1914,.T.);
#2469=ORIENTED_EDGE('',*,*,#1915,.F.);
#2470=ORIENTED_EDGE('',*,*,#1916,.T.);
#2471=ORIENTED_EDGE('',*,*,#1917,.F.);
#2472=ORIENTED_EDGE('',*,*,#1918,.T.);
#2473=ORIENTED_EDGE('',*,*,#1919,.T.);
#2474=ORIENTED_EDGE('',*,*,#1920,.T.);
#2475=ORIENTED_EDGE('',*,*,#1921,.F.);
#2476=ORIENTED_EDGE('',*,*,#1922,.T.);
#2477=ORIENTED_EDGE('',*,*,#1923,.F.);
#2478=ORIENTED_EDGE('',*,*,#1924,.T.);
#2479=ORIENTED_EDGE('',*,*,#1925,.F.);
#2480=ORIENTED_EDGE('',*,*,#1926,.F.);
#2481=ORIENTED_EDGE('',*,*,#1927,.F.);
#2482=ORIENTED_EDGE('',*,*,#1928,.T.);
#2483=ORIENTED_EDGE('',*,*,#1929,.T.);
#2484=ORIENTED_EDGE('',*,*,#1895,.F.);
#2485=ORIENTED_EDGE('',*,*,#1897,.F.);
#2486=ORIENTED_EDGE('',*,*,#1898,.F.);
#2487=ORIENTED_EDGE('',*,*,#1930,.T.);
#2488=ORIENTED_EDGE('',*,*,#1931,.T.);
#2489=ORIENTED_EDGE('',*,*,#1930,.F.);
#2490=ORIENTED_EDGE('',*,*,#1927,.T.);
#2491=ORIENTED_EDGE('',*,*,#1932,.T.);
#2492=ORIENTED_EDGE('',*,*,#1933,.T.);
#2493=ORIENTED_EDGE('',*,*,#1934,.T.);
#2494=ORIENTED_EDGE('',*,*,#1932,.F.);
#2495=ORIENTED_EDGE('',*,*,#1933,.F.);
#2496=ORIENTED_EDGE('',*,*,#1934,.F.);
#2497=ORIENTED_EDGE('',*,*,#1935,.T.);
#2498=ORIENTED_EDGE('',*,*,#1936,.T.);
#2499=ORIENTED_EDGE('',*,*,#1935,.F.);
#2500=ORIENTED_EDGE('',*,*,#1937,.T.);
#2501=ORIENTED_EDGE('',*,*,#1938,.T.);
#2502=ORIENTED_EDGE('',*,*,#1939,.T.);
#2503=ORIENTED_EDGE('',*,*,#1940,.T.);
#2504=ORIENTED_EDGE('',*,*,#1938,.F.);
#2505=ORIENTED_EDGE('',*,*,#1941,.T.);
#2506=ORIENTED_EDGE('',*,*,#1942,.F.);
#2507=ORIENTED_EDGE('',*,*,#1943,.T.);
#2508=ORIENTED_EDGE('',*,*,#1944,.F.);
#2509=ORIENTED_EDGE('',*,*,#1945,.F.);
#2510=ORIENTED_EDGE('',*,*,#1946,.T.);
#2511=ORIENTED_EDGE('',*,*,#1947,.F.);
#2512=ORIENTED_EDGE('',*,*,#1948,.T.);
#2513=ORIENTED_EDGE('',*,*,#1949,.F.);
#2514=ORIENTED_EDGE('',*,*,#1950,.T.);
#2515=ORIENTED_EDGE('',*,*,#1951,.T.);
#2516=ORIENTED_EDGE('',*,*,#1952,.T.);
#2517=ORIENTED_EDGE('',*,*,#1953,.F.);
#2518=ORIENTED_EDGE('',*,*,#1954,.T.);
#2519=ORIENTED_EDGE('',*,*,#1955,.F.);
#2520=ORIENTED_EDGE('',*,*,#1956,.T.);
#2521=ORIENTED_EDGE('',*,*,#1957,.F.);
#2522=ORIENTED_EDGE('',*,*,#1958,.T.);
#2523=ORIENTED_EDGE('',*,*,#1959,.F.);
#2524=ORIENTED_EDGE('',*,*,#1960,.T.);
#2525=ORIENTED_EDGE('',*,*,#1961,.T.);
#2526=ORIENTED_EDGE('',*,*,#1962,.T.);
#2527=ORIENTED_EDGE('',*,*,#1963,.F.);
#2528=ORIENTED_EDGE('',*,*,#1964,.T.);
#2529=ORIENTED_EDGE('',*,*,#1965,.F.);
#2530=ORIENTED_EDGE('',*,*,#1966,.T.);
#2531=ORIENTED_EDGE('',*,*,#1967,.F.);
#2532=ORIENTED_EDGE('',*,*,#1968,.F.);
#2533=ORIENTED_EDGE('',*,*,#1969,.F.);
#2534=ORIENTED_EDGE('',*,*,#1970,.T.);
#2535=ORIENTED_EDGE('',*,*,#1971,.T.);
#2536=ORIENTED_EDGE('',*,*,#1937,.F.);
#2537=ORIENTED_EDGE('',*,*,#1939,.F.);
#2538=ORIENTED_EDGE('',*,*,#1940,.F.);
#2539=ORIENTED_EDGE('',*,*,#1972,.T.);
#2540=ORIENTED_EDGE('',*,*,#1973,.T.);
#2541=ORIENTED_EDGE('',*,*,#1972,.F.);
#2542=ORIENTED_EDGE('',*,*,#1969,.T.);
#2543=ORIENTED_EDGE('',*,*,#1974,.T.);
#2544=ORIENTED_EDGE('',*,*,#1975,.T.);
#2545=ORIENTED_EDGE('',*,*,#1976,.T.);
#2546=ORIENTED_EDGE('',*,*,#1974,.F.);
#2547=ORIENTED_EDGE('',*,*,#1975,.F.);
#2548=ORIENTED_EDGE('',*,*,#1976,.F.);
#2549=ORIENTED_EDGE('',*,*,#1977,.T.);
#2550=ORIENTED_EDGE('',*,*,#1978,.T.);
#2551=ORIENTED_EDGE('',*,*,#1977,.F.);
#2552=ORIENTED_EDGE('',*,*,#1973,.F.);
#2553=ORIENTED_EDGE('',*,*,#1979,.T.);
#2554=ORIENTED_EDGE('',*,*,#1979,.F.);
#2555=ORIENTED_EDGE('',*,*,#1931,.F.);
#2556=ORIENTED_EDGE('',*,*,#1980,.T.);
#2557=ORIENTED_EDGE('',*,*,#1980,.F.);
#2558=ORIENTED_EDGE('',*,*,#1936,.F.);
#2559=ORIENTED_EDGE('',*,*,#1981,.T.);
#2560=ORIENTED_EDGE('',*,*,#1981,.F.);
#2561=ORIENTED_EDGE('',*,*,#1978,.F.);
#2562=ORIENTED_EDGE('',*,*,#1982,.T.);
#2563=ORIENTED_EDGE('',*,*,#1982,.F.);
#2564=ORIENTED_EDGE('',*,*,#1983,.F.);
#2565=ORIENTED_EDGE('',*,*,#1984,.F.);
#2566=ORIENTED_EDGE('',*,*,#1985,.F.);
#2567=ORIENTED_EDGE('',*,*,#1986,.F.);
#2568=ORIENTED_EDGE('',*,*,#1983,.T.);
#2569=ORIENTED_EDGE('',*,*,#1987,.F.);
#2570=ORIENTED_EDGE('',*,*,#1988,.F.);
#2571=ORIENTED_EDGE('',*,*,#1989,.T.);
#2572=ORIENTED_EDGE('',*,*,#1990,.T.);
#2573=ORIENTED_EDGE('',*,*,#1991,.T.);
#2574=ORIENTED_EDGE('',*,*,#1990,.F.);
#2575=ORIENTED_EDGE('',*,*,#1992,.F.);
#2576=ORIENTED_EDGE('',*,*,#1993,.T.);
#2577=ORIENTED_EDGE('',*,*,#1994,.F.);
#2578=ORIENTED_EDGE('',*,*,#1995,.F.);
#2579=ORIENTED_EDGE('',*,*,#1996,.F.);
#2580=ORIENTED_EDGE('',*,*,#1997,.F.);
#2581=ORIENTED_EDGE('',*,*,#1998,.F.);
#2582=ORIENTED_EDGE('',*,*,#1999,.F.);
#2583=ORIENTED_EDGE('',*,*,#2000,.F.);
#2584=ORIENTED_EDGE('',*,*,#1989,.F.);
#2585=ORIENTED_EDGE('',*,*,#2001,.T.);
#2586=ORIENTED_EDGE('',*,*,#2002,.T.);
#2587=ORIENTED_EDGE('',*,*,#1991,.F.);
#2588=ORIENTED_EDGE('',*,*,#2002,.F.);
#2589=ORIENTED_EDGE('',*,*,#2000,.T.);
#2590=ORIENTED_EDGE('',*,*,#2003,.T.);
#2591=ORIENTED_EDGE('',*,*,#2004,.T.);
#2592=ORIENTED_EDGE('',*,*,#2003,.F.);
#2593=ORIENTED_EDGE('',*,*,#2005,.T.);
#2594=ORIENTED_EDGE('',*,*,#2006,.T.);
#2595=ORIENTED_EDGE('',*,*,#2004,.F.);
#2596=ORIENTED_EDGE('',*,*,#2006,.F.);
#2597=ORIENTED_EDGE('',*,*,#2007,.T.);
#2598=ORIENTED_EDGE('',*,*,#2008,.T.);
#2599=ORIENTED_EDGE('',*,*,#2009,.T.);
#2600=ORIENTED_EDGE('',*,*,#2010,.T.);
#2601=ORIENTED_EDGE('',*,*,#2011,.T.);
#2602=ORIENTED_EDGE('',*,*,#2012,.T.);
#2603=ORIENTED_EDGE('',*,*,#2013,.T.);
#2604=ORIENTED_EDGE('',*,*,#2014,.T.);
#2605=ORIENTED_EDGE('',*,*,#2015,.T.);
#2606=ORIENTED_EDGE('',*,*,#2016,.T.);
#2607=ORIENTED_EDGE('',*,*,#2017,.T.);
#2608=ORIENTED_EDGE('',*,*,#2013,.F.);
#2609=ORIENTED_EDGE('',*,*,#2018,.T.);
#2610=ORIENTED_EDGE('',*,*,#2019,.T.);
#2611=ORIENTED_EDGE('',*,*,#2016,.F.);
#2612=ORIENTED_EDGE('',*,*,#2020,.T.);
#2613=ORIENTED_EDGE('',*,*,#2010,.F.);
#2614=ORIENTED_EDGE('',*,*,#2021,.T.);
#2615=ORIENTED_EDGE('',*,*,#2022,.T.);
#2616=ORIENTED_EDGE('',*,*,#2008,.F.);
#2617=ORIENTED_EDGE('',*,*,#2023,.T.);
#2618=ORIENTED_EDGE('',*,*,#2024,.T.);
#2619=ORIENTED_EDGE('',*,*,#2025,.T.);
#2620=ORIENTED_EDGE('',*,*,#2021,.F.);
#2621=ORIENTED_EDGE('',*,*,#2026,.T.);
#2622=ORIENTED_EDGE('',*,*,#2027,.T.);
#2623=ORIENTED_EDGE('',*,*,#2028,.T.);
#2624=ORIENTED_EDGE('',*,*,#2024,.F.);
#2625=ORIENTED_EDGE('',*,*,#2029,.T.);
#2626=ORIENTED_EDGE('',*,*,#2030,.T.);
#2627=ORIENTED_EDGE('',*,*,#2031,.T.);
#2628=ORIENTED_EDGE('',*,*,#2027,.F.);
#2629=ORIENTED_EDGE('',*,*,#2032,.T.);
#2630=ORIENTED_EDGE('',*,*,#2033,.T.);
#2631=ORIENTED_EDGE('',*,*,#2034,.T.);
#2632=ORIENTED_EDGE('',*,*,#2030,.F.);
#2633=ORIENTED_EDGE('',*,*,#2035,.T.);
#2634=ORIENTED_EDGE('',*,*,#2036,.T.);
#2635=ORIENTED_EDGE('',*,*,#2033,.F.);
#2636=ORIENTED_EDGE('',*,*,#2037,.T.);
#2637=ORIENTED_EDGE('',*,*,#2038,.T.);
#2638=ORIENTED_EDGE('',*,*,#2015,.F.);
#2639=ORIENTED_EDGE('',*,*,#2028,.F.);
#2640=ORIENTED_EDGE('',*,*,#2039,.F.);
#2641=ORIENTED_EDGE('',*,*,#2040,.F.);
#2642=ORIENTED_EDGE('',*,*,#2041,.F.);
#2643=ORIENTED_EDGE('',*,*,#2031,.F.);
#2644=ORIENTED_EDGE('',*,*,#2042,.T.);
#2645=ORIENTED_EDGE('',*,*,#2043,.F.);
#2646=ORIENTED_EDGE('',*,*,#2039,.T.);
#2647=ORIENTED_EDGE('',*,*,#2034,.F.);
#2648=ORIENTED_EDGE('',*,*,#2044,.F.);
#2649=ORIENTED_EDGE('',*,*,#2045,.F.);
#2650=ORIENTED_EDGE('',*,*,#2042,.F.);
#2651=ORIENTED_EDGE('',*,*,#2036,.F.);
#2652=ORIENTED_EDGE('',*,*,#2014,.F.);
#2653=ORIENTED_EDGE('',*,*,#2046,.T.);
#2654=ORIENTED_EDGE('',*,*,#2047,.F.);
#2655=ORIENTED_EDGE('',*,*,#2044,.T.);
#2656=ORIENTED_EDGE('',*,*,#2011,.F.);
#2657=ORIENTED_EDGE('',*,*,#2020,.F.);
#2658=ORIENTED_EDGE('',*,*,#2018,.F.);
#2659=ORIENTED_EDGE('',*,*,#2012,.F.);
#2660=ORIENTED_EDGE('',*,*,#2038,.F.);
#2661=ORIENTED_EDGE('',*,*,#2048,.F.);
#2662=ORIENTED_EDGE('',*,*,#2049,.F.);
#2663=ORIENTED_EDGE('',*,*,#1993,.F.);
#2664=ORIENTED_EDGE('',*,*,#2050,.F.);
#2665=ORIENTED_EDGE('',*,*,#2051,.F.);
#2666=ORIENTED_EDGE('',*,*,#2052,.T.);
#2667=ORIENTED_EDGE('',*,*,#2053,.T.);
#2668=ORIENTED_EDGE('',*,*,#2054,.T.);
#2669=ORIENTED_EDGE('',*,*,#2055,.T.);
#2670=ORIENTED_EDGE('',*,*,#2056,.T.);
#2671=ORIENTED_EDGE('',*,*,#2057,.T.);
#2672=ORIENTED_EDGE('',*,*,#2054,.F.);
#2673=ORIENTED_EDGE('',*,*,#2058,.T.);
#2674=ORIENTED_EDGE('',*,*,#2059,.T.);
#2675=ORIENTED_EDGE('',*,*,#2060,.T.);
#2676=ORIENTED_EDGE('',*,*,#2056,.F.);
#2677=ORIENTED_EDGE('',*,*,#2061,.T.);
#2678=ORIENTED_EDGE('',*,*,#2062,.T.);
#2679=ORIENTED_EDGE('',*,*,#2063,.T.);
#2680=ORIENTED_EDGE('',*,*,#2059,.F.);
#2681=ORIENTED_EDGE('',*,*,#2064,.T.);
#2682=ORIENTED_EDGE('',*,*,#2065,.T.);
#2683=ORIENTED_EDGE('',*,*,#2066,.T.);
#2684=ORIENTED_EDGE('',*,*,#2062,.F.);
#2685=ORIENTED_EDGE('',*,*,#2067,.T.);
#2686=ORIENTED_EDGE('',*,*,#2068,.T.);
#2687=ORIENTED_EDGE('',*,*,#2069,.T.);
#2688=ORIENTED_EDGE('',*,*,#2065,.F.);
#2689=ORIENTED_EDGE('',*,*,#2050,.T.);
#2690=ORIENTED_EDGE('',*,*,#2070,.T.);
#2691=ORIENTED_EDGE('',*,*,#2071,.T.);
#2692=ORIENTED_EDGE('',*,*,#2068,.F.);
#2693=ORIENTED_EDGE('',*,*,#1992,.T.);
#2694=ORIENTED_EDGE('',*,*,#2072,.T.);
#2695=ORIENTED_EDGE('',*,*,#2073,.T.);
#2696=ORIENTED_EDGE('',*,*,#2070,.F.);
#2697=ORIENTED_EDGE('',*,*,#1999,.T.);
#2698=ORIENTED_EDGE('',*,*,#2074,.T.);
#2699=ORIENTED_EDGE('',*,*,#2075,.T.);
#2700=ORIENTED_EDGE('',*,*,#2072,.F.);
#2701=ORIENTED_EDGE('',*,*,#1998,.T.);
#2702=ORIENTED_EDGE('',*,*,#2076,.T.);
#2703=ORIENTED_EDGE('',*,*,#2077,.T.);
#2704=ORIENTED_EDGE('',*,*,#2074,.F.);
#2705=ORIENTED_EDGE('',*,*,#1997,.T.);
#2706=ORIENTED_EDGE('',*,*,#2078,.T.);
#2707=ORIENTED_EDGE('',*,*,#2079,.T.);
#2708=ORIENTED_EDGE('',*,*,#2076,.F.);
#2709=ORIENTED_EDGE('',*,*,#1996,.T.);
#2710=ORIENTED_EDGE('',*,*,#2080,.T.);
#2711=ORIENTED_EDGE('',*,*,#2081,.T.);
#2712=ORIENTED_EDGE('',*,*,#2078,.F.);
#2713=ORIENTED_EDGE('',*,*,#1995,.T.);
#2714=ORIENTED_EDGE('',*,*,#2082,.T.);
#2715=ORIENTED_EDGE('',*,*,#2083,.T.);
#2716=ORIENTED_EDGE('',*,*,#2080,.F.);
#2717=ORIENTED_EDGE('',*,*,#1994,.T.);
#2718=ORIENTED_EDGE('',*,*,#2084,.T.);
#2719=ORIENTED_EDGE('',*,*,#2085,.T.);
#2720=ORIENTED_EDGE('',*,*,#2082,.F.);
#2721=ORIENTED_EDGE('',*,*,#2049,.T.);
#2722=ORIENTED_EDGE('',*,*,#2086,.T.);
#2723=ORIENTED_EDGE('',*,*,#2087,.T.);
#2724=ORIENTED_EDGE('',*,*,#2084,.F.);
#2725=ORIENTED_EDGE('',*,*,#2088,.T.);
#2726=ORIENTED_EDGE('',*,*,#2086,.F.);
#2727=ORIENTED_EDGE('',*,*,#2089,.T.);
#2728=ORIENTED_EDGE('',*,*,#2052,.F.);
#2729=ORIENTED_EDGE('',*,*,#2090,.T.);
#2730=ORIENTED_EDGE('',*,*,#2007,.F.);
#2731=ORIENTED_EDGE('',*,*,#2051,.T.);
#2732=ORIENTED_EDGE('',*,*,#2067,.F.);
#2733=ORIENTED_EDGE('',*,*,#2064,.F.);
#2734=ORIENTED_EDGE('',*,*,#2061,.F.);
#2735=ORIENTED_EDGE('',*,*,#2058,.F.);
#2736=ORIENTED_EDGE('',*,*,#2053,.F.);
#2737=ORIENTED_EDGE('',*,*,#2089,.F.);
#2738=ORIENTED_EDGE('',*,*,#2088,.F.);
#2739=ORIENTED_EDGE('',*,*,#2048,.T.);
#2740=ORIENTED_EDGE('',*,*,#2037,.F.);
#2741=ORIENTED_EDGE('',*,*,#2035,.F.);
#2742=ORIENTED_EDGE('',*,*,#2032,.F.);
#2743=ORIENTED_EDGE('',*,*,#2029,.F.);
#2744=ORIENTED_EDGE('',*,*,#2026,.F.);
#2745=ORIENTED_EDGE('',*,*,#2023,.F.);
#2746=ORIENTED_EDGE('',*,*,#2077,.F.);
#2747=ORIENTED_EDGE('',*,*,#2091,.F.);
#2748=ORIENTED_EDGE('',*,*,#2092,.T.);
#2749=ORIENTED_EDGE('',*,*,#2093,.F.);
#2750=ORIENTED_EDGE('',*,*,#2079,.F.);
#2751=ORIENTED_EDGE('',*,*,#2094,.T.);
#2752=ORIENTED_EDGE('',*,*,#2095,.T.);
#2753=ORIENTED_EDGE('',*,*,#2091,.T.);
#2754=ORIENTED_EDGE('',*,*,#2081,.F.);
#2755=ORIENTED_EDGE('',*,*,#2096,.F.);
#2756=ORIENTED_EDGE('',*,*,#2097,.F.);
#2757=ORIENTED_EDGE('',*,*,#2098,.T.);
#2758=ORIENTED_EDGE('',*,*,#2094,.F.);
#2759=ORIENTED_EDGE('',*,*,#2083,.F.);
#2760=ORIENTED_EDGE('',*,*,#2099,.T.);
#2761=ORIENTED_EDGE('',*,*,#2100,.F.);
#2762=ORIENTED_EDGE('',*,*,#2101,.F.);
#2763=ORIENTED_EDGE('',*,*,#2096,.T.);
#2764=ORIENTED_EDGE('',*,*,#2085,.F.);
#2765=ORIENTED_EDGE('',*,*,#2102,.F.);
#2766=ORIENTED_EDGE('',*,*,#1954,.F.);
#2767=ORIENTED_EDGE('',*,*,#2103,.F.);
#2768=ORIENTED_EDGE('',*,*,#2104,.F.);
#2769=ORIENTED_EDGE('',*,*,#2105,.F.);
#2770=ORIENTED_EDGE('',*,*,#1948,.F.);
#2771=ORIENTED_EDGE('',*,*,#2106,.F.);
#2772=ORIENTED_EDGE('',*,*,#2107,.F.);
#2773=ORIENTED_EDGE('',*,*,#2108,.T.);
#2774=ORIENTED_EDGE('',*,*,#2099,.F.);
#2775=ORIENTED_EDGE('',*,*,#2087,.F.);
#2776=ORIENTED_EDGE('',*,*,#2109,.T.);
#2777=ORIENTED_EDGE('',*,*,#1955,.T.);
#2778=ORIENTED_EDGE('',*,*,#2102,.T.);
#2779=ORIENTED_EDGE('',*,*,#2090,.F.);
#2780=ORIENTED_EDGE('',*,*,#2110,.F.);
#2781=ORIENTED_EDGE('',*,*,#1956,.F.);
#2782=ORIENTED_EDGE('',*,*,#2109,.F.);
#2783=ORIENTED_EDGE('',*,*,#2055,.F.);
#2784=ORIENTED_EDGE('',*,*,#2111,.T.);
#2785=ORIENTED_EDGE('',*,*,#1957,.T.);
#2786=ORIENTED_EDGE('',*,*,#2110,.T.);
#2787=ORIENTED_EDGE('',*,*,#2112,.T.);
#2788=ORIENTED_EDGE('',*,*,#1959,.T.);
#2789=ORIENTED_EDGE('',*,*,#2113,.T.);
#2790=ORIENTED_EDGE('',*,*,#2114,.T.);
#2791=ORIENTED_EDGE('',*,*,#2115,.T.);
#2792=ORIENTED_EDGE('',*,*,#2116,.T.);
#2793=ORIENTED_EDGE('',*,*,#2117,.T.);
#2794=ORIENTED_EDGE('',*,*,#2114,.F.);
#2795=ORIENTED_EDGE('',*,*,#2118,.T.);
#2796=ORIENTED_EDGE('',*,*,#1963,.T.);
#2797=ORIENTED_EDGE('',*,*,#2119,.T.);
#2798=ORIENTED_EDGE('',*,*,#2116,.F.);
#2799=ORIENTED_EDGE('',*,*,#2112,.F.);
#2800=ORIENTED_EDGE('',*,*,#2120,.T.);
#2801=ORIENTED_EDGE('',*,*,#2121,.T.);
#2802=ORIENTED_EDGE('',*,*,#1960,.F.);
#2803=ORIENTED_EDGE('',*,*,#2117,.F.);
#2804=ORIENTED_EDGE('',*,*,#2122,.F.);
#2805=ORIENTED_EDGE('',*,*,#2123,.T.);
#2806=ORIENTED_EDGE('',*,*,#2120,.F.);
#2807=ORIENTED_EDGE('',*,*,#2124,.T.);
#2808=ORIENTED_EDGE('',*,*,#2119,.F.);
#2809=ORIENTED_EDGE('',*,*,#1962,.F.);
#2810=ORIENTED_EDGE('',*,*,#2125,.F.);
#2811=ORIENTED_EDGE('',*,*,#2122,.T.);
#2812=ORIENTED_EDGE('',*,*,#2126,.T.);
#2813=ORIENTED_EDGE('',*,*,#2127,.T.);
#2814=ORIENTED_EDGE('',*,*,#2128,.T.);
#2815=ORIENTED_EDGE('',*,*,#2129,.T.);
#2816=ORIENTED_EDGE('',*,*,#2130,.T.);
#2817=ORIENTED_EDGE('',*,*,#2131,.T.);
#2818=ORIENTED_EDGE('',*,*,#2132,.T.);
#2819=ORIENTED_EDGE('',*,*,#2129,.F.);
#2820=ORIENTED_EDGE('',*,*,#2133,.T.);
#2821=ORIENTED_EDGE('',*,*,#2134,.T.);
#2822=ORIENTED_EDGE('',*,*,#2135,.T.);
#2823=ORIENTED_EDGE('',*,*,#2131,.F.);
#2824=ORIENTED_EDGE('',*,*,#2126,.F.);
#2825=ORIENTED_EDGE('',*,*,#2136,.F.);
#2826=ORIENTED_EDGE('',*,*,#2137,.T.);
#2827=ORIENTED_EDGE('',*,*,#2138,.F.);
#2828=ORIENTED_EDGE('',*,*,#2132,.F.);
#2829=ORIENTED_EDGE('',*,*,#2139,.F.);
#2830=ORIENTED_EDGE('',*,*,#2140,.T.);
#2831=ORIENTED_EDGE('',*,*,#2136,.T.);
#2832=ORIENTED_EDGE('',*,*,#2141,.T.);
#2833=ORIENTED_EDGE('',*,*,#2135,.F.);
#2834=ORIENTED_EDGE('',*,*,#2142,.F.);
#2835=ORIENTED_EDGE('',*,*,#2143,.F.);
#2836=ORIENTED_EDGE('',*,*,#2139,.T.);
#2837=ORIENTED_EDGE('',*,*,#2144,.T.);
#2838=ORIENTED_EDGE('',*,*,#1907,.T.);
#2839=ORIENTED_EDGE('',*,*,#2145,.T.);
#2840=ORIENTED_EDGE('',*,*,#2146,.T.);
#2841=ORIENTED_EDGE('',*,*,#2147,.T.);
#2842=ORIENTED_EDGE('',*,*,#2148,.T.);
#2843=ORIENTED_EDGE('',*,*,#2149,.T.);
#2844=ORIENTED_EDGE('',*,*,#2146,.F.);
#2845=ORIENTED_EDGE('',*,*,#2150,.T.);
#2846=ORIENTED_EDGE('',*,*,#1911,.T.);
#2847=ORIENTED_EDGE('',*,*,#2151,.T.);
#2848=ORIENTED_EDGE('',*,*,#2148,.F.);
#2849=ORIENTED_EDGE('',*,*,#2144,.F.);
#2850=ORIENTED_EDGE('',*,*,#2152,.T.);
#2851=ORIENTED_EDGE('',*,*,#2153,.T.);
#2852=ORIENTED_EDGE('',*,*,#1908,.F.);
#2853=ORIENTED_EDGE('',*,*,#2149,.F.);
#2854=ORIENTED_EDGE('',*,*,#2154,.F.);
#2855=ORIENTED_EDGE('',*,*,#2155,.T.);
#2856=ORIENTED_EDGE('',*,*,#2152,.F.);
#2857=ORIENTED_EDGE('',*,*,#2156,.T.);
#2858=ORIENTED_EDGE('',*,*,#2151,.F.);
#2859=ORIENTED_EDGE('',*,*,#1910,.F.);
#2860=ORIENTED_EDGE('',*,*,#2157,.F.);
#2861=ORIENTED_EDGE('',*,*,#2154,.T.);
#2862=ORIENTED_EDGE('',*,*,#2158,.T.);
#2863=ORIENTED_EDGE('',*,*,#1949,.T.);
#2864=ORIENTED_EDGE('',*,*,#2105,.T.);
#2865=ORIENTED_EDGE('',*,*,#2159,.T.);
#2866=ORIENTED_EDGE('',*,*,#2104,.T.);
#2867=ORIENTED_EDGE('',*,*,#2160,.T.);
#2868=ORIENTED_EDGE('',*,*,#2161,.T.);
#2869=ORIENTED_EDGE('',*,*,#2159,.F.);
#2870=ORIENTED_EDGE('',*,*,#2103,.T.);
#2871=ORIENTED_EDGE('',*,*,#1953,.T.);
#2872=ORIENTED_EDGE('',*,*,#2162,.T.);
#2873=ORIENTED_EDGE('',*,*,#2160,.F.);
#2874=ORIENTED_EDGE('',*,*,#2158,.F.);
#2875=ORIENTED_EDGE('',*,*,#2163,.F.);
#2876=ORIENTED_EDGE('',*,*,#2164,.T.);
#2877=ORIENTED_EDGE('',*,*,#1950,.F.);
#2878=ORIENTED_EDGE('',*,*,#2161,.F.);
#2879=ORIENTED_EDGE('',*,*,#2165,.F.);
#2880=ORIENTED_EDGE('',*,*,#2166,.T.);
#2881=ORIENTED_EDGE('',*,*,#2163,.T.);
#2882=ORIENTED_EDGE('',*,*,#2167,.T.);
#2883=ORIENTED_EDGE('',*,*,#2162,.F.);
#2884=ORIENTED_EDGE('',*,*,#1952,.F.);
#2885=ORIENTED_EDGE('',*,*,#2168,.F.);
#2886=ORIENTED_EDGE('',*,*,#2165,.T.);
#2887=ORIENTED_EDGE('',*,*,#2169,.T.);
#2888=ORIENTED_EDGE('',*,*,#2170,.T.);
#2889=ORIENTED_EDGE('',*,*,#2171,.T.);
#2890=ORIENTED_EDGE('',*,*,#2172,.T.);
#2891=ORIENTED_EDGE('',*,*,#2173,.T.);
#2892=ORIENTED_EDGE('',*,*,#2174,.T.);
#2893=ORIENTED_EDGE('',*,*,#2175,.T.);
#2894=ORIENTED_EDGE('',*,*,#2170,.F.);
#2895=ORIENTED_EDGE('',*,*,#2176,.T.);
#2896=ORIENTED_EDGE('',*,*,#2177,.T.);
#2897=ORIENTED_EDGE('',*,*,#2178,.T.);
#2898=ORIENTED_EDGE('',*,*,#2172,.F.);
#2899=ORIENTED_EDGE('',*,*,#2069,.F.);
#2900=ORIENTED_EDGE('',*,*,#2179,.F.);
#2901=ORIENTED_EDGE('',*,*,#2180,.F.);
#2902=ORIENTED_EDGE('',*,*,#2181,.F.);
#2903=ORIENTED_EDGE('',*,*,#2182,.F.);
#2904=ORIENTED_EDGE('',*,*,#2173,.F.);
#2905=ORIENTED_EDGE('',*,*,#2169,.F.);
#2906=ORIENTED_EDGE('',*,*,#2178,.F.);
#2907=ORIENTED_EDGE('',*,*,#2183,.F.);
#2908=ORIENTED_EDGE('',*,*,#2184,.F.);
#2909=ORIENTED_EDGE('',*,*,#2185,.F.);
#2910=ORIENTED_EDGE('',*,*,#2186,.T.);
#2911=ORIENTED_EDGE('',*,*,#2187,.F.);
#2912=ORIENTED_EDGE('',*,*,#2188,.F.);
#2913=ORIENTED_EDGE('',*,*,#1922,.F.);
#2914=ORIENTED_EDGE('',*,*,#2189,.F.);
#2915=ORIENTED_EDGE('',*,*,#2190,.F.);
#2916=ORIENTED_EDGE('',*,*,#2191,.F.);
#2917=ORIENTED_EDGE('',*,*,#1916,.F.);
#2918=ORIENTED_EDGE('',*,*,#2192,.F.);
#2919=ORIENTED_EDGE('',*,*,#2193,.T.);
#2920=ORIENTED_EDGE('',*,*,#1917,.T.);
#2921=ORIENTED_EDGE('',*,*,#2191,.T.);
#2922=ORIENTED_EDGE('',*,*,#2194,.T.);
#2923=ORIENTED_EDGE('',*,*,#2190,.T.);
#2924=ORIENTED_EDGE('',*,*,#2195,.T.);
#2925=ORIENTED_EDGE('',*,*,#2196,.T.);
#2926=ORIENTED_EDGE('',*,*,#2194,.F.);
#2927=ORIENTED_EDGE('',*,*,#2189,.T.);
#2928=ORIENTED_EDGE('',*,*,#1921,.T.);
#2929=ORIENTED_EDGE('',*,*,#2197,.T.);
#2930=ORIENTED_EDGE('',*,*,#2195,.F.);
#2931=ORIENTED_EDGE('',*,*,#2193,.F.);
#2932=ORIENTED_EDGE('',*,*,#2198,.T.);
#2933=ORIENTED_EDGE('',*,*,#2199,.T.);
#2934=ORIENTED_EDGE('',*,*,#1918,.F.);
#2935=ORIENTED_EDGE('',*,*,#2196,.F.);
#2936=ORIENTED_EDGE('',*,*,#2200,.T.);
#2937=ORIENTED_EDGE('',*,*,#2201,.T.);
#2938=ORIENTED_EDGE('',*,*,#2198,.F.);
#2939=ORIENTED_EDGE('',*,*,#2202,.T.);
#2940=ORIENTED_EDGE('',*,*,#2197,.F.);
#2941=ORIENTED_EDGE('',*,*,#1920,.F.);
#2942=ORIENTED_EDGE('',*,*,#2203,.F.);
#2943=ORIENTED_EDGE('',*,*,#2200,.F.);
#2944=ORIENTED_EDGE('',*,*,#2075,.F.);
#2945=ORIENTED_EDGE('',*,*,#2093,.T.);
#2946=ORIENTED_EDGE('',*,*,#2204,.T.);
#2947=ORIENTED_EDGE('',*,*,#2205,.T.);
#2948=ORIENTED_EDGE('',*,*,#2204,.F.);
#2949=ORIENTED_EDGE('',*,*,#2092,.F.);
#2950=ORIENTED_EDGE('',*,*,#2095,.F.);
#2951=ORIENTED_EDGE('',*,*,#2098,.F.);
#2952=ORIENTED_EDGE('',*,*,#2206,.F.);
#2953=ORIENTED_EDGE('',*,*,#2207,.F.);
#2954=ORIENTED_EDGE('',*,*,#2208,.F.);
#2955=ORIENTED_EDGE('',*,*,#2209,.F.);
#2956=ORIENTED_EDGE('',*,*,#2210,.T.);
#2957=ORIENTED_EDGE('',*,*,#2211,.F.);
#2958=ORIENTED_EDGE('',*,*,#2212,.F.);
#2959=ORIENTED_EDGE('',*,*,#2213,.F.);
#2960=ORIENTED_EDGE('',*,*,#2060,.F.);
#2961=ORIENTED_EDGE('',*,*,#2214,.T.);
#2962=ORIENTED_EDGE('',*,*,#1913,.T.);
#2963=ORIENTED_EDGE('',*,*,#2215,.T.);
#2964=ORIENTED_EDGE('',*,*,#2057,.F.);
#2965=ORIENTED_EDGE('',*,*,#2215,.F.);
#2966=ORIENTED_EDGE('',*,*,#1912,.F.);
#2967=ORIENTED_EDGE('',*,*,#2150,.F.);
#2968=ORIENTED_EDGE('',*,*,#2147,.F.);
#2969=ORIENTED_EDGE('',*,*,#2145,.F.);
#2970=ORIENTED_EDGE('',*,*,#1906,.F.);
#2971=ORIENTED_EDGE('',*,*,#2216,.F.);
#2972=ORIENTED_EDGE('',*,*,#2217,.F.);
#2973=ORIENTED_EDGE('',*,*,#2218,.T.);
#2974=ORIENTED_EDGE('',*,*,#2219,.F.);
#2975=ORIENTED_EDGE('',*,*,#2220,.F.);
#2976=ORIENTED_EDGE('',*,*,#2221,.F.);
#2977=ORIENTED_EDGE('',*,*,#2133,.F.);
#2978=ORIENTED_EDGE('',*,*,#2130,.F.);
#2979=ORIENTED_EDGE('',*,*,#2128,.F.);
#2980=ORIENTED_EDGE('',*,*,#2222,.F.);
#2981=ORIENTED_EDGE('',*,*,#2223,.F.);
#2982=ORIENTED_EDGE('',*,*,#1984,.T.);
#2983=ORIENTED_EDGE('',*,*,#1988,.T.);
#2984=ORIENTED_EDGE('',*,*,#2224,.F.);
#2985=ORIENTED_EDGE('',*,*,#2225,.F.);
#2986=ORIENTED_EDGE('',*,*,#2226,.F.);
#2987=ORIENTED_EDGE('',*,*,#2227,.T.);
#2988=ORIENTED_EDGE('',*,*,#2228,.F.);
#2989=ORIENTED_EDGE('',*,*,#2229,.F.);
#2990=ORIENTED_EDGE('',*,*,#1964,.F.);
#2991=ORIENTED_EDGE('',*,*,#2118,.F.);
#2992=ORIENTED_EDGE('',*,*,#2115,.F.);
#2993=ORIENTED_EDGE('',*,*,#2113,.F.);
#2994=ORIENTED_EDGE('',*,*,#1958,.F.);
#2995=ORIENTED_EDGE('',*,*,#2111,.F.);
#2996=ORIENTED_EDGE('',*,*,#2071,.F.);
#2997=ORIENTED_EDGE('',*,*,#2230,.T.);
#2998=ORIENTED_EDGE('',*,*,#2210,.F.);
#2999=ORIENTED_EDGE('',*,*,#2231,.F.);
#3000=ORIENTED_EDGE('',*,*,#2179,.T.);
#3001=ORIENTED_EDGE('',*,*,#2066,.F.);
#3002=ORIENTED_EDGE('',*,*,#2192,.T.);
#3003=ORIENTED_EDGE('',*,*,#1915,.T.);
#3004=ORIENTED_EDGE('',*,*,#2232,.T.);
#3005=ORIENTED_EDGE('',*,*,#2063,.F.);
#3006=ORIENTED_EDGE('',*,*,#2232,.F.);
#3007=ORIENTED_EDGE('',*,*,#1914,.F.);
#3008=ORIENTED_EDGE('',*,*,#2214,.F.);
#3009=ORIENTED_EDGE('',*,*,#2233,.T.);
#3010=ORIENTED_EDGE('',*,*,#2234,.T.);
#3011=ORIENTED_EDGE('',*,*,#2235,.T.);
#3012=ORIENTED_EDGE('',*,*,#2040,.T.);
#3013=ORIENTED_EDGE('',*,*,#2233,.F.);
#3014=ORIENTED_EDGE('',*,*,#2043,.T.);
#3015=ORIENTED_EDGE('',*,*,#2236,.T.);
#3016=ORIENTED_EDGE('',*,*,#2237,.T.);
#3017=ORIENTED_EDGE('',*,*,#2238,.T.);
#3018=ORIENTED_EDGE('',*,*,#2239,.T.);
#3019=ORIENTED_EDGE('',*,*,#2236,.F.);
#3020=ORIENTED_EDGE('',*,*,#2045,.T.);
#3021=ORIENTED_EDGE('',*,*,#2238,.F.);
#3022=ORIENTED_EDGE('',*,*,#2047,.T.);
#3023=ORIENTED_EDGE('',*,*,#2240,.T.);
#3024=ORIENTED_EDGE('',*,*,#2241,.T.);
#3025=ORIENTED_EDGE('',*,*,#2242,.T.);
#3026=ORIENTED_EDGE('',*,*,#2243,.T.);
#3027=ORIENTED_EDGE('',*,*,#2240,.F.);
#3028=ORIENTED_EDGE('',*,*,#2244,.T.);
#3029=ORIENTED_EDGE('',*,*,#2242,.F.);
#3030=ORIENTED_EDGE('',*,*,#2245,.T.);
#3031=ORIENTED_EDGE('',*,*,#2246,.T.);
#3032=ORIENTED_EDGE('',*,*,#2247,.T.);
#3033=ORIENTED_EDGE('',*,*,#2248,.T.);
#3034=ORIENTED_EDGE('',*,*,#2249,.T.);
#3035=ORIENTED_EDGE('',*,*,#2246,.F.);
#3036=ORIENTED_EDGE('',*,*,#2250,.T.);
#3037=ORIENTED_EDGE('',*,*,#2248,.F.);
#3038=ORIENTED_EDGE('',*,*,#2251,.T.);
#3039=ORIENTED_EDGE('',*,*,#2235,.F.);
#3040=ORIENTED_EDGE('',*,*,#2252,.T.);
#3041=ORIENTED_EDGE('',*,*,#2234,.F.);
#3042=ORIENTED_EDGE('',*,*,#2237,.F.);
#3043=ORIENTED_EDGE('',*,*,#2239,.F.);
#3044=ORIENTED_EDGE('',*,*,#2241,.F.);
#3045=ORIENTED_EDGE('',*,*,#2243,.F.);
#3046=ORIENTED_EDGE('',*,*,#2247,.F.);
#3047=ORIENTED_EDGE('',*,*,#2249,.F.);
#3048=ORIENTED_EDGE('',*,*,#2252,.F.);
#3049=ORIENTED_EDGE('',*,*,#2253,.T.);
#3050=ORIENTED_EDGE('',*,*,#2254,.F.);
#3051=ORIENTED_EDGE('',*,*,#2255,.T.);
#3052=ORIENTED_EDGE('',*,*,#2256,.F.);
#3053=ORIENTED_EDGE('',*,*,#2257,.T.);
#3054=ORIENTED_EDGE('',*,*,#2258,.F.);
#3055=ORIENTED_EDGE('',*,*,#2259,.T.);
#3056=ORIENTED_EDGE('',*,*,#2260,.F.);
#3057=ORIENTED_EDGE('',*,*,#2025,.F.);
#3058=ORIENTED_EDGE('',*,*,#2041,.T.);
#3059=ORIENTED_EDGE('',*,*,#2251,.F.);
#3060=ORIENTED_EDGE('',*,*,#2261,.T.);
#3061=ORIENTED_EDGE('',*,*,#2022,.F.);
#3062=ORIENTED_EDGE('',*,*,#2261,.F.);
#3063=ORIENTED_EDGE('',*,*,#2250,.F.);
#3064=ORIENTED_EDGE('',*,*,#2262,.F.);
#3065=ORIENTED_EDGE('',*,*,#2017,.F.);
#3066=ORIENTED_EDGE('',*,*,#2263,.F.);
#3067=ORIENTED_EDGE('',*,*,#2244,.F.);
#3068=ORIENTED_EDGE('',*,*,#2046,.F.);
#3069=ORIENTED_EDGE('',*,*,#2009,.F.);
#3070=ORIENTED_EDGE('',*,*,#2262,.T.);
#3071=ORIENTED_EDGE('',*,*,#2245,.F.);
#3072=ORIENTED_EDGE('',*,*,#2263,.T.);
#3073=ORIENTED_EDGE('',*,*,#2019,.F.);
#3074=ORIENTED_EDGE('',*,*,#1941,.F.);
#3075=ORIENTED_EDGE('',*,*,#2264,.T.);
#3076=ORIENTED_EDGE('',*,*,#2260,.T.);
#3077=ORIENTED_EDGE('',*,*,#2265,.T.);
#3078=ORIENTED_EDGE('',*,*,#2264,.F.);
#3079=ORIENTED_EDGE('',*,*,#1968,.T.);
#3080=ORIENTED_EDGE('',*,*,#2266,.F.);
#3081=ORIENTED_EDGE('',*,*,#2267,.F.);
#3082=ORIENTED_EDGE('',*,*,#2268,.F.);
#3083=ORIENTED_EDGE('',*,*,#2269,.T.);
#3084=ORIENTED_EDGE('',*,*,#2270,.F.);
#3085=ORIENTED_EDGE('',*,*,#2271,.F.);
#3086=ORIENTED_EDGE('',*,*,#2272,.F.);
#3087=ORIENTED_EDGE('',*,*,#1902,.T.);
#3088=ORIENTED_EDGE('',*,*,#2273,.F.);
#3089=ORIENTED_EDGE('',*,*,#2253,.F.);
#3090=ORIENTED_EDGE('',*,*,#1899,.F.);
#3091=ORIENTED_EDGE('',*,*,#2274,.T.);
#3092=ORIENTED_EDGE('',*,*,#2256,.T.);
#3093=ORIENTED_EDGE('',*,*,#2275,.T.);
#3094=ORIENTED_EDGE('',*,*,#2275,.F.);
#3095=ORIENTED_EDGE('',*,*,#2255,.F.);
#3096=ORIENTED_EDGE('',*,*,#2276,.F.);
#3097=ORIENTED_EDGE('',*,*,#1900,.T.);
#3098=ORIENTED_EDGE('',*,*,#1943,.F.);
#3099=ORIENTED_EDGE('',*,*,#2277,.T.);
#3100=ORIENTED_EDGE('',*,*,#2258,.T.);
#3101=ORIENTED_EDGE('',*,*,#2278,.T.);
#3102=ORIENTED_EDGE('',*,*,#2274,.F.);
#3103=ORIENTED_EDGE('',*,*,#1926,.T.);
#3104=ORIENTED_EDGE('',*,*,#2279,.F.);
#3105=ORIENTED_EDGE('',*,*,#2280,.F.);
#3106=ORIENTED_EDGE('',*,*,#2281,.F.);
#3107=ORIENTED_EDGE('',*,*,#2282,.T.);
#3108=ORIENTED_EDGE('',*,*,#2283,.F.);
#3109=ORIENTED_EDGE('',*,*,#2284,.F.);
#3110=ORIENTED_EDGE('',*,*,#2285,.F.);
#3111=ORIENTED_EDGE('',*,*,#1944,.T.);
#3112=ORIENTED_EDGE('',*,*,#2278,.F.);
#3113=ORIENTED_EDGE('',*,*,#2257,.F.);
#3114=ORIENTED_EDGE('',*,*,#1901,.F.);
#3115=ORIENTED_EDGE('',*,*,#2276,.T.);
#3116=ORIENTED_EDGE('',*,*,#2254,.T.);
#3117=ORIENTED_EDGE('',*,*,#2273,.T.);
#3118=ORIENTED_EDGE('',*,*,#2286,.T.);
#3119=ORIENTED_EDGE('',*,*,#2287,.T.);
#3120=ORIENTED_EDGE('',*,*,#2187,.T.);
#3121=ORIENTED_EDGE('',*,*,#2288,.T.);
#3122=ORIENTED_EDGE('',*,*,#2289,.T.);
#3123=ORIENTED_EDGE('',*,*,#2290,.T.);
#3124=ORIENTED_EDGE('',*,*,#2286,.F.);
#3125=ORIENTED_EDGE('',*,*,#2291,.T.);
#3126=ORIENTED_EDGE('',*,*,#2292,.T.);
#3127=ORIENTED_EDGE('',*,*,#2293,.T.);
#3128=ORIENTED_EDGE('',*,*,#2289,.F.);
#3129=ORIENTED_EDGE('',*,*,#2294,.T.);
#3130=ORIENTED_EDGE('',*,*,#2295,.T.);
#3131=ORIENTED_EDGE('',*,*,#2280,.T.);
#3132=ORIENTED_EDGE('',*,*,#2292,.F.);
#3133=ORIENTED_EDGE('',*,*,#2296,.T.);
#3134=ORIENTED_EDGE('',*,*,#2297,.T.);
#3135=ORIENTED_EDGE('',*,*,#2298,.T.);
#3136=ORIENTED_EDGE('',*,*,#2295,.F.);
#3137=ORIENTED_EDGE('',*,*,#2299,.T.);
#3138=ORIENTED_EDGE('',*,*,#2300,.T.);
#3139=ORIENTED_EDGE('',*,*,#2301,.T.);
#3140=ORIENTED_EDGE('',*,*,#2297,.F.);
#3141=ORIENTED_EDGE('',*,*,#2302,.T.);
#3142=ORIENTED_EDGE('',*,*,#2185,.T.);
#3143=ORIENTED_EDGE('',*,*,#2303,.T.);
#3144=ORIENTED_EDGE('',*,*,#2300,.F.);
#3145=ORIENTED_EDGE('',*,*,#2304,.T.);
#3146=ORIENTED_EDGE('',*,*,#2304,.F.);
#3147=ORIENTED_EDGE('',*,*,#2302,.F.);
#3148=ORIENTED_EDGE('',*,*,#2299,.F.);
#3149=ORIENTED_EDGE('',*,*,#2296,.F.);
#3150=ORIENTED_EDGE('',*,*,#2294,.F.);
#3151=ORIENTED_EDGE('',*,*,#2291,.F.);
#3152=ORIENTED_EDGE('',*,*,#2288,.F.);
#3153=ORIENTED_EDGE('',*,*,#2186,.F.);
#3154=ORIENTED_EDGE('',*,*,#2305,.F.);
#3155=ORIENTED_EDGE('',*,*,#2306,.T.);
#3156=ORIENTED_EDGE('',*,*,#2307,.T.);
#3157=ORIENTED_EDGE('',*,*,#2219,.T.);
#3158=ORIENTED_EDGE('',*,*,#2308,.T.);
#3159=ORIENTED_EDGE('',*,*,#2309,.T.);
#3160=ORIENTED_EDGE('',*,*,#2310,.T.);
#3161=ORIENTED_EDGE('',*,*,#2306,.F.);
#3162=ORIENTED_EDGE('',*,*,#2311,.T.);
#3163=ORIENTED_EDGE('',*,*,#2312,.T.);
#3164=ORIENTED_EDGE('',*,*,#2313,.T.);
#3165=ORIENTED_EDGE('',*,*,#2309,.F.);
#3166=ORIENTED_EDGE('',*,*,#2314,.T.);
#3167=ORIENTED_EDGE('',*,*,#2315,.T.);
#3168=ORIENTED_EDGE('',*,*,#2271,.T.);
#3169=ORIENTED_EDGE('',*,*,#2312,.F.);
#3170=ORIENTED_EDGE('',*,*,#2316,.T.);
#3171=ORIENTED_EDGE('',*,*,#2317,.T.);
#3172=ORIENTED_EDGE('',*,*,#2318,.T.);
#3173=ORIENTED_EDGE('',*,*,#2315,.F.);
#3174=ORIENTED_EDGE('',*,*,#2319,.T.);
#3175=ORIENTED_EDGE('',*,*,#2320,.T.);
#3176=ORIENTED_EDGE('',*,*,#2321,.T.);
#3177=ORIENTED_EDGE('',*,*,#2317,.F.);
#3178=ORIENTED_EDGE('',*,*,#2322,.T.);
#3179=ORIENTED_EDGE('',*,*,#2217,.T.);
#3180=ORIENTED_EDGE('',*,*,#2323,.T.);
#3181=ORIENTED_EDGE('',*,*,#2320,.F.);
#3182=ORIENTED_EDGE('',*,*,#2324,.T.);
#3183=ORIENTED_EDGE('',*,*,#2324,.F.);
#3184=ORIENTED_EDGE('',*,*,#2322,.F.);
#3185=ORIENTED_EDGE('',*,*,#2319,.F.);
#3186=ORIENTED_EDGE('',*,*,#2316,.F.);
#3187=ORIENTED_EDGE('',*,*,#2314,.F.);
#3188=ORIENTED_EDGE('',*,*,#2311,.F.);
#3189=ORIENTED_EDGE('',*,*,#2308,.F.);
#3190=ORIENTED_EDGE('',*,*,#2218,.F.);
#3191=ORIENTED_EDGE('',*,*,#2325,.F.);
#3192=ORIENTED_EDGE('',*,*,#2326,.T.);
#3193=ORIENTED_EDGE('',*,*,#2327,.T.);
#3194=ORIENTED_EDGE('',*,*,#2228,.T.);
#3195=ORIENTED_EDGE('',*,*,#2328,.T.);
#3196=ORIENTED_EDGE('',*,*,#2329,.T.);
#3197=ORIENTED_EDGE('',*,*,#2330,.T.);
#3198=ORIENTED_EDGE('',*,*,#2326,.F.);
#3199=ORIENTED_EDGE('',*,*,#2331,.T.);
#3200=ORIENTED_EDGE('',*,*,#2332,.T.);
#3201=ORIENTED_EDGE('',*,*,#2333,.T.);
#3202=ORIENTED_EDGE('',*,*,#2329,.F.);
#3203=ORIENTED_EDGE('',*,*,#2334,.T.);
#3204=ORIENTED_EDGE('',*,*,#2335,.T.);
#3205=ORIENTED_EDGE('',*,*,#2267,.T.);
#3206=ORIENTED_EDGE('',*,*,#2332,.F.);
#3207=ORIENTED_EDGE('',*,*,#2336,.T.);
#3208=ORIENTED_EDGE('',*,*,#2337,.T.);
#3209=ORIENTED_EDGE('',*,*,#2338,.T.);
#3210=ORIENTED_EDGE('',*,*,#2335,.F.);
#3211=ORIENTED_EDGE('',*,*,#2339,.T.);
#3212=ORIENTED_EDGE('',*,*,#2340,.T.);
#3213=ORIENTED_EDGE('',*,*,#2341,.T.);
#3214=ORIENTED_EDGE('',*,*,#2337,.F.);
#3215=ORIENTED_EDGE('',*,*,#2342,.T.);
#3216=ORIENTED_EDGE('',*,*,#2226,.T.);
#3217=ORIENTED_EDGE('',*,*,#2343,.T.);
#3218=ORIENTED_EDGE('',*,*,#2340,.F.);
#3219=ORIENTED_EDGE('',*,*,#2344,.T.);
#3220=ORIENTED_EDGE('',*,*,#2344,.F.);
#3221=ORIENTED_EDGE('',*,*,#2342,.F.);
#3222=ORIENTED_EDGE('',*,*,#2339,.F.);
#3223=ORIENTED_EDGE('',*,*,#2336,.F.);
#3224=ORIENTED_EDGE('',*,*,#2334,.F.);
#3225=ORIENTED_EDGE('',*,*,#2331,.F.);
#3226=ORIENTED_EDGE('',*,*,#2328,.F.);
#3227=ORIENTED_EDGE('',*,*,#2227,.F.);
#3228=ORIENTED_EDGE('',*,*,#2345,.F.);
#3229=ORIENTED_EDGE('',*,*,#2346,.T.);
#3230=ORIENTED_EDGE('',*,*,#2180,.T.);
#3231=ORIENTED_EDGE('',*,*,#2231,.T.);
#3232=ORIENTED_EDGE('',*,*,#2209,.T.);
#3233=ORIENTED_EDGE('',*,*,#2347,.T.);
#3234=ORIENTED_EDGE('',*,*,#2348,.T.);
#3235=ORIENTED_EDGE('',*,*,#2346,.F.);
#3236=ORIENTED_EDGE('',*,*,#2208,.T.);
#3237=ORIENTED_EDGE('',*,*,#2349,.T.);
#3238=ORIENTED_EDGE('',*,*,#2350,.F.);
#3239=ORIENTED_EDGE('',*,*,#2351,.F.);
#3240=ORIENTED_EDGE('',*,*,#2352,.F.);
#3241=ORIENTED_EDGE('',*,*,#2353,.T.);
#3242=ORIENTED_EDGE('',*,*,#2354,.T.);
#3243=ORIENTED_EDGE('',*,*,#2351,.T.);
#3244=ORIENTED_EDGE('',*,*,#2355,.T.);
#3245=ORIENTED_EDGE('',*,*,#2207,.T.);
#3246=ORIENTED_EDGE('',*,*,#2356,.T.);
#3247=ORIENTED_EDGE('',*,*,#2353,.F.);
#3248=ORIENTED_EDGE('',*,*,#2357,.T.);
#3249=ORIENTED_EDGE('',*,*,#2349,.F.);
#3250=ORIENTED_EDGE('',*,*,#2358,.T.);
#3251=ORIENTED_EDGE('',*,*,#2359,.T.);
#3252=ORIENTED_EDGE('',*,*,#2101,.T.);
#3253=ORIENTED_EDGE('',*,*,#2360,.T.);
#3254=ORIENTED_EDGE('',*,*,#2352,.T.);
#3255=ORIENTED_EDGE('',*,*,#2361,.T.);
#3256=ORIENTED_EDGE('',*,*,#2358,.F.);
#3257=ORIENTED_EDGE('',*,*,#2362,.T.);
#3258=ORIENTED_EDGE('',*,*,#2363,.T.);
#3259=ORIENTED_EDGE('',*,*,#2364,.T.);
#3260=ORIENTED_EDGE('',*,*,#2350,.T.);
#3261=ORIENTED_EDGE('',*,*,#2365,.T.);
#3262=ORIENTED_EDGE('',*,*,#2366,.T.);
#3263=ORIENTED_EDGE('',*,*,#2367,.T.);
#3264=ORIENTED_EDGE('',*,*,#2363,.F.);
#3265=ORIENTED_EDGE('',*,*,#2368,.T.);
#3266=ORIENTED_EDGE('',*,*,#2369,.T.);
#3267=ORIENTED_EDGE('',*,*,#2284,.T.);
#3268=ORIENTED_EDGE('',*,*,#2366,.F.);
#3269=ORIENTED_EDGE('',*,*,#2370,.T.);
#3270=ORIENTED_EDGE('',*,*,#2371,.T.);
#3271=ORIENTED_EDGE('',*,*,#2372,.T.);
#3272=ORIENTED_EDGE('',*,*,#2369,.F.);
#3273=ORIENTED_EDGE('',*,*,#2373,.T.);
#3274=ORIENTED_EDGE('',*,*,#2374,.T.);
#3275=ORIENTED_EDGE('',*,*,#2375,.T.);
#3276=ORIENTED_EDGE('',*,*,#2371,.F.);
#3277=ORIENTED_EDGE('',*,*,#2376,.T.);
#3278=ORIENTED_EDGE('',*,*,#2107,.T.);
#3279=ORIENTED_EDGE('',*,*,#2377,.T.);
#3280=ORIENTED_EDGE('',*,*,#2374,.F.);
#3281=ORIENTED_EDGE('',*,*,#2378,.T.);
#3282=ORIENTED_EDGE('',*,*,#2361,.F.);
#3283=ORIENTED_EDGE('',*,*,#2354,.F.);
#3284=ORIENTED_EDGE('',*,*,#2379,.F.);
#3285=ORIENTED_EDGE('',*,*,#2380,.F.);
#3286=ORIENTED_EDGE('',*,*,#2356,.F.);
#3287=ORIENTED_EDGE('',*,*,#2206,.T.);
#3288=ORIENTED_EDGE('',*,*,#2381,.T.);
#3289=ORIENTED_EDGE('',*,*,#2379,.T.);
#3290=ORIENTED_EDGE('',*,*,#2357,.F.);
#3291=ORIENTED_EDGE('',*,*,#2355,.F.);
#3292=ORIENTED_EDGE('',*,*,#2364,.F.);
#3293=ORIENTED_EDGE('',*,*,#2382,.F.);
#3294=ORIENTED_EDGE('',*,*,#2383,.F.);
#3295=ORIENTED_EDGE('',*,*,#2384,.F.);
#3296=ORIENTED_EDGE('',*,*,#2347,.F.);
#3297=ORIENTED_EDGE('',*,*,#2367,.F.);
#3298=ORIENTED_EDGE('',*,*,#2283,.T.);
#3299=ORIENTED_EDGE('',*,*,#2385,.T.);
#3300=ORIENTED_EDGE('',*,*,#2382,.T.);
#3301=ORIENTED_EDGE('',*,*,#2372,.F.);
#3302=ORIENTED_EDGE('',*,*,#2386,.T.);
#3303=ORIENTED_EDGE('',*,*,#1945,.T.);
#3304=ORIENTED_EDGE('',*,*,#2285,.T.);
#3305=ORIENTED_EDGE('',*,*,#2375,.F.);
#3306=ORIENTED_EDGE('',*,*,#2387,.F.);
#3307=ORIENTED_EDGE('',*,*,#1946,.F.);
#3308=ORIENTED_EDGE('',*,*,#2386,.F.);
#3309=ORIENTED_EDGE('',*,*,#2377,.F.);
#3310=ORIENTED_EDGE('',*,*,#2106,.T.);
#3311=ORIENTED_EDGE('',*,*,#1947,.T.);
#3312=ORIENTED_EDGE('',*,*,#2387,.T.);
#3313=ORIENTED_EDGE('',*,*,#2303,.F.);
#3314=ORIENTED_EDGE('',*,*,#2184,.T.);
#3315=ORIENTED_EDGE('',*,*,#2388,.T.);
#3316=ORIENTED_EDGE('',*,*,#2389,.T.);
#3317=ORIENTED_EDGE('',*,*,#2388,.F.);
#3318=ORIENTED_EDGE('',*,*,#2183,.T.);
#3319=ORIENTED_EDGE('',*,*,#2177,.F.);
#3320=ORIENTED_EDGE('',*,*,#2390,.T.);
#3321=ORIENTED_EDGE('',*,*,#2391,.T.);
#3322=ORIENTED_EDGE('',*,*,#2392,.T.);
#3323=ORIENTED_EDGE('',*,*,#2174,.F.);
#3324=ORIENTED_EDGE('',*,*,#2182,.T.);
#3325=ORIENTED_EDGE('',*,*,#2393,.F.);
#3326=ORIENTED_EDGE('',*,*,#2383,.T.);
#3327=ORIENTED_EDGE('',*,*,#2385,.F.);
#3328=ORIENTED_EDGE('',*,*,#2282,.F.);
#3329=ORIENTED_EDGE('',*,*,#2394,.F.);
#3330=ORIENTED_EDGE('',*,*,#2395,.T.);
#3331=ORIENTED_EDGE('',*,*,#2396,.T.);
#3332=ORIENTED_EDGE('',*,*,#2287,.F.);
#3333=ORIENTED_EDGE('',*,*,#2397,.T.);
#3334=ORIENTED_EDGE('',*,*,#1923,.T.);
#3335=ORIENTED_EDGE('',*,*,#2188,.T.);
#3336=ORIENTED_EDGE('',*,*,#2307,.F.);
#3337=ORIENTED_EDGE('',*,*,#2398,.T.);
#3338=ORIENTED_EDGE('',*,*,#2399,.T.);
#3339=ORIENTED_EDGE('',*,*,#2220,.T.);
#3340=ORIENTED_EDGE('',*,*,#2399,.F.);
#3341=ORIENTED_EDGE('',*,*,#2400,.T.);
#3342=ORIENTED_EDGE('',*,*,#2401,.F.);
#3343=ORIENTED_EDGE('',*,*,#2269,.F.);
#3344=ORIENTED_EDGE('',*,*,#2402,.F.);
#3345=ORIENTED_EDGE('',*,*,#2403,.T.);
#3346=ORIENTED_EDGE('',*,*,#2404,.F.);
#3347=ORIENTED_EDGE('',*,*,#2224,.T.);
#3348=ORIENTED_EDGE('',*,*,#1987,.T.);
#3349=ORIENTED_EDGE('',*,*,#1986,.T.);
#3350=ORIENTED_EDGE('',*,*,#2405,.T.);
#3351=ORIENTED_EDGE('',*,*,#2222,.T.);
#3352=ORIENTED_EDGE('',*,*,#2127,.F.);
#3353=ORIENTED_EDGE('',*,*,#2138,.T.);
#3354=ORIENTED_EDGE('',*,*,#2406,.T.);
#3355=ORIENTED_EDGE('',*,*,#2142,.T.);
#3356=ORIENTED_EDGE('',*,*,#2134,.F.);
#3357=ORIENTED_EDGE('',*,*,#2221,.T.);
#3358=ORIENTED_EDGE('',*,*,#2407,.T.);
#3359=ORIENTED_EDGE('',*,*,#2323,.F.);
#3360=ORIENTED_EDGE('',*,*,#2216,.T.);
#3361=ORIENTED_EDGE('',*,*,#1905,.T.);
#3362=ORIENTED_EDGE('',*,*,#2408,.T.);
#3363=ORIENTED_EDGE('',*,*,#2321,.F.);
#3364=ORIENTED_EDGE('',*,*,#2408,.F.);
#3365=ORIENTED_EDGE('',*,*,#1904,.F.);
#3366=ORIENTED_EDGE('',*,*,#2409,.F.);
#3367=ORIENTED_EDGE('',*,*,#2343,.F.);
#3368=ORIENTED_EDGE('',*,*,#2225,.T.);
#3369=ORIENTED_EDGE('',*,*,#2404,.T.);
#3370=ORIENTED_EDGE('',*,*,#2410,.T.);
#3371=ORIENTED_EDGE('',*,*,#2341,.F.);
#3372=ORIENTED_EDGE('',*,*,#2410,.F.);
#3373=ORIENTED_EDGE('',*,*,#2403,.F.);
#3374=ORIENTED_EDGE('',*,*,#2411,.F.);
#3375=ORIENTED_EDGE('',*,*,#2327,.F.);
#3376=ORIENTED_EDGE('',*,*,#2412,.T.);
#3377=ORIENTED_EDGE('',*,*,#1965,.T.);
#3378=ORIENTED_EDGE('',*,*,#2229,.T.);
#3379=ORIENTED_EDGE('',*,*,#2330,.F.);
#3380=ORIENTED_EDGE('',*,*,#2413,.F.);
#3381=ORIENTED_EDGE('',*,*,#1966,.F.);
#3382=ORIENTED_EDGE('',*,*,#2412,.F.);
#3383=ORIENTED_EDGE('',*,*,#2348,.F.);
#3384=ORIENTED_EDGE('',*,*,#2384,.T.);
#3385=ORIENTED_EDGE('',*,*,#2393,.T.);
#3386=ORIENTED_EDGE('',*,*,#2181,.T.);
#3387=ORIENTED_EDGE('',*,*,#2359,.F.);
#3388=ORIENTED_EDGE('',*,*,#2380,.T.);
#3389=ORIENTED_EDGE('',*,*,#2381,.F.);
#3390=ORIENTED_EDGE('',*,*,#2097,.T.);
#3391=ORIENTED_EDGE('',*,*,#2318,.F.);
#3392=ORIENTED_EDGE('',*,*,#2409,.T.);
#3393=ORIENTED_EDGE('',*,*,#1903,.T.);
#3394=ORIENTED_EDGE('',*,*,#2272,.T.);
#3395=ORIENTED_EDGE('',*,*,#2313,.F.);
#3396=ORIENTED_EDGE('',*,*,#2270,.T.);
#3397=ORIENTED_EDGE('',*,*,#2401,.T.);
#3398=ORIENTED_EDGE('',*,*,#2414,.T.);
#3399=ORIENTED_EDGE('',*,*,#2310,.F.);
#3400=ORIENTED_EDGE('',*,*,#2414,.F.);
#3401=ORIENTED_EDGE('',*,*,#2400,.F.);
#3402=ORIENTED_EDGE('',*,*,#2398,.F.);
#3403=ORIENTED_EDGE('',*,*,#2338,.F.);
#3404=ORIENTED_EDGE('',*,*,#2411,.T.);
#3405=ORIENTED_EDGE('',*,*,#2402,.T.);
#3406=ORIENTED_EDGE('',*,*,#2268,.T.);
#3407=ORIENTED_EDGE('',*,*,#2333,.F.);
#3408=ORIENTED_EDGE('',*,*,#2266,.T.);
#3409=ORIENTED_EDGE('',*,*,#1967,.T.);
#3410=ORIENTED_EDGE('',*,*,#2413,.T.);
#3411=ORIENTED_EDGE('',*,*,#2298,.F.);
#3412=ORIENTED_EDGE('',*,*,#2415,.T.);
#3413=ORIENTED_EDGE('',*,*,#2394,.T.);
#3414=ORIENTED_EDGE('',*,*,#2281,.T.);
#3415=ORIENTED_EDGE('',*,*,#2293,.F.);
#3416=ORIENTED_EDGE('',*,*,#2279,.T.);
#3417=ORIENTED_EDGE('',*,*,#1925,.T.);
#3418=ORIENTED_EDGE('',*,*,#2416,.T.);
#3419=ORIENTED_EDGE('',*,*,#2290,.F.);
#3420=ORIENTED_EDGE('',*,*,#2416,.F.);
#3421=ORIENTED_EDGE('',*,*,#1924,.F.);
#3422=ORIENTED_EDGE('',*,*,#2397,.F.);
#3423=ORIENTED_EDGE('',*,*,#2360,.F.);
#3424=ORIENTED_EDGE('',*,*,#2100,.T.);
#3425=ORIENTED_EDGE('',*,*,#2108,.F.);
#3426=ORIENTED_EDGE('',*,*,#2378,.F.);
#3427=ORIENTED_EDGE('',*,*,#2376,.F.);
#3428=ORIENTED_EDGE('',*,*,#2373,.F.);
#3429=ORIENTED_EDGE('',*,*,#2370,.F.);
#3430=ORIENTED_EDGE('',*,*,#2368,.F.);
#3431=ORIENTED_EDGE('',*,*,#2365,.F.);
#3432=ORIENTED_EDGE('',*,*,#2362,.F.);
#3433=ORIENTED_EDGE('',*,*,#2417,.F.);
#3434=ORIENTED_EDGE('',*,*,#2202,.F.);
#3435=ORIENTED_EDGE('',*,*,#2418,.T.);
#3436=ORIENTED_EDGE('',*,*,#1928,.F.);
#3437=ORIENTED_EDGE('',*,*,#2418,.F.);
#3438=ORIENTED_EDGE('',*,*,#2419,.F.);
#3439=ORIENTED_EDGE('',*,*,#2420,.T.);
#3440=ORIENTED_EDGE('',*,*,#2396,.F.);
#3441=ORIENTED_EDGE('',*,*,#2420,.F.);
#3442=ORIENTED_EDGE('',*,*,#2167,.F.);
#3443=ORIENTED_EDGE('',*,*,#2421,.T.);
#3444=ORIENTED_EDGE('',*,*,#1970,.F.);
#3445=ORIENTED_EDGE('',*,*,#2421,.F.);
#3446=ORIENTED_EDGE('',*,*,#2124,.F.);
#3447=ORIENTED_EDGE('',*,*,#2422,.T.);
#3448=ORIENTED_EDGE('',*,*,#1971,.F.);
#3449=ORIENTED_EDGE('',*,*,#2422,.F.);
#3450=ORIENTED_EDGE('',*,*,#2141,.F.);
#3451=ORIENTED_EDGE('',*,*,#2423,.T.);
#3452=ORIENTED_EDGE('',*,*,#2407,.F.);
#3453=ORIENTED_EDGE('',*,*,#2423,.F.);
#3454=ORIENTED_EDGE('',*,*,#2156,.F.);
#3455=ORIENTED_EDGE('',*,*,#2424,.T.);
#3456=ORIENTED_EDGE('',*,*,#1929,.F.);
#3457=ORIENTED_EDGE('',*,*,#2424,.F.);
#3458=ORIENTED_EDGE('',*,*,#1985,.T.);
#3459=ORIENTED_EDGE('',*,*,#2223,.T.);
#3460=ORIENTED_EDGE('',*,*,#2405,.F.);
#3461=ORIENTED_EDGE('',*,*,#2140,.F.);
#3462=ORIENTED_EDGE('',*,*,#2143,.T.);
#3463=ORIENTED_EDGE('',*,*,#2406,.F.);
#3464=ORIENTED_EDGE('',*,*,#2137,.F.);
#3465=ORIENTED_EDGE('',*,*,#2201,.F.);
#3466=ORIENTED_EDGE('',*,*,#2203,.T.);
#3467=ORIENTED_EDGE('',*,*,#1919,.F.);
#3468=ORIENTED_EDGE('',*,*,#2199,.F.);
#3469=ORIENTED_EDGE('',*,*,#2155,.F.);
#3470=ORIENTED_EDGE('',*,*,#2157,.T.);
#3471=ORIENTED_EDGE('',*,*,#1909,.F.);
#3472=ORIENTED_EDGE('',*,*,#2153,.F.);
#3473=ORIENTED_EDGE('',*,*,#2175,.F.);
#3474=ORIENTED_EDGE('',*,*,#2392,.F.);
#3475=ORIENTED_EDGE('',*,*,#2425,.F.);
#3476=ORIENTED_EDGE('',*,*,#2426,.T.);
#3477=ORIENTED_EDGE('',*,*,#2427,.F.);
#3478=ORIENTED_EDGE('',*,*,#2425,.T.);
#3479=ORIENTED_EDGE('',*,*,#2391,.F.);
#3480=ORIENTED_EDGE('',*,*,#2428,.F.);
#3481=ORIENTED_EDGE('',*,*,#2176,.F.);
#3482=ORIENTED_EDGE('',*,*,#2429,.T.);
#3483=ORIENTED_EDGE('',*,*,#2428,.T.);
#3484=ORIENTED_EDGE('',*,*,#2390,.F.);
#3485=ORIENTED_EDGE('',*,*,#2171,.F.);
#3486=ORIENTED_EDGE('',*,*,#2426,.F.);
#3487=ORIENTED_EDGE('',*,*,#2427,.T.);
#3488=ORIENTED_EDGE('',*,*,#2429,.F.);
#3489=ORIENTED_EDGE('',*,*,#2419,.T.);
#3490=ORIENTED_EDGE('',*,*,#2123,.F.);
#3491=ORIENTED_EDGE('',*,*,#2125,.T.);
#3492=ORIENTED_EDGE('',*,*,#1961,.F.);
#3493=ORIENTED_EDGE('',*,*,#2121,.F.);
#3494=ORIENTED_EDGE('',*,*,#2166,.F.);
#3495=ORIENTED_EDGE('',*,*,#2168,.T.);
#3496=ORIENTED_EDGE('',*,*,#1951,.F.);
#3497=ORIENTED_EDGE('',*,*,#2164,.F.);
#3498=ORIENTED_EDGE('',*,*,#2265,.F.);
#3499=ORIENTED_EDGE('',*,*,#2259,.F.);
#3500=ORIENTED_EDGE('',*,*,#2277,.F.);
#3501=ORIENTED_EDGE('',*,*,#1942,.T.);
#3502=ORIENTED_EDGE('',*,*,#2073,.F.);
#3503=ORIENTED_EDGE('',*,*,#2205,.F.);
#3504=ORIENTED_EDGE('',*,*,#2211,.T.);
#3505=ORIENTED_EDGE('',*,*,#2230,.F.);
#3506=ORIENTED_EDGE('',*,*,#2430,.F.);
#3507=ORIENTED_EDGE('',*,*,#2431,.T.);
#3508=ORIENTED_EDGE('',*,*,#2005,.F.);
#3509=ORIENTED_EDGE('',*,*,#2431,.F.);
#3510=ORIENTED_EDGE('',*,*,#2212,.T.);
#3511=ORIENTED_EDGE('',*,*,#2432,.T.);
#3512=ORIENTED_EDGE('',*,*,#2430,.T.);
#3513=ORIENTED_EDGE('',*,*,#2432,.F.);
#3514=ORIENTED_EDGE('',*,*,#2433,.F.);
#3515=ORIENTED_EDGE('',*,*,#2434,.T.);
#3516=ORIENTED_EDGE('',*,*,#2001,.F.);
#3517=ORIENTED_EDGE('',*,*,#2434,.F.);
#3518=ORIENTED_EDGE('',*,*,#2213,.T.);
#3519=ORIENTED_EDGE('',*,*,#2435,.T.);
#3520=ORIENTED_EDGE('',*,*,#2433,.T.);
#3521=ORIENTED_EDGE('',*,*,#2435,.F.);
#3522=ORIENTED_EDGE('',*,*,#2301,.F.);
#3523=ORIENTED_EDGE('',*,*,#2389,.F.);
#3524=ORIENTED_EDGE('',*,*,#2395,.F.);
#3525=ORIENTED_EDGE('',*,*,#2415,.F.);
#3526=ORIENTED_EDGE('',*,*,#2436,.F.);
#3527=ORIENTED_EDGE('',*,*,#2437,.T.);
#3528=ORIENTED_EDGE('',*,*,#2437,.F.);
#3529=ORIENTED_EDGE('',*,*,#2325,.T.);
#3530=ORIENTED_EDGE('',*,*,#2438,.T.);
#3531=ORIENTED_EDGE('',*,*,#2436,.T.);
#3532=ORIENTED_EDGE('',*,*,#2438,.F.);
#3533=ORIENTED_EDGE('',*,*,#2439,.F.);
#3534=ORIENTED_EDGE('',*,*,#2440,.T.);
#3535=ORIENTED_EDGE('',*,*,#2440,.F.);
#3536=ORIENTED_EDGE('',*,*,#2305,.T.);
#3537=ORIENTED_EDGE('',*,*,#2441,.T.);
#3538=ORIENTED_EDGE('',*,*,#2439,.T.);
#3539=ORIENTED_EDGE('',*,*,#2441,.F.);
#3540=ORIENTED_EDGE('',*,*,#2442,.F.);
#3541=ORIENTED_EDGE('',*,*,#2443,.T.);
#3542=ORIENTED_EDGE('',*,*,#2443,.F.);
#3543=ORIENTED_EDGE('',*,*,#2417,.T.);
#3544=ORIENTED_EDGE('',*,*,#2444,.T.);
#3545=ORIENTED_EDGE('',*,*,#2442,.T.);
#3546=ORIENTED_EDGE('',*,*,#2444,.F.);
#3547=ORIENTED_EDGE('',*,*,#2445,.F.);
#3548=ORIENTED_EDGE('',*,*,#2446,.T.);
#3549=ORIENTED_EDGE('',*,*,#2446,.F.);
#3550=ORIENTED_EDGE('',*,*,#2345,.T.);
#3551=ORIENTED_EDGE('',*,*,#2447,.T.);
#3552=ORIENTED_EDGE('',*,*,#2445,.T.);
#3553=ORIENTED_EDGE('',*,*,#2447,.F.);
#3554=CONICAL_SURFACE('',#3793,1.25,0.785398163397455);
#3555=CONICAL_SURFACE('',#3817,1.25,0.785398163397455);
#3556=CONICAL_SURFACE('',#3822,1.25,0.785398163397455);
#3557=CONICAL_SURFACE('',#3846,1.25,0.785398163397455);
#3558=CONICAL_SURFACE('',#3851,0.5,1.02974425867665);
#3559=CONICAL_SURFACE('',#3852,0.5,1.02974425867665);
#3560=CONICAL_SURFACE('',#3853,0.5,1.02974425867665);
#3561=CONICAL_SURFACE('',#3854,0.5,1.02974425867665);
#3562=CONICAL_SURFACE('',#4037,8.5,0.785398163397447);
#3563=CONICAL_SURFACE('',#4040,8.5,0.785398163397447);
#3564=CONICAL_SURFACE('',#4043,8.5,0.785398163397447);
#3565=CONICAL_SURFACE('',#4047,8.5,0.785398163397447);
#3566=CONICAL_SURFACE('',#4233,1.25,1.02974425867665);
#3567=CONICAL_SURFACE('',#4236,1.25,1.02974425867665);
#3568=CONICAL_SURFACE('',#4240,0.75,1.02974425867665);
#3569=CONICAL_SURFACE('',#4243,0.75,1.02974425867665);
#3570=CONICAL_SURFACE('',#4246,0.75,1.02974425867665);
#3571=CONICAL_SURFACE('',#4249,0.75,1.02974425867665);
#3572=ADVANCED_FACE('',(#274),#3554,.F.);
#3573=ADVANCED_FACE('',(#275,#186,#187,#188,#189),#211,.F.);
#3574=ADVANCED_FACE('',(#276),#83,.F.);
#3575=ADVANCED_FACE('',(#277),#3555,.F.);
#3576=ADVANCED_FACE('',(#278),#84,.F.);
#3577=ADVANCED_FACE('',(#279),#3556,.F.);
#3578=ADVANCED_FACE('',(#280,#190,#191,#192,#193),#212,.F.);
#3579=ADVANCED_FACE('',(#281),#85,.F.);
#3580=ADVANCED_FACE('',(#282),#3557,.F.);
#3581=ADVANCED_FACE('',(#283),#86,.F.);
#3582=ADVANCED_FACE('',(#284),#3558,.F.);
#3583=ADVANCED_FACE('',(#285),#3559,.F.);
#3584=ADVANCED_FACE('',(#286),#3560,.F.);
#3585=ADVANCED_FACE('',(#287),#3561,.F.);
#3586=ADVANCED_FACE('',(#288),#213,.T.);
#3587=ADVANCED_FACE('',(#289),#214,.T.);
#3588=ADVANCED_FACE('',(#290),#51,.T.);
#3589=ADVANCED_FACE('',(#291,#194,#195),#215,.T.);
#3590=ADVANCED_FACE('',(#292),#87,.F.);
#3591=ADVANCED_FACE('',(#293),#52,.T.);
#3592=ADVANCED_FACE('',(#294),#88,.F.);
#3593=ADVANCED_FACE('',(#295),#53,.T.);
#3594=ADVANCED_FACE('',(#296),#33,.F.);
#3595=ADVANCED_FACE('',(#297),#89,.T.);
#3596=ADVANCED_FACE('',(#298),#34,.F.);
#3597=ADVANCED_FACE('',(#299),#90,.T.);
#3598=ADVANCED_FACE('',(#300),#54,.T.);
#3599=ADVANCED_FACE('',(#301),#91,.T.);
#3600=ADVANCED_FACE('',(#302),#55,.T.);
#3601=ADVANCED_FACE('',(#303),#92,.T.);
#3602=ADVANCED_FACE('',(#304),#56,.T.);
#3603=ADVANCED_FACE('',(#305),#216,.T.);
#3604=ADVANCED_FACE('',(#306),#93,.T.);
#3605=ADVANCED_FACE('',(#307),#217,.T.);
#3606=ADVANCED_FACE('',(#308),#94,.T.);
#3607=ADVANCED_FACE('',(#309),#218,.F.);
#3608=ADVANCED_FACE('',(#310),#57,.T.);
#3609=ADVANCED_FACE('',(#311),#95,.T.);
#3610=ADVANCED_FACE('',(#312),#58,.T.);
#3611=ADVANCED_FACE('',(#313),#96,.T.);
#3612=ADVANCED_FACE('',(#314),#59,.T.);
#3613=ADVANCED_FACE('',(#315),#97,.T.);
#3614=ADVANCED_FACE('',(#316),#60,.T.);
#3615=ADVANCED_FACE('',(#317),#98,.T.);
#3616=ADVANCED_FACE('',(#318),#61,.T.);
#3617=ADVANCED_FACE('',(#319),#99,.T.);
#3618=ADVANCED_FACE('',(#320),#62,.T.);
#3619=ADVANCED_FACE('',(#321),#100,.T.);
#3620=ADVANCED_FACE('',(#322),#63,.T.);
#3621=ADVANCED_FACE('',(#323),#101,.T.);
#3622=ADVANCED_FACE('',(#324),#64,.T.);
#3623=ADVANCED_FACE('',(#325),#102,.T.);
#3624=ADVANCED_FACE('',(#326),#219,.T.);
#3625=ADVANCED_FACE('',(#327),#220,.T.);
#3626=ADVANCED_FACE('',(#328),#103,.T.);
#3627=ADVANCED_FACE('',(#329),#221,.T.);
#3628=ADVANCED_FACE('',(#330),#104,.F.);
#3629=ADVANCED_FACE('',(#331),#222,.T.);
#3630=ADVANCED_FACE('',(#332),#105,.F.);
#3631=ADVANCED_FACE('',(#333),#223,.T.);
#3632=ADVANCED_FACE('',(#334),#106,.F.);
#3633=ADVANCED_FACE('',(#335),#107,.F.);
#3634=ADVANCED_FACE('',(#336),#108,.F.);
#3635=ADVANCED_FACE('',(#337),#109,.F.);
#3636=ADVANCED_FACE('',(#338),#224,.T.);
#3637=ADVANCED_FACE('',(#339,#196),#225,.T.);
#3638=ADVANCED_FACE('',(#340),#226,.T.);
#3639=ADVANCED_FACE('',(#341),#110,.F.);
#3640=ADVANCED_FACE('',(#342),#111,.F.);
#3641=ADVANCED_FACE('',(#343),#112,.F.);
#3642=ADVANCED_FACE('',(#344),#227,.T.);
#3643=ADVANCED_FACE('',(#345,#197),#228,.T.);
#3644=ADVANCED_FACE('',(#346),#229,.T.);
#3645=ADVANCED_FACE('',(#347),#113,.F.);
#3646=ADVANCED_FACE('',(#348),#114,.F.);
#3647=ADVANCED_FACE('',(#349),#115,.F.);
#3648=ADVANCED_FACE('',(#350),#230,.T.);
#3649=ADVANCED_FACE('',(#351,#198),#231,.T.);
#3650=ADVANCED_FACE('',(#352),#232,.T.);
#3651=ADVANCED_FACE('',(#353),#116,.F.);
#3652=ADVANCED_FACE('',(#354),#117,.F.);
#3653=ADVANCED_FACE('',(#355),#118,.F.);
#3654=ADVANCED_FACE('',(#356),#233,.T.);
#3655=ADVANCED_FACE('',(#357,#199),#234,.T.);
#3656=ADVANCED_FACE('',(#358),#235,.T.);
#3657=ADVANCED_FACE('',(#359),#119,.F.);
#3658=ADVANCED_FACE('',(#360),#120,.F.);
#3659=ADVANCED_FACE('',(#361),#121,.F.);
#3660=ADVANCED_FACE('',(#362),#236,.T.);
#3661=ADVANCED_FACE('',(#363),#122,.F.);
#3662=ADVANCED_FACE('',(#364),#123,.F.);
#3663=ADVANCED_FACE('',(#365),#124,.F.);
#3664=ADVANCED_FACE('',(#366),#237,.T.);
#3665=ADVANCED_FACE('',(#367,#200),#238,.T.);
#3666=ADVANCED_FACE('',(#368),#239,.T.);
#3667=ADVANCED_FACE('',(#369),#125,.T.);
#3668=ADVANCED_FACE('',(#370,#201,#202),#240,.F.);
#3669=ADVANCED_FACE('',(#371),#126,.F.);
#3670=ADVANCED_FACE('',(#372),#241,.T.);
#3671=ADVANCED_FACE('',(#373),#127,.F.);
#3672=ADVANCED_FACE('',(#374),#128,.F.);
#3673=ADVANCED_FACE('',(#375),#242,.T.);
#3674=ADVANCED_FACE('',(#376),#243,.T.);
#3675=ADVANCED_FACE('',(#377),#3562,.T.);
#3676=ADVANCED_FACE('',(#378),#244,.T.);
#3677=ADVANCED_FACE('',(#379),#3563,.T.);
#3678=ADVANCED_FACE('',(#380),#245,.T.);
#3679=ADVANCED_FACE('',(#381),#3564,.T.);
#3680=ADVANCED_FACE('',(#382),#246,.T.);
#3681=ADVANCED_FACE('',(#383),#3565,.T.);
#3682=ADVANCED_FACE('',(#384,#203),#247,.T.);
#3683=ADVANCED_FACE('',(#385),#129,.T.);
#3684=ADVANCED_FACE('',(#386),#248,.T.);
#3685=ADVANCED_FACE('',(#387),#249,.T.);
#3686=ADVANCED_FACE('',(#388),#130,.T.);
#3687=ADVANCED_FACE('',(#389),#131,.F.);
#3688=ADVANCED_FACE('',(#390),#250,.F.);
#3689=ADVANCED_FACE('',(#391),#132,.F.);
#3690=ADVANCED_FACE('',(#392),#251,.T.);
#3691=ADVANCED_FACE('',(#393),#133,.F.);
#3692=ADVANCED_FACE('',(#394),#252,.F.);
#3693=ADVANCED_FACE('',(#395),#134,.F.);
#3694=ADVANCED_FACE('',(#396),#65,.F.);
#3695=ADVANCED_FACE('',(#397),#135,.F.);
#3696=ADVANCED_FACE('',(#398),#66,.F.);
#3697=ADVANCED_FACE('',(#399),#136,.F.);
#3698=ADVANCED_FACE('',(#400),#67,.F.);
#3699=ADVANCED_FACE('',(#401),#137,.F.);
#3700=ADVANCED_FACE('',(#402),#68,.F.);
#3701=ADVANCED_FACE('',(#403,#204),#253,.F.);
#3702=ADVANCED_FACE('',(#404),#69,.F.);
#3703=ADVANCED_FACE('',(#405),#138,.F.);
#3704=ADVANCED_FACE('',(#406),#70,.F.);
#3705=ADVANCED_FACE('',(#407),#139,.F.);
#3706=ADVANCED_FACE('',(#408),#71,.F.);
#3707=ADVANCED_FACE('',(#409),#140,.F.);
#3708=ADVANCED_FACE('',(#410),#72,.F.);
#3709=ADVANCED_FACE('',(#411,#205),#254,.F.);
#3710=ADVANCED_FACE('',(#412),#73,.F.);
#3711=ADVANCED_FACE('',(#413),#141,.F.);
#3712=ADVANCED_FACE('',(#414),#74,.F.);
#3713=ADVANCED_FACE('',(#415),#142,.F.);
#3714=ADVANCED_FACE('',(#416),#75,.F.);
#3715=ADVANCED_FACE('',(#417),#143,.F.);
#3716=ADVANCED_FACE('',(#418),#76,.F.);
#3717=ADVANCED_FACE('',(#419,#206),#255,.F.);
#3718=ADVANCED_FACE('',(#420),#144,.F.);
#3719=ADVANCED_FACE('',(#421),#77,.F.);
#3720=ADVANCED_FACE('',(#422),#15,.F.);
#3721=ADVANCED_FACE('',(#423),#145,.F.);
#3722=ADVANCED_FACE('',(#424),#78,.F.);
#3723=ADVANCED_FACE('',(#425),#79,.F.);
#3724=ADVANCED_FACE('',(#426),#146,.F.);
#3725=ADVANCED_FACE('',(#427),#147,.F.);
#3726=ADVANCED_FACE('',(#428),#80,.F.);
#3727=ADVANCED_FACE('',(#429),#148,.F.);
#3728=ADVANCED_FACE('',(#430),#81,.F.);
#3729=ADVANCED_FACE('',(#431),#149,.F.);
#3730=ADVANCED_FACE('',(#432),#82,.F.);
#3731=ADVANCED_FACE('',(#433),#256,.F.);
#3732=ADVANCED_FACE('',(#434),#150,.T.);
#3733=ADVANCED_FACE('',(#435),#257,.F.);
#3734=ADVANCED_FACE('',(#436),#151,.F.);
#3735=ADVANCED_FACE('',(#437),#152,.F.);
#3736=ADVANCED_FACE('',(#438),#258,.F.);
#3737=ADVANCED_FACE('',(#439),#153,.T.);
#3738=ADVANCED_FACE('',(#440),#154,.T.);
#3739=ADVANCED_FACE('',(#441,#207),#259,.F.);
#3740=ADVANCED_FACE('',(#442),#155,.T.);
#3741=ADVANCED_FACE('',(#443),#156,.T.);
#3742=ADVANCED_FACE('',(#444,#208),#260,.F.);
#3743=ADVANCED_FACE('',(#445),#157,.T.);
#3744=ADVANCED_FACE('',(#446),#261,.F.);
#3745=ADVANCED_FACE('',(#447),#158,.T.);
#3746=ADVANCED_FACE('',(#448),#262,.F.);
#3747=ADVANCED_FACE('',(#449),#159,.T.);
#3748=ADVANCED_FACE('',(#450),#263,.F.);
#3749=ADVANCED_FACE('',(#451),#160,.T.);
#3750=ADVANCED_FACE('',(#452),#161,.T.);
#3751=ADVANCED_FACE('',(#453),#162,.F.);
#3752=ADVANCED_FACE('',(#454),#163,.F.);
#3753=ADVANCED_FACE('',(#455),#264,.F.);
#3754=ADVANCED_FACE('',(#456),#164,.F.);
#3755=ADVANCED_FACE('',(#457),#165,.F.);
#3756=ADVANCED_FACE('',(#458),#166,.F.);
#3757=ADVANCED_FACE('',(#459),#167,.F.);
#3758=ADVANCED_FACE('',(#460),#265,.F.);
#3759=ADVANCED_FACE('',(#461,#209),#266,.F.);
#3760=ADVANCED_FACE('',(#462),#168,.F.);
#3761=ADVANCED_FACE('',(#463),#169,.F.);
#3762=ADVANCED_FACE('',(#464),#170,.F.);
#3763=ADVANCED_FACE('',(#465),#171,.F.);
#3764=ADVANCED_FACE('',(#466),#172,.F.);
#3765=ADVANCED_FACE('',(#467),#173,.F.);
#3766=ADVANCED_FACE('',(#468),#267,.T.);
#3767=ADVANCED_FACE('',(#469),#174,.T.);
#3768=ADVANCED_FACE('',(#470),#175,.T.);
#3769=ADVANCED_FACE('',(#471),#176,.T.);
#3770=ADVANCED_FACE('',(#472),#268,.T.);
#3771=ADVANCED_FACE('',(#473),#177,.T.);
#3772=ADVANCED_FACE('',(#474),#269,.T.);
#3773=ADVANCED_FACE('',(#475,#210),#270,.T.);
#3774=ADVANCED_FACE('',(#476),#178,.T.);
#3775=ADVANCED_FACE('',(#477),#179,.T.);
#3776=ADVANCED_FACE('',(#478),#271,.T.);
#3777=ADVANCED_FACE('',(#479),#272,.T.);
#3778=ADVANCED_FACE('',(#480),#3566,.F.);
#3779=ADVANCED_FACE('',(#481),#180,.F.);
#3780=ADVANCED_FACE('',(#482),#3567,.F.);
#3781=ADVANCED_FACE('',(#483),#181,.F.);
#3782=ADVANCED_FACE('',(#484),#273,.F.);
#3783=ADVANCED_FACE('',(#485),#3568,.F.);
#3784=ADVANCED_FACE('',(#486),#182,.F.);
#3785=ADVANCED_FACE('',(#487),#3569,.F.);
#3786=ADVANCED_FACE('',(#488),#183,.F.);
#3787=ADVANCED_FACE('',(#489),#3570,.F.);
#3788=ADVANCED_FACE('',(#490),#184,.F.);
#3789=ADVANCED_FACE('',(#491),#3571,.F.);
#3790=ADVANCED_FACE('',(#492),#185,.F.);
#3791=CLOSED_SHELL('',(#3572,#3573,#3574,#3575,#3576,#3577,#3578,#3579,
#3580,#3581,#3582,#3583,#3584,#3585,#3586,#3587,#3588,#3589,#3590,#3591,
#3592,#3593,#3594,#3595,#3596,#3597,#3598,#3599,#3600,#3601,#3602,#3603,
#3604,#3605,#3606,#3607,#3608,#3609,#3610,#3611,#3612,#3613,#3614,#3615,
#3616,#3617,#3618,#3619,#3620,#3621,#3622,#3623,#3624,#3625,#3626,#3627,
#3628,#3629,#3630,#3631,#3632,#3633,#3634,#3635,#3636,#3637,#3638,#3639,
#3640,#3641,#3642,#3643,#3644,#3645,#3646,#3647,#3648,#3649,#3650,#3651,
#3652,#3653,#3654,#3655,#3656,#3657,#3658,#3659,#3660,#3661,#3662,#3663,
#3664,#3665,#3666,#3667,#3668,#3669,#3670,#3671,#3672,#3673,#3674,#3675,
#3676,#3677,#3678,#3679,#3680,#3681,#3682,#3683,#3684,#3685,#3686,#3687,
#3688,#3689,#3690,#3691,#3692,#3693,#3694,#3695,#3696,#3697,#3698,#3699,
#3700,#3701,#3702,#3703,#3704,#3705,#3706,#3707,#3708,#3709,#3710,#3711,
#3712,#3713,#3714,#3715,#3716,#3717,#3718,#3719,#3720,#3721,#3722,#3723,
#3724,#3725,#3726,#3727,#3728,#3729,#3730,#3731,#3732,#3733,#3734,#3735,
#3736,#3737,#3738,#3739,#3740,#3741,#3742,#3743,#3744,#3745,#3746,#3747,
#3748,#3749,#3750,#3751,#3752,#3753,#3754,#3755,#3756,#3757,#3758,#3759,
#3760,#3761,#3762,#3763,#3764,#3765,#3766,#3767,#3768,#3769,#3770,#3771,
#3772,#3773,#3774,#3775,#3776,#3777,#3778,#3779,#3780,#3781,#3782,#3783,
#3784,#3785,#3786,#3787,#3788,#3789,#3790));
#3792=AXIS2_PLACEMENT_3D('',#5467,#4252,#4253);
#3793=AXIS2_PLACEMENT_3D('',#5468,#4254,#4255);
#3794=AXIS2_PLACEMENT_3D('',#5470,#4256,#4257);
#3795=AXIS2_PLACEMENT_3D('',#5474,#4259,#4260);
#3796=AXIS2_PLACEMENT_3D('',#5475,#4261,#4262);
#3797=AXIS2_PLACEMENT_3D('',#5476,#4263,#4264);
#3798=AXIS2_PLACEMENT_3D('',#5479,#4265,#4266);
#3799=AXIS2_PLACEMENT_3D('',#5483,#4268,#4269);
#3800=AXIS2_PLACEMENT_3D('',#5487,#4271,#4272);
#3801=AXIS2_PLACEMENT_3D('',#5491,#4274,#4275);
#3802=AXIS2_PLACEMENT_3D('',#5495,#4277,#4278);
#3803=AXIS2_PLACEMENT_3D('',#5499,#4280,#4281);
#3804=AXIS2_PLACEMENT_3D('',#5503,#4283,#4284);
#3805=AXIS2_PLACEMENT_3D('',#5507,#4286,#4287);
#3806=AXIS2_PLACEMENT_3D('',#5511,#4289,#4290);
#3807=AXIS2_PLACEMENT_3D('',#5515,#4292,#4293);
#3808=AXIS2_PLACEMENT_3D('',#5519,#4295,#4296);
#3809=AXIS2_PLACEMENT_3D('',#5523,#4298,#4299);
#3810=AXIS2_PLACEMENT_3D('',#5527,#4301,#4302);
#3811=AXIS2_PLACEMENT_3D('',#5531,#4304,#4305);
#3812=AXIS2_PLACEMENT_3D('',#5534,#4307,#4308);
#3813=AXIS2_PLACEMENT_3D('',#5536,#4309,#4310);
#3814=AXIS2_PLACEMENT_3D('',#5538,#4311,#4312);
#3815=AXIS2_PLACEMENT_3D('',#5539,#4313,#4314);
#3816=AXIS2_PLACEMENT_3D('',#5542,#4316,#4317);
#3817=AXIS2_PLACEMENT_3D('',#5543,#4318,#4319);
#3818=AXIS2_PLACEMENT_3D('',#5547,#4321,#4322);
#3819=AXIS2_PLACEMENT_3D('',#5548,#4323,#4324);
#3820=AXIS2_PLACEMENT_3D('',#5549,#4325,#4326);
#3821=AXIS2_PLACEMENT_3D('',#5552,#4328,#4329);
#3822=AXIS2_PLACEMENT_3D('',#5553,#4330,#4331);
#3823=AXIS2_PLACEMENT_3D('',#5555,#4332,#4333);
#3824=AXIS2_PLACEMENT_3D('',#5559,#4335,#4336);
#3825=AXIS2_PLACEMENT_3D('',#5560,#4337,#4338);
#3826=AXIS2_PLACEMENT_3D('',#5561,#4339,#4340);
#3827=AXIS2_PLACEMENT_3D('',#5564,#4341,#4342);
#3828=AXIS2_PLACEMENT_3D('',#5568,#4344,#4345);
#3829=AXIS2_PLACEMENT_3D('',#5572,#4347,#4348);
#3830=AXIS2_PLACEMENT_3D('',#5576,#4350,#4351);
#3831=AXIS2_PLACEMENT_3D('',#5580,#4353,#4354);
#3832=AXIS2_PLACEMENT_3D('',#5584,#4356,#4357);
#3833=AXIS2_PLACEMENT_3D('',#5588,#4359,#4360);
#3834=AXIS2_PLACEMENT_3D('',#5592,#4362,#4363);
#3835=AXIS2_PLACEMENT_3D('',#5596,#4365,#4366);
#3836=AXIS2_PLACEMENT_3D('',#5600,#4368,#4369);
#3837=AXIS2_PLACEMENT_3D('',#5604,#4371,#4372);
#3838=AXIS2_PLACEMENT_3D('',#5608,#4374,#4375);
#3839=AXIS2_PLACEMENT_3D('',#5612,#4377,#4378);
#3840=AXIS2_PLACEMENT_3D('',#5616,#4380,#4381);
#3841=AXIS2_PLACEMENT_3D('',#5619,#4383,#4384);
#3842=AXIS2_PLACEMENT_3D('',#5621,#4385,#4386);
#3843=AXIS2_PLACEMENT_3D('',#5623,#4387,#4388);
#3844=AXIS2_PLACEMENT_3D('',#5624,#4389,#4390);
#3845=AXIS2_PLACEMENT_3D('',#5627,#4392,#4393);
#3846=AXIS2_PLACEMENT_3D('',#5628,#4394,#4395);
#3847=AXIS2_PLACEMENT_3D('',#5632,#4397,#4398);
#3848=AXIS2_PLACEMENT_3D('',#5633,#4399,#4400);
#3849=AXIS2_PLACEMENT_3D('',#5634,#4401,#4402);
#3850=AXIS2_PLACEMENT_3D('',#5637,#4404,#4405);
#3851=AXIS2_PLACEMENT_3D('',#5638,#4406,#4407);
#3852=AXIS2_PLACEMENT_3D('',#5641,#4409,#4410);
#3853=AXIS2_PLACEMENT_3D('',#5644,#4412,#4413);
#3854=AXIS2_PLACEMENT_3D('',#5647,#4415,#4416);
#3855=AXIS2_PLACEMENT_3D('',#5650,#4418,#4419);
#3856=AXIS2_PLACEMENT_3D('',#5659,#4424,#4425);
#3857=AXIS2_PLACEMENT_3D('',#5663,#4428,#4429);
#3858=AXIS2_PLACEMENT_3D('',#5665,#4430,#4431);
#3859=AXIS2_PLACEMENT_3D('',#5667,#4432,#4433);
#3860=AXIS2_PLACEMENT_3D('',#5668,#4434,#4435);
#3861=AXIS2_PLACEMENT_3D('',#5669,#4436,#4437);
#3862=AXIS2_PLACEMENT_3D('',#5672,#4438,#4439);
#3863=AXIS2_PLACEMENT_3D('',#5676,#4441,#4442);
#3864=AXIS2_PLACEMENT_3D('',#5680,#4444,#4445);
#3865=AXIS2_PLACEMENT_3D('',#5684,#4447,#4448);
#3866=AXIS2_PLACEMENT_3D('',#5687,#4450,#4451);
#3867=AXIS2_PLACEMENT_3D('',#5688,#4452,#4453);
#3868=AXIS2_PLACEMENT_3D('',#5690,#4454,#4455);
#3869=AXIS2_PLACEMENT_3D('',#5692,#4457,#4458);
#3870=AXIS2_PLACEMENT_3D('',#5694,#4459,#4460);
#3871=AXIS2_PLACEMENT_3D('',#5695,#4461,#4462);
#3872=AXIS2_PLACEMENT_3D('',#5696,#4463,#4464);
#3873=AXIS2_PLACEMENT_3D('',#5698,#4465,#4466);
#3874=AXIS2_PLACEMENT_3D('',#5700,#4468,#4469);
#3875=AXIS2_PLACEMENT_3D('',#5703,#4470,#4471);
#3876=AXIS2_PLACEMENT_3D('',#5705,#4472,#4473);
#3877=AXIS2_PLACEMENT_3D('',#5707,#4474,#4475);
#3878=AXIS2_PLACEMENT_3D('',#5788,#4476,#4477);
#3879=AXIS2_PLACEMENT_3D('',#5790,#4478,#4479);
#3880=AXIS2_PLACEMENT_3D('',#5792,#4480,#4481);
#3881=AXIS2_PLACEMENT_3D('',#5836,#4482,#4483);
#3882=AXIS2_PLACEMENT_3D('',#5839,#4484,#4485);
#3883=AXIS2_PLACEMENT_3D('',#5872,#4488,#4489);
#3884=AXIS2_PLACEMENT_3D('',#5873,#4490,#4491);
#3885=AXIS2_PLACEMENT_3D('',#5874,#4492,#4493);
#3886=AXIS2_PLACEMENT_3D('',#5877,#4494,#4495);
#3887=AXIS2_PLACEMENT_3D('',#5880,#4498,#4499);
#3888=AXIS2_PLACEMENT_3D('',#5883,#4500,#4501);
#3889=AXIS2_PLACEMENT_3D('',#5884,#4502,#4503);
#3890=AXIS2_PLACEMENT_3D('',#5885,#4504,#4505);
#3891=AXIS2_PLACEMENT_3D('',#5886,#4506,#4507);
#3892=AXIS2_PLACEMENT_3D('',#5889,#4508,#4509);
#3893=AXIS2_PLACEMENT_3D('',#5892,#4512,#4513);
#3894=AXIS2_PLACEMENT_3D('',#5895,#4514,#4515);
#3895=AXIS2_PLACEMENT_3D('',#5896,#4516,#4517);
#3896=AXIS2_PLACEMENT_3D('',#5897,#4518,#4519);
#3897=AXIS2_PLACEMENT_3D('',#5898,#4520,#4521);
#3898=AXIS2_PLACEMENT_3D('',#5901,#4522,#4523);
#3899=AXIS2_PLACEMENT_3D('',#5904,#4526,#4527);
#3900=AXIS2_PLACEMENT_3D('',#5905,#4528,#4529);
#3901=AXIS2_PLACEMENT_3D('',#5907,#4530,#4531);
#3902=AXIS2_PLACEMENT_3D('',#5912,#4532,#4533);
#3903=AXIS2_PLACEMENT_3D('',#5918,#4537,#4538);
#3904=AXIS2_PLACEMENT_3D('',#5921,#4540,#4541);
#3905=AXIS2_PLACEMENT_3D('',#5922,#4542,#4543);
#3906=AXIS2_PLACEMENT_3D('',#5926,#4546,#4547);
#3907=AXIS2_PLACEMENT_3D('',#5929,#4549,#4550);
#3908=AXIS2_PLACEMENT_3D('',#5930,#4551,#4552);
#3909=AXIS2_PLACEMENT_3D('',#5937,#4557,#4558);
#3910=AXIS2_PLACEMENT_3D('',#5940,#4559,#4560);
#3911=AXIS2_PLACEMENT_3D('',#5942,#4561,#4562);
#3912=AXIS2_PLACEMENT_3D('',#5944,#4563,#4564);
#3913=AXIS2_PLACEMENT_3D('',#5945,#4565,#4566);
#3914=AXIS2_PLACEMENT_3D('',#5946,#4567,#4568);
#3915=AXIS2_PLACEMENT_3D('',#5949,#4569,#4570);
#3916=AXIS2_PLACEMENT_3D('',#5952,#4573,#4574);
#3917=AXIS2_PLACEMENT_3D('',#5955,#4575,#4576);
#3918=AXIS2_PLACEMENT_3D('',#5956,#4577,#4578);
#3919=AXIS2_PLACEMENT_3D('',#5957,#4579,#4580);
#3920=AXIS2_PLACEMENT_3D('',#5958,#4581,#4582);
#3921=AXIS2_PLACEMENT_3D('',#5961,#4583,#4584);
#3922=AXIS2_PLACEMENT_3D('',#5964,#4587,#4588);
#3923=AXIS2_PLACEMENT_3D('',#5966,#4589,#4590);
#3924=AXIS2_PLACEMENT_3D('',#5967,#4591,#4592);
#3925=AXIS2_PLACEMENT_3D('',#5968,#4593,#4594);
#3926=AXIS2_PLACEMENT_3D('',#5969,#4595,#4596);
#3927=AXIS2_PLACEMENT_3D('',#5971,#4597,#4598);
#3928=AXIS2_PLACEMENT_3D('',#5973,#4600,#4601);
#3929=AXIS2_PLACEMENT_3D('',#5975,#4602,#4603);
#3930=AXIS2_PLACEMENT_3D('',#5976,#4604,#4605);
#3931=AXIS2_PLACEMENT_3D('',#5977,#4606,#4607);
#3932=AXIS2_PLACEMENT_3D('',#5979,#4608,#4609);
#3933=AXIS2_PLACEMENT_3D('',#5981,#4611,#4612);
#3934=AXIS2_PLACEMENT_3D('',#5983,#4613,#4614);
#3935=AXIS2_PLACEMENT_3D('',#5984,#4615,#4616);
#3936=AXIS2_PLACEMENT_3D('',#5985,#4617,#4618);
#3937=AXIS2_PLACEMENT_3D('',#5987,#4619,#4620);
#3938=AXIS2_PLACEMENT_3D('',#5989,#4622,#4623);
#3939=AXIS2_PLACEMENT_3D('',#5991,#4624,#4625);
#3940=AXIS2_PLACEMENT_3D('',#5992,#4626,#4627);
#3941=AXIS2_PLACEMENT_3D('',#5993,#4628,#4629);
#3942=AXIS2_PLACEMENT_3D('',#5995,#4630,#4631);
#3943=AXIS2_PLACEMENT_3D('',#5997,#4633,#4634);
#3944=AXIS2_PLACEMENT_3D('',#5999,#4635,#4636);
#3945=AXIS2_PLACEMENT_3D('',#6000,#4637,#4638);
#3946=AXIS2_PLACEMENT_3D('',#6001,#4639,#4640);
#3947=AXIS2_PLACEMENT_3D('',#6003,#4641,#4642);
#3948=AXIS2_PLACEMENT_3D('',#6005,#4644,#4645);
#3949=AXIS2_PLACEMENT_3D('',#6008,#4646,#4647);
#3950=AXIS2_PLACEMENT_3D('',#6009,#4648,#4649);
#3951=AXIS2_PLACEMENT_3D('',#6010,#4650,#4651);
#3952=AXIS2_PLACEMENT_3D('',#6011,#4652,#4653);
#3953=AXIS2_PLACEMENT_3D('',#6014,#4656,#4657);
#3954=AXIS2_PLACEMENT_3D('',#6015,#4658,#4659);
#3955=AXIS2_PLACEMENT_3D('',#6021,#4663,#4664);
#3956=AXIS2_PLACEMENT_3D('',#6024,#4666,#4667);
#3957=AXIS2_PLACEMENT_3D('',#6025,#4668,#4669);
#3958=AXIS2_PLACEMENT_3D('',#6031,#4673,#4674);
#3959=AXIS2_PLACEMENT_3D('',#6035,#4676,#4677);
#3960=AXIS2_PLACEMENT_3D('',#6048,#4678,#4679);
#3961=AXIS2_PLACEMENT_3D('',#6065,#4686,#4687);
#3962=AXIS2_PLACEMENT_3D('',#6067,#4689,#4690);
#3963=AXIS2_PLACEMENT_3D('',#6069,#4692,#4693);
#3964=AXIS2_PLACEMENT_3D('',#6071,#4695,#4696);
#3965=AXIS2_PLACEMENT_3D('',#6076,#4699,#4700);
#3966=AXIS2_PLACEMENT_3D('',#6077,#4701,#4702);
#3967=AXIS2_PLACEMENT_3D('',#6081,#4704,#4705);
#3968=AXIS2_PLACEMENT_3D('',#6083,#4707,#4708);
#3969=AXIS2_PLACEMENT_3D('',#6086,#4711,#4712);
#3970=AXIS2_PLACEMENT_3D('',#6090,#4715,#4716);
#3971=AXIS2_PLACEMENT_3D('',#6093,#4718,#4719);
#3972=AXIS2_PLACEMENT_3D('',#6095,#4720,#4721);
#3973=AXIS2_PLACEMENT_3D('',#6096,#4722,#4723);
#3974=AXIS2_PLACEMENT_3D('',#6098,#4725,#4726);
#3975=AXIS2_PLACEMENT_3D('',#6103,#4728,#4729);
#3976=AXIS2_PLACEMENT_3D('',#6106,#4731,#4732);
#3977=AXIS2_PLACEMENT_3D('',#6107,#4733,#4734);
#3978=AXIS2_PLACEMENT_3D('',#6111,#4736,#4737);
#3979=AXIS2_PLACEMENT_3D('',#6113,#4739,#4740);
#3980=AXIS2_PLACEMENT_3D('',#6117,#4742,#4743);
#3981=AXIS2_PLACEMENT_3D('',#6119,#4745,#4746);
#3982=AXIS2_PLACEMENT_3D('',#6125,#4750,#4751);
#3983=AXIS2_PLACEMENT_3D('',#6128,#4753,#4754);
#3984=AXIS2_PLACEMENT_3D('',#6130,#4755,#4756);
#3985=AXIS2_PLACEMENT_3D('',#6131,#4757,#4758);
#3986=AXIS2_PLACEMENT_3D('',#6135,#4761,#4762);
#3987=AXIS2_PLACEMENT_3D('',#6140,#4765,#4766);
#3988=AXIS2_PLACEMENT_3D('',#6141,#4767,#4768);
#3989=AXIS2_PLACEMENT_3D('',#6145,#4770,#4771);
#3990=AXIS2_PLACEMENT_3D('',#6147,#4773,#4774);
#3991=AXIS2_PLACEMENT_3D('',#6150,#4777,#4778);
#3992=AXIS2_PLACEMENT_3D('',#6154,#4781,#4782);
#3993=AXIS2_PLACEMENT_3D('',#6157,#4784,#4785);
#3994=AXIS2_PLACEMENT_3D('',#6159,#4786,#4787);
#3995=AXIS2_PLACEMENT_3D('',#6160,#4788,#4789);
#3996=AXIS2_PLACEMENT_3D('',#6162,#4791,#4792);
#3997=AXIS2_PLACEMENT_3D('',#6165,#4794,#4795);
#3998=AXIS2_PLACEMENT_3D('',#6166,#4796,#4797);
#3999=AXIS2_PLACEMENT_3D('',#6168,#4798,#4799);
#4000=AXIS2_PLACEMENT_3D('',#6170,#4801,#4802);
#4001=AXIS2_PLACEMENT_3D('',#6172,#4804,#4805);
#4002=AXIS2_PLACEMENT_3D('',#6176,#4808,#4809);
#4003=AXIS2_PLACEMENT_3D('',#6179,#4811,#4812);
#4004=AXIS2_PLACEMENT_3D('',#6181,#4813,#4814);
#4005=AXIS2_PLACEMENT_3D('',#6182,#4815,#4816);
#4006=AXIS2_PLACEMENT_3D('',#6184,#4818,#4819);
#4007=AXIS2_PLACEMENT_3D('',#6189,#4821,#4822);
#4008=AXIS2_PLACEMENT_3D('',#6192,#4824,#4825);
#4009=AXIS2_PLACEMENT_3D('',#6193,#4826,#4827);
#4010=AXIS2_PLACEMENT_3D('',#6197,#4829,#4830);
#4011=AXIS2_PLACEMENT_3D('',#6199,#4832,#4833);
#4012=AXIS2_PLACEMENT_3D('',#6203,#4835,#4836);
#4013=AXIS2_PLACEMENT_3D('',#6205,#4838,#4839);
#4014=AXIS2_PLACEMENT_3D('',#6240,#4852,#4853);
#4015=AXIS2_PLACEMENT_3D('',#6243,#4855,#4856);
#4016=AXIS2_PLACEMENT_3D('',#6244,#4857,#4858);
#4017=AXIS2_PLACEMENT_3D('',#6246,#4859,#4860);
#4018=AXIS2_PLACEMENT_3D('',#6248,#4862,#4863);
#4019=AXIS2_PLACEMENT_3D('',#6250,#4865,#4866);
#4020=AXIS2_PLACEMENT_3D('',#6254,#4869,#4870);
#4021=AXIS2_PLACEMENT_3D('',#6257,#4872,#4873);
#4022=AXIS2_PLACEMENT_3D('',#6259,#4874,#4875);
#4023=AXIS2_PLACEMENT_3D('',#6260,#4876,#4877);
#4024=AXIS2_PLACEMENT_3D('',#6262,#4879,#4880);
#4025=AXIS2_PLACEMENT_3D('',#6264,#4881,#4882);
#4026=AXIS2_PLACEMENT_3D('',#6266,#4884,#4885);
#4027=AXIS2_PLACEMENT_3D('',#6277,#4887,#4888);
#4028=AXIS2_PLACEMENT_3D('',#6281,#4890,#4891);
#4029=AXIS2_PLACEMENT_3D('',#6284,#4893,#4894);
#4030=AXIS2_PLACEMENT_3D('',#6286,#4895,#4896);
#4031=AXIS2_PLACEMENT_3D('',#6287,#4897,#4898);
#4032=AXIS2_PLACEMENT_3D('',#6290,#4901,#4902);
#4033=AXIS2_PLACEMENT_3D('',#6336,#4913,#4914);
#4034=AXIS2_PLACEMENT_3D('',#6348,#4916,#4917);
#4035=AXIS2_PLACEMENT_3D('',#6350,#4919,#4920);
#4036=AXIS2_PLACEMENT_3D('',#6351,#4921,#4922);
#4037=AXIS2_PLACEMENT_3D('',#6357,#4926,#4927);
#4038=AXIS2_PLACEMENT_3D('',#6360,#4929,#4930);
#4039=AXIS2_PLACEMENT_3D('',#6361,#4931,#4932);
#4040=AXIS2_PLACEMENT_3D('',#6365,#4935,#4936);
#4041=AXIS2_PLACEMENT_3D('',#6368,#4938,#4939);
#4042=AXIS2_PLACEMENT_3D('',#6369,#4940,#4941);
#4043=AXIS2_PLACEMENT_3D('',#6375,#4945,#4946);
#4044=AXIS2_PLACEMENT_3D('',#6377,#4947,#4948);
#4045=AXIS2_PLACEMENT_3D('',#6380,#4950,#4951);
#4046=AXIS2_PLACEMENT_3D('',#6381,#4952,#4953);
#4047=AXIS2_PLACEMENT_3D('',#6387,#4957,#4958);
#4048=AXIS2_PLACEMENT_3D('',#6388,#4959,#4960);
#4049=AXIS2_PLACEMENT_3D('',#6389,#4961,#4962);
#4050=AXIS2_PLACEMENT_3D('',#6390,#4963,#4964);
#4051=AXIS2_PLACEMENT_3D('',#6395,#4966,#4967);
#4052=AXIS2_PLACEMENT_3D('',#6399,#4969,#4970);
#4053=AXIS2_PLACEMENT_3D('',#6403,#4972,#4973);
#4054=AXIS2_PLACEMENT_3D('',#6406,#4975,#4976);
#4055=AXIS2_PLACEMENT_3D('',#6407,#4977,#4978);
#4056=AXIS2_PLACEMENT_3D('',#6409,#4980,#4981);
#4057=AXIS2_PLACEMENT_3D('',#6411,#4983,#4984);
#4058=AXIS2_PLACEMENT_3D('',#6413,#4986,#4987);
#4059=AXIS2_PLACEMENT_3D('',#6414,#4988,#4989);
#4060=AXIS2_PLACEMENT_3D('',#6417,#4992,#4993);
#4061=AXIS2_PLACEMENT_3D('',#6432,#5002,#5003);
#4062=AXIS2_PLACEMENT_3D('',#6435,#5006,#5007);
#4063=AXIS2_PLACEMENT_3D('',#6437,#5009,#5010);
#4064=AXIS2_PLACEMENT_3D('',#6440,#5013,#5014);
#4065=AXIS2_PLACEMENT_3D('',#6454,#5022,#5023);
#4066=AXIS2_PLACEMENT_3D('',#6455,#5024,#5025);
#4067=AXIS2_PLACEMENT_3D('',#6458,#5026,#5027);
#4068=AXIS2_PLACEMENT_3D('',#6459,#5028,#5029);
#4069=AXIS2_PLACEMENT_3D('',#6460,#5030,#5031);
#4070=AXIS2_PLACEMENT_3D('',#6461,#5032,#5033);
#4071=AXIS2_PLACEMENT_3D('',#6464,#5034,#5035);
#4072=AXIS2_PLACEMENT_3D('',#6467,#5038,#5039);
#4073=AXIS2_PLACEMENT_3D('',#6469,#5040,#5041);
#4074=AXIS2_PLACEMENT_3D('',#6470,#5042,#5043);
#4075=AXIS2_PLACEMENT_3D('',#6471,#5044,#5045);
#4076=AXIS2_PLACEMENT_3D('',#6472,#5046,#5047);
#4077=AXIS2_PLACEMENT_3D('',#6474,#5048,#5049);
#4078=AXIS2_PLACEMENT_3D('',#6476,#5051,#5052);
#4079=AXIS2_PLACEMENT_3D('',#6479,#5053,#5054);
#4080=AXIS2_PLACEMENT_3D('',#6480,#5055,#5056);
#4081=AXIS2_PLACEMENT_3D('',#6481,#5057,#5058);
#4082=AXIS2_PLACEMENT_3D('',#6482,#5059,#5060);
#4083=AXIS2_PLACEMENT_3D('',#6485,#5061,#5062);
#4084=AXIS2_PLACEMENT_3D('',#6488,#5065,#5066);
#4085=AXIS2_PLACEMENT_3D('',#6489,#5067,#5068);
#4086=AXIS2_PLACEMENT_3D('',#6490,#5069,#5070);
#4087=AXIS2_PLACEMENT_3D('',#6491,#5071,#5072);
#4088=AXIS2_PLACEMENT_3D('',#6493,#5073,#5074);
#4089=AXIS2_PLACEMENT_3D('',#6494,#5075,#5076);
#4090=AXIS2_PLACEMENT_3D('',#6497,#5077,#5078);
#4091=AXIS2_PLACEMENT_3D('',#6498,#5079,#5080);
#4092=AXIS2_PLACEMENT_3D('',#6499,#5081,#5082);
#4093=AXIS2_PLACEMENT_3D('',#6500,#5083,#5084);
#4094=AXIS2_PLACEMENT_3D('',#6503,#5085,#5086);
#4095=AXIS2_PLACEMENT_3D('',#6506,#5089,#5090);
#4096=AXIS2_PLACEMENT_3D('',#6508,#5091,#5092);
#4097=AXIS2_PLACEMENT_3D('',#6509,#5093,#5094);
#4098=AXIS2_PLACEMENT_3D('',#6510,#5095,#5096);
#4099=AXIS2_PLACEMENT_3D('',#6511,#5097,#5098);
#4100=AXIS2_PLACEMENT_3D('',#6513,#5099,#5100);
#4101=AXIS2_PLACEMENT_3D('',#6515,#5102,#5103);
#4102=AXIS2_PLACEMENT_3D('',#6518,#5104,#5105);
#4103=AXIS2_PLACEMENT_3D('',#6519,#5106,#5107);
#4104=AXIS2_PLACEMENT_3D('',#6520,#5108,#5109);
#4105=AXIS2_PLACEMENT_3D('',#6521,#5110,#5111);
#4106=AXIS2_PLACEMENT_3D('',#6524,#5112,#5113);
#4107=AXIS2_PLACEMENT_3D('',#6527,#5116,#5117);
#4108=AXIS2_PLACEMENT_3D('',#6528,#5118,#5119);
#4109=AXIS2_PLACEMENT_3D('',#6529,#5120,#5121);
#4110=AXIS2_PLACEMENT_3D('',#6530,#5122,#5123);
#4111=AXIS2_PLACEMENT_3D('',#6532,#5124,#5125);
#4112=AXIS2_PLACEMENT_3D('',#6533,#5126,#5127);
#4113=AXIS2_PLACEMENT_3D('',#6536,#5128,#5129);
#4114=AXIS2_PLACEMENT_3D('',#6537,#5130,#5131);
#4115=AXIS2_PLACEMENT_3D('',#6538,#5132,#5133);
#4116=AXIS2_PLACEMENT_3D('',#6539,#5134,#5135);
#4117=AXIS2_PLACEMENT_3D('',#6542,#5136,#5137);
#4118=AXIS2_PLACEMENT_3D('',#6545,#5140,#5141);
#4119=AXIS2_PLACEMENT_3D('',#6547,#5142,#5143);
#4120=AXIS2_PLACEMENT_3D('',#6548,#5144,#5145);
#4121=AXIS2_PLACEMENT_3D('',#6549,#5146,#5147);
#4122=AXIS2_PLACEMENT_3D('',#6550,#5148,#5149);
#4123=AXIS2_PLACEMENT_3D('',#6552,#5150,#5151);
#4124=AXIS2_PLACEMENT_3D('',#6554,#5153,#5154);
#4125=AXIS2_PLACEMENT_3D('',#6557,#5155,#5156);
#4126=AXIS2_PLACEMENT_3D('',#6558,#5157,#5158);
#4127=AXIS2_PLACEMENT_3D('',#6559,#5159,#5160);
#4128=AXIS2_PLACEMENT_3D('',#6560,#5161,#5162);
#4129=AXIS2_PLACEMENT_3D('',#6563,#5163,#5164);
#4130=AXIS2_PLACEMENT_3D('',#6566,#5167,#5168);
#4131=AXIS2_PLACEMENT_3D('',#6567,#5169,#5170);
#4132=AXIS2_PLACEMENT_3D('',#6568,#5171,#5172);
#4133=AXIS2_PLACEMENT_3D('',#6569,#5173,#5174);
#4134=AXIS2_PLACEMENT_3D('',#6571,#5175,#5176);
#4135=AXIS2_PLACEMENT_3D('',#6572,#5177,#5178);
#4136=AXIS2_PLACEMENT_3D('',#6573,#5179,#5180);
#4137=AXIS2_PLACEMENT_3D('',#6574,#5181,#5182);
#4138=AXIS2_PLACEMENT_3D('',#6583,#5183,#5184);
#4139=AXIS2_PLACEMENT_3D('',#6590,#5185,#5186);
#4140=AXIS2_PLACEMENT_3D('',#6593,#5187,#5188);
#4141=AXIS2_PLACEMENT_3D('',#6595,#5189,#5190);
#4142=AXIS2_PLACEMENT_3D('',#6596,#5191,#5192);
#4143=AXIS2_PLACEMENT_3D('',#6597,#5193,#5194);
#4144=AXIS2_PLACEMENT_3D('',#6600,#5195,#5196);
#4145=AXIS2_PLACEMENT_3D('',#6603,#5199,#5200);
#4146=AXIS2_PLACEMENT_3D('',#6604,#5201,#5202);
#4147=AXIS2_PLACEMENT_3D('',#6605,#5203,#5204);
#4148=AXIS2_PLACEMENT_3D('',#6606,#5205,#5206);
#4149=AXIS2_PLACEMENT_3D('',#6609,#5207,#5208);
#4150=AXIS2_PLACEMENT_3D('',#6610,#5209,#5210);
#4151=AXIS2_PLACEMENT_3D('',#6611,#5211,#5212);
#4152=AXIS2_PLACEMENT_3D('',#6612,#5213,#5214);
#4153=AXIS2_PLACEMENT_3D('',#6615,#5217,#5218);
#4154=AXIS2_PLACEMENT_3D('',#6618,#5219,#5220);
#4155=AXIS2_PLACEMENT_3D('',#6621,#5223,#5224);
#4156=AXIS2_PLACEMENT_3D('',#6623,#5225,#5226);
#4157=AXIS2_PLACEMENT_3D('',#6624,#5227,#5228);
#4158=AXIS2_PLACEMENT_3D('',#6625,#5229,#5230);
#4159=AXIS2_PLACEMENT_3D('',#6626,#5231,#5232);
#4160=AXIS2_PLACEMENT_3D('',#6628,#5233,#5234);
#4161=AXIS2_PLACEMENT_3D('',#6630,#5236,#5237);
#4162=AXIS2_PLACEMENT_3D('',#6633,#5238,#5239);
#4163=AXIS2_PLACEMENT_3D('',#6634,#5240,#5241);
#4164=AXIS2_PLACEMENT_3D('',#6635,#5242,#5243);
#4165=AXIS2_PLACEMENT_3D('',#6636,#5244,#5245);
#4166=AXIS2_PLACEMENT_3D('',#6639,#5246,#5247);
#4167=AXIS2_PLACEMENT_3D('',#6642,#5250,#5251);
#4168=AXIS2_PLACEMENT_3D('',#6643,#5252,#5253);
#4169=AXIS2_PLACEMENT_3D('',#6644,#5254,#5255);
#4170=AXIS2_PLACEMENT_3D('',#6645,#5256,#5257);
#4171=AXIS2_PLACEMENT_3D('',#6649,#5260,#5261);
#4172=AXIS2_PLACEMENT_3D('',#6650,#5262,#5263);
#4173=AXIS2_PLACEMENT_3D('',#6651,#5264,#5265);
#4174=AXIS2_PLACEMENT_3D('',#6657,#5269,#5270);
#4175=AXIS2_PLACEMENT_3D('',#6658,#5271,#5272);
#4176=AXIS2_PLACEMENT_3D('',#6659,#5273,#5274);
#4177=AXIS2_PLACEMENT_3D('',#6661,#5276,#5277);
#4178=AXIS2_PLACEMENT_3D('',#6663,#5279,#5280);
#4179=AXIS2_PLACEMENT_3D('',#6664,#5281,#5282);
#4180=AXIS2_PLACEMENT_3D('',#6666,#5283,#5284);
#4181=AXIS2_PLACEMENT_3D('',#6668,#5286,#5287);
#4182=AXIS2_PLACEMENT_3D('',#6672,#5289,#5290);
#4183=AXIS2_PLACEMENT_3D('',#6674,#5292,#5293);
#4184=AXIS2_PLACEMENT_3D('',#6676,#5294,#5295);
#4185=AXIS2_PLACEMENT_3D('',#6679,#5297,#5298);
#4186=AXIS2_PLACEMENT_3D('',#6680,#5299,#5300);
#4187=AXIS2_PLACEMENT_3D('',#6682,#5302,#5303);
#4188=AXIS2_PLACEMENT_3D('',#6685,#5305,#5306);
#4189=AXIS2_PLACEMENT_3D('',#6686,#5307,#5308);
#4190=AXIS2_PLACEMENT_3D('',#6689,#5310,#5311);
#4191=AXIS2_PLACEMENT_3D('',#6691,#5312,#5313);
#4192=AXIS2_PLACEMENT_3D('',#6694,#5315,#5316);
#4193=AXIS2_PLACEMENT_3D('',#6696,#5318,#5319);
#4194=AXIS2_PLACEMENT_3D('',#6698,#5320,#5321);
#4195=AXIS2_PLACEMENT_3D('',#6699,#5322,#5323);
#4196=AXIS2_PLACEMENT_3D('',#6701,#5325,#5326);
#4197=AXIS2_PLACEMENT_3D('',#6703,#5328,#5329);
#4198=AXIS2_PLACEMENT_3D('',#6705,#5331,#5332);
#4199=AXIS2_PLACEMENT_3D('',#6707,#5334,#5335);
#4200=AXIS2_PLACEMENT_3D('',#6709,#5337,#5338);
#4201=AXIS2_PLACEMENT_3D('',#6711,#5340,#5341);
#4202=AXIS2_PLACEMENT_3D('',#6712,#5342,#5343);
#4203=AXIS2_PLACEMENT_3D('',#6713,#5344,#5345);
#4204=AXIS2_PLACEMENT_3D('',#6714,#5346,#5347);
#4205=AXIS2_PLACEMENT_3D('',#6716,#5349,#5350);
#4206=AXIS2_PLACEMENT_3D('',#6717,#5351,#5352);
#4207=AXIS2_PLACEMENT_3D('',#6718,#5353,#5354);
#4208=AXIS2_PLACEMENT_3D('',#6719,#5355,#5356);
#4209=AXIS2_PLACEMENT_3D('',#6721,#5358,#5359);
#4210=AXIS2_PLACEMENT_3D('',#6723,#5361,#5362);
#4211=AXIS2_PLACEMENT_3D('',#6724,#5363,#5364);
#4212=AXIS2_PLACEMENT_3D('',#6726,#5365,#5366);
#4213=AXIS2_PLACEMENT_3D('',#6727,#5367,#5368);
#4214=AXIS2_PLACEMENT_3D('',#6729,#5370,#5371);
#4215=AXIS2_PLACEMENT_3D('',#6731,#5372,#5373);
#4216=AXIS2_PLACEMENT_3D('',#6733,#5375,#5376);
#4217=AXIS2_PLACEMENT_3D('',#6735,#5378,#5379);
#4218=AXIS2_PLACEMENT_3D('',#6737,#5381,#5382);
#4219=AXIS2_PLACEMENT_3D('',#6739,#5384,#5385);
#4220=AXIS2_PLACEMENT_3D('',#6741,#5387,#5388);
#4221=AXIS2_PLACEMENT_3D('',#6742,#5389,#5390);
#4222=AXIS2_PLACEMENT_3D('',#6743,#5391,#5392);
#4223=AXIS2_PLACEMENT_3D('',#6744,#5393,#5394);
#4224=AXIS2_PLACEMENT_3D('',#6745,#5395,#5396);
#4225=AXIS2_PLACEMENT_3D('',#6749,#5399,#5400);
#4226=AXIS2_PLACEMENT_3D('',#6751,#5401,#5402);
#4227=AXIS2_PLACEMENT_3D('',#6753,#5404,#5405);
#4228=AXIS2_PLACEMENT_3D('',#6755,#5407,#5408);
#4229=AXIS2_PLACEMENT_3D('',#6756,#5409,#5410);
#4230=AXIS2_PLACEMENT_3D('',#6757,#5411,#5412);
#4231=AXIS2_PLACEMENT_3D('',#6758,#5413,#5414);
#4232=AXIS2_PLACEMENT_3D('',#6759,#5415,#5416);
#4233=AXIS2_PLACEMENT_3D('',#6760,#5417,#5418);
#4234=AXIS2_PLACEMENT_3D('',#6762,#5419,#5420);
#4235=AXIS2_PLACEMENT_3D('',#6764,#5422,#5423);
#4236=AXIS2_PLACEMENT_3D('',#6766,#5425,#5426);
#4237=AXIS2_PLACEMENT_3D('',#6768,#5427,#5428);
#4238=AXIS2_PLACEMENT_3D('',#6770,#5430,#5431);
#4239=AXIS2_PLACEMENT_3D('',#6772,#5433,#5434);
#4240=AXIS2_PLACEMENT_3D('',#6773,#5435,#5436);
#4241=AXIS2_PLACEMENT_3D('',#6775,#5437,#5438);
#4242=AXIS2_PLACEMENT_3D('',#6778,#5440,#5441);
#4243=AXIS2_PLACEMENT_3D('',#6780,#5443,#5444);
#4244=AXIS2_PLACEMENT_3D('',#6782,#5445,#5446);
#4245=AXIS2_PLACEMENT_3D('',#6785,#5448,#5449);
#4246=AXIS2_PLACEMENT_3D('',#6787,#5451,#5452);
#4247=AXIS2_PLACEMENT_3D('',#6789,#5453,#5454);
#4248=AXIS2_PLACEMENT_3D('',#6792,#5456,#5457);
#4249=AXIS2_PLACEMENT_3D('',#6794,#5459,#5460);
#4250=AXIS2_PLACEMENT_3D('',#6796,#5461,#5462);
#4251=AXIS2_PLACEMENT_3D('',#6799,#5464,#5465);
#4252=DIRECTION('axis',(0.,0.,1.));
#4253=DIRECTION('refdir',(1.,0.,0.));
#4254=DIRECTION('center_axis',(0.,0.,-1.));
#4255=DIRECTION('ref_axis',(1.,0.,0.));
#4256=DIRECTION('center_axis',(0.,0.,-1.));
#4257=DIRECTION('ref_axis',(1.,0.,0.));
#4258=DIRECTION('',(0.707106781186553,-8.659560562355E-17,0.707106781186542));
#4259=DIRECTION('center_axis',(0.,0.,1.));
#4260=DIRECTION('ref_axis',(1.,0.,0.));
#4261=DIRECTION('center_axis',(0.,0.,1.));
#4262=DIRECTION('ref_axis',(1.,0.,0.));
#4263=DIRECTION('center_axis',(0.,0.,1.));
#4264=DIRECTION('ref_axis',(1.,0.,0.));
#4265=DIRECTION('center_axis',(0.,0.,-1.));
#4266=DIRECTION('ref_axis',(-0.707106781186549,-0.707106781186546,0.));
#4267=DIRECTION('',(0.,-1.,0.));
#4268=DIRECTION('center_axis',(0.,0.,-1.));
#4269=DIRECTION('ref_axis',(-0.707106781186549,0.707106781186546,0.));
#4270=DIRECTION('',(-1.,0.,0.));
#4271=DIRECTION('center_axis',(0.,0.,-1.));
#4272=DIRECTION('ref_axis',(-0.707106781186548,0.707106781186548,0.));
#4273=DIRECTION('',(0.,-1.,0.));
#4274=DIRECTION('center_axis',(0.,0.,1.));
#4275=DIRECTION('ref_axis',(0.707106781186554,-0.707106781186541,0.));
#4276=DIRECTION('',(-1.,0.,0.));
#4277=DIRECTION('center_axis',(0.,0.,-1.));
#4278=DIRECTION('ref_axis',(-0.70710678118764,0.707106781185455,0.));
#4279=DIRECTION('',(3.08197911635942E-12,-1.,0.));
#4280=DIRECTION('center_axis',(0.,0.,-1.));
#4281=DIRECTION('ref_axis',(-1.,0.,0.));
#4282=DIRECTION('',(0.,1.,0.));
#4283=DIRECTION('center_axis',(0.,0.,-1.));
#4284=DIRECTION('ref_axis',(0.707106781186554,0.707106781186541,0.));
#4285=DIRECTION('',(-1.,0.,0.));
#4286=DIRECTION('center_axis',(0.,0.,-1.));
#4287=DIRECTION('ref_axis',(-0.707106781186554,0.707106781186541,0.));
#4288=DIRECTION('',(0.,-1.,0.));
#4289=DIRECTION('center_axis',(0.,0.,-1.));
#4290=DIRECTION('ref_axis',(-0.707106781186554,-0.707106781186541,0.));
#4291=DIRECTION('',(1.,0.,0.));
#4292=DIRECTION('center_axis',(0.,0.,-1.));
#4293=DIRECTION('ref_axis',(0.707106781186554,-0.707106781186541,0.));
#4294=DIRECTION('',(0.,1.,0.));
#4295=DIRECTION('center_axis',(0.,0.,-1.));
#4296=DIRECTION('ref_axis',(0.999999999999327,-1.16036483710424E-6,0.));
#4297=DIRECTION('',(0.,-1.,0.));
#4298=DIRECTION('center_axis',(0.,0.,-1.));
#4299=DIRECTION('ref_axis',(-0.707106781186554,-0.707106781186541,0.));
#4300=DIRECTION('',(1.,0.,0.));
#4301=DIRECTION('center_axis',(0.,0.,1.));
#4302=DIRECTION('ref_axis',(0.707106781186554,0.707106781186541,0.));
#4303=DIRECTION('',(0.,-1.,0.));
#4304=DIRECTION('center_axis',(0.,0.,-1.));
#4305=DIRECTION('ref_axis',(-0.707106781186548,-0.707106781186548,0.));
#4306=DIRECTION('',(1.,-6.83214169000096E-16,0.));
#4307=DIRECTION('center_axis',(0.,0.,-1.));
#4308=DIRECTION('ref_axis',(1.,0.,0.));
#4309=DIRECTION('center_axis',(0.,0.,1.));
#4310=DIRECTION('ref_axis',(1.,0.,0.));
#4311=DIRECTION('center_axis',(0.,0.,1.));
#4312=DIRECTION('ref_axis',(1.,0.,0.));
#4313=DIRECTION('center_axis',(0.,0.,1.));
#4314=DIRECTION('ref_axis',(-1.,0.,0.));
#4315=DIRECTION('',(0.,0.,1.));
#4316=DIRECTION('center_axis',(0.,0.,1.));
#4317=DIRECTION('ref_axis',(-1.,0.,0.));
#4318=DIRECTION('center_axis',(0.,0.,-1.));
#4319=DIRECTION('ref_axis',(1.,0.,0.));
#4320=DIRECTION('',(0.707106781186553,-8.659560562355E-17,0.707106781186542));
#4321=DIRECTION('center_axis',(0.,0.,1.));
#4322=DIRECTION('ref_axis',(1.,0.,0.));
#4323=DIRECTION('center_axis',(0.,0.,1.));
#4324=DIRECTION('ref_axis',(1.,0.,0.));
#4325=DIRECTION('center_axis',(0.,0.,1.));
#4326=DIRECTION('ref_axis',(-1.,0.,0.));
#4327=DIRECTION('',(0.,0.,1.));
#4328=DIRECTION('center_axis',(0.,0.,1.));
#4329=DIRECTION('ref_axis',(-1.,0.,0.));
#4330=DIRECTION('center_axis',(0.,0.,-1.));
#4331=DIRECTION('ref_axis',(1.,0.,0.));
#4332=DIRECTION('center_axis',(0.,0.,-1.));
#4333=DIRECTION('ref_axis',(1.,0.,0.));
#4334=DIRECTION('',(0.707106781186553,-8.659560562355E-17,0.707106781186542));
#4335=DIRECTION('center_axis',(0.,0.,1.));
#4336=DIRECTION('ref_axis',(1.,0.,0.));
#4337=DIRECTION('center_axis',(0.,0.,1.));
#4338=DIRECTION('ref_axis',(1.,0.,0.));
#4339=DIRECTION('center_axis',(0.,0.,1.));
#4340=DIRECTION('ref_axis',(1.,0.,0.));
#4341=DIRECTION('center_axis',(0.,0.,-1.));
#4342=DIRECTION('ref_axis',(0.707106781186547,0.707106781186549,0.));
#4343=DIRECTION('',(0.,1.,0.));
#4344=DIRECTION('center_axis',(0.,0.,-1.));
#4345=DIRECTION('ref_axis',(0.707106781186549,-0.707106781186546,0.));
#4346=DIRECTION('',(1.,-6.83214169000096E-16,0.));
#4347=DIRECTION('center_axis',(0.,0.,-1.));
#4348=DIRECTION('ref_axis',(0.707106781186545,-0.70710678118655,0.));
#4349=DIRECTION('',(0.,1.,0.));
#4350=DIRECTION('center_axis',(0.,0.,1.));
#4351=DIRECTION('ref_axis',(-0.707106781186554,0.707106781186541,0.));
#4352=DIRECTION('',(1.,0.,0.));
#4353=DIRECTION('center_axis',(0.,0.,-1.));
#4354=DIRECTION('ref_axis',(0.707106781186554,-0.707106781186541,0.));
#4355=DIRECTION('',(0.,1.,0.));
#4356=DIRECTION('center_axis',(0.,0.,-1.));
#4357=DIRECTION('ref_axis',(0.999999999999625,8.65918170944399E-7,0.));
#4358=DIRECTION('',(0.,-1.,0.));
#4359=DIRECTION('center_axis',(0.,0.,-1.));
#4360=DIRECTION('ref_axis',(-0.707106781186579,-0.707106781186516,0.));
#4361=DIRECTION('',(1.,0.,0.));
#4362=DIRECTION('center_axis',(0.,0.,-1.));
#4363=DIRECTION('ref_axis',(0.707106781186551,-0.707106781186544,0.));
#4364=DIRECTION('',(-2.30098036191742E-16,1.,0.));
#4365=DIRECTION('center_axis',(0.,0.,-1.));
#4366=DIRECTION('ref_axis',(0.707106781186554,0.707106781186541,0.));
#4367=DIRECTION('',(-1.,0.,0.));
#4368=DIRECTION('center_axis',(0.,0.,-1.));
#4369=DIRECTION('ref_axis',(-0.707106781186554,0.707106781186541,0.));
#4370=DIRECTION('',(0.,-1.,0.));
#4371=DIRECTION('center_axis',(0.,0.,-1.));
#4372=DIRECTION('ref_axis',(-0.999999999999631,8.59561430032978E-7,0.));
#4373=DIRECTION('',(0.,1.,0.));
#4374=DIRECTION('center_axis',(0.,0.,-1.));
#4375=DIRECTION('ref_axis',(0.707106781186554,0.707106781186541,0.));
#4376=DIRECTION('',(-1.,0.,0.));
#4377=DIRECTION('center_axis',(0.,0.,1.));
#4378=DIRECTION('ref_axis',(-0.707106781186554,-0.707106781186541,0.));
#4379=DIRECTION('',(0.,1.,0.));
#4380=DIRECTION('center_axis',(0.,0.,-1.));
#4381=DIRECTION('ref_axis',(0.707106781186548,0.707106781186548,0.));
#4382=DIRECTION('',(-1.,0.,0.));
#4383=DIRECTION('center_axis',(0.,0.,-1.));
#4384=DIRECTION('ref_axis',(1.,0.,0.));
#4385=DIRECTION('center_axis',(0.,0.,1.));
#4386=DIRECTION('ref_axis',(1.,0.,0.));
#4387=DIRECTION('center_axis',(0.,0.,1.));
#4388=DIRECTION('ref_axis',(1.,0.,0.));
#4389=DIRECTION('center_axis',(0.,0.,1.));
#4390=DIRECTION('ref_axis',(-1.,0.,0.));
#4391=DIRECTION('',(0.,0.,1.));
#4392=DIRECTION('center_axis',(0.,0.,1.));
#4393=DIRECTION('ref_axis',(-1.,0.,0.));
#4394=DIRECTION('center_axis',(0.,0.,-1.));
#4395=DIRECTION('ref_axis',(1.,0.,0.));
#4396=DIRECTION('',(0.707106781186553,-8.659560562355E-17,0.707106781186542));
#4397=DIRECTION('center_axis',(0.,0.,1.));
#4398=DIRECTION('ref_axis',(1.,0.,0.));
#4399=DIRECTION('center_axis',(0.,0.,1.));
#4400=DIRECTION('ref_axis',(1.,0.,0.));
#4401=DIRECTION('center_axis',(0.,0.,1.));
#4402=DIRECTION('ref_axis',(-1.,0.,0.));
#4403=DIRECTION('',(0.,0.,1.));
#4404=DIRECTION('center_axis',(0.,0.,1.));
#4405=DIRECTION('ref_axis',(-1.,0.,0.));
#4406=DIRECTION('center_axis',(0.,0.,-1.));
#4407=DIRECTION('ref_axis',(-1.,0.,0.));
#4408=DIRECTION('',(-0.857167300702112,-1.04972719113862E-16,0.515038074910054));
#4409=DIRECTION('center_axis',(0.,0.,-1.));
#4410=DIRECTION('ref_axis',(-1.,0.,0.));
#4411=DIRECTION('',(-0.857167300702112,-1.04972719113862E-16,0.515038074910054));
#4412=DIRECTION('center_axis',(0.,0.,-1.));
#4413=DIRECTION('ref_axis',(-1.,0.,0.));
#4414=DIRECTION('',(-0.857167300702112,-1.04972719113862E-16,0.515038074910054));
#4415=DIRECTION('center_axis',(0.,0.,-1.));
#4416=DIRECTION('ref_axis',(-1.,0.,0.));
#4417=DIRECTION('',(-0.857167300702112,-1.04972719113862E-16,0.515038074910054));
#4418=DIRECTION('center_axis',(5.70942712248644E-17,-0.707106781186546,
-0.707106781186549));
#4419=DIRECTION('ref_axis',(-1.,0.,-8.07434927000111E-17));
#4420=DIRECTION('',(0.,0.707106781186549,-0.707106781186546));
#4421=DIRECTION('',(1.,0.,0.));
#4422=DIRECTION('',(0.,-0.707106781186549,0.707106781186546));
#4423=DIRECTION('',(-1.,-8.07434927000114E-17,0.));
#4424=DIRECTION('center_axis',(-1.,0.,0.));
#4425=DIRECTION('ref_axis',(0.,1.,0.));
#4426=DIRECTION('',(0.,1.,0.));
#4427=DIRECTION('',(0.,0.,-1.));
#4428=DIRECTION('center_axis',(0.,0.,-1.));
#4429=DIRECTION('ref_axis',(-1.,0.,0.));
#4430=DIRECTION('center_axis',(0.,0.,1.));
#4431=DIRECTION('ref_axis',(-1.,0.,0.));
#4432=DIRECTION('center_axis',(0.,-1.,0.));
#4433=DIRECTION('ref_axis',(1.,0.,0.));
#4434=DIRECTION('center_axis',(0.,0.,-1.));
#4435=DIRECTION('ref_axis',(-1.,0.,0.));
#4436=DIRECTION('center_axis',(0.,0.,1.));
#4437=DIRECTION('ref_axis',(1.,0.,0.));
#4438=DIRECTION('center_axis',(0.,0.,1.));
#4439=DIRECTION('ref_axis',(0.707106781186548,-0.707106781186548,0.));
#4440=DIRECTION('',(1.,0.,0.));
#4441=DIRECTION('center_axis',(0.,0.,1.));
#4442=DIRECTION('ref_axis',(-0.707106781186548,-0.707106781186548,0.));
#4443=DIRECTION('',(0.,-1.,0.));
#4444=DIRECTION('center_axis',(0.,0.,-1.));
#4445=DIRECTION('ref_axis',(0.707106781186547,0.707106781186548,0.));
#4446=DIRECTION('',(1.,0.,0.));
#4447=DIRECTION('center_axis',(0.,0.,-1.));
#4448=DIRECTION('ref_axis',(-0.707106781186547,0.707106781186548,0.));
#4449=DIRECTION('',(0.,1.,0.));
#4450=DIRECTION('center_axis',(0.,0.,1.));
#4451=DIRECTION('ref_axis',(-1.,0.,0.));
#4452=DIRECTION('center_axis',(0.,0.,1.));
#4453=DIRECTION('ref_axis',(-1.,0.,0.));
#4454=DIRECTION('center_axis',(0.,0.,-1.));
#4455=DIRECTION('ref_axis',(-1.,0.,0.));
#4456=DIRECTION('',(0.,0.,1.));
#4457=DIRECTION('center_axis',(0.,0.,-1.));
#4458=DIRECTION('ref_axis',(-1.,0.,0.));
#4459=DIRECTION('center_axis',(0.,-1.,0.));
#4460=DIRECTION('ref_axis',(1.,0.,0.));
#4461=DIRECTION('center_axis',(0.,0.,-1.));
#4462=DIRECTION('ref_axis',(-1.,0.,0.));
#4463=DIRECTION('center_axis',(0.,0.,1.));
#4464=DIRECTION('ref_axis',(-1.,0.,0.));
#4465=DIRECTION('center_axis',(0.,0.,-1.));
#4466=DIRECTION('ref_axis',(-1.,0.,0.));
#4467=DIRECTION('',(0.,0.,1.));
#4468=DIRECTION('center_axis',(0.,0.,-1.));
#4469=DIRECTION('ref_axis',(-1.,0.,0.));
#4470=DIRECTION('center_axis',(0.,0.,-1.));
#4471=DIRECTION('ref_axis',(-0.998746073110333,-0.0500627750598195,0.));
#4472=DIRECTION('center_axis',(0.,-1.,0.));
#4473=DIRECTION('ref_axis',(0.,0.,1.));
#4474=DIRECTION('center_axis',(0.,0.,1.));
#4475=DIRECTION('ref_axis',(-0.998746073110333,-0.0500627750598195,0.));
#4476=DIRECTION('center_axis',(0.,0.241921895599669,-0.970295726275996));
#4477=DIRECTION('ref_axis',(1.13394174316526E-16,-0.970295726275996,-0.241921895599669));
#4478=DIRECTION('center_axis',(1.,0.,0.));
#4479=DIRECTION('ref_axis',(0.,-0.24192189559967,0.970295726275996));
#4480=DIRECTION('center_axis',(0.,-0.230484348610305,0.973076032510144));
#4481=DIRECTION('ref_axis',(0.,-0.973076032510144,-0.230484348610305));
#4482=DIRECTION('center_axis',(-1.,0.,0.));
#4483=DIRECTION('ref_axis',(0.,-0.78801075360673,0.615661475325647));
#4484=DIRECTION('center_axis',(1.,0.,0.));
#4485=DIRECTION('ref_axis',(0.,-0.241921895599671,0.970295726275996));
#4486=DIRECTION('',(1.,0.,0.));
#4487=DIRECTION('',(-1.,0.,0.));
#4488=DIRECTION('center_axis',(0.,-0.230484348610305,0.973076032510144));
#4489=DIRECTION('ref_axis',(0.,-0.973076032510144,-0.230484348610305));
#4490=DIRECTION('center_axis',(0.,0.241921895599669,-0.970295726275996));
#4491=DIRECTION('ref_axis',(-1.13394174316526E-16,-0.970295726275996,-0.241921895599669));
#4492=DIRECTION('center_axis',(0.,-1.,0.));
#4493=DIRECTION('ref_axis',(-0.707106781186552,0.,0.707106781186543));
#4494=DIRECTION('center_axis',(0.,-1.,0.));
#4495=DIRECTION('ref_axis',(0.,0.,1.));
#4496=DIRECTION('',(0.,-1.,0.));
#4497=DIRECTION('',(0.,1.,0.));
#4498=DIRECTION('center_axis',(0.,0.,-1.));
#4499=DIRECTION('ref_axis',(-1.,0.,0.));
#4500=DIRECTION('center_axis',(-1.,0.,0.));
#4501=DIRECTION('ref_axis',(0.,0.,1.));
#4502=DIRECTION('center_axis',(0.,0.,1.));
#4503=DIRECTION('ref_axis',(-0.707106781186547,0.707106781186547,0.));
#4504=DIRECTION('center_axis',(0.,0.,-1.));
#4505=DIRECTION('ref_axis',(-0.707106781186548,0.707106781186548,0.));
#4506=DIRECTION('center_axis',(-1.,0.,0.));
#4507=DIRECTION('ref_axis',(0.,0.70710678118654,0.707106781186555));
#4508=DIRECTION('center_axis',(-1.,0.,0.));
#4509=DIRECTION('ref_axis',(0.,0.,1.));
#4510=DIRECTION('',(-1.,0.,0.));
#4511=DIRECTION('',(1.,0.,0.));
#4512=DIRECTION('center_axis',(0.,0.,-1.));
#4513=DIRECTION('ref_axis',(-1.,0.,0.));
#4514=DIRECTION('center_axis',(0.,1.,0.));
#4515=DIRECTION('ref_axis',(0.,0.,1.));
#4516=DIRECTION('center_axis',(0.,0.,1.));
#4517=DIRECTION('ref_axis',(0.707106781186547,0.707106781186547,0.));
#4518=DIRECTION('center_axis',(0.,0.,-1.));
#4519=DIRECTION('ref_axis',(0.707106781186548,0.707106781186548,0.));
#4520=DIRECTION('center_axis',(0.,1.,0.));
#4521=DIRECTION('ref_axis',(0.707106781186552,0.,0.707106781186543));
#4522=DIRECTION('center_axis',(0.,1.,0.));
#4523=DIRECTION('ref_axis',(0.,0.,1.));
#4524=DIRECTION('',(0.,1.,0.));
#4525=DIRECTION('',(0.,-1.,0.));
#4526=DIRECTION('center_axis',(0.,0.,-1.));
#4527=DIRECTION('ref_axis',(-1.,0.,0.));
#4528=DIRECTION('center_axis',(0.,0.,1.));
#4529=DIRECTION('ref_axis',(0.998746073110333,-0.050062775059819,0.));
#4530=DIRECTION('center_axis',(0.,0.,-1.));
#4531=DIRECTION('ref_axis',(0.998746073110333,-0.050062775059819,0.));
#4532=DIRECTION('center_axis',(0.,1.,0.));
#4533=DIRECTION('ref_axis',(-1.,0.,0.));
#4534=DIRECTION('',(0.,0.,1.));
#4535=DIRECTION('',(1.,0.,0.));
#4536=DIRECTION('',(0.,0.,-1.));
#4537=DIRECTION('center_axis',(0.,0.,1.));
#4538=DIRECTION('ref_axis',(0.707106781186547,0.707106781186547,0.));
#4539=DIRECTION('',(0.,0.,-1.));
#4540=DIRECTION('center_axis',(0.,0.,-1.));
#4541=DIRECTION('ref_axis',(0.707106781186547,0.707106781186547,0.));
#4542=DIRECTION('center_axis',(1.,0.,0.));
#4543=DIRECTION('ref_axis',(0.,1.,0.));
#4544=DIRECTION('',(0.,0.,1.));
#4545=DIRECTION('',(0.,-1.,0.));
#4546=DIRECTION('center_axis',(0.,0.,1.));
#4547=DIRECTION('ref_axis',(0.707106781186547,-0.707106781186547,0.));
#4548=DIRECTION('',(0.,0.,-1.));
#4549=DIRECTION('center_axis',(0.,0.,-1.));
#4550=DIRECTION('ref_axis',(0.707106781186547,-0.707106781186547,0.));
#4551=DIRECTION('center_axis',(0.,0.241921895599669,-0.970295726275996));
#4552=DIRECTION('ref_axis',(0.,-0.970295726275996,-0.241921895599669));
#4553=DIRECTION('',(1.,0.,0.));
#4554=DIRECTION('',(1.,0.,0.));
#4555=DIRECTION('',(1.,0.,0.));
#4556=DIRECTION('',(1.,0.,0.));
#4557=DIRECTION('center_axis',(0.,0.,1.));
#4558=DIRECTION('ref_axis',(1.,0.,0.));
#4559=DIRECTION('center_axis',(0.,1.,0.));
#4560=DIRECTION('ref_axis',(-1.,0.,0.));
#4561=DIRECTION('center_axis',(0.,0.,1.));
#4562=DIRECTION('ref_axis',(0.70710678118655,0.707106781186545,0.));
#4563=DIRECTION('center_axis',(1.,0.,0.));
#4564=DIRECTION('ref_axis',(0.,0.,1.));
#4565=DIRECTION('center_axis',(0.,0.,-1.));
#4566=DIRECTION('ref_axis',(0.70710678118655,0.707106781186545,0.));
#4567=DIRECTION('center_axis',(1.,0.,0.));
#4568=DIRECTION('ref_axis',(0.,-0.707106781186546,0.707106781186549));
#4569=DIRECTION('center_axis',(1.,0.,0.));
#4570=DIRECTION('ref_axis',(0.,0.,1.));
#4571=DIRECTION('',(1.,0.,0.));
#4572=DIRECTION('',(-1.,0.,0.));
#4573=DIRECTION('center_axis',(0.,0.,1.));
#4574=DIRECTION('ref_axis',(1.,0.,0.));
#4575=DIRECTION('center_axis',(0.,1.,0.));
#4576=DIRECTION('ref_axis',(0.,0.,1.));
#4577=DIRECTION('center_axis',(0.,0.,-1.));
#4578=DIRECTION('ref_axis',(-0.707106781186548,0.707106781186548,0.));
#4579=DIRECTION('center_axis',(0.,0.,1.));
#4580=DIRECTION('ref_axis',(-0.707106781186548,0.707106781186548,0.));
#4581=DIRECTION('center_axis',(0.,1.,0.));
#4582=DIRECTION('ref_axis',(0.707106781186552,0.,0.707106781186543));
#4583=DIRECTION('center_axis',(0.,1.,0.));
#4584=DIRECTION('ref_axis',(0.,0.,1.));
#4585=DIRECTION('',(0.,1.,0.));
#4586=DIRECTION('',(0.,-1.,0.));
#4587=DIRECTION('center_axis',(0.,0.,1.));
#4588=DIRECTION('ref_axis',(1.,0.,0.));
#4589=DIRECTION('center_axis',(-1.,0.,0.));
#4590=DIRECTION('ref_axis',(0.,0.,1.));
#4591=DIRECTION('center_axis',(0.,0.,-1.));
#4592=DIRECTION('ref_axis',(-0.707106781186548,-0.707106781186548,0.));
#4593=DIRECTION('center_axis',(0.,0.,1.));
#4594=DIRECTION('ref_axis',(-0.707106781186548,-0.707106781186548,0.));
#4595=DIRECTION('center_axis',(-1.,0.,0.));
#4596=DIRECTION('ref_axis',(0.,0.707106781186546,0.707106781186549));
#4597=DIRECTION('center_axis',(-1.,0.,0.));
#4598=DIRECTION('ref_axis',(0.,0.,1.));
#4599=DIRECTION('',(-1.,0.,0.));
#4600=DIRECTION('center_axis',(0.,0.,1.));
#4601=DIRECTION('ref_axis',(1.,0.,0.));
#4602=DIRECTION('center_axis',(0.,-1.,0.));
#4603=DIRECTION('ref_axis',(0.,0.,1.));
#4604=DIRECTION('center_axis',(0.,0.,-1.));
#4605=DIRECTION('ref_axis',(0.707106781186548,-0.707106781186548,0.));
#4606=DIRECTION('center_axis',(0.,-1.,0.));
#4607=DIRECTION('ref_axis',(-0.70710678118654,0.,0.707106781186555));
#4608=DIRECTION('center_axis',(0.,-1.,0.));
#4609=DIRECTION('ref_axis',(0.,0.,1.));
#4610=DIRECTION('',(0.,-1.,0.));
#4611=DIRECTION('center_axis',(0.,0.,-1.));
#4612=DIRECTION('ref_axis',(-1.,0.,0.));
#4613=DIRECTION('center_axis',(-1.,0.,0.));
#4614=DIRECTION('ref_axis',(0.,0.,1.));
#4615=DIRECTION('center_axis',(0.,0.,1.));
#4616=DIRECTION('ref_axis',(-0.707106781186547,0.707106781186548,0.));
#4617=DIRECTION('center_axis',(-1.,0.,0.));
#4618=DIRECTION('ref_axis',(0.,0.707106781186546,0.707106781186549));
#4619=DIRECTION('center_axis',(-1.,0.,0.));
#4620=DIRECTION('ref_axis',(0.,0.,1.));
#4621=DIRECTION('',(-1.,0.,0.));
#4622=DIRECTION('center_axis',(0.,0.,-1.));
#4623=DIRECTION('ref_axis',(-1.,0.,0.));
#4624=DIRECTION('center_axis',(0.,1.,0.));
#4625=DIRECTION('ref_axis',(0.,0.,1.));
#4626=DIRECTION('center_axis',(0.,0.,1.));
#4627=DIRECTION('ref_axis',(0.707106781186547,0.707106781186548,0.));
#4628=DIRECTION('center_axis',(0.,1.,0.));
#4629=DIRECTION('ref_axis',(0.70710678118654,0.,0.707106781186555));
#4630=DIRECTION('center_axis',(0.,1.,0.));
#4631=DIRECTION('ref_axis',(0.,0.,1.));
#4632=DIRECTION('',(0.,1.,0.));
#4633=DIRECTION('center_axis',(0.,0.,1.));
#4634=DIRECTION('ref_axis',(1.,0.,0.));
#4635=DIRECTION('center_axis',(-1.,0.,0.));
#4636=DIRECTION('ref_axis',(0.,0.,1.));
#4637=DIRECTION('center_axis',(0.,0.,-1.));
#4638=DIRECTION('ref_axis',(-0.707106781186548,-0.707106781186548,0.));
#4639=DIRECTION('center_axis',(-1.,0.,0.));
#4640=DIRECTION('ref_axis',(0.,0.707106781186546,0.707106781186549));
#4641=DIRECTION('center_axis',(-1.,0.,0.));
#4642=DIRECTION('ref_axis',(0.,0.,1.));
#4643=DIRECTION('',(-1.,0.,0.));
#4644=DIRECTION('center_axis',(0.,0.,1.));
#4645=DIRECTION('ref_axis',(1.,0.,0.));
#4646=DIRECTION('center_axis',(0.,-1.,0.));
#4647=DIRECTION('ref_axis',(0.,0.,1.));
#4648=DIRECTION('center_axis',(0.,0.,-1.));
#4649=DIRECTION('ref_axis',(0.707106781186545,-0.70710678118655,0.));
#4650=DIRECTION('center_axis',(0.,0.,1.));
#4651=DIRECTION('ref_axis',(0.707106781186545,-0.70710678118655,0.));
#4652=DIRECTION('center_axis',(2.30098036191742E-16,-1.,0.));
#4653=DIRECTION('ref_axis',(-0.707106781186577,0.,0.707106781186518));
#4654=DIRECTION('',(-2.30098036191742E-16,1.,0.));
#4655=DIRECTION('',(2.30098036191742E-16,-1.,0.));
#4656=DIRECTION('center_axis',(0.,0.,1.));
#4657=DIRECTION('ref_axis',(1.,0.,0.));
#4658=DIRECTION('center_axis',(0.,1.,0.));
#4659=DIRECTION('ref_axis',(-1.,0.,0.));
#4660=DIRECTION('',(0.,0.,1.));
#4661=DIRECTION('',(-1.,0.,0.));
#4662=DIRECTION('',(0.,0.,-1.));
#4663=DIRECTION('center_axis',(0.,0.,1.));
#4664=DIRECTION('ref_axis',(0.707106781186548,0.707106781186548,0.));
#4665=DIRECTION('',(0.,0.,-1.));
#4666=DIRECTION('center_axis',(0.,0.,1.));
#4667=DIRECTION('ref_axis',(0.707106781186548,0.707106781186548,0.));
#4668=DIRECTION('center_axis',(1.,0.,0.));
#4669=DIRECTION('ref_axis',(0.,1.,0.));
#4670=DIRECTION('',(0.,0.,1.));
#4671=DIRECTION('',(0.,0.,1.));
#4672=DIRECTION('',(0.,1.,0.));
#4673=DIRECTION('center_axis',(0.,0.,1.));
#4674=DIRECTION('ref_axis',(-0.707106781186548,-0.707106781186548,0.));
#4675=DIRECTION('',(0.,0.,-1.));
#4676=DIRECTION('center_axis',(0.,0.,-1.));
#4677=DIRECTION('ref_axis',(-0.707106781186548,-0.707106781186548,0.));
#4678=DIRECTION('center_axis',(0.,1.,0.));
#4679=DIRECTION('ref_axis',(-1.,0.,0.));
#4680=DIRECTION('',(0.,0.,1.));
#4681=DIRECTION('',(0.,0.,-1.));
#4682=DIRECTION('',(1.,0.,0.));
#4683=DIRECTION('',(0.,0.,1.));
#4684=DIRECTION('',(0.,0.,-1.));
#4685=DIRECTION('',(-1.,0.,0.));
#4686=DIRECTION('center_axis',(0.,0.,1.));
#4687=DIRECTION('ref_axis',(0.707106781186551,-0.707106781186544,0.));
#4688=DIRECTION('',(0.,0.,-1.));
#4689=DIRECTION('center_axis',(-1.,-2.30098036191742E-16,0.));
#4690=DIRECTION('ref_axis',(2.30098036191742E-16,-1.,0.));
#4691=DIRECTION('',(0.,0.,1.));
#4692=DIRECTION('center_axis',(0.,0.,1.));
#4693=DIRECTION('ref_axis',(0.707106781186554,0.707106781186541,0.));
#4694=DIRECTION('',(0.,0.,-1.));
#4695=DIRECTION('center_axis',(0.,0.,-1.));
#4696=DIRECTION('ref_axis',(-0.707106781186554,0.707106781186541,0.));
#4697=DIRECTION('',(0.,0.,-1.));
#4698=DIRECTION('',(0.,0.,1.));
#4699=DIRECTION('center_axis',(-0.707106781186543,2.51214793389403E-14,
0.707106781186552));
#4700=DIRECTION('ref_axis',(0.707106781186552,-2.51214793389407E-14,0.707106781186543));
#4701=DIRECTION('center_axis',(1.,0.,0.));
#4702=DIRECTION('ref_axis',(0.,0.707106781186546,-0.707106781186549));
#4703=DIRECTION('',(-1.,0.,0.));
#4704=DIRECTION('center_axis',(-0.707106781186555,-2.51214793389408E-14,
-0.70710678118654));
#4705=DIRECTION('ref_axis',(-0.70710678118654,2.51214793389413E-14,0.707106781186555));
#4706=DIRECTION('',(1.,0.,0.));
#4707=DIRECTION('center_axis',(0.,0.,-1.));
#4708=DIRECTION('ref_axis',(0.707106781186554,0.707106781186541,0.));
#4709=DIRECTION('',(0.,0.,-1.));
#4710=DIRECTION('',(0.,0.,1.));
#4711=DIRECTION('center_axis',(1.,0.,0.));
#4712=DIRECTION('ref_axis',(0.,-1.,0.));
#4713=DIRECTION('',(0.,1.,0.));
#4714=DIRECTION('',(0.,0.,-1.));
#4715=DIRECTION('center_axis',(0.,0.,1.));
#4716=DIRECTION('ref_axis',(1.,0.,0.));
#4717=DIRECTION('',(0.,-1.,0.));
#4718=DIRECTION('center_axis',(0.,0.,1.));
#4719=DIRECTION('ref_axis',(-0.999999999999631,8.59561430032978E-7,0.));
#4720=DIRECTION('center_axis',(0.,0.,1.));
#4721=DIRECTION('ref_axis',(1.,0.,0.));
#4722=DIRECTION('center_axis',(-1.,0.,0.));
#4723=DIRECTION('ref_axis',(0.,1.,0.));
#4724=DIRECTION('',(0.,0.,-1.));
#4725=DIRECTION('center_axis',(0.,0.,-1.));
#4726=DIRECTION('ref_axis',(-0.707106781186551,0.707106781186544,0.));
#4727=DIRECTION('',(0.,0.,-1.));
#4728=DIRECTION('center_axis',(0.,0.,-1.));
#4729=DIRECTION('ref_axis',(-0.707106781186551,0.707106781186544,0.));
#4730=DIRECTION('',(0.,0.,1.));
#4731=DIRECTION('center_axis',(-0.707106781186546,0.,0.707106781186549));
#4732=DIRECTION('ref_axis',(0.707106781186549,0.,0.707106781186546));
#4733=DIRECTION('center_axis',(1.,0.,0.));
#4734=DIRECTION('ref_axis',(0.,0.707106781186546,-0.707106781186549));
#4735=DIRECTION('',(-1.,0.,0.));
#4736=DIRECTION('center_axis',(-0.707106781186549,0.,-0.707106781186546));
#4737=DIRECTION('ref_axis',(-0.707106781186546,0.,0.707106781186549));
#4738=DIRECTION('',(1.,0.,0.));
#4739=DIRECTION('center_axis',(0.,0.,-1.));
#4740=DIRECTION('ref_axis',(0.707106781186548,0.707106781186548,0.));
#4741=DIRECTION('',(0.,0.,-1.));
#4742=DIRECTION('center_axis',(0.,0.,-1.));
#4743=DIRECTION('ref_axis',(0.707106781186548,0.707106781186548,0.));
#4744=DIRECTION('',(0.,0.,1.));
#4745=DIRECTION('center_axis',(1.,0.,0.));
#4746=DIRECTION('ref_axis',(0.,-1.,0.));
#4747=DIRECTION('',(0.,1.,0.));
#4748=DIRECTION('',(0.,0.,-1.));
#4749=DIRECTION('',(0.,-1.,0.));
#4750=DIRECTION('center_axis',(0.,0.,1.));
#4751=DIRECTION('ref_axis',(1.,0.,0.));
#4752=DIRECTION('',(0.,-1.,0.));
#4753=DIRECTION('center_axis',(0.,0.,1.));
#4754=DIRECTION('ref_axis',(-1.,0.,0.));
#4755=DIRECTION('center_axis',(0.,0.,1.));
#4756=DIRECTION('ref_axis',(1.,0.,0.));
#4757=DIRECTION('center_axis',(-1.,0.,0.));
#4758=DIRECTION('ref_axis',(0.,1.,0.));
#4759=DIRECTION('',(0.,1.,0.));
#4760=DIRECTION('',(0.,0.,-1.));
#4761=DIRECTION('center_axis',(0.,0.,-1.));
#4762=DIRECTION('ref_axis',(-0.70710678118764,0.707106781185455,0.));
#4763=DIRECTION('',(0.,0.,-1.));
#4764=DIRECTION('',(0.,0.,1.));
#4765=DIRECTION('center_axis',(-0.707106781186543,0.,0.707106781186552));
#4766=DIRECTION('ref_axis',(0.707106781186552,0.,0.707106781186543));
#4767=DIRECTION('center_axis',(1.,0.,0.));
#4768=DIRECTION('ref_axis',(0.,0.707106781186546,-0.707106781186549));
#4769=DIRECTION('',(-1.,0.,0.));
#4770=DIRECTION('center_axis',(-0.707106781186543,0.,-0.707106781186552));
#4771=DIRECTION('ref_axis',(-0.707106781186552,0.,0.707106781186543));
#4772=DIRECTION('',(1.,0.,0.));
#4773=DIRECTION('center_axis',(0.,0.,-1.));
#4774=DIRECTION('ref_axis',(0.707106781186554,0.707106781186541,0.));
#4775=DIRECTION('',(0.,0.,-1.));
#4776=DIRECTION('',(0.,0.,1.));
#4777=DIRECTION('center_axis',(1.,3.08197911635942E-12,0.));
#4778=DIRECTION('ref_axis',(3.08197911635942E-12,-1.,0.));
#4779=DIRECTION('',(-3.08197911635942E-12,1.,0.));
#4780=DIRECTION('',(0.,0.,-1.));
#4781=DIRECTION('center_axis',(0.,0.,1.));
#4782=DIRECTION('ref_axis',(1.,0.,0.));
#4783=DIRECTION('',(0.,-1.,0.));
#4784=DIRECTION('center_axis',(0.,0.,1.));
#4785=DIRECTION('ref_axis',(-1.,0.,0.));
#4786=DIRECTION('center_axis',(0.,0.,1.));
#4787=DIRECTION('ref_axis',(1.,0.,0.));
#4788=DIRECTION('center_axis',(-1.,0.,0.));
#4789=DIRECTION('ref_axis',(0.,1.,0.));
#4790=DIRECTION('',(0.,0.,-1.));
#4791=DIRECTION('center_axis',(0.,0.,-1.));
#4792=DIRECTION('ref_axis',(0.707106781186554,-0.707106781186541,0.));
#4793=DIRECTION('',(0.,0.,-1.));
#4794=DIRECTION('center_axis',(0.707106781186543,0.,0.707106781186552));
#4795=DIRECTION('ref_axis',(-0.707106781186552,0.,0.707106781186543));
#4796=DIRECTION('center_axis',(-1.,0.,0.));
#4797=DIRECTION('ref_axis',(0.,-0.707106781186546,-0.707106781186549));
#4798=DIRECTION('center_axis',(0.70710678118653,0.,-0.707106781186565));
#4799=DIRECTION('ref_axis',(0.707106781186565,0.,0.70710678118653));
#4800=DIRECTION('',(-1.,0.,0.));
#4801=DIRECTION('center_axis',(0.,0.,-1.));
#4802=DIRECTION('ref_axis',(-0.707106781186579,-0.707106781186516,0.));
#4803=DIRECTION('',(0.,0.,1.));
#4804=DIRECTION('center_axis',(-1.,0.,0.));
#4805=DIRECTION('ref_axis',(0.,1.,0.));
#4806=DIRECTION('',(0.,-1.,0.));
#4807=DIRECTION('',(0.,0.,-1.));
#4808=DIRECTION('center_axis',(0.,0.,1.));
#4809=DIRECTION('ref_axis',(1.,0.,0.));
#4810=DIRECTION('',(0.,1.,0.));
#4811=DIRECTION('center_axis',(0.,0.,1.));
#4812=DIRECTION('ref_axis',(0.999999999999625,8.65918170944399E-7,0.));
#4813=DIRECTION('center_axis',(0.,0.,1.));
#4814=DIRECTION('ref_axis',(1.,0.,0.));
#4815=DIRECTION('center_axis',(1.,0.,0.));
#4816=DIRECTION('ref_axis',(0.,-1.,0.));
#4817=DIRECTION('',(0.,0.,-1.));
#4818=DIRECTION('center_axis',(1.,0.,0.));
#4819=DIRECTION('ref_axis',(0.,-0.707106781186546,-0.707106781186549));
#4820=DIRECTION('',(1.,0.,0.));
#4821=DIRECTION('center_axis',(0.707106781186549,-7.85046229341892E-16,
-0.707106781186546));
#4822=DIRECTION('ref_axis',(-0.707106781186546,-7.85046229341894E-16,-0.707106781186549));
#4823=DIRECTION('',(-1.,0.,0.));
#4824=DIRECTION('center_axis',(-0.707106781186549,0.,-0.707106781186546));
#4825=DIRECTION('ref_axis',(-0.707106781186546,0.,0.707106781186549));
#4826=DIRECTION('center_axis',(0.,0.,-1.));
#4827=DIRECTION('ref_axis',(-0.707106781186547,-0.707106781186548,0.));
#4828=DIRECTION('',(0.,0.,-1.));
#4829=DIRECTION('center_axis',(0.,0.,-1.));
#4830=DIRECTION('ref_axis',(-0.707106781186547,-0.707106781186548,0.));
#4831=DIRECTION('',(0.,0.,1.));
#4832=DIRECTION('center_axis',(0.,0.,-1.));
#4833=DIRECTION('ref_axis',(0.707106781186548,-0.707106781186548,0.));
#4834=DIRECTION('',(0.,0.,-1.));
#4835=DIRECTION('center_axis',(0.,0.,-1.));
#4836=DIRECTION('ref_axis',(0.707106781186548,-0.707106781186548,0.));
#4837=DIRECTION('',(0.,0.,1.));
#4838=DIRECTION('center_axis',(0.,1.,0.));
#4839=DIRECTION('ref_axis',(-1.,0.,0.));
#4840=DIRECTION('',(0.,0.,1.));
#4841=DIRECTION('',(-1.,0.,0.));
#4842=DIRECTION('',(0.,0.,1.));
#4843=DIRECTION('',(1.,0.,0.));
#4844=DIRECTION('',(1.,0.,0.));
#4845=DIRECTION('',(0.,0.,-1.));
#4846=DIRECTION('',(-1.,0.,0.));
#4847=DIRECTION('',(0.,0.,1.));
#4848=DIRECTION('',(0.,0.,-1.));
#4849=DIRECTION('',(1.,0.,0.));
#4850=DIRECTION('',(0.,0.,1.));
#4851=DIRECTION('',(0.,0.,-1.));
#4852=DIRECTION('center_axis',(0.,0.,-1.));
#4853=DIRECTION('ref_axis',(0.707106781186554,-0.707106781186541,0.));
#4854=DIRECTION('',(0.,0.,-1.));
#4855=DIRECTION('center_axis',(0.707106781186543,0.,0.707106781186552));
#4856=DIRECTION('ref_axis',(-0.707106781186552,0.,0.707106781186543));
#4857=DIRECTION('center_axis',(-1.,0.,0.));
#4858=DIRECTION('ref_axis',(0.,-0.707106781186546,-0.707106781186549));
#4859=DIRECTION('center_axis',(0.707106781186543,0.,-0.707106781186552));
#4860=DIRECTION('ref_axis',(0.707106781186552,0.,0.707106781186543));
#4861=DIRECTION('',(-1.,0.,0.));
#4862=DIRECTION('center_axis',(0.,0.,-1.));
#4863=DIRECTION('ref_axis',(-0.707106781186554,-0.707106781186541,0.));
#4864=DIRECTION('',(0.,0.,1.));
#4865=DIRECTION('center_axis',(-1.,0.,0.));
#4866=DIRECTION('ref_axis',(0.,1.,0.));
#4867=DIRECTION('',(0.,-1.,0.));
#4868=DIRECTION('',(0.,0.,-1.));
#4869=DIRECTION('center_axis',(0.,0.,1.));
#4870=DIRECTION('ref_axis',(1.,0.,0.));
#4871=DIRECTION('',(0.,1.,0.));
#4872=DIRECTION('center_axis',(0.,0.,1.));
#4873=DIRECTION('ref_axis',(0.999999999999327,-1.16036483710424E-6,0.));
#4874=DIRECTION('center_axis',(0.,0.,1.));
#4875=DIRECTION('ref_axis',(1.,0.,0.));
#4876=DIRECTION('center_axis',(1.,0.,0.));
#4877=DIRECTION('ref_axis',(0.,-1.,0.));
#4878=DIRECTION('',(0.,0.,-1.));
#4879=DIRECTION('center_axis',(0.,0.,1.));
#4880=DIRECTION('ref_axis',(-0.707106781186548,0.707106781186548,0.));
#4881=DIRECTION('center_axis',(0.,0.,1.));
#4882=DIRECTION('ref_axis',(-0.707106781186548,0.707106781186548,0.));
#4883=DIRECTION('',(0.,0.,1.));
#4884=DIRECTION('center_axis',(0.,0.,1.));
#4885=DIRECTION('ref_axis',(1.,0.,0.));
#4886=DIRECTION('',(1.,0.,0.));
#4887=DIRECTION('center_axis',(0.,0.,-1.));
#4888=DIRECTION('ref_axis',(0.707106781186548,0.707106781186548,0.));
#4889=DIRECTION('',(1.,0.,0.));
#4890=DIRECTION('center_axis',(0.,0.,-1.));
#4891=DIRECTION('ref_axis',(0.707106781186544,-0.707106781186551,0.));
#4892=DIRECTION('',(0.,-1.,0.));
#4893=DIRECTION('center_axis',(0.,0.,-1.));
#4894=DIRECTION('ref_axis',(-1.,0.,0.));
#4895=DIRECTION('center_axis',(0.,0.,-1.));
#4896=DIRECTION('ref_axis',(-1.,0.,0.));
#4897=DIRECTION('center_axis',(0.,0.,1.));
#4898=DIRECTION('ref_axis',(-0.707106781186554,0.707106781186541,0.));
#4899=DIRECTION('',(0.,0.,-1.));
#4900=DIRECTION('',(0.,0.,1.));
#4901=DIRECTION('center_axis',(0.,-1.,0.));
#4902=DIRECTION('ref_axis',(1.,0.,0.));
#4903=DIRECTION('',(0.,0.,-1.));
#4904=DIRECTION('',(1.,0.,0.));
#4905=DIRECTION('',(0.,0.,1.));
#4906=DIRECTION('',(-1.,0.,0.));
#4907=DIRECTION('',(-1.,0.,0.));
#4908=DIRECTION('',(0.,0.,-1.));
#4909=DIRECTION('',(-1.,0.,0.));
#4910=DIRECTION('',(0.,0.,-1.));
#4911=DIRECTION('',(1.,0.,0.));
#4912=DIRECTION('',(0.,0.,1.));
#4913=DIRECTION('center_axis',(0.,0.,1.));
#4914=DIRECTION('ref_axis',(0.707106781186544,-0.707106781186551,0.));
#4915=DIRECTION('',(0.,0.,-1.));
#4916=DIRECTION('center_axis',(0.,0.,1.));
#4917=DIRECTION('ref_axis',(-0.707106781186554,-0.707106781186541,0.));
#4918=DIRECTION('',(0.,0.,1.));
#4919=DIRECTION('center_axis',(1.,0.,0.));
#4920=DIRECTION('ref_axis',(0.,1.,0.));
#4921=DIRECTION('center_axis',(0.,0.707106781186548,-0.707106781186547));
#4922=DIRECTION('ref_axis',(-1.,0.,0.));
#4923=DIRECTION('',(0.,-0.707106781186547,-0.707106781186548));
#4924=DIRECTION('',(-1.,0.,0.));
#4925=DIRECTION('',(4.18691322315673E-15,0.707106781186547,0.707106781186548));
#4926=DIRECTION('center_axis',(0.,0.,1.));
#4927=DIRECTION('ref_axis',(0.707106781186548,0.707106781186548,0.));
#4928=DIRECTION('',(-0.707106781186548,1.04672830578918E-15,-0.707106781186547));
#4929=DIRECTION('center_axis',(0.,0.,1.));
#4930=DIRECTION('ref_axis',(0.707106781186548,0.707106781186548,0.));
#4931=DIRECTION('center_axis',(0.707106781186547,0.,-0.707106781186548));
#4932=DIRECTION('ref_axis',(-0.707106781186548,0.,-0.707106781186547));
#4933=DIRECTION('',(-0.707106781186548,0.,-0.707106781186547));
#4934=DIRECTION('',(0.,1.,0.));
#4935=DIRECTION('center_axis',(0.,0.,1.));
#4936=DIRECTION('ref_axis',(0.707106781186548,-0.707106781186548,0.));
#4937=DIRECTION('',(0.,0.707106781186546,-0.707106781186549));
#4938=DIRECTION('center_axis',(0.,0.,1.));
#4939=DIRECTION('ref_axis',(0.707106781186548,-0.707106781186548,0.));
#4940=DIRECTION('center_axis',(0.,-0.707106781186548,-0.707106781186547));
#4941=DIRECTION('ref_axis',(-1.,0.,0.));
#4942=DIRECTION('',(0.,0.707106781186547,-0.707106781186548));
#4943=DIRECTION('',(1.,0.,0.));
#4944=DIRECTION('',(-1.,0.,0.));
#4945=DIRECTION('center_axis',(0.,0.,1.));
#4946=DIRECTION('ref_axis',(-0.707106781186548,-0.707106781186548,0.));
#4947=DIRECTION('center_axis',(0.,0.,-1.));
#4948=DIRECTION('ref_axis',(-0.707106781186547,-0.707106781186547,0.));
#4949=DIRECTION('',(0.707106781186548,-1.04672830578918E-15,-0.707106781186547));
#4950=DIRECTION('center_axis',(0.,0.,1.));
#4951=DIRECTION('ref_axis',(-0.707106781186548,-0.707106781186548,0.));
#4952=DIRECTION('center_axis',(-0.707106781186547,0.,-0.707106781186548));
#4953=DIRECTION('ref_axis',(-0.707106781186548,0.,0.707106781186547));
#4954=DIRECTION('',(0.707106781186548,0.,-0.707106781186547));
#4955=DIRECTION('',(0.,-1.,0.));
#4956=DIRECTION('',(0.,1.,0.));
#4957=DIRECTION('center_axis',(0.,0.,1.));
#4958=DIRECTION('ref_axis',(-0.707106781186548,0.707106781186548,0.));
#4959=DIRECTION('center_axis',(0.,0.,-1.));
#4960=DIRECTION('ref_axis',(-0.707106781186547,0.707106781186547,0.));
#4961=DIRECTION('center_axis',(0.,0.,1.));
#4962=DIRECTION('ref_axis',(-0.707106781186548,0.707106781186548,0.));
#4963=DIRECTION('center_axis',(0.,0.,-1.));
#4964=DIRECTION('ref_axis',(-1.,0.,0.));
#4965=DIRECTION('',(-1.,0.,0.));
#4966=DIRECTION('center_axis',(0.,0.,-1.));
#4967=DIRECTION('ref_axis',(-0.707106781186549,0.707106781186546,0.));
#4968=DIRECTION('',(0.,-1.,0.));
#4969=DIRECTION('center_axis',(0.,0.,-1.));
#4970=DIRECTION('ref_axis',(-0.707106781186549,-0.707106781186546,0.));
#4971=DIRECTION('',(1.,0.,0.));
#4972=DIRECTION('center_axis',(0.,0.,-1.));
#4973=DIRECTION('ref_axis',(0.707106781186549,-0.707106781186546,0.));
#4974=DIRECTION('',(0.,1.,0.));
#4975=DIRECTION('center_axis',(0.,0.,-1.));
#4976=DIRECTION('ref_axis',(0.707106781186547,0.707106781186549,0.));
#4977=DIRECTION('center_axis',(0.,0.,1.));
#4978=DIRECTION('ref_axis',(-0.707106781186547,0.707106781186547,0.));
#4979=DIRECTION('',(0.,0.,1.));
#4980=DIRECTION('center_axis',(-1.,0.,0.));
#4981=DIRECTION('ref_axis',(0.,-1.,0.));
#4982=DIRECTION('',(0.,0.,-1.));
#4983=DIRECTION('center_axis',(0.,-1.,0.));
#4984=DIRECTION('ref_axis',(1.,0.,0.));
#4985=DIRECTION('',(0.,0.,1.));
#4986=DIRECTION('center_axis',(0.,0.,-1.));
#4987=DIRECTION('ref_axis',(-0.707106781186547,-0.707106781186547,0.));
#4988=DIRECTION('center_axis',(0.,0.,-1.));
#4989=DIRECTION('ref_axis',(0.707106781186547,0.707106781186549,0.));
#4990=DIRECTION('',(0.,0.,-1.));
#4991=DIRECTION('',(0.,0.,1.));
#4992=DIRECTION('center_axis',(0.,1.,0.));
#4993=DIRECTION('ref_axis',(-1.,0.,0.));
#4994=DIRECTION('',(0.,0.,-1.));
#4995=DIRECTION('',(1.,0.,0.));
#4996=DIRECTION('',(0.,0.,1.));
#4997=DIRECTION('',(-1.,0.,0.));
#4998=DIRECTION('',(0.,0.,-1.));
#4999=DIRECTION('',(1.,0.,0.));
#5000=DIRECTION('',(0.,0.,1.));
#5001=DIRECTION('',(0.,0.,1.));
#5002=DIRECTION('center_axis',(0.,0.,-1.));
#5003=DIRECTION('ref_axis',(-0.707106781186549,-0.707106781186546,0.));
#5004=DIRECTION('',(0.,0.,-1.));
#5005=DIRECTION('',(0.,0.,1.));
#5006=DIRECTION('center_axis',(1.,0.,0.));
#5007=DIRECTION('ref_axis',(0.,-1.,0.));
#5008=DIRECTION('',(0.,0.,-1.));
#5009=DIRECTION('center_axis',(0.,0.,-1.));
#5010=DIRECTION('ref_axis',(0.707106781186549,-0.707106781186546,0.));
#5011=DIRECTION('',(0.,0.,-1.));
#5012=DIRECTION('',(0.,0.,1.));
#5013=DIRECTION('center_axis',(-6.83214169000096E-16,-1.,0.));
#5014=DIRECTION('ref_axis',(1.,-6.83214169000096E-16,0.));
#5015=DIRECTION('',(0.,0.,-1.));
#5016=DIRECTION('',(-1.,6.83214169000096E-16,0.));
#5017=DIRECTION('',(0.,0.,1.));
#5018=DIRECTION('',(1.,-6.83214169000096E-16,0.));
#5019=DIRECTION('',(0.,0.,-1.));
#5020=DIRECTION('',(-1.,6.83214169000096E-16,0.));
#5021=DIRECTION('',(0.,0.,1.));
#5022=DIRECTION('center_axis',(0.,0.,-1.));
#5023=DIRECTION('ref_axis',(-0.707106781186549,0.707106781186546,0.));
#5024=DIRECTION('center_axis',(0.,0.,-1.));
#5025=DIRECTION('ref_axis',(-1.,0.,0.));
#5026=DIRECTION('center_axis',(0.,-1.,0.));
#5027=DIRECTION('ref_axis',(0.,0.,1.));
#5028=DIRECTION('center_axis',(0.,0.,1.));
#5029=DIRECTION('ref_axis',(0.707106781186548,0.707106781186548,0.));
#5030=DIRECTION('center_axis',(0.,0.,-1.));
#5031=DIRECTION('ref_axis',(0.707106781186548,0.707106781186548,0.));
#5032=DIRECTION('center_axis',(0.,-1.,0.));
#5033=DIRECTION('ref_axis',(-0.707106781186553,0.,0.707106781186542));
#5034=DIRECTION('center_axis',(0.,-1.,0.));
#5035=DIRECTION('ref_axis',(0.,0.,1.));
#5036=DIRECTION('',(0.,1.,0.));
#5037=DIRECTION('',(0.,-1.,0.));
#5038=DIRECTION('center_axis',(0.,0.,-1.));
#5039=DIRECTION('ref_axis',(-1.,0.,0.));
#5040=DIRECTION('center_axis',(1.,0.,0.));
#5041=DIRECTION('ref_axis',(0.,0.,1.));
#5042=DIRECTION('center_axis',(0.,0.,-1.));
#5043=DIRECTION('ref_axis',(-0.707106781186548,-0.707106781186548,0.));
#5044=DIRECTION('center_axis',(0.,0.,1.));
#5045=DIRECTION('ref_axis',(-0.707106781186547,-0.707106781186547,0.));
#5046=DIRECTION('center_axis',(1.,-6.83214169000096E-16,0.));
#5047=DIRECTION('ref_axis',(0.,-0.707106781186553,0.707106781186542));
#5048=DIRECTION('center_axis',(1.,0.,0.));
#5049=DIRECTION('ref_axis',(0.,0.,1.));
#5050=DIRECTION('',(1.,-6.83214169000096E-16,0.));
#5051=DIRECTION('center_axis',(0.,0.,-1.));
#5052=DIRECTION('ref_axis',(-1.,0.,0.));
#5053=DIRECTION('center_axis',(0.,1.,0.));
#5054=DIRECTION('ref_axis',(0.,0.,1.));
#5055=DIRECTION('center_axis',(0.,0.,-1.));
#5056=DIRECTION('ref_axis',(0.707106781186549,-0.707106781186546,0.));
#5057=DIRECTION('center_axis',(0.,0.,1.));
#5058=DIRECTION('ref_axis',(0.707106781186549,-0.707106781186546,0.));
#5059=DIRECTION('center_axis',(0.,1.,0.));
#5060=DIRECTION('ref_axis',(0.707106781186553,0.,0.707106781186542));
#5061=DIRECTION('center_axis',(0.,1.,0.));
#5062=DIRECTION('ref_axis',(0.,0.,1.));
#5063=DIRECTION('',(0.,-1.,0.));
#5064=DIRECTION('',(0.,1.,0.));
#5065=DIRECTION('center_axis',(0.,0.,-1.));
#5066=DIRECTION('ref_axis',(-1.,0.,0.));
#5067=DIRECTION('center_axis',(0.,0.,1.));
#5068=DIRECTION('ref_axis',(-0.707106781186548,0.707106781186548,0.));
#5069=DIRECTION('center_axis',(0.,0.,-1.));
#5070=DIRECTION('ref_axis',(-0.707106781186548,0.707106781186548,0.));
#5071=DIRECTION('center_axis',(0.,0.,1.));
#5072=DIRECTION('ref_axis',(1.,0.,0.));
#5073=DIRECTION('center_axis',(0.,0.,-1.));
#5074=DIRECTION('ref_axis',(-1.,0.,0.));
#5075=DIRECTION('center_axis',(0.,0.,-1.));
#5076=DIRECTION('ref_axis',(-1.,0.,0.));
#5077=DIRECTION('center_axis',(0.,1.,0.));
#5078=DIRECTION('ref_axis',(0.,0.,1.));
#5079=DIRECTION('center_axis',(0.,0.,1.));
#5080=DIRECTION('ref_axis',(-0.707106781186548,-0.707106781186548,0.));
#5081=DIRECTION('center_axis',(0.,0.,-1.));
#5082=DIRECTION('ref_axis',(-0.707106781186548,-0.707106781186548,0.));
#5083=DIRECTION('center_axis',(0.,1.,0.));
#5084=DIRECTION('ref_axis',(0.70710678118654,0.,0.707106781186555));
#5085=DIRECTION('center_axis',(0.,1.,0.));
#5086=DIRECTION('ref_axis',(0.,0.,1.));
#5087=DIRECTION('',(0.,-1.,0.));
#5088=DIRECTION('',(0.,1.,0.));
#5089=DIRECTION('center_axis',(0.,0.,-1.));
#5090=DIRECTION('ref_axis',(-1.,0.,0.));
#5091=DIRECTION('center_axis',(-1.,0.,0.));
#5092=DIRECTION('ref_axis',(0.,0.,1.));
#5093=DIRECTION('center_axis',(0.,0.,-1.));
#5094=DIRECTION('ref_axis',(0.707106781186548,0.707106781186548,0.));
#5095=DIRECTION('center_axis',(0.,0.,1.));
#5096=DIRECTION('ref_axis',(0.707106781186547,0.707106781186547,0.));
#5097=DIRECTION('center_axis',(-1.,0.,0.));
#5098=DIRECTION('ref_axis',(0.,0.707106781186553,0.707106781186542));
#5099=DIRECTION('center_axis',(-1.,0.,0.));
#5100=DIRECTION('ref_axis',(0.,0.,1.));
#5101=DIRECTION('',(-1.,0.,0.));
#5102=DIRECTION('center_axis',(0.,0.,-1.));
#5103=DIRECTION('ref_axis',(-1.,0.,0.));
#5104=DIRECTION('center_axis',(0.,-1.,0.));
#5105=DIRECTION('ref_axis',(0.,0.,1.));
#5106=DIRECTION('center_axis',(0.,0.,-1.));
#5107=DIRECTION('ref_axis',(-0.707106781186548,0.707106781186548,0.));
#5108=DIRECTION('center_axis',(0.,0.,1.));
#5109=DIRECTION('ref_axis',(-0.707106781186547,0.707106781186547,0.));
#5110=DIRECTION('center_axis',(0.,-1.,0.));
#5111=DIRECTION('ref_axis',(-0.70710678118654,0.,0.707106781186555));
#5112=DIRECTION('center_axis',(0.,-1.,0.));
#5113=DIRECTION('ref_axis',(0.,0.,1.));
#5114=DIRECTION('',(0.,1.,0.));
#5115=DIRECTION('',(0.,-1.,0.));
#5116=DIRECTION('center_axis',(0.,0.,-1.));
#5117=DIRECTION('ref_axis',(-1.,0.,0.));
#5118=DIRECTION('center_axis',(0.,0.,1.));
#5119=DIRECTION('ref_axis',(0.707106781186548,-0.707106781186548,0.));
#5120=DIRECTION('center_axis',(0.,0.,-1.));
#5121=DIRECTION('ref_axis',(0.707106781186548,-0.707106781186548,0.));
#5122=DIRECTION('center_axis',(0.,0.,1.));
#5123=DIRECTION('ref_axis',(1.,0.,0.));
#5124=DIRECTION('center_axis',(0.,0.,-1.));
#5125=DIRECTION('ref_axis',(-1.,0.,0.));
#5126=DIRECTION('center_axis',(0.,0.,-1.));
#5127=DIRECTION('ref_axis',(-1.,0.,0.));
#5128=DIRECTION('center_axis',(0.,1.,0.));
#5129=DIRECTION('ref_axis',(0.,0.,1.));
#5130=DIRECTION('center_axis',(0.,0.,1.));
#5131=DIRECTION('ref_axis',(-0.707106781186548,-0.707106781186548,0.));
#5132=DIRECTION('center_axis',(0.,0.,-1.));
#5133=DIRECTION('ref_axis',(-0.707106781186548,-0.707106781186548,0.));
#5134=DIRECTION('center_axis',(0.,1.,0.));
#5135=DIRECTION('ref_axis',(0.707106781186553,0.,0.707106781186542));
#5136=DIRECTION('center_axis',(0.,1.,0.));
#5137=DIRECTION('ref_axis',(0.,0.,1.));
#5138=DIRECTION('',(0.,-1.,0.));
#5139=DIRECTION('',(0.,1.,0.));
#5140=DIRECTION('center_axis',(0.,0.,-1.));
#5141=DIRECTION('ref_axis',(-1.,0.,0.));
#5142=DIRECTION('center_axis',(-1.,0.,0.));
#5143=DIRECTION('ref_axis',(0.,0.,1.));
#5144=DIRECTION('center_axis',(0.,0.,-1.));
#5145=DIRECTION('ref_axis',(0.707106781186548,0.707106781186548,0.));
#5146=DIRECTION('center_axis',(0.,0.,1.));
#5147=DIRECTION('ref_axis',(0.707106781186547,0.707106781186547,0.));
#5148=DIRECTION('center_axis',(-1.,0.,0.));
#5149=DIRECTION('ref_axis',(0.,0.707106781186553,0.707106781186542));
#5150=DIRECTION('center_axis',(-1.,0.,0.));
#5151=DIRECTION('ref_axis',(0.,0.,1.));
#5152=DIRECTION('',(-1.,0.,0.));
#5153=DIRECTION('center_axis',(0.,0.,-1.));
#5154=DIRECTION('ref_axis',(-1.,0.,0.));
#5155=DIRECTION('center_axis',(0.,-1.,0.));
#5156=DIRECTION('ref_axis',(0.,0.,1.));
#5157=DIRECTION('center_axis',(0.,0.,-1.));
#5158=DIRECTION('ref_axis',(-0.707106781186548,0.707106781186548,0.));
#5159=DIRECTION('center_axis',(0.,0.,1.));
#5160=DIRECTION('ref_axis',(-0.707106781186547,0.707106781186547,0.));
#5161=DIRECTION('center_axis',(0.,-1.,0.));
#5162=DIRECTION('ref_axis',(-0.707106781186553,0.,0.707106781186542));
#5163=DIRECTION('center_axis',(0.,-1.,0.));
#5164=DIRECTION('ref_axis',(0.,0.,1.));
#5165=DIRECTION('',(0.,1.,0.));
#5166=DIRECTION('',(0.,-1.,0.));
#5167=DIRECTION('center_axis',(0.,0.,-1.));
#5168=DIRECTION('ref_axis',(-1.,0.,0.));
#5169=DIRECTION('center_axis',(0.,0.,1.));
#5170=DIRECTION('ref_axis',(0.707106781186548,-0.707106781186548,0.));
#5171=DIRECTION('center_axis',(0.,0.,-1.));
#5172=DIRECTION('ref_axis',(0.707106781186548,-0.707106781186548,0.));
#5173=DIRECTION('center_axis',(0.,0.,1.));
#5174=DIRECTION('ref_axis',(1.,0.,0.));
#5175=DIRECTION('center_axis',(0.,0.,-1.));
#5176=DIRECTION('ref_axis',(-1.,0.,0.));
#5177=DIRECTION('center_axis',(1.,0.,0.));
#5178=DIRECTION('ref_axis',(0.,-0.707106781186546,0.707106781186549));
#5179=DIRECTION('center_axis',(1.,0.,0.));
#5180=DIRECTION('ref_axis',(0.,0.,1.));
#5181=DIRECTION('center_axis',(0.,0.,-1.));
#5182=DIRECTION('ref_axis',(-1.,0.,0.));
#5183=DIRECTION('center_axis',(0.,0.,1.));
#5184=DIRECTION('ref_axis',(0.707106781186548,0.707106781186548,0.));
#5185=DIRECTION('center_axis',(-0.408248290463861,-0.816496580927721,0.408248290463875));
#5186=DIRECTION('ref_axis',(-0.577350269189609,0.577350269189637,0.577350269189632));
#5187=DIRECTION('center_axis',(0.,-1.,0.));
#5188=DIRECTION('ref_axis',(-1.,0.,0.));
#5189=DIRECTION('center_axis',(0.,0.,-1.));
#5190=DIRECTION('ref_axis',(0.,1.,0.));
#5191=DIRECTION('center_axis',(1.,1.77635683940026E-14,0.));
#5192=DIRECTION('ref_axis',(0.,0.,1.));
#5193=DIRECTION('center_axis',(0.,0.,1.));
#5194=DIRECTION('ref_axis',(-0.707106781186541,0.707106781186554,0.));
#5195=DIRECTION('center_axis',(0.,0.,-1.));
#5196=DIRECTION('ref_axis',(-1.,0.,0.));
#5197=DIRECTION('',(0.,0.,1.));
#5198=DIRECTION('',(0.,0.,-1.));
#5199=DIRECTION('center_axis',(1.,0.,0.));
#5200=DIRECTION('ref_axis',(0.,0.,-1.));
#5201=DIRECTION('center_axis',(-1.,0.,0.));
#5202=DIRECTION('ref_axis',(0.,-0.707106781186547,-0.707106781186548));
#5203=DIRECTION('center_axis',(1.,0.,0.));
#5204=DIRECTION('ref_axis',(0.,-0.707106781186547,-0.707106781186548));
#5205=DIRECTION('center_axis',(0.,0.,-1.));
#5206=DIRECTION('ref_axis',(-1.,0.,0.));
#5207=DIRECTION('center_axis',(-1.,0.,0.));
#5208=DIRECTION('ref_axis',(0.,0.,1.));
#5209=DIRECTION('center_axis',(0.,0.,1.));
#5210=DIRECTION('ref_axis',(0.707106781186548,-0.707106781186548,0.));
#5211=DIRECTION('center_axis',(0.,0.,-1.));
#5212=DIRECTION('ref_axis',(0.707106781186548,-0.707106781186548,0.));
#5213=DIRECTION('center_axis',(-1.,0.,0.));
#5214=DIRECTION('ref_axis',(0.,0.707106781186547,0.707106781186548));
#5215=DIRECTION('',(1.,0.,0.));
#5216=DIRECTION('',(-1.,0.,0.));
#5217=DIRECTION('center_axis',(0.,-1.,0.));
#5218=DIRECTION('ref_axis',(-0.70710678118654,0.,0.707106781186555));
#5219=DIRECTION('center_axis',(0.,-1.,0.));
#5220=DIRECTION('ref_axis',(0.,0.,1.));
#5221=DIRECTION('',(0.,1.,0.));
#5222=DIRECTION('',(0.,-1.,0.));
#5223=DIRECTION('center_axis',(0.,0.,-1.));
#5224=DIRECTION('ref_axis',(-1.,0.,0.));
#5225=DIRECTION('center_axis',(1.,0.,0.));
#5226=DIRECTION('ref_axis',(0.,0.,1.));
#5227=DIRECTION('center_axis',(0.,0.,-1.));
#5228=DIRECTION('ref_axis',(-0.707106781186549,-0.707106781186546,0.));
#5229=DIRECTION('center_axis',(0.,0.,1.));
#5230=DIRECTION('ref_axis',(-0.707106781186549,-0.707106781186546,0.));
#5231=DIRECTION('center_axis',(1.,-6.83214169000096E-16,0.));
#5232=DIRECTION('ref_axis',(0.,-0.707106781186553,0.707106781186542));
#5233=DIRECTION('center_axis',(1.,-1.77635683940026E-14,0.));
#5234=DIRECTION('ref_axis',(0.,0.,1.));
#5235=DIRECTION('',(1.,-6.83214169000096E-16,0.));
#5236=DIRECTION('center_axis',(0.,0.,-1.));
#5237=DIRECTION('ref_axis',(-1.,0.,0.));
#5238=DIRECTION('center_axis',(0.,1.,0.));
#5239=DIRECTION('ref_axis',(0.,0.,1.));
#5240=DIRECTION('center_axis',(0.,0.,-1.));
#5241=DIRECTION('ref_axis',(0.707106781186549,-0.707106781186546,0.));
#5242=DIRECTION('center_axis',(0.,0.,1.));
#5243=DIRECTION('ref_axis',(0.707106781186549,-0.707106781186546,0.));
#5244=DIRECTION('center_axis',(0.,1.,0.));
#5245=DIRECTION('ref_axis',(0.70710678118654,0.,0.707106781186555));
#5246=DIRECTION('center_axis',(0.,1.,0.));
#5247=DIRECTION('ref_axis',(0.,0.,1.));
#5248=DIRECTION('',(0.,-1.,0.));
#5249=DIRECTION('',(0.,1.,0.));
#5250=DIRECTION('center_axis',(0.,0.,-1.));
#5251=DIRECTION('ref_axis',(-1.,0.,0.));
#5252=DIRECTION('center_axis',(0.,0.,1.));
#5253=DIRECTION('ref_axis',(-0.707106781186548,0.707106781186548,0.));
#5254=DIRECTION('center_axis',(0.,0.,-1.));
#5255=DIRECTION('ref_axis',(-0.707106781186548,0.707106781186548,0.));
#5256=DIRECTION('center_axis',(0.,1.,0.));
#5257=DIRECTION('ref_axis',(-1.,0.,0.));
#5258=DIRECTION('',(-1.,0.,0.));
#5259=DIRECTION('',(0.,0.,-1.));
#5260=DIRECTION('center_axis',(1.,0.,0.));
#5261=DIRECTION('ref_axis',(0.,-0.707106781186546,-0.707106781186549));
#5262=DIRECTION('center_axis',(-0.707106781186543,0.,-0.707106781186553));
#5263=DIRECTION('ref_axis',(-0.707106781186553,0.,0.707106781186543));
#5264=DIRECTION('center_axis',(-1.,0.,0.));
#5265=DIRECTION('ref_axis',(0.,-1.,0.));
#5266=DIRECTION('',(0.,0.,1.));
#5267=DIRECTION('',(0.,-1.,0.));
#5268=DIRECTION('',(0.,0.,-1.));
#5269=DIRECTION('center_axis',(0.,0.,1.));
#5270=DIRECTION('ref_axis',(-0.707106781186545,-0.70710678118655,0.));
#5271=DIRECTION('center_axis',(0.,0.,-1.));
#5272=DIRECTION('ref_axis',(-0.707106781186545,-0.70710678118655,0.));
#5273=DIRECTION('center_axis',(0.,0.,1.));
#5274=DIRECTION('ref_axis',(0.707106781186545,-0.70710678118655,0.));
#5275=DIRECTION('',(0.,0.,-1.));
#5276=DIRECTION('center_axis',(1.,0.,0.));
#5277=DIRECTION('ref_axis',(0.,1.,0.));
#5278=DIRECTION('',(0.,0.,1.));
#5279=DIRECTION('center_axis',(0.,0.,1.));
#5280=DIRECTION('ref_axis',(-0.707106781186554,0.707106781186541,0.));
#5281=DIRECTION('center_axis',(0.,0.,1.));
#5282=DIRECTION('ref_axis',(-0.707106781186554,0.707106781186541,0.));
#5283=DIRECTION('center_axis',(0.,0.,1.));
#5284=DIRECTION('ref_axis',(-0.707106781186554,0.707106781186541,0.));
#5285=DIRECTION('',(0.,0.,1.));
#5286=DIRECTION('center_axis',(0.,0.,1.));
#5287=DIRECTION('ref_axis',(1.,0.,0.));
#5288=DIRECTION('',(0.,1.,0.));
#5289=DIRECTION('center_axis',(0.,0.,-1.));
#5290=DIRECTION('ref_axis',(1.,0.,0.));
#5291=DIRECTION('',(-5.5511151231258E-16,-1.,0.));
#5292=DIRECTION('center_axis',(0.,0.,1.));
#5293=DIRECTION('ref_axis',(0.707106781186554,0.707106781186541,0.));
#5294=DIRECTION('center_axis',(0.,0.,-1.));
#5295=DIRECTION('ref_axis',(0.707106781186545,-0.70710678118655,0.));
#5296=DIRECTION('',(0.,1.,0.));
#5297=DIRECTION('center_axis',(0.,0.,1.));
#5298=DIRECTION('ref_axis',(1.,0.,0.));
#5299=DIRECTION('center_axis',(0.,0.,-1.));
#5300=DIRECTION('ref_axis',(0.707106781186554,0.707106781186541,0.));
#5301=DIRECTION('',(0.,0.,-1.));
#5302=DIRECTION('center_axis',(0.,0.,-1.));
#5303=DIRECTION('ref_axis',(-0.707106781186541,-0.707106781186554,0.));
#5304=DIRECTION('',(0.,0.,-1.));
#5305=DIRECTION('center_axis',(0.,0.,1.));
#5306=DIRECTION('ref_axis',(-0.707106781186541,-0.707106781186554,0.));
#5307=DIRECTION('center_axis',(0.,0.,1.));
#5308=DIRECTION('ref_axis',(1.,0.,0.));
#5309=DIRECTION('',(0.,1.,0.));
#5310=DIRECTION('center_axis',(0.,0.,-1.));
#5311=DIRECTION('ref_axis',(0.707106781186548,0.707106781186548,0.));
#5312=DIRECTION('center_axis',(0.,0.,-1.));
#5313=DIRECTION('ref_axis',(-0.707106781186548,0.707106781186548,0.));
#5314=DIRECTION('',(0.,-1.,0.));
#5315=DIRECTION('center_axis',(0.,0.,1.));
#5316=DIRECTION('ref_axis',(0.707106781186541,-0.707106781186554,0.));
#5317=DIRECTION('',(0.,-1.,0.));
#5318=DIRECTION('center_axis',(0.,0.,-1.));
#5319=DIRECTION('ref_axis',(-1.,0.,0.));
#5320=DIRECTION('center_axis',(0.,0.,1.));
#5321=DIRECTION('ref_axis',(1.,0.,0.));
#5322=DIRECTION('center_axis',(0.,0.,1.));
#5323=DIRECTION('ref_axis',(0.707106781186554,-0.707106781186541,0.));
#5324=DIRECTION('',(0.,0.,1.));
#5325=DIRECTION('center_axis',(-1.,0.,0.));
#5326=DIRECTION('ref_axis',(0.,-1.,0.));
#5327=DIRECTION('',(0.,0.,-1.));
#5328=DIRECTION('center_axis',(0.,0.,1.));
#5329=DIRECTION('ref_axis',(0.707106781186541,-0.707106781186554,0.));
#5330=DIRECTION('',(0.,0.,1.));
#5331=DIRECTION('center_axis',(-1.,0.,0.));
#5332=DIRECTION('ref_axis',(0.,-1.,0.));
#5333=DIRECTION('',(0.,0.,-1.));
#5334=DIRECTION('center_axis',(0.,0.,-1.));
#5335=DIRECTION('ref_axis',(-0.707106781186554,-0.707106781186541,0.));
#5336=DIRECTION('',(0.,0.,-1.));
#5337=DIRECTION('center_axis',(1.,0.,0.));
#5338=DIRECTION('ref_axis',(0.,1.,0.));
#5339=DIRECTION('',(0.,0.,1.));
#5340=DIRECTION('center_axis',(0.,0.,1.));
#5341=DIRECTION('ref_axis',(0.707106781186554,0.707106781186541,0.));
#5342=DIRECTION('center_axis',(0.,0.,-1.));
#5343=DIRECTION('ref_axis',(0.707106781186554,-0.707106781186541,0.));
#5344=DIRECTION('center_axis',(0.,0.,1.));
#5345=DIRECTION('ref_axis',(-0.707106781186548,0.707106781186548,0.));
#5346=DIRECTION('center_axis',(0.,0.,1.));
#5347=DIRECTION('ref_axis',(0.707106781186548,0.707106781186548,0.));
#5348=DIRECTION('',(0.,0.,1.));
#5349=DIRECTION('center_axis',(1.,0.,0.));
#5350=DIRECTION('ref_axis',(0.,1.,0.));
#5351=DIRECTION('center_axis',(0.,0.,-1.));
#5352=DIRECTION('ref_axis',(-0.707106781186548,0.707106781186548,0.));
#5353=DIRECTION('center_axis',(0.,0.,1.));
#5354=DIRECTION('ref_axis',(0.707106781186548,0.707106781186548,0.));
#5355=DIRECTION('center_axis',(0.,0.,-1.));
#5356=DIRECTION('ref_axis',(0.707106781186545,-0.70710678118655,0.));
#5357=DIRECTION('',(0.,0.,-1.));
#5358=DIRECTION('center_axis',(0.,0.,1.));
#5359=DIRECTION('ref_axis',(-0.707106781186548,-0.707106781186548,0.));
#5360=DIRECTION('',(0.,0.,1.));
#5361=DIRECTION('center_axis',(-1.,0.,0.));
#5362=DIRECTION('ref_axis',(0.,-1.,0.));
#5363=DIRECTION('center_axis',(0.,0.,1.));
#5364=DIRECTION('ref_axis',(1.,0.,0.));
#5365=DIRECTION('center_axis',(0.,0.,-1.));
#5366=DIRECTION('ref_axis',(-1.,0.,0.));
#5367=DIRECTION('center_axis',(0.,0.,-1.));
#5368=DIRECTION('ref_axis',(1.,0.,0.));
#5369=DIRECTION('',(0.,0.,-1.));
#5370=DIRECTION('center_axis',(0.,0.,-1.));
#5371=DIRECTION('ref_axis',(1.,0.,0.));
#5372=DIRECTION('center_axis',(0.,0.,1.));
#5373=DIRECTION('ref_axis',(1.,0.,0.));
#5374=DIRECTION('',(0.,0.,-1.));
#5375=DIRECTION('center_axis',(0.,0.,-1.));
#5376=DIRECTION('ref_axis',(1.,0.,0.));
#5377=DIRECTION('',(0.,0.,-1.));
#5378=DIRECTION('center_axis',(0.,0.,-1.));
#5379=DIRECTION('ref_axis',(1.,0.,0.));
#5380=DIRECTION('',(0.,0.,-1.));
#5381=DIRECTION('center_axis',(0.,0.,-1.));
#5382=DIRECTION('ref_axis',(1.,0.,0.));
#5383=DIRECTION('',(0.,0.,-1.));
#5384=DIRECTION('center_axis',(0.,0.,-1.));
#5385=DIRECTION('ref_axis',(1.,0.,0.));
#5386=DIRECTION('',(0.,0.,-1.));
#5387=DIRECTION('center_axis',(1.,0.,0.));
#5388=DIRECTION('ref_axis',(0.,-1.,0.));
#5389=DIRECTION('center_axis',(0.,0.,-1.));
#5390=DIRECTION('ref_axis',(-1.,0.,0.));
#5391=DIRECTION('center_axis',(0.,0.,-1.));
#5392=DIRECTION('ref_axis',(1.13056251453287E-6,0.999999999999361,0.));
#5393=DIRECTION('center_axis',(0.,0.,-1.));
#5394=DIRECTION('ref_axis',(-1.,0.,0.));
#5395=DIRECTION('center_axis',(1.,-5.5511151231258E-16,0.));
#5396=DIRECTION('ref_axis',(-5.5511151231258E-16,-1.,0.));
#5397=DIRECTION('',(0.,0.,-1.));
#5398=DIRECTION('',(5.5511151231258E-16,1.,0.));
#5399=DIRECTION('center_axis',(0.,0.,-1.));
#5400=DIRECTION('ref_axis',(1.,0.,0.));
#5401=DIRECTION('center_axis',(0.,0.,1.));
#5402=DIRECTION('ref_axis',(1.,0.,0.));
#5403=DIRECTION('',(0.,0.,-1.));
#5404=DIRECTION('center_axis',(-1.,0.,0.));
#5405=DIRECTION('ref_axis',(0.,1.,0.));
#5406=DIRECTION('',(0.,-1.,0.));
#5407=DIRECTION('center_axis',(0.,0.,1.));
#5408=DIRECTION('ref_axis',(1.,0.,0.));
#5409=DIRECTION('center_axis',(0.,0.,-1.));
#5410=DIRECTION('ref_axis',(-8.41311309323368E-7,-0.999999999999646,0.));
#5411=DIRECTION('center_axis',(0.,0.,-1.));
#5412=DIRECTION('ref_axis',(-8.86991595022879E-7,0.999999999999607,0.));
#5413=DIRECTION('center_axis',(-1.,0.,0.));
#5414=DIRECTION('ref_axis',(0.,1.,0.));
#5415=DIRECTION('center_axis',(-1.,0.,0.));
#5416=DIRECTION('ref_axis',(0.,-1.,0.));
#5417=DIRECTION('center_axis',(0.,0.,-1.));
#5418=DIRECTION('ref_axis',(-1.,0.,0.));
#5419=DIRECTION('center_axis',(0.,0.,1.));
#5420=DIRECTION('ref_axis',(-1.,0.,0.));
#5421=DIRECTION('',(-0.857167300702112,-1.04972719113862E-16,0.515038074910054));
#5422=DIRECTION('center_axis',(0.,0.,1.));
#5423=DIRECTION('ref_axis',(-1.,0.,0.));
#5424=DIRECTION('',(0.,0.,1.));
#5425=DIRECTION('center_axis',(0.,0.,-1.));
#5426=DIRECTION('ref_axis',(-1.,0.,0.));
#5427=DIRECTION('center_axis',(0.,0.,1.));
#5428=DIRECTION('ref_axis',(-1.,0.,0.));
#5429=DIRECTION('',(-0.857167300702112,-1.04972719113862E-16,0.515038074910054));
#5430=DIRECTION('center_axis',(0.,0.,1.));
#5431=DIRECTION('ref_axis',(-1.,0.,0.));
#5432=DIRECTION('',(0.,0.,1.));
#5433=DIRECTION('center_axis',(1.,0.,0.));
#5434=DIRECTION('ref_axis',(0.,1.,0.));
#5435=DIRECTION('center_axis',(0.,0.,-1.));
#5436=DIRECTION('ref_axis',(-1.,0.,0.));
#5437=DIRECTION('center_axis',(0.,0.,1.));
#5438=DIRECTION('ref_axis',(-1.,0.,0.));
#5439=DIRECTION('',(-0.857167300702112,-1.04972719113862E-16,0.515038074910054));
#5440=DIRECTION('center_axis',(0.,0.,1.));
#5441=DIRECTION('ref_axis',(-1.,0.,0.));
#5442=DIRECTION('',(0.,0.,1.));
#5443=DIRECTION('center_axis',(0.,0.,-1.));
#5444=DIRECTION('ref_axis',(-1.,0.,0.));
#5445=DIRECTION('center_axis',(0.,0.,1.));
#5446=DIRECTION('ref_axis',(-1.,0.,0.));
#5447=DIRECTION('',(-0.857167300702112,-1.04972719113862E-16,0.515038074910054));
#5448=DIRECTION('center_axis',(0.,0.,1.));
#5449=DIRECTION('ref_axis',(-1.,0.,0.));
#5450=DIRECTION('',(0.,0.,1.));
#5451=DIRECTION('center_axis',(0.,0.,-1.));
#5452=DIRECTION('ref_axis',(-1.,0.,0.));
#5453=DIRECTION('center_axis',(0.,0.,1.));
#5454=DIRECTION('ref_axis',(-1.,0.,0.));
#5455=DIRECTION('',(-0.857167300702112,-1.04972719113862E-16,0.515038074910054));
#5456=DIRECTION('center_axis',(0.,0.,1.));
#5457=DIRECTION('ref_axis',(-1.,0.,0.));
#5458=DIRECTION('',(0.,0.,1.));
#5459=DIRECTION('center_axis',(0.,0.,-1.));
#5460=DIRECTION('ref_axis',(-1.,0.,0.));
#5461=DIRECTION('center_axis',(0.,0.,1.));
#5462=DIRECTION('ref_axis',(-1.,0.,0.));
#5463=DIRECTION('',(-0.857167300702112,-1.04972719113862E-16,0.515038074910054));
#5464=DIRECTION('center_axis',(0.,0.,1.));
#5465=DIRECTION('ref_axis',(-1.,0.,0.));
#5466=DIRECTION('',(0.,0.,1.));
#5467=CARTESIAN_POINT('',(0.,0.,0.));
#5468=CARTESIAN_POINT('Origin',(-116.8,40.6,-4.35));
#5469=CARTESIAN_POINT('',(-118.3,40.6,-4.6));
#5470=CARTESIAN_POINT('Origin',(-116.8,40.6,-4.6));
#5471=CARTESIAN_POINT('',(-117.8,40.6,-4.1));
#5472=CARTESIAN_POINT('',(-118.05,40.6,-4.35));
#5473=CARTESIAN_POINT('',(-115.8,40.6,-4.1));
#5474=CARTESIAN_POINT('Origin',(-116.8,40.6,-4.1));
#5475=CARTESIAN_POINT('Origin',(-116.8,40.6,-4.1));
#5476=CARTESIAN_POINT('Origin',(-100.25,0.,-4.6));
#5477=CARTESIAN_POINT('',(-114.3,-44.6,-4.6));
#5478=CARTESIAN_POINT('',(-120.8,-38.1,-4.6));
#5479=CARTESIAN_POINT('Origin',(-114.3,-38.1,-4.6));
#5480=CARTESIAN_POINT('',(-120.8,38.1,-4.6));
#5481=CARTESIAN_POINT('',(-120.8,22.3,-4.6));
#5482=CARTESIAN_POINT('',(-114.3,44.6,-4.6));
#5483=CARTESIAN_POINT('Origin',(-114.3,38.1,-4.6));
#5484=CARTESIAN_POINT('',(-76.7,44.6,-4.6));
#5485=CARTESIAN_POINT('',(-76.975,44.6,-4.6));
#5486=CARTESIAN_POINT('',(-79.7,41.6,-4.6));
#5487=CARTESIAN_POINT('Origin',(-76.7,41.6,-4.6));
#5488=CARTESIAN_POINT('',(-79.7,39.1,-4.6));
#5489=CARTESIAN_POINT('',(-79.7,38.6,-4.6));
#5490=CARTESIAN_POINT('',(-80.2,38.6,-4.6));
#5491=CARTESIAN_POINT('Origin',(-80.2,39.1,-4.6));
#5492=CARTESIAN_POINT('',(-92.25,38.6,-4.6));
#5493=CARTESIAN_POINT('',(-114.8,38.6,-4.6));
#5494=CARTESIAN_POINT('',(-92.75,38.0999999999985,-4.6));
#5495=CARTESIAN_POINT('Origin',(-92.25,38.1,-4.6));
#5496=CARTESIAN_POINT('',(-92.750000000006,36.1,-4.6));
#5497=CARTESIAN_POINT('',(-92.75,38.1,-4.6));
#5498=CARTESIAN_POINT('',(-97.7499999999983,36.1,-4.6));
#5499=CARTESIAN_POINT('Origin',(-95.2500000000021,36.1,-4.6));
#5500=CARTESIAN_POINT('',(-97.75,38.1,-4.6));
#5501=CARTESIAN_POINT('',(-97.75,38.1,-4.6));
#5502=CARTESIAN_POINT('',(-98.25,38.6,-4.6));
#5503=CARTESIAN_POINT('Origin',(-98.25,38.1,-4.6));
#5504=CARTESIAN_POINT('',(-113.8,38.6,-4.6));
#5505=CARTESIAN_POINT('',(-114.8,38.6,-4.6));
#5506=CARTESIAN_POINT('',(-114.8,37.6,-4.6));
#5507=CARTESIAN_POINT('Origin',(-113.8,37.6,-4.6));
#5508=CARTESIAN_POINT('',(-114.8,-37.6,-4.6));
#5509=CARTESIAN_POINT('',(-114.8,-38.6,-4.6));
#5510=CARTESIAN_POINT('',(-113.8,-38.6,-4.6));
#5511=CARTESIAN_POINT('Origin',(-113.8,-37.6,-4.6));
#5512=CARTESIAN_POINT('',(-95.86875,-38.6,-4.6));
#5513=CARTESIAN_POINT('',(114.8,-38.6,-4.6));
#5514=CARTESIAN_POINT('',(-95.36875,-38.1,-4.6));
#5515=CARTESIAN_POINT('Origin',(-95.86875,-38.1,-4.6));
#5516=CARTESIAN_POINT('',(-95.3687500000002,-36.0999943471874,-4.6));
#5517=CARTESIAN_POINT('',(-95.36875,-38.1,-4.6));
#5518=CARTESIAN_POINT('',(-90.36875,-36.1,-4.6));
#5519=CARTESIAN_POINT('Origin',(-92.86875,-36.0999970990879,-4.6));
#5520=CARTESIAN_POINT('',(-90.36875,-38.1,-4.6));
#5521=CARTESIAN_POINT('',(-90.36875,-38.1,-4.6));
#5522=CARTESIAN_POINT('',(-89.86875,-38.6,-4.6));
#5523=CARTESIAN_POINT('Origin',(-89.86875,-38.1,-4.6));
#5524=CARTESIAN_POINT('',(-80.2,-38.6,-4.6));
#5525=CARTESIAN_POINT('',(114.8,-38.6,-4.6));
#5526=CARTESIAN_POINT('',(-79.7,-39.1,-4.6));
#5527=CARTESIAN_POINT('Origin',(-80.2,-39.1,-4.6));
#5528=CARTESIAN_POINT('',(-79.7,-41.6,-4.6));
#5529=CARTESIAN_POINT('',(-79.7,-38.6,-4.6));
#5530=CARTESIAN_POINT('',(-76.7,-44.6,-4.6));
#5531=CARTESIAN_POINT('Origin',(-76.7,-41.6,-4.6));
#5532=CARTESIAN_POINT('',(-89.975,-44.6,-4.6));
#5533=CARTESIAN_POINT('',(-118.3,-40.6,-4.6));
#5534=CARTESIAN_POINT('Origin',(-116.8,-40.6,-4.6));
#5535=CARTESIAN_POINT('',(-94.06875,-35.6,-4.6));
#5536=CARTESIAN_POINT('Origin',(-92.86875,-35.6,-4.6));
#5537=CARTESIAN_POINT('',(-96.45,35.6,-4.6));
#5538=CARTESIAN_POINT('Origin',(-95.25,35.6,-4.6));
#5539=CARTESIAN_POINT('Origin',(-116.8,40.6,-1.8500000000001));
#5540=CARTESIAN_POINT('',(-115.8,40.6,0.899999999999897));
#5541=CARTESIAN_POINT('',(-115.8,40.6,-1.8500000000001));
#5542=CARTESIAN_POINT('Origin',(-116.8,40.6,0.899999999999897));
#5543=CARTESIAN_POINT('Origin',(-116.8,-40.6,-4.35));
#5544=CARTESIAN_POINT('',(-117.8,-40.6,-4.1));
#5545=CARTESIAN_POINT('',(-118.05,-40.6,-4.35));
#5546=CARTESIAN_POINT('',(-115.8,-40.6,-4.1));
#5547=CARTESIAN_POINT('Origin',(-116.8,-40.6,-4.1));
#5548=CARTESIAN_POINT('Origin',(-116.8,-40.6,-4.1));
#5549=CARTESIAN_POINT('Origin',(-116.8,-40.6,-1.8500000000001));
#5550=CARTESIAN_POINT('',(-115.8,-40.6,0.899999999999897));
#5551=CARTESIAN_POINT('',(-115.8,-40.6,-1.8500000000001));
#5552=CARTESIAN_POINT('Origin',(-116.8,-40.6,0.899999999999897));
#5553=CARTESIAN_POINT('Origin',(116.8,-40.6,-4.35));
#5554=CARTESIAN_POINT('',(115.3,-40.6,-4.6));
#5555=CARTESIAN_POINT('Origin',(116.8,-40.6,-4.6));
#5556=CARTESIAN_POINT('',(115.8,-40.6,-4.1));
#5557=CARTESIAN_POINT('',(115.55,-40.6,-4.35));
#5558=CARTESIAN_POINT('',(117.8,-40.6,-4.1));
#5559=CARTESIAN_POINT('Origin',(116.8,-40.6,-4.1));
#5560=CARTESIAN_POINT('Origin',(116.8,-40.6,-4.1));
#5561=CARTESIAN_POINT('Origin',(100.25,0.,-4.6));
#5562=CARTESIAN_POINT('',(114.3,44.6,-4.6));
#5563=CARTESIAN_POINT('',(120.8,38.1,-4.6));
#5564=CARTESIAN_POINT('Origin',(114.3,38.1,-4.6));
#5565=CARTESIAN_POINT('',(120.8,-38.1000000000001,-4.6));
#5566=CARTESIAN_POINT('',(120.8,-22.3,-4.6));
#5567=CARTESIAN_POINT('',(114.3,-44.6000000000001,-4.6));
#5568=CARTESIAN_POINT('Origin',(114.3,-38.1000000000001,-4.6));
#5569=CARTESIAN_POINT('',(76.7,-44.6000000000001,-4.6));
#5570=CARTESIAN_POINT('',(10.275,-44.6000000000001,-4.6));
#5571=CARTESIAN_POINT('',(79.7,-41.6000000000001,-4.6));
#5572=CARTESIAN_POINT('Origin',(76.7,-41.6000000000001,-4.6));
#5573=CARTESIAN_POINT('',(79.7,-39.1,-4.6));
#5574=CARTESIAN_POINT('',(79.7,-38.6,-4.6));
#5575=CARTESIAN_POINT('',(80.2,-38.6,-4.6));
#5576=CARTESIAN_POINT('Origin',(80.2,-39.1,-4.6));
#5577=CARTESIAN_POINT('',(92.25,-38.6,-4.6));
#5578=CARTESIAN_POINT('',(114.8,-38.6,-4.6));
#5579=CARTESIAN_POINT('',(92.75,-38.1,-4.6));
#5580=CARTESIAN_POINT('Origin',(92.25,-38.1,-4.6));
#5581=CARTESIAN_POINT('',(92.7500000000001,-36.0999999885239,-4.6));
#5582=CARTESIAN_POINT('',(92.75,-38.1,-4.6));
#5583=CARTESIAN_POINT('',(97.75,-36.0999955535659,-4.6));
#5584=CARTESIAN_POINT('Origin',(95.25,-36.0999977183614,-4.6));
#5585=CARTESIAN_POINT('',(97.75,-38.1,-4.6));
#5586=CARTESIAN_POINT('',(97.75,-38.1,-4.6));
#5587=CARTESIAN_POINT('',(98.25,-38.6,-4.6));
#5588=CARTESIAN_POINT('Origin',(98.25,-38.1,-4.6));
#5589=CARTESIAN_POINT('',(113.8,-38.6,-4.6));
#5590=CARTESIAN_POINT('',(114.8,-38.6,-4.6));
#5591=CARTESIAN_POINT('',(114.8,-37.6,-4.6));
#5592=CARTESIAN_POINT('Origin',(113.8,-37.6,-4.6));
#5593=CARTESIAN_POINT('',(114.8,37.6,-4.6));
#5594=CARTESIAN_POINT('',(114.8,38.6,-4.6));
#5595=CARTESIAN_POINT('',(113.8,38.6,-4.6));
#5596=CARTESIAN_POINT('Origin',(113.8,37.6,-4.6));
#5597=CARTESIAN_POINT('',(98.25,38.6,-4.6));
#5598=CARTESIAN_POINT('',(-114.8,38.6,-4.6));
#5599=CARTESIAN_POINT('',(97.75,38.1,-4.6));
#5600=CARTESIAN_POINT('Origin',(98.25,38.1,-4.6));
#5601=CARTESIAN_POINT('',(97.7500000000001,36.0999957934435,-4.6));
#5602=CARTESIAN_POINT('',(97.75,38.1,-4.6));
#5603=CARTESIAN_POINT('',(92.75,36.1,-4.6));
#5604=CARTESIAN_POINT('Origin',(95.25,36.0999978510964,-4.6));
#5605=CARTESIAN_POINT('',(92.75,38.1,-4.6));
#5606=CARTESIAN_POINT('',(92.75,38.1,-4.6));
#5607=CARTESIAN_POINT('',(92.25,38.6,-4.6));
#5608=CARTESIAN_POINT('Origin',(92.25,38.1,-4.6));
#5609=CARTESIAN_POINT('',(80.2,38.6,-4.6));
#5610=CARTESIAN_POINT('',(-114.8,38.6,-4.6));
#5611=CARTESIAN_POINT('',(79.7,39.1,-4.6));
#5612=CARTESIAN_POINT('Origin',(80.2,39.1,-4.6));
#5613=CARTESIAN_POINT('',(79.7,41.6,-4.6));
#5614=CARTESIAN_POINT('',(79.7,38.6,-4.6));
#5615=CARTESIAN_POINT('',(76.7,44.6,-4.6));
#5616=CARTESIAN_POINT('Origin',(76.7,41.6,-4.6));
#5617=CARTESIAN_POINT('',(23.275,44.6,-4.6));
#5618=CARTESIAN_POINT('',(115.3,40.6,-4.6));
#5619=CARTESIAN_POINT('Origin',(116.8,40.6,-4.6));
#5620=CARTESIAN_POINT('',(94.05,-35.6,-4.6));
#5621=CARTESIAN_POINT('Origin',(95.25,-35.6,-4.6));
#5622=CARTESIAN_POINT('',(94.05,35.6,-4.6));
#5623=CARTESIAN_POINT('Origin',(95.25,35.6,-4.6));
#5624=CARTESIAN_POINT('Origin',(116.8,-40.6,-1.8500000000001));
#5625=CARTESIAN_POINT('',(117.8,-40.6,0.899999999999897));
#5626=CARTESIAN_POINT('',(117.8,-40.6,-1.8500000000001));
#5627=CARTESIAN_POINT('Origin',(116.8,-40.6,0.899999999999897));
#5628=CARTESIAN_POINT('Origin',(116.8,40.6,-4.35));
#5629=CARTESIAN_POINT('',(115.8,40.6,-4.1));
#5630=CARTESIAN_POINT('',(115.55,40.6,-4.35));
#5631=CARTESIAN_POINT('',(117.8,40.6,-4.1));
#5632=CARTESIAN_POINT('Origin',(116.8,40.6,-4.1));
#5633=CARTESIAN_POINT('Origin',(116.8,40.6,-4.1));
#5634=CARTESIAN_POINT('Origin',(116.8,40.6,-1.8500000000001));
#5635=CARTESIAN_POINT('',(117.8,40.6,0.899999999999897));
#5636=CARTESIAN_POINT('',(117.8,40.6,-1.8500000000001));
#5637=CARTESIAN_POINT('Origin',(116.8,40.6,0.899999999999897));
#5638=CARTESIAN_POINT('Origin',(116.8,-40.6,1.20043030951368));
#5639=CARTESIAN_POINT('',(116.8,-40.6,1.50086061902746));
#5640=CARTESIAN_POINT('',(117.3,-40.6,1.20043030951368));
#5641=CARTESIAN_POINT('Origin',(-116.8,40.6,1.20043030951368));
#5642=CARTESIAN_POINT('',(-116.8,40.6,1.50086061902746));
#5643=CARTESIAN_POINT('',(-116.3,40.6,1.20043030951368));
#5644=CARTESIAN_POINT('Origin',(-116.8,-40.6,1.20043030951368));
#5645=CARTESIAN_POINT('',(-116.8,-40.6,1.50086061902746));
#5646=CARTESIAN_POINT('',(-116.3,-40.6,1.20043030951368));
#5647=CARTESIAN_POINT('Origin',(116.8,40.6,1.20043030951368));
#5648=CARTESIAN_POINT('',(116.8,40.6,1.50086061902746));
#5649=CARTESIAN_POINT('',(117.3,40.6,1.20043030951368));
#5650=CARTESIAN_POINT('Origin',(22.75,39.225,-3.975));
#5651=CARTESIAN_POINT('',(45.5,38.6,-3.35));
#5652=CARTESIAN_POINT('',(45.5,39.85,-4.6));
#5653=CARTESIAN_POINT('',(45.5,38.075,-2.825));
#5654=CARTESIAN_POINT('',(-9.5,38.6,-3.35));
#5655=CARTESIAN_POINT('',(-57.4,38.6,-3.35));
#5656=CARTESIAN_POINT('',(-9.5,39.85,-4.6));
#5657=CARTESIAN_POINT('',(-9.5,38.3875,-3.1375));
#5658=CARTESIAN_POINT('',(-9.5,39.85,-4.6));
#5659=CARTESIAN_POINT('Origin',(45.5,38.6,0.));
#5660=CARTESIAN_POINT('',(45.5,38.6,-4.6));
#5661=CARTESIAN_POINT('',(45.5,39.85,-4.6));
#5662=CARTESIAN_POINT('',(45.5,38.6,0.));
#5663=CARTESIAN_POINT('Origin',(52.3875,-25.4,6.6));
#5664=CARTESIAN_POINT('',(53.8875,-25.4,7.1));
#5665=CARTESIAN_POINT('Origin',(52.3875,-25.4,7.1));
#5666=CARTESIAN_POINT('',(53.3875,-25.4,6.6));
#5667=CARTESIAN_POINT('Origin',(53.8875,-25.4,6.6));
#5668=CARTESIAN_POINT('Origin',(52.3875,-25.4,6.6));
#5669=CARTESIAN_POINT('Origin',(0.,0.,7.1));
#5670=CARTESIAN_POINT('',(47.125,-39.1,7.1));
#5671=CARTESIAN_POINT('',(48.625,-37.6,7.1));
#5672=CARTESIAN_POINT('Origin',(47.125,-37.6,7.1));
#5673=CARTESIAN_POINT('',(57.65,-39.1,7.1));
#5674=CARTESIAN_POINT('',(62.15,-39.1,7.1));
#5675=CARTESIAN_POINT('',(56.15,-37.6,7.1));
#5676=CARTESIAN_POINT('Origin',(57.65,-37.6,7.1));
#5677=CARTESIAN_POINT('',(56.15,-21.05,7.1));
#5678=CARTESIAN_POINT('',(56.15,-19.3,7.1));
#5679=CARTESIAN_POINT('',(55.15,-20.05,7.1));
#5680=CARTESIAN_POINT('Origin',(55.15,-21.05,7.1));
#5681=CARTESIAN_POINT('',(49.625,-20.05,7.1));
#5682=CARTESIAN_POINT('',(28.325,-20.05,7.1));
#5683=CARTESIAN_POINT('',(48.625,-21.05,7.1));
#5684=CARTESIAN_POINT('Origin',(49.625,-21.05,7.1));
#5685=CARTESIAN_POINT('',(48.625,-9.775,7.1));
#5686=CARTESIAN_POINT('',(53.8875,-31.75,7.1));
#5687=CARTESIAN_POINT('Origin',(52.3875,-31.75,7.1));
#5688=CARTESIAN_POINT('Origin',(52.3875,-25.4,3.905));
#5689=CARTESIAN_POINT('',(53.3875,-25.4,4.40129092854134));
#5690=CARTESIAN_POINT('Origin',(52.3875,-25.4,4.40129092854134));
#5691=CARTESIAN_POINT('',(53.3875,-25.4,3.905));
#5692=CARTESIAN_POINT('Origin',(52.3875,-31.75,6.6));
#5693=CARTESIAN_POINT('',(53.3875,-31.75,6.6));
#5694=CARTESIAN_POINT('Origin',(53.8875,-31.75,6.6));
#5695=CARTESIAN_POINT('Origin',(52.3875,-31.75,6.6));
#5696=CARTESIAN_POINT('Origin',(52.3875,-31.75,3.905));
#5697=CARTESIAN_POINT('',(53.3875,-31.75,4.40129092854134));
#5698=CARTESIAN_POINT('Origin',(52.3875,-31.75,4.40129092854134));
#5699=CARTESIAN_POINT('',(53.3875,-31.75,3.905));
#5700=CARTESIAN_POINT('Origin',(-114.3,-38.1,6.6));
#5701=CARTESIAN_POINT('',(-123.747221813846,-39.1,7.1));
#5702=CARTESIAN_POINT('',(-123.8,-38.1,7.1));
#5703=CARTESIAN_POINT('Origin',(-114.3,-38.1,7.1));
#5704=CARTESIAN_POINT('',(-124.3,-38.1,6.6));
#5705=CARTESIAN_POINT('Origin',(-123.8,-38.1,6.6));
#5706=CARTESIAN_POINT('',(-124.251072301178,-39.0880081258406,6.6));
#5707=CARTESIAN_POINT('Origin',(-114.3,-38.1,6.6));
#5708=CARTESIAN_POINT('',(-123.759190284426,-39.1005740235458,7.09985687985574));
#5709=CARTESIAN_POINT('Ctrl Pts',(-124.251069120582,-39.0880064894588,6.60000038759601));
#5710=CARTESIAN_POINT('Ctrl Pts',(-124.251056126868,-39.0881371544295,6.60107368033922));
#5711=CARTESIAN_POINT('Ctrl Pts',(-124.251039507961,-39.088267449048,6.60214693313652));
#5712=CARTESIAN_POINT('Ctrl Pts',(-124.25101927278,-39.0883973725866,6.60322013083779));
#5713=CARTESIAN_POINT('Ctrl Pts',(-124.250529217822,-39.0915438566457,6.62921079808411));
#5714=CARTESIAN_POINT('Ctrl Pts',(-124.24792438475,-39.0944618439868,6.65507681117261));
#5715=CARTESIAN_POINT('Ctrl Pts',(-124.243348339743,-39.097142627463,6.68060602898595));
#5716=CARTESIAN_POINT('Ctrl Pts',(-124.23867033297,-39.0998831431788,6.70670407951879));
#5717=CARTESIAN_POINT('Ctrl Pts',(-124.231931902581,-39.1023760460287,6.73245141447616));
#5718=CARTESIAN_POINT('Ctrl Pts',(-124.223234001891,-39.1046042458193,6.75761472288742));
#5719=CARTESIAN_POINT('Ctrl Pts',(-124.219824465444,-39.1054776897305,6.7674786222596));
#5720=CARTESIAN_POINT('Ctrl Pts',(-124.216113309175,-39.1063103531538,6.77725260510324));
#5721=CARTESIAN_POINT('Ctrl Pts',(-124.212104687751,-39.1071007421577,6.78692168357038));
#5722=CARTESIAN_POINT('Ctrl Pts',(-124.201898206266,-39.1091131773272,6.81154043897828));
#5723=CARTESIAN_POINT('Ctrl Pts',(-124.189841641286,-39.1108373210842,6.83529974725144));
#5724=CARTESIAN_POINT('Ctrl Pts',(-124.176052475813,-39.112256693374,6.85797400637246));
#5725=CARTESIAN_POINT('Ctrl Pts',(-124.162553250889,-39.1136462209583,6.88017150080641));
#5726=CARTESIAN_POINT('Ctrl Pts',(-124.14739282218,-39.1147438580067,6.90133018962656));
#5727=CARTESIAN_POINT('Ctrl Pts',(-124.130640351487,-39.1155229023994,6.92121476506287));
#5728=CARTESIAN_POINT('Ctrl Pts',(-124.122579053085,-39.1158977790032,6.93078323404488));
#5729=CARTESIAN_POINT('Ctrl Pts',(-124.114148559411,-39.1161986974167,6.94005622218622));
#5730=CARTESIAN_POINT('Ctrl Pts',(-124.105353772153,-39.1164215144181,6.94900436592566));
#5731=CARTESIAN_POINT('Ctrl Pts',(-124.105341550273,-39.1164218240609,6.94901680092125));
#5732=CARTESIAN_POINT('Ctrl Pts',(-124.10532932775,-39.1164221335513,6.94902923522661));
#5733=CARTESIAN_POINT('Ctrl Pts',(-124.105317104585,-39.1164224428892,6.9490416688417));
#5734=CARTESIAN_POINT('Ctrl Pts',(-124.0870288699,-39.1168852726689,6.96764477789156));
#5735=CARTESIAN_POINT('Ctrl Pts',(-124.06730599215,-39.1170080041437,6.98470537597727));
#5736=CARTESIAN_POINT('Ctrl Pts',(-124.046393447158,-39.1168171626772,7.00015697231547));
#5737=CARTESIAN_POINT('Ctrl Pts',(-124.02510544998,-39.1166228949492,7.01588597800878));
#5738=CARTESIAN_POINT('Ctrl Pts',(-124.002583505933,-39.1161037412728,7.02994835758973));
#5739=CARTESIAN_POINT('Ctrl Pts',(-123.979054708684,-39.1152728304316,7.04223391658103));
#5740=CARTESIAN_POINT('Ctrl Pts',(-123.968320415971,-39.1148937528232,7.04783882638399));
#5741=CARTESIAN_POINT('Ctrl Pts',(-123.957376245172,-39.1144495811373,7.05307330933024));
#5742=CARTESIAN_POINT('Ctrl Pts',(-123.946242694528,-39.113940517067,7.05792360465384));
#5743=CARTESIAN_POINT('Ctrl Pts',(-123.921848222441,-39.1128251182469,7.0685509775084));
#5744=CARTESIAN_POINT('Ctrl Pts',(-123.896739272018,-39.1114084770608,7.0772525681416));
#5745=CARTESIAN_POINT('Ctrl Pts',(-123.871153895579,-39.1097002173497,7.08393919430254));
#5746=CARTESIAN_POINT('Ctrl Pts',(-123.846121648489,-39.1080288884449,7.09048126252928));
#5747=CARTESIAN_POINT('Ctrl Pts',(-123.820632092118,-39.1060783626146,7.09509490472621));
#5748=CARTESIAN_POINT('Ctrl Pts',(-123.794895763426,-39.1038442261305,7.09765149183306));
#5749=CARTESIAN_POINT('Ctrl Pts',(-123.783039447149,-39.1028149950743,7.09882927074987));
#5750=CARTESIAN_POINT('Ctrl Pts',(-123.77113069741,-39.1017253884958,7.0995698123322));
#5751=CARTESIAN_POINT('Ctrl Pts',(-123.759190284426,-39.1005740235458,7.09985687985574));
#5752=CARTESIAN_POINT('Ctrl Pts',(-123.759190284426,-39.1005740235458,7.09985687985575));
#5753=CARTESIAN_POINT('Ctrl Pts',(-123.755112211627,-39.1001807917463,7.09995492355496));
#5754=CARTESIAN_POINT('Ctrl Pts',(-123.751093831102,-39.1,7.1));
#5755=CARTESIAN_POINT('Ctrl Pts',(-123.747221813846,-39.1,7.1));
#5756=CARTESIAN_POINT('Ctrl Pts',(123.759190284426,-39.1005740235458,7.09985687985575));
#5757=CARTESIAN_POINT('Ctrl Pts',(123.635368185022,-40.4321331283116,6.76786190759684));
#5758=CARTESIAN_POINT('Ctrl Pts',(122.815913678623,-43.038134177023,6.11811287071437));
#5759=CARTESIAN_POINT('Ctrl Pts',(119.639549499731,-46.6226577419237,5.22439076913335));
#5760=CARTESIAN_POINT('Ctrl Pts',(116.305955760733,-47.7209609477998,4.950553024296));
#5761=CARTESIAN_POINT('Ctrl Pts',(114.3,-47.7209609477998,4.950553024296));
#5762=CARTESIAN_POINT('Ctrl Pts',(123.887701125891,-39.1118248835046,7.09705172541194));
#5763=CARTESIAN_POINT('Ctrl Pts',(123.759450761773,-40.4601835755136,6.76077725895114));
#5764=CARTESIAN_POINT('Ctrl Pts',(122.924316060819,-43.0968781192574,6.10341694285272));
#5765=CARTESIAN_POINT('Ctrl Pts',(119.70366398686,-46.7193281174628,5.20009229547174));
#5766=CARTESIAN_POINT('Ctrl Pts',(116.330032122094,-47.828215030363,4.92381157809376));
#5767=CARTESIAN_POINT('Ctrl Pts',(114.3,-47.828215030363,4.92381157809376));
#5768=CARTESIAN_POINT('Ctrl Pts',(124.143610219539,-39.1087612331625,6.98931927243046));
#5769=CARTESIAN_POINT('Ctrl Pts',(124.006770249028,-40.4917015941465,6.64953790735079));
#5770=CARTESIAN_POINT('Ctrl Pts',(123.140426931235,-43.1917967440755,5.98570505785734));
#5771=CARTESIAN_POINT('Ctrl Pts',(119.831887412034,-46.8929110572852,5.07505138381839));
#5772=CARTESIAN_POINT('Ctrl Pts',(116.377975348477,-48.0238070961403,4.79651955378394));
#5773=CARTESIAN_POINT('Ctrl Pts',(114.3,-48.0238070961403,4.79651955378394));
#5774=CARTESIAN_POINT('Ctrl Pts',(124.254163793428,-39.0568645337704,6.73994050131528));
#5775=CARTESIAN_POINT('Ctrl Pts',(124.119457997692,-40.4571639850643,6.40527240347027));
#5776=CARTESIAN_POINT('Ctrl Pts',(123.2498919976,-43.1938640158109,5.75077506382373));
#5777=CARTESIAN_POINT('Ctrl Pts',(119.905098554116,-46.9509173202097,4.85128836848694));
#5778=CARTESIAN_POINT('Ctrl Pts',(116.405819642951,-48.1,4.57594268045098));
#5779=CARTESIAN_POINT('Ctrl Pts',(114.3,-48.1,4.57594268045098));
#5780=CARTESIAN_POINT('Ctrl Pts',(124.257042404659,-39.0259085007852,6.61470901671775));
#5781=CARTESIAN_POINT('Ctrl Pts',(124.126703352654,-40.4275496636966,6.28271404445884));
#5782=CARTESIAN_POINT('Ctrl Pts',(123.264119661708,-43.1707086623402,5.63296500757637));
#5783=CARTESIAN_POINT('Ctrl Pts',(119.92057842077,-46.9438913622357,4.73924290599536));
#5784=CARTESIAN_POINT('Ctrl Pts',(116.411532379719,-48.1,4.465405161158));
#5785=CARTESIAN_POINT('Ctrl Pts',(114.3,-48.1,4.465405161158));
#5786=CARTESIAN_POINT('',(123.759190284426,-39.1005740235458,7.09985687985574));
#5787=CARTESIAN_POINT('',(114.3,-47.7209609477998,4.950553024296));
#5788=CARTESIAN_POINT('Origin',(114.3,-38.2209609477998,7.31916905130623));
#5789=CARTESIAN_POINT('',(114.3,-48.1,4.465405161158));
#5790=CARTESIAN_POINT('Origin',(114.3,-47.6,4.465405161158));
#5791=CARTESIAN_POINT('',(124.251072301178,-39.0880081258406,6.6));
#5792=CARTESIAN_POINT('Origin',(114.3,-38.1,6.83402118816823));
#5793=CARTESIAN_POINT('Ctrl Pts',(124.251069120582,-39.0880064894588,6.60000038759601));
#5794=CARTESIAN_POINT('Ctrl Pts',(124.251056299159,-39.0881354218719,6.60105944896964));
#5795=CARTESIAN_POINT('Ctrl Pts',(124.25103994804,-39.088263993701,6.60211847148386));
#5796=CARTESIAN_POINT('Ctrl Pts',(124.251020075797,-39.0883922042297,6.60317744058329));
#5797=CARTESIAN_POINT('Ctrl Pts',(124.250532347247,-39.0915389016988,6.6291679377545));
#5798=CARTESIAN_POINT('Ctrl Pts',(124.247929796728,-39.0944571136605,6.65503392136436));
#5799=CARTESIAN_POINT('Ctrl Pts',(124.243356004959,-39.0971381353254,6.6805632552903));
#5800=CARTESIAN_POINT('Ctrl Pts',(124.238680255804,-39.0998789213992,6.70666168030985));
#5801=CARTESIAN_POINT('Ctrl Pts',(124.231944012103,-39.1023721039291,6.73240953497524));
#5802=CARTESIAN_POINT('Ctrl Pts',(124.223248244041,-39.1046005965556,6.7575735143219));
#5803=CARTESIAN_POINT('Ctrl Pts',(124.219834900883,-39.1054753450547,6.7674511118071));
#5804=CARTESIAN_POINT('Ctrl Pts',(124.216119107586,-39.1063092040165,6.77723857120764));
#5805=CARTESIAN_POINT('Ctrl Pts',(124.212105036011,-39.1071006734903,6.7869208435399));
#5806=CARTESIAN_POINT('Ctrl Pts',(124.201898597526,-39.1091131150593,6.81153961655281));
#5807=CARTESIAN_POINT('Ctrl Pts',(124.189842073946,-39.1108372654615,6.83529894572193));
#5808=CARTESIAN_POINT('Ctrl Pts',(124.176052948504,-39.1122566447062,6.85797322910435));
#5809=CARTESIAN_POINT('Ctrl Pts',(124.162553760657,-39.1136461793166,6.88017075076494));
#5810=CARTESIAN_POINT('Ctrl Pts',(124.147393367194,-39.114743823597,6.90132946971298));
#5811=CARTESIAN_POINT('Ctrl Pts',(124.130640930118,-39.1155228754978,6.92121407824552));
#5812=CARTESIAN_POINT('Ctrl Pts',(124.122579569323,-39.1158977593683,6.93078265641236));
#5813=CARTESIAN_POINT('Ctrl Pts',(124.114149005684,-39.1161986836724,6.94005574867139));
#5814=CARTESIAN_POINT('Ctrl Pts',(124.105354141041,-39.1164215050721,6.94900399060534));
#5815=CARTESIAN_POINT('Ctrl Pts',(124.105341796211,-39.1164218178333,6.94901655072168));
#5816=CARTESIAN_POINT('Ctrl Pts',(124.105329450726,-39.116422130439,6.94902911013383));
#5817=CARTESIAN_POINT('Ctrl Pts',(124.105317104585,-39.1164224428891,6.94904166884175));
#5818=CARTESIAN_POINT('Ctrl Pts',(124.087028869026,-39.1168852726802,6.96764477878419));
#5819=CARTESIAN_POINT('Ctrl Pts',(124.067305990024,-39.1170080041483,6.98470537785629));
#5820=CARTESIAN_POINT('Ctrl Pts',(124.046393443335,-39.1168171626313,7.00015697514355));
#5821=CARTESIAN_POINT('Ctrl Pts',(124.025105446509,-39.1166228948711,7.01588598026649));
#5822=CARTESIAN_POINT('Ctrl Pts',(124.002583502595,-39.1161037411804,7.02994835956374));
#5823=CARTESIAN_POINT('Ctrl Pts',(123.979054705163,-39.1152728303076,7.04223391841931));
#5824=CARTESIAN_POINT('Ctrl Pts',(123.968320457656,-39.1148937542842,7.04783880451264));
#5825=CARTESIAN_POINT('Ctrl Pts',(123.957376333769,-39.1144495847284,7.05307326690393));
#5826=CARTESIAN_POINT('Ctrl Pts',(123.946242831479,-39.1139405233289,7.05792354499151));
#5827=CARTESIAN_POINT('Ctrl Pts',(123.921848362345,-39.1128251256514,7.06855092494946));
#5828=CARTESIAN_POINT('Ctrl Pts',(123.89673941435,-39.1114084855808,7.07725252288633));
#5829=CARTESIAN_POINT('Ctrl Pts',(123.871154039838,-39.1097002269793,7.08393915660182));
#5830=CARTESIAN_POINT('Ctrl Pts',(123.846121794242,-39.108028899134,7.09048123232142));
#5831=CARTESIAN_POINT('Ctrl Pts',(123.820632238873,-39.1060783743488,7.09509488219153));
#5832=CARTESIAN_POINT('Ctrl Pts',(123.794895910697,-39.1038442389144,7.09765147720359));
#5833=CARTESIAN_POINT('Ctrl Pts',(123.78303954578,-39.1028150040988,7.09882926461764));
#5834=CARTESIAN_POINT('Ctrl Pts',(123.771130746865,-39.1017253932646,7.09956981114323));
#5835=CARTESIAN_POINT('Ctrl Pts',(123.759190284426,-39.1005740235458,7.09985687985574));
#5836=CARTESIAN_POINT('Origin',(0.,-47.6,4.46540516115801));
#5837=CARTESIAN_POINT('',(-114.3,-47.7209609477998,4.950553024296));
#5838=CARTESIAN_POINT('',(-114.3,-48.1,4.46540516115801));
#5839=CARTESIAN_POINT('Origin',(-114.3,-47.6,4.46540516115801));
#5840=CARTESIAN_POINT('',(0.,-48.1,4.46540516115801));
#5841=CARTESIAN_POINT('',(0.,-47.7209609477998,4.950553024296));
#5842=CARTESIAN_POINT('Ctrl Pts',(-114.3,-47.7209609477998,4.950553024296));
#5843=CARTESIAN_POINT('Ctrl Pts',(-116.305955760733,-47.7209609477998,4.950553024296));
#5844=CARTESIAN_POINT('Ctrl Pts',(-119.639549499731,-46.6226577419237,5.22439076913335));
#5845=CARTESIAN_POINT('Ctrl Pts',(-122.815913678623,-43.038134177023,6.11811287071437));
#5846=CARTESIAN_POINT('Ctrl Pts',(-123.635368185022,-40.4321331283116,6.76786190759684));
#5847=CARTESIAN_POINT('Ctrl Pts',(-123.759190284426,-39.1005740235458,7.09985687985575));
#5848=CARTESIAN_POINT('Ctrl Pts',(-114.3,-47.828215030363,4.92381157809376));
#5849=CARTESIAN_POINT('Ctrl Pts',(-116.330032122094,-47.828215030363,4.92381157809376));
#5850=CARTESIAN_POINT('Ctrl Pts',(-119.70366398686,-46.7193281174628,5.20009229547173));
#5851=CARTESIAN_POINT('Ctrl Pts',(-122.924316060819,-43.0968781192574,6.1034169428527));
#5852=CARTESIAN_POINT('Ctrl Pts',(-123.759450761773,-40.4601835755136,6.76077725895112));
#5853=CARTESIAN_POINT('Ctrl Pts',(-123.887701125891,-39.1118248835046,7.09705172541193));
#5854=CARTESIAN_POINT('Ctrl Pts',(-114.3,-48.0238070961403,4.79651955378394));
#5855=CARTESIAN_POINT('Ctrl Pts',(-116.377975348477,-48.0238070961402,4.79651955378394));
#5856=CARTESIAN_POINT('Ctrl Pts',(-119.831887412034,-46.8929110572852,5.07505138381838));
#5857=CARTESIAN_POINT('Ctrl Pts',(-123.140426931235,-43.1917967440754,5.98570505785732));
#5858=CARTESIAN_POINT('Ctrl Pts',(-124.006770249028,-40.4917015941465,6.64953790735076));
#5859=CARTESIAN_POINT('Ctrl Pts',(-124.143610219539,-39.1087612331625,6.98931927243044));
#5860=CARTESIAN_POINT('Ctrl Pts',(-114.3,-48.1,4.57594268045098));
#5861=CARTESIAN_POINT('Ctrl Pts',(-116.405819642951,-48.1,4.57594268045098));
#5862=CARTESIAN_POINT('Ctrl Pts',(-119.905098554116,-46.9509173202097,4.85128836848694));
#5863=CARTESIAN_POINT('Ctrl Pts',(-123.2498919976,-43.1938640158109,5.75077506382372));
#5864=CARTESIAN_POINT('Ctrl Pts',(-124.119457997692,-40.4571639850643,6.40527240347026));
#5865=CARTESIAN_POINT('Ctrl Pts',(-124.254163793428,-39.0568645337704,6.73994050131527));
#5866=CARTESIAN_POINT('Ctrl Pts',(-114.3,-48.1,4.465405161158));
#5867=CARTESIAN_POINT('Ctrl Pts',(-116.411532379719,-48.1,4.46540516115801));
#5868=CARTESIAN_POINT('Ctrl Pts',(-119.92057842077,-46.9438913622357,4.73924290599536));
#5869=CARTESIAN_POINT('Ctrl Pts',(-123.264119661709,-43.1707086623402,5.63296500757637));
#5870=CARTESIAN_POINT('Ctrl Pts',(-124.126703352654,-40.4275496636966,6.28271404445884));
#5871=CARTESIAN_POINT('Ctrl Pts',(-124.257042404659,-39.0259085007852,6.61470901671775));
#5872=CARTESIAN_POINT('Origin',(-114.3,-38.1,6.83402118816823));
#5873=CARTESIAN_POINT('Origin',(-114.3,-38.2209609477998,7.31916905130623));
#5874=CARTESIAN_POINT('Origin',(-123.8,24.05,6.6));
#5875=CARTESIAN_POINT('',(-123.8,38.1,7.1));
#5876=CARTESIAN_POINT('',(-124.3,38.1,6.6));
#5877=CARTESIAN_POINT('Origin',(-123.8,38.1,6.6));
#5878=CARTESIAN_POINT('',(-124.3,24.05,6.6));
#5879=CARTESIAN_POINT('',(-123.8,24.05,7.1));
#5880=CARTESIAN_POINT('Origin',(-114.3,38.1,6.6));
#5881=CARTESIAN_POINT('',(-114.3,47.6,7.1));
#5882=CARTESIAN_POINT('',(-114.3,48.1,6.6));
#5883=CARTESIAN_POINT('Origin',(-114.3,47.6,6.6));
#5884=CARTESIAN_POINT('Origin',(-114.3,38.1,6.6));
#5885=CARTESIAN_POINT('Origin',(-114.3,38.1,7.1));
#5886=CARTESIAN_POINT('Origin',(62.15,47.6,6.6));
#5887=CARTESIAN_POINT('',(114.3,47.6,7.1));
#5888=CARTESIAN_POINT('',(114.3,48.1,6.6));
#5889=CARTESIAN_POINT('Origin',(114.3,47.6,6.6));
#5890=CARTESIAN_POINT('',(62.15,48.1,6.6));
#5891=CARTESIAN_POINT('',(62.15,47.6,7.1));
#5892=CARTESIAN_POINT('Origin',(114.3,38.1,6.6));
#5893=CARTESIAN_POINT('',(123.8,38.1,7.1));
#5894=CARTESIAN_POINT('',(124.3,38.1,6.6));
#5895=CARTESIAN_POINT('Origin',(123.8,38.1,6.6));
#5896=CARTESIAN_POINT('Origin',(114.3,38.1,6.6));
#5897=CARTESIAN_POINT('Origin',(114.3,38.1,7.1));
#5898=CARTESIAN_POINT('Origin',(123.8,-24.05,6.6));
#5899=CARTESIAN_POINT('',(123.8,-38.1,7.1));
#5900=CARTESIAN_POINT('',(124.3,-38.1,6.6));
#5901=CARTESIAN_POINT('Origin',(123.8,-38.1,6.6));
#5902=CARTESIAN_POINT('',(124.3,-24.05,6.6));
#5903=CARTESIAN_POINT('',(123.8,-24.05,7.1));
#5904=CARTESIAN_POINT('Origin',(114.3,-38.1,6.6));
#5905=CARTESIAN_POINT('Origin',(114.3,-38.1,6.6));
#5906=CARTESIAN_POINT('',(123.747221813846,-39.1,7.1));
#5907=CARTESIAN_POINT('Origin',(114.3,-38.1,7.1));
#5908=CARTESIAN_POINT('Ctrl Pts',(123.747221813846,-39.1,7.1));
#5909=CARTESIAN_POINT('Ctrl Pts',(123.751093831102,-39.1,7.1));
#5910=CARTESIAN_POINT('Ctrl Pts',(123.755112211627,-39.1001807917463,7.09995492355496));
#5911=CARTESIAN_POINT('Ctrl Pts',(123.759190284426,-39.1005740235458,7.09985687985575));
#5912=CARTESIAN_POINT('Origin',(124.3,48.1,0.));
#5913=CARTESIAN_POINT('',(114.3,48.1,-7.));
#5914=CARTESIAN_POINT('',(114.3,48.1,0.));
#5915=CARTESIAN_POINT('',(-114.3,48.1,-7.));
#5916=CARTESIAN_POINT('',(62.15,48.1,-7.));
#5917=CARTESIAN_POINT('',(-114.3,48.1,0.));
#5918=CARTESIAN_POINT('Origin',(114.3,38.1,0.));
#5919=CARTESIAN_POINT('',(124.3,38.1,-7.));
#5920=CARTESIAN_POINT('',(124.3,38.1,0.));
#5921=CARTESIAN_POINT('Origin',(114.3,38.1,-7.));
#5922=CARTESIAN_POINT('Origin',(124.3,-48.1,0.));
#5923=CARTESIAN_POINT('',(124.3,-38.1,-7.));
#5924=CARTESIAN_POINT('',(124.3,-38.1,0.));
#5925=CARTESIAN_POINT('',(124.3,-24.05,-7.));
#5926=CARTESIAN_POINT('Origin',(114.3,-38.1,0.));
#5927=CARTESIAN_POINT('',(114.3,-48.1,-7.));
#5928=CARTESIAN_POINT('',(114.3,-48.1,0.));
#5929=CARTESIAN_POINT('Origin',(114.3,-38.1,-7.));
#5930=CARTESIAN_POINT('Origin',(124.3,-39.1,7.1));
#5931=CARTESIAN_POINT('',(113.8,-39.1,7.1));
#5932=CARTESIAN_POINT('',(62.15,-39.1,7.1));
#5933=CARTESIAN_POINT('',(62.15,-39.1,7.1));
#5934=CARTESIAN_POINT('',(-113.8,-39.1,7.1));
#5935=CARTESIAN_POINT('',(62.15,-39.1,7.1));
#5936=CARTESIAN_POINT('',(62.15,-39.1,7.1));
#5937=CARTESIAN_POINT('Origin',(113.8,37.6,6.6));
#5938=CARTESIAN_POINT('',(114.8,37.6,6.6));
#5939=CARTESIAN_POINT('',(115.3,37.6,7.1));
#5940=CARTESIAN_POINT('Origin',(115.3,37.6,6.6));
#5941=CARTESIAN_POINT('',(113.8,39.1,7.1));
#5942=CARTESIAN_POINT('Origin',(113.8,37.6,7.1));
#5943=CARTESIAN_POINT('',(113.8,38.6,6.6));
#5944=CARTESIAN_POINT('Origin',(113.8,39.1,6.6));
#5945=CARTESIAN_POINT('Origin',(113.8,37.6,6.6));
#5946=CARTESIAN_POINT('Origin',(-57.4,39.1,6.6));
#5947=CARTESIAN_POINT('',(-113.8,39.1,7.1));
#5948=CARTESIAN_POINT('',(-113.8,38.6,6.6));
#5949=CARTESIAN_POINT('Origin',(-113.8,39.1,6.6));
#5950=CARTESIAN_POINT('',(-57.4,38.6,6.6));
#5951=CARTESIAN_POINT('',(-57.4,39.1,7.1));
#5952=CARTESIAN_POINT('Origin',(-113.8,37.6,6.6));
#5953=CARTESIAN_POINT('',(-115.3,37.6,7.1));
#5954=CARTESIAN_POINT('',(-114.8,37.6,6.6));
#5955=CARTESIAN_POINT('Origin',(-115.3,37.6,6.6));
#5956=CARTESIAN_POINT('Origin',(-113.8,37.6,6.6));
#5957=CARTESIAN_POINT('Origin',(-113.8,37.6,7.1));
#5958=CARTESIAN_POINT('Origin',(-115.3,-19.3,6.6));
#5959=CARTESIAN_POINT('',(-115.3,-37.6,7.1));
#5960=CARTESIAN_POINT('',(-114.8,-37.6,6.6));
#5961=CARTESIAN_POINT('Origin',(-115.3,-37.6,6.6));
#5962=CARTESIAN_POINT('',(-114.8,-19.3,6.6));
#5963=CARTESIAN_POINT('',(-115.3,-19.3,7.1));
#5964=CARTESIAN_POINT('Origin',(-113.8,-37.6,6.6));
#5965=CARTESIAN_POINT('',(-113.8,-38.6,6.6));
#5966=CARTESIAN_POINT('Origin',(-113.8,-39.1,6.6));
#5967=CARTESIAN_POINT('Origin',(-113.8,-37.6,6.6));
#5968=CARTESIAN_POINT('Origin',(-113.8,-37.6,7.1));
#5969=CARTESIAN_POINT('Origin',(24.0625,-39.1,6.6));
#5970=CARTESIAN_POINT('',(47.125,-38.6,6.6));
#5971=CARTESIAN_POINT('Origin',(47.125,-39.1,6.6));
#5972=CARTESIAN_POINT('',(24.0625,-38.6,6.6));
#5973=CARTESIAN_POINT('Origin',(47.125,-37.6,6.6));
#5974=CARTESIAN_POINT('',(48.125,-37.6,6.6));
#5975=CARTESIAN_POINT('Origin',(48.625,-37.6,6.6));
#5976=CARTESIAN_POINT('Origin',(47.125,-37.6,6.6));
#5977=CARTESIAN_POINT('Origin',(48.625,-9.775,6.6));
#5978=CARTESIAN_POINT('',(48.125,-21.05,6.6));
#5979=CARTESIAN_POINT('Origin',(48.625,-21.05,6.6));
#5980=CARTESIAN_POINT('',(48.125,-9.775,6.6));
#5981=CARTESIAN_POINT('Origin',(49.625,-21.05,6.6));
#5982=CARTESIAN_POINT('',(49.625,-19.55,6.6));
#5983=CARTESIAN_POINT('Origin',(49.625,-20.05,6.6));
#5984=CARTESIAN_POINT('Origin',(49.625,-21.05,6.6));
#5985=CARTESIAN_POINT('Origin',(28.325,-20.05,6.6));
#5986=CARTESIAN_POINT('',(55.15,-19.55,6.6));
#5987=CARTESIAN_POINT('Origin',(55.15,-20.05,6.6));
#5988=CARTESIAN_POINT('',(28.325,-19.55,6.6));
#5989=CARTESIAN_POINT('Origin',(55.15,-21.05,6.6));
#5990=CARTESIAN_POINT('',(56.65,-21.05,6.6));
#5991=CARTESIAN_POINT('Origin',(56.15,-21.05,6.6));
#5992=CARTESIAN_POINT('Origin',(55.15,-21.05,6.6));
#5993=CARTESIAN_POINT('Origin',(56.15,-19.3,6.6));
#5994=CARTESIAN_POINT('',(56.65,-37.6,6.6));
#5995=CARTESIAN_POINT('Origin',(56.15,-37.6,6.6));
#5996=CARTESIAN_POINT('',(56.65,-19.3,6.6));
#5997=CARTESIAN_POINT('Origin',(57.65,-37.6,6.6));
#5998=CARTESIAN_POINT('',(57.65,-38.6,6.6));
#5999=CARTESIAN_POINT('Origin',(57.65,-39.1,6.6));
#6000=CARTESIAN_POINT('Origin',(57.65,-37.6,6.6));
#6001=CARTESIAN_POINT('Origin',(57.4,-39.1,6.6));
#6002=CARTESIAN_POINT('',(113.8,-38.6,6.6));
#6003=CARTESIAN_POINT('Origin',(113.8,-39.1,6.6));
#6004=CARTESIAN_POINT('',(57.4,-38.6,6.6));
#6005=CARTESIAN_POINT('Origin',(113.8,-37.6,6.6));
#6006=CARTESIAN_POINT('',(115.3,-37.6,7.1));
#6007=CARTESIAN_POINT('',(114.8,-37.6,6.6));
#6008=CARTESIAN_POINT('Origin',(115.3,-37.6,6.6));
#6009=CARTESIAN_POINT('Origin',(113.8,-37.6,6.6));
#6010=CARTESIAN_POINT('Origin',(113.8,-37.6,7.1));
#6011=CARTESIAN_POINT('Origin',(115.3,19.3,6.6));
#6012=CARTESIAN_POINT('',(115.3,19.3,7.1));
#6013=CARTESIAN_POINT('',(114.8,19.3,6.6));
#6014=CARTESIAN_POINT('Origin',(0.,0.,7.1));
#6015=CARTESIAN_POINT('Origin',(56.65,-19.55,0.));
#6016=CARTESIAN_POINT('',(55.15,-19.55,0.5));
#6017=CARTESIAN_POINT('',(55.15,-19.55,0.));
#6018=CARTESIAN_POINT('',(49.625,-19.55,0.5));
#6019=CARTESIAN_POINT('',(54.51875,-19.55,0.5));
#6020=CARTESIAN_POINT('',(49.625,-19.55,0.));
#6021=CARTESIAN_POINT('Origin',(55.15,-21.05,0.));
#6022=CARTESIAN_POINT('',(56.65,-21.05,0.5));
#6023=CARTESIAN_POINT('',(56.65,-21.05,0.));
#6024=CARTESIAN_POINT('Origin',(55.15,-21.05,0.5));
#6025=CARTESIAN_POINT('Origin',(56.65,-38.6,0.));
#6026=CARTESIAN_POINT('',(56.65,-37.6,2.6));
#6027=CARTESIAN_POINT('',(56.65,-37.6,0.));
#6028=CARTESIAN_POINT('',(56.65,-37.6,0.5));
#6029=CARTESIAN_POINT('',(56.65,-37.6,0.));
#6030=CARTESIAN_POINT('',(56.65,-33.8375,0.5));
#6031=CARTESIAN_POINT('Origin',(57.65,-37.6,0.));
#6032=CARTESIAN_POINT('',(57.65,-38.6,3.1));
#6033=CARTESIAN_POINT('',(57.65,-38.6,0.));
#6034=CARTESIAN_POINT('',(56.9,-38.2614378277662,3.1));
#6035=CARTESIAN_POINT('Origin',(57.65,-37.6,3.1));
#6036=CARTESIAN_POINT('Ctrl Pts',(56.9,-38.2614378277661,3.1));
#6037=CARTESIAN_POINT('Ctrl Pts',(56.8690751834607,-38.2263723818076,3.1));
#6038=CARTESIAN_POINT('Ctrl Pts',(56.8409068180144,-38.1894432144626,3.09356063270315));
#6039=CARTESIAN_POINT('Ctrl Pts',(56.7802393387655,-38.0976664203116,3.06392503813001));
#6040=CARTESIAN_POINT('Ctrl Pts',(56.7521259205932,-38.0438825537069,3.0355941851431));
#6041=CARTESIAN_POINT('Ctrl Pts',(56.6998869800266,-37.9211960221532,2.95155701622894));
#6042=CARTESIAN_POINT('Ctrl Pts',(56.6808907322822,-37.8545414128964,2.89018592236271));
#6043=CARTESIAN_POINT('Ctrl Pts',(56.6557572169492,-37.7265998438766,2.75488112090625));
#6044=CARTESIAN_POINT('Ctrl Pts',(56.6501231784287,-37.6625888114445,2.6766540879818));
#6045=CARTESIAN_POINT('Ctrl Pts',(56.6500006666664,-37.6013333366472,2.60163299721955));
#6046=CARTESIAN_POINT('Ctrl Pts',(56.65,-37.6006666665531,2.60081649644188));
#6047=CARTESIAN_POINT('Ctrl Pts',(56.65,-37.6,2.6));
#6048=CARTESIAN_POINT('Origin',(114.8,-38.6,0.));
#6049=CARTESIAN_POINT('',(113.8,-38.6,0.));
#6050=CARTESIAN_POINT('',(98.25,-38.6,-1.75));
#6051=CARTESIAN_POINT('',(98.25,-38.6,0.));
#6052=CARTESIAN_POINT('',(92.25,-38.6,-1.75));
#6053=CARTESIAN_POINT('',(107.525,-38.6,-1.75));
#6054=CARTESIAN_POINT('',(92.25,-38.6,0.));
#6055=CARTESIAN_POINT('',(80.2,-38.6,2.6));
#6056=CARTESIAN_POINT('',(80.2,-38.6,0.));
#6057=CARTESIAN_POINT('',(79.3339745962156,-38.6,3.1));
#6058=CARTESIAN_POINT('Ctrl Pts',(79.3339745962156,-38.6,3.1));
#6059=CARTESIAN_POINT('Ctrl Pts',(79.4614133071534,-38.6,3.1));
#6060=CARTESIAN_POINT('Ctrl Pts',(79.6076347634246,-38.6,3.05521400005112));
#6061=CARTESIAN_POINT('Ctrl Pts',(79.892388363898,-38.6,2.90195635809436));
#6062=CARTESIAN_POINT('Ctrl Pts',(80.0614508889595,-38.6,2.73854911104048));
#6063=CARTESIAN_POINT('Ctrl Pts',(80.2,-38.6,2.6));
#6064=CARTESIAN_POINT('',(90.75,-38.6,3.1));
#6065=CARTESIAN_POINT('Origin',(113.8,-37.6,0.));
#6066=CARTESIAN_POINT('',(114.8,-37.6,0.));
#6067=CARTESIAN_POINT('Origin',(114.8,38.6,0.));
#6068=CARTESIAN_POINT('',(114.8,37.6,0.));
#6069=CARTESIAN_POINT('Origin',(113.8,37.6,0.));
#6070=CARTESIAN_POINT('',(113.8,38.6,0.));
#6071=CARTESIAN_POINT('Origin',(98.25,38.1,0.));
#6072=CARTESIAN_POINT('',(97.75,38.1,-2.25));
#6073=CARTESIAN_POINT('',(97.75,38.1,0.));
#6074=CARTESIAN_POINT('',(98.25,38.6,-1.75));
#6075=CARTESIAN_POINT('',(98.25,38.6,0.));
#6076=CARTESIAN_POINT('Origin',(98.25,38.1,-1.75));
#6077=CARTESIAN_POINT('Origin',(-7.275,38.1,-1.75));
#6078=CARTESIAN_POINT('',(92.25,38.6,-1.75));
#6079=CARTESIAN_POINT('',(-7.275,38.6,-1.75));
#6080=CARTESIAN_POINT('',(92.75,38.1,-2.25));
#6081=CARTESIAN_POINT('Origin',(92.25,38.1,-1.75));
#6082=CARTESIAN_POINT('',(-7.275,38.1,-2.25));
#6083=CARTESIAN_POINT('Origin',(92.25,38.1,0.));
#6084=CARTESIAN_POINT('',(92.25,38.6,0.));
#6085=CARTESIAN_POINT('',(92.75,38.1,0.));
#6086=CARTESIAN_POINT('Origin',(97.75,38.6,0.));
#6087=CARTESIAN_POINT('',(97.7500000000001,36.0999957934435,-2.25));
#6088=CARTESIAN_POINT('',(97.75,19.3,-2.25));
#6089=CARTESIAN_POINT('',(97.7500000000001,36.0999957934435,0.));
#6090=CARTESIAN_POINT('Origin',(100.25,0.,-2.25));
#6091=CARTESIAN_POINT('',(92.75,36.1,-2.25));
#6092=CARTESIAN_POINT('',(92.75,18.05,-2.25));
#6093=CARTESIAN_POINT('Origin',(95.25,36.0999978510964,-2.25));
#6094=CARTESIAN_POINT('',(94.05,35.6,-2.25));
#6095=CARTESIAN_POINT('Origin',(95.25,35.6,-2.25));
#6096=CARTESIAN_POINT('Origin',(92.75,36.1,0.));
#6097=CARTESIAN_POINT('',(92.75,36.1,0.));
#6098=CARTESIAN_POINT('Origin',(-16.05,38.1,0.));
#6099=CARTESIAN_POINT('',(-16.55,38.1,-2.25));
#6100=CARTESIAN_POINT('',(-16.55,38.1,-4.6));
#6101=CARTESIAN_POINT('',(-16.55,38.1,0.));
#6102=CARTESIAN_POINT('',(-16.05,38.6,-4.6));
#6103=CARTESIAN_POINT('Origin',(-16.05,38.1,-4.6));
#6104=CARTESIAN_POINT('',(-16.05,38.6,-1.75));
#6105=CARTESIAN_POINT('',(-16.05,38.6,0.));
#6106=CARTESIAN_POINT('Origin',(-16.05,38.1,-1.75));
#6107=CARTESIAN_POINT('Origin',(-57.4,38.1,-1.75));
#6108=CARTESIAN_POINT('',(-22.05,38.6,-1.75));
#6109=CARTESIAN_POINT('',(-57.4,38.6,-1.75));
#6110=CARTESIAN_POINT('',(-21.55,38.1,-2.25));
#6111=CARTESIAN_POINT('Origin',(-22.05,38.1,-1.75));
#6112=CARTESIAN_POINT('',(-57.4,38.1,-2.25));
#6113=CARTESIAN_POINT('Origin',(-22.05,38.1,0.));
#6114=CARTESIAN_POINT('',(-22.05,38.6,-4.6));
#6115=CARTESIAN_POINT('',(-22.05,38.6,0.));
#6116=CARTESIAN_POINT('',(-21.55,38.1,-4.6));
#6117=CARTESIAN_POINT('Origin',(-22.05,38.1,-4.6));
#6118=CARTESIAN_POINT('',(-21.55,38.1,0.));
#6119=CARTESIAN_POINT('Origin',(-16.55,38.6,0.));
#6120=CARTESIAN_POINT('',(-16.55,36.1,-2.25));
#6121=CARTESIAN_POINT('',(-16.55,38.85,-2.25));
#6122=CARTESIAN_POINT('',(-16.55,36.1,-4.6));
#6123=CARTESIAN_POINT('',(-16.55,36.1,0.));
#6124=CARTESIAN_POINT('',(-16.55,38.1,-4.6));
#6125=CARTESIAN_POINT('Origin',(0.,39.1,-2.25));
#6126=CARTESIAN_POINT('',(-21.55,36.1,-2.25));
#6127=CARTESIAN_POINT('',(-21.55,37.6,-2.25));
#6128=CARTESIAN_POINT('Origin',(-19.05,36.1,-2.25));
#6129=CARTESIAN_POINT('',(-20.25,35.6,-2.25));
#6130=CARTESIAN_POINT('Origin',(-19.05,35.6,-2.25));
#6131=CARTESIAN_POINT('Origin',(-21.55,36.1,0.));
#6132=CARTESIAN_POINT('',(-21.55,36.1,-4.6));
#6133=CARTESIAN_POINT('',(-21.55,38.1,-4.6));
#6134=CARTESIAN_POINT('',(-21.55,36.1,0.));
#6135=CARTESIAN_POINT('Origin',(-92.25,38.1,0.));
#6136=CARTESIAN_POINT('',(-92.75,38.0999999999985,-2.25));
#6137=CARTESIAN_POINT('',(-92.75,38.0999999999985,0.));
#6138=CARTESIAN_POINT('',(-92.25,38.6,-1.75));
#6139=CARTESIAN_POINT('',(-92.25,38.6,0.));
#6140=CARTESIAN_POINT('Origin',(-92.25,38.1,-1.75));
#6141=CARTESIAN_POINT('Origin',(-107.525,38.1,-1.75));
#6142=CARTESIAN_POINT('',(-98.25,38.6,-1.75));
#6143=CARTESIAN_POINT('',(-107.525,38.6,-1.75));
#6144=CARTESIAN_POINT('',(-97.75,38.1,-2.25));
#6145=CARTESIAN_POINT('Origin',(-98.25,38.1,-1.75));
#6146=CARTESIAN_POINT('',(-107.525,38.1,-2.25));
#6147=CARTESIAN_POINT('Origin',(-98.25,38.1,0.));
#6148=CARTESIAN_POINT('',(-98.25,38.6,0.));
#6149=CARTESIAN_POINT('',(-97.75,38.1,0.));
#6150=CARTESIAN_POINT('Origin',(-92.7500000000015,38.6,0.));
#6151=CARTESIAN_POINT('',(-92.750000000006,36.1,-2.25));
#6152=CARTESIAN_POINT('',(-92.7499999999421,19.3000000000116,-2.25));
#6153=CARTESIAN_POINT('',(-92.750000000006,36.1,0.));
#6154=CARTESIAN_POINT('Origin',(-100.25,0.,-2.25));
#6155=CARTESIAN_POINT('',(-97.7499999999983,36.1,-2.25));
#6156=CARTESIAN_POINT('',(-97.75,18.05,-2.25));
#6157=CARTESIAN_POINT('Origin',(-95.2500000000021,36.1,-2.25));
#6158=CARTESIAN_POINT('',(-96.45,35.6,-2.25));
#6159=CARTESIAN_POINT('Origin',(-95.25,35.6,-2.25));
#6160=CARTESIAN_POINT('Origin',(-97.75,36.1,0.));
#6161=CARTESIAN_POINT('',(-97.7499999999983,36.1,0.));
#6162=CARTESIAN_POINT('Origin',(92.25,-38.1,0.));
#6163=CARTESIAN_POINT('',(92.75,-38.1,-2.25));
#6164=CARTESIAN_POINT('',(92.75,-38.1,0.));
#6165=CARTESIAN_POINT('Origin',(92.25,-38.1,-1.75));
#6166=CARTESIAN_POINT('Origin',(107.525,-38.1,-1.75));
#6167=CARTESIAN_POINT('',(97.75,-38.1,-2.25));
#6168=CARTESIAN_POINT('Origin',(98.25,-38.1,-1.75));
#6169=CARTESIAN_POINT('',(107.525,-38.1,-2.25));
#6170=CARTESIAN_POINT('Origin',(98.25,-38.1,0.));
#6171=CARTESIAN_POINT('',(97.75,-38.1,0.));
#6172=CARTESIAN_POINT('Origin',(92.75,-38.6,0.));
#6173=CARTESIAN_POINT('',(92.7500000000001,-36.0999999885239,-2.25));
#6174=CARTESIAN_POINT('',(92.75,-19.3,-2.25));
#6175=CARTESIAN_POINT('',(92.7500000000001,-36.0999999885239,0.));
#6176=CARTESIAN_POINT('Origin',(100.25,0.,-2.25));
#6177=CARTESIAN_POINT('',(97.75,-36.0999955535659,-2.25));
#6178=CARTESIAN_POINT('',(97.75,-18.049997776783,-2.25));
#6179=CARTESIAN_POINT('Origin',(95.25,-36.0999977183614,-2.25));
#6180=CARTESIAN_POINT('',(94.05,-35.6,-2.25));
#6181=CARTESIAN_POINT('Origin',(95.25,-35.6,-2.25));
#6182=CARTESIAN_POINT('Origin',(97.75,-36.0999955535659,0.));
#6183=CARTESIAN_POINT('',(97.75,-36.0999955535659,0.));
#6184=CARTESIAN_POINT('Origin',(24.0625,-38.1,-1.75));
#6185=CARTESIAN_POINT('',(-3.,-38.6,-1.75));
#6186=CARTESIAN_POINT('',(3.,-38.6,-1.75));
#6187=CARTESIAN_POINT('',(24.0625,-38.6,-1.75));
#6188=CARTESIAN_POINT('',(2.5,-38.1,-2.25));
#6189=CARTESIAN_POINT('Origin',(3.,-38.1,-1.75));
#6190=CARTESIAN_POINT('',(-2.5,-38.1,-2.25));
#6191=CARTESIAN_POINT('',(24.0625,-38.1,-2.25));
#6192=CARTESIAN_POINT('Origin',(-3.,-38.1,-1.75));
#6193=CARTESIAN_POINT('Origin',(3.,-38.1,0.));
#6194=CARTESIAN_POINT('',(2.99999999999999,-38.6,-4.6));
#6195=CARTESIAN_POINT('',(3.,-38.6,0.));
#6196=CARTESIAN_POINT('',(2.5,-38.1,-4.6));
#6197=CARTESIAN_POINT('Origin',(3.,-38.1,-4.6));
#6198=CARTESIAN_POINT('',(2.5,-38.1,0.));
#6199=CARTESIAN_POINT('Origin',(-3.,-38.1,0.));
#6200=CARTESIAN_POINT('',(-2.5,-38.1,-4.6));
#6201=CARTESIAN_POINT('',(-2.5,-38.1,0.));
#6202=CARTESIAN_POINT('',(-3.00000000000001,-38.6,-4.6));
#6203=CARTESIAN_POINT('Origin',(-3.,-38.1,-4.6));
#6204=CARTESIAN_POINT('',(-3.,-38.6,0.));
#6205=CARTESIAN_POINT('Origin',(48.125,-38.6,0.));
#6206=CARTESIAN_POINT('',(47.125,-38.6,0.));
#6207=CARTESIAN_POINT('',(47.125,-38.6,0.));
#6208=CARTESIAN_POINT('',(53.2,-38.6,0.));
#6209=CARTESIAN_POINT('',(50.25625,-38.6,0.));
#6210=CARTESIAN_POINT('',(53.2,-38.6,-4.6));
#6211=CARTESIAN_POINT('',(53.2,-38.6,0.));
#6212=CARTESIAN_POINT('',(114.8,-38.6,-4.6));
#6213=CARTESIAN_POINT('',(-53.2,-38.6,-4.6));
#6214=CARTESIAN_POINT('',(114.8,-38.6,-4.6));
#6215=CARTESIAN_POINT('',(-53.2,-38.6,2.6));
#6216=CARTESIAN_POINT('',(-53.2,-38.6,0.));
#6217=CARTESIAN_POINT('',(-54.0660254037844,-38.6,3.1));
#6218=CARTESIAN_POINT('Ctrl Pts',(-54.0660254037844,-38.6,3.1));
#6219=CARTESIAN_POINT('Ctrl Pts',(-53.9385866928467,-38.6,3.1));
#6220=CARTESIAN_POINT('Ctrl Pts',(-53.7923652365754,-38.6,3.05521400005112));
#6221=CARTESIAN_POINT('Ctrl Pts',(-53.507611636102,-38.6,2.90195635809436));
#6222=CARTESIAN_POINT('Ctrl Pts',(-53.3385491110405,-38.6,2.73854911104048));
#6223=CARTESIAN_POINT('Ctrl Pts',(-53.2,-38.6,2.6));
#6224=CARTESIAN_POINT('',(-79.3339745962156,-38.6,3.1));
#6225=CARTESIAN_POINT('',(-9.28750000000001,-38.6,3.1));
#6226=CARTESIAN_POINT('',(-80.2,-38.6,2.6));
#6227=CARTESIAN_POINT('Ctrl Pts',(-80.2,-38.6,2.6));
#6228=CARTESIAN_POINT('Ctrl Pts',(-80.0614508889595,-38.6,2.73854911104048));
#6229=CARTESIAN_POINT('Ctrl Pts',(-79.892388363898,-38.6,2.90195635809436));
#6230=CARTESIAN_POINT('Ctrl Pts',(-79.6076347634246,-38.6,3.05521400005112));
#6231=CARTESIAN_POINT('Ctrl Pts',(-79.4614133071534,-38.6,3.1));
#6232=CARTESIAN_POINT('Ctrl Pts',(-79.3339745962156,-38.6,3.1));
#6233=CARTESIAN_POINT('',(-80.2,-38.6,0.));
#6234=CARTESIAN_POINT('',(-89.86875,-38.6,-1.75));
#6235=CARTESIAN_POINT('',(-89.86875,-38.6,0.));
#6236=CARTESIAN_POINT('',(-95.86875,-38.6,-1.75));
#6237=CARTESIAN_POINT('',(-26.0625,-38.6,-1.75));
#6238=CARTESIAN_POINT('',(-95.86875,-38.6,0.));
#6239=CARTESIAN_POINT('',(-113.8,-38.6,0.));
#6240=CARTESIAN_POINT('Origin',(-95.86875,-38.1,0.));
#6241=CARTESIAN_POINT('',(-95.36875,-38.1,-2.25));
#6242=CARTESIAN_POINT('',(-95.36875,-38.1,0.));
#6243=CARTESIAN_POINT('Origin',(-95.86875,-38.1,-1.75));
#6244=CARTESIAN_POINT('Origin',(-26.0625,-38.1,-1.75));
#6245=CARTESIAN_POINT('',(-90.36875,-38.1,-2.25));
#6246=CARTESIAN_POINT('Origin',(-89.86875,-38.1,-1.75));
#6247=CARTESIAN_POINT('',(-26.0625,-38.1,-2.25));
#6248=CARTESIAN_POINT('Origin',(-89.86875,-38.1,0.));
#6249=CARTESIAN_POINT('',(-90.36875,-38.1,0.));
#6250=CARTESIAN_POINT('Origin',(-95.36875,-38.6,0.));
#6251=CARTESIAN_POINT('',(-95.3687500000002,-36.0999943471874,-2.25));
#6252=CARTESIAN_POINT('',(-95.36875,-19.3,-2.25));
#6253=CARTESIAN_POINT('',(-95.3687500000002,-36.0999943471874,0.));
#6254=CARTESIAN_POINT('Origin',(-100.25,0.,-2.25));
#6255=CARTESIAN_POINT('',(-90.36875,-36.1,-2.25));
#6256=CARTESIAN_POINT('',(-90.36875,-18.05,-2.25));
#6257=CARTESIAN_POINT('Origin',(-92.86875,-36.0999970990879,-2.25));
#6258=CARTESIAN_POINT('',(-94.06875,-35.6,-2.25));
#6259=CARTESIAN_POINT('Origin',(-92.86875,-35.6,-2.25));
#6260=CARTESIAN_POINT('Origin',(-90.36875,-36.1,0.));
#6261=CARTESIAN_POINT('',(-90.36875,-36.1,0.));
#6262=CARTESIAN_POINT('Origin',(49.625,-21.05,0.));
#6263=CARTESIAN_POINT('',(48.125,-21.05,0.5));
#6264=CARTESIAN_POINT('Origin',(49.625,-21.05,0.5));
#6265=CARTESIAN_POINT('',(48.125,-21.05,0.));
#6266=CARTESIAN_POINT('Origin',(52.3875,-29.075,0.5));
#6267=CARTESIAN_POINT('',(54.2,-37.6,0.5));
#6268=CARTESIAN_POINT('',(54.51875,-37.6,0.5));
#6269=CARTESIAN_POINT('',(53.7324307204389,-38.2535263982534,0.5));
#6270=CARTESIAN_POINT('Ctrl Pts',(53.7324307243253,-38.2535263994228,0.5));
#6271=CARTESIAN_POINT('Ctrl Pts',(53.7509995260525,-38.1918139596957,0.5));
#6272=CARTESIAN_POINT('Ctrl Pts',(53.7770215917901,-38.1324713172708,0.5));
#6273=CARTESIAN_POINT('Ctrl Pts',(53.8980436419056,-37.907611636102,0.5));
#6274=CARTESIAN_POINT('Ctrl Pts',(54.0614508889595,-37.7385491110405,0.5));
#6275=CARTESIAN_POINT('Ctrl Pts',(54.2,-37.6,0.5));
#6276=CARTESIAN_POINT('',(53.2,-38.1,0.5));
#6277=CARTESIAN_POINT('Origin',(53.2,-39.1,0.5));
#6278=CARTESIAN_POINT('',(47.9910254037844,-38.1,0.5));
#6279=CARTESIAN_POINT('',(50.25625,-38.1,0.5));
#6280=CARTESIAN_POINT('',(48.125,-37.6,0.5));
#6281=CARTESIAN_POINT('Origin',(47.125,-37.6,0.5));
#6282=CARTESIAN_POINT('',(48.125,-24.3125,0.5));
#6283=CARTESIAN_POINT('',(54.8875,-31.75,0.5));
#6284=CARTESIAN_POINT('Origin',(52.3875,-31.75,0.5));
#6285=CARTESIAN_POINT('',(54.8875,-25.4,0.5));
#6286=CARTESIAN_POINT('Origin',(52.3875,-25.4,0.5));
#6287=CARTESIAN_POINT('Origin',(-113.8,37.6,0.));
#6288=CARTESIAN_POINT('',(-114.8,37.6,0.));
#6289=CARTESIAN_POINT('',(-113.8,38.6,0.));
#6290=CARTESIAN_POINT('Origin',(-114.8,38.6,0.));
#6291=CARTESIAN_POINT('',(-80.2,38.6,2.6));
#6292=CARTESIAN_POINT('',(-80.2,38.6,0.));
#6293=CARTESIAN_POINT('',(-79.3339745962156,38.6,3.1));
#6294=CARTESIAN_POINT('Ctrl Pts',(-79.3339745962156,38.6,3.1));
#6295=CARTESIAN_POINT('Ctrl Pts',(-79.4614133071534,38.6,3.1));
#6296=CARTESIAN_POINT('Ctrl Pts',(-79.6076347634246,38.6,3.05521400005112));
#6297=CARTESIAN_POINT('Ctrl Pts',(-79.892388363898,38.6,2.90195635809436));
#6298=CARTESIAN_POINT('Ctrl Pts',(-80.0614508889595,38.6,2.73854911104048));
#6299=CARTESIAN_POINT('Ctrl Pts',(-80.2,38.6,2.6));
#6300=CARTESIAN_POINT('',(-54.0660254037845,38.6,3.1));
#6301=CARTESIAN_POINT('',(-90.75,38.6,3.1));
#6302=CARTESIAN_POINT('',(-53.2,38.6,2.6));
#6303=CARTESIAN_POINT('Ctrl Pts',(-53.2,38.6,2.6));
#6304=CARTESIAN_POINT('Ctrl Pts',(-53.3385491110405,38.6,2.73854911104048));
#6305=CARTESIAN_POINT('Ctrl Pts',(-53.507611636102,38.6,2.90195635809436));
#6306=CARTESIAN_POINT('Ctrl Pts',(-53.7923652365755,38.6,3.05521400005112));
#6307=CARTESIAN_POINT('Ctrl Pts',(-53.9385866928467,38.6,3.1));
#6308=CARTESIAN_POINT('Ctrl Pts',(-54.0660254037845,38.6,3.1));
#6309=CARTESIAN_POINT('',(-53.2,38.6,-4.6));
#6310=CARTESIAN_POINT('',(-53.2,38.6,0.));
#6311=CARTESIAN_POINT('',(-114.8,38.6,-4.6));
#6312=CARTESIAN_POINT('',(-9.5,38.6,-4.6));
#6313=CARTESIAN_POINT('',(-114.8,38.6,-4.6));
#6314=CARTESIAN_POINT('',(-9.5,38.6,0.));
#6315=CARTESIAN_POINT('',(53.2,38.6,-4.6));
#6316=CARTESIAN_POINT('',(-114.8,38.6,-4.6));
#6317=CARTESIAN_POINT('',(53.2,38.6,2.6));
#6318=CARTESIAN_POINT('',(53.2,38.6,0.));
#6319=CARTESIAN_POINT('',(54.0660254037845,38.6,3.1));
#6320=CARTESIAN_POINT('Ctrl Pts',(54.0660254037845,38.6,3.1));
#6321=CARTESIAN_POINT('Ctrl Pts',(53.9385866928467,38.6,3.1));
#6322=CARTESIAN_POINT('Ctrl Pts',(53.7923652365755,38.6,3.05521400005112));
#6323=CARTESIAN_POINT('Ctrl Pts',(53.507611636102,38.6,2.90195635809436));
#6324=CARTESIAN_POINT('Ctrl Pts',(53.3385491110405,38.6,2.73854911104048));
#6325=CARTESIAN_POINT('Ctrl Pts',(53.2,38.6,2.6));
#6326=CARTESIAN_POINT('',(79.3339745962156,38.6,3.1));
#6327=CARTESIAN_POINT('',(-24.05,38.6,3.1));
#6328=CARTESIAN_POINT('',(80.2,38.6,2.6));
#6329=CARTESIAN_POINT('Ctrl Pts',(80.2,38.6,2.6));
#6330=CARTESIAN_POINT('Ctrl Pts',(80.0614508889595,38.6,2.73854911104048));
#6331=CARTESIAN_POINT('Ctrl Pts',(79.892388363898,38.6,2.90195635809436));
#6332=CARTESIAN_POINT('Ctrl Pts',(79.6076347634246,38.6,3.05521400005112));
#6333=CARTESIAN_POINT('Ctrl Pts',(79.4614133071534,38.6,3.1));
#6334=CARTESIAN_POINT('Ctrl Pts',(79.3339745962156,38.6,3.1));
#6335=CARTESIAN_POINT('',(80.2,38.6,0.));
#6336=CARTESIAN_POINT('Origin',(47.125,-37.6,0.));
#6337=CARTESIAN_POINT('',(48.125,-37.6,0.));
#6338=CARTESIAN_POINT('Ctrl Pts',(47.9910254037844,-38.1,0.5));
#6339=CARTESIAN_POINT('Ctrl Pts',(47.9532415095025,-38.1654436246041,0.5));
#6340=CARTESIAN_POINT('Ctrl Pts',(47.9052934230649,-38.2302450210669,0.486580902922));
#6341=CARTESIAN_POINT('Ctrl Pts',(47.7982976631784,-38.3434627185903,0.440965605518577));
#6342=CARTESIAN_POINT('Ctrl Pts',(47.7392821581139,-38.391999322001,0.408992901243869));
#6343=CARTESIAN_POINT('Ctrl Pts',(47.6003287245747,-38.4854254499148,0.326975914030507));
#6344=CARTESIAN_POINT('Ctrl Pts',(47.5064613040413,-38.5298163989785,0.26533479965022));
#6345=CARTESIAN_POINT('Ctrl Pts',(47.3140909305691,-38.5870743510596,0.133803462729127));
#6346=CARTESIAN_POINT('Ctrl Pts',(47.2155342497097,-38.6,0.0640173818993976));
#6347=CARTESIAN_POINT('Ctrl Pts',(47.125,-38.6,0.));
#6348=CARTESIAN_POINT('Origin',(-113.8,-37.6,0.));
#6349=CARTESIAN_POINT('',(-114.8,-37.6,0.));
#6350=CARTESIAN_POINT('Origin',(-114.8,-38.6,0.));
#6351=CARTESIAN_POINT('Origin',(62.15,46.6,-8.5));
#6352=CARTESIAN_POINT('',(114.3,45.1,-10.));
#6353=CARTESIAN_POINT('',(114.3,48.1,-7.));
#6354=CARTESIAN_POINT('',(-114.3,45.1,-10.));
#6355=CARTESIAN_POINT('',(62.15,45.1,-10.));
#6356=CARTESIAN_POINT('',(-114.3,45.1,-10.));
#6357=CARTESIAN_POINT('Origin',(114.3,38.1,-8.5));
#6358=CARTESIAN_POINT('',(121.3,38.1,-10.));
#6359=CARTESIAN_POINT('',(124.3,38.1,-7.));
#6360=CARTESIAN_POINT('Origin',(114.3,38.1,-10.));
#6361=CARTESIAN_POINT('Origin',(122.8,-24.05,-8.5));
#6362=CARTESIAN_POINT('',(121.3,-38.1,-10.));
#6363=CARTESIAN_POINT('',(124.3,-38.1,-7.));
#6364=CARTESIAN_POINT('',(121.3,-24.05,-10.));
#6365=CARTESIAN_POINT('Origin',(114.3,-38.1,-8.5));
#6366=CARTESIAN_POINT('',(114.3,-45.1,-10.));
#6367=CARTESIAN_POINT('',(114.3,-48.1,-7.));
#6368=CARTESIAN_POINT('Origin',(114.3,-38.1,-10.));
#6369=CARTESIAN_POINT('Origin',(-62.15,-46.6,-8.5));
#6370=CARTESIAN_POINT('',(-114.3,-48.1,-7.));
#6371=CARTESIAN_POINT('',(-114.3,-45.1,-10.));
#6372=CARTESIAN_POINT('',(-114.3,-48.1,-7.));
#6373=CARTESIAN_POINT('',(-62.15,-45.1,-10.));
#6374=CARTESIAN_POINT('',(-62.15,-48.1,-7.));
#6375=CARTESIAN_POINT('Origin',(-114.3,-38.1,-8.5));
#6376=CARTESIAN_POINT('',(-124.3,-38.1,-7.));
#6377=CARTESIAN_POINT('Origin',(-114.3,-38.1,-7.));
#6378=CARTESIAN_POINT('',(-121.3,-38.1,-10.));
#6379=CARTESIAN_POINT('',(-124.3,-38.1,-7.));
#6380=CARTESIAN_POINT('Origin',(-114.3,-38.1,-10.));
#6381=CARTESIAN_POINT('Origin',(-122.8,24.05,-8.5));
#6382=CARTESIAN_POINT('',(-124.3,38.1,-7.));
#6383=CARTESIAN_POINT('',(-121.3,38.1,-10.));
#6384=CARTESIAN_POINT('',(-124.3,38.1,-7.));
#6385=CARTESIAN_POINT('',(-121.3,24.05,-10.));
#6386=CARTESIAN_POINT('',(-124.3,24.05,-7.));
#6387=CARTESIAN_POINT('Origin',(-114.3,38.1,-8.5));
#6388=CARTESIAN_POINT('Origin',(-114.3,38.1,-7.));
#6389=CARTESIAN_POINT('Origin',(-114.3,38.1,-10.));
#6390=CARTESIAN_POINT('Origin',(0.,0.,-10.));
#6391=CARTESIAN_POINT('',(114.3,44.6,-10.));
#6392=CARTESIAN_POINT('',(-114.3,44.6,-10.));
#6393=CARTESIAN_POINT('',(120.8,44.6,-10.));
#6394=CARTESIAN_POINT('',(-120.8,38.1,-10.));
#6395=CARTESIAN_POINT('Origin',(-114.3,38.1,-10.));
#6396=CARTESIAN_POINT('',(-120.8,-38.1,-10.));
#6397=CARTESIAN_POINT('',(-120.8,44.6,-10.));
#6398=CARTESIAN_POINT('',(-114.3,-44.6,-10.));
#6399=CARTESIAN_POINT('Origin',(-114.3,-38.1,-10.));
#6400=CARTESIAN_POINT('',(114.3,-44.6,-10.));
#6401=CARTESIAN_POINT('',(-120.8,-44.6,-10.));
#6402=CARTESIAN_POINT('',(120.8,-38.1000000000001,-10.));
#6403=CARTESIAN_POINT('Origin',(114.3,-38.1000000000001,-10.));
#6404=CARTESIAN_POINT('',(120.8,38.1,-10.));
#6405=CARTESIAN_POINT('',(120.8,-44.6,-10.));
#6406=CARTESIAN_POINT('Origin',(114.3,38.1,-10.));
#6407=CARTESIAN_POINT('Origin',(-114.3,38.1,0.));
#6408=CARTESIAN_POINT('',(-124.3,38.1,0.));
#6409=CARTESIAN_POINT('Origin',(-124.3,48.1,0.));
#6410=CARTESIAN_POINT('',(-124.3,-38.1,0.));
#6411=CARTESIAN_POINT('Origin',(-124.3,-48.1,0.));
#6412=CARTESIAN_POINT('',(-114.3,-48.1,0.));
#6413=CARTESIAN_POINT('Origin',(-114.3,-38.1,0.));
#6414=CARTESIAN_POINT('Origin',(114.3,38.1,0.));
#6415=CARTESIAN_POINT('',(114.3,44.6,0.));
#6416=CARTESIAN_POINT('',(120.8,38.1,0.));
#6417=CARTESIAN_POINT('Origin',(-53.7,44.6,0.));
#6418=CARTESIAN_POINT('',(76.7,44.6,2.6));
#6419=CARTESIAN_POINT('',(76.7,44.6,0.));
#6420=CARTESIAN_POINT('',(56.7,44.6,2.6));
#6421=CARTESIAN_POINT('',(6.49999999999999,44.6,2.6));
#6422=CARTESIAN_POINT('',(56.7,44.6,-4.6));
#6423=CARTESIAN_POINT('',(56.7,44.6,0.));
#6424=CARTESIAN_POINT('',(-56.7,44.6,-4.6));
#6425=CARTESIAN_POINT('',(-26.85,44.6,-4.6));
#6426=CARTESIAN_POINT('',(-56.7,44.6,2.6));
#6427=CARTESIAN_POINT('',(-56.7,44.6,0.));
#6428=CARTESIAN_POINT('',(-76.7,44.6,2.6));
#6429=CARTESIAN_POINT('',(-60.2,44.6,2.6));
#6430=CARTESIAN_POINT('',(-76.7,44.6,0.));
#6431=CARTESIAN_POINT('',(-114.3,44.6,0.));
#6432=CARTESIAN_POINT('Origin',(-114.3,-38.1,0.));
#6433=CARTESIAN_POINT('',(-114.3,-44.6,0.));
#6434=CARTESIAN_POINT('',(-120.8,-38.1,0.));
#6435=CARTESIAN_POINT('Origin',(-120.8,44.6,0.));
#6436=CARTESIAN_POINT('',(-120.8,38.1,0.));
#6437=CARTESIAN_POINT('Origin',(114.3,-38.1000000000001,0.));
#6438=CARTESIAN_POINT('',(120.8,-38.1000000000001,0.));
#6439=CARTESIAN_POINT('',(114.3,-44.6000000000001,0.));
#6440=CARTESIAN_POINT('Origin',(-79.7,-44.6,0.));
#6441=CARTESIAN_POINT('',(-76.7,-44.6,2.6));
#6442=CARTESIAN_POINT('',(-76.7,-44.6,0.));
#6443=CARTESIAN_POINT('',(-56.7,-44.6,2.6));
#6444=CARTESIAN_POINT('',(-73.2,-44.6,2.6));
#6445=CARTESIAN_POINT('',(-56.7,-44.6,-4.6));
#6446=CARTESIAN_POINT('',(-56.7,-44.6,0.));
#6447=CARTESIAN_POINT('',(56.7,-44.6000000000001,-4.6));
#6448=CARTESIAN_POINT('',(-39.85,-44.6,-4.6));
#6449=CARTESIAN_POINT('',(56.7,-44.6000000000001,2.6));
#6450=CARTESIAN_POINT('',(56.7,-44.6000000000001,0.));
#6451=CARTESIAN_POINT('',(76.7,-44.6000000000001,2.6));
#6452=CARTESIAN_POINT('',(-6.5,-44.6000000000001,2.6));
#6453=CARTESIAN_POINT('',(76.7,-44.6000000000001,0.));
#6454=CARTESIAN_POINT('Origin',(-114.3,38.1,0.));
#6455=CARTESIAN_POINT('Origin',(-80.2,-39.1,2.6));
#6456=CARTESIAN_POINT('',(-79.2,-39.1,3.1));
#6457=CARTESIAN_POINT('',(-79.7,-39.1,2.6));
#6458=CARTESIAN_POINT('Origin',(-79.2,-39.1,2.6));
#6459=CARTESIAN_POINT('Origin',(-80.2,-39.1,2.6));
#6460=CARTESIAN_POINT('Origin',(-80.2,-39.1,3.1));
#6461=CARTESIAN_POINT('Origin',(-79.2,-40.1,2.6));
#6462=CARTESIAN_POINT('',(-79.2,-41.6,3.1));
#6463=CARTESIAN_POINT('',(-79.7,-41.6,2.6));
#6464=CARTESIAN_POINT('Origin',(-79.2,-41.6,2.6));
#6465=CARTESIAN_POINT('',(-79.7,-40.1,2.6));
#6466=CARTESIAN_POINT('',(-79.2,-40.1,3.1));
#6467=CARTESIAN_POINT('Origin',(-76.7,-41.6,2.6));
#6468=CARTESIAN_POINT('',(-76.7,-44.1,3.1));
#6469=CARTESIAN_POINT('Origin',(-76.7,-44.1,2.6));
#6470=CARTESIAN_POINT('Origin',(-76.7,-41.6,2.6));
#6471=CARTESIAN_POINT('Origin',(-76.7,-41.6,3.1));
#6472=CARTESIAN_POINT('Origin',(-73.2,-44.1,2.6));
#6473=CARTESIAN_POINT('',(-56.7,-44.1,3.1));
#6474=CARTESIAN_POINT('Origin',(-56.7,-44.1,2.6));
#6475=CARTESIAN_POINT('',(-73.2,-44.1,3.1));
#6476=CARTESIAN_POINT('Origin',(-56.7,-41.6,2.6));
#6477=CARTESIAN_POINT('',(-54.2,-41.6,3.1));
#6478=CARTESIAN_POINT('',(-53.7,-41.6,2.6));
#6479=CARTESIAN_POINT('Origin',(-54.2,-41.6,2.6));
#6480=CARTESIAN_POINT('Origin',(-56.7,-41.6,2.6));
#6481=CARTESIAN_POINT('Origin',(-56.7,-41.6,3.1));
#6482=CARTESIAN_POINT('Origin',(-54.2,-43.1,2.6));
#6483=CARTESIAN_POINT('',(-54.2,-39.1,3.1));
#6484=CARTESIAN_POINT('',(-53.7,-39.1,2.6));
#6485=CARTESIAN_POINT('Origin',(-54.2,-39.1,2.6));
#6486=CARTESIAN_POINT('',(-53.7,-43.1,2.6));
#6487=CARTESIAN_POINT('',(-54.2,-43.1,3.1));
#6488=CARTESIAN_POINT('Origin',(-53.2,-39.1,2.6));
#6489=CARTESIAN_POINT('Origin',(-53.2,-39.1,2.6));
#6490=CARTESIAN_POINT('Origin',(-53.2,-39.1,3.1));
#6491=CARTESIAN_POINT('Origin',(-66.7,-41.6,3.1));
#6492=CARTESIAN_POINT('',(-74.7,-41.1,3.1));
#6493=CARTESIAN_POINT('Origin',(-76.2,-41.1,3.1));
#6494=CARTESIAN_POINT('Origin',(-53.2,39.1,2.6));
#6495=CARTESIAN_POINT('',(-54.2,39.1,3.1));
#6496=CARTESIAN_POINT('',(-53.7,39.1,2.6));
#6497=CARTESIAN_POINT('Origin',(-54.2,39.1,2.6));
#6498=CARTESIAN_POINT('Origin',(-53.2,39.1,2.6));
#6499=CARTESIAN_POINT('Origin',(-53.2,39.1,3.1));
#6500=CARTESIAN_POINT('Origin',(-54.2,40.1,2.6));
#6501=CARTESIAN_POINT('',(-54.2,41.6,3.1));
#6502=CARTESIAN_POINT('',(-53.7,41.6,2.6));
#6503=CARTESIAN_POINT('Origin',(-54.2,41.6,2.6));
#6504=CARTESIAN_POINT('',(-53.7,40.1,2.6));
#6505=CARTESIAN_POINT('',(-54.2,40.1,3.1));
#6506=CARTESIAN_POINT('Origin',(-56.7,41.6,2.6));
#6507=CARTESIAN_POINT('',(-56.7,44.1,3.1));
#6508=CARTESIAN_POINT('Origin',(-56.7,44.1,2.6));
#6509=CARTESIAN_POINT('Origin',(-56.7,41.6,2.6));
#6510=CARTESIAN_POINT('Origin',(-56.7,41.6,3.1));
#6511=CARTESIAN_POINT('Origin',(-60.2,44.1,2.6));
#6512=CARTESIAN_POINT('',(-76.7,44.1,3.1));
#6513=CARTESIAN_POINT('Origin',(-76.7,44.1,2.6));
#6514=CARTESIAN_POINT('',(-60.2,44.1,3.1));
#6515=CARTESIAN_POINT('Origin',(-76.7,41.6,2.6));
#6516=CARTESIAN_POINT('',(-79.2,41.6,3.1));
#6517=CARTESIAN_POINT('',(-79.7,41.6,2.6));
#6518=CARTESIAN_POINT('Origin',(-79.2,41.6,2.6));
#6519=CARTESIAN_POINT('Origin',(-76.7,41.6,2.6));
#6520=CARTESIAN_POINT('Origin',(-76.7,41.6,3.1));
#6521=CARTESIAN_POINT('Origin',(-79.2,43.1,2.6));
#6522=CARTESIAN_POINT('',(-79.2,39.1,3.1));
#6523=CARTESIAN_POINT('',(-79.7,39.1,2.6));
#6524=CARTESIAN_POINT('Origin',(-79.2,39.1,2.6));
#6525=CARTESIAN_POINT('',(-79.7,43.1,2.6));
#6526=CARTESIAN_POINT('',(-79.2,43.1,3.1));
#6527=CARTESIAN_POINT('Origin',(-80.2,39.1,2.6));
#6528=CARTESIAN_POINT('Origin',(-80.2,39.1,2.6));
#6529=CARTESIAN_POINT('Origin',(-80.2,39.1,3.1));
#6530=CARTESIAN_POINT('Origin',(-66.7,41.6,3.1));
#6531=CARTESIAN_POINT('',(-74.7,41.1,3.1));
#6532=CARTESIAN_POINT('Origin',(-76.2,41.1,3.1));
#6533=CARTESIAN_POINT('Origin',(80.2,39.1,2.6));
#6534=CARTESIAN_POINT('',(79.2,39.1,3.1));
#6535=CARTESIAN_POINT('',(79.7,39.1,2.6));
#6536=CARTESIAN_POINT('Origin',(79.2,39.1,2.6));
#6537=CARTESIAN_POINT('Origin',(80.2,39.1,2.6));
#6538=CARTESIAN_POINT('Origin',(80.2,39.1,3.1));
#6539=CARTESIAN_POINT('Origin',(79.2,40.1,2.6));
#6540=CARTESIAN_POINT('',(79.2,41.6,3.1));
#6541=CARTESIAN_POINT('',(79.7,41.6,2.6));
#6542=CARTESIAN_POINT('Origin',(79.2,41.6,2.6));
#6543=CARTESIAN_POINT('',(79.7,40.1,2.6));
#6544=CARTESIAN_POINT('',(79.2,40.1,3.1));
#6545=CARTESIAN_POINT('Origin',(76.7,41.6,2.6));
#6546=CARTESIAN_POINT('',(76.7,44.1,3.1));
#6547=CARTESIAN_POINT('Origin',(76.7,44.1,2.6));
#6548=CARTESIAN_POINT('Origin',(76.7,41.6,2.6));
#6549=CARTESIAN_POINT('Origin',(76.7,41.6,3.1));
#6550=CARTESIAN_POINT('Origin',(6.49999999999999,44.1,2.6));
#6551=CARTESIAN_POINT('',(56.7,44.1,3.1));
#6552=CARTESIAN_POINT('Origin',(56.7,44.1,2.6));
#6553=CARTESIAN_POINT('',(6.49999999999999,44.1,3.1));
#6554=CARTESIAN_POINT('Origin',(56.7,41.6,2.6));
#6555=CARTESIAN_POINT('',(54.2,41.6,3.1));
#6556=CARTESIAN_POINT('',(53.7,41.6,2.6));
#6557=CARTESIAN_POINT('Origin',(54.2,41.6,2.6));
#6558=CARTESIAN_POINT('Origin',(56.7,41.6,2.6));
#6559=CARTESIAN_POINT('Origin',(56.7,41.6,3.1));
#6560=CARTESIAN_POINT('Origin',(54.2,43.1,2.6));
#6561=CARTESIAN_POINT('',(54.2,39.1,3.1));
#6562=CARTESIAN_POINT('',(53.7,39.1,2.6));
#6563=CARTESIAN_POINT('Origin',(54.2,39.1,2.6));
#6564=CARTESIAN_POINT('',(53.7,43.1,2.6));
#6565=CARTESIAN_POINT('',(54.2,43.1,3.1));
#6566=CARTESIAN_POINT('Origin',(53.2,39.1,2.6));
#6567=CARTESIAN_POINT('Origin',(53.2,39.1,2.6));
#6568=CARTESIAN_POINT('Origin',(53.2,39.1,3.1));
#6569=CARTESIAN_POINT('Origin',(66.7,41.6,3.1));
#6570=CARTESIAN_POINT('',(77.7,41.1,3.1));
#6571=CARTESIAN_POINT('Origin',(76.2,41.1,3.1));
#6572=CARTESIAN_POINT('Origin',(50.25625,-38.1,0.));
#6573=CARTESIAN_POINT('Origin',(53.2,-38.1,0.));
#6574=CARTESIAN_POINT('Origin',(53.2,-39.1,0.));
#6575=CARTESIAN_POINT('',(53.7,-38.4464736793251,0.467569251980032));
#6576=CARTESIAN_POINT('',(53.7,-39.1,0.));
#6577=CARTESIAN_POINT('Ctrl Pts',(53.7,-38.4464736793251,0.467569251980034));
#6578=CARTESIAN_POINT('Ctrl Pts',(53.7,-38.5081860908885,0.449000452056176));
#6579=CARTESIAN_POINT('Ctrl Pts',(53.7,-38.56752870495,0.422978396250393));
#6580=CARTESIAN_POINT('Ctrl Pts',(53.7,-38.792388363898,0.301956358094364));
#6581=CARTESIAN_POINT('Ctrl Pts',(53.7,-38.9614508889595,0.138549111040478));
#6582=CARTESIAN_POINT('Ctrl Pts',(53.7,-39.1,0.));
#6583=CARTESIAN_POINT('Origin',(53.2,-39.1,0.));
#6584=CARTESIAN_POINT('Ctrl Pts',(53.7324307243251,-38.2535263994235,0.5));
#6585=CARTESIAN_POINT('Ctrl Pts',(53.7205572727332,-38.2929871947365,0.500000001298121));
#6586=CARTESIAN_POINT('Ctrl Pts',(53.71041809792,-38.3336142897117,0.495241229652375));
#6587=CARTESIAN_POINT('Ctrl Pts',(53.7015566740923,-38.4006450936533,0.480668500778435));
#6588=CARTESIAN_POINT('Ctrl Pts',(53.6999999956475,-38.4238636019931,0.474372452985643));
#6589=CARTESIAN_POINT('Ctrl Pts',(53.7,-38.4464736793251,0.467569251980035));
#6590=CARTESIAN_POINT('Origin',(54.2,-38.6,2.6));
#6591=CARTESIAN_POINT('',(53.7,-38.6,2.6));
#6592=CARTESIAN_POINT('',(54.2,-38.6,3.1));
#6593=CARTESIAN_POINT('Origin',(54.2,-38.6,2.6));
#6594=CARTESIAN_POINT('',(54.2,-38.1,2.6));
#6595=CARTESIAN_POINT('Origin',(54.2,-38.6,2.6));
#6596=CARTESIAN_POINT('Origin',(54.2,-38.6,2.6));
#6597=CARTESIAN_POINT('Origin',(54.2,-38.6,0.));
#6598=CARTESIAN_POINT('',(53.7,-38.6,1.));
#6599=CARTESIAN_POINT('',(54.2,-38.1,1.));
#6600=CARTESIAN_POINT('Origin',(54.2,-38.6,1.));
#6601=CARTESIAN_POINT('',(54.2,-38.1,0.));
#6602=CARTESIAN_POINT('',(53.7,-38.6,0.));
#6603=CARTESIAN_POINT('Origin',(54.2,-37.6,1.));
#6604=CARTESIAN_POINT('Origin',(54.2,-37.6,1.));
#6605=CARTESIAN_POINT('Origin',(53.7,-37.6,1.));
#6606=CARTESIAN_POINT('Origin',(56.15,-37.6,2.6));
#6607=CARTESIAN_POINT('',(56.15,-38.6,3.1));
#6608=CARTESIAN_POINT('',(56.15,-38.1,2.6));
#6609=CARTESIAN_POINT('Origin',(56.15,-38.6,2.6));
#6610=CARTESIAN_POINT('Origin',(56.15,-37.6,2.6));
#6611=CARTESIAN_POINT('Origin',(56.15,-37.6,3.1));
#6612=CARTESIAN_POINT('Origin',(61.675,-38.6,2.6));
#6613=CARTESIAN_POINT('',(61.675,-38.1,2.6));
#6614=CARTESIAN_POINT('',(61.675,-38.6,3.1));
#6615=CARTESIAN_POINT('Origin',(54.2,-39.725,2.6));
#6616=CARTESIAN_POINT('',(54.2,-41.6000000000001,3.1));
#6617=CARTESIAN_POINT('',(53.7,-41.6000000000001,2.6));
#6618=CARTESIAN_POINT('Origin',(54.2,-41.6000000000001,2.6));
#6619=CARTESIAN_POINT('',(53.7,-39.725,2.6));
#6620=CARTESIAN_POINT('',(54.2,-39.725,3.1));
#6621=CARTESIAN_POINT('Origin',(56.7,-41.6000000000001,2.6));
#6622=CARTESIAN_POINT('',(56.7,-44.1000000000001,3.1));
#6623=CARTESIAN_POINT('Origin',(56.7,-44.1000000000001,2.6));
#6624=CARTESIAN_POINT('Origin',(56.7,-41.6000000000001,2.6));
#6625=CARTESIAN_POINT('Origin',(56.7,-41.6000000000001,3.1));
#6626=CARTESIAN_POINT('Origin',(-6.5,-44.1000000000001,2.6));
#6627=CARTESIAN_POINT('',(76.7,-44.1000000000001,3.1));
#6628=CARTESIAN_POINT('Origin',(76.7,-44.1000000000001,2.6));
#6629=CARTESIAN_POINT('',(-6.5,-44.1000000000001,3.1));
#6630=CARTESIAN_POINT('Origin',(76.7,-41.6000000000001,2.6));
#6631=CARTESIAN_POINT('',(79.2,-41.6000000000001,3.1));
#6632=CARTESIAN_POINT('',(79.7,-41.6000000000001,2.6));
#6633=CARTESIAN_POINT('Origin',(79.2,-41.6000000000001,2.6));
#6634=CARTESIAN_POINT('Origin',(76.7,-41.6000000000001,2.6));
#6635=CARTESIAN_POINT('Origin',(76.7,-41.6000000000001,3.1));
#6636=CARTESIAN_POINT('Origin',(79.2,-42.975,2.6));
#6637=CARTESIAN_POINT('',(79.2,-39.1,3.1));
#6638=CARTESIAN_POINT('',(79.7,-39.1,2.6));
#6639=CARTESIAN_POINT('Origin',(79.2,-39.1,2.6));
#6640=CARTESIAN_POINT('',(79.7,-42.975,2.6));
#6641=CARTESIAN_POINT('',(79.2,-42.975,3.1));
#6642=CARTESIAN_POINT('Origin',(80.2,-39.1,2.6));
#6643=CARTESIAN_POINT('Origin',(80.2,-39.1,2.6));
#6644=CARTESIAN_POINT('Origin',(80.2,-39.1,3.1));
#6645=CARTESIAN_POINT('Origin',(56.65,-38.1,0.));
#6646=CARTESIAN_POINT('',(56.15,-38.1,1.));
#6647=CARTESIAN_POINT('',(54.51875,-38.1,1.));
#6648=CARTESIAN_POINT('',(56.15,-38.1,0.));
#6649=CARTESIAN_POINT('Origin',(54.51875,-37.6,1.));
#6650=CARTESIAN_POINT('Origin',(56.15,-37.6,1.));
#6651=CARTESIAN_POINT('Origin',(53.7,-38.1,0.));
#6652=CARTESIAN_POINT('',(53.7,-41.6000000000001,-4.6));
#6653=CARTESIAN_POINT('',(53.7,-41.6000000000001,0.));
#6654=CARTESIAN_POINT('',(53.7,-39.1,-4.6));
#6655=CARTESIAN_POINT('',(53.7,-44.6,-4.6));
#6656=CARTESIAN_POINT('',(53.7,-39.1,0.));
#6657=CARTESIAN_POINT('Origin',(56.7,-41.6000000000001,0.));
#6658=CARTESIAN_POINT('Origin',(56.7,-41.6000000000001,-4.6));
#6659=CARTESIAN_POINT('Origin',(76.7,-41.6000000000001,0.));
#6660=CARTESIAN_POINT('',(79.7,-41.6000000000001,0.));
#6661=CARTESIAN_POINT('Origin',(79.7,-44.6,0.));
#6662=CARTESIAN_POINT('',(79.7,-39.1,0.));
#6663=CARTESIAN_POINT('Origin',(80.2,-39.1,0.));
#6664=CARTESIAN_POINT('Origin',(-53.2,-39.1,0.));
#6665=CARTESIAN_POINT('',(-53.7,-39.1,-4.6));
#6666=CARTESIAN_POINT('Origin',(-53.2,-39.1,-4.6));
#6667=CARTESIAN_POINT('',(-53.7,-39.1,0.));
#6668=CARTESIAN_POINT('Origin',(0.,-39.1,-4.6));
#6669=CARTESIAN_POINT('',(-2.5,-36.1,-4.6));
#6670=CARTESIAN_POINT('',(-2.5,-38.1,-4.6));
#6671=CARTESIAN_POINT('',(2.5,-36.1,-4.6));
#6672=CARTESIAN_POINT('Origin',(0.,-36.1,-4.6));
#6673=CARTESIAN_POINT('',(2.5,-38.1,-4.6));
#6674=CARTESIAN_POINT('Origin',(53.2,-39.1,-4.6));
#6675=CARTESIAN_POINT('',(-53.7,-41.6,-4.6));
#6676=CARTESIAN_POINT('Origin',(-56.7,-41.6,-4.6));
#6677=CARTESIAN_POINT('',(-53.7,-44.6,-4.6));
#6678=CARTESIAN_POINT('',(-1.2,-35.6,-4.6));
#6679=CARTESIAN_POINT('Origin',(0.,-35.6,-4.6));
#6680=CARTESIAN_POINT('Origin',(-80.2,-39.1,0.));
#6681=CARTESIAN_POINT('',(-79.7,-39.1,0.));
#6682=CARTESIAN_POINT('Origin',(-53.2,39.1,0.));
#6683=CARTESIAN_POINT('',(-53.7,39.1,-4.6));
#6684=CARTESIAN_POINT('',(-53.7,39.1,0.));
#6685=CARTESIAN_POINT('Origin',(-53.2,39.1,-4.6));
#6686=CARTESIAN_POINT('Origin',(0.,39.1,-4.6));
#6687=CARTESIAN_POINT('',(-53.7,41.6,-4.6));
#6688=CARTESIAN_POINT('',(-53.7,44.6,-4.6));
#6689=CARTESIAN_POINT('Origin',(-56.7,41.6,-4.6));
#6690=CARTESIAN_POINT('',(53.7,41.6,-4.6));
#6691=CARTESIAN_POINT('Origin',(56.7,41.6,-4.6));
#6692=CARTESIAN_POINT('',(53.7,39.1,-4.6));
#6693=CARTESIAN_POINT('',(53.7,44.6,-4.6));
#6694=CARTESIAN_POINT('Origin',(53.2,39.1,-4.6));
#6695=CARTESIAN_POINT('',(-9.5,38.6,-4.6));
#6696=CARTESIAN_POINT('Origin',(-19.05,36.1,-4.6));
#6697=CARTESIAN_POINT('',(-20.25,35.6,-4.6));
#6698=CARTESIAN_POINT('Origin',(-19.05,35.6,-4.6));
#6699=CARTESIAN_POINT('Origin',(-80.2,39.1,0.));
#6700=CARTESIAN_POINT('',(-79.7,39.1,0.));
#6701=CARTESIAN_POINT('Origin',(-79.7,44.6,0.));
#6702=CARTESIAN_POINT('',(-79.7,41.6,0.));
#6703=CARTESIAN_POINT('Origin',(53.2,39.1,0.));
#6704=CARTESIAN_POINT('',(53.7,39.1,0.));
#6705=CARTESIAN_POINT('Origin',(53.7,44.6,0.));
#6706=CARTESIAN_POINT('',(53.7,41.6,0.));
#6707=CARTESIAN_POINT('Origin',(80.2,39.1,0.));
#6708=CARTESIAN_POINT('',(79.7,39.1,0.));
#6709=CARTESIAN_POINT('Origin',(79.7,38.6,0.));
#6710=CARTESIAN_POINT('',(79.7,41.6,0.));
#6711=CARTESIAN_POINT('Origin',(53.2,-39.1,0.));
#6712=CARTESIAN_POINT('Origin',(56.15,-37.6,0.));
#6713=CARTESIAN_POINT('Origin',(-76.7,41.6,0.));
#6714=CARTESIAN_POINT('Origin',(-56.7,41.6,0.));
#6715=CARTESIAN_POINT('',(-53.7,41.6,0.));
#6716=CARTESIAN_POINT('Origin',(-53.7,38.6,0.));
#6717=CARTESIAN_POINT('Origin',(56.7,41.6,0.));
#6718=CARTESIAN_POINT('Origin',(76.7,41.6,0.));
#6719=CARTESIAN_POINT('Origin',(-56.7,-41.6,0.));
#6720=CARTESIAN_POINT('',(-53.7,-41.6,0.));
#6721=CARTESIAN_POINT('Origin',(-76.7,-41.6,0.));
#6722=CARTESIAN_POINT('',(-79.7,-41.6,0.));
#6723=CARTESIAN_POINT('Origin',(-79.7,-38.6,0.));
#6724=CARTESIAN_POINT('Origin',(66.7,-41.35,3.1));
#6725=CARTESIAN_POINT('',(77.7,-41.1,3.1));
#6726=CARTESIAN_POINT('Origin',(76.2,-41.1,3.1));
#6727=CARTESIAN_POINT('Origin',(-92.86875,-35.6,-5.5));
#6728=CARTESIAN_POINT('',(-94.06875,-35.6,-5.5));
#6729=CARTESIAN_POINT('Origin',(0.,-35.6,-5.5));
#6730=CARTESIAN_POINT('',(-1.2,-35.6,-2.25));
#6731=CARTESIAN_POINT('Origin',(0.,-35.6,-2.25));
#6732=CARTESIAN_POINT('',(-1.2,-35.6,-5.5));
#6733=CARTESIAN_POINT('Origin',(95.25,-35.6,-5.5));
#6734=CARTESIAN_POINT('',(94.05,-35.6,-5.5));
#6735=CARTESIAN_POINT('Origin',(95.25,35.6,-5.5));
#6736=CARTESIAN_POINT('',(94.05,35.6,-5.5));
#6737=CARTESIAN_POINT('Origin',(-19.05,35.6,-5.5));
#6738=CARTESIAN_POINT('',(-20.25,35.6,-5.5));
#6739=CARTESIAN_POINT('Origin',(-95.25,35.6,-5.5));
#6740=CARTESIAN_POINT('',(-96.45,35.6,-5.5));
#6741=CARTESIAN_POINT('Origin',(-9.5,39.85,0.));
#6742=CARTESIAN_POINT('Origin',(-19.05,36.1,0.));
#6743=CARTESIAN_POINT('Origin',(-92.86875,-36.0999970990879,0.));
#6744=CARTESIAN_POINT('Origin',(-95.2500000000021,36.1,0.));
#6745=CARTESIAN_POINT('Origin',(2.5,-36.1,0.));
#6746=CARTESIAN_POINT('',(2.5,-36.1,-2.25));
#6747=CARTESIAN_POINT('',(2.5,-36.1,0.));
#6748=CARTESIAN_POINT('',(2.5,-37.6,-2.25));
#6749=CARTESIAN_POINT('Origin',(0.,-36.1,0.));
#6750=CARTESIAN_POINT('',(-2.5,-36.1,-2.25));
#6751=CARTESIAN_POINT('Origin',(0.,-36.1,-2.25));
#6752=CARTESIAN_POINT('',(-2.5,-36.1,0.));
#6753=CARTESIAN_POINT('Origin',(-2.5,-38.6,0.));
#6754=CARTESIAN_POINT('',(-2.5,-38.85,-2.25));
#6755=CARTESIAN_POINT('Origin',(0.,-39.1,-2.25));
#6756=CARTESIAN_POINT('Origin',(95.25,36.0999978510964,0.));
#6757=CARTESIAN_POINT('Origin',(95.25,-36.0999977183614,0.));
#6758=CARTESIAN_POINT('Origin',(120.8,-44.6,0.));
#6759=CARTESIAN_POINT('Origin',(48.125,-19.55,0.));
#6760=CARTESIAN_POINT('Origin',(52.3875,-31.75,4.25107577378445));
#6761=CARTESIAN_POINT('',(54.8875,-31.75,3.5));
#6762=CARTESIAN_POINT('Origin',(52.3875,-31.75,3.5));
#6763=CARTESIAN_POINT('',(53.6375,-31.75,4.25107577378445));
#6764=CARTESIAN_POINT('Origin',(52.3875,-31.75,1.75));
#6765=CARTESIAN_POINT('',(54.8875,-31.75,1.75));
#6766=CARTESIAN_POINT('Origin',(52.3875,-25.4,4.25107577378445));
#6767=CARTESIAN_POINT('',(54.8875,-25.4,3.5));
#6768=CARTESIAN_POINT('Origin',(52.3875,-25.4,3.5));
#6769=CARTESIAN_POINT('',(53.6375,-25.4,4.25107577378445));
#6770=CARTESIAN_POINT('Origin',(52.3875,-25.4,1.75));
#6771=CARTESIAN_POINT('',(54.8875,-25.4,1.75));
#6772=CARTESIAN_POINT('Origin',(-53.7,-44.6,0.));
#6773=CARTESIAN_POINT('Origin',(-76.2,41.1,5.45064546427067));
#6774=CARTESIAN_POINT('',(-74.7,41.1,5.));
#6775=CARTESIAN_POINT('Origin',(-76.2,41.1,5.));
#6776=CARTESIAN_POINT('',(-76.2,41.1,5.90129092854134));
#6777=CARTESIAN_POINT('',(-75.45,41.1,5.45064546427067));
#6778=CARTESIAN_POINT('Origin',(-76.2,41.1,2.5));
#6779=CARTESIAN_POINT('',(-74.7,41.1,2.5));
#6780=CARTESIAN_POINT('Origin',(-76.2,-41.1,5.45064546427067));
#6781=CARTESIAN_POINT('',(-74.7,-41.1,5.));
#6782=CARTESIAN_POINT('Origin',(-76.2,-41.1,5.));
#6783=CARTESIAN_POINT('',(-76.2,-41.1,5.90129092854134));
#6784=CARTESIAN_POINT('',(-75.45,-41.1,5.45064546427067));
#6785=CARTESIAN_POINT('Origin',(-76.2,-41.1,2.5));
#6786=CARTESIAN_POINT('',(-74.7,-41.1,2.5));
#6787=CARTESIAN_POINT('Origin',(76.2,-41.1,5.45064546427067));
#6788=CARTESIAN_POINT('',(77.7,-41.1,5.));
#6789=CARTESIAN_POINT('Origin',(76.2,-41.1,5.));
#6790=CARTESIAN_POINT('',(76.2,-41.1,5.90129092854134));
#6791=CARTESIAN_POINT('',(76.95,-41.1,5.45064546427067));
#6792=CARTESIAN_POINT('Origin',(76.2,-41.1,2.5));
#6793=CARTESIAN_POINT('',(77.7,-41.1,2.5));
#6794=CARTESIAN_POINT('Origin',(76.2,41.1,5.45064546427067));
#6795=CARTESIAN_POINT('',(77.7,41.1,5.));
#6796=CARTESIAN_POINT('Origin',(76.2,41.1,5.));
#6797=CARTESIAN_POINT('',(76.2,41.1,5.90129092854134));
#6798=CARTESIAN_POINT('',(76.95,41.1,5.45064546427067));
#6799=CARTESIAN_POINT('Origin',(76.2,41.1,2.5));
#6800=CARTESIAN_POINT('',(77.7,41.1,2.5));
#6801=UNCERTAINTY_MEASURE_WITH_UNIT(LENGTH_MEASURE(0.01),#6805,
'DISTANCE_ACCURACY_VALUE',
'Maximum model space distance between geometric entities at asserted c
onnectivities');
#6802=UNCERTAINTY_MEASURE_WITH_UNIT(LENGTH_MEASURE(0.01),#6805,
'DISTANCE_ACCURACY_VALUE',
'Maximum model space distance between geometric entities at asserted c
onnectivities');
#6803=(
GEOMETRIC_REPRESENTATION_CONTEXT(3)
GLOBAL_UNCERTAINTY_ASSIGNED_CONTEXT((#6801))
GLOBAL_UNIT_ASSIGNED_CONTEXT((#6805,#6806,#6807))
REPRESENTATION_CONTEXT('','3D')
);
#6804=(
GEOMETRIC_REPRESENTATION_CONTEXT(3)
GLOBAL_UNCERTAINTY_ASSIGNED_CONTEXT((#6802))
GLOBAL_UNIT_ASSIGNED_CONTEXT((#6805,#6806,#6807))
REPRESENTATION_CONTEXT('','3D')
);
#6805=(
LENGTH_UNIT()
NAMED_UNIT(*)
SI_UNIT(.MILLI.,.METRE.)
);
#6806=(
NAMED_UNIT(*)
PLANE_ANGLE_UNIT()
SI_UNIT($,.RADIAN.)
);
#6807=(
NAMED_UNIT(*)
SI_UNIT($,.STERADIAN.)
SOLID_ANGLE_UNIT()
);
#6808=SHAPE_DEFINITION_REPRESENTATION(#6809,#6810);
#6809=PRODUCT_DEFINITION_SHAPE('',$,#6812);
#6810=SHAPE_REPRESENTATION('',(#3792),#6803);
#6811=PRODUCT_DEFINITION_CONTEXT('part definition',#6816,'design');
#6812=PRODUCT_DEFINITION('2026-01-08-20-00-24-959','sr42-keyboard',#6813,
#6811);
#6813=PRODUCT_DEFINITION_FORMATION('',$,#6818);
#6814=PRODUCT_RELATED_PRODUCT_CATEGORY('sr42-keyboard','sr42-keyboard',
(#6818));
#6815=APPLICATION_PROTOCOL_DEFINITION('international standard',
'automotive_design',2009,#6816);
#6816=APPLICATION_CONTEXT(
'Core Data for Automotive Mechanical Design Process');
#6817=PRODUCT_CONTEXT('part definition',#6816,'mechanical');
#6818=PRODUCT('2026-01-08-20-00-24-959','sr42-keyboard',$,(#6817));
#6819=PRESENTATION_STYLE_ASSIGNMENT((#6824));
#6820=PRESENTATION_STYLE_ASSIGNMENT((#6825));
#6821=PRESENTATION_STYLE_ASSIGNMENT((#6826));
#6822=PRESENTATION_STYLE_ASSIGNMENT((#6827));
#6823=PRESENTATION_STYLE_ASSIGNMENT((#6828));
#6824=SURFACE_STYLE_USAGE(.BOTH.,#6829);
#6825=SURFACE_STYLE_USAGE(.BOTH.,#6830);
#6826=SURFACE_STYLE_USAGE(.BOTH.,#6831);
#6827=SURFACE_STYLE_USAGE(.BOTH.,#6832);
#6828=SURFACE_STYLE_USAGE(.BOTH.,#6833);
#6829=SURFACE_SIDE_STYLE('',(#6834));
#6830=SURFACE_SIDE_STYLE('',(#6835));
#6831=SURFACE_SIDE_STYLE('',(#6836));
#6832=SURFACE_SIDE_STYLE('',(#6837));
#6833=SURFACE_SIDE_STYLE('',(#6838));
#6834=SURFACE_STYLE_FILL_AREA(#6839);
#6835=SURFACE_STYLE_FILL_AREA(#6840);
#6836=SURFACE_STYLE_FILL_AREA(#6841);
#6837=SURFACE_STYLE_FILL_AREA(#6842);
#6838=SURFACE_STYLE_FILL_AREA(#6843);
#6839=FILL_AREA_STYLE('Steel - Satin',(#6844));
#6840=FILL_AREA_STYLE('Aluminum - Anodized Glossy (Blue)',(#6845));
#6841=FILL_AREA_STYLE('Aluminum - Satin',(#6846));
#6842=FILL_AREA_STYLE('Polyurethane',(#6847));
#6843=FILL_AREA_STYLE('Copper - Polished',(#6848));
#6844=FILL_AREA_STYLE_COLOUR('Steel - Satin',#6849);
#6845=FILL_AREA_STYLE_COLOUR('Aluminum - Anodized Glossy (Blue)',#6850);
#6846=FILL_AREA_STYLE_COLOUR('Aluminum - Satin',#6851);
#6847=FILL_AREA_STYLE_COLOUR('Polyurethane',#6852);
#6848=FILL_AREA_STYLE_COLOUR('Copper - Polished',#6853);
#6849=COLOUR_RGB('Steel - Satin',0.627450980392157,0.627450980392157,0.627450980392157);
#6850=COLOUR_RGB('Aluminum - Anodized Glossy (Blue)',0.349019607843137,
0.584313725490196,0.854901960784314);
#6851=COLOUR_RGB('Aluminum - Satin',0.96078431372549,0.96078431372549,0.964705882352941);
#6852=COLOUR_RGB('Polyurethane',0.,0.,0.);
#6853=COLOUR_RGB('Copper - Polished',0.929411764705882,0.807843137254902,
0.764705882352941);
ENDSEC;
END-ISO-10303-21;
