ISO-10303-21;
HEADER;
/* Generated by software containing ST-Developer
 * from STEP Tools, Inc. (www.steptools.com) 
 */

FILE_DESCRIPTION(
/* description */ (''),
/* implementation_level */ '2;1');

FILE_NAME(
/* name */ 'sr42-keyboard-top.step',
/* time_stamp */ '2026-01-17T21:57:32+11:00',
/* author */ (''),
/* organization */ (''),
/* preprocessor_version */ 'ST-DEVELOPER v20.1',
/* originating_system */ 'Autodesk Translation Framework v14.21.0.0',
/* authorisation */ '');

FILE_SCHEMA (('AUTOMOTIVE_DESIGN { 1 0 10303 214 3 1 1 }'));
ENDSEC;

DATA;
#10=MECHANICAL_DESIGN_GEOMETRIC_PRESENTATION_REPRESENTATION('',(#13),#5423);
#11=SHAPE_REPRESENTATION_RELATIONSHIP('SRR','None',#5429,#12);
#12=ADVANCED_BREP_SHAPE_REPRESENTATION('',(#14),#5422);
#13=STYLED_ITEM('',(#5439),#14);
#14=MANIFOLD_SOLID_BREP('Top',#3067);
#15=CONICAL_SURFACE('',#3242,8.5,0.785398163397447);
#16=CONICAL_SURFACE('',#3245,8.5,0.785398163397447);
#17=CONICAL_SURFACE('',#3248,8.5,0.785398163397447);
#18=CONICAL_SURFACE('',#3252,8.5,0.785398163397447);
#19=CONICAL_SURFACE('',#3395,1.25,1.02974425867665);
#20=CONICAL_SURFACE('',#3398,1.25,1.02974425867665);
#21=CONICAL_SURFACE('',#3402,0.75,1.02974425867665);
#22=CONICAL_SURFACE('',#3405,0.75,1.02974425867665);
#23=CONICAL_SURFACE('',#3408,0.75,1.02974425867665);
#24=CONICAL_SURFACE('',#3411,0.75,1.02974425867665);
#25=ELLIPSE('',#3099,9.79082947882404,9.5);
#26=ELLIPSE('',#3101,10.2766892471948,10.);
#27=ELLIPSE('',#3104,10.2766892471948,10.);
#28=ELLIPSE('',#3105,9.79082947882404,9.5);
#29=B_SPLINE_SURFACE_WITH_KNOTS('',3,3,((#4488,#4489,#4490,#4491,#4492,
#4493),(#4494,#4495,#4496,#4497,#4498,#4499),(#4500,#4501,#4502,#4503,#4504,
#4505),(#4506,#4507,#4508,#4509,#4510,#4511),(#4512,#4513,#4514,#4515,#4516,
#4517)),.UNSPECIFIED.,.F.,.F.,.F.,(4,1,4),(4,1,1,4),(0.,0.5,1.),(-1.47807266580317,
-0.844612951887526,-0.422306475943763,0.),.UNSPECIFIED.);
#30=B_SPLINE_SURFACE_WITH_KNOTS('',3,3,((#4574,#4575,#4576,#4577,#4578,
#4579),(#4580,#4581,#4582,#4583,#4584,#4585),(#4586,#4587,#4588,#4589,#4590,
#4591),(#4592,#4593,#4594,#4595,#4596,#4597),(#4598,#4599,#4600,#4601,#4602,
#4603)),.UNSPECIFIED.,.F.,.F.,.F.,(4,1,4),(4,1,1,4),(0.,0.5,1.),(0.,0.422306475943763,
0.844612951887526,1.47807266580317),.UNSPECIFIED.);
#31=B_SPLINE_CURVE_WITH_KNOTS('',3,(#4441,#4442,#4443,#4444,#4445,#4446,
#4447,#4448,#4449,#4450,#4451,#4452,#4453,#4454,#4455,#4456,#4457,#4458,
#4459,#4460,#4461,#4462,#4463,#4464,#4465,#4466,#4467,#4468,#4469,#4470,
#4471,#4472,#4473,#4474,#4475,#4476,#4477,#4478,#4479,#4480,#4481,#4482,
#4483),.UNSPECIFIED.,.F.,.F.,(4,3,3,3,3,3,3,3,3,3,3,3,3,3,4),(-0.0778758910859361,
-0.0775515991721609,-0.069697829140224,-0.0616690758433572,-0.0585220171993114,
-0.0505087714683814,-0.0426640433345605,-0.0388892166489554,-0.0388839707980807,
-0.0310351685143579,-0.0230454506542615,-0.0194003606114488,-0.0114137578295898,
-0.00359979242031858,0.),.UNSPECIFIED.);
#32=B_SPLINE_CURVE_WITH_KNOTS('',3,(#4484,#4485,#4486,#4487),
 .UNSPECIFIED.,.F.,.F.,(4,4),(0.20528986223453,0.206451467411382),
 .UNSPECIFIED.);
#33=B_SPLINE_CURVE_WITH_KNOTS('',3,(#4525,#4526,#4527,#4528,#4529,#4530,
#4531,#4532,#4533,#4534,#4535,#4536,#4537,#4538,#4539,#4540,#4541,#4542,
#4543,#4544,#4545,#4546,#4547,#4548,#4549,#4550,#4551,#4552,#4553,#4554,
#4555,#4556,#4557,#4558,#4559,#4560,#4561,#4562,#4563,#4564,#4565,#4566,
#4567),.UNSPECIFIED.,.F.,.F.,(4,3,3,3,3,3,3,3,3,3,3,3,3,3,4),(-0.000320088543757513,
0.,0.00785607813745206,0.0158872696832354,0.0190395719149473,0.0270552366730491,
0.0349023341907153,0.0386783378092581,0.0386836380376784,0.0465348104456547,
0.0545269402019782,0.0581731152228189,0.0661621289836844,0.0739784533780189,
0.07757934739677),.UNSPECIFIED.);
#34=B_SPLINE_CURVE_WITH_KNOTS('',3,(#4640,#4641,#4642,#4643),
 .UNSPECIFIED.,.F.,.F.,(4,4),(0.675469657792047,0.676631262968863),
 .UNSPECIFIED.);
#35=FACE_BOUND('',#305,.T.);
#36=FACE_BOUND('',#306,.T.);
#37=FACE_BOUND('',#371,.T.);
#38=FACE_BOUND('',#372,.T.);
#39=FACE_BOUND('',#386,.T.);
#40=FACE_BOUND('',#393,.T.);
#41=FACE_BOUND('',#394,.T.);
#42=FACE_BOUND('',#398,.T.);
#43=FACE_BOUND('',#399,.T.);
#44=FACE_BOUND('',#405,.T.);
#45=FACE_BOUND('',#409,.T.);
#46=FACE_BOUND('',#421,.T.);
#47=FACE_BOUND('',#427,.T.);
#48=FACE_BOUND('',#431,.T.);
#49=FACE_BOUND('',#439,.T.);
#50=FACE_BOUND('',#447,.T.);
#51=FACE_BOUND('',#455,.T.);
#52=FACE_BOUND('',#457,.T.);
#53=FACE_BOUND('',#465,.T.);
#54=FACE_BOUND('',#467,.T.);
#55=FACE_BOUND('',#469,.T.);
#56=PLANE('',#3082);
#57=PLANE('',#3123);
#58=PLANE('',#3126);
#59=PLANE('',#3129);
#60=PLANE('',#3173);
#61=PLANE('',#3176);
#62=PLANE('',#3177);
#63=PLANE('',#3180);
#64=PLANE('',#3183);
#65=PLANE('',#3187);
#66=PLANE('',#3191);
#67=PLANE('',#3195);
#68=PLANE('',#3199);
#69=PLANE('',#3206);
#70=PLANE('',#3213);
#71=PLANE('',#3220);
#72=PLANE('',#3227);
#73=PLANE('',#3230);
#74=PLANE('',#3240);
#75=PLANE('',#3241);
#76=PLANE('',#3244);
#77=PLANE('',#3247);
#78=PLANE('',#3251);
#79=PLANE('',#3255);
#80=PLANE('',#3261);
#81=PLANE('',#3262);
#82=PLANE('',#3266);
#83=PLANE('',#3276);
#84=PLANE('',#3279);
#85=PLANE('',#3289);
#86=PLANE('',#3295);
#87=PLANE('',#3306);
#88=PLANE('',#3314);
#89=PLANE('',#3317);
#90=PLANE('',#3320);
#91=PLANE('',#3324);
#92=PLANE('',#3327);
#93=PLANE('',#3330);
#94=PLANE('',#3332);
#95=PLANE('',#3335);
#96=PLANE('',#3341);
#97=PLANE('',#3344);
#98=PLANE('',#3346);
#99=PLANE('',#3349);
#100=PLANE('',#3352);
#101=PLANE('',#3366);
#102=PLANE('',#3368);
#103=PLANE('',#3369);
#104=PLANE('',#3370);
#105=PLANE('',#3371);
#106=PLANE('',#3373);
#107=PLANE('',#3374);
#108=PLANE('',#3376);
#109=PLANE('',#3379);
#110=PLANE('',#3381);
#111=PLANE('',#3382);
#112=PLANE('',#3385);
#113=PLANE('',#3386);
#114=PLANE('',#3388);
#115=PLANE('',#3390);
#116=PLANE('',#3392);
#117=PLANE('',#3394);
#118=PLANE('',#3401);
#119=TOROIDAL_SURFACE('',#3078,1.5,0.5);
#120=TOROIDAL_SURFACE('',#3090,1.5,0.5);
#121=TOROIDAL_SURFACE('',#3095,9.5,0.5);
#122=TOROIDAL_SURFACE('',#3108,9.5,0.5);
#123=TOROIDAL_SURFACE('',#3114,9.5,0.5);
#124=TOROIDAL_SURFACE('',#3120,9.5,0.5);
#125=TOROIDAL_SURFACE('',#3130,2.5,0.5);
#126=TOROIDAL_SURFACE('',#3137,2.5,0.5);
#127=TOROIDAL_SURFACE('',#3143,2.5,0.5);
#128=TOROIDAL_SURFACE('',#3149,2.5,0.5);
#129=TOROIDAL_SURFACE('',#3154,1.5,0.5);
#130=TOROIDAL_SURFACE('',#3159,1.5,0.5);
#131=TOROIDAL_SURFACE('',#3164,2.5,0.5);
#132=TOROIDAL_SURFACE('',#3168,2.5,0.5);
#133=FACE_OUTER_BOUND('',#300,.T.);
#134=FACE_OUTER_BOUND('',#301,.T.);
#135=FACE_OUTER_BOUND('',#302,.T.);
#136=FACE_OUTER_BOUND('',#303,.T.);
#137=FACE_OUTER_BOUND('',#304,.T.);
#138=FACE_OUTER_BOUND('',#307,.T.);
#139=FACE_OUTER_BOUND('',#308,.T.);
#140=FACE_OUTER_BOUND('',#309,.T.);
#141=FACE_OUTER_BOUND('',#310,.T.);
#142=FACE_OUTER_BOUND('',#311,.T.);
#143=FACE_OUTER_BOUND('',#312,.T.);
#144=FACE_OUTER_BOUND('',#313,.T.);
#145=FACE_OUTER_BOUND('',#314,.T.);
#146=FACE_OUTER_BOUND('',#315,.T.);
#147=FACE_OUTER_BOUND('',#316,.T.);
#148=FACE_OUTER_BOUND('',#317,.T.);
#149=FACE_OUTER_BOUND('',#318,.T.);
#150=FACE_OUTER_BOUND('',#319,.T.);
#151=FACE_OUTER_BOUND('',#320,.T.);
#152=FACE_OUTER_BOUND('',#321,.T.);
#153=FACE_OUTER_BOUND('',#322,.T.);
#154=FACE_OUTER_BOUND('',#323,.T.);
#155=FACE_OUTER_BOUND('',#324,.T.);
#156=FACE_OUTER_BOUND('',#325,.T.);
#157=FACE_OUTER_BOUND('',#326,.T.);
#158=FACE_OUTER_BOUND('',#327,.T.);
#159=FACE_OUTER_BOUND('',#328,.T.);
#160=FACE_OUTER_BOUND('',#329,.T.);
#161=FACE_OUTER_BOUND('',#330,.T.);
#162=FACE_OUTER_BOUND('',#331,.T.);
#163=FACE_OUTER_BOUND('',#332,.T.);
#164=FACE_OUTER_BOUND('',#333,.T.);
#165=FACE_OUTER_BOUND('',#334,.T.);
#166=FACE_OUTER_BOUND('',#335,.T.);
#167=FACE_OUTER_BOUND('',#336,.T.);
#168=FACE_OUTER_BOUND('',#337,.T.);
#169=FACE_OUTER_BOUND('',#338,.T.);
#170=FACE_OUTER_BOUND('',#339,.T.);
#171=FACE_OUTER_BOUND('',#340,.T.);
#172=FACE_OUTER_BOUND('',#341,.T.);
#173=FACE_OUTER_BOUND('',#342,.T.);
#174=FACE_OUTER_BOUND('',#343,.T.);
#175=FACE_OUTER_BOUND('',#344,.T.);
#176=FACE_OUTER_BOUND('',#345,.T.);
#177=FACE_OUTER_BOUND('',#346,.T.);
#178=FACE_OUTER_BOUND('',#347,.T.);
#179=FACE_OUTER_BOUND('',#348,.T.);
#180=FACE_OUTER_BOUND('',#349,.T.);
#181=FACE_OUTER_BOUND('',#350,.T.);
#182=FACE_OUTER_BOUND('',#351,.T.);
#183=FACE_OUTER_BOUND('',#352,.T.);
#184=FACE_OUTER_BOUND('',#353,.T.);
#185=FACE_OUTER_BOUND('',#354,.T.);
#186=FACE_OUTER_BOUND('',#355,.T.);
#187=FACE_OUTER_BOUND('',#356,.T.);
#188=FACE_OUTER_BOUND('',#357,.T.);
#189=FACE_OUTER_BOUND('',#358,.T.);
#190=FACE_OUTER_BOUND('',#359,.T.);
#191=FACE_OUTER_BOUND('',#360,.T.);
#192=FACE_OUTER_BOUND('',#361,.T.);
#193=FACE_OUTER_BOUND('',#362,.T.);
#194=FACE_OUTER_BOUND('',#363,.T.);
#195=FACE_OUTER_BOUND('',#364,.T.);
#196=FACE_OUTER_BOUND('',#365,.T.);
#197=FACE_OUTER_BOUND('',#366,.T.);
#198=FACE_OUTER_BOUND('',#367,.T.);
#199=FACE_OUTER_BOUND('',#368,.T.);
#200=FACE_OUTER_BOUND('',#369,.T.);
#201=FACE_OUTER_BOUND('',#370,.T.);
#202=FACE_OUTER_BOUND('',#373,.T.);
#203=FACE_OUTER_BOUND('',#374,.T.);
#204=FACE_OUTER_BOUND('',#375,.T.);
#205=FACE_OUTER_BOUND('',#376,.T.);
#206=FACE_OUTER_BOUND('',#377,.T.);
#207=FACE_OUTER_BOUND('',#378,.T.);
#208=FACE_OUTER_BOUND('',#379,.T.);
#209=FACE_OUTER_BOUND('',#380,.T.);
#210=FACE_OUTER_BOUND('',#381,.T.);
#211=FACE_OUTER_BOUND('',#382,.T.);
#212=FACE_OUTER_BOUND('',#383,.T.);
#213=FACE_OUTER_BOUND('',#384,.T.);
#214=FACE_OUTER_BOUND('',#385,.T.);
#215=FACE_OUTER_BOUND('',#387,.T.);
#216=FACE_OUTER_BOUND('',#388,.T.);
#217=FACE_OUTER_BOUND('',#389,.T.);
#218=FACE_OUTER_BOUND('',#390,.T.);
#219=FACE_OUTER_BOUND('',#391,.T.);
#220=FACE_OUTER_BOUND('',#392,.T.);
#221=FACE_OUTER_BOUND('',#395,.T.);
#222=FACE_OUTER_BOUND('',#396,.T.);
#223=FACE_OUTER_BOUND('',#397,.T.);
#224=FACE_OUTER_BOUND('',#400,.T.);
#225=FACE_OUTER_BOUND('',#401,.T.);
#226=FACE_OUTER_BOUND('',#402,.T.);
#227=FACE_OUTER_BOUND('',#403,.T.);
#228=FACE_OUTER_BOUND('',#404,.T.);
#229=FACE_OUTER_BOUND('',#406,.T.);
#230=FACE_OUTER_BOUND('',#407,.T.);
#231=FACE_OUTER_BOUND('',#408,.T.);
#232=FACE_OUTER_BOUND('',#410,.T.);
#233=FACE_OUTER_BOUND('',#411,.T.);
#234=FACE_OUTER_BOUND('',#412,.T.);
#235=FACE_OUTER_BOUND('',#413,.T.);
#236=FACE_OUTER_BOUND('',#414,.T.);
#237=FACE_OUTER_BOUND('',#415,.T.);
#238=FACE_OUTER_BOUND('',#416,.T.);
#239=FACE_OUTER_BOUND('',#417,.T.);
#240=FACE_OUTER_BOUND('',#418,.T.);
#241=FACE_OUTER_BOUND('',#419,.T.);
#242=FACE_OUTER_BOUND('',#420,.T.);
#243=FACE_OUTER_BOUND('',#422,.T.);
#244=FACE_OUTER_BOUND('',#423,.T.);
#245=FACE_OUTER_BOUND('',#424,.T.);
#246=FACE_OUTER_BOUND('',#425,.T.);
#247=FACE_OUTER_BOUND('',#426,.T.);
#248=FACE_OUTER_BOUND('',#428,.T.);
#249=FACE_OUTER_BOUND('',#429,.T.);
#250=FACE_OUTER_BOUND('',#430,.T.);
#251=FACE_OUTER_BOUND('',#432,.T.);
#252=FACE_OUTER_BOUND('',#433,.T.);
#253=FACE_OUTER_BOUND('',#434,.T.);
#254=FACE_OUTER_BOUND('',#435,.T.);
#255=FACE_OUTER_BOUND('',#436,.T.);
#256=FACE_OUTER_BOUND('',#437,.T.);
#257=FACE_OUTER_BOUND('',#438,.T.);
#258=FACE_OUTER_BOUND('',#440,.T.);
#259=FACE_OUTER_BOUND('',#441,.T.);
#260=FACE_OUTER_BOUND('',#442,.T.);
#261=FACE_OUTER_BOUND('',#443,.T.);
#262=FACE_OUTER_BOUND('',#444,.T.);
#263=FACE_OUTER_BOUND('',#445,.T.);
#264=FACE_OUTER_BOUND('',#446,.T.);
#265=FACE_OUTER_BOUND('',#448,.T.);
#266=FACE_OUTER_BOUND('',#449,.T.);
#267=FACE_OUTER_BOUND('',#450,.T.);
#268=FACE_OUTER_BOUND('',#451,.T.);
#269=FACE_OUTER_BOUND('',#452,.T.);
#270=FACE_OUTER_BOUND('',#453,.T.);
#271=FACE_OUTER_BOUND('',#454,.T.);
#272=FACE_OUTER_BOUND('',#456,.T.);
#273=FACE_OUTER_BOUND('',#458,.T.);
#274=FACE_OUTER_BOUND('',#459,.T.);
#275=FACE_OUTER_BOUND('',#460,.T.);
#276=FACE_OUTER_BOUND('',#461,.T.);
#277=FACE_OUTER_BOUND('',#462,.T.);
#278=FACE_OUTER_BOUND('',#463,.T.);
#279=FACE_OUTER_BOUND('',#464,.T.);
#280=FACE_OUTER_BOUND('',#466,.T.);
#281=FACE_OUTER_BOUND('',#468,.T.);
#282=FACE_OUTER_BOUND('',#470,.T.);
#283=FACE_OUTER_BOUND('',#471,.T.);
#284=FACE_OUTER_BOUND('',#472,.T.);
#285=FACE_OUTER_BOUND('',#473,.T.);
#286=FACE_OUTER_BOUND('',#474,.T.);
#287=FACE_OUTER_BOUND('',#475,.T.);
#288=FACE_OUTER_BOUND('',#476,.T.);
#289=FACE_OUTER_BOUND('',#477,.T.);
#290=FACE_OUTER_BOUND('',#478,.T.);
#291=FACE_OUTER_BOUND('',#479,.T.);
#292=FACE_OUTER_BOUND('',#480,.T.);
#293=FACE_OUTER_BOUND('',#481,.T.);
#294=FACE_OUTER_BOUND('',#482,.T.);
#295=FACE_OUTER_BOUND('',#483,.T.);
#296=FACE_OUTER_BOUND('',#484,.T.);
#297=FACE_OUTER_BOUND('',#485,.T.);
#298=FACE_OUTER_BOUND('',#486,.T.);
#299=FACE_OUTER_BOUND('',#487,.T.);
#300=EDGE_LOOP('',(#1926,#1927,#1928,#1929));
#301=EDGE_LOOP('',(#1930,#1931,#1932,#1933));
#302=EDGE_LOOP('',(#1934,#1935,#1936,#1937));
#303=EDGE_LOOP('',(#1938,#1939,#1940,#1941));
#304=EDGE_LOOP('',(#1942,#1943,#1944,#1945,#1946,#1947,#1948,#1949));
#305=EDGE_LOOP('',(#1950));
#306=EDGE_LOOP('',(#1951));
#307=EDGE_LOOP('',(#1952,#1953,#1954,#1955));
#308=EDGE_LOOP('',(#1956,#1957,#1958,#1959));
#309=EDGE_LOOP('',(#1960,#1961,#1962,#1963));
#310=EDGE_LOOP('',(#1964,#1965,#1966,#1967,#1968));
#311=EDGE_LOOP('',(#1969,#1970,#1971,#1972));
#312=EDGE_LOOP('',(#1973,#1974,#1975,#1976));
#313=EDGE_LOOP('',(#1977,#1978,#1979,#1980));
#314=EDGE_LOOP('',(#1981,#1982,#1983,#1984));
#315=EDGE_LOOP('',(#1985,#1986,#1987,#1988));
#316=EDGE_LOOP('',(#1989,#1990,#1991,#1992));
#317=EDGE_LOOP('',(#1993,#1994,#1995,#1996));
#318=EDGE_LOOP('',(#1997,#1998,#1999,#2000));
#319=EDGE_LOOP('',(#2001,#2002,#2003,#2004,#2005));
#320=EDGE_LOOP('',(#2006,#2007,#2008,#2009));
#321=EDGE_LOOP('',(#2010,#2011,#2012,#2013));
#322=EDGE_LOOP('',(#2014,#2015,#2016,#2017));
#323=EDGE_LOOP('',(#2018,#2019,#2020,#2021,#2022));
#324=EDGE_LOOP('',(#2023,#2024,#2025,#2026,#2027,#2028,#2029,#2030,#2031,
#2032));
#325=EDGE_LOOP('',(#2033,#2034,#2035,#2036));
#326=EDGE_LOOP('',(#2037,#2038,#2039,#2040));
#327=EDGE_LOOP('',(#2041,#2042,#2043,#2044));
#328=EDGE_LOOP('',(#2045,#2046,#2047,#2048));
#329=EDGE_LOOP('',(#2049,#2050,#2051,#2052));
#330=EDGE_LOOP('',(#2053,#2054,#2055,#2056));
#331=EDGE_LOOP('',(#2057,#2058,#2059,#2060));
#332=EDGE_LOOP('',(#2061,#2062,#2063,#2064));
#333=EDGE_LOOP('',(#2065,#2066,#2067,#2068));
#334=EDGE_LOOP('',(#2069,#2070,#2071,#2072));
#335=EDGE_LOOP('',(#2073,#2074,#2075,#2076));
#336=EDGE_LOOP('',(#2077,#2078,#2079,#2080));
#337=EDGE_LOOP('',(#2081,#2082,#2083,#2084));
#338=EDGE_LOOP('',(#2085,#2086,#2087,#2088));
#339=EDGE_LOOP('',(#2089,#2090,#2091,#2092));
#340=EDGE_LOOP('',(#2093,#2094,#2095,#2096));
#341=EDGE_LOOP('',(#2097,#2098,#2099,#2100));
#342=EDGE_LOOP('',(#2101,#2102,#2103,#2104));
#343=EDGE_LOOP('',(#2105,#2106,#2107,#2108,#2109,#2110));
#344=EDGE_LOOP('',(#2111,#2112,#2113,#2114,#2115,#2116,#2117,#2118,#2119,
#2120));
#345=EDGE_LOOP('',(#2121,#2122,#2123,#2124));
#346=EDGE_LOOP('',(#2125,#2126,#2127,#2128));
#347=EDGE_LOOP('',(#2129,#2130,#2131,#2132));
#348=EDGE_LOOP('',(#2133,#2134,#2135,#2136,#2137,#2138,#2139,#2140,#2141,
#2142,#2143,#2144,#2145,#2146,#2147,#2148));
#349=EDGE_LOOP('',(#2149,#2150,#2151,#2152));
#350=EDGE_LOOP('',(#2153,#2154,#2155,#2156,#2157,#2158,#2159,#2160,#2161,
#2162,#2163,#2164,#2165,#2166,#2167,#2168,#2169,#2170));
#351=EDGE_LOOP('',(#2171,#2172,#2173,#2174));
#352=EDGE_LOOP('',(#2175,#2176,#2177,#2178));
#353=EDGE_LOOP('',(#2179,#2180,#2181,#2182));
#354=EDGE_LOOP('',(#2183,#2184,#2185,#2186,#2187,#2188,#2189,#2190,#2191,
#2192,#2193,#2194,#2195,#2196,#2197,#2198,#2199,#2200,#2201,#2202,#2203,
#2204,#2205,#2206,#2207,#2208,#2209,#2210));
#355=EDGE_LOOP('',(#2211,#2212,#2213,#2214));
#356=EDGE_LOOP('',(#2215,#2216,#2217,#2218));
#357=EDGE_LOOP('',(#2219,#2220,#2221,#2222));
#358=EDGE_LOOP('',(#2223,#2224,#2225,#2226));
#359=EDGE_LOOP('',(#2227,#2228,#2229,#2230));
#360=EDGE_LOOP('',(#2231,#2232,#2233,#2234));
#361=EDGE_LOOP('',(#2235,#2236,#2237,#2238));
#362=EDGE_LOOP('',(#2239,#2240,#2241,#2242));
#363=EDGE_LOOP('',(#2243,#2244,#2245,#2246));
#364=EDGE_LOOP('',(#2247,#2248,#2249,#2250));
#365=EDGE_LOOP('',(#2251,#2252,#2253,#2254));
#366=EDGE_LOOP('',(#2255,#2256,#2257,#2258));
#367=EDGE_LOOP('',(#2259,#2260,#2261,#2262));
#368=EDGE_LOOP('',(#2263,#2264,#2265,#2266));
#369=EDGE_LOOP('',(#2267,#2268,#2269,#2270));
#370=EDGE_LOOP('',(#2271,#2272,#2273,#2274,#2275,#2276,#2277,#2278,#2279,
#2280,#2281));
#371=EDGE_LOOP('',(#2282));
#372=EDGE_LOOP('',(#2283));
#373=EDGE_LOOP('',(#2284,#2285,#2286,#2287));
#374=EDGE_LOOP('',(#2288,#2289,#2290,#2291));
#375=EDGE_LOOP('',(#2292,#2293,#2294,#2295));
#376=EDGE_LOOP('',(#2296,#2297,#2298,#2299));
#377=EDGE_LOOP('',(#2300,#2301,#2302,#2303));
#378=EDGE_LOOP('',(#2304,#2305,#2306,#2307));
#379=EDGE_LOOP('',(#2308,#2309,#2310,#2311));
#380=EDGE_LOOP('',(#2312,#2313,#2314,#2315));
#381=EDGE_LOOP('',(#2316,#2317,#2318,#2319));
#382=EDGE_LOOP('',(#2320,#2321,#2322,#2323));
#383=EDGE_LOOP('',(#2324,#2325,#2326,#2327));
#384=EDGE_LOOP('',(#2328,#2329,#2330,#2331));
#385=EDGE_LOOP('',(#2332,#2333,#2334,#2335,#2336,#2337,#2338,#2339));
#386=EDGE_LOOP('',(#2340,#2341,#2342,#2343,#2344,#2345,#2346,#2347));
#387=EDGE_LOOP('',(#2348,#2349,#2350,#2351));
#388=EDGE_LOOP('',(#2352,#2353,#2354,#2355));
#389=EDGE_LOOP('',(#2356,#2357,#2358,#2359));
#390=EDGE_LOOP('',(#2360,#2361,#2362,#2363,#2364));
#391=EDGE_LOOP('',(#2365,#2366,#2367,#2368));
#392=EDGE_LOOP('',(#2369,#2370,#2371,#2372,#2373,#2374,#2375,#2376,#2377,
#2378,#2379,#2380,#2381,#2382,#2383,#2384,#2385,#2386,#2387,#2388,#2389,
#2390,#2391,#2392,#2393,#2394,#2395,#2396));
#393=EDGE_LOOP('',(#2397));
#394=EDGE_LOOP('',(#2398));
#395=EDGE_LOOP('',(#2399,#2400,#2401,#2402));
#396=EDGE_LOOP('',(#2403,#2404,#2405,#2406));
#397=EDGE_LOOP('',(#2407,#2408,#2409,#2410,#2411,#2412,#2413,#2414,#2415,
#2416,#2417,#2418,#2419,#2420,#2421,#2422,#2423,#2424,#2425,#2426,#2427,
#2428,#2429,#2430,#2431,#2432,#2433,#2434));
#398=EDGE_LOOP('',(#2435));
#399=EDGE_LOOP('',(#2436));
#400=EDGE_LOOP('',(#2437,#2438,#2439,#2440));
#401=EDGE_LOOP('',(#2441,#2442,#2443,#2444));
#402=EDGE_LOOP('',(#2445,#2446,#2447,#2448));
#403=EDGE_LOOP('',(#2449,#2450,#2451,#2452));
#404=EDGE_LOOP('',(#2453,#2454,#2455,#2456,#2457,#2458,#2459,#2460,#2461,
#2462,#2463,#2464,#2465,#2466));
#405=EDGE_LOOP('',(#2467));
#406=EDGE_LOOP('',(#2468,#2469,#2470,#2471));
#407=EDGE_LOOP('',(#2472,#2473,#2474,#2475));
#408=EDGE_LOOP('',(#2476,#2477,#2478,#2479,#2480,#2481,#2482,#2483,#2484,
#2485,#2486,#2487,#2488,#2489,#2490,#2491,#2492,#2493));
#409=EDGE_LOOP('',(#2494));
#410=EDGE_LOOP('',(#2495,#2496,#2497,#2498));
#411=EDGE_LOOP('',(#2499,#2500,#2501,#2502));
#412=EDGE_LOOP('',(#2503,#2504,#2505,#2506));
#413=EDGE_LOOP('',(#2507,#2508,#2509,#2510));
#414=EDGE_LOOP('',(#2511,#2512,#2513,#2514));
#415=EDGE_LOOP('',(#2515,#2516,#2517,#2518));
#416=EDGE_LOOP('',(#2519,#2520,#2521,#2522));
#417=EDGE_LOOP('',(#2523,#2524,#2525,#2526));
#418=EDGE_LOOP('',(#2527,#2528,#2529,#2530,#2531,#2532));
#419=EDGE_LOOP('',(#2533,#2534,#2535,#2536));
#420=EDGE_LOOP('',(#2537,#2538,#2539,#2540,#2541,#2542,#2543,#2544));
#421=EDGE_LOOP('',(#2545));
#422=EDGE_LOOP('',(#2546,#2547,#2548,#2549,#2550,#2551,#2552,#2553,#2554,
#2555,#2556,#2557));
#423=EDGE_LOOP('',(#2558,#2559,#2560,#2561));
#424=EDGE_LOOP('',(#2562,#2563,#2564,#2565));
#425=EDGE_LOOP('',(#2566,#2567,#2568,#2569));
#426=EDGE_LOOP('',(#2570,#2571,#2572,#2573,#2574,#2575,#2576,#2577));
#427=EDGE_LOOP('',(#2578));
#428=EDGE_LOOP('',(#2579,#2580,#2581,#2582));
#429=EDGE_LOOP('',(#2583,#2584,#2585,#2586));
#430=EDGE_LOOP('',(#2587,#2588,#2589,#2590,#2591,#2592,#2593,#2594));
#431=EDGE_LOOP('',(#2595));
#432=EDGE_LOOP('',(#2596,#2597,#2598,#2599,#2600,#2601,#2602,#2603,#2604,
#2605,#2606,#2607));
#433=EDGE_LOOP('',(#2608,#2609,#2610,#2611));
#434=EDGE_LOOP('',(#2612,#2613,#2614,#2615));
#435=EDGE_LOOP('',(#2616,#2617,#2618,#2619));
#436=EDGE_LOOP('',(#2620,#2621,#2622,#2623));
#437=EDGE_LOOP('',(#2624,#2625,#2626,#2627));
#438=EDGE_LOOP('',(#2628,#2629,#2630,#2631,#2632,#2633,#2634,#2635,#2636,
#2637,#2638));
#439=EDGE_LOOP('',(#2639));
#440=EDGE_LOOP('',(#2640,#2641,#2642,#2643));
#441=EDGE_LOOP('',(#2644,#2645,#2646,#2647));
#442=EDGE_LOOP('',(#2648,#2649,#2650,#2651));
#443=EDGE_LOOP('',(#2652,#2653,#2654,#2655));
#444=EDGE_LOOP('',(#2656,#2657,#2658,#2659));
#445=EDGE_LOOP('',(#2660,#2661,#2662,#2663));
#446=EDGE_LOOP('',(#2664,#2665,#2666,#2667,#2668,#2669));
#447=EDGE_LOOP('',(#2670));
#448=EDGE_LOOP('',(#2671,#2672,#2673,#2674));
#449=EDGE_LOOP('',(#2675,#2676,#2677,#2678));
#450=EDGE_LOOP('',(#2679,#2680,#2681,#2682));
#451=EDGE_LOOP('',(#2683,#2684,#2685,#2686));
#452=EDGE_LOOP('',(#2687,#2688,#2689,#2690));
#453=EDGE_LOOP('',(#2691,#2692,#2693,#2694));
#454=EDGE_LOOP('',(#2695,#2696,#2697,#2698,#2699,#2700));
#455=EDGE_LOOP('',(#2701));
#456=EDGE_LOOP('',(#2702,#2703,#2704,#2705,#2706,#2707));
#457=EDGE_LOOP('',(#2708));
#458=EDGE_LOOP('',(#2709,#2710,#2711,#2712));
#459=EDGE_LOOP('',(#2713,#2714,#2715,#2716));
#460=EDGE_LOOP('',(#2717,#2718,#2719,#2720));
#461=EDGE_LOOP('',(#2721,#2722,#2723,#2724));
#462=EDGE_LOOP('',(#2725,#2726,#2727,#2728));
#463=EDGE_LOOP('',(#2729,#2730,#2731,#2732));
#464=EDGE_LOOP('',(#2733,#2734,#2735,#2736,#2737,#2738));
#465=EDGE_LOOP('',(#2739));
#466=EDGE_LOOP('',(#2740,#2741,#2742,#2743,#2744,#2745));
#467=EDGE_LOOP('',(#2746));
#468=EDGE_LOOP('',(#2747,#2748,#2749,#2750,#2751,#2752));
#469=EDGE_LOOP('',(#2753));
#470=EDGE_LOOP('',(#2754,#2755,#2756,#2757));
#471=EDGE_LOOP('',(#2758,#2759,#2760,#2761));
#472=EDGE_LOOP('',(#2762,#2763,#2764,#2765));
#473=EDGE_LOOP('',(#2766,#2767,#2768,#2769));
#474=EDGE_LOOP('',(#2770,#2771,#2772,#2773));
#475=EDGE_LOOP('',(#2774,#2775,#2776,#2777));
#476=EDGE_LOOP('',(#2778,#2779,#2780,#2781));
#477=EDGE_LOOP('',(#2782,#2783,#2784,#2785));
#478=EDGE_LOOP('',(#2786,#2787,#2788,#2789));
#479=EDGE_LOOP('',(#2790,#2791,#2792,#2793));
#480=EDGE_LOOP('',(#2794,#2795,#2796));
#481=EDGE_LOOP('',(#2797,#2798,#2799,#2800));
#482=EDGE_LOOP('',(#2801,#2802,#2803));
#483=EDGE_LOOP('',(#2804,#2805,#2806,#2807));
#484=EDGE_LOOP('',(#2808,#2809,#2810));
#485=EDGE_LOOP('',(#2811,#2812,#2813,#2814));
#486=EDGE_LOOP('',(#2815,#2816,#2817));
#487=EDGE_LOOP('',(#2818,#2819,#2820,#2821));
#488=LINE('',#4376,#752);
#489=LINE('',#4379,#753);
#490=LINE('',#4385,#754);
#491=LINE('',#4388,#755);
#492=LINE('',#4393,#756);
#493=LINE('',#4406,#757);
#494=LINE('',#4410,#758);
#495=LINE('',#4414,#759);
#496=LINE('',#4417,#760);
#497=LINE('',#4423,#761);
#498=LINE('',#4431,#762);
#499=LINE('',#4572,#763);
#500=LINE('',#4573,#764);
#501=LINE('',#4610,#765);
#502=LINE('',#4611,#766);
#503=LINE('',#4622,#767);
#504=LINE('',#4623,#768);
#505=LINE('',#4634,#769);
#506=LINE('',#4635,#770);
#507=LINE('',#4646,#771);
#508=LINE('',#4648,#772);
#509=LINE('',#4649,#773);
#510=LINE('',#4652,#774);
#511=LINE('',#4656,#775);
#512=LINE('',#4657,#776);
#513=LINE('',#4660,#777);
#514=LINE('',#4664,#778);
#515=LINE('',#4665,#779);
#516=LINE('',#4667,#780);
#517=LINE('',#4668,#781);
#518=LINE('',#4682,#782);
#519=LINE('',#4683,#783);
#520=LINE('',#4694,#784);
#521=LINE('',#4695,#785);
#522=LINE('',#4704,#786);
#523=LINE('',#4712,#787);
#524=LINE('',#4720,#788);
#525=LINE('',#4727,#789);
#526=LINE('',#4733,#790);
#527=LINE('',#4741,#791);
#528=LINE('',#4742,#792);
#529=LINE('',#4745,#793);
#530=LINE('',#4747,#794);
#531=LINE('',#4748,#795);
#532=LINE('',#4751,#796);
#533=LINE('',#4754,#797);
#534=LINE('',#4755,#798);
#535=LINE('',#4758,#799);
#536=LINE('',#4760,#800);
#537=LINE('',#4762,#801);
#538=LINE('',#4764,#802);
#539=LINE('',#4766,#803);
#540=LINE('',#4768,#804);
#541=LINE('',#4770,#805);
#542=LINE('',#4771,#806);
#543=LINE('',#4774,#807);
#544=LINE('',#4778,#808);
#545=LINE('',#4779,#809);
#546=LINE('',#4782,#810);
#547=LINE('',#4790,#811);
#548=LINE('',#4793,#812);
#549=LINE('',#4796,#813);
#550=LINE('',#4798,#814);
#551=LINE('',#4800,#815);
#552=LINE('',#4802,#816);
#553=LINE('',#4804,#817);
#554=LINE('',#4806,#818);
#555=LINE('',#4808,#819);
#556=LINE('',#4810,#820);
#557=LINE('',#4812,#821);
#558=LINE('',#4814,#822);
#559=LINE('',#4816,#823);
#560=LINE('',#4817,#824);
#561=LINE('',#4819,#825);
#562=LINE('',#4821,#826);
#563=LINE('',#4823,#827);
#564=LINE('',#4824,#828);
#565=LINE('',#4830,#829);
#566=LINE('',#4833,#830);
#567=LINE('',#4836,#831);
#568=LINE('',#4838,#832);
#569=LINE('',#4839,#833);
#570=LINE('',#4845,#834);
#571=LINE('',#4848,#835);
#572=LINE('',#4851,#836);
#573=LINE('',#4853,#837);
#574=LINE('',#4855,#838);
#575=LINE('',#4857,#839);
#576=LINE('',#4859,#840);
#577=LINE('',#4861,#841);
#578=LINE('',#4863,#842);
#579=LINE('',#4865,#843);
#580=LINE('',#4867,#844);
#581=LINE('',#4869,#845);
#582=LINE('',#4871,#846);
#583=LINE('',#4873,#847);
#584=LINE('',#4875,#848);
#585=LINE('',#4877,#849);
#586=LINE('',#4879,#850);
#587=LINE('',#4881,#851);
#588=LINE('',#4883,#852);
#589=LINE('',#4885,#853);
#590=LINE('',#4887,#854);
#591=LINE('',#4889,#855);
#592=LINE('',#4891,#856);
#593=LINE('',#4892,#857);
#594=LINE('',#4893,#858);
#595=LINE('',#4894,#859);
#596=LINE('',#4899,#860);
#597=LINE('',#4903,#861);
#598=LINE('',#4905,#862);
#599=LINE('',#4906,#863);
#600=LINE('',#4912,#864);
#601=LINE('',#4917,#865);
#602=LINE('',#4921,#866);
#603=LINE('',#4923,#867);
#604=LINE('',#4924,#868);
#605=LINE('',#4930,#869);
#606=LINE('',#4935,#870);
#607=LINE('',#4939,#871);
#608=LINE('',#4941,#872);
#609=LINE('',#4942,#873);
#610=LINE('',#4948,#874);
#611=LINE('',#4953,#875);
#612=LINE('',#4957,#876);
#613=LINE('',#4959,#877);
#614=LINE('',#4960,#878);
#615=LINE('',#4966,#879);
#616=LINE('',#4971,#880);
#617=LINE('',#4975,#881);
#618=LINE('',#4977,#882);
#619=LINE('',#4978,#883);
#620=LINE('',#4982,#884);
#621=LINE('',#4985,#885);
#622=LINE('',#4989,#886);
#623=LINE('',#4996,#887);
#624=LINE('',#4999,#888);
#625=LINE('',#5003,#889);
#626=LINE('',#5005,#890);
#627=LINE('',#5008,#891);
#628=LINE('',#5010,#892);
#629=LINE('',#5011,#893);
#630=LINE('',#5014,#894);
#631=LINE('',#5018,#895);
#632=LINE('',#5019,#896);
#633=LINE('',#5022,#897);
#634=LINE('',#5027,#898);
#635=LINE('',#5028,#899);
#636=LINE('',#5029,#900);
#637=LINE('',#5034,#901);
#638=LINE('',#5039,#902);
#639=LINE('',#5040,#903);
#640=LINE('',#5041,#904);
#641=LINE('',#5048,#905);
#642=LINE('',#5052,#906);
#643=LINE('',#5056,#907);
#644=LINE('',#5060,#908);
#645=LINE('',#5063,#909);
#646=LINE('',#5065,#910);
#647=LINE('',#5067,#911);
#648=LINE('',#5073,#912);
#649=LINE('',#5074,#913);
#650=LINE('',#5077,#914);
#651=LINE('',#5081,#915);
#652=LINE('',#5085,#916);
#653=LINE('',#5089,#917);
#654=LINE('',#5092,#918);
#655=LINE('',#5096,#919);
#656=LINE('',#5099,#920);
#657=LINE('',#5105,#921);
#658=LINE('',#5110,#922);
#659=LINE('',#5111,#923);
#660=LINE('',#5114,#924);
#661=LINE('',#5118,#925);
#662=LINE('',#5122,#926);
#663=LINE('',#5126,#927);
#664=LINE('',#5129,#928);
#665=LINE('',#5133,#929);
#666=LINE('',#5136,#930);
#667=LINE('',#5142,#931);
#668=LINE('',#5144,#932);
#669=LINE('',#5146,#933);
#670=LINE('',#5151,#934);
#671=LINE('',#5156,#935);
#672=LINE('',#5160,#936);
#673=LINE('',#5164,#937);
#674=LINE('',#5167,#938);
#675=LINE('',#5173,#939);
#676=LINE('',#5179,#940);
#677=LINE('',#5182,#941);
#678=LINE('',#5186,#942);
#679=LINE('',#5190,#943);
#680=LINE('',#5193,#944);
#681=LINE('',#5195,#945);
#682=LINE('',#5196,#946);
#683=LINE('',#5199,#947);
#684=LINE('',#5204,#948);
#685=LINE('',#5208,#949);
#686=LINE('',#5209,#950);
#687=LINE('',#5212,#951);
#688=LINE('',#5216,#952);
#689=LINE('',#5217,#953);
#690=LINE('',#5221,#954);
#691=LINE('',#5224,#955);
#692=LINE('',#5225,#956);
#693=LINE('',#5228,#957);
#694=LINE('',#5231,#958);
#695=LINE('',#5234,#959);
#696=LINE('',#5235,#960);
#697=LINE('',#5239,#961);
#698=LINE('',#5242,#962);
#699=LINE('',#5245,#963);
#700=LINE('',#5250,#964);
#701=LINE('',#5252,#965);
#702=LINE('',#5253,#966);
#703=LINE('',#5254,#967);
#704=LINE('',#5256,#968);
#705=LINE('',#5269,#969);
#706=LINE('',#5270,#970);
#707=LINE('',#5273,#971);
#708=LINE('',#5276,#972);
#709=LINE('',#5277,#973);
#710=LINE('',#5281,#974);
#711=LINE('',#5283,#975);
#712=LINE('',#5285,#976);
#713=LINE('',#5286,#977);
#714=LINE('',#5288,#978);
#715=LINE('',#5293,#979);
#716=LINE('',#5295,#980);
#717=LINE('',#5304,#981);
#718=LINE('',#5308,#982);
#719=LINE('',#5312,#983);
#720=LINE('',#5316,#984);
#721=LINE('',#5320,#985);
#722=LINE('',#5324,#986);
#723=LINE('',#5327,#987);
#724=LINE('',#5331,#988);
#725=LINE('',#5332,#989);
#726=LINE('',#5335,#990);
#727=LINE('',#5336,#991);
#728=LINE('',#5338,#992);
#729=LINE('',#5340,#993);
#730=LINE('',#5345,#994);
#731=LINE('',#5349,#995);
#732=LINE('',#5352,#996);
#733=LINE('',#5354,#997);
#734=LINE('',#5359,#998);
#735=LINE('',#5360,#999);
#736=LINE('',#5366,#1000);
#737=LINE('',#5370,#1001);
#738=LINE('',#5373,#1002);
#739=LINE('',#5376,#1003);
#740=LINE('',#5382,#1004);
#741=LINE('',#5384,#1005);
#742=LINE('',#5388,#1006);
#743=LINE('',#5390,#1007);
#744=LINE('',#5396,#1008);
#745=LINE('',#5398,#1009);
#746=LINE('',#5403,#1010);
#747=LINE('',#5405,#1011);
#748=LINE('',#5410,#1012);
#749=LINE('',#5412,#1013);
#750=LINE('',#5417,#1014);
#751=LINE('',#5419,#1015);
#752=VECTOR('',#3420,2.);
#753=VECTOR('',#3423,2.);
#754=VECTOR('',#3428,10.);
#755=VECTOR('',#3431,10.);
#756=VECTOR('',#3436,10.);
#757=VECTOR('',#3451,10.);
#758=VECTOR('',#3454,10.);
#759=VECTOR('',#3457,10.);
#760=VECTOR('',#3460,10.);
#761=VECTOR('',#3467,1.);
#762=VECTOR('',#3478,1.);
#763=VECTOR('',#3497,10.);
#764=VECTOR('',#3498,10.);
#765=VECTOR('',#3507,10.);
#766=VECTOR('',#3508,10.);
#767=VECTOR('',#3521,10.);
#768=VECTOR('',#3522,10.);
#769=VECTOR('',#3535,10.);
#770=VECTOR('',#3536,10.);
#771=VECTOR('',#3545,10.);
#772=VECTOR('',#3546,10.);
#773=VECTOR('',#3547,10.);
#774=VECTOR('',#3550,10.);
#775=VECTOR('',#3555,10.);
#776=VECTOR('',#3556,10.);
#777=VECTOR('',#3559,10.);
#778=VECTOR('',#3564,10.);
#779=VECTOR('',#3565,10.);
#780=VECTOR('',#3566,10.);
#781=VECTOR('',#3567,10.);
#782=VECTOR('',#3582,10.);
#783=VECTOR('',#3583,10.);
#784=VECTOR('',#3596,10.);
#785=VECTOR('',#3597,10.);
#786=VECTOR('',#3610,10.);
#787=VECTOR('',#3621,10.);
#788=VECTOR('',#3632,10.);
#789=VECTOR('',#3643,10.);
#790=VECTOR('',#3652,10.);
#791=VECTOR('',#3663,10.);
#792=VECTOR('',#3664,10.);
#793=VECTOR('',#3667,10.);
#794=VECTOR('',#3668,10.);
#795=VECTOR('',#3669,10.);
#796=VECTOR('',#3672,10.);
#797=VECTOR('',#3677,10.);
#798=VECTOR('',#3678,10.);
#799=VECTOR('',#3681,10.);
#800=VECTOR('',#3682,10.);
#801=VECTOR('',#3683,10.);
#802=VECTOR('',#3684,10.);
#803=VECTOR('',#3685,10.);
#804=VECTOR('',#3686,10.);
#805=VECTOR('',#3687,10.);
#806=VECTOR('',#3688,10.);
#807=VECTOR('',#3691,10.);
#808=VECTOR('',#3696,10.);
#809=VECTOR('',#3697,10.);
#810=VECTOR('',#3700,10.);
#811=VECTOR('',#3709,10.);
#812=VECTOR('',#3712,10.);
#813=VECTOR('',#3715,10.);
#814=VECTOR('',#3716,10.);
#815=VECTOR('',#3717,10.);
#816=VECTOR('',#3718,10.);
#817=VECTOR('',#3719,10.);
#818=VECTOR('',#3720,10.);
#819=VECTOR('',#3721,10.);
#820=VECTOR('',#3722,10.);
#821=VECTOR('',#3723,10.);
#822=VECTOR('',#3724,10.);
#823=VECTOR('',#3725,10.);
#824=VECTOR('',#3726,10.);
#825=VECTOR('',#3727,10.);
#826=VECTOR('',#3728,10.);
#827=VECTOR('',#3729,10.);
#828=VECTOR('',#3730,10.);
#829=VECTOR('',#3735,10.);
#830=VECTOR('',#3738,10.);
#831=VECTOR('',#3741,10.);
#832=VECTOR('',#3742,10.);
#833=VECTOR('',#3743,10.);
#834=VECTOR('',#3748,10.);
#835=VECTOR('',#3751,10.);
#836=VECTOR('',#3754,10.);
#837=VECTOR('',#3755,10.);
#838=VECTOR('',#3756,10.);
#839=VECTOR('',#3757,10.);
#840=VECTOR('',#3758,10.);
#841=VECTOR('',#3759,10.);
#842=VECTOR('',#3760,10.);
#843=VECTOR('',#3761,10.);
#844=VECTOR('',#3762,10.);
#845=VECTOR('',#3763,10.);
#846=VECTOR('',#3764,10.);
#847=VECTOR('',#3765,10.);
#848=VECTOR('',#3766,10.);
#849=VECTOR('',#3767,10.);
#850=VECTOR('',#3768,10.);
#851=VECTOR('',#3769,10.);
#852=VECTOR('',#3770,10.);
#853=VECTOR('',#3771,10.);
#854=VECTOR('',#3772,10.);
#855=VECTOR('',#3773,10.);
#856=VECTOR('',#3774,10.);
#857=VECTOR('',#3775,10.);
#858=VECTOR('',#3776,10.);
#859=VECTOR('',#3777,10.);
#860=VECTOR('',#3782,10.);
#861=VECTOR('',#3787,10.);
#862=VECTOR('',#3788,10.);
#863=VECTOR('',#3789,10.);
#864=VECTOR('',#3796,10.);
#865=VECTOR('',#3801,10.);
#866=VECTOR('',#3806,10.);
#867=VECTOR('',#3807,10.);
#868=VECTOR('',#3808,10.);
#869=VECTOR('',#3815,10.);
#870=VECTOR('',#3820,10.);
#871=VECTOR('',#3825,10.);
#872=VECTOR('',#3826,10.);
#873=VECTOR('',#3827,10.);
#874=VECTOR('',#3834,10.);
#875=VECTOR('',#3839,10.);
#876=VECTOR('',#3844,10.);
#877=VECTOR('',#3845,10.);
#878=VECTOR('',#3846,10.);
#879=VECTOR('',#3853,10.);
#880=VECTOR('',#3858,10.);
#881=VECTOR('',#3863,10.);
#882=VECTOR('',#3864,10.);
#883=VECTOR('',#3865,10.);
#884=VECTOR('',#3870,10.);
#885=VECTOR('',#3873,10.);
#886=VECTOR('',#3878,10.);
#887=VECTOR('',#3885,10.);
#888=VECTOR('',#3890,10.);
#889=VECTOR('',#3895,10.);
#890=VECTOR('',#3898,10.);
#891=VECTOR('',#3901,10.);
#892=VECTOR('',#3902,10.);
#893=VECTOR('',#3903,10.);
#894=VECTOR('',#3906,10.);
#895=VECTOR('',#3911,10.);
#896=VECTOR('',#3912,10.);
#897=VECTOR('',#3915,10.);
#898=VECTOR('',#3920,10.);
#899=VECTOR('',#3921,10.);
#900=VECTOR('',#3922,10.);
#901=VECTOR('',#3927,10.);
#902=VECTOR('',#3932,10.);
#903=VECTOR('',#3933,10.);
#904=VECTOR('',#3934,10.);
#905=VECTOR('',#3943,10.);
#906=VECTOR('',#3946,10.);
#907=VECTOR('',#3949,10.);
#908=VECTOR('',#3952,10.);
#909=VECTOR('',#3957,10.);
#910=VECTOR('',#3960,10.);
#911=VECTOR('',#3963,10.);
#912=VECTOR('',#3970,10.);
#913=VECTOR('',#3971,10.);
#914=VECTOR('',#3974,10.);
#915=VECTOR('',#3977,10.);
#916=VECTOR('',#3980,10.);
#917=VECTOR('',#3985,10.);
#918=VECTOR('',#3988,10.);
#919=VECTOR('',#3991,10.);
#920=VECTOR('',#3994,10.);
#921=VECTOR('',#4001,10.);
#922=VECTOR('',#4006,10.);
#923=VECTOR('',#4007,10.);
#924=VECTOR('',#4010,10.);
#925=VECTOR('',#4013,10.);
#926=VECTOR('',#4016,10.);
#927=VECTOR('',#4021,10.);
#928=VECTOR('',#4024,10.);
#929=VECTOR('',#4027,10.);
#930=VECTOR('',#4030,10.);
#931=VECTOR('',#4037,10.);
#932=VECTOR('',#4040,10.);
#933=VECTOR('',#4043,10.);
#934=VECTOR('',#4048,10.);
#935=VECTOR('',#4055,10.);
#936=VECTOR('',#4058,10.);
#937=VECTOR('',#4061,10.);
#938=VECTOR('',#4064,10.);
#939=VECTOR('',#4071,10.);
#940=VECTOR('',#4078,10.);
#941=VECTOR('',#4081,10.);
#942=VECTOR('',#4084,10.);
#943=VECTOR('',#4087,10.);
#944=VECTOR('',#4090,10.);
#945=VECTOR('',#4091,10.);
#946=VECTOR('',#4092,10.);
#947=VECTOR('',#4095,10.);
#948=VECTOR('',#4100,10.);
#949=VECTOR('',#4105,10.);
#950=VECTOR('',#4106,10.);
#951=VECTOR('',#4109,10.);
#952=VECTOR('',#4114,10.);
#953=VECTOR('',#4115,10.);
#954=VECTOR('',#4120,10.);
#955=VECTOR('',#4123,10.);
#956=VECTOR('',#4124,10.);
#957=VECTOR('',#4127,10.);
#958=VECTOR('',#4132,10.);
#959=VECTOR('',#4135,10.);
#960=VECTOR('',#4136,10.);
#961=VECTOR('',#4141,10.);
#962=VECTOR('',#4144,10.);
#963=VECTOR('',#4147,10.);
#964=VECTOR('',#4152,10.);
#965=VECTOR('',#4153,10.);
#966=VECTOR('',#4154,10.);
#967=VECTOR('',#4155,10.);
#968=VECTOR('',#4158,10.);
#969=VECTOR('',#4177,10.);
#970=VECTOR('',#4178,10.);
#971=VECTOR('',#4181,10.);
#972=VECTOR('',#4184,10.);
#973=VECTOR('',#4185,10.);
#974=VECTOR('',#4190,10.);
#975=VECTOR('',#4191,10.);
#976=VECTOR('',#4192,10.);
#977=VECTOR('',#4193,10.);
#978=VECTOR('',#4196,10.);
#979=VECTOR('',#4203,10.);
#980=VECTOR('',#4206,10.);
#981=VECTOR('',#4219,1.2);
#982=VECTOR('',#4224,1.2);
#983=VECTOR('',#4229,1.2);
#984=VECTOR('',#4234,1.2);
#985=VECTOR('',#4239,1.2);
#986=VECTOR('',#4244,1.2);
#987=VECTOR('',#4247,10.);
#988=VECTOR('',#4252,10.);
#989=VECTOR('',#4253,10.);
#990=VECTOR('',#4256,10.);
#991=VECTOR('',#4257,10.);
#992=VECTOR('',#4260,10.);
#993=VECTOR('',#4263,10.);
#994=VECTOR('',#4270,10.);
#995=VECTOR('',#4275,10.);
#996=VECTOR('',#4280,10.);
#997=VECTOR('',#4283,10.);
#998=VECTOR('',#4290,10.);
#999=VECTOR('',#4291,10.);
#1000=VECTOR('',#4300,10.);
#1001=VECTOR('',#4305,10.);
#1002=VECTOR('',#4310,10.);
#1003=VECTOR('',#4315,10.);
#1004=VECTOR('',#4324,1.25);
#1005=VECTOR('',#4327,2.5);
#1006=VECTOR('',#4332,1.25);
#1007=VECTOR('',#4335,2.5);
#1008=VECTOR('',#4342,0.75);
#1009=VECTOR('',#4345,1.5);
#1010=VECTOR('',#4350,0.75);
#1011=VECTOR('',#4353,1.5);
#1012=VECTOR('',#4358,0.75);
#1013=VECTOR('',#4361,1.5);
#1014=VECTOR('',#4366,0.75);
#1015=VECTOR('',#4369,1.5);
#1016=CIRCLE('',#3070,2.);
#1017=CIRCLE('',#3071,2.);
#1018=CIRCLE('',#3073,2.);
#1019=CIRCLE('',#3074,2.);
#1020=CIRCLE('',#3076,2.);
#1021=CIRCLE('',#3077,2.);
#1022=CIRCLE('',#3079,1.5);
#1023=CIRCLE('',#3080,0.5);
#1024=CIRCLE('',#3081,1.);
#1025=CIRCLE('',#3083,2.5);
#1026=CIRCLE('',#3084,2.5);
#1027=CIRCLE('',#3085,1.5);
#1028=CIRCLE('',#3086,1.5);
#1029=CIRCLE('',#3087,1.5);
#1030=CIRCLE('',#3089,1.);
#1031=CIRCLE('',#3091,0.5);
#1032=CIRCLE('',#3092,1.);
#1033=CIRCLE('',#3094,1.);
#1034=CIRCLE('',#3096,9.5);
#1035=CIRCLE('',#3097,0.5);
#1036=CIRCLE('',#3098,10.);
#1037=CIRCLE('',#3100,0.5);
#1038=CIRCLE('',#3103,0.5);
#1039=CIRCLE('',#3107,0.5);
#1040=CIRCLE('',#3109,0.5);
#1041=CIRCLE('',#3110,10.);
#1042=CIRCLE('',#3111,9.5);
#1043=CIRCLE('',#3113,0.5);
#1044=CIRCLE('',#3115,0.5);
#1045=CIRCLE('',#3116,10.);
#1046=CIRCLE('',#3117,9.5);
#1047=CIRCLE('',#3119,0.5);
#1048=CIRCLE('',#3121,10.);
#1049=CIRCLE('',#3122,9.5);
#1050=CIRCLE('',#3125,10.);
#1051=CIRCLE('',#3128,10.);
#1052=CIRCLE('',#3131,0.500000000000007);
#1053=CIRCLE('',#3132,2.5);
#1054=CIRCLE('',#3133,0.5);
#1055=CIRCLE('',#3134,2.);
#1056=CIRCLE('',#3136,0.5);
#1057=CIRCLE('',#3138,0.5);
#1058=CIRCLE('',#3139,2.);
#1059=CIRCLE('',#3140,2.5);
#1060=CIRCLE('',#3142,0.5);
#1061=CIRCLE('',#3144,0.5);
#1062=CIRCLE('',#3145,2.);
#1063=CIRCLE('',#3146,2.5);
#1064=CIRCLE('',#3148,0.5);
#1065=CIRCLE('',#3150,0.5);
#1066=CIRCLE('',#3151,2.);
#1067=CIRCLE('',#3153,0.5);
#1068=CIRCLE('',#3155,0.5);
#1069=CIRCLE('',#3156,2.);
#1070=CIRCLE('',#3158,0.5);
#1071=CIRCLE('',#3160,0.5);
#1072=CIRCLE('',#3161,2.);
#1073=CIRCLE('',#3163,0.5);
#1074=CIRCLE('',#3165,0.5);
#1075=CIRCLE('',#3167,0.5);
#1076=CIRCLE('',#3169,0.5);
#1077=CIRCLE('',#3170,2.);
#1078=CIRCLE('',#3171,2.5);
#1079=CIRCLE('',#3175,2.);
#1080=CIRCLE('',#3179,2.);
#1081=CIRCLE('',#3182,2.);
#1082=CIRCLE('',#3185,2.);
#1083=CIRCLE('',#3186,2.);
#1084=CIRCLE('',#3189,2.);
#1085=CIRCLE('',#3190,2.);
#1086=CIRCLE('',#3193,2.);
#1087=CIRCLE('',#3194,2.);
#1088=CIRCLE('',#3197,2.);
#1089=CIRCLE('',#3198,2.);
#1090=CIRCLE('',#3201,2.);
#1091=CIRCLE('',#3202,2.);
#1092=CIRCLE('',#3204,2.);
#1093=CIRCLE('',#3205,2.);
#1094=CIRCLE('',#3208,2.);
#1095=CIRCLE('',#3209,2.);
#1096=CIRCLE('',#3211,2.);
#1097=CIRCLE('',#3212,2.);
#1098=CIRCLE('',#3215,2.);
#1099=CIRCLE('',#3216,2.);
#1100=CIRCLE('',#3218,2.);
#1101=CIRCLE('',#3219,2.);
#1102=CIRCLE('',#3222,2.);
#1103=CIRCLE('',#3223,2.);
#1104=CIRCLE('',#3225,2.);
#1105=CIRCLE('',#3226,2.);
#1106=CIRCLE('',#3229,2.);
#1107=CIRCLE('',#3231,0.5);
#1108=CIRCLE('',#3232,2.);
#1109=CIRCLE('',#3233,2.5);
#1110=CIRCLE('',#3234,2.5);
#1111=CIRCLE('',#3236,2.);
#1112=CIRCLE('',#3239,2.);
#1113=CIRCLE('',#3243,7.00000000000001);
#1114=CIRCLE('',#3246,7.00000000000001);
#1115=CIRCLE('',#3249,10.);
#1116=CIRCLE('',#3250,7.00000000000001);
#1117=CIRCLE('',#3253,10.);
#1118=CIRCLE('',#3254,7.00000000000001);
#1119=CIRCLE('',#3256,6.5);
#1120=CIRCLE('',#3257,6.5);
#1121=CIRCLE('',#3258,6.5);
#1122=CIRCLE('',#3259,6.5);
#1123=CIRCLE('',#3265,6.5);
#1124=CIRCLE('',#3267,6.5);
#1125=CIRCLE('',#3268,3.);
#1126=CIRCLE('',#3269,0.5);
#1127=CIRCLE('',#3270,2.50000000000094);
#1128=CIRCLE('',#3271,2.50000000000092);
#1129=CIRCLE('',#3272,0.5);
#1130=CIRCLE('',#3273,3.);
#1131=CIRCLE('',#3274,1.2);
#1132=CIRCLE('',#3275,1.2);
#1133=CIRCLE('',#3278,6.5);
#1134=CIRCLE('',#3280,6.5);
#1135=CIRCLE('',#3281,3.);
#1136=CIRCLE('',#3282,0.5);
#1137=CIRCLE('',#3283,2.49999999999616);
#1138=CIRCLE('',#3284,2.50000000000168);
#1139=CIRCLE('',#3285,0.5);
#1140=CIRCLE('',#3286,3.);
#1141=CIRCLE('',#3287,1.2);
#1142=CIRCLE('',#3288,1.2);
#1143=CIRCLE('',#3293,0.5);
#1144=CIRCLE('',#3294,0.5);
#1145=CIRCLE('',#3296,2.5);
#1146=CIRCLE('',#3297,0.5);
#1147=CIRCLE('',#3298,3.);
#1148=CIRCLE('',#3299,3.);
#1149=CIRCLE('',#3300,1.2);
#1150=CIRCLE('',#3302,0.5);
#1151=CIRCLE('',#3304,0.5);
#1152=CIRCLE('',#3305,0.5);
#1153=CIRCLE('',#3307,3.);
#1154=CIRCLE('',#3308,3.);
#1155=CIRCLE('',#3309,0.5);
#1156=CIRCLE('',#3310,2.5);
#1157=CIRCLE('',#3311,1.2);
#1158=CIRCLE('',#3313,0.5);
#1159=CIRCLE('',#3316,0.5);
#1160=CIRCLE('',#3319,0.5);
#1161=CIRCLE('',#3322,0.5);
#1162=CIRCLE('',#3326,3.);
#1163=CIRCLE('',#3328,3.);
#1164=CIRCLE('',#3329,1.5);
#1165=CIRCLE('',#3334,3.);
#1166=CIRCLE('',#3336,3.);
#1167=CIRCLE('',#3337,1.5);
#1168=CIRCLE('',#3340,3.);
#1169=CIRCLE('',#3342,3.);
#1170=CIRCLE('',#3343,1.5);
#1171=CIRCLE('',#3348,3.);
#1172=CIRCLE('',#3351,3.);
#1173=CIRCLE('',#3353,1.5);
#1174=CIRCLE('',#3355,1.2);
#1175=CIRCLE('',#3357,1.2);
#1176=CIRCLE('',#3359,1.2);
#1177=CIRCLE('',#3361,1.2);
#1178=CIRCLE('',#3363,1.2);
#1179=CIRCLE('',#3365,1.2);
#1180=CIRCLE('',#3367,2.5);
#1181=CIRCLE('',#3375,2.49999999999616);
#1182=CIRCLE('',#3377,2.50000000000168);
#1183=CIRCLE('',#3384,2.5);
#1184=CIRCLE('',#3387,2.50000000000092);
#1185=CIRCLE('',#3389,2.50000000000094);
#1186=CIRCLE('',#3396,2.5);
#1187=CIRCLE('',#3399,2.5);
#1188=CIRCLE('',#3403,1.5);
#1189=CIRCLE('',#3406,1.5);
#1190=CIRCLE('',#3409,1.5);
#1191=CIRCLE('',#3412,1.5);
#1192=VERTEX_POINT('',#4372);
#1193=VERTEX_POINT('',#4373);
#1194=VERTEX_POINT('',#4375);
#1195=VERTEX_POINT('',#4377);
#1196=VERTEX_POINT('',#4381);
#1197=VERTEX_POINT('',#4382);
#1198=VERTEX_POINT('',#4384);
#1199=VERTEX_POINT('',#4386);
#1200=VERTEX_POINT('',#4390);
#1201=VERTEX_POINT('',#4392);
#1202=VERTEX_POINT('',#4396);
#1203=VERTEX_POINT('',#4398);
#1204=VERTEX_POINT('',#4402);
#1205=VERTEX_POINT('',#4403);
#1206=VERTEX_POINT('',#4405);
#1207=VERTEX_POINT('',#4407);
#1208=VERTEX_POINT('',#4409);
#1209=VERTEX_POINT('',#4411);
#1210=VERTEX_POINT('',#4413);
#1211=VERTEX_POINT('',#4415);
#1212=VERTEX_POINT('',#4418);
#1213=VERTEX_POINT('',#4421);
#1214=VERTEX_POINT('',#4425);
#1215=VERTEX_POINT('',#4429);
#1216=VERTEX_POINT('',#4433);
#1217=VERTEX_POINT('',#4434);
#1218=VERTEX_POINT('',#4436);
#1219=VERTEX_POINT('',#4438);
#1220=VERTEX_POINT('',#4440);
#1221=VERTEX_POINT('',#4518);
#1222=VERTEX_POINT('',#4519);
#1223=VERTEX_POINT('',#4521);
#1224=VERTEX_POINT('',#4523);
#1225=VERTEX_POINT('',#4569);
#1226=VERTEX_POINT('',#4570);
#1227=VERTEX_POINT('',#4607);
#1228=VERTEX_POINT('',#4608);
#1229=VERTEX_POINT('',#4613);
#1230=VERTEX_POINT('',#4614);
#1231=VERTEX_POINT('',#4619);
#1232=VERTEX_POINT('',#4620);
#1233=VERTEX_POINT('',#4625);
#1234=VERTEX_POINT('',#4626);
#1235=VERTEX_POINT('',#4631);
#1236=VERTEX_POINT('',#4632);
#1237=VERTEX_POINT('',#4638);
#1238=VERTEX_POINT('',#4645);
#1239=VERTEX_POINT('',#4647);
#1240=VERTEX_POINT('',#4651);
#1241=VERTEX_POINT('',#4655);
#1242=VERTEX_POINT('',#4659);
#1243=VERTEX_POINT('',#4663);
#1244=VERTEX_POINT('',#4666);
#1245=VERTEX_POINT('',#4670);
#1246=VERTEX_POINT('',#4671);
#1247=VERTEX_POINT('',#4673);
#1248=VERTEX_POINT('',#4675);
#1249=VERTEX_POINT('',#4679);
#1250=VERTEX_POINT('',#4680);
#1251=VERTEX_POINT('',#4685);
#1252=VERTEX_POINT('',#4686);
#1253=VERTEX_POINT('',#4691);
#1254=VERTEX_POINT('',#4692);
#1255=VERTEX_POINT('',#4697);
#1256=VERTEX_POINT('',#4702);
#1257=VERTEX_POINT('',#4706);
#1258=VERTEX_POINT('',#4710);
#1259=VERTEX_POINT('',#4714);
#1260=VERTEX_POINT('',#4718);
#1261=VERTEX_POINT('',#4722);
#1262=VERTEX_POINT('',#4731);
#1263=VERTEX_POINT('',#4735);
#1264=VERTEX_POINT('',#4736);
#1265=VERTEX_POINT('',#4744);
#1266=VERTEX_POINT('',#4746);
#1267=VERTEX_POINT('',#4750);
#1268=VERTEX_POINT('',#4757);
#1269=VERTEX_POINT('',#4759);
#1270=VERTEX_POINT('',#4761);
#1271=VERTEX_POINT('',#4763);
#1272=VERTEX_POINT('',#4765);
#1273=VERTEX_POINT('',#4767);
#1274=VERTEX_POINT('',#4769);
#1275=VERTEX_POINT('',#4773);
#1276=VERTEX_POINT('',#4777);
#1277=VERTEX_POINT('',#4781);
#1278=VERTEX_POINT('',#4786);
#1279=VERTEX_POINT('',#4787);
#1280=VERTEX_POINT('',#4789);
#1281=VERTEX_POINT('',#4791);
#1282=VERTEX_POINT('',#4795);
#1283=VERTEX_POINT('',#4797);
#1284=VERTEX_POINT('',#4799);
#1285=VERTEX_POINT('',#4801);
#1286=VERTEX_POINT('',#4803);
#1287=VERTEX_POINT('',#4805);
#1288=VERTEX_POINT('',#4807);
#1289=VERTEX_POINT('',#4809);
#1290=VERTEX_POINT('',#4811);
#1291=VERTEX_POINT('',#4813);
#1292=VERTEX_POINT('',#4815);
#1293=VERTEX_POINT('',#4818);
#1294=VERTEX_POINT('',#4820);
#1295=VERTEX_POINT('',#4822);
#1296=VERTEX_POINT('',#4826);
#1297=VERTEX_POINT('',#4827);
#1298=VERTEX_POINT('',#4829);
#1299=VERTEX_POINT('',#4831);
#1300=VERTEX_POINT('',#4835);
#1301=VERTEX_POINT('',#4837);
#1302=VERTEX_POINT('',#4841);
#1303=VERTEX_POINT('',#4842);
#1304=VERTEX_POINT('',#4844);
#1305=VERTEX_POINT('',#4846);
#1306=VERTEX_POINT('',#4850);
#1307=VERTEX_POINT('',#4852);
#1308=VERTEX_POINT('',#4854);
#1309=VERTEX_POINT('',#4856);
#1310=VERTEX_POINT('',#4858);
#1311=VERTEX_POINT('',#4860);
#1312=VERTEX_POINT('',#4862);
#1313=VERTEX_POINT('',#4864);
#1314=VERTEX_POINT('',#4866);
#1315=VERTEX_POINT('',#4868);
#1316=VERTEX_POINT('',#4870);
#1317=VERTEX_POINT('',#4872);
#1318=VERTEX_POINT('',#4874);
#1319=VERTEX_POINT('',#4876);
#1320=VERTEX_POINT('',#4878);
#1321=VERTEX_POINT('',#4880);
#1322=VERTEX_POINT('',#4882);
#1323=VERTEX_POINT('',#4884);
#1324=VERTEX_POINT('',#4886);
#1325=VERTEX_POINT('',#4888);
#1326=VERTEX_POINT('',#4890);
#1327=VERTEX_POINT('',#4896);
#1328=VERTEX_POINT('',#4898);
#1329=VERTEX_POINT('',#4902);
#1330=VERTEX_POINT('',#4904);
#1331=VERTEX_POINT('',#4908);
#1332=VERTEX_POINT('',#4910);
#1333=VERTEX_POINT('',#4914);
#1334=VERTEX_POINT('',#4916);
#1335=VERTEX_POINT('',#4920);
#1336=VERTEX_POINT('',#4922);
#1337=VERTEX_POINT('',#4926);
#1338=VERTEX_POINT('',#4928);
#1339=VERTEX_POINT('',#4932);
#1340=VERTEX_POINT('',#4934);
#1341=VERTEX_POINT('',#4938);
#1342=VERTEX_POINT('',#4940);
#1343=VERTEX_POINT('',#4944);
#1344=VERTEX_POINT('',#4946);
#1345=VERTEX_POINT('',#4950);
#1346=VERTEX_POINT('',#4952);
#1347=VERTEX_POINT('',#4956);
#1348=VERTEX_POINT('',#4958);
#1349=VERTEX_POINT('',#4962);
#1350=VERTEX_POINT('',#4964);
#1351=VERTEX_POINT('',#4968);
#1352=VERTEX_POINT('',#4970);
#1353=VERTEX_POINT('',#4974);
#1354=VERTEX_POINT('',#4976);
#1355=VERTEX_POINT('',#4980);
#1356=VERTEX_POINT('',#4984);
#1357=VERTEX_POINT('',#4987);
#1358=VERTEX_POINT('',#4990);
#1359=VERTEX_POINT('',#4992);
#1360=VERTEX_POINT('',#4995);
#1361=VERTEX_POINT('',#5001);
#1362=VERTEX_POINT('',#5007);
#1363=VERTEX_POINT('',#5009);
#1364=VERTEX_POINT('',#5013);
#1365=VERTEX_POINT('',#5017);
#1366=VERTEX_POINT('',#5021);
#1367=VERTEX_POINT('',#5025);
#1368=VERTEX_POINT('',#5026);
#1369=VERTEX_POINT('',#5031);
#1370=VERTEX_POINT('',#5033);
#1371=VERTEX_POINT('',#5037);
#1372=VERTEX_POINT('',#5038);
#1373=VERTEX_POINT('',#5046);
#1374=VERTEX_POINT('',#5047);
#1375=VERTEX_POINT('',#5049);
#1376=VERTEX_POINT('',#5051);
#1377=VERTEX_POINT('',#5053);
#1378=VERTEX_POINT('',#5055);
#1379=VERTEX_POINT('',#5057);
#1380=VERTEX_POINT('',#5059);
#1381=VERTEX_POINT('',#5070);
#1382=VERTEX_POINT('',#5071);
#1383=VERTEX_POINT('',#5076);
#1384=VERTEX_POINT('',#5078);
#1385=VERTEX_POINT('',#5080);
#1386=VERTEX_POINT('',#5082);
#1387=VERTEX_POINT('',#5084);
#1388=VERTEX_POINT('',#5087);
#1389=VERTEX_POINT('',#5090);
#1390=VERTEX_POINT('',#5093);
#1391=VERTEX_POINT('',#5095);
#1392=VERTEX_POINT('',#5097);
#1393=VERTEX_POINT('',#5100);
#1394=VERTEX_POINT('',#5102);
#1395=VERTEX_POINT('',#5107);
#1396=VERTEX_POINT('',#5108);
#1397=VERTEX_POINT('',#5113);
#1398=VERTEX_POINT('',#5115);
#1399=VERTEX_POINT('',#5117);
#1400=VERTEX_POINT('',#5119);
#1401=VERTEX_POINT('',#5121);
#1402=VERTEX_POINT('',#5124);
#1403=VERTEX_POINT('',#5127);
#1404=VERTEX_POINT('',#5130);
#1405=VERTEX_POINT('',#5132);
#1406=VERTEX_POINT('',#5134);
#1407=VERTEX_POINT('',#5137);
#1408=VERTEX_POINT('',#5139);
#1409=VERTEX_POINT('',#5148);
#1410=VERTEX_POINT('',#5150);
#1411=VERTEX_POINT('',#5154);
#1412=VERTEX_POINT('',#5157);
#1413=VERTEX_POINT('',#5159);
#1414=VERTEX_POINT('',#5161);
#1415=VERTEX_POINT('',#5163);
#1416=VERTEX_POINT('',#5165);
#1417=VERTEX_POINT('',#5168);
#1418=VERTEX_POINT('',#5171);
#1419=VERTEX_POINT('',#5175);
#1420=VERTEX_POINT('',#5177);
#1421=VERTEX_POINT('',#5181);
#1422=VERTEX_POINT('',#5183);
#1423=VERTEX_POINT('',#5185);
#1424=VERTEX_POINT('',#5187);
#1425=VERTEX_POINT('',#5189);
#1426=VERTEX_POINT('',#5192);
#1427=VERTEX_POINT('',#5194);
#1428=VERTEX_POINT('',#5197);
#1429=VERTEX_POINT('',#5200);
#1430=VERTEX_POINT('',#5203);
#1431=VERTEX_POINT('',#5207);
#1432=VERTEX_POINT('',#5211);
#1433=VERTEX_POINT('',#5215);
#1434=VERTEX_POINT('',#5219);
#1435=VERTEX_POINT('',#5223);
#1436=VERTEX_POINT('',#5227);
#1437=VERTEX_POINT('',#5233);
#1438=VERTEX_POINT('',#5237);
#1439=VERTEX_POINT('',#5241);
#1440=VERTEX_POINT('',#5243);
#1441=VERTEX_POINT('',#5246);
#1442=VERTEX_POINT('',#5249);
#1443=VERTEX_POINT('',#5251);
#1444=VERTEX_POINT('',#5262);
#1445=VERTEX_POINT('',#5266);
#1446=VERTEX_POINT('',#5267);
#1447=VERTEX_POINT('',#5272);
#1448=VERTEX_POINT('',#5274);
#1449=VERTEX_POINT('',#5278);
#1450=VERTEX_POINT('',#5282);
#1451=VERTEX_POINT('',#5284);
#1452=VERTEX_POINT('',#5291);
#1453=VERTEX_POINT('',#5299);
#1454=VERTEX_POINT('',#5302);
#1455=VERTEX_POINT('',#5306);
#1456=VERTEX_POINT('',#5310);
#1457=VERTEX_POINT('',#5314);
#1458=VERTEX_POINT('',#5318);
#1459=VERTEX_POINT('',#5322);
#1460=VERTEX_POINT('',#5326);
#1461=VERTEX_POINT('',#5330);
#1462=VERTEX_POINT('',#5334);
#1463=VERTEX_POINT('',#5344);
#1464=VERTEX_POINT('',#5348);
#1465=VERTEX_POINT('',#5358);
#1466=VERTEX_POINT('',#5365);
#1467=VERTEX_POINT('',#5369);
#1468=VERTEX_POINT('',#5380);
#1469=VERTEX_POINT('',#5386);
#1470=VERTEX_POINT('',#5393);
#1471=VERTEX_POINT('',#5395);
#1472=VERTEX_POINT('',#5400);
#1473=VERTEX_POINT('',#5402);
#1474=VERTEX_POINT('',#5407);
#1475=VERTEX_POINT('',#5409);
#1476=VERTEX_POINT('',#5414);
#1477=VERTEX_POINT('',#5416);
#1478=EDGE_CURVE('',#1192,#1193,#1016,.F.);
#1479=EDGE_CURVE('',#1193,#1194,#488,.T.);
#1480=EDGE_CURVE('',#1194,#1195,#1017,.T.);
#1481=EDGE_CURVE('',#1195,#1192,#489,.T.);
#1482=EDGE_CURVE('',#1196,#1197,#1018,.F.);
#1483=EDGE_CURVE('',#1196,#1198,#490,.T.);
#1484=EDGE_CURVE('',#1199,#1198,#1019,.T.);
#1485=EDGE_CURVE('',#1199,#1197,#491,.T.);
#1486=EDGE_CURVE('',#1200,#1193,#1020,.T.);
#1487=EDGE_CURVE('',#1200,#1201,#492,.T.);
#1488=EDGE_CURVE('',#1201,#1194,#1021,.T.);
#1489=EDGE_CURVE('',#1202,#1202,#1022,.T.);
#1490=EDGE_CURVE('',#1202,#1203,#1023,.T.);
#1491=EDGE_CURVE('',#1203,#1203,#1024,.T.);
#1492=EDGE_CURVE('',#1204,#1205,#1025,.T.);
#1493=EDGE_CURVE('',#1204,#1206,#493,.T.);
#1494=EDGE_CURVE('',#1207,#1206,#1026,.T.);
#1495=EDGE_CURVE('',#1208,#1207,#494,.T.);
#1496=EDGE_CURVE('',#1209,#1208,#1027,.T.);
#1497=EDGE_CURVE('',#1210,#1209,#495,.T.);
#1498=EDGE_CURVE('',#1211,#1210,#1028,.T.);
#1499=EDGE_CURVE('',#1205,#1211,#496,.T.);
#1500=EDGE_CURVE('',#1212,#1212,#1029,.T.);
#1501=EDGE_CURVE('',#1213,#1213,#1030,.T.);
#1502=EDGE_CURVE('',#1213,#1203,#497,.T.);
#1503=EDGE_CURVE('',#1212,#1214,#1031,.T.);
#1504=EDGE_CURVE('',#1214,#1214,#1032,.T.);
#1505=EDGE_CURVE('',#1215,#1215,#1033,.T.);
#1506=EDGE_CURVE('',#1215,#1214,#498,.T.);
#1507=EDGE_CURVE('',#1216,#1217,#1034,.T.);
#1508=EDGE_CURVE('',#1217,#1218,#1035,.T.);
#1509=EDGE_CURVE('',#1218,#1219,#1036,.T.);
#1510=EDGE_CURVE('',#1219,#1220,#31,.T.);
#1511=EDGE_CURVE('',#1220,#1216,#32,.T.);
#1512=EDGE_CURVE('',#1221,#1222,#25,.T.);
#1513=EDGE_CURVE('',#1222,#1223,#1037,.T.);
#1514=EDGE_CURVE('',#1223,#1224,#26,.T.);
#1515=EDGE_CURVE('',#1224,#1221,#33,.T.);
#1516=EDGE_CURVE('',#1225,#1226,#1038,.T.);
#1517=EDGE_CURVE('',#1226,#1223,#499,.T.);
#1518=EDGE_CURVE('',#1222,#1225,#500,.T.);
#1519=EDGE_CURVE('',#1219,#1226,#27,.T.);
#1520=EDGE_CURVE('',#1225,#1220,#28,.T.);
#1521=EDGE_CURVE('',#1227,#1228,#1039,.T.);
#1522=EDGE_CURVE('',#1228,#1218,#501,.T.);
#1523=EDGE_CURVE('',#1217,#1227,#502,.T.);
#1524=EDGE_CURVE('',#1229,#1230,#1040,.T.);
#1525=EDGE_CURVE('',#1230,#1228,#1041,.T.);
#1526=EDGE_CURVE('',#1227,#1229,#1042,.T.);
#1527=EDGE_CURVE('',#1231,#1232,#1043,.T.);
#1528=EDGE_CURVE('',#1232,#1230,#503,.T.);
#1529=EDGE_CURVE('',#1229,#1231,#504,.T.);
#1530=EDGE_CURVE('',#1233,#1234,#1044,.T.);
#1531=EDGE_CURVE('',#1234,#1232,#1045,.T.);
#1532=EDGE_CURVE('',#1231,#1233,#1046,.T.);
#1533=EDGE_CURVE('',#1235,#1236,#1047,.T.);
#1534=EDGE_CURVE('',#1236,#1234,#505,.T.);
#1535=EDGE_CURVE('',#1233,#1235,#506,.T.);
#1536=EDGE_CURVE('',#1224,#1236,#1048,.T.);
#1537=EDGE_CURVE('',#1235,#1237,#1049,.T.);
#1538=EDGE_CURVE('',#1237,#1221,#34,.T.);
#1539=EDGE_CURVE('',#1238,#1232,#507,.T.);
#1540=EDGE_CURVE('',#1239,#1238,#508,.T.);
#1541=EDGE_CURVE('',#1230,#1239,#509,.T.);
#1542=EDGE_CURVE('',#1234,#1240,#510,.T.);
#1543=EDGE_CURVE('',#1238,#1240,#1050,.T.);
#1544=EDGE_CURVE('',#1241,#1236,#511,.T.);
#1545=EDGE_CURVE('',#1240,#1241,#512,.T.);
#1546=EDGE_CURVE('',#1223,#1242,#513,.T.);
#1547=EDGE_CURVE('',#1241,#1242,#1051,.T.);
#1548=EDGE_CURVE('',#1243,#1237,#514,.T.);
#1549=EDGE_CURVE('',#1206,#1243,#515,.T.);
#1550=EDGE_CURVE('',#1244,#1204,#516,.T.);
#1551=EDGE_CURVE('',#1216,#1244,#517,.T.);
#1552=EDGE_CURVE('',#1245,#1246,#1052,.T.);
#1553=EDGE_CURVE('',#1246,#1247,#1053,.T.);
#1554=EDGE_CURVE('',#1247,#1248,#1054,.T.);
#1555=EDGE_CURVE('',#1248,#1245,#1055,.T.);
#1556=EDGE_CURVE('',#1249,#1250,#1056,.T.);
#1557=EDGE_CURVE('',#1250,#1248,#518,.T.);
#1558=EDGE_CURVE('',#1247,#1249,#519,.T.);
#1559=EDGE_CURVE('',#1251,#1252,#1057,.T.);
#1560=EDGE_CURVE('',#1252,#1250,#1058,.T.);
#1561=EDGE_CURVE('',#1249,#1251,#1059,.T.);
#1562=EDGE_CURVE('',#1253,#1254,#1060,.T.);
#1563=EDGE_CURVE('',#1254,#1252,#520,.T.);
#1564=EDGE_CURVE('',#1251,#1253,#521,.T.);
#1565=EDGE_CURVE('',#1244,#1255,#1061,.T.);
#1566=EDGE_CURVE('',#1255,#1254,#1062,.T.);
#1567=EDGE_CURVE('',#1253,#1244,#1063,.T.);
#1568=EDGE_CURVE('',#1204,#1256,#1064,.T.);
#1569=EDGE_CURVE('',#1256,#1255,#522,.T.);
#1570=EDGE_CURVE('',#1205,#1257,#1065,.T.);
#1571=EDGE_CURVE('',#1257,#1256,#1066,.T.);
#1572=EDGE_CURVE('',#1211,#1258,#1067,.T.);
#1573=EDGE_CURVE('',#1258,#1257,#523,.T.);
#1574=EDGE_CURVE('',#1210,#1259,#1068,.T.);
#1575=EDGE_CURVE('',#1259,#1258,#1069,.T.);
#1576=EDGE_CURVE('',#1209,#1260,#1070,.T.);
#1577=EDGE_CURVE('',#1260,#1259,#524,.T.);
#1578=EDGE_CURVE('',#1208,#1261,#1071,.T.);
#1579=EDGE_CURVE('',#1261,#1260,#1072,.T.);
#1580=EDGE_CURVE('',#1207,#1198,#1073,.T.);
#1581=EDGE_CURVE('',#1198,#1261,#525,.T.);
#1582=EDGE_CURVE('',#1206,#1199,#1074,.T.);
#1583=EDGE_CURVE('',#1243,#1262,#1075,.T.);
#1584=EDGE_CURVE('',#1262,#1199,#526,.T.);
#1585=EDGE_CURVE('',#1263,#1264,#1076,.T.);
#1586=EDGE_CURVE('',#1264,#1262,#1077,.T.);
#1587=EDGE_CURVE('',#1243,#1263,#1078,.T.);
#1588=EDGE_CURVE('',#1263,#1246,#527,.T.);
#1589=EDGE_CURVE('',#1245,#1264,#528,.T.);
#1590=EDGE_CURVE('',#1265,#1260,#529,.T.);
#1591=EDGE_CURVE('',#1265,#1266,#530,.T.);
#1592=EDGE_CURVE('',#1259,#1266,#531,.T.);
#1593=EDGE_CURVE('',#1261,#1267,#532,.T.);
#1594=EDGE_CURVE('',#1267,#1265,#1079,.T.);
#1595=EDGE_CURVE('',#1195,#1267,#533,.T.);
#1596=EDGE_CURVE('',#1192,#1196,#534,.T.);
#1597=EDGE_CURVE('',#1268,#1262,#535,.T.);
#1598=EDGE_CURVE('',#1269,#1268,#536,.T.);
#1599=EDGE_CURVE('',#1270,#1269,#537,.T.);
#1600=EDGE_CURVE('',#1270,#1271,#538,.T.);
#1601=EDGE_CURVE('',#1272,#1271,#539,.T.);
#1602=EDGE_CURVE('',#1273,#1272,#540,.T.);
#1603=EDGE_CURVE('',#1274,#1273,#541,.T.);
#1604=EDGE_CURVE('',#1274,#1197,#542,.T.);
#1605=EDGE_CURVE('',#1264,#1275,#543,.T.);
#1606=EDGE_CURVE('',#1275,#1268,#1080,.T.);
#1607=EDGE_CURVE('',#1276,#1245,#544,.T.);
#1608=EDGE_CURVE('',#1275,#1276,#545,.T.);
#1609=EDGE_CURVE('',#1248,#1277,#546,.T.);
#1610=EDGE_CURVE('',#1277,#1276,#1081,.T.);
#1611=EDGE_CURVE('',#1278,#1279,#1082,.T.);
#1612=EDGE_CURVE('',#1279,#1280,#547,.T.);
#1613=EDGE_CURVE('',#1280,#1281,#1083,.T.);
#1614=EDGE_CURVE('',#1281,#1278,#548,.T.);
#1615=EDGE_CURVE('',#1282,#1256,#549,.T.);
#1616=EDGE_CURVE('',#1282,#1283,#550,.T.);
#1617=EDGE_CURVE('',#1284,#1283,#551,.T.);
#1618=EDGE_CURVE('',#1285,#1284,#552,.T.);
#1619=EDGE_CURVE('',#1286,#1285,#553,.T.);
#1620=EDGE_CURVE('',#1287,#1286,#554,.F.);
#1621=EDGE_CURVE('',#1288,#1287,#555,.T.);
#1622=EDGE_CURVE('',#1289,#1288,#556,.T.);
#1623=EDGE_CURVE('',#1290,#1289,#557,.T.);
#1624=EDGE_CURVE('',#1290,#1291,#558,.T.);
#1625=EDGE_CURVE('',#1292,#1291,#559,.T.);
#1626=EDGE_CURVE('',#1280,#1292,#560,.T.);
#1627=EDGE_CURVE('',#1279,#1293,#561,.T.);
#1628=EDGE_CURVE('',#1294,#1293,#562,.T.);
#1629=EDGE_CURVE('',#1295,#1294,#563,.T.);
#1630=EDGE_CURVE('',#1255,#1295,#564,.T.);
#1631=EDGE_CURVE('',#1296,#1297,#1084,.T.);
#1632=EDGE_CURVE('',#1297,#1298,#565,.T.);
#1633=EDGE_CURVE('',#1298,#1299,#1085,.T.);
#1634=EDGE_CURVE('',#1299,#1296,#566,.T.);
#1635=EDGE_CURVE('',#1297,#1300,#567,.F.);
#1636=EDGE_CURVE('',#1300,#1301,#568,.T.);
#1637=EDGE_CURVE('',#1298,#1301,#569,.T.);
#1638=EDGE_CURVE('',#1302,#1303,#1086,.T.);
#1639=EDGE_CURVE('',#1303,#1304,#570,.T.);
#1640=EDGE_CURVE('',#1304,#1305,#1087,.T.);
#1641=EDGE_CURVE('',#1305,#1302,#571,.T.);
#1642=EDGE_CURVE('',#1306,#1250,#572,.T.);
#1643=EDGE_CURVE('',#1307,#1306,#573,.T.);
#1644=EDGE_CURVE('',#1308,#1307,#574,.T.);
#1645=EDGE_CURVE('',#1308,#1309,#575,.T.);
#1646=EDGE_CURVE('',#1310,#1309,#576,.T.);
#1647=EDGE_CURVE('',#1311,#1310,#577,.T.);
#1648=EDGE_CURVE('',#1312,#1311,#578,.T.);
#1649=EDGE_CURVE('',#1312,#1313,#579,.T.);
#1650=EDGE_CURVE('',#1314,#1313,#580,.T.);
#1651=EDGE_CURVE('',#1315,#1314,#581,.T.);
#1652=EDGE_CURVE('',#1316,#1315,#582,.T.);
#1653=EDGE_CURVE('',#1316,#1317,#583,.T.);
#1654=EDGE_CURVE('',#1318,#1317,#584,.T.);
#1655=EDGE_CURVE('',#1319,#1318,#585,.T.);
#1656=EDGE_CURVE('',#1320,#1319,#586,.T.);
#1657=EDGE_CURVE('',#1320,#1321,#587,.T.);
#1658=EDGE_CURVE('',#1321,#1322,#588,.T.);
#1659=EDGE_CURVE('',#1323,#1322,#589,.T.);
#1660=EDGE_CURVE('',#1324,#1323,#590,.T.);
#1661=EDGE_CURVE('',#1324,#1325,#591,.T.);
#1662=EDGE_CURVE('',#1326,#1325,#592,.T.);
#1663=EDGE_CURVE('',#1304,#1326,#593,.T.);
#1664=EDGE_CURVE('',#1303,#1296,#594,.T.);
#1665=EDGE_CURVE('',#1277,#1299,#595,.T.);
#1666=EDGE_CURVE('',#1317,#1327,#1088,.T.);
#1667=EDGE_CURVE('',#1327,#1328,#596,.T.);
#1668=EDGE_CURVE('',#1328,#1318,#1089,.T.);
#1669=EDGE_CURVE('',#1329,#1327,#597,.T.);
#1670=EDGE_CURVE('',#1329,#1330,#598,.T.);
#1671=EDGE_CURVE('',#1328,#1330,#599,.T.);
#1672=EDGE_CURVE('',#1331,#1316,#1090,.T.);
#1673=EDGE_CURVE('',#1315,#1332,#1091,.T.);
#1674=EDGE_CURVE('',#1332,#1331,#600,.T.);
#1675=EDGE_CURVE('',#1309,#1333,#1092,.T.);
#1676=EDGE_CURVE('',#1333,#1334,#601,.T.);
#1677=EDGE_CURVE('',#1334,#1310,#1093,.T.);
#1678=EDGE_CURVE('',#1333,#1335,#602,.F.);
#1679=EDGE_CURVE('',#1335,#1336,#603,.T.);
#1680=EDGE_CURVE('',#1334,#1336,#604,.T.);
#1681=EDGE_CURVE('',#1337,#1308,#1094,.T.);
#1682=EDGE_CURVE('',#1307,#1338,#1095,.T.);
#1683=EDGE_CURVE('',#1338,#1337,#605,.T.);
#1684=EDGE_CURVE('',#1271,#1339,#1096,.T.);
#1685=EDGE_CURVE('',#1339,#1340,#606,.T.);
#1686=EDGE_CURVE('',#1340,#1272,#1097,.T.);
#1687=EDGE_CURVE('',#1341,#1339,#607,.T.);
#1688=EDGE_CURVE('',#1341,#1342,#608,.T.);
#1689=EDGE_CURVE('',#1340,#1342,#609,.T.);
#1690=EDGE_CURVE('',#1343,#1270,#1098,.T.);
#1691=EDGE_CURVE('',#1269,#1344,#1099,.T.);
#1692=EDGE_CURVE('',#1344,#1343,#610,.T.);
#1693=EDGE_CURVE('',#1287,#1345,#1100,.T.);
#1694=EDGE_CURVE('',#1345,#1346,#611,.T.);
#1695=EDGE_CURVE('',#1346,#1288,#1101,.T.);
#1696=EDGE_CURVE('',#1345,#1347,#612,.F.);
#1697=EDGE_CURVE('',#1347,#1348,#613,.T.);
#1698=EDGE_CURVE('',#1346,#1348,#614,.T.);
#1699=EDGE_CURVE('',#1349,#1286,#1102,.T.);
#1700=EDGE_CURVE('',#1285,#1350,#1103,.T.);
#1701=EDGE_CURVE('',#1350,#1349,#615,.T.);
#1702=EDGE_CURVE('',#1293,#1351,#1104,.T.);
#1703=EDGE_CURVE('',#1351,#1352,#616,.T.);
#1704=EDGE_CURVE('',#1352,#1294,#1105,.T.);
#1705=EDGE_CURVE('',#1351,#1353,#617,.F.);
#1706=EDGE_CURVE('',#1353,#1354,#618,.T.);
#1707=EDGE_CURVE('',#1352,#1354,#619,.T.);
#1708=EDGE_CURVE('',#1266,#1355,#1106,.T.);
#1709=EDGE_CURVE('',#1355,#1258,#620,.T.);
#1710=EDGE_CURVE('',#1356,#1201,#621,.T.);
#1711=EDGE_CURVE('',#1283,#1356,#1107,.F.);
#1712=EDGE_CURVE('',#1357,#1282,#1108,.T.);
#1713=EDGE_CURVE('',#1355,#1357,#622,.T.);
#1714=EDGE_CURVE('',#1358,#1358,#1109,.T.);
#1715=EDGE_CURVE('',#1359,#1359,#1110,.T.);
#1716=EDGE_CURVE('',#1252,#1360,#623,.T.);
#1717=EDGE_CURVE('',#1360,#1306,#1111,.T.);
#1718=EDGE_CURVE('',#1257,#1357,#624,.T.);
#1719=EDGE_CURVE('',#1295,#1361,#1112,.T.);
#1720=EDGE_CURVE('',#1361,#1254,#625,.T.);
#1721=EDGE_CURVE('',#1360,#1361,#626,.T.);
#1722=EDGE_CURVE('',#1238,#1362,#627,.T.);
#1723=EDGE_CURVE('',#1362,#1363,#628,.T.);
#1724=EDGE_CURVE('',#1363,#1239,#629,.T.);
#1725=EDGE_CURVE('',#1240,#1364,#630,.T.);
#1726=EDGE_CURVE('',#1364,#1362,#1113,.T.);
#1727=EDGE_CURVE('',#1241,#1365,#631,.T.);
#1728=EDGE_CURVE('',#1365,#1364,#632,.T.);
#1729=EDGE_CURVE('',#1242,#1366,#633,.T.);
#1730=EDGE_CURVE('',#1366,#1365,#1114,.T.);
#1731=EDGE_CURVE('',#1367,#1368,#634,.T.);
#1732=EDGE_CURVE('',#1368,#1366,#635,.T.);
#1733=EDGE_CURVE('',#1242,#1367,#636,.T.);
#1734=EDGE_CURVE('',#1367,#1369,#1115,.T.);
#1735=EDGE_CURVE('',#1369,#1370,#637,.T.);
#1736=EDGE_CURVE('',#1370,#1368,#1116,.T.);
#1737=EDGE_CURVE('',#1371,#1372,#638,.T.);
#1738=EDGE_CURVE('',#1372,#1370,#639,.T.);
#1739=EDGE_CURVE('',#1369,#1371,#640,.T.);
#1740=EDGE_CURVE('',#1371,#1239,#1117,.T.);
#1741=EDGE_CURVE('',#1363,#1372,#1118,.T.);
#1742=EDGE_CURVE('',#1373,#1374,#641,.T.);
#1743=EDGE_CURVE('',#1375,#1374,#1119,.T.);
#1744=EDGE_CURVE('',#1375,#1376,#642,.T.);
#1745=EDGE_CURVE('',#1377,#1376,#1120,.T.);
#1746=EDGE_CURVE('',#1377,#1378,#643,.T.);
#1747=EDGE_CURVE('',#1379,#1378,#1121,.T.);
#1748=EDGE_CURVE('',#1379,#1380,#644,.T.);
#1749=EDGE_CURVE('',#1373,#1380,#1122,.T.);
#1750=EDGE_CURVE('',#1371,#1228,#645,.T.);
#1751=EDGE_CURVE('',#1218,#1369,#646,.T.);
#1752=EDGE_CURVE('',#1367,#1226,#647,.T.);
#1753=EDGE_CURVE('',#1381,#1382,#1123,.T.);
#1754=EDGE_CURVE('',#1381,#1373,#648,.T.);
#1755=EDGE_CURVE('',#1380,#1382,#649,.T.);
#1756=EDGE_CURVE('',#1383,#1382,#650,.T.);
#1757=EDGE_CURVE('',#1383,#1384,#1124,.T.);
#1758=EDGE_CURVE('',#1385,#1384,#651,.T.);
#1759=EDGE_CURVE('',#1386,#1385,#1125,.T.);
#1760=EDGE_CURVE('',#1386,#1387,#652,.T.);
#1761=EDGE_CURVE('',#1273,#1387,#1126,.T.);
#1762=EDGE_CURVE('',#1342,#1388,#1127,.T.);
#1763=EDGE_CURVE('',#1388,#1344,#653,.T.);
#1764=EDGE_CURVE('',#1301,#1389,#1128,.T.);
#1765=EDGE_CURVE('',#1389,#1305,#654,.T.);
#1766=EDGE_CURVE('',#1390,#1326,#1129,.T.);
#1767=EDGE_CURVE('',#1390,#1391,#655,.T.);
#1768=EDGE_CURVE('',#1392,#1391,#1130,.T.);
#1769=EDGE_CURVE('',#1381,#1392,#656,.T.);
#1770=EDGE_CURVE('',#1393,#1393,#1131,.T.);
#1771=EDGE_CURVE('',#1394,#1394,#1132,.T.);
#1772=EDGE_CURVE('',#1383,#1379,#657,.T.);
#1773=EDGE_CURVE('',#1395,#1396,#1133,.T.);
#1774=EDGE_CURVE('',#1395,#1377,#658,.T.);
#1775=EDGE_CURVE('',#1376,#1396,#659,.T.);
#1776=EDGE_CURVE('',#1397,#1396,#660,.T.);
#1777=EDGE_CURVE('',#1397,#1398,#1134,.T.);
#1778=EDGE_CURVE('',#1399,#1398,#661,.T.);
#1779=EDGE_CURVE('',#1400,#1399,#1135,.T.);
#1780=EDGE_CURVE('',#1400,#1401,#662,.T.);
#1781=EDGE_CURVE('',#1311,#1401,#1136,.T.);
#1782=EDGE_CURVE('',#1336,#1402,#1137,.T.);
#1783=EDGE_CURVE('',#1402,#1338,#663,.T.);
#1784=EDGE_CURVE('',#1354,#1403,#1138,.T.);
#1785=EDGE_CURVE('',#1403,#1281,#664,.T.);
#1786=EDGE_CURVE('',#1404,#1292,#1139,.T.);
#1787=EDGE_CURVE('',#1404,#1405,#665,.T.);
#1788=EDGE_CURVE('',#1406,#1405,#1140,.T.);
#1789=EDGE_CURVE('',#1395,#1406,#666,.T.);
#1790=EDGE_CURVE('',#1407,#1407,#1141,.T.);
#1791=EDGE_CURVE('',#1408,#1408,#1142,.T.);
#1792=EDGE_CURVE('',#1397,#1375,#667,.T.);
#1793=EDGE_CURVE('',#1378,#1384,#668,.T.);
#1794=EDGE_CURVE('',#1374,#1398,#669,.T.);
#1795=EDGE_CURVE('',#1289,#1409,#1143,.T.);
#1796=EDGE_CURVE('',#1409,#1410,#670,.T.);
#1797=EDGE_CURVE('',#1410,#1290,#1144,.F.);
#1798=EDGE_CURVE('',#1348,#1411,#1145,.T.);
#1799=EDGE_CURVE('',#1411,#1350,#671,.T.);
#1800=EDGE_CURVE('',#1412,#1284,#1146,.T.);
#1801=EDGE_CURVE('',#1412,#1413,#672,.T.);
#1802=EDGE_CURVE('',#1414,#1413,#1147,.T.);
#1803=EDGE_CURVE('',#1415,#1414,#673,.T.);
#1804=EDGE_CURVE('',#1416,#1415,#1148,.T.);
#1805=EDGE_CURVE('',#1416,#1409,#674,.T.);
#1806=EDGE_CURVE('',#1417,#1417,#1149,.T.);
#1807=EDGE_CURVE('',#1291,#1418,#1150,.F.);
#1808=EDGE_CURVE('',#1418,#1404,#675,.T.);
#1809=EDGE_CURVE('',#1419,#1314,#1151,.T.);
#1810=EDGE_CURVE('',#1313,#1420,#1152,.F.);
#1811=EDGE_CURVE('',#1420,#1419,#676,.T.);
#1812=EDGE_CURVE('',#1419,#1421,#677,.T.);
#1813=EDGE_CURVE('',#1422,#1421,#1153,.T.);
#1814=EDGE_CURVE('',#1423,#1422,#678,.T.);
#1815=EDGE_CURVE('',#1424,#1423,#1154,.T.);
#1816=EDGE_CURVE('',#1424,#1425,#679,.T.);
#1817=EDGE_CURVE('',#1323,#1425,#1155,.T.);
#1818=EDGE_CURVE('',#1322,#1426,#680,.T.);
#1819=EDGE_CURVE('',#1426,#1427,#681,.T.);
#1820=EDGE_CURVE('',#1427,#1319,#682,.T.);
#1821=EDGE_CURVE('',#1330,#1428,#1156,.T.);
#1822=EDGE_CURVE('',#1428,#1332,#683,.T.);
#1823=EDGE_CURVE('',#1429,#1429,#1157,.T.);
#1824=EDGE_CURVE('',#1401,#1430,#684,.T.);
#1825=EDGE_CURVE('',#1430,#1312,#1158,.F.);
#1826=EDGE_CURVE('',#1431,#1400,#685,.T.);
#1827=EDGE_CURVE('',#1431,#1430,#686,.T.);
#1828=EDGE_CURVE('',#1425,#1432,#687,.T.);
#1829=EDGE_CURVE('',#1432,#1324,#1159,.F.);
#1830=EDGE_CURVE('',#1433,#1424,#688,.T.);
#1831=EDGE_CURVE('',#1433,#1432,#689,.T.);
#1832=EDGE_CURVE('',#1325,#1434,#1160,.F.);
#1833=EDGE_CURVE('',#1434,#1390,#690,.T.);
#1834=EDGE_CURVE('',#1434,#1435,#691,.T.);
#1835=EDGE_CURVE('',#1391,#1435,#692,.T.);
#1836=EDGE_CURVE('',#1387,#1436,#693,.T.);
#1837=EDGE_CURVE('',#1436,#1274,#1161,.F.);
#1838=EDGE_CURVE('',#1356,#1412,#694,.T.);
#1839=EDGE_CURVE('',#1200,#1437,#695,.T.);
#1840=EDGE_CURVE('',#1413,#1437,#696,.T.);
#1841=EDGE_CURVE('',#1431,#1438,#1162,.T.);
#1842=EDGE_CURVE('',#1399,#1438,#697,.T.);
#1843=EDGE_CURVE('',#1439,#1438,#698,.T.);
#1844=EDGE_CURVE('',#1439,#1440,#1163,.T.);
#1845=EDGE_CURVE('',#1420,#1440,#699,.T.);
#1846=EDGE_CURVE('',#1441,#1441,#1164,.T.);
#1847=EDGE_CURVE('',#1442,#1392,#700,.T.);
#1848=EDGE_CURVE('',#1442,#1443,#701,.T.);
#1849=EDGE_CURVE('',#1423,#1443,#702,.T.);
#1850=EDGE_CURVE('',#1439,#1422,#703,.T.);
#1851=EDGE_CURVE('',#1421,#1440,#704,.T.);
#1852=EDGE_CURVE('',#1433,#1443,#1165,.T.);
#1853=EDGE_CURVE('',#1442,#1435,#1166,.T.);
#1854=EDGE_CURVE('',#1444,#1444,#1167,.T.);
#1855=EDGE_CURVE('',#1445,#1446,#1168,.T.);
#1856=EDGE_CURVE('',#1445,#1416,#705,.T.);
#1857=EDGE_CURVE('',#1415,#1446,#706,.T.);
#1858=EDGE_CURVE('',#1447,#1446,#707,.T.);
#1859=EDGE_CURVE('',#1447,#1448,#1169,.T.);
#1860=EDGE_CURVE('',#1418,#1448,#708,.T.);
#1861=EDGE_CURVE('',#1445,#1410,#709,.T.);
#1862=EDGE_CURVE('',#1449,#1449,#1170,.T.);
#1863=EDGE_CURVE('',#1447,#1406,#710,.T.);
#1864=EDGE_CURVE('',#1450,#1414,#711,.T.);
#1865=EDGE_CURVE('',#1450,#1451,#712,.T.);
#1866=EDGE_CURVE('',#1385,#1451,#713,.T.);
#1867=EDGE_CURVE('',#1405,#1448,#714,.T.);
#1868=EDGE_CURVE('',#1452,#1451,#1171,.T.);
#1869=EDGE_CURVE('',#1452,#1386,#715,.T.);
#1870=EDGE_CURVE('',#1452,#1436,#716,.T.);
#1871=EDGE_CURVE('',#1450,#1437,#1172,.T.);
#1872=EDGE_CURVE('',#1453,#1453,#1173,.T.);
#1873=EDGE_CURVE('',#1454,#1454,#1174,.F.);
#1874=EDGE_CURVE('',#1454,#1408,#717,.T.);
#1875=EDGE_CURVE('',#1455,#1455,#1175,.F.);
#1876=EDGE_CURVE('',#1455,#1417,#718,.T.);
#1877=EDGE_CURVE('',#1456,#1456,#1176,.F.);
#1878=EDGE_CURVE('',#1456,#1393,#719,.T.);
#1879=EDGE_CURVE('',#1457,#1457,#1177,.F.);
#1880=EDGE_CURVE('',#1457,#1394,#720,.T.);
#1881=EDGE_CURVE('',#1458,#1458,#1178,.F.);
#1882=EDGE_CURVE('',#1458,#1429,#721,.T.);
#1883=EDGE_CURVE('',#1459,#1459,#1179,.F.);
#1884=EDGE_CURVE('',#1459,#1407,#722,.T.);
#1885=EDGE_CURVE('',#1460,#1331,#723,.F.);
#1886=EDGE_CURVE('',#1460,#1329,#1180,.T.);
#1887=EDGE_CURVE('',#1320,#1461,#724,.T.);
#1888=EDGE_CURVE('',#1461,#1427,#725,.T.);
#1889=EDGE_CURVE('',#1461,#1462,#726,.T.);
#1890=EDGE_CURVE('',#1462,#1426,#727,.T.);
#1891=EDGE_CURVE('',#1462,#1321,#728,.T.);
#1892=EDGE_CURVE('',#1460,#1428,#729,.T.);
#1893=EDGE_CURVE('',#1463,#1337,#730,.F.);
#1894=EDGE_CURVE('',#1463,#1335,#1181,.T.);
#1895=EDGE_CURVE('',#1278,#1464,#731,.T.);
#1896=EDGE_CURVE('',#1464,#1353,#1182,.T.);
#1897=EDGE_CURVE('',#1464,#1403,#732,.T.);
#1898=EDGE_CURVE('',#1463,#1402,#733,.T.);
#1899=EDGE_CURVE('',#1465,#1411,#734,.T.);
#1900=EDGE_CURVE('',#1465,#1349,#735,.F.);
#1901=EDGE_CURVE('',#1465,#1347,#1183,.T.);
#1902=EDGE_CURVE('',#1466,#1302,#736,.F.);
#1903=EDGE_CURVE('',#1466,#1300,#1184,.T.);
#1904=EDGE_CURVE('',#1467,#1343,#737,.F.);
#1905=EDGE_CURVE('',#1467,#1341,#1185,.T.);
#1906=EDGE_CURVE('',#1466,#1389,#738,.T.);
#1907=EDGE_CURVE('',#1467,#1388,#739,.T.);
#1908=EDGE_CURVE('',#1468,#1468,#1186,.T.);
#1909=EDGE_CURVE('',#1468,#1215,#740,.T.);
#1910=EDGE_CURVE('',#1358,#1468,#741,.T.);
#1911=EDGE_CURVE('',#1469,#1469,#1187,.T.);
#1912=EDGE_CURVE('',#1469,#1213,#742,.T.);
#1913=EDGE_CURVE('',#1359,#1469,#743,.T.);
#1914=EDGE_CURVE('',#1470,#1470,#1188,.T.);
#1915=EDGE_CURVE('',#1470,#1471,#744,.T.);
#1916=EDGE_CURVE('',#1441,#1470,#745,.T.);
#1917=EDGE_CURVE('',#1472,#1472,#1189,.T.);
#1918=EDGE_CURVE('',#1472,#1473,#746,.T.);
#1919=EDGE_CURVE('',#1449,#1472,#747,.T.);
#1920=EDGE_CURVE('',#1474,#1474,#1190,.T.);
#1921=EDGE_CURVE('',#1474,#1475,#748,.T.);
#1922=EDGE_CURVE('',#1453,#1474,#749,.T.);
#1923=EDGE_CURVE('',#1476,#1476,#1191,.T.);
#1924=EDGE_CURVE('',#1476,#1477,#750,.T.);
#1925=EDGE_CURVE('',#1444,#1476,#751,.T.);
#1926=ORIENTED_EDGE('',*,*,#1478,.T.);
#1927=ORIENTED_EDGE('',*,*,#1479,.T.);
#1928=ORIENTED_EDGE('',*,*,#1480,.T.);
#1929=ORIENTED_EDGE('',*,*,#1481,.T.);
#1930=ORIENTED_EDGE('',*,*,#1482,.F.);
#1931=ORIENTED_EDGE('',*,*,#1483,.T.);
#1932=ORIENTED_EDGE('',*,*,#1484,.F.);
#1933=ORIENTED_EDGE('',*,*,#1485,.T.);
#1934=ORIENTED_EDGE('',*,*,#1479,.F.);
#1935=ORIENTED_EDGE('',*,*,#1486,.F.);
#1936=ORIENTED_EDGE('',*,*,#1487,.T.);
#1937=ORIENTED_EDGE('',*,*,#1488,.T.);
#1938=ORIENTED_EDGE('',*,*,#1489,.T.);
#1939=ORIENTED_EDGE('',*,*,#1490,.T.);
#1940=ORIENTED_EDGE('',*,*,#1491,.T.);
#1941=ORIENTED_EDGE('',*,*,#1490,.F.);
#1942=ORIENTED_EDGE('',*,*,#1492,.F.);
#1943=ORIENTED_EDGE('',*,*,#1493,.T.);
#1944=ORIENTED_EDGE('',*,*,#1494,.F.);
#1945=ORIENTED_EDGE('',*,*,#1495,.F.);
#1946=ORIENTED_EDGE('',*,*,#1496,.F.);
#1947=ORIENTED_EDGE('',*,*,#1497,.F.);
#1948=ORIENTED_EDGE('',*,*,#1498,.F.);
#1949=ORIENTED_EDGE('',*,*,#1499,.F.);
#1950=ORIENTED_EDGE('',*,*,#1500,.F.);
#1951=ORIENTED_EDGE('',*,*,#1489,.F.);
#1952=ORIENTED_EDGE('',*,*,#1501,.T.);
#1953=ORIENTED_EDGE('',*,*,#1502,.T.);
#1954=ORIENTED_EDGE('',*,*,#1491,.F.);
#1955=ORIENTED_EDGE('',*,*,#1502,.F.);
#1956=ORIENTED_EDGE('',*,*,#1500,.T.);
#1957=ORIENTED_EDGE('',*,*,#1503,.T.);
#1958=ORIENTED_EDGE('',*,*,#1504,.T.);
#1959=ORIENTED_EDGE('',*,*,#1503,.F.);
#1960=ORIENTED_EDGE('',*,*,#1505,.T.);
#1961=ORIENTED_EDGE('',*,*,#1506,.T.);
#1962=ORIENTED_EDGE('',*,*,#1504,.F.);
#1963=ORIENTED_EDGE('',*,*,#1506,.F.);
#1964=ORIENTED_EDGE('',*,*,#1507,.T.);
#1965=ORIENTED_EDGE('',*,*,#1508,.T.);
#1966=ORIENTED_EDGE('',*,*,#1509,.T.);
#1967=ORIENTED_EDGE('',*,*,#1510,.T.);
#1968=ORIENTED_EDGE('',*,*,#1511,.T.);
#1969=ORIENTED_EDGE('',*,*,#1512,.T.);
#1970=ORIENTED_EDGE('',*,*,#1513,.T.);
#1971=ORIENTED_EDGE('',*,*,#1514,.T.);
#1972=ORIENTED_EDGE('',*,*,#1515,.T.);
#1973=ORIENTED_EDGE('',*,*,#1516,.T.);
#1974=ORIENTED_EDGE('',*,*,#1517,.T.);
#1975=ORIENTED_EDGE('',*,*,#1513,.F.);
#1976=ORIENTED_EDGE('',*,*,#1518,.T.);
#1977=ORIENTED_EDGE('',*,*,#1519,.T.);
#1978=ORIENTED_EDGE('',*,*,#1516,.F.);
#1979=ORIENTED_EDGE('',*,*,#1520,.T.);
#1980=ORIENTED_EDGE('',*,*,#1510,.F.);
#1981=ORIENTED_EDGE('',*,*,#1521,.T.);
#1982=ORIENTED_EDGE('',*,*,#1522,.T.);
#1983=ORIENTED_EDGE('',*,*,#1508,.F.);
#1984=ORIENTED_EDGE('',*,*,#1523,.T.);
#1985=ORIENTED_EDGE('',*,*,#1524,.T.);
#1986=ORIENTED_EDGE('',*,*,#1525,.T.);
#1987=ORIENTED_EDGE('',*,*,#1521,.F.);
#1988=ORIENTED_EDGE('',*,*,#1526,.T.);
#1989=ORIENTED_EDGE('',*,*,#1527,.T.);
#1990=ORIENTED_EDGE('',*,*,#1528,.T.);
#1991=ORIENTED_EDGE('',*,*,#1524,.F.);
#1992=ORIENTED_EDGE('',*,*,#1529,.T.);
#1993=ORIENTED_EDGE('',*,*,#1530,.T.);
#1994=ORIENTED_EDGE('',*,*,#1531,.T.);
#1995=ORIENTED_EDGE('',*,*,#1527,.F.);
#1996=ORIENTED_EDGE('',*,*,#1532,.T.);
#1997=ORIENTED_EDGE('',*,*,#1533,.T.);
#1998=ORIENTED_EDGE('',*,*,#1534,.T.);
#1999=ORIENTED_EDGE('',*,*,#1530,.F.);
#2000=ORIENTED_EDGE('',*,*,#1535,.T.);
#2001=ORIENTED_EDGE('',*,*,#1536,.T.);
#2002=ORIENTED_EDGE('',*,*,#1533,.F.);
#2003=ORIENTED_EDGE('',*,*,#1537,.T.);
#2004=ORIENTED_EDGE('',*,*,#1538,.T.);
#2005=ORIENTED_EDGE('',*,*,#1515,.F.);
#2006=ORIENTED_EDGE('',*,*,#1528,.F.);
#2007=ORIENTED_EDGE('',*,*,#1539,.F.);
#2008=ORIENTED_EDGE('',*,*,#1540,.F.);
#2009=ORIENTED_EDGE('',*,*,#1541,.F.);
#2010=ORIENTED_EDGE('',*,*,#1531,.F.);
#2011=ORIENTED_EDGE('',*,*,#1542,.T.);
#2012=ORIENTED_EDGE('',*,*,#1543,.F.);
#2013=ORIENTED_EDGE('',*,*,#1539,.T.);
#2014=ORIENTED_EDGE('',*,*,#1534,.F.);
#2015=ORIENTED_EDGE('',*,*,#1544,.F.);
#2016=ORIENTED_EDGE('',*,*,#1545,.F.);
#2017=ORIENTED_EDGE('',*,*,#1542,.F.);
#2018=ORIENTED_EDGE('',*,*,#1536,.F.);
#2019=ORIENTED_EDGE('',*,*,#1514,.F.);
#2020=ORIENTED_EDGE('',*,*,#1546,.T.);
#2021=ORIENTED_EDGE('',*,*,#1547,.F.);
#2022=ORIENTED_EDGE('',*,*,#1544,.T.);
#2023=ORIENTED_EDGE('',*,*,#1511,.F.);
#2024=ORIENTED_EDGE('',*,*,#1520,.F.);
#2025=ORIENTED_EDGE('',*,*,#1518,.F.);
#2026=ORIENTED_EDGE('',*,*,#1512,.F.);
#2027=ORIENTED_EDGE('',*,*,#1538,.F.);
#2028=ORIENTED_EDGE('',*,*,#1548,.F.);
#2029=ORIENTED_EDGE('',*,*,#1549,.F.);
#2030=ORIENTED_EDGE('',*,*,#1493,.F.);
#2031=ORIENTED_EDGE('',*,*,#1550,.F.);
#2032=ORIENTED_EDGE('',*,*,#1551,.F.);
#2033=ORIENTED_EDGE('',*,*,#1552,.T.);
#2034=ORIENTED_EDGE('',*,*,#1553,.T.);
#2035=ORIENTED_EDGE('',*,*,#1554,.T.);
#2036=ORIENTED_EDGE('',*,*,#1555,.T.);
#2037=ORIENTED_EDGE('',*,*,#1556,.T.);
#2038=ORIENTED_EDGE('',*,*,#1557,.T.);
#2039=ORIENTED_EDGE('',*,*,#1554,.F.);
#2040=ORIENTED_EDGE('',*,*,#1558,.T.);
#2041=ORIENTED_EDGE('',*,*,#1559,.T.);
#2042=ORIENTED_EDGE('',*,*,#1560,.T.);
#2043=ORIENTED_EDGE('',*,*,#1556,.F.);
#2044=ORIENTED_EDGE('',*,*,#1561,.T.);
#2045=ORIENTED_EDGE('',*,*,#1562,.T.);
#2046=ORIENTED_EDGE('',*,*,#1563,.T.);
#2047=ORIENTED_EDGE('',*,*,#1559,.F.);
#2048=ORIENTED_EDGE('',*,*,#1564,.T.);
#2049=ORIENTED_EDGE('',*,*,#1565,.T.);
#2050=ORIENTED_EDGE('',*,*,#1566,.T.);
#2051=ORIENTED_EDGE('',*,*,#1562,.F.);
#2052=ORIENTED_EDGE('',*,*,#1567,.T.);
#2053=ORIENTED_EDGE('',*,*,#1568,.T.);
#2054=ORIENTED_EDGE('',*,*,#1569,.T.);
#2055=ORIENTED_EDGE('',*,*,#1565,.F.);
#2056=ORIENTED_EDGE('',*,*,#1550,.T.);
#2057=ORIENTED_EDGE('',*,*,#1570,.T.);
#2058=ORIENTED_EDGE('',*,*,#1571,.T.);
#2059=ORIENTED_EDGE('',*,*,#1568,.F.);
#2060=ORIENTED_EDGE('',*,*,#1492,.T.);
#2061=ORIENTED_EDGE('',*,*,#1572,.T.);
#2062=ORIENTED_EDGE('',*,*,#1573,.T.);
#2063=ORIENTED_EDGE('',*,*,#1570,.F.);
#2064=ORIENTED_EDGE('',*,*,#1499,.T.);
#2065=ORIENTED_EDGE('',*,*,#1574,.T.);
#2066=ORIENTED_EDGE('',*,*,#1575,.T.);
#2067=ORIENTED_EDGE('',*,*,#1572,.F.);
#2068=ORIENTED_EDGE('',*,*,#1498,.T.);
#2069=ORIENTED_EDGE('',*,*,#1576,.T.);
#2070=ORIENTED_EDGE('',*,*,#1577,.T.);
#2071=ORIENTED_EDGE('',*,*,#1574,.F.);
#2072=ORIENTED_EDGE('',*,*,#1497,.T.);
#2073=ORIENTED_EDGE('',*,*,#1578,.T.);
#2074=ORIENTED_EDGE('',*,*,#1579,.T.);
#2075=ORIENTED_EDGE('',*,*,#1576,.F.);
#2076=ORIENTED_EDGE('',*,*,#1496,.T.);
#2077=ORIENTED_EDGE('',*,*,#1580,.T.);
#2078=ORIENTED_EDGE('',*,*,#1581,.T.);
#2079=ORIENTED_EDGE('',*,*,#1578,.F.);
#2080=ORIENTED_EDGE('',*,*,#1495,.T.);
#2081=ORIENTED_EDGE('',*,*,#1582,.T.);
#2082=ORIENTED_EDGE('',*,*,#1484,.T.);
#2083=ORIENTED_EDGE('',*,*,#1580,.F.);
#2084=ORIENTED_EDGE('',*,*,#1494,.T.);
#2085=ORIENTED_EDGE('',*,*,#1583,.T.);
#2086=ORIENTED_EDGE('',*,*,#1584,.T.);
#2087=ORIENTED_EDGE('',*,*,#1582,.F.);
#2088=ORIENTED_EDGE('',*,*,#1549,.T.);
#2089=ORIENTED_EDGE('',*,*,#1585,.T.);
#2090=ORIENTED_EDGE('',*,*,#1586,.T.);
#2091=ORIENTED_EDGE('',*,*,#1583,.F.);
#2092=ORIENTED_EDGE('',*,*,#1587,.T.);
#2093=ORIENTED_EDGE('',*,*,#1585,.F.);
#2094=ORIENTED_EDGE('',*,*,#1588,.T.);
#2095=ORIENTED_EDGE('',*,*,#1552,.F.);
#2096=ORIENTED_EDGE('',*,*,#1589,.T.);
#2097=ORIENTED_EDGE('',*,*,#1577,.F.);
#2098=ORIENTED_EDGE('',*,*,#1590,.F.);
#2099=ORIENTED_EDGE('',*,*,#1591,.T.);
#2100=ORIENTED_EDGE('',*,*,#1592,.F.);
#2101=ORIENTED_EDGE('',*,*,#1579,.F.);
#2102=ORIENTED_EDGE('',*,*,#1593,.T.);
#2103=ORIENTED_EDGE('',*,*,#1594,.T.);
#2104=ORIENTED_EDGE('',*,*,#1590,.T.);
#2105=ORIENTED_EDGE('',*,*,#1481,.F.);
#2106=ORIENTED_EDGE('',*,*,#1595,.T.);
#2107=ORIENTED_EDGE('',*,*,#1593,.F.);
#2108=ORIENTED_EDGE('',*,*,#1581,.F.);
#2109=ORIENTED_EDGE('',*,*,#1483,.F.);
#2110=ORIENTED_EDGE('',*,*,#1596,.F.);
#2111=ORIENTED_EDGE('',*,*,#1584,.F.);
#2112=ORIENTED_EDGE('',*,*,#1597,.F.);
#2113=ORIENTED_EDGE('',*,*,#1598,.F.);
#2114=ORIENTED_EDGE('',*,*,#1599,.F.);
#2115=ORIENTED_EDGE('',*,*,#1600,.T.);
#2116=ORIENTED_EDGE('',*,*,#1601,.F.);
#2117=ORIENTED_EDGE('',*,*,#1602,.F.);
#2118=ORIENTED_EDGE('',*,*,#1603,.F.);
#2119=ORIENTED_EDGE('',*,*,#1604,.T.);
#2120=ORIENTED_EDGE('',*,*,#1485,.F.);
#2121=ORIENTED_EDGE('',*,*,#1586,.F.);
#2122=ORIENTED_EDGE('',*,*,#1605,.T.);
#2123=ORIENTED_EDGE('',*,*,#1606,.T.);
#2124=ORIENTED_EDGE('',*,*,#1597,.T.);
#2125=ORIENTED_EDGE('',*,*,#1589,.F.);
#2126=ORIENTED_EDGE('',*,*,#1607,.F.);
#2127=ORIENTED_EDGE('',*,*,#1608,.F.);
#2128=ORIENTED_EDGE('',*,*,#1605,.F.);
#2129=ORIENTED_EDGE('',*,*,#1555,.F.);
#2130=ORIENTED_EDGE('',*,*,#1609,.T.);
#2131=ORIENTED_EDGE('',*,*,#1610,.T.);
#2132=ORIENTED_EDGE('',*,*,#1607,.T.);
#2133=ORIENTED_EDGE('',*,*,#1507,.F.);
#2134=ORIENTED_EDGE('',*,*,#1551,.T.);
#2135=ORIENTED_EDGE('',*,*,#1567,.F.);
#2136=ORIENTED_EDGE('',*,*,#1564,.F.);
#2137=ORIENTED_EDGE('',*,*,#1561,.F.);
#2138=ORIENTED_EDGE('',*,*,#1558,.F.);
#2139=ORIENTED_EDGE('',*,*,#1553,.F.);
#2140=ORIENTED_EDGE('',*,*,#1588,.F.);
#2141=ORIENTED_EDGE('',*,*,#1587,.F.);
#2142=ORIENTED_EDGE('',*,*,#1548,.T.);
#2143=ORIENTED_EDGE('',*,*,#1537,.F.);
#2144=ORIENTED_EDGE('',*,*,#1535,.F.);
#2145=ORIENTED_EDGE('',*,*,#1532,.F.);
#2146=ORIENTED_EDGE('',*,*,#1529,.F.);
#2147=ORIENTED_EDGE('',*,*,#1526,.F.);
#2148=ORIENTED_EDGE('',*,*,#1523,.F.);
#2149=ORIENTED_EDGE('',*,*,#1611,.T.);
#2150=ORIENTED_EDGE('',*,*,#1612,.T.);
#2151=ORIENTED_EDGE('',*,*,#1613,.T.);
#2152=ORIENTED_EDGE('',*,*,#1614,.T.);
#2153=ORIENTED_EDGE('',*,*,#1569,.F.);
#2154=ORIENTED_EDGE('',*,*,#1615,.F.);
#2155=ORIENTED_EDGE('',*,*,#1616,.T.);
#2156=ORIENTED_EDGE('',*,*,#1617,.F.);
#2157=ORIENTED_EDGE('',*,*,#1618,.F.);
#2158=ORIENTED_EDGE('',*,*,#1619,.F.);
#2159=ORIENTED_EDGE('',*,*,#1620,.F.);
#2160=ORIENTED_EDGE('',*,*,#1621,.F.);
#2161=ORIENTED_EDGE('',*,*,#1622,.F.);
#2162=ORIENTED_EDGE('',*,*,#1623,.F.);
#2163=ORIENTED_EDGE('',*,*,#1624,.T.);
#2164=ORIENTED_EDGE('',*,*,#1625,.F.);
#2165=ORIENTED_EDGE('',*,*,#1626,.F.);
#2166=ORIENTED_EDGE('',*,*,#1612,.F.);
#2167=ORIENTED_EDGE('',*,*,#1627,.T.);
#2168=ORIENTED_EDGE('',*,*,#1628,.F.);
#2169=ORIENTED_EDGE('',*,*,#1629,.F.);
#2170=ORIENTED_EDGE('',*,*,#1630,.F.);
#2171=ORIENTED_EDGE('',*,*,#1631,.T.);
#2172=ORIENTED_EDGE('',*,*,#1632,.T.);
#2173=ORIENTED_EDGE('',*,*,#1633,.T.);
#2174=ORIENTED_EDGE('',*,*,#1634,.T.);
#2175=ORIENTED_EDGE('',*,*,#1632,.F.);
#2176=ORIENTED_EDGE('',*,*,#1635,.T.);
#2177=ORIENTED_EDGE('',*,*,#1636,.T.);
#2178=ORIENTED_EDGE('',*,*,#1637,.F.);
#2179=ORIENTED_EDGE('',*,*,#1638,.T.);
#2180=ORIENTED_EDGE('',*,*,#1639,.T.);
#2181=ORIENTED_EDGE('',*,*,#1640,.T.);
#2182=ORIENTED_EDGE('',*,*,#1641,.T.);
#2183=ORIENTED_EDGE('',*,*,#1557,.F.);
#2184=ORIENTED_EDGE('',*,*,#1642,.F.);
#2185=ORIENTED_EDGE('',*,*,#1643,.F.);
#2186=ORIENTED_EDGE('',*,*,#1644,.F.);
#2187=ORIENTED_EDGE('',*,*,#1645,.T.);
#2188=ORIENTED_EDGE('',*,*,#1646,.F.);
#2189=ORIENTED_EDGE('',*,*,#1647,.F.);
#2190=ORIENTED_EDGE('',*,*,#1648,.F.);
#2191=ORIENTED_EDGE('',*,*,#1649,.T.);
#2192=ORIENTED_EDGE('',*,*,#1650,.F.);
#2193=ORIENTED_EDGE('',*,*,#1651,.F.);
#2194=ORIENTED_EDGE('',*,*,#1652,.F.);
#2195=ORIENTED_EDGE('',*,*,#1653,.T.);
#2196=ORIENTED_EDGE('',*,*,#1654,.F.);
#2197=ORIENTED_EDGE('',*,*,#1655,.F.);
#2198=ORIENTED_EDGE('',*,*,#1656,.F.);
#2199=ORIENTED_EDGE('',*,*,#1657,.T.);
#2200=ORIENTED_EDGE('',*,*,#1658,.T.);
#2201=ORIENTED_EDGE('',*,*,#1659,.F.);
#2202=ORIENTED_EDGE('',*,*,#1660,.F.);
#2203=ORIENTED_EDGE('',*,*,#1661,.T.);
#2204=ORIENTED_EDGE('',*,*,#1662,.F.);
#2205=ORIENTED_EDGE('',*,*,#1663,.F.);
#2206=ORIENTED_EDGE('',*,*,#1639,.F.);
#2207=ORIENTED_EDGE('',*,*,#1664,.T.);
#2208=ORIENTED_EDGE('',*,*,#1634,.F.);
#2209=ORIENTED_EDGE('',*,*,#1665,.F.);
#2210=ORIENTED_EDGE('',*,*,#1609,.F.);
#2211=ORIENTED_EDGE('',*,*,#1666,.T.);
#2212=ORIENTED_EDGE('',*,*,#1667,.T.);
#2213=ORIENTED_EDGE('',*,*,#1668,.T.);
#2214=ORIENTED_EDGE('',*,*,#1654,.T.);
#2215=ORIENTED_EDGE('',*,*,#1667,.F.);
#2216=ORIENTED_EDGE('',*,*,#1669,.F.);
#2217=ORIENTED_EDGE('',*,*,#1670,.T.);
#2218=ORIENTED_EDGE('',*,*,#1671,.F.);
#2219=ORIENTED_EDGE('',*,*,#1672,.T.);
#2220=ORIENTED_EDGE('',*,*,#1652,.T.);
#2221=ORIENTED_EDGE('',*,*,#1673,.T.);
#2222=ORIENTED_EDGE('',*,*,#1674,.T.);
#2223=ORIENTED_EDGE('',*,*,#1675,.T.);
#2224=ORIENTED_EDGE('',*,*,#1676,.T.);
#2225=ORIENTED_EDGE('',*,*,#1677,.T.);
#2226=ORIENTED_EDGE('',*,*,#1646,.T.);
#2227=ORIENTED_EDGE('',*,*,#1676,.F.);
#2228=ORIENTED_EDGE('',*,*,#1678,.T.);
#2229=ORIENTED_EDGE('',*,*,#1679,.T.);
#2230=ORIENTED_EDGE('',*,*,#1680,.F.);
#2231=ORIENTED_EDGE('',*,*,#1681,.T.);
#2232=ORIENTED_EDGE('',*,*,#1644,.T.);
#2233=ORIENTED_EDGE('',*,*,#1682,.T.);
#2234=ORIENTED_EDGE('',*,*,#1683,.T.);
#2235=ORIENTED_EDGE('',*,*,#1684,.T.);
#2236=ORIENTED_EDGE('',*,*,#1685,.T.);
#2237=ORIENTED_EDGE('',*,*,#1686,.T.);
#2238=ORIENTED_EDGE('',*,*,#1601,.T.);
#2239=ORIENTED_EDGE('',*,*,#1685,.F.);
#2240=ORIENTED_EDGE('',*,*,#1687,.F.);
#2241=ORIENTED_EDGE('',*,*,#1688,.T.);
#2242=ORIENTED_EDGE('',*,*,#1689,.F.);
#2243=ORIENTED_EDGE('',*,*,#1690,.T.);
#2244=ORIENTED_EDGE('',*,*,#1599,.T.);
#2245=ORIENTED_EDGE('',*,*,#1691,.T.);
#2246=ORIENTED_EDGE('',*,*,#1692,.T.);
#2247=ORIENTED_EDGE('',*,*,#1693,.T.);
#2248=ORIENTED_EDGE('',*,*,#1694,.T.);
#2249=ORIENTED_EDGE('',*,*,#1695,.T.);
#2250=ORIENTED_EDGE('',*,*,#1621,.T.);
#2251=ORIENTED_EDGE('',*,*,#1694,.F.);
#2252=ORIENTED_EDGE('',*,*,#1696,.T.);
#2253=ORIENTED_EDGE('',*,*,#1697,.T.);
#2254=ORIENTED_EDGE('',*,*,#1698,.F.);
#2255=ORIENTED_EDGE('',*,*,#1699,.T.);
#2256=ORIENTED_EDGE('',*,*,#1619,.T.);
#2257=ORIENTED_EDGE('',*,*,#1700,.T.);
#2258=ORIENTED_EDGE('',*,*,#1701,.T.);
#2259=ORIENTED_EDGE('',*,*,#1702,.T.);
#2260=ORIENTED_EDGE('',*,*,#1703,.T.);
#2261=ORIENTED_EDGE('',*,*,#1704,.T.);
#2262=ORIENTED_EDGE('',*,*,#1628,.T.);
#2263=ORIENTED_EDGE('',*,*,#1703,.F.);
#2264=ORIENTED_EDGE('',*,*,#1705,.T.);
#2265=ORIENTED_EDGE('',*,*,#1706,.T.);
#2266=ORIENTED_EDGE('',*,*,#1707,.F.);
#2267=ORIENTED_EDGE('',*,*,#1575,.F.);
#2268=ORIENTED_EDGE('',*,*,#1592,.T.);
#2269=ORIENTED_EDGE('',*,*,#1708,.T.);
#2270=ORIENTED_EDGE('',*,*,#1709,.T.);
#2271=ORIENTED_EDGE('',*,*,#1480,.F.);
#2272=ORIENTED_EDGE('',*,*,#1488,.F.);
#2273=ORIENTED_EDGE('',*,*,#1710,.F.);
#2274=ORIENTED_EDGE('',*,*,#1711,.F.);
#2275=ORIENTED_EDGE('',*,*,#1616,.F.);
#2276=ORIENTED_EDGE('',*,*,#1712,.F.);
#2277=ORIENTED_EDGE('',*,*,#1713,.F.);
#2278=ORIENTED_EDGE('',*,*,#1708,.F.);
#2279=ORIENTED_EDGE('',*,*,#1591,.F.);
#2280=ORIENTED_EDGE('',*,*,#1594,.F.);
#2281=ORIENTED_EDGE('',*,*,#1595,.F.);
#2282=ORIENTED_EDGE('',*,*,#1714,.F.);
#2283=ORIENTED_EDGE('',*,*,#1715,.F.);
#2284=ORIENTED_EDGE('',*,*,#1560,.F.);
#2285=ORIENTED_EDGE('',*,*,#1716,.T.);
#2286=ORIENTED_EDGE('',*,*,#1717,.T.);
#2287=ORIENTED_EDGE('',*,*,#1642,.T.);
#2288=ORIENTED_EDGE('',*,*,#1571,.F.);
#2289=ORIENTED_EDGE('',*,*,#1718,.T.);
#2290=ORIENTED_EDGE('',*,*,#1712,.T.);
#2291=ORIENTED_EDGE('',*,*,#1615,.T.);
#2292=ORIENTED_EDGE('',*,*,#1566,.F.);
#2293=ORIENTED_EDGE('',*,*,#1630,.T.);
#2294=ORIENTED_EDGE('',*,*,#1719,.T.);
#2295=ORIENTED_EDGE('',*,*,#1720,.T.);
#2296=ORIENTED_EDGE('',*,*,#1563,.F.);
#2297=ORIENTED_EDGE('',*,*,#1720,.F.);
#2298=ORIENTED_EDGE('',*,*,#1721,.F.);
#2299=ORIENTED_EDGE('',*,*,#1716,.F.);
#2300=ORIENTED_EDGE('',*,*,#1722,.T.);
#2301=ORIENTED_EDGE('',*,*,#1723,.T.);
#2302=ORIENTED_EDGE('',*,*,#1724,.T.);
#2303=ORIENTED_EDGE('',*,*,#1540,.T.);
#2304=ORIENTED_EDGE('',*,*,#1722,.F.);
#2305=ORIENTED_EDGE('',*,*,#1543,.T.);
#2306=ORIENTED_EDGE('',*,*,#1725,.T.);
#2307=ORIENTED_EDGE('',*,*,#1726,.T.);
#2308=ORIENTED_EDGE('',*,*,#1727,.T.);
#2309=ORIENTED_EDGE('',*,*,#1728,.T.);
#2310=ORIENTED_EDGE('',*,*,#1725,.F.);
#2311=ORIENTED_EDGE('',*,*,#1545,.T.);
#2312=ORIENTED_EDGE('',*,*,#1727,.F.);
#2313=ORIENTED_EDGE('',*,*,#1547,.T.);
#2314=ORIENTED_EDGE('',*,*,#1729,.T.);
#2315=ORIENTED_EDGE('',*,*,#1730,.T.);
#2316=ORIENTED_EDGE('',*,*,#1731,.T.);
#2317=ORIENTED_EDGE('',*,*,#1732,.T.);
#2318=ORIENTED_EDGE('',*,*,#1729,.F.);
#2319=ORIENTED_EDGE('',*,*,#1733,.T.);
#2320=ORIENTED_EDGE('',*,*,#1731,.F.);
#2321=ORIENTED_EDGE('',*,*,#1734,.T.);
#2322=ORIENTED_EDGE('',*,*,#1735,.T.);
#2323=ORIENTED_EDGE('',*,*,#1736,.T.);
#2324=ORIENTED_EDGE('',*,*,#1737,.T.);
#2325=ORIENTED_EDGE('',*,*,#1738,.T.);
#2326=ORIENTED_EDGE('',*,*,#1735,.F.);
#2327=ORIENTED_EDGE('',*,*,#1739,.T.);
#2328=ORIENTED_EDGE('',*,*,#1737,.F.);
#2329=ORIENTED_EDGE('',*,*,#1740,.T.);
#2330=ORIENTED_EDGE('',*,*,#1724,.F.);
#2331=ORIENTED_EDGE('',*,*,#1741,.T.);
#2332=ORIENTED_EDGE('',*,*,#1723,.F.);
#2333=ORIENTED_EDGE('',*,*,#1726,.F.);
#2334=ORIENTED_EDGE('',*,*,#1728,.F.);
#2335=ORIENTED_EDGE('',*,*,#1730,.F.);
#2336=ORIENTED_EDGE('',*,*,#1732,.F.);
#2337=ORIENTED_EDGE('',*,*,#1736,.F.);
#2338=ORIENTED_EDGE('',*,*,#1738,.F.);
#2339=ORIENTED_EDGE('',*,*,#1741,.F.);
#2340=ORIENTED_EDGE('',*,*,#1742,.T.);
#2341=ORIENTED_EDGE('',*,*,#1743,.F.);
#2342=ORIENTED_EDGE('',*,*,#1744,.T.);
#2343=ORIENTED_EDGE('',*,*,#1745,.F.);
#2344=ORIENTED_EDGE('',*,*,#1746,.T.);
#2345=ORIENTED_EDGE('',*,*,#1747,.F.);
#2346=ORIENTED_EDGE('',*,*,#1748,.T.);
#2347=ORIENTED_EDGE('',*,*,#1749,.F.);
#2348=ORIENTED_EDGE('',*,*,#1525,.F.);
#2349=ORIENTED_EDGE('',*,*,#1541,.T.);
#2350=ORIENTED_EDGE('',*,*,#1740,.F.);
#2351=ORIENTED_EDGE('',*,*,#1750,.T.);
#2352=ORIENTED_EDGE('',*,*,#1522,.F.);
#2353=ORIENTED_EDGE('',*,*,#1750,.F.);
#2354=ORIENTED_EDGE('',*,*,#1739,.F.);
#2355=ORIENTED_EDGE('',*,*,#1751,.F.);
#2356=ORIENTED_EDGE('',*,*,#1517,.F.);
#2357=ORIENTED_EDGE('',*,*,#1752,.F.);
#2358=ORIENTED_EDGE('',*,*,#1733,.F.);
#2359=ORIENTED_EDGE('',*,*,#1546,.F.);
#2360=ORIENTED_EDGE('',*,*,#1509,.F.);
#2361=ORIENTED_EDGE('',*,*,#1751,.T.);
#2362=ORIENTED_EDGE('',*,*,#1734,.F.);
#2363=ORIENTED_EDGE('',*,*,#1752,.T.);
#2364=ORIENTED_EDGE('',*,*,#1519,.F.);
#2365=ORIENTED_EDGE('',*,*,#1753,.F.);
#2366=ORIENTED_EDGE('',*,*,#1754,.T.);
#2367=ORIENTED_EDGE('',*,*,#1749,.T.);
#2368=ORIENTED_EDGE('',*,*,#1755,.T.);
#2369=ORIENTED_EDGE('',*,*,#1753,.T.);
#2370=ORIENTED_EDGE('',*,*,#1756,.F.);
#2371=ORIENTED_EDGE('',*,*,#1757,.T.);
#2372=ORIENTED_EDGE('',*,*,#1758,.F.);
#2373=ORIENTED_EDGE('',*,*,#1759,.F.);
#2374=ORIENTED_EDGE('',*,*,#1760,.T.);
#2375=ORIENTED_EDGE('',*,*,#1761,.F.);
#2376=ORIENTED_EDGE('',*,*,#1602,.T.);
#2377=ORIENTED_EDGE('',*,*,#1686,.F.);
#2378=ORIENTED_EDGE('',*,*,#1689,.T.);
#2379=ORIENTED_EDGE('',*,*,#1762,.T.);
#2380=ORIENTED_EDGE('',*,*,#1763,.T.);
#2381=ORIENTED_EDGE('',*,*,#1691,.F.);
#2382=ORIENTED_EDGE('',*,*,#1598,.T.);
#2383=ORIENTED_EDGE('',*,*,#1606,.F.);
#2384=ORIENTED_EDGE('',*,*,#1608,.T.);
#2385=ORIENTED_EDGE('',*,*,#1610,.F.);
#2386=ORIENTED_EDGE('',*,*,#1665,.T.);
#2387=ORIENTED_EDGE('',*,*,#1633,.F.);
#2388=ORIENTED_EDGE('',*,*,#1637,.T.);
#2389=ORIENTED_EDGE('',*,*,#1764,.T.);
#2390=ORIENTED_EDGE('',*,*,#1765,.T.);
#2391=ORIENTED_EDGE('',*,*,#1640,.F.);
#2392=ORIENTED_EDGE('',*,*,#1663,.T.);
#2393=ORIENTED_EDGE('',*,*,#1766,.F.);
#2394=ORIENTED_EDGE('',*,*,#1767,.T.);
#2395=ORIENTED_EDGE('',*,*,#1768,.F.);
#2396=ORIENTED_EDGE('',*,*,#1769,.F.);
#2397=ORIENTED_EDGE('',*,*,#1770,.T.);
#2398=ORIENTED_EDGE('',*,*,#1771,.T.);
#2399=ORIENTED_EDGE('',*,*,#1755,.F.);
#2400=ORIENTED_EDGE('',*,*,#1748,.F.);
#2401=ORIENTED_EDGE('',*,*,#1772,.F.);
#2402=ORIENTED_EDGE('',*,*,#1756,.T.);
#2403=ORIENTED_EDGE('',*,*,#1773,.F.);
#2404=ORIENTED_EDGE('',*,*,#1774,.T.);
#2405=ORIENTED_EDGE('',*,*,#1745,.T.);
#2406=ORIENTED_EDGE('',*,*,#1775,.T.);
#2407=ORIENTED_EDGE('',*,*,#1773,.T.);
#2408=ORIENTED_EDGE('',*,*,#1776,.F.);
#2409=ORIENTED_EDGE('',*,*,#1777,.T.);
#2410=ORIENTED_EDGE('',*,*,#1778,.F.);
#2411=ORIENTED_EDGE('',*,*,#1779,.F.);
#2412=ORIENTED_EDGE('',*,*,#1780,.T.);
#2413=ORIENTED_EDGE('',*,*,#1781,.F.);
#2414=ORIENTED_EDGE('',*,*,#1647,.T.);
#2415=ORIENTED_EDGE('',*,*,#1677,.F.);
#2416=ORIENTED_EDGE('',*,*,#1680,.T.);
#2417=ORIENTED_EDGE('',*,*,#1782,.T.);
#2418=ORIENTED_EDGE('',*,*,#1783,.T.);
#2419=ORIENTED_EDGE('',*,*,#1682,.F.);
#2420=ORIENTED_EDGE('',*,*,#1643,.T.);
#2421=ORIENTED_EDGE('',*,*,#1717,.F.);
#2422=ORIENTED_EDGE('',*,*,#1721,.T.);
#2423=ORIENTED_EDGE('',*,*,#1719,.F.);
#2424=ORIENTED_EDGE('',*,*,#1629,.T.);
#2425=ORIENTED_EDGE('',*,*,#1704,.F.);
#2426=ORIENTED_EDGE('',*,*,#1707,.T.);
#2427=ORIENTED_EDGE('',*,*,#1784,.T.);
#2428=ORIENTED_EDGE('',*,*,#1785,.T.);
#2429=ORIENTED_EDGE('',*,*,#1613,.F.);
#2430=ORIENTED_EDGE('',*,*,#1626,.T.);
#2431=ORIENTED_EDGE('',*,*,#1786,.F.);
#2432=ORIENTED_EDGE('',*,*,#1787,.T.);
#2433=ORIENTED_EDGE('',*,*,#1788,.F.);
#2434=ORIENTED_EDGE('',*,*,#1789,.F.);
#2435=ORIENTED_EDGE('',*,*,#1790,.T.);
#2436=ORIENTED_EDGE('',*,*,#1791,.T.);
#2437=ORIENTED_EDGE('',*,*,#1775,.F.);
#2438=ORIENTED_EDGE('',*,*,#1744,.F.);
#2439=ORIENTED_EDGE('',*,*,#1792,.F.);
#2440=ORIENTED_EDGE('',*,*,#1776,.T.);
#2441=ORIENTED_EDGE('',*,*,#1757,.F.);
#2442=ORIENTED_EDGE('',*,*,#1772,.T.);
#2443=ORIENTED_EDGE('',*,*,#1747,.T.);
#2444=ORIENTED_EDGE('',*,*,#1793,.T.);
#2445=ORIENTED_EDGE('',*,*,#1777,.F.);
#2446=ORIENTED_EDGE('',*,*,#1792,.T.);
#2447=ORIENTED_EDGE('',*,*,#1743,.T.);
#2448=ORIENTED_EDGE('',*,*,#1794,.T.);
#2449=ORIENTED_EDGE('',*,*,#1795,.T.);
#2450=ORIENTED_EDGE('',*,*,#1796,.T.);
#2451=ORIENTED_EDGE('',*,*,#1797,.T.);
#2452=ORIENTED_EDGE('',*,*,#1623,.T.);
#2453=ORIENTED_EDGE('',*,*,#1795,.F.);
#2454=ORIENTED_EDGE('',*,*,#1622,.T.);
#2455=ORIENTED_EDGE('',*,*,#1695,.F.);
#2456=ORIENTED_EDGE('',*,*,#1698,.T.);
#2457=ORIENTED_EDGE('',*,*,#1798,.T.);
#2458=ORIENTED_EDGE('',*,*,#1799,.T.);
#2459=ORIENTED_EDGE('',*,*,#1700,.F.);
#2460=ORIENTED_EDGE('',*,*,#1618,.T.);
#2461=ORIENTED_EDGE('',*,*,#1800,.F.);
#2462=ORIENTED_EDGE('',*,*,#1801,.T.);
#2463=ORIENTED_EDGE('',*,*,#1802,.F.);
#2464=ORIENTED_EDGE('',*,*,#1803,.F.);
#2465=ORIENTED_EDGE('',*,*,#1804,.F.);
#2466=ORIENTED_EDGE('',*,*,#1805,.T.);
#2467=ORIENTED_EDGE('',*,*,#1806,.T.);
#2468=ORIENTED_EDGE('',*,*,#1786,.T.);
#2469=ORIENTED_EDGE('',*,*,#1625,.T.);
#2470=ORIENTED_EDGE('',*,*,#1807,.T.);
#2471=ORIENTED_EDGE('',*,*,#1808,.T.);
#2472=ORIENTED_EDGE('',*,*,#1809,.T.);
#2473=ORIENTED_EDGE('',*,*,#1650,.T.);
#2474=ORIENTED_EDGE('',*,*,#1810,.T.);
#2475=ORIENTED_EDGE('',*,*,#1811,.T.);
#2476=ORIENTED_EDGE('',*,*,#1809,.F.);
#2477=ORIENTED_EDGE('',*,*,#1812,.T.);
#2478=ORIENTED_EDGE('',*,*,#1813,.F.);
#2479=ORIENTED_EDGE('',*,*,#1814,.F.);
#2480=ORIENTED_EDGE('',*,*,#1815,.F.);
#2481=ORIENTED_EDGE('',*,*,#1816,.T.);
#2482=ORIENTED_EDGE('',*,*,#1817,.F.);
#2483=ORIENTED_EDGE('',*,*,#1659,.T.);
#2484=ORIENTED_EDGE('',*,*,#1818,.T.);
#2485=ORIENTED_EDGE('',*,*,#1819,.T.);
#2486=ORIENTED_EDGE('',*,*,#1820,.T.);
#2487=ORIENTED_EDGE('',*,*,#1655,.T.);
#2488=ORIENTED_EDGE('',*,*,#1668,.F.);
#2489=ORIENTED_EDGE('',*,*,#1671,.T.);
#2490=ORIENTED_EDGE('',*,*,#1821,.T.);
#2491=ORIENTED_EDGE('',*,*,#1822,.T.);
#2492=ORIENTED_EDGE('',*,*,#1673,.F.);
#2493=ORIENTED_EDGE('',*,*,#1651,.T.);
#2494=ORIENTED_EDGE('',*,*,#1823,.T.);
#2495=ORIENTED_EDGE('',*,*,#1781,.T.);
#2496=ORIENTED_EDGE('',*,*,#1824,.T.);
#2497=ORIENTED_EDGE('',*,*,#1825,.T.);
#2498=ORIENTED_EDGE('',*,*,#1648,.T.);
#2499=ORIENTED_EDGE('',*,*,#1824,.F.);
#2500=ORIENTED_EDGE('',*,*,#1780,.F.);
#2501=ORIENTED_EDGE('',*,*,#1826,.F.);
#2502=ORIENTED_EDGE('',*,*,#1827,.T.);
#2503=ORIENTED_EDGE('',*,*,#1817,.T.);
#2504=ORIENTED_EDGE('',*,*,#1828,.T.);
#2505=ORIENTED_EDGE('',*,*,#1829,.T.);
#2506=ORIENTED_EDGE('',*,*,#1660,.T.);
#2507=ORIENTED_EDGE('',*,*,#1828,.F.);
#2508=ORIENTED_EDGE('',*,*,#1816,.F.);
#2509=ORIENTED_EDGE('',*,*,#1830,.F.);
#2510=ORIENTED_EDGE('',*,*,#1831,.T.);
#2511=ORIENTED_EDGE('',*,*,#1766,.T.);
#2512=ORIENTED_EDGE('',*,*,#1662,.T.);
#2513=ORIENTED_EDGE('',*,*,#1832,.T.);
#2514=ORIENTED_EDGE('',*,*,#1833,.T.);
#2515=ORIENTED_EDGE('',*,*,#1833,.F.);
#2516=ORIENTED_EDGE('',*,*,#1834,.T.);
#2517=ORIENTED_EDGE('',*,*,#1835,.F.);
#2518=ORIENTED_EDGE('',*,*,#1767,.F.);
#2519=ORIENTED_EDGE('',*,*,#1761,.T.);
#2520=ORIENTED_EDGE('',*,*,#1836,.T.);
#2521=ORIENTED_EDGE('',*,*,#1837,.T.);
#2522=ORIENTED_EDGE('',*,*,#1603,.T.);
#2523=ORIENTED_EDGE('',*,*,#1800,.T.);
#2524=ORIENTED_EDGE('',*,*,#1617,.T.);
#2525=ORIENTED_EDGE('',*,*,#1711,.T.);
#2526=ORIENTED_EDGE('',*,*,#1838,.T.);
#2527=ORIENTED_EDGE('',*,*,#1487,.F.);
#2528=ORIENTED_EDGE('',*,*,#1839,.T.);
#2529=ORIENTED_EDGE('',*,*,#1840,.F.);
#2530=ORIENTED_EDGE('',*,*,#1801,.F.);
#2531=ORIENTED_EDGE('',*,*,#1838,.F.);
#2532=ORIENTED_EDGE('',*,*,#1710,.T.);
#2533=ORIENTED_EDGE('',*,*,#1841,.F.);
#2534=ORIENTED_EDGE('',*,*,#1826,.T.);
#2535=ORIENTED_EDGE('',*,*,#1779,.T.);
#2536=ORIENTED_EDGE('',*,*,#1842,.T.);
#2537=ORIENTED_EDGE('',*,*,#1841,.T.);
#2538=ORIENTED_EDGE('',*,*,#1843,.F.);
#2539=ORIENTED_EDGE('',*,*,#1844,.T.);
#2540=ORIENTED_EDGE('',*,*,#1845,.F.);
#2541=ORIENTED_EDGE('',*,*,#1810,.F.);
#2542=ORIENTED_EDGE('',*,*,#1649,.F.);
#2543=ORIENTED_EDGE('',*,*,#1825,.F.);
#2544=ORIENTED_EDGE('',*,*,#1827,.F.);
#2545=ORIENTED_EDGE('',*,*,#1846,.F.);
#2546=ORIENTED_EDGE('',*,*,#1754,.F.);
#2547=ORIENTED_EDGE('',*,*,#1769,.T.);
#2548=ORIENTED_EDGE('',*,*,#1847,.F.);
#2549=ORIENTED_EDGE('',*,*,#1848,.T.);
#2550=ORIENTED_EDGE('',*,*,#1849,.F.);
#2551=ORIENTED_EDGE('',*,*,#1814,.T.);
#2552=ORIENTED_EDGE('',*,*,#1850,.F.);
#2553=ORIENTED_EDGE('',*,*,#1843,.T.);
#2554=ORIENTED_EDGE('',*,*,#1842,.F.);
#2555=ORIENTED_EDGE('',*,*,#1778,.T.);
#2556=ORIENTED_EDGE('',*,*,#1794,.F.);
#2557=ORIENTED_EDGE('',*,*,#1742,.F.);
#2558=ORIENTED_EDGE('',*,*,#1844,.F.);
#2559=ORIENTED_EDGE('',*,*,#1850,.T.);
#2560=ORIENTED_EDGE('',*,*,#1813,.T.);
#2561=ORIENTED_EDGE('',*,*,#1851,.T.);
#2562=ORIENTED_EDGE('',*,*,#1811,.F.);
#2563=ORIENTED_EDGE('',*,*,#1845,.T.);
#2564=ORIENTED_EDGE('',*,*,#1851,.F.);
#2565=ORIENTED_EDGE('',*,*,#1812,.F.);
#2566=ORIENTED_EDGE('',*,*,#1852,.F.);
#2567=ORIENTED_EDGE('',*,*,#1830,.T.);
#2568=ORIENTED_EDGE('',*,*,#1815,.T.);
#2569=ORIENTED_EDGE('',*,*,#1849,.T.);
#2570=ORIENTED_EDGE('',*,*,#1852,.T.);
#2571=ORIENTED_EDGE('',*,*,#1848,.F.);
#2572=ORIENTED_EDGE('',*,*,#1853,.T.);
#2573=ORIENTED_EDGE('',*,*,#1834,.F.);
#2574=ORIENTED_EDGE('',*,*,#1832,.F.);
#2575=ORIENTED_EDGE('',*,*,#1661,.F.);
#2576=ORIENTED_EDGE('',*,*,#1829,.F.);
#2577=ORIENTED_EDGE('',*,*,#1831,.F.);
#2578=ORIENTED_EDGE('',*,*,#1854,.F.);
#2579=ORIENTED_EDGE('',*,*,#1853,.F.);
#2580=ORIENTED_EDGE('',*,*,#1847,.T.);
#2581=ORIENTED_EDGE('',*,*,#1768,.T.);
#2582=ORIENTED_EDGE('',*,*,#1835,.T.);
#2583=ORIENTED_EDGE('',*,*,#1855,.F.);
#2584=ORIENTED_EDGE('',*,*,#1856,.T.);
#2585=ORIENTED_EDGE('',*,*,#1804,.T.);
#2586=ORIENTED_EDGE('',*,*,#1857,.T.);
#2587=ORIENTED_EDGE('',*,*,#1855,.T.);
#2588=ORIENTED_EDGE('',*,*,#1858,.F.);
#2589=ORIENTED_EDGE('',*,*,#1859,.T.);
#2590=ORIENTED_EDGE('',*,*,#1860,.F.);
#2591=ORIENTED_EDGE('',*,*,#1807,.F.);
#2592=ORIENTED_EDGE('',*,*,#1624,.F.);
#2593=ORIENTED_EDGE('',*,*,#1797,.F.);
#2594=ORIENTED_EDGE('',*,*,#1861,.F.);
#2595=ORIENTED_EDGE('',*,*,#1862,.F.);
#2596=ORIENTED_EDGE('',*,*,#1774,.F.);
#2597=ORIENTED_EDGE('',*,*,#1789,.T.);
#2598=ORIENTED_EDGE('',*,*,#1863,.F.);
#2599=ORIENTED_EDGE('',*,*,#1858,.T.);
#2600=ORIENTED_EDGE('',*,*,#1857,.F.);
#2601=ORIENTED_EDGE('',*,*,#1803,.T.);
#2602=ORIENTED_EDGE('',*,*,#1864,.F.);
#2603=ORIENTED_EDGE('',*,*,#1865,.T.);
#2604=ORIENTED_EDGE('',*,*,#1866,.F.);
#2605=ORIENTED_EDGE('',*,*,#1758,.T.);
#2606=ORIENTED_EDGE('',*,*,#1793,.F.);
#2607=ORIENTED_EDGE('',*,*,#1746,.F.);
#2608=ORIENTED_EDGE('',*,*,#1859,.F.);
#2609=ORIENTED_EDGE('',*,*,#1863,.T.);
#2610=ORIENTED_EDGE('',*,*,#1788,.T.);
#2611=ORIENTED_EDGE('',*,*,#1867,.T.);
#2612=ORIENTED_EDGE('',*,*,#1808,.F.);
#2613=ORIENTED_EDGE('',*,*,#1860,.T.);
#2614=ORIENTED_EDGE('',*,*,#1867,.F.);
#2615=ORIENTED_EDGE('',*,*,#1787,.F.);
#2616=ORIENTED_EDGE('',*,*,#1868,.F.);
#2617=ORIENTED_EDGE('',*,*,#1869,.T.);
#2618=ORIENTED_EDGE('',*,*,#1759,.T.);
#2619=ORIENTED_EDGE('',*,*,#1866,.T.);
#2620=ORIENTED_EDGE('',*,*,#1836,.F.);
#2621=ORIENTED_EDGE('',*,*,#1760,.F.);
#2622=ORIENTED_EDGE('',*,*,#1869,.F.);
#2623=ORIENTED_EDGE('',*,*,#1870,.T.);
#2624=ORIENTED_EDGE('',*,*,#1871,.F.);
#2625=ORIENTED_EDGE('',*,*,#1864,.T.);
#2626=ORIENTED_EDGE('',*,*,#1802,.T.);
#2627=ORIENTED_EDGE('',*,*,#1840,.T.);
#2628=ORIENTED_EDGE('',*,*,#1486,.T.);
#2629=ORIENTED_EDGE('',*,*,#1478,.F.);
#2630=ORIENTED_EDGE('',*,*,#1596,.T.);
#2631=ORIENTED_EDGE('',*,*,#1482,.T.);
#2632=ORIENTED_EDGE('',*,*,#1604,.F.);
#2633=ORIENTED_EDGE('',*,*,#1837,.F.);
#2634=ORIENTED_EDGE('',*,*,#1870,.F.);
#2635=ORIENTED_EDGE('',*,*,#1868,.T.);
#2636=ORIENTED_EDGE('',*,*,#1865,.F.);
#2637=ORIENTED_EDGE('',*,*,#1871,.T.);
#2638=ORIENTED_EDGE('',*,*,#1839,.F.);
#2639=ORIENTED_EDGE('',*,*,#1872,.F.);
#2640=ORIENTED_EDGE('',*,*,#1873,.F.);
#2641=ORIENTED_EDGE('',*,*,#1874,.T.);
#2642=ORIENTED_EDGE('',*,*,#1791,.F.);
#2643=ORIENTED_EDGE('',*,*,#1874,.F.);
#2644=ORIENTED_EDGE('',*,*,#1875,.F.);
#2645=ORIENTED_EDGE('',*,*,#1876,.T.);
#2646=ORIENTED_EDGE('',*,*,#1806,.F.);
#2647=ORIENTED_EDGE('',*,*,#1876,.F.);
#2648=ORIENTED_EDGE('',*,*,#1877,.F.);
#2649=ORIENTED_EDGE('',*,*,#1878,.T.);
#2650=ORIENTED_EDGE('',*,*,#1770,.F.);
#2651=ORIENTED_EDGE('',*,*,#1878,.F.);
#2652=ORIENTED_EDGE('',*,*,#1879,.F.);
#2653=ORIENTED_EDGE('',*,*,#1880,.T.);
#2654=ORIENTED_EDGE('',*,*,#1771,.F.);
#2655=ORIENTED_EDGE('',*,*,#1880,.F.);
#2656=ORIENTED_EDGE('',*,*,#1881,.F.);
#2657=ORIENTED_EDGE('',*,*,#1882,.T.);
#2658=ORIENTED_EDGE('',*,*,#1823,.F.);
#2659=ORIENTED_EDGE('',*,*,#1882,.F.);
#2660=ORIENTED_EDGE('',*,*,#1883,.F.);
#2661=ORIENTED_EDGE('',*,*,#1884,.T.);
#2662=ORIENTED_EDGE('',*,*,#1790,.F.);
#2663=ORIENTED_EDGE('',*,*,#1884,.F.);
#2664=ORIENTED_EDGE('',*,*,#1653,.F.);
#2665=ORIENTED_EDGE('',*,*,#1672,.F.);
#2666=ORIENTED_EDGE('',*,*,#1885,.F.);
#2667=ORIENTED_EDGE('',*,*,#1886,.T.);
#2668=ORIENTED_EDGE('',*,*,#1669,.T.);
#2669=ORIENTED_EDGE('',*,*,#1666,.F.);
#2670=ORIENTED_EDGE('',*,*,#1881,.T.);
#2671=ORIENTED_EDGE('',*,*,#1887,.F.);
#2672=ORIENTED_EDGE('',*,*,#1656,.T.);
#2673=ORIENTED_EDGE('',*,*,#1820,.F.);
#2674=ORIENTED_EDGE('',*,*,#1888,.F.);
#2675=ORIENTED_EDGE('',*,*,#1889,.F.);
#2676=ORIENTED_EDGE('',*,*,#1888,.T.);
#2677=ORIENTED_EDGE('',*,*,#1819,.F.);
#2678=ORIENTED_EDGE('',*,*,#1890,.F.);
#2679=ORIENTED_EDGE('',*,*,#1891,.F.);
#2680=ORIENTED_EDGE('',*,*,#1890,.T.);
#2681=ORIENTED_EDGE('',*,*,#1818,.F.);
#2682=ORIENTED_EDGE('',*,*,#1658,.F.);
#2683=ORIENTED_EDGE('',*,*,#1674,.F.);
#2684=ORIENTED_EDGE('',*,*,#1822,.F.);
#2685=ORIENTED_EDGE('',*,*,#1892,.F.);
#2686=ORIENTED_EDGE('',*,*,#1885,.T.);
#2687=ORIENTED_EDGE('',*,*,#1886,.F.);
#2688=ORIENTED_EDGE('',*,*,#1892,.T.);
#2689=ORIENTED_EDGE('',*,*,#1821,.F.);
#2690=ORIENTED_EDGE('',*,*,#1670,.F.);
#2691=ORIENTED_EDGE('',*,*,#1887,.T.);
#2692=ORIENTED_EDGE('',*,*,#1889,.T.);
#2693=ORIENTED_EDGE('',*,*,#1891,.T.);
#2694=ORIENTED_EDGE('',*,*,#1657,.F.);
#2695=ORIENTED_EDGE('',*,*,#1645,.F.);
#2696=ORIENTED_EDGE('',*,*,#1681,.F.);
#2697=ORIENTED_EDGE('',*,*,#1893,.F.);
#2698=ORIENTED_EDGE('',*,*,#1894,.T.);
#2699=ORIENTED_EDGE('',*,*,#1678,.F.);
#2700=ORIENTED_EDGE('',*,*,#1675,.F.);
#2701=ORIENTED_EDGE('',*,*,#1883,.T.);
#2702=ORIENTED_EDGE('',*,*,#1627,.F.);
#2703=ORIENTED_EDGE('',*,*,#1611,.F.);
#2704=ORIENTED_EDGE('',*,*,#1895,.T.);
#2705=ORIENTED_EDGE('',*,*,#1896,.T.);
#2706=ORIENTED_EDGE('',*,*,#1705,.F.);
#2707=ORIENTED_EDGE('',*,*,#1702,.F.);
#2708=ORIENTED_EDGE('',*,*,#1873,.T.);
#2709=ORIENTED_EDGE('',*,*,#1896,.F.);
#2710=ORIENTED_EDGE('',*,*,#1897,.T.);
#2711=ORIENTED_EDGE('',*,*,#1784,.F.);
#2712=ORIENTED_EDGE('',*,*,#1706,.F.);
#2713=ORIENTED_EDGE('',*,*,#1683,.F.);
#2714=ORIENTED_EDGE('',*,*,#1783,.F.);
#2715=ORIENTED_EDGE('',*,*,#1898,.F.);
#2716=ORIENTED_EDGE('',*,*,#1893,.T.);
#2717=ORIENTED_EDGE('',*,*,#1894,.F.);
#2718=ORIENTED_EDGE('',*,*,#1898,.T.);
#2719=ORIENTED_EDGE('',*,*,#1782,.F.);
#2720=ORIENTED_EDGE('',*,*,#1679,.F.);
#2721=ORIENTED_EDGE('',*,*,#1614,.F.);
#2722=ORIENTED_EDGE('',*,*,#1785,.F.);
#2723=ORIENTED_EDGE('',*,*,#1897,.F.);
#2724=ORIENTED_EDGE('',*,*,#1895,.F.);
#2725=ORIENTED_EDGE('',*,*,#1701,.F.);
#2726=ORIENTED_EDGE('',*,*,#1799,.F.);
#2727=ORIENTED_EDGE('',*,*,#1899,.F.);
#2728=ORIENTED_EDGE('',*,*,#1900,.T.);
#2729=ORIENTED_EDGE('',*,*,#1901,.F.);
#2730=ORIENTED_EDGE('',*,*,#1899,.T.);
#2731=ORIENTED_EDGE('',*,*,#1798,.F.);
#2732=ORIENTED_EDGE('',*,*,#1697,.F.);
#2733=ORIENTED_EDGE('',*,*,#1620,.T.);
#2734=ORIENTED_EDGE('',*,*,#1699,.F.);
#2735=ORIENTED_EDGE('',*,*,#1900,.F.);
#2736=ORIENTED_EDGE('',*,*,#1901,.T.);
#2737=ORIENTED_EDGE('',*,*,#1696,.F.);
#2738=ORIENTED_EDGE('',*,*,#1693,.F.);
#2739=ORIENTED_EDGE('',*,*,#1875,.T.);
#2740=ORIENTED_EDGE('',*,*,#1664,.F.);
#2741=ORIENTED_EDGE('',*,*,#1638,.F.);
#2742=ORIENTED_EDGE('',*,*,#1902,.F.);
#2743=ORIENTED_EDGE('',*,*,#1903,.T.);
#2744=ORIENTED_EDGE('',*,*,#1635,.F.);
#2745=ORIENTED_EDGE('',*,*,#1631,.F.);
#2746=ORIENTED_EDGE('',*,*,#1879,.T.);
#2747=ORIENTED_EDGE('',*,*,#1600,.F.);
#2748=ORIENTED_EDGE('',*,*,#1690,.F.);
#2749=ORIENTED_EDGE('',*,*,#1904,.F.);
#2750=ORIENTED_EDGE('',*,*,#1905,.T.);
#2751=ORIENTED_EDGE('',*,*,#1687,.T.);
#2752=ORIENTED_EDGE('',*,*,#1684,.F.);
#2753=ORIENTED_EDGE('',*,*,#1877,.T.);
#2754=ORIENTED_EDGE('',*,*,#1641,.F.);
#2755=ORIENTED_EDGE('',*,*,#1765,.F.);
#2756=ORIENTED_EDGE('',*,*,#1906,.F.);
#2757=ORIENTED_EDGE('',*,*,#1902,.T.);
#2758=ORIENTED_EDGE('',*,*,#1903,.F.);
#2759=ORIENTED_EDGE('',*,*,#1906,.T.);
#2760=ORIENTED_EDGE('',*,*,#1764,.F.);
#2761=ORIENTED_EDGE('',*,*,#1636,.F.);
#2762=ORIENTED_EDGE('',*,*,#1692,.F.);
#2763=ORIENTED_EDGE('',*,*,#1763,.F.);
#2764=ORIENTED_EDGE('',*,*,#1907,.F.);
#2765=ORIENTED_EDGE('',*,*,#1904,.T.);
#2766=ORIENTED_EDGE('',*,*,#1905,.F.);
#2767=ORIENTED_EDGE('',*,*,#1907,.T.);
#2768=ORIENTED_EDGE('',*,*,#1762,.F.);
#2769=ORIENTED_EDGE('',*,*,#1688,.F.);
#2770=ORIENTED_EDGE('',*,*,#1573,.F.);
#2771=ORIENTED_EDGE('',*,*,#1709,.F.);
#2772=ORIENTED_EDGE('',*,*,#1713,.T.);
#2773=ORIENTED_EDGE('',*,*,#1718,.F.);
#2774=ORIENTED_EDGE('',*,*,#1908,.F.);
#2775=ORIENTED_EDGE('',*,*,#1909,.T.);
#2776=ORIENTED_EDGE('',*,*,#1505,.F.);
#2777=ORIENTED_EDGE('',*,*,#1909,.F.);
#2778=ORIENTED_EDGE('',*,*,#1714,.T.);
#2779=ORIENTED_EDGE('',*,*,#1910,.T.);
#2780=ORIENTED_EDGE('',*,*,#1908,.T.);
#2781=ORIENTED_EDGE('',*,*,#1910,.F.);
#2782=ORIENTED_EDGE('',*,*,#1911,.F.);
#2783=ORIENTED_EDGE('',*,*,#1912,.T.);
#2784=ORIENTED_EDGE('',*,*,#1501,.F.);
#2785=ORIENTED_EDGE('',*,*,#1912,.F.);
#2786=ORIENTED_EDGE('',*,*,#1715,.T.);
#2787=ORIENTED_EDGE('',*,*,#1913,.T.);
#2788=ORIENTED_EDGE('',*,*,#1911,.T.);
#2789=ORIENTED_EDGE('',*,*,#1913,.F.);
#2790=ORIENTED_EDGE('',*,*,#1796,.F.);
#2791=ORIENTED_EDGE('',*,*,#1805,.F.);
#2792=ORIENTED_EDGE('',*,*,#1856,.F.);
#2793=ORIENTED_EDGE('',*,*,#1861,.T.);
#2794=ORIENTED_EDGE('',*,*,#1914,.F.);
#2795=ORIENTED_EDGE('',*,*,#1915,.T.);
#2796=ORIENTED_EDGE('',*,*,#1915,.F.);
#2797=ORIENTED_EDGE('',*,*,#1846,.T.);
#2798=ORIENTED_EDGE('',*,*,#1916,.T.);
#2799=ORIENTED_EDGE('',*,*,#1914,.T.);
#2800=ORIENTED_EDGE('',*,*,#1916,.F.);
#2801=ORIENTED_EDGE('',*,*,#1917,.F.);
#2802=ORIENTED_EDGE('',*,*,#1918,.T.);
#2803=ORIENTED_EDGE('',*,*,#1918,.F.);
#2804=ORIENTED_EDGE('',*,*,#1862,.T.);
#2805=ORIENTED_EDGE('',*,*,#1919,.T.);
#2806=ORIENTED_EDGE('',*,*,#1917,.T.);
#2807=ORIENTED_EDGE('',*,*,#1919,.F.);
#2808=ORIENTED_EDGE('',*,*,#1920,.F.);
#2809=ORIENTED_EDGE('',*,*,#1921,.T.);
#2810=ORIENTED_EDGE('',*,*,#1921,.F.);
#2811=ORIENTED_EDGE('',*,*,#1872,.T.);
#2812=ORIENTED_EDGE('',*,*,#1922,.T.);
#2813=ORIENTED_EDGE('',*,*,#1920,.T.);
#2814=ORIENTED_EDGE('',*,*,#1922,.F.);
#2815=ORIENTED_EDGE('',*,*,#1923,.F.);
#2816=ORIENTED_EDGE('',*,*,#1924,.T.);
#2817=ORIENTED_EDGE('',*,*,#1924,.F.);
#2818=ORIENTED_EDGE('',*,*,#1854,.T.);
#2819=ORIENTED_EDGE('',*,*,#1925,.T.);
#2820=ORIENTED_EDGE('',*,*,#1923,.T.);
#2821=ORIENTED_EDGE('',*,*,#1925,.F.);
#2822=CYLINDRICAL_SURFACE('',#3069,2.);
#2823=CYLINDRICAL_SURFACE('',#3072,2.);
#2824=CYLINDRICAL_SURFACE('',#3075,2.);
#2825=CYLINDRICAL_SURFACE('',#3088,1.);
#2826=CYLINDRICAL_SURFACE('',#3093,1.);
#2827=CYLINDRICAL_SURFACE('',#3102,0.5);
#2828=CYLINDRICAL_SURFACE('',#3106,0.5);
#2829=CYLINDRICAL_SURFACE('',#3112,0.5);
#2830=CYLINDRICAL_SURFACE('',#3118,0.5);
#2831=CYLINDRICAL_SURFACE('',#3124,10.);
#2832=CYLINDRICAL_SURFACE('',#3127,10.);
#2833=CYLINDRICAL_SURFACE('',#3135,0.5);
#2834=CYLINDRICAL_SURFACE('',#3141,0.5);
#2835=CYLINDRICAL_SURFACE('',#3147,0.5);
#2836=CYLINDRICAL_SURFACE('',#3152,0.5);
#2837=CYLINDRICAL_SURFACE('',#3157,0.5);
#2838=CYLINDRICAL_SURFACE('',#3162,0.5);
#2839=CYLINDRICAL_SURFACE('',#3166,0.5);
#2840=CYLINDRICAL_SURFACE('',#3172,0.5);
#2841=CYLINDRICAL_SURFACE('',#3174,2.);
#2842=CYLINDRICAL_SURFACE('',#3178,2.);
#2843=CYLINDRICAL_SURFACE('',#3181,2.);
#2844=CYLINDRICAL_SURFACE('',#3184,2.);
#2845=CYLINDRICAL_SURFACE('',#3188,2.);
#2846=CYLINDRICAL_SURFACE('',#3192,2.);
#2847=CYLINDRICAL_SURFACE('',#3196,2.);
#2848=CYLINDRICAL_SURFACE('',#3200,2.);
#2849=CYLINDRICAL_SURFACE('',#3203,2.);
#2850=CYLINDRICAL_SURFACE('',#3207,2.);
#2851=CYLINDRICAL_SURFACE('',#3210,2.);
#2852=CYLINDRICAL_SURFACE('',#3214,2.);
#2853=CYLINDRICAL_SURFACE('',#3217,2.);
#2854=CYLINDRICAL_SURFACE('',#3221,2.);
#2855=CYLINDRICAL_SURFACE('',#3224,2.);
#2856=CYLINDRICAL_SURFACE('',#3228,2.);
#2857=CYLINDRICAL_SURFACE('',#3235,2.);
#2858=CYLINDRICAL_SURFACE('',#3237,2.);
#2859=CYLINDRICAL_SURFACE('',#3238,2.);
#2860=CYLINDRICAL_SURFACE('',#3260,10.);
#2861=CYLINDRICAL_SURFACE('',#3263,10.);
#2862=CYLINDRICAL_SURFACE('',#3264,6.5);
#2863=CYLINDRICAL_SURFACE('',#3277,6.5);
#2864=CYLINDRICAL_SURFACE('',#3290,6.5);
#2865=CYLINDRICAL_SURFACE('',#3291,6.5);
#2866=CYLINDRICAL_SURFACE('',#3292,0.5);
#2867=CYLINDRICAL_SURFACE('',#3301,0.5);
#2868=CYLINDRICAL_SURFACE('',#3303,0.5);
#2869=CYLINDRICAL_SURFACE('',#3312,0.5);
#2870=CYLINDRICAL_SURFACE('',#3315,0.5);
#2871=CYLINDRICAL_SURFACE('',#3318,0.5);
#2872=CYLINDRICAL_SURFACE('',#3321,0.5);
#2873=CYLINDRICAL_SURFACE('',#3323,0.5);
#2874=CYLINDRICAL_SURFACE('',#3325,3.);
#2875=CYLINDRICAL_SURFACE('',#3331,3.);
#2876=CYLINDRICAL_SURFACE('',#3333,3.);
#2877=CYLINDRICAL_SURFACE('',#3338,3.);
#2878=CYLINDRICAL_SURFACE('',#3339,3.);
#2879=CYLINDRICAL_SURFACE('',#3345,3.);
#2880=CYLINDRICAL_SURFACE('',#3347,3.);
#2881=CYLINDRICAL_SURFACE('',#3350,3.);
#2882=CYLINDRICAL_SURFACE('',#3354,1.2);
#2883=CYLINDRICAL_SURFACE('',#3356,1.2);
#2884=CYLINDRICAL_SURFACE('',#3358,1.2);
#2885=CYLINDRICAL_SURFACE('',#3360,1.2);
#2886=CYLINDRICAL_SURFACE('',#3362,1.2);
#2887=CYLINDRICAL_SURFACE('',#3364,1.2);
#2888=CYLINDRICAL_SURFACE('',#3372,2.5);
#2889=CYLINDRICAL_SURFACE('',#3378,2.50000000000168);
#2890=CYLINDRICAL_SURFACE('',#3380,2.49999999999616);
#2891=CYLINDRICAL_SURFACE('',#3383,2.5);
#2892=CYLINDRICAL_SURFACE('',#3391,2.50000000000092);
#2893=CYLINDRICAL_SURFACE('',#3393,2.50000000000094);
#2894=CYLINDRICAL_SURFACE('',#3397,2.5);
#2895=CYLINDRICAL_SURFACE('',#3400,2.5);
#2896=CYLINDRICAL_SURFACE('',#3404,1.5);
#2897=CYLINDRICAL_SURFACE('',#3407,1.5);
#2898=CYLINDRICAL_SURFACE('',#3410,1.5);
#2899=CYLINDRICAL_SURFACE('',#3413,1.5);
#2900=ADVANCED_FACE('',(#133),#2822,.T.);
#2901=ADVANCED_FACE('',(#134),#2823,.F.);
#2902=ADVANCED_FACE('',(#135),#2824,.F.);
#2903=ADVANCED_FACE('',(#136),#119,.T.);
#2904=ADVANCED_FACE('',(#137,#35,#36),#56,.T.);
#2905=ADVANCED_FACE('',(#138),#2825,.F.);
#2906=ADVANCED_FACE('',(#139),#120,.T.);
#2907=ADVANCED_FACE('',(#140),#2826,.F.);
#2908=ADVANCED_FACE('',(#141),#121,.T.);
#2909=ADVANCED_FACE('',(#142),#29,.F.);
#2910=ADVANCED_FACE('',(#143),#2827,.T.);
#2911=ADVANCED_FACE('',(#144),#30,.F.);
#2912=ADVANCED_FACE('',(#145),#2828,.T.);
#2913=ADVANCED_FACE('',(#146),#122,.T.);
#2914=ADVANCED_FACE('',(#147),#2829,.T.);
#2915=ADVANCED_FACE('',(#148),#123,.T.);
#2916=ADVANCED_FACE('',(#149),#2830,.T.);
#2917=ADVANCED_FACE('',(#150),#124,.T.);
#2918=ADVANCED_FACE('',(#151),#57,.T.);
#2919=ADVANCED_FACE('',(#152),#2831,.T.);
#2920=ADVANCED_FACE('',(#153),#58,.T.);
#2921=ADVANCED_FACE('',(#154),#2832,.T.);
#2922=ADVANCED_FACE('',(#155),#59,.F.);
#2923=ADVANCED_FACE('',(#156),#125,.T.);
#2924=ADVANCED_FACE('',(#157),#2833,.T.);
#2925=ADVANCED_FACE('',(#158),#126,.T.);
#2926=ADVANCED_FACE('',(#159),#2834,.T.);
#2927=ADVANCED_FACE('',(#160),#127,.T.);
#2928=ADVANCED_FACE('',(#161),#2835,.T.);
#2929=ADVANCED_FACE('',(#162),#128,.T.);
#2930=ADVANCED_FACE('',(#163),#2836,.T.);
#2931=ADVANCED_FACE('',(#164),#129,.T.);
#2932=ADVANCED_FACE('',(#165),#2837,.T.);
#2933=ADVANCED_FACE('',(#166),#130,.T.);
#2934=ADVANCED_FACE('',(#167),#2838,.T.);
#2935=ADVANCED_FACE('',(#168),#131,.T.);
#2936=ADVANCED_FACE('',(#169),#2839,.T.);
#2937=ADVANCED_FACE('',(#170),#132,.T.);
#2938=ADVANCED_FACE('',(#171),#2840,.T.);
#2939=ADVANCED_FACE('',(#172),#60,.T.);
#2940=ADVANCED_FACE('',(#173),#2841,.T.);
#2941=ADVANCED_FACE('',(#174),#61,.T.);
#2942=ADVANCED_FACE('',(#175),#62,.T.);
#2943=ADVANCED_FACE('',(#176),#2842,.F.);
#2944=ADVANCED_FACE('',(#177),#63,.T.);
#2945=ADVANCED_FACE('',(#178),#2843,.F.);
#2946=ADVANCED_FACE('',(#179),#64,.T.);
#2947=ADVANCED_FACE('',(#180),#2844,.F.);
#2948=ADVANCED_FACE('',(#181),#65,.T.);
#2949=ADVANCED_FACE('',(#182),#2845,.F.);
#2950=ADVANCED_FACE('',(#183),#66,.T.);
#2951=ADVANCED_FACE('',(#184),#2846,.F.);
#2952=ADVANCED_FACE('',(#185),#67,.T.);
#2953=ADVANCED_FACE('',(#186),#2847,.F.);
#2954=ADVANCED_FACE('',(#187),#68,.T.);
#2955=ADVANCED_FACE('',(#188),#2848,.F.);
#2956=ADVANCED_FACE('',(#189),#2849,.F.);
#2957=ADVANCED_FACE('',(#190),#69,.T.);
#2958=ADVANCED_FACE('',(#191),#2850,.F.);
#2959=ADVANCED_FACE('',(#192),#2851,.F.);
#2960=ADVANCED_FACE('',(#193),#70,.T.);
#2961=ADVANCED_FACE('',(#194),#2852,.F.);
#2962=ADVANCED_FACE('',(#195),#2853,.F.);
#2963=ADVANCED_FACE('',(#196),#71,.T.);
#2964=ADVANCED_FACE('',(#197),#2854,.F.);
#2965=ADVANCED_FACE('',(#198),#2855,.F.);
#2966=ADVANCED_FACE('',(#199),#72,.T.);
#2967=ADVANCED_FACE('',(#200),#2856,.T.);
#2968=ADVANCED_FACE('',(#201,#37,#38),#73,.F.);
#2969=ADVANCED_FACE('',(#202),#2857,.F.);
#2970=ADVANCED_FACE('',(#203),#2858,.F.);
#2971=ADVANCED_FACE('',(#204),#2859,.F.);
#2972=ADVANCED_FACE('',(#205),#74,.T.);
#2973=ADVANCED_FACE('',(#206),#75,.T.);
#2974=ADVANCED_FACE('',(#207),#15,.T.);
#2975=ADVANCED_FACE('',(#208),#76,.T.);
#2976=ADVANCED_FACE('',(#209),#16,.T.);
#2977=ADVANCED_FACE('',(#210),#77,.T.);
#2978=ADVANCED_FACE('',(#211),#17,.T.);
#2979=ADVANCED_FACE('',(#212),#78,.T.);
#2980=ADVANCED_FACE('',(#213),#18,.T.);
#2981=ADVANCED_FACE('',(#214,#39),#79,.T.);
#2982=ADVANCED_FACE('',(#215),#2860,.T.);
#2983=ADVANCED_FACE('',(#216),#80,.T.);
#2984=ADVANCED_FACE('',(#217),#81,.T.);
#2985=ADVANCED_FACE('',(#218),#2861,.T.);
#2986=ADVANCED_FACE('',(#219),#2862,.F.);
#2987=ADVANCED_FACE('',(#220,#40,#41),#82,.F.);
#2988=ADVANCED_FACE('',(#221),#83,.T.);
#2989=ADVANCED_FACE('',(#222),#2863,.F.);
#2990=ADVANCED_FACE('',(#223,#42,#43),#84,.F.);
#2991=ADVANCED_FACE('',(#224),#85,.T.);
#2992=ADVANCED_FACE('',(#225),#2864,.F.);
#2993=ADVANCED_FACE('',(#226),#2865,.F.);
#2994=ADVANCED_FACE('',(#227),#2866,.T.);
#2995=ADVANCED_FACE('',(#228,#44),#86,.F.);
#2996=ADVANCED_FACE('',(#229),#2867,.T.);
#2997=ADVANCED_FACE('',(#230),#2868,.T.);
#2998=ADVANCED_FACE('',(#231,#45),#87,.F.);
#2999=ADVANCED_FACE('',(#232),#2869,.T.);
#3000=ADVANCED_FACE('',(#233),#88,.F.);
#3001=ADVANCED_FACE('',(#234),#2870,.T.);
#3002=ADVANCED_FACE('',(#235),#89,.F.);
#3003=ADVANCED_FACE('',(#236),#2871,.T.);
#3004=ADVANCED_FACE('',(#237),#90,.F.);
#3005=ADVANCED_FACE('',(#238),#2872,.T.);
#3006=ADVANCED_FACE('',(#239),#2873,.T.);
#3007=ADVANCED_FACE('',(#240),#91,.F.);
#3008=ADVANCED_FACE('',(#241),#2874,.F.);
#3009=ADVANCED_FACE('',(#242,#46),#92,.F.);
#3010=ADVANCED_FACE('',(#243),#93,.F.);
#3011=ADVANCED_FACE('',(#244),#2875,.F.);
#3012=ADVANCED_FACE('',(#245),#94,.F.);
#3013=ADVANCED_FACE('',(#246),#2876,.F.);
#3014=ADVANCED_FACE('',(#247,#47),#95,.F.);
#3015=ADVANCED_FACE('',(#248),#2877,.F.);
#3016=ADVANCED_FACE('',(#249),#2878,.F.);
#3017=ADVANCED_FACE('',(#250,#48),#96,.F.);
#3018=ADVANCED_FACE('',(#251),#97,.F.);
#3019=ADVANCED_FACE('',(#252),#2879,.F.);
#3020=ADVANCED_FACE('',(#253),#98,.F.);
#3021=ADVANCED_FACE('',(#254),#2880,.F.);
#3022=ADVANCED_FACE('',(#255),#99,.F.);
#3023=ADVANCED_FACE('',(#256),#2881,.F.);
#3024=ADVANCED_FACE('',(#257,#49),#100,.F.);
#3025=ADVANCED_FACE('',(#258),#2882,.F.);
#3026=ADVANCED_FACE('',(#259),#2883,.F.);
#3027=ADVANCED_FACE('',(#260),#2884,.F.);
#3028=ADVANCED_FACE('',(#261),#2885,.F.);
#3029=ADVANCED_FACE('',(#262),#2886,.F.);
#3030=ADVANCED_FACE('',(#263),#2887,.F.);
#3031=ADVANCED_FACE('',(#264,#50),#101,.T.);
#3032=ADVANCED_FACE('',(#265),#102,.T.);
#3033=ADVANCED_FACE('',(#266),#103,.T.);
#3034=ADVANCED_FACE('',(#267),#104,.T.);
#3035=ADVANCED_FACE('',(#268),#105,.T.);
#3036=ADVANCED_FACE('',(#269),#2888,.T.);
#3037=ADVANCED_FACE('',(#270),#106,.F.);
#3038=ADVANCED_FACE('',(#271,#51),#107,.T.);
#3039=ADVANCED_FACE('',(#272,#52),#108,.T.);
#3040=ADVANCED_FACE('',(#273),#2889,.T.);
#3041=ADVANCED_FACE('',(#274),#109,.T.);
#3042=ADVANCED_FACE('',(#275),#2890,.T.);
#3043=ADVANCED_FACE('',(#276),#110,.T.);
#3044=ADVANCED_FACE('',(#277),#111,.T.);
#3045=ADVANCED_FACE('',(#278),#2891,.T.);
#3046=ADVANCED_FACE('',(#279,#53),#112,.T.);
#3047=ADVANCED_FACE('',(#280,#54),#113,.T.);
#3048=ADVANCED_FACE('',(#281,#55),#114,.T.);
#3049=ADVANCED_FACE('',(#282),#115,.T.);
#3050=ADVANCED_FACE('',(#283),#2892,.T.);
#3051=ADVANCED_FACE('',(#284),#116,.T.);
#3052=ADVANCED_FACE('',(#285),#2893,.T.);
#3053=ADVANCED_FACE('',(#286),#117,.T.);
#3054=ADVANCED_FACE('',(#287),#19,.F.);
#3055=ADVANCED_FACE('',(#288),#2894,.F.);
#3056=ADVANCED_FACE('',(#289),#20,.F.);
#3057=ADVANCED_FACE('',(#290),#2895,.F.);
#3058=ADVANCED_FACE('',(#291),#118,.F.);
#3059=ADVANCED_FACE('',(#292),#21,.F.);
#3060=ADVANCED_FACE('',(#293),#2896,.F.);
#3061=ADVANCED_FACE('',(#294),#22,.F.);
#3062=ADVANCED_FACE('',(#295),#2897,.F.);
#3063=ADVANCED_FACE('',(#296),#23,.F.);
#3064=ADVANCED_FACE('',(#297),#2898,.F.);
#3065=ADVANCED_FACE('',(#298),#24,.F.);
#3066=ADVANCED_FACE('',(#299),#2899,.F.);
#3067=CLOSED_SHELL('',(#2900,#2901,#2902,#2903,#2904,#2905,#2906,#2907,
#2908,#2909,#2910,#2911,#2912,#2913,#2914,#2915,#2916,#2917,#2918,#2919,
#2920,#2921,#2922,#2923,#2924,#2925,#2926,#2927,#2928,#2929,#2930,#2931,
#2932,#2933,#2934,#2935,#2936,#2937,#2938,#2939,#2940,#2941,#2942,#2943,
#2944,#2945,#2946,#2947,#2948,#2949,#2950,#2951,#2952,#2953,#2954,#2955,
#2956,#2957,#2958,#2959,#2960,#2961,#2962,#2963,#2964,#2965,#2966,#2967,
#2968,#2969,#2970,#2971,#2972,#2973,#2974,#2975,#2976,#2977,#2978,#2979,
#2980,#2981,#2982,#2983,#2984,#2985,#2986,#2987,#2988,#2989,#2990,#2991,
#2992,#2993,#2994,#2995,#2996,#2997,#2998,#2999,#3000,#3001,#3002,#3003,
#3004,#3005,#3006,#3007,#3008,#3009,#3010,#3011,#3012,#3013,#3014,#3015,
#3016,#3017,#3018,#3019,#3020,#3021,#3022,#3023,#3024,#3025,#3026,#3027,
#3028,#3029,#3030,#3031,#3032,#3033,#3034,#3035,#3036,#3037,#3038,#3039,
#3040,#3041,#3042,#3043,#3044,#3045,#3046,#3047,#3048,#3049,#3050,#3051,
#3052,#3053,#3054,#3055,#3056,#3057,#3058,#3059,#3060,#3061,#3062,#3063,
#3064,#3065,#3066));
#3068=AXIS2_PLACEMENT_3D('',#4370,#3414,#3415);
#3069=AXIS2_PLACEMENT_3D('',#4371,#3416,#3417);
#3070=AXIS2_PLACEMENT_3D('',#4374,#3418,#3419);
#3071=AXIS2_PLACEMENT_3D('',#4378,#3421,#3422);
#3072=AXIS2_PLACEMENT_3D('',#4380,#3424,#3425);
#3073=AXIS2_PLACEMENT_3D('',#4383,#3426,#3427);
#3074=AXIS2_PLACEMENT_3D('',#4387,#3429,#3430);
#3075=AXIS2_PLACEMENT_3D('',#4389,#3432,#3433);
#3076=AXIS2_PLACEMENT_3D('',#4391,#3434,#3435);
#3077=AXIS2_PLACEMENT_3D('',#4394,#3437,#3438);
#3078=AXIS2_PLACEMENT_3D('',#4395,#3439,#3440);
#3079=AXIS2_PLACEMENT_3D('',#4397,#3441,#3442);
#3080=AXIS2_PLACEMENT_3D('',#4399,#3443,#3444);
#3081=AXIS2_PLACEMENT_3D('',#4400,#3445,#3446);
#3082=AXIS2_PLACEMENT_3D('',#4401,#3447,#3448);
#3083=AXIS2_PLACEMENT_3D('',#4404,#3449,#3450);
#3084=AXIS2_PLACEMENT_3D('',#4408,#3452,#3453);
#3085=AXIS2_PLACEMENT_3D('',#4412,#3455,#3456);
#3086=AXIS2_PLACEMENT_3D('',#4416,#3458,#3459);
#3087=AXIS2_PLACEMENT_3D('',#4419,#3461,#3462);
#3088=AXIS2_PLACEMENT_3D('',#4420,#3463,#3464);
#3089=AXIS2_PLACEMENT_3D('',#4422,#3465,#3466);
#3090=AXIS2_PLACEMENT_3D('',#4424,#3468,#3469);
#3091=AXIS2_PLACEMENT_3D('',#4426,#3470,#3471);
#3092=AXIS2_PLACEMENT_3D('',#4427,#3472,#3473);
#3093=AXIS2_PLACEMENT_3D('',#4428,#3474,#3475);
#3094=AXIS2_PLACEMENT_3D('',#4430,#3476,#3477);
#3095=AXIS2_PLACEMENT_3D('',#4432,#3479,#3480);
#3096=AXIS2_PLACEMENT_3D('',#4435,#3481,#3482);
#3097=AXIS2_PLACEMENT_3D('',#4437,#3483,#3484);
#3098=AXIS2_PLACEMENT_3D('',#4439,#3485,#3486);
#3099=AXIS2_PLACEMENT_3D('',#4520,#3487,#3488);
#3100=AXIS2_PLACEMENT_3D('',#4522,#3489,#3490);
#3101=AXIS2_PLACEMENT_3D('',#4524,#3491,#3492);
#3102=AXIS2_PLACEMENT_3D('',#4568,#3493,#3494);
#3103=AXIS2_PLACEMENT_3D('',#4571,#3495,#3496);
#3104=AXIS2_PLACEMENT_3D('',#4604,#3499,#3500);
#3105=AXIS2_PLACEMENT_3D('',#4605,#3501,#3502);
#3106=AXIS2_PLACEMENT_3D('',#4606,#3503,#3504);
#3107=AXIS2_PLACEMENT_3D('',#4609,#3505,#3506);
#3108=AXIS2_PLACEMENT_3D('',#4612,#3509,#3510);
#3109=AXIS2_PLACEMENT_3D('',#4615,#3511,#3512);
#3110=AXIS2_PLACEMENT_3D('',#4616,#3513,#3514);
#3111=AXIS2_PLACEMENT_3D('',#4617,#3515,#3516);
#3112=AXIS2_PLACEMENT_3D('',#4618,#3517,#3518);
#3113=AXIS2_PLACEMENT_3D('',#4621,#3519,#3520);
#3114=AXIS2_PLACEMENT_3D('',#4624,#3523,#3524);
#3115=AXIS2_PLACEMENT_3D('',#4627,#3525,#3526);
#3116=AXIS2_PLACEMENT_3D('',#4628,#3527,#3528);
#3117=AXIS2_PLACEMENT_3D('',#4629,#3529,#3530);
#3118=AXIS2_PLACEMENT_3D('',#4630,#3531,#3532);
#3119=AXIS2_PLACEMENT_3D('',#4633,#3533,#3534);
#3120=AXIS2_PLACEMENT_3D('',#4636,#3537,#3538);
#3121=AXIS2_PLACEMENT_3D('',#4637,#3539,#3540);
#3122=AXIS2_PLACEMENT_3D('',#4639,#3541,#3542);
#3123=AXIS2_PLACEMENT_3D('',#4644,#3543,#3544);
#3124=AXIS2_PLACEMENT_3D('',#4650,#3548,#3549);
#3125=AXIS2_PLACEMENT_3D('',#4653,#3551,#3552);
#3126=AXIS2_PLACEMENT_3D('',#4654,#3553,#3554);
#3127=AXIS2_PLACEMENT_3D('',#4658,#3557,#3558);
#3128=AXIS2_PLACEMENT_3D('',#4661,#3560,#3561);
#3129=AXIS2_PLACEMENT_3D('',#4662,#3562,#3563);
#3130=AXIS2_PLACEMENT_3D('',#4669,#3568,#3569);
#3131=AXIS2_PLACEMENT_3D('',#4672,#3570,#3571);
#3132=AXIS2_PLACEMENT_3D('',#4674,#3572,#3573);
#3133=AXIS2_PLACEMENT_3D('',#4676,#3574,#3575);
#3134=AXIS2_PLACEMENT_3D('',#4677,#3576,#3577);
#3135=AXIS2_PLACEMENT_3D('',#4678,#3578,#3579);
#3136=AXIS2_PLACEMENT_3D('',#4681,#3580,#3581);
#3137=AXIS2_PLACEMENT_3D('',#4684,#3584,#3585);
#3138=AXIS2_PLACEMENT_3D('',#4687,#3586,#3587);
#3139=AXIS2_PLACEMENT_3D('',#4688,#3588,#3589);
#3140=AXIS2_PLACEMENT_3D('',#4689,#3590,#3591);
#3141=AXIS2_PLACEMENT_3D('',#4690,#3592,#3593);
#3142=AXIS2_PLACEMENT_3D('',#4693,#3594,#3595);
#3143=AXIS2_PLACEMENT_3D('',#4696,#3598,#3599);
#3144=AXIS2_PLACEMENT_3D('',#4698,#3600,#3601);
#3145=AXIS2_PLACEMENT_3D('',#4699,#3602,#3603);
#3146=AXIS2_PLACEMENT_3D('',#4700,#3604,#3605);
#3147=AXIS2_PLACEMENT_3D('',#4701,#3606,#3607);
#3148=AXIS2_PLACEMENT_3D('',#4703,#3608,#3609);
#3149=AXIS2_PLACEMENT_3D('',#4705,#3611,#3612);
#3150=AXIS2_PLACEMENT_3D('',#4707,#3613,#3614);
#3151=AXIS2_PLACEMENT_3D('',#4708,#3615,#3616);
#3152=AXIS2_PLACEMENT_3D('',#4709,#3617,#3618);
#3153=AXIS2_PLACEMENT_3D('',#4711,#3619,#3620);
#3154=AXIS2_PLACEMENT_3D('',#4713,#3622,#3623);
#3155=AXIS2_PLACEMENT_3D('',#4715,#3624,#3625);
#3156=AXIS2_PLACEMENT_3D('',#4716,#3626,#3627);
#3157=AXIS2_PLACEMENT_3D('',#4717,#3628,#3629);
#3158=AXIS2_PLACEMENT_3D('',#4719,#3630,#3631);
#3159=AXIS2_PLACEMENT_3D('',#4721,#3633,#3634);
#3160=AXIS2_PLACEMENT_3D('',#4723,#3635,#3636);
#3161=AXIS2_PLACEMENT_3D('',#4724,#3637,#3638);
#3162=AXIS2_PLACEMENT_3D('',#4725,#3639,#3640);
#3163=AXIS2_PLACEMENT_3D('',#4726,#3641,#3642);
#3164=AXIS2_PLACEMENT_3D('',#4728,#3644,#3645);
#3165=AXIS2_PLACEMENT_3D('',#4729,#3646,#3647);
#3166=AXIS2_PLACEMENT_3D('',#4730,#3648,#3649);
#3167=AXIS2_PLACEMENT_3D('',#4732,#3650,#3651);
#3168=AXIS2_PLACEMENT_3D('',#4734,#3653,#3654);
#3169=AXIS2_PLACEMENT_3D('',#4737,#3655,#3656);
#3170=AXIS2_PLACEMENT_3D('',#4738,#3657,#3658);
#3171=AXIS2_PLACEMENT_3D('',#4739,#3659,#3660);
#3172=AXIS2_PLACEMENT_3D('',#4740,#3661,#3662);
#3173=AXIS2_PLACEMENT_3D('',#4743,#3665,#3666);
#3174=AXIS2_PLACEMENT_3D('',#4749,#3670,#3671);
#3175=AXIS2_PLACEMENT_3D('',#4752,#3673,#3674);
#3176=AXIS2_PLACEMENT_3D('',#4753,#3675,#3676);
#3177=AXIS2_PLACEMENT_3D('',#4756,#3679,#3680);
#3178=AXIS2_PLACEMENT_3D('',#4772,#3689,#3690);
#3179=AXIS2_PLACEMENT_3D('',#4775,#3692,#3693);
#3180=AXIS2_PLACEMENT_3D('',#4776,#3694,#3695);
#3181=AXIS2_PLACEMENT_3D('',#4780,#3698,#3699);
#3182=AXIS2_PLACEMENT_3D('',#4783,#3701,#3702);
#3183=AXIS2_PLACEMENT_3D('',#4784,#3703,#3704);
#3184=AXIS2_PLACEMENT_3D('',#4785,#3705,#3706);
#3185=AXIS2_PLACEMENT_3D('',#4788,#3707,#3708);
#3186=AXIS2_PLACEMENT_3D('',#4792,#3710,#3711);
#3187=AXIS2_PLACEMENT_3D('',#4794,#3713,#3714);
#3188=AXIS2_PLACEMENT_3D('',#4825,#3731,#3732);
#3189=AXIS2_PLACEMENT_3D('',#4828,#3733,#3734);
#3190=AXIS2_PLACEMENT_3D('',#4832,#3736,#3737);
#3191=AXIS2_PLACEMENT_3D('',#4834,#3739,#3740);
#3192=AXIS2_PLACEMENT_3D('',#4840,#3744,#3745);
#3193=AXIS2_PLACEMENT_3D('',#4843,#3746,#3747);
#3194=AXIS2_PLACEMENT_3D('',#4847,#3749,#3750);
#3195=AXIS2_PLACEMENT_3D('',#4849,#3752,#3753);
#3196=AXIS2_PLACEMENT_3D('',#4895,#3778,#3779);
#3197=AXIS2_PLACEMENT_3D('',#4897,#3780,#3781);
#3198=AXIS2_PLACEMENT_3D('',#4900,#3783,#3784);
#3199=AXIS2_PLACEMENT_3D('',#4901,#3785,#3786);
#3200=AXIS2_PLACEMENT_3D('',#4907,#3790,#3791);
#3201=AXIS2_PLACEMENT_3D('',#4909,#3792,#3793);
#3202=AXIS2_PLACEMENT_3D('',#4911,#3794,#3795);
#3203=AXIS2_PLACEMENT_3D('',#4913,#3797,#3798);
#3204=AXIS2_PLACEMENT_3D('',#4915,#3799,#3800);
#3205=AXIS2_PLACEMENT_3D('',#4918,#3802,#3803);
#3206=AXIS2_PLACEMENT_3D('',#4919,#3804,#3805);
#3207=AXIS2_PLACEMENT_3D('',#4925,#3809,#3810);
#3208=AXIS2_PLACEMENT_3D('',#4927,#3811,#3812);
#3209=AXIS2_PLACEMENT_3D('',#4929,#3813,#3814);
#3210=AXIS2_PLACEMENT_3D('',#4931,#3816,#3817);
#3211=AXIS2_PLACEMENT_3D('',#4933,#3818,#3819);
#3212=AXIS2_PLACEMENT_3D('',#4936,#3821,#3822);
#3213=AXIS2_PLACEMENT_3D('',#4937,#3823,#3824);
#3214=AXIS2_PLACEMENT_3D('',#4943,#3828,#3829);
#3215=AXIS2_PLACEMENT_3D('',#4945,#3830,#3831);
#3216=AXIS2_PLACEMENT_3D('',#4947,#3832,#3833);
#3217=AXIS2_PLACEMENT_3D('',#4949,#3835,#3836);
#3218=AXIS2_PLACEMENT_3D('',#4951,#3837,#3838);
#3219=AXIS2_PLACEMENT_3D('',#4954,#3840,#3841);
#3220=AXIS2_PLACEMENT_3D('',#4955,#3842,#3843);
#3221=AXIS2_PLACEMENT_3D('',#4961,#3847,#3848);
#3222=AXIS2_PLACEMENT_3D('',#4963,#3849,#3850);
#3223=AXIS2_PLACEMENT_3D('',#4965,#3851,#3852);
#3224=AXIS2_PLACEMENT_3D('',#4967,#3854,#3855);
#3225=AXIS2_PLACEMENT_3D('',#4969,#3856,#3857);
#3226=AXIS2_PLACEMENT_3D('',#4972,#3859,#3860);
#3227=AXIS2_PLACEMENT_3D('',#4973,#3861,#3862);
#3228=AXIS2_PLACEMENT_3D('',#4979,#3866,#3867);
#3229=AXIS2_PLACEMENT_3D('',#4981,#3868,#3869);
#3230=AXIS2_PLACEMENT_3D('',#4983,#3871,#3872);
#3231=AXIS2_PLACEMENT_3D('',#4986,#3874,#3875);
#3232=AXIS2_PLACEMENT_3D('',#4988,#3876,#3877);
#3233=AXIS2_PLACEMENT_3D('',#4991,#3879,#3880);
#3234=AXIS2_PLACEMENT_3D('',#4993,#3881,#3882);
#3235=AXIS2_PLACEMENT_3D('',#4994,#3883,#3884);
#3236=AXIS2_PLACEMENT_3D('',#4997,#3886,#3887);
#3237=AXIS2_PLACEMENT_3D('',#4998,#3888,#3889);
#3238=AXIS2_PLACEMENT_3D('',#5000,#3891,#3892);
#3239=AXIS2_PLACEMENT_3D('',#5002,#3893,#3894);
#3240=AXIS2_PLACEMENT_3D('',#5004,#3896,#3897);
#3241=AXIS2_PLACEMENT_3D('',#5006,#3899,#3900);
#3242=AXIS2_PLACEMENT_3D('',#5012,#3904,#3905);
#3243=AXIS2_PLACEMENT_3D('',#5015,#3907,#3908);
#3244=AXIS2_PLACEMENT_3D('',#5016,#3909,#3910);
#3245=AXIS2_PLACEMENT_3D('',#5020,#3913,#3914);
#3246=AXIS2_PLACEMENT_3D('',#5023,#3916,#3917);
#3247=AXIS2_PLACEMENT_3D('',#5024,#3918,#3919);
#3248=AXIS2_PLACEMENT_3D('',#5030,#3923,#3924);
#3249=AXIS2_PLACEMENT_3D('',#5032,#3925,#3926);
#3250=AXIS2_PLACEMENT_3D('',#5035,#3928,#3929);
#3251=AXIS2_PLACEMENT_3D('',#5036,#3930,#3931);
#3252=AXIS2_PLACEMENT_3D('',#5042,#3935,#3936);
#3253=AXIS2_PLACEMENT_3D('',#5043,#3937,#3938);
#3254=AXIS2_PLACEMENT_3D('',#5044,#3939,#3940);
#3255=AXIS2_PLACEMENT_3D('',#5045,#3941,#3942);
#3256=AXIS2_PLACEMENT_3D('',#5050,#3944,#3945);
#3257=AXIS2_PLACEMENT_3D('',#5054,#3947,#3948);
#3258=AXIS2_PLACEMENT_3D('',#5058,#3950,#3951);
#3259=AXIS2_PLACEMENT_3D('',#5061,#3953,#3954);
#3260=AXIS2_PLACEMENT_3D('',#5062,#3955,#3956);
#3261=AXIS2_PLACEMENT_3D('',#5064,#3958,#3959);
#3262=AXIS2_PLACEMENT_3D('',#5066,#3961,#3962);
#3263=AXIS2_PLACEMENT_3D('',#5068,#3964,#3965);
#3264=AXIS2_PLACEMENT_3D('',#5069,#3966,#3967);
#3265=AXIS2_PLACEMENT_3D('',#5072,#3968,#3969);
#3266=AXIS2_PLACEMENT_3D('',#5075,#3972,#3973);
#3267=AXIS2_PLACEMENT_3D('',#5079,#3975,#3976);
#3268=AXIS2_PLACEMENT_3D('',#5083,#3978,#3979);
#3269=AXIS2_PLACEMENT_3D('',#5086,#3981,#3982);
#3270=AXIS2_PLACEMENT_3D('',#5088,#3983,#3984);
#3271=AXIS2_PLACEMENT_3D('',#5091,#3986,#3987);
#3272=AXIS2_PLACEMENT_3D('',#5094,#3989,#3990);
#3273=AXIS2_PLACEMENT_3D('',#5098,#3992,#3993);
#3274=AXIS2_PLACEMENT_3D('',#5101,#3995,#3996);
#3275=AXIS2_PLACEMENT_3D('',#5103,#3997,#3998);
#3276=AXIS2_PLACEMENT_3D('',#5104,#3999,#4000);
#3277=AXIS2_PLACEMENT_3D('',#5106,#4002,#4003);
#3278=AXIS2_PLACEMENT_3D('',#5109,#4004,#4005);
#3279=AXIS2_PLACEMENT_3D('',#5112,#4008,#4009);
#3280=AXIS2_PLACEMENT_3D('',#5116,#4011,#4012);
#3281=AXIS2_PLACEMENT_3D('',#5120,#4014,#4015);
#3282=AXIS2_PLACEMENT_3D('',#5123,#4017,#4018);
#3283=AXIS2_PLACEMENT_3D('',#5125,#4019,#4020);
#3284=AXIS2_PLACEMENT_3D('',#5128,#4022,#4023);
#3285=AXIS2_PLACEMENT_3D('',#5131,#4025,#4026);
#3286=AXIS2_PLACEMENT_3D('',#5135,#4028,#4029);
#3287=AXIS2_PLACEMENT_3D('',#5138,#4031,#4032);
#3288=AXIS2_PLACEMENT_3D('',#5140,#4033,#4034);
#3289=AXIS2_PLACEMENT_3D('',#5141,#4035,#4036);
#3290=AXIS2_PLACEMENT_3D('',#5143,#4038,#4039);
#3291=AXIS2_PLACEMENT_3D('',#5145,#4041,#4042);
#3292=AXIS2_PLACEMENT_3D('',#5147,#4044,#4045);
#3293=AXIS2_PLACEMENT_3D('',#5149,#4046,#4047);
#3294=AXIS2_PLACEMENT_3D('',#5152,#4049,#4050);
#3295=AXIS2_PLACEMENT_3D('',#5153,#4051,#4052);
#3296=AXIS2_PLACEMENT_3D('',#5155,#4053,#4054);
#3297=AXIS2_PLACEMENT_3D('',#5158,#4056,#4057);
#3298=AXIS2_PLACEMENT_3D('',#5162,#4059,#4060);
#3299=AXIS2_PLACEMENT_3D('',#5166,#4062,#4063);
#3300=AXIS2_PLACEMENT_3D('',#5169,#4065,#4066);
#3301=AXIS2_PLACEMENT_3D('',#5170,#4067,#4068);
#3302=AXIS2_PLACEMENT_3D('',#5172,#4069,#4070);
#3303=AXIS2_PLACEMENT_3D('',#5174,#4072,#4073);
#3304=AXIS2_PLACEMENT_3D('',#5176,#4074,#4075);
#3305=AXIS2_PLACEMENT_3D('',#5178,#4076,#4077);
#3306=AXIS2_PLACEMENT_3D('',#5180,#4079,#4080);
#3307=AXIS2_PLACEMENT_3D('',#5184,#4082,#4083);
#3308=AXIS2_PLACEMENT_3D('',#5188,#4085,#4086);
#3309=AXIS2_PLACEMENT_3D('',#5191,#4088,#4089);
#3310=AXIS2_PLACEMENT_3D('',#5198,#4093,#4094);
#3311=AXIS2_PLACEMENT_3D('',#5201,#4096,#4097);
#3312=AXIS2_PLACEMENT_3D('',#5202,#4098,#4099);
#3313=AXIS2_PLACEMENT_3D('',#5205,#4101,#4102);
#3314=AXIS2_PLACEMENT_3D('',#5206,#4103,#4104);
#3315=AXIS2_PLACEMENT_3D('',#5210,#4107,#4108);
#3316=AXIS2_PLACEMENT_3D('',#5213,#4110,#4111);
#3317=AXIS2_PLACEMENT_3D('',#5214,#4112,#4113);
#3318=AXIS2_PLACEMENT_3D('',#5218,#4116,#4117);
#3319=AXIS2_PLACEMENT_3D('',#5220,#4118,#4119);
#3320=AXIS2_PLACEMENT_3D('',#5222,#4121,#4122);
#3321=AXIS2_PLACEMENT_3D('',#5226,#4125,#4126);
#3322=AXIS2_PLACEMENT_3D('',#5229,#4128,#4129);
#3323=AXIS2_PLACEMENT_3D('',#5230,#4130,#4131);
#3324=AXIS2_PLACEMENT_3D('',#5232,#4133,#4134);
#3325=AXIS2_PLACEMENT_3D('',#5236,#4137,#4138);
#3326=AXIS2_PLACEMENT_3D('',#5238,#4139,#4140);
#3327=AXIS2_PLACEMENT_3D('',#5240,#4142,#4143);
#3328=AXIS2_PLACEMENT_3D('',#5244,#4145,#4146);
#3329=AXIS2_PLACEMENT_3D('',#5247,#4148,#4149);
#3330=AXIS2_PLACEMENT_3D('',#5248,#4150,#4151);
#3331=AXIS2_PLACEMENT_3D('',#5255,#4156,#4157);
#3332=AXIS2_PLACEMENT_3D('',#5257,#4159,#4160);
#3333=AXIS2_PLACEMENT_3D('',#5258,#4161,#4162);
#3334=AXIS2_PLACEMENT_3D('',#5259,#4163,#4164);
#3335=AXIS2_PLACEMENT_3D('',#5260,#4165,#4166);
#3336=AXIS2_PLACEMENT_3D('',#5261,#4167,#4168);
#3337=AXIS2_PLACEMENT_3D('',#5263,#4169,#4170);
#3338=AXIS2_PLACEMENT_3D('',#5264,#4171,#4172);
#3339=AXIS2_PLACEMENT_3D('',#5265,#4173,#4174);
#3340=AXIS2_PLACEMENT_3D('',#5268,#4175,#4176);
#3341=AXIS2_PLACEMENT_3D('',#5271,#4179,#4180);
#3342=AXIS2_PLACEMENT_3D('',#5275,#4182,#4183);
#3343=AXIS2_PLACEMENT_3D('',#5279,#4186,#4187);
#3344=AXIS2_PLACEMENT_3D('',#5280,#4188,#4189);
#3345=AXIS2_PLACEMENT_3D('',#5287,#4194,#4195);
#3346=AXIS2_PLACEMENT_3D('',#5289,#4197,#4198);
#3347=AXIS2_PLACEMENT_3D('',#5290,#4199,#4200);
#3348=AXIS2_PLACEMENT_3D('',#5292,#4201,#4202);
#3349=AXIS2_PLACEMENT_3D('',#5294,#4204,#4205);
#3350=AXIS2_PLACEMENT_3D('',#5296,#4207,#4208);
#3351=AXIS2_PLACEMENT_3D('',#5297,#4209,#4210);
#3352=AXIS2_PLACEMENT_3D('',#5298,#4211,#4212);
#3353=AXIS2_PLACEMENT_3D('',#5300,#4213,#4214);
#3354=AXIS2_PLACEMENT_3D('',#5301,#4215,#4216);
#3355=AXIS2_PLACEMENT_3D('',#5303,#4217,#4218);
#3356=AXIS2_PLACEMENT_3D('',#5305,#4220,#4221);
#3357=AXIS2_PLACEMENT_3D('',#5307,#4222,#4223);
#3358=AXIS2_PLACEMENT_3D('',#5309,#4225,#4226);
#3359=AXIS2_PLACEMENT_3D('',#5311,#4227,#4228);
#3360=AXIS2_PLACEMENT_3D('',#5313,#4230,#4231);
#3361=AXIS2_PLACEMENT_3D('',#5315,#4232,#4233);
#3362=AXIS2_PLACEMENT_3D('',#5317,#4235,#4236);
#3363=AXIS2_PLACEMENT_3D('',#5319,#4237,#4238);
#3364=AXIS2_PLACEMENT_3D('',#5321,#4240,#4241);
#3365=AXIS2_PLACEMENT_3D('',#5323,#4242,#4243);
#3366=AXIS2_PLACEMENT_3D('',#5325,#4245,#4246);
#3367=AXIS2_PLACEMENT_3D('',#5328,#4248,#4249);
#3368=AXIS2_PLACEMENT_3D('',#5329,#4250,#4251);
#3369=AXIS2_PLACEMENT_3D('',#5333,#4254,#4255);
#3370=AXIS2_PLACEMENT_3D('',#5337,#4258,#4259);
#3371=AXIS2_PLACEMENT_3D('',#5339,#4261,#4262);
#3372=AXIS2_PLACEMENT_3D('',#5341,#4264,#4265);
#3373=AXIS2_PLACEMENT_3D('',#5342,#4266,#4267);
#3374=AXIS2_PLACEMENT_3D('',#5343,#4268,#4269);
#3375=AXIS2_PLACEMENT_3D('',#5346,#4271,#4272);
#3376=AXIS2_PLACEMENT_3D('',#5347,#4273,#4274);
#3377=AXIS2_PLACEMENT_3D('',#5350,#4276,#4277);
#3378=AXIS2_PLACEMENT_3D('',#5351,#4278,#4279);
#3379=AXIS2_PLACEMENT_3D('',#5353,#4281,#4282);
#3380=AXIS2_PLACEMENT_3D('',#5355,#4284,#4285);
#3381=AXIS2_PLACEMENT_3D('',#5356,#4286,#4287);
#3382=AXIS2_PLACEMENT_3D('',#5357,#4288,#4289);
#3383=AXIS2_PLACEMENT_3D('',#5361,#4292,#4293);
#3384=AXIS2_PLACEMENT_3D('',#5362,#4294,#4295);
#3385=AXIS2_PLACEMENT_3D('',#5363,#4296,#4297);
#3386=AXIS2_PLACEMENT_3D('',#5364,#4298,#4299);
#3387=AXIS2_PLACEMENT_3D('',#5367,#4301,#4302);
#3388=AXIS2_PLACEMENT_3D('',#5368,#4303,#4304);
#3389=AXIS2_PLACEMENT_3D('',#5371,#4306,#4307);
#3390=AXIS2_PLACEMENT_3D('',#5372,#4308,#4309);
#3391=AXIS2_PLACEMENT_3D('',#5374,#4311,#4312);
#3392=AXIS2_PLACEMENT_3D('',#5375,#4313,#4314);
#3393=AXIS2_PLACEMENT_3D('',#5377,#4316,#4317);
#3394=AXIS2_PLACEMENT_3D('',#5378,#4318,#4319);
#3395=AXIS2_PLACEMENT_3D('',#5379,#4320,#4321);
#3396=AXIS2_PLACEMENT_3D('',#5381,#4322,#4323);
#3397=AXIS2_PLACEMENT_3D('',#5383,#4325,#4326);
#3398=AXIS2_PLACEMENT_3D('',#5385,#4328,#4329);
#3399=AXIS2_PLACEMENT_3D('',#5387,#4330,#4331);
#3400=AXIS2_PLACEMENT_3D('',#5389,#4333,#4334);
#3401=AXIS2_PLACEMENT_3D('',#5391,#4336,#4337);
#3402=AXIS2_PLACEMENT_3D('',#5392,#4338,#4339);
#3403=AXIS2_PLACEMENT_3D('',#5394,#4340,#4341);
#3404=AXIS2_PLACEMENT_3D('',#5397,#4343,#4344);
#3405=AXIS2_PLACEMENT_3D('',#5399,#4346,#4347);
#3406=AXIS2_PLACEMENT_3D('',#5401,#4348,#4349);
#3407=AXIS2_PLACEMENT_3D('',#5404,#4351,#4352);
#3408=AXIS2_PLACEMENT_3D('',#5406,#4354,#4355);
#3409=AXIS2_PLACEMENT_3D('',#5408,#4356,#4357);
#3410=AXIS2_PLACEMENT_3D('',#5411,#4359,#4360);
#3411=AXIS2_PLACEMENT_3D('',#5413,#4362,#4363);
#3412=AXIS2_PLACEMENT_3D('',#5415,#4364,#4365);
#3413=AXIS2_PLACEMENT_3D('',#5418,#4367,#4368);
#3414=DIRECTION('axis',(0.,0.,1.));
#3415=DIRECTION('refdir',(1.,0.,0.));
#3416=DIRECTION('center_axis',(0.,0.,-1.));
#3417=DIRECTION('ref_axis',(-1.,0.,0.));
#3418=DIRECTION('center_axis',(0.,0.,1.));
#3419=DIRECTION('ref_axis',(-1.,0.,0.));
#3420=DIRECTION('',(0.,0.,-1.));
#3421=DIRECTION('center_axis',(0.,0.,1.));
#3422=DIRECTION('ref_axis',(-1.,0.,0.));
#3423=DIRECTION('',(0.,0.,1.));
#3424=DIRECTION('center_axis',(0.,0.,1.));
#3425=DIRECTION('ref_axis',(-0.707106781186549,-0.707106781186546,0.));
#3426=DIRECTION('center_axis',(0.,0.,-1.));
#3427=DIRECTION('ref_axis',(-0.707106781186549,-0.707106781186546,0.));
#3428=DIRECTION('',(0.,0.,1.));
#3429=DIRECTION('center_axis',(0.,0.,-1.));
#3430=DIRECTION('ref_axis',(-0.707106781186549,-0.707106781186546,0.));
#3431=DIRECTION('',(0.,0.,-1.));
#3432=DIRECTION('center_axis',(0.,0.,1.));
#3433=DIRECTION('ref_axis',(-0.707106781186549,0.707106781186546,0.));
#3434=DIRECTION('center_axis',(0.,0.,-1.));
#3435=DIRECTION('ref_axis',(-0.707106781186549,0.707106781186546,0.));
#3436=DIRECTION('',(0.,0.,-1.));
#3437=DIRECTION('center_axis',(0.,0.,-1.));
#3438=DIRECTION('ref_axis',(-0.707106781186549,0.707106781186546,0.));
#3439=DIRECTION('center_axis',(0.,0.,-1.));
#3440=DIRECTION('ref_axis',(-1.,0.,0.));
#3441=DIRECTION('center_axis',(0.,0.,1.));
#3442=DIRECTION('ref_axis',(-1.,0.,0.));
#3443=DIRECTION('center_axis',(0.,-1.,0.));
#3444=DIRECTION('ref_axis',(1.,0.,0.));
#3445=DIRECTION('center_axis',(0.,0.,-1.));
#3446=DIRECTION('ref_axis',(-1.,0.,0.));
#3447=DIRECTION('center_axis',(0.,0.,1.));
#3448=DIRECTION('ref_axis',(1.,0.,0.));
#3449=DIRECTION('center_axis',(0.,0.,1.));
#3450=DIRECTION('ref_axis',(0.707106781186548,-0.707106781186548,0.));
#3451=DIRECTION('',(1.,0.,0.));
#3452=DIRECTION('center_axis',(0.,0.,1.));
#3453=DIRECTION('ref_axis',(-0.707106781186549,-0.707106781186546,0.));
#3454=DIRECTION('',(0.,-1.,0.));
#3455=DIRECTION('center_axis',(0.,0.,-1.));
#3456=DIRECTION('ref_axis',(0.707106781186548,0.707106781186548,0.));
#3457=DIRECTION('',(1.,0.,0.));
#3458=DIRECTION('center_axis',(0.,0.,-1.));
#3459=DIRECTION('ref_axis',(-0.707106781186549,0.707106781186546,0.));
#3460=DIRECTION('',(0.,1.,0.));
#3461=DIRECTION('center_axis',(0.,0.,1.));
#3462=DIRECTION('ref_axis',(-1.,0.,0.));
#3463=DIRECTION('center_axis',(0.,0.,1.));
#3464=DIRECTION('ref_axis',(-1.,0.,0.));
#3465=DIRECTION('center_axis',(0.,0.,-1.));
#3466=DIRECTION('ref_axis',(-1.,0.,0.));
#3467=DIRECTION('',(0.,0.,1.));
#3468=DIRECTION('center_axis',(0.,0.,-1.));
#3469=DIRECTION('ref_axis',(-1.,0.,0.));
#3470=DIRECTION('center_axis',(0.,-1.,0.));
#3471=DIRECTION('ref_axis',(1.,0.,0.));
#3472=DIRECTION('center_axis',(0.,0.,-1.));
#3473=DIRECTION('ref_axis',(-1.,0.,0.));
#3474=DIRECTION('center_axis',(0.,0.,1.));
#3475=DIRECTION('ref_axis',(-1.,0.,0.));
#3476=DIRECTION('center_axis',(0.,0.,-1.));
#3477=DIRECTION('ref_axis',(-1.,0.,0.));
#3478=DIRECTION('',(0.,0.,1.));
#3479=DIRECTION('center_axis',(0.,0.,-1.));
#3480=DIRECTION('ref_axis',(-1.,0.,0.));
#3481=DIRECTION('center_axis',(0.,0.,-1.));
#3482=DIRECTION('ref_axis',(-0.998746073110333,-0.0500627750598195,0.));
#3483=DIRECTION('center_axis',(0.,-1.,0.));
#3484=DIRECTION('ref_axis',(0.,0.,1.));
#3485=DIRECTION('center_axis',(0.,0.,1.));
#3486=DIRECTION('ref_axis',(-0.998746073110333,-0.0500627750598195,0.));
#3487=DIRECTION('center_axis',(0.,0.241921895599669,-0.970295726275996));
#3488=DIRECTION('ref_axis',(0.,-0.970295726275996,-0.241921895599669));
#3489=DIRECTION('center_axis',(1.,0.,0.));
#3490=DIRECTION('ref_axis',(0.,-0.24192189559967,0.970295726275996));
#3491=DIRECTION('center_axis',(0.,-0.230484348610305,0.973076032510144));
#3492=DIRECTION('ref_axis',(0.,-0.973076032510144,-0.230484348610305));
#3493=DIRECTION('center_axis',(-1.,0.,0.));
#3494=DIRECTION('ref_axis',(0.,-0.78801075360673,0.615661475325647));
#3495=DIRECTION('center_axis',(1.,0.,0.));
#3496=DIRECTION('ref_axis',(0.,-0.241921895599671,0.970295726275996));
#3497=DIRECTION('',(1.,0.,0.));
#3498=DIRECTION('',(-1.,0.,0.));
#3499=DIRECTION('center_axis',(0.,-0.230484348610305,0.973076032510144));
#3500=DIRECTION('ref_axis',(0.,-0.973076032510144,-0.230484348610305));
#3501=DIRECTION('center_axis',(0.,0.241921895599669,-0.970295726275996));
#3502=DIRECTION('ref_axis',(0.,-0.970295726275996,-0.241921895599669));
#3503=DIRECTION('center_axis',(0.,-1.,0.));
#3504=DIRECTION('ref_axis',(-0.707106781186552,0.,0.707106781186543));
#3505=DIRECTION('center_axis',(0.,-1.,0.));
#3506=DIRECTION('ref_axis',(0.,0.,1.));
#3507=DIRECTION('',(0.,-1.,0.));
#3508=DIRECTION('',(0.,1.,0.));
#3509=DIRECTION('center_axis',(0.,0.,-1.));
#3510=DIRECTION('ref_axis',(-1.,0.,0.));
#3511=DIRECTION('center_axis',(-1.,0.,0.));
#3512=DIRECTION('ref_axis',(0.,0.,1.));
#3513=DIRECTION('center_axis',(0.,0.,1.));
#3514=DIRECTION('ref_axis',(-0.707106781186547,0.707106781186547,0.));
#3515=DIRECTION('center_axis',(0.,0.,-1.));
#3516=DIRECTION('ref_axis',(-0.707106781186548,0.707106781186548,0.));
#3517=DIRECTION('center_axis',(-1.,0.,0.));
#3518=DIRECTION('ref_axis',(0.,0.70710678118654,0.707106781186555));
#3519=DIRECTION('center_axis',(-1.,0.,0.));
#3520=DIRECTION('ref_axis',(0.,0.,1.));
#3521=DIRECTION('',(-1.,0.,0.));
#3522=DIRECTION('',(1.,0.,0.));
#3523=DIRECTION('center_axis',(0.,0.,-1.));
#3524=DIRECTION('ref_axis',(-1.,0.,0.));
#3525=DIRECTION('center_axis',(-8.88178419700113E-15,1.,0.));
#3526=DIRECTION('ref_axis',(0.,0.,1.));
#3527=DIRECTION('center_axis',(0.,0.,1.));
#3528=DIRECTION('ref_axis',(0.707106781186547,0.707106781186547,0.));
#3529=DIRECTION('center_axis',(0.,0.,-1.));
#3530=DIRECTION('ref_axis',(0.707106781186548,0.707106781186548,0.));
#3531=DIRECTION('center_axis',(0.,1.,0.));
#3532=DIRECTION('ref_axis',(0.707106781186552,0.,0.707106781186543));
#3533=DIRECTION('center_axis',(0.,1.,0.));
#3534=DIRECTION('ref_axis',(0.,0.,1.));
#3535=DIRECTION('',(0.,1.,0.));
#3536=DIRECTION('',(0.,-1.,0.));
#3537=DIRECTION('center_axis',(0.,0.,-1.));
#3538=DIRECTION('ref_axis',(-1.,0.,0.));
#3539=DIRECTION('center_axis',(0.,0.,1.));
#3540=DIRECTION('ref_axis',(0.998746073110333,-0.0500627750598182,0.));
#3541=DIRECTION('center_axis',(0.,0.,-1.));
#3542=DIRECTION('ref_axis',(0.998746073110333,-0.0500627750598182,0.));
#3543=DIRECTION('center_axis',(0.,1.,0.));
#3544=DIRECTION('ref_axis',(-1.,0.,0.));
#3545=DIRECTION('',(0.,0.,1.));
#3546=DIRECTION('',(1.,0.,0.));
#3547=DIRECTION('',(0.,0.,-1.));
#3548=DIRECTION('center_axis',(0.,0.,1.));
#3549=DIRECTION('ref_axis',(0.707106781186547,0.707106781186547,0.));
#3550=DIRECTION('',(0.,0.,-1.));
#3551=DIRECTION('center_axis',(0.,0.,-1.));
#3552=DIRECTION('ref_axis',(0.707106781186547,0.707106781186547,0.));
#3553=DIRECTION('center_axis',(1.,0.,0.));
#3554=DIRECTION('ref_axis',(0.,1.,0.));
#3555=DIRECTION('',(0.,0.,1.));
#3556=DIRECTION('',(0.,-1.,0.));
#3557=DIRECTION('center_axis',(0.,0.,1.));
#3558=DIRECTION('ref_axis',(0.707106781186547,-0.707106781186547,0.));
#3559=DIRECTION('',(0.,0.,-1.));
#3560=DIRECTION('center_axis',(0.,0.,-1.));
#3561=DIRECTION('ref_axis',(0.707106781186547,-0.707106781186547,0.));
#3562=DIRECTION('center_axis',(0.,0.241921895599669,-0.970295726275996));
#3563=DIRECTION('ref_axis',(0.,-0.970295726275996,-0.241921895599669));
#3564=DIRECTION('',(1.,0.,0.));
#3565=DIRECTION('',(1.,0.,0.));
#3566=DIRECTION('',(1.,0.,0.));
#3567=DIRECTION('',(1.,0.,0.));
#3568=DIRECTION('center_axis',(0.,0.,1.));
#3569=DIRECTION('ref_axis',(1.,0.,0.));
#3570=DIRECTION('center_axis',(0.,1.,0.));
#3571=DIRECTION('ref_axis',(-1.,0.,0.));
#3572=DIRECTION('center_axis',(0.,0.,1.));
#3573=DIRECTION('ref_axis',(0.707106781186548,0.707106781186548,0.));
#3574=DIRECTION('center_axis',(1.,0.,0.));
#3575=DIRECTION('ref_axis',(0.,0.,1.));
#3576=DIRECTION('center_axis',(0.,0.,-1.));
#3577=DIRECTION('ref_axis',(0.707106781186548,0.707106781186548,0.));
#3578=DIRECTION('center_axis',(1.,0.,0.));
#3579=DIRECTION('ref_axis',(0.,-0.707106781186546,0.707106781186549));
#3580=DIRECTION('center_axis',(1.,0.,0.));
#3581=DIRECTION('ref_axis',(0.,0.,1.));
#3582=DIRECTION('',(1.,0.,0.));
#3583=DIRECTION('',(-1.,0.,0.));
#3584=DIRECTION('center_axis',(0.,0.,1.));
#3585=DIRECTION('ref_axis',(1.,0.,0.));
#3586=DIRECTION('center_axis',(0.,1.,0.));
#3587=DIRECTION('ref_axis',(0.,0.,1.));
#3588=DIRECTION('center_axis',(0.,0.,-1.));
#3589=DIRECTION('ref_axis',(-0.707106781186548,0.707106781186548,0.));
#3590=DIRECTION('center_axis',(0.,0.,1.));
#3591=DIRECTION('ref_axis',(-0.707106781186548,0.707106781186548,0.));
#3592=DIRECTION('center_axis',(0.,1.,0.));
#3593=DIRECTION('ref_axis',(0.707106781186552,0.,0.707106781186543));
#3594=DIRECTION('center_axis',(0.,1.,0.));
#3595=DIRECTION('ref_axis',(0.,0.,1.));
#3596=DIRECTION('',(0.,1.,0.));
#3597=DIRECTION('',(0.,-1.,0.));
#3598=DIRECTION('center_axis',(0.,0.,1.));
#3599=DIRECTION('ref_axis',(1.,0.,0.));
#3600=DIRECTION('center_axis',(-1.,0.,0.));
#3601=DIRECTION('ref_axis',(0.,-1.77635683940025E-14,1.));
#3602=DIRECTION('center_axis',(0.,0.,-1.));
#3603=DIRECTION('ref_axis',(-0.707106781186548,-0.707106781186548,0.));
#3604=DIRECTION('center_axis',(0.,0.,1.));
#3605=DIRECTION('ref_axis',(-0.707106781186548,-0.707106781186548,0.));
#3606=DIRECTION('center_axis',(-1.,0.,0.));
#3607=DIRECTION('ref_axis',(0.,0.707106781186546,0.707106781186549));
#3608=DIRECTION('center_axis',(-1.,0.,0.));
#3609=DIRECTION('ref_axis',(0.,0.,1.));
#3610=DIRECTION('',(-1.,0.,0.));
#3611=DIRECTION('center_axis',(0.,0.,1.));
#3612=DIRECTION('ref_axis',(1.,0.,0.));
#3613=DIRECTION('center_axis',(0.,-1.,0.));
#3614=DIRECTION('ref_axis',(0.,0.,1.));
#3615=DIRECTION('center_axis',(0.,0.,-1.));
#3616=DIRECTION('ref_axis',(0.707106781186548,-0.707106781186548,0.));
#3617=DIRECTION('center_axis',(0.,-1.,0.));
#3618=DIRECTION('ref_axis',(-0.70710678118654,0.,0.707106781186555));
#3619=DIRECTION('center_axis',(0.,-1.,0.));
#3620=DIRECTION('ref_axis',(0.,0.,1.));
#3621=DIRECTION('',(0.,-1.,0.));
#3622=DIRECTION('center_axis',(0.,0.,-1.));
#3623=DIRECTION('ref_axis',(-1.,0.,0.));
#3624=DIRECTION('center_axis',(-1.,0.,0.));
#3625=DIRECTION('ref_axis',(0.,0.,1.));
#3626=DIRECTION('center_axis',(0.,0.,1.));
#3627=DIRECTION('ref_axis',(-0.707106781186549,0.707106781186546,0.));
#3628=DIRECTION('center_axis',(-1.,0.,0.));
#3629=DIRECTION('ref_axis',(0.,0.707106781186546,0.707106781186549));
#3630=DIRECTION('center_axis',(-1.,0.,0.));
#3631=DIRECTION('ref_axis',(0.,0.,1.));
#3632=DIRECTION('',(-1.,0.,0.));
#3633=DIRECTION('center_axis',(0.,0.,-1.));
#3634=DIRECTION('ref_axis',(-1.,0.,0.));
#3635=DIRECTION('center_axis',(0.,1.,0.));
#3636=DIRECTION('ref_axis',(0.,0.,1.));
#3637=DIRECTION('center_axis',(0.,0.,1.));
#3638=DIRECTION('ref_axis',(0.707106781186548,0.707106781186548,0.));
#3639=DIRECTION('center_axis',(0.,1.,0.));
#3640=DIRECTION('ref_axis',(0.70710678118654,0.,0.707106781186555));
#3641=DIRECTION('center_axis',(0.,1.,0.));
#3642=DIRECTION('ref_axis',(0.,0.,1.));
#3643=DIRECTION('',(0.,1.,0.));
#3644=DIRECTION('center_axis',(0.,0.,1.));
#3645=DIRECTION('ref_axis',(1.,0.,0.));
#3646=DIRECTION('center_axis',(-1.,0.,0.));
#3647=DIRECTION('ref_axis',(0.,-1.77635683940025E-14,1.));
#3648=DIRECTION('center_axis',(-1.,0.,0.));
#3649=DIRECTION('ref_axis',(0.,0.707106781186546,0.707106781186549));
#3650=DIRECTION('center_axis',(-1.,0.,0.));
#3651=DIRECTION('ref_axis',(0.,0.,1.));
#3652=DIRECTION('',(-1.,0.,0.));
#3653=DIRECTION('center_axis',(0.,0.,1.));
#3654=DIRECTION('ref_axis',(1.,0.,0.));
#3655=DIRECTION('center_axis',(0.,-1.,0.));
#3656=DIRECTION('ref_axis',(0.,0.,1.));
#3657=DIRECTION('center_axis',(0.,0.,-1.));
#3658=DIRECTION('ref_axis',(0.707106781186548,-0.707106781186548,0.));
#3659=DIRECTION('center_axis',(0.,0.,1.));
#3660=DIRECTION('ref_axis',(0.707106781186548,-0.707106781186548,0.));
#3661=DIRECTION('center_axis',(2.30098036191742E-16,-1.,0.));
#3662=DIRECTION('ref_axis',(-0.707106781186577,0.,0.707106781186518));
#3663=DIRECTION('',(-2.30098036191742E-16,1.,0.));
#3664=DIRECTION('',(2.30098036191742E-16,-1.,0.));
#3665=DIRECTION('center_axis',(0.,1.,0.));
#3666=DIRECTION('ref_axis',(-1.,0.,0.));
#3667=DIRECTION('',(0.,0.,1.));
#3668=DIRECTION('',(-1.,0.,0.));
#3669=DIRECTION('',(0.,0.,-1.));
#3670=DIRECTION('center_axis',(0.,0.,1.));
#3671=DIRECTION('ref_axis',(0.707106781186546,0.707106781186549,0.));
#3672=DIRECTION('',(0.,0.,-1.));
#3673=DIRECTION('center_axis',(0.,0.,1.));
#3674=DIRECTION('ref_axis',(0.707106781186546,0.707106781186549,0.));
#3675=DIRECTION('center_axis',(1.,0.,0.));
#3676=DIRECTION('ref_axis',(0.,1.,0.));
#3677=DIRECTION('',(0.,1.,0.));
#3678=DIRECTION('',(0.,-1.,0.));
#3679=DIRECTION('center_axis',(0.,1.,0.));
#3680=DIRECTION('ref_axis',(-1.,0.,0.));
#3681=DIRECTION('',(0.,0.,1.));
#3682=DIRECTION('',(1.,0.,0.));
#3683=DIRECTION('',(0.,0.,-1.));
#3684=DIRECTION('',(-1.,0.,0.));
#3685=DIRECTION('',(0.,0.,1.));
#3686=DIRECTION('',(1.,0.,0.));
#3687=DIRECTION('',(0.,0.,-1.));
#3688=DIRECTION('',(-1.,0.,0.));
#3689=DIRECTION('center_axis',(0.,0.,1.));
#3690=DIRECTION('ref_axis',(0.707106781186546,-0.707106781186549,0.));
#3691=DIRECTION('',(0.,0.,-1.));
#3692=DIRECTION('center_axis',(0.,0.,-1.));
#3693=DIRECTION('ref_axis',(0.707106781186546,-0.707106781186549,0.));
#3694=DIRECTION('center_axis',(-1.,-2.30098036191742E-16,0.));
#3695=DIRECTION('ref_axis',(2.30098036191742E-16,-1.,0.));
#3696=DIRECTION('',(0.,0.,1.));
#3697=DIRECTION('',(-2.30098036191742E-16,1.,0.));
#3698=DIRECTION('center_axis',(0.,0.,1.));
#3699=DIRECTION('ref_axis',(0.707106781186546,0.707106781186549,0.));
#3700=DIRECTION('',(0.,0.,-1.));
#3701=DIRECTION('center_axis',(0.,0.,-1.));
#3702=DIRECTION('ref_axis',(0.707106781186546,0.707106781186549,0.));
#3703=DIRECTION('center_axis',(0.,0.,1.));
#3704=DIRECTION('ref_axis',(1.,0.,0.));
#3705=DIRECTION('center_axis',(0.,0.,-1.));
#3706=DIRECTION('ref_axis',(-0.707106781186546,-0.707106781186549,0.));
#3707=DIRECTION('center_axis',(0.,0.,1.));
#3708=DIRECTION('ref_axis',(-0.707106781186546,-0.707106781186549,0.));
#3709=DIRECTION('',(0.,0.,-1.));
#3710=DIRECTION('center_axis',(0.,0.,-1.));
#3711=DIRECTION('ref_axis',(-0.707106781186546,-0.707106781186549,0.));
#3712=DIRECTION('',(0.,0.,1.));
#3713=DIRECTION('center_axis',(0.,1.,0.));
#3714=DIRECTION('ref_axis',(-1.,0.,0.));
#3715=DIRECTION('',(0.,0.,1.));
#3716=DIRECTION('',(1.,0.,0.));
#3717=DIRECTION('',(0.,0.,1.));
#3718=DIRECTION('',(1.,0.,0.));
#3719=DIRECTION('',(0.,0.,-1.));
#3720=DIRECTION('',(-1.,0.,0.));
#3721=DIRECTION('',(0.,0.,1.));
#3722=DIRECTION('',(1.,0.,0.));
#3723=DIRECTION('',(0.,0.,-1.));
#3724=DIRECTION('',(-1.,0.,0.));
#3725=DIRECTION('',(0.,0.,1.));
#3726=DIRECTION('',(1.,0.,0.));
#3727=DIRECTION('',(-1.,0.,0.));
#3728=DIRECTION('',(0.,0.,1.));
#3729=DIRECTION('',(1.,0.,0.));
#3730=DIRECTION('',(0.,0.,-1.));
#3731=DIRECTION('center_axis',(0.,0.,-1.));
#3732=DIRECTION('ref_axis',(-0.707106781186546,0.707106781186549,0.));
#3733=DIRECTION('center_axis',(0.,0.,1.));
#3734=DIRECTION('ref_axis',(-0.707106781186546,0.707106781186549,0.));
#3735=DIRECTION('',(0.,0.,-1.));
#3736=DIRECTION('center_axis',(0.,0.,-1.));
#3737=DIRECTION('ref_axis',(-0.707106781186546,0.707106781186549,0.));
#3738=DIRECTION('',(0.,0.,1.));
#3739=DIRECTION('center_axis',(1.,0.,0.));
#3740=DIRECTION('ref_axis',(0.,-1.,0.));
#3741=DIRECTION('',(0.,1.,0.));
#3742=DIRECTION('',(0.,0.,-1.));
#3743=DIRECTION('',(0.,-1.,0.));
#3744=DIRECTION('center_axis',(0.,0.,-1.));
#3745=DIRECTION('ref_axis',(0.707106781186546,0.707106781186549,0.));
#3746=DIRECTION('center_axis',(0.,0.,1.));
#3747=DIRECTION('ref_axis',(0.707106781186546,0.707106781186549,0.));
#3748=DIRECTION('',(0.,0.,-1.));
#3749=DIRECTION('center_axis',(0.,0.,-1.));
#3750=DIRECTION('ref_axis',(0.707106781186546,0.707106781186549,0.));
#3751=DIRECTION('',(0.,0.,1.));
#3752=DIRECTION('center_axis',(0.,-1.,0.));
#3753=DIRECTION('ref_axis',(1.,0.,0.));
#3754=DIRECTION('',(0.,0.,1.));
#3755=DIRECTION('',(-1.,0.,0.));
#3756=DIRECTION('',(0.,0.,-1.));
#3757=DIRECTION('',(1.,0.,0.));
#3758=DIRECTION('',(0.,0.,1.));
#3759=DIRECTION('',(-1.,0.,0.));
#3760=DIRECTION('',(0.,0.,-1.));
#3761=DIRECTION('',(1.,0.,0.));
#3762=DIRECTION('',(0.,0.,1.));
#3763=DIRECTION('',(-1.,0.,0.));
#3764=DIRECTION('',(0.,0.,-1.));
#3765=DIRECTION('',(1.,0.,0.));
#3766=DIRECTION('',(0.,0.,1.));
#3767=DIRECTION('',(-1.,0.,0.));
#3768=DIRECTION('',(0.,0.,-1.));
#3769=DIRECTION('',(1.,0.,0.));
#3770=DIRECTION('',(0.,0.,-1.));
#3771=DIRECTION('',(-1.,0.,0.));
#3772=DIRECTION('',(0.,0.,-1.));
#3773=DIRECTION('',(1.,0.,0.));
#3774=DIRECTION('',(0.,0.,1.));
#3775=DIRECTION('',(-1.,0.,0.));
#3776=DIRECTION('',(1.,0.,0.));
#3777=DIRECTION('',(-1.,0.,0.));
#3778=DIRECTION('center_axis',(0.,0.,-1.));
#3779=DIRECTION('ref_axis',(-0.707106781186547,0.707106781186548,0.));
#3780=DIRECTION('center_axis',(0.,0.,1.));
#3781=DIRECTION('ref_axis',(-0.707106781186547,0.707106781186548,0.));
#3782=DIRECTION('',(0.,0.,-1.));
#3783=DIRECTION('center_axis',(0.,0.,-1.));
#3784=DIRECTION('ref_axis',(-0.707106781186547,0.707106781186548,0.));
#3785=DIRECTION('center_axis',(1.,0.,0.));
#3786=DIRECTION('ref_axis',(0.,-1.,0.));
#3787=DIRECTION('',(0.,1.,0.));
#3788=DIRECTION('',(0.,0.,-1.));
#3789=DIRECTION('',(0.,-1.,0.));
#3790=DIRECTION('center_axis',(0.,0.,-1.));
#3791=DIRECTION('ref_axis',(0.707106781186548,0.707106781186548,0.));
#3792=DIRECTION('center_axis',(0.,0.,1.));
#3793=DIRECTION('ref_axis',(0.707106781186548,0.707106781186548,0.));
#3794=DIRECTION('center_axis',(0.,0.,-1.));
#3795=DIRECTION('ref_axis',(0.707106781186548,0.707106781186548,0.));
#3796=DIRECTION('',(0.,0.,1.));
#3797=DIRECTION('center_axis',(0.,0.,-1.));
#3798=DIRECTION('ref_axis',(-0.707106781187636,0.70710678118546,0.));
#3799=DIRECTION('center_axis',(0.,0.,1.));
#3800=DIRECTION('ref_axis',(-0.707106781187636,0.70710678118546,0.));
#3801=DIRECTION('',(0.,0.,-1.));
#3802=DIRECTION('center_axis',(0.,0.,-1.));
#3803=DIRECTION('ref_axis',(-0.707106781187636,0.70710678118546,0.));
#3804=DIRECTION('center_axis',(1.,3.08197911635942E-12,0.));
#3805=DIRECTION('ref_axis',(3.08197911635942E-12,-1.,0.));
#3806=DIRECTION('',(-3.08197911635942E-12,1.,0.));
#3807=DIRECTION('',(0.,0.,-1.));
#3808=DIRECTION('',(3.08197911635942E-12,-1.,0.));
#3809=DIRECTION('center_axis',(0.,0.,-1.));
#3810=DIRECTION('ref_axis',(0.707106781186546,0.707106781186549,0.));
#3811=DIRECTION('center_axis',(0.,0.,1.));
#3812=DIRECTION('ref_axis',(0.707106781186546,0.707106781186549,0.));
#3813=DIRECTION('center_axis',(0.,0.,-1.));
#3814=DIRECTION('ref_axis',(0.707106781186546,0.707106781186549,0.));
#3815=DIRECTION('',(0.,0.,1.));
#3816=DIRECTION('center_axis',(0.,0.,-1.));
#3817=DIRECTION('ref_axis',(0.707106781186546,-0.707106781186549,0.));
#3818=DIRECTION('center_axis',(0.,0.,1.));
#3819=DIRECTION('ref_axis',(0.707106781186546,-0.707106781186549,0.));
#3820=DIRECTION('',(0.,0.,-1.));
#3821=DIRECTION('center_axis',(0.,0.,-1.));
#3822=DIRECTION('ref_axis',(0.707106781186546,-0.707106781186549,0.));
#3823=DIRECTION('center_axis',(-1.,0.,0.));
#3824=DIRECTION('ref_axis',(0.,1.,0.));
#3825=DIRECTION('',(0.,-1.,0.));
#3826=DIRECTION('',(0.,0.,-1.));
#3827=DIRECTION('',(0.,1.,0.));
#3828=DIRECTION('center_axis',(0.,0.,-1.));
#3829=DIRECTION('ref_axis',(-0.707106781186552,-0.707106781186543,0.));
#3830=DIRECTION('center_axis',(0.,0.,1.));
#3831=DIRECTION('ref_axis',(-0.707106781186552,-0.707106781186543,0.));
#3832=DIRECTION('center_axis',(0.,0.,-1.));
#3833=DIRECTION('ref_axis',(-0.707106781186552,-0.707106781186543,0.));
#3834=DIRECTION('',(0.,0.,1.));
#3835=DIRECTION('center_axis',(0.,0.,-1.));
#3836=DIRECTION('ref_axis',(0.707106781186548,-0.707106781186548,0.));
#3837=DIRECTION('center_axis',(0.,0.,1.));
#3838=DIRECTION('ref_axis',(0.707106781186548,-0.707106781186548,0.));
#3839=DIRECTION('',(0.,0.,-1.));
#3840=DIRECTION('center_axis',(0.,0.,-1.));
#3841=DIRECTION('ref_axis',(0.707106781186548,-0.707106781186548,0.));
#3842=DIRECTION('center_axis',(-1.,0.,0.));
#3843=DIRECTION('ref_axis',(0.,1.,0.));
#3844=DIRECTION('',(0.,-1.,0.));
#3845=DIRECTION('',(0.,0.,-1.));
#3846=DIRECTION('',(0.,1.,0.));
#3847=DIRECTION('center_axis',(0.,0.,-1.));
#3848=DIRECTION('ref_axis',(-0.707106781186547,-0.707106781186548,0.));
#3849=DIRECTION('center_axis',(0.,0.,1.));
#3850=DIRECTION('ref_axis',(-0.707106781186547,-0.707106781186548,0.));
#3851=DIRECTION('center_axis',(0.,0.,-1.));
#3852=DIRECTION('ref_axis',(-0.707106781186547,-0.707106781186548,0.));
#3853=DIRECTION('',(0.,0.,1.));
#3854=DIRECTION('center_axis',(0.,0.,-1.));
#3855=DIRECTION('ref_axis',(0.707106781186546,-0.707106781186549,0.));
#3856=DIRECTION('center_axis',(0.,0.,1.));
#3857=DIRECTION('ref_axis',(0.707106781186546,-0.707106781186549,0.));
#3858=DIRECTION('',(0.,0.,-1.));
#3859=DIRECTION('center_axis',(0.,0.,-1.));
#3860=DIRECTION('ref_axis',(0.707106781186546,-0.707106781186549,0.));
#3861=DIRECTION('center_axis',(-1.,0.,0.));
#3862=DIRECTION('ref_axis',(0.,1.,0.));
#3863=DIRECTION('',(0.,-1.,0.));
#3864=DIRECTION('',(0.,0.,-1.));
#3865=DIRECTION('',(0.,1.,0.));
#3866=DIRECTION('center_axis',(0.,0.,1.));
#3867=DIRECTION('ref_axis',(-0.707106781186549,0.707106781186546,0.));
#3868=DIRECTION('center_axis',(0.,0.,1.));
#3869=DIRECTION('ref_axis',(-0.707106781186549,0.707106781186546,0.));
#3870=DIRECTION('',(0.,0.,1.));
#3871=DIRECTION('center_axis',(0.,0.,1.));
#3872=DIRECTION('ref_axis',(1.,0.,0.));
#3873=DIRECTION('',(0.,-1.,0.));
#3874=DIRECTION('center_axis',(0.,0.,1.));
#3875=DIRECTION('ref_axis',(0.707106781186554,0.707106781186541,0.));
#3876=DIRECTION('center_axis',(0.,0.,-1.));
#3877=DIRECTION('ref_axis',(0.707106781186546,-0.707106781186549,0.));
#3878=DIRECTION('',(0.,-1.,0.));
#3879=DIRECTION('center_axis',(0.,0.,-1.));
#3880=DIRECTION('ref_axis',(-1.,0.,0.));
#3881=DIRECTION('center_axis',(0.,0.,-1.));
#3882=DIRECTION('ref_axis',(-1.,0.,0.));
#3883=DIRECTION('center_axis',(0.,0.,1.));
#3884=DIRECTION('ref_axis',(-0.707106781186546,0.707106781186549,0.));
#3885=DIRECTION('',(0.,0.,-1.));
#3886=DIRECTION('center_axis',(0.,0.,-1.));
#3887=DIRECTION('ref_axis',(-0.707106781186546,0.707106781186549,0.));
#3888=DIRECTION('center_axis',(0.,0.,1.));
#3889=DIRECTION('ref_axis',(0.707106781186546,-0.707106781186549,0.));
#3890=DIRECTION('',(0.,0.,-1.));
#3891=DIRECTION('center_axis',(0.,0.,1.));
#3892=DIRECTION('ref_axis',(-0.707106781186552,-0.707106781186543,0.));
#3893=DIRECTION('center_axis',(0.,0.,-1.));
#3894=DIRECTION('ref_axis',(-0.707106781186552,-0.707106781186543,0.));
#3895=DIRECTION('',(0.,0.,1.));
#3896=DIRECTION('center_axis',(1.,0.,0.));
#3897=DIRECTION('ref_axis',(0.,1.,0.));
#3898=DIRECTION('',(0.,-1.,0.));
#3899=DIRECTION('center_axis',(0.,0.707106781186548,-0.707106781186547));
#3900=DIRECTION('ref_axis',(-1.,0.,0.));
#3901=DIRECTION('',(0.,-0.707106781186547,-0.707106781186548));
#3902=DIRECTION('',(-1.,0.,0.));
#3903=DIRECTION('',(4.18691322315673E-15,0.707106781186547,0.707106781186548));
#3904=DIRECTION('center_axis',(0.,0.,1.));
#3905=DIRECTION('ref_axis',(0.707106781186548,0.707106781186548,0.));
#3906=DIRECTION('',(-0.707106781186548,0.,-0.707106781186547));
#3907=DIRECTION('center_axis',(0.,0.,1.));
#3908=DIRECTION('ref_axis',(0.707106781186548,0.707106781186548,0.));
#3909=DIRECTION('center_axis',(0.707106781186547,0.,-0.707106781186548));
#3910=DIRECTION('ref_axis',(-0.707106781186548,0.,-0.707106781186547));
#3911=DIRECTION('',(-0.707106781186548,0.,-0.707106781186547));
#3912=DIRECTION('',(0.,1.,0.));
#3913=DIRECTION('center_axis',(0.,0.,1.));
#3914=DIRECTION('ref_axis',(0.707106781186548,-0.707106781186548,0.));
#3915=DIRECTION('',(0.,0.707106781186546,-0.707106781186549));
#3916=DIRECTION('center_axis',(0.,0.,1.));
#3917=DIRECTION('ref_axis',(0.707106781186548,-0.707106781186548,0.));
#3918=DIRECTION('center_axis',(0.,-0.707106781186548,-0.707106781186547));
#3919=DIRECTION('ref_axis',(-1.,0.,0.));
#3920=DIRECTION('',(0.,0.707106781186547,-0.707106781186548));
#3921=DIRECTION('',(1.,0.,0.));
#3922=DIRECTION('',(-1.,0.,0.));
#3923=DIRECTION('center_axis',(0.,0.,1.));
#3924=DIRECTION('ref_axis',(-0.707106781186548,-0.707106781186548,0.));
#3925=DIRECTION('center_axis',(0.,0.,-1.));
#3926=DIRECTION('ref_axis',(-0.707106781186547,-0.707106781186547,0.));
#3927=DIRECTION('',(0.707106781186548,0.,-0.707106781186547));
#3928=DIRECTION('center_axis',(0.,0.,1.));
#3929=DIRECTION('ref_axis',(-0.707106781186548,-0.707106781186548,0.));
#3930=DIRECTION('center_axis',(-0.707106781186547,0.,-0.707106781186548));
#3931=DIRECTION('ref_axis',(-0.707106781186548,0.,0.707106781186547));
#3932=DIRECTION('',(0.707106781186548,0.,-0.707106781186547));
#3933=DIRECTION('',(0.,-1.,0.));
#3934=DIRECTION('',(0.,1.,0.));
#3935=DIRECTION('center_axis',(0.,0.,1.));
#3936=DIRECTION('ref_axis',(-0.707106781186548,0.707106781186548,0.));
#3937=DIRECTION('center_axis',(0.,0.,-1.));
#3938=DIRECTION('ref_axis',(-0.707106781186547,0.707106781186547,0.));
#3939=DIRECTION('center_axis',(0.,0.,1.));
#3940=DIRECTION('ref_axis',(-0.707106781186548,0.707106781186548,0.));
#3941=DIRECTION('center_axis',(0.,0.,-1.));
#3942=DIRECTION('ref_axis',(-1.,0.,0.));
#3943=DIRECTION('',(-1.,0.,0.));
#3944=DIRECTION('center_axis',(0.,0.,-1.));
#3945=DIRECTION('ref_axis',(-0.707106781186549,0.707106781186546,0.));
#3946=DIRECTION('',(0.,-1.,0.));
#3947=DIRECTION('center_axis',(0.,0.,-1.));
#3948=DIRECTION('ref_axis',(-0.707106781186549,-0.707106781186546,0.));
#3949=DIRECTION('',(1.,0.,0.));
#3950=DIRECTION('center_axis',(0.,0.,-1.));
#3951=DIRECTION('ref_axis',(0.707106781186549,-0.707106781186546,0.));
#3952=DIRECTION('',(0.,1.,0.));
#3953=DIRECTION('center_axis',(0.,0.,-1.));
#3954=DIRECTION('ref_axis',(0.707106781186547,0.707106781186549,0.));
#3955=DIRECTION('center_axis',(0.,0.,1.));
#3956=DIRECTION('ref_axis',(-0.707106781186547,0.707106781186547,0.));
#3957=DIRECTION('',(0.,0.,1.));
#3958=DIRECTION('center_axis',(-1.,0.,0.));
#3959=DIRECTION('ref_axis',(0.,-1.,0.));
#3960=DIRECTION('',(0.,0.,-1.));
#3961=DIRECTION('center_axis',(0.,-1.,0.));
#3962=DIRECTION('ref_axis',(1.,0.,0.));
#3963=DIRECTION('',(0.,0.,1.));
#3964=DIRECTION('center_axis',(0.,0.,-1.));
#3965=DIRECTION('ref_axis',(-0.707106781186547,-0.707106781186547,0.));
#3966=DIRECTION('center_axis',(0.,0.,-1.));
#3967=DIRECTION('ref_axis',(0.707106781186547,0.707106781186549,0.));
#3968=DIRECTION('center_axis',(0.,0.,-1.));
#3969=DIRECTION('ref_axis',(0.707106781186547,0.707106781186549,0.));
#3970=DIRECTION('',(0.,0.,-1.));
#3971=DIRECTION('',(0.,0.,1.));
#3972=DIRECTION('center_axis',(0.,0.,1.));
#3973=DIRECTION('ref_axis',(1.,0.,0.));
#3974=DIRECTION('',(0.,1.,0.));
#3975=DIRECTION('center_axis',(0.,0.,-1.));
#3976=DIRECTION('ref_axis',(0.707106781186549,-0.707106781186546,0.));
#3977=DIRECTION('',(1.,-6.83214169000096E-16,0.));
#3978=DIRECTION('center_axis',(0.,0.,-1.));
#3979=DIRECTION('ref_axis',(0.707106781186545,-0.70710678118655,0.));
#3980=DIRECTION('',(0.,1.,0.));
#3981=DIRECTION('center_axis',(0.,0.,1.));
#3982=DIRECTION('ref_axis',(-0.707106781186554,0.707106781186541,0.));
#3983=DIRECTION('center_axis',(0.,0.,-1.));
#3984=DIRECTION('ref_axis',(0.999999999999625,8.65918170944399E-7,0.));
#3985=DIRECTION('',(0.,-1.,0.));
#3986=DIRECTION('center_axis',(0.,0.,-1.));
#3987=DIRECTION('ref_axis',(-0.999999999999631,8.59561430032978E-7,0.));
#3988=DIRECTION('',(0.,1.,0.));
#3989=DIRECTION('center_axis',(0.,0.,1.));
#3990=DIRECTION('ref_axis',(-0.707106781186554,-0.707106781186541,0.));
#3991=DIRECTION('',(0.,1.,0.));
#3992=DIRECTION('center_axis',(0.,0.,-1.));
#3993=DIRECTION('ref_axis',(0.707106781186548,0.707106781186548,0.));
#3994=DIRECTION('',(-1.,0.,0.));
#3995=DIRECTION('center_axis',(0.,0.,1.));
#3996=DIRECTION('ref_axis',(1.,0.,0.));
#3997=DIRECTION('center_axis',(0.,0.,1.));
#3998=DIRECTION('ref_axis',(1.,0.,0.));
#3999=DIRECTION('center_axis',(-1.,0.,0.));
#4000=DIRECTION('ref_axis',(0.,1.,0.));
#4001=DIRECTION('',(0.,0.,-1.));
#4002=DIRECTION('center_axis',(0.,0.,-1.));
#4003=DIRECTION('ref_axis',(-0.707106781186549,-0.707106781186546,0.));
#4004=DIRECTION('center_axis',(0.,0.,-1.));
#4005=DIRECTION('ref_axis',(-0.707106781186549,-0.707106781186546,0.));
#4006=DIRECTION('',(0.,0.,-1.));
#4007=DIRECTION('',(0.,0.,1.));
#4008=DIRECTION('center_axis',(0.,0.,1.));
#4009=DIRECTION('ref_axis',(1.,0.,0.));
#4010=DIRECTION('',(0.,-1.,0.));
#4011=DIRECTION('center_axis',(0.,0.,-1.));
#4012=DIRECTION('ref_axis',(-0.707106781186549,0.707106781186546,0.));
#4013=DIRECTION('',(-1.,0.,0.));
#4014=DIRECTION('center_axis',(0.,0.,-1.));
#4015=DIRECTION('ref_axis',(-0.707106781186548,0.707106781186548,0.));
#4016=DIRECTION('',(0.,-1.,0.));
#4017=DIRECTION('center_axis',(0.,0.,1.));
#4018=DIRECTION('ref_axis',(0.707106781186554,-0.707106781186541,0.));
#4019=DIRECTION('center_axis',(0.,0.,-1.));
#4020=DIRECTION('ref_axis',(-1.,0.,0.));
#4021=DIRECTION('',(0.,1.,0.));
#4022=DIRECTION('center_axis',(0.,0.,-1.));
#4023=DIRECTION('ref_axis',(0.999999999999327,-1.16036483710424E-6,0.));
#4024=DIRECTION('',(0.,-1.,0.));
#4025=DIRECTION('center_axis',(0.,0.,1.));
#4026=DIRECTION('ref_axis',(0.707106781186554,0.707106781186541,0.));
#4027=DIRECTION('',(0.,-1.,0.));
#4028=DIRECTION('center_axis',(0.,0.,-1.));
#4029=DIRECTION('ref_axis',(-0.707106781186548,-0.707106781186548,0.));
#4030=DIRECTION('',(1.,-6.83214169000096E-16,0.));
#4031=DIRECTION('center_axis',(0.,0.,1.));
#4032=DIRECTION('ref_axis',(1.,0.,0.));
#4033=DIRECTION('center_axis',(0.,0.,1.));
#4034=DIRECTION('ref_axis',(1.,0.,0.));
#4035=DIRECTION('center_axis',(1.,0.,0.));
#4036=DIRECTION('ref_axis',(0.,-1.,0.));
#4037=DIRECTION('',(0.,0.,-1.));
#4038=DIRECTION('center_axis',(0.,0.,-1.));
#4039=DIRECTION('ref_axis',(0.707106781186549,-0.707106781186546,0.));
#4040=DIRECTION('',(0.,0.,1.));
#4041=DIRECTION('center_axis',(0.,0.,-1.));
#4042=DIRECTION('ref_axis',(-0.707106781186549,0.707106781186546,0.));
#4043=DIRECTION('',(0.,0.,1.));
#4044=DIRECTION('center_axis',(0.,0.,1.));
#4045=DIRECTION('ref_axis',(-0.707106781186554,0.707106781186541,0.));
#4046=DIRECTION('center_axis',(0.,0.,1.));
#4047=DIRECTION('ref_axis',(-0.707106781186554,0.707106781186541,0.));
#4048=DIRECTION('',(0.,0.,1.));
#4049=DIRECTION('center_axis',(0.,0.,1.));
#4050=DIRECTION('ref_axis',(-0.707106781186554,0.707106781186541,0.));
#4051=DIRECTION('center_axis',(0.,0.,1.));
#4052=DIRECTION('ref_axis',(1.,0.,0.));
#4053=DIRECTION('center_axis',(0.,0.,-1.));
#4054=DIRECTION('ref_axis',(1.,0.,0.));
#4055=DIRECTION('',(-5.5511151231258E-16,-1.,0.));
#4056=DIRECTION('center_axis',(0.,0.,1.));
#4057=DIRECTION('ref_axis',(0.707106781186554,0.707106781186541,0.));
#4058=DIRECTION('',(0.,-1.,0.));
#4059=DIRECTION('center_axis',(0.,0.,-1.));
#4060=DIRECTION('ref_axis',(-0.707106781186545,-0.70710678118655,0.));
#4061=DIRECTION('',(1.,-6.83214169000096E-16,0.));
#4062=DIRECTION('center_axis',(0.,0.,-1.));
#4063=DIRECTION('ref_axis',(0.707106781186545,-0.70710678118655,0.));
#4064=DIRECTION('',(0.,1.,0.));
#4065=DIRECTION('center_axis',(0.,0.,1.));
#4066=DIRECTION('ref_axis',(1.,0.,0.));
#4067=DIRECTION('center_axis',(0.,0.,-1.));
#4068=DIRECTION('ref_axis',(0.707106781186554,0.707106781186541,0.));
#4069=DIRECTION('center_axis',(0.,0.,1.));
#4070=DIRECTION('ref_axis',(0.707106781186554,0.707106781186541,0.));
#4071=DIRECTION('',(0.,0.,-1.));
#4072=DIRECTION('center_axis',(0.,0.,-1.));
#4073=DIRECTION('ref_axis',(-0.707106781186541,-0.707106781186554,0.));
#4074=DIRECTION('center_axis',(0.,0.,1.));
#4075=DIRECTION('ref_axis',(-0.707106781186541,-0.707106781186554,0.));
#4076=DIRECTION('center_axis',(0.,0.,1.));
#4077=DIRECTION('ref_axis',(-0.707106781186541,-0.707106781186554,0.));
#4078=DIRECTION('',(0.,0.,-1.));
#4079=DIRECTION('center_axis',(0.,0.,1.));
#4080=DIRECTION('ref_axis',(1.,0.,0.));
#4081=DIRECTION('',(0.,1.,0.));
#4082=DIRECTION('center_axis',(0.,0.,-1.));
#4083=DIRECTION('ref_axis',(0.707106781186548,0.707106781186548,0.));
#4084=DIRECTION('',(-1.,0.,0.));
#4085=DIRECTION('center_axis',(0.,0.,-1.));
#4086=DIRECTION('ref_axis',(-0.707106781186548,0.707106781186548,0.));
#4087=DIRECTION('',(0.,-1.,0.));
#4088=DIRECTION('center_axis',(0.,0.,1.));
#4089=DIRECTION('ref_axis',(0.707106781186541,-0.707106781186554,0.));
#4090=DIRECTION('',(0.,1.,0.));
#4091=DIRECTION('',(-1.,-8.07434927000114E-17,0.));
#4092=DIRECTION('',(0.,-1.,0.));
#4093=DIRECTION('center_axis',(0.,0.,-1.));
#4094=DIRECTION('ref_axis',(-1.,0.,0.));
#4095=DIRECTION('',(0.,1.,0.));
#4096=DIRECTION('center_axis',(0.,0.,1.));
#4097=DIRECTION('ref_axis',(1.,0.,0.));
#4098=DIRECTION('center_axis',(0.,0.,1.));
#4099=DIRECTION('ref_axis',(0.707106781186554,-0.707106781186541,0.));
#4100=DIRECTION('',(0.,0.,1.));
#4101=DIRECTION('center_axis',(0.,0.,1.));
#4102=DIRECTION('ref_axis',(0.707106781186554,-0.707106781186541,0.));
#4103=DIRECTION('center_axis',(-1.,0.,0.));
#4104=DIRECTION('ref_axis',(0.,-1.,0.));
#4105=DIRECTION('',(0.,0.,-1.));
#4106=DIRECTION('',(0.,-1.,0.));
#4107=DIRECTION('center_axis',(0.,0.,1.));
#4108=DIRECTION('ref_axis',(0.707106781186541,-0.707106781186554,0.));
#4109=DIRECTION('',(0.,0.,1.));
#4110=DIRECTION('center_axis',(0.,0.,1.));
#4111=DIRECTION('ref_axis',(0.707106781186541,-0.707106781186554,0.));
#4112=DIRECTION('center_axis',(-1.,0.,0.));
#4113=DIRECTION('ref_axis',(0.,-1.,0.));
#4114=DIRECTION('',(0.,0.,-1.));
#4115=DIRECTION('',(0.,-1.,0.));
#4116=DIRECTION('center_axis',(0.,0.,-1.));
#4117=DIRECTION('ref_axis',(-0.707106781186554,-0.707106781186541,0.));
#4118=DIRECTION('center_axis',(0.,0.,1.));
#4119=DIRECTION('ref_axis',(-0.707106781186554,-0.707106781186541,0.));
#4120=DIRECTION('',(0.,0.,-1.));
#4121=DIRECTION('center_axis',(1.,0.,0.));
#4122=DIRECTION('ref_axis',(0.,1.,0.));
#4123=DIRECTION('',(0.,1.,0.));
#4124=DIRECTION('',(0.,0.,1.));
#4125=DIRECTION('center_axis',(0.,0.,1.));
#4126=DIRECTION('ref_axis',(-0.707106781186554,0.707106781186541,0.));
#4127=DIRECTION('',(0.,0.,1.));
#4128=DIRECTION('center_axis',(0.,0.,1.));
#4129=DIRECTION('ref_axis',(-0.707106781186554,0.707106781186541,0.));
#4130=DIRECTION('center_axis',(0.,0.,1.));
#4131=DIRECTION('ref_axis',(0.707106781186554,0.707106781186541,0.));
#4132=DIRECTION('',(0.,0.,-1.));
#4133=DIRECTION('center_axis',(-1.,0.,0.));
#4134=DIRECTION('ref_axis',(0.,-1.,0.));
#4135=DIRECTION('',(0.,-1.,0.));
#4136=DIRECTION('',(0.,0.,1.));
#4137=DIRECTION('center_axis',(0.,0.,1.));
#4138=DIRECTION('ref_axis',(-0.707106781186548,0.707106781186548,0.));
#4139=DIRECTION('center_axis',(0.,0.,-1.));
#4140=DIRECTION('ref_axis',(-0.707106781186548,0.707106781186548,0.));
#4141=DIRECTION('',(0.,0.,1.));
#4142=DIRECTION('center_axis',(0.,0.,1.));
#4143=DIRECTION('ref_axis',(1.,0.,0.));
#4144=DIRECTION('',(-1.,0.,0.));
#4145=DIRECTION('center_axis',(0.,0.,-1.));
#4146=DIRECTION('ref_axis',(0.707106781186548,0.707106781186548,0.));
#4147=DIRECTION('',(0.,1.,0.));
#4148=DIRECTION('center_axis',(0.,0.,-1.));
#4149=DIRECTION('ref_axis',(-1.,0.,0.));
#4150=DIRECTION('center_axis',(0.,1.,0.));
#4151=DIRECTION('ref_axis',(-1.,0.,0.));
#4152=DIRECTION('',(0.,0.,-1.));
#4153=DIRECTION('',(-1.,3.41607084500048E-16,0.));
#4154=DIRECTION('',(0.,0.,1.));
#4155=DIRECTION('',(0.,0.,-1.));
#4156=DIRECTION('center_axis',(0.,0.,1.));
#4157=DIRECTION('ref_axis',(0.707106781186548,0.707106781186548,0.));
#4158=DIRECTION('',(0.,0.,1.));
#4159=DIRECTION('center_axis',(1.,0.,0.));
#4160=DIRECTION('ref_axis',(0.,1.,0.));
#4161=DIRECTION('center_axis',(0.,0.,-1.));
#4162=DIRECTION('ref_axis',(-0.707106781186548,0.707106781186548,0.));
#4163=DIRECTION('center_axis',(0.,0.,-1.));
#4164=DIRECTION('ref_axis',(-0.707106781186548,0.707106781186548,0.));
#4165=DIRECTION('center_axis',(0.,0.,1.));
#4166=DIRECTION('ref_axis',(1.,0.,0.));
#4167=DIRECTION('center_axis',(0.,0.,-1.));
#4168=DIRECTION('ref_axis',(0.707106781186548,0.707106781186548,0.));
#4169=DIRECTION('center_axis',(0.,0.,-1.));
#4170=DIRECTION('ref_axis',(-1.,0.,0.));
#4171=DIRECTION('center_axis',(0.,0.,1.));
#4172=DIRECTION('ref_axis',(0.707106781186548,0.707106781186548,0.));
#4173=DIRECTION('center_axis',(0.,0.,-1.));
#4174=DIRECTION('ref_axis',(0.707106781186545,-0.70710678118655,0.));
#4175=DIRECTION('center_axis',(0.,0.,-1.));
#4176=DIRECTION('ref_axis',(0.707106781186545,-0.70710678118655,0.));
#4177=DIRECTION('',(0.,0.,-1.));
#4178=DIRECTION('',(0.,0.,1.));
#4179=DIRECTION('center_axis',(0.,0.,1.));
#4180=DIRECTION('ref_axis',(1.,0.,0.));
#4181=DIRECTION('',(1.,-6.83214169000096E-16,0.));
#4182=DIRECTION('center_axis',(0.,0.,-1.));
#4183=DIRECTION('ref_axis',(-0.707106781186548,-0.707106781186548,0.));
#4184=DIRECTION('',(0.,-1.,0.));
#4185=DIRECTION('',(0.,1.,0.));
#4186=DIRECTION('center_axis',(0.,0.,-1.));
#4187=DIRECTION('ref_axis',(-1.,0.,0.));
#4188=DIRECTION('center_axis',(-6.83214169000096E-16,-1.,0.));
#4189=DIRECTION('ref_axis',(1.,-6.83214169000096E-16,0.));
#4190=DIRECTION('',(0.,0.,-1.));
#4191=DIRECTION('',(0.,0.,-1.));
#4192=DIRECTION('',(1.,6.83214169000096E-16,0.));
#4193=DIRECTION('',(0.,0.,1.));
#4194=DIRECTION('center_axis',(0.,0.,1.));
#4195=DIRECTION('ref_axis',(-0.707106781186548,-0.707106781186548,0.));
#4196=DIRECTION('',(0.,0.,1.));
#4197=DIRECTION('center_axis',(-1.,0.,0.));
#4198=DIRECTION('ref_axis',(0.,-1.,0.));
#4199=DIRECTION('center_axis',(0.,0.,1.));
#4200=DIRECTION('ref_axis',(0.707106781186545,-0.70710678118655,0.));
#4201=DIRECTION('center_axis',(0.,0.,-1.));
#4202=DIRECTION('ref_axis',(0.707106781186545,-0.70710678118655,0.));
#4203=DIRECTION('',(0.,0.,-1.));
#4204=DIRECTION('center_axis',(1.,0.,0.));
#4205=DIRECTION('ref_axis',(0.,1.,0.));
#4206=DIRECTION('',(0.,1.,0.));
#4207=DIRECTION('center_axis',(0.,0.,1.));
#4208=DIRECTION('ref_axis',(-0.707106781186545,-0.70710678118655,0.));
#4209=DIRECTION('center_axis',(0.,0.,-1.));
#4210=DIRECTION('ref_axis',(-0.707106781186545,-0.70710678118655,0.));
#4211=DIRECTION('center_axis',(0.,0.,1.));
#4212=DIRECTION('ref_axis',(1.,0.,0.));
#4213=DIRECTION('center_axis',(0.,0.,-1.));
#4214=DIRECTION('ref_axis',(-1.,0.,0.));
#4215=DIRECTION('center_axis',(0.,0.,-1.));
#4216=DIRECTION('ref_axis',(1.,0.,0.));
#4217=DIRECTION('center_axis',(0.,0.,1.));
#4218=DIRECTION('ref_axis',(1.,0.,0.));
#4219=DIRECTION('',(0.,0.,-1.));
#4220=DIRECTION('center_axis',(0.,0.,-1.));
#4221=DIRECTION('ref_axis',(1.,0.,0.));
#4222=DIRECTION('center_axis',(0.,0.,1.));
#4223=DIRECTION('ref_axis',(1.,0.,0.));
#4224=DIRECTION('',(0.,0.,-1.));
#4225=DIRECTION('center_axis',(0.,0.,-1.));
#4226=DIRECTION('ref_axis',(1.,0.,0.));
#4227=DIRECTION('center_axis',(0.,0.,1.));
#4228=DIRECTION('ref_axis',(1.,0.,0.));
#4229=DIRECTION('',(0.,0.,-1.));
#4230=DIRECTION('center_axis',(0.,0.,-1.));
#4231=DIRECTION('ref_axis',(1.,0.,0.));
#4232=DIRECTION('center_axis',(0.,0.,1.));
#4233=DIRECTION('ref_axis',(1.,0.,0.));
#4234=DIRECTION('',(0.,0.,-1.));
#4235=DIRECTION('center_axis',(0.,0.,-1.));
#4236=DIRECTION('ref_axis',(1.,0.,0.));
#4237=DIRECTION('center_axis',(0.,0.,1.));
#4238=DIRECTION('ref_axis',(1.,0.,0.));
#4239=DIRECTION('',(0.,0.,-1.));
#4240=DIRECTION('center_axis',(0.,0.,-1.));
#4241=DIRECTION('ref_axis',(1.,0.,0.));
#4242=DIRECTION('center_axis',(0.,0.,1.));
#4243=DIRECTION('ref_axis',(1.,0.,0.));
#4244=DIRECTION('',(0.,0.,-1.));
#4245=DIRECTION('center_axis',(0.,0.,1.));
#4246=DIRECTION('ref_axis',(1.,0.,0.));
#4247=DIRECTION('',(0.,-1.,0.));
#4248=DIRECTION('center_axis',(0.,0.,1.));
#4249=DIRECTION('ref_axis',(-1.,0.,0.));
#4250=DIRECTION('center_axis',(1.,0.,0.));
#4251=DIRECTION('ref_axis',(0.,-1.,0.));
#4252=DIRECTION('',(0.,1.,0.));
#4253=DIRECTION('',(0.,0.,-1.));
#4254=DIRECTION('center_axis',(8.07434927000114E-17,-1.,0.));
#4255=DIRECTION('ref_axis',(-1.,-8.07434927000114E-17,0.));
#4256=DIRECTION('',(1.,8.07434927000114E-17,0.));
#4257=DIRECTION('',(0.,0.,-1.));
#4258=DIRECTION('center_axis',(-1.,0.,0.));
#4259=DIRECTION('ref_axis',(0.,1.,0.));
#4260=DIRECTION('',(0.,-1.,0.));
#4261=DIRECTION('center_axis',(-1.,0.,0.));
#4262=DIRECTION('ref_axis',(0.,1.,0.));
#4263=DIRECTION('',(0.,0.,-1.));
#4264=DIRECTION('center_axis',(0.,0.,-1.));
#4265=DIRECTION('ref_axis',(-1.,0.,0.));
#4266=DIRECTION('center_axis',(0.,0.,1.));
#4267=DIRECTION('ref_axis',(1.,0.,0.));
#4268=DIRECTION('center_axis',(0.,0.,1.));
#4269=DIRECTION('ref_axis',(1.,0.,0.));
#4270=DIRECTION('',(0.,-1.,0.));
#4271=DIRECTION('center_axis',(0.,0.,1.));
#4272=DIRECTION('ref_axis',(-1.,0.,0.));
#4273=DIRECTION('center_axis',(0.,0.,1.));
#4274=DIRECTION('ref_axis',(1.,0.,0.));
#4275=DIRECTION('',(0.,1.,0.));
#4276=DIRECTION('center_axis',(0.,0.,1.));
#4277=DIRECTION('ref_axis',(0.999999999999327,-1.16036483710424E-6,0.));
#4278=DIRECTION('center_axis',(0.,0.,-1.));
#4279=DIRECTION('ref_axis',(1.13056251453287E-6,0.999999999999361,0.));
#4280=DIRECTION('',(0.,0.,-1.));
#4281=DIRECTION('center_axis',(-1.,0.,0.));
#4282=DIRECTION('ref_axis',(0.,1.,0.));
#4283=DIRECTION('',(0.,0.,-1.));
#4284=DIRECTION('center_axis',(0.,0.,-1.));
#4285=DIRECTION('ref_axis',(-1.,0.,0.));
#4286=DIRECTION('center_axis',(1.,0.,0.));
#4287=DIRECTION('ref_axis',(0.,-1.,0.));
#4288=DIRECTION('center_axis',(1.,-5.5511151231258E-16,0.));
#4289=DIRECTION('ref_axis',(-5.5511151231258E-16,-1.,0.));
#4290=DIRECTION('',(0.,0.,-1.));
#4291=DIRECTION('',(5.5511151231258E-16,1.,0.));
#4292=DIRECTION('center_axis',(0.,0.,-1.));
#4293=DIRECTION('ref_axis',(1.,0.,0.));
#4294=DIRECTION('center_axis',(0.,0.,1.));
#4295=DIRECTION('ref_axis',(1.,0.,0.));
#4296=DIRECTION('center_axis',(0.,0.,1.));
#4297=DIRECTION('ref_axis',(1.,0.,0.));
#4298=DIRECTION('center_axis',(0.,0.,1.));
#4299=DIRECTION('ref_axis',(1.,0.,0.));
#4300=DIRECTION('',(0.,-1.,0.));
#4301=DIRECTION('center_axis',(0.,0.,1.));
#4302=DIRECTION('ref_axis',(-0.999999999999631,8.59561430032978E-7,0.));
#4303=DIRECTION('center_axis',(0.,0.,1.));
#4304=DIRECTION('ref_axis',(1.,0.,0.));
#4305=DIRECTION('',(0.,1.,0.));
#4306=DIRECTION('center_axis',(0.,0.,1.));
#4307=DIRECTION('ref_axis',(0.999999999999625,8.65918170944399E-7,0.));
#4308=DIRECTION('center_axis',(-1.,0.,0.));
#4309=DIRECTION('ref_axis',(0.,1.,0.));
#4310=DIRECTION('',(0.,0.,-1.));
#4311=DIRECTION('center_axis',(0.,0.,-1.));
#4312=DIRECTION('ref_axis',(-8.41311309323368E-7,-0.999999999999646,0.));
#4313=DIRECTION('center_axis',(1.,0.,0.));
#4314=DIRECTION('ref_axis',(0.,-1.,0.));
#4315=DIRECTION('',(0.,0.,-1.));
#4316=DIRECTION('center_axis',(0.,0.,-1.));
#4317=DIRECTION('ref_axis',(-8.86991595022879E-7,0.999999999999607,0.));
#4318=DIRECTION('center_axis',(-1.,0.,0.));
#4319=DIRECTION('ref_axis',(0.,-1.,0.));
#4320=DIRECTION('center_axis',(0.,0.,-1.));
#4321=DIRECTION('ref_axis',(-1.,0.,0.));
#4322=DIRECTION('center_axis',(0.,0.,1.));
#4323=DIRECTION('ref_axis',(-1.,0.,0.));
#4324=DIRECTION('',(-0.857167300702112,-1.04972719113862E-16,0.515038074910054));
#4325=DIRECTION('center_axis',(0.,0.,1.));
#4326=DIRECTION('ref_axis',(-1.,0.,0.));
#4327=DIRECTION('',(0.,0.,1.));
#4328=DIRECTION('center_axis',(0.,0.,-1.));
#4329=DIRECTION('ref_axis',(-1.,0.,0.));
#4330=DIRECTION('center_axis',(0.,0.,1.));
#4331=DIRECTION('ref_axis',(-1.,0.,0.));
#4332=DIRECTION('',(-0.857167300702112,-1.04972719113862E-16,0.515038074910054));
#4333=DIRECTION('center_axis',(0.,0.,1.));
#4334=DIRECTION('ref_axis',(-1.,0.,0.));
#4335=DIRECTION('',(0.,0.,1.));
#4336=DIRECTION('center_axis',(1.,0.,0.));
#4337=DIRECTION('ref_axis',(0.,1.,0.));
#4338=DIRECTION('center_axis',(0.,0.,-1.));
#4339=DIRECTION('ref_axis',(-1.,0.,0.));
#4340=DIRECTION('center_axis',(0.,0.,1.));
#4341=DIRECTION('ref_axis',(-1.,0.,0.));
#4342=DIRECTION('',(-0.857167300702112,-1.04972719113862E-16,0.515038074910054));
#4343=DIRECTION('center_axis',(0.,0.,1.));
#4344=DIRECTION('ref_axis',(-1.,0.,0.));
#4345=DIRECTION('',(0.,0.,1.));
#4346=DIRECTION('center_axis',(0.,0.,-1.));
#4347=DIRECTION('ref_axis',(-1.,0.,0.));
#4348=DIRECTION('center_axis',(0.,0.,1.));
#4349=DIRECTION('ref_axis',(-1.,0.,0.));
#4350=DIRECTION('',(-0.857167300702112,-1.04972719113862E-16,0.515038074910054));
#4351=DIRECTION('center_axis',(0.,0.,1.));
#4352=DIRECTION('ref_axis',(-1.,0.,0.));
#4353=DIRECTION('',(0.,0.,1.));
#4354=DIRECTION('center_axis',(0.,0.,-1.));
#4355=DIRECTION('ref_axis',(-1.,0.,0.));
#4356=DIRECTION('center_axis',(0.,0.,1.));
#4357=DIRECTION('ref_axis',(-1.,0.,0.));
#4358=DIRECTION('',(-0.857167300702112,-1.04972719113862E-16,0.515038074910054));
#4359=DIRECTION('center_axis',(0.,0.,1.));
#4360=DIRECTION('ref_axis',(-1.,0.,0.));
#4361=DIRECTION('',(0.,0.,1.));
#4362=DIRECTION('center_axis',(0.,0.,-1.));
#4363=DIRECTION('ref_axis',(-1.,0.,0.));
#4364=DIRECTION('center_axis',(0.,0.,1.));
#4365=DIRECTION('ref_axis',(-1.,0.,0.));
#4366=DIRECTION('',(-0.857167300702112,-1.04972719113862E-16,0.515038074910054));
#4367=DIRECTION('center_axis',(0.,0.,1.));
#4368=DIRECTION('ref_axis',(-1.,0.,0.));
#4369=DIRECTION('',(0.,0.,1.));
#4370=CARTESIAN_POINT('',(0.,0.,0.));
#4371=CARTESIAN_POINT('Origin',(54.65,-36.240272030311,0.));
#4372=CARTESIAN_POINT('',(56.65,-36.240272030311,3.1));
#4373=CARTESIAN_POINT('',(55.175,-38.1701360151555,3.1));
#4374=CARTESIAN_POINT('Origin',(54.65,-36.240272030311,3.1));
#4375=CARTESIAN_POINT('',(55.175,-38.1701360151555,0.5));
#4376=CARTESIAN_POINT('',(55.175,-38.1701360151555,0.));
#4377=CARTESIAN_POINT('',(56.65,-36.240272030311,0.5));
#4378=CARTESIAN_POINT('Origin',(54.65,-36.240272030311,0.5));
#4379=CARTESIAN_POINT('',(56.65,-36.240272030311,0.));
#4380=CARTESIAN_POINT('Origin',(58.65,-36.6,0.));
#4381=CARTESIAN_POINT('',(56.65,-36.6,3.1));
#4382=CARTESIAN_POINT('',(58.65,-38.6,3.1));
#4383=CARTESIAN_POINT('Origin',(58.65,-36.6,3.1));
#4384=CARTESIAN_POINT('',(56.65,-36.6,6.6));
#4385=CARTESIAN_POINT('',(56.65,-36.6,0.));
#4386=CARTESIAN_POINT('',(58.65,-38.6,6.6));
#4387=CARTESIAN_POINT('Origin',(58.65,-36.6,6.6));
#4388=CARTESIAN_POINT('',(58.65,-38.6,0.));
#4389=CARTESIAN_POINT('Origin',(55.7,-40.1,0.));
#4390=CARTESIAN_POINT('',(53.7,-40.1,3.1));
#4391=CARTESIAN_POINT('Origin',(55.7,-40.1,3.1));
#4392=CARTESIAN_POINT('',(53.7,-40.1,0.5));
#4393=CARTESIAN_POINT('',(53.7,-40.1,0.));
#4394=CARTESIAN_POINT('Origin',(55.7,-40.1,0.5));
#4395=CARTESIAN_POINT('Origin',(52.3875,-25.4,6.6));
#4396=CARTESIAN_POINT('',(53.8875,-25.4,7.1));
#4397=CARTESIAN_POINT('Origin',(52.3875,-25.4,7.1));
#4398=CARTESIAN_POINT('',(53.3875,-25.4,6.6));
#4399=CARTESIAN_POINT('Origin',(53.8875,-25.4,6.6));
#4400=CARTESIAN_POINT('Origin',(52.3875,-25.4,6.6));
#4401=CARTESIAN_POINT('Origin',(0.,0.,7.1));
#4402=CARTESIAN_POINT('',(46.125,-39.1,7.1));
#4403=CARTESIAN_POINT('',(48.625,-36.6,7.1));
#4404=CARTESIAN_POINT('Origin',(46.125,-36.6,7.1));
#4405=CARTESIAN_POINT('',(58.65,-39.1,7.1));
#4406=CARTESIAN_POINT('',(62.15,-39.1,7.1));
#4407=CARTESIAN_POINT('',(56.15,-36.6,7.1));
#4408=CARTESIAN_POINT('Origin',(58.65,-36.6,7.1));
#4409=CARTESIAN_POINT('',(56.15,-21.55,7.1));
#4410=CARTESIAN_POINT('',(56.15,-19.3,7.1));
#4411=CARTESIAN_POINT('',(54.65,-20.05,7.1));
#4412=CARTESIAN_POINT('Origin',(54.65,-21.55,7.1));
#4413=CARTESIAN_POINT('',(50.125,-20.05,7.1));
#4414=CARTESIAN_POINT('',(28.325,-20.05,7.1));
#4415=CARTESIAN_POINT('',(48.625,-21.55,7.1));
#4416=CARTESIAN_POINT('Origin',(50.125,-21.55,7.1));
#4417=CARTESIAN_POINT('',(48.625,-9.775,7.1));
#4418=CARTESIAN_POINT('',(53.8875,-31.75,7.1));
#4419=CARTESIAN_POINT('Origin',(52.3875,-31.75,7.1));
#4420=CARTESIAN_POINT('Origin',(52.3875,-25.4,3.905));
#4421=CARTESIAN_POINT('',(53.3875,-25.4,4.40129092854134));
#4422=CARTESIAN_POINT('Origin',(52.3875,-25.4,4.40129092854134));
#4423=CARTESIAN_POINT('',(53.3875,-25.4,3.905));
#4424=CARTESIAN_POINT('Origin',(52.3875,-31.75,6.6));
#4425=CARTESIAN_POINT('',(53.3875,-31.75,6.6));
#4426=CARTESIAN_POINT('Origin',(53.8875,-31.75,6.6));
#4427=CARTESIAN_POINT('Origin',(52.3875,-31.75,6.6));
#4428=CARTESIAN_POINT('Origin',(52.3875,-31.75,3.905));
#4429=CARTESIAN_POINT('',(53.3875,-31.75,4.40129092854134));
#4430=CARTESIAN_POINT('Origin',(52.3875,-31.75,4.40129092854134));
#4431=CARTESIAN_POINT('',(53.3875,-31.75,3.905));
#4432=CARTESIAN_POINT('Origin',(-114.3,-38.1,6.6));
#4433=CARTESIAN_POINT('',(-123.747221813846,-39.1,7.1));
#4434=CARTESIAN_POINT('',(-123.8,-38.1,7.1));
#4435=CARTESIAN_POINT('Origin',(-114.3,-38.1,7.1));
#4436=CARTESIAN_POINT('',(-124.3,-38.1,6.6));
#4437=CARTESIAN_POINT('Origin',(-123.8,-38.1,6.6));
#4438=CARTESIAN_POINT('',(-124.251072301178,-39.0880081258406,6.6));
#4439=CARTESIAN_POINT('Origin',(-114.3,-38.1,6.6));
#4440=CARTESIAN_POINT('',(-123.759190284426,-39.1005740235458,7.09985687985574));
#4441=CARTESIAN_POINT('Ctrl Pts',(-124.251065387141,-39.0880057240933,6.60000056888171));
#4442=CARTESIAN_POINT('Ctrl Pts',(-124.251052409098,-39.0881363918233,6.60107386091467));
#4443=CARTESIAN_POINT('Ctrl Pts',(-124.251035805809,-39.0882666891982,6.60214711300789));
#4444=CARTESIAN_POINT('Ctrl Pts',(-124.251015586197,-39.0883966154893,6.60322031000354));
#4445=CARTESIAN_POINT('Ctrl Pts',(-124.250525903343,-39.091543197838,6.62921122141639));
#4446=CARTESIAN_POINT('Ctrl Pts',(-124.247921368474,-39.0944612765819,6.65507747756372));
#4447=CARTESIAN_POINT('Ctrl Pts',(-124.243345550783,-39.097142142591,6.68060693080283));
#4448=CARTESIAN_POINT('Ctrl Pts',(-124.238667783135,-39.0998827387278,6.70670518438388));
#4449=CARTESIAN_POINT('Ctrl Pts',(-124.231929523715,-39.1023757134521,6.73245271548818));
#4450=CARTESIAN_POINT('Ctrl Pts',(-124.2232317287,-39.1046039748666,6.75761620684585));
#4451=CARTESIAN_POINT('Ctrl Pts',(-124.219822423422,-39.1054773943237,6.76747962898169));
#4452=CARTESIAN_POINT('Ctrl Pts',(-124.216111521856,-39.1063100362575,6.77725314255371));
#4453=CARTESIAN_POINT('Ctrl Pts',(-124.212103178189,-39.1071004069011,6.78692176181253));
#4454=CARTESIAN_POINT('Ctrl Pts',(-124.201896872423,-39.1091129001216,6.81154063002025));
#4455=CARTESIAN_POINT('Ctrl Pts',(-124.18984043093,-39.110837093161,6.83530004383189));
#4456=CARTESIAN_POINT('Ctrl Pts',(-124.176051342626,-39.1122565057012,6.85797439771622));
#4457=CARTESIAN_POINT('Ctrl Pts',(-124.162552237196,-39.113646068166,6.88017191265652));
#4458=CARTESIAN_POINT('Ctrl Pts',(-124.1473918944,-39.1147437333481,6.90133061843161));
#4459=CARTESIAN_POINT('Ctrl Pts',(-124.130639480979,-39.1155227994424,6.92121520571412));
#4460=CARTESIAN_POINT('Ctrl Pts',(-124.122578340281,-39.1158976804367,6.9307835259192));
#4461=CARTESIAN_POINT('Ctrl Pts',(-124.114148009601,-39.1161986041423,6.94005637362902));
#4462=CARTESIAN_POINT('Ctrl Pts',(-124.105353390976,-39.1164214276025,6.94900438651316));
#4463=CARTESIAN_POINT('Ctrl Pts',(-124.105341169154,-39.1164217372588,6.94901682150558));
#4464=CARTESIAN_POINT('Ctrl Pts',(-124.10532894669,-39.1164220467626,6.94902925580778));
#4465=CARTESIAN_POINT('Ctrl Pts',(-124.105316723584,-39.1164223561139,6.9490416894197));
#4466=CARTESIAN_POINT('Ctrl Pts',(-124.087028604735,-39.1168852052653,6.96764476525319));
#4467=CARTESIAN_POINT('Ctrl Pts',(-124.067305825713,-39.1170079523355,6.98470533594658));
#4468=CARTESIAN_POINT('Ctrl Pts',(-124.046393367128,-39.1168171237571,7.00015691080364));
#4469=CARTESIAN_POINT('Ctrl Pts',(-124.025105451109,-39.1166228690866,7.01588589965307));
#4470=CARTESIAN_POINT('Ctrl Pts',(-124.002583574691,-39.1161037254712,7.02994826744154));
#4471=CARTESIAN_POINT('Ctrl Pts',(-123.97905483644,-39.1152728229941,7.04223381987645));
#4472=CARTESIAN_POINT('Ctrl Pts',(-123.968320493748,-39.1148937464862,7.04783876683892));
#4473=CARTESIAN_POINT('Ctrl Pts',(-123.957376268161,-39.114449574616,7.05307328273319));
#4474=CARTESIAN_POINT('Ctrl Pts',(-123.946242658773,-39.1139405091992,7.05792360652622));
#4475=CARTESIAN_POINT('Ctrl Pts',(-123.921848277655,-39.1128251174733,7.0685509460551));
#4476=CARTESIAN_POINT('Ctrl Pts',(-123.896739414358,-39.1114084833359,7.07725251554502));
#4477=CARTESIAN_POINT('Ctrl Pts',(-123.87115412363,-39.109700231642,7.08393913337514));
#4478=CARTESIAN_POINT('Ctrl Pts',(-123.846121881236,-39.1080289052959,7.09048121413923));
#4479=CARTESIAN_POINT('Ctrl Pts',(-123.82063232535,-39.1060783811958,7.09509486896117));
#4480=CARTESIAN_POINT('Ctrl Pts',(-123.794895995771,-39.103844246273,7.09765146874164));
#4481=CARTESIAN_POINT('Ctrl Pts',(-123.783039602853,-39.1028150093184,7.09882926106981));
#4482=CARTESIAN_POINT('Ctrl Pts',(-123.771130775483,-39.101725396024,7.09956981045521));
#4483=CARTESIAN_POINT('Ctrl Pts',(-123.759190284426,-39.1005740235458,7.09985687985574));
#4484=CARTESIAN_POINT('Ctrl Pts',(-123.759190284426,-39.1005740235458,7.09985687985575));
#4485=CARTESIAN_POINT('Ctrl Pts',(-123.755112211627,-39.1001807917463,7.09995492355496));
#4486=CARTESIAN_POINT('Ctrl Pts',(-123.751093831102,-39.1,7.1));
#4487=CARTESIAN_POINT('Ctrl Pts',(-123.747221813846,-39.1,7.1));
#4488=CARTESIAN_POINT('Ctrl Pts',(123.759190284426,-39.1005740235458,7.09985687985575));
#4489=CARTESIAN_POINT('Ctrl Pts',(123.57345713532,-41.0979126806945,6.60186442146738));
#4490=CARTESIAN_POINT('Ctrl Pts',(122.171211697801,-44.3154932751297,5.79963147786986));
#4491=CARTESIAN_POINT('Ctrl Pts',(118.307984124697,-47.1463184733155,5.09382748480804));
#4492=CARTESIAN_POINT('Ctrl Pts',(115.637303840489,-47.7209609477998,4.950553024296));
#4493=CARTESIAN_POINT('Ctrl Pts',(114.3,-47.7209609477998,4.950553024296));
#4494=CARTESIAN_POINT('Ctrl Pts',(123.887701125891,-39.1118248835046,7.09705172541194));
#4495=CARTESIAN_POINT('Ctrl Pts',(123.695325579713,-41.134362921518,6.59264002572073));
#4496=CARTESIAN_POINT('Ctrl Pts',(122.269197241136,-44.3882827864347,5.78147034668992));
#4497=CARTESIAN_POINT('Ctrl Pts',(118.356060084898,-47.2479326766674,5.0683612537516));
#4498=CARTESIAN_POINT('Ctrl Pts',(115.653354748063,-47.828215030363,4.92381157809376));
#4499=CARTESIAN_POINT('Ctrl Pts',(114.3,-47.828215030363,4.92381157809376));
#4500=CARTESIAN_POINT('Ctrl Pts',(124.143610219539,-39.1087612331625,6.98931927243046));
#4501=CARTESIAN_POINT('Ctrl Pts',(123.938350263772,-41.1831717746386,6.47964722481095));
#4502=CARTESIAN_POINT('Ctrl Pts',(122.464521152172,-44.5122965230837,5.66087091184089));
#4503=CARTESIAN_POINT('Ctrl Pts',(118.452150483056,-47.4318047042843,4.94231478541488));
#4504=CARTESIAN_POINT('Ctrl Pts',(115.685316898984,-48.0238070961403,4.79651955378394));
#4505=CARTESIAN_POINT('Ctrl Pts',(114.3,-48.0238070961403,4.79651955378394));
#4506=CARTESIAN_POINT('Ctrl Pts',(124.254163793428,-39.0568645337705,6.73994050131528));
#4507=CARTESIAN_POINT('Ctrl Pts',(124.052105099824,-41.1573137107112,6.23793835454776));
#4508=CARTESIAN_POINT('Ctrl Pts',(122.568761664715,-44.5335651836408,5.43016264551271));
#4509=CARTESIAN_POINT('Ctrl Pts',(118.507242126432,-47.4986312957026,4.72001785707288));
#4510=CARTESIAN_POINT('Ctrl Pts',(115.703879761967,-48.1,4.57594268045098));
#4511=CARTESIAN_POINT('Ctrl Pts',(114.3,-48.1,4.57594268045098));
#4512=CARTESIAN_POINT('Ctrl Pts',(124.257042404659,-39.0259085007852,6.61470901671775));
#4513=CARTESIAN_POINT('Ctrl Pts',(124.061533826652,-41.1283702451522,6.11671655832938));
#4514=CARTESIAN_POINT('Ctrl Pts',(122.585485997686,-44.515297186663,5.31448361473187));
#4515=CARTESIAN_POINT('Ctrl Pts',(118.518930657576,-47.4951131847534,4.60867962167005));
#4516=CARTESIAN_POINT('Ctrl Pts',(115.707688253146,-48.1,4.465405161158));
#4517=CARTESIAN_POINT('Ctrl Pts',(114.3,-48.1,4.465405161158));
#4518=CARTESIAN_POINT('',(123.759190284426,-39.1005740235458,7.09985687985575));
#4519=CARTESIAN_POINT('',(114.3,-47.7209609477998,4.950553024296));
#4520=CARTESIAN_POINT('Origin',(114.3,-38.2209609477998,7.31916905130623));
#4521=CARTESIAN_POINT('',(114.3,-48.1,4.465405161158));
#4522=CARTESIAN_POINT('Origin',(114.3,-47.6,4.465405161158));
#4523=CARTESIAN_POINT('',(124.251072301178,-39.0880081258406,6.6));
#4524=CARTESIAN_POINT('Origin',(114.3,-38.1,6.83402118816823));
#4525=CARTESIAN_POINT('Ctrl Pts',(124.251065387141,-39.0880057240933,6.60000056888171));
#4526=CARTESIAN_POINT('Ctrl Pts',(124.251052581181,-39.0881346592293,6.60105962955607));
#4527=CARTESIAN_POINT('Ctrl Pts',(124.251036245474,-39.0882632337786,6.60211865137505));
#4528=CARTESIAN_POINT('Ctrl Pts',(124.251016388595,-39.0883914470236,6.60317761977973));
#4529=CARTESIAN_POINT('Ctrl Pts',(124.250529032204,-39.0915382427788,6.62916836107447));
#4530=CARTESIAN_POINT('Ctrl Pts',(124.247926779948,-39.0944565461437,6.65503458770199));
#4531=CARTESIAN_POINT('Ctrl Pts',(124.243353215564,-39.0971376503447,6.68056415701631));
#4532=CARTESIAN_POINT('Ctrl Pts',(124.238677705599,-39.0998785168453,6.70666278506676));
#4533=CARTESIAN_POINT('Ctrl Pts',(124.231941632936,-39.1023717712574,6.73241083586461));
#4534=CARTESIAN_POINT('Ctrl Pts',(124.223245970619,-39.1046003255165,6.75757499814785));
#4535=CARTESIAN_POINT('Ctrl Pts',(124.219832858683,-39.1054750495876,6.76745211843224));
#4536=CARTESIAN_POINT('Ctrl Pts',(124.216117320164,-39.1063088870879,6.77723910860363));
#4537=CARTESIAN_POINT('Ctrl Pts',(124.212103526441,-39.1071003382321,6.78692092178242));
#4538=CARTESIAN_POINT('Ctrl Pts',(124.201897263676,-39.1091128378523,6.81153980759581));
#4539=CARTESIAN_POINT('Ctrl Pts',(124.189840863584,-39.1108370375371,6.83529924230405));
#4540=CARTESIAN_POINT('Ctrl Pts',(124.176051815311,-39.1122564570324,6.85797362045039));
#4541=CARTESIAN_POINT('Ctrl Pts',(124.162552746958,-39.1136460265234,6.88017116261767));
#4542=CARTESIAN_POINT('Ctrl Pts',(124.147392439409,-39.1147436989377,6.90132989852097));
#4543=CARTESIAN_POINT('Ctrl Pts',(124.130640059605,-39.1155227725403,6.92121451889997));
#4544=CARTESIAN_POINT('Ctrl Pts',(124.122578856515,-39.1158976608013,6.93078294828873));
#4545=CARTESIAN_POINT('Ctrl Pts',(124.114148455871,-39.1161985903975,6.94005590011519));
#4546=CARTESIAN_POINT('Ctrl Pts',(124.105353759862,-39.1164214182562,6.94900401119294));
#4547=CARTESIAN_POINT('Ctrl Pts',(124.105341415091,-39.1164217310309,6.94901657130607));
#4548=CARTESIAN_POINT('Ctrl Pts',(124.105329069665,-39.1164220436501,6.94902913071503));
#4549=CARTESIAN_POINT('Ctrl Pts',(124.105316723584,-39.1164223561138,6.94904168941975));
#4550=CARTESIAN_POINT('Ctrl Pts',(124.087028603861,-39.1168852052766,6.96764476614583));
#4551=CARTESIAN_POINT('Ctrl Pts',(124.067305823587,-39.1170079523401,6.9847053378256));
#4552=CARTESIAN_POINT('Ctrl Pts',(124.046393363305,-39.1168171237112,7.00015691363173));
#4553=CARTESIAN_POINT('Ctrl Pts',(124.025105447639,-39.1166228690085,7.01588590191083));
#4554=CARTESIAN_POINT('Ctrl Pts',(124.002583571353,-39.1161037253789,7.02994826941563));
#4555=CARTESIAN_POINT('Ctrl Pts',(123.979054832919,-39.1152728228701,7.04223382171482));
#4556=CARTESIAN_POINT('Ctrl Pts',(123.968320535433,-39.1148937479471,7.04783874496762));
#4557=CARTESIAN_POINT('Ctrl Pts',(123.957376356758,-39.1144495782071,7.0530732403069));
#4558=CARTESIAN_POINT('Ctrl Pts',(123.946242795724,-39.113940515461,7.0579235468639));
#4559=CARTESIAN_POINT('Ctrl Pts',(123.92184841756,-39.1128251248777,7.06855089349612));
#4560=CARTESIAN_POINT('Ctrl Pts',(123.89673955669,-39.1114084918559,7.07725247028969));
#4561=CARTESIAN_POINT('Ctrl Pts',(123.871154267888,-39.1097002412716,7.08393909567432));
#4562=CARTESIAN_POINT('Ctrl Pts',(123.84612202699,-39.1080289159849,7.09048118393127));
#4563=CARTESIAN_POINT('Ctrl Pts',(123.820632472105,-39.10607839293,7.09509484642639));
#4564=CARTESIAN_POINT('Ctrl Pts',(123.794896143042,-39.1038442590569,7.09765145411209));
#4565=CARTESIAN_POINT('Ctrl Pts',(123.783039701484,-39.1028150183429,7.09882925493755));
#4566=CARTESIAN_POINT('Ctrl Pts',(123.771130824938,-39.1017254007928,7.09956980926623));
#4567=CARTESIAN_POINT('Ctrl Pts',(123.759190284426,-39.1005740235458,7.09985687985575));
#4568=CARTESIAN_POINT('Origin',(0.,-47.6,4.46540516115801));
#4569=CARTESIAN_POINT('',(-114.3,-47.7209609477998,4.950553024296));
#4570=CARTESIAN_POINT('',(-114.3,-48.1,4.46540516115801));
#4571=CARTESIAN_POINT('Origin',(-114.3,-47.6,4.46540516115801));
#4572=CARTESIAN_POINT('',(0.,-48.1,4.46540516115801));
#4573=CARTESIAN_POINT('',(0.,-47.7209609477998,4.950553024296));
#4574=CARTESIAN_POINT('Ctrl Pts',(-114.3,-47.7209609477998,4.950553024296));
#4575=CARTESIAN_POINT('Ctrl Pts',(-115.637303840489,-47.7209609477998,4.950553024296));
#4576=CARTESIAN_POINT('Ctrl Pts',(-118.307984124697,-47.1463184733155,5.09382748480804));
#4577=CARTESIAN_POINT('Ctrl Pts',(-122.171211697801,-44.3154932751297,5.79963147786986));
#4578=CARTESIAN_POINT('Ctrl Pts',(-123.57345713532,-41.0979126806945,6.60186442146738));
#4579=CARTESIAN_POINT('Ctrl Pts',(-123.759190284426,-39.1005740235458,7.09985687985575));
#4580=CARTESIAN_POINT('Ctrl Pts',(-114.3,-47.828215030363,4.92381157809376));
#4581=CARTESIAN_POINT('Ctrl Pts',(-115.653354748063,-47.828215030363,4.92381157809376));
#4582=CARTESIAN_POINT('Ctrl Pts',(-118.356060084899,-47.2479326766674,5.0683612537516));
#4583=CARTESIAN_POINT('Ctrl Pts',(-122.269197241136,-44.3882827864347,5.78147034668991));
#4584=CARTESIAN_POINT('Ctrl Pts',(-123.695325579713,-41.134362921518,6.59264002572072));
#4585=CARTESIAN_POINT('Ctrl Pts',(-123.887701125891,-39.1118248835046,7.09705172541193));
#4586=CARTESIAN_POINT('Ctrl Pts',(-114.3,-48.0238070961403,4.79651955378394));
#4587=CARTESIAN_POINT('Ctrl Pts',(-115.685316898984,-48.0238070961403,4.79651955378394));
#4588=CARTESIAN_POINT('Ctrl Pts',(-118.452150483056,-47.4318047042842,4.94231478541487));
#4589=CARTESIAN_POINT('Ctrl Pts',(-122.464521152172,-44.5122965230836,5.66087091184086));
#4590=CARTESIAN_POINT('Ctrl Pts',(-123.938350263772,-41.1831717746386,6.47964722481093));
#4591=CARTESIAN_POINT('Ctrl Pts',(-124.143610219539,-39.1087612331625,6.98931927243044));
#4592=CARTESIAN_POINT('Ctrl Pts',(-114.3,-48.1,4.57594268045098));
#4593=CARTESIAN_POINT('Ctrl Pts',(-115.703879761967,-48.1,4.57594268045098));
#4594=CARTESIAN_POINT('Ctrl Pts',(-118.507242126432,-47.4986312957026,4.72001785707288));
#4595=CARTESIAN_POINT('Ctrl Pts',(-122.568761664715,-44.5335651836408,5.43016264551271));
#4596=CARTESIAN_POINT('Ctrl Pts',(-124.052105099824,-41.1573137107112,6.23793835454775));
#4597=CARTESIAN_POINT('Ctrl Pts',(-124.254163793428,-39.0568645337704,6.73994050131527));
#4598=CARTESIAN_POINT('Ctrl Pts',(-114.3,-48.1,4.465405161158));
#4599=CARTESIAN_POINT('Ctrl Pts',(-115.707688253146,-48.1,4.46540516115801));
#4600=CARTESIAN_POINT('Ctrl Pts',(-118.518930657576,-47.4951131847533,4.60867962167005));
#4601=CARTESIAN_POINT('Ctrl Pts',(-122.585485997686,-44.515297186663,5.31448361473187));
#4602=CARTESIAN_POINT('Ctrl Pts',(-124.061533826652,-41.1283702451522,6.11671655832938));
#4603=CARTESIAN_POINT('Ctrl Pts',(-124.257042404659,-39.0259085007852,6.61470901671775));
#4604=CARTESIAN_POINT('Origin',(-114.3,-38.1,6.83402118816823));
#4605=CARTESIAN_POINT('Origin',(-114.3,-38.2209609477998,7.31916905130623));
#4606=CARTESIAN_POINT('Origin',(-123.8,24.05,6.6));
#4607=CARTESIAN_POINT('',(-123.8,38.1,7.1));
#4608=CARTESIAN_POINT('',(-124.3,38.1,6.6));
#4609=CARTESIAN_POINT('Origin',(-123.8,38.1,6.6));
#4610=CARTESIAN_POINT('',(-124.3,24.05,6.6));
#4611=CARTESIAN_POINT('',(-123.8,24.05,7.1));
#4612=CARTESIAN_POINT('Origin',(-114.3,38.1,6.6));
#4613=CARTESIAN_POINT('',(-114.3,47.6,7.1));
#4614=CARTESIAN_POINT('',(-114.3,48.1,6.6));
#4615=CARTESIAN_POINT('Origin',(-114.3,47.6,6.6));
#4616=CARTESIAN_POINT('Origin',(-114.3,38.1,6.6));
#4617=CARTESIAN_POINT('Origin',(-114.3,38.1,7.1));
#4618=CARTESIAN_POINT('Origin',(62.15,47.6,6.6));
#4619=CARTESIAN_POINT('',(114.3,47.6,7.1));
#4620=CARTESIAN_POINT('',(114.3,48.1,6.6));
#4621=CARTESIAN_POINT('Origin',(114.3,47.6,6.6));
#4622=CARTESIAN_POINT('',(62.15,48.1,6.6));
#4623=CARTESIAN_POINT('',(62.15,47.6,7.1));
#4624=CARTESIAN_POINT('Origin',(114.3,38.1,6.6));
#4625=CARTESIAN_POINT('',(123.8,38.1,7.1));
#4626=CARTESIAN_POINT('',(124.3,38.1,6.6));
#4627=CARTESIAN_POINT('Origin',(123.8,38.1,6.6));
#4628=CARTESIAN_POINT('Origin',(114.3,38.1,6.6));
#4629=CARTESIAN_POINT('Origin',(114.3,38.1,7.1));
#4630=CARTESIAN_POINT('Origin',(123.8,-24.05,6.6));
#4631=CARTESIAN_POINT('',(123.8,-38.1,7.1));
#4632=CARTESIAN_POINT('',(124.3,-38.1,6.6));
#4633=CARTESIAN_POINT('Origin',(123.8,-38.1,6.6));
#4634=CARTESIAN_POINT('',(124.3,-24.05,6.6));
#4635=CARTESIAN_POINT('',(123.8,-24.05,7.1));
#4636=CARTESIAN_POINT('Origin',(114.3,-38.1,6.6));
#4637=CARTESIAN_POINT('Origin',(114.3,-38.1,6.6));
#4638=CARTESIAN_POINT('',(123.747221813846,-39.1,7.1));
#4639=CARTESIAN_POINT('Origin',(114.3,-38.1,7.1));
#4640=CARTESIAN_POINT('Ctrl Pts',(123.747221813846,-39.1,7.1));
#4641=CARTESIAN_POINT('Ctrl Pts',(123.751093831102,-39.1,7.1));
#4642=CARTESIAN_POINT('Ctrl Pts',(123.755112211627,-39.1001807917463,7.09995492355496));
#4643=CARTESIAN_POINT('Ctrl Pts',(123.759190284426,-39.1005740235458,7.09985687985575));
#4644=CARTESIAN_POINT('Origin',(124.3,48.1,0.));
#4645=CARTESIAN_POINT('',(114.3,48.1,-7.));
#4646=CARTESIAN_POINT('',(114.3,48.1,0.));
#4647=CARTESIAN_POINT('',(-114.3,48.1,-7.));
#4648=CARTESIAN_POINT('',(62.15,48.1,-7.));
#4649=CARTESIAN_POINT('',(-114.3,48.1,0.));
#4650=CARTESIAN_POINT('Origin',(114.3,38.1,0.));
#4651=CARTESIAN_POINT('',(124.3,38.1,-7.));
#4652=CARTESIAN_POINT('',(124.3,38.1,0.));
#4653=CARTESIAN_POINT('Origin',(114.3,38.1,-7.));
#4654=CARTESIAN_POINT('Origin',(124.3,-48.1,0.));
#4655=CARTESIAN_POINT('',(124.3,-38.1,-7.));
#4656=CARTESIAN_POINT('',(124.3,-38.1,0.));
#4657=CARTESIAN_POINT('',(124.3,-24.05,-7.));
#4658=CARTESIAN_POINT('Origin',(114.3,-38.1,0.));
#4659=CARTESIAN_POINT('',(114.3,-48.1,-7.));
#4660=CARTESIAN_POINT('',(114.3,-48.1,0.));
#4661=CARTESIAN_POINT('Origin',(114.3,-38.1,-7.));
#4662=CARTESIAN_POINT('Origin',(124.3,-39.1,7.1));
#4663=CARTESIAN_POINT('',(112.8,-39.1,7.1));
#4664=CARTESIAN_POINT('',(62.15,-39.1,7.1));
#4665=CARTESIAN_POINT('',(62.15,-39.1,7.1));
#4666=CARTESIAN_POINT('',(-112.8,-39.1,7.1));
#4667=CARTESIAN_POINT('',(62.15,-39.1,7.1));
#4668=CARTESIAN_POINT('',(62.15,-39.1,7.1));
#4669=CARTESIAN_POINT('Origin',(112.8,36.6,6.6));
#4670=CARTESIAN_POINT('',(114.8,36.6,6.6));
#4671=CARTESIAN_POINT('',(115.3,36.6,7.1));
#4672=CARTESIAN_POINT('Origin',(115.3,36.6,6.6));
#4673=CARTESIAN_POINT('',(112.8,39.1,7.1));
#4674=CARTESIAN_POINT('Origin',(112.8,36.6,7.1));
#4675=CARTESIAN_POINT('',(112.8,38.6,6.6));
#4676=CARTESIAN_POINT('Origin',(112.8,39.1,6.6));
#4677=CARTESIAN_POINT('Origin',(112.8,36.6,6.6));
#4678=CARTESIAN_POINT('Origin',(-57.4,39.1,6.6));
#4679=CARTESIAN_POINT('',(-112.8,39.1,7.1));
#4680=CARTESIAN_POINT('',(-112.8,38.6,6.6));
#4681=CARTESIAN_POINT('Origin',(-112.8,39.1,6.6));
#4682=CARTESIAN_POINT('',(-57.4,38.6,6.6));
#4683=CARTESIAN_POINT('',(-57.4,39.1,7.1));
#4684=CARTESIAN_POINT('Origin',(-112.8,36.6,6.6));
#4685=CARTESIAN_POINT('',(-115.3,36.6,7.1));
#4686=CARTESIAN_POINT('',(-114.8,36.6,6.6));
#4687=CARTESIAN_POINT('Origin',(-115.3,36.6,6.6));
#4688=CARTESIAN_POINT('Origin',(-112.8,36.6,6.6));
#4689=CARTESIAN_POINT('Origin',(-112.8,36.6,7.1));
#4690=CARTESIAN_POINT('Origin',(-115.3,-19.3,6.6));
#4691=CARTESIAN_POINT('',(-115.3,-36.6,7.1));
#4692=CARTESIAN_POINT('',(-114.8,-36.6,6.6));
#4693=CARTESIAN_POINT('Origin',(-115.3,-36.6,6.6));
#4694=CARTESIAN_POINT('',(-114.8,-19.3,6.6));
#4695=CARTESIAN_POINT('',(-115.3,-19.3,7.1));
#4696=CARTESIAN_POINT('Origin',(-112.8,-36.6,6.6));
#4697=CARTESIAN_POINT('',(-112.8,-38.6,6.6));
#4698=CARTESIAN_POINT('Origin',(-112.8,-39.1,6.6));
#4699=CARTESIAN_POINT('Origin',(-112.8,-36.6,6.6));
#4700=CARTESIAN_POINT('Origin',(-112.8,-36.6,7.1));
#4701=CARTESIAN_POINT('Origin',(24.0625,-39.1,6.6));
#4702=CARTESIAN_POINT('',(46.125,-38.6,6.6));
#4703=CARTESIAN_POINT('Origin',(46.125,-39.1,6.6));
#4704=CARTESIAN_POINT('',(24.0625,-38.6,6.6));
#4705=CARTESIAN_POINT('Origin',(46.125,-36.6,6.6));
#4706=CARTESIAN_POINT('',(48.125,-36.6,6.6));
#4707=CARTESIAN_POINT('Origin',(48.625,-36.6,6.6));
#4708=CARTESIAN_POINT('Origin',(46.125,-36.6,6.6));
#4709=CARTESIAN_POINT('Origin',(48.625,-9.775,6.6));
#4710=CARTESIAN_POINT('',(48.125,-21.55,6.6));
#4711=CARTESIAN_POINT('Origin',(48.625,-21.55,6.6));
#4712=CARTESIAN_POINT('',(48.125,-9.775,6.6));
#4713=CARTESIAN_POINT('Origin',(50.125,-21.55,6.6));
#4714=CARTESIAN_POINT('',(50.125,-19.55,6.6));
#4715=CARTESIAN_POINT('Origin',(50.125,-20.05,6.6));
#4716=CARTESIAN_POINT('Origin',(50.125,-21.55,6.6));
#4717=CARTESIAN_POINT('Origin',(28.325,-20.05,6.6));
#4718=CARTESIAN_POINT('',(54.65,-19.55,6.6));
#4719=CARTESIAN_POINT('Origin',(54.65,-20.05,6.6));
#4720=CARTESIAN_POINT('',(28.325,-19.55,6.6));
#4721=CARTESIAN_POINT('Origin',(54.65,-21.55,6.6));
#4722=CARTESIAN_POINT('',(56.65,-21.55,6.6));
#4723=CARTESIAN_POINT('Origin',(56.15,-21.55,6.6));
#4724=CARTESIAN_POINT('Origin',(54.65,-21.55,6.6));
#4725=CARTESIAN_POINT('Origin',(56.15,-19.3,6.6));
#4726=CARTESIAN_POINT('Origin',(56.15,-36.6,6.6));
#4727=CARTESIAN_POINT('',(56.65,-19.3,6.6));
#4728=CARTESIAN_POINT('Origin',(58.65,-36.6,6.6));
#4729=CARTESIAN_POINT('Origin',(58.65,-39.1,6.6));
#4730=CARTESIAN_POINT('Origin',(57.4,-39.1,6.6));
#4731=CARTESIAN_POINT('',(112.8,-38.6,6.6));
#4732=CARTESIAN_POINT('Origin',(112.8,-39.1,6.6));
#4733=CARTESIAN_POINT('',(57.4,-38.6,6.6));
#4734=CARTESIAN_POINT('Origin',(112.8,-36.6,6.6));
#4735=CARTESIAN_POINT('',(115.3,-36.6,7.1));
#4736=CARTESIAN_POINT('',(114.8,-36.6,6.6));
#4737=CARTESIAN_POINT('Origin',(115.3,-36.6,6.6));
#4738=CARTESIAN_POINT('Origin',(112.8,-36.6,6.6));
#4739=CARTESIAN_POINT('Origin',(112.8,-36.6,7.1));
#4740=CARTESIAN_POINT('Origin',(115.3,19.3,6.6));
#4741=CARTESIAN_POINT('',(115.3,19.3,7.1));
#4742=CARTESIAN_POINT('',(114.8,19.3,6.6));
#4743=CARTESIAN_POINT('Origin',(56.65,-19.55,0.));
#4744=CARTESIAN_POINT('',(54.65,-19.55,0.5));
#4745=CARTESIAN_POINT('',(54.65,-19.55,0.));
#4746=CARTESIAN_POINT('',(50.125,-19.55,0.5));
#4747=CARTESIAN_POINT('',(54.51875,-19.55,0.5));
#4748=CARTESIAN_POINT('',(50.125,-19.55,0.));
#4749=CARTESIAN_POINT('Origin',(54.65,-21.55,0.));
#4750=CARTESIAN_POINT('',(56.65,-21.55,0.5));
#4751=CARTESIAN_POINT('',(56.65,-21.55,0.));
#4752=CARTESIAN_POINT('Origin',(54.65,-21.55,0.5));
#4753=CARTESIAN_POINT('Origin',(56.65,-38.6,0.));
#4754=CARTESIAN_POINT('',(56.65,-33.8375,0.5));
#4755=CARTESIAN_POINT('',(56.65,-39.975,3.1));
#4756=CARTESIAN_POINT('Origin',(114.8,-38.6,0.));
#4757=CARTESIAN_POINT('',(112.8,-38.6,-4.6));
#4758=CARTESIAN_POINT('',(112.8,-38.6,0.));
#4759=CARTESIAN_POINT('',(99.75,-38.6,-4.6));
#4760=CARTESIAN_POINT('',(114.8,-38.6,-4.6));
#4761=CARTESIAN_POINT('',(99.75,-38.6,-2.25));
#4762=CARTESIAN_POINT('',(99.75,-38.6,0.));
#4763=CARTESIAN_POINT('',(90.75,-38.6,-2.25));
#4764=CARTESIAN_POINT('',(107.525,-38.6,-2.25));
#4765=CARTESIAN_POINT('',(90.75,-38.6,-4.6));
#4766=CARTESIAN_POINT('',(90.75,-38.6,0.));
#4767=CARTESIAN_POINT('',(80.2,-38.6,-4.6));
#4768=CARTESIAN_POINT('',(114.8,-38.6,-4.6));
#4769=CARTESIAN_POINT('',(80.2,-38.6,3.1));
#4770=CARTESIAN_POINT('',(80.2,-38.6,0.));
#4771=CARTESIAN_POINT('',(90.75,-38.6,3.1));
#4772=CARTESIAN_POINT('Origin',(112.8,-36.6,0.));
#4773=CARTESIAN_POINT('',(114.8,-36.6,-4.6));
#4774=CARTESIAN_POINT('',(114.8,-36.6,0.));
#4775=CARTESIAN_POINT('Origin',(112.8,-36.6,-4.6));
#4776=CARTESIAN_POINT('Origin',(114.8,38.6,0.));
#4777=CARTESIAN_POINT('',(114.8,36.6,-4.6));
#4778=CARTESIAN_POINT('',(114.8,36.6,0.));
#4779=CARTESIAN_POINT('',(114.8,38.6,-4.6));
#4780=CARTESIAN_POINT('Origin',(112.8,36.6,0.));
#4781=CARTESIAN_POINT('',(112.8,38.6,-4.6));
#4782=CARTESIAN_POINT('',(112.8,38.6,0.));
#4783=CARTESIAN_POINT('Origin',(112.8,36.6,-4.6));
#4784=CARTESIAN_POINT('Origin',(0.,0.,7.1));
#4785=CARTESIAN_POINT('Origin',(-88.36875,-36.6,0.));
#4786=CARTESIAN_POINT('',(-90.36875,-36.6,-2.25));
#4787=CARTESIAN_POINT('',(-88.36875,-38.6,-2.25));
#4788=CARTESIAN_POINT('Origin',(-88.36875,-36.6,-2.25));
#4789=CARTESIAN_POINT('',(-88.36875,-38.6,-4.6));
#4790=CARTESIAN_POINT('',(-88.36875,-38.6,0.));
#4791=CARTESIAN_POINT('',(-90.36875,-36.6,-4.6));
#4792=CARTESIAN_POINT('Origin',(-88.36875,-36.6,-4.6));
#4793=CARTESIAN_POINT('',(-90.36875,-36.6,0.));
#4794=CARTESIAN_POINT('Origin',(48.125,-38.6,0.));
#4795=CARTESIAN_POINT('',(46.125,-38.6,0.5));
#4796=CARTESIAN_POINT('',(46.125,-38.6,0.));
#4797=CARTESIAN_POINT('',(53.2,-38.6,0.5));
#4798=CARTESIAN_POINT('',(114.8,-38.6,0.5));
#4799=CARTESIAN_POINT('',(53.2,-38.6,-4.6));
#4800=CARTESIAN_POINT('',(53.2,-38.6,0.));
#4801=CARTESIAN_POINT('',(4.49999999999999,-38.6,-4.6));
#4802=CARTESIAN_POINT('',(114.8,-38.6,-4.6));
#4803=CARTESIAN_POINT('',(4.5,-38.6,-2.25));
#4804=CARTESIAN_POINT('',(4.5,-38.6,0.));
#4805=CARTESIAN_POINT('',(-4.5,-38.6,-2.25));
#4806=CARTESIAN_POINT('',(24.0625,-38.6,-2.25));
#4807=CARTESIAN_POINT('',(-4.49999999999999,-38.6,-4.6));
#4808=CARTESIAN_POINT('',(-4.5,-38.6,0.));
#4809=CARTESIAN_POINT('',(-53.2,-38.6,-4.6));
#4810=CARTESIAN_POINT('',(114.8,-38.6,-4.6));
#4811=CARTESIAN_POINT('',(-53.2,-38.6,3.1));
#4812=CARTESIAN_POINT('',(-53.2,-38.6,0.));
#4813=CARTESIAN_POINT('',(-80.2,-38.6,3.1));
#4814=CARTESIAN_POINT('',(-9.28750000000001,-38.6,3.1));
#4815=CARTESIAN_POINT('',(-80.2,-38.6,-4.6));
#4816=CARTESIAN_POINT('',(-80.2,-38.6,0.));
#4817=CARTESIAN_POINT('',(114.8,-38.6,-4.6));
#4818=CARTESIAN_POINT('',(-97.36875,-38.6,-2.25));
#4819=CARTESIAN_POINT('',(-26.0625,-38.6,-2.25));
#4820=CARTESIAN_POINT('',(-97.36875,-38.6,-4.6));
#4821=CARTESIAN_POINT('',(-97.36875,-38.6,0.));
#4822=CARTESIAN_POINT('',(-112.8,-38.6,-4.6));
#4823=CARTESIAN_POINT('',(114.8,-38.6,-4.6));
#4824=CARTESIAN_POINT('',(-112.8,-38.6,0.));
#4825=CARTESIAN_POINT('Origin',(99.75,36.6,0.));
#4826=CARTESIAN_POINT('',(99.75,38.6,-2.25));
#4827=CARTESIAN_POINT('',(97.75,36.6,-2.25));
#4828=CARTESIAN_POINT('Origin',(99.75,36.6,-2.25));
#4829=CARTESIAN_POINT('',(97.75,36.6,-4.6));
#4830=CARTESIAN_POINT('',(97.75,36.6,0.));
#4831=CARTESIAN_POINT('',(99.75,38.6,-4.6));
#4832=CARTESIAN_POINT('Origin',(99.75,36.6,-4.6));
#4833=CARTESIAN_POINT('',(99.75,38.6,0.));
#4834=CARTESIAN_POINT('Origin',(97.75,38.6,0.));
#4835=CARTESIAN_POINT('',(97.7500000000001,36.0999957934435,-2.25));
#4836=CARTESIAN_POINT('',(97.75,19.3,-2.25));
#4837=CARTESIAN_POINT('',(97.7500000000001,36.0999957934435,-4.6));
#4838=CARTESIAN_POINT('',(97.7500000000001,36.0999957934435,0.));
#4839=CARTESIAN_POINT('',(97.75,38.1,-4.6));
#4840=CARTESIAN_POINT('Origin',(90.75,36.6,0.));
#4841=CARTESIAN_POINT('',(92.75,36.6,-2.25));
#4842=CARTESIAN_POINT('',(90.75,38.6,-2.25));
#4843=CARTESIAN_POINT('Origin',(90.75,36.6,-2.25));
#4844=CARTESIAN_POINT('',(90.75,38.6,-4.6));
#4845=CARTESIAN_POINT('',(90.75,38.6,0.));
#4846=CARTESIAN_POINT('',(92.75,36.6,-4.6));
#4847=CARTESIAN_POINT('Origin',(90.75,36.6,-4.6));
#4848=CARTESIAN_POINT('',(92.75,36.6,0.));
#4849=CARTESIAN_POINT('Origin',(-114.8,38.6,0.));
#4850=CARTESIAN_POINT('',(-112.8,38.6,-4.6));
#4851=CARTESIAN_POINT('',(-112.8,38.6,0.));
#4852=CARTESIAN_POINT('',(-99.75,38.6,-4.6));
#4853=CARTESIAN_POINT('',(-114.8,38.6,-4.6));
#4854=CARTESIAN_POINT('',(-99.75,38.6,-2.25));
#4855=CARTESIAN_POINT('',(-99.75,38.6,0.));
#4856=CARTESIAN_POINT('',(-90.7499999999954,38.6,-2.25));
#4857=CARTESIAN_POINT('',(-107.525,38.6,-2.25));
#4858=CARTESIAN_POINT('',(-90.7499999999954,38.6,-4.6));
#4859=CARTESIAN_POINT('',(-90.7499999999954,38.6,0.));
#4860=CARTESIAN_POINT('',(-80.2,38.6,-4.6));
#4861=CARTESIAN_POINT('',(-114.8,38.6,-4.6));
#4862=CARTESIAN_POINT('',(-80.2,38.6,3.1));
#4863=CARTESIAN_POINT('',(-80.2,38.6,0.));
#4864=CARTESIAN_POINT('',(-53.2,38.6,3.1));
#4865=CARTESIAN_POINT('',(-90.75,38.6,3.1));
#4866=CARTESIAN_POINT('',(-53.2,38.6,-4.6));
#4867=CARTESIAN_POINT('',(-53.2,38.6,0.));
#4868=CARTESIAN_POINT('',(-23.55,38.6,-4.6));
#4869=CARTESIAN_POINT('',(-114.8,38.6,-4.6));
#4870=CARTESIAN_POINT('',(-23.55,38.6,-2.25));
#4871=CARTESIAN_POINT('',(-23.55,38.6,0.));
#4872=CARTESIAN_POINT('',(-14.55,38.6,-2.25));
#4873=CARTESIAN_POINT('',(-57.4,38.6,-2.25));
#4874=CARTESIAN_POINT('',(-14.55,38.6,-4.6));
#4875=CARTESIAN_POINT('',(-14.55,38.6,0.));
#4876=CARTESIAN_POINT('',(-9.5,38.6,-4.6));
#4877=CARTESIAN_POINT('',(-114.8,38.6,-4.6));
#4878=CARTESIAN_POINT('',(-9.5,38.6,-3.35));
#4879=CARTESIAN_POINT('',(-9.5,38.6,0.));
#4880=CARTESIAN_POINT('',(45.5,38.6,-3.35));
#4881=CARTESIAN_POINT('',(-57.4,38.6,-3.35));
#4882=CARTESIAN_POINT('',(45.5,38.6,-4.6));
#4883=CARTESIAN_POINT('',(45.5,38.6,0.));
#4884=CARTESIAN_POINT('',(53.2,38.6,-4.6));
#4885=CARTESIAN_POINT('',(-114.8,38.6,-4.6));
#4886=CARTESIAN_POINT('',(53.2,38.6,3.1));
#4887=CARTESIAN_POINT('',(53.2,38.6,0.));
#4888=CARTESIAN_POINT('',(80.2,38.6,3.1));
#4889=CARTESIAN_POINT('',(-24.05,38.6,3.1));
#4890=CARTESIAN_POINT('',(80.2,38.6,-4.6));
#4891=CARTESIAN_POINT('',(80.2,38.6,0.));
#4892=CARTESIAN_POINT('',(-114.8,38.6,-4.6));
#4893=CARTESIAN_POINT('',(-7.275,38.6,-2.25));
#4894=CARTESIAN_POINT('',(-114.8,38.6,-4.6));
#4895=CARTESIAN_POINT('Origin',(-14.55,36.6,0.));
#4896=CARTESIAN_POINT('',(-16.55,36.6,-2.25));
#4897=CARTESIAN_POINT('Origin',(-14.55,36.6,-2.25));
#4898=CARTESIAN_POINT('',(-16.55,36.6,-4.6));
#4899=CARTESIAN_POINT('',(-16.55,36.6,0.));
#4900=CARTESIAN_POINT('Origin',(-14.55,36.6,-4.6));
#4901=CARTESIAN_POINT('Origin',(-16.55,38.6,0.));
#4902=CARTESIAN_POINT('',(-16.55,36.1,-2.25));
#4903=CARTESIAN_POINT('',(-16.55,38.85,-2.25));
#4904=CARTESIAN_POINT('',(-16.55,36.1,-4.6));
#4905=CARTESIAN_POINT('',(-16.55,36.1,0.));
#4906=CARTESIAN_POINT('',(-16.55,38.1,-4.6));
#4907=CARTESIAN_POINT('Origin',(-23.55,36.6,0.));
#4908=CARTESIAN_POINT('',(-21.55,36.6,-2.25));
#4909=CARTESIAN_POINT('Origin',(-23.55,36.6,-2.25));
#4910=CARTESIAN_POINT('',(-21.55,36.6,-4.6));
#4911=CARTESIAN_POINT('Origin',(-23.55,36.6,-4.6));
#4912=CARTESIAN_POINT('',(-21.55,36.6,0.));
#4913=CARTESIAN_POINT('Origin',(-90.7499999999954,36.6,0.));
#4914=CARTESIAN_POINT('',(-92.7499999999954,36.5999999999938,-2.25));
#4915=CARTESIAN_POINT('Origin',(-90.7499999999954,36.6,-2.25));
#4916=CARTESIAN_POINT('',(-92.7499999999954,36.5999999999938,-4.6));
#4917=CARTESIAN_POINT('',(-92.7499999999954,36.5999999999938,0.));
#4918=CARTESIAN_POINT('Origin',(-90.7499999999954,36.6,-4.6));
#4919=CARTESIAN_POINT('Origin',(-92.7500000000015,38.6,0.));
#4920=CARTESIAN_POINT('',(-92.750000000006,36.1,-2.25));
#4921=CARTESIAN_POINT('',(-92.7499999999421,19.3000000000116,-2.25));
#4922=CARTESIAN_POINT('',(-92.750000000006,36.1,-4.6));
#4923=CARTESIAN_POINT('',(-92.750000000006,36.1,0.));
#4924=CARTESIAN_POINT('',(-92.75,38.1,-4.6));
#4925=CARTESIAN_POINT('Origin',(-99.75,36.6,0.));
#4926=CARTESIAN_POINT('',(-97.75,36.6,-2.25));
#4927=CARTESIAN_POINT('Origin',(-99.75,36.6,-2.25));
#4928=CARTESIAN_POINT('',(-97.75,36.6,-4.6));
#4929=CARTESIAN_POINT('Origin',(-99.75,36.6,-4.6));
#4930=CARTESIAN_POINT('',(-97.75,36.6,0.));
#4931=CARTESIAN_POINT('Origin',(90.75,-36.6,0.));
#4932=CARTESIAN_POINT('',(92.75,-36.6,-2.25));
#4933=CARTESIAN_POINT('Origin',(90.75,-36.6,-2.25));
#4934=CARTESIAN_POINT('',(92.75,-36.6,-4.6));
#4935=CARTESIAN_POINT('',(92.75,-36.6,0.));
#4936=CARTESIAN_POINT('Origin',(90.75,-36.6,-4.6));
#4937=CARTESIAN_POINT('Origin',(92.75,-38.6,0.));
#4938=CARTESIAN_POINT('',(92.7500000000001,-36.0999999885239,-2.25));
#4939=CARTESIAN_POINT('',(92.75,-19.3,-2.25));
#4940=CARTESIAN_POINT('',(92.7500000000001,-36.0999999885239,-4.6));
#4941=CARTESIAN_POINT('',(92.7500000000001,-36.0999999885239,0.));
#4942=CARTESIAN_POINT('',(92.75,-38.1,-4.6));
#4943=CARTESIAN_POINT('Origin',(99.75,-36.6,0.));
#4944=CARTESIAN_POINT('',(97.75,-36.6,-2.25));
#4945=CARTESIAN_POINT('Origin',(99.75,-36.6,-2.25));
#4946=CARTESIAN_POINT('',(97.75,-36.6,-4.6));
#4947=CARTESIAN_POINT('Origin',(99.75,-36.6,-4.6));
#4948=CARTESIAN_POINT('',(97.75,-36.6,0.));
#4949=CARTESIAN_POINT('Origin',(-4.5,-36.6,0.));
#4950=CARTESIAN_POINT('',(-2.5,-36.6,-2.25));
#4951=CARTESIAN_POINT('Origin',(-4.5,-36.6,-2.25));
#4952=CARTESIAN_POINT('',(-2.5,-36.6,-4.6));
#4953=CARTESIAN_POINT('',(-2.5,-36.6,0.));
#4954=CARTESIAN_POINT('Origin',(-4.5,-36.6,-4.6));
#4955=CARTESIAN_POINT('Origin',(-2.5,-38.6,0.));
#4956=CARTESIAN_POINT('',(-2.5,-36.1,-2.25));
#4957=CARTESIAN_POINT('',(-2.5,-38.85,-2.25));
#4958=CARTESIAN_POINT('',(-2.5,-36.1,-4.6));
#4959=CARTESIAN_POINT('',(-2.5,-36.1,0.));
#4960=CARTESIAN_POINT('',(-2.5,-38.1,-4.6));
#4961=CARTESIAN_POINT('Origin',(4.5,-36.6,0.));
#4962=CARTESIAN_POINT('',(2.5,-36.6,-2.25));
#4963=CARTESIAN_POINT('Origin',(4.5,-36.6,-2.25));
#4964=CARTESIAN_POINT('',(2.5,-36.6,-4.6));
#4965=CARTESIAN_POINT('Origin',(4.5,-36.6,-4.6));
#4966=CARTESIAN_POINT('',(2.5,-36.6,0.));
#4967=CARTESIAN_POINT('Origin',(-97.36875,-36.6,0.));
#4968=CARTESIAN_POINT('',(-95.36875,-36.6,-2.25));
#4969=CARTESIAN_POINT('Origin',(-97.36875,-36.6,-2.25));
#4970=CARTESIAN_POINT('',(-95.36875,-36.6,-4.6));
#4971=CARTESIAN_POINT('',(-95.36875,-36.6,0.));
#4972=CARTESIAN_POINT('Origin',(-97.36875,-36.6,-4.6));
#4973=CARTESIAN_POINT('Origin',(-95.36875,-38.6,0.));
#4974=CARTESIAN_POINT('',(-95.3687500000002,-36.0999943471874,-2.25));
#4975=CARTESIAN_POINT('',(-95.36875,-19.3,-2.25));
#4976=CARTESIAN_POINT('',(-95.3687500000002,-36.0999943471874,-4.6));
#4977=CARTESIAN_POINT('',(-95.3687500000002,-36.0999943471874,0.));
#4978=CARTESIAN_POINT('',(-95.36875,-38.1,-4.6));
#4979=CARTESIAN_POINT('Origin',(50.125,-21.55,0.));
#4980=CARTESIAN_POINT('',(48.125,-21.55,0.5));
#4981=CARTESIAN_POINT('Origin',(50.125,-21.55,0.5));
#4982=CARTESIAN_POINT('',(48.125,-21.55,0.));
#4983=CARTESIAN_POINT('Origin',(52.3875,-29.075,0.5));
#4984=CARTESIAN_POINT('',(53.7,-39.1,0.5));
#4985=CARTESIAN_POINT('',(53.7,-33.5875,0.5));
#4986=CARTESIAN_POINT('Origin',(53.2,-39.1,0.5));
#4987=CARTESIAN_POINT('',(48.125,-36.6,0.5));
#4988=CARTESIAN_POINT('Origin',(46.125,-36.6,0.5));
#4989=CARTESIAN_POINT('',(48.125,-24.3125,0.5));
#4990=CARTESIAN_POINT('',(54.8875,-31.75,0.5));
#4991=CARTESIAN_POINT('Origin',(52.3875,-31.75,0.5));
#4992=CARTESIAN_POINT('',(54.8875,-25.4,0.5));
#4993=CARTESIAN_POINT('Origin',(52.3875,-25.4,0.5));
#4994=CARTESIAN_POINT('Origin',(-112.8,36.6,0.));
#4995=CARTESIAN_POINT('',(-114.8,36.6,-4.6));
#4996=CARTESIAN_POINT('',(-114.8,36.6,0.));
#4997=CARTESIAN_POINT('Origin',(-112.8,36.6,-4.6));
#4998=CARTESIAN_POINT('Origin',(46.125,-36.6,0.));
#4999=CARTESIAN_POINT('',(48.125,-36.6,0.));
#5000=CARTESIAN_POINT('Origin',(-112.8,-36.6,0.));
#5001=CARTESIAN_POINT('',(-114.8,-36.6,-4.6));
#5002=CARTESIAN_POINT('Origin',(-112.8,-36.6,-4.6));
#5003=CARTESIAN_POINT('',(-114.8,-36.6,0.));
#5004=CARTESIAN_POINT('Origin',(-114.8,-38.6,0.));
#5005=CARTESIAN_POINT('',(-114.8,-38.6,-4.6));
#5006=CARTESIAN_POINT('Origin',(62.15,46.6,-8.5));
#5007=CARTESIAN_POINT('',(114.3,45.1,-10.));
#5008=CARTESIAN_POINT('',(114.3,48.1,-7.));
#5009=CARTESIAN_POINT('',(-114.3,45.1,-10.));
#5010=CARTESIAN_POINT('',(62.15,45.1,-10.));
#5011=CARTESIAN_POINT('',(-114.3,45.1,-10.));
#5012=CARTESIAN_POINT('Origin',(114.3,38.1,-8.5));
#5013=CARTESIAN_POINT('',(121.3,38.1,-10.));
#5014=CARTESIAN_POINT('',(124.3,38.1,-7.));
#5015=CARTESIAN_POINT('Origin',(114.3,38.1,-10.));
#5016=CARTESIAN_POINT('Origin',(122.8,-24.05,-8.5));
#5017=CARTESIAN_POINT('',(121.3,-38.1,-10.));
#5018=CARTESIAN_POINT('',(124.3,-38.1,-7.));
#5019=CARTESIAN_POINT('',(121.3,-24.05,-10.));
#5020=CARTESIAN_POINT('Origin',(114.3,-38.1,-8.5));
#5021=CARTESIAN_POINT('',(114.3,-45.1,-10.));
#5022=CARTESIAN_POINT('',(114.3,-48.1,-7.));
#5023=CARTESIAN_POINT('Origin',(114.3,-38.1,-10.));
#5024=CARTESIAN_POINT('Origin',(-62.15,-46.6,-8.5));
#5025=CARTESIAN_POINT('',(-114.3,-48.1,-7.));
#5026=CARTESIAN_POINT('',(-114.3,-45.1,-10.));
#5027=CARTESIAN_POINT('',(-114.3,-48.1,-7.));
#5028=CARTESIAN_POINT('',(-62.15,-45.1,-10.));
#5029=CARTESIAN_POINT('',(-62.15,-48.1,-7.));
#5030=CARTESIAN_POINT('Origin',(-114.3,-38.1,-8.5));
#5031=CARTESIAN_POINT('',(-124.3,-38.1,-7.));
#5032=CARTESIAN_POINT('Origin',(-114.3,-38.1,-7.));
#5033=CARTESIAN_POINT('',(-121.3,-38.1,-10.));
#5034=CARTESIAN_POINT('',(-124.3,-38.1,-7.));
#5035=CARTESIAN_POINT('Origin',(-114.3,-38.1,-10.));
#5036=CARTESIAN_POINT('Origin',(-122.8,24.05,-8.5));
#5037=CARTESIAN_POINT('',(-124.3,38.1,-7.));
#5038=CARTESIAN_POINT('',(-121.3,38.1,-10.));
#5039=CARTESIAN_POINT('',(-124.3,38.1,-7.));
#5040=CARTESIAN_POINT('',(-121.3,24.05,-10.));
#5041=CARTESIAN_POINT('',(-124.3,24.05,-7.));
#5042=CARTESIAN_POINT('Origin',(-114.3,38.1,-8.5));
#5043=CARTESIAN_POINT('Origin',(-114.3,38.1,-7.));
#5044=CARTESIAN_POINT('Origin',(-114.3,38.1,-10.));
#5045=CARTESIAN_POINT('Origin',(0.,0.,-10.));
#5046=CARTESIAN_POINT('',(114.3,44.6,-10.));
#5047=CARTESIAN_POINT('',(-114.3,44.6,-10.));
#5048=CARTESIAN_POINT('',(120.8,44.6,-10.));
#5049=CARTESIAN_POINT('',(-120.8,38.1,-10.));
#5050=CARTESIAN_POINT('Origin',(-114.3,38.1,-10.));
#5051=CARTESIAN_POINT('',(-120.8,-38.1,-10.));
#5052=CARTESIAN_POINT('',(-120.8,44.6,-10.));
#5053=CARTESIAN_POINT('',(-114.3,-44.6,-10.));
#5054=CARTESIAN_POINT('Origin',(-114.3,-38.1,-10.));
#5055=CARTESIAN_POINT('',(114.3,-44.6,-10.));
#5056=CARTESIAN_POINT('',(-120.8,-44.6,-10.));
#5057=CARTESIAN_POINT('',(120.8,-38.1000000000001,-10.));
#5058=CARTESIAN_POINT('Origin',(114.3,-38.1000000000001,-10.));
#5059=CARTESIAN_POINT('',(120.8,38.1,-10.));
#5060=CARTESIAN_POINT('',(120.8,-44.6,-10.));
#5061=CARTESIAN_POINT('Origin',(114.3,38.1,-10.));
#5062=CARTESIAN_POINT('Origin',(-114.3,38.1,0.));
#5063=CARTESIAN_POINT('',(-124.3,38.1,0.));
#5064=CARTESIAN_POINT('Origin',(-124.3,48.1,0.));
#5065=CARTESIAN_POINT('',(-124.3,-38.1,0.));
#5066=CARTESIAN_POINT('Origin',(-124.3,-48.1,0.));
#5067=CARTESIAN_POINT('',(-114.3,-48.1,0.));
#5068=CARTESIAN_POINT('Origin',(-114.3,-38.1,0.));
#5069=CARTESIAN_POINT('Origin',(114.3,38.1,0.));
#5070=CARTESIAN_POINT('',(114.3,44.6,-4.6));
#5071=CARTESIAN_POINT('',(120.8,38.1,-4.6));
#5072=CARTESIAN_POINT('Origin',(114.3,38.1,-4.6));
#5073=CARTESIAN_POINT('',(114.3,44.6,0.));
#5074=CARTESIAN_POINT('',(120.8,38.1,0.));
#5075=CARTESIAN_POINT('Origin',(100.25,0.,-4.6));
#5076=CARTESIAN_POINT('',(120.8,-38.1000000000001,-4.6));
#5077=CARTESIAN_POINT('',(120.8,-22.3,-4.6));
#5078=CARTESIAN_POINT('',(114.3,-44.6000000000001,-4.6));
#5079=CARTESIAN_POINT('Origin',(114.3,-38.1000000000001,-4.6));
#5080=CARTESIAN_POINT('',(76.7,-44.6000000000001,-4.6));
#5081=CARTESIAN_POINT('',(10.275,-44.6000000000001,-4.6));
#5082=CARTESIAN_POINT('',(79.7,-41.6000000000001,-4.6));
#5083=CARTESIAN_POINT('Origin',(76.7,-41.6000000000001,-4.6));
#5084=CARTESIAN_POINT('',(79.7,-39.1,-4.6));
#5085=CARTESIAN_POINT('',(79.7,-38.6,-4.6));
#5086=CARTESIAN_POINT('Origin',(80.2,-39.1,-4.6));
#5087=CARTESIAN_POINT('',(97.75,-36.0999955535659,-4.6));
#5088=CARTESIAN_POINT('Origin',(95.25,-36.0999977183614,-4.6));
#5089=CARTESIAN_POINT('',(97.75,-38.1,-4.6));
#5090=CARTESIAN_POINT('',(92.75,36.1,-4.6));
#5091=CARTESIAN_POINT('Origin',(95.25,36.0999978510964,-4.6));
#5092=CARTESIAN_POINT('',(92.75,38.1,-4.6));
#5093=CARTESIAN_POINT('',(79.7,39.1,-4.6));
#5094=CARTESIAN_POINT('Origin',(80.2,39.1,-4.6));
#5095=CARTESIAN_POINT('',(79.7,41.6,-4.6));
#5096=CARTESIAN_POINT('',(79.7,38.6,-4.6));
#5097=CARTESIAN_POINT('',(76.7,44.6,-4.6));
#5098=CARTESIAN_POINT('Origin',(76.7,41.6,-4.6));
#5099=CARTESIAN_POINT('',(23.275,44.6,-4.6));
#5100=CARTESIAN_POINT('',(94.05,-35.6,-4.6));
#5101=CARTESIAN_POINT('Origin',(95.25,-35.6,-4.6));
#5102=CARTESIAN_POINT('',(94.05,35.6,-4.6));
#5103=CARTESIAN_POINT('Origin',(95.25,35.6,-4.6));
#5104=CARTESIAN_POINT('Origin',(120.8,-44.6,0.));
#5105=CARTESIAN_POINT('',(120.8,-38.1000000000001,0.));
#5106=CARTESIAN_POINT('Origin',(-114.3,-38.1,0.));
#5107=CARTESIAN_POINT('',(-114.3,-44.6,-4.6));
#5108=CARTESIAN_POINT('',(-120.8,-38.1,-4.6));
#5109=CARTESIAN_POINT('Origin',(-114.3,-38.1,-4.6));
#5110=CARTESIAN_POINT('',(-114.3,-44.6,0.));
#5111=CARTESIAN_POINT('',(-120.8,-38.1,0.));
#5112=CARTESIAN_POINT('Origin',(-100.25,0.,-4.6));
#5113=CARTESIAN_POINT('',(-120.8,38.1,-4.6));
#5114=CARTESIAN_POINT('',(-120.8,22.3,-4.6));
#5115=CARTESIAN_POINT('',(-114.3,44.6,-4.6));
#5116=CARTESIAN_POINT('Origin',(-114.3,38.1,-4.6));
#5117=CARTESIAN_POINT('',(-76.7,44.6,-4.6));
#5118=CARTESIAN_POINT('',(-76.975,44.6,-4.6));
#5119=CARTESIAN_POINT('',(-79.7,41.6,-4.6));
#5120=CARTESIAN_POINT('Origin',(-76.7,41.6,-4.6));
#5121=CARTESIAN_POINT('',(-79.7,39.1,-4.6));
#5122=CARTESIAN_POINT('',(-79.7,38.6,-4.6));
#5123=CARTESIAN_POINT('Origin',(-80.2,39.1,-4.6));
#5124=CARTESIAN_POINT('',(-97.7499999999983,36.1,-4.6));
#5125=CARTESIAN_POINT('Origin',(-95.2500000000021,36.1,-4.6));
#5126=CARTESIAN_POINT('',(-97.75,38.1,-4.6));
#5127=CARTESIAN_POINT('',(-90.36875,-36.1,-4.6));
#5128=CARTESIAN_POINT('Origin',(-92.86875,-36.0999970990879,-4.6));
#5129=CARTESIAN_POINT('',(-90.36875,-38.1,-4.6));
#5130=CARTESIAN_POINT('',(-79.7,-39.1,-4.6));
#5131=CARTESIAN_POINT('Origin',(-80.2,-39.1,-4.6));
#5132=CARTESIAN_POINT('',(-79.7,-41.6,-4.6));
#5133=CARTESIAN_POINT('',(-79.7,-38.6,-4.6));
#5134=CARTESIAN_POINT('',(-76.7,-44.6,-4.6));
#5135=CARTESIAN_POINT('Origin',(-76.7,-41.6,-4.6));
#5136=CARTESIAN_POINT('',(-89.975,-44.6,-4.6));
#5137=CARTESIAN_POINT('',(-96.45,35.6,-4.6));
#5138=CARTESIAN_POINT('Origin',(-95.25,35.6,-4.6));
#5139=CARTESIAN_POINT('',(-94.06875,-35.6,-4.6));
#5140=CARTESIAN_POINT('Origin',(-92.86875,-35.6,-4.6));
#5141=CARTESIAN_POINT('Origin',(-120.8,44.6,0.));
#5142=CARTESIAN_POINT('',(-120.8,38.1,0.));
#5143=CARTESIAN_POINT('Origin',(114.3,-38.1000000000001,0.));
#5144=CARTESIAN_POINT('',(114.3,-44.6000000000001,0.));
#5145=CARTESIAN_POINT('Origin',(-114.3,38.1,0.));
#5146=CARTESIAN_POINT('',(-114.3,44.6,0.));
#5147=CARTESIAN_POINT('Origin',(-53.2,-39.1,0.));
#5148=CARTESIAN_POINT('',(-53.7,-39.1,-4.6));
#5149=CARTESIAN_POINT('Origin',(-53.2,-39.1,-4.6));
#5150=CARTESIAN_POINT('',(-53.7,-39.1,3.1));
#5151=CARTESIAN_POINT('',(-53.7,-39.1,0.));
#5152=CARTESIAN_POINT('Origin',(-53.2,-39.1,3.1));
#5153=CARTESIAN_POINT('Origin',(0.,-39.1,-4.6));
#5154=CARTESIAN_POINT('',(2.5,-36.1,-4.6));
#5155=CARTESIAN_POINT('Origin',(0.,-36.1,-4.6));
#5156=CARTESIAN_POINT('',(2.5,-38.1,-4.6));
#5157=CARTESIAN_POINT('',(53.7,-39.1,-4.6));
#5158=CARTESIAN_POINT('Origin',(53.2,-39.1,-4.6));
#5159=CARTESIAN_POINT('',(53.7,-41.6000000000001,-4.6));
#5160=CARTESIAN_POINT('',(53.7,-44.6,-4.6));
#5161=CARTESIAN_POINT('',(56.7,-44.6000000000001,-4.6));
#5162=CARTESIAN_POINT('Origin',(56.7,-41.6000000000001,-4.6));
#5163=CARTESIAN_POINT('',(-56.7,-44.6,-4.6));
#5164=CARTESIAN_POINT('',(-39.85,-44.6,-4.6));
#5165=CARTESIAN_POINT('',(-53.7,-41.6,-4.6));
#5166=CARTESIAN_POINT('Origin',(-56.7,-41.6,-4.6));
#5167=CARTESIAN_POINT('',(-53.7,-44.6,-4.6));
#5168=CARTESIAN_POINT('',(-1.2,-35.6,-4.6));
#5169=CARTESIAN_POINT('Origin',(0.,-35.6,-4.6));
#5170=CARTESIAN_POINT('Origin',(-80.2,-39.1,0.));
#5171=CARTESIAN_POINT('',(-79.7,-39.1,3.1));
#5172=CARTESIAN_POINT('Origin',(-80.2,-39.1,3.1));
#5173=CARTESIAN_POINT('',(-79.7,-39.1,0.));
#5174=CARTESIAN_POINT('Origin',(-53.2,39.1,0.));
#5175=CARTESIAN_POINT('',(-53.7,39.1,-4.6));
#5176=CARTESIAN_POINT('Origin',(-53.2,39.1,-4.6));
#5177=CARTESIAN_POINT('',(-53.7,39.1,3.1));
#5178=CARTESIAN_POINT('Origin',(-53.2,39.1,3.1));
#5179=CARTESIAN_POINT('',(-53.7,39.1,0.));
#5180=CARTESIAN_POINT('Origin',(0.,39.1,-4.6));
#5181=CARTESIAN_POINT('',(-53.7,41.6,-4.6));
#5182=CARTESIAN_POINT('',(-53.7,44.6,-4.6));
#5183=CARTESIAN_POINT('',(-56.7,44.6,-4.6));
#5184=CARTESIAN_POINT('Origin',(-56.7,41.6,-4.6));
#5185=CARTESIAN_POINT('',(56.7,44.6,-4.6));
#5186=CARTESIAN_POINT('',(-26.85,44.6,-4.6));
#5187=CARTESIAN_POINT('',(53.7,41.6,-4.6));
#5188=CARTESIAN_POINT('Origin',(56.7,41.6,-4.6));
#5189=CARTESIAN_POINT('',(53.7,39.1,-4.6));
#5190=CARTESIAN_POINT('',(53.7,44.6,-4.6));
#5191=CARTESIAN_POINT('Origin',(53.2,39.1,-4.6));
#5192=CARTESIAN_POINT('',(45.5,39.85,-4.6));
#5193=CARTESIAN_POINT('',(45.5,39.85,-4.6));
#5194=CARTESIAN_POINT('',(-9.5,39.85,-4.6));
#5195=CARTESIAN_POINT('',(-9.5,39.85,-4.6));
#5196=CARTESIAN_POINT('',(-9.5,38.6,-4.6));
#5197=CARTESIAN_POINT('',(-21.55,36.1,-4.6));
#5198=CARTESIAN_POINT('Origin',(-19.05,36.1,-4.6));
#5199=CARTESIAN_POINT('',(-21.55,38.1,-4.6));
#5200=CARTESIAN_POINT('',(-20.25,35.6,-4.6));
#5201=CARTESIAN_POINT('Origin',(-19.05,35.6,-4.6));
#5202=CARTESIAN_POINT('Origin',(-80.2,39.1,0.));
#5203=CARTESIAN_POINT('',(-79.7,39.1,3.1));
#5204=CARTESIAN_POINT('',(-79.7,39.1,0.));
#5205=CARTESIAN_POINT('Origin',(-80.2,39.1,3.1));
#5206=CARTESIAN_POINT('Origin',(-79.7,44.6,0.));
#5207=CARTESIAN_POINT('',(-79.7,41.6,3.1));
#5208=CARTESIAN_POINT('',(-79.7,41.6,0.));
#5209=CARTESIAN_POINT('',(-79.7,38.6,3.1));
#5210=CARTESIAN_POINT('Origin',(53.2,39.1,0.));
#5211=CARTESIAN_POINT('',(53.7,39.1,3.1));
#5212=CARTESIAN_POINT('',(53.7,39.1,0.));
#5213=CARTESIAN_POINT('Origin',(53.2,39.1,3.1));
#5214=CARTESIAN_POINT('Origin',(53.7,44.6,0.));
#5215=CARTESIAN_POINT('',(53.7,41.6,3.1));
#5216=CARTESIAN_POINT('',(53.7,41.6,0.));
#5217=CARTESIAN_POINT('',(53.7,44.6,3.1));
#5218=CARTESIAN_POINT('Origin',(80.2,39.1,0.));
#5219=CARTESIAN_POINT('',(79.7,39.1,3.1));
#5220=CARTESIAN_POINT('Origin',(80.2,39.1,3.1));
#5221=CARTESIAN_POINT('',(79.7,39.1,0.));
#5222=CARTESIAN_POINT('Origin',(79.7,38.6,0.));
#5223=CARTESIAN_POINT('',(79.7,41.6,3.1));
#5224=CARTESIAN_POINT('',(79.7,38.6,3.1));
#5225=CARTESIAN_POINT('',(79.7,41.6,0.));
#5226=CARTESIAN_POINT('Origin',(80.2,-39.1,0.));
#5227=CARTESIAN_POINT('',(79.7,-39.1,3.1));
#5228=CARTESIAN_POINT('',(79.7,-39.1,0.));
#5229=CARTESIAN_POINT('Origin',(80.2,-39.1,3.1));
#5230=CARTESIAN_POINT('Origin',(53.2,-39.1,0.));
#5231=CARTESIAN_POINT('',(53.7,-39.1,0.));
#5232=CARTESIAN_POINT('Origin',(53.7,-38.1,0.));
#5233=CARTESIAN_POINT('',(53.7,-41.6000000000001,3.1));
#5234=CARTESIAN_POINT('',(53.7,-38.6,3.1));
#5235=CARTESIAN_POINT('',(53.7,-41.6000000000001,0.));
#5236=CARTESIAN_POINT('Origin',(-76.7,41.6,0.));
#5237=CARTESIAN_POINT('',(-76.7,44.6,3.1));
#5238=CARTESIAN_POINT('Origin',(-76.7,41.6,3.1));
#5239=CARTESIAN_POINT('',(-76.7,44.6,0.));
#5240=CARTESIAN_POINT('Origin',(-66.7,41.6,3.1));
#5241=CARTESIAN_POINT('',(-56.7,44.6,3.1));
#5242=CARTESIAN_POINT('',(-79.7,44.6,3.1));
#5243=CARTESIAN_POINT('',(-53.7,41.6,3.1));
#5244=CARTESIAN_POINT('Origin',(-56.7,41.6,3.1));
#5245=CARTESIAN_POINT('',(-53.7,44.6,3.1));
#5246=CARTESIAN_POINT('',(-74.7,41.1,3.1));
#5247=CARTESIAN_POINT('Origin',(-76.2,41.1,3.1));
#5248=CARTESIAN_POINT('Origin',(-53.7,44.6,0.));
#5249=CARTESIAN_POINT('',(76.7,44.6,3.1));
#5250=CARTESIAN_POINT('',(76.7,44.6,0.));
#5251=CARTESIAN_POINT('',(56.7,44.6,3.1));
#5252=CARTESIAN_POINT('',(79.7,44.6,3.1));
#5253=CARTESIAN_POINT('',(56.7,44.6,0.));
#5254=CARTESIAN_POINT('',(-56.7,44.6,0.));
#5255=CARTESIAN_POINT('Origin',(-56.7,41.6,0.));
#5256=CARTESIAN_POINT('',(-53.7,41.6,0.));
#5257=CARTESIAN_POINT('Origin',(-53.7,38.6,0.));
#5258=CARTESIAN_POINT('Origin',(56.7,41.6,0.));
#5259=CARTESIAN_POINT('Origin',(56.7,41.6,3.1));
#5260=CARTESIAN_POINT('Origin',(66.7,41.6,3.1));
#5261=CARTESIAN_POINT('Origin',(76.7,41.6,3.1));
#5262=CARTESIAN_POINT('',(77.7,41.1,3.1));
#5263=CARTESIAN_POINT('Origin',(76.2,41.1,3.1));
#5264=CARTESIAN_POINT('Origin',(76.7,41.6,0.));
#5265=CARTESIAN_POINT('Origin',(-56.7,-41.6,0.));
#5266=CARTESIAN_POINT('',(-53.7,-41.6,3.1));
#5267=CARTESIAN_POINT('',(-56.7,-44.6,3.1));
#5268=CARTESIAN_POINT('Origin',(-56.7,-41.6,3.1));
#5269=CARTESIAN_POINT('',(-53.7,-41.6,0.));
#5270=CARTESIAN_POINT('',(-56.7,-44.6,0.));
#5271=CARTESIAN_POINT('Origin',(-66.7,-41.6,3.1));
#5272=CARTESIAN_POINT('',(-76.7,-44.6,3.1));
#5273=CARTESIAN_POINT('',(-79.7,-44.6,3.1));
#5274=CARTESIAN_POINT('',(-79.7,-41.6,3.1));
#5275=CARTESIAN_POINT('Origin',(-76.7,-41.6,3.1));
#5276=CARTESIAN_POINT('',(-79.7,-38.6,3.1));
#5277=CARTESIAN_POINT('',(-53.7,-44.6,3.1));
#5278=CARTESIAN_POINT('',(-74.7,-41.1,3.1));
#5279=CARTESIAN_POINT('Origin',(-76.2,-41.1,3.1));
#5280=CARTESIAN_POINT('Origin',(-79.7,-44.6,0.));
#5281=CARTESIAN_POINT('',(-76.7,-44.6,0.));
#5282=CARTESIAN_POINT('',(56.7,-44.6,3.1));
#5283=CARTESIAN_POINT('',(56.7,-44.6000000000001,0.));
#5284=CARTESIAN_POINT('',(76.7,-44.6,3.1));
#5285=CARTESIAN_POINT('',(79.7,-44.6,3.1));
#5286=CARTESIAN_POINT('',(76.7,-44.6000000000001,0.));
#5287=CARTESIAN_POINT('Origin',(-76.7,-41.6,0.));
#5288=CARTESIAN_POINT('',(-79.7,-41.6,0.));
#5289=CARTESIAN_POINT('Origin',(-79.7,-38.6,0.));
#5290=CARTESIAN_POINT('Origin',(76.7,-41.6000000000001,0.));
#5291=CARTESIAN_POINT('',(79.7,-41.6000000000001,3.1));
#5292=CARTESIAN_POINT('Origin',(76.7,-41.6000000000001,3.1));
#5293=CARTESIAN_POINT('',(79.7,-41.6000000000001,0.));
#5294=CARTESIAN_POINT('Origin',(79.7,-44.6,0.));
#5295=CARTESIAN_POINT('',(79.7,-38.6,3.1));
#5296=CARTESIAN_POINT('Origin',(56.7,-41.6000000000001,0.));
#5297=CARTESIAN_POINT('Origin',(56.7,-41.6000000000001,3.1));
#5298=CARTESIAN_POINT('Origin',(66.7,-41.35,3.1));
#5299=CARTESIAN_POINT('',(77.7,-41.1,3.1));
#5300=CARTESIAN_POINT('Origin',(76.2,-41.1,3.1));
#5301=CARTESIAN_POINT('Origin',(-92.86875,-35.6,-5.5));
#5302=CARTESIAN_POINT('',(-94.06875,-35.6,-2.25));
#5303=CARTESIAN_POINT('Origin',(-92.86875,-35.6,-2.25));
#5304=CARTESIAN_POINT('',(-94.06875,-35.6,-5.5));
#5305=CARTESIAN_POINT('Origin',(0.,-35.6,-5.5));
#5306=CARTESIAN_POINT('',(-1.2,-35.6,-2.25));
#5307=CARTESIAN_POINT('Origin',(0.,-35.6,-2.25));
#5308=CARTESIAN_POINT('',(-1.2,-35.6,-5.5));
#5309=CARTESIAN_POINT('Origin',(95.25,-35.6,-5.5));
#5310=CARTESIAN_POINT('',(94.05,-35.6,-2.25));
#5311=CARTESIAN_POINT('Origin',(95.25,-35.6,-2.25));
#5312=CARTESIAN_POINT('',(94.05,-35.6,-5.5));
#5313=CARTESIAN_POINT('Origin',(95.25,35.6,-5.5));
#5314=CARTESIAN_POINT('',(94.05,35.6,-2.25));
#5315=CARTESIAN_POINT('Origin',(95.25,35.6,-2.25));
#5316=CARTESIAN_POINT('',(94.05,35.6,-5.5));
#5317=CARTESIAN_POINT('Origin',(-19.05,35.6,-5.5));
#5318=CARTESIAN_POINT('',(-20.25,35.6,-2.25));
#5319=CARTESIAN_POINT('Origin',(-19.05,35.6,-2.25));
#5320=CARTESIAN_POINT('',(-20.25,35.6,-5.5));
#5321=CARTESIAN_POINT('Origin',(-95.25,35.6,-5.5));
#5322=CARTESIAN_POINT('',(-96.45,35.6,-2.25));
#5323=CARTESIAN_POINT('Origin',(-95.25,35.6,-2.25));
#5324=CARTESIAN_POINT('',(-96.45,35.6,-5.5));
#5325=CARTESIAN_POINT('Origin',(0.,39.1,-2.25));
#5326=CARTESIAN_POINT('',(-21.55,36.1,-2.25));
#5327=CARTESIAN_POINT('',(-21.55,37.6,-2.25));
#5328=CARTESIAN_POINT('Origin',(-19.05,36.1,-2.25));
#5329=CARTESIAN_POINT('Origin',(-9.5,39.85,0.));
#5330=CARTESIAN_POINT('',(-9.5,39.85,-3.35));
#5331=CARTESIAN_POINT('',(-9.5,19.925,-3.35));
#5332=CARTESIAN_POINT('',(-9.5,39.85,0.));
#5333=CARTESIAN_POINT('Origin',(45.5,39.85,0.));
#5334=CARTESIAN_POINT('',(45.5,39.85,-3.35));
#5335=CARTESIAN_POINT('',(22.75,39.85,-3.35));
#5336=CARTESIAN_POINT('',(45.5,39.85,0.));
#5337=CARTESIAN_POINT('Origin',(45.5,38.6,0.));
#5338=CARTESIAN_POINT('',(45.5,19.3,-3.35));
#5339=CARTESIAN_POINT('Origin',(-21.55,36.1,0.));
#5340=CARTESIAN_POINT('',(-21.55,36.1,0.));
#5341=CARTESIAN_POINT('Origin',(-19.05,36.1,0.));
#5342=CARTESIAN_POINT('Origin',(0.,0.,-3.35));
#5343=CARTESIAN_POINT('Origin',(-100.25,0.,-2.25));
#5344=CARTESIAN_POINT('',(-97.7499999999983,36.1,-2.25));
#5345=CARTESIAN_POINT('',(-97.75,18.05,-2.25));
#5346=CARTESIAN_POINT('Origin',(-95.2500000000021,36.1,-2.25));
#5347=CARTESIAN_POINT('Origin',(-100.25,0.,-2.25));
#5348=CARTESIAN_POINT('',(-90.36875,-36.1,-2.25));
#5349=CARTESIAN_POINT('',(-90.36875,-18.05,-2.25));
#5350=CARTESIAN_POINT('Origin',(-92.86875,-36.0999970990879,-2.25));
#5351=CARTESIAN_POINT('Origin',(-92.86875,-36.0999970990879,0.));
#5352=CARTESIAN_POINT('',(-90.36875,-36.1,0.));
#5353=CARTESIAN_POINT('Origin',(-97.75,36.1,0.));
#5354=CARTESIAN_POINT('',(-97.7499999999983,36.1,0.));
#5355=CARTESIAN_POINT('Origin',(-95.2500000000021,36.1,0.));
#5356=CARTESIAN_POINT('Origin',(-90.36875,-36.1,0.));
#5357=CARTESIAN_POINT('Origin',(2.5,-36.1,0.));
#5358=CARTESIAN_POINT('',(2.5,-36.1,-2.25));
#5359=CARTESIAN_POINT('',(2.5,-36.1,0.));
#5360=CARTESIAN_POINT('',(2.5,-37.6,-2.25));
#5361=CARTESIAN_POINT('Origin',(0.,-36.1,0.));
#5362=CARTESIAN_POINT('Origin',(0.,-36.1,-2.25));
#5363=CARTESIAN_POINT('Origin',(0.,-39.1,-2.25));
#5364=CARTESIAN_POINT('Origin',(100.25,0.,-2.25));
#5365=CARTESIAN_POINT('',(92.75,36.1,-2.25));
#5366=CARTESIAN_POINT('',(92.75,18.05,-2.25));
#5367=CARTESIAN_POINT('Origin',(95.25,36.0999978510964,-2.25));
#5368=CARTESIAN_POINT('Origin',(100.25,0.,-2.25));
#5369=CARTESIAN_POINT('',(97.75,-36.0999955535659,-2.25));
#5370=CARTESIAN_POINT('',(97.75,-18.049997776783,-2.25));
#5371=CARTESIAN_POINT('Origin',(95.25,-36.0999977183614,-2.25));
#5372=CARTESIAN_POINT('Origin',(92.75,36.1,0.));
#5373=CARTESIAN_POINT('',(92.75,36.1,0.));
#5374=CARTESIAN_POINT('Origin',(95.25,36.0999978510964,0.));
#5375=CARTESIAN_POINT('Origin',(97.75,-36.0999955535659,0.));
#5376=CARTESIAN_POINT('',(97.75,-36.0999955535659,0.));
#5377=CARTESIAN_POINT('Origin',(95.25,-36.0999977183614,0.));
#5378=CARTESIAN_POINT('Origin',(48.125,-19.55,0.));
#5379=CARTESIAN_POINT('Origin',(52.3875,-31.75,4.25107577378445));
#5380=CARTESIAN_POINT('',(54.8875,-31.75,3.5));
#5381=CARTESIAN_POINT('Origin',(52.3875,-31.75,3.5));
#5382=CARTESIAN_POINT('',(53.6375,-31.75,4.25107577378445));
#5383=CARTESIAN_POINT('Origin',(52.3875,-31.75,1.75));
#5384=CARTESIAN_POINT('',(54.8875,-31.75,1.75));
#5385=CARTESIAN_POINT('Origin',(52.3875,-25.4,4.25107577378445));
#5386=CARTESIAN_POINT('',(54.8875,-25.4,3.5));
#5387=CARTESIAN_POINT('Origin',(52.3875,-25.4,3.5));
#5388=CARTESIAN_POINT('',(53.6375,-25.4,4.25107577378445));
#5389=CARTESIAN_POINT('Origin',(52.3875,-25.4,1.75));
#5390=CARTESIAN_POINT('',(54.8875,-25.4,1.75));
#5391=CARTESIAN_POINT('Origin',(-53.7,-44.6,0.));
#5392=CARTESIAN_POINT('Origin',(-76.2,41.1,5.45064546427067));
#5393=CARTESIAN_POINT('',(-74.7,41.1,5.));
#5394=CARTESIAN_POINT('Origin',(-76.2,41.1,5.));
#5395=CARTESIAN_POINT('',(-76.2,41.1,5.90129092854134));
#5396=CARTESIAN_POINT('',(-75.45,41.1,5.45064546427067));
#5397=CARTESIAN_POINT('Origin',(-76.2,41.1,2.5));
#5398=CARTESIAN_POINT('',(-74.7,41.1,2.5));
#5399=CARTESIAN_POINT('Origin',(-76.2,-41.1,5.45064546427067));
#5400=CARTESIAN_POINT('',(-74.7,-41.1,5.));
#5401=CARTESIAN_POINT('Origin',(-76.2,-41.1,5.));
#5402=CARTESIAN_POINT('',(-76.2,-41.1,5.90129092854134));
#5403=CARTESIAN_POINT('',(-75.45,-41.1,5.45064546427067));
#5404=CARTESIAN_POINT('Origin',(-76.2,-41.1,2.5));
#5405=CARTESIAN_POINT('',(-74.7,-41.1,2.5));
#5406=CARTESIAN_POINT('Origin',(76.2,-41.1,5.45064546427067));
#5407=CARTESIAN_POINT('',(77.7,-41.1,5.));
#5408=CARTESIAN_POINT('Origin',(76.2,-41.1,5.));
#5409=CARTESIAN_POINT('',(76.2,-41.1,5.90129092854134));
#5410=CARTESIAN_POINT('',(76.95,-41.1,5.45064546427067));
#5411=CARTESIAN_POINT('Origin',(76.2,-41.1,2.5));
#5412=CARTESIAN_POINT('',(77.7,-41.1,2.5));
#5413=CARTESIAN_POINT('Origin',(76.2,41.1,5.45064546427067));
#5414=CARTESIAN_POINT('',(77.7,41.1,5.));
#5415=CARTESIAN_POINT('Origin',(76.2,41.1,5.));
#5416=CARTESIAN_POINT('',(76.2,41.1,5.90129092854134));
#5417=CARTESIAN_POINT('',(76.95,41.1,5.45064546427067));
#5418=CARTESIAN_POINT('Origin',(76.2,41.1,2.5));
#5419=CARTESIAN_POINT('',(77.7,41.1,2.5));
#5420=UNCERTAINTY_MEASURE_WITH_UNIT(LENGTH_MEASURE(0.01),#5424,
'DISTANCE_ACCURACY_VALUE',
'Maximum model space distance between geometric entities at asserted c
onnectivities');
#5421=UNCERTAINTY_MEASURE_WITH_UNIT(LENGTH_MEASURE(0.01),#5424,
'DISTANCE_ACCURACY_VALUE',
'Maximum model space distance between geometric entities at asserted c
onnectivities');
#5422=(
GEOMETRIC_REPRESENTATION_CONTEXT(3)
GLOBAL_UNCERTAINTY_ASSIGNED_CONTEXT((#5420))
GLOBAL_UNIT_ASSIGNED_CONTEXT((#5424,#5425,#5426))
REPRESENTATION_CONTEXT('','3D')
);
#5423=(
GEOMETRIC_REPRESENTATION_CONTEXT(3)
GLOBAL_UNCERTAINTY_ASSIGNED_CONTEXT((#5421))
GLOBAL_UNIT_ASSIGNED_CONTEXT((#5424,#5425,#5426))
REPRESENTATION_CONTEXT('','3D')
);
#5424=(
LENGTH_UNIT()
NAMED_UNIT(*)
SI_UNIT(.MILLI.,.METRE.)
);
#5425=(
NAMED_UNIT(*)
PLANE_ANGLE_UNIT()
SI_UNIT($,.RADIAN.)
);
#5426=(
NAMED_UNIT(*)
SI_UNIT($,.STERADIAN.)
SOLID_ANGLE_UNIT()
);
#5427=SHAPE_DEFINITION_REPRESENTATION(#5428,#5429);
#5428=PRODUCT_DEFINITION_SHAPE('',$,#5431);
#5429=SHAPE_REPRESENTATION('',(#3068),#5422);
#5430=PRODUCT_DEFINITION_CONTEXT('part definition',#5435,'design');
#5431=PRODUCT_DEFINITION('2026-01-08-20-00-24-959','sr42-keyboard-r3',#5432,
#5430);
#5432=PRODUCT_DEFINITION_FORMATION('',$,#5437);
#5433=PRODUCT_RELATED_PRODUCT_CATEGORY('sr42-keyboard-r3',
'sr42-keyboard-r3',(#5437));
#5434=APPLICATION_PROTOCOL_DEFINITION('international standard',
'automotive_design',2009,#5435);
#5435=APPLICATION_CONTEXT(
'Core Data for Automotive Mechanical Design Process');
#5436=PRODUCT_CONTEXT('part definition',#5435,'mechanical');
#5437=PRODUCT('2026-01-08-20-00-24-959','sr42-keyboard-r3',$,(#5436));
#5438=PRESENTATION_STYLE_ASSIGNMENT((#5440));
#5439=PRESENTATION_STYLE_ASSIGNMENT((#5441));
#5440=SURFACE_STYLE_USAGE(.BOTH.,#5442);
#5441=SURFACE_STYLE_USAGE(.BOTH.,#5443);
#5442=SURFACE_SIDE_STYLE('',(#5444));
#5443=SURFACE_SIDE_STYLE('',(#5445));
#5444=SURFACE_STYLE_FILL_AREA(#5446);
#5445=SURFACE_STYLE_FILL_AREA(#5447);
#5446=FILL_AREA_STYLE('Steel - Satin',(#5448));
#5447=FILL_AREA_STYLE('Aluminum - Anodized Glossy (Blue)',(#5449));
#5448=FILL_AREA_STYLE_COLOUR('Steel - Satin',#5450);
#5449=FILL_AREA_STYLE_COLOUR('Aluminum - Anodized Glossy (Blue)',#5451);
#5450=COLOUR_RGB('Steel - Satin',0.627450980392157,0.627450980392157,0.627450980392157);
#5451=COLOUR_RGB('Aluminum - Anodized Glossy (Blue)',0.349019607843137,
0.584313725490196,0.854901960784314);
ENDSEC;
END-ISO-10303-21;
