ISO-10303-21;
HEADER;
/* Generated by software containing ST-Developer
 * from STEP Tools, Inc. (www.steptools.com) 
 */

FILE_DESCRIPTION(
/* description */ (''),
/* implementation_level */ '2;1');

FILE_NAME(
/* name */ 'sr42-keyboard-fom.step',
/* time_stamp */ '2026-01-17T21:25:21+11:00',
/* author */ (''),
/* organization */ (''),
/* preprocessor_version */ 'ST-DEVELOPER v20.1',
/* originating_system */ 'Autodesk Translation Framework v14.21.0.0',
/* authorisation */ '');

FILE_SCHEMA (('AUTOMOTIVE_DESIGN { 1 0 10303 214 3 1 1 }'));
ENDSEC;

DATA;
#10=MECHANICAL_DESIGN_GEOMETRIC_PRESENTATION_REPRESENTATION('',(#13),#13712);
#11=SHAPE_REPRESENTATION_RELATIONSHIP('SRR','None',#13718,#12);
#12=ADVANCED_BREP_SHAPE_REPRESENTATION('',(#14),#13711);
#13=STYLED_ITEM('',(#13730),#14);
#14=MANIFOLD_SOLID_BREP('Foam',#8124);
#15=FACE_BOUND('',#698,.T.);
#16=FACE_BOUND('',#699,.T.);
#17=FACE_BOUND('',#700,.T.);
#18=FACE_BOUND('',#701,.T.);
#19=FACE_BOUND('',#702,.T.);
#20=FACE_BOUND('',#703,.T.);
#21=FACE_BOUND('',#704,.T.);
#22=FACE_BOUND('',#705,.T.);
#23=FACE_BOUND('',#706,.T.);
#24=FACE_BOUND('',#707,.T.);
#25=FACE_BOUND('',#708,.T.);
#26=FACE_BOUND('',#709,.T.);
#27=FACE_BOUND('',#710,.T.);
#28=FACE_BOUND('',#711,.T.);
#29=FACE_BOUND('',#712,.T.);
#30=FACE_BOUND('',#713,.T.);
#31=FACE_BOUND('',#714,.T.);
#32=FACE_BOUND('',#715,.T.);
#33=FACE_BOUND('',#716,.T.);
#34=FACE_BOUND('',#717,.T.);
#35=FACE_BOUND('',#718,.T.);
#36=FACE_BOUND('',#719,.T.);
#37=FACE_BOUND('',#720,.T.);
#38=FACE_BOUND('',#721,.T.);
#39=FACE_BOUND('',#722,.T.);
#40=FACE_BOUND('',#723,.T.);
#41=FACE_BOUND('',#724,.T.);
#42=FACE_BOUND('',#725,.T.);
#43=FACE_BOUND('',#726,.T.);
#44=FACE_BOUND('',#727,.T.);
#45=FACE_BOUND('',#728,.T.);
#46=FACE_BOUND('',#729,.T.);
#47=FACE_BOUND('',#730,.T.);
#48=FACE_BOUND('',#731,.T.);
#49=FACE_BOUND('',#732,.T.);
#50=FACE_BOUND('',#733,.T.);
#51=FACE_BOUND('',#734,.T.);
#52=FACE_BOUND('',#735,.T.);
#53=FACE_BOUND('',#736,.T.);
#54=FACE_BOUND('',#737,.T.);
#55=FACE_BOUND('',#738,.T.);
#56=FACE_BOUND('',#739,.T.);
#57=FACE_BOUND('',#1136,.T.);
#58=FACE_BOUND('',#1137,.T.);
#59=FACE_BOUND('',#1138,.T.);
#60=FACE_BOUND('',#1139,.T.);
#61=FACE_BOUND('',#1140,.T.);
#62=FACE_BOUND('',#1141,.T.);
#63=FACE_BOUND('',#1142,.T.);
#64=FACE_BOUND('',#1143,.T.);
#65=FACE_BOUND('',#1144,.T.);
#66=FACE_BOUND('',#1145,.T.);
#67=FACE_BOUND('',#1146,.T.);
#68=FACE_BOUND('',#1147,.T.);
#69=FACE_BOUND('',#1148,.T.);
#70=FACE_BOUND('',#1149,.T.);
#71=FACE_BOUND('',#1150,.T.);
#72=FACE_BOUND('',#1151,.T.);
#73=FACE_BOUND('',#1152,.T.);
#74=FACE_BOUND('',#1153,.T.);
#75=FACE_BOUND('',#1154,.T.);
#76=FACE_BOUND('',#1155,.T.);
#77=FACE_BOUND('',#1156,.T.);
#78=FACE_BOUND('',#1157,.T.);
#79=FACE_BOUND('',#1158,.T.);
#80=FACE_BOUND('',#1159,.T.);
#81=FACE_BOUND('',#1160,.T.);
#82=FACE_BOUND('',#1161,.T.);
#83=FACE_BOUND('',#1162,.T.);
#84=FACE_BOUND('',#1163,.T.);
#85=FACE_BOUND('',#1164,.T.);
#86=FACE_BOUND('',#1165,.T.);
#87=FACE_BOUND('',#1166,.T.);
#88=FACE_BOUND('',#1167,.T.);
#89=FACE_BOUND('',#1168,.T.);
#90=FACE_BOUND('',#1169,.T.);
#91=FACE_BOUND('',#1170,.T.);
#92=FACE_BOUND('',#1171,.T.);
#93=FACE_BOUND('',#1172,.T.);
#94=FACE_BOUND('',#1173,.T.);
#95=FACE_BOUND('',#1174,.T.);
#96=FACE_BOUND('',#1175,.T.);
#97=FACE_BOUND('',#1176,.T.);
#98=FACE_BOUND('',#1177,.T.);
#99=PLANE('',#8129);
#100=PLANE('',#8130);
#101=PLANE('',#8334);
#102=PLANE('',#8337);
#103=PLANE('',#8340);
#104=PLANE('',#8343);
#105=PLANE('',#8346);
#106=PLANE('',#8349);
#107=PLANE('',#8354);
#108=PLANE('',#8357);
#109=PLANE('',#8360);
#110=PLANE('',#8363);
#111=PLANE('',#8364);
#112=PLANE('',#8367);
#113=PLANE('',#8370);
#114=PLANE('',#8373);
#115=PLANE('',#8376);
#116=PLANE('',#8379);
#117=PLANE('',#8382);
#118=PLANE('',#8385);
#119=PLANE('',#8388);
#120=PLANE('',#8391);
#121=PLANE('',#8394);
#122=PLANE('',#8397);
#123=PLANE('',#8400);
#124=PLANE('',#8403);
#125=PLANE('',#8406);
#126=PLANE('',#8409);
#127=PLANE('',#8412);
#128=PLANE('',#8415);
#129=PLANE('',#8418);
#130=PLANE('',#8421);
#131=PLANE('',#8424);
#132=PLANE('',#8427);
#133=PLANE('',#8430);
#134=PLANE('',#8433);
#135=PLANE('',#8436);
#136=PLANE('',#8439);
#137=PLANE('',#8442);
#138=PLANE('',#8445);
#139=PLANE('',#8450);
#140=PLANE('',#8453);
#141=PLANE('',#8456);
#142=PLANE('',#8459);
#143=PLANE('',#8462);
#144=PLANE('',#8465);
#145=PLANE('',#8468);
#146=PLANE('',#8471);
#147=PLANE('',#8474);
#148=PLANE('',#8477);
#149=PLANE('',#8480);
#150=PLANE('',#8483);
#151=PLANE('',#8488);
#152=PLANE('',#8491);
#153=PLANE('',#8494);
#154=PLANE('',#8497);
#155=PLANE('',#8500);
#156=PLANE('',#8503);
#157=PLANE('',#8506);
#158=PLANE('',#8509);
#159=PLANE('',#8512);
#160=PLANE('',#8515);
#161=PLANE('',#8518);
#162=PLANE('',#8521);
#163=PLANE('',#8524);
#164=PLANE('',#8527);
#165=PLANE('',#8530);
#166=PLANE('',#8533);
#167=PLANE('',#8536);
#168=PLANE('',#8539);
#169=PLANE('',#8542);
#170=PLANE('',#8545);
#171=PLANE('',#8552);
#172=PLANE('',#8555);
#173=PLANE('',#8558);
#174=PLANE('',#8561);
#175=PLANE('',#8564);
#176=PLANE('',#8567);
#177=PLANE('',#8570);
#178=PLANE('',#8573);
#179=PLANE('',#8576);
#180=PLANE('',#8579);
#181=PLANE('',#8582);
#182=PLANE('',#8585);
#183=PLANE('',#8588);
#184=PLANE('',#8591);
#185=PLANE('',#8594);
#186=PLANE('',#8597);
#187=PLANE('',#8600);
#188=PLANE('',#8603);
#189=PLANE('',#8606);
#190=PLANE('',#8609);
#191=PLANE('',#8614);
#192=PLANE('',#8617);
#193=PLANE('',#8620);
#194=PLANE('',#8623);
#195=PLANE('',#8626);
#196=PLANE('',#8629);
#197=PLANE('',#8632);
#198=PLANE('',#8635);
#199=PLANE('',#8640);
#200=PLANE('',#8643);
#201=PLANE('',#8646);
#202=PLANE('',#8649);
#203=PLANE('',#8652);
#204=PLANE('',#8655);
#205=PLANE('',#8658);
#206=PLANE('',#8661);
#207=PLANE('',#8664);
#208=PLANE('',#8667);
#209=PLANE('',#8670);
#210=PLANE('',#8673);
#211=PLANE('',#8676);
#212=PLANE('',#8679);
#213=PLANE('',#8682);
#214=PLANE('',#8685);
#215=PLANE('',#8688);
#216=PLANE('',#8691);
#217=PLANE('',#8694);
#218=PLANE('',#8697);
#219=PLANE('',#8700);
#220=PLANE('',#8703);
#221=PLANE('',#8706);
#222=PLANE('',#8709);
#223=PLANE('',#8714);
#224=PLANE('',#8717);
#225=PLANE('',#8720);
#226=PLANE('',#8723);
#227=PLANE('',#8726);
#228=PLANE('',#8729);
#229=PLANE('',#8732);
#230=PLANE('',#8735);
#231=PLANE('',#8738);
#232=PLANE('',#8741);
#233=PLANE('',#8744);
#234=PLANE('',#8747);
#235=PLANE('',#8750);
#236=PLANE('',#8753);
#237=PLANE('',#8756);
#238=PLANE('',#8759);
#239=PLANE('',#8762);
#240=PLANE('',#8765);
#241=PLANE('',#8768);
#242=PLANE('',#8771);
#243=PLANE('',#8776);
#244=PLANE('',#8779);
#245=PLANE('',#8782);
#246=PLANE('',#8785);
#247=PLANE('',#8788);
#248=PLANE('',#8791);
#249=PLANE('',#8794);
#250=PLANE('',#8797);
#251=PLANE('',#8800);
#252=PLANE('',#8803);
#253=PLANE('',#8806);
#254=PLANE('',#8809);
#255=PLANE('',#8812);
#256=PLANE('',#8815);
#257=PLANE('',#8818);
#258=PLANE('',#8819);
#259=PLANE('',#8822);
#260=PLANE('',#8825);
#261=PLANE('',#8828);
#262=PLANE('',#8831);
#263=PLANE('',#8834);
#264=PLANE('',#8837);
#265=PLANE('',#8840);
#266=PLANE('',#8843);
#267=PLANE('',#8846);
#268=PLANE('',#8849);
#269=PLANE('',#8852);
#270=PLANE('',#8855);
#271=PLANE('',#8858);
#272=PLANE('',#8861);
#273=PLANE('',#8864);
#274=PLANE('',#8867);
#275=PLANE('',#8870);
#276=PLANE('',#8873);
#277=PLANE('',#8876);
#278=PLANE('',#8879);
#279=PLANE('',#8882);
#280=PLANE('',#8885);
#281=PLANE('',#8888);
#282=PLANE('',#8891);
#283=PLANE('',#8894);
#284=PLANE('',#8897);
#285=PLANE('',#8900);
#286=PLANE('',#8903);
#287=PLANE('',#8906);
#288=PLANE('',#8909);
#289=PLANE('',#8912);
#290=PLANE('',#8915);
#291=PLANE('',#8918);
#292=PLANE('',#8921);
#293=PLANE('',#8924);
#294=PLANE('',#8927);
#295=PLANE('',#8928);
#296=FACE_OUTER_BOUND('',#695,.T.);
#297=FACE_OUTER_BOUND('',#696,.T.);
#298=FACE_OUTER_BOUND('',#697,.T.);
#299=FACE_OUTER_BOUND('',#740,.T.);
#300=FACE_OUTER_BOUND('',#741,.T.);
#301=FACE_OUTER_BOUND('',#742,.T.);
#302=FACE_OUTER_BOUND('',#743,.T.);
#303=FACE_OUTER_BOUND('',#744,.T.);
#304=FACE_OUTER_BOUND('',#745,.T.);
#305=FACE_OUTER_BOUND('',#746,.T.);
#306=FACE_OUTER_BOUND('',#747,.T.);
#307=FACE_OUTER_BOUND('',#748,.T.);
#308=FACE_OUTER_BOUND('',#749,.T.);
#309=FACE_OUTER_BOUND('',#750,.T.);
#310=FACE_OUTER_BOUND('',#751,.T.);
#311=FACE_OUTER_BOUND('',#752,.T.);
#312=FACE_OUTER_BOUND('',#753,.T.);
#313=FACE_OUTER_BOUND('',#754,.T.);
#314=FACE_OUTER_BOUND('',#755,.T.);
#315=FACE_OUTER_BOUND('',#756,.T.);
#316=FACE_OUTER_BOUND('',#757,.T.);
#317=FACE_OUTER_BOUND('',#758,.T.);
#318=FACE_OUTER_BOUND('',#759,.T.);
#319=FACE_OUTER_BOUND('',#760,.T.);
#320=FACE_OUTER_BOUND('',#761,.T.);
#321=FACE_OUTER_BOUND('',#762,.T.);
#322=FACE_OUTER_BOUND('',#763,.T.);
#323=FACE_OUTER_BOUND('',#764,.T.);
#324=FACE_OUTER_BOUND('',#765,.T.);
#325=FACE_OUTER_BOUND('',#766,.T.);
#326=FACE_OUTER_BOUND('',#767,.T.);
#327=FACE_OUTER_BOUND('',#768,.T.);
#328=FACE_OUTER_BOUND('',#769,.T.);
#329=FACE_OUTER_BOUND('',#770,.T.);
#330=FACE_OUTER_BOUND('',#771,.T.);
#331=FACE_OUTER_BOUND('',#772,.T.);
#332=FACE_OUTER_BOUND('',#773,.T.);
#333=FACE_OUTER_BOUND('',#774,.T.);
#334=FACE_OUTER_BOUND('',#775,.T.);
#335=FACE_OUTER_BOUND('',#776,.T.);
#336=FACE_OUTER_BOUND('',#777,.T.);
#337=FACE_OUTER_BOUND('',#778,.T.);
#338=FACE_OUTER_BOUND('',#779,.T.);
#339=FACE_OUTER_BOUND('',#780,.T.);
#340=FACE_OUTER_BOUND('',#781,.T.);
#341=FACE_OUTER_BOUND('',#782,.T.);
#342=FACE_OUTER_BOUND('',#783,.T.);
#343=FACE_OUTER_BOUND('',#784,.T.);
#344=FACE_OUTER_BOUND('',#785,.T.);
#345=FACE_OUTER_BOUND('',#786,.T.);
#346=FACE_OUTER_BOUND('',#787,.T.);
#347=FACE_OUTER_BOUND('',#788,.T.);
#348=FACE_OUTER_BOUND('',#789,.T.);
#349=FACE_OUTER_BOUND('',#790,.T.);
#350=FACE_OUTER_BOUND('',#791,.T.);
#351=FACE_OUTER_BOUND('',#792,.T.);
#352=FACE_OUTER_BOUND('',#793,.T.);
#353=FACE_OUTER_BOUND('',#794,.T.);
#354=FACE_OUTER_BOUND('',#795,.T.);
#355=FACE_OUTER_BOUND('',#796,.T.);
#356=FACE_OUTER_BOUND('',#797,.T.);
#357=FACE_OUTER_BOUND('',#798,.T.);
#358=FACE_OUTER_BOUND('',#799,.T.);
#359=FACE_OUTER_BOUND('',#800,.T.);
#360=FACE_OUTER_BOUND('',#801,.T.);
#361=FACE_OUTER_BOUND('',#802,.T.);
#362=FACE_OUTER_BOUND('',#803,.T.);
#363=FACE_OUTER_BOUND('',#804,.T.);
#364=FACE_OUTER_BOUND('',#805,.T.);
#365=FACE_OUTER_BOUND('',#806,.T.);
#366=FACE_OUTER_BOUND('',#807,.T.);
#367=FACE_OUTER_BOUND('',#808,.T.);
#368=FACE_OUTER_BOUND('',#809,.T.);
#369=FACE_OUTER_BOUND('',#810,.T.);
#370=FACE_OUTER_BOUND('',#811,.T.);
#371=FACE_OUTER_BOUND('',#812,.T.);
#372=FACE_OUTER_BOUND('',#813,.T.);
#373=FACE_OUTER_BOUND('',#814,.T.);
#374=FACE_OUTER_BOUND('',#815,.T.);
#375=FACE_OUTER_BOUND('',#816,.T.);
#376=FACE_OUTER_BOUND('',#817,.T.);
#377=FACE_OUTER_BOUND('',#818,.T.);
#378=FACE_OUTER_BOUND('',#819,.T.);
#379=FACE_OUTER_BOUND('',#820,.T.);
#380=FACE_OUTER_BOUND('',#821,.T.);
#381=FACE_OUTER_BOUND('',#822,.T.);
#382=FACE_OUTER_BOUND('',#823,.T.);
#383=FACE_OUTER_BOUND('',#824,.T.);
#384=FACE_OUTER_BOUND('',#825,.T.);
#385=FACE_OUTER_BOUND('',#826,.T.);
#386=FACE_OUTER_BOUND('',#827,.T.);
#387=FACE_OUTER_BOUND('',#828,.T.);
#388=FACE_OUTER_BOUND('',#829,.T.);
#389=FACE_OUTER_BOUND('',#830,.T.);
#390=FACE_OUTER_BOUND('',#831,.T.);
#391=FACE_OUTER_BOUND('',#832,.T.);
#392=FACE_OUTER_BOUND('',#833,.T.);
#393=FACE_OUTER_BOUND('',#834,.T.);
#394=FACE_OUTER_BOUND('',#835,.T.);
#395=FACE_OUTER_BOUND('',#836,.T.);
#396=FACE_OUTER_BOUND('',#837,.T.);
#397=FACE_OUTER_BOUND('',#838,.T.);
#398=FACE_OUTER_BOUND('',#839,.T.);
#399=FACE_OUTER_BOUND('',#840,.T.);
#400=FACE_OUTER_BOUND('',#841,.T.);
#401=FACE_OUTER_BOUND('',#842,.T.);
#402=FACE_OUTER_BOUND('',#843,.T.);
#403=FACE_OUTER_BOUND('',#844,.T.);
#404=FACE_OUTER_BOUND('',#845,.T.);
#405=FACE_OUTER_BOUND('',#846,.T.);
#406=FACE_OUTER_BOUND('',#847,.T.);
#407=FACE_OUTER_BOUND('',#848,.T.);
#408=FACE_OUTER_BOUND('',#849,.T.);
#409=FACE_OUTER_BOUND('',#850,.T.);
#410=FACE_OUTER_BOUND('',#851,.T.);
#411=FACE_OUTER_BOUND('',#852,.T.);
#412=FACE_OUTER_BOUND('',#853,.T.);
#413=FACE_OUTER_BOUND('',#854,.T.);
#414=FACE_OUTER_BOUND('',#855,.T.);
#415=FACE_OUTER_BOUND('',#856,.T.);
#416=FACE_OUTER_BOUND('',#857,.T.);
#417=FACE_OUTER_BOUND('',#858,.T.);
#418=FACE_OUTER_BOUND('',#859,.T.);
#419=FACE_OUTER_BOUND('',#860,.T.);
#420=FACE_OUTER_BOUND('',#861,.T.);
#421=FACE_OUTER_BOUND('',#862,.T.);
#422=FACE_OUTER_BOUND('',#863,.T.);
#423=FACE_OUTER_BOUND('',#864,.T.);
#424=FACE_OUTER_BOUND('',#865,.T.);
#425=FACE_OUTER_BOUND('',#866,.T.);
#426=FACE_OUTER_BOUND('',#867,.T.);
#427=FACE_OUTER_BOUND('',#868,.T.);
#428=FACE_OUTER_BOUND('',#869,.T.);
#429=FACE_OUTER_BOUND('',#870,.T.);
#430=FACE_OUTER_BOUND('',#871,.T.);
#431=FACE_OUTER_BOUND('',#872,.T.);
#432=FACE_OUTER_BOUND('',#873,.T.);
#433=FACE_OUTER_BOUND('',#874,.T.);
#434=FACE_OUTER_BOUND('',#875,.T.);
#435=FACE_OUTER_BOUND('',#876,.T.);
#436=FACE_OUTER_BOUND('',#877,.T.);
#437=FACE_OUTER_BOUND('',#878,.T.);
#438=FACE_OUTER_BOUND('',#879,.T.);
#439=FACE_OUTER_BOUND('',#880,.T.);
#440=FACE_OUTER_BOUND('',#881,.T.);
#441=FACE_OUTER_BOUND('',#882,.T.);
#442=FACE_OUTER_BOUND('',#883,.T.);
#443=FACE_OUTER_BOUND('',#884,.T.);
#444=FACE_OUTER_BOUND('',#885,.T.);
#445=FACE_OUTER_BOUND('',#886,.T.);
#446=FACE_OUTER_BOUND('',#887,.T.);
#447=FACE_OUTER_BOUND('',#888,.T.);
#448=FACE_OUTER_BOUND('',#889,.T.);
#449=FACE_OUTER_BOUND('',#890,.T.);
#450=FACE_OUTER_BOUND('',#891,.T.);
#451=FACE_OUTER_BOUND('',#892,.T.);
#452=FACE_OUTER_BOUND('',#893,.T.);
#453=FACE_OUTER_BOUND('',#894,.T.);
#454=FACE_OUTER_BOUND('',#895,.T.);
#455=FACE_OUTER_BOUND('',#896,.T.);
#456=FACE_OUTER_BOUND('',#897,.T.);
#457=FACE_OUTER_BOUND('',#898,.T.);
#458=FACE_OUTER_BOUND('',#899,.T.);
#459=FACE_OUTER_BOUND('',#900,.T.);
#460=FACE_OUTER_BOUND('',#901,.T.);
#461=FACE_OUTER_BOUND('',#902,.T.);
#462=FACE_OUTER_BOUND('',#903,.T.);
#463=FACE_OUTER_BOUND('',#904,.T.);
#464=FACE_OUTER_BOUND('',#905,.T.);
#465=FACE_OUTER_BOUND('',#906,.T.);
#466=FACE_OUTER_BOUND('',#907,.T.);
#467=FACE_OUTER_BOUND('',#908,.T.);
#468=FACE_OUTER_BOUND('',#909,.T.);
#469=FACE_OUTER_BOUND('',#910,.T.);
#470=FACE_OUTER_BOUND('',#911,.T.);
#471=FACE_OUTER_BOUND('',#912,.T.);
#472=FACE_OUTER_BOUND('',#913,.T.);
#473=FACE_OUTER_BOUND('',#914,.T.);
#474=FACE_OUTER_BOUND('',#915,.T.);
#475=FACE_OUTER_BOUND('',#916,.T.);
#476=FACE_OUTER_BOUND('',#917,.T.);
#477=FACE_OUTER_BOUND('',#918,.T.);
#478=FACE_OUTER_BOUND('',#919,.T.);
#479=FACE_OUTER_BOUND('',#920,.T.);
#480=FACE_OUTER_BOUND('',#921,.T.);
#481=FACE_OUTER_BOUND('',#922,.T.);
#482=FACE_OUTER_BOUND('',#923,.T.);
#483=FACE_OUTER_BOUND('',#924,.T.);
#484=FACE_OUTER_BOUND('',#925,.T.);
#485=FACE_OUTER_BOUND('',#926,.T.);
#486=FACE_OUTER_BOUND('',#927,.T.);
#487=FACE_OUTER_BOUND('',#928,.T.);
#488=FACE_OUTER_BOUND('',#929,.T.);
#489=FACE_OUTER_BOUND('',#930,.T.);
#490=FACE_OUTER_BOUND('',#931,.T.);
#491=FACE_OUTER_BOUND('',#932,.T.);
#492=FACE_OUTER_BOUND('',#933,.T.);
#493=FACE_OUTER_BOUND('',#934,.T.);
#494=FACE_OUTER_BOUND('',#935,.T.);
#495=FACE_OUTER_BOUND('',#936,.T.);
#496=FACE_OUTER_BOUND('',#937,.T.);
#497=FACE_OUTER_BOUND('',#938,.T.);
#498=FACE_OUTER_BOUND('',#939,.T.);
#499=FACE_OUTER_BOUND('',#940,.T.);
#500=FACE_OUTER_BOUND('',#941,.T.);
#501=FACE_OUTER_BOUND('',#942,.T.);
#502=FACE_OUTER_BOUND('',#943,.T.);
#503=FACE_OUTER_BOUND('',#944,.T.);
#504=FACE_OUTER_BOUND('',#945,.T.);
#505=FACE_OUTER_BOUND('',#946,.T.);
#506=FACE_OUTER_BOUND('',#947,.T.);
#507=FACE_OUTER_BOUND('',#948,.T.);
#508=FACE_OUTER_BOUND('',#949,.T.);
#509=FACE_OUTER_BOUND('',#950,.T.);
#510=FACE_OUTER_BOUND('',#951,.T.);
#511=FACE_OUTER_BOUND('',#952,.T.);
#512=FACE_OUTER_BOUND('',#953,.T.);
#513=FACE_OUTER_BOUND('',#954,.T.);
#514=FACE_OUTER_BOUND('',#955,.T.);
#515=FACE_OUTER_BOUND('',#956,.T.);
#516=FACE_OUTER_BOUND('',#957,.T.);
#517=FACE_OUTER_BOUND('',#958,.T.);
#518=FACE_OUTER_BOUND('',#959,.T.);
#519=FACE_OUTER_BOUND('',#960,.T.);
#520=FACE_OUTER_BOUND('',#961,.T.);
#521=FACE_OUTER_BOUND('',#962,.T.);
#522=FACE_OUTER_BOUND('',#963,.T.);
#523=FACE_OUTER_BOUND('',#964,.T.);
#524=FACE_OUTER_BOUND('',#965,.T.);
#525=FACE_OUTER_BOUND('',#966,.T.);
#526=FACE_OUTER_BOUND('',#967,.T.);
#527=FACE_OUTER_BOUND('',#968,.T.);
#528=FACE_OUTER_BOUND('',#969,.T.);
#529=FACE_OUTER_BOUND('',#970,.T.);
#530=FACE_OUTER_BOUND('',#971,.T.);
#531=FACE_OUTER_BOUND('',#972,.T.);
#532=FACE_OUTER_BOUND('',#973,.T.);
#533=FACE_OUTER_BOUND('',#974,.T.);
#534=FACE_OUTER_BOUND('',#975,.T.);
#535=FACE_OUTER_BOUND('',#976,.T.);
#536=FACE_OUTER_BOUND('',#977,.T.);
#537=FACE_OUTER_BOUND('',#978,.T.);
#538=FACE_OUTER_BOUND('',#979,.T.);
#539=FACE_OUTER_BOUND('',#980,.T.);
#540=FACE_OUTER_BOUND('',#981,.T.);
#541=FACE_OUTER_BOUND('',#982,.T.);
#542=FACE_OUTER_BOUND('',#983,.T.);
#543=FACE_OUTER_BOUND('',#984,.T.);
#544=FACE_OUTER_BOUND('',#985,.T.);
#545=FACE_OUTER_BOUND('',#986,.T.);
#546=FACE_OUTER_BOUND('',#987,.T.);
#547=FACE_OUTER_BOUND('',#988,.T.);
#548=FACE_OUTER_BOUND('',#989,.T.);
#549=FACE_OUTER_BOUND('',#990,.T.);
#550=FACE_OUTER_BOUND('',#991,.T.);
#551=FACE_OUTER_BOUND('',#992,.T.);
#552=FACE_OUTER_BOUND('',#993,.T.);
#553=FACE_OUTER_BOUND('',#994,.T.);
#554=FACE_OUTER_BOUND('',#995,.T.);
#555=FACE_OUTER_BOUND('',#996,.T.);
#556=FACE_OUTER_BOUND('',#997,.T.);
#557=FACE_OUTER_BOUND('',#998,.T.);
#558=FACE_OUTER_BOUND('',#999,.T.);
#559=FACE_OUTER_BOUND('',#1000,.T.);
#560=FACE_OUTER_BOUND('',#1001,.T.);
#561=FACE_OUTER_BOUND('',#1002,.T.);
#562=FACE_OUTER_BOUND('',#1003,.T.);
#563=FACE_OUTER_BOUND('',#1004,.T.);
#564=FACE_OUTER_BOUND('',#1005,.T.);
#565=FACE_OUTER_BOUND('',#1006,.T.);
#566=FACE_OUTER_BOUND('',#1007,.T.);
#567=FACE_OUTER_BOUND('',#1008,.T.);
#568=FACE_OUTER_BOUND('',#1009,.T.);
#569=FACE_OUTER_BOUND('',#1010,.T.);
#570=FACE_OUTER_BOUND('',#1011,.T.);
#571=FACE_OUTER_BOUND('',#1012,.T.);
#572=FACE_OUTER_BOUND('',#1013,.T.);
#573=FACE_OUTER_BOUND('',#1014,.T.);
#574=FACE_OUTER_BOUND('',#1015,.T.);
#575=FACE_OUTER_BOUND('',#1016,.T.);
#576=FACE_OUTER_BOUND('',#1017,.T.);
#577=FACE_OUTER_BOUND('',#1018,.T.);
#578=FACE_OUTER_BOUND('',#1019,.T.);
#579=FACE_OUTER_BOUND('',#1020,.T.);
#580=FACE_OUTER_BOUND('',#1021,.T.);
#581=FACE_OUTER_BOUND('',#1022,.T.);
#582=FACE_OUTER_BOUND('',#1023,.T.);
#583=FACE_OUTER_BOUND('',#1024,.T.);
#584=FACE_OUTER_BOUND('',#1025,.T.);
#585=FACE_OUTER_BOUND('',#1026,.T.);
#586=FACE_OUTER_BOUND('',#1027,.T.);
#587=FACE_OUTER_BOUND('',#1028,.T.);
#588=FACE_OUTER_BOUND('',#1029,.T.);
#589=FACE_OUTER_BOUND('',#1030,.T.);
#590=FACE_OUTER_BOUND('',#1031,.T.);
#591=FACE_OUTER_BOUND('',#1032,.T.);
#592=FACE_OUTER_BOUND('',#1033,.T.);
#593=FACE_OUTER_BOUND('',#1034,.T.);
#594=FACE_OUTER_BOUND('',#1035,.T.);
#595=FACE_OUTER_BOUND('',#1036,.T.);
#596=FACE_OUTER_BOUND('',#1037,.T.);
#597=FACE_OUTER_BOUND('',#1038,.T.);
#598=FACE_OUTER_BOUND('',#1039,.T.);
#599=FACE_OUTER_BOUND('',#1040,.T.);
#600=FACE_OUTER_BOUND('',#1041,.T.);
#601=FACE_OUTER_BOUND('',#1042,.T.);
#602=FACE_OUTER_BOUND('',#1043,.T.);
#603=FACE_OUTER_BOUND('',#1044,.T.);
#604=FACE_OUTER_BOUND('',#1045,.T.);
#605=FACE_OUTER_BOUND('',#1046,.T.);
#606=FACE_OUTER_BOUND('',#1047,.T.);
#607=FACE_OUTER_BOUND('',#1048,.T.);
#608=FACE_OUTER_BOUND('',#1049,.T.);
#609=FACE_OUTER_BOUND('',#1050,.T.);
#610=FACE_OUTER_BOUND('',#1051,.T.);
#611=FACE_OUTER_BOUND('',#1052,.T.);
#612=FACE_OUTER_BOUND('',#1053,.T.);
#613=FACE_OUTER_BOUND('',#1054,.T.);
#614=FACE_OUTER_BOUND('',#1055,.T.);
#615=FACE_OUTER_BOUND('',#1056,.T.);
#616=FACE_OUTER_BOUND('',#1057,.T.);
#617=FACE_OUTER_BOUND('',#1058,.T.);
#618=FACE_OUTER_BOUND('',#1059,.T.);
#619=FACE_OUTER_BOUND('',#1060,.T.);
#620=FACE_OUTER_BOUND('',#1061,.T.);
#621=FACE_OUTER_BOUND('',#1062,.T.);
#622=FACE_OUTER_BOUND('',#1063,.T.);
#623=FACE_OUTER_BOUND('',#1064,.T.);
#624=FACE_OUTER_BOUND('',#1065,.T.);
#625=FACE_OUTER_BOUND('',#1066,.T.);
#626=FACE_OUTER_BOUND('',#1067,.T.);
#627=FACE_OUTER_BOUND('',#1068,.T.);
#628=FACE_OUTER_BOUND('',#1069,.T.);
#629=FACE_OUTER_BOUND('',#1070,.T.);
#630=FACE_OUTER_BOUND('',#1071,.T.);
#631=FACE_OUTER_BOUND('',#1072,.T.);
#632=FACE_OUTER_BOUND('',#1073,.T.);
#633=FACE_OUTER_BOUND('',#1074,.T.);
#634=FACE_OUTER_BOUND('',#1075,.T.);
#635=FACE_OUTER_BOUND('',#1076,.T.);
#636=FACE_OUTER_BOUND('',#1077,.T.);
#637=FACE_OUTER_BOUND('',#1078,.T.);
#638=FACE_OUTER_BOUND('',#1079,.T.);
#639=FACE_OUTER_BOUND('',#1080,.T.);
#640=FACE_OUTER_BOUND('',#1081,.T.);
#641=FACE_OUTER_BOUND('',#1082,.T.);
#642=FACE_OUTER_BOUND('',#1083,.T.);
#643=FACE_OUTER_BOUND('',#1084,.T.);
#644=FACE_OUTER_BOUND('',#1085,.T.);
#645=FACE_OUTER_BOUND('',#1086,.T.);
#646=FACE_OUTER_BOUND('',#1087,.T.);
#647=FACE_OUTER_BOUND('',#1088,.T.);
#648=FACE_OUTER_BOUND('',#1089,.T.);
#649=FACE_OUTER_BOUND('',#1090,.T.);
#650=FACE_OUTER_BOUND('',#1091,.T.);
#651=FACE_OUTER_BOUND('',#1092,.T.);
#652=FACE_OUTER_BOUND('',#1093,.T.);
#653=FACE_OUTER_BOUND('',#1094,.T.);
#654=FACE_OUTER_BOUND('',#1095,.T.);
#655=FACE_OUTER_BOUND('',#1096,.T.);
#656=FACE_OUTER_BOUND('',#1097,.T.);
#657=FACE_OUTER_BOUND('',#1098,.T.);
#658=FACE_OUTER_BOUND('',#1099,.T.);
#659=FACE_OUTER_BOUND('',#1100,.T.);
#660=FACE_OUTER_BOUND('',#1101,.T.);
#661=FACE_OUTER_BOUND('',#1102,.T.);
#662=FACE_OUTER_BOUND('',#1103,.T.);
#663=FACE_OUTER_BOUND('',#1104,.T.);
#664=FACE_OUTER_BOUND('',#1105,.T.);
#665=FACE_OUTER_BOUND('',#1106,.T.);
#666=FACE_OUTER_BOUND('',#1107,.T.);
#667=FACE_OUTER_BOUND('',#1108,.T.);
#668=FACE_OUTER_BOUND('',#1109,.T.);
#669=FACE_OUTER_BOUND('',#1110,.T.);
#670=FACE_OUTER_BOUND('',#1111,.T.);
#671=FACE_OUTER_BOUND('',#1112,.T.);
#672=FACE_OUTER_BOUND('',#1113,.T.);
#673=FACE_OUTER_BOUND('',#1114,.T.);
#674=FACE_OUTER_BOUND('',#1115,.T.);
#675=FACE_OUTER_BOUND('',#1116,.T.);
#676=FACE_OUTER_BOUND('',#1117,.T.);
#677=FACE_OUTER_BOUND('',#1118,.T.);
#678=FACE_OUTER_BOUND('',#1119,.T.);
#679=FACE_OUTER_BOUND('',#1120,.T.);
#680=FACE_OUTER_BOUND('',#1121,.T.);
#681=FACE_OUTER_BOUND('',#1122,.T.);
#682=FACE_OUTER_BOUND('',#1123,.T.);
#683=FACE_OUTER_BOUND('',#1124,.T.);
#684=FACE_OUTER_BOUND('',#1125,.T.);
#685=FACE_OUTER_BOUND('',#1126,.T.);
#686=FACE_OUTER_BOUND('',#1127,.T.);
#687=FACE_OUTER_BOUND('',#1128,.T.);
#688=FACE_OUTER_BOUND('',#1129,.T.);
#689=FACE_OUTER_BOUND('',#1130,.T.);
#690=FACE_OUTER_BOUND('',#1131,.T.);
#691=FACE_OUTER_BOUND('',#1132,.T.);
#692=FACE_OUTER_BOUND('',#1133,.T.);
#693=FACE_OUTER_BOUND('',#1134,.T.);
#694=FACE_OUTER_BOUND('',#1135,.T.);
#695=EDGE_LOOP('',(#5141,#5142,#5143,#5144));
#696=EDGE_LOOP('',(#5145,#5146,#5147,#5148));
#697=EDGE_LOOP('',(#5149,#5150,#5151,#5152,#5153,#5154,#5155,#5156,#5157,
#5158,#5159,#5160,#5161,#5162,#5163,#5164,#5165,#5166,#5167,#5168,#5169,
#5170,#5171,#5172,#5173,#5174,#5175,#5176,#5177,#5178,#5179,#5180,#5181,
#5182,#5183,#5184,#5185,#5186,#5187,#5188,#5189,#5190,#5191,#5192,#5193,
#5194,#5195,#5196,#5197,#5198,#5199,#5200,#5201,#5202,#5203,#5204,#5205,
#5206,#5207,#5208,#5209,#5210,#5211,#5212,#5213,#5214,#5215,#5216,#5217,
#5218,#5219,#5220,#5221,#5222,#5223,#5224,#5225,#5226,#5227,#5228,#5229,
#5230,#5231,#5232,#5233,#5234,#5235,#5236,#5237,#5238,#5239,#5240,#5241,
#5242,#5243,#5244,#5245,#5246,#5247,#5248,#5249,#5250,#5251,#5252,#5253,
#5254,#5255,#5256,#5257,#5258));
#698=EDGE_LOOP('',(#5259,#5260,#5261,#5262,#5263,#5264,#5265,#5266));
#699=EDGE_LOOP('',(#5267,#5268,#5269,#5270,#5271,#5272,#5273,#5274));
#700=EDGE_LOOP('',(#5275,#5276,#5277,#5278,#5279,#5280,#5281,#5282));
#701=EDGE_LOOP('',(#5283,#5284,#5285,#5286,#5287,#5288,#5289,#5290));
#702=EDGE_LOOP('',(#5291,#5292,#5293,#5294,#5295,#5296,#5297,#5298));
#703=EDGE_LOOP('',(#5299));
#704=EDGE_LOOP('',(#5300,#5301,#5302,#5303,#5304,#5305,#5306,#5307));
#705=EDGE_LOOP('',(#5308,#5309,#5310,#5311,#5312,#5313,#5314,#5315));
#706=EDGE_LOOP('',(#5316,#5317,#5318,#5319,#5320,#5321,#5322,#5323));
#707=EDGE_LOOP('',(#5324,#5325,#5326,#5327,#5328,#5329,#5330,#5331));
#708=EDGE_LOOP('',(#5332,#5333,#5334,#5335,#5336,#5337,#5338,#5339));
#709=EDGE_LOOP('',(#5340,#5341,#5342,#5343,#5344,#5345,#5346,#5347));
#710=EDGE_LOOP('',(#5348));
#711=EDGE_LOOP('',(#5349,#5350,#5351,#5352,#5353,#5354,#5355,#5356));
#712=EDGE_LOOP('',(#5357,#5358,#5359,#5360,#5361,#5362,#5363,#5364));
#713=EDGE_LOOP('',(#5365));
#714=EDGE_LOOP('',(#5366,#5367,#5368,#5369,#5370,#5371,#5372,#5373));
#715=EDGE_LOOP('',(#5374,#5375,#5376,#5377,#5378,#5379,#5380,#5381));
#716=EDGE_LOOP('',(#5382,#5383,#5384,#5385,#5386,#5387,#5388,#5389));
#717=EDGE_LOOP('',(#5390,#5391,#5392,#5393,#5394,#5395,#5396,#5397));
#718=EDGE_LOOP('',(#5398,#5399,#5400,#5401,#5402,#5403,#5404,#5405));
#719=EDGE_LOOP('',(#5406));
#720=EDGE_LOOP('',(#5407));
#721=EDGE_LOOP('',(#5408,#5409,#5410,#5411,#5412,#5413,#5414,#5415));
#722=EDGE_LOOP('',(#5416,#5417,#5418,#5419,#5420,#5421,#5422,#5423));
#723=EDGE_LOOP('',(#5424,#5425,#5426,#5427,#5428,#5429,#5430,#5431));
#724=EDGE_LOOP('',(#5432,#5433,#5434,#5435,#5436,#5437,#5438,#5439));
#725=EDGE_LOOP('',(#5440,#5441,#5442,#5443,#5444,#5445,#5446,#5447));
#726=EDGE_LOOP('',(#5448));
#727=EDGE_LOOP('',(#5449,#5450,#5451,#5452,#5453,#5454,#5455,#5456));
#728=EDGE_LOOP('',(#5457,#5458,#5459,#5460,#5461,#5462,#5463,#5464));
#729=EDGE_LOOP('',(#5465,#5466,#5467,#5468,#5469,#5470,#5471,#5472));
#730=EDGE_LOOP('',(#5473));
#731=EDGE_LOOP('',(#5474,#5475,#5476,#5477,#5478,#5479,#5480,#5481));
#732=EDGE_LOOP('',(#5482,#5483,#5484,#5485,#5486,#5487,#5488,#5489));
#733=EDGE_LOOP('',(#5490,#5491,#5492,#5493,#5494,#5495,#5496,#5497));
#734=EDGE_LOOP('',(#5498,#5499,#5500,#5501,#5502,#5503,#5504,#5505));
#735=EDGE_LOOP('',(#5506,#5507,#5508,#5509,#5510,#5511,#5512,#5513));
#736=EDGE_LOOP('',(#5514,#5515,#5516,#5517,#5518,#5519,#5520,#5521));
#737=EDGE_LOOP('',(#5522,#5523,#5524,#5525,#5526,#5527,#5528,#5529));
#738=EDGE_LOOP('',(#5530,#5531,#5532,#5533,#5534,#5535,#5536,#5537));
#739=EDGE_LOOP('',(#5538,#5539,#5540,#5541,#5542,#5543,#5544,#5545));
#740=EDGE_LOOP('',(#5546,#5547,#5548,#5549));
#741=EDGE_LOOP('',(#5550,#5551,#5552,#5553));
#742=EDGE_LOOP('',(#5554,#5555,#5556,#5557));
#743=EDGE_LOOP('',(#5558,#5559,#5560,#5561));
#744=EDGE_LOOP('',(#5562,#5563,#5564,#5565));
#745=EDGE_LOOP('',(#5566,#5567,#5568,#5569));
#746=EDGE_LOOP('',(#5570,#5571,#5572,#5573));
#747=EDGE_LOOP('',(#5574,#5575,#5576,#5577));
#748=EDGE_LOOP('',(#5578,#5579,#5580,#5581));
#749=EDGE_LOOP('',(#5582,#5583,#5584,#5585));
#750=EDGE_LOOP('',(#5586,#5587,#5588,#5589));
#751=EDGE_LOOP('',(#5590,#5591,#5592,#5593));
#752=EDGE_LOOP('',(#5594,#5595,#5596,#5597));
#753=EDGE_LOOP('',(#5598,#5599,#5600,#5601));
#754=EDGE_LOOP('',(#5602,#5603,#5604,#5605));
#755=EDGE_LOOP('',(#5606,#5607,#5608,#5609));
#756=EDGE_LOOP('',(#5610,#5611,#5612,#5613));
#757=EDGE_LOOP('',(#5614,#5615,#5616,#5617));
#758=EDGE_LOOP('',(#5618,#5619,#5620,#5621));
#759=EDGE_LOOP('',(#5622,#5623,#5624,#5625));
#760=EDGE_LOOP('',(#5626,#5627,#5628,#5629));
#761=EDGE_LOOP('',(#5630,#5631,#5632,#5633));
#762=EDGE_LOOP('',(#5634,#5635,#5636,#5637));
#763=EDGE_LOOP('',(#5638,#5639,#5640,#5641));
#764=EDGE_LOOP('',(#5642,#5643,#5644,#5645));
#765=EDGE_LOOP('',(#5646,#5647,#5648,#5649));
#766=EDGE_LOOP('',(#5650,#5651,#5652,#5653));
#767=EDGE_LOOP('',(#5654,#5655,#5656,#5657));
#768=EDGE_LOOP('',(#5658,#5659,#5660,#5661));
#769=EDGE_LOOP('',(#5662,#5663,#5664,#5665));
#770=EDGE_LOOP('',(#5666,#5667,#5668,#5669));
#771=EDGE_LOOP('',(#5670,#5671,#5672,#5673));
#772=EDGE_LOOP('',(#5674,#5675,#5676,#5677));
#773=EDGE_LOOP('',(#5678,#5679,#5680,#5681));
#774=EDGE_LOOP('',(#5682,#5683,#5684,#5685));
#775=EDGE_LOOP('',(#5686,#5687,#5688,#5689));
#776=EDGE_LOOP('',(#5690,#5691,#5692,#5693));
#777=EDGE_LOOP('',(#5694,#5695,#5696,#5697));
#778=EDGE_LOOP('',(#5698,#5699,#5700,#5701));
#779=EDGE_LOOP('',(#5702,#5703,#5704,#5705));
#780=EDGE_LOOP('',(#5706,#5707,#5708,#5709));
#781=EDGE_LOOP('',(#5710,#5711,#5712,#5713));
#782=EDGE_LOOP('',(#5714,#5715,#5716,#5717));
#783=EDGE_LOOP('',(#5718,#5719,#5720,#5721));
#784=EDGE_LOOP('',(#5722,#5723,#5724,#5725));
#785=EDGE_LOOP('',(#5726,#5727,#5728,#5729));
#786=EDGE_LOOP('',(#5730,#5731,#5732,#5733));
#787=EDGE_LOOP('',(#5734,#5735,#5736,#5737));
#788=EDGE_LOOP('',(#5738,#5739,#5740,#5741));
#789=EDGE_LOOP('',(#5742,#5743,#5744,#5745));
#790=EDGE_LOOP('',(#5746,#5747,#5748,#5749));
#791=EDGE_LOOP('',(#5750,#5751,#5752,#5753));
#792=EDGE_LOOP('',(#5754,#5755,#5756,#5757));
#793=EDGE_LOOP('',(#5758,#5759,#5760,#5761));
#794=EDGE_LOOP('',(#5762,#5763,#5764,#5765));
#795=EDGE_LOOP('',(#5766,#5767,#5768,#5769));
#796=EDGE_LOOP('',(#5770,#5771,#5772,#5773));
#797=EDGE_LOOP('',(#5774,#5775,#5776,#5777));
#798=EDGE_LOOP('',(#5778,#5779,#5780,#5781));
#799=EDGE_LOOP('',(#5782,#5783,#5784,#5785));
#800=EDGE_LOOP('',(#5786,#5787,#5788,#5789));
#801=EDGE_LOOP('',(#5790,#5791,#5792,#5793));
#802=EDGE_LOOP('',(#5794,#5795,#5796,#5797));
#803=EDGE_LOOP('',(#5798,#5799,#5800,#5801));
#804=EDGE_LOOP('',(#5802,#5803,#5804,#5805));
#805=EDGE_LOOP('',(#5806,#5807,#5808,#5809));
#806=EDGE_LOOP('',(#5810,#5811,#5812,#5813));
#807=EDGE_LOOP('',(#5814,#5815,#5816,#5817));
#808=EDGE_LOOP('',(#5818,#5819,#5820,#5821));
#809=EDGE_LOOP('',(#5822,#5823,#5824,#5825));
#810=EDGE_LOOP('',(#5826,#5827,#5828,#5829));
#811=EDGE_LOOP('',(#5830,#5831,#5832,#5833));
#812=EDGE_LOOP('',(#5834,#5835,#5836,#5837));
#813=EDGE_LOOP('',(#5838,#5839,#5840,#5841));
#814=EDGE_LOOP('',(#5842,#5843,#5844,#5845));
#815=EDGE_LOOP('',(#5846,#5847,#5848,#5849));
#816=EDGE_LOOP('',(#5850,#5851,#5852,#5853));
#817=EDGE_LOOP('',(#5854,#5855,#5856,#5857));
#818=EDGE_LOOP('',(#5858,#5859,#5860,#5861));
#819=EDGE_LOOP('',(#5862,#5863,#5864,#5865));
#820=EDGE_LOOP('',(#5866,#5867,#5868,#5869));
#821=EDGE_LOOP('',(#5870,#5871,#5872,#5873));
#822=EDGE_LOOP('',(#5874,#5875,#5876,#5877));
#823=EDGE_LOOP('',(#5878,#5879,#5880,#5881));
#824=EDGE_LOOP('',(#5882,#5883,#5884,#5885));
#825=EDGE_LOOP('',(#5886,#5887,#5888,#5889));
#826=EDGE_LOOP('',(#5890,#5891,#5892,#5893));
#827=EDGE_LOOP('',(#5894,#5895,#5896,#5897));
#828=EDGE_LOOP('',(#5898,#5899,#5900,#5901));
#829=EDGE_LOOP('',(#5902,#5903,#5904,#5905));
#830=EDGE_LOOP('',(#5906,#5907,#5908,#5909));
#831=EDGE_LOOP('',(#5910,#5911,#5912,#5913));
#832=EDGE_LOOP('',(#5914,#5915,#5916,#5917));
#833=EDGE_LOOP('',(#5918,#5919,#5920,#5921));
#834=EDGE_LOOP('',(#5922,#5923,#5924,#5925));
#835=EDGE_LOOP('',(#5926,#5927,#5928,#5929));
#836=EDGE_LOOP('',(#5930,#5931,#5932,#5933));
#837=EDGE_LOOP('',(#5934,#5935,#5936,#5937));
#838=EDGE_LOOP('',(#5938,#5939,#5940,#5941));
#839=EDGE_LOOP('',(#5942,#5943,#5944,#5945));
#840=EDGE_LOOP('',(#5946,#5947,#5948,#5949));
#841=EDGE_LOOP('',(#5950,#5951,#5952,#5953));
#842=EDGE_LOOP('',(#5954,#5955,#5956,#5957));
#843=EDGE_LOOP('',(#5958,#5959,#5960,#5961));
#844=EDGE_LOOP('',(#5962,#5963,#5964,#5965));
#845=EDGE_LOOP('',(#5966,#5967,#5968,#5969));
#846=EDGE_LOOP('',(#5970,#5971,#5972,#5973));
#847=EDGE_LOOP('',(#5974,#5975,#5976,#5977));
#848=EDGE_LOOP('',(#5978,#5979,#5980,#5981));
#849=EDGE_LOOP('',(#5982,#5983,#5984,#5985));
#850=EDGE_LOOP('',(#5986,#5987,#5988,#5989));
#851=EDGE_LOOP('',(#5990,#5991,#5992,#5993));
#852=EDGE_LOOP('',(#5994,#5995,#5996,#5997));
#853=EDGE_LOOP('',(#5998,#5999,#6000,#6001));
#854=EDGE_LOOP('',(#6002,#6003,#6004,#6005));
#855=EDGE_LOOP('',(#6006,#6007,#6008,#6009));
#856=EDGE_LOOP('',(#6010,#6011,#6012,#6013));
#857=EDGE_LOOP('',(#6014,#6015,#6016,#6017));
#858=EDGE_LOOP('',(#6018,#6019,#6020,#6021));
#859=EDGE_LOOP('',(#6022,#6023,#6024,#6025));
#860=EDGE_LOOP('',(#6026,#6027,#6028,#6029));
#861=EDGE_LOOP('',(#6030,#6031,#6032,#6033));
#862=EDGE_LOOP('',(#6034,#6035,#6036,#6037));
#863=EDGE_LOOP('',(#6038,#6039,#6040,#6041));
#864=EDGE_LOOP('',(#6042,#6043,#6044,#6045));
#865=EDGE_LOOP('',(#6046,#6047,#6048,#6049));
#866=EDGE_LOOP('',(#6050,#6051,#6052,#6053));
#867=EDGE_LOOP('',(#6054,#6055,#6056,#6057));
#868=EDGE_LOOP('',(#6058,#6059,#6060,#6061));
#869=EDGE_LOOP('',(#6062,#6063,#6064,#6065));
#870=EDGE_LOOP('',(#6066,#6067,#6068,#6069));
#871=EDGE_LOOP('',(#6070,#6071,#6072,#6073));
#872=EDGE_LOOP('',(#6074,#6075,#6076,#6077));
#873=EDGE_LOOP('',(#6078,#6079,#6080,#6081));
#874=EDGE_LOOP('',(#6082,#6083,#6084,#6085));
#875=EDGE_LOOP('',(#6086,#6087,#6088,#6089));
#876=EDGE_LOOP('',(#6090,#6091,#6092,#6093));
#877=EDGE_LOOP('',(#6094,#6095,#6096,#6097));
#878=EDGE_LOOP('',(#6098,#6099,#6100,#6101));
#879=EDGE_LOOP('',(#6102,#6103,#6104,#6105));
#880=EDGE_LOOP('',(#6106,#6107,#6108,#6109));
#881=EDGE_LOOP('',(#6110,#6111,#6112,#6113));
#882=EDGE_LOOP('',(#6114,#6115,#6116,#6117));
#883=EDGE_LOOP('',(#6118,#6119,#6120,#6121));
#884=EDGE_LOOP('',(#6122,#6123,#6124,#6125));
#885=EDGE_LOOP('',(#6126,#6127,#6128,#6129));
#886=EDGE_LOOP('',(#6130,#6131,#6132,#6133));
#887=EDGE_LOOP('',(#6134,#6135,#6136,#6137));
#888=EDGE_LOOP('',(#6138,#6139,#6140,#6141));
#889=EDGE_LOOP('',(#6142,#6143,#6144,#6145));
#890=EDGE_LOOP('',(#6146,#6147,#6148,#6149));
#891=EDGE_LOOP('',(#6150,#6151,#6152,#6153));
#892=EDGE_LOOP('',(#6154,#6155,#6156,#6157));
#893=EDGE_LOOP('',(#6158,#6159,#6160,#6161));
#894=EDGE_LOOP('',(#6162,#6163,#6164,#6165));
#895=EDGE_LOOP('',(#6166,#6167,#6168,#6169));
#896=EDGE_LOOP('',(#6170,#6171,#6172,#6173));
#897=EDGE_LOOP('',(#6174,#6175,#6176,#6177));
#898=EDGE_LOOP('',(#6178,#6179,#6180,#6181));
#899=EDGE_LOOP('',(#6182,#6183,#6184,#6185));
#900=EDGE_LOOP('',(#6186,#6187,#6188,#6189));
#901=EDGE_LOOP('',(#6190,#6191,#6192,#6193));
#902=EDGE_LOOP('',(#6194,#6195,#6196,#6197));
#903=EDGE_LOOP('',(#6198,#6199,#6200,#6201));
#904=EDGE_LOOP('',(#6202,#6203,#6204,#6205));
#905=EDGE_LOOP('',(#6206,#6207,#6208,#6209));
#906=EDGE_LOOP('',(#6210,#6211,#6212,#6213));
#907=EDGE_LOOP('',(#6214,#6215,#6216,#6217));
#908=EDGE_LOOP('',(#6218,#6219,#6220,#6221));
#909=EDGE_LOOP('',(#6222,#6223,#6224,#6225));
#910=EDGE_LOOP('',(#6226,#6227,#6228,#6229));
#911=EDGE_LOOP('',(#6230,#6231,#6232,#6233));
#912=EDGE_LOOP('',(#6234,#6235,#6236,#6237));
#913=EDGE_LOOP('',(#6238,#6239,#6240,#6241));
#914=EDGE_LOOP('',(#6242,#6243,#6244,#6245));
#915=EDGE_LOOP('',(#6246,#6247,#6248,#6249));
#916=EDGE_LOOP('',(#6250,#6251,#6252,#6253));
#917=EDGE_LOOP('',(#6254,#6255,#6256,#6257));
#918=EDGE_LOOP('',(#6258,#6259,#6260,#6261));
#919=EDGE_LOOP('',(#6262,#6263,#6264,#6265));
#920=EDGE_LOOP('',(#6266,#6267,#6268,#6269));
#921=EDGE_LOOP('',(#6270,#6271,#6272,#6273));
#922=EDGE_LOOP('',(#6274,#6275,#6276,#6277));
#923=EDGE_LOOP('',(#6278,#6279,#6280,#6281));
#924=EDGE_LOOP('',(#6282,#6283,#6284,#6285));
#925=EDGE_LOOP('',(#6286,#6287,#6288,#6289));
#926=EDGE_LOOP('',(#6290,#6291,#6292,#6293));
#927=EDGE_LOOP('',(#6294,#6295,#6296,#6297));
#928=EDGE_LOOP('',(#6298,#6299,#6300,#6301));
#929=EDGE_LOOP('',(#6302,#6303,#6304,#6305));
#930=EDGE_LOOP('',(#6306,#6307,#6308,#6309));
#931=EDGE_LOOP('',(#6310,#6311,#6312,#6313));
#932=EDGE_LOOP('',(#6314,#6315,#6316,#6317));
#933=EDGE_LOOP('',(#6318,#6319,#6320,#6321));
#934=EDGE_LOOP('',(#6322,#6323,#6324,#6325));
#935=EDGE_LOOP('',(#6326,#6327,#6328,#6329));
#936=EDGE_LOOP('',(#6330,#6331,#6332,#6333));
#937=EDGE_LOOP('',(#6334,#6335,#6336,#6337));
#938=EDGE_LOOP('',(#6338,#6339,#6340,#6341));
#939=EDGE_LOOP('',(#6342,#6343,#6344,#6345));
#940=EDGE_LOOP('',(#6346,#6347,#6348,#6349));
#941=EDGE_LOOP('',(#6350,#6351,#6352,#6353));
#942=EDGE_LOOP('',(#6354,#6355,#6356,#6357));
#943=EDGE_LOOP('',(#6358,#6359,#6360,#6361));
#944=EDGE_LOOP('',(#6362,#6363,#6364,#6365));
#945=EDGE_LOOP('',(#6366,#6367,#6368,#6369));
#946=EDGE_LOOP('',(#6370,#6371,#6372,#6373));
#947=EDGE_LOOP('',(#6374,#6375,#6376,#6377));
#948=EDGE_LOOP('',(#6378,#6379,#6380,#6381));
#949=EDGE_LOOP('',(#6382,#6383,#6384,#6385));
#950=EDGE_LOOP('',(#6386,#6387,#6388,#6389));
#951=EDGE_LOOP('',(#6390,#6391,#6392,#6393));
#952=EDGE_LOOP('',(#6394,#6395,#6396,#6397));
#953=EDGE_LOOP('',(#6398,#6399,#6400,#6401));
#954=EDGE_LOOP('',(#6402,#6403,#6404,#6405));
#955=EDGE_LOOP('',(#6406,#6407,#6408,#6409));
#956=EDGE_LOOP('',(#6410,#6411,#6412,#6413));
#957=EDGE_LOOP('',(#6414,#6415,#6416,#6417));
#958=EDGE_LOOP('',(#6418,#6419,#6420,#6421));
#959=EDGE_LOOP('',(#6422,#6423,#6424,#6425));
#960=EDGE_LOOP('',(#6426,#6427,#6428,#6429));
#961=EDGE_LOOP('',(#6430,#6431,#6432,#6433));
#962=EDGE_LOOP('',(#6434,#6435,#6436,#6437));
#963=EDGE_LOOP('',(#6438,#6439,#6440,#6441));
#964=EDGE_LOOP('',(#6442,#6443,#6444,#6445));
#965=EDGE_LOOP('',(#6446,#6447,#6448,#6449));
#966=EDGE_LOOP('',(#6450,#6451,#6452,#6453));
#967=EDGE_LOOP('',(#6454,#6455,#6456,#6457));
#968=EDGE_LOOP('',(#6458,#6459,#6460,#6461));
#969=EDGE_LOOP('',(#6462,#6463,#6464,#6465));
#970=EDGE_LOOP('',(#6466,#6467,#6468,#6469));
#971=EDGE_LOOP('',(#6470,#6471,#6472,#6473));
#972=EDGE_LOOP('',(#6474,#6475,#6476,#6477));
#973=EDGE_LOOP('',(#6478,#6479,#6480,#6481));
#974=EDGE_LOOP('',(#6482,#6483,#6484,#6485));
#975=EDGE_LOOP('',(#6486,#6487,#6488,#6489));
#976=EDGE_LOOP('',(#6490,#6491,#6492,#6493));
#977=EDGE_LOOP('',(#6494,#6495,#6496,#6497));
#978=EDGE_LOOP('',(#6498,#6499,#6500,#6501));
#979=EDGE_LOOP('',(#6502,#6503,#6504,#6505));
#980=EDGE_LOOP('',(#6506,#6507,#6508,#6509));
#981=EDGE_LOOP('',(#6510,#6511,#6512,#6513));
#982=EDGE_LOOP('',(#6514,#6515,#6516,#6517));
#983=EDGE_LOOP('',(#6518,#6519,#6520,#6521));
#984=EDGE_LOOP('',(#6522,#6523,#6524,#6525));
#985=EDGE_LOOP('',(#6526,#6527,#6528,#6529));
#986=EDGE_LOOP('',(#6530,#6531,#6532,#6533));
#987=EDGE_LOOP('',(#6534,#6535,#6536,#6537));
#988=EDGE_LOOP('',(#6538,#6539,#6540,#6541));
#989=EDGE_LOOP('',(#6542,#6543,#6544,#6545));
#990=EDGE_LOOP('',(#6546,#6547,#6548,#6549));
#991=EDGE_LOOP('',(#6550,#6551,#6552,#6553));
#992=EDGE_LOOP('',(#6554,#6555,#6556,#6557));
#993=EDGE_LOOP('',(#6558,#6559,#6560,#6561));
#994=EDGE_LOOP('',(#6562,#6563,#6564,#6565));
#995=EDGE_LOOP('',(#6566,#6567,#6568,#6569));
#996=EDGE_LOOP('',(#6570,#6571,#6572,#6573));
#997=EDGE_LOOP('',(#6574,#6575,#6576,#6577));
#998=EDGE_LOOP('',(#6578,#6579,#6580,#6581));
#999=EDGE_LOOP('',(#6582,#6583,#6584,#6585));
#1000=EDGE_LOOP('',(#6586,#6587,#6588,#6589));
#1001=EDGE_LOOP('',(#6590,#6591,#6592,#6593));
#1002=EDGE_LOOP('',(#6594,#6595,#6596,#6597));
#1003=EDGE_LOOP('',(#6598,#6599,#6600,#6601));
#1004=EDGE_LOOP('',(#6602,#6603,#6604,#6605));
#1005=EDGE_LOOP('',(#6606,#6607,#6608,#6609));
#1006=EDGE_LOOP('',(#6610,#6611,#6612,#6613));
#1007=EDGE_LOOP('',(#6614,#6615,#6616,#6617));
#1008=EDGE_LOOP('',(#6618,#6619,#6620,#6621));
#1009=EDGE_LOOP('',(#6622,#6623,#6624,#6625));
#1010=EDGE_LOOP('',(#6626,#6627,#6628,#6629));
#1011=EDGE_LOOP('',(#6630,#6631,#6632,#6633));
#1012=EDGE_LOOP('',(#6634,#6635,#6636,#6637));
#1013=EDGE_LOOP('',(#6638,#6639,#6640,#6641));
#1014=EDGE_LOOP('',(#6642,#6643,#6644,#6645));
#1015=EDGE_LOOP('',(#6646,#6647,#6648,#6649));
#1016=EDGE_LOOP('',(#6650,#6651,#6652,#6653));
#1017=EDGE_LOOP('',(#6654,#6655,#6656,#6657));
#1018=EDGE_LOOP('',(#6658,#6659,#6660,#6661));
#1019=EDGE_LOOP('',(#6662,#6663,#6664,#6665));
#1020=EDGE_LOOP('',(#6666,#6667,#6668,#6669));
#1021=EDGE_LOOP('',(#6670,#6671,#6672,#6673));
#1022=EDGE_LOOP('',(#6674,#6675,#6676,#6677));
#1023=EDGE_LOOP('',(#6678,#6679,#6680,#6681));
#1024=EDGE_LOOP('',(#6682,#6683,#6684,#6685));
#1025=EDGE_LOOP('',(#6686,#6687,#6688,#6689));
#1026=EDGE_LOOP('',(#6690,#6691,#6692,#6693));
#1027=EDGE_LOOP('',(#6694,#6695,#6696,#6697));
#1028=EDGE_LOOP('',(#6698,#6699,#6700,#6701));
#1029=EDGE_LOOP('',(#6702,#6703,#6704,#6705));
#1030=EDGE_LOOP('',(#6706,#6707,#6708,#6709));
#1031=EDGE_LOOP('',(#6710,#6711,#6712,#6713));
#1032=EDGE_LOOP('',(#6714,#6715,#6716,#6717));
#1033=EDGE_LOOP('',(#6718,#6719,#6720,#6721));
#1034=EDGE_LOOP('',(#6722,#6723,#6724,#6725));
#1035=EDGE_LOOP('',(#6726,#6727,#6728,#6729));
#1036=EDGE_LOOP('',(#6730,#6731,#6732,#6733));
#1037=EDGE_LOOP('',(#6734,#6735,#6736,#6737));
#1038=EDGE_LOOP('',(#6738,#6739,#6740,#6741));
#1039=EDGE_LOOP('',(#6742,#6743,#6744,#6745));
#1040=EDGE_LOOP('',(#6746,#6747,#6748,#6749));
#1041=EDGE_LOOP('',(#6750,#6751,#6752,#6753));
#1042=EDGE_LOOP('',(#6754,#6755,#6756,#6757));
#1043=EDGE_LOOP('',(#6758,#6759,#6760,#6761));
#1044=EDGE_LOOP('',(#6762,#6763,#6764,#6765));
#1045=EDGE_LOOP('',(#6766,#6767,#6768,#6769));
#1046=EDGE_LOOP('',(#6770,#6771,#6772,#6773));
#1047=EDGE_LOOP('',(#6774,#6775,#6776,#6777));
#1048=EDGE_LOOP('',(#6778,#6779,#6780,#6781));
#1049=EDGE_LOOP('',(#6782,#6783,#6784,#6785));
#1050=EDGE_LOOP('',(#6786,#6787,#6788,#6789));
#1051=EDGE_LOOP('',(#6790,#6791,#6792,#6793));
#1052=EDGE_LOOP('',(#6794,#6795,#6796,#6797));
#1053=EDGE_LOOP('',(#6798,#6799,#6800,#6801));
#1054=EDGE_LOOP('',(#6802,#6803,#6804,#6805));
#1055=EDGE_LOOP('',(#6806,#6807,#6808,#6809));
#1056=EDGE_LOOP('',(#6810,#6811,#6812,#6813));
#1057=EDGE_LOOP('',(#6814,#6815,#6816,#6817));
#1058=EDGE_LOOP('',(#6818,#6819,#6820,#6821));
#1059=EDGE_LOOP('',(#6822,#6823,#6824,#6825));
#1060=EDGE_LOOP('',(#6826,#6827,#6828,#6829));
#1061=EDGE_LOOP('',(#6830,#6831,#6832,#6833));
#1062=EDGE_LOOP('',(#6834,#6835,#6836,#6837));
#1063=EDGE_LOOP('',(#6838,#6839,#6840,#6841));
#1064=EDGE_LOOP('',(#6842,#6843,#6844,#6845));
#1065=EDGE_LOOP('',(#6846,#6847,#6848,#6849));
#1066=EDGE_LOOP('',(#6850,#6851,#6852,#6853));
#1067=EDGE_LOOP('',(#6854,#6855,#6856,#6857));
#1068=EDGE_LOOP('',(#6858,#6859,#6860,#6861));
#1069=EDGE_LOOP('',(#6862,#6863,#6864,#6865));
#1070=EDGE_LOOP('',(#6866,#6867,#6868,#6869));
#1071=EDGE_LOOP('',(#6870,#6871,#6872,#6873));
#1072=EDGE_LOOP('',(#6874,#6875,#6876,#6877));
#1073=EDGE_LOOP('',(#6878,#6879,#6880,#6881));
#1074=EDGE_LOOP('',(#6882,#6883,#6884,#6885));
#1075=EDGE_LOOP('',(#6886,#6887,#6888,#6889));
#1076=EDGE_LOOP('',(#6890,#6891,#6892,#6893));
#1077=EDGE_LOOP('',(#6894,#6895,#6896,#6897));
#1078=EDGE_LOOP('',(#6898,#6899,#6900,#6901));
#1079=EDGE_LOOP('',(#6902,#6903,#6904,#6905));
#1080=EDGE_LOOP('',(#6906,#6907,#6908,#6909));
#1081=EDGE_LOOP('',(#6910,#6911,#6912,#6913));
#1082=EDGE_LOOP('',(#6914,#6915,#6916,#6917));
#1083=EDGE_LOOP('',(#6918,#6919,#6920,#6921));
#1084=EDGE_LOOP('',(#6922,#6923,#6924,#6925));
#1085=EDGE_LOOP('',(#6926,#6927,#6928,#6929));
#1086=EDGE_LOOP('',(#6930,#6931,#6932,#6933));
#1087=EDGE_LOOP('',(#6934,#6935,#6936,#6937));
#1088=EDGE_LOOP('',(#6938,#6939,#6940,#6941));
#1089=EDGE_LOOP('',(#6942,#6943,#6944,#6945));
#1090=EDGE_LOOP('',(#6946,#6947,#6948,#6949));
#1091=EDGE_LOOP('',(#6950,#6951,#6952,#6953));
#1092=EDGE_LOOP('',(#6954,#6955,#6956,#6957));
#1093=EDGE_LOOP('',(#6958,#6959,#6960,#6961));
#1094=EDGE_LOOP('',(#6962,#6963,#6964,#6965));
#1095=EDGE_LOOP('',(#6966,#6967,#6968,#6969));
#1096=EDGE_LOOP('',(#6970,#6971,#6972,#6973));
#1097=EDGE_LOOP('',(#6974,#6975,#6976,#6977));
#1098=EDGE_LOOP('',(#6978,#6979,#6980,#6981));
#1099=EDGE_LOOP('',(#6982,#6983,#6984,#6985));
#1100=EDGE_LOOP('',(#6986,#6987,#6988,#6989));
#1101=EDGE_LOOP('',(#6990,#6991,#6992,#6993));
#1102=EDGE_LOOP('',(#6994,#6995,#6996,#6997));
#1103=EDGE_LOOP('',(#6998,#6999,#7000,#7001));
#1104=EDGE_LOOP('',(#7002,#7003,#7004,#7005));
#1105=EDGE_LOOP('',(#7006,#7007,#7008,#7009));
#1106=EDGE_LOOP('',(#7010,#7011,#7012,#7013));
#1107=EDGE_LOOP('',(#7014,#7015,#7016,#7017));
#1108=EDGE_LOOP('',(#7018,#7019,#7020,#7021));
#1109=EDGE_LOOP('',(#7022,#7023,#7024,#7025));
#1110=EDGE_LOOP('',(#7026,#7027,#7028,#7029));
#1111=EDGE_LOOP('',(#7030,#7031,#7032,#7033));
#1112=EDGE_LOOP('',(#7034,#7035,#7036,#7037));
#1113=EDGE_LOOP('',(#7038,#7039,#7040,#7041));
#1114=EDGE_LOOP('',(#7042,#7043,#7044,#7045));
#1115=EDGE_LOOP('',(#7046,#7047,#7048,#7049));
#1116=EDGE_LOOP('',(#7050,#7051,#7052,#7053));
#1117=EDGE_LOOP('',(#7054,#7055,#7056,#7057));
#1118=EDGE_LOOP('',(#7058,#7059,#7060,#7061));
#1119=EDGE_LOOP('',(#7062,#7063,#7064,#7065));
#1120=EDGE_LOOP('',(#7066,#7067,#7068,#7069));
#1121=EDGE_LOOP('',(#7070,#7071,#7072,#7073));
#1122=EDGE_LOOP('',(#7074,#7075,#7076,#7077));
#1123=EDGE_LOOP('',(#7078,#7079,#7080,#7081));
#1124=EDGE_LOOP('',(#7082,#7083,#7084,#7085));
#1125=EDGE_LOOP('',(#7086,#7087,#7088,#7089));
#1126=EDGE_LOOP('',(#7090,#7091,#7092,#7093));
#1127=EDGE_LOOP('',(#7094,#7095,#7096,#7097));
#1128=EDGE_LOOP('',(#7098,#7099,#7100,#7101));
#1129=EDGE_LOOP('',(#7102,#7103,#7104,#7105));
#1130=EDGE_LOOP('',(#7106,#7107,#7108,#7109));
#1131=EDGE_LOOP('',(#7110,#7111,#7112,#7113));
#1132=EDGE_LOOP('',(#7114,#7115,#7116,#7117));
#1133=EDGE_LOOP('',(#7118,#7119,#7120,#7121));
#1134=EDGE_LOOP('',(#7122,#7123,#7124,#7125));
#1135=EDGE_LOOP('',(#7126,#7127,#7128,#7129,#7130,#7131,#7132,#7133,#7134,
#7135,#7136,#7137,#7138,#7139,#7140,#7141,#7142,#7143,#7144,#7145,#7146,
#7147,#7148,#7149,#7150,#7151,#7152,#7153,#7154,#7155,#7156,#7157,#7158,
#7159,#7160,#7161,#7162,#7163,#7164,#7165,#7166,#7167,#7168,#7169,#7170,
#7171,#7172,#7173,#7174,#7175,#7176,#7177,#7178,#7179,#7180,#7181,#7182,
#7183,#7184,#7185,#7186,#7187,#7188,#7189,#7190,#7191,#7192,#7193,#7194,
#7195,#7196,#7197,#7198,#7199,#7200,#7201,#7202,#7203,#7204,#7205,#7206,
#7207,#7208,#7209,#7210,#7211,#7212,#7213,#7214,#7215,#7216,#7217,#7218,
#7219,#7220,#7221,#7222,#7223,#7224,#7225,#7226,#7227,#7228,#7229,#7230,
#7231,#7232,#7233,#7234,#7235));
#1136=EDGE_LOOP('',(#7236,#7237,#7238,#7239,#7240,#7241,#7242,#7243));
#1137=EDGE_LOOP('',(#7244,#7245,#7246,#7247,#7248,#7249,#7250,#7251));
#1138=EDGE_LOOP('',(#7252,#7253,#7254,#7255,#7256,#7257,#7258,#7259));
#1139=EDGE_LOOP('',(#7260,#7261,#7262,#7263,#7264,#7265,#7266,#7267));
#1140=EDGE_LOOP('',(#7268,#7269,#7270,#7271,#7272,#7273,#7274,#7275));
#1141=EDGE_LOOP('',(#7276));
#1142=EDGE_LOOP('',(#7277,#7278,#7279,#7280,#7281,#7282,#7283,#7284));
#1143=EDGE_LOOP('',(#7285,#7286,#7287,#7288,#7289,#7290,#7291,#7292));
#1144=EDGE_LOOP('',(#7293,#7294,#7295,#7296,#7297,#7298,#7299,#7300));
#1145=EDGE_LOOP('',(#7301,#7302,#7303,#7304,#7305,#7306,#7307,#7308));
#1146=EDGE_LOOP('',(#7309,#7310,#7311,#7312,#7313,#7314,#7315,#7316));
#1147=EDGE_LOOP('',(#7317,#7318,#7319,#7320,#7321,#7322,#7323,#7324));
#1148=EDGE_LOOP('',(#7325));
#1149=EDGE_LOOP('',(#7326,#7327,#7328,#7329,#7330,#7331,#7332,#7333));
#1150=EDGE_LOOP('',(#7334,#7335,#7336,#7337,#7338,#7339,#7340,#7341));
#1151=EDGE_LOOP('',(#7342));
#1152=EDGE_LOOP('',(#7343,#7344,#7345,#7346,#7347,#7348,#7349,#7350));
#1153=EDGE_LOOP('',(#7351,#7352,#7353,#7354,#7355,#7356,#7357,#7358));
#1154=EDGE_LOOP('',(#7359,#7360,#7361,#7362,#7363,#7364,#7365,#7366));
#1155=EDGE_LOOP('',(#7367,#7368,#7369,#7370,#7371,#7372,#7373,#7374));
#1156=EDGE_LOOP('',(#7375,#7376,#7377,#7378,#7379,#7380,#7381,#7382));
#1157=EDGE_LOOP('',(#7383));
#1158=EDGE_LOOP('',(#7384));
#1159=EDGE_LOOP('',(#7385,#7386,#7387,#7388,#7389,#7390,#7391,#7392));
#1160=EDGE_LOOP('',(#7393,#7394,#7395,#7396,#7397,#7398,#7399,#7400));
#1161=EDGE_LOOP('',(#7401,#7402,#7403,#7404,#7405,#7406,#7407,#7408));
#1162=EDGE_LOOP('',(#7409,#7410,#7411,#7412,#7413,#7414,#7415,#7416));
#1163=EDGE_LOOP('',(#7417,#7418,#7419,#7420,#7421,#7422,#7423,#7424));
#1164=EDGE_LOOP('',(#7425));
#1165=EDGE_LOOP('',(#7426,#7427,#7428,#7429,#7430,#7431,#7432,#7433));
#1166=EDGE_LOOP('',(#7434,#7435,#7436,#7437,#7438,#7439,#7440,#7441));
#1167=EDGE_LOOP('',(#7442,#7443,#7444,#7445,#7446,#7447,#7448,#7449));
#1168=EDGE_LOOP('',(#7450));
#1169=EDGE_LOOP('',(#7451,#7452,#7453,#7454,#7455,#7456,#7457,#7458));
#1170=EDGE_LOOP('',(#7459,#7460,#7461,#7462,#7463,#7464,#7465,#7466));
#1171=EDGE_LOOP('',(#7467,#7468,#7469,#7470,#7471,#7472,#7473,#7474));
#1172=EDGE_LOOP('',(#7475,#7476,#7477,#7478,#7479,#7480,#7481,#7482));
#1173=EDGE_LOOP('',(#7483,#7484,#7485,#7486,#7487,#7488,#7489,#7490));
#1174=EDGE_LOOP('',(#7491,#7492,#7493,#7494,#7495,#7496,#7497,#7498));
#1175=EDGE_LOOP('',(#7499,#7500,#7501,#7502,#7503,#7504,#7505,#7506));
#1176=EDGE_LOOP('',(#7507,#7508,#7509,#7510,#7511,#7512,#7513,#7514));
#1177=EDGE_LOOP('',(#7515,#7516,#7517,#7518,#7519,#7520,#7521,#7522));
#1178=LINE('',#11330,#1965);
#1179=LINE('',#11333,#1966);
#1180=LINE('',#11336,#1967);
#1181=LINE('',#11338,#1968);
#1182=LINE('',#11339,#1969);
#1183=LINE('',#11342,#1970);
#1184=LINE('',#11346,#1971);
#1185=LINE('',#11350,#1972);
#1186=LINE('',#11354,#1973);
#1187=LINE('',#11358,#1974);
#1188=LINE('',#11362,#1975);
#1189=LINE('',#11366,#1976);
#1190=LINE('',#11370,#1977);
#1191=LINE('',#11374,#1978);
#1192=LINE('',#11378,#1979);
#1193=LINE('',#11382,#1980);
#1194=LINE('',#11386,#1981);
#1195=LINE('',#11390,#1982);
#1196=LINE('',#11394,#1983);
#1197=LINE('',#11398,#1984);
#1198=LINE('',#11402,#1985);
#1199=LINE('',#11406,#1986);
#1200=LINE('',#11410,#1987);
#1201=LINE('',#11414,#1988);
#1202=LINE('',#11418,#1989);
#1203=LINE('',#11422,#1990);
#1204=LINE('',#11426,#1991);
#1205=LINE('',#11430,#1992);
#1206=LINE('',#11434,#1993);
#1207=LINE('',#11438,#1994);
#1208=LINE('',#11442,#1995);
#1209=LINE('',#11446,#1996);
#1210=LINE('',#11450,#1997);
#1211=LINE('',#11454,#1998);
#1212=LINE('',#11458,#1999);
#1213=LINE('',#11462,#2000);
#1214=LINE('',#11466,#2001);
#1215=LINE('',#11470,#2002);
#1216=LINE('',#11474,#2003);
#1217=LINE('',#11478,#2004);
#1218=LINE('',#11482,#2005);
#1219=LINE('',#11486,#2006);
#1220=LINE('',#11490,#2007);
#1221=LINE('',#11494,#2008);
#1222=LINE('',#11498,#2009);
#1223=LINE('',#11502,#2010);
#1224=LINE('',#11506,#2011);
#1225=LINE('',#11510,#2012);
#1226=LINE('',#11514,#2013);
#1227=LINE('',#11518,#2014);
#1228=LINE('',#11522,#2015);
#1229=LINE('',#11526,#2016);
#1230=LINE('',#11530,#2017);
#1231=LINE('',#11534,#2018);
#1232=LINE('',#11538,#2019);
#1233=LINE('',#11542,#2020);
#1234=LINE('',#11546,#2021);
#1235=LINE('',#11550,#2022);
#1236=LINE('',#11554,#2023);
#1237=LINE('',#11560,#2024);
#1238=LINE('',#11564,#2025);
#1239=LINE('',#11568,#2026);
#1240=LINE('',#11571,#2027);
#1241=LINE('',#11576,#2028);
#1242=LINE('',#11580,#2029);
#1243=LINE('',#11584,#2030);
#1244=LINE('',#11587,#2031);
#1245=LINE('',#11592,#2032);
#1246=LINE('',#11596,#2033);
#1247=LINE('',#11600,#2034);
#1248=LINE('',#11603,#2035);
#1249=LINE('',#11608,#2036);
#1250=LINE('',#11612,#2037);
#1251=LINE('',#11616,#2038);
#1252=LINE('',#11619,#2039);
#1253=LINE('',#11624,#2040);
#1254=LINE('',#11628,#2041);
#1255=LINE('',#11632,#2042);
#1256=LINE('',#11635,#2043);
#1257=LINE('',#11642,#2044);
#1258=LINE('',#11646,#2045);
#1259=LINE('',#11650,#2046);
#1260=LINE('',#11653,#2047);
#1261=LINE('',#11658,#2048);
#1262=LINE('',#11662,#2049);
#1263=LINE('',#11666,#2050);
#1264=LINE('',#11669,#2051);
#1265=LINE('',#11674,#2052);
#1266=LINE('',#11678,#2053);
#1267=LINE('',#11682,#2054);
#1268=LINE('',#11685,#2055);
#1269=LINE('',#11690,#2056);
#1270=LINE('',#11694,#2057);
#1271=LINE('',#11698,#2058);
#1272=LINE('',#11701,#2059);
#1273=LINE('',#11706,#2060);
#1274=LINE('',#11710,#2061);
#1275=LINE('',#11714,#2062);
#1276=LINE('',#11717,#2063);
#1277=LINE('',#11722,#2064);
#1278=LINE('',#11726,#2065);
#1279=LINE('',#11730,#2066);
#1280=LINE('',#11733,#2067);
#1281=LINE('',#11740,#2068);
#1282=LINE('',#11744,#2069);
#1283=LINE('',#11748,#2070);
#1284=LINE('',#11751,#2071);
#1285=LINE('',#11756,#2072);
#1286=LINE('',#11760,#2073);
#1287=LINE('',#11764,#2074);
#1288=LINE('',#11767,#2075);
#1289=LINE('',#11774,#2076);
#1290=LINE('',#11778,#2077);
#1291=LINE('',#11782,#2078);
#1292=LINE('',#11785,#2079);
#1293=LINE('',#11790,#2080);
#1294=LINE('',#11794,#2081);
#1295=LINE('',#11798,#2082);
#1296=LINE('',#11801,#2083);
#1297=LINE('',#11806,#2084);
#1298=LINE('',#11810,#2085);
#1299=LINE('',#11814,#2086);
#1300=LINE('',#11817,#2087);
#1301=LINE('',#11822,#2088);
#1302=LINE('',#11826,#2089);
#1303=LINE('',#11830,#2090);
#1304=LINE('',#11833,#2091);
#1305=LINE('',#11838,#2092);
#1306=LINE('',#11842,#2093);
#1307=LINE('',#11846,#2094);
#1308=LINE('',#11849,#2095);
#1309=LINE('',#11858,#2096);
#1310=LINE('',#11862,#2097);
#1311=LINE('',#11866,#2098);
#1312=LINE('',#11869,#2099);
#1313=LINE('',#11874,#2100);
#1314=LINE('',#11878,#2101);
#1315=LINE('',#11882,#2102);
#1316=LINE('',#11885,#2103);
#1317=LINE('',#11890,#2104);
#1318=LINE('',#11894,#2105);
#1319=LINE('',#11898,#2106);
#1320=LINE('',#11901,#2107);
#1321=LINE('',#11906,#2108);
#1322=LINE('',#11910,#2109);
#1323=LINE('',#11914,#2110);
#1324=LINE('',#11917,#2111);
#1325=LINE('',#11922,#2112);
#1326=LINE('',#11926,#2113);
#1327=LINE('',#11930,#2114);
#1328=LINE('',#11933,#2115);
#1329=LINE('',#11940,#2116);
#1330=LINE('',#11944,#2117);
#1331=LINE('',#11948,#2118);
#1332=LINE('',#11951,#2119);
#1333=LINE('',#11956,#2120);
#1334=LINE('',#11960,#2121);
#1335=LINE('',#11964,#2122);
#1336=LINE('',#11967,#2123);
#1337=LINE('',#11972,#2124);
#1338=LINE('',#11976,#2125);
#1339=LINE('',#11980,#2126);
#1340=LINE('',#11983,#2127);
#1341=LINE('',#11990,#2128);
#1342=LINE('',#11994,#2129);
#1343=LINE('',#11998,#2130);
#1344=LINE('',#12001,#2131);
#1345=LINE('',#12006,#2132);
#1346=LINE('',#12010,#2133);
#1347=LINE('',#12014,#2134);
#1348=LINE('',#12017,#2135);
#1349=LINE('',#12022,#2136);
#1350=LINE('',#12026,#2137);
#1351=LINE('',#12030,#2138);
#1352=LINE('',#12033,#2139);
#1353=LINE('',#12038,#2140);
#1354=LINE('',#12042,#2141);
#1355=LINE('',#12046,#2142);
#1356=LINE('',#12049,#2143);
#1357=LINE('',#12054,#2144);
#1358=LINE('',#12058,#2145);
#1359=LINE('',#12062,#2146);
#1360=LINE('',#12065,#2147);
#1361=LINE('',#12070,#2148);
#1362=LINE('',#12074,#2149);
#1363=LINE('',#12078,#2150);
#1364=LINE('',#12081,#2151);
#1365=LINE('',#12086,#2152);
#1366=LINE('',#12090,#2153);
#1367=LINE('',#12094,#2154);
#1368=LINE('',#12097,#2155);
#1369=LINE('',#12100,#2156);
#1370=LINE('',#12104,#2157);
#1371=LINE('',#12108,#2158);
#1372=LINE('',#12112,#2159);
#1373=LINE('',#12118,#2160);
#1374=LINE('',#12122,#2161);
#1375=LINE('',#12126,#2162);
#1376=LINE('',#12129,#2163);
#1377=LINE('',#12133,#2164);
#1378=LINE('',#12136,#2165);
#1379=LINE('',#12137,#2166);
#1380=LINE('',#12142,#2167);
#1381=LINE('',#12143,#2168);
#1382=LINE('',#12146,#2169);
#1383=LINE('',#12147,#2170);
#1384=LINE('',#12151,#2171);
#1385=LINE('',#12154,#2172);
#1386=LINE('',#12156,#2173);
#1387=LINE('',#12157,#2174);
#1388=LINE('',#12161,#2175);
#1389=LINE('',#12164,#2176);
#1390=LINE('',#12165,#2177);
#1391=LINE('',#12169,#2178);
#1392=LINE('',#12172,#2179);
#1393=LINE('',#12173,#2180);
#1394=LINE('',#12177,#2181);
#1395=LINE('',#12180,#2182);
#1396=LINE('',#12181,#2183);
#1397=LINE('',#12186,#2184);
#1398=LINE('',#12189,#2185);
#1399=LINE('',#12192,#2186);
#1400=LINE('',#12193,#2187);
#1401=LINE('',#12197,#2188);
#1402=LINE('',#12200,#2189);
#1403=LINE('',#12201,#2190);
#1404=LINE('',#12205,#2191);
#1405=LINE('',#12208,#2192);
#1406=LINE('',#12209,#2193);
#1407=LINE('',#12213,#2194);
#1408=LINE('',#12215,#2195);
#1409=LINE('',#12218,#2196);
#1410=LINE('',#12220,#2197);
#1411=LINE('',#12221,#2198);
#1412=LINE('',#12225,#2199);
#1413=LINE('',#12228,#2200);
#1414=LINE('',#12229,#2201);
#1415=LINE('',#12233,#2202);
#1416=LINE('',#12236,#2203);
#1417=LINE('',#12237,#2204);
#1418=LINE('',#12241,#2205);
#1419=LINE('',#12244,#2206);
#1420=LINE('',#12245,#2207);
#1421=LINE('',#12250,#2208);
#1422=LINE('',#12252,#2209);
#1423=LINE('',#12253,#2210);
#1424=LINE('',#12257,#2211);
#1425=LINE('',#12260,#2212);
#1426=LINE('',#12261,#2213);
#1427=LINE('',#12265,#2214);
#1428=LINE('',#12268,#2215);
#1429=LINE('',#12269,#2216);
#1430=LINE('',#12273,#2217);
#1431=LINE('',#12276,#2218);
#1432=LINE('',#12277,#2219);
#1433=LINE('',#12282,#2220);
#1434=LINE('',#12284,#2221);
#1435=LINE('',#12285,#2222);
#1436=LINE('',#12289,#2223);
#1437=LINE('',#12292,#2224);
#1438=LINE('',#12293,#2225);
#1439=LINE('',#12297,#2226);
#1440=LINE('',#12300,#2227);
#1441=LINE('',#12301,#2228);
#1442=LINE('',#12305,#2229);
#1443=LINE('',#12308,#2230);
#1444=LINE('',#12309,#2231);
#1445=LINE('',#12314,#2232);
#1446=LINE('',#12316,#2233);
#1447=LINE('',#12317,#2234);
#1448=LINE('',#12321,#2235);
#1449=LINE('',#12324,#2236);
#1450=LINE('',#12325,#2237);
#1451=LINE('',#12329,#2238);
#1452=LINE('',#12332,#2239);
#1453=LINE('',#12333,#2240);
#1454=LINE('',#12337,#2241);
#1455=LINE('',#12340,#2242);
#1456=LINE('',#12341,#2243);
#1457=LINE('',#12346,#2244);
#1458=LINE('',#12348,#2245);
#1459=LINE('',#12349,#2246);
#1460=LINE('',#12353,#2247);
#1461=LINE('',#12356,#2248);
#1462=LINE('',#12357,#2249);
#1463=LINE('',#12361,#2250);
#1464=LINE('',#12364,#2251);
#1465=LINE('',#12365,#2252);
#1466=LINE('',#12369,#2253);
#1467=LINE('',#12372,#2254);
#1468=LINE('',#12373,#2255);
#1469=LINE('',#12378,#2256);
#1470=LINE('',#12380,#2257);
#1471=LINE('',#12381,#2258);
#1472=LINE('',#12385,#2259);
#1473=LINE('',#12388,#2260);
#1474=LINE('',#12389,#2261);
#1475=LINE('',#12393,#2262);
#1476=LINE('',#12396,#2263);
#1477=LINE('',#12397,#2264);
#1478=LINE('',#12401,#2265);
#1479=LINE('',#12404,#2266);
#1480=LINE('',#12405,#2267);
#1481=LINE('',#12410,#2268);
#1482=LINE('',#12412,#2269);
#1483=LINE('',#12413,#2270);
#1484=LINE('',#12417,#2271);
#1485=LINE('',#12420,#2272);
#1486=LINE('',#12421,#2273);
#1487=LINE('',#12425,#2274);
#1488=LINE('',#12428,#2275);
#1489=LINE('',#12429,#2276);
#1490=LINE('',#12433,#2277);
#1491=LINE('',#12436,#2278);
#1492=LINE('',#12437,#2279);
#1493=LINE('',#12443,#2280);
#1494=LINE('',#12446,#2281);
#1495=LINE('',#12448,#2282);
#1496=LINE('',#12449,#2283);
#1497=LINE('',#12453,#2284);
#1498=LINE('',#12456,#2285);
#1499=LINE('',#12457,#2286);
#1500=LINE('',#12461,#2287);
#1501=LINE('',#12464,#2288);
#1502=LINE('',#12465,#2289);
#1503=LINE('',#12469,#2290);
#1504=LINE('',#12472,#2291);
#1505=LINE('',#12473,#2292);
#1506=LINE('',#12478,#2293);
#1507=LINE('',#12480,#2294);
#1508=LINE('',#12481,#2295);
#1509=LINE('',#12485,#2296);
#1510=LINE('',#12488,#2297);
#1511=LINE('',#12489,#2298);
#1512=LINE('',#12493,#2299);
#1513=LINE('',#12496,#2300);
#1514=LINE('',#12497,#2301);
#1515=LINE('',#12501,#2302);
#1516=LINE('',#12504,#2303);
#1517=LINE('',#12505,#2304);
#1518=LINE('',#12510,#2305);
#1519=LINE('',#12512,#2306);
#1520=LINE('',#12513,#2307);
#1521=LINE('',#12517,#2308);
#1522=LINE('',#12520,#2309);
#1523=LINE('',#12521,#2310);
#1524=LINE('',#12525,#2311);
#1525=LINE('',#12528,#2312);
#1526=LINE('',#12529,#2313);
#1527=LINE('',#12533,#2314);
#1528=LINE('',#12536,#2315);
#1529=LINE('',#12537,#2316);
#1530=LINE('',#12543,#2317);
#1531=LINE('',#12546,#2318);
#1532=LINE('',#12548,#2319);
#1533=LINE('',#12549,#2320);
#1534=LINE('',#12553,#2321);
#1535=LINE('',#12556,#2322);
#1536=LINE('',#12557,#2323);
#1537=LINE('',#12561,#2324);
#1538=LINE('',#12564,#2325);
#1539=LINE('',#12565,#2326);
#1540=LINE('',#12569,#2327);
#1541=LINE('',#12572,#2328);
#1542=LINE('',#12573,#2329);
#1543=LINE('',#12578,#2330);
#1544=LINE('',#12580,#2331);
#1545=LINE('',#12581,#2332);
#1546=LINE('',#12585,#2333);
#1547=LINE('',#12588,#2334);
#1548=LINE('',#12589,#2335);
#1549=LINE('',#12593,#2336);
#1550=LINE('',#12596,#2337);
#1551=LINE('',#12597,#2338);
#1552=LINE('',#12601,#2339);
#1553=LINE('',#12604,#2340);
#1554=LINE('',#12605,#2341);
#1555=LINE('',#12610,#2342);
#1556=LINE('',#12612,#2343);
#1557=LINE('',#12613,#2344);
#1558=LINE('',#12617,#2345);
#1559=LINE('',#12620,#2346);
#1560=LINE('',#12621,#2347);
#1561=LINE('',#12625,#2348);
#1562=LINE('',#12628,#2349);
#1563=LINE('',#12629,#2350);
#1564=LINE('',#12633,#2351);
#1565=LINE('',#12636,#2352);
#1566=LINE('',#12637,#2353);
#1567=LINE('',#12642,#2354);
#1568=LINE('',#12644,#2355);
#1569=LINE('',#12645,#2356);
#1570=LINE('',#12649,#2357);
#1571=LINE('',#12652,#2358);
#1572=LINE('',#12653,#2359);
#1573=LINE('',#12657,#2360);
#1574=LINE('',#12660,#2361);
#1575=LINE('',#12661,#2362);
#1576=LINE('',#12665,#2363);
#1577=LINE('',#12668,#2364);
#1578=LINE('',#12669,#2365);
#1579=LINE('',#12674,#2366);
#1580=LINE('',#12676,#2367);
#1581=LINE('',#12677,#2368);
#1582=LINE('',#12681,#2369);
#1583=LINE('',#12684,#2370);
#1584=LINE('',#12685,#2371);
#1585=LINE('',#12689,#2372);
#1586=LINE('',#12692,#2373);
#1587=LINE('',#12693,#2374);
#1588=LINE('',#12697,#2375);
#1589=LINE('',#12700,#2376);
#1590=LINE('',#12701,#2377);
#1591=LINE('',#12707,#2378);
#1592=LINE('',#12711,#2379);
#1593=LINE('',#12714,#2380);
#1594=LINE('',#12716,#2381);
#1595=LINE('',#12717,#2382);
#1596=LINE('',#12721,#2383);
#1597=LINE('',#12724,#2384);
#1598=LINE('',#12725,#2385);
#1599=LINE('',#12729,#2386);
#1600=LINE('',#12732,#2387);
#1601=LINE('',#12733,#2388);
#1602=LINE('',#12737,#2389);
#1603=LINE('',#12740,#2390);
#1604=LINE('',#12741,#2391);
#1605=LINE('',#12746,#2392);
#1606=LINE('',#12748,#2393);
#1607=LINE('',#12749,#2394);
#1608=LINE('',#12753,#2395);
#1609=LINE('',#12756,#2396);
#1610=LINE('',#12757,#2397);
#1611=LINE('',#12761,#2398);
#1612=LINE('',#12764,#2399);
#1613=LINE('',#12765,#2400);
#1614=LINE('',#12769,#2401);
#1615=LINE('',#12772,#2402);
#1616=LINE('',#12773,#2403);
#1617=LINE('',#12778,#2404);
#1618=LINE('',#12780,#2405);
#1619=LINE('',#12781,#2406);
#1620=LINE('',#12785,#2407);
#1621=LINE('',#12788,#2408);
#1622=LINE('',#12789,#2409);
#1623=LINE('',#12793,#2410);
#1624=LINE('',#12796,#2411);
#1625=LINE('',#12797,#2412);
#1626=LINE('',#12801,#2413);
#1627=LINE('',#12804,#2414);
#1628=LINE('',#12805,#2415);
#1629=LINE('',#12810,#2416);
#1630=LINE('',#12812,#2417);
#1631=LINE('',#12813,#2418);
#1632=LINE('',#12817,#2419);
#1633=LINE('',#12820,#2420);
#1634=LINE('',#12821,#2421);
#1635=LINE('',#12825,#2422);
#1636=LINE('',#12828,#2423);
#1637=LINE('',#12829,#2424);
#1638=LINE('',#12833,#2425);
#1639=LINE('',#12836,#2426);
#1640=LINE('',#12837,#2427);
#1641=LINE('',#12842,#2428);
#1642=LINE('',#12844,#2429);
#1643=LINE('',#12845,#2430);
#1644=LINE('',#12849,#2431);
#1645=LINE('',#12852,#2432);
#1646=LINE('',#12853,#2433);
#1647=LINE('',#12857,#2434);
#1648=LINE('',#12860,#2435);
#1649=LINE('',#12861,#2436);
#1650=LINE('',#12865,#2437);
#1651=LINE('',#12868,#2438);
#1652=LINE('',#12869,#2439);
#1653=LINE('',#12875,#2440);
#1654=LINE('',#12878,#2441);
#1655=LINE('',#12880,#2442);
#1656=LINE('',#12881,#2443);
#1657=LINE('',#12885,#2444);
#1658=LINE('',#12888,#2445);
#1659=LINE('',#12889,#2446);
#1660=LINE('',#12893,#2447);
#1661=LINE('',#12896,#2448);
#1662=LINE('',#12897,#2449);
#1663=LINE('',#12901,#2450);
#1664=LINE('',#12904,#2451);
#1665=LINE('',#12905,#2452);
#1666=LINE('',#12910,#2453);
#1667=LINE('',#12912,#2454);
#1668=LINE('',#12913,#2455);
#1669=LINE('',#12917,#2456);
#1670=LINE('',#12920,#2457);
#1671=LINE('',#12921,#2458);
#1672=LINE('',#12925,#2459);
#1673=LINE('',#12928,#2460);
#1674=LINE('',#12929,#2461);
#1675=LINE('',#12933,#2462);
#1676=LINE('',#12936,#2463);
#1677=LINE('',#12937,#2464);
#1678=LINE('',#12943,#2465);
#1679=LINE('',#12946,#2466);
#1680=LINE('',#12948,#2467);
#1681=LINE('',#12949,#2468);
#1682=LINE('',#12953,#2469);
#1683=LINE('',#12956,#2470);
#1684=LINE('',#12957,#2471);
#1685=LINE('',#12961,#2472);
#1686=LINE('',#12964,#2473);
#1687=LINE('',#12965,#2474);
#1688=LINE('',#12969,#2475);
#1689=LINE('',#12972,#2476);
#1690=LINE('',#12973,#2477);
#1691=LINE('',#12978,#2478);
#1692=LINE('',#12980,#2479);
#1693=LINE('',#12981,#2480);
#1694=LINE('',#12985,#2481);
#1695=LINE('',#12988,#2482);
#1696=LINE('',#12989,#2483);
#1697=LINE('',#12993,#2484);
#1698=LINE('',#12996,#2485);
#1699=LINE('',#12997,#2486);
#1700=LINE('',#13001,#2487);
#1701=LINE('',#13004,#2488);
#1702=LINE('',#13005,#2489);
#1703=LINE('',#13010,#2490);
#1704=LINE('',#13012,#2491);
#1705=LINE('',#13013,#2492);
#1706=LINE('',#13017,#2493);
#1707=LINE('',#13020,#2494);
#1708=LINE('',#13021,#2495);
#1709=LINE('',#13025,#2496);
#1710=LINE('',#13028,#2497);
#1711=LINE('',#13029,#2498);
#1712=LINE('',#13033,#2499);
#1713=LINE('',#13036,#2500);
#1714=LINE('',#13037,#2501);
#1715=LINE('',#13042,#2502);
#1716=LINE('',#13044,#2503);
#1717=LINE('',#13045,#2504);
#1718=LINE('',#13049,#2505);
#1719=LINE('',#13052,#2506);
#1720=LINE('',#13053,#2507);
#1721=LINE('',#13057,#2508);
#1722=LINE('',#13060,#2509);
#1723=LINE('',#13061,#2510);
#1724=LINE('',#13065,#2511);
#1725=LINE('',#13068,#2512);
#1726=LINE('',#13069,#2513);
#1727=LINE('',#13074,#2514);
#1728=LINE('',#13076,#2515);
#1729=LINE('',#13077,#2516);
#1730=LINE('',#13081,#2517);
#1731=LINE('',#13084,#2518);
#1732=LINE('',#13085,#2519);
#1733=LINE('',#13089,#2520);
#1734=LINE('',#13092,#2521);
#1735=LINE('',#13093,#2522);
#1736=LINE('',#13097,#2523);
#1737=LINE('',#13100,#2524);
#1738=LINE('',#13101,#2525);
#1739=LINE('',#13106,#2526);
#1740=LINE('',#13108,#2527);
#1741=LINE('',#13109,#2528);
#1742=LINE('',#13113,#2529);
#1743=LINE('',#13116,#2530);
#1744=LINE('',#13117,#2531);
#1745=LINE('',#13121,#2532);
#1746=LINE('',#13124,#2533);
#1747=LINE('',#13125,#2534);
#1748=LINE('',#13129,#2535);
#1749=LINE('',#13132,#2536);
#1750=LINE('',#13133,#2537);
#1751=LINE('',#13139,#2538);
#1752=LINE('',#13142,#2539);
#1753=LINE('',#13144,#2540);
#1754=LINE('',#13145,#2541);
#1755=LINE('',#13149,#2542);
#1756=LINE('',#13152,#2543);
#1757=LINE('',#13153,#2544);
#1758=LINE('',#13157,#2545);
#1759=LINE('',#13160,#2546);
#1760=LINE('',#13161,#2547);
#1761=LINE('',#13165,#2548);
#1762=LINE('',#13168,#2549);
#1763=LINE('',#13169,#2550);
#1764=LINE('',#13174,#2551);
#1765=LINE('',#13176,#2552);
#1766=LINE('',#13177,#2553);
#1767=LINE('',#13181,#2554);
#1768=LINE('',#13184,#2555);
#1769=LINE('',#13185,#2556);
#1770=LINE('',#13189,#2557);
#1771=LINE('',#13192,#2558);
#1772=LINE('',#13193,#2559);
#1773=LINE('',#13197,#2560);
#1774=LINE('',#13200,#2561);
#1775=LINE('',#13201,#2562);
#1776=LINE('',#13206,#2563);
#1777=LINE('',#13208,#2564);
#1778=LINE('',#13209,#2565);
#1779=LINE('',#13213,#2566);
#1780=LINE('',#13216,#2567);
#1781=LINE('',#13217,#2568);
#1782=LINE('',#13221,#2569);
#1783=LINE('',#13224,#2570);
#1784=LINE('',#13225,#2571);
#1785=LINE('',#13229,#2572);
#1786=LINE('',#13232,#2573);
#1787=LINE('',#13233,#2574);
#1788=LINE('',#13238,#2575);
#1789=LINE('',#13240,#2576);
#1790=LINE('',#13241,#2577);
#1791=LINE('',#13245,#2578);
#1792=LINE('',#13248,#2579);
#1793=LINE('',#13249,#2580);
#1794=LINE('',#13253,#2581);
#1795=LINE('',#13256,#2582);
#1796=LINE('',#13257,#2583);
#1797=LINE('',#13261,#2584);
#1798=LINE('',#13264,#2585);
#1799=LINE('',#13265,#2586);
#1800=LINE('',#13270,#2587);
#1801=LINE('',#13272,#2588);
#1802=LINE('',#13273,#2589);
#1803=LINE('',#13277,#2590);
#1804=LINE('',#13280,#2591);
#1805=LINE('',#13281,#2592);
#1806=LINE('',#13285,#2593);
#1807=LINE('',#13288,#2594);
#1808=LINE('',#13289,#2595);
#1809=LINE('',#13293,#2596);
#1810=LINE('',#13296,#2597);
#1811=LINE('',#13297,#2598);
#1812=LINE('',#13302,#2599);
#1813=LINE('',#13305,#2600);
#1814=LINE('',#13308,#2601);
#1815=LINE('',#13309,#2602);
#1816=LINE('',#13313,#2603);
#1817=LINE('',#13316,#2604);
#1818=LINE('',#13317,#2605);
#1819=LINE('',#13321,#2606);
#1820=LINE('',#13324,#2607);
#1821=LINE('',#13325,#2608);
#1822=LINE('',#13329,#2609);
#1823=LINE('',#13332,#2610);
#1824=LINE('',#13333,#2611);
#1825=LINE('',#13337,#2612);
#1826=LINE('',#13340,#2613);
#1827=LINE('',#13341,#2614);
#1828=LINE('',#13345,#2615);
#1829=LINE('',#13348,#2616);
#1830=LINE('',#13349,#2617);
#1831=LINE('',#13353,#2618);
#1832=LINE('',#13356,#2619);
#1833=LINE('',#13357,#2620);
#1834=LINE('',#13361,#2621);
#1835=LINE('',#13364,#2622);
#1836=LINE('',#13365,#2623);
#1837=LINE('',#13369,#2624);
#1838=LINE('',#13372,#2625);
#1839=LINE('',#13373,#2626);
#1840=LINE('',#13377,#2627);
#1841=LINE('',#13380,#2628);
#1842=LINE('',#13381,#2629);
#1843=LINE('',#13385,#2630);
#1844=LINE('',#13388,#2631);
#1845=LINE('',#13389,#2632);
#1846=LINE('',#13393,#2633);
#1847=LINE('',#13396,#2634);
#1848=LINE('',#13397,#2635);
#1849=LINE('',#13401,#2636);
#1850=LINE('',#13404,#2637);
#1851=LINE('',#13405,#2638);
#1852=LINE('',#13409,#2639);
#1853=LINE('',#13412,#2640);
#1854=LINE('',#13413,#2641);
#1855=LINE('',#13417,#2642);
#1856=LINE('',#13419,#2643);
#1857=LINE('',#13422,#2644);
#1858=LINE('',#13423,#2645);
#1859=LINE('',#13427,#2646);
#1860=LINE('',#13430,#2647);
#1861=LINE('',#13431,#2648);
#1862=LINE('',#13435,#2649);
#1863=LINE('',#13438,#2650);
#1864=LINE('',#13439,#2651);
#1865=LINE('',#13443,#2652);
#1866=LINE('',#13446,#2653);
#1867=LINE('',#13447,#2654);
#1868=LINE('',#13451,#2655);
#1869=LINE('',#13454,#2656);
#1870=LINE('',#13455,#2657);
#1871=LINE('',#13459,#2658);
#1872=LINE('',#13462,#2659);
#1873=LINE('',#13463,#2660);
#1874=LINE('',#13467,#2661);
#1875=LINE('',#13470,#2662);
#1876=LINE('',#13471,#2663);
#1877=LINE('',#13475,#2664);
#1878=LINE('',#13478,#2665);
#1879=LINE('',#13479,#2666);
#1880=LINE('',#13483,#2667);
#1881=LINE('',#13486,#2668);
#1882=LINE('',#13487,#2669);
#1883=LINE('',#13491,#2670);
#1884=LINE('',#13494,#2671);
#1885=LINE('',#13495,#2672);
#1886=LINE('',#13499,#2673);
#1887=LINE('',#13502,#2674);
#1888=LINE('',#13503,#2675);
#1889=LINE('',#13507,#2676);
#1890=LINE('',#13510,#2677);
#1891=LINE('',#13511,#2678);
#1892=LINE('',#13515,#2679);
#1893=LINE('',#13518,#2680);
#1894=LINE('',#13519,#2681);
#1895=LINE('',#13523,#2682);
#1896=LINE('',#13526,#2683);
#1897=LINE('',#13527,#2684);
#1898=LINE('',#13531,#2685);
#1899=LINE('',#13534,#2686);
#1900=LINE('',#13535,#2687);
#1901=LINE('',#13539,#2688);
#1902=LINE('',#13542,#2689);
#1903=LINE('',#13543,#2690);
#1904=LINE('',#13547,#2691);
#1905=LINE('',#13550,#2692);
#1906=LINE('',#13551,#2693);
#1907=LINE('',#13555,#2694);
#1908=LINE('',#13558,#2695);
#1909=LINE('',#13559,#2696);
#1910=LINE('',#13563,#2697);
#1911=LINE('',#13566,#2698);
#1912=LINE('',#13567,#2699);
#1913=LINE('',#13571,#2700);
#1914=LINE('',#13574,#2701);
#1915=LINE('',#13575,#2702);
#1916=LINE('',#13579,#2703);
#1917=LINE('',#13582,#2704);
#1918=LINE('',#13583,#2705);
#1919=LINE('',#13587,#2706);
#1920=LINE('',#13590,#2707);
#1921=LINE('',#13591,#2708);
#1922=LINE('',#13595,#2709);
#1923=LINE('',#13598,#2710);
#1924=LINE('',#13599,#2711);
#1925=LINE('',#13603,#2712);
#1926=LINE('',#13606,#2713);
#1927=LINE('',#13607,#2714);
#1928=LINE('',#13611,#2715);
#1929=LINE('',#13614,#2716);
#1930=LINE('',#13615,#2717);
#1931=LINE('',#13619,#2718);
#1932=LINE('',#13622,#2719);
#1933=LINE('',#13623,#2720);
#1934=LINE('',#13627,#2721);
#1935=LINE('',#13630,#2722);
#1936=LINE('',#13631,#2723);
#1937=LINE('',#13635,#2724);
#1938=LINE('',#13638,#2725);
#1939=LINE('',#13639,#2726);
#1940=LINE('',#13643,#2727);
#1941=LINE('',#13646,#2728);
#1942=LINE('',#13647,#2729);
#1943=LINE('',#13651,#2730);
#1944=LINE('',#13654,#2731);
#1945=LINE('',#13655,#2732);
#1946=LINE('',#13659,#2733);
#1947=LINE('',#13662,#2734);
#1948=LINE('',#13663,#2735);
#1949=LINE('',#13667,#2736);
#1950=LINE('',#13670,#2737);
#1951=LINE('',#13671,#2738);
#1952=LINE('',#13675,#2739);
#1953=LINE('',#13678,#2740);
#1954=LINE('',#13679,#2741);
#1955=LINE('',#13683,#2742);
#1956=LINE('',#13686,#2743);
#1957=LINE('',#13687,#2744);
#1958=LINE('',#13691,#2745);
#1959=LINE('',#13694,#2746);
#1960=LINE('',#13695,#2747);
#1961=LINE('',#13699,#2748);
#1962=LINE('',#13702,#2749);
#1963=LINE('',#13703,#2750);
#1964=LINE('',#13707,#2751);
#1965=VECTOR('',#8935,10.);
#1966=VECTOR('',#8938,10.);
#1967=VECTOR('',#8941,10.);
#1968=VECTOR('',#8942,10.);
#1969=VECTOR('',#8943,10.);
#1970=VECTOR('',#8946,10.);
#1971=VECTOR('',#8949,10.);
#1972=VECTOR('',#8952,10.);
#1973=VECTOR('',#8955,10.);
#1974=VECTOR('',#8958,10.);
#1975=VECTOR('',#8961,10.);
#1976=VECTOR('',#8964,10.);
#1977=VECTOR('',#8967,10.);
#1978=VECTOR('',#8970,10.);
#1979=VECTOR('',#8973,10.);
#1980=VECTOR('',#8976,10.);
#1981=VECTOR('',#8979,10.);
#1982=VECTOR('',#8982,10.);
#1983=VECTOR('',#8985,10.);
#1984=VECTOR('',#8988,10.);
#1985=VECTOR('',#8991,10.);
#1986=VECTOR('',#8994,10.);
#1987=VECTOR('',#8997,10.);
#1988=VECTOR('',#9000,10.);
#1989=VECTOR('',#9003,10.);
#1990=VECTOR('',#9006,10.);
#1991=VECTOR('',#9009,10.);
#1992=VECTOR('',#9012,10.);
#1993=VECTOR('',#9015,10.);
#1994=VECTOR('',#9018,10.);
#1995=VECTOR('',#9021,10.);
#1996=VECTOR('',#9024,10.);
#1997=VECTOR('',#9027,10.);
#1998=VECTOR('',#9030,10.);
#1999=VECTOR('',#9033,10.);
#2000=VECTOR('',#9036,10.);
#2001=VECTOR('',#9039,10.);
#2002=VECTOR('',#9042,10.);
#2003=VECTOR('',#9045,10.);
#2004=VECTOR('',#9048,10.);
#2005=VECTOR('',#9051,10.);
#2006=VECTOR('',#9054,10.);
#2007=VECTOR('',#9057,10.);
#2008=VECTOR('',#9060,10.);
#2009=VECTOR('',#9063,10.);
#2010=VECTOR('',#9066,10.);
#2011=VECTOR('',#9069,10.);
#2012=VECTOR('',#9072,10.);
#2013=VECTOR('',#9075,10.);
#2014=VECTOR('',#9078,10.);
#2015=VECTOR('',#9081,10.);
#2016=VECTOR('',#9084,10.);
#2017=VECTOR('',#9087,10.);
#2018=VECTOR('',#9090,10.);
#2019=VECTOR('',#9093,10.);
#2020=VECTOR('',#9096,10.);
#2021=VECTOR('',#9099,10.);
#2022=VECTOR('',#9102,10.);
#2023=VECTOR('',#9105,10.);
#2024=VECTOR('',#9110,10.);
#2025=VECTOR('',#9113,10.);
#2026=VECTOR('',#9116,10.);
#2027=VECTOR('',#9119,10.);
#2028=VECTOR('',#9122,10.);
#2029=VECTOR('',#9125,10.);
#2030=VECTOR('',#9128,10.);
#2031=VECTOR('',#9131,10.);
#2032=VECTOR('',#9134,10.);
#2033=VECTOR('',#9137,10.);
#2034=VECTOR('',#9140,10.);
#2035=VECTOR('',#9143,10.);
#2036=VECTOR('',#9146,10.);
#2037=VECTOR('',#9149,10.);
#2038=VECTOR('',#9152,10.);
#2039=VECTOR('',#9155,10.);
#2040=VECTOR('',#9158,10.);
#2041=VECTOR('',#9161,10.);
#2042=VECTOR('',#9164,10.);
#2043=VECTOR('',#9167,10.);
#2044=VECTOR('',#9172,10.);
#2045=VECTOR('',#9175,10.);
#2046=VECTOR('',#9178,10.);
#2047=VECTOR('',#9181,10.);
#2048=VECTOR('',#9184,10.);
#2049=VECTOR('',#9187,10.);
#2050=VECTOR('',#9190,10.);
#2051=VECTOR('',#9193,10.);
#2052=VECTOR('',#9196,10.);
#2053=VECTOR('',#9199,10.);
#2054=VECTOR('',#9202,10.);
#2055=VECTOR('',#9205,10.);
#2056=VECTOR('',#9208,10.);
#2057=VECTOR('',#9211,10.);
#2058=VECTOR('',#9214,10.);
#2059=VECTOR('',#9217,10.);
#2060=VECTOR('',#9220,10.);
#2061=VECTOR('',#9223,10.);
#2062=VECTOR('',#9226,10.);
#2063=VECTOR('',#9229,10.);
#2064=VECTOR('',#9232,10.);
#2065=VECTOR('',#9235,10.);
#2066=VECTOR('',#9238,10.);
#2067=VECTOR('',#9241,10.);
#2068=VECTOR('',#9246,10.);
#2069=VECTOR('',#9249,10.);
#2070=VECTOR('',#9252,10.);
#2071=VECTOR('',#9255,10.);
#2072=VECTOR('',#9258,10.);
#2073=VECTOR('',#9261,10.);
#2074=VECTOR('',#9264,10.);
#2075=VECTOR('',#9267,10.);
#2076=VECTOR('',#9272,10.);
#2077=VECTOR('',#9275,10.);
#2078=VECTOR('',#9278,10.);
#2079=VECTOR('',#9281,10.);
#2080=VECTOR('',#9284,10.);
#2081=VECTOR('',#9287,10.);
#2082=VECTOR('',#9290,10.);
#2083=VECTOR('',#9293,10.);
#2084=VECTOR('',#9296,10.);
#2085=VECTOR('',#9299,10.);
#2086=VECTOR('',#9302,10.);
#2087=VECTOR('',#9305,10.);
#2088=VECTOR('',#9308,10.);
#2089=VECTOR('',#9311,10.);
#2090=VECTOR('',#9314,10.);
#2091=VECTOR('',#9317,10.);
#2092=VECTOR('',#9320,10.);
#2093=VECTOR('',#9323,10.);
#2094=VECTOR('',#9326,10.);
#2095=VECTOR('',#9329,10.);
#2096=VECTOR('',#9336,10.);
#2097=VECTOR('',#9339,10.);
#2098=VECTOR('',#9342,10.);
#2099=VECTOR('',#9345,10.);
#2100=VECTOR('',#9348,10.);
#2101=VECTOR('',#9351,10.);
#2102=VECTOR('',#9354,10.);
#2103=VECTOR('',#9357,10.);
#2104=VECTOR('',#9360,10.);
#2105=VECTOR('',#9363,10.);
#2106=VECTOR('',#9366,10.);
#2107=VECTOR('',#9369,10.);
#2108=VECTOR('',#9372,10.);
#2109=VECTOR('',#9375,10.);
#2110=VECTOR('',#9378,10.);
#2111=VECTOR('',#9381,10.);
#2112=VECTOR('',#9384,10.);
#2113=VECTOR('',#9387,10.);
#2114=VECTOR('',#9390,10.);
#2115=VECTOR('',#9393,10.);
#2116=VECTOR('',#9398,10.);
#2117=VECTOR('',#9401,10.);
#2118=VECTOR('',#9404,10.);
#2119=VECTOR('',#9407,10.);
#2120=VECTOR('',#9410,10.);
#2121=VECTOR('',#9413,10.);
#2122=VECTOR('',#9416,10.);
#2123=VECTOR('',#9419,10.);
#2124=VECTOR('',#9422,10.);
#2125=VECTOR('',#9425,10.);
#2126=VECTOR('',#9428,10.);
#2127=VECTOR('',#9431,10.);
#2128=VECTOR('',#9436,10.);
#2129=VECTOR('',#9439,10.);
#2130=VECTOR('',#9442,10.);
#2131=VECTOR('',#9445,10.);
#2132=VECTOR('',#9448,10.);
#2133=VECTOR('',#9451,10.);
#2134=VECTOR('',#9454,10.);
#2135=VECTOR('',#9457,10.);
#2136=VECTOR('',#9460,10.);
#2137=VECTOR('',#9463,10.);
#2138=VECTOR('',#9466,10.);
#2139=VECTOR('',#9469,10.);
#2140=VECTOR('',#9472,10.);
#2141=VECTOR('',#9475,10.);
#2142=VECTOR('',#9478,10.);
#2143=VECTOR('',#9481,10.);
#2144=VECTOR('',#9484,10.);
#2145=VECTOR('',#9487,10.);
#2146=VECTOR('',#9490,10.);
#2147=VECTOR('',#9493,10.);
#2148=VECTOR('',#9496,10.);
#2149=VECTOR('',#9499,10.);
#2150=VECTOR('',#9502,10.);
#2151=VECTOR('',#9505,10.);
#2152=VECTOR('',#9508,10.);
#2153=VECTOR('',#9511,10.);
#2154=VECTOR('',#9514,10.);
#2155=VECTOR('',#9517,10.);
#2156=VECTOR('',#9518,10.);
#2157=VECTOR('',#9521,10.);
#2158=VECTOR('',#9524,10.);
#2159=VECTOR('',#9527,10.);
#2160=VECTOR('',#9532,10.);
#2161=VECTOR('',#9535,10.);
#2162=VECTOR('',#9538,10.);
#2163=VECTOR('',#9541,10.);
#2164=VECTOR('',#9546,10.);
#2165=VECTOR('',#9549,10.);
#2166=VECTOR('',#9550,10.);
#2167=VECTOR('',#9555,10.);
#2168=VECTOR('',#9556,10.);
#2169=VECTOR('',#9559,10.);
#2170=VECTOR('',#9560,10.);
#2171=VECTOR('',#9565,10.);
#2172=VECTOR('',#9568,10.);
#2173=VECTOR('',#9569,10.);
#2174=VECTOR('',#9570,10.);
#2175=VECTOR('',#9575,10.);
#2176=VECTOR('',#9578,10.);
#2177=VECTOR('',#9579,10.);
#2178=VECTOR('',#9584,10.);
#2179=VECTOR('',#9587,10.);
#2180=VECTOR('',#9588,10.);
#2181=VECTOR('',#9593,10.);
#2182=VECTOR('',#9596,10.);
#2183=VECTOR('',#9597,10.);
#2184=VECTOR('',#9604,10.);
#2185=VECTOR('',#9607,10.);
#2186=VECTOR('',#9610,10.);
#2187=VECTOR('',#9611,10.);
#2188=VECTOR('',#9616,10.);
#2189=VECTOR('',#9619,10.);
#2190=VECTOR('',#9620,10.);
#2191=VECTOR('',#9625,10.);
#2192=VECTOR('',#9628,10.);
#2193=VECTOR('',#9629,10.);
#2194=VECTOR('',#9634,10.);
#2195=VECTOR('',#9637,10.);
#2196=VECTOR('',#9640,10.);
#2197=VECTOR('',#9641,10.);
#2198=VECTOR('',#9642,10.);
#2199=VECTOR('',#9647,10.);
#2200=VECTOR('',#9650,10.);
#2201=VECTOR('',#9651,10.);
#2202=VECTOR('',#9656,10.);
#2203=VECTOR('',#9659,10.);
#2204=VECTOR('',#9660,10.);
#2205=VECTOR('',#9665,10.);
#2206=VECTOR('',#9668,10.);
#2207=VECTOR('',#9669,10.);
#2208=VECTOR('',#9676,10.);
#2209=VECTOR('',#9677,10.);
#2210=VECTOR('',#9678,10.);
#2211=VECTOR('',#9683,10.);
#2212=VECTOR('',#9686,10.);
#2213=VECTOR('',#9687,10.);
#2214=VECTOR('',#9692,10.);
#2215=VECTOR('',#9695,10.);
#2216=VECTOR('',#9696,10.);
#2217=VECTOR('',#9701,10.);
#2218=VECTOR('',#9704,10.);
#2219=VECTOR('',#9705,10.);
#2220=VECTOR('',#9712,10.);
#2221=VECTOR('',#9713,10.);
#2222=VECTOR('',#9714,10.);
#2223=VECTOR('',#9719,10.);
#2224=VECTOR('',#9722,10.);
#2225=VECTOR('',#9723,10.);
#2226=VECTOR('',#9728,10.);
#2227=VECTOR('',#9731,10.);
#2228=VECTOR('',#9732,10.);
#2229=VECTOR('',#9737,10.);
#2230=VECTOR('',#9740,10.);
#2231=VECTOR('',#9741,10.);
#2232=VECTOR('',#9748,10.);
#2233=VECTOR('',#9749,10.);
#2234=VECTOR('',#9750,10.);
#2235=VECTOR('',#9755,10.);
#2236=VECTOR('',#9758,10.);
#2237=VECTOR('',#9759,10.);
#2238=VECTOR('',#9764,10.);
#2239=VECTOR('',#9767,10.);
#2240=VECTOR('',#9768,10.);
#2241=VECTOR('',#9773,10.);
#2242=VECTOR('',#9776,10.);
#2243=VECTOR('',#9777,10.);
#2244=VECTOR('',#9784,10.);
#2245=VECTOR('',#9785,10.);
#2246=VECTOR('',#9786,10.);
#2247=VECTOR('',#9791,10.);
#2248=VECTOR('',#9794,10.);
#2249=VECTOR('',#9795,10.);
#2250=VECTOR('',#9800,10.);
#2251=VECTOR('',#9803,10.);
#2252=VECTOR('',#9804,10.);
#2253=VECTOR('',#9809,10.);
#2254=VECTOR('',#9812,10.);
#2255=VECTOR('',#9813,10.);
#2256=VECTOR('',#9820,10.);
#2257=VECTOR('',#9821,10.);
#2258=VECTOR('',#9822,10.);
#2259=VECTOR('',#9827,10.);
#2260=VECTOR('',#9830,10.);
#2261=VECTOR('',#9831,10.);
#2262=VECTOR('',#9836,10.);
#2263=VECTOR('',#9839,10.);
#2264=VECTOR('',#9840,10.);
#2265=VECTOR('',#9845,10.);
#2266=VECTOR('',#9848,10.);
#2267=VECTOR('',#9849,10.);
#2268=VECTOR('',#9856,10.);
#2269=VECTOR('',#9857,10.);
#2270=VECTOR('',#9858,10.);
#2271=VECTOR('',#9863,10.);
#2272=VECTOR('',#9866,10.);
#2273=VECTOR('',#9867,10.);
#2274=VECTOR('',#9872,10.);
#2275=VECTOR('',#9875,10.);
#2276=VECTOR('',#9876,10.);
#2277=VECTOR('',#9881,10.);
#2278=VECTOR('',#9884,10.);
#2279=VECTOR('',#9885,10.);
#2280=VECTOR('',#9894,2.);
#2281=VECTOR('',#9897,10.);
#2282=VECTOR('',#9898,10.);
#2283=VECTOR('',#9899,10.);
#2284=VECTOR('',#9904,10.);
#2285=VECTOR('',#9907,10.);
#2286=VECTOR('',#9908,10.);
#2287=VECTOR('',#9913,10.);
#2288=VECTOR('',#9916,10.);
#2289=VECTOR('',#9917,10.);
#2290=VECTOR('',#9922,10.);
#2291=VECTOR('',#9925,10.);
#2292=VECTOR('',#9926,10.);
#2293=VECTOR('',#9933,10.);
#2294=VECTOR('',#9934,10.);
#2295=VECTOR('',#9935,10.);
#2296=VECTOR('',#9940,10.);
#2297=VECTOR('',#9943,10.);
#2298=VECTOR('',#9944,10.);
#2299=VECTOR('',#9949,10.);
#2300=VECTOR('',#9952,10.);
#2301=VECTOR('',#9953,10.);
#2302=VECTOR('',#9958,10.);
#2303=VECTOR('',#9961,10.);
#2304=VECTOR('',#9962,10.);
#2305=VECTOR('',#9969,10.);
#2306=VECTOR('',#9970,10.);
#2307=VECTOR('',#9971,10.);
#2308=VECTOR('',#9976,10.);
#2309=VECTOR('',#9979,10.);
#2310=VECTOR('',#9980,10.);
#2311=VECTOR('',#9985,10.);
#2312=VECTOR('',#9988,10.);
#2313=VECTOR('',#9989,10.);
#2314=VECTOR('',#9994,10.);
#2315=VECTOR('',#9997,10.);
#2316=VECTOR('',#9998,10.);
#2317=VECTOR('',#10007,1.9);
#2318=VECTOR('',#10010,10.);
#2319=VECTOR('',#10011,10.);
#2320=VECTOR('',#10012,10.);
#2321=VECTOR('',#10017,10.);
#2322=VECTOR('',#10020,10.);
#2323=VECTOR('',#10021,10.);
#2324=VECTOR('',#10026,10.);
#2325=VECTOR('',#10029,10.);
#2326=VECTOR('',#10030,10.);
#2327=VECTOR('',#10035,10.);
#2328=VECTOR('',#10038,10.);
#2329=VECTOR('',#10039,10.);
#2330=VECTOR('',#10046,10.);
#2331=VECTOR('',#10047,10.);
#2332=VECTOR('',#10048,10.);
#2333=VECTOR('',#10053,10.);
#2334=VECTOR('',#10056,10.);
#2335=VECTOR('',#10057,10.);
#2336=VECTOR('',#10062,10.);
#2337=VECTOR('',#10065,10.);
#2338=VECTOR('',#10066,10.);
#2339=VECTOR('',#10071,10.);
#2340=VECTOR('',#10074,10.);
#2341=VECTOR('',#10075,10.);
#2342=VECTOR('',#10082,10.);
#2343=VECTOR('',#10083,10.);
#2344=VECTOR('',#10084,10.);
#2345=VECTOR('',#10089,10.);
#2346=VECTOR('',#10092,10.);
#2347=VECTOR('',#10093,10.);
#2348=VECTOR('',#10098,10.);
#2349=VECTOR('',#10101,10.);
#2350=VECTOR('',#10102,10.);
#2351=VECTOR('',#10107,10.);
#2352=VECTOR('',#10110,10.);
#2353=VECTOR('',#10111,10.);
#2354=VECTOR('',#10118,10.);
#2355=VECTOR('',#10119,10.);
#2356=VECTOR('',#10120,10.);
#2357=VECTOR('',#10125,10.);
#2358=VECTOR('',#10128,10.);
#2359=VECTOR('',#10129,10.);
#2360=VECTOR('',#10134,10.);
#2361=VECTOR('',#10137,10.);
#2362=VECTOR('',#10138,10.);
#2363=VECTOR('',#10143,10.);
#2364=VECTOR('',#10146,10.);
#2365=VECTOR('',#10147,10.);
#2366=VECTOR('',#10154,10.);
#2367=VECTOR('',#10155,10.);
#2368=VECTOR('',#10156,10.);
#2369=VECTOR('',#10161,10.);
#2370=VECTOR('',#10164,10.);
#2371=VECTOR('',#10165,10.);
#2372=VECTOR('',#10170,10.);
#2373=VECTOR('',#10173,10.);
#2374=VECTOR('',#10174,10.);
#2375=VECTOR('',#10179,10.);
#2376=VECTOR('',#10182,10.);
#2377=VECTOR('',#10183,10.);
#2378=VECTOR('',#10192,1.9);
#2379=VECTOR('',#10197,1.9);
#2380=VECTOR('',#10200,10.);
#2381=VECTOR('',#10201,10.);
#2382=VECTOR('',#10202,10.);
#2383=VECTOR('',#10207,10.);
#2384=VECTOR('',#10210,10.);
#2385=VECTOR('',#10211,10.);
#2386=VECTOR('',#10216,10.);
#2387=VECTOR('',#10219,10.);
#2388=VECTOR('',#10220,10.);
#2389=VECTOR('',#10225,10.);
#2390=VECTOR('',#10228,10.);
#2391=VECTOR('',#10229,10.);
#2392=VECTOR('',#10236,10.);
#2393=VECTOR('',#10237,10.);
#2394=VECTOR('',#10238,10.);
#2395=VECTOR('',#10243,10.);
#2396=VECTOR('',#10246,10.);
#2397=VECTOR('',#10247,10.);
#2398=VECTOR('',#10252,10.);
#2399=VECTOR('',#10255,10.);
#2400=VECTOR('',#10256,10.);
#2401=VECTOR('',#10261,10.);
#2402=VECTOR('',#10264,10.);
#2403=VECTOR('',#10265,10.);
#2404=VECTOR('',#10272,10.);
#2405=VECTOR('',#10273,10.);
#2406=VECTOR('',#10274,10.);
#2407=VECTOR('',#10279,10.);
#2408=VECTOR('',#10282,10.);
#2409=VECTOR('',#10283,10.);
#2410=VECTOR('',#10288,10.);
#2411=VECTOR('',#10291,10.);
#2412=VECTOR('',#10292,10.);
#2413=VECTOR('',#10297,10.);
#2414=VECTOR('',#10300,10.);
#2415=VECTOR('',#10301,10.);
#2416=VECTOR('',#10308,10.);
#2417=VECTOR('',#10309,10.);
#2418=VECTOR('',#10310,10.);
#2419=VECTOR('',#10315,10.);
#2420=VECTOR('',#10318,10.);
#2421=VECTOR('',#10319,10.);
#2422=VECTOR('',#10324,10.);
#2423=VECTOR('',#10327,10.);
#2424=VECTOR('',#10328,10.);
#2425=VECTOR('',#10333,10.);
#2426=VECTOR('',#10336,10.);
#2427=VECTOR('',#10337,10.);
#2428=VECTOR('',#10344,10.);
#2429=VECTOR('',#10345,10.);
#2430=VECTOR('',#10346,10.);
#2431=VECTOR('',#10351,10.);
#2432=VECTOR('',#10354,10.);
#2433=VECTOR('',#10355,10.);
#2434=VECTOR('',#10360,10.);
#2435=VECTOR('',#10363,10.);
#2436=VECTOR('',#10364,10.);
#2437=VECTOR('',#10369,10.);
#2438=VECTOR('',#10372,10.);
#2439=VECTOR('',#10373,10.);
#2440=VECTOR('',#10382,1.90000000000001);
#2441=VECTOR('',#10385,10.);
#2442=VECTOR('',#10386,10.);
#2443=VECTOR('',#10387,10.);
#2444=VECTOR('',#10392,10.);
#2445=VECTOR('',#10395,10.);
#2446=VECTOR('',#10396,10.);
#2447=VECTOR('',#10401,10.);
#2448=VECTOR('',#10404,10.);
#2449=VECTOR('',#10405,10.);
#2450=VECTOR('',#10410,10.);
#2451=VECTOR('',#10413,10.);
#2452=VECTOR('',#10414,10.);
#2453=VECTOR('',#10421,10.);
#2454=VECTOR('',#10422,10.);
#2455=VECTOR('',#10423,10.);
#2456=VECTOR('',#10428,10.);
#2457=VECTOR('',#10431,10.);
#2458=VECTOR('',#10432,10.);
#2459=VECTOR('',#10437,10.);
#2460=VECTOR('',#10440,10.);
#2461=VECTOR('',#10441,10.);
#2462=VECTOR('',#10446,10.);
#2463=VECTOR('',#10449,10.);
#2464=VECTOR('',#10450,10.);
#2465=VECTOR('',#10459,1.9);
#2466=VECTOR('',#10462,10.);
#2467=VECTOR('',#10463,10.);
#2468=VECTOR('',#10464,10.);
#2469=VECTOR('',#10469,10.);
#2470=VECTOR('',#10472,10.);
#2471=VECTOR('',#10473,10.);
#2472=VECTOR('',#10478,10.);
#2473=VECTOR('',#10481,10.);
#2474=VECTOR('',#10482,10.);
#2475=VECTOR('',#10487,10.);
#2476=VECTOR('',#10490,10.);
#2477=VECTOR('',#10491,10.);
#2478=VECTOR('',#10498,10.);
#2479=VECTOR('',#10499,10.);
#2480=VECTOR('',#10500,10.);
#2481=VECTOR('',#10505,10.);
#2482=VECTOR('',#10508,10.);
#2483=VECTOR('',#10509,10.);
#2484=VECTOR('',#10514,10.);
#2485=VECTOR('',#10517,10.);
#2486=VECTOR('',#10518,10.);
#2487=VECTOR('',#10523,10.);
#2488=VECTOR('',#10526,10.);
#2489=VECTOR('',#10527,10.);
#2490=VECTOR('',#10534,10.);
#2491=VECTOR('',#10535,10.);
#2492=VECTOR('',#10536,10.);
#2493=VECTOR('',#10541,10.);
#2494=VECTOR('',#10544,10.);
#2495=VECTOR('',#10545,10.);
#2496=VECTOR('',#10550,10.);
#2497=VECTOR('',#10553,10.);
#2498=VECTOR('',#10554,10.);
#2499=VECTOR('',#10559,10.);
#2500=VECTOR('',#10562,10.);
#2501=VECTOR('',#10563,10.);
#2502=VECTOR('',#10570,10.);
#2503=VECTOR('',#10571,10.);
#2504=VECTOR('',#10572,10.);
#2505=VECTOR('',#10577,10.);
#2506=VECTOR('',#10580,10.);
#2507=VECTOR('',#10581,10.);
#2508=VECTOR('',#10586,10.);
#2509=VECTOR('',#10589,10.);
#2510=VECTOR('',#10590,10.);
#2511=VECTOR('',#10595,10.);
#2512=VECTOR('',#10598,10.);
#2513=VECTOR('',#10599,10.);
#2514=VECTOR('',#10606,10.);
#2515=VECTOR('',#10607,10.);
#2516=VECTOR('',#10608,10.);
#2517=VECTOR('',#10613,10.);
#2518=VECTOR('',#10616,10.);
#2519=VECTOR('',#10617,10.);
#2520=VECTOR('',#10622,10.);
#2521=VECTOR('',#10625,10.);
#2522=VECTOR('',#10626,10.);
#2523=VECTOR('',#10631,10.);
#2524=VECTOR('',#10634,10.);
#2525=VECTOR('',#10635,10.);
#2526=VECTOR('',#10642,10.);
#2527=VECTOR('',#10643,10.);
#2528=VECTOR('',#10644,10.);
#2529=VECTOR('',#10649,10.);
#2530=VECTOR('',#10652,10.);
#2531=VECTOR('',#10653,10.);
#2532=VECTOR('',#10658,10.);
#2533=VECTOR('',#10661,10.);
#2534=VECTOR('',#10662,10.);
#2535=VECTOR('',#10667,10.);
#2536=VECTOR('',#10670,10.);
#2537=VECTOR('',#10671,10.);
#2538=VECTOR('',#10680,2.);
#2539=VECTOR('',#10683,10.);
#2540=VECTOR('',#10684,10.);
#2541=VECTOR('',#10685,10.);
#2542=VECTOR('',#10690,10.);
#2543=VECTOR('',#10693,10.);
#2544=VECTOR('',#10694,10.);
#2545=VECTOR('',#10699,10.);
#2546=VECTOR('',#10702,10.);
#2547=VECTOR('',#10703,10.);
#2548=VECTOR('',#10708,10.);
#2549=VECTOR('',#10711,10.);
#2550=VECTOR('',#10712,10.);
#2551=VECTOR('',#10719,10.);
#2552=VECTOR('',#10720,10.);
#2553=VECTOR('',#10721,10.);
#2554=VECTOR('',#10726,10.);
#2555=VECTOR('',#10729,10.);
#2556=VECTOR('',#10730,10.);
#2557=VECTOR('',#10735,10.);
#2558=VECTOR('',#10738,10.);
#2559=VECTOR('',#10739,10.);
#2560=VECTOR('',#10744,10.);
#2561=VECTOR('',#10747,10.);
#2562=VECTOR('',#10748,10.);
#2563=VECTOR('',#10755,10.);
#2564=VECTOR('',#10756,10.);
#2565=VECTOR('',#10757,10.);
#2566=VECTOR('',#10762,10.);
#2567=VECTOR('',#10765,10.);
#2568=VECTOR('',#10766,10.);
#2569=VECTOR('',#10771,10.);
#2570=VECTOR('',#10774,10.);
#2571=VECTOR('',#10775,10.);
#2572=VECTOR('',#10780,10.);
#2573=VECTOR('',#10783,10.);
#2574=VECTOR('',#10784,10.);
#2575=VECTOR('',#10791,10.);
#2576=VECTOR('',#10792,10.);
#2577=VECTOR('',#10793,10.);
#2578=VECTOR('',#10798,10.);
#2579=VECTOR('',#10801,10.);
#2580=VECTOR('',#10802,10.);
#2581=VECTOR('',#10807,10.);
#2582=VECTOR('',#10810,10.);
#2583=VECTOR('',#10811,10.);
#2584=VECTOR('',#10816,10.);
#2585=VECTOR('',#10819,10.);
#2586=VECTOR('',#10820,10.);
#2587=VECTOR('',#10827,10.);
#2588=VECTOR('',#10828,10.);
#2589=VECTOR('',#10829,10.);
#2590=VECTOR('',#10834,10.);
#2591=VECTOR('',#10837,10.);
#2592=VECTOR('',#10838,10.);
#2593=VECTOR('',#10843,10.);
#2594=VECTOR('',#10846,10.);
#2595=VECTOR('',#10847,10.);
#2596=VECTOR('',#10852,10.);
#2597=VECTOR('',#10855,10.);
#2598=VECTOR('',#10856,10.);
#2599=VECTOR('',#10863,10.);
#2600=VECTOR('',#10866,10.);
#2601=VECTOR('',#10869,10.);
#2602=VECTOR('',#10870,10.);
#2603=VECTOR('',#10875,10.);
#2604=VECTOR('',#10878,10.);
#2605=VECTOR('',#10879,10.);
#2606=VECTOR('',#10884,10.);
#2607=VECTOR('',#10887,10.);
#2608=VECTOR('',#10888,10.);
#2609=VECTOR('',#10893,10.);
#2610=VECTOR('',#10896,10.);
#2611=VECTOR('',#10897,10.);
#2612=VECTOR('',#10902,10.);
#2613=VECTOR('',#10905,10.);
#2614=VECTOR('',#10906,10.);
#2615=VECTOR('',#10911,10.);
#2616=VECTOR('',#10914,10.);
#2617=VECTOR('',#10915,10.);
#2618=VECTOR('',#10920,10.);
#2619=VECTOR('',#10923,10.);
#2620=VECTOR('',#10924,10.);
#2621=VECTOR('',#10929,10.);
#2622=VECTOR('',#10932,10.);
#2623=VECTOR('',#10933,10.);
#2624=VECTOR('',#10938,10.);
#2625=VECTOR('',#10941,10.);
#2626=VECTOR('',#10942,10.);
#2627=VECTOR('',#10947,10.);
#2628=VECTOR('',#10950,10.);
#2629=VECTOR('',#10951,10.);
#2630=VECTOR('',#10956,10.);
#2631=VECTOR('',#10959,10.);
#2632=VECTOR('',#10960,10.);
#2633=VECTOR('',#10965,10.);
#2634=VECTOR('',#10968,10.);
#2635=VECTOR('',#10969,10.);
#2636=VECTOR('',#10974,10.);
#2637=VECTOR('',#10977,10.);
#2638=VECTOR('',#10978,10.);
#2639=VECTOR('',#10983,10.);
#2640=VECTOR('',#10986,10.);
#2641=VECTOR('',#10987,10.);
#2642=VECTOR('',#10992,10.);
#2643=VECTOR('',#10995,10.);
#2644=VECTOR('',#10998,10.);
#2645=VECTOR('',#10999,10.);
#2646=VECTOR('',#11004,10.);
#2647=VECTOR('',#11007,10.);
#2648=VECTOR('',#11008,10.);
#2649=VECTOR('',#11013,10.);
#2650=VECTOR('',#11016,10.);
#2651=VECTOR('',#11017,10.);
#2652=VECTOR('',#11022,10.);
#2653=VECTOR('',#11025,10.);
#2654=VECTOR('',#11026,10.);
#2655=VECTOR('',#11031,10.);
#2656=VECTOR('',#11034,10.);
#2657=VECTOR('',#11035,10.);
#2658=VECTOR('',#11040,10.);
#2659=VECTOR('',#11043,10.);
#2660=VECTOR('',#11044,10.);
#2661=VECTOR('',#11049,10.);
#2662=VECTOR('',#11052,10.);
#2663=VECTOR('',#11053,10.);
#2664=VECTOR('',#11058,10.);
#2665=VECTOR('',#11061,10.);
#2666=VECTOR('',#11062,10.);
#2667=VECTOR('',#11067,10.);
#2668=VECTOR('',#11070,10.);
#2669=VECTOR('',#11071,10.);
#2670=VECTOR('',#11076,10.);
#2671=VECTOR('',#11079,10.);
#2672=VECTOR('',#11080,10.);
#2673=VECTOR('',#11085,10.);
#2674=VECTOR('',#11088,10.);
#2675=VECTOR('',#11089,10.);
#2676=VECTOR('',#11094,10.);
#2677=VECTOR('',#11097,10.);
#2678=VECTOR('',#11098,10.);
#2679=VECTOR('',#11103,10.);
#2680=VECTOR('',#11106,10.);
#2681=VECTOR('',#11107,10.);
#2682=VECTOR('',#11112,10.);
#2683=VECTOR('',#11115,10.);
#2684=VECTOR('',#11116,10.);
#2685=VECTOR('',#11121,10.);
#2686=VECTOR('',#11124,10.);
#2687=VECTOR('',#11125,10.);
#2688=VECTOR('',#11130,10.);
#2689=VECTOR('',#11133,10.);
#2690=VECTOR('',#11134,10.);
#2691=VECTOR('',#11139,10.);
#2692=VECTOR('',#11142,10.);
#2693=VECTOR('',#11143,10.);
#2694=VECTOR('',#11148,10.);
#2695=VECTOR('',#11151,10.);
#2696=VECTOR('',#11152,10.);
#2697=VECTOR('',#11157,10.);
#2698=VECTOR('',#11160,10.);
#2699=VECTOR('',#11161,10.);
#2700=VECTOR('',#11166,10.);
#2701=VECTOR('',#11169,10.);
#2702=VECTOR('',#11170,10.);
#2703=VECTOR('',#11175,10.);
#2704=VECTOR('',#11178,10.);
#2705=VECTOR('',#11179,10.);
#2706=VECTOR('',#11184,10.);
#2707=VECTOR('',#11187,10.);
#2708=VECTOR('',#11188,10.);
#2709=VECTOR('',#11193,10.);
#2710=VECTOR('',#11196,10.);
#2711=VECTOR('',#11197,10.);
#2712=VECTOR('',#11202,10.);
#2713=VECTOR('',#11205,10.);
#2714=VECTOR('',#11206,10.);
#2715=VECTOR('',#11211,10.);
#2716=VECTOR('',#11214,10.);
#2717=VECTOR('',#11215,10.);
#2718=VECTOR('',#11220,10.);
#2719=VECTOR('',#11223,10.);
#2720=VECTOR('',#11224,10.);
#2721=VECTOR('',#11229,10.);
#2722=VECTOR('',#11232,10.);
#2723=VECTOR('',#11233,10.);
#2724=VECTOR('',#11238,10.);
#2725=VECTOR('',#11241,10.);
#2726=VECTOR('',#11242,10.);
#2727=VECTOR('',#11247,10.);
#2728=VECTOR('',#11250,10.);
#2729=VECTOR('',#11251,10.);
#2730=VECTOR('',#11256,10.);
#2731=VECTOR('',#11259,10.);
#2732=VECTOR('',#11260,10.);
#2733=VECTOR('',#11265,10.);
#2734=VECTOR('',#11268,10.);
#2735=VECTOR('',#11269,10.);
#2736=VECTOR('',#11274,10.);
#2737=VECTOR('',#11277,10.);
#2738=VECTOR('',#11278,10.);
#2739=VECTOR('',#11283,10.);
#2740=VECTOR('',#11286,10.);
#2741=VECTOR('',#11287,10.);
#2742=VECTOR('',#11292,10.);
#2743=VECTOR('',#11295,10.);
#2744=VECTOR('',#11296,10.);
#2745=VECTOR('',#11301,10.);
#2746=VECTOR('',#11304,10.);
#2747=VECTOR('',#11305,10.);
#2748=VECTOR('',#11310,10.);
#2749=VECTOR('',#11313,10.);
#2750=VECTOR('',#11314,10.);
#2751=VECTOR('',#11321,10.);
#2752=CIRCLE('',#8127,3.);
#2753=CIRCLE('',#8128,3.);
#2754=CIRCLE('',#8131,5.);
#2755=CIRCLE('',#8132,0.500000000000007);
#2756=CIRCLE('',#8133,0.499999999999998);
#2757=CIRCLE('',#8134,0.500000000000007);
#2758=CIRCLE('',#8135,5.);
#2759=CIRCLE('',#8136,5.);
#2760=CIRCLE('',#8137,5.);
#2761=CIRCLE('',#8138,0.500000000000007);
#2762=CIRCLE('',#8139,0.499999999999998);
#2763=CIRCLE('',#8140,0.499999999999972);
#2764=CIRCLE('',#8141,5.);
#2765=CIRCLE('',#8142,0.499999999999998);
#2766=CIRCLE('',#8143,0.500000000000007);
#2767=CIRCLE('',#8144,0.499999999999998);
#2768=CIRCLE('',#8145,5.);
#2769=CIRCLE('',#8146,3.);
#2770=CIRCLE('',#8147,3.);
#2771=CIRCLE('',#8148,5.);
#2772=CIRCLE('',#8149,0.500000000000007);
#2773=CIRCLE('',#8150,0.499999999999998);
#2774=CIRCLE('',#8151,0.500000000000007);
#2775=CIRCLE('',#8152,5.);
#2776=CIRCLE('',#8153,0.499999999999998);
#2777=CIRCLE('',#8154,0.500000000000007);
#2778=CIRCLE('',#8155,0.500000000000003);
#2779=CIRCLE('',#8156,5.);
#2780=CIRCLE('',#8157,5.);
#2781=CIRCLE('',#8158,0.500000000000007);
#2782=CIRCLE('',#8159,0.499999999999998);
#2783=CIRCLE('',#8160,0.500000000000007);
#2784=CIRCLE('',#8161,5.);
#2785=CIRCLE('',#8162,0.499999999999998);
#2786=CIRCLE('',#8163,0.500000000000007);
#2787=CIRCLE('',#8164,0.500000000000003);
#2788=CIRCLE('',#8165,5.);
#2789=CIRCLE('',#8166,5.);
#2790=CIRCLE('',#8167,0.500000000000007);
#2791=CIRCLE('',#8168,0.499999999999998);
#2792=CIRCLE('',#8169,0.499999999999989);
#2793=CIRCLE('',#8170,5.);
#2794=CIRCLE('',#8171,0.499999999999998);
#2795=CIRCLE('',#8172,0.499999999999998);
#2796=CIRCLE('',#8173,0.500000000000003);
#2797=CIRCLE('',#8174,5.);
#2798=CIRCLE('',#8175,5.);
#2799=CIRCLE('',#8176,0.500000000000007);
#2800=CIRCLE('',#8177,0.499999999999998);
#2801=CIRCLE('',#8178,0.499999999999989);
#2802=CIRCLE('',#8179,5.);
#2803=CIRCLE('',#8180,0.499999999999998);
#2804=CIRCLE('',#8181,0.500000000000007);
#2805=CIRCLE('',#8182,0.500000000000003);
#2806=CIRCLE('',#8183,5.);
#2807=CIRCLE('',#8184,3.);
#2808=CIRCLE('',#8185,0.499999999999998);
#2809=CIRCLE('',#8186,0.500000000000007);
#2810=CIRCLE('',#8187,0.500000000000003);
#2811=CIRCLE('',#8188,0.500000000000007);
#2812=CIRCLE('',#8189,0.499999999999998);
#2813=CIRCLE('',#8190,0.500000000000007);
#2814=CIRCLE('',#8191,0.500000000000003);
#2815=CIRCLE('',#8192,0.500000000000007);
#2816=CIRCLE('',#8193,0.499999999999998);
#2817=CIRCLE('',#8194,0.499999999999998);
#2818=CIRCLE('',#8195,0.499999999999998);
#2819=CIRCLE('',#8196,0.500000000000007);
#2820=CIRCLE('',#8197,0.500000000000003);
#2821=CIRCLE('',#8198,0.499999999999998);
#2822=CIRCLE('',#8199,0.499999999999998);
#2823=CIRCLE('',#8200,0.499999999999998);
#2824=CIRCLE('',#8201,0.499999999999998);
#2825=CIRCLE('',#8202,0.499999999999998);
#2826=CIRCLE('',#8203,0.499999999999998);
#2827=CIRCLE('',#8204,0.499999999999998);
#2828=CIRCLE('',#8205,2.);
#2829=CIRCLE('',#8206,0.499999999999998);
#2830=CIRCLE('',#8207,0.500000000000007);
#2831=CIRCLE('',#8208,0.499999999999998);
#2832=CIRCLE('',#8209,0.500000000000007);
#2833=CIRCLE('',#8210,0.499999999999998);
#2834=CIRCLE('',#8211,0.499999999999998);
#2835=CIRCLE('',#8212,0.500000000000003);
#2836=CIRCLE('',#8213,0.499999999999998);
#2837=CIRCLE('',#8214,0.499999999999998);
#2838=CIRCLE('',#8215,0.500000000000007);
#2839=CIRCLE('',#8216,0.499999999999998);
#2840=CIRCLE('',#8217,0.500000000000007);
#2841=CIRCLE('',#8218,0.499999999999998);
#2842=CIRCLE('',#8219,0.500000000000007);
#2843=CIRCLE('',#8220,0.499999999999998);
#2844=CIRCLE('',#8221,0.500000000000007);
#2845=CIRCLE('',#8222,0.500000000000007);
#2846=CIRCLE('',#8223,0.499999999999998);
#2847=CIRCLE('',#8224,0.500000000000007);
#2848=CIRCLE('',#8225,0.499999999999998);
#2849=CIRCLE('',#8226,0.499999999999998);
#2850=CIRCLE('',#8227,0.499999999999998);
#2851=CIRCLE('',#8228,0.500000000000003);
#2852=CIRCLE('',#8229,0.499999999999998);
#2853=CIRCLE('',#8230,1.9);
#2854=CIRCLE('',#8231,0.499999999999998);
#2855=CIRCLE('',#8232,0.500000000000007);
#2856=CIRCLE('',#8233,0.499999999999998);
#2857=CIRCLE('',#8234,0.500000000000007);
#2858=CIRCLE('',#8235,0.499999999999998);
#2859=CIRCLE('',#8236,0.499999999999989);
#2860=CIRCLE('',#8237,0.500000000000003);
#2861=CIRCLE('',#8238,0.500000000000007);
#2862=CIRCLE('',#8239,1.90000000000001);
#2863=CIRCLE('',#8240,0.499999999999998);
#2864=CIRCLE('',#8241,0.499999999999998);
#2865=CIRCLE('',#8242,0.499999999999998);
#2866=CIRCLE('',#8243,0.499999999999998);
#2867=CIRCLE('',#8244,0.499999999999998);
#2868=CIRCLE('',#8245,0.500000000000007);
#2869=CIRCLE('',#8246,0.500000000000003);
#2870=CIRCLE('',#8247,0.500000000000007);
#2871=CIRCLE('',#8248,0.500000000000003);
#2872=CIRCLE('',#8249,0.500000000000007);
#2873=CIRCLE('',#8250,0.499999999999998);
#2874=CIRCLE('',#8251,0.500000000000007);
#2875=CIRCLE('',#8252,0.499999999999998);
#2876=CIRCLE('',#8253,0.500000000000007);
#2877=CIRCLE('',#8254,0.499999999999998);
#2878=CIRCLE('',#8255,0.500000000000007);
#2879=CIRCLE('',#8256,0.499999999999998);
#2880=CIRCLE('',#8257,0.500000000000007);
#2881=CIRCLE('',#8258,0.499999999999998);
#2882=CIRCLE('',#8259,0.500000000000007);
#2883=CIRCLE('',#8260,1.9);
#2884=CIRCLE('',#8261,1.9);
#2885=CIRCLE('',#8262,0.499999999999998);
#2886=CIRCLE('',#8263,0.500000000000007);
#2887=CIRCLE('',#8264,0.499999999999998);
#2888=CIRCLE('',#8265,0.499999999999989);
#2889=CIRCLE('',#8266,0.499999999999998);
#2890=CIRCLE('',#8267,0.499999999999972);
#2891=CIRCLE('',#8268,0.499999999999998);
#2892=CIRCLE('',#8269,0.500000000000007);
#2893=CIRCLE('',#8270,0.500000000000003);
#2894=CIRCLE('',#8271,0.500000000000007);
#2895=CIRCLE('',#8272,0.499999999999998);
#2896=CIRCLE('',#8273,0.500000000000007);
#2897=CIRCLE('',#8274,0.499999999999998);
#2898=CIRCLE('',#8275,0.499999999999989);
#2899=CIRCLE('',#8276,0.499999999999998);
#2900=CIRCLE('',#8277,0.499999999999998);
#2901=CIRCLE('',#8278,0.499999999999998);
#2902=CIRCLE('',#8279,0.499999999999998);
#2903=CIRCLE('',#8280,0.499999999999998);
#2904=CIRCLE('',#8281,0.500000000000007);
#2905=CIRCLE('',#8282,1.9);
#2906=CIRCLE('',#8283,0.499999999999998);
#2907=CIRCLE('',#8284,0.499999999999998);
#2908=CIRCLE('',#8285,0.499999999999998);
#2909=CIRCLE('',#8286,0.500000000000007);
#2910=CIRCLE('',#8287,0.500000000000007);
#2911=CIRCLE('',#8288,0.499999999999998);
#2912=CIRCLE('',#8289,0.500000000000007);
#2913=CIRCLE('',#8290,0.499999999999998);
#2914=CIRCLE('',#8291,0.499999999999998);
#2915=CIRCLE('',#8292,0.500000000000007);
#2916=CIRCLE('',#8293,0.500000000000003);
#2917=CIRCLE('',#8294,0.500000000000007);
#2918=CIRCLE('',#8295,2.);
#2919=CIRCLE('',#8296,0.499999999999998);
#2920=CIRCLE('',#8297,0.500000000000007);
#2921=CIRCLE('',#8298,0.499999999999998);
#2922=CIRCLE('',#8299,0.500000000000007);
#2923=CIRCLE('',#8300,0.499999999999998);
#2924=CIRCLE('',#8301,0.500000000000007);
#2925=CIRCLE('',#8302,0.500000000000003);
#2926=CIRCLE('',#8303,0.500000000000007);
#2927=CIRCLE('',#8304,0.500000000000003);
#2928=CIRCLE('',#8305,0.499999999999998);
#2929=CIRCLE('',#8306,0.499999999999998);
#2930=CIRCLE('',#8307,0.499999999999998);
#2931=CIRCLE('',#8308,0.499999999999998);
#2932=CIRCLE('',#8309,0.499999999999998);
#2933=CIRCLE('',#8310,0.500000000000003);
#2934=CIRCLE('',#8311,0.500000000000007);
#2935=CIRCLE('',#8312,0.499999999999998);
#2936=CIRCLE('',#8313,0.500000000000007);
#2937=CIRCLE('',#8314,0.499999999999998);
#2938=CIRCLE('',#8315,0.499999999999989);
#2939=CIRCLE('',#8316,0.499999999999998);
#2940=CIRCLE('',#8317,0.499999999999972);
#2941=CIRCLE('',#8318,0.499999999999998);
#2942=CIRCLE('',#8319,0.500000000000007);
#2943=CIRCLE('',#8320,0.499999999999998);
#2944=CIRCLE('',#8321,0.500000000000007);
#2945=CIRCLE('',#8322,0.500000000000003);
#2946=CIRCLE('',#8323,0.499999999999989);
#2947=CIRCLE('',#8324,0.499999999999989);
#2948=CIRCLE('',#8325,0.499999999999998);
#2949=CIRCLE('',#8326,0.499999999999989);
#2950=CIRCLE('',#8327,0.499999999999998);
#2951=CIRCLE('',#8328,0.499999999999998);
#2952=CIRCLE('',#8329,0.500000000000007);
#2953=CIRCLE('',#8330,0.500000000000003);
#2954=CIRCLE('',#8331,0.500000000000007);
#2955=CIRCLE('',#8333,3.);
#2956=CIRCLE('',#8336,3.);
#2957=CIRCLE('',#8339,3.);
#2958=CIRCLE('',#8342,0.500000000000007);
#2959=CIRCLE('',#8345,0.500000000000003);
#2960=CIRCLE('',#8348,0.500000000000007);
#2961=CIRCLE('',#8351,0.499999999999998);
#2962=CIRCLE('',#8353,0.499999999999989);
#2963=CIRCLE('',#8356,0.499999999999998);
#2964=CIRCLE('',#8359,0.499999999999989);
#2965=CIRCLE('',#8362,0.499999999999998);
#2966=CIRCLE('',#8366,0.500000000000007);
#2967=CIRCLE('',#8369,0.500000000000003);
#2968=CIRCLE('',#8372,0.499999999999989);
#2969=CIRCLE('',#8375,0.499999999999998);
#2970=CIRCLE('',#8378,0.499999999999972);
#2971=CIRCLE('',#8381,0.499999999999998);
#2972=CIRCLE('',#8384,0.500000000000007);
#2973=CIRCLE('',#8387,0.499999999999998);
#2974=CIRCLE('',#8390,0.500000000000007);
#2975=CIRCLE('',#8393,0.499999999999998);
#2976=CIRCLE('',#8396,0.499999999999989);
#2977=CIRCLE('',#8399,0.499999999999998);
#2978=CIRCLE('',#8402,0.499999999999998);
#2979=CIRCLE('',#8405,0.500000000000003);
#2980=CIRCLE('',#8408,0.500000000000007);
#2981=CIRCLE('',#8411,0.499999999999998);
#2982=CIRCLE('',#8414,0.499999999999998);
#2983=CIRCLE('',#8417,0.499999999999998);
#2984=CIRCLE('',#8420,0.499999999999998);
#2985=CIRCLE('',#8423,0.500000000000003);
#2986=CIRCLE('',#8426,0.500000000000007);
#2987=CIRCLE('',#8429,0.500000000000003);
#2988=CIRCLE('',#8432,0.500000000000007);
#2989=CIRCLE('',#8435,0.499999999999998);
#2990=CIRCLE('',#8438,0.500000000000007);
#2991=CIRCLE('',#8441,0.499999999999998);
#2992=CIRCLE('',#8444,0.500000000000007);
#2993=CIRCLE('',#8447,0.499999999999998);
#2994=CIRCLE('',#8449,2.);
#2995=CIRCLE('',#8452,0.500000000000007);
#2996=CIRCLE('',#8455,0.500000000000003);
#2997=CIRCLE('',#8458,0.500000000000007);
#2998=CIRCLE('',#8461,0.499999999999998);
#2999=CIRCLE('',#8464,0.499999999999998);
#3000=CIRCLE('',#8467,0.500000000000007);
#3001=CIRCLE('',#8470,0.499999999999998);
#3002=CIRCLE('',#8473,0.500000000000007);
#3003=CIRCLE('',#8476,0.499999999999998);
#3004=CIRCLE('',#8479,0.499999999999998);
#3005=CIRCLE('',#8482,0.500000000000007);
#3006=CIRCLE('',#8485,0.499999999999998);
#3007=CIRCLE('',#8487,1.9);
#3008=CIRCLE('',#8490,0.499999999999998);
#3009=CIRCLE('',#8493,0.499999999999998);
#3010=CIRCLE('',#8496,0.500000000000007);
#3011=CIRCLE('',#8499,0.499999999999998);
#3012=CIRCLE('',#8502,0.499999999999989);
#3013=CIRCLE('',#8505,0.499999999999998);
#3014=CIRCLE('',#8508,0.499999999999998);
#3015=CIRCLE('',#8511,0.499999999999998);
#3016=CIRCLE('',#8514,0.500000000000007);
#3017=CIRCLE('',#8517,0.499999999999998);
#3018=CIRCLE('',#8520,0.500000000000007);
#3019=CIRCLE('',#8523,0.500000000000003);
#3020=CIRCLE('',#8526,0.499999999999972);
#3021=CIRCLE('',#8529,0.499999999999998);
#3022=CIRCLE('',#8532,0.500000000000007);
#3023=CIRCLE('',#8535,0.499999999999998);
#3024=CIRCLE('',#8538,0.500000000000007);
#3025=CIRCLE('',#8541,0.499999999999998);
#3026=CIRCLE('',#8544,0.499999999999989);
#3027=CIRCLE('',#8547,0.499999999999998);
#3028=CIRCLE('',#8549,1.9);
#3029=CIRCLE('',#8551,1.9);
#3030=CIRCLE('',#8554,0.500000000000007);
#3031=CIRCLE('',#8557,0.499999999999998);
#3032=CIRCLE('',#8560,0.500000000000007);
#3033=CIRCLE('',#8563,0.499999999999998);
#3034=CIRCLE('',#8566,0.500000000000007);
#3035=CIRCLE('',#8569,0.499999999999998);
#3036=CIRCLE('',#8572,0.500000000000007);
#3037=CIRCLE('',#8575,0.499999999999998);
#3038=CIRCLE('',#8578,0.500000000000007);
#3039=CIRCLE('',#8581,0.499999999999998);
#3040=CIRCLE('',#8584,0.500000000000007);
#3041=CIRCLE('',#8587,0.500000000000003);
#3042=CIRCLE('',#8590,0.500000000000007);
#3043=CIRCLE('',#8593,0.500000000000003);
#3044=CIRCLE('',#8596,0.500000000000007);
#3045=CIRCLE('',#8599,0.499999999999998);
#3046=CIRCLE('',#8602,0.499999999999998);
#3047=CIRCLE('',#8605,0.499999999999998);
#3048=CIRCLE('',#8608,0.499999999999998);
#3049=CIRCLE('',#8611,0.499999999999998);
#3050=CIRCLE('',#8613,1.90000000000001);
#3051=CIRCLE('',#8616,0.499999999999989);
#3052=CIRCLE('',#8619,0.500000000000003);
#3053=CIRCLE('',#8622,0.500000000000007);
#3054=CIRCLE('',#8625,0.499999999999998);
#3055=CIRCLE('',#8628,0.500000000000007);
#3056=CIRCLE('',#8631,0.499999999999998);
#3057=CIRCLE('',#8634,0.500000000000007);
#3058=CIRCLE('',#8637,0.499999999999998);
#3059=CIRCLE('',#8639,1.9);
#3060=CIRCLE('',#8642,0.499999999999998);
#3061=CIRCLE('',#8645,0.500000000000003);
#3062=CIRCLE('',#8648,0.499999999999998);
#3063=CIRCLE('',#8651,0.499999999999998);
#3064=CIRCLE('',#8654,0.499999999999998);
#3065=CIRCLE('',#8657,0.500000000000007);
#3066=CIRCLE('',#8660,0.499999999999998);
#3067=CIRCLE('',#8663,0.500000000000007);
#3068=CIRCLE('',#8666,0.500000000000007);
#3069=CIRCLE('',#8669,0.499999999999998);
#3070=CIRCLE('',#8672,0.500000000000007);
#3071=CIRCLE('',#8675,0.499999999999998);
#3072=CIRCLE('',#8678,0.500000000000007);
#3073=CIRCLE('',#8681,0.499999999999998);
#3074=CIRCLE('',#8684,0.500000000000007);
#3075=CIRCLE('',#8687,0.499999999999998);
#3076=CIRCLE('',#8690,0.499999999999998);
#3077=CIRCLE('',#8693,0.500000000000003);
#3078=CIRCLE('',#8696,0.499999999999998);
#3079=CIRCLE('',#8699,0.499999999999998);
#3080=CIRCLE('',#8702,0.500000000000007);
#3081=CIRCLE('',#8705,0.499999999999998);
#3082=CIRCLE('',#8708,0.500000000000007);
#3083=CIRCLE('',#8711,0.499999999999998);
#3084=CIRCLE('',#8713,2.);
#3085=CIRCLE('',#8716,0.499999999999998);
#3086=CIRCLE('',#8719,0.499999999999998);
#3087=CIRCLE('',#8722,0.499999999999998);
#3088=CIRCLE('',#8725,0.499999999999998);
#3089=CIRCLE('',#8728,0.499999999999998);
#3090=CIRCLE('',#8731,0.499999999999998);
#3091=CIRCLE('',#8734,0.499999999999998);
#3092=CIRCLE('',#8737,0.500000000000003);
#3093=CIRCLE('',#8740,0.499999999999998);
#3094=CIRCLE('',#8743,0.499999999999998);
#3095=CIRCLE('',#8746,0.500000000000007);
#3096=CIRCLE('',#8749,0.499999999999998);
#3097=CIRCLE('',#8752,0.500000000000007);
#3098=CIRCLE('',#8755,0.500000000000003);
#3099=CIRCLE('',#8758,0.500000000000007);
#3100=CIRCLE('',#8761,0.499999999999998);
#3101=CIRCLE('',#8764,0.500000000000007);
#3102=CIRCLE('',#8767,0.500000000000003);
#3103=CIRCLE('',#8770,0.500000000000007);
#3104=CIRCLE('',#8773,0.499999999999998);
#3105=CIRCLE('',#8775,5.);
#3106=CIRCLE('',#8778,0.500000000000007);
#3107=CIRCLE('',#8781,0.499999999999998);
#3108=CIRCLE('',#8784,0.500000000000007);
#3109=CIRCLE('',#8787,5.);
#3110=CIRCLE('',#8790,5.);
#3111=CIRCLE('',#8793,5.);
#3112=CIRCLE('',#8796,0.500000000000007);
#3113=CIRCLE('',#8799,0.499999999999998);
#3114=CIRCLE('',#8802,0.499999999999972);
#3115=CIRCLE('',#8805,5.);
#3116=CIRCLE('',#8808,0.499999999999998);
#3117=CIRCLE('',#8811,0.500000000000007);
#3118=CIRCLE('',#8814,0.499999999999998);
#3119=CIRCLE('',#8817,5.);
#3120=CIRCLE('',#8821,5.);
#3121=CIRCLE('',#8824,0.500000000000007);
#3122=CIRCLE('',#8827,0.499999999999998);
#3123=CIRCLE('',#8830,0.500000000000007);
#3124=CIRCLE('',#8833,5.);
#3125=CIRCLE('',#8836,0.499999999999998);
#3126=CIRCLE('',#8839,0.500000000000007);
#3127=CIRCLE('',#8842,0.500000000000003);
#3128=CIRCLE('',#8845,5.);
#3129=CIRCLE('',#8848,5.);
#3130=CIRCLE('',#8851,0.500000000000007);
#3131=CIRCLE('',#8854,0.499999999999998);
#3132=CIRCLE('',#8857,0.500000000000007);
#3133=CIRCLE('',#8860,5.);
#3134=CIRCLE('',#8863,0.499999999999998);
#3135=CIRCLE('',#8866,0.500000000000007);
#3136=CIRCLE('',#8869,0.500000000000003);
#3137=CIRCLE('',#8872,5.);
#3138=CIRCLE('',#8875,5.);
#3139=CIRCLE('',#8878,0.500000000000007);
#3140=CIRCLE('',#8881,0.499999999999998);
#3141=CIRCLE('',#8884,0.499999999999989);
#3142=CIRCLE('',#8887,5.);
#3143=CIRCLE('',#8890,0.499999999999998);
#3144=CIRCLE('',#8893,0.499999999999998);
#3145=CIRCLE('',#8896,0.500000000000003);
#3146=CIRCLE('',#8899,5.);
#3147=CIRCLE('',#8902,5.);
#3148=CIRCLE('',#8905,0.500000000000007);
#3149=CIRCLE('',#8908,0.499999999999998);
#3150=CIRCLE('',#8911,0.499999999999989);
#3151=CIRCLE('',#8914,5.);
#3152=CIRCLE('',#8917,0.499999999999998);
#3153=CIRCLE('',#8920,0.500000000000007);
#3154=CIRCLE('',#8923,0.500000000000003);
#3155=CIRCLE('',#8926,5.);
#3156=VERTEX_POINT('',#11326);
#3157=VERTEX_POINT('',#11327);
#3158=VERTEX_POINT('',#11329);
#3159=VERTEX_POINT('',#11331);
#3160=VERTEX_POINT('',#11335);
#3161=VERTEX_POINT('',#11337);
#3162=VERTEX_POINT('',#11341);
#3163=VERTEX_POINT('',#11343);
#3164=VERTEX_POINT('',#11345);
#3165=VERTEX_POINT('',#11347);
#3166=VERTEX_POINT('',#11349);
#3167=VERTEX_POINT('',#11351);
#3168=VERTEX_POINT('',#11353);
#3169=VERTEX_POINT('',#11355);
#3170=VERTEX_POINT('',#11357);
#3171=VERTEX_POINT('',#11359);
#3172=VERTEX_POINT('',#11361);
#3173=VERTEX_POINT('',#11363);
#3174=VERTEX_POINT('',#11365);
#3175=VERTEX_POINT('',#11367);
#3176=VERTEX_POINT('',#11369);
#3177=VERTEX_POINT('',#11371);
#3178=VERTEX_POINT('',#11373);
#3179=VERTEX_POINT('',#11375);
#3180=VERTEX_POINT('',#11377);
#3181=VERTEX_POINT('',#11379);
#3182=VERTEX_POINT('',#11381);
#3183=VERTEX_POINT('',#11383);
#3184=VERTEX_POINT('',#11385);
#3185=VERTEX_POINT('',#11387);
#3186=VERTEX_POINT('',#11389);
#3187=VERTEX_POINT('',#11391);
#3188=VERTEX_POINT('',#11393);
#3189=VERTEX_POINT('',#11395);
#3190=VERTEX_POINT('',#11397);
#3191=VERTEX_POINT('',#11399);
#3192=VERTEX_POINT('',#11401);
#3193=VERTEX_POINT('',#11403);
#3194=VERTEX_POINT('',#11405);
#3195=VERTEX_POINT('',#11407);
#3196=VERTEX_POINT('',#11409);
#3197=VERTEX_POINT('',#11411);
#3198=VERTEX_POINT('',#11413);
#3199=VERTEX_POINT('',#11415);
#3200=VERTEX_POINT('',#11417);
#3201=VERTEX_POINT('',#11419);
#3202=VERTEX_POINT('',#11421);
#3203=VERTEX_POINT('',#11423);
#3204=VERTEX_POINT('',#11425);
#3205=VERTEX_POINT('',#11427);
#3206=VERTEX_POINT('',#11429);
#3207=VERTEX_POINT('',#11431);
#3208=VERTEX_POINT('',#11433);
#3209=VERTEX_POINT('',#11435);
#3210=VERTEX_POINT('',#11437);
#3211=VERTEX_POINT('',#11439);
#3212=VERTEX_POINT('',#11441);
#3213=VERTEX_POINT('',#11443);
#3214=VERTEX_POINT('',#11445);
#3215=VERTEX_POINT('',#11447);
#3216=VERTEX_POINT('',#11449);
#3217=VERTEX_POINT('',#11451);
#3218=VERTEX_POINT('',#11453);
#3219=VERTEX_POINT('',#11455);
#3220=VERTEX_POINT('',#11457);
#3221=VERTEX_POINT('',#11459);
#3222=VERTEX_POINT('',#11461);
#3223=VERTEX_POINT('',#11463);
#3224=VERTEX_POINT('',#11465);
#3225=VERTEX_POINT('',#11467);
#3226=VERTEX_POINT('',#11469);
#3227=VERTEX_POINT('',#11471);
#3228=VERTEX_POINT('',#11473);
#3229=VERTEX_POINT('',#11475);
#3230=VERTEX_POINT('',#11477);
#3231=VERTEX_POINT('',#11479);
#3232=VERTEX_POINT('',#11481);
#3233=VERTEX_POINT('',#11483);
#3234=VERTEX_POINT('',#11485);
#3235=VERTEX_POINT('',#11487);
#3236=VERTEX_POINT('',#11489);
#3237=VERTEX_POINT('',#11491);
#3238=VERTEX_POINT('',#11493);
#3239=VERTEX_POINT('',#11495);
#3240=VERTEX_POINT('',#11497);
#3241=VERTEX_POINT('',#11499);
#3242=VERTEX_POINT('',#11501);
#3243=VERTEX_POINT('',#11503);
#3244=VERTEX_POINT('',#11505);
#3245=VERTEX_POINT('',#11507);
#3246=VERTEX_POINT('',#11509);
#3247=VERTEX_POINT('',#11511);
#3248=VERTEX_POINT('',#11513);
#3249=VERTEX_POINT('',#11515);
#3250=VERTEX_POINT('',#11517);
#3251=VERTEX_POINT('',#11519);
#3252=VERTEX_POINT('',#11521);
#3253=VERTEX_POINT('',#11523);
#3254=VERTEX_POINT('',#11525);
#3255=VERTEX_POINT('',#11527);
#3256=VERTEX_POINT('',#11529);
#3257=VERTEX_POINT('',#11531);
#3258=VERTEX_POINT('',#11533);
#3259=VERTEX_POINT('',#11535);
#3260=VERTEX_POINT('',#11537);
#3261=VERTEX_POINT('',#11539);
#3262=VERTEX_POINT('',#11541);
#3263=VERTEX_POINT('',#11543);
#3264=VERTEX_POINT('',#11545);
#3265=VERTEX_POINT('',#11547);
#3266=VERTEX_POINT('',#11549);
#3267=VERTEX_POINT('',#11551);
#3268=VERTEX_POINT('',#11553);
#3269=VERTEX_POINT('',#11556);
#3270=VERTEX_POINT('',#11557);
#3271=VERTEX_POINT('',#11559);
#3272=VERTEX_POINT('',#11561);
#3273=VERTEX_POINT('',#11563);
#3274=VERTEX_POINT('',#11565);
#3275=VERTEX_POINT('',#11567);
#3276=VERTEX_POINT('',#11569);
#3277=VERTEX_POINT('',#11572);
#3278=VERTEX_POINT('',#11573);
#3279=VERTEX_POINT('',#11575);
#3280=VERTEX_POINT('',#11577);
#3281=VERTEX_POINT('',#11579);
#3282=VERTEX_POINT('',#11581);
#3283=VERTEX_POINT('',#11583);
#3284=VERTEX_POINT('',#11585);
#3285=VERTEX_POINT('',#11588);
#3286=VERTEX_POINT('',#11589);
#3287=VERTEX_POINT('',#11591);
#3288=VERTEX_POINT('',#11593);
#3289=VERTEX_POINT('',#11595);
#3290=VERTEX_POINT('',#11597);
#3291=VERTEX_POINT('',#11599);
#3292=VERTEX_POINT('',#11601);
#3293=VERTEX_POINT('',#11604);
#3294=VERTEX_POINT('',#11605);
#3295=VERTEX_POINT('',#11607);
#3296=VERTEX_POINT('',#11609);
#3297=VERTEX_POINT('',#11611);
#3298=VERTEX_POINT('',#11613);
#3299=VERTEX_POINT('',#11615);
#3300=VERTEX_POINT('',#11617);
#3301=VERTEX_POINT('',#11620);
#3302=VERTEX_POINT('',#11621);
#3303=VERTEX_POINT('',#11623);
#3304=VERTEX_POINT('',#11625);
#3305=VERTEX_POINT('',#11627);
#3306=VERTEX_POINT('',#11629);
#3307=VERTEX_POINT('',#11631);
#3308=VERTEX_POINT('',#11633);
#3309=VERTEX_POINT('',#11636);
#3310=VERTEX_POINT('',#11638);
#3311=VERTEX_POINT('',#11639);
#3312=VERTEX_POINT('',#11641);
#3313=VERTEX_POINT('',#11643);
#3314=VERTEX_POINT('',#11645);
#3315=VERTEX_POINT('',#11647);
#3316=VERTEX_POINT('',#11649);
#3317=VERTEX_POINT('',#11651);
#3318=VERTEX_POINT('',#11654);
#3319=VERTEX_POINT('',#11655);
#3320=VERTEX_POINT('',#11657);
#3321=VERTEX_POINT('',#11659);
#3322=VERTEX_POINT('',#11661);
#3323=VERTEX_POINT('',#11663);
#3324=VERTEX_POINT('',#11665);
#3325=VERTEX_POINT('',#11667);
#3326=VERTEX_POINT('',#11670);
#3327=VERTEX_POINT('',#11671);
#3328=VERTEX_POINT('',#11673);
#3329=VERTEX_POINT('',#11675);
#3330=VERTEX_POINT('',#11677);
#3331=VERTEX_POINT('',#11679);
#3332=VERTEX_POINT('',#11681);
#3333=VERTEX_POINT('',#11683);
#3334=VERTEX_POINT('',#11686);
#3335=VERTEX_POINT('',#11687);
#3336=VERTEX_POINT('',#11689);
#3337=VERTEX_POINT('',#11691);
#3338=VERTEX_POINT('',#11693);
#3339=VERTEX_POINT('',#11695);
#3340=VERTEX_POINT('',#11697);
#3341=VERTEX_POINT('',#11699);
#3342=VERTEX_POINT('',#11702);
#3343=VERTEX_POINT('',#11703);
#3344=VERTEX_POINT('',#11705);
#3345=VERTEX_POINT('',#11707);
#3346=VERTEX_POINT('',#11709);
#3347=VERTEX_POINT('',#11711);
#3348=VERTEX_POINT('',#11713);
#3349=VERTEX_POINT('',#11715);
#3350=VERTEX_POINT('',#11718);
#3351=VERTEX_POINT('',#11719);
#3352=VERTEX_POINT('',#11721);
#3353=VERTEX_POINT('',#11723);
#3354=VERTEX_POINT('',#11725);
#3355=VERTEX_POINT('',#11727);
#3356=VERTEX_POINT('',#11729);
#3357=VERTEX_POINT('',#11731);
#3358=VERTEX_POINT('',#11734);
#3359=VERTEX_POINT('',#11736);
#3360=VERTEX_POINT('',#11737);
#3361=VERTEX_POINT('',#11739);
#3362=VERTEX_POINT('',#11741);
#3363=VERTEX_POINT('',#11743);
#3364=VERTEX_POINT('',#11745);
#3365=VERTEX_POINT('',#11747);
#3366=VERTEX_POINT('',#11749);
#3367=VERTEX_POINT('',#11752);
#3368=VERTEX_POINT('',#11753);
#3369=VERTEX_POINT('',#11755);
#3370=VERTEX_POINT('',#11757);
#3371=VERTEX_POINT('',#11759);
#3372=VERTEX_POINT('',#11761);
#3373=VERTEX_POINT('',#11763);
#3374=VERTEX_POINT('',#11765);
#3375=VERTEX_POINT('',#11768);
#3376=VERTEX_POINT('',#11770);
#3377=VERTEX_POINT('',#11771);
#3378=VERTEX_POINT('',#11773);
#3379=VERTEX_POINT('',#11775);
#3380=VERTEX_POINT('',#11777);
#3381=VERTEX_POINT('',#11779);
#3382=VERTEX_POINT('',#11781);
#3383=VERTEX_POINT('',#11783);
#3384=VERTEX_POINT('',#11786);
#3385=VERTEX_POINT('',#11787);
#3386=VERTEX_POINT('',#11789);
#3387=VERTEX_POINT('',#11791);
#3388=VERTEX_POINT('',#11793);
#3389=VERTEX_POINT('',#11795);
#3390=VERTEX_POINT('',#11797);
#3391=VERTEX_POINT('',#11799);
#3392=VERTEX_POINT('',#11802);
#3393=VERTEX_POINT('',#11803);
#3394=VERTEX_POINT('',#11805);
#3395=VERTEX_POINT('',#11807);
#3396=VERTEX_POINT('',#11809);
#3397=VERTEX_POINT('',#11811);
#3398=VERTEX_POINT('',#11813);
#3399=VERTEX_POINT('',#11815);
#3400=VERTEX_POINT('',#11818);
#3401=VERTEX_POINT('',#11819);
#3402=VERTEX_POINT('',#11821);
#3403=VERTEX_POINT('',#11823);
#3404=VERTEX_POINT('',#11825);
#3405=VERTEX_POINT('',#11827);
#3406=VERTEX_POINT('',#11829);
#3407=VERTEX_POINT('',#11831);
#3408=VERTEX_POINT('',#11834);
#3409=VERTEX_POINT('',#11835);
#3410=VERTEX_POINT('',#11837);
#3411=VERTEX_POINT('',#11839);
#3412=VERTEX_POINT('',#11841);
#3413=VERTEX_POINT('',#11843);
#3414=VERTEX_POINT('',#11845);
#3415=VERTEX_POINT('',#11847);
#3416=VERTEX_POINT('',#11850);
#3417=VERTEX_POINT('',#11852);
#3418=VERTEX_POINT('',#11854);
#3419=VERTEX_POINT('',#11855);
#3420=VERTEX_POINT('',#11857);
#3421=VERTEX_POINT('',#11859);
#3422=VERTEX_POINT('',#11861);
#3423=VERTEX_POINT('',#11863);
#3424=VERTEX_POINT('',#11865);
#3425=VERTEX_POINT('',#11867);
#3426=VERTEX_POINT('',#11870);
#3427=VERTEX_POINT('',#11871);
#3428=VERTEX_POINT('',#11873);
#3429=VERTEX_POINT('',#11875);
#3430=VERTEX_POINT('',#11877);
#3431=VERTEX_POINT('',#11879);
#3432=VERTEX_POINT('',#11881);
#3433=VERTEX_POINT('',#11883);
#3434=VERTEX_POINT('',#11886);
#3435=VERTEX_POINT('',#11887);
#3436=VERTEX_POINT('',#11889);
#3437=VERTEX_POINT('',#11891);
#3438=VERTEX_POINT('',#11893);
#3439=VERTEX_POINT('',#11895);
#3440=VERTEX_POINT('',#11897);
#3441=VERTEX_POINT('',#11899);
#3442=VERTEX_POINT('',#11902);
#3443=VERTEX_POINT('',#11903);
#3444=VERTEX_POINT('',#11905);
#3445=VERTEX_POINT('',#11907);
#3446=VERTEX_POINT('',#11909);
#3447=VERTEX_POINT('',#11911);
#3448=VERTEX_POINT('',#11913);
#3449=VERTEX_POINT('',#11915);
#3450=VERTEX_POINT('',#11918);
#3451=VERTEX_POINT('',#11919);
#3452=VERTEX_POINT('',#11921);
#3453=VERTEX_POINT('',#11923);
#3454=VERTEX_POINT('',#11925);
#3455=VERTEX_POINT('',#11927);
#3456=VERTEX_POINT('',#11929);
#3457=VERTEX_POINT('',#11931);
#3458=VERTEX_POINT('',#11934);
#3459=VERTEX_POINT('',#11936);
#3460=VERTEX_POINT('',#11937);
#3461=VERTEX_POINT('',#11939);
#3462=VERTEX_POINT('',#11941);
#3463=VERTEX_POINT('',#11943);
#3464=VERTEX_POINT('',#11945);
#3465=VERTEX_POINT('',#11947);
#3466=VERTEX_POINT('',#11949);
#3467=VERTEX_POINT('',#11952);
#3468=VERTEX_POINT('',#11953);
#3469=VERTEX_POINT('',#11955);
#3470=VERTEX_POINT('',#11957);
#3471=VERTEX_POINT('',#11959);
#3472=VERTEX_POINT('',#11961);
#3473=VERTEX_POINT('',#11963);
#3474=VERTEX_POINT('',#11965);
#3475=VERTEX_POINT('',#11968);
#3476=VERTEX_POINT('',#11969);
#3477=VERTEX_POINT('',#11971);
#3478=VERTEX_POINT('',#11973);
#3479=VERTEX_POINT('',#11975);
#3480=VERTEX_POINT('',#11977);
#3481=VERTEX_POINT('',#11979);
#3482=VERTEX_POINT('',#11981);
#3483=VERTEX_POINT('',#11984);
#3484=VERTEX_POINT('',#11986);
#3485=VERTEX_POINT('',#11987);
#3486=VERTEX_POINT('',#11989);
#3487=VERTEX_POINT('',#11991);
#3488=VERTEX_POINT('',#11993);
#3489=VERTEX_POINT('',#11995);
#3490=VERTEX_POINT('',#11997);
#3491=VERTEX_POINT('',#11999);
#3492=VERTEX_POINT('',#12002);
#3493=VERTEX_POINT('',#12003);
#3494=VERTEX_POINT('',#12005);
#3495=VERTEX_POINT('',#12007);
#3496=VERTEX_POINT('',#12009);
#3497=VERTEX_POINT('',#12011);
#3498=VERTEX_POINT('',#12013);
#3499=VERTEX_POINT('',#12015);
#3500=VERTEX_POINT('',#12018);
#3501=VERTEX_POINT('',#12019);
#3502=VERTEX_POINT('',#12021);
#3503=VERTEX_POINT('',#12023);
#3504=VERTEX_POINT('',#12025);
#3505=VERTEX_POINT('',#12027);
#3506=VERTEX_POINT('',#12029);
#3507=VERTEX_POINT('',#12031);
#3508=VERTEX_POINT('',#12034);
#3509=VERTEX_POINT('',#12035);
#3510=VERTEX_POINT('',#12037);
#3511=VERTEX_POINT('',#12039);
#3512=VERTEX_POINT('',#12041);
#3513=VERTEX_POINT('',#12043);
#3514=VERTEX_POINT('',#12045);
#3515=VERTEX_POINT('',#12047);
#3516=VERTEX_POINT('',#12050);
#3517=VERTEX_POINT('',#12051);
#3518=VERTEX_POINT('',#12053);
#3519=VERTEX_POINT('',#12055);
#3520=VERTEX_POINT('',#12057);
#3521=VERTEX_POINT('',#12059);
#3522=VERTEX_POINT('',#12061);
#3523=VERTEX_POINT('',#12063);
#3524=VERTEX_POINT('',#12066);
#3525=VERTEX_POINT('',#12067);
#3526=VERTEX_POINT('',#12069);
#3527=VERTEX_POINT('',#12071);
#3528=VERTEX_POINT('',#12073);
#3529=VERTEX_POINT('',#12075);
#3530=VERTEX_POINT('',#12077);
#3531=VERTEX_POINT('',#12079);
#3532=VERTEX_POINT('',#12082);
#3533=VERTEX_POINT('',#12083);
#3534=VERTEX_POINT('',#12085);
#3535=VERTEX_POINT('',#12087);
#3536=VERTEX_POINT('',#12089);
#3537=VERTEX_POINT('',#12091);
#3538=VERTEX_POINT('',#12093);
#3539=VERTEX_POINT('',#12095);
#3540=VERTEX_POINT('',#12098);
#3541=VERTEX_POINT('',#12099);
#3542=VERTEX_POINT('',#12101);
#3543=VERTEX_POINT('',#12103);
#3544=VERTEX_POINT('',#12105);
#3545=VERTEX_POINT('',#12107);
#3546=VERTEX_POINT('',#12109);
#3547=VERTEX_POINT('',#12111);
#3548=VERTEX_POINT('',#12114);
#3549=VERTEX_POINT('',#12115);
#3550=VERTEX_POINT('',#12117);
#3551=VERTEX_POINT('',#12119);
#3552=VERTEX_POINT('',#12121);
#3553=VERTEX_POINT('',#12123);
#3554=VERTEX_POINT('',#12125);
#3555=VERTEX_POINT('',#12127);
#3556=VERTEX_POINT('',#12131);
#3557=VERTEX_POINT('',#12135);
#3558=VERTEX_POINT('',#12139);
#3559=VERTEX_POINT('',#12140);
#3560=VERTEX_POINT('',#12145);
#3561=VERTEX_POINT('',#12149);
#3562=VERTEX_POINT('',#12153);
#3563=VERTEX_POINT('',#12155);
#3564=VERTEX_POINT('',#12159);
#3565=VERTEX_POINT('',#12163);
#3566=VERTEX_POINT('',#12167);
#3567=VERTEX_POINT('',#12171);
#3568=VERTEX_POINT('',#12175);
#3569=VERTEX_POINT('',#12179);
#3570=VERTEX_POINT('',#12185);
#3571=VERTEX_POINT('',#12187);
#3572=VERTEX_POINT('',#12191);
#3573=VERTEX_POINT('',#12195);
#3574=VERTEX_POINT('',#12199);
#3575=VERTEX_POINT('',#12203);
#3576=VERTEX_POINT('',#12207);
#3577=VERTEX_POINT('',#12211);
#3578=VERTEX_POINT('',#12217);
#3579=VERTEX_POINT('',#12219);
#3580=VERTEX_POINT('',#12223);
#3581=VERTEX_POINT('',#12227);
#3582=VERTEX_POINT('',#12231);
#3583=VERTEX_POINT('',#12235);
#3584=VERTEX_POINT('',#12239);
#3585=VERTEX_POINT('',#12243);
#3586=VERTEX_POINT('',#12249);
#3587=VERTEX_POINT('',#12251);
#3588=VERTEX_POINT('',#12255);
#3589=VERTEX_POINT('',#12259);
#3590=VERTEX_POINT('',#12263);
#3591=VERTEX_POINT('',#12267);
#3592=VERTEX_POINT('',#12271);
#3593=VERTEX_POINT('',#12275);
#3594=VERTEX_POINT('',#12281);
#3595=VERTEX_POINT('',#12283);
#3596=VERTEX_POINT('',#12287);
#3597=VERTEX_POINT('',#12291);
#3598=VERTEX_POINT('',#12295);
#3599=VERTEX_POINT('',#12299);
#3600=VERTEX_POINT('',#12303);
#3601=VERTEX_POINT('',#12307);
#3602=VERTEX_POINT('',#12313);
#3603=VERTEX_POINT('',#12315);
#3604=VERTEX_POINT('',#12319);
#3605=VERTEX_POINT('',#12323);
#3606=VERTEX_POINT('',#12327);
#3607=VERTEX_POINT('',#12331);
#3608=VERTEX_POINT('',#12335);
#3609=VERTEX_POINT('',#12339);
#3610=VERTEX_POINT('',#12345);
#3611=VERTEX_POINT('',#12347);
#3612=VERTEX_POINT('',#12351);
#3613=VERTEX_POINT('',#12355);
#3614=VERTEX_POINT('',#12359);
#3615=VERTEX_POINT('',#12363);
#3616=VERTEX_POINT('',#12367);
#3617=VERTEX_POINT('',#12371);
#3618=VERTEX_POINT('',#12377);
#3619=VERTEX_POINT('',#12379);
#3620=VERTEX_POINT('',#12383);
#3621=VERTEX_POINT('',#12387);
#3622=VERTEX_POINT('',#12391);
#3623=VERTEX_POINT('',#12395);
#3624=VERTEX_POINT('',#12399);
#3625=VERTEX_POINT('',#12403);
#3626=VERTEX_POINT('',#12409);
#3627=VERTEX_POINT('',#12411);
#3628=VERTEX_POINT('',#12415);
#3629=VERTEX_POINT('',#12419);
#3630=VERTEX_POINT('',#12423);
#3631=VERTEX_POINT('',#12427);
#3632=VERTEX_POINT('',#12431);
#3633=VERTEX_POINT('',#12435);
#3634=VERTEX_POINT('',#12441);
#3635=VERTEX_POINT('',#12445);
#3636=VERTEX_POINT('',#12447);
#3637=VERTEX_POINT('',#12451);
#3638=VERTEX_POINT('',#12455);
#3639=VERTEX_POINT('',#12459);
#3640=VERTEX_POINT('',#12463);
#3641=VERTEX_POINT('',#12467);
#3642=VERTEX_POINT('',#12471);
#3643=VERTEX_POINT('',#12477);
#3644=VERTEX_POINT('',#12479);
#3645=VERTEX_POINT('',#12483);
#3646=VERTEX_POINT('',#12487);
#3647=VERTEX_POINT('',#12491);
#3648=VERTEX_POINT('',#12495);
#3649=VERTEX_POINT('',#12499);
#3650=VERTEX_POINT('',#12503);
#3651=VERTEX_POINT('',#12509);
#3652=VERTEX_POINT('',#12511);
#3653=VERTEX_POINT('',#12515);
#3654=VERTEX_POINT('',#12519);
#3655=VERTEX_POINT('',#12523);
#3656=VERTEX_POINT('',#12527);
#3657=VERTEX_POINT('',#12531);
#3658=VERTEX_POINT('',#12535);
#3659=VERTEX_POINT('',#12541);
#3660=VERTEX_POINT('',#12545);
#3661=VERTEX_POINT('',#12547);
#3662=VERTEX_POINT('',#12551);
#3663=VERTEX_POINT('',#12555);
#3664=VERTEX_POINT('',#12559);
#3665=VERTEX_POINT('',#12563);
#3666=VERTEX_POINT('',#12567);
#3667=VERTEX_POINT('',#12571);
#3668=VERTEX_POINT('',#12577);
#3669=VERTEX_POINT('',#12579);
#3670=VERTEX_POINT('',#12583);
#3671=VERTEX_POINT('',#12587);
#3672=VERTEX_POINT('',#12591);
#3673=VERTEX_POINT('',#12595);
#3674=VERTEX_POINT('',#12599);
#3675=VERTEX_POINT('',#12603);
#3676=VERTEX_POINT('',#12609);
#3677=VERTEX_POINT('',#12611);
#3678=VERTEX_POINT('',#12615);
#3679=VERTEX_POINT('',#12619);
#3680=VERTEX_POINT('',#12623);
#3681=VERTEX_POINT('',#12627);
#3682=VERTEX_POINT('',#12631);
#3683=VERTEX_POINT('',#12635);
#3684=VERTEX_POINT('',#12641);
#3685=VERTEX_POINT('',#12643);
#3686=VERTEX_POINT('',#12647);
#3687=VERTEX_POINT('',#12651);
#3688=VERTEX_POINT('',#12655);
#3689=VERTEX_POINT('',#12659);
#3690=VERTEX_POINT('',#12663);
#3691=VERTEX_POINT('',#12667);
#3692=VERTEX_POINT('',#12673);
#3693=VERTEX_POINT('',#12675);
#3694=VERTEX_POINT('',#12679);
#3695=VERTEX_POINT('',#12683);
#3696=VERTEX_POINT('',#12687);
#3697=VERTEX_POINT('',#12691);
#3698=VERTEX_POINT('',#12695);
#3699=VERTEX_POINT('',#12699);
#3700=VERTEX_POINT('',#12705);
#3701=VERTEX_POINT('',#12709);
#3702=VERTEX_POINT('',#12713);
#3703=VERTEX_POINT('',#12715);
#3704=VERTEX_POINT('',#12719);
#3705=VERTEX_POINT('',#12723);
#3706=VERTEX_POINT('',#12727);
#3707=VERTEX_POINT('',#12731);
#3708=VERTEX_POINT('',#12735);
#3709=VERTEX_POINT('',#12739);
#3710=VERTEX_POINT('',#12745);
#3711=VERTEX_POINT('',#12747);
#3712=VERTEX_POINT('',#12751);
#3713=VERTEX_POINT('',#12755);
#3714=VERTEX_POINT('',#12759);
#3715=VERTEX_POINT('',#12763);
#3716=VERTEX_POINT('',#12767);
#3717=VERTEX_POINT('',#12771);
#3718=VERTEX_POINT('',#12777);
#3719=VERTEX_POINT('',#12779);
#3720=VERTEX_POINT('',#12783);
#3721=VERTEX_POINT('',#12787);
#3722=VERTEX_POINT('',#12791);
#3723=VERTEX_POINT('',#12795);
#3724=VERTEX_POINT('',#12799);
#3725=VERTEX_POINT('',#12803);
#3726=VERTEX_POINT('',#12809);
#3727=VERTEX_POINT('',#12811);
#3728=VERTEX_POINT('',#12815);
#3729=VERTEX_POINT('',#12819);
#3730=VERTEX_POINT('',#12823);
#3731=VERTEX_POINT('',#12827);
#3732=VERTEX_POINT('',#12831);
#3733=VERTEX_POINT('',#12835);
#3734=VERTEX_POINT('',#12841);
#3735=VERTEX_POINT('',#12843);
#3736=VERTEX_POINT('',#12847);
#3737=VERTEX_POINT('',#12851);
#3738=VERTEX_POINT('',#12855);
#3739=VERTEX_POINT('',#12859);
#3740=VERTEX_POINT('',#12863);
#3741=VERTEX_POINT('',#12867);
#3742=VERTEX_POINT('',#12873);
#3743=VERTEX_POINT('',#12877);
#3744=VERTEX_POINT('',#12879);
#3745=VERTEX_POINT('',#12883);
#3746=VERTEX_POINT('',#12887);
#3747=VERTEX_POINT('',#12891);
#3748=VERTEX_POINT('',#12895);
#3749=VERTEX_POINT('',#12899);
#3750=VERTEX_POINT('',#12903);
#3751=VERTEX_POINT('',#12909);
#3752=VERTEX_POINT('',#12911);
#3753=VERTEX_POINT('',#12915);
#3754=VERTEX_POINT('',#12919);
#3755=VERTEX_POINT('',#12923);
#3756=VERTEX_POINT('',#12927);
#3757=VERTEX_POINT('',#12931);
#3758=VERTEX_POINT('',#12935);
#3759=VERTEX_POINT('',#12941);
#3760=VERTEX_POINT('',#12945);
#3761=VERTEX_POINT('',#12947);
#3762=VERTEX_POINT('',#12951);
#3763=VERTEX_POINT('',#12955);
#3764=VERTEX_POINT('',#12959);
#3765=VERTEX_POINT('',#12963);
#3766=VERTEX_POINT('',#12967);
#3767=VERTEX_POINT('',#12971);
#3768=VERTEX_POINT('',#12977);
#3769=VERTEX_POINT('',#12979);
#3770=VERTEX_POINT('',#12983);
#3771=VERTEX_POINT('',#12987);
#3772=VERTEX_POINT('',#12991);
#3773=VERTEX_POINT('',#12995);
#3774=VERTEX_POINT('',#12999);
#3775=VERTEX_POINT('',#13003);
#3776=VERTEX_POINT('',#13009);
#3777=VERTEX_POINT('',#13011);
#3778=VERTEX_POINT('',#13015);
#3779=VERTEX_POINT('',#13019);
#3780=VERTEX_POINT('',#13023);
#3781=VERTEX_POINT('',#13027);
#3782=VERTEX_POINT('',#13031);
#3783=VERTEX_POINT('',#13035);
#3784=VERTEX_POINT('',#13041);
#3785=VERTEX_POINT('',#13043);
#3786=VERTEX_POINT('',#13047);
#3787=VERTEX_POINT('',#13051);
#3788=VERTEX_POINT('',#13055);
#3789=VERTEX_POINT('',#13059);
#3790=VERTEX_POINT('',#13063);
#3791=VERTEX_POINT('',#13067);
#3792=VERTEX_POINT('',#13073);
#3793=VERTEX_POINT('',#13075);
#3794=VERTEX_POINT('',#13079);
#3795=VERTEX_POINT('',#13083);
#3796=VERTEX_POINT('',#13087);
#3797=VERTEX_POINT('',#13091);
#3798=VERTEX_POINT('',#13095);
#3799=VERTEX_POINT('',#13099);
#3800=VERTEX_POINT('',#13105);
#3801=VERTEX_POINT('',#13107);
#3802=VERTEX_POINT('',#13111);
#3803=VERTEX_POINT('',#13115);
#3804=VERTEX_POINT('',#13119);
#3805=VERTEX_POINT('',#13123);
#3806=VERTEX_POINT('',#13127);
#3807=VERTEX_POINT('',#13131);
#3808=VERTEX_POINT('',#13137);
#3809=VERTEX_POINT('',#13141);
#3810=VERTEX_POINT('',#13143);
#3811=VERTEX_POINT('',#13147);
#3812=VERTEX_POINT('',#13151);
#3813=VERTEX_POINT('',#13155);
#3814=VERTEX_POINT('',#13159);
#3815=VERTEX_POINT('',#13163);
#3816=VERTEX_POINT('',#13167);
#3817=VERTEX_POINT('',#13173);
#3818=VERTEX_POINT('',#13175);
#3819=VERTEX_POINT('',#13179);
#3820=VERTEX_POINT('',#13183);
#3821=VERTEX_POINT('',#13187);
#3822=VERTEX_POINT('',#13191);
#3823=VERTEX_POINT('',#13195);
#3824=VERTEX_POINT('',#13199);
#3825=VERTEX_POINT('',#13205);
#3826=VERTEX_POINT('',#13207);
#3827=VERTEX_POINT('',#13211);
#3828=VERTEX_POINT('',#13215);
#3829=VERTEX_POINT('',#13219);
#3830=VERTEX_POINT('',#13223);
#3831=VERTEX_POINT('',#13227);
#3832=VERTEX_POINT('',#13231);
#3833=VERTEX_POINT('',#13237);
#3834=VERTEX_POINT('',#13239);
#3835=VERTEX_POINT('',#13243);
#3836=VERTEX_POINT('',#13247);
#3837=VERTEX_POINT('',#13251);
#3838=VERTEX_POINT('',#13255);
#3839=VERTEX_POINT('',#13259);
#3840=VERTEX_POINT('',#13263);
#3841=VERTEX_POINT('',#13269);
#3842=VERTEX_POINT('',#13271);
#3843=VERTEX_POINT('',#13275);
#3844=VERTEX_POINT('',#13279);
#3845=VERTEX_POINT('',#13283);
#3846=VERTEX_POINT('',#13287);
#3847=VERTEX_POINT('',#13291);
#3848=VERTEX_POINT('',#13295);
#3849=VERTEX_POINT('',#13301);
#3850=VERTEX_POINT('',#13303);
#3851=VERTEX_POINT('',#13307);
#3852=VERTEX_POINT('',#13311);
#3853=VERTEX_POINT('',#13315);
#3854=VERTEX_POINT('',#13319);
#3855=VERTEX_POINT('',#13323);
#3856=VERTEX_POINT('',#13327);
#3857=VERTEX_POINT('',#13331);
#3858=VERTEX_POINT('',#13335);
#3859=VERTEX_POINT('',#13339);
#3860=VERTEX_POINT('',#13343);
#3861=VERTEX_POINT('',#13347);
#3862=VERTEX_POINT('',#13351);
#3863=VERTEX_POINT('',#13355);
#3864=VERTEX_POINT('',#13359);
#3865=VERTEX_POINT('',#13363);
#3866=VERTEX_POINT('',#13367);
#3867=VERTEX_POINT('',#13371);
#3868=VERTEX_POINT('',#13375);
#3869=VERTEX_POINT('',#13379);
#3870=VERTEX_POINT('',#13383);
#3871=VERTEX_POINT('',#13387);
#3872=VERTEX_POINT('',#13391);
#3873=VERTEX_POINT('',#13395);
#3874=VERTEX_POINT('',#13399);
#3875=VERTEX_POINT('',#13403);
#3876=VERTEX_POINT('',#13407);
#3877=VERTEX_POINT('',#13411);
#3878=VERTEX_POINT('',#13415);
#3879=VERTEX_POINT('',#13421);
#3880=VERTEX_POINT('',#13425);
#3881=VERTEX_POINT('',#13429);
#3882=VERTEX_POINT('',#13433);
#3883=VERTEX_POINT('',#13437);
#3884=VERTEX_POINT('',#13441);
#3885=VERTEX_POINT('',#13445);
#3886=VERTEX_POINT('',#13449);
#3887=VERTEX_POINT('',#13453);
#3888=VERTEX_POINT('',#13457);
#3889=VERTEX_POINT('',#13461);
#3890=VERTEX_POINT('',#13465);
#3891=VERTEX_POINT('',#13469);
#3892=VERTEX_POINT('',#13473);
#3893=VERTEX_POINT('',#13477);
#3894=VERTEX_POINT('',#13481);
#3895=VERTEX_POINT('',#13485);
#3896=VERTEX_POINT('',#13489);
#3897=VERTEX_POINT('',#13493);
#3898=VERTEX_POINT('',#13497);
#3899=VERTEX_POINT('',#13501);
#3900=VERTEX_POINT('',#13505);
#3901=VERTEX_POINT('',#13509);
#3902=VERTEX_POINT('',#13513);
#3903=VERTEX_POINT('',#13517);
#3904=VERTEX_POINT('',#13521);
#3905=VERTEX_POINT('',#13525);
#3906=VERTEX_POINT('',#13529);
#3907=VERTEX_POINT('',#13533);
#3908=VERTEX_POINT('',#13537);
#3909=VERTEX_POINT('',#13541);
#3910=VERTEX_POINT('',#13545);
#3911=VERTEX_POINT('',#13549);
#3912=VERTEX_POINT('',#13553);
#3913=VERTEX_POINT('',#13557);
#3914=VERTEX_POINT('',#13561);
#3915=VERTEX_POINT('',#13565);
#3916=VERTEX_POINT('',#13569);
#3917=VERTEX_POINT('',#13573);
#3918=VERTEX_POINT('',#13577);
#3919=VERTEX_POINT('',#13581);
#3920=VERTEX_POINT('',#13585);
#3921=VERTEX_POINT('',#13589);
#3922=VERTEX_POINT('',#13593);
#3923=VERTEX_POINT('',#13597);
#3924=VERTEX_POINT('',#13601);
#3925=VERTEX_POINT('',#13605);
#3926=VERTEX_POINT('',#13609);
#3927=VERTEX_POINT('',#13613);
#3928=VERTEX_POINT('',#13617);
#3929=VERTEX_POINT('',#13621);
#3930=VERTEX_POINT('',#13625);
#3931=VERTEX_POINT('',#13629);
#3932=VERTEX_POINT('',#13633);
#3933=VERTEX_POINT('',#13637);
#3934=VERTEX_POINT('',#13641);
#3935=VERTEX_POINT('',#13645);
#3936=VERTEX_POINT('',#13649);
#3937=VERTEX_POINT('',#13653);
#3938=VERTEX_POINT('',#13657);
#3939=VERTEX_POINT('',#13661);
#3940=VERTEX_POINT('',#13665);
#3941=VERTEX_POINT('',#13669);
#3942=VERTEX_POINT('',#13673);
#3943=VERTEX_POINT('',#13677);
#3944=VERTEX_POINT('',#13681);
#3945=VERTEX_POINT('',#13685);
#3946=VERTEX_POINT('',#13689);
#3947=VERTEX_POINT('',#13693);
#3948=VERTEX_POINT('',#13697);
#3949=VERTEX_POINT('',#13701);
#3950=EDGE_CURVE('',#3156,#3157,#2752,.T.);
#3951=EDGE_CURVE('',#3157,#3158,#1178,.T.);
#3952=EDGE_CURVE('',#3158,#3159,#2753,.T.);
#3953=EDGE_CURVE('',#3159,#3156,#1179,.T.);
#3954=EDGE_CURVE('',#3159,#3160,#1180,.T.);
#3955=EDGE_CURVE('',#3161,#3160,#1181,.T.);
#3956=EDGE_CURVE('',#3156,#3161,#1182,.T.);
#3957=EDGE_CURVE('',#3158,#3162,#1183,.T.);
#3958=EDGE_CURVE('',#3163,#3162,#2754,.T.);
#3959=EDGE_CURVE('',#3164,#3163,#1184,.T.);
#3960=EDGE_CURVE('',#3165,#3164,#2755,.T.);
#3961=EDGE_CURVE('',#3166,#3165,#1185,.T.);
#3962=EDGE_CURVE('',#3167,#3166,#2756,.T.);
#3963=EDGE_CURVE('',#3167,#3168,#1186,.T.);
#3964=EDGE_CURVE('',#3169,#3168,#2757,.T.);
#3965=EDGE_CURVE('',#3169,#3170,#1187,.T.);
#3966=EDGE_CURVE('',#3171,#3170,#2758,.T.);
#3967=EDGE_CURVE('',#3171,#3172,#1188,.T.);
#3968=EDGE_CURVE('',#3173,#3172,#2759,.T.);
#3969=EDGE_CURVE('',#3173,#3174,#1189,.T.);
#3970=EDGE_CURVE('',#3175,#3174,#2760,.T.);
#3971=EDGE_CURVE('',#3176,#3175,#1190,.T.);
#3972=EDGE_CURVE('',#3177,#3176,#2761,.T.);
#3973=EDGE_CURVE('',#3178,#3177,#1191,.T.);
#3974=EDGE_CURVE('',#3179,#3178,#2762,.T.);
#3975=EDGE_CURVE('',#3179,#3180,#1192,.T.);
#3976=EDGE_CURVE('',#3181,#3180,#2763,.T.);
#3977=EDGE_CURVE('',#3181,#3182,#1193,.T.);
#3978=EDGE_CURVE('',#3183,#3182,#2764,.T.);
#3979=EDGE_CURVE('',#3184,#3183,#1194,.T.);
#3980=EDGE_CURVE('',#3185,#3184,#2765,.T.);
#3981=EDGE_CURVE('',#3185,#3186,#1195,.T.);
#3982=EDGE_CURVE('',#3187,#3186,#2766,.T.);
#3983=EDGE_CURVE('',#3187,#3188,#1196,.T.);
#3984=EDGE_CURVE('',#3189,#3188,#2767,.T.);
#3985=EDGE_CURVE('',#3190,#3189,#1197,.T.);
#3986=EDGE_CURVE('',#3191,#3190,#2768,.T.);
#3987=EDGE_CURVE('',#3191,#3192,#1198,.T.);
#3988=EDGE_CURVE('',#3193,#3192,#2769,.T.);
#3989=EDGE_CURVE('',#3193,#3194,#1199,.T.);
#3990=EDGE_CURVE('',#3195,#3194,#2770,.T.);
#3991=EDGE_CURVE('',#3196,#3195,#1200,.T.);
#3992=EDGE_CURVE('',#3197,#3196,#2771,.T.);
#3993=EDGE_CURVE('',#3197,#3198,#1201,.T.);
#3994=EDGE_CURVE('',#3199,#3198,#2772,.T.);
#3995=EDGE_CURVE('',#3199,#3200,#1202,.T.);
#3996=EDGE_CURVE('',#3201,#3200,#2773,.T.);
#3997=EDGE_CURVE('',#3202,#3201,#1203,.T.);
#3998=EDGE_CURVE('',#3203,#3202,#2774,.T.);
#3999=EDGE_CURVE('',#3204,#3203,#1204,.T.);
#4000=EDGE_CURVE('',#3205,#3204,#2775,.T.);
#4001=EDGE_CURVE('',#3205,#3206,#1205,.T.);
#4002=EDGE_CURVE('',#3207,#3206,#2776,.T.);
#4003=EDGE_CURVE('',#3208,#3207,#1206,.T.);
#4004=EDGE_CURVE('',#3209,#3208,#2777,.T.);
#4005=EDGE_CURVE('',#3210,#3209,#1207,.T.);
#4006=EDGE_CURVE('',#3211,#3210,#2778,.T.);
#4007=EDGE_CURVE('',#3211,#3212,#1208,.T.);
#4008=EDGE_CURVE('',#3213,#3212,#2779,.T.);
#4009=EDGE_CURVE('',#3214,#3213,#1209,.T.);
#4010=EDGE_CURVE('',#3215,#3214,#2780,.T.);
#4011=EDGE_CURVE('',#3215,#3216,#1210,.T.);
#4012=EDGE_CURVE('',#3217,#3216,#2781,.T.);
#4013=EDGE_CURVE('',#3217,#3218,#1211,.T.);
#4014=EDGE_CURVE('',#3219,#3218,#2782,.T.);
#4015=EDGE_CURVE('',#3220,#3219,#1212,.T.);
#4016=EDGE_CURVE('',#3221,#3220,#2783,.T.);
#4017=EDGE_CURVE('',#3222,#3221,#1213,.T.);
#4018=EDGE_CURVE('',#3223,#3222,#2784,.T.);
#4019=EDGE_CURVE('',#3223,#3224,#1214,.T.);
#4020=EDGE_CURVE('',#3225,#3224,#2785,.T.);
#4021=EDGE_CURVE('',#3226,#3225,#1215,.T.);
#4022=EDGE_CURVE('',#3227,#3226,#2786,.T.);
#4023=EDGE_CURVE('',#3228,#3227,#1216,.T.);
#4024=EDGE_CURVE('',#3229,#3228,#2787,.T.);
#4025=EDGE_CURVE('',#3229,#3230,#1217,.T.);
#4026=EDGE_CURVE('',#3231,#3230,#2788,.T.);
#4027=EDGE_CURVE('',#3232,#3231,#1218,.T.);
#4028=EDGE_CURVE('',#3233,#3232,#2789,.T.);
#4029=EDGE_CURVE('',#3233,#3234,#1219,.T.);
#4030=EDGE_CURVE('',#3235,#3234,#2790,.T.);
#4031=EDGE_CURVE('',#3235,#3236,#1220,.T.);
#4032=EDGE_CURVE('',#3237,#3236,#2791,.T.);
#4033=EDGE_CURVE('',#3238,#3237,#1221,.T.);
#4034=EDGE_CURVE('',#3239,#3238,#2792,.T.);
#4035=EDGE_CURVE('',#3240,#3239,#1222,.T.);
#4036=EDGE_CURVE('',#3241,#3240,#2793,.T.);
#4037=EDGE_CURVE('',#3241,#3242,#1223,.T.);
#4038=EDGE_CURVE('',#3243,#3242,#2794,.T.);
#4039=EDGE_CURVE('',#3244,#3243,#1224,.T.);
#4040=EDGE_CURVE('',#3245,#3244,#2795,.T.);
#4041=EDGE_CURVE('',#3246,#3245,#1225,.T.);
#4042=EDGE_CURVE('',#3247,#3246,#2796,.T.);
#4043=EDGE_CURVE('',#3247,#3248,#1226,.T.);
#4044=EDGE_CURVE('',#3249,#3248,#2797,.T.);
#4045=EDGE_CURVE('',#3250,#3249,#1227,.T.);
#4046=EDGE_CURVE('',#3251,#3250,#2798,.T.);
#4047=EDGE_CURVE('',#3251,#3252,#1228,.T.);
#4048=EDGE_CURVE('',#3253,#3252,#2799,.T.);
#4049=EDGE_CURVE('',#3253,#3254,#1229,.T.);
#4050=EDGE_CURVE('',#3255,#3254,#2800,.T.);
#4051=EDGE_CURVE('',#3256,#3255,#1230,.T.);
#4052=EDGE_CURVE('',#3257,#3256,#2801,.T.);
#4053=EDGE_CURVE('',#3258,#3257,#1231,.T.);
#4054=EDGE_CURVE('',#3259,#3258,#2802,.T.);
#4055=EDGE_CURVE('',#3259,#3260,#1232,.T.);
#4056=EDGE_CURVE('',#3261,#3260,#2803,.T.);
#4057=EDGE_CURVE('',#3262,#3261,#1233,.T.);
#4058=EDGE_CURVE('',#3263,#3262,#2804,.T.);
#4059=EDGE_CURVE('',#3264,#3263,#1234,.T.);
#4060=EDGE_CURVE('',#3265,#3264,#2805,.T.);
#4061=EDGE_CURVE('',#3265,#3266,#1235,.T.);
#4062=EDGE_CURVE('',#3267,#3266,#2806,.T.);
#4063=EDGE_CURVE('',#3268,#3267,#1236,.T.);
#4064=EDGE_CURVE('',#3160,#3268,#2807,.T.);
#4065=EDGE_CURVE('',#3269,#3270,#2808,.T.);
#4066=EDGE_CURVE('',#3270,#3271,#1237,.T.);
#4067=EDGE_CURVE('',#3271,#3272,#2809,.T.);
#4068=EDGE_CURVE('',#3272,#3273,#1238,.T.);
#4069=EDGE_CURVE('',#3273,#3274,#2810,.T.);
#4070=EDGE_CURVE('',#3274,#3275,#1239,.T.);
#4071=EDGE_CURVE('',#3275,#3276,#2811,.T.);
#4072=EDGE_CURVE('',#3276,#3269,#1240,.T.);
#4073=EDGE_CURVE('',#3277,#3278,#2812,.T.);
#4074=EDGE_CURVE('',#3278,#3279,#1241,.T.);
#4075=EDGE_CURVE('',#3279,#3280,#2813,.T.);
#4076=EDGE_CURVE('',#3280,#3281,#1242,.T.);
#4077=EDGE_CURVE('',#3281,#3282,#2814,.T.);
#4078=EDGE_CURVE('',#3282,#3283,#1243,.T.);
#4079=EDGE_CURVE('',#3283,#3284,#2815,.T.);
#4080=EDGE_CURVE('',#3284,#3277,#1244,.T.);
#4081=EDGE_CURVE('',#3285,#3286,#2816,.T.);
#4082=EDGE_CURVE('',#3286,#3287,#1245,.T.);
#4083=EDGE_CURVE('',#3287,#3288,#2817,.T.);
#4084=EDGE_CURVE('',#3288,#3289,#1246,.T.);
#4085=EDGE_CURVE('',#3289,#3290,#2818,.T.);
#4086=EDGE_CURVE('',#3290,#3291,#1247,.T.);
#4087=EDGE_CURVE('',#3291,#3292,#2819,.T.);
#4088=EDGE_CURVE('',#3292,#3285,#1248,.T.);
#4089=EDGE_CURVE('',#3293,#3294,#2820,.T.);
#4090=EDGE_CURVE('',#3294,#3295,#1249,.T.);
#4091=EDGE_CURVE('',#3295,#3296,#2821,.T.);
#4092=EDGE_CURVE('',#3296,#3297,#1250,.T.);
#4093=EDGE_CURVE('',#3297,#3298,#2822,.T.);
#4094=EDGE_CURVE('',#3298,#3299,#1251,.T.);
#4095=EDGE_CURVE('',#3299,#3300,#2823,.T.);
#4096=EDGE_CURVE('',#3300,#3293,#1252,.T.);
#4097=EDGE_CURVE('',#3301,#3302,#2824,.T.);
#4098=EDGE_CURVE('',#3302,#3303,#1253,.T.);
#4099=EDGE_CURVE('',#3303,#3304,#2825,.T.);
#4100=EDGE_CURVE('',#3304,#3305,#1254,.T.);
#4101=EDGE_CURVE('',#3305,#3306,#2826,.T.);
#4102=EDGE_CURVE('',#3306,#3307,#1255,.T.);
#4103=EDGE_CURVE('',#3307,#3308,#2827,.T.);
#4104=EDGE_CURVE('',#3308,#3301,#1256,.T.);
#4105=EDGE_CURVE('',#3309,#3309,#2828,.T.);
#4106=EDGE_CURVE('',#3310,#3311,#2829,.T.);
#4107=EDGE_CURVE('',#3311,#3312,#1257,.T.);
#4108=EDGE_CURVE('',#3312,#3313,#2830,.T.);
#4109=EDGE_CURVE('',#3313,#3314,#1258,.T.);
#4110=EDGE_CURVE('',#3314,#3315,#2831,.T.);
#4111=EDGE_CURVE('',#3315,#3316,#1259,.T.);
#4112=EDGE_CURVE('',#3316,#3317,#2832,.T.);
#4113=EDGE_CURVE('',#3317,#3310,#1260,.T.);
#4114=EDGE_CURVE('',#3318,#3319,#2833,.T.);
#4115=EDGE_CURVE('',#3319,#3320,#1261,.T.);
#4116=EDGE_CURVE('',#3320,#3321,#2834,.T.);
#4117=EDGE_CURVE('',#3321,#3322,#1262,.T.);
#4118=EDGE_CURVE('',#3322,#3323,#2835,.T.);
#4119=EDGE_CURVE('',#3323,#3324,#1263,.T.);
#4120=EDGE_CURVE('',#3324,#3325,#2836,.T.);
#4121=EDGE_CURVE('',#3325,#3318,#1264,.T.);
#4122=EDGE_CURVE('',#3326,#3327,#2837,.T.);
#4123=EDGE_CURVE('',#3327,#3328,#1265,.T.);
#4124=EDGE_CURVE('',#3328,#3329,#2838,.T.);
#4125=EDGE_CURVE('',#3329,#3330,#1266,.T.);
#4126=EDGE_CURVE('',#3330,#3331,#2839,.T.);
#4127=EDGE_CURVE('',#3331,#3332,#1267,.T.);
#4128=EDGE_CURVE('',#3332,#3333,#2840,.T.);
#4129=EDGE_CURVE('',#3333,#3326,#1268,.T.);
#4130=EDGE_CURVE('',#3334,#3335,#2841,.T.);
#4131=EDGE_CURVE('',#3335,#3336,#1269,.T.);
#4132=EDGE_CURVE('',#3336,#3337,#2842,.T.);
#4133=EDGE_CURVE('',#3337,#3338,#1270,.T.);
#4134=EDGE_CURVE('',#3338,#3339,#2843,.T.);
#4135=EDGE_CURVE('',#3339,#3340,#1271,.T.);
#4136=EDGE_CURVE('',#3340,#3341,#2844,.T.);
#4137=EDGE_CURVE('',#3341,#3334,#1272,.T.);
#4138=EDGE_CURVE('',#3342,#3343,#2845,.T.);
#4139=EDGE_CURVE('',#3343,#3344,#1273,.T.);
#4140=EDGE_CURVE('',#3344,#3345,#2846,.T.);
#4141=EDGE_CURVE('',#3345,#3346,#1274,.T.);
#4142=EDGE_CURVE('',#3346,#3347,#2847,.T.);
#4143=EDGE_CURVE('',#3347,#3348,#1275,.T.);
#4144=EDGE_CURVE('',#3348,#3349,#2848,.T.);
#4145=EDGE_CURVE('',#3349,#3342,#1276,.T.);
#4146=EDGE_CURVE('',#3350,#3351,#2849,.T.);
#4147=EDGE_CURVE('',#3351,#3352,#1277,.T.);
#4148=EDGE_CURVE('',#3352,#3353,#2850,.T.);
#4149=EDGE_CURVE('',#3353,#3354,#1278,.T.);
#4150=EDGE_CURVE('',#3354,#3355,#2851,.T.);
#4151=EDGE_CURVE('',#3355,#3356,#1279,.T.);
#4152=EDGE_CURVE('',#3356,#3357,#2852,.T.);
#4153=EDGE_CURVE('',#3357,#3350,#1280,.T.);
#4154=EDGE_CURVE('',#3358,#3358,#2853,.T.);
#4155=EDGE_CURVE('',#3359,#3360,#2854,.T.);
#4156=EDGE_CURVE('',#3360,#3361,#1281,.T.);
#4157=EDGE_CURVE('',#3361,#3362,#2855,.T.);
#4158=EDGE_CURVE('',#3362,#3363,#1282,.T.);
#4159=EDGE_CURVE('',#3363,#3364,#2856,.T.);
#4160=EDGE_CURVE('',#3364,#3365,#1283,.T.);
#4161=EDGE_CURVE('',#3365,#3366,#2857,.T.);
#4162=EDGE_CURVE('',#3366,#3359,#1284,.T.);
#4163=EDGE_CURVE('',#3367,#3368,#2858,.T.);
#4164=EDGE_CURVE('',#3368,#3369,#1285,.T.);
#4165=EDGE_CURVE('',#3369,#3370,#2859,.T.);
#4166=EDGE_CURVE('',#3370,#3371,#1286,.T.);
#4167=EDGE_CURVE('',#3371,#3372,#2860,.T.);
#4168=EDGE_CURVE('',#3372,#3373,#1287,.T.);
#4169=EDGE_CURVE('',#3373,#3374,#2861,.T.);
#4170=EDGE_CURVE('',#3374,#3367,#1288,.T.);
#4171=EDGE_CURVE('',#3375,#3375,#2862,.T.);
#4172=EDGE_CURVE('',#3376,#3377,#2863,.T.);
#4173=EDGE_CURVE('',#3377,#3378,#1289,.T.);
#4174=EDGE_CURVE('',#3378,#3379,#2864,.T.);
#4175=EDGE_CURVE('',#3379,#3380,#1290,.T.);
#4176=EDGE_CURVE('',#3380,#3381,#2865,.T.);
#4177=EDGE_CURVE('',#3381,#3382,#1291,.T.);
#4178=EDGE_CURVE('',#3382,#3383,#2866,.T.);
#4179=EDGE_CURVE('',#3383,#3376,#1292,.T.);
#4180=EDGE_CURVE('',#3384,#3385,#2867,.T.);
#4181=EDGE_CURVE('',#3385,#3386,#1293,.T.);
#4182=EDGE_CURVE('',#3386,#3387,#2868,.T.);
#4183=EDGE_CURVE('',#3387,#3388,#1294,.T.);
#4184=EDGE_CURVE('',#3388,#3389,#2869,.T.);
#4185=EDGE_CURVE('',#3389,#3390,#1295,.T.);
#4186=EDGE_CURVE('',#3390,#3391,#2870,.T.);
#4187=EDGE_CURVE('',#3391,#3384,#1296,.T.);
#4188=EDGE_CURVE('',#3392,#3393,#2871,.T.);
#4189=EDGE_CURVE('',#3393,#3394,#1297,.T.);
#4190=EDGE_CURVE('',#3394,#3395,#2872,.T.);
#4191=EDGE_CURVE('',#3395,#3396,#1298,.T.);
#4192=EDGE_CURVE('',#3396,#3397,#2873,.T.);
#4193=EDGE_CURVE('',#3397,#3398,#1299,.T.);
#4194=EDGE_CURVE('',#3398,#3399,#2874,.T.);
#4195=EDGE_CURVE('',#3399,#3392,#1300,.T.);
#4196=EDGE_CURVE('',#3400,#3401,#2875,.T.);
#4197=EDGE_CURVE('',#3401,#3402,#1301,.T.);
#4198=EDGE_CURVE('',#3402,#3403,#2876,.T.);
#4199=EDGE_CURVE('',#3403,#3404,#1302,.T.);
#4200=EDGE_CURVE('',#3404,#3405,#2877,.T.);
#4201=EDGE_CURVE('',#3405,#3406,#1303,.T.);
#4202=EDGE_CURVE('',#3406,#3407,#2878,.T.);
#4203=EDGE_CURVE('',#3407,#3400,#1304,.T.);
#4204=EDGE_CURVE('',#3408,#3409,#2879,.T.);
#4205=EDGE_CURVE('',#3409,#3410,#1305,.T.);
#4206=EDGE_CURVE('',#3410,#3411,#2880,.T.);
#4207=EDGE_CURVE('',#3411,#3412,#1306,.T.);
#4208=EDGE_CURVE('',#3412,#3413,#2881,.T.);
#4209=EDGE_CURVE('',#3413,#3414,#1307,.T.);
#4210=EDGE_CURVE('',#3414,#3415,#2882,.T.);
#4211=EDGE_CURVE('',#3415,#3408,#1308,.T.);
#4212=EDGE_CURVE('',#3416,#3416,#2883,.T.);
#4213=EDGE_CURVE('',#3417,#3417,#2884,.T.);
#4214=EDGE_CURVE('',#3418,#3419,#2885,.T.);
#4215=EDGE_CURVE('',#3419,#3420,#1309,.T.);
#4216=EDGE_CURVE('',#3420,#3421,#2886,.T.);
#4217=EDGE_CURVE('',#3421,#3422,#1310,.T.);
#4218=EDGE_CURVE('',#3422,#3423,#2887,.T.);
#4219=EDGE_CURVE('',#3423,#3424,#1311,.T.);
#4220=EDGE_CURVE('',#3424,#3425,#2888,.T.);
#4221=EDGE_CURVE('',#3425,#3418,#1312,.T.);
#4222=EDGE_CURVE('',#3426,#3427,#2889,.T.);
#4223=EDGE_CURVE('',#3427,#3428,#1313,.T.);
#4224=EDGE_CURVE('',#3428,#3429,#2890,.T.);
#4225=EDGE_CURVE('',#3429,#3430,#1314,.T.);
#4226=EDGE_CURVE('',#3430,#3431,#2891,.T.);
#4227=EDGE_CURVE('',#3431,#3432,#1315,.T.);
#4228=EDGE_CURVE('',#3432,#3433,#2892,.T.);
#4229=EDGE_CURVE('',#3433,#3426,#1316,.T.);
#4230=EDGE_CURVE('',#3434,#3435,#2893,.T.);
#4231=EDGE_CURVE('',#3435,#3436,#1317,.T.);
#4232=EDGE_CURVE('',#3436,#3437,#2894,.T.);
#4233=EDGE_CURVE('',#3437,#3438,#1318,.T.);
#4234=EDGE_CURVE('',#3438,#3439,#2895,.T.);
#4235=EDGE_CURVE('',#3439,#3440,#1319,.T.);
#4236=EDGE_CURVE('',#3440,#3441,#2896,.T.);
#4237=EDGE_CURVE('',#3441,#3434,#1320,.T.);
#4238=EDGE_CURVE('',#3442,#3443,#2897,.T.);
#4239=EDGE_CURVE('',#3443,#3444,#1321,.T.);
#4240=EDGE_CURVE('',#3444,#3445,#2898,.T.);
#4241=EDGE_CURVE('',#3445,#3446,#1322,.T.);
#4242=EDGE_CURVE('',#3446,#3447,#2899,.T.);
#4243=EDGE_CURVE('',#3447,#3448,#1323,.T.);
#4244=EDGE_CURVE('',#3448,#3449,#2900,.T.);
#4245=EDGE_CURVE('',#3449,#3442,#1324,.T.);
#4246=EDGE_CURVE('',#3450,#3451,#2901,.T.);
#4247=EDGE_CURVE('',#3451,#3452,#1325,.T.);
#4248=EDGE_CURVE('',#3452,#3453,#2902,.T.);
#4249=EDGE_CURVE('',#3453,#3454,#1326,.T.);
#4250=EDGE_CURVE('',#3454,#3455,#2903,.T.);
#4251=EDGE_CURVE('',#3455,#3456,#1327,.T.);
#4252=EDGE_CURVE('',#3456,#3457,#2904,.T.);
#4253=EDGE_CURVE('',#3457,#3450,#1328,.T.);
#4254=EDGE_CURVE('',#3458,#3458,#2905,.T.);
#4255=EDGE_CURVE('',#3459,#3460,#2906,.T.);
#4256=EDGE_CURVE('',#3460,#3461,#1329,.T.);
#4257=EDGE_CURVE('',#3461,#3462,#2907,.T.);
#4258=EDGE_CURVE('',#3462,#3463,#1330,.T.);
#4259=EDGE_CURVE('',#3463,#3464,#2908,.T.);
#4260=EDGE_CURVE('',#3464,#3465,#1331,.T.);
#4261=EDGE_CURVE('',#3465,#3466,#2909,.T.);
#4262=EDGE_CURVE('',#3466,#3459,#1332,.T.);
#4263=EDGE_CURVE('',#3467,#3468,#2910,.T.);
#4264=EDGE_CURVE('',#3468,#3469,#1333,.T.);
#4265=EDGE_CURVE('',#3469,#3470,#2911,.T.);
#4266=EDGE_CURVE('',#3470,#3471,#1334,.T.);
#4267=EDGE_CURVE('',#3471,#3472,#2912,.T.);
#4268=EDGE_CURVE('',#3472,#3473,#1335,.T.);
#4269=EDGE_CURVE('',#3473,#3474,#2913,.T.);
#4270=EDGE_CURVE('',#3474,#3467,#1336,.T.);
#4271=EDGE_CURVE('',#3475,#3476,#2914,.T.);
#4272=EDGE_CURVE('',#3476,#3477,#1337,.T.);
#4273=EDGE_CURVE('',#3477,#3478,#2915,.T.);
#4274=EDGE_CURVE('',#3478,#3479,#1338,.T.);
#4275=EDGE_CURVE('',#3479,#3480,#2916,.T.);
#4276=EDGE_CURVE('',#3480,#3481,#1339,.T.);
#4277=EDGE_CURVE('',#3481,#3482,#2917,.T.);
#4278=EDGE_CURVE('',#3482,#3475,#1340,.T.);
#4279=EDGE_CURVE('',#3483,#3483,#2918,.T.);
#4280=EDGE_CURVE('',#3484,#3485,#2919,.T.);
#4281=EDGE_CURVE('',#3485,#3486,#1341,.T.);
#4282=EDGE_CURVE('',#3486,#3487,#2920,.T.);
#4283=EDGE_CURVE('',#3487,#3488,#1342,.T.);
#4284=EDGE_CURVE('',#3488,#3489,#2921,.T.);
#4285=EDGE_CURVE('',#3489,#3490,#1343,.T.);
#4286=EDGE_CURVE('',#3490,#3491,#2922,.T.);
#4287=EDGE_CURVE('',#3491,#3484,#1344,.T.);
#4288=EDGE_CURVE('',#3492,#3493,#2923,.T.);
#4289=EDGE_CURVE('',#3493,#3494,#1345,.T.);
#4290=EDGE_CURVE('',#3494,#3495,#2924,.T.);
#4291=EDGE_CURVE('',#3495,#3496,#1346,.T.);
#4292=EDGE_CURVE('',#3496,#3497,#2925,.T.);
#4293=EDGE_CURVE('',#3497,#3498,#1347,.T.);
#4294=EDGE_CURVE('',#3498,#3499,#2926,.T.);
#4295=EDGE_CURVE('',#3499,#3492,#1348,.T.);
#4296=EDGE_CURVE('',#3500,#3501,#2927,.T.);
#4297=EDGE_CURVE('',#3501,#3502,#1349,.T.);
#4298=EDGE_CURVE('',#3502,#3503,#2928,.T.);
#4299=EDGE_CURVE('',#3503,#3504,#1350,.T.);
#4300=EDGE_CURVE('',#3504,#3505,#2929,.T.);
#4301=EDGE_CURVE('',#3505,#3506,#1351,.T.);
#4302=EDGE_CURVE('',#3506,#3507,#2930,.T.);
#4303=EDGE_CURVE('',#3507,#3500,#1352,.T.);
#4304=EDGE_CURVE('',#3508,#3509,#2931,.T.);
#4305=EDGE_CURVE('',#3509,#3510,#1353,.T.);
#4306=EDGE_CURVE('',#3510,#3511,#2932,.T.);
#4307=EDGE_CURVE('',#3511,#3512,#1354,.T.);
#4308=EDGE_CURVE('',#3512,#3513,#2933,.T.);
#4309=EDGE_CURVE('',#3513,#3514,#1355,.T.);
#4310=EDGE_CURVE('',#3514,#3515,#2934,.T.);
#4311=EDGE_CURVE('',#3515,#3508,#1356,.T.);
#4312=EDGE_CURVE('',#3516,#3517,#2935,.T.);
#4313=EDGE_CURVE('',#3517,#3518,#1357,.T.);
#4314=EDGE_CURVE('',#3518,#3519,#2936,.T.);
#4315=EDGE_CURVE('',#3519,#3520,#1358,.T.);
#4316=EDGE_CURVE('',#3520,#3521,#2937,.T.);
#4317=EDGE_CURVE('',#3521,#3522,#1359,.T.);
#4318=EDGE_CURVE('',#3522,#3523,#2938,.T.);
#4319=EDGE_CURVE('',#3523,#3516,#1360,.T.);
#4320=EDGE_CURVE('',#3524,#3525,#2939,.T.);
#4321=EDGE_CURVE('',#3525,#3526,#1361,.T.);
#4322=EDGE_CURVE('',#3526,#3527,#2940,.T.);
#4323=EDGE_CURVE('',#3527,#3528,#1362,.T.);
#4324=EDGE_CURVE('',#3528,#3529,#2941,.T.);
#4325=EDGE_CURVE('',#3529,#3530,#1363,.T.);
#4326=EDGE_CURVE('',#3530,#3531,#2942,.T.);
#4327=EDGE_CURVE('',#3531,#3524,#1364,.T.);
#4328=EDGE_CURVE('',#3532,#3533,#2943,.T.);
#4329=EDGE_CURVE('',#3533,#3534,#1365,.T.);
#4330=EDGE_CURVE('',#3534,#3535,#2944,.T.);
#4331=EDGE_CURVE('',#3535,#3536,#1366,.T.);
#4332=EDGE_CURVE('',#3536,#3537,#2945,.T.);
#4333=EDGE_CURVE('',#3537,#3538,#1367,.T.);
#4334=EDGE_CURVE('',#3538,#3539,#2946,.T.);
#4335=EDGE_CURVE('',#3539,#3532,#1368,.T.);
#4336=EDGE_CURVE('',#3540,#3541,#1369,.T.);
#4337=EDGE_CURVE('',#3541,#3542,#2947,.T.);
#4338=EDGE_CURVE('',#3542,#3543,#1370,.T.);
#4339=EDGE_CURVE('',#3543,#3544,#2948,.T.);
#4340=EDGE_CURVE('',#3544,#3545,#1371,.T.);
#4341=EDGE_CURVE('',#3545,#3546,#2949,.T.);
#4342=EDGE_CURVE('',#3546,#3547,#1372,.T.);
#4343=EDGE_CURVE('',#3547,#3540,#2950,.T.);
#4344=EDGE_CURVE('',#3548,#3549,#2951,.T.);
#4345=EDGE_CURVE('',#3549,#3550,#1373,.T.);
#4346=EDGE_CURVE('',#3550,#3551,#2952,.T.);
#4347=EDGE_CURVE('',#3551,#3552,#1374,.T.);
#4348=EDGE_CURVE('',#3552,#3553,#2953,.T.);
#4349=EDGE_CURVE('',#3553,#3554,#1375,.T.);
#4350=EDGE_CURVE('',#3554,#3555,#2954,.T.);
#4351=EDGE_CURVE('',#3555,#3548,#1376,.T.);
#4352=EDGE_CURVE('',#3556,#3161,#2955,.T.);
#4353=EDGE_CURVE('',#3268,#3556,#1377,.T.);
#4354=EDGE_CURVE('',#3267,#3557,#1378,.T.);
#4355=EDGE_CURVE('',#3556,#3557,#1379,.T.);
#4356=EDGE_CURVE('',#3558,#3559,#2956,.T.);
#4357=EDGE_CURVE('',#3559,#3195,#1380,.T.);
#4358=EDGE_CURVE('',#3194,#3558,#1381,.T.);
#4359=EDGE_CURVE('',#3560,#3193,#1382,.T.);
#4360=EDGE_CURVE('',#3558,#3560,#1383,.T.);
#4361=EDGE_CURVE('',#3561,#3560,#2957,.T.);
#4362=EDGE_CURVE('',#3192,#3561,#1384,.T.);
#4363=EDGE_CURVE('',#3549,#3562,#1385,.T.);
#4364=EDGE_CURVE('',#3563,#3562,#1386,.T.);
#4365=EDGE_CURVE('',#3550,#3563,#1387,.T.);
#4366=EDGE_CURVE('',#3564,#3563,#2958,.T.);
#4367=EDGE_CURVE('',#3551,#3564,#1388,.T.);
#4368=EDGE_CURVE('',#3565,#3564,#1389,.T.);
#4369=EDGE_CURVE('',#3552,#3565,#1390,.T.);
#4370=EDGE_CURVE('',#3566,#3565,#2959,.T.);
#4371=EDGE_CURVE('',#3553,#3566,#1391,.T.);
#4372=EDGE_CURVE('',#3567,#3566,#1392,.T.);
#4373=EDGE_CURVE('',#3554,#3567,#1393,.T.);
#4374=EDGE_CURVE('',#3568,#3567,#2960,.T.);
#4375=EDGE_CURVE('',#3555,#3568,#1394,.T.);
#4376=EDGE_CURVE('',#3569,#3568,#1395,.T.);
#4377=EDGE_CURVE('',#3548,#3569,#1396,.T.);
#4378=EDGE_CURVE('',#3562,#3569,#2961,.T.);
#4379=EDGE_CURVE('',#3541,#3570,#1397,.T.);
#4380=EDGE_CURVE('',#3571,#3570,#2962,.T.);
#4381=EDGE_CURVE('',#3542,#3571,#1398,.T.);
#4382=EDGE_CURVE('',#3572,#3571,#1399,.T.);
#4383=EDGE_CURVE('',#3543,#3572,#1400,.T.);
#4384=EDGE_CURVE('',#3573,#3572,#2963,.T.);
#4385=EDGE_CURVE('',#3544,#3573,#1401,.T.);
#4386=EDGE_CURVE('',#3574,#3573,#1402,.T.);
#4387=EDGE_CURVE('',#3545,#3574,#1403,.T.);
#4388=EDGE_CURVE('',#3575,#3574,#2964,.T.);
#4389=EDGE_CURVE('',#3546,#3575,#1404,.T.);
#4390=EDGE_CURVE('',#3576,#3575,#1405,.T.);
#4391=EDGE_CURVE('',#3547,#3576,#1406,.T.);
#4392=EDGE_CURVE('',#3577,#3576,#2965,.T.);
#4393=EDGE_CURVE('',#3540,#3577,#1407,.T.);
#4394=EDGE_CURVE('',#3570,#3577,#1408,.T.);
#4395=EDGE_CURVE('',#3533,#3578,#1409,.T.);
#4396=EDGE_CURVE('',#3579,#3578,#1410,.T.);
#4397=EDGE_CURVE('',#3534,#3579,#1411,.T.);
#4398=EDGE_CURVE('',#3580,#3579,#2966,.T.);
#4399=EDGE_CURVE('',#3535,#3580,#1412,.T.);
#4400=EDGE_CURVE('',#3581,#3580,#1413,.T.);
#4401=EDGE_CURVE('',#3536,#3581,#1414,.T.);
#4402=EDGE_CURVE('',#3582,#3581,#2967,.T.);
#4403=EDGE_CURVE('',#3537,#3582,#1415,.T.);
#4404=EDGE_CURVE('',#3583,#3582,#1416,.T.);
#4405=EDGE_CURVE('',#3538,#3583,#1417,.T.);
#4406=EDGE_CURVE('',#3584,#3583,#2968,.T.);
#4407=EDGE_CURVE('',#3539,#3584,#1418,.T.);
#4408=EDGE_CURVE('',#3585,#3584,#1419,.T.);
#4409=EDGE_CURVE('',#3532,#3585,#1420,.T.);
#4410=EDGE_CURVE('',#3578,#3585,#2969,.T.);
#4411=EDGE_CURVE('',#3525,#3586,#1421,.T.);
#4412=EDGE_CURVE('',#3587,#3586,#1422,.T.);
#4413=EDGE_CURVE('',#3526,#3587,#1423,.T.);
#4414=EDGE_CURVE('',#3588,#3587,#2970,.T.);
#4415=EDGE_CURVE('',#3527,#3588,#1424,.T.);
#4416=EDGE_CURVE('',#3589,#3588,#1425,.T.);
#4417=EDGE_CURVE('',#3528,#3589,#1426,.T.);
#4418=EDGE_CURVE('',#3590,#3589,#2971,.T.);
#4419=EDGE_CURVE('',#3529,#3590,#1427,.T.);
#4420=EDGE_CURVE('',#3591,#3590,#1428,.T.);
#4421=EDGE_CURVE('',#3530,#3591,#1429,.T.);
#4422=EDGE_CURVE('',#3592,#3591,#2972,.T.);
#4423=EDGE_CURVE('',#3531,#3592,#1430,.T.);
#4424=EDGE_CURVE('',#3593,#3592,#1431,.T.);
#4425=EDGE_CURVE('',#3524,#3593,#1432,.T.);
#4426=EDGE_CURVE('',#3586,#3593,#2973,.T.);
#4427=EDGE_CURVE('',#3517,#3594,#1433,.T.);
#4428=EDGE_CURVE('',#3595,#3594,#1434,.T.);
#4429=EDGE_CURVE('',#3518,#3595,#1435,.T.);
#4430=EDGE_CURVE('',#3596,#3595,#2974,.T.);
#4431=EDGE_CURVE('',#3519,#3596,#1436,.T.);
#4432=EDGE_CURVE('',#3597,#3596,#1437,.T.);
#4433=EDGE_CURVE('',#3520,#3597,#1438,.T.);
#4434=EDGE_CURVE('',#3598,#3597,#2975,.T.);
#4435=EDGE_CURVE('',#3521,#3598,#1439,.T.);
#4436=EDGE_CURVE('',#3599,#3598,#1440,.T.);
#4437=EDGE_CURVE('',#3522,#3599,#1441,.T.);
#4438=EDGE_CURVE('',#3600,#3599,#2976,.T.);
#4439=EDGE_CURVE('',#3523,#3600,#1442,.T.);
#4440=EDGE_CURVE('',#3601,#3600,#1443,.T.);
#4441=EDGE_CURVE('',#3516,#3601,#1444,.T.);
#4442=EDGE_CURVE('',#3594,#3601,#2977,.T.);
#4443=EDGE_CURVE('',#3509,#3602,#1445,.T.);
#4444=EDGE_CURVE('',#3603,#3602,#1446,.T.);
#4445=EDGE_CURVE('',#3510,#3603,#1447,.T.);
#4446=EDGE_CURVE('',#3604,#3603,#2978,.T.);
#4447=EDGE_CURVE('',#3511,#3604,#1448,.T.);
#4448=EDGE_CURVE('',#3605,#3604,#1449,.T.);
#4449=EDGE_CURVE('',#3512,#3605,#1450,.T.);
#4450=EDGE_CURVE('',#3606,#3605,#2979,.T.);
#4451=EDGE_CURVE('',#3513,#3606,#1451,.T.);
#4452=EDGE_CURVE('',#3607,#3606,#1452,.T.);
#4453=EDGE_CURVE('',#3514,#3607,#1453,.T.);
#4454=EDGE_CURVE('',#3608,#3607,#2980,.T.);
#4455=EDGE_CURVE('',#3515,#3608,#1454,.T.);
#4456=EDGE_CURVE('',#3609,#3608,#1455,.T.);
#4457=EDGE_CURVE('',#3508,#3609,#1456,.T.);
#4458=EDGE_CURVE('',#3602,#3609,#2981,.T.);
#4459=EDGE_CURVE('',#3501,#3610,#1457,.T.);
#4460=EDGE_CURVE('',#3611,#3610,#1458,.T.);
#4461=EDGE_CURVE('',#3502,#3611,#1459,.T.);
#4462=EDGE_CURVE('',#3612,#3611,#2982,.T.);
#4463=EDGE_CURVE('',#3503,#3612,#1460,.T.);
#4464=EDGE_CURVE('',#3613,#3612,#1461,.T.);
#4465=EDGE_CURVE('',#3504,#3613,#1462,.T.);
#4466=EDGE_CURVE('',#3614,#3613,#2983,.T.);
#4467=EDGE_CURVE('',#3505,#3614,#1463,.T.);
#4468=EDGE_CURVE('',#3615,#3614,#1464,.T.);
#4469=EDGE_CURVE('',#3506,#3615,#1465,.T.);
#4470=EDGE_CURVE('',#3616,#3615,#2984,.T.);
#4471=EDGE_CURVE('',#3507,#3616,#1466,.T.);
#4472=EDGE_CURVE('',#3617,#3616,#1467,.T.);
#4473=EDGE_CURVE('',#3500,#3617,#1468,.T.);
#4474=EDGE_CURVE('',#3610,#3617,#2985,.T.);
#4475=EDGE_CURVE('',#3493,#3618,#1469,.T.);
#4476=EDGE_CURVE('',#3619,#3618,#1470,.T.);
#4477=EDGE_CURVE('',#3494,#3619,#1471,.T.);
#4478=EDGE_CURVE('',#3620,#3619,#2986,.T.);
#4479=EDGE_CURVE('',#3495,#3620,#1472,.T.);
#4480=EDGE_CURVE('',#3621,#3620,#1473,.T.);
#4481=EDGE_CURVE('',#3496,#3621,#1474,.T.);
#4482=EDGE_CURVE('',#3622,#3621,#2987,.T.);
#4483=EDGE_CURVE('',#3497,#3622,#1475,.T.);
#4484=EDGE_CURVE('',#3623,#3622,#1476,.T.);
#4485=EDGE_CURVE('',#3498,#3623,#1477,.T.);
#4486=EDGE_CURVE('',#3624,#3623,#2988,.T.);
#4487=EDGE_CURVE('',#3499,#3624,#1478,.T.);
#4488=EDGE_CURVE('',#3625,#3624,#1479,.T.);
#4489=EDGE_CURVE('',#3492,#3625,#1480,.T.);
#4490=EDGE_CURVE('',#3618,#3625,#2989,.T.);
#4491=EDGE_CURVE('',#3485,#3626,#1481,.T.);
#4492=EDGE_CURVE('',#3627,#3626,#1482,.T.);
#4493=EDGE_CURVE('',#3486,#3627,#1483,.T.);
#4494=EDGE_CURVE('',#3628,#3627,#2990,.T.);
#4495=EDGE_CURVE('',#3487,#3628,#1484,.T.);
#4496=EDGE_CURVE('',#3629,#3628,#1485,.T.);
#4497=EDGE_CURVE('',#3488,#3629,#1486,.T.);
#4498=EDGE_CURVE('',#3630,#3629,#2991,.T.);
#4499=EDGE_CURVE('',#3489,#3630,#1487,.T.);
#4500=EDGE_CURVE('',#3631,#3630,#1488,.T.);
#4501=EDGE_CURVE('',#3490,#3631,#1489,.T.);
#4502=EDGE_CURVE('',#3632,#3631,#2992,.T.);
#4503=EDGE_CURVE('',#3491,#3632,#1490,.T.);
#4504=EDGE_CURVE('',#3633,#3632,#1491,.T.);
#4505=EDGE_CURVE('',#3484,#3633,#1492,.T.);
#4506=EDGE_CURVE('',#3626,#3633,#2993,.T.);
#4507=EDGE_CURVE('',#3634,#3634,#2994,.T.);
#4508=EDGE_CURVE('',#3634,#3483,#1493,.T.);
#4509=EDGE_CURVE('',#3476,#3635,#1494,.T.);
#4510=EDGE_CURVE('',#3636,#3635,#1495,.T.);
#4511=EDGE_CURVE('',#3477,#3636,#1496,.T.);
#4512=EDGE_CURVE('',#3637,#3636,#2995,.T.);
#4513=EDGE_CURVE('',#3478,#3637,#1497,.T.);
#4514=EDGE_CURVE('',#3638,#3637,#1498,.T.);
#4515=EDGE_CURVE('',#3479,#3638,#1499,.T.);
#4516=EDGE_CURVE('',#3639,#3638,#2996,.T.);
#4517=EDGE_CURVE('',#3480,#3639,#1500,.T.);
#4518=EDGE_CURVE('',#3640,#3639,#1501,.T.);
#4519=EDGE_CURVE('',#3481,#3640,#1502,.T.);
#4520=EDGE_CURVE('',#3641,#3640,#2997,.T.);
#4521=EDGE_CURVE('',#3482,#3641,#1503,.T.);
#4522=EDGE_CURVE('',#3642,#3641,#1504,.T.);
#4523=EDGE_CURVE('',#3475,#3642,#1505,.T.);
#4524=EDGE_CURVE('',#3635,#3642,#2998,.T.);
#4525=EDGE_CURVE('',#3468,#3643,#1506,.T.);
#4526=EDGE_CURVE('',#3644,#3643,#1507,.T.);
#4527=EDGE_CURVE('',#3469,#3644,#1508,.T.);
#4528=EDGE_CURVE('',#3645,#3644,#2999,.T.);
#4529=EDGE_CURVE('',#3470,#3645,#1509,.T.);
#4530=EDGE_CURVE('',#3646,#3645,#1510,.T.);
#4531=EDGE_CURVE('',#3471,#3646,#1511,.T.);
#4532=EDGE_CURVE('',#3647,#3646,#3000,.T.);
#4533=EDGE_CURVE('',#3472,#3647,#1512,.T.);
#4534=EDGE_CURVE('',#3648,#3647,#1513,.T.);
#4535=EDGE_CURVE('',#3473,#3648,#1514,.T.);
#4536=EDGE_CURVE('',#3649,#3648,#3001,.T.);
#4537=EDGE_CURVE('',#3474,#3649,#1515,.T.);
#4538=EDGE_CURVE('',#3650,#3649,#1516,.T.);
#4539=EDGE_CURVE('',#3467,#3650,#1517,.T.);
#4540=EDGE_CURVE('',#3643,#3650,#3002,.T.);
#4541=EDGE_CURVE('',#3460,#3651,#1518,.T.);
#4542=EDGE_CURVE('',#3652,#3651,#1519,.T.);
#4543=EDGE_CURVE('',#3461,#3652,#1520,.T.);
#4544=EDGE_CURVE('',#3653,#3652,#3003,.T.);
#4545=EDGE_CURVE('',#3462,#3653,#1521,.T.);
#4546=EDGE_CURVE('',#3654,#3653,#1522,.T.);
#4547=EDGE_CURVE('',#3463,#3654,#1523,.T.);
#4548=EDGE_CURVE('',#3655,#3654,#3004,.T.);
#4549=EDGE_CURVE('',#3464,#3655,#1524,.T.);
#4550=EDGE_CURVE('',#3656,#3655,#1525,.T.);
#4551=EDGE_CURVE('',#3465,#3656,#1526,.T.);
#4552=EDGE_CURVE('',#3657,#3656,#3005,.T.);
#4553=EDGE_CURVE('',#3466,#3657,#1527,.T.);
#4554=EDGE_CURVE('',#3658,#3657,#1528,.T.);
#4555=EDGE_CURVE('',#3459,#3658,#1529,.T.);
#4556=EDGE_CURVE('',#3651,#3658,#3006,.T.);
#4557=EDGE_CURVE('',#3659,#3659,#3007,.T.);
#4558=EDGE_CURVE('',#3659,#3458,#1530,.T.);
#4559=EDGE_CURVE('',#3451,#3660,#1531,.T.);
#4560=EDGE_CURVE('',#3661,#3660,#1532,.T.);
#4561=EDGE_CURVE('',#3452,#3661,#1533,.T.);
#4562=EDGE_CURVE('',#3662,#3661,#3008,.T.);
#4563=EDGE_CURVE('',#3453,#3662,#1534,.T.);
#4564=EDGE_CURVE('',#3663,#3662,#1535,.T.);
#4565=EDGE_CURVE('',#3454,#3663,#1536,.T.);
#4566=EDGE_CURVE('',#3664,#3663,#3009,.T.);
#4567=EDGE_CURVE('',#3455,#3664,#1537,.T.);
#4568=EDGE_CURVE('',#3665,#3664,#1538,.T.);
#4569=EDGE_CURVE('',#3456,#3665,#1539,.T.);
#4570=EDGE_CURVE('',#3666,#3665,#3010,.T.);
#4571=EDGE_CURVE('',#3457,#3666,#1540,.T.);
#4572=EDGE_CURVE('',#3667,#3666,#1541,.T.);
#4573=EDGE_CURVE('',#3450,#3667,#1542,.T.);
#4574=EDGE_CURVE('',#3660,#3667,#3011,.T.);
#4575=EDGE_CURVE('',#3443,#3668,#1543,.T.);
#4576=EDGE_CURVE('',#3669,#3668,#1544,.T.);
#4577=EDGE_CURVE('',#3444,#3669,#1545,.T.);
#4578=EDGE_CURVE('',#3670,#3669,#3012,.T.);
#4579=EDGE_CURVE('',#3445,#3670,#1546,.T.);
#4580=EDGE_CURVE('',#3671,#3670,#1547,.T.);
#4581=EDGE_CURVE('',#3446,#3671,#1548,.T.);
#4582=EDGE_CURVE('',#3672,#3671,#3013,.T.);
#4583=EDGE_CURVE('',#3447,#3672,#1549,.T.);
#4584=EDGE_CURVE('',#3673,#3672,#1550,.T.);
#4585=EDGE_CURVE('',#3448,#3673,#1551,.T.);
#4586=EDGE_CURVE('',#3674,#3673,#3014,.T.);
#4587=EDGE_CURVE('',#3449,#3674,#1552,.T.);
#4588=EDGE_CURVE('',#3675,#3674,#1553,.T.);
#4589=EDGE_CURVE('',#3442,#3675,#1554,.T.);
#4590=EDGE_CURVE('',#3668,#3675,#3015,.T.);
#4591=EDGE_CURVE('',#3435,#3676,#1555,.T.);
#4592=EDGE_CURVE('',#3677,#3676,#1556,.T.);
#4593=EDGE_CURVE('',#3436,#3677,#1557,.T.);
#4594=EDGE_CURVE('',#3678,#3677,#3016,.T.);
#4595=EDGE_CURVE('',#3437,#3678,#1558,.T.);
#4596=EDGE_CURVE('',#3679,#3678,#1559,.T.);
#4597=EDGE_CURVE('',#3438,#3679,#1560,.T.);
#4598=EDGE_CURVE('',#3680,#3679,#3017,.T.);
#4599=EDGE_CURVE('',#3439,#3680,#1561,.T.);
#4600=EDGE_CURVE('',#3681,#3680,#1562,.T.);
#4601=EDGE_CURVE('',#3440,#3681,#1563,.T.);
#4602=EDGE_CURVE('',#3682,#3681,#3018,.T.);
#4603=EDGE_CURVE('',#3441,#3682,#1564,.T.);
#4604=EDGE_CURVE('',#3683,#3682,#1565,.T.);
#4605=EDGE_CURVE('',#3434,#3683,#1566,.T.);
#4606=EDGE_CURVE('',#3676,#3683,#3019,.T.);
#4607=EDGE_CURVE('',#3427,#3684,#1567,.T.);
#4608=EDGE_CURVE('',#3685,#3684,#1568,.T.);
#4609=EDGE_CURVE('',#3428,#3685,#1569,.T.);
#4610=EDGE_CURVE('',#3686,#3685,#3020,.T.);
#4611=EDGE_CURVE('',#3429,#3686,#1570,.T.);
#4612=EDGE_CURVE('',#3687,#3686,#1571,.T.);
#4613=EDGE_CURVE('',#3430,#3687,#1572,.T.);
#4614=EDGE_CURVE('',#3688,#3687,#3021,.T.);
#4615=EDGE_CURVE('',#3431,#3688,#1573,.T.);
#4616=EDGE_CURVE('',#3689,#3688,#1574,.T.);
#4617=EDGE_CURVE('',#3432,#3689,#1575,.T.);
#4618=EDGE_CURVE('',#3690,#3689,#3022,.T.);
#4619=EDGE_CURVE('',#3433,#3690,#1576,.T.);
#4620=EDGE_CURVE('',#3691,#3690,#1577,.T.);
#4621=EDGE_CURVE('',#3426,#3691,#1578,.T.);
#4622=EDGE_CURVE('',#3684,#3691,#3023,.T.);
#4623=EDGE_CURVE('',#3419,#3692,#1579,.T.);
#4624=EDGE_CURVE('',#3693,#3692,#1580,.T.);
#4625=EDGE_CURVE('',#3420,#3693,#1581,.T.);
#4626=EDGE_CURVE('',#3694,#3693,#3024,.T.);
#4627=EDGE_CURVE('',#3421,#3694,#1582,.T.);
#4628=EDGE_CURVE('',#3695,#3694,#1583,.T.);
#4629=EDGE_CURVE('',#3422,#3695,#1584,.T.);
#4630=EDGE_CURVE('',#3696,#3695,#3025,.T.);
#4631=EDGE_CURVE('',#3423,#3696,#1585,.T.);
#4632=EDGE_CURVE('',#3697,#3696,#1586,.T.);
#4633=EDGE_CURVE('',#3424,#3697,#1587,.T.);
#4634=EDGE_CURVE('',#3698,#3697,#3026,.T.);
#4635=EDGE_CURVE('',#3425,#3698,#1588,.T.);
#4636=EDGE_CURVE('',#3699,#3698,#1589,.T.);
#4637=EDGE_CURVE('',#3418,#3699,#1590,.T.);
#4638=EDGE_CURVE('',#3692,#3699,#3027,.T.);
#4639=EDGE_CURVE('',#3700,#3700,#3028,.T.);
#4640=EDGE_CURVE('',#3700,#3417,#1591,.T.);
#4641=EDGE_CURVE('',#3701,#3701,#3029,.T.);
#4642=EDGE_CURVE('',#3701,#3416,#1592,.T.);
#4643=EDGE_CURVE('',#3409,#3702,#1593,.T.);
#4644=EDGE_CURVE('',#3703,#3702,#1594,.T.);
#4645=EDGE_CURVE('',#3410,#3703,#1595,.T.);
#4646=EDGE_CURVE('',#3704,#3703,#3030,.T.);
#4647=EDGE_CURVE('',#3411,#3704,#1596,.T.);
#4648=EDGE_CURVE('',#3705,#3704,#1597,.T.);
#4649=EDGE_CURVE('',#3412,#3705,#1598,.T.);
#4650=EDGE_CURVE('',#3706,#3705,#3031,.T.);
#4651=EDGE_CURVE('',#3413,#3706,#1599,.T.);
#4652=EDGE_CURVE('',#3707,#3706,#1600,.T.);
#4653=EDGE_CURVE('',#3414,#3707,#1601,.T.);
#4654=EDGE_CURVE('',#3708,#3707,#3032,.T.);
#4655=EDGE_CURVE('',#3415,#3708,#1602,.T.);
#4656=EDGE_CURVE('',#3709,#3708,#1603,.T.);
#4657=EDGE_CURVE('',#3408,#3709,#1604,.T.);
#4658=EDGE_CURVE('',#3702,#3709,#3033,.T.);
#4659=EDGE_CURVE('',#3401,#3710,#1605,.T.);
#4660=EDGE_CURVE('',#3711,#3710,#1606,.T.);
#4661=EDGE_CURVE('',#3402,#3711,#1607,.T.);
#4662=EDGE_CURVE('',#3712,#3711,#3034,.T.);
#4663=EDGE_CURVE('',#3403,#3712,#1608,.T.);
#4664=EDGE_CURVE('',#3713,#3712,#1609,.T.);
#4665=EDGE_CURVE('',#3404,#3713,#1610,.T.);
#4666=EDGE_CURVE('',#3714,#3713,#3035,.T.);
#4667=EDGE_CURVE('',#3405,#3714,#1611,.T.);
#4668=EDGE_CURVE('',#3715,#3714,#1612,.T.);
#4669=EDGE_CURVE('',#3406,#3715,#1613,.T.);
#4670=EDGE_CURVE('',#3716,#3715,#3036,.T.);
#4671=EDGE_CURVE('',#3407,#3716,#1614,.T.);
#4672=EDGE_CURVE('',#3717,#3716,#1615,.T.);
#4673=EDGE_CURVE('',#3400,#3717,#1616,.T.);
#4674=EDGE_CURVE('',#3710,#3717,#3037,.T.);
#4675=EDGE_CURVE('',#3393,#3718,#1617,.T.);
#4676=EDGE_CURVE('',#3719,#3718,#1618,.T.);
#4677=EDGE_CURVE('',#3394,#3719,#1619,.T.);
#4678=EDGE_CURVE('',#3720,#3719,#3038,.T.);
#4679=EDGE_CURVE('',#3395,#3720,#1620,.T.);
#4680=EDGE_CURVE('',#3721,#3720,#1621,.T.);
#4681=EDGE_CURVE('',#3396,#3721,#1622,.T.);
#4682=EDGE_CURVE('',#3722,#3721,#3039,.T.);
#4683=EDGE_CURVE('',#3397,#3722,#1623,.T.);
#4684=EDGE_CURVE('',#3723,#3722,#1624,.T.);
#4685=EDGE_CURVE('',#3398,#3723,#1625,.T.);
#4686=EDGE_CURVE('',#3724,#3723,#3040,.T.);
#4687=EDGE_CURVE('',#3399,#3724,#1626,.T.);
#4688=EDGE_CURVE('',#3725,#3724,#1627,.T.);
#4689=EDGE_CURVE('',#3392,#3725,#1628,.T.);
#4690=EDGE_CURVE('',#3718,#3725,#3041,.T.);
#4691=EDGE_CURVE('',#3385,#3726,#1629,.T.);
#4692=EDGE_CURVE('',#3727,#3726,#1630,.T.);
#4693=EDGE_CURVE('',#3386,#3727,#1631,.T.);
#4694=EDGE_CURVE('',#3728,#3727,#3042,.T.);
#4695=EDGE_CURVE('',#3387,#3728,#1632,.T.);
#4696=EDGE_CURVE('',#3729,#3728,#1633,.T.);
#4697=EDGE_CURVE('',#3388,#3729,#1634,.T.);
#4698=EDGE_CURVE('',#3730,#3729,#3043,.T.);
#4699=EDGE_CURVE('',#3389,#3730,#1635,.T.);
#4700=EDGE_CURVE('',#3731,#3730,#1636,.T.);
#4701=EDGE_CURVE('',#3390,#3731,#1637,.T.);
#4702=EDGE_CURVE('',#3732,#3731,#3044,.T.);
#4703=EDGE_CURVE('',#3391,#3732,#1638,.T.);
#4704=EDGE_CURVE('',#3733,#3732,#1639,.T.);
#4705=EDGE_CURVE('',#3384,#3733,#1640,.T.);
#4706=EDGE_CURVE('',#3726,#3733,#3045,.T.);
#4707=EDGE_CURVE('',#3377,#3734,#1641,.T.);
#4708=EDGE_CURVE('',#3735,#3734,#1642,.T.);
#4709=EDGE_CURVE('',#3378,#3735,#1643,.T.);
#4710=EDGE_CURVE('',#3736,#3735,#3046,.T.);
#4711=EDGE_CURVE('',#3379,#3736,#1644,.T.);
#4712=EDGE_CURVE('',#3737,#3736,#1645,.T.);
#4713=EDGE_CURVE('',#3380,#3737,#1646,.T.);
#4714=EDGE_CURVE('',#3738,#3737,#3047,.T.);
#4715=EDGE_CURVE('',#3381,#3738,#1647,.T.);
#4716=EDGE_CURVE('',#3739,#3738,#1648,.T.);
#4717=EDGE_CURVE('',#3382,#3739,#1649,.T.);
#4718=EDGE_CURVE('',#3740,#3739,#3048,.T.);
#4719=EDGE_CURVE('',#3383,#3740,#1650,.T.);
#4720=EDGE_CURVE('',#3741,#3740,#1651,.T.);
#4721=EDGE_CURVE('',#3376,#3741,#1652,.T.);
#4722=EDGE_CURVE('',#3734,#3741,#3049,.T.);
#4723=EDGE_CURVE('',#3742,#3742,#3050,.T.);
#4724=EDGE_CURVE('',#3742,#3375,#1653,.T.);
#4725=EDGE_CURVE('',#3368,#3743,#1654,.T.);
#4726=EDGE_CURVE('',#3744,#3743,#1655,.T.);
#4727=EDGE_CURVE('',#3369,#3744,#1656,.T.);
#4728=EDGE_CURVE('',#3745,#3744,#3051,.T.);
#4729=EDGE_CURVE('',#3370,#3745,#1657,.T.);
#4730=EDGE_CURVE('',#3746,#3745,#1658,.T.);
#4731=EDGE_CURVE('',#3371,#3746,#1659,.T.);
#4732=EDGE_CURVE('',#3747,#3746,#3052,.T.);
#4733=EDGE_CURVE('',#3372,#3747,#1660,.T.);
#4734=EDGE_CURVE('',#3748,#3747,#1661,.T.);
#4735=EDGE_CURVE('',#3373,#3748,#1662,.T.);
#4736=EDGE_CURVE('',#3749,#3748,#3053,.T.);
#4737=EDGE_CURVE('',#3374,#3749,#1663,.T.);
#4738=EDGE_CURVE('',#3750,#3749,#1664,.T.);
#4739=EDGE_CURVE('',#3367,#3750,#1665,.T.);
#4740=EDGE_CURVE('',#3743,#3750,#3054,.T.);
#4741=EDGE_CURVE('',#3360,#3751,#1666,.T.);
#4742=EDGE_CURVE('',#3752,#3751,#1667,.T.);
#4743=EDGE_CURVE('',#3361,#3752,#1668,.T.);
#4744=EDGE_CURVE('',#3753,#3752,#3055,.T.);
#4745=EDGE_CURVE('',#3362,#3753,#1669,.T.);
#4746=EDGE_CURVE('',#3754,#3753,#1670,.T.);
#4747=EDGE_CURVE('',#3363,#3754,#1671,.T.);
#4748=EDGE_CURVE('',#3755,#3754,#3056,.T.);
#4749=EDGE_CURVE('',#3364,#3755,#1672,.T.);
#4750=EDGE_CURVE('',#3756,#3755,#1673,.T.);
#4751=EDGE_CURVE('',#3365,#3756,#1674,.T.);
#4752=EDGE_CURVE('',#3757,#3756,#3057,.T.);
#4753=EDGE_CURVE('',#3366,#3757,#1675,.T.);
#4754=EDGE_CURVE('',#3758,#3757,#1676,.T.);
#4755=EDGE_CURVE('',#3359,#3758,#1677,.T.);
#4756=EDGE_CURVE('',#3751,#3758,#3058,.T.);
#4757=EDGE_CURVE('',#3759,#3759,#3059,.T.);
#4758=EDGE_CURVE('',#3759,#3358,#1678,.T.);
#4759=EDGE_CURVE('',#3351,#3760,#1679,.T.);
#4760=EDGE_CURVE('',#3761,#3760,#1680,.T.);
#4761=EDGE_CURVE('',#3352,#3761,#1681,.T.);
#4762=EDGE_CURVE('',#3762,#3761,#3060,.T.);
#4763=EDGE_CURVE('',#3353,#3762,#1682,.T.);
#4764=EDGE_CURVE('',#3763,#3762,#1683,.T.);
#4765=EDGE_CURVE('',#3354,#3763,#1684,.T.);
#4766=EDGE_CURVE('',#3764,#3763,#3061,.T.);
#4767=EDGE_CURVE('',#3355,#3764,#1685,.T.);
#4768=EDGE_CURVE('',#3765,#3764,#1686,.T.);
#4769=EDGE_CURVE('',#3356,#3765,#1687,.T.);
#4770=EDGE_CURVE('',#3766,#3765,#3062,.T.);
#4771=EDGE_CURVE('',#3357,#3766,#1688,.T.);
#4772=EDGE_CURVE('',#3767,#3766,#1689,.T.);
#4773=EDGE_CURVE('',#3350,#3767,#1690,.T.);
#4774=EDGE_CURVE('',#3760,#3767,#3063,.T.);
#4775=EDGE_CURVE('',#3343,#3768,#1691,.T.);
#4776=EDGE_CURVE('',#3769,#3768,#1692,.T.);
#4777=EDGE_CURVE('',#3344,#3769,#1693,.T.);
#4778=EDGE_CURVE('',#3770,#3769,#3064,.T.);
#4779=EDGE_CURVE('',#3345,#3770,#1694,.T.);
#4780=EDGE_CURVE('',#3771,#3770,#1695,.T.);
#4781=EDGE_CURVE('',#3346,#3771,#1696,.T.);
#4782=EDGE_CURVE('',#3772,#3771,#3065,.T.);
#4783=EDGE_CURVE('',#3347,#3772,#1697,.T.);
#4784=EDGE_CURVE('',#3773,#3772,#1698,.T.);
#4785=EDGE_CURVE('',#3348,#3773,#1699,.T.);
#4786=EDGE_CURVE('',#3774,#3773,#3066,.T.);
#4787=EDGE_CURVE('',#3349,#3774,#1700,.T.);
#4788=EDGE_CURVE('',#3775,#3774,#1701,.T.);
#4789=EDGE_CURVE('',#3342,#3775,#1702,.T.);
#4790=EDGE_CURVE('',#3768,#3775,#3067,.T.);
#4791=EDGE_CURVE('',#3335,#3776,#1703,.T.);
#4792=EDGE_CURVE('',#3777,#3776,#1704,.T.);
#4793=EDGE_CURVE('',#3336,#3777,#1705,.T.);
#4794=EDGE_CURVE('',#3778,#3777,#3068,.T.);
#4795=EDGE_CURVE('',#3337,#3778,#1706,.T.);
#4796=EDGE_CURVE('',#3779,#3778,#1707,.T.);
#4797=EDGE_CURVE('',#3338,#3779,#1708,.T.);
#4798=EDGE_CURVE('',#3780,#3779,#3069,.T.);
#4799=EDGE_CURVE('',#3339,#3780,#1709,.T.);
#4800=EDGE_CURVE('',#3781,#3780,#1710,.T.);
#4801=EDGE_CURVE('',#3340,#3781,#1711,.T.);
#4802=EDGE_CURVE('',#3782,#3781,#3070,.T.);
#4803=EDGE_CURVE('',#3341,#3782,#1712,.T.);
#4804=EDGE_CURVE('',#3783,#3782,#1713,.T.);
#4805=EDGE_CURVE('',#3334,#3783,#1714,.T.);
#4806=EDGE_CURVE('',#3776,#3783,#3071,.T.);
#4807=EDGE_CURVE('',#3327,#3784,#1715,.T.);
#4808=EDGE_CURVE('',#3785,#3784,#1716,.T.);
#4809=EDGE_CURVE('',#3328,#3785,#1717,.T.);
#4810=EDGE_CURVE('',#3786,#3785,#3072,.T.);
#4811=EDGE_CURVE('',#3329,#3786,#1718,.T.);
#4812=EDGE_CURVE('',#3787,#3786,#1719,.T.);
#4813=EDGE_CURVE('',#3330,#3787,#1720,.T.);
#4814=EDGE_CURVE('',#3788,#3787,#3073,.T.);
#4815=EDGE_CURVE('',#3331,#3788,#1721,.T.);
#4816=EDGE_CURVE('',#3789,#3788,#1722,.T.);
#4817=EDGE_CURVE('',#3332,#3789,#1723,.T.);
#4818=EDGE_CURVE('',#3790,#3789,#3074,.T.);
#4819=EDGE_CURVE('',#3333,#3790,#1724,.T.);
#4820=EDGE_CURVE('',#3791,#3790,#1725,.T.);
#4821=EDGE_CURVE('',#3326,#3791,#1726,.T.);
#4822=EDGE_CURVE('',#3784,#3791,#3075,.T.);
#4823=EDGE_CURVE('',#3319,#3792,#1727,.T.);
#4824=EDGE_CURVE('',#3793,#3792,#1728,.T.);
#4825=EDGE_CURVE('',#3320,#3793,#1729,.T.);
#4826=EDGE_CURVE('',#3794,#3793,#3076,.T.);
#4827=EDGE_CURVE('',#3321,#3794,#1730,.T.);
#4828=EDGE_CURVE('',#3795,#3794,#1731,.T.);
#4829=EDGE_CURVE('',#3322,#3795,#1732,.T.);
#4830=EDGE_CURVE('',#3796,#3795,#3077,.T.);
#4831=EDGE_CURVE('',#3323,#3796,#1733,.T.);
#4832=EDGE_CURVE('',#3797,#3796,#1734,.T.);
#4833=EDGE_CURVE('',#3324,#3797,#1735,.T.);
#4834=EDGE_CURVE('',#3798,#3797,#3078,.T.);
#4835=EDGE_CURVE('',#3325,#3798,#1736,.T.);
#4836=EDGE_CURVE('',#3799,#3798,#1737,.T.);
#4837=EDGE_CURVE('',#3318,#3799,#1738,.T.);
#4838=EDGE_CURVE('',#3792,#3799,#3079,.T.);
#4839=EDGE_CURVE('',#3311,#3800,#1739,.T.);
#4840=EDGE_CURVE('',#3801,#3800,#1740,.T.);
#4841=EDGE_CURVE('',#3312,#3801,#1741,.T.);
#4842=EDGE_CURVE('',#3802,#3801,#3080,.T.);
#4843=EDGE_CURVE('',#3313,#3802,#1742,.T.);
#4844=EDGE_CURVE('',#3803,#3802,#1743,.T.);
#4845=EDGE_CURVE('',#3314,#3803,#1744,.T.);
#4846=EDGE_CURVE('',#3804,#3803,#3081,.T.);
#4847=EDGE_CURVE('',#3315,#3804,#1745,.T.);
#4848=EDGE_CURVE('',#3805,#3804,#1746,.T.);
#4849=EDGE_CURVE('',#3316,#3805,#1747,.T.);
#4850=EDGE_CURVE('',#3806,#3805,#3082,.T.);
#4851=EDGE_CURVE('',#3317,#3806,#1748,.T.);
#4852=EDGE_CURVE('',#3807,#3806,#1749,.T.);
#4853=EDGE_CURVE('',#3310,#3807,#1750,.T.);
#4854=EDGE_CURVE('',#3800,#3807,#3083,.T.);
#4855=EDGE_CURVE('',#3808,#3808,#3084,.T.);
#4856=EDGE_CURVE('',#3808,#3309,#1751,.T.);
#4857=EDGE_CURVE('',#3302,#3809,#1752,.T.);
#4858=EDGE_CURVE('',#3810,#3809,#1753,.T.);
#4859=EDGE_CURVE('',#3303,#3810,#1754,.T.);
#4860=EDGE_CURVE('',#3811,#3810,#3085,.T.);
#4861=EDGE_CURVE('',#3304,#3811,#1755,.T.);
#4862=EDGE_CURVE('',#3812,#3811,#1756,.T.);
#4863=EDGE_CURVE('',#3305,#3812,#1757,.T.);
#4864=EDGE_CURVE('',#3813,#3812,#3086,.T.);
#4865=EDGE_CURVE('',#3306,#3813,#1758,.T.);
#4866=EDGE_CURVE('',#3814,#3813,#1759,.T.);
#4867=EDGE_CURVE('',#3307,#3814,#1760,.T.);
#4868=EDGE_CURVE('',#3815,#3814,#3087,.T.);
#4869=EDGE_CURVE('',#3308,#3815,#1761,.T.);
#4870=EDGE_CURVE('',#3816,#3815,#1762,.T.);
#4871=EDGE_CURVE('',#3301,#3816,#1763,.T.);
#4872=EDGE_CURVE('',#3809,#3816,#3088,.T.);
#4873=EDGE_CURVE('',#3294,#3817,#1764,.T.);
#4874=EDGE_CURVE('',#3818,#3817,#1765,.T.);
#4875=EDGE_CURVE('',#3295,#3818,#1766,.T.);
#4876=EDGE_CURVE('',#3819,#3818,#3089,.T.);
#4877=EDGE_CURVE('',#3296,#3819,#1767,.T.);
#4878=EDGE_CURVE('',#3820,#3819,#1768,.T.);
#4879=EDGE_CURVE('',#3297,#3820,#1769,.T.);
#4880=EDGE_CURVE('',#3821,#3820,#3090,.T.);
#4881=EDGE_CURVE('',#3298,#3821,#1770,.T.);
#4882=EDGE_CURVE('',#3822,#3821,#1771,.T.);
#4883=EDGE_CURVE('',#3299,#3822,#1772,.T.);
#4884=EDGE_CURVE('',#3823,#3822,#3091,.T.);
#4885=EDGE_CURVE('',#3300,#3823,#1773,.T.);
#4886=EDGE_CURVE('',#3824,#3823,#1774,.T.);
#4887=EDGE_CURVE('',#3293,#3824,#1775,.T.);
#4888=EDGE_CURVE('',#3817,#3824,#3092,.T.);
#4889=EDGE_CURVE('',#3286,#3825,#1776,.T.);
#4890=EDGE_CURVE('',#3826,#3825,#1777,.T.);
#4891=EDGE_CURVE('',#3287,#3826,#1778,.T.);
#4892=EDGE_CURVE('',#3827,#3826,#3093,.T.);
#4893=EDGE_CURVE('',#3288,#3827,#1779,.T.);
#4894=EDGE_CURVE('',#3828,#3827,#1780,.T.);
#4895=EDGE_CURVE('',#3289,#3828,#1781,.T.);
#4896=EDGE_CURVE('',#3829,#3828,#3094,.T.);
#4897=EDGE_CURVE('',#3290,#3829,#1782,.T.);
#4898=EDGE_CURVE('',#3830,#3829,#1783,.T.);
#4899=EDGE_CURVE('',#3291,#3830,#1784,.T.);
#4900=EDGE_CURVE('',#3831,#3830,#3095,.T.);
#4901=EDGE_CURVE('',#3292,#3831,#1785,.T.);
#4902=EDGE_CURVE('',#3832,#3831,#1786,.T.);
#4903=EDGE_CURVE('',#3285,#3832,#1787,.T.);
#4904=EDGE_CURVE('',#3825,#3832,#3096,.T.);
#4905=EDGE_CURVE('',#3278,#3833,#1788,.T.);
#4906=EDGE_CURVE('',#3834,#3833,#1789,.T.);
#4907=EDGE_CURVE('',#3279,#3834,#1790,.T.);
#4908=EDGE_CURVE('',#3835,#3834,#3097,.T.);
#4909=EDGE_CURVE('',#3280,#3835,#1791,.T.);
#4910=EDGE_CURVE('',#3836,#3835,#1792,.T.);
#4911=EDGE_CURVE('',#3281,#3836,#1793,.T.);
#4912=EDGE_CURVE('',#3837,#3836,#3098,.T.);
#4913=EDGE_CURVE('',#3282,#3837,#1794,.T.);
#4914=EDGE_CURVE('',#3838,#3837,#1795,.T.);
#4915=EDGE_CURVE('',#3283,#3838,#1796,.T.);
#4916=EDGE_CURVE('',#3839,#3838,#3099,.T.);
#4917=EDGE_CURVE('',#3284,#3839,#1797,.T.);
#4918=EDGE_CURVE('',#3840,#3839,#1798,.T.);
#4919=EDGE_CURVE('',#3277,#3840,#1799,.T.);
#4920=EDGE_CURVE('',#3833,#3840,#3100,.T.);
#4921=EDGE_CURVE('',#3270,#3841,#1800,.T.);
#4922=EDGE_CURVE('',#3842,#3841,#1801,.T.);
#4923=EDGE_CURVE('',#3271,#3842,#1802,.T.);
#4924=EDGE_CURVE('',#3843,#3842,#3101,.T.);
#4925=EDGE_CURVE('',#3272,#3843,#1803,.T.);
#4926=EDGE_CURVE('',#3844,#3843,#1804,.T.);
#4927=EDGE_CURVE('',#3273,#3844,#1805,.T.);
#4928=EDGE_CURVE('',#3845,#3844,#3102,.T.);
#4929=EDGE_CURVE('',#3274,#3845,#1806,.T.);
#4930=EDGE_CURVE('',#3846,#3845,#1807,.T.);
#4931=EDGE_CURVE('',#3275,#3846,#1808,.T.);
#4932=EDGE_CURVE('',#3847,#3846,#3103,.T.);
#4933=EDGE_CURVE('',#3276,#3847,#1809,.T.);
#4934=EDGE_CURVE('',#3848,#3847,#1810,.T.);
#4935=EDGE_CURVE('',#3269,#3848,#1811,.T.);
#4936=EDGE_CURVE('',#3841,#3848,#3104,.T.);
#4937=EDGE_CURVE('',#3162,#3849,#1812,.T.);
#4938=EDGE_CURVE('',#3850,#3849,#3105,.T.);
#4939=EDGE_CURVE('',#3163,#3850,#1813,.T.);
#4940=EDGE_CURVE('',#3851,#3850,#1814,.T.);
#4941=EDGE_CURVE('',#3164,#3851,#1815,.T.);
#4942=EDGE_CURVE('',#3852,#3851,#3106,.T.);
#4943=EDGE_CURVE('',#3165,#3852,#1816,.T.);
#4944=EDGE_CURVE('',#3853,#3852,#1817,.T.);
#4945=EDGE_CURVE('',#3166,#3853,#1818,.T.);
#4946=EDGE_CURVE('',#3854,#3853,#3107,.T.);
#4947=EDGE_CURVE('',#3167,#3854,#1819,.T.);
#4948=EDGE_CURVE('',#3855,#3854,#1820,.T.);
#4949=EDGE_CURVE('',#3168,#3855,#1821,.T.);
#4950=EDGE_CURVE('',#3856,#3855,#3108,.T.);
#4951=EDGE_CURVE('',#3169,#3856,#1822,.T.);
#4952=EDGE_CURVE('',#3857,#3856,#1823,.T.);
#4953=EDGE_CURVE('',#3170,#3857,#1824,.T.);
#4954=EDGE_CURVE('',#3858,#3857,#3109,.T.);
#4955=EDGE_CURVE('',#3171,#3858,#1825,.T.);
#4956=EDGE_CURVE('',#3859,#3858,#1826,.T.);
#4957=EDGE_CURVE('',#3172,#3859,#1827,.T.);
#4958=EDGE_CURVE('',#3860,#3859,#3110,.T.);
#4959=EDGE_CURVE('',#3173,#3860,#1828,.T.);
#4960=EDGE_CURVE('',#3861,#3860,#1829,.T.);
#4961=EDGE_CURVE('',#3174,#3861,#1830,.T.);
#4962=EDGE_CURVE('',#3862,#3861,#3111,.T.);
#4963=EDGE_CURVE('',#3175,#3862,#1831,.T.);
#4964=EDGE_CURVE('',#3863,#3862,#1832,.T.);
#4965=EDGE_CURVE('',#3176,#3863,#1833,.T.);
#4966=EDGE_CURVE('',#3864,#3863,#3112,.T.);
#4967=EDGE_CURVE('',#3177,#3864,#1834,.T.);
#4968=EDGE_CURVE('',#3865,#3864,#1835,.T.);
#4969=EDGE_CURVE('',#3178,#3865,#1836,.T.);
#4970=EDGE_CURVE('',#3866,#3865,#3113,.T.);
#4971=EDGE_CURVE('',#3179,#3866,#1837,.T.);
#4972=EDGE_CURVE('',#3867,#3866,#1838,.T.);
#4973=EDGE_CURVE('',#3180,#3867,#1839,.T.);
#4974=EDGE_CURVE('',#3868,#3867,#3114,.T.);
#4975=EDGE_CURVE('',#3181,#3868,#1840,.T.);
#4976=EDGE_CURVE('',#3869,#3868,#1841,.T.);
#4977=EDGE_CURVE('',#3182,#3869,#1842,.T.);
#4978=EDGE_CURVE('',#3870,#3869,#3115,.T.);
#4979=EDGE_CURVE('',#3183,#3870,#1843,.T.);
#4980=EDGE_CURVE('',#3871,#3870,#1844,.T.);
#4981=EDGE_CURVE('',#3184,#3871,#1845,.T.);
#4982=EDGE_CURVE('',#3872,#3871,#3116,.T.);
#4983=EDGE_CURVE('',#3185,#3872,#1846,.T.);
#4984=EDGE_CURVE('',#3873,#3872,#1847,.T.);
#4985=EDGE_CURVE('',#3186,#3873,#1848,.T.);
#4986=EDGE_CURVE('',#3874,#3873,#3117,.T.);
#4987=EDGE_CURVE('',#3187,#3874,#1849,.T.);
#4988=EDGE_CURVE('',#3875,#3874,#1850,.T.);
#4989=EDGE_CURVE('',#3188,#3875,#1851,.T.);
#4990=EDGE_CURVE('',#3876,#3875,#3118,.T.);
#4991=EDGE_CURVE('',#3189,#3876,#1852,.T.);
#4992=EDGE_CURVE('',#3877,#3876,#1853,.T.);
#4993=EDGE_CURVE('',#3190,#3877,#1854,.T.);
#4994=EDGE_CURVE('',#3878,#3877,#3119,.T.);
#4995=EDGE_CURVE('',#3191,#3878,#1855,.T.);
#4996=EDGE_CURVE('',#3561,#3878,#1856,.T.);
#4997=EDGE_CURVE('',#3879,#3559,#1857,.T.);
#4998=EDGE_CURVE('',#3196,#3879,#1858,.T.);
#4999=EDGE_CURVE('',#3880,#3879,#3120,.T.);
#5000=EDGE_CURVE('',#3197,#3880,#1859,.T.);
#5001=EDGE_CURVE('',#3881,#3880,#1860,.T.);
#5002=EDGE_CURVE('',#3198,#3881,#1861,.T.);
#5003=EDGE_CURVE('',#3882,#3881,#3121,.T.);
#5004=EDGE_CURVE('',#3199,#3882,#1862,.T.);
#5005=EDGE_CURVE('',#3883,#3882,#1863,.T.);
#5006=EDGE_CURVE('',#3200,#3883,#1864,.T.);
#5007=EDGE_CURVE('',#3884,#3883,#3122,.T.);
#5008=EDGE_CURVE('',#3201,#3884,#1865,.T.);
#5009=EDGE_CURVE('',#3885,#3884,#1866,.T.);
#5010=EDGE_CURVE('',#3202,#3885,#1867,.T.);
#5011=EDGE_CURVE('',#3886,#3885,#3123,.T.);
#5012=EDGE_CURVE('',#3203,#3886,#1868,.T.);
#5013=EDGE_CURVE('',#3887,#3886,#1869,.T.);
#5014=EDGE_CURVE('',#3204,#3887,#1870,.T.);
#5015=EDGE_CURVE('',#3888,#3887,#3124,.T.);
#5016=EDGE_CURVE('',#3205,#3888,#1871,.T.);
#5017=EDGE_CURVE('',#3889,#3888,#1872,.T.);
#5018=EDGE_CURVE('',#3206,#3889,#1873,.T.);
#5019=EDGE_CURVE('',#3890,#3889,#3125,.T.);
#5020=EDGE_CURVE('',#3207,#3890,#1874,.T.);
#5021=EDGE_CURVE('',#3891,#3890,#1875,.T.);
#5022=EDGE_CURVE('',#3208,#3891,#1876,.T.);
#5023=EDGE_CURVE('',#3892,#3891,#3126,.T.);
#5024=EDGE_CURVE('',#3209,#3892,#1877,.T.);
#5025=EDGE_CURVE('',#3893,#3892,#1878,.T.);
#5026=EDGE_CURVE('',#3210,#3893,#1879,.T.);
#5027=EDGE_CURVE('',#3894,#3893,#3127,.T.);
#5028=EDGE_CURVE('',#3211,#3894,#1880,.T.);
#5029=EDGE_CURVE('',#3895,#3894,#1881,.T.);
#5030=EDGE_CURVE('',#3212,#3895,#1882,.T.);
#5031=EDGE_CURVE('',#3896,#3895,#3128,.T.);
#5032=EDGE_CURVE('',#3213,#3896,#1883,.T.);
#5033=EDGE_CURVE('',#3897,#3896,#1884,.T.);
#5034=EDGE_CURVE('',#3214,#3897,#1885,.T.);
#5035=EDGE_CURVE('',#3898,#3897,#3129,.T.);
#5036=EDGE_CURVE('',#3215,#3898,#1886,.T.);
#5037=EDGE_CURVE('',#3899,#3898,#1887,.T.);
#5038=EDGE_CURVE('',#3216,#3899,#1888,.T.);
#5039=EDGE_CURVE('',#3900,#3899,#3130,.T.);
#5040=EDGE_CURVE('',#3217,#3900,#1889,.T.);
#5041=EDGE_CURVE('',#3901,#3900,#1890,.T.);
#5042=EDGE_CURVE('',#3218,#3901,#1891,.T.);
#5043=EDGE_CURVE('',#3902,#3901,#3131,.T.);
#5044=EDGE_CURVE('',#3219,#3902,#1892,.T.);
#5045=EDGE_CURVE('',#3903,#3902,#1893,.T.);
#5046=EDGE_CURVE('',#3220,#3903,#1894,.T.);
#5047=EDGE_CURVE('',#3904,#3903,#3132,.T.);
#5048=EDGE_CURVE('',#3221,#3904,#1895,.T.);
#5049=EDGE_CURVE('',#3905,#3904,#1896,.T.);
#5050=EDGE_CURVE('',#3222,#3905,#1897,.T.);
#5051=EDGE_CURVE('',#3906,#3905,#3133,.T.);
#5052=EDGE_CURVE('',#3223,#3906,#1898,.T.);
#5053=EDGE_CURVE('',#3907,#3906,#1899,.T.);
#5054=EDGE_CURVE('',#3224,#3907,#1900,.T.);
#5055=EDGE_CURVE('',#3908,#3907,#3134,.T.);
#5056=EDGE_CURVE('',#3225,#3908,#1901,.T.);
#5057=EDGE_CURVE('',#3909,#3908,#1902,.T.);
#5058=EDGE_CURVE('',#3226,#3909,#1903,.T.);
#5059=EDGE_CURVE('',#3910,#3909,#3135,.T.);
#5060=EDGE_CURVE('',#3227,#3910,#1904,.T.);
#5061=EDGE_CURVE('',#3911,#3910,#1905,.T.);
#5062=EDGE_CURVE('',#3228,#3911,#1906,.T.);
#5063=EDGE_CURVE('',#3912,#3911,#3136,.T.);
#5064=EDGE_CURVE('',#3229,#3912,#1907,.T.);
#5065=EDGE_CURVE('',#3913,#3912,#1908,.T.);
#5066=EDGE_CURVE('',#3230,#3913,#1909,.T.);
#5067=EDGE_CURVE('',#3914,#3913,#3137,.T.);
#5068=EDGE_CURVE('',#3231,#3914,#1910,.T.);
#5069=EDGE_CURVE('',#3915,#3914,#1911,.T.);
#5070=EDGE_CURVE('',#3232,#3915,#1912,.T.);
#5071=EDGE_CURVE('',#3916,#3915,#3138,.T.);
#5072=EDGE_CURVE('',#3233,#3916,#1913,.T.);
#5073=EDGE_CURVE('',#3917,#3916,#1914,.T.);
#5074=EDGE_CURVE('',#3234,#3917,#1915,.T.);
#5075=EDGE_CURVE('',#3918,#3917,#3139,.T.);
#5076=EDGE_CURVE('',#3235,#3918,#1916,.T.);
#5077=EDGE_CURVE('',#3919,#3918,#1917,.T.);
#5078=EDGE_CURVE('',#3236,#3919,#1918,.T.);
#5079=EDGE_CURVE('',#3920,#3919,#3140,.T.);
#5080=EDGE_CURVE('',#3237,#3920,#1919,.T.);
#5081=EDGE_CURVE('',#3921,#3920,#1920,.T.);
#5082=EDGE_CURVE('',#3238,#3921,#1921,.T.);
#5083=EDGE_CURVE('',#3922,#3921,#3141,.T.);
#5084=EDGE_CURVE('',#3239,#3922,#1922,.T.);
#5085=EDGE_CURVE('',#3923,#3922,#1923,.T.);
#5086=EDGE_CURVE('',#3240,#3923,#1924,.T.);
#5087=EDGE_CURVE('',#3924,#3923,#3142,.T.);
#5088=EDGE_CURVE('',#3241,#3924,#1925,.T.);
#5089=EDGE_CURVE('',#3925,#3924,#1926,.T.);
#5090=EDGE_CURVE('',#3242,#3925,#1927,.T.);
#5091=EDGE_CURVE('',#3926,#3925,#3143,.T.);
#5092=EDGE_CURVE('',#3243,#3926,#1928,.T.);
#5093=EDGE_CURVE('',#3927,#3926,#1929,.T.);
#5094=EDGE_CURVE('',#3244,#3927,#1930,.T.);
#5095=EDGE_CURVE('',#3928,#3927,#3144,.T.);
#5096=EDGE_CURVE('',#3245,#3928,#1931,.T.);
#5097=EDGE_CURVE('',#3929,#3928,#1932,.T.);
#5098=EDGE_CURVE('',#3246,#3929,#1933,.T.);
#5099=EDGE_CURVE('',#3930,#3929,#3145,.T.);
#5100=EDGE_CURVE('',#3247,#3930,#1934,.T.);
#5101=EDGE_CURVE('',#3931,#3930,#1935,.T.);
#5102=EDGE_CURVE('',#3248,#3931,#1936,.T.);
#5103=EDGE_CURVE('',#3932,#3931,#3146,.T.);
#5104=EDGE_CURVE('',#3249,#3932,#1937,.T.);
#5105=EDGE_CURVE('',#3933,#3932,#1938,.T.);
#5106=EDGE_CURVE('',#3250,#3933,#1939,.T.);
#5107=EDGE_CURVE('',#3934,#3933,#3147,.T.);
#5108=EDGE_CURVE('',#3251,#3934,#1940,.T.);
#5109=EDGE_CURVE('',#3935,#3934,#1941,.T.);
#5110=EDGE_CURVE('',#3252,#3935,#1942,.T.);
#5111=EDGE_CURVE('',#3936,#3935,#3148,.T.);
#5112=EDGE_CURVE('',#3253,#3936,#1943,.T.);
#5113=EDGE_CURVE('',#3937,#3936,#1944,.T.);
#5114=EDGE_CURVE('',#3254,#3937,#1945,.T.);
#5115=EDGE_CURVE('',#3938,#3937,#3149,.T.);
#5116=EDGE_CURVE('',#3255,#3938,#1946,.T.);
#5117=EDGE_CURVE('',#3939,#3938,#1947,.T.);
#5118=EDGE_CURVE('',#3256,#3939,#1948,.T.);
#5119=EDGE_CURVE('',#3940,#3939,#3150,.T.);
#5120=EDGE_CURVE('',#3257,#3940,#1949,.T.);
#5121=EDGE_CURVE('',#3941,#3940,#1950,.T.);
#5122=EDGE_CURVE('',#3258,#3941,#1951,.T.);
#5123=EDGE_CURVE('',#3942,#3941,#3151,.T.);
#5124=EDGE_CURVE('',#3259,#3942,#1952,.T.);
#5125=EDGE_CURVE('',#3943,#3942,#1953,.T.);
#5126=EDGE_CURVE('',#3260,#3943,#1954,.T.);
#5127=EDGE_CURVE('',#3944,#3943,#3152,.T.);
#5128=EDGE_CURVE('',#3261,#3944,#1955,.T.);
#5129=EDGE_CURVE('',#3945,#3944,#1956,.T.);
#5130=EDGE_CURVE('',#3262,#3945,#1957,.T.);
#5131=EDGE_CURVE('',#3946,#3945,#3153,.T.);
#5132=EDGE_CURVE('',#3263,#3946,#1958,.T.);
#5133=EDGE_CURVE('',#3947,#3946,#1959,.T.);
#5134=EDGE_CURVE('',#3264,#3947,#1960,.T.);
#5135=EDGE_CURVE('',#3948,#3947,#3154,.T.);
#5136=EDGE_CURVE('',#3265,#3948,#1961,.T.);
#5137=EDGE_CURVE('',#3949,#3948,#1962,.T.);
#5138=EDGE_CURVE('',#3266,#3949,#1963,.T.);
#5139=EDGE_CURVE('',#3557,#3949,#3155,.T.);
#5140=EDGE_CURVE('',#3849,#3157,#1964,.T.);
#5141=ORIENTED_EDGE('',*,*,#3950,.T.);
#5142=ORIENTED_EDGE('',*,*,#3951,.T.);
#5143=ORIENTED_EDGE('',*,*,#3952,.T.);
#5144=ORIENTED_EDGE('',*,*,#3953,.T.);
#5145=ORIENTED_EDGE('',*,*,#3953,.F.);
#5146=ORIENTED_EDGE('',*,*,#3954,.T.);
#5147=ORIENTED_EDGE('',*,*,#3955,.F.);
#5148=ORIENTED_EDGE('',*,*,#3956,.F.);
#5149=ORIENTED_EDGE('',*,*,#3952,.F.);
#5150=ORIENTED_EDGE('',*,*,#3957,.T.);
#5151=ORIENTED_EDGE('',*,*,#3958,.F.);
#5152=ORIENTED_EDGE('',*,*,#3959,.F.);
#5153=ORIENTED_EDGE('',*,*,#3960,.F.);
#5154=ORIENTED_EDGE('',*,*,#3961,.F.);
#5155=ORIENTED_EDGE('',*,*,#3962,.F.);
#5156=ORIENTED_EDGE('',*,*,#3963,.T.);
#5157=ORIENTED_EDGE('',*,*,#3964,.F.);
#5158=ORIENTED_EDGE('',*,*,#3965,.T.);
#5159=ORIENTED_EDGE('',*,*,#3966,.F.);
#5160=ORIENTED_EDGE('',*,*,#3967,.T.);
#5161=ORIENTED_EDGE('',*,*,#3968,.F.);
#5162=ORIENTED_EDGE('',*,*,#3969,.T.);
#5163=ORIENTED_EDGE('',*,*,#3970,.F.);
#5164=ORIENTED_EDGE('',*,*,#3971,.F.);
#5165=ORIENTED_EDGE('',*,*,#3972,.F.);
#5166=ORIENTED_EDGE('',*,*,#3973,.F.);
#5167=ORIENTED_EDGE('',*,*,#3974,.F.);
#5168=ORIENTED_EDGE('',*,*,#3975,.T.);
#5169=ORIENTED_EDGE('',*,*,#3976,.F.);
#5170=ORIENTED_EDGE('',*,*,#3977,.T.);
#5171=ORIENTED_EDGE('',*,*,#3978,.F.);
#5172=ORIENTED_EDGE('',*,*,#3979,.F.);
#5173=ORIENTED_EDGE('',*,*,#3980,.F.);
#5174=ORIENTED_EDGE('',*,*,#3981,.T.);
#5175=ORIENTED_EDGE('',*,*,#3982,.F.);
#5176=ORIENTED_EDGE('',*,*,#3983,.T.);
#5177=ORIENTED_EDGE('',*,*,#3984,.F.);
#5178=ORIENTED_EDGE('',*,*,#3985,.F.);
#5179=ORIENTED_EDGE('',*,*,#3986,.F.);
#5180=ORIENTED_EDGE('',*,*,#3987,.T.);
#5181=ORIENTED_EDGE('',*,*,#3988,.F.);
#5182=ORIENTED_EDGE('',*,*,#3989,.T.);
#5183=ORIENTED_EDGE('',*,*,#3990,.F.);
#5184=ORIENTED_EDGE('',*,*,#3991,.F.);
#5185=ORIENTED_EDGE('',*,*,#3992,.F.);
#5186=ORIENTED_EDGE('',*,*,#3993,.T.);
#5187=ORIENTED_EDGE('',*,*,#3994,.F.);
#5188=ORIENTED_EDGE('',*,*,#3995,.T.);
#5189=ORIENTED_EDGE('',*,*,#3996,.F.);
#5190=ORIENTED_EDGE('',*,*,#3997,.F.);
#5191=ORIENTED_EDGE('',*,*,#3998,.F.);
#5192=ORIENTED_EDGE('',*,*,#3999,.F.);
#5193=ORIENTED_EDGE('',*,*,#4000,.F.);
#5194=ORIENTED_EDGE('',*,*,#4001,.T.);
#5195=ORIENTED_EDGE('',*,*,#4002,.F.);
#5196=ORIENTED_EDGE('',*,*,#4003,.F.);
#5197=ORIENTED_EDGE('',*,*,#4004,.F.);
#5198=ORIENTED_EDGE('',*,*,#4005,.F.);
#5199=ORIENTED_EDGE('',*,*,#4006,.F.);
#5200=ORIENTED_EDGE('',*,*,#4007,.T.);
#5201=ORIENTED_EDGE('',*,*,#4008,.F.);
#5202=ORIENTED_EDGE('',*,*,#4009,.F.);
#5203=ORIENTED_EDGE('',*,*,#4010,.F.);
#5204=ORIENTED_EDGE('',*,*,#4011,.T.);
#5205=ORIENTED_EDGE('',*,*,#4012,.F.);
#5206=ORIENTED_EDGE('',*,*,#4013,.T.);
#5207=ORIENTED_EDGE('',*,*,#4014,.F.);
#5208=ORIENTED_EDGE('',*,*,#4015,.F.);
#5209=ORIENTED_EDGE('',*,*,#4016,.F.);
#5210=ORIENTED_EDGE('',*,*,#4017,.F.);
#5211=ORIENTED_EDGE('',*,*,#4018,.F.);
#5212=ORIENTED_EDGE('',*,*,#4019,.T.);
#5213=ORIENTED_EDGE('',*,*,#4020,.F.);
#5214=ORIENTED_EDGE('',*,*,#4021,.F.);
#5215=ORIENTED_EDGE('',*,*,#4022,.F.);
#5216=ORIENTED_EDGE('',*,*,#4023,.F.);
#5217=ORIENTED_EDGE('',*,*,#4024,.F.);
#5218=ORIENTED_EDGE('',*,*,#4025,.T.);
#5219=ORIENTED_EDGE('',*,*,#4026,.F.);
#5220=ORIENTED_EDGE('',*,*,#4027,.F.);
#5221=ORIENTED_EDGE('',*,*,#4028,.F.);
#5222=ORIENTED_EDGE('',*,*,#4029,.T.);
#5223=ORIENTED_EDGE('',*,*,#4030,.F.);
#5224=ORIENTED_EDGE('',*,*,#4031,.T.);
#5225=ORIENTED_EDGE('',*,*,#4032,.F.);
#5226=ORIENTED_EDGE('',*,*,#4033,.F.);
#5227=ORIENTED_EDGE('',*,*,#4034,.F.);
#5228=ORIENTED_EDGE('',*,*,#4035,.F.);
#5229=ORIENTED_EDGE('',*,*,#4036,.F.);
#5230=ORIENTED_EDGE('',*,*,#4037,.T.);
#5231=ORIENTED_EDGE('',*,*,#4038,.F.);
#5232=ORIENTED_EDGE('',*,*,#4039,.F.);
#5233=ORIENTED_EDGE('',*,*,#4040,.F.);
#5234=ORIENTED_EDGE('',*,*,#4041,.F.);
#5235=ORIENTED_EDGE('',*,*,#4042,.F.);
#5236=ORIENTED_EDGE('',*,*,#4043,.T.);
#5237=ORIENTED_EDGE('',*,*,#4044,.F.);
#5238=ORIENTED_EDGE('',*,*,#4045,.F.);
#5239=ORIENTED_EDGE('',*,*,#4046,.F.);
#5240=ORIENTED_EDGE('',*,*,#4047,.T.);
#5241=ORIENTED_EDGE('',*,*,#4048,.F.);
#5242=ORIENTED_EDGE('',*,*,#4049,.T.);
#5243=ORIENTED_EDGE('',*,*,#4050,.F.);
#5244=ORIENTED_EDGE('',*,*,#4051,.F.);
#5245=ORIENTED_EDGE('',*,*,#4052,.F.);
#5246=ORIENTED_EDGE('',*,*,#4053,.F.);
#5247=ORIENTED_EDGE('',*,*,#4054,.F.);
#5248=ORIENTED_EDGE('',*,*,#4055,.T.);
#5249=ORIENTED_EDGE('',*,*,#4056,.F.);
#5250=ORIENTED_EDGE('',*,*,#4057,.F.);
#5251=ORIENTED_EDGE('',*,*,#4058,.F.);
#5252=ORIENTED_EDGE('',*,*,#4059,.F.);
#5253=ORIENTED_EDGE('',*,*,#4060,.F.);
#5254=ORIENTED_EDGE('',*,*,#4061,.T.);
#5255=ORIENTED_EDGE('',*,*,#4062,.F.);
#5256=ORIENTED_EDGE('',*,*,#4063,.F.);
#5257=ORIENTED_EDGE('',*,*,#4064,.F.);
#5258=ORIENTED_EDGE('',*,*,#3954,.F.);
#5259=ORIENTED_EDGE('',*,*,#4065,.T.);
#5260=ORIENTED_EDGE('',*,*,#4066,.T.);
#5261=ORIENTED_EDGE('',*,*,#4067,.T.);
#5262=ORIENTED_EDGE('',*,*,#4068,.T.);
#5263=ORIENTED_EDGE('',*,*,#4069,.T.);
#5264=ORIENTED_EDGE('',*,*,#4070,.T.);
#5265=ORIENTED_EDGE('',*,*,#4071,.T.);
#5266=ORIENTED_EDGE('',*,*,#4072,.T.);
#5267=ORIENTED_EDGE('',*,*,#4073,.T.);
#5268=ORIENTED_EDGE('',*,*,#4074,.T.);
#5269=ORIENTED_EDGE('',*,*,#4075,.T.);
#5270=ORIENTED_EDGE('',*,*,#4076,.T.);
#5271=ORIENTED_EDGE('',*,*,#4077,.T.);
#5272=ORIENTED_EDGE('',*,*,#4078,.T.);
#5273=ORIENTED_EDGE('',*,*,#4079,.T.);
#5274=ORIENTED_EDGE('',*,*,#4080,.T.);
#5275=ORIENTED_EDGE('',*,*,#4081,.T.);
#5276=ORIENTED_EDGE('',*,*,#4082,.T.);
#5277=ORIENTED_EDGE('',*,*,#4083,.T.);
#5278=ORIENTED_EDGE('',*,*,#4084,.T.);
#5279=ORIENTED_EDGE('',*,*,#4085,.T.);
#5280=ORIENTED_EDGE('',*,*,#4086,.T.);
#5281=ORIENTED_EDGE('',*,*,#4087,.T.);
#5282=ORIENTED_EDGE('',*,*,#4088,.T.);
#5283=ORIENTED_EDGE('',*,*,#4089,.T.);
#5284=ORIENTED_EDGE('',*,*,#4090,.T.);
#5285=ORIENTED_EDGE('',*,*,#4091,.T.);
#5286=ORIENTED_EDGE('',*,*,#4092,.T.);
#5287=ORIENTED_EDGE('',*,*,#4093,.T.);
#5288=ORIENTED_EDGE('',*,*,#4094,.T.);
#5289=ORIENTED_EDGE('',*,*,#4095,.T.);
#5290=ORIENTED_EDGE('',*,*,#4096,.T.);
#5291=ORIENTED_EDGE('',*,*,#4097,.T.);
#5292=ORIENTED_EDGE('',*,*,#4098,.T.);
#5293=ORIENTED_EDGE('',*,*,#4099,.T.);
#5294=ORIENTED_EDGE('',*,*,#4100,.T.);
#5295=ORIENTED_EDGE('',*,*,#4101,.T.);
#5296=ORIENTED_EDGE('',*,*,#4102,.T.);
#5297=ORIENTED_EDGE('',*,*,#4103,.T.);
#5298=ORIENTED_EDGE('',*,*,#4104,.T.);
#5299=ORIENTED_EDGE('',*,*,#4105,.T.);
#5300=ORIENTED_EDGE('',*,*,#4106,.T.);
#5301=ORIENTED_EDGE('',*,*,#4107,.T.);
#5302=ORIENTED_EDGE('',*,*,#4108,.T.);
#5303=ORIENTED_EDGE('',*,*,#4109,.T.);
#5304=ORIENTED_EDGE('',*,*,#4110,.T.);
#5305=ORIENTED_EDGE('',*,*,#4111,.T.);
#5306=ORIENTED_EDGE('',*,*,#4112,.T.);
#5307=ORIENTED_EDGE('',*,*,#4113,.T.);
#5308=ORIENTED_EDGE('',*,*,#4114,.T.);
#5309=ORIENTED_EDGE('',*,*,#4115,.T.);
#5310=ORIENTED_EDGE('',*,*,#4116,.T.);
#5311=ORIENTED_EDGE('',*,*,#4117,.T.);
#5312=ORIENTED_EDGE('',*,*,#4118,.T.);
#5313=ORIENTED_EDGE('',*,*,#4119,.T.);
#5314=ORIENTED_EDGE('',*,*,#4120,.T.);
#5315=ORIENTED_EDGE('',*,*,#4121,.T.);
#5316=ORIENTED_EDGE('',*,*,#4122,.T.);
#5317=ORIENTED_EDGE('',*,*,#4123,.T.);
#5318=ORIENTED_EDGE('',*,*,#4124,.T.);
#5319=ORIENTED_EDGE('',*,*,#4125,.T.);
#5320=ORIENTED_EDGE('',*,*,#4126,.T.);
#5321=ORIENTED_EDGE('',*,*,#4127,.T.);
#5322=ORIENTED_EDGE('',*,*,#4128,.T.);
#5323=ORIENTED_EDGE('',*,*,#4129,.T.);
#5324=ORIENTED_EDGE('',*,*,#4130,.T.);
#5325=ORIENTED_EDGE('',*,*,#4131,.T.);
#5326=ORIENTED_EDGE('',*,*,#4132,.T.);
#5327=ORIENTED_EDGE('',*,*,#4133,.T.);
#5328=ORIENTED_EDGE('',*,*,#4134,.T.);
#5329=ORIENTED_EDGE('',*,*,#4135,.T.);
#5330=ORIENTED_EDGE('',*,*,#4136,.T.);
#5331=ORIENTED_EDGE('',*,*,#4137,.T.);
#5332=ORIENTED_EDGE('',*,*,#4138,.T.);
#5333=ORIENTED_EDGE('',*,*,#4139,.T.);
#5334=ORIENTED_EDGE('',*,*,#4140,.T.);
#5335=ORIENTED_EDGE('',*,*,#4141,.T.);
#5336=ORIENTED_EDGE('',*,*,#4142,.T.);
#5337=ORIENTED_EDGE('',*,*,#4143,.T.);
#5338=ORIENTED_EDGE('',*,*,#4144,.T.);
#5339=ORIENTED_EDGE('',*,*,#4145,.T.);
#5340=ORIENTED_EDGE('',*,*,#4146,.T.);
#5341=ORIENTED_EDGE('',*,*,#4147,.T.);
#5342=ORIENTED_EDGE('',*,*,#4148,.T.);
#5343=ORIENTED_EDGE('',*,*,#4149,.T.);
#5344=ORIENTED_EDGE('',*,*,#4150,.T.);
#5345=ORIENTED_EDGE('',*,*,#4151,.T.);
#5346=ORIENTED_EDGE('',*,*,#4152,.T.);
#5347=ORIENTED_EDGE('',*,*,#4153,.T.);
#5348=ORIENTED_EDGE('',*,*,#4154,.T.);
#5349=ORIENTED_EDGE('',*,*,#4155,.T.);
#5350=ORIENTED_EDGE('',*,*,#4156,.T.);
#5351=ORIENTED_EDGE('',*,*,#4157,.T.);
#5352=ORIENTED_EDGE('',*,*,#4158,.T.);
#5353=ORIENTED_EDGE('',*,*,#4159,.T.);
#5354=ORIENTED_EDGE('',*,*,#4160,.T.);
#5355=ORIENTED_EDGE('',*,*,#4161,.T.);
#5356=ORIENTED_EDGE('',*,*,#4162,.T.);
#5357=ORIENTED_EDGE('',*,*,#4163,.T.);
#5358=ORIENTED_EDGE('',*,*,#4164,.T.);
#5359=ORIENTED_EDGE('',*,*,#4165,.T.);
#5360=ORIENTED_EDGE('',*,*,#4166,.T.);
#5361=ORIENTED_EDGE('',*,*,#4167,.T.);
#5362=ORIENTED_EDGE('',*,*,#4168,.T.);
#5363=ORIENTED_EDGE('',*,*,#4169,.T.);
#5364=ORIENTED_EDGE('',*,*,#4170,.T.);
#5365=ORIENTED_EDGE('',*,*,#4171,.T.);
#5366=ORIENTED_EDGE('',*,*,#4172,.T.);
#5367=ORIENTED_EDGE('',*,*,#4173,.T.);
#5368=ORIENTED_EDGE('',*,*,#4174,.T.);
#5369=ORIENTED_EDGE('',*,*,#4175,.T.);
#5370=ORIENTED_EDGE('',*,*,#4176,.T.);
#5371=ORIENTED_EDGE('',*,*,#4177,.T.);
#5372=ORIENTED_EDGE('',*,*,#4178,.T.);
#5373=ORIENTED_EDGE('',*,*,#4179,.T.);
#5374=ORIENTED_EDGE('',*,*,#4180,.T.);
#5375=ORIENTED_EDGE('',*,*,#4181,.T.);
#5376=ORIENTED_EDGE('',*,*,#4182,.T.);
#5377=ORIENTED_EDGE('',*,*,#4183,.T.);
#5378=ORIENTED_EDGE('',*,*,#4184,.T.);
#5379=ORIENTED_EDGE('',*,*,#4185,.T.);
#5380=ORIENTED_EDGE('',*,*,#4186,.T.);
#5381=ORIENTED_EDGE('',*,*,#4187,.T.);
#5382=ORIENTED_EDGE('',*,*,#4188,.T.);
#5383=ORIENTED_EDGE('',*,*,#4189,.T.);
#5384=ORIENTED_EDGE('',*,*,#4190,.T.);
#5385=ORIENTED_EDGE('',*,*,#4191,.T.);
#5386=ORIENTED_EDGE('',*,*,#4192,.T.);
#5387=ORIENTED_EDGE('',*,*,#4193,.T.);
#5388=ORIENTED_EDGE('',*,*,#4194,.T.);
#5389=ORIENTED_EDGE('',*,*,#4195,.T.);
#5390=ORIENTED_EDGE('',*,*,#4196,.T.);
#5391=ORIENTED_EDGE('',*,*,#4197,.T.);
#5392=ORIENTED_EDGE('',*,*,#4198,.T.);
#5393=ORIENTED_EDGE('',*,*,#4199,.T.);
#5394=ORIENTED_EDGE('',*,*,#4200,.T.);
#5395=ORIENTED_EDGE('',*,*,#4201,.T.);
#5396=ORIENTED_EDGE('',*,*,#4202,.T.);
#5397=ORIENTED_EDGE('',*,*,#4203,.T.);
#5398=ORIENTED_EDGE('',*,*,#4204,.T.);
#5399=ORIENTED_EDGE('',*,*,#4205,.T.);
#5400=ORIENTED_EDGE('',*,*,#4206,.T.);
#5401=ORIENTED_EDGE('',*,*,#4207,.T.);
#5402=ORIENTED_EDGE('',*,*,#4208,.T.);
#5403=ORIENTED_EDGE('',*,*,#4209,.T.);
#5404=ORIENTED_EDGE('',*,*,#4210,.T.);
#5405=ORIENTED_EDGE('',*,*,#4211,.T.);
#5406=ORIENTED_EDGE('',*,*,#4212,.T.);
#5407=ORIENTED_EDGE('',*,*,#4213,.T.);
#5408=ORIENTED_EDGE('',*,*,#4214,.T.);
#5409=ORIENTED_EDGE('',*,*,#4215,.T.);
#5410=ORIENTED_EDGE('',*,*,#4216,.T.);
#5411=ORIENTED_EDGE('',*,*,#4217,.T.);
#5412=ORIENTED_EDGE('',*,*,#4218,.T.);
#5413=ORIENTED_EDGE('',*,*,#4219,.T.);
#5414=ORIENTED_EDGE('',*,*,#4220,.T.);
#5415=ORIENTED_EDGE('',*,*,#4221,.T.);
#5416=ORIENTED_EDGE('',*,*,#4222,.T.);
#5417=ORIENTED_EDGE('',*,*,#4223,.T.);
#5418=ORIENTED_EDGE('',*,*,#4224,.T.);
#5419=ORIENTED_EDGE('',*,*,#4225,.T.);
#5420=ORIENTED_EDGE('',*,*,#4226,.T.);
#5421=ORIENTED_EDGE('',*,*,#4227,.T.);
#5422=ORIENTED_EDGE('',*,*,#4228,.T.);
#5423=ORIENTED_EDGE('',*,*,#4229,.T.);
#5424=ORIENTED_EDGE('',*,*,#4230,.T.);
#5425=ORIENTED_EDGE('',*,*,#4231,.T.);
#5426=ORIENTED_EDGE('',*,*,#4232,.T.);
#5427=ORIENTED_EDGE('',*,*,#4233,.T.);
#5428=ORIENTED_EDGE('',*,*,#4234,.T.);
#5429=ORIENTED_EDGE('',*,*,#4235,.T.);
#5430=ORIENTED_EDGE('',*,*,#4236,.T.);
#5431=ORIENTED_EDGE('',*,*,#4237,.T.);
#5432=ORIENTED_EDGE('',*,*,#4238,.T.);
#5433=ORIENTED_EDGE('',*,*,#4239,.T.);
#5434=ORIENTED_EDGE('',*,*,#4240,.T.);
#5435=ORIENTED_EDGE('',*,*,#4241,.T.);
#5436=ORIENTED_EDGE('',*,*,#4242,.T.);
#5437=ORIENTED_EDGE('',*,*,#4243,.T.);
#5438=ORIENTED_EDGE('',*,*,#4244,.T.);
#5439=ORIENTED_EDGE('',*,*,#4245,.T.);
#5440=ORIENTED_EDGE('',*,*,#4246,.T.);
#5441=ORIENTED_EDGE('',*,*,#4247,.T.);
#5442=ORIENTED_EDGE('',*,*,#4248,.T.);
#5443=ORIENTED_EDGE('',*,*,#4249,.T.);
#5444=ORIENTED_EDGE('',*,*,#4250,.T.);
#5445=ORIENTED_EDGE('',*,*,#4251,.T.);
#5446=ORIENTED_EDGE('',*,*,#4252,.T.);
#5447=ORIENTED_EDGE('',*,*,#4253,.T.);
#5448=ORIENTED_EDGE('',*,*,#4254,.T.);
#5449=ORIENTED_EDGE('',*,*,#4255,.T.);
#5450=ORIENTED_EDGE('',*,*,#4256,.T.);
#5451=ORIENTED_EDGE('',*,*,#4257,.T.);
#5452=ORIENTED_EDGE('',*,*,#4258,.T.);
#5453=ORIENTED_EDGE('',*,*,#4259,.T.);
#5454=ORIENTED_EDGE('',*,*,#4260,.T.);
#5455=ORIENTED_EDGE('',*,*,#4261,.T.);
#5456=ORIENTED_EDGE('',*,*,#4262,.T.);
#5457=ORIENTED_EDGE('',*,*,#4263,.T.);
#5458=ORIENTED_EDGE('',*,*,#4264,.T.);
#5459=ORIENTED_EDGE('',*,*,#4265,.T.);
#5460=ORIENTED_EDGE('',*,*,#4266,.T.);
#5461=ORIENTED_EDGE('',*,*,#4267,.T.);
#5462=ORIENTED_EDGE('',*,*,#4268,.T.);
#5463=ORIENTED_EDGE('',*,*,#4269,.T.);
#5464=ORIENTED_EDGE('',*,*,#4270,.T.);
#5465=ORIENTED_EDGE('',*,*,#4271,.T.);
#5466=ORIENTED_EDGE('',*,*,#4272,.T.);
#5467=ORIENTED_EDGE('',*,*,#4273,.T.);
#5468=ORIENTED_EDGE('',*,*,#4274,.T.);
#5469=ORIENTED_EDGE('',*,*,#4275,.T.);
#5470=ORIENTED_EDGE('',*,*,#4276,.T.);
#5471=ORIENTED_EDGE('',*,*,#4277,.T.);
#5472=ORIENTED_EDGE('',*,*,#4278,.T.);
#5473=ORIENTED_EDGE('',*,*,#4279,.T.);
#5474=ORIENTED_EDGE('',*,*,#4280,.T.);
#5475=ORIENTED_EDGE('',*,*,#4281,.T.);
#5476=ORIENTED_EDGE('',*,*,#4282,.T.);
#5477=ORIENTED_EDGE('',*,*,#4283,.T.);
#5478=ORIENTED_EDGE('',*,*,#4284,.T.);
#5479=ORIENTED_EDGE('',*,*,#4285,.T.);
#5480=ORIENTED_EDGE('',*,*,#4286,.T.);
#5481=ORIENTED_EDGE('',*,*,#4287,.T.);
#5482=ORIENTED_EDGE('',*,*,#4288,.T.);
#5483=ORIENTED_EDGE('',*,*,#4289,.T.);
#5484=ORIENTED_EDGE('',*,*,#4290,.T.);
#5485=ORIENTED_EDGE('',*,*,#4291,.T.);
#5486=ORIENTED_EDGE('',*,*,#4292,.T.);
#5487=ORIENTED_EDGE('',*,*,#4293,.T.);
#5488=ORIENTED_EDGE('',*,*,#4294,.T.);
#5489=ORIENTED_EDGE('',*,*,#4295,.T.);
#5490=ORIENTED_EDGE('',*,*,#4296,.T.);
#5491=ORIENTED_EDGE('',*,*,#4297,.T.);
#5492=ORIENTED_EDGE('',*,*,#4298,.T.);
#5493=ORIENTED_EDGE('',*,*,#4299,.T.);
#5494=ORIENTED_EDGE('',*,*,#4300,.T.);
#5495=ORIENTED_EDGE('',*,*,#4301,.T.);
#5496=ORIENTED_EDGE('',*,*,#4302,.T.);
#5497=ORIENTED_EDGE('',*,*,#4303,.T.);
#5498=ORIENTED_EDGE('',*,*,#4304,.T.);
#5499=ORIENTED_EDGE('',*,*,#4305,.T.);
#5500=ORIENTED_EDGE('',*,*,#4306,.T.);
#5501=ORIENTED_EDGE('',*,*,#4307,.T.);
#5502=ORIENTED_EDGE('',*,*,#4308,.T.);
#5503=ORIENTED_EDGE('',*,*,#4309,.T.);
#5504=ORIENTED_EDGE('',*,*,#4310,.T.);
#5505=ORIENTED_EDGE('',*,*,#4311,.T.);
#5506=ORIENTED_EDGE('',*,*,#4312,.T.);
#5507=ORIENTED_EDGE('',*,*,#4313,.T.);
#5508=ORIENTED_EDGE('',*,*,#4314,.T.);
#5509=ORIENTED_EDGE('',*,*,#4315,.T.);
#5510=ORIENTED_EDGE('',*,*,#4316,.T.);
#5511=ORIENTED_EDGE('',*,*,#4317,.T.);
#5512=ORIENTED_EDGE('',*,*,#4318,.T.);
#5513=ORIENTED_EDGE('',*,*,#4319,.T.);
#5514=ORIENTED_EDGE('',*,*,#4320,.T.);
#5515=ORIENTED_EDGE('',*,*,#4321,.T.);
#5516=ORIENTED_EDGE('',*,*,#4322,.T.);
#5517=ORIENTED_EDGE('',*,*,#4323,.T.);
#5518=ORIENTED_EDGE('',*,*,#4324,.T.);
#5519=ORIENTED_EDGE('',*,*,#4325,.T.);
#5520=ORIENTED_EDGE('',*,*,#4326,.T.);
#5521=ORIENTED_EDGE('',*,*,#4327,.T.);
#5522=ORIENTED_EDGE('',*,*,#4328,.T.);
#5523=ORIENTED_EDGE('',*,*,#4329,.T.);
#5524=ORIENTED_EDGE('',*,*,#4330,.T.);
#5525=ORIENTED_EDGE('',*,*,#4331,.T.);
#5526=ORIENTED_EDGE('',*,*,#4332,.T.);
#5527=ORIENTED_EDGE('',*,*,#4333,.T.);
#5528=ORIENTED_EDGE('',*,*,#4334,.T.);
#5529=ORIENTED_EDGE('',*,*,#4335,.T.);
#5530=ORIENTED_EDGE('',*,*,#4336,.T.);
#5531=ORIENTED_EDGE('',*,*,#4337,.T.);
#5532=ORIENTED_EDGE('',*,*,#4338,.T.);
#5533=ORIENTED_EDGE('',*,*,#4339,.T.);
#5534=ORIENTED_EDGE('',*,*,#4340,.T.);
#5535=ORIENTED_EDGE('',*,*,#4341,.T.);
#5536=ORIENTED_EDGE('',*,*,#4342,.T.);
#5537=ORIENTED_EDGE('',*,*,#4343,.T.);
#5538=ORIENTED_EDGE('',*,*,#4344,.T.);
#5539=ORIENTED_EDGE('',*,*,#4345,.T.);
#5540=ORIENTED_EDGE('',*,*,#4346,.T.);
#5541=ORIENTED_EDGE('',*,*,#4347,.T.);
#5542=ORIENTED_EDGE('',*,*,#4348,.T.);
#5543=ORIENTED_EDGE('',*,*,#4349,.T.);
#5544=ORIENTED_EDGE('',*,*,#4350,.T.);
#5545=ORIENTED_EDGE('',*,*,#4351,.T.);
#5546=ORIENTED_EDGE('',*,*,#4352,.T.);
#5547=ORIENTED_EDGE('',*,*,#3955,.T.);
#5548=ORIENTED_EDGE('',*,*,#4064,.T.);
#5549=ORIENTED_EDGE('',*,*,#4353,.T.);
#5550=ORIENTED_EDGE('',*,*,#4353,.F.);
#5551=ORIENTED_EDGE('',*,*,#4063,.T.);
#5552=ORIENTED_EDGE('',*,*,#4354,.T.);
#5553=ORIENTED_EDGE('',*,*,#4355,.F.);
#5554=ORIENTED_EDGE('',*,*,#4356,.T.);
#5555=ORIENTED_EDGE('',*,*,#4357,.T.);
#5556=ORIENTED_EDGE('',*,*,#3990,.T.);
#5557=ORIENTED_EDGE('',*,*,#4358,.T.);
#5558=ORIENTED_EDGE('',*,*,#4358,.F.);
#5559=ORIENTED_EDGE('',*,*,#3989,.F.);
#5560=ORIENTED_EDGE('',*,*,#4359,.F.);
#5561=ORIENTED_EDGE('',*,*,#4360,.F.);
#5562=ORIENTED_EDGE('',*,*,#4361,.T.);
#5563=ORIENTED_EDGE('',*,*,#4359,.T.);
#5564=ORIENTED_EDGE('',*,*,#3988,.T.);
#5565=ORIENTED_EDGE('',*,*,#4362,.T.);
#5566=ORIENTED_EDGE('',*,*,#4345,.F.);
#5567=ORIENTED_EDGE('',*,*,#4363,.T.);
#5568=ORIENTED_EDGE('',*,*,#4364,.F.);
#5569=ORIENTED_EDGE('',*,*,#4365,.F.);
#5570=ORIENTED_EDGE('',*,*,#4346,.F.);
#5571=ORIENTED_EDGE('',*,*,#4365,.T.);
#5572=ORIENTED_EDGE('',*,*,#4366,.F.);
#5573=ORIENTED_EDGE('',*,*,#4367,.F.);
#5574=ORIENTED_EDGE('',*,*,#4347,.F.);
#5575=ORIENTED_EDGE('',*,*,#4367,.T.);
#5576=ORIENTED_EDGE('',*,*,#4368,.F.);
#5577=ORIENTED_EDGE('',*,*,#4369,.F.);
#5578=ORIENTED_EDGE('',*,*,#4348,.F.);
#5579=ORIENTED_EDGE('',*,*,#4369,.T.);
#5580=ORIENTED_EDGE('',*,*,#4370,.F.);
#5581=ORIENTED_EDGE('',*,*,#4371,.F.);
#5582=ORIENTED_EDGE('',*,*,#4349,.F.);
#5583=ORIENTED_EDGE('',*,*,#4371,.T.);
#5584=ORIENTED_EDGE('',*,*,#4372,.F.);
#5585=ORIENTED_EDGE('',*,*,#4373,.F.);
#5586=ORIENTED_EDGE('',*,*,#4350,.F.);
#5587=ORIENTED_EDGE('',*,*,#4373,.T.);
#5588=ORIENTED_EDGE('',*,*,#4374,.F.);
#5589=ORIENTED_EDGE('',*,*,#4375,.F.);
#5590=ORIENTED_EDGE('',*,*,#4351,.F.);
#5591=ORIENTED_EDGE('',*,*,#4375,.T.);
#5592=ORIENTED_EDGE('',*,*,#4376,.F.);
#5593=ORIENTED_EDGE('',*,*,#4377,.F.);
#5594=ORIENTED_EDGE('',*,*,#4344,.F.);
#5595=ORIENTED_EDGE('',*,*,#4377,.T.);
#5596=ORIENTED_EDGE('',*,*,#4378,.F.);
#5597=ORIENTED_EDGE('',*,*,#4363,.F.);
#5598=ORIENTED_EDGE('',*,*,#4337,.F.);
#5599=ORIENTED_EDGE('',*,*,#4379,.T.);
#5600=ORIENTED_EDGE('',*,*,#4380,.F.);
#5601=ORIENTED_EDGE('',*,*,#4381,.F.);
#5602=ORIENTED_EDGE('',*,*,#4338,.F.);
#5603=ORIENTED_EDGE('',*,*,#4381,.T.);
#5604=ORIENTED_EDGE('',*,*,#4382,.F.);
#5605=ORIENTED_EDGE('',*,*,#4383,.F.);
#5606=ORIENTED_EDGE('',*,*,#4339,.F.);
#5607=ORIENTED_EDGE('',*,*,#4383,.T.);
#5608=ORIENTED_EDGE('',*,*,#4384,.F.);
#5609=ORIENTED_EDGE('',*,*,#4385,.F.);
#5610=ORIENTED_EDGE('',*,*,#4340,.F.);
#5611=ORIENTED_EDGE('',*,*,#4385,.T.);
#5612=ORIENTED_EDGE('',*,*,#4386,.F.);
#5613=ORIENTED_EDGE('',*,*,#4387,.F.);
#5614=ORIENTED_EDGE('',*,*,#4341,.F.);
#5615=ORIENTED_EDGE('',*,*,#4387,.T.);
#5616=ORIENTED_EDGE('',*,*,#4388,.F.);
#5617=ORIENTED_EDGE('',*,*,#4389,.F.);
#5618=ORIENTED_EDGE('',*,*,#4342,.F.);
#5619=ORIENTED_EDGE('',*,*,#4389,.T.);
#5620=ORIENTED_EDGE('',*,*,#4390,.F.);
#5621=ORIENTED_EDGE('',*,*,#4391,.F.);
#5622=ORIENTED_EDGE('',*,*,#4343,.F.);
#5623=ORIENTED_EDGE('',*,*,#4391,.T.);
#5624=ORIENTED_EDGE('',*,*,#4392,.F.);
#5625=ORIENTED_EDGE('',*,*,#4393,.F.);
#5626=ORIENTED_EDGE('',*,*,#4336,.F.);
#5627=ORIENTED_EDGE('',*,*,#4393,.T.);
#5628=ORIENTED_EDGE('',*,*,#4394,.F.);
#5629=ORIENTED_EDGE('',*,*,#4379,.F.);
#5630=ORIENTED_EDGE('',*,*,#4329,.F.);
#5631=ORIENTED_EDGE('',*,*,#4395,.T.);
#5632=ORIENTED_EDGE('',*,*,#4396,.F.);
#5633=ORIENTED_EDGE('',*,*,#4397,.F.);
#5634=ORIENTED_EDGE('',*,*,#4330,.F.);
#5635=ORIENTED_EDGE('',*,*,#4397,.T.);
#5636=ORIENTED_EDGE('',*,*,#4398,.F.);
#5637=ORIENTED_EDGE('',*,*,#4399,.F.);
#5638=ORIENTED_EDGE('',*,*,#4331,.F.);
#5639=ORIENTED_EDGE('',*,*,#4399,.T.);
#5640=ORIENTED_EDGE('',*,*,#4400,.F.);
#5641=ORIENTED_EDGE('',*,*,#4401,.F.);
#5642=ORIENTED_EDGE('',*,*,#4332,.F.);
#5643=ORIENTED_EDGE('',*,*,#4401,.T.);
#5644=ORIENTED_EDGE('',*,*,#4402,.F.);
#5645=ORIENTED_EDGE('',*,*,#4403,.F.);
#5646=ORIENTED_EDGE('',*,*,#4333,.F.);
#5647=ORIENTED_EDGE('',*,*,#4403,.T.);
#5648=ORIENTED_EDGE('',*,*,#4404,.F.);
#5649=ORIENTED_EDGE('',*,*,#4405,.F.);
#5650=ORIENTED_EDGE('',*,*,#4334,.F.);
#5651=ORIENTED_EDGE('',*,*,#4405,.T.);
#5652=ORIENTED_EDGE('',*,*,#4406,.F.);
#5653=ORIENTED_EDGE('',*,*,#4407,.F.);
#5654=ORIENTED_EDGE('',*,*,#4335,.F.);
#5655=ORIENTED_EDGE('',*,*,#4407,.T.);
#5656=ORIENTED_EDGE('',*,*,#4408,.F.);
#5657=ORIENTED_EDGE('',*,*,#4409,.F.);
#5658=ORIENTED_EDGE('',*,*,#4328,.F.);
#5659=ORIENTED_EDGE('',*,*,#4409,.T.);
#5660=ORIENTED_EDGE('',*,*,#4410,.F.);
#5661=ORIENTED_EDGE('',*,*,#4395,.F.);
#5662=ORIENTED_EDGE('',*,*,#4321,.F.);
#5663=ORIENTED_EDGE('',*,*,#4411,.T.);
#5664=ORIENTED_EDGE('',*,*,#4412,.F.);
#5665=ORIENTED_EDGE('',*,*,#4413,.F.);
#5666=ORIENTED_EDGE('',*,*,#4322,.F.);
#5667=ORIENTED_EDGE('',*,*,#4413,.T.);
#5668=ORIENTED_EDGE('',*,*,#4414,.F.);
#5669=ORIENTED_EDGE('',*,*,#4415,.F.);
#5670=ORIENTED_EDGE('',*,*,#4323,.F.);
#5671=ORIENTED_EDGE('',*,*,#4415,.T.);
#5672=ORIENTED_EDGE('',*,*,#4416,.F.);
#5673=ORIENTED_EDGE('',*,*,#4417,.F.);
#5674=ORIENTED_EDGE('',*,*,#4324,.F.);
#5675=ORIENTED_EDGE('',*,*,#4417,.T.);
#5676=ORIENTED_EDGE('',*,*,#4418,.F.);
#5677=ORIENTED_EDGE('',*,*,#4419,.F.);
#5678=ORIENTED_EDGE('',*,*,#4325,.F.);
#5679=ORIENTED_EDGE('',*,*,#4419,.T.);
#5680=ORIENTED_EDGE('',*,*,#4420,.F.);
#5681=ORIENTED_EDGE('',*,*,#4421,.F.);
#5682=ORIENTED_EDGE('',*,*,#4326,.F.);
#5683=ORIENTED_EDGE('',*,*,#4421,.T.);
#5684=ORIENTED_EDGE('',*,*,#4422,.F.);
#5685=ORIENTED_EDGE('',*,*,#4423,.F.);
#5686=ORIENTED_EDGE('',*,*,#4327,.F.);
#5687=ORIENTED_EDGE('',*,*,#4423,.T.);
#5688=ORIENTED_EDGE('',*,*,#4424,.F.);
#5689=ORIENTED_EDGE('',*,*,#4425,.F.);
#5690=ORIENTED_EDGE('',*,*,#4320,.F.);
#5691=ORIENTED_EDGE('',*,*,#4425,.T.);
#5692=ORIENTED_EDGE('',*,*,#4426,.F.);
#5693=ORIENTED_EDGE('',*,*,#4411,.F.);
#5694=ORIENTED_EDGE('',*,*,#4313,.F.);
#5695=ORIENTED_EDGE('',*,*,#4427,.T.);
#5696=ORIENTED_EDGE('',*,*,#4428,.F.);
#5697=ORIENTED_EDGE('',*,*,#4429,.F.);
#5698=ORIENTED_EDGE('',*,*,#4314,.F.);
#5699=ORIENTED_EDGE('',*,*,#4429,.T.);
#5700=ORIENTED_EDGE('',*,*,#4430,.F.);
#5701=ORIENTED_EDGE('',*,*,#4431,.F.);
#5702=ORIENTED_EDGE('',*,*,#4315,.F.);
#5703=ORIENTED_EDGE('',*,*,#4431,.T.);
#5704=ORIENTED_EDGE('',*,*,#4432,.F.);
#5705=ORIENTED_EDGE('',*,*,#4433,.F.);
#5706=ORIENTED_EDGE('',*,*,#4316,.F.);
#5707=ORIENTED_EDGE('',*,*,#4433,.T.);
#5708=ORIENTED_EDGE('',*,*,#4434,.F.);
#5709=ORIENTED_EDGE('',*,*,#4435,.F.);
#5710=ORIENTED_EDGE('',*,*,#4317,.F.);
#5711=ORIENTED_EDGE('',*,*,#4435,.T.);
#5712=ORIENTED_EDGE('',*,*,#4436,.F.);
#5713=ORIENTED_EDGE('',*,*,#4437,.F.);
#5714=ORIENTED_EDGE('',*,*,#4318,.F.);
#5715=ORIENTED_EDGE('',*,*,#4437,.T.);
#5716=ORIENTED_EDGE('',*,*,#4438,.F.);
#5717=ORIENTED_EDGE('',*,*,#4439,.F.);
#5718=ORIENTED_EDGE('',*,*,#4319,.F.);
#5719=ORIENTED_EDGE('',*,*,#4439,.T.);
#5720=ORIENTED_EDGE('',*,*,#4440,.F.);
#5721=ORIENTED_EDGE('',*,*,#4441,.F.);
#5722=ORIENTED_EDGE('',*,*,#4312,.F.);
#5723=ORIENTED_EDGE('',*,*,#4441,.T.);
#5724=ORIENTED_EDGE('',*,*,#4442,.F.);
#5725=ORIENTED_EDGE('',*,*,#4427,.F.);
#5726=ORIENTED_EDGE('',*,*,#4305,.F.);
#5727=ORIENTED_EDGE('',*,*,#4443,.T.);
#5728=ORIENTED_EDGE('',*,*,#4444,.F.);
#5729=ORIENTED_EDGE('',*,*,#4445,.F.);
#5730=ORIENTED_EDGE('',*,*,#4306,.F.);
#5731=ORIENTED_EDGE('',*,*,#4445,.T.);
#5732=ORIENTED_EDGE('',*,*,#4446,.F.);
#5733=ORIENTED_EDGE('',*,*,#4447,.F.);
#5734=ORIENTED_EDGE('',*,*,#4307,.F.);
#5735=ORIENTED_EDGE('',*,*,#4447,.T.);
#5736=ORIENTED_EDGE('',*,*,#4448,.F.);
#5737=ORIENTED_EDGE('',*,*,#4449,.F.);
#5738=ORIENTED_EDGE('',*,*,#4308,.F.);
#5739=ORIENTED_EDGE('',*,*,#4449,.T.);
#5740=ORIENTED_EDGE('',*,*,#4450,.F.);
#5741=ORIENTED_EDGE('',*,*,#4451,.F.);
#5742=ORIENTED_EDGE('',*,*,#4309,.F.);
#5743=ORIENTED_EDGE('',*,*,#4451,.T.);
#5744=ORIENTED_EDGE('',*,*,#4452,.F.);
#5745=ORIENTED_EDGE('',*,*,#4453,.F.);
#5746=ORIENTED_EDGE('',*,*,#4310,.F.);
#5747=ORIENTED_EDGE('',*,*,#4453,.T.);
#5748=ORIENTED_EDGE('',*,*,#4454,.F.);
#5749=ORIENTED_EDGE('',*,*,#4455,.F.);
#5750=ORIENTED_EDGE('',*,*,#4311,.F.);
#5751=ORIENTED_EDGE('',*,*,#4455,.T.);
#5752=ORIENTED_EDGE('',*,*,#4456,.F.);
#5753=ORIENTED_EDGE('',*,*,#4457,.F.);
#5754=ORIENTED_EDGE('',*,*,#4304,.F.);
#5755=ORIENTED_EDGE('',*,*,#4457,.T.);
#5756=ORIENTED_EDGE('',*,*,#4458,.F.);
#5757=ORIENTED_EDGE('',*,*,#4443,.F.);
#5758=ORIENTED_EDGE('',*,*,#4297,.F.);
#5759=ORIENTED_EDGE('',*,*,#4459,.T.);
#5760=ORIENTED_EDGE('',*,*,#4460,.F.);
#5761=ORIENTED_EDGE('',*,*,#4461,.F.);
#5762=ORIENTED_EDGE('',*,*,#4298,.F.);
#5763=ORIENTED_EDGE('',*,*,#4461,.T.);
#5764=ORIENTED_EDGE('',*,*,#4462,.F.);
#5765=ORIENTED_EDGE('',*,*,#4463,.F.);
#5766=ORIENTED_EDGE('',*,*,#4299,.F.);
#5767=ORIENTED_EDGE('',*,*,#4463,.T.);
#5768=ORIENTED_EDGE('',*,*,#4464,.F.);
#5769=ORIENTED_EDGE('',*,*,#4465,.F.);
#5770=ORIENTED_EDGE('',*,*,#4300,.F.);
#5771=ORIENTED_EDGE('',*,*,#4465,.T.);
#5772=ORIENTED_EDGE('',*,*,#4466,.F.);
#5773=ORIENTED_EDGE('',*,*,#4467,.F.);
#5774=ORIENTED_EDGE('',*,*,#4301,.F.);
#5775=ORIENTED_EDGE('',*,*,#4467,.T.);
#5776=ORIENTED_EDGE('',*,*,#4468,.F.);
#5777=ORIENTED_EDGE('',*,*,#4469,.F.);
#5778=ORIENTED_EDGE('',*,*,#4302,.F.);
#5779=ORIENTED_EDGE('',*,*,#4469,.T.);
#5780=ORIENTED_EDGE('',*,*,#4470,.F.);
#5781=ORIENTED_EDGE('',*,*,#4471,.F.);
#5782=ORIENTED_EDGE('',*,*,#4303,.F.);
#5783=ORIENTED_EDGE('',*,*,#4471,.T.);
#5784=ORIENTED_EDGE('',*,*,#4472,.F.);
#5785=ORIENTED_EDGE('',*,*,#4473,.F.);
#5786=ORIENTED_EDGE('',*,*,#4296,.F.);
#5787=ORIENTED_EDGE('',*,*,#4473,.T.);
#5788=ORIENTED_EDGE('',*,*,#4474,.F.);
#5789=ORIENTED_EDGE('',*,*,#4459,.F.);
#5790=ORIENTED_EDGE('',*,*,#4289,.F.);
#5791=ORIENTED_EDGE('',*,*,#4475,.T.);
#5792=ORIENTED_EDGE('',*,*,#4476,.F.);
#5793=ORIENTED_EDGE('',*,*,#4477,.F.);
#5794=ORIENTED_EDGE('',*,*,#4290,.F.);
#5795=ORIENTED_EDGE('',*,*,#4477,.T.);
#5796=ORIENTED_EDGE('',*,*,#4478,.F.);
#5797=ORIENTED_EDGE('',*,*,#4479,.F.);
#5798=ORIENTED_EDGE('',*,*,#4291,.F.);
#5799=ORIENTED_EDGE('',*,*,#4479,.T.);
#5800=ORIENTED_EDGE('',*,*,#4480,.F.);
#5801=ORIENTED_EDGE('',*,*,#4481,.F.);
#5802=ORIENTED_EDGE('',*,*,#4292,.F.);
#5803=ORIENTED_EDGE('',*,*,#4481,.T.);
#5804=ORIENTED_EDGE('',*,*,#4482,.F.);
#5805=ORIENTED_EDGE('',*,*,#4483,.F.);
#5806=ORIENTED_EDGE('',*,*,#4293,.F.);
#5807=ORIENTED_EDGE('',*,*,#4483,.T.);
#5808=ORIENTED_EDGE('',*,*,#4484,.F.);
#5809=ORIENTED_EDGE('',*,*,#4485,.F.);
#5810=ORIENTED_EDGE('',*,*,#4294,.F.);
#5811=ORIENTED_EDGE('',*,*,#4485,.T.);
#5812=ORIENTED_EDGE('',*,*,#4486,.F.);
#5813=ORIENTED_EDGE('',*,*,#4487,.F.);
#5814=ORIENTED_EDGE('',*,*,#4295,.F.);
#5815=ORIENTED_EDGE('',*,*,#4487,.T.);
#5816=ORIENTED_EDGE('',*,*,#4488,.F.);
#5817=ORIENTED_EDGE('',*,*,#4489,.F.);
#5818=ORIENTED_EDGE('',*,*,#4288,.F.);
#5819=ORIENTED_EDGE('',*,*,#4489,.T.);
#5820=ORIENTED_EDGE('',*,*,#4490,.F.);
#5821=ORIENTED_EDGE('',*,*,#4475,.F.);
#5822=ORIENTED_EDGE('',*,*,#4281,.F.);
#5823=ORIENTED_EDGE('',*,*,#4491,.T.);
#5824=ORIENTED_EDGE('',*,*,#4492,.F.);
#5825=ORIENTED_EDGE('',*,*,#4493,.F.);
#5826=ORIENTED_EDGE('',*,*,#4282,.F.);
#5827=ORIENTED_EDGE('',*,*,#4493,.T.);
#5828=ORIENTED_EDGE('',*,*,#4494,.F.);
#5829=ORIENTED_EDGE('',*,*,#4495,.F.);
#5830=ORIENTED_EDGE('',*,*,#4283,.F.);
#5831=ORIENTED_EDGE('',*,*,#4495,.T.);
#5832=ORIENTED_EDGE('',*,*,#4496,.F.);
#5833=ORIENTED_EDGE('',*,*,#4497,.F.);
#5834=ORIENTED_EDGE('',*,*,#4284,.F.);
#5835=ORIENTED_EDGE('',*,*,#4497,.T.);
#5836=ORIENTED_EDGE('',*,*,#4498,.F.);
#5837=ORIENTED_EDGE('',*,*,#4499,.F.);
#5838=ORIENTED_EDGE('',*,*,#4285,.F.);
#5839=ORIENTED_EDGE('',*,*,#4499,.T.);
#5840=ORIENTED_EDGE('',*,*,#4500,.F.);
#5841=ORIENTED_EDGE('',*,*,#4501,.F.);
#5842=ORIENTED_EDGE('',*,*,#4286,.F.);
#5843=ORIENTED_EDGE('',*,*,#4501,.T.);
#5844=ORIENTED_EDGE('',*,*,#4502,.F.);
#5845=ORIENTED_EDGE('',*,*,#4503,.F.);
#5846=ORIENTED_EDGE('',*,*,#4287,.F.);
#5847=ORIENTED_EDGE('',*,*,#4503,.T.);
#5848=ORIENTED_EDGE('',*,*,#4504,.F.);
#5849=ORIENTED_EDGE('',*,*,#4505,.F.);
#5850=ORIENTED_EDGE('',*,*,#4280,.F.);
#5851=ORIENTED_EDGE('',*,*,#4505,.T.);
#5852=ORIENTED_EDGE('',*,*,#4506,.F.);
#5853=ORIENTED_EDGE('',*,*,#4491,.F.);
#5854=ORIENTED_EDGE('',*,*,#4507,.F.);
#5855=ORIENTED_EDGE('',*,*,#4508,.T.);
#5856=ORIENTED_EDGE('',*,*,#4279,.F.);
#5857=ORIENTED_EDGE('',*,*,#4508,.F.);
#5858=ORIENTED_EDGE('',*,*,#4272,.F.);
#5859=ORIENTED_EDGE('',*,*,#4509,.T.);
#5860=ORIENTED_EDGE('',*,*,#4510,.F.);
#5861=ORIENTED_EDGE('',*,*,#4511,.F.);
#5862=ORIENTED_EDGE('',*,*,#4273,.F.);
#5863=ORIENTED_EDGE('',*,*,#4511,.T.);
#5864=ORIENTED_EDGE('',*,*,#4512,.F.);
#5865=ORIENTED_EDGE('',*,*,#4513,.F.);
#5866=ORIENTED_EDGE('',*,*,#4274,.F.);
#5867=ORIENTED_EDGE('',*,*,#4513,.T.);
#5868=ORIENTED_EDGE('',*,*,#4514,.F.);
#5869=ORIENTED_EDGE('',*,*,#4515,.F.);
#5870=ORIENTED_EDGE('',*,*,#4275,.F.);
#5871=ORIENTED_EDGE('',*,*,#4515,.T.);
#5872=ORIENTED_EDGE('',*,*,#4516,.F.);
#5873=ORIENTED_EDGE('',*,*,#4517,.F.);
#5874=ORIENTED_EDGE('',*,*,#4276,.F.);
#5875=ORIENTED_EDGE('',*,*,#4517,.T.);
#5876=ORIENTED_EDGE('',*,*,#4518,.F.);
#5877=ORIENTED_EDGE('',*,*,#4519,.F.);
#5878=ORIENTED_EDGE('',*,*,#4277,.F.);
#5879=ORIENTED_EDGE('',*,*,#4519,.T.);
#5880=ORIENTED_EDGE('',*,*,#4520,.F.);
#5881=ORIENTED_EDGE('',*,*,#4521,.F.);
#5882=ORIENTED_EDGE('',*,*,#4278,.F.);
#5883=ORIENTED_EDGE('',*,*,#4521,.T.);
#5884=ORIENTED_EDGE('',*,*,#4522,.F.);
#5885=ORIENTED_EDGE('',*,*,#4523,.F.);
#5886=ORIENTED_EDGE('',*,*,#4271,.F.);
#5887=ORIENTED_EDGE('',*,*,#4523,.T.);
#5888=ORIENTED_EDGE('',*,*,#4524,.F.);
#5889=ORIENTED_EDGE('',*,*,#4509,.F.);
#5890=ORIENTED_EDGE('',*,*,#4264,.F.);
#5891=ORIENTED_EDGE('',*,*,#4525,.T.);
#5892=ORIENTED_EDGE('',*,*,#4526,.F.);
#5893=ORIENTED_EDGE('',*,*,#4527,.F.);
#5894=ORIENTED_EDGE('',*,*,#4265,.F.);
#5895=ORIENTED_EDGE('',*,*,#4527,.T.);
#5896=ORIENTED_EDGE('',*,*,#4528,.F.);
#5897=ORIENTED_EDGE('',*,*,#4529,.F.);
#5898=ORIENTED_EDGE('',*,*,#4266,.F.);
#5899=ORIENTED_EDGE('',*,*,#4529,.T.);
#5900=ORIENTED_EDGE('',*,*,#4530,.F.);
#5901=ORIENTED_EDGE('',*,*,#4531,.F.);
#5902=ORIENTED_EDGE('',*,*,#4267,.F.);
#5903=ORIENTED_EDGE('',*,*,#4531,.T.);
#5904=ORIENTED_EDGE('',*,*,#4532,.F.);
#5905=ORIENTED_EDGE('',*,*,#4533,.F.);
#5906=ORIENTED_EDGE('',*,*,#4268,.F.);
#5907=ORIENTED_EDGE('',*,*,#4533,.T.);
#5908=ORIENTED_EDGE('',*,*,#4534,.F.);
#5909=ORIENTED_EDGE('',*,*,#4535,.F.);
#5910=ORIENTED_EDGE('',*,*,#4269,.F.);
#5911=ORIENTED_EDGE('',*,*,#4535,.T.);
#5912=ORIENTED_EDGE('',*,*,#4536,.F.);
#5913=ORIENTED_EDGE('',*,*,#4537,.F.);
#5914=ORIENTED_EDGE('',*,*,#4270,.F.);
#5915=ORIENTED_EDGE('',*,*,#4537,.T.);
#5916=ORIENTED_EDGE('',*,*,#4538,.F.);
#5917=ORIENTED_EDGE('',*,*,#4539,.F.);
#5918=ORIENTED_EDGE('',*,*,#4263,.F.);
#5919=ORIENTED_EDGE('',*,*,#4539,.T.);
#5920=ORIENTED_EDGE('',*,*,#4540,.F.);
#5921=ORIENTED_EDGE('',*,*,#4525,.F.);
#5922=ORIENTED_EDGE('',*,*,#4256,.F.);
#5923=ORIENTED_EDGE('',*,*,#4541,.T.);
#5924=ORIENTED_EDGE('',*,*,#4542,.F.);
#5925=ORIENTED_EDGE('',*,*,#4543,.F.);
#5926=ORIENTED_EDGE('',*,*,#4257,.F.);
#5927=ORIENTED_EDGE('',*,*,#4543,.T.);
#5928=ORIENTED_EDGE('',*,*,#4544,.F.);
#5929=ORIENTED_EDGE('',*,*,#4545,.F.);
#5930=ORIENTED_EDGE('',*,*,#4258,.F.);
#5931=ORIENTED_EDGE('',*,*,#4545,.T.);
#5932=ORIENTED_EDGE('',*,*,#4546,.F.);
#5933=ORIENTED_EDGE('',*,*,#4547,.F.);
#5934=ORIENTED_EDGE('',*,*,#4259,.F.);
#5935=ORIENTED_EDGE('',*,*,#4547,.T.);
#5936=ORIENTED_EDGE('',*,*,#4548,.F.);
#5937=ORIENTED_EDGE('',*,*,#4549,.F.);
#5938=ORIENTED_EDGE('',*,*,#4260,.F.);
#5939=ORIENTED_EDGE('',*,*,#4549,.T.);
#5940=ORIENTED_EDGE('',*,*,#4550,.F.);
#5941=ORIENTED_EDGE('',*,*,#4551,.F.);
#5942=ORIENTED_EDGE('',*,*,#4261,.F.);
#5943=ORIENTED_EDGE('',*,*,#4551,.T.);
#5944=ORIENTED_EDGE('',*,*,#4552,.F.);
#5945=ORIENTED_EDGE('',*,*,#4553,.F.);
#5946=ORIENTED_EDGE('',*,*,#4262,.F.);
#5947=ORIENTED_EDGE('',*,*,#4553,.T.);
#5948=ORIENTED_EDGE('',*,*,#4554,.F.);
#5949=ORIENTED_EDGE('',*,*,#4555,.F.);
#5950=ORIENTED_EDGE('',*,*,#4255,.F.);
#5951=ORIENTED_EDGE('',*,*,#4555,.T.);
#5952=ORIENTED_EDGE('',*,*,#4556,.F.);
#5953=ORIENTED_EDGE('',*,*,#4541,.F.);
#5954=ORIENTED_EDGE('',*,*,#4557,.F.);
#5955=ORIENTED_EDGE('',*,*,#4558,.T.);
#5956=ORIENTED_EDGE('',*,*,#4254,.F.);
#5957=ORIENTED_EDGE('',*,*,#4558,.F.);
#5958=ORIENTED_EDGE('',*,*,#4247,.F.);
#5959=ORIENTED_EDGE('',*,*,#4559,.T.);
#5960=ORIENTED_EDGE('',*,*,#4560,.F.);
#5961=ORIENTED_EDGE('',*,*,#4561,.F.);
#5962=ORIENTED_EDGE('',*,*,#4248,.F.);
#5963=ORIENTED_EDGE('',*,*,#4561,.T.);
#5964=ORIENTED_EDGE('',*,*,#4562,.F.);
#5965=ORIENTED_EDGE('',*,*,#4563,.F.);
#5966=ORIENTED_EDGE('',*,*,#4249,.F.);
#5967=ORIENTED_EDGE('',*,*,#4563,.T.);
#5968=ORIENTED_EDGE('',*,*,#4564,.F.);
#5969=ORIENTED_EDGE('',*,*,#4565,.F.);
#5970=ORIENTED_EDGE('',*,*,#4250,.F.);
#5971=ORIENTED_EDGE('',*,*,#4565,.T.);
#5972=ORIENTED_EDGE('',*,*,#4566,.F.);
#5973=ORIENTED_EDGE('',*,*,#4567,.F.);
#5974=ORIENTED_EDGE('',*,*,#4251,.F.);
#5975=ORIENTED_EDGE('',*,*,#4567,.T.);
#5976=ORIENTED_EDGE('',*,*,#4568,.F.);
#5977=ORIENTED_EDGE('',*,*,#4569,.F.);
#5978=ORIENTED_EDGE('',*,*,#4252,.F.);
#5979=ORIENTED_EDGE('',*,*,#4569,.T.);
#5980=ORIENTED_EDGE('',*,*,#4570,.F.);
#5981=ORIENTED_EDGE('',*,*,#4571,.F.);
#5982=ORIENTED_EDGE('',*,*,#4253,.F.);
#5983=ORIENTED_EDGE('',*,*,#4571,.T.);
#5984=ORIENTED_EDGE('',*,*,#4572,.F.);
#5985=ORIENTED_EDGE('',*,*,#4573,.F.);
#5986=ORIENTED_EDGE('',*,*,#4246,.F.);
#5987=ORIENTED_EDGE('',*,*,#4573,.T.);
#5988=ORIENTED_EDGE('',*,*,#4574,.F.);
#5989=ORIENTED_EDGE('',*,*,#4559,.F.);
#5990=ORIENTED_EDGE('',*,*,#4239,.F.);
#5991=ORIENTED_EDGE('',*,*,#4575,.T.);
#5992=ORIENTED_EDGE('',*,*,#4576,.F.);
#5993=ORIENTED_EDGE('',*,*,#4577,.F.);
#5994=ORIENTED_EDGE('',*,*,#4240,.F.);
#5995=ORIENTED_EDGE('',*,*,#4577,.T.);
#5996=ORIENTED_EDGE('',*,*,#4578,.F.);
#5997=ORIENTED_EDGE('',*,*,#4579,.F.);
#5998=ORIENTED_EDGE('',*,*,#4241,.F.);
#5999=ORIENTED_EDGE('',*,*,#4579,.T.);
#6000=ORIENTED_EDGE('',*,*,#4580,.F.);
#6001=ORIENTED_EDGE('',*,*,#4581,.F.);
#6002=ORIENTED_EDGE('',*,*,#4242,.F.);
#6003=ORIENTED_EDGE('',*,*,#4581,.T.);
#6004=ORIENTED_EDGE('',*,*,#4582,.F.);
#6005=ORIENTED_EDGE('',*,*,#4583,.F.);
#6006=ORIENTED_EDGE('',*,*,#4243,.F.);
#6007=ORIENTED_EDGE('',*,*,#4583,.T.);
#6008=ORIENTED_EDGE('',*,*,#4584,.F.);
#6009=ORIENTED_EDGE('',*,*,#4585,.F.);
#6010=ORIENTED_EDGE('',*,*,#4244,.F.);
#6011=ORIENTED_EDGE('',*,*,#4585,.T.);
#6012=ORIENTED_EDGE('',*,*,#4586,.F.);
#6013=ORIENTED_EDGE('',*,*,#4587,.F.);
#6014=ORIENTED_EDGE('',*,*,#4245,.F.);
#6015=ORIENTED_EDGE('',*,*,#4587,.T.);
#6016=ORIENTED_EDGE('',*,*,#4588,.F.);
#6017=ORIENTED_EDGE('',*,*,#4589,.F.);
#6018=ORIENTED_EDGE('',*,*,#4238,.F.);
#6019=ORIENTED_EDGE('',*,*,#4589,.T.);
#6020=ORIENTED_EDGE('',*,*,#4590,.F.);
#6021=ORIENTED_EDGE('',*,*,#4575,.F.);
#6022=ORIENTED_EDGE('',*,*,#4231,.F.);
#6023=ORIENTED_EDGE('',*,*,#4591,.T.);
#6024=ORIENTED_EDGE('',*,*,#4592,.F.);
#6025=ORIENTED_EDGE('',*,*,#4593,.F.);
#6026=ORIENTED_EDGE('',*,*,#4232,.F.);
#6027=ORIENTED_EDGE('',*,*,#4593,.T.);
#6028=ORIENTED_EDGE('',*,*,#4594,.F.);
#6029=ORIENTED_EDGE('',*,*,#4595,.F.);
#6030=ORIENTED_EDGE('',*,*,#4233,.F.);
#6031=ORIENTED_EDGE('',*,*,#4595,.T.);
#6032=ORIENTED_EDGE('',*,*,#4596,.F.);
#6033=ORIENTED_EDGE('',*,*,#4597,.F.);
#6034=ORIENTED_EDGE('',*,*,#4234,.F.);
#6035=ORIENTED_EDGE('',*,*,#4597,.T.);
#6036=ORIENTED_EDGE('',*,*,#4598,.F.);
#6037=ORIENTED_EDGE('',*,*,#4599,.F.);
#6038=ORIENTED_EDGE('',*,*,#4235,.F.);
#6039=ORIENTED_EDGE('',*,*,#4599,.T.);
#6040=ORIENTED_EDGE('',*,*,#4600,.F.);
#6041=ORIENTED_EDGE('',*,*,#4601,.F.);
#6042=ORIENTED_EDGE('',*,*,#4236,.F.);
#6043=ORIENTED_EDGE('',*,*,#4601,.T.);
#6044=ORIENTED_EDGE('',*,*,#4602,.F.);
#6045=ORIENTED_EDGE('',*,*,#4603,.F.);
#6046=ORIENTED_EDGE('',*,*,#4237,.F.);
#6047=ORIENTED_EDGE('',*,*,#4603,.T.);
#6048=ORIENTED_EDGE('',*,*,#4604,.F.);
#6049=ORIENTED_EDGE('',*,*,#4605,.F.);
#6050=ORIENTED_EDGE('',*,*,#4230,.F.);
#6051=ORIENTED_EDGE('',*,*,#4605,.T.);
#6052=ORIENTED_EDGE('',*,*,#4606,.F.);
#6053=ORIENTED_EDGE('',*,*,#4591,.F.);
#6054=ORIENTED_EDGE('',*,*,#4223,.F.);
#6055=ORIENTED_EDGE('',*,*,#4607,.T.);
#6056=ORIENTED_EDGE('',*,*,#4608,.F.);
#6057=ORIENTED_EDGE('',*,*,#4609,.F.);
#6058=ORIENTED_EDGE('',*,*,#4224,.F.);
#6059=ORIENTED_EDGE('',*,*,#4609,.T.);
#6060=ORIENTED_EDGE('',*,*,#4610,.F.);
#6061=ORIENTED_EDGE('',*,*,#4611,.F.);
#6062=ORIENTED_EDGE('',*,*,#4225,.F.);
#6063=ORIENTED_EDGE('',*,*,#4611,.T.);
#6064=ORIENTED_EDGE('',*,*,#4612,.F.);
#6065=ORIENTED_EDGE('',*,*,#4613,.F.);
#6066=ORIENTED_EDGE('',*,*,#4226,.F.);
#6067=ORIENTED_EDGE('',*,*,#4613,.T.);
#6068=ORIENTED_EDGE('',*,*,#4614,.F.);
#6069=ORIENTED_EDGE('',*,*,#4615,.F.);
#6070=ORIENTED_EDGE('',*,*,#4227,.F.);
#6071=ORIENTED_EDGE('',*,*,#4615,.T.);
#6072=ORIENTED_EDGE('',*,*,#4616,.F.);
#6073=ORIENTED_EDGE('',*,*,#4617,.F.);
#6074=ORIENTED_EDGE('',*,*,#4228,.F.);
#6075=ORIENTED_EDGE('',*,*,#4617,.T.);
#6076=ORIENTED_EDGE('',*,*,#4618,.F.);
#6077=ORIENTED_EDGE('',*,*,#4619,.F.);
#6078=ORIENTED_EDGE('',*,*,#4229,.F.);
#6079=ORIENTED_EDGE('',*,*,#4619,.T.);
#6080=ORIENTED_EDGE('',*,*,#4620,.F.);
#6081=ORIENTED_EDGE('',*,*,#4621,.F.);
#6082=ORIENTED_EDGE('',*,*,#4222,.F.);
#6083=ORIENTED_EDGE('',*,*,#4621,.T.);
#6084=ORIENTED_EDGE('',*,*,#4622,.F.);
#6085=ORIENTED_EDGE('',*,*,#4607,.F.);
#6086=ORIENTED_EDGE('',*,*,#4215,.F.);
#6087=ORIENTED_EDGE('',*,*,#4623,.T.);
#6088=ORIENTED_EDGE('',*,*,#4624,.F.);
#6089=ORIENTED_EDGE('',*,*,#4625,.F.);
#6090=ORIENTED_EDGE('',*,*,#4216,.F.);
#6091=ORIENTED_EDGE('',*,*,#4625,.T.);
#6092=ORIENTED_EDGE('',*,*,#4626,.F.);
#6093=ORIENTED_EDGE('',*,*,#4627,.F.);
#6094=ORIENTED_EDGE('',*,*,#4217,.F.);
#6095=ORIENTED_EDGE('',*,*,#4627,.T.);
#6096=ORIENTED_EDGE('',*,*,#4628,.F.);
#6097=ORIENTED_EDGE('',*,*,#4629,.F.);
#6098=ORIENTED_EDGE('',*,*,#4218,.F.);
#6099=ORIENTED_EDGE('',*,*,#4629,.T.);
#6100=ORIENTED_EDGE('',*,*,#4630,.F.);
#6101=ORIENTED_EDGE('',*,*,#4631,.F.);
#6102=ORIENTED_EDGE('',*,*,#4219,.F.);
#6103=ORIENTED_EDGE('',*,*,#4631,.T.);
#6104=ORIENTED_EDGE('',*,*,#4632,.F.);
#6105=ORIENTED_EDGE('',*,*,#4633,.F.);
#6106=ORIENTED_EDGE('',*,*,#4220,.F.);
#6107=ORIENTED_EDGE('',*,*,#4633,.T.);
#6108=ORIENTED_EDGE('',*,*,#4634,.F.);
#6109=ORIENTED_EDGE('',*,*,#4635,.F.);
#6110=ORIENTED_EDGE('',*,*,#4221,.F.);
#6111=ORIENTED_EDGE('',*,*,#4635,.T.);
#6112=ORIENTED_EDGE('',*,*,#4636,.F.);
#6113=ORIENTED_EDGE('',*,*,#4637,.F.);
#6114=ORIENTED_EDGE('',*,*,#4214,.F.);
#6115=ORIENTED_EDGE('',*,*,#4637,.T.);
#6116=ORIENTED_EDGE('',*,*,#4638,.F.);
#6117=ORIENTED_EDGE('',*,*,#4623,.F.);
#6118=ORIENTED_EDGE('',*,*,#4639,.F.);
#6119=ORIENTED_EDGE('',*,*,#4640,.T.);
#6120=ORIENTED_EDGE('',*,*,#4213,.F.);
#6121=ORIENTED_EDGE('',*,*,#4640,.F.);
#6122=ORIENTED_EDGE('',*,*,#4641,.F.);
#6123=ORIENTED_EDGE('',*,*,#4642,.T.);
#6124=ORIENTED_EDGE('',*,*,#4212,.F.);
#6125=ORIENTED_EDGE('',*,*,#4642,.F.);
#6126=ORIENTED_EDGE('',*,*,#4205,.F.);
#6127=ORIENTED_EDGE('',*,*,#4643,.T.);
#6128=ORIENTED_EDGE('',*,*,#4644,.F.);
#6129=ORIENTED_EDGE('',*,*,#4645,.F.);
#6130=ORIENTED_EDGE('',*,*,#4206,.F.);
#6131=ORIENTED_EDGE('',*,*,#4645,.T.);
#6132=ORIENTED_EDGE('',*,*,#4646,.F.);
#6133=ORIENTED_EDGE('',*,*,#4647,.F.);
#6134=ORIENTED_EDGE('',*,*,#4207,.F.);
#6135=ORIENTED_EDGE('',*,*,#4647,.T.);
#6136=ORIENTED_EDGE('',*,*,#4648,.F.);
#6137=ORIENTED_EDGE('',*,*,#4649,.F.);
#6138=ORIENTED_EDGE('',*,*,#4208,.F.);
#6139=ORIENTED_EDGE('',*,*,#4649,.T.);
#6140=ORIENTED_EDGE('',*,*,#4650,.F.);
#6141=ORIENTED_EDGE('',*,*,#4651,.F.);
#6142=ORIENTED_EDGE('',*,*,#4209,.F.);
#6143=ORIENTED_EDGE('',*,*,#4651,.T.);
#6144=ORIENTED_EDGE('',*,*,#4652,.F.);
#6145=ORIENTED_EDGE('',*,*,#4653,.F.);
#6146=ORIENTED_EDGE('',*,*,#4210,.F.);
#6147=ORIENTED_EDGE('',*,*,#4653,.T.);
#6148=ORIENTED_EDGE('',*,*,#4654,.F.);
#6149=ORIENTED_EDGE('',*,*,#4655,.F.);
#6150=ORIENTED_EDGE('',*,*,#4211,.F.);
#6151=ORIENTED_EDGE('',*,*,#4655,.T.);
#6152=ORIENTED_EDGE('',*,*,#4656,.F.);
#6153=ORIENTED_EDGE('',*,*,#4657,.F.);
#6154=ORIENTED_EDGE('',*,*,#4204,.F.);
#6155=ORIENTED_EDGE('',*,*,#4657,.T.);
#6156=ORIENTED_EDGE('',*,*,#4658,.F.);
#6157=ORIENTED_EDGE('',*,*,#4643,.F.);
#6158=ORIENTED_EDGE('',*,*,#4197,.F.);
#6159=ORIENTED_EDGE('',*,*,#4659,.T.);
#6160=ORIENTED_EDGE('',*,*,#4660,.F.);
#6161=ORIENTED_EDGE('',*,*,#4661,.F.);
#6162=ORIENTED_EDGE('',*,*,#4198,.F.);
#6163=ORIENTED_EDGE('',*,*,#4661,.T.);
#6164=ORIENTED_EDGE('',*,*,#4662,.F.);
#6165=ORIENTED_EDGE('',*,*,#4663,.F.);
#6166=ORIENTED_EDGE('',*,*,#4199,.F.);
#6167=ORIENTED_EDGE('',*,*,#4663,.T.);
#6168=ORIENTED_EDGE('',*,*,#4664,.F.);
#6169=ORIENTED_EDGE('',*,*,#4665,.F.);
#6170=ORIENTED_EDGE('',*,*,#4200,.F.);
#6171=ORIENTED_EDGE('',*,*,#4665,.T.);
#6172=ORIENTED_EDGE('',*,*,#4666,.F.);
#6173=ORIENTED_EDGE('',*,*,#4667,.F.);
#6174=ORIENTED_EDGE('',*,*,#4201,.F.);
#6175=ORIENTED_EDGE('',*,*,#4667,.T.);
#6176=ORIENTED_EDGE('',*,*,#4668,.F.);
#6177=ORIENTED_EDGE('',*,*,#4669,.F.);
#6178=ORIENTED_EDGE('',*,*,#4202,.F.);
#6179=ORIENTED_EDGE('',*,*,#4669,.T.);
#6180=ORIENTED_EDGE('',*,*,#4670,.F.);
#6181=ORIENTED_EDGE('',*,*,#4671,.F.);
#6182=ORIENTED_EDGE('',*,*,#4203,.F.);
#6183=ORIENTED_EDGE('',*,*,#4671,.T.);
#6184=ORIENTED_EDGE('',*,*,#4672,.F.);
#6185=ORIENTED_EDGE('',*,*,#4673,.F.);
#6186=ORIENTED_EDGE('',*,*,#4196,.F.);
#6187=ORIENTED_EDGE('',*,*,#4673,.T.);
#6188=ORIENTED_EDGE('',*,*,#4674,.F.);
#6189=ORIENTED_EDGE('',*,*,#4659,.F.);
#6190=ORIENTED_EDGE('',*,*,#4189,.F.);
#6191=ORIENTED_EDGE('',*,*,#4675,.T.);
#6192=ORIENTED_EDGE('',*,*,#4676,.F.);
#6193=ORIENTED_EDGE('',*,*,#4677,.F.);
#6194=ORIENTED_EDGE('',*,*,#4190,.F.);
#6195=ORIENTED_EDGE('',*,*,#4677,.T.);
#6196=ORIENTED_EDGE('',*,*,#4678,.F.);
#6197=ORIENTED_EDGE('',*,*,#4679,.F.);
#6198=ORIENTED_EDGE('',*,*,#4191,.F.);
#6199=ORIENTED_EDGE('',*,*,#4679,.T.);
#6200=ORIENTED_EDGE('',*,*,#4680,.F.);
#6201=ORIENTED_EDGE('',*,*,#4681,.F.);
#6202=ORIENTED_EDGE('',*,*,#4192,.F.);
#6203=ORIENTED_EDGE('',*,*,#4681,.T.);
#6204=ORIENTED_EDGE('',*,*,#4682,.F.);
#6205=ORIENTED_EDGE('',*,*,#4683,.F.);
#6206=ORIENTED_EDGE('',*,*,#4193,.F.);
#6207=ORIENTED_EDGE('',*,*,#4683,.T.);
#6208=ORIENTED_EDGE('',*,*,#4684,.F.);
#6209=ORIENTED_EDGE('',*,*,#4685,.F.);
#6210=ORIENTED_EDGE('',*,*,#4194,.F.);
#6211=ORIENTED_EDGE('',*,*,#4685,.T.);
#6212=ORIENTED_EDGE('',*,*,#4686,.F.);
#6213=ORIENTED_EDGE('',*,*,#4687,.F.);
#6214=ORIENTED_EDGE('',*,*,#4195,.F.);
#6215=ORIENTED_EDGE('',*,*,#4687,.T.);
#6216=ORIENTED_EDGE('',*,*,#4688,.F.);
#6217=ORIENTED_EDGE('',*,*,#4689,.F.);
#6218=ORIENTED_EDGE('',*,*,#4188,.F.);
#6219=ORIENTED_EDGE('',*,*,#4689,.T.);
#6220=ORIENTED_EDGE('',*,*,#4690,.F.);
#6221=ORIENTED_EDGE('',*,*,#4675,.F.);
#6222=ORIENTED_EDGE('',*,*,#4181,.F.);
#6223=ORIENTED_EDGE('',*,*,#4691,.T.);
#6224=ORIENTED_EDGE('',*,*,#4692,.F.);
#6225=ORIENTED_EDGE('',*,*,#4693,.F.);
#6226=ORIENTED_EDGE('',*,*,#4182,.F.);
#6227=ORIENTED_EDGE('',*,*,#4693,.T.);
#6228=ORIENTED_EDGE('',*,*,#4694,.F.);
#6229=ORIENTED_EDGE('',*,*,#4695,.F.);
#6230=ORIENTED_EDGE('',*,*,#4183,.F.);
#6231=ORIENTED_EDGE('',*,*,#4695,.T.);
#6232=ORIENTED_EDGE('',*,*,#4696,.F.);
#6233=ORIENTED_EDGE('',*,*,#4697,.F.);
#6234=ORIENTED_EDGE('',*,*,#4184,.F.);
#6235=ORIENTED_EDGE('',*,*,#4697,.T.);
#6236=ORIENTED_EDGE('',*,*,#4698,.F.);
#6237=ORIENTED_EDGE('',*,*,#4699,.F.);
#6238=ORIENTED_EDGE('',*,*,#4185,.F.);
#6239=ORIENTED_EDGE('',*,*,#4699,.T.);
#6240=ORIENTED_EDGE('',*,*,#4700,.F.);
#6241=ORIENTED_EDGE('',*,*,#4701,.F.);
#6242=ORIENTED_EDGE('',*,*,#4186,.F.);
#6243=ORIENTED_EDGE('',*,*,#4701,.T.);
#6244=ORIENTED_EDGE('',*,*,#4702,.F.);
#6245=ORIENTED_EDGE('',*,*,#4703,.F.);
#6246=ORIENTED_EDGE('',*,*,#4187,.F.);
#6247=ORIENTED_EDGE('',*,*,#4703,.T.);
#6248=ORIENTED_EDGE('',*,*,#4704,.F.);
#6249=ORIENTED_EDGE('',*,*,#4705,.F.);
#6250=ORIENTED_EDGE('',*,*,#4180,.F.);
#6251=ORIENTED_EDGE('',*,*,#4705,.T.);
#6252=ORIENTED_EDGE('',*,*,#4706,.F.);
#6253=ORIENTED_EDGE('',*,*,#4691,.F.);
#6254=ORIENTED_EDGE('',*,*,#4173,.F.);
#6255=ORIENTED_EDGE('',*,*,#4707,.T.);
#6256=ORIENTED_EDGE('',*,*,#4708,.F.);
#6257=ORIENTED_EDGE('',*,*,#4709,.F.);
#6258=ORIENTED_EDGE('',*,*,#4174,.F.);
#6259=ORIENTED_EDGE('',*,*,#4709,.T.);
#6260=ORIENTED_EDGE('',*,*,#4710,.F.);
#6261=ORIENTED_EDGE('',*,*,#4711,.F.);
#6262=ORIENTED_EDGE('',*,*,#4175,.F.);
#6263=ORIENTED_EDGE('',*,*,#4711,.T.);
#6264=ORIENTED_EDGE('',*,*,#4712,.F.);
#6265=ORIENTED_EDGE('',*,*,#4713,.F.);
#6266=ORIENTED_EDGE('',*,*,#4176,.F.);
#6267=ORIENTED_EDGE('',*,*,#4713,.T.);
#6268=ORIENTED_EDGE('',*,*,#4714,.F.);
#6269=ORIENTED_EDGE('',*,*,#4715,.F.);
#6270=ORIENTED_EDGE('',*,*,#4177,.F.);
#6271=ORIENTED_EDGE('',*,*,#4715,.T.);
#6272=ORIENTED_EDGE('',*,*,#4716,.F.);
#6273=ORIENTED_EDGE('',*,*,#4717,.F.);
#6274=ORIENTED_EDGE('',*,*,#4178,.F.);
#6275=ORIENTED_EDGE('',*,*,#4717,.T.);
#6276=ORIENTED_EDGE('',*,*,#4718,.F.);
#6277=ORIENTED_EDGE('',*,*,#4719,.F.);
#6278=ORIENTED_EDGE('',*,*,#4179,.F.);
#6279=ORIENTED_EDGE('',*,*,#4719,.T.);
#6280=ORIENTED_EDGE('',*,*,#4720,.F.);
#6281=ORIENTED_EDGE('',*,*,#4721,.F.);
#6282=ORIENTED_EDGE('',*,*,#4172,.F.);
#6283=ORIENTED_EDGE('',*,*,#4721,.T.);
#6284=ORIENTED_EDGE('',*,*,#4722,.F.);
#6285=ORIENTED_EDGE('',*,*,#4707,.F.);
#6286=ORIENTED_EDGE('',*,*,#4723,.F.);
#6287=ORIENTED_EDGE('',*,*,#4724,.T.);
#6288=ORIENTED_EDGE('',*,*,#4171,.F.);
#6289=ORIENTED_EDGE('',*,*,#4724,.F.);
#6290=ORIENTED_EDGE('',*,*,#4164,.F.);
#6291=ORIENTED_EDGE('',*,*,#4725,.T.);
#6292=ORIENTED_EDGE('',*,*,#4726,.F.);
#6293=ORIENTED_EDGE('',*,*,#4727,.F.);
#6294=ORIENTED_EDGE('',*,*,#4165,.F.);
#6295=ORIENTED_EDGE('',*,*,#4727,.T.);
#6296=ORIENTED_EDGE('',*,*,#4728,.F.);
#6297=ORIENTED_EDGE('',*,*,#4729,.F.);
#6298=ORIENTED_EDGE('',*,*,#4166,.F.);
#6299=ORIENTED_EDGE('',*,*,#4729,.T.);
#6300=ORIENTED_EDGE('',*,*,#4730,.F.);
#6301=ORIENTED_EDGE('',*,*,#4731,.F.);
#6302=ORIENTED_EDGE('',*,*,#4167,.F.);
#6303=ORIENTED_EDGE('',*,*,#4731,.T.);
#6304=ORIENTED_EDGE('',*,*,#4732,.F.);
#6305=ORIENTED_EDGE('',*,*,#4733,.F.);
#6306=ORIENTED_EDGE('',*,*,#4168,.F.);
#6307=ORIENTED_EDGE('',*,*,#4733,.T.);
#6308=ORIENTED_EDGE('',*,*,#4734,.F.);
#6309=ORIENTED_EDGE('',*,*,#4735,.F.);
#6310=ORIENTED_EDGE('',*,*,#4169,.F.);
#6311=ORIENTED_EDGE('',*,*,#4735,.T.);
#6312=ORIENTED_EDGE('',*,*,#4736,.F.);
#6313=ORIENTED_EDGE('',*,*,#4737,.F.);
#6314=ORIENTED_EDGE('',*,*,#4170,.F.);
#6315=ORIENTED_EDGE('',*,*,#4737,.T.);
#6316=ORIENTED_EDGE('',*,*,#4738,.F.);
#6317=ORIENTED_EDGE('',*,*,#4739,.F.);
#6318=ORIENTED_EDGE('',*,*,#4163,.F.);
#6319=ORIENTED_EDGE('',*,*,#4739,.T.);
#6320=ORIENTED_EDGE('',*,*,#4740,.F.);
#6321=ORIENTED_EDGE('',*,*,#4725,.F.);
#6322=ORIENTED_EDGE('',*,*,#4156,.F.);
#6323=ORIENTED_EDGE('',*,*,#4741,.T.);
#6324=ORIENTED_EDGE('',*,*,#4742,.F.);
#6325=ORIENTED_EDGE('',*,*,#4743,.F.);
#6326=ORIENTED_EDGE('',*,*,#4157,.F.);
#6327=ORIENTED_EDGE('',*,*,#4743,.T.);
#6328=ORIENTED_EDGE('',*,*,#4744,.F.);
#6329=ORIENTED_EDGE('',*,*,#4745,.F.);
#6330=ORIENTED_EDGE('',*,*,#4158,.F.);
#6331=ORIENTED_EDGE('',*,*,#4745,.T.);
#6332=ORIENTED_EDGE('',*,*,#4746,.F.);
#6333=ORIENTED_EDGE('',*,*,#4747,.F.);
#6334=ORIENTED_EDGE('',*,*,#4159,.F.);
#6335=ORIENTED_EDGE('',*,*,#4747,.T.);
#6336=ORIENTED_EDGE('',*,*,#4748,.F.);
#6337=ORIENTED_EDGE('',*,*,#4749,.F.);
#6338=ORIENTED_EDGE('',*,*,#4160,.F.);
#6339=ORIENTED_EDGE('',*,*,#4749,.T.);
#6340=ORIENTED_EDGE('',*,*,#4750,.F.);
#6341=ORIENTED_EDGE('',*,*,#4751,.F.);
#6342=ORIENTED_EDGE('',*,*,#4161,.F.);
#6343=ORIENTED_EDGE('',*,*,#4751,.T.);
#6344=ORIENTED_EDGE('',*,*,#4752,.F.);
#6345=ORIENTED_EDGE('',*,*,#4753,.F.);
#6346=ORIENTED_EDGE('',*,*,#4162,.F.);
#6347=ORIENTED_EDGE('',*,*,#4753,.T.);
#6348=ORIENTED_EDGE('',*,*,#4754,.F.);
#6349=ORIENTED_EDGE('',*,*,#4755,.F.);
#6350=ORIENTED_EDGE('',*,*,#4155,.F.);
#6351=ORIENTED_EDGE('',*,*,#4755,.T.);
#6352=ORIENTED_EDGE('',*,*,#4756,.F.);
#6353=ORIENTED_EDGE('',*,*,#4741,.F.);
#6354=ORIENTED_EDGE('',*,*,#4757,.F.);
#6355=ORIENTED_EDGE('',*,*,#4758,.T.);
#6356=ORIENTED_EDGE('',*,*,#4154,.F.);
#6357=ORIENTED_EDGE('',*,*,#4758,.F.);
#6358=ORIENTED_EDGE('',*,*,#4147,.F.);
#6359=ORIENTED_EDGE('',*,*,#4759,.T.);
#6360=ORIENTED_EDGE('',*,*,#4760,.F.);
#6361=ORIENTED_EDGE('',*,*,#4761,.F.);
#6362=ORIENTED_EDGE('',*,*,#4148,.F.);
#6363=ORIENTED_EDGE('',*,*,#4761,.T.);
#6364=ORIENTED_EDGE('',*,*,#4762,.F.);
#6365=ORIENTED_EDGE('',*,*,#4763,.F.);
#6366=ORIENTED_EDGE('',*,*,#4149,.F.);
#6367=ORIENTED_EDGE('',*,*,#4763,.T.);
#6368=ORIENTED_EDGE('',*,*,#4764,.F.);
#6369=ORIENTED_EDGE('',*,*,#4765,.F.);
#6370=ORIENTED_EDGE('',*,*,#4150,.F.);
#6371=ORIENTED_EDGE('',*,*,#4765,.T.);
#6372=ORIENTED_EDGE('',*,*,#4766,.F.);
#6373=ORIENTED_EDGE('',*,*,#4767,.F.);
#6374=ORIENTED_EDGE('',*,*,#4151,.F.);
#6375=ORIENTED_EDGE('',*,*,#4767,.T.);
#6376=ORIENTED_EDGE('',*,*,#4768,.F.);
#6377=ORIENTED_EDGE('',*,*,#4769,.F.);
#6378=ORIENTED_EDGE('',*,*,#4152,.F.);
#6379=ORIENTED_EDGE('',*,*,#4769,.T.);
#6380=ORIENTED_EDGE('',*,*,#4770,.F.);
#6381=ORIENTED_EDGE('',*,*,#4771,.F.);
#6382=ORIENTED_EDGE('',*,*,#4153,.F.);
#6383=ORIENTED_EDGE('',*,*,#4771,.T.);
#6384=ORIENTED_EDGE('',*,*,#4772,.F.);
#6385=ORIENTED_EDGE('',*,*,#4773,.F.);
#6386=ORIENTED_EDGE('',*,*,#4146,.F.);
#6387=ORIENTED_EDGE('',*,*,#4773,.T.);
#6388=ORIENTED_EDGE('',*,*,#4774,.F.);
#6389=ORIENTED_EDGE('',*,*,#4759,.F.);
#6390=ORIENTED_EDGE('',*,*,#4139,.F.);
#6391=ORIENTED_EDGE('',*,*,#4775,.T.);
#6392=ORIENTED_EDGE('',*,*,#4776,.F.);
#6393=ORIENTED_EDGE('',*,*,#4777,.F.);
#6394=ORIENTED_EDGE('',*,*,#4140,.F.);
#6395=ORIENTED_EDGE('',*,*,#4777,.T.);
#6396=ORIENTED_EDGE('',*,*,#4778,.F.);
#6397=ORIENTED_EDGE('',*,*,#4779,.F.);
#6398=ORIENTED_EDGE('',*,*,#4141,.F.);
#6399=ORIENTED_EDGE('',*,*,#4779,.T.);
#6400=ORIENTED_EDGE('',*,*,#4780,.F.);
#6401=ORIENTED_EDGE('',*,*,#4781,.F.);
#6402=ORIENTED_EDGE('',*,*,#4142,.F.);
#6403=ORIENTED_EDGE('',*,*,#4781,.T.);
#6404=ORIENTED_EDGE('',*,*,#4782,.F.);
#6405=ORIENTED_EDGE('',*,*,#4783,.F.);
#6406=ORIENTED_EDGE('',*,*,#4143,.F.);
#6407=ORIENTED_EDGE('',*,*,#4783,.T.);
#6408=ORIENTED_EDGE('',*,*,#4784,.F.);
#6409=ORIENTED_EDGE('',*,*,#4785,.F.);
#6410=ORIENTED_EDGE('',*,*,#4144,.F.);
#6411=ORIENTED_EDGE('',*,*,#4785,.T.);
#6412=ORIENTED_EDGE('',*,*,#4786,.F.);
#6413=ORIENTED_EDGE('',*,*,#4787,.F.);
#6414=ORIENTED_EDGE('',*,*,#4145,.F.);
#6415=ORIENTED_EDGE('',*,*,#4787,.T.);
#6416=ORIENTED_EDGE('',*,*,#4788,.F.);
#6417=ORIENTED_EDGE('',*,*,#4789,.F.);
#6418=ORIENTED_EDGE('',*,*,#4138,.F.);
#6419=ORIENTED_EDGE('',*,*,#4789,.T.);
#6420=ORIENTED_EDGE('',*,*,#4790,.F.);
#6421=ORIENTED_EDGE('',*,*,#4775,.F.);
#6422=ORIENTED_EDGE('',*,*,#4131,.F.);
#6423=ORIENTED_EDGE('',*,*,#4791,.T.);
#6424=ORIENTED_EDGE('',*,*,#4792,.F.);
#6425=ORIENTED_EDGE('',*,*,#4793,.F.);
#6426=ORIENTED_EDGE('',*,*,#4132,.F.);
#6427=ORIENTED_EDGE('',*,*,#4793,.T.);
#6428=ORIENTED_EDGE('',*,*,#4794,.F.);
#6429=ORIENTED_EDGE('',*,*,#4795,.F.);
#6430=ORIENTED_EDGE('',*,*,#4133,.F.);
#6431=ORIENTED_EDGE('',*,*,#4795,.T.);
#6432=ORIENTED_EDGE('',*,*,#4796,.F.);
#6433=ORIENTED_EDGE('',*,*,#4797,.F.);
#6434=ORIENTED_EDGE('',*,*,#4134,.F.);
#6435=ORIENTED_EDGE('',*,*,#4797,.T.);
#6436=ORIENTED_EDGE('',*,*,#4798,.F.);
#6437=ORIENTED_EDGE('',*,*,#4799,.F.);
#6438=ORIENTED_EDGE('',*,*,#4135,.F.);
#6439=ORIENTED_EDGE('',*,*,#4799,.T.);
#6440=ORIENTED_EDGE('',*,*,#4800,.F.);
#6441=ORIENTED_EDGE('',*,*,#4801,.F.);
#6442=ORIENTED_EDGE('',*,*,#4136,.F.);
#6443=ORIENTED_EDGE('',*,*,#4801,.T.);
#6444=ORIENTED_EDGE('',*,*,#4802,.F.);
#6445=ORIENTED_EDGE('',*,*,#4803,.F.);
#6446=ORIENTED_EDGE('',*,*,#4137,.F.);
#6447=ORIENTED_EDGE('',*,*,#4803,.T.);
#6448=ORIENTED_EDGE('',*,*,#4804,.F.);
#6449=ORIENTED_EDGE('',*,*,#4805,.F.);
#6450=ORIENTED_EDGE('',*,*,#4130,.F.);
#6451=ORIENTED_EDGE('',*,*,#4805,.T.);
#6452=ORIENTED_EDGE('',*,*,#4806,.F.);
#6453=ORIENTED_EDGE('',*,*,#4791,.F.);
#6454=ORIENTED_EDGE('',*,*,#4123,.F.);
#6455=ORIENTED_EDGE('',*,*,#4807,.T.);
#6456=ORIENTED_EDGE('',*,*,#4808,.F.);
#6457=ORIENTED_EDGE('',*,*,#4809,.F.);
#6458=ORIENTED_EDGE('',*,*,#4124,.F.);
#6459=ORIENTED_EDGE('',*,*,#4809,.T.);
#6460=ORIENTED_EDGE('',*,*,#4810,.F.);
#6461=ORIENTED_EDGE('',*,*,#4811,.F.);
#6462=ORIENTED_EDGE('',*,*,#4125,.F.);
#6463=ORIENTED_EDGE('',*,*,#4811,.T.);
#6464=ORIENTED_EDGE('',*,*,#4812,.F.);
#6465=ORIENTED_EDGE('',*,*,#4813,.F.);
#6466=ORIENTED_EDGE('',*,*,#4126,.F.);
#6467=ORIENTED_EDGE('',*,*,#4813,.T.);
#6468=ORIENTED_EDGE('',*,*,#4814,.F.);
#6469=ORIENTED_EDGE('',*,*,#4815,.F.);
#6470=ORIENTED_EDGE('',*,*,#4127,.F.);
#6471=ORIENTED_EDGE('',*,*,#4815,.T.);
#6472=ORIENTED_EDGE('',*,*,#4816,.F.);
#6473=ORIENTED_EDGE('',*,*,#4817,.F.);
#6474=ORIENTED_EDGE('',*,*,#4128,.F.);
#6475=ORIENTED_EDGE('',*,*,#4817,.T.);
#6476=ORIENTED_EDGE('',*,*,#4818,.F.);
#6477=ORIENTED_EDGE('',*,*,#4819,.F.);
#6478=ORIENTED_EDGE('',*,*,#4129,.F.);
#6479=ORIENTED_EDGE('',*,*,#4819,.T.);
#6480=ORIENTED_EDGE('',*,*,#4820,.F.);
#6481=ORIENTED_EDGE('',*,*,#4821,.F.);
#6482=ORIENTED_EDGE('',*,*,#4122,.F.);
#6483=ORIENTED_EDGE('',*,*,#4821,.T.);
#6484=ORIENTED_EDGE('',*,*,#4822,.F.);
#6485=ORIENTED_EDGE('',*,*,#4807,.F.);
#6486=ORIENTED_EDGE('',*,*,#4115,.F.);
#6487=ORIENTED_EDGE('',*,*,#4823,.T.);
#6488=ORIENTED_EDGE('',*,*,#4824,.F.);
#6489=ORIENTED_EDGE('',*,*,#4825,.F.);
#6490=ORIENTED_EDGE('',*,*,#4116,.F.);
#6491=ORIENTED_EDGE('',*,*,#4825,.T.);
#6492=ORIENTED_EDGE('',*,*,#4826,.F.);
#6493=ORIENTED_EDGE('',*,*,#4827,.F.);
#6494=ORIENTED_EDGE('',*,*,#4117,.F.);
#6495=ORIENTED_EDGE('',*,*,#4827,.T.);
#6496=ORIENTED_EDGE('',*,*,#4828,.F.);
#6497=ORIENTED_EDGE('',*,*,#4829,.F.);
#6498=ORIENTED_EDGE('',*,*,#4118,.F.);
#6499=ORIENTED_EDGE('',*,*,#4829,.T.);
#6500=ORIENTED_EDGE('',*,*,#4830,.F.);
#6501=ORIENTED_EDGE('',*,*,#4831,.F.);
#6502=ORIENTED_EDGE('',*,*,#4119,.F.);
#6503=ORIENTED_EDGE('',*,*,#4831,.T.);
#6504=ORIENTED_EDGE('',*,*,#4832,.F.);
#6505=ORIENTED_EDGE('',*,*,#4833,.F.);
#6506=ORIENTED_EDGE('',*,*,#4120,.F.);
#6507=ORIENTED_EDGE('',*,*,#4833,.T.);
#6508=ORIENTED_EDGE('',*,*,#4834,.F.);
#6509=ORIENTED_EDGE('',*,*,#4835,.F.);
#6510=ORIENTED_EDGE('',*,*,#4121,.F.);
#6511=ORIENTED_EDGE('',*,*,#4835,.T.);
#6512=ORIENTED_EDGE('',*,*,#4836,.F.);
#6513=ORIENTED_EDGE('',*,*,#4837,.F.);
#6514=ORIENTED_EDGE('',*,*,#4114,.F.);
#6515=ORIENTED_EDGE('',*,*,#4837,.T.);
#6516=ORIENTED_EDGE('',*,*,#4838,.F.);
#6517=ORIENTED_EDGE('',*,*,#4823,.F.);
#6518=ORIENTED_EDGE('',*,*,#4107,.F.);
#6519=ORIENTED_EDGE('',*,*,#4839,.T.);
#6520=ORIENTED_EDGE('',*,*,#4840,.F.);
#6521=ORIENTED_EDGE('',*,*,#4841,.F.);
#6522=ORIENTED_EDGE('',*,*,#4108,.F.);
#6523=ORIENTED_EDGE('',*,*,#4841,.T.);
#6524=ORIENTED_EDGE('',*,*,#4842,.F.);
#6525=ORIENTED_EDGE('',*,*,#4843,.F.);
#6526=ORIENTED_EDGE('',*,*,#4109,.F.);
#6527=ORIENTED_EDGE('',*,*,#4843,.T.);
#6528=ORIENTED_EDGE('',*,*,#4844,.F.);
#6529=ORIENTED_EDGE('',*,*,#4845,.F.);
#6530=ORIENTED_EDGE('',*,*,#4110,.F.);
#6531=ORIENTED_EDGE('',*,*,#4845,.T.);
#6532=ORIENTED_EDGE('',*,*,#4846,.F.);
#6533=ORIENTED_EDGE('',*,*,#4847,.F.);
#6534=ORIENTED_EDGE('',*,*,#4111,.F.);
#6535=ORIENTED_EDGE('',*,*,#4847,.T.);
#6536=ORIENTED_EDGE('',*,*,#4848,.F.);
#6537=ORIENTED_EDGE('',*,*,#4849,.F.);
#6538=ORIENTED_EDGE('',*,*,#4112,.F.);
#6539=ORIENTED_EDGE('',*,*,#4849,.T.);
#6540=ORIENTED_EDGE('',*,*,#4850,.F.);
#6541=ORIENTED_EDGE('',*,*,#4851,.F.);
#6542=ORIENTED_EDGE('',*,*,#4113,.F.);
#6543=ORIENTED_EDGE('',*,*,#4851,.T.);
#6544=ORIENTED_EDGE('',*,*,#4852,.F.);
#6545=ORIENTED_EDGE('',*,*,#4853,.F.);
#6546=ORIENTED_EDGE('',*,*,#4106,.F.);
#6547=ORIENTED_EDGE('',*,*,#4853,.T.);
#6548=ORIENTED_EDGE('',*,*,#4854,.F.);
#6549=ORIENTED_EDGE('',*,*,#4839,.F.);
#6550=ORIENTED_EDGE('',*,*,#4855,.F.);
#6551=ORIENTED_EDGE('',*,*,#4856,.T.);
#6552=ORIENTED_EDGE('',*,*,#4105,.F.);
#6553=ORIENTED_EDGE('',*,*,#4856,.F.);
#6554=ORIENTED_EDGE('',*,*,#4098,.F.);
#6555=ORIENTED_EDGE('',*,*,#4857,.T.);
#6556=ORIENTED_EDGE('',*,*,#4858,.F.);
#6557=ORIENTED_EDGE('',*,*,#4859,.F.);
#6558=ORIENTED_EDGE('',*,*,#4099,.F.);
#6559=ORIENTED_EDGE('',*,*,#4859,.T.);
#6560=ORIENTED_EDGE('',*,*,#4860,.F.);
#6561=ORIENTED_EDGE('',*,*,#4861,.F.);
#6562=ORIENTED_EDGE('',*,*,#4100,.F.);
#6563=ORIENTED_EDGE('',*,*,#4861,.T.);
#6564=ORIENTED_EDGE('',*,*,#4862,.F.);
#6565=ORIENTED_EDGE('',*,*,#4863,.F.);
#6566=ORIENTED_EDGE('',*,*,#4101,.F.);
#6567=ORIENTED_EDGE('',*,*,#4863,.T.);
#6568=ORIENTED_EDGE('',*,*,#4864,.F.);
#6569=ORIENTED_EDGE('',*,*,#4865,.F.);
#6570=ORIENTED_EDGE('',*,*,#4102,.F.);
#6571=ORIENTED_EDGE('',*,*,#4865,.T.);
#6572=ORIENTED_EDGE('',*,*,#4866,.F.);
#6573=ORIENTED_EDGE('',*,*,#4867,.F.);
#6574=ORIENTED_EDGE('',*,*,#4103,.F.);
#6575=ORIENTED_EDGE('',*,*,#4867,.T.);
#6576=ORIENTED_EDGE('',*,*,#4868,.F.);
#6577=ORIENTED_EDGE('',*,*,#4869,.F.);
#6578=ORIENTED_EDGE('',*,*,#4104,.F.);
#6579=ORIENTED_EDGE('',*,*,#4869,.T.);
#6580=ORIENTED_EDGE('',*,*,#4870,.F.);
#6581=ORIENTED_EDGE('',*,*,#4871,.F.);
#6582=ORIENTED_EDGE('',*,*,#4097,.F.);
#6583=ORIENTED_EDGE('',*,*,#4871,.T.);
#6584=ORIENTED_EDGE('',*,*,#4872,.F.);
#6585=ORIENTED_EDGE('',*,*,#4857,.F.);
#6586=ORIENTED_EDGE('',*,*,#4090,.F.);
#6587=ORIENTED_EDGE('',*,*,#4873,.T.);
#6588=ORIENTED_EDGE('',*,*,#4874,.F.);
#6589=ORIENTED_EDGE('',*,*,#4875,.F.);
#6590=ORIENTED_EDGE('',*,*,#4091,.F.);
#6591=ORIENTED_EDGE('',*,*,#4875,.T.);
#6592=ORIENTED_EDGE('',*,*,#4876,.F.);
#6593=ORIENTED_EDGE('',*,*,#4877,.F.);
#6594=ORIENTED_EDGE('',*,*,#4092,.F.);
#6595=ORIENTED_EDGE('',*,*,#4877,.T.);
#6596=ORIENTED_EDGE('',*,*,#4878,.F.);
#6597=ORIENTED_EDGE('',*,*,#4879,.F.);
#6598=ORIENTED_EDGE('',*,*,#4093,.F.);
#6599=ORIENTED_EDGE('',*,*,#4879,.T.);
#6600=ORIENTED_EDGE('',*,*,#4880,.F.);
#6601=ORIENTED_EDGE('',*,*,#4881,.F.);
#6602=ORIENTED_EDGE('',*,*,#4094,.F.);
#6603=ORIENTED_EDGE('',*,*,#4881,.T.);
#6604=ORIENTED_EDGE('',*,*,#4882,.F.);
#6605=ORIENTED_EDGE('',*,*,#4883,.F.);
#6606=ORIENTED_EDGE('',*,*,#4095,.F.);
#6607=ORIENTED_EDGE('',*,*,#4883,.T.);
#6608=ORIENTED_EDGE('',*,*,#4884,.F.);
#6609=ORIENTED_EDGE('',*,*,#4885,.F.);
#6610=ORIENTED_EDGE('',*,*,#4096,.F.);
#6611=ORIENTED_EDGE('',*,*,#4885,.T.);
#6612=ORIENTED_EDGE('',*,*,#4886,.F.);
#6613=ORIENTED_EDGE('',*,*,#4887,.F.);
#6614=ORIENTED_EDGE('',*,*,#4089,.F.);
#6615=ORIENTED_EDGE('',*,*,#4887,.T.);
#6616=ORIENTED_EDGE('',*,*,#4888,.F.);
#6617=ORIENTED_EDGE('',*,*,#4873,.F.);
#6618=ORIENTED_EDGE('',*,*,#4082,.F.);
#6619=ORIENTED_EDGE('',*,*,#4889,.T.);
#6620=ORIENTED_EDGE('',*,*,#4890,.F.);
#6621=ORIENTED_EDGE('',*,*,#4891,.F.);
#6622=ORIENTED_EDGE('',*,*,#4083,.F.);
#6623=ORIENTED_EDGE('',*,*,#4891,.T.);
#6624=ORIENTED_EDGE('',*,*,#4892,.F.);
#6625=ORIENTED_EDGE('',*,*,#4893,.F.);
#6626=ORIENTED_EDGE('',*,*,#4084,.F.);
#6627=ORIENTED_EDGE('',*,*,#4893,.T.);
#6628=ORIENTED_EDGE('',*,*,#4894,.F.);
#6629=ORIENTED_EDGE('',*,*,#4895,.F.);
#6630=ORIENTED_EDGE('',*,*,#4085,.F.);
#6631=ORIENTED_EDGE('',*,*,#4895,.T.);
#6632=ORIENTED_EDGE('',*,*,#4896,.F.);
#6633=ORIENTED_EDGE('',*,*,#4897,.F.);
#6634=ORIENTED_EDGE('',*,*,#4086,.F.);
#6635=ORIENTED_EDGE('',*,*,#4897,.T.);
#6636=ORIENTED_EDGE('',*,*,#4898,.F.);
#6637=ORIENTED_EDGE('',*,*,#4899,.F.);
#6638=ORIENTED_EDGE('',*,*,#4087,.F.);
#6639=ORIENTED_EDGE('',*,*,#4899,.T.);
#6640=ORIENTED_EDGE('',*,*,#4900,.F.);
#6641=ORIENTED_EDGE('',*,*,#4901,.F.);
#6642=ORIENTED_EDGE('',*,*,#4088,.F.);
#6643=ORIENTED_EDGE('',*,*,#4901,.T.);
#6644=ORIENTED_EDGE('',*,*,#4902,.F.);
#6645=ORIENTED_EDGE('',*,*,#4903,.F.);
#6646=ORIENTED_EDGE('',*,*,#4081,.F.);
#6647=ORIENTED_EDGE('',*,*,#4903,.T.);
#6648=ORIENTED_EDGE('',*,*,#4904,.F.);
#6649=ORIENTED_EDGE('',*,*,#4889,.F.);
#6650=ORIENTED_EDGE('',*,*,#4074,.F.);
#6651=ORIENTED_EDGE('',*,*,#4905,.T.);
#6652=ORIENTED_EDGE('',*,*,#4906,.F.);
#6653=ORIENTED_EDGE('',*,*,#4907,.F.);
#6654=ORIENTED_EDGE('',*,*,#4075,.F.);
#6655=ORIENTED_EDGE('',*,*,#4907,.T.);
#6656=ORIENTED_EDGE('',*,*,#4908,.F.);
#6657=ORIENTED_EDGE('',*,*,#4909,.F.);
#6658=ORIENTED_EDGE('',*,*,#4076,.F.);
#6659=ORIENTED_EDGE('',*,*,#4909,.T.);
#6660=ORIENTED_EDGE('',*,*,#4910,.F.);
#6661=ORIENTED_EDGE('',*,*,#4911,.F.);
#6662=ORIENTED_EDGE('',*,*,#4077,.F.);
#6663=ORIENTED_EDGE('',*,*,#4911,.T.);
#6664=ORIENTED_EDGE('',*,*,#4912,.F.);
#6665=ORIENTED_EDGE('',*,*,#4913,.F.);
#6666=ORIENTED_EDGE('',*,*,#4078,.F.);
#6667=ORIENTED_EDGE('',*,*,#4913,.T.);
#6668=ORIENTED_EDGE('',*,*,#4914,.F.);
#6669=ORIENTED_EDGE('',*,*,#4915,.F.);
#6670=ORIENTED_EDGE('',*,*,#4079,.F.);
#6671=ORIENTED_EDGE('',*,*,#4915,.T.);
#6672=ORIENTED_EDGE('',*,*,#4916,.F.);
#6673=ORIENTED_EDGE('',*,*,#4917,.F.);
#6674=ORIENTED_EDGE('',*,*,#4080,.F.);
#6675=ORIENTED_EDGE('',*,*,#4917,.T.);
#6676=ORIENTED_EDGE('',*,*,#4918,.F.);
#6677=ORIENTED_EDGE('',*,*,#4919,.F.);
#6678=ORIENTED_EDGE('',*,*,#4073,.F.);
#6679=ORIENTED_EDGE('',*,*,#4919,.T.);
#6680=ORIENTED_EDGE('',*,*,#4920,.F.);
#6681=ORIENTED_EDGE('',*,*,#4905,.F.);
#6682=ORIENTED_EDGE('',*,*,#4066,.F.);
#6683=ORIENTED_EDGE('',*,*,#4921,.T.);
#6684=ORIENTED_EDGE('',*,*,#4922,.F.);
#6685=ORIENTED_EDGE('',*,*,#4923,.F.);
#6686=ORIENTED_EDGE('',*,*,#4067,.F.);
#6687=ORIENTED_EDGE('',*,*,#4923,.T.);
#6688=ORIENTED_EDGE('',*,*,#4924,.F.);
#6689=ORIENTED_EDGE('',*,*,#4925,.F.);
#6690=ORIENTED_EDGE('',*,*,#4068,.F.);
#6691=ORIENTED_EDGE('',*,*,#4925,.T.);
#6692=ORIENTED_EDGE('',*,*,#4926,.F.);
#6693=ORIENTED_EDGE('',*,*,#4927,.F.);
#6694=ORIENTED_EDGE('',*,*,#4069,.F.);
#6695=ORIENTED_EDGE('',*,*,#4927,.T.);
#6696=ORIENTED_EDGE('',*,*,#4928,.F.);
#6697=ORIENTED_EDGE('',*,*,#4929,.F.);
#6698=ORIENTED_EDGE('',*,*,#4070,.F.);
#6699=ORIENTED_EDGE('',*,*,#4929,.T.);
#6700=ORIENTED_EDGE('',*,*,#4930,.F.);
#6701=ORIENTED_EDGE('',*,*,#4931,.F.);
#6702=ORIENTED_EDGE('',*,*,#4071,.F.);
#6703=ORIENTED_EDGE('',*,*,#4931,.T.);
#6704=ORIENTED_EDGE('',*,*,#4932,.F.);
#6705=ORIENTED_EDGE('',*,*,#4933,.F.);
#6706=ORIENTED_EDGE('',*,*,#4072,.F.);
#6707=ORIENTED_EDGE('',*,*,#4933,.T.);
#6708=ORIENTED_EDGE('',*,*,#4934,.F.);
#6709=ORIENTED_EDGE('',*,*,#4935,.F.);
#6710=ORIENTED_EDGE('',*,*,#4065,.F.);
#6711=ORIENTED_EDGE('',*,*,#4935,.T.);
#6712=ORIENTED_EDGE('',*,*,#4936,.F.);
#6713=ORIENTED_EDGE('',*,*,#4921,.F.);
#6714=ORIENTED_EDGE('',*,*,#3958,.T.);
#6715=ORIENTED_EDGE('',*,*,#4937,.T.);
#6716=ORIENTED_EDGE('',*,*,#4938,.F.);
#6717=ORIENTED_EDGE('',*,*,#4939,.F.);
#6718=ORIENTED_EDGE('',*,*,#3959,.T.);
#6719=ORIENTED_EDGE('',*,*,#4939,.T.);
#6720=ORIENTED_EDGE('',*,*,#4940,.F.);
#6721=ORIENTED_EDGE('',*,*,#4941,.F.);
#6722=ORIENTED_EDGE('',*,*,#3960,.T.);
#6723=ORIENTED_EDGE('',*,*,#4941,.T.);
#6724=ORIENTED_EDGE('',*,*,#4942,.F.);
#6725=ORIENTED_EDGE('',*,*,#4943,.F.);
#6726=ORIENTED_EDGE('',*,*,#3961,.T.);
#6727=ORIENTED_EDGE('',*,*,#4943,.T.);
#6728=ORIENTED_EDGE('',*,*,#4944,.F.);
#6729=ORIENTED_EDGE('',*,*,#4945,.F.);
#6730=ORIENTED_EDGE('',*,*,#3962,.T.);
#6731=ORIENTED_EDGE('',*,*,#4945,.T.);
#6732=ORIENTED_EDGE('',*,*,#4946,.F.);
#6733=ORIENTED_EDGE('',*,*,#4947,.F.);
#6734=ORIENTED_EDGE('',*,*,#3963,.F.);
#6735=ORIENTED_EDGE('',*,*,#4947,.T.);
#6736=ORIENTED_EDGE('',*,*,#4948,.F.);
#6737=ORIENTED_EDGE('',*,*,#4949,.F.);
#6738=ORIENTED_EDGE('',*,*,#3964,.T.);
#6739=ORIENTED_EDGE('',*,*,#4949,.T.);
#6740=ORIENTED_EDGE('',*,*,#4950,.F.);
#6741=ORIENTED_EDGE('',*,*,#4951,.F.);
#6742=ORIENTED_EDGE('',*,*,#3965,.F.);
#6743=ORIENTED_EDGE('',*,*,#4951,.T.);
#6744=ORIENTED_EDGE('',*,*,#4952,.F.);
#6745=ORIENTED_EDGE('',*,*,#4953,.F.);
#6746=ORIENTED_EDGE('',*,*,#3966,.T.);
#6747=ORIENTED_EDGE('',*,*,#4953,.T.);
#6748=ORIENTED_EDGE('',*,*,#4954,.F.);
#6749=ORIENTED_EDGE('',*,*,#4955,.F.);
#6750=ORIENTED_EDGE('',*,*,#3967,.F.);
#6751=ORIENTED_EDGE('',*,*,#4955,.T.);
#6752=ORIENTED_EDGE('',*,*,#4956,.F.);
#6753=ORIENTED_EDGE('',*,*,#4957,.F.);
#6754=ORIENTED_EDGE('',*,*,#3968,.T.);
#6755=ORIENTED_EDGE('',*,*,#4957,.T.);
#6756=ORIENTED_EDGE('',*,*,#4958,.F.);
#6757=ORIENTED_EDGE('',*,*,#4959,.F.);
#6758=ORIENTED_EDGE('',*,*,#3969,.F.);
#6759=ORIENTED_EDGE('',*,*,#4959,.T.);
#6760=ORIENTED_EDGE('',*,*,#4960,.F.);
#6761=ORIENTED_EDGE('',*,*,#4961,.F.);
#6762=ORIENTED_EDGE('',*,*,#3970,.T.);
#6763=ORIENTED_EDGE('',*,*,#4961,.T.);
#6764=ORIENTED_EDGE('',*,*,#4962,.F.);
#6765=ORIENTED_EDGE('',*,*,#4963,.F.);
#6766=ORIENTED_EDGE('',*,*,#3971,.T.);
#6767=ORIENTED_EDGE('',*,*,#4963,.T.);
#6768=ORIENTED_EDGE('',*,*,#4964,.F.);
#6769=ORIENTED_EDGE('',*,*,#4965,.F.);
#6770=ORIENTED_EDGE('',*,*,#3972,.T.);
#6771=ORIENTED_EDGE('',*,*,#4965,.T.);
#6772=ORIENTED_EDGE('',*,*,#4966,.F.);
#6773=ORIENTED_EDGE('',*,*,#4967,.F.);
#6774=ORIENTED_EDGE('',*,*,#3973,.T.);
#6775=ORIENTED_EDGE('',*,*,#4967,.T.);
#6776=ORIENTED_EDGE('',*,*,#4968,.F.);
#6777=ORIENTED_EDGE('',*,*,#4969,.F.);
#6778=ORIENTED_EDGE('',*,*,#3974,.T.);
#6779=ORIENTED_EDGE('',*,*,#4969,.T.);
#6780=ORIENTED_EDGE('',*,*,#4970,.F.);
#6781=ORIENTED_EDGE('',*,*,#4971,.F.);
#6782=ORIENTED_EDGE('',*,*,#3975,.F.);
#6783=ORIENTED_EDGE('',*,*,#4971,.T.);
#6784=ORIENTED_EDGE('',*,*,#4972,.F.);
#6785=ORIENTED_EDGE('',*,*,#4973,.F.);
#6786=ORIENTED_EDGE('',*,*,#3976,.T.);
#6787=ORIENTED_EDGE('',*,*,#4973,.T.);
#6788=ORIENTED_EDGE('',*,*,#4974,.F.);
#6789=ORIENTED_EDGE('',*,*,#4975,.F.);
#6790=ORIENTED_EDGE('',*,*,#3977,.F.);
#6791=ORIENTED_EDGE('',*,*,#4975,.T.);
#6792=ORIENTED_EDGE('',*,*,#4976,.F.);
#6793=ORIENTED_EDGE('',*,*,#4977,.F.);
#6794=ORIENTED_EDGE('',*,*,#3978,.T.);
#6795=ORIENTED_EDGE('',*,*,#4977,.T.);
#6796=ORIENTED_EDGE('',*,*,#4978,.F.);
#6797=ORIENTED_EDGE('',*,*,#4979,.F.);
#6798=ORIENTED_EDGE('',*,*,#3979,.T.);
#6799=ORIENTED_EDGE('',*,*,#4979,.T.);
#6800=ORIENTED_EDGE('',*,*,#4980,.F.);
#6801=ORIENTED_EDGE('',*,*,#4981,.F.);
#6802=ORIENTED_EDGE('',*,*,#3980,.T.);
#6803=ORIENTED_EDGE('',*,*,#4981,.T.);
#6804=ORIENTED_EDGE('',*,*,#4982,.F.);
#6805=ORIENTED_EDGE('',*,*,#4983,.F.);
#6806=ORIENTED_EDGE('',*,*,#3981,.F.);
#6807=ORIENTED_EDGE('',*,*,#4983,.T.);
#6808=ORIENTED_EDGE('',*,*,#4984,.F.);
#6809=ORIENTED_EDGE('',*,*,#4985,.F.);
#6810=ORIENTED_EDGE('',*,*,#3982,.T.);
#6811=ORIENTED_EDGE('',*,*,#4985,.T.);
#6812=ORIENTED_EDGE('',*,*,#4986,.F.);
#6813=ORIENTED_EDGE('',*,*,#4987,.F.);
#6814=ORIENTED_EDGE('',*,*,#3983,.F.);
#6815=ORIENTED_EDGE('',*,*,#4987,.T.);
#6816=ORIENTED_EDGE('',*,*,#4988,.F.);
#6817=ORIENTED_EDGE('',*,*,#4989,.F.);
#6818=ORIENTED_EDGE('',*,*,#3984,.T.);
#6819=ORIENTED_EDGE('',*,*,#4989,.T.);
#6820=ORIENTED_EDGE('',*,*,#4990,.F.);
#6821=ORIENTED_EDGE('',*,*,#4991,.F.);
#6822=ORIENTED_EDGE('',*,*,#3985,.T.);
#6823=ORIENTED_EDGE('',*,*,#4991,.T.);
#6824=ORIENTED_EDGE('',*,*,#4992,.F.);
#6825=ORIENTED_EDGE('',*,*,#4993,.F.);
#6826=ORIENTED_EDGE('',*,*,#3986,.T.);
#6827=ORIENTED_EDGE('',*,*,#4993,.T.);
#6828=ORIENTED_EDGE('',*,*,#4994,.F.);
#6829=ORIENTED_EDGE('',*,*,#4995,.F.);
#6830=ORIENTED_EDGE('',*,*,#4362,.F.);
#6831=ORIENTED_EDGE('',*,*,#3987,.F.);
#6832=ORIENTED_EDGE('',*,*,#4995,.T.);
#6833=ORIENTED_EDGE('',*,*,#4996,.F.);
#6834=ORIENTED_EDGE('',*,*,#4357,.F.);
#6835=ORIENTED_EDGE('',*,*,#4997,.F.);
#6836=ORIENTED_EDGE('',*,*,#4998,.F.);
#6837=ORIENTED_EDGE('',*,*,#3991,.T.);
#6838=ORIENTED_EDGE('',*,*,#3992,.T.);
#6839=ORIENTED_EDGE('',*,*,#4998,.T.);
#6840=ORIENTED_EDGE('',*,*,#4999,.F.);
#6841=ORIENTED_EDGE('',*,*,#5000,.F.);
#6842=ORIENTED_EDGE('',*,*,#3993,.F.);
#6843=ORIENTED_EDGE('',*,*,#5000,.T.);
#6844=ORIENTED_EDGE('',*,*,#5001,.F.);
#6845=ORIENTED_EDGE('',*,*,#5002,.F.);
#6846=ORIENTED_EDGE('',*,*,#3994,.T.);
#6847=ORIENTED_EDGE('',*,*,#5002,.T.);
#6848=ORIENTED_EDGE('',*,*,#5003,.F.);
#6849=ORIENTED_EDGE('',*,*,#5004,.F.);
#6850=ORIENTED_EDGE('',*,*,#3995,.F.);
#6851=ORIENTED_EDGE('',*,*,#5004,.T.);
#6852=ORIENTED_EDGE('',*,*,#5005,.F.);
#6853=ORIENTED_EDGE('',*,*,#5006,.F.);
#6854=ORIENTED_EDGE('',*,*,#3996,.T.);
#6855=ORIENTED_EDGE('',*,*,#5006,.T.);
#6856=ORIENTED_EDGE('',*,*,#5007,.F.);
#6857=ORIENTED_EDGE('',*,*,#5008,.F.);
#6858=ORIENTED_EDGE('',*,*,#3997,.T.);
#6859=ORIENTED_EDGE('',*,*,#5008,.T.);
#6860=ORIENTED_EDGE('',*,*,#5009,.F.);
#6861=ORIENTED_EDGE('',*,*,#5010,.F.);
#6862=ORIENTED_EDGE('',*,*,#3998,.T.);
#6863=ORIENTED_EDGE('',*,*,#5010,.T.);
#6864=ORIENTED_EDGE('',*,*,#5011,.F.);
#6865=ORIENTED_EDGE('',*,*,#5012,.F.);
#6866=ORIENTED_EDGE('',*,*,#3999,.T.);
#6867=ORIENTED_EDGE('',*,*,#5012,.T.);
#6868=ORIENTED_EDGE('',*,*,#5013,.F.);
#6869=ORIENTED_EDGE('',*,*,#5014,.F.);
#6870=ORIENTED_EDGE('',*,*,#4000,.T.);
#6871=ORIENTED_EDGE('',*,*,#5014,.T.);
#6872=ORIENTED_EDGE('',*,*,#5015,.F.);
#6873=ORIENTED_EDGE('',*,*,#5016,.F.);
#6874=ORIENTED_EDGE('',*,*,#4001,.F.);
#6875=ORIENTED_EDGE('',*,*,#5016,.T.);
#6876=ORIENTED_EDGE('',*,*,#5017,.F.);
#6877=ORIENTED_EDGE('',*,*,#5018,.F.);
#6878=ORIENTED_EDGE('',*,*,#4002,.T.);
#6879=ORIENTED_EDGE('',*,*,#5018,.T.);
#6880=ORIENTED_EDGE('',*,*,#5019,.F.);
#6881=ORIENTED_EDGE('',*,*,#5020,.F.);
#6882=ORIENTED_EDGE('',*,*,#4003,.T.);
#6883=ORIENTED_EDGE('',*,*,#5020,.T.);
#6884=ORIENTED_EDGE('',*,*,#5021,.F.);
#6885=ORIENTED_EDGE('',*,*,#5022,.F.);
#6886=ORIENTED_EDGE('',*,*,#4004,.T.);
#6887=ORIENTED_EDGE('',*,*,#5022,.T.);
#6888=ORIENTED_EDGE('',*,*,#5023,.F.);
#6889=ORIENTED_EDGE('',*,*,#5024,.F.);
#6890=ORIENTED_EDGE('',*,*,#4005,.T.);
#6891=ORIENTED_EDGE('',*,*,#5024,.T.);
#6892=ORIENTED_EDGE('',*,*,#5025,.F.);
#6893=ORIENTED_EDGE('',*,*,#5026,.F.);
#6894=ORIENTED_EDGE('',*,*,#4006,.T.);
#6895=ORIENTED_EDGE('',*,*,#5026,.T.);
#6896=ORIENTED_EDGE('',*,*,#5027,.F.);
#6897=ORIENTED_EDGE('',*,*,#5028,.F.);
#6898=ORIENTED_EDGE('',*,*,#4007,.F.);
#6899=ORIENTED_EDGE('',*,*,#5028,.T.);
#6900=ORIENTED_EDGE('',*,*,#5029,.F.);
#6901=ORIENTED_EDGE('',*,*,#5030,.F.);
#6902=ORIENTED_EDGE('',*,*,#4008,.T.);
#6903=ORIENTED_EDGE('',*,*,#5030,.T.);
#6904=ORIENTED_EDGE('',*,*,#5031,.F.);
#6905=ORIENTED_EDGE('',*,*,#5032,.F.);
#6906=ORIENTED_EDGE('',*,*,#4009,.T.);
#6907=ORIENTED_EDGE('',*,*,#5032,.T.);
#6908=ORIENTED_EDGE('',*,*,#5033,.F.);
#6909=ORIENTED_EDGE('',*,*,#5034,.F.);
#6910=ORIENTED_EDGE('',*,*,#4010,.T.);
#6911=ORIENTED_EDGE('',*,*,#5034,.T.);
#6912=ORIENTED_EDGE('',*,*,#5035,.F.);
#6913=ORIENTED_EDGE('',*,*,#5036,.F.);
#6914=ORIENTED_EDGE('',*,*,#4011,.F.);
#6915=ORIENTED_EDGE('',*,*,#5036,.T.);
#6916=ORIENTED_EDGE('',*,*,#5037,.F.);
#6917=ORIENTED_EDGE('',*,*,#5038,.F.);
#6918=ORIENTED_EDGE('',*,*,#4012,.T.);
#6919=ORIENTED_EDGE('',*,*,#5038,.T.);
#6920=ORIENTED_EDGE('',*,*,#5039,.F.);
#6921=ORIENTED_EDGE('',*,*,#5040,.F.);
#6922=ORIENTED_EDGE('',*,*,#4013,.F.);
#6923=ORIENTED_EDGE('',*,*,#5040,.T.);
#6924=ORIENTED_EDGE('',*,*,#5041,.F.);
#6925=ORIENTED_EDGE('',*,*,#5042,.F.);
#6926=ORIENTED_EDGE('',*,*,#4014,.T.);
#6927=ORIENTED_EDGE('',*,*,#5042,.T.);
#6928=ORIENTED_EDGE('',*,*,#5043,.F.);
#6929=ORIENTED_EDGE('',*,*,#5044,.F.);
#6930=ORIENTED_EDGE('',*,*,#4015,.T.);
#6931=ORIENTED_EDGE('',*,*,#5044,.T.);
#6932=ORIENTED_EDGE('',*,*,#5045,.F.);
#6933=ORIENTED_EDGE('',*,*,#5046,.F.);
#6934=ORIENTED_EDGE('',*,*,#4016,.T.);
#6935=ORIENTED_EDGE('',*,*,#5046,.T.);
#6936=ORIENTED_EDGE('',*,*,#5047,.F.);
#6937=ORIENTED_EDGE('',*,*,#5048,.F.);
#6938=ORIENTED_EDGE('',*,*,#4017,.T.);
#6939=ORIENTED_EDGE('',*,*,#5048,.T.);
#6940=ORIENTED_EDGE('',*,*,#5049,.F.);
#6941=ORIENTED_EDGE('',*,*,#5050,.F.);
#6942=ORIENTED_EDGE('',*,*,#4018,.T.);
#6943=ORIENTED_EDGE('',*,*,#5050,.T.);
#6944=ORIENTED_EDGE('',*,*,#5051,.F.);
#6945=ORIENTED_EDGE('',*,*,#5052,.F.);
#6946=ORIENTED_EDGE('',*,*,#4019,.F.);
#6947=ORIENTED_EDGE('',*,*,#5052,.T.);
#6948=ORIENTED_EDGE('',*,*,#5053,.F.);
#6949=ORIENTED_EDGE('',*,*,#5054,.F.);
#6950=ORIENTED_EDGE('',*,*,#4020,.T.);
#6951=ORIENTED_EDGE('',*,*,#5054,.T.);
#6952=ORIENTED_EDGE('',*,*,#5055,.F.);
#6953=ORIENTED_EDGE('',*,*,#5056,.F.);
#6954=ORIENTED_EDGE('',*,*,#4021,.T.);
#6955=ORIENTED_EDGE('',*,*,#5056,.T.);
#6956=ORIENTED_EDGE('',*,*,#5057,.F.);
#6957=ORIENTED_EDGE('',*,*,#5058,.F.);
#6958=ORIENTED_EDGE('',*,*,#4022,.T.);
#6959=ORIENTED_EDGE('',*,*,#5058,.T.);
#6960=ORIENTED_EDGE('',*,*,#5059,.F.);
#6961=ORIENTED_EDGE('',*,*,#5060,.F.);
#6962=ORIENTED_EDGE('',*,*,#4023,.T.);
#6963=ORIENTED_EDGE('',*,*,#5060,.T.);
#6964=ORIENTED_EDGE('',*,*,#5061,.F.);
#6965=ORIENTED_EDGE('',*,*,#5062,.F.);
#6966=ORIENTED_EDGE('',*,*,#4024,.T.);
#6967=ORIENTED_EDGE('',*,*,#5062,.T.);
#6968=ORIENTED_EDGE('',*,*,#5063,.F.);
#6969=ORIENTED_EDGE('',*,*,#5064,.F.);
#6970=ORIENTED_EDGE('',*,*,#4025,.F.);
#6971=ORIENTED_EDGE('',*,*,#5064,.T.);
#6972=ORIENTED_EDGE('',*,*,#5065,.F.);
#6973=ORIENTED_EDGE('',*,*,#5066,.F.);
#6974=ORIENTED_EDGE('',*,*,#4026,.T.);
#6975=ORIENTED_EDGE('',*,*,#5066,.T.);
#6976=ORIENTED_EDGE('',*,*,#5067,.F.);
#6977=ORIENTED_EDGE('',*,*,#5068,.F.);
#6978=ORIENTED_EDGE('',*,*,#4027,.T.);
#6979=ORIENTED_EDGE('',*,*,#5068,.T.);
#6980=ORIENTED_EDGE('',*,*,#5069,.F.);
#6981=ORIENTED_EDGE('',*,*,#5070,.F.);
#6982=ORIENTED_EDGE('',*,*,#4028,.T.);
#6983=ORIENTED_EDGE('',*,*,#5070,.T.);
#6984=ORIENTED_EDGE('',*,*,#5071,.F.);
#6985=ORIENTED_EDGE('',*,*,#5072,.F.);
#6986=ORIENTED_EDGE('',*,*,#4029,.F.);
#6987=ORIENTED_EDGE('',*,*,#5072,.T.);
#6988=ORIENTED_EDGE('',*,*,#5073,.F.);
#6989=ORIENTED_EDGE('',*,*,#5074,.F.);
#6990=ORIENTED_EDGE('',*,*,#4030,.T.);
#6991=ORIENTED_EDGE('',*,*,#5074,.T.);
#6992=ORIENTED_EDGE('',*,*,#5075,.F.);
#6993=ORIENTED_EDGE('',*,*,#5076,.F.);
#6994=ORIENTED_EDGE('',*,*,#4031,.F.);
#6995=ORIENTED_EDGE('',*,*,#5076,.T.);
#6996=ORIENTED_EDGE('',*,*,#5077,.F.);
#6997=ORIENTED_EDGE('',*,*,#5078,.F.);
#6998=ORIENTED_EDGE('',*,*,#4032,.T.);
#6999=ORIENTED_EDGE('',*,*,#5078,.T.);
#7000=ORIENTED_EDGE('',*,*,#5079,.F.);
#7001=ORIENTED_EDGE('',*,*,#5080,.F.);
#7002=ORIENTED_EDGE('',*,*,#4033,.T.);
#7003=ORIENTED_EDGE('',*,*,#5080,.T.);
#7004=ORIENTED_EDGE('',*,*,#5081,.F.);
#7005=ORIENTED_EDGE('',*,*,#5082,.F.);
#7006=ORIENTED_EDGE('',*,*,#4034,.T.);
#7007=ORIENTED_EDGE('',*,*,#5082,.T.);
#7008=ORIENTED_EDGE('',*,*,#5083,.F.);
#7009=ORIENTED_EDGE('',*,*,#5084,.F.);
#7010=ORIENTED_EDGE('',*,*,#4035,.T.);
#7011=ORIENTED_EDGE('',*,*,#5084,.T.);
#7012=ORIENTED_EDGE('',*,*,#5085,.F.);
#7013=ORIENTED_EDGE('',*,*,#5086,.F.);
#7014=ORIENTED_EDGE('',*,*,#4036,.T.);
#7015=ORIENTED_EDGE('',*,*,#5086,.T.);
#7016=ORIENTED_EDGE('',*,*,#5087,.F.);
#7017=ORIENTED_EDGE('',*,*,#5088,.F.);
#7018=ORIENTED_EDGE('',*,*,#4037,.F.);
#7019=ORIENTED_EDGE('',*,*,#5088,.T.);
#7020=ORIENTED_EDGE('',*,*,#5089,.F.);
#7021=ORIENTED_EDGE('',*,*,#5090,.F.);
#7022=ORIENTED_EDGE('',*,*,#4038,.T.);
#7023=ORIENTED_EDGE('',*,*,#5090,.T.);
#7024=ORIENTED_EDGE('',*,*,#5091,.F.);
#7025=ORIENTED_EDGE('',*,*,#5092,.F.);
#7026=ORIENTED_EDGE('',*,*,#4039,.T.);
#7027=ORIENTED_EDGE('',*,*,#5092,.T.);
#7028=ORIENTED_EDGE('',*,*,#5093,.F.);
#7029=ORIENTED_EDGE('',*,*,#5094,.F.);
#7030=ORIENTED_EDGE('',*,*,#4040,.T.);
#7031=ORIENTED_EDGE('',*,*,#5094,.T.);
#7032=ORIENTED_EDGE('',*,*,#5095,.F.);
#7033=ORIENTED_EDGE('',*,*,#5096,.F.);
#7034=ORIENTED_EDGE('',*,*,#4041,.T.);
#7035=ORIENTED_EDGE('',*,*,#5096,.T.);
#7036=ORIENTED_EDGE('',*,*,#5097,.F.);
#7037=ORIENTED_EDGE('',*,*,#5098,.F.);
#7038=ORIENTED_EDGE('',*,*,#4042,.T.);
#7039=ORIENTED_EDGE('',*,*,#5098,.T.);
#7040=ORIENTED_EDGE('',*,*,#5099,.F.);
#7041=ORIENTED_EDGE('',*,*,#5100,.F.);
#7042=ORIENTED_EDGE('',*,*,#4043,.F.);
#7043=ORIENTED_EDGE('',*,*,#5100,.T.);
#7044=ORIENTED_EDGE('',*,*,#5101,.F.);
#7045=ORIENTED_EDGE('',*,*,#5102,.F.);
#7046=ORIENTED_EDGE('',*,*,#4044,.T.);
#7047=ORIENTED_EDGE('',*,*,#5102,.T.);
#7048=ORIENTED_EDGE('',*,*,#5103,.F.);
#7049=ORIENTED_EDGE('',*,*,#5104,.F.);
#7050=ORIENTED_EDGE('',*,*,#4045,.T.);
#7051=ORIENTED_EDGE('',*,*,#5104,.T.);
#7052=ORIENTED_EDGE('',*,*,#5105,.F.);
#7053=ORIENTED_EDGE('',*,*,#5106,.F.);
#7054=ORIENTED_EDGE('',*,*,#4046,.T.);
#7055=ORIENTED_EDGE('',*,*,#5106,.T.);
#7056=ORIENTED_EDGE('',*,*,#5107,.F.);
#7057=ORIENTED_EDGE('',*,*,#5108,.F.);
#7058=ORIENTED_EDGE('',*,*,#4047,.F.);
#7059=ORIENTED_EDGE('',*,*,#5108,.T.);
#7060=ORIENTED_EDGE('',*,*,#5109,.F.);
#7061=ORIENTED_EDGE('',*,*,#5110,.F.);
#7062=ORIENTED_EDGE('',*,*,#4048,.T.);
#7063=ORIENTED_EDGE('',*,*,#5110,.T.);
#7064=ORIENTED_EDGE('',*,*,#5111,.F.);
#7065=ORIENTED_EDGE('',*,*,#5112,.F.);
#7066=ORIENTED_EDGE('',*,*,#4049,.F.);
#7067=ORIENTED_EDGE('',*,*,#5112,.T.);
#7068=ORIENTED_EDGE('',*,*,#5113,.F.);
#7069=ORIENTED_EDGE('',*,*,#5114,.F.);
#7070=ORIENTED_EDGE('',*,*,#4050,.T.);
#7071=ORIENTED_EDGE('',*,*,#5114,.T.);
#7072=ORIENTED_EDGE('',*,*,#5115,.F.);
#7073=ORIENTED_EDGE('',*,*,#5116,.F.);
#7074=ORIENTED_EDGE('',*,*,#4051,.T.);
#7075=ORIENTED_EDGE('',*,*,#5116,.T.);
#7076=ORIENTED_EDGE('',*,*,#5117,.F.);
#7077=ORIENTED_EDGE('',*,*,#5118,.F.);
#7078=ORIENTED_EDGE('',*,*,#4052,.T.);
#7079=ORIENTED_EDGE('',*,*,#5118,.T.);
#7080=ORIENTED_EDGE('',*,*,#5119,.F.);
#7081=ORIENTED_EDGE('',*,*,#5120,.F.);
#7082=ORIENTED_EDGE('',*,*,#4053,.T.);
#7083=ORIENTED_EDGE('',*,*,#5120,.T.);
#7084=ORIENTED_EDGE('',*,*,#5121,.F.);
#7085=ORIENTED_EDGE('',*,*,#5122,.F.);
#7086=ORIENTED_EDGE('',*,*,#4054,.T.);
#7087=ORIENTED_EDGE('',*,*,#5122,.T.);
#7088=ORIENTED_EDGE('',*,*,#5123,.F.);
#7089=ORIENTED_EDGE('',*,*,#5124,.F.);
#7090=ORIENTED_EDGE('',*,*,#4055,.F.);
#7091=ORIENTED_EDGE('',*,*,#5124,.T.);
#7092=ORIENTED_EDGE('',*,*,#5125,.F.);
#7093=ORIENTED_EDGE('',*,*,#5126,.F.);
#7094=ORIENTED_EDGE('',*,*,#4056,.T.);
#7095=ORIENTED_EDGE('',*,*,#5126,.T.);
#7096=ORIENTED_EDGE('',*,*,#5127,.F.);
#7097=ORIENTED_EDGE('',*,*,#5128,.F.);
#7098=ORIENTED_EDGE('',*,*,#4057,.T.);
#7099=ORIENTED_EDGE('',*,*,#5128,.T.);
#7100=ORIENTED_EDGE('',*,*,#5129,.F.);
#7101=ORIENTED_EDGE('',*,*,#5130,.F.);
#7102=ORIENTED_EDGE('',*,*,#4058,.T.);
#7103=ORIENTED_EDGE('',*,*,#5130,.T.);
#7104=ORIENTED_EDGE('',*,*,#5131,.F.);
#7105=ORIENTED_EDGE('',*,*,#5132,.F.);
#7106=ORIENTED_EDGE('',*,*,#4059,.T.);
#7107=ORIENTED_EDGE('',*,*,#5132,.T.);
#7108=ORIENTED_EDGE('',*,*,#5133,.F.);
#7109=ORIENTED_EDGE('',*,*,#5134,.F.);
#7110=ORIENTED_EDGE('',*,*,#4060,.T.);
#7111=ORIENTED_EDGE('',*,*,#5134,.T.);
#7112=ORIENTED_EDGE('',*,*,#5135,.F.);
#7113=ORIENTED_EDGE('',*,*,#5136,.F.);
#7114=ORIENTED_EDGE('',*,*,#4061,.F.);
#7115=ORIENTED_EDGE('',*,*,#5136,.T.);
#7116=ORIENTED_EDGE('',*,*,#5137,.F.);
#7117=ORIENTED_EDGE('',*,*,#5138,.F.);
#7118=ORIENTED_EDGE('',*,*,#4062,.T.);
#7119=ORIENTED_EDGE('',*,*,#5138,.T.);
#7120=ORIENTED_EDGE('',*,*,#5139,.F.);
#7121=ORIENTED_EDGE('',*,*,#4354,.F.);
#7122=ORIENTED_EDGE('',*,*,#3951,.F.);
#7123=ORIENTED_EDGE('',*,*,#5140,.F.);
#7124=ORIENTED_EDGE('',*,*,#4937,.F.);
#7125=ORIENTED_EDGE('',*,*,#3957,.F.);
#7126=ORIENTED_EDGE('',*,*,#3950,.F.);
#7127=ORIENTED_EDGE('',*,*,#3956,.T.);
#7128=ORIENTED_EDGE('',*,*,#4352,.F.);
#7129=ORIENTED_EDGE('',*,*,#4355,.T.);
#7130=ORIENTED_EDGE('',*,*,#5139,.T.);
#7131=ORIENTED_EDGE('',*,*,#5137,.T.);
#7132=ORIENTED_EDGE('',*,*,#5135,.T.);
#7133=ORIENTED_EDGE('',*,*,#5133,.T.);
#7134=ORIENTED_EDGE('',*,*,#5131,.T.);
#7135=ORIENTED_EDGE('',*,*,#5129,.T.);
#7136=ORIENTED_EDGE('',*,*,#5127,.T.);
#7137=ORIENTED_EDGE('',*,*,#5125,.T.);
#7138=ORIENTED_EDGE('',*,*,#5123,.T.);
#7139=ORIENTED_EDGE('',*,*,#5121,.T.);
#7140=ORIENTED_EDGE('',*,*,#5119,.T.);
#7141=ORIENTED_EDGE('',*,*,#5117,.T.);
#7142=ORIENTED_EDGE('',*,*,#5115,.T.);
#7143=ORIENTED_EDGE('',*,*,#5113,.T.);
#7144=ORIENTED_EDGE('',*,*,#5111,.T.);
#7145=ORIENTED_EDGE('',*,*,#5109,.T.);
#7146=ORIENTED_EDGE('',*,*,#5107,.T.);
#7147=ORIENTED_EDGE('',*,*,#5105,.T.);
#7148=ORIENTED_EDGE('',*,*,#5103,.T.);
#7149=ORIENTED_EDGE('',*,*,#5101,.T.);
#7150=ORIENTED_EDGE('',*,*,#5099,.T.);
#7151=ORIENTED_EDGE('',*,*,#5097,.T.);
#7152=ORIENTED_EDGE('',*,*,#5095,.T.);
#7153=ORIENTED_EDGE('',*,*,#5093,.T.);
#7154=ORIENTED_EDGE('',*,*,#5091,.T.);
#7155=ORIENTED_EDGE('',*,*,#5089,.T.);
#7156=ORIENTED_EDGE('',*,*,#5087,.T.);
#7157=ORIENTED_EDGE('',*,*,#5085,.T.);
#7158=ORIENTED_EDGE('',*,*,#5083,.T.);
#7159=ORIENTED_EDGE('',*,*,#5081,.T.);
#7160=ORIENTED_EDGE('',*,*,#5079,.T.);
#7161=ORIENTED_EDGE('',*,*,#5077,.T.);
#7162=ORIENTED_EDGE('',*,*,#5075,.T.);
#7163=ORIENTED_EDGE('',*,*,#5073,.T.);
#7164=ORIENTED_EDGE('',*,*,#5071,.T.);
#7165=ORIENTED_EDGE('',*,*,#5069,.T.);
#7166=ORIENTED_EDGE('',*,*,#5067,.T.);
#7167=ORIENTED_EDGE('',*,*,#5065,.T.);
#7168=ORIENTED_EDGE('',*,*,#5063,.T.);
#7169=ORIENTED_EDGE('',*,*,#5061,.T.);
#7170=ORIENTED_EDGE('',*,*,#5059,.T.);
#7171=ORIENTED_EDGE('',*,*,#5057,.T.);
#7172=ORIENTED_EDGE('',*,*,#5055,.T.);
#7173=ORIENTED_EDGE('',*,*,#5053,.T.);
#7174=ORIENTED_EDGE('',*,*,#5051,.T.);
#7175=ORIENTED_EDGE('',*,*,#5049,.T.);
#7176=ORIENTED_EDGE('',*,*,#5047,.T.);
#7177=ORIENTED_EDGE('',*,*,#5045,.T.);
#7178=ORIENTED_EDGE('',*,*,#5043,.T.);
#7179=ORIENTED_EDGE('',*,*,#5041,.T.);
#7180=ORIENTED_EDGE('',*,*,#5039,.T.);
#7181=ORIENTED_EDGE('',*,*,#5037,.T.);
#7182=ORIENTED_EDGE('',*,*,#5035,.T.);
#7183=ORIENTED_EDGE('',*,*,#5033,.T.);
#7184=ORIENTED_EDGE('',*,*,#5031,.T.);
#7185=ORIENTED_EDGE('',*,*,#5029,.T.);
#7186=ORIENTED_EDGE('',*,*,#5027,.T.);
#7187=ORIENTED_EDGE('',*,*,#5025,.T.);
#7188=ORIENTED_EDGE('',*,*,#5023,.T.);
#7189=ORIENTED_EDGE('',*,*,#5021,.T.);
#7190=ORIENTED_EDGE('',*,*,#5019,.T.);
#7191=ORIENTED_EDGE('',*,*,#5017,.T.);
#7192=ORIENTED_EDGE('',*,*,#5015,.T.);
#7193=ORIENTED_EDGE('',*,*,#5013,.T.);
#7194=ORIENTED_EDGE('',*,*,#5011,.T.);
#7195=ORIENTED_EDGE('',*,*,#5009,.T.);
#7196=ORIENTED_EDGE('',*,*,#5007,.T.);
#7197=ORIENTED_EDGE('',*,*,#5005,.T.);
#7198=ORIENTED_EDGE('',*,*,#5003,.T.);
#7199=ORIENTED_EDGE('',*,*,#5001,.T.);
#7200=ORIENTED_EDGE('',*,*,#4999,.T.);
#7201=ORIENTED_EDGE('',*,*,#4997,.T.);
#7202=ORIENTED_EDGE('',*,*,#4356,.F.);
#7203=ORIENTED_EDGE('',*,*,#4360,.T.);
#7204=ORIENTED_EDGE('',*,*,#4361,.F.);
#7205=ORIENTED_EDGE('',*,*,#4996,.T.);
#7206=ORIENTED_EDGE('',*,*,#4994,.T.);
#7207=ORIENTED_EDGE('',*,*,#4992,.T.);
#7208=ORIENTED_EDGE('',*,*,#4990,.T.);
#7209=ORIENTED_EDGE('',*,*,#4988,.T.);
#7210=ORIENTED_EDGE('',*,*,#4986,.T.);
#7211=ORIENTED_EDGE('',*,*,#4984,.T.);
#7212=ORIENTED_EDGE('',*,*,#4982,.T.);
#7213=ORIENTED_EDGE('',*,*,#4980,.T.);
#7214=ORIENTED_EDGE('',*,*,#4978,.T.);
#7215=ORIENTED_EDGE('',*,*,#4976,.T.);
#7216=ORIENTED_EDGE('',*,*,#4974,.T.);
#7217=ORIENTED_EDGE('',*,*,#4972,.T.);
#7218=ORIENTED_EDGE('',*,*,#4970,.T.);
#7219=ORIENTED_EDGE('',*,*,#4968,.T.);
#7220=ORIENTED_EDGE('',*,*,#4966,.T.);
#7221=ORIENTED_EDGE('',*,*,#4964,.T.);
#7222=ORIENTED_EDGE('',*,*,#4962,.T.);
#7223=ORIENTED_EDGE('',*,*,#4960,.T.);
#7224=ORIENTED_EDGE('',*,*,#4958,.T.);
#7225=ORIENTED_EDGE('',*,*,#4956,.T.);
#7226=ORIENTED_EDGE('',*,*,#4954,.T.);
#7227=ORIENTED_EDGE('',*,*,#4952,.T.);
#7228=ORIENTED_EDGE('',*,*,#4950,.T.);
#7229=ORIENTED_EDGE('',*,*,#4948,.T.);
#7230=ORIENTED_EDGE('',*,*,#4946,.T.);
#7231=ORIENTED_EDGE('',*,*,#4944,.T.);
#7232=ORIENTED_EDGE('',*,*,#4942,.T.);
#7233=ORIENTED_EDGE('',*,*,#4940,.T.);
#7234=ORIENTED_EDGE('',*,*,#4938,.T.);
#7235=ORIENTED_EDGE('',*,*,#5140,.T.);
#7236=ORIENTED_EDGE('',*,*,#4936,.T.);
#7237=ORIENTED_EDGE('',*,*,#4934,.T.);
#7238=ORIENTED_EDGE('',*,*,#4932,.T.);
#7239=ORIENTED_EDGE('',*,*,#4930,.T.);
#7240=ORIENTED_EDGE('',*,*,#4928,.T.);
#7241=ORIENTED_EDGE('',*,*,#4926,.T.);
#7242=ORIENTED_EDGE('',*,*,#4924,.T.);
#7243=ORIENTED_EDGE('',*,*,#4922,.T.);
#7244=ORIENTED_EDGE('',*,*,#4920,.T.);
#7245=ORIENTED_EDGE('',*,*,#4918,.T.);
#7246=ORIENTED_EDGE('',*,*,#4916,.T.);
#7247=ORIENTED_EDGE('',*,*,#4914,.T.);
#7248=ORIENTED_EDGE('',*,*,#4912,.T.);
#7249=ORIENTED_EDGE('',*,*,#4910,.T.);
#7250=ORIENTED_EDGE('',*,*,#4908,.T.);
#7251=ORIENTED_EDGE('',*,*,#4906,.T.);
#7252=ORIENTED_EDGE('',*,*,#4904,.T.);
#7253=ORIENTED_EDGE('',*,*,#4902,.T.);
#7254=ORIENTED_EDGE('',*,*,#4900,.T.);
#7255=ORIENTED_EDGE('',*,*,#4898,.T.);
#7256=ORIENTED_EDGE('',*,*,#4896,.T.);
#7257=ORIENTED_EDGE('',*,*,#4894,.T.);
#7258=ORIENTED_EDGE('',*,*,#4892,.T.);
#7259=ORIENTED_EDGE('',*,*,#4890,.T.);
#7260=ORIENTED_EDGE('',*,*,#4888,.T.);
#7261=ORIENTED_EDGE('',*,*,#4886,.T.);
#7262=ORIENTED_EDGE('',*,*,#4884,.T.);
#7263=ORIENTED_EDGE('',*,*,#4882,.T.);
#7264=ORIENTED_EDGE('',*,*,#4880,.T.);
#7265=ORIENTED_EDGE('',*,*,#4878,.T.);
#7266=ORIENTED_EDGE('',*,*,#4876,.T.);
#7267=ORIENTED_EDGE('',*,*,#4874,.T.);
#7268=ORIENTED_EDGE('',*,*,#4872,.T.);
#7269=ORIENTED_EDGE('',*,*,#4870,.T.);
#7270=ORIENTED_EDGE('',*,*,#4868,.T.);
#7271=ORIENTED_EDGE('',*,*,#4866,.T.);
#7272=ORIENTED_EDGE('',*,*,#4864,.T.);
#7273=ORIENTED_EDGE('',*,*,#4862,.T.);
#7274=ORIENTED_EDGE('',*,*,#4860,.T.);
#7275=ORIENTED_EDGE('',*,*,#4858,.T.);
#7276=ORIENTED_EDGE('',*,*,#4855,.T.);
#7277=ORIENTED_EDGE('',*,*,#4854,.T.);
#7278=ORIENTED_EDGE('',*,*,#4852,.T.);
#7279=ORIENTED_EDGE('',*,*,#4850,.T.);
#7280=ORIENTED_EDGE('',*,*,#4848,.T.);
#7281=ORIENTED_EDGE('',*,*,#4846,.T.);
#7282=ORIENTED_EDGE('',*,*,#4844,.T.);
#7283=ORIENTED_EDGE('',*,*,#4842,.T.);
#7284=ORIENTED_EDGE('',*,*,#4840,.T.);
#7285=ORIENTED_EDGE('',*,*,#4838,.T.);
#7286=ORIENTED_EDGE('',*,*,#4836,.T.);
#7287=ORIENTED_EDGE('',*,*,#4834,.T.);
#7288=ORIENTED_EDGE('',*,*,#4832,.T.);
#7289=ORIENTED_EDGE('',*,*,#4830,.T.);
#7290=ORIENTED_EDGE('',*,*,#4828,.T.);
#7291=ORIENTED_EDGE('',*,*,#4826,.T.);
#7292=ORIENTED_EDGE('',*,*,#4824,.T.);
#7293=ORIENTED_EDGE('',*,*,#4822,.T.);
#7294=ORIENTED_EDGE('',*,*,#4820,.T.);
#7295=ORIENTED_EDGE('',*,*,#4818,.T.);
#7296=ORIENTED_EDGE('',*,*,#4816,.T.);
#7297=ORIENTED_EDGE('',*,*,#4814,.T.);
#7298=ORIENTED_EDGE('',*,*,#4812,.T.);
#7299=ORIENTED_EDGE('',*,*,#4810,.T.);
#7300=ORIENTED_EDGE('',*,*,#4808,.T.);
#7301=ORIENTED_EDGE('',*,*,#4806,.T.);
#7302=ORIENTED_EDGE('',*,*,#4804,.T.);
#7303=ORIENTED_EDGE('',*,*,#4802,.T.);
#7304=ORIENTED_EDGE('',*,*,#4800,.T.);
#7305=ORIENTED_EDGE('',*,*,#4798,.T.);
#7306=ORIENTED_EDGE('',*,*,#4796,.T.);
#7307=ORIENTED_EDGE('',*,*,#4794,.T.);
#7308=ORIENTED_EDGE('',*,*,#4792,.T.);
#7309=ORIENTED_EDGE('',*,*,#4790,.T.);
#7310=ORIENTED_EDGE('',*,*,#4788,.T.);
#7311=ORIENTED_EDGE('',*,*,#4786,.T.);
#7312=ORIENTED_EDGE('',*,*,#4784,.T.);
#7313=ORIENTED_EDGE('',*,*,#4782,.T.);
#7314=ORIENTED_EDGE('',*,*,#4780,.T.);
#7315=ORIENTED_EDGE('',*,*,#4778,.T.);
#7316=ORIENTED_EDGE('',*,*,#4776,.T.);
#7317=ORIENTED_EDGE('',*,*,#4774,.T.);
#7318=ORIENTED_EDGE('',*,*,#4772,.T.);
#7319=ORIENTED_EDGE('',*,*,#4770,.T.);
#7320=ORIENTED_EDGE('',*,*,#4768,.T.);
#7321=ORIENTED_EDGE('',*,*,#4766,.T.);
#7322=ORIENTED_EDGE('',*,*,#4764,.T.);
#7323=ORIENTED_EDGE('',*,*,#4762,.T.);
#7324=ORIENTED_EDGE('',*,*,#4760,.T.);
#7325=ORIENTED_EDGE('',*,*,#4757,.T.);
#7326=ORIENTED_EDGE('',*,*,#4756,.T.);
#7327=ORIENTED_EDGE('',*,*,#4754,.T.);
#7328=ORIENTED_EDGE('',*,*,#4752,.T.);
#7329=ORIENTED_EDGE('',*,*,#4750,.T.);
#7330=ORIENTED_EDGE('',*,*,#4748,.T.);
#7331=ORIENTED_EDGE('',*,*,#4746,.T.);
#7332=ORIENTED_EDGE('',*,*,#4744,.T.);
#7333=ORIENTED_EDGE('',*,*,#4742,.T.);
#7334=ORIENTED_EDGE('',*,*,#4740,.T.);
#7335=ORIENTED_EDGE('',*,*,#4738,.T.);
#7336=ORIENTED_EDGE('',*,*,#4736,.T.);
#7337=ORIENTED_EDGE('',*,*,#4734,.T.);
#7338=ORIENTED_EDGE('',*,*,#4732,.T.);
#7339=ORIENTED_EDGE('',*,*,#4730,.T.);
#7340=ORIENTED_EDGE('',*,*,#4728,.T.);
#7341=ORIENTED_EDGE('',*,*,#4726,.T.);
#7342=ORIENTED_EDGE('',*,*,#4723,.T.);
#7343=ORIENTED_EDGE('',*,*,#4722,.T.);
#7344=ORIENTED_EDGE('',*,*,#4720,.T.);
#7345=ORIENTED_EDGE('',*,*,#4718,.T.);
#7346=ORIENTED_EDGE('',*,*,#4716,.T.);
#7347=ORIENTED_EDGE('',*,*,#4714,.T.);
#7348=ORIENTED_EDGE('',*,*,#4712,.T.);
#7349=ORIENTED_EDGE('',*,*,#4710,.T.);
#7350=ORIENTED_EDGE('',*,*,#4708,.T.);
#7351=ORIENTED_EDGE('',*,*,#4706,.T.);
#7352=ORIENTED_EDGE('',*,*,#4704,.T.);
#7353=ORIENTED_EDGE('',*,*,#4702,.T.);
#7354=ORIENTED_EDGE('',*,*,#4700,.T.);
#7355=ORIENTED_EDGE('',*,*,#4698,.T.);
#7356=ORIENTED_EDGE('',*,*,#4696,.T.);
#7357=ORIENTED_EDGE('',*,*,#4694,.T.);
#7358=ORIENTED_EDGE('',*,*,#4692,.T.);
#7359=ORIENTED_EDGE('',*,*,#4690,.T.);
#7360=ORIENTED_EDGE('',*,*,#4688,.T.);
#7361=ORIENTED_EDGE('',*,*,#4686,.T.);
#7362=ORIENTED_EDGE('',*,*,#4684,.T.);
#7363=ORIENTED_EDGE('',*,*,#4682,.T.);
#7364=ORIENTED_EDGE('',*,*,#4680,.T.);
#7365=ORIENTED_EDGE('',*,*,#4678,.T.);
#7366=ORIENTED_EDGE('',*,*,#4676,.T.);
#7367=ORIENTED_EDGE('',*,*,#4674,.T.);
#7368=ORIENTED_EDGE('',*,*,#4672,.T.);
#7369=ORIENTED_EDGE('',*,*,#4670,.T.);
#7370=ORIENTED_EDGE('',*,*,#4668,.T.);
#7371=ORIENTED_EDGE('',*,*,#4666,.T.);
#7372=ORIENTED_EDGE('',*,*,#4664,.T.);
#7373=ORIENTED_EDGE('',*,*,#4662,.T.);
#7374=ORIENTED_EDGE('',*,*,#4660,.T.);
#7375=ORIENTED_EDGE('',*,*,#4658,.T.);
#7376=ORIENTED_EDGE('',*,*,#4656,.T.);
#7377=ORIENTED_EDGE('',*,*,#4654,.T.);
#7378=ORIENTED_EDGE('',*,*,#4652,.T.);
#7379=ORIENTED_EDGE('',*,*,#4650,.T.);
#7380=ORIENTED_EDGE('',*,*,#4648,.T.);
#7381=ORIENTED_EDGE('',*,*,#4646,.T.);
#7382=ORIENTED_EDGE('',*,*,#4644,.T.);
#7383=ORIENTED_EDGE('',*,*,#4641,.T.);
#7384=ORIENTED_EDGE('',*,*,#4639,.T.);
#7385=ORIENTED_EDGE('',*,*,#4638,.T.);
#7386=ORIENTED_EDGE('',*,*,#4636,.T.);
#7387=ORIENTED_EDGE('',*,*,#4634,.T.);
#7388=ORIENTED_EDGE('',*,*,#4632,.T.);
#7389=ORIENTED_EDGE('',*,*,#4630,.T.);
#7390=ORIENTED_EDGE('',*,*,#4628,.T.);
#7391=ORIENTED_EDGE('',*,*,#4626,.T.);
#7392=ORIENTED_EDGE('',*,*,#4624,.T.);
#7393=ORIENTED_EDGE('',*,*,#4622,.T.);
#7394=ORIENTED_EDGE('',*,*,#4620,.T.);
#7395=ORIENTED_EDGE('',*,*,#4618,.T.);
#7396=ORIENTED_EDGE('',*,*,#4616,.T.);
#7397=ORIENTED_EDGE('',*,*,#4614,.T.);
#7398=ORIENTED_EDGE('',*,*,#4612,.T.);
#7399=ORIENTED_EDGE('',*,*,#4610,.T.);
#7400=ORIENTED_EDGE('',*,*,#4608,.T.);
#7401=ORIENTED_EDGE('',*,*,#4606,.T.);
#7402=ORIENTED_EDGE('',*,*,#4604,.T.);
#7403=ORIENTED_EDGE('',*,*,#4602,.T.);
#7404=ORIENTED_EDGE('',*,*,#4600,.T.);
#7405=ORIENTED_EDGE('',*,*,#4598,.T.);
#7406=ORIENTED_EDGE('',*,*,#4596,.T.);
#7407=ORIENTED_EDGE('',*,*,#4594,.T.);
#7408=ORIENTED_EDGE('',*,*,#4592,.T.);
#7409=ORIENTED_EDGE('',*,*,#4590,.T.);
#7410=ORIENTED_EDGE('',*,*,#4588,.T.);
#7411=ORIENTED_EDGE('',*,*,#4586,.T.);
#7412=ORIENTED_EDGE('',*,*,#4584,.T.);
#7413=ORIENTED_EDGE('',*,*,#4582,.T.);
#7414=ORIENTED_EDGE('',*,*,#4580,.T.);
#7415=ORIENTED_EDGE('',*,*,#4578,.T.);
#7416=ORIENTED_EDGE('',*,*,#4576,.T.);
#7417=ORIENTED_EDGE('',*,*,#4574,.T.);
#7418=ORIENTED_EDGE('',*,*,#4572,.T.);
#7419=ORIENTED_EDGE('',*,*,#4570,.T.);
#7420=ORIENTED_EDGE('',*,*,#4568,.T.);
#7421=ORIENTED_EDGE('',*,*,#4566,.T.);
#7422=ORIENTED_EDGE('',*,*,#4564,.T.);
#7423=ORIENTED_EDGE('',*,*,#4562,.T.);
#7424=ORIENTED_EDGE('',*,*,#4560,.T.);
#7425=ORIENTED_EDGE('',*,*,#4557,.T.);
#7426=ORIENTED_EDGE('',*,*,#4556,.T.);
#7427=ORIENTED_EDGE('',*,*,#4554,.T.);
#7428=ORIENTED_EDGE('',*,*,#4552,.T.);
#7429=ORIENTED_EDGE('',*,*,#4550,.T.);
#7430=ORIENTED_EDGE('',*,*,#4548,.T.);
#7431=ORIENTED_EDGE('',*,*,#4546,.T.);
#7432=ORIENTED_EDGE('',*,*,#4544,.T.);
#7433=ORIENTED_EDGE('',*,*,#4542,.T.);
#7434=ORIENTED_EDGE('',*,*,#4540,.T.);
#7435=ORIENTED_EDGE('',*,*,#4538,.T.);
#7436=ORIENTED_EDGE('',*,*,#4536,.T.);
#7437=ORIENTED_EDGE('',*,*,#4534,.T.);
#7438=ORIENTED_EDGE('',*,*,#4532,.T.);
#7439=ORIENTED_EDGE('',*,*,#4530,.T.);
#7440=ORIENTED_EDGE('',*,*,#4528,.T.);
#7441=ORIENTED_EDGE('',*,*,#4526,.T.);
#7442=ORIENTED_EDGE('',*,*,#4524,.T.);
#7443=ORIENTED_EDGE('',*,*,#4522,.T.);
#7444=ORIENTED_EDGE('',*,*,#4520,.T.);
#7445=ORIENTED_EDGE('',*,*,#4518,.T.);
#7446=ORIENTED_EDGE('',*,*,#4516,.T.);
#7447=ORIENTED_EDGE('',*,*,#4514,.T.);
#7448=ORIENTED_EDGE('',*,*,#4512,.T.);
#7449=ORIENTED_EDGE('',*,*,#4510,.T.);
#7450=ORIENTED_EDGE('',*,*,#4507,.T.);
#7451=ORIENTED_EDGE('',*,*,#4506,.T.);
#7452=ORIENTED_EDGE('',*,*,#4504,.T.);
#7453=ORIENTED_EDGE('',*,*,#4502,.T.);
#7454=ORIENTED_EDGE('',*,*,#4500,.T.);
#7455=ORIENTED_EDGE('',*,*,#4498,.T.);
#7456=ORIENTED_EDGE('',*,*,#4496,.T.);
#7457=ORIENTED_EDGE('',*,*,#4494,.T.);
#7458=ORIENTED_EDGE('',*,*,#4492,.T.);
#7459=ORIENTED_EDGE('',*,*,#4490,.T.);
#7460=ORIENTED_EDGE('',*,*,#4488,.T.);
#7461=ORIENTED_EDGE('',*,*,#4486,.T.);
#7462=ORIENTED_EDGE('',*,*,#4484,.T.);
#7463=ORIENTED_EDGE('',*,*,#4482,.T.);
#7464=ORIENTED_EDGE('',*,*,#4480,.T.);
#7465=ORIENTED_EDGE('',*,*,#4478,.T.);
#7466=ORIENTED_EDGE('',*,*,#4476,.T.);
#7467=ORIENTED_EDGE('',*,*,#4474,.T.);
#7468=ORIENTED_EDGE('',*,*,#4472,.T.);
#7469=ORIENTED_EDGE('',*,*,#4470,.T.);
#7470=ORIENTED_EDGE('',*,*,#4468,.T.);
#7471=ORIENTED_EDGE('',*,*,#4466,.T.);
#7472=ORIENTED_EDGE('',*,*,#4464,.T.);
#7473=ORIENTED_EDGE('',*,*,#4462,.T.);
#7474=ORIENTED_EDGE('',*,*,#4460,.T.);
#7475=ORIENTED_EDGE('',*,*,#4458,.T.);
#7476=ORIENTED_EDGE('',*,*,#4456,.T.);
#7477=ORIENTED_EDGE('',*,*,#4454,.T.);
#7478=ORIENTED_EDGE('',*,*,#4452,.T.);
#7479=ORIENTED_EDGE('',*,*,#4450,.T.);
#7480=ORIENTED_EDGE('',*,*,#4448,.T.);
#7481=ORIENTED_EDGE('',*,*,#4446,.T.);
#7482=ORIENTED_EDGE('',*,*,#4444,.T.);
#7483=ORIENTED_EDGE('',*,*,#4442,.T.);
#7484=ORIENTED_EDGE('',*,*,#4440,.T.);
#7485=ORIENTED_EDGE('',*,*,#4438,.T.);
#7486=ORIENTED_EDGE('',*,*,#4436,.T.);
#7487=ORIENTED_EDGE('',*,*,#4434,.T.);
#7488=ORIENTED_EDGE('',*,*,#4432,.T.);
#7489=ORIENTED_EDGE('',*,*,#4430,.T.);
#7490=ORIENTED_EDGE('',*,*,#4428,.T.);
#7491=ORIENTED_EDGE('',*,*,#4426,.T.);
#7492=ORIENTED_EDGE('',*,*,#4424,.T.);
#7493=ORIENTED_EDGE('',*,*,#4422,.T.);
#7494=ORIENTED_EDGE('',*,*,#4420,.T.);
#7495=ORIENTED_EDGE('',*,*,#4418,.T.);
#7496=ORIENTED_EDGE('',*,*,#4416,.T.);
#7497=ORIENTED_EDGE('',*,*,#4414,.T.);
#7498=ORIENTED_EDGE('',*,*,#4412,.T.);
#7499=ORIENTED_EDGE('',*,*,#4410,.T.);
#7500=ORIENTED_EDGE('',*,*,#4408,.T.);
#7501=ORIENTED_EDGE('',*,*,#4406,.T.);
#7502=ORIENTED_EDGE('',*,*,#4404,.T.);
#7503=ORIENTED_EDGE('',*,*,#4402,.T.);
#7504=ORIENTED_EDGE('',*,*,#4400,.T.);
#7505=ORIENTED_EDGE('',*,*,#4398,.T.);
#7506=ORIENTED_EDGE('',*,*,#4396,.T.);
#7507=ORIENTED_EDGE('',*,*,#4394,.T.);
#7508=ORIENTED_EDGE('',*,*,#4392,.T.);
#7509=ORIENTED_EDGE('',*,*,#4390,.T.);
#7510=ORIENTED_EDGE('',*,*,#4388,.T.);
#7511=ORIENTED_EDGE('',*,*,#4386,.T.);
#7512=ORIENTED_EDGE('',*,*,#4384,.T.);
#7513=ORIENTED_EDGE('',*,*,#4382,.T.);
#7514=ORIENTED_EDGE('',*,*,#4380,.T.);
#7515=ORIENTED_EDGE('',*,*,#4378,.T.);
#7516=ORIENTED_EDGE('',*,*,#4376,.T.);
#7517=ORIENTED_EDGE('',*,*,#4374,.T.);
#7518=ORIENTED_EDGE('',*,*,#4372,.T.);
#7519=ORIENTED_EDGE('',*,*,#4370,.T.);
#7520=ORIENTED_EDGE('',*,*,#4368,.T.);
#7521=ORIENTED_EDGE('',*,*,#4366,.T.);
#7522=ORIENTED_EDGE('',*,*,#4364,.T.);
#7523=CYLINDRICAL_SURFACE('',#8126,3.);
#7524=CYLINDRICAL_SURFACE('',#8332,3.);
#7525=CYLINDRICAL_SURFACE('',#8335,3.);
#7526=CYLINDRICAL_SURFACE('',#8338,3.);
#7527=CYLINDRICAL_SURFACE('',#8341,0.500000000000007);
#7528=CYLINDRICAL_SURFACE('',#8344,0.500000000000003);
#7529=CYLINDRICAL_SURFACE('',#8347,0.500000000000007);
#7530=CYLINDRICAL_SURFACE('',#8350,0.499999999999998);
#7531=CYLINDRICAL_SURFACE('',#8352,0.499999999999989);
#7532=CYLINDRICAL_SURFACE('',#8355,0.499999999999998);
#7533=CYLINDRICAL_SURFACE('',#8358,0.499999999999989);
#7534=CYLINDRICAL_SURFACE('',#8361,0.499999999999998);
#7535=CYLINDRICAL_SURFACE('',#8365,0.500000000000007);
#7536=CYLINDRICAL_SURFACE('',#8368,0.500000000000003);
#7537=CYLINDRICAL_SURFACE('',#8371,0.499999999999989);
#7538=CYLINDRICAL_SURFACE('',#8374,0.499999999999998);
#7539=CYLINDRICAL_SURFACE('',#8377,0.499999999999972);
#7540=CYLINDRICAL_SURFACE('',#8380,0.499999999999998);
#7541=CYLINDRICAL_SURFACE('',#8383,0.500000000000007);
#7542=CYLINDRICAL_SURFACE('',#8386,0.499999999999998);
#7543=CYLINDRICAL_SURFACE('',#8389,0.500000000000007);
#7544=CYLINDRICAL_SURFACE('',#8392,0.499999999999998);
#7545=CYLINDRICAL_SURFACE('',#8395,0.499999999999989);
#7546=CYLINDRICAL_SURFACE('',#8398,0.499999999999998);
#7547=CYLINDRICAL_SURFACE('',#8401,0.499999999999998);
#7548=CYLINDRICAL_SURFACE('',#8404,0.500000000000003);
#7549=CYLINDRICAL_SURFACE('',#8407,0.500000000000007);
#7550=CYLINDRICAL_SURFACE('',#8410,0.499999999999998);
#7551=CYLINDRICAL_SURFACE('',#8413,0.499999999999998);
#7552=CYLINDRICAL_SURFACE('',#8416,0.499999999999998);
#7553=CYLINDRICAL_SURFACE('',#8419,0.499999999999998);
#7554=CYLINDRICAL_SURFACE('',#8422,0.500000000000003);
#7555=CYLINDRICAL_SURFACE('',#8425,0.500000000000007);
#7556=CYLINDRICAL_SURFACE('',#8428,0.500000000000003);
#7557=CYLINDRICAL_SURFACE('',#8431,0.500000000000007);
#7558=CYLINDRICAL_SURFACE('',#8434,0.499999999999998);
#7559=CYLINDRICAL_SURFACE('',#8437,0.500000000000007);
#7560=CYLINDRICAL_SURFACE('',#8440,0.499999999999998);
#7561=CYLINDRICAL_SURFACE('',#8443,0.500000000000007);
#7562=CYLINDRICAL_SURFACE('',#8446,0.499999999999998);
#7563=CYLINDRICAL_SURFACE('',#8448,2.);
#7564=CYLINDRICAL_SURFACE('',#8451,0.500000000000007);
#7565=CYLINDRICAL_SURFACE('',#8454,0.500000000000003);
#7566=CYLINDRICAL_SURFACE('',#8457,0.500000000000007);
#7567=CYLINDRICAL_SURFACE('',#8460,0.499999999999998);
#7568=CYLINDRICAL_SURFACE('',#8463,0.499999999999998);
#7569=CYLINDRICAL_SURFACE('',#8466,0.500000000000007);
#7570=CYLINDRICAL_SURFACE('',#8469,0.499999999999998);
#7571=CYLINDRICAL_SURFACE('',#8472,0.500000000000007);
#7572=CYLINDRICAL_SURFACE('',#8475,0.499999999999998);
#7573=CYLINDRICAL_SURFACE('',#8478,0.499999999999998);
#7574=CYLINDRICAL_SURFACE('',#8481,0.500000000000007);
#7575=CYLINDRICAL_SURFACE('',#8484,0.499999999999998);
#7576=CYLINDRICAL_SURFACE('',#8486,1.9);
#7577=CYLINDRICAL_SURFACE('',#8489,0.499999999999998);
#7578=CYLINDRICAL_SURFACE('',#8492,0.499999999999998);
#7579=CYLINDRICAL_SURFACE('',#8495,0.500000000000007);
#7580=CYLINDRICAL_SURFACE('',#8498,0.499999999999998);
#7581=CYLINDRICAL_SURFACE('',#8501,0.499999999999989);
#7582=CYLINDRICAL_SURFACE('',#8504,0.499999999999998);
#7583=CYLINDRICAL_SURFACE('',#8507,0.499999999999998);
#7584=CYLINDRICAL_SURFACE('',#8510,0.499999999999998);
#7585=CYLINDRICAL_SURFACE('',#8513,0.500000000000007);
#7586=CYLINDRICAL_SURFACE('',#8516,0.499999999999998);
#7587=CYLINDRICAL_SURFACE('',#8519,0.500000000000007);
#7588=CYLINDRICAL_SURFACE('',#8522,0.500000000000003);
#7589=CYLINDRICAL_SURFACE('',#8525,0.499999999999972);
#7590=CYLINDRICAL_SURFACE('',#8528,0.499999999999998);
#7591=CYLINDRICAL_SURFACE('',#8531,0.500000000000007);
#7592=CYLINDRICAL_SURFACE('',#8534,0.499999999999998);
#7593=CYLINDRICAL_SURFACE('',#8537,0.500000000000007);
#7594=CYLINDRICAL_SURFACE('',#8540,0.499999999999998);
#7595=CYLINDRICAL_SURFACE('',#8543,0.499999999999989);
#7596=CYLINDRICAL_SURFACE('',#8546,0.499999999999998);
#7597=CYLINDRICAL_SURFACE('',#8548,1.9);
#7598=CYLINDRICAL_SURFACE('',#8550,1.9);
#7599=CYLINDRICAL_SURFACE('',#8553,0.500000000000007);
#7600=CYLINDRICAL_SURFACE('',#8556,0.499999999999998);
#7601=CYLINDRICAL_SURFACE('',#8559,0.500000000000007);
#7602=CYLINDRICAL_SURFACE('',#8562,0.499999999999998);
#7603=CYLINDRICAL_SURFACE('',#8565,0.500000000000007);
#7604=CYLINDRICAL_SURFACE('',#8568,0.499999999999998);
#7605=CYLINDRICAL_SURFACE('',#8571,0.500000000000007);
#7606=CYLINDRICAL_SURFACE('',#8574,0.499999999999998);
#7607=CYLINDRICAL_SURFACE('',#8577,0.500000000000007);
#7608=CYLINDRICAL_SURFACE('',#8580,0.499999999999998);
#7609=CYLINDRICAL_SURFACE('',#8583,0.500000000000007);
#7610=CYLINDRICAL_SURFACE('',#8586,0.500000000000003);
#7611=CYLINDRICAL_SURFACE('',#8589,0.500000000000007);
#7612=CYLINDRICAL_SURFACE('',#8592,0.500000000000003);
#7613=CYLINDRICAL_SURFACE('',#8595,0.500000000000007);
#7614=CYLINDRICAL_SURFACE('',#8598,0.499999999999998);
#7615=CYLINDRICAL_SURFACE('',#8601,0.499999999999998);
#7616=CYLINDRICAL_SURFACE('',#8604,0.499999999999998);
#7617=CYLINDRICAL_SURFACE('',#8607,0.499999999999998);
#7618=CYLINDRICAL_SURFACE('',#8610,0.499999999999998);
#7619=CYLINDRICAL_SURFACE('',#8612,1.90000000000001);
#7620=CYLINDRICAL_SURFACE('',#8615,0.499999999999989);
#7621=CYLINDRICAL_SURFACE('',#8618,0.500000000000003);
#7622=CYLINDRICAL_SURFACE('',#8621,0.500000000000007);
#7623=CYLINDRICAL_SURFACE('',#8624,0.499999999999998);
#7624=CYLINDRICAL_SURFACE('',#8627,0.500000000000007);
#7625=CYLINDRICAL_SURFACE('',#8630,0.499999999999998);
#7626=CYLINDRICAL_SURFACE('',#8633,0.500000000000007);
#7627=CYLINDRICAL_SURFACE('',#8636,0.499999999999998);
#7628=CYLINDRICAL_SURFACE('',#8638,1.9);
#7629=CYLINDRICAL_SURFACE('',#8641,0.499999999999998);
#7630=CYLINDRICAL_SURFACE('',#8644,0.500000000000003);
#7631=CYLINDRICAL_SURFACE('',#8647,0.499999999999998);
#7632=CYLINDRICAL_SURFACE('',#8650,0.499999999999998);
#7633=CYLINDRICAL_SURFACE('',#8653,0.499999999999998);
#7634=CYLINDRICAL_SURFACE('',#8656,0.500000000000007);
#7635=CYLINDRICAL_SURFACE('',#8659,0.499999999999998);
#7636=CYLINDRICAL_SURFACE('',#8662,0.500000000000007);
#7637=CYLINDRICAL_SURFACE('',#8665,0.500000000000007);
#7638=CYLINDRICAL_SURFACE('',#8668,0.499999999999998);
#7639=CYLINDRICAL_SURFACE('',#8671,0.500000000000007);
#7640=CYLINDRICAL_SURFACE('',#8674,0.499999999999998);
#7641=CYLINDRICAL_SURFACE('',#8677,0.500000000000007);
#7642=CYLINDRICAL_SURFACE('',#8680,0.499999999999998);
#7643=CYLINDRICAL_SURFACE('',#8683,0.500000000000007);
#7644=CYLINDRICAL_SURFACE('',#8686,0.499999999999998);
#7645=CYLINDRICAL_SURFACE('',#8689,0.499999999999998);
#7646=CYLINDRICAL_SURFACE('',#8692,0.500000000000003);
#7647=CYLINDRICAL_SURFACE('',#8695,0.499999999999998);
#7648=CYLINDRICAL_SURFACE('',#8698,0.499999999999998);
#7649=CYLINDRICAL_SURFACE('',#8701,0.500000000000007);
#7650=CYLINDRICAL_SURFACE('',#8704,0.499999999999998);
#7651=CYLINDRICAL_SURFACE('',#8707,0.500000000000007);
#7652=CYLINDRICAL_SURFACE('',#8710,0.499999999999998);
#7653=CYLINDRICAL_SURFACE('',#8712,2.);
#7654=CYLINDRICAL_SURFACE('',#8715,0.499999999999998);
#7655=CYLINDRICAL_SURFACE('',#8718,0.499999999999998);
#7656=CYLINDRICAL_SURFACE('',#8721,0.499999999999998);
#7657=CYLINDRICAL_SURFACE('',#8724,0.499999999999998);
#7658=CYLINDRICAL_SURFACE('',#8727,0.499999999999998);
#7659=CYLINDRICAL_SURFACE('',#8730,0.499999999999998);
#7660=CYLINDRICAL_SURFACE('',#8733,0.499999999999998);
#7661=CYLINDRICAL_SURFACE('',#8736,0.500000000000003);
#7662=CYLINDRICAL_SURFACE('',#8739,0.499999999999998);
#7663=CYLINDRICAL_SURFACE('',#8742,0.499999999999998);
#7664=CYLINDRICAL_SURFACE('',#8745,0.500000000000007);
#7665=CYLINDRICAL_SURFACE('',#8748,0.499999999999998);
#7666=CYLINDRICAL_SURFACE('',#8751,0.500000000000007);
#7667=CYLINDRICAL_SURFACE('',#8754,0.500000000000003);
#7668=CYLINDRICAL_SURFACE('',#8757,0.500000000000007);
#7669=CYLINDRICAL_SURFACE('',#8760,0.499999999999998);
#7670=CYLINDRICAL_SURFACE('',#8763,0.500000000000007);
#7671=CYLINDRICAL_SURFACE('',#8766,0.500000000000003);
#7672=CYLINDRICAL_SURFACE('',#8769,0.500000000000007);
#7673=CYLINDRICAL_SURFACE('',#8772,0.499999999999998);
#7674=CYLINDRICAL_SURFACE('',#8774,5.);
#7675=CYLINDRICAL_SURFACE('',#8777,0.500000000000007);
#7676=CYLINDRICAL_SURFACE('',#8780,0.499999999999998);
#7677=CYLINDRICAL_SURFACE('',#8783,0.500000000000007);
#7678=CYLINDRICAL_SURFACE('',#8786,5.);
#7679=CYLINDRICAL_SURFACE('',#8789,5.);
#7680=CYLINDRICAL_SURFACE('',#8792,5.);
#7681=CYLINDRICAL_SURFACE('',#8795,0.500000000000007);
#7682=CYLINDRICAL_SURFACE('',#8798,0.499999999999998);
#7683=CYLINDRICAL_SURFACE('',#8801,0.499999999999972);
#7684=CYLINDRICAL_SURFACE('',#8804,5.);
#7685=CYLINDRICAL_SURFACE('',#8807,0.499999999999998);
#7686=CYLINDRICAL_SURFACE('',#8810,0.500000000000007);
#7687=CYLINDRICAL_SURFACE('',#8813,0.499999999999998);
#7688=CYLINDRICAL_SURFACE('',#8816,5.);
#7689=CYLINDRICAL_SURFACE('',#8820,5.);
#7690=CYLINDRICAL_SURFACE('',#8823,0.500000000000007);
#7691=CYLINDRICAL_SURFACE('',#8826,0.499999999999998);
#7692=CYLINDRICAL_SURFACE('',#8829,0.500000000000007);
#7693=CYLINDRICAL_SURFACE('',#8832,5.);
#7694=CYLINDRICAL_SURFACE('',#8835,0.499999999999998);
#7695=CYLINDRICAL_SURFACE('',#8838,0.500000000000007);
#7696=CYLINDRICAL_SURFACE('',#8841,0.500000000000003);
#7697=CYLINDRICAL_SURFACE('',#8844,5.);
#7698=CYLINDRICAL_SURFACE('',#8847,5.);
#7699=CYLINDRICAL_SURFACE('',#8850,0.500000000000007);
#7700=CYLINDRICAL_SURFACE('',#8853,0.499999999999998);
#7701=CYLINDRICAL_SURFACE('',#8856,0.500000000000007);
#7702=CYLINDRICAL_SURFACE('',#8859,5.);
#7703=CYLINDRICAL_SURFACE('',#8862,0.499999999999998);
#7704=CYLINDRICAL_SURFACE('',#8865,0.500000000000007);
#7705=CYLINDRICAL_SURFACE('',#8868,0.500000000000003);
#7706=CYLINDRICAL_SURFACE('',#8871,5.);
#7707=CYLINDRICAL_SURFACE('',#8874,5.);
#7708=CYLINDRICAL_SURFACE('',#8877,0.500000000000007);
#7709=CYLINDRICAL_SURFACE('',#8880,0.499999999999998);
#7710=CYLINDRICAL_SURFACE('',#8883,0.499999999999989);
#7711=CYLINDRICAL_SURFACE('',#8886,5.);
#7712=CYLINDRICAL_SURFACE('',#8889,0.499999999999998);
#7713=CYLINDRICAL_SURFACE('',#8892,0.499999999999998);
#7714=CYLINDRICAL_SURFACE('',#8895,0.500000000000003);
#7715=CYLINDRICAL_SURFACE('',#8898,5.);
#7716=CYLINDRICAL_SURFACE('',#8901,5.);
#7717=CYLINDRICAL_SURFACE('',#8904,0.500000000000007);
#7718=CYLINDRICAL_SURFACE('',#8907,0.499999999999998);
#7719=CYLINDRICAL_SURFACE('',#8910,0.499999999999989);
#7720=CYLINDRICAL_SURFACE('',#8913,5.);
#7721=CYLINDRICAL_SURFACE('',#8916,0.499999999999998);
#7722=CYLINDRICAL_SURFACE('',#8919,0.500000000000007);
#7723=CYLINDRICAL_SURFACE('',#8922,0.500000000000003);
#7724=CYLINDRICAL_SURFACE('',#8925,5.);
#7725=ADVANCED_FACE('',(#296),#7523,.T.);
#7726=ADVANCED_FACE('',(#297),#99,.T.);
#7727=ADVANCED_FACE('',(#298,#15,#16,#17,#18,#19,#20,#21,#22,#23,#24,#25,
#26,#27,#28,#29,#30,#31,#32,#33,#34,#35,#36,#37,#38,#39,#40,#41,#42,#43,
#44,#45,#46,#47,#48,#49,#50,#51,#52,#53,#54,#55,#56),#100,.T.);
#7728=ADVANCED_FACE('',(#299),#7524,.T.);
#7729=ADVANCED_FACE('',(#300),#101,.T.);
#7730=ADVANCED_FACE('',(#301),#7525,.T.);
#7731=ADVANCED_FACE('',(#302),#102,.T.);
#7732=ADVANCED_FACE('',(#303),#7526,.T.);
#7733=ADVANCED_FACE('',(#304),#103,.T.);
#7734=ADVANCED_FACE('',(#305),#7527,.F.);
#7735=ADVANCED_FACE('',(#306),#104,.T.);
#7736=ADVANCED_FACE('',(#307),#7528,.F.);
#7737=ADVANCED_FACE('',(#308),#105,.T.);
#7738=ADVANCED_FACE('',(#309),#7529,.F.);
#7739=ADVANCED_FACE('',(#310),#106,.T.);
#7740=ADVANCED_FACE('',(#311),#7530,.F.);
#7741=ADVANCED_FACE('',(#312),#7531,.F.);
#7742=ADVANCED_FACE('',(#313),#107,.T.);
#7743=ADVANCED_FACE('',(#314),#7532,.F.);
#7744=ADVANCED_FACE('',(#315),#108,.T.);
#7745=ADVANCED_FACE('',(#316),#7533,.F.);
#7746=ADVANCED_FACE('',(#317),#109,.T.);
#7747=ADVANCED_FACE('',(#318),#7534,.F.);
#7748=ADVANCED_FACE('',(#319),#110,.T.);
#7749=ADVANCED_FACE('',(#320),#111,.T.);
#7750=ADVANCED_FACE('',(#321),#7535,.F.);
#7751=ADVANCED_FACE('',(#322),#112,.T.);
#7752=ADVANCED_FACE('',(#323),#7536,.F.);
#7753=ADVANCED_FACE('',(#324),#113,.T.);
#7754=ADVANCED_FACE('',(#325),#7537,.F.);
#7755=ADVANCED_FACE('',(#326),#114,.T.);
#7756=ADVANCED_FACE('',(#327),#7538,.F.);
#7757=ADVANCED_FACE('',(#328),#115,.T.);
#7758=ADVANCED_FACE('',(#329),#7539,.F.);
#7759=ADVANCED_FACE('',(#330),#116,.T.);
#7760=ADVANCED_FACE('',(#331),#7540,.F.);
#7761=ADVANCED_FACE('',(#332),#117,.T.);
#7762=ADVANCED_FACE('',(#333),#7541,.F.);
#7763=ADVANCED_FACE('',(#334),#118,.T.);
#7764=ADVANCED_FACE('',(#335),#7542,.F.);
#7765=ADVANCED_FACE('',(#336),#119,.T.);
#7766=ADVANCED_FACE('',(#337),#7543,.F.);
#7767=ADVANCED_FACE('',(#338),#120,.T.);
#7768=ADVANCED_FACE('',(#339),#7544,.F.);
#7769=ADVANCED_FACE('',(#340),#121,.T.);
#7770=ADVANCED_FACE('',(#341),#7545,.F.);
#7771=ADVANCED_FACE('',(#342),#122,.T.);
#7772=ADVANCED_FACE('',(#343),#7546,.F.);
#7773=ADVANCED_FACE('',(#344),#123,.T.);
#7774=ADVANCED_FACE('',(#345),#7547,.F.);
#7775=ADVANCED_FACE('',(#346),#124,.T.);
#7776=ADVANCED_FACE('',(#347),#7548,.F.);
#7777=ADVANCED_FACE('',(#348),#125,.T.);
#7778=ADVANCED_FACE('',(#349),#7549,.F.);
#7779=ADVANCED_FACE('',(#350),#126,.T.);
#7780=ADVANCED_FACE('',(#351),#7550,.F.);
#7781=ADVANCED_FACE('',(#352),#127,.T.);
#7782=ADVANCED_FACE('',(#353),#7551,.F.);
#7783=ADVANCED_FACE('',(#354),#128,.T.);
#7784=ADVANCED_FACE('',(#355),#7552,.F.);
#7785=ADVANCED_FACE('',(#356),#129,.T.);
#7786=ADVANCED_FACE('',(#357),#7553,.F.);
#7787=ADVANCED_FACE('',(#358),#130,.T.);
#7788=ADVANCED_FACE('',(#359),#7554,.F.);
#7789=ADVANCED_FACE('',(#360),#131,.T.);
#7790=ADVANCED_FACE('',(#361),#7555,.F.);
#7791=ADVANCED_FACE('',(#362),#132,.T.);
#7792=ADVANCED_FACE('',(#363),#7556,.F.);
#7793=ADVANCED_FACE('',(#364),#133,.T.);
#7794=ADVANCED_FACE('',(#365),#7557,.F.);
#7795=ADVANCED_FACE('',(#366),#134,.T.);
#7796=ADVANCED_FACE('',(#367),#7558,.F.);
#7797=ADVANCED_FACE('',(#368),#135,.T.);
#7798=ADVANCED_FACE('',(#369),#7559,.F.);
#7799=ADVANCED_FACE('',(#370),#136,.T.);
#7800=ADVANCED_FACE('',(#371),#7560,.F.);
#7801=ADVANCED_FACE('',(#372),#137,.T.);
#7802=ADVANCED_FACE('',(#373),#7561,.F.);
#7803=ADVANCED_FACE('',(#374),#138,.T.);
#7804=ADVANCED_FACE('',(#375),#7562,.F.);
#7805=ADVANCED_FACE('',(#376),#7563,.F.);
#7806=ADVANCED_FACE('',(#377),#139,.T.);
#7807=ADVANCED_FACE('',(#378),#7564,.F.);
#7808=ADVANCED_FACE('',(#379),#140,.T.);
#7809=ADVANCED_FACE('',(#380),#7565,.F.);
#7810=ADVANCED_FACE('',(#381),#141,.T.);
#7811=ADVANCED_FACE('',(#382),#7566,.F.);
#7812=ADVANCED_FACE('',(#383),#142,.T.);
#7813=ADVANCED_FACE('',(#384),#7567,.F.);
#7814=ADVANCED_FACE('',(#385),#143,.T.);
#7815=ADVANCED_FACE('',(#386),#7568,.F.);
#7816=ADVANCED_FACE('',(#387),#144,.T.);
#7817=ADVANCED_FACE('',(#388),#7569,.F.);
#7818=ADVANCED_FACE('',(#389),#145,.T.);
#7819=ADVANCED_FACE('',(#390),#7570,.F.);
#7820=ADVANCED_FACE('',(#391),#146,.T.);
#7821=ADVANCED_FACE('',(#392),#7571,.F.);
#7822=ADVANCED_FACE('',(#393),#147,.T.);
#7823=ADVANCED_FACE('',(#394),#7572,.F.);
#7824=ADVANCED_FACE('',(#395),#148,.T.);
#7825=ADVANCED_FACE('',(#396),#7573,.F.);
#7826=ADVANCED_FACE('',(#397),#149,.T.);
#7827=ADVANCED_FACE('',(#398),#7574,.F.);
#7828=ADVANCED_FACE('',(#399),#150,.T.);
#7829=ADVANCED_FACE('',(#400),#7575,.F.);
#7830=ADVANCED_FACE('',(#401),#7576,.F.);
#7831=ADVANCED_FACE('',(#402),#151,.T.);
#7832=ADVANCED_FACE('',(#403),#7577,.F.);
#7833=ADVANCED_FACE('',(#404),#152,.T.);
#7834=ADVANCED_FACE('',(#405),#7578,.F.);
#7835=ADVANCED_FACE('',(#406),#153,.T.);
#7836=ADVANCED_FACE('',(#407),#7579,.F.);
#7837=ADVANCED_FACE('',(#408),#154,.T.);
#7838=ADVANCED_FACE('',(#409),#7580,.F.);
#7839=ADVANCED_FACE('',(#410),#155,.T.);
#7840=ADVANCED_FACE('',(#411),#7581,.F.);
#7841=ADVANCED_FACE('',(#412),#156,.T.);
#7842=ADVANCED_FACE('',(#413),#7582,.F.);
#7843=ADVANCED_FACE('',(#414),#157,.T.);
#7844=ADVANCED_FACE('',(#415),#7583,.F.);
#7845=ADVANCED_FACE('',(#416),#158,.T.);
#7846=ADVANCED_FACE('',(#417),#7584,.F.);
#7847=ADVANCED_FACE('',(#418),#159,.T.);
#7848=ADVANCED_FACE('',(#419),#7585,.F.);
#7849=ADVANCED_FACE('',(#420),#160,.T.);
#7850=ADVANCED_FACE('',(#421),#7586,.F.);
#7851=ADVANCED_FACE('',(#422),#161,.T.);
#7852=ADVANCED_FACE('',(#423),#7587,.F.);
#7853=ADVANCED_FACE('',(#424),#162,.T.);
#7854=ADVANCED_FACE('',(#425),#7588,.F.);
#7855=ADVANCED_FACE('',(#426),#163,.T.);
#7856=ADVANCED_FACE('',(#427),#7589,.F.);
#7857=ADVANCED_FACE('',(#428),#164,.T.);
#7858=ADVANCED_FACE('',(#429),#7590,.F.);
#7859=ADVANCED_FACE('',(#430),#165,.T.);
#7860=ADVANCED_FACE('',(#431),#7591,.F.);
#7861=ADVANCED_FACE('',(#432),#166,.T.);
#7862=ADVANCED_FACE('',(#433),#7592,.F.);
#7863=ADVANCED_FACE('',(#434),#167,.T.);
#7864=ADVANCED_FACE('',(#435),#7593,.F.);
#7865=ADVANCED_FACE('',(#436),#168,.T.);
#7866=ADVANCED_FACE('',(#437),#7594,.F.);
#7867=ADVANCED_FACE('',(#438),#169,.T.);
#7868=ADVANCED_FACE('',(#439),#7595,.F.);
#7869=ADVANCED_FACE('',(#440),#170,.T.);
#7870=ADVANCED_FACE('',(#441),#7596,.F.);
#7871=ADVANCED_FACE('',(#442),#7597,.F.);
#7872=ADVANCED_FACE('',(#443),#7598,.F.);
#7873=ADVANCED_FACE('',(#444),#171,.T.);
#7874=ADVANCED_FACE('',(#445),#7599,.F.);
#7875=ADVANCED_FACE('',(#446),#172,.T.);
#7876=ADVANCED_FACE('',(#447),#7600,.F.);
#7877=ADVANCED_FACE('',(#448),#173,.T.);
#7878=ADVANCED_FACE('',(#449),#7601,.F.);
#7879=ADVANCED_FACE('',(#450),#174,.T.);
#7880=ADVANCED_FACE('',(#451),#7602,.F.);
#7881=ADVANCED_FACE('',(#452),#175,.T.);
#7882=ADVANCED_FACE('',(#453),#7603,.F.);
#7883=ADVANCED_FACE('',(#454),#176,.T.);
#7884=ADVANCED_FACE('',(#455),#7604,.F.);
#7885=ADVANCED_FACE('',(#456),#177,.T.);
#7886=ADVANCED_FACE('',(#457),#7605,.F.);
#7887=ADVANCED_FACE('',(#458),#178,.T.);
#7888=ADVANCED_FACE('',(#459),#7606,.F.);
#7889=ADVANCED_FACE('',(#460),#179,.T.);
#7890=ADVANCED_FACE('',(#461),#7607,.F.);
#7891=ADVANCED_FACE('',(#462),#180,.T.);
#7892=ADVANCED_FACE('',(#463),#7608,.F.);
#7893=ADVANCED_FACE('',(#464),#181,.T.);
#7894=ADVANCED_FACE('',(#465),#7609,.F.);
#7895=ADVANCED_FACE('',(#466),#182,.T.);
#7896=ADVANCED_FACE('',(#467),#7610,.F.);
#7897=ADVANCED_FACE('',(#468),#183,.T.);
#7898=ADVANCED_FACE('',(#469),#7611,.F.);
#7899=ADVANCED_FACE('',(#470),#184,.T.);
#7900=ADVANCED_FACE('',(#471),#7612,.F.);
#7901=ADVANCED_FACE('',(#472),#185,.T.);
#7902=ADVANCED_FACE('',(#473),#7613,.F.);
#7903=ADVANCED_FACE('',(#474),#186,.T.);
#7904=ADVANCED_FACE('',(#475),#7614,.F.);
#7905=ADVANCED_FACE('',(#476),#187,.T.);
#7906=ADVANCED_FACE('',(#477),#7615,.F.);
#7907=ADVANCED_FACE('',(#478),#188,.T.);
#7908=ADVANCED_FACE('',(#479),#7616,.F.);
#7909=ADVANCED_FACE('',(#480),#189,.T.);
#7910=ADVANCED_FACE('',(#481),#7617,.F.);
#7911=ADVANCED_FACE('',(#482),#190,.T.);
#7912=ADVANCED_FACE('',(#483),#7618,.F.);
#7913=ADVANCED_FACE('',(#484),#7619,.F.);
#7914=ADVANCED_FACE('',(#485),#191,.T.);
#7915=ADVANCED_FACE('',(#486),#7620,.F.);
#7916=ADVANCED_FACE('',(#487),#192,.T.);
#7917=ADVANCED_FACE('',(#488),#7621,.F.);
#7918=ADVANCED_FACE('',(#489),#193,.T.);
#7919=ADVANCED_FACE('',(#490),#7622,.F.);
#7920=ADVANCED_FACE('',(#491),#194,.T.);
#7921=ADVANCED_FACE('',(#492),#7623,.F.);
#7922=ADVANCED_FACE('',(#493),#195,.T.);
#7923=ADVANCED_FACE('',(#494),#7624,.F.);
#7924=ADVANCED_FACE('',(#495),#196,.T.);
#7925=ADVANCED_FACE('',(#496),#7625,.F.);
#7926=ADVANCED_FACE('',(#497),#197,.T.);
#7927=ADVANCED_FACE('',(#498),#7626,.F.);
#7928=ADVANCED_FACE('',(#499),#198,.T.);
#7929=ADVANCED_FACE('',(#500),#7627,.F.);
#7930=ADVANCED_FACE('',(#501),#7628,.F.);
#7931=ADVANCED_FACE('',(#502),#199,.T.);
#7932=ADVANCED_FACE('',(#503),#7629,.F.);
#7933=ADVANCED_FACE('',(#504),#200,.T.);
#7934=ADVANCED_FACE('',(#505),#7630,.F.);
#7935=ADVANCED_FACE('',(#506),#201,.T.);
#7936=ADVANCED_FACE('',(#507),#7631,.F.);
#7937=ADVANCED_FACE('',(#508),#202,.T.);
#7938=ADVANCED_FACE('',(#509),#7632,.F.);
#7939=ADVANCED_FACE('',(#510),#203,.T.);
#7940=ADVANCED_FACE('',(#511),#7633,.F.);
#7941=ADVANCED_FACE('',(#512),#204,.T.);
#7942=ADVANCED_FACE('',(#513),#7634,.F.);
#7943=ADVANCED_FACE('',(#514),#205,.T.);
#7944=ADVANCED_FACE('',(#515),#7635,.F.);
#7945=ADVANCED_FACE('',(#516),#206,.T.);
#7946=ADVANCED_FACE('',(#517),#7636,.F.);
#7947=ADVANCED_FACE('',(#518),#207,.T.);
#7948=ADVANCED_FACE('',(#519),#7637,.F.);
#7949=ADVANCED_FACE('',(#520),#208,.T.);
#7950=ADVANCED_FACE('',(#521),#7638,.F.);
#7951=ADVANCED_FACE('',(#522),#209,.T.);
#7952=ADVANCED_FACE('',(#523),#7639,.F.);
#7953=ADVANCED_FACE('',(#524),#210,.T.);
#7954=ADVANCED_FACE('',(#525),#7640,.F.);
#7955=ADVANCED_FACE('',(#526),#211,.T.);
#7956=ADVANCED_FACE('',(#527),#7641,.F.);
#7957=ADVANCED_FACE('',(#528),#212,.T.);
#7958=ADVANCED_FACE('',(#529),#7642,.F.);
#7959=ADVANCED_FACE('',(#530),#213,.T.);
#7960=ADVANCED_FACE('',(#531),#7643,.F.);
#7961=ADVANCED_FACE('',(#532),#214,.T.);
#7962=ADVANCED_FACE('',(#533),#7644,.F.);
#7963=ADVANCED_FACE('',(#534),#215,.T.);
#7964=ADVANCED_FACE('',(#535),#7645,.F.);
#7965=ADVANCED_FACE('',(#536),#216,.T.);
#7966=ADVANCED_FACE('',(#537),#7646,.F.);
#7967=ADVANCED_FACE('',(#538),#217,.T.);
#7968=ADVANCED_FACE('',(#539),#7647,.F.);
#7969=ADVANCED_FACE('',(#540),#218,.T.);
#7970=ADVANCED_FACE('',(#541),#7648,.F.);
#7971=ADVANCED_FACE('',(#542),#219,.T.);
#7972=ADVANCED_FACE('',(#543),#7649,.F.);
#7973=ADVANCED_FACE('',(#544),#220,.T.);
#7974=ADVANCED_FACE('',(#545),#7650,.F.);
#7975=ADVANCED_FACE('',(#546),#221,.T.);
#7976=ADVANCED_FACE('',(#547),#7651,.F.);
#7977=ADVANCED_FACE('',(#548),#222,.T.);
#7978=ADVANCED_FACE('',(#549),#7652,.F.);
#7979=ADVANCED_FACE('',(#550),#7653,.F.);
#7980=ADVANCED_FACE('',(#551),#223,.T.);
#7981=ADVANCED_FACE('',(#552),#7654,.F.);
#7982=ADVANCED_FACE('',(#553),#224,.T.);
#7983=ADVANCED_FACE('',(#554),#7655,.F.);
#7984=ADVANCED_FACE('',(#555),#225,.T.);
#7985=ADVANCED_FACE('',(#556),#7656,.F.);
#7986=ADVANCED_FACE('',(#557),#226,.T.);
#7987=ADVANCED_FACE('',(#558),#7657,.F.);
#7988=ADVANCED_FACE('',(#559),#227,.T.);
#7989=ADVANCED_FACE('',(#560),#7658,.F.);
#7990=ADVANCED_FACE('',(#561),#228,.T.);
#7991=ADVANCED_FACE('',(#562),#7659,.F.);
#7992=ADVANCED_FACE('',(#563),#229,.T.);
#7993=ADVANCED_FACE('',(#564),#7660,.F.);
#7994=ADVANCED_FACE('',(#565),#230,.T.);
#7995=ADVANCED_FACE('',(#566),#7661,.F.);
#7996=ADVANCED_FACE('',(#567),#231,.T.);
#7997=ADVANCED_FACE('',(#568),#7662,.F.);
#7998=ADVANCED_FACE('',(#569),#232,.T.);
#7999=ADVANCED_FACE('',(#570),#7663,.F.);
#8000=ADVANCED_FACE('',(#571),#233,.T.);
#8001=ADVANCED_FACE('',(#572),#7664,.F.);
#8002=ADVANCED_FACE('',(#573),#234,.T.);
#8003=ADVANCED_FACE('',(#574),#7665,.F.);
#8004=ADVANCED_FACE('',(#575),#235,.T.);
#8005=ADVANCED_FACE('',(#576),#7666,.F.);
#8006=ADVANCED_FACE('',(#577),#236,.T.);
#8007=ADVANCED_FACE('',(#578),#7667,.F.);
#8008=ADVANCED_FACE('',(#579),#237,.T.);
#8009=ADVANCED_FACE('',(#580),#7668,.F.);
#8010=ADVANCED_FACE('',(#581),#238,.T.);
#8011=ADVANCED_FACE('',(#582),#7669,.F.);
#8012=ADVANCED_FACE('',(#583),#239,.T.);
#8013=ADVANCED_FACE('',(#584),#7670,.F.);
#8014=ADVANCED_FACE('',(#585),#240,.T.);
#8015=ADVANCED_FACE('',(#586),#7671,.F.);
#8016=ADVANCED_FACE('',(#587),#241,.T.);
#8017=ADVANCED_FACE('',(#588),#7672,.F.);
#8018=ADVANCED_FACE('',(#589),#242,.T.);
#8019=ADVANCED_FACE('',(#590),#7673,.F.);
#8020=ADVANCED_FACE('',(#591),#7674,.F.);
#8021=ADVANCED_FACE('',(#592),#243,.T.);
#8022=ADVANCED_FACE('',(#593),#7675,.F.);
#8023=ADVANCED_FACE('',(#594),#244,.T.);
#8024=ADVANCED_FACE('',(#595),#7676,.F.);
#8025=ADVANCED_FACE('',(#596),#245,.T.);
#8026=ADVANCED_FACE('',(#597),#7677,.F.);
#8027=ADVANCED_FACE('',(#598),#246,.T.);
#8028=ADVANCED_FACE('',(#599),#7678,.F.);
#8029=ADVANCED_FACE('',(#600),#247,.T.);
#8030=ADVANCED_FACE('',(#601),#7679,.F.);
#8031=ADVANCED_FACE('',(#602),#248,.T.);
#8032=ADVANCED_FACE('',(#603),#7680,.F.);
#8033=ADVANCED_FACE('',(#604),#249,.T.);
#8034=ADVANCED_FACE('',(#605),#7681,.F.);
#8035=ADVANCED_FACE('',(#606),#250,.T.);
#8036=ADVANCED_FACE('',(#607),#7682,.F.);
#8037=ADVANCED_FACE('',(#608),#251,.T.);
#8038=ADVANCED_FACE('',(#609),#7683,.F.);
#8039=ADVANCED_FACE('',(#610),#252,.T.);
#8040=ADVANCED_FACE('',(#611),#7684,.F.);
#8041=ADVANCED_FACE('',(#612),#253,.T.);
#8042=ADVANCED_FACE('',(#613),#7685,.F.);
#8043=ADVANCED_FACE('',(#614),#254,.T.);
#8044=ADVANCED_FACE('',(#615),#7686,.F.);
#8045=ADVANCED_FACE('',(#616),#255,.T.);
#8046=ADVANCED_FACE('',(#617),#7687,.F.);
#8047=ADVANCED_FACE('',(#618),#256,.T.);
#8048=ADVANCED_FACE('',(#619),#7688,.F.);
#8049=ADVANCED_FACE('',(#620),#257,.T.);
#8050=ADVANCED_FACE('',(#621),#258,.T.);
#8051=ADVANCED_FACE('',(#622),#7689,.F.);
#8052=ADVANCED_FACE('',(#623),#259,.T.);
#8053=ADVANCED_FACE('',(#624),#7690,.F.);
#8054=ADVANCED_FACE('',(#625),#260,.T.);
#8055=ADVANCED_FACE('',(#626),#7691,.F.);
#8056=ADVANCED_FACE('',(#627),#261,.T.);
#8057=ADVANCED_FACE('',(#628),#7692,.F.);
#8058=ADVANCED_FACE('',(#629),#262,.T.);
#8059=ADVANCED_FACE('',(#630),#7693,.F.);
#8060=ADVANCED_FACE('',(#631),#263,.T.);
#8061=ADVANCED_FACE('',(#632),#7694,.F.);
#8062=ADVANCED_FACE('',(#633),#264,.T.);
#8063=ADVANCED_FACE('',(#634),#7695,.F.);
#8064=ADVANCED_FACE('',(#635),#265,.T.);
#8065=ADVANCED_FACE('',(#636),#7696,.F.);
#8066=ADVANCED_FACE('',(#637),#266,.T.);
#8067=ADVANCED_FACE('',(#638),#7697,.F.);
#8068=ADVANCED_FACE('',(#639),#267,.T.);
#8069=ADVANCED_FACE('',(#640),#7698,.F.);
#8070=ADVANCED_FACE('',(#641),#268,.T.);
#8071=ADVANCED_FACE('',(#642),#7699,.F.);
#8072=ADVANCED_FACE('',(#643),#269,.T.);
#8073=ADVANCED_FACE('',(#644),#7700,.F.);
#8074=ADVANCED_FACE('',(#645),#270,.T.);
#8075=ADVANCED_FACE('',(#646),#7701,.F.);
#8076=ADVANCED_FACE('',(#647),#271,.T.);
#8077=ADVANCED_FACE('',(#648),#7702,.F.);
#8078=ADVANCED_FACE('',(#649),#272,.T.);
#8079=ADVANCED_FACE('',(#650),#7703,.F.);
#8080=ADVANCED_FACE('',(#651),#273,.T.);
#8081=ADVANCED_FACE('',(#652),#7704,.F.);
#8082=ADVANCED_FACE('',(#653),#274,.T.);
#8083=ADVANCED_FACE('',(#654),#7705,.F.);
#8084=ADVANCED_FACE('',(#655),#275,.T.);
#8085=ADVANCED_FACE('',(#656),#7706,.F.);
#8086=ADVANCED_FACE('',(#657),#276,.T.);
#8087=ADVANCED_FACE('',(#658),#7707,.F.);
#8088=ADVANCED_FACE('',(#659),#277,.T.);
#8089=ADVANCED_FACE('',(#660),#7708,.F.);
#8090=ADVANCED_FACE('',(#661),#278,.T.);
#8091=ADVANCED_FACE('',(#662),#7709,.F.);
#8092=ADVANCED_FACE('',(#663),#279,.T.);
#8093=ADVANCED_FACE('',(#664),#7710,.F.);
#8094=ADVANCED_FACE('',(#665),#280,.T.);
#8095=ADVANCED_FACE('',(#666),#7711,.F.);
#8096=ADVANCED_FACE('',(#667),#281,.T.);
#8097=ADVANCED_FACE('',(#668),#7712,.F.);
#8098=ADVANCED_FACE('',(#669),#282,.T.);
#8099=ADVANCED_FACE('',(#670),#7713,.F.);
#8100=ADVANCED_FACE('',(#671),#283,.T.);
#8101=ADVANCED_FACE('',(#672),#7714,.F.);
#8102=ADVANCED_FACE('',(#673),#284,.T.);
#8103=ADVANCED_FACE('',(#674),#7715,.F.);
#8104=ADVANCED_FACE('',(#675),#285,.T.);
#8105=ADVANCED_FACE('',(#676),#7716,.F.);
#8106=ADVANCED_FACE('',(#677),#286,.T.);
#8107=ADVANCED_FACE('',(#678),#7717,.F.);
#8108=ADVANCED_FACE('',(#679),#287,.T.);
#8109=ADVANCED_FACE('',(#680),#7718,.F.);
#8110=ADVANCED_FACE('',(#681),#288,.T.);
#8111=ADVANCED_FACE('',(#682),#7719,.F.);
#8112=ADVANCED_FACE('',(#683),#289,.T.);
#8113=ADVANCED_FACE('',(#684),#7720,.F.);
#8114=ADVANCED_FACE('',(#685),#290,.T.);
#8115=ADVANCED_FACE('',(#686),#7721,.F.);
#8116=ADVANCED_FACE('',(#687),#291,.T.);
#8117=ADVANCED_FACE('',(#688),#7722,.F.);
#8118=ADVANCED_FACE('',(#689),#292,.T.);
#8119=ADVANCED_FACE('',(#690),#7723,.F.);
#8120=ADVANCED_FACE('',(#691),#293,.T.);
#8121=ADVANCED_FACE('',(#692),#7724,.F.);
#8122=ADVANCED_FACE('',(#693),#294,.T.);
#8123=ADVANCED_FACE('',(#694,#57,#58,#59,#60,#61,#62,#63,#64,#65,#66,#67,
#68,#69,#70,#71,#72,#73,#74,#75,#76,#77,#78,#79,#80,#81,#82,#83,#84,#85,
#86,#87,#88,#89,#90,#91,#92,#93,#94,#95,#96,#97,#98),#295,.F.);
#8124=CLOSED_SHELL('',(#7725,#7726,#7727,#7728,#7729,#7730,#7731,#7732,
#7733,#7734,#7735,#7736,#7737,#7738,#7739,#7740,#7741,#7742,#7743,#7744,
#7745,#7746,#7747,#7748,#7749,#7750,#7751,#7752,#7753,#7754,#7755,#7756,
#7757,#7758,#7759,#7760,#7761,#7762,#7763,#7764,#7765,#7766,#7767,#7768,
#7769,#7770,#7771,#7772,#7773,#7774,#7775,#7776,#7777,#7778,#7779,#7780,
#7781,#7782,#7783,#7784,#7785,#7786,#7787,#7788,#7789,#7790,#7791,#7792,
#7793,#7794,#7795,#7796,#7797,#7798,#7799,#7800,#7801,#7802,#7803,#7804,
#7805,#7806,#7807,#7808,#7809,#7810,#7811,#7812,#7813,#7814,#7815,#7816,
#7817,#7818,#7819,#7820,#7821,#7822,#7823,#7824,#7825,#7826,#7827,#7828,
#7829,#7830,#7831,#7832,#7833,#7834,#7835,#7836,#7837,#7838,#7839,#7840,
#7841,#7842,#7843,#7844,#7845,#7846,#7847,#7848,#7849,#7850,#7851,#7852,
#7853,#7854,#7855,#7856,#7857,#7858,#7859,#7860,#7861,#7862,#7863,#7864,
#7865,#7866,#7867,#7868,#7869,#7870,#7871,#7872,#7873,#7874,#7875,#7876,
#7877,#7878,#7879,#7880,#7881,#7882,#7883,#7884,#7885,#7886,#7887,#7888,
#7889,#7890,#7891,#7892,#7893,#7894,#7895,#7896,#7897,#7898,#7899,#7900,
#7901,#7902,#7903,#7904,#7905,#7906,#7907,#7908,#7909,#7910,#7911,#7912,
#7913,#7914,#7915,#7916,#7917,#7918,#7919,#7920,#7921,#7922,#7923,#7924,
#7925,#7926,#7927,#7928,#7929,#7930,#7931,#7932,#7933,#7934,#7935,#7936,
#7937,#7938,#7939,#7940,#7941,#7942,#7943,#7944,#7945,#7946,#7947,#7948,
#7949,#7950,#7951,#7952,#7953,#7954,#7955,#7956,#7957,#7958,#7959,#7960,
#7961,#7962,#7963,#7964,#7965,#7966,#7967,#7968,#7969,#7970,#7971,#7972,
#7973,#7974,#7975,#7976,#7977,#7978,#7979,#7980,#7981,#7982,#7983,#7984,
#7985,#7986,#7987,#7988,#7989,#7990,#7991,#7992,#7993,#7994,#7995,#7996,
#7997,#7998,#7999,#8000,#8001,#8002,#8003,#8004,#8005,#8006,#8007,#8008,
#8009,#8010,#8011,#8012,#8013,#8014,#8015,#8016,#8017,#8018,#8019,#8020,
#8021,#8022,#8023,#8024,#8025,#8026,#8027,#8028,#8029,#8030,#8031,#8032,
#8033,#8034,#8035,#8036,#8037,#8038,#8039,#8040,#8041,#8042,#8043,#8044,
#8045,#8046,#8047,#8048,#8049,#8050,#8051,#8052,#8053,#8054,#8055,#8056,
#8057,#8058,#8059,#8060,#8061,#8062,#8063,#8064,#8065,#8066,#8067,#8068,
#8069,#8070,#8071,#8072,#8073,#8074,#8075,#8076,#8077,#8078,#8079,#8080,
#8081,#8082,#8083,#8084,#8085,#8086,#8087,#8088,#8089,#8090,#8091,#8092,
#8093,#8094,#8095,#8096,#8097,#8098,#8099,#8100,#8101,#8102,#8103,#8104,
#8105,#8106,#8107,#8108,#8109,#8110,#8111,#8112,#8113,#8114,#8115,#8116,
#8117,#8118,#8119,#8120,#8121,#8122,#8123));
#8125=AXIS2_PLACEMENT_3D('',#11324,#8929,#8930);
#8126=AXIS2_PLACEMENT_3D('',#11325,#8931,#8932);
#8127=AXIS2_PLACEMENT_3D('',#11328,#8933,#8934);
#8128=AXIS2_PLACEMENT_3D('',#11332,#8936,#8937);
#8129=AXIS2_PLACEMENT_3D('',#11334,#8939,#8940);
#8130=AXIS2_PLACEMENT_3D('',#11340,#8944,#8945);
#8131=AXIS2_PLACEMENT_3D('',#11344,#8947,#8948);
#8132=AXIS2_PLACEMENT_3D('',#11348,#8950,#8951);
#8133=AXIS2_PLACEMENT_3D('',#11352,#8953,#8954);
#8134=AXIS2_PLACEMENT_3D('',#11356,#8956,#8957);
#8135=AXIS2_PLACEMENT_3D('',#11360,#8959,#8960);
#8136=AXIS2_PLACEMENT_3D('',#11364,#8962,#8963);
#8137=AXIS2_PLACEMENT_3D('',#11368,#8965,#8966);
#8138=AXIS2_PLACEMENT_3D('',#11372,#8968,#8969);
#8139=AXIS2_PLACEMENT_3D('',#11376,#8971,#8972);
#8140=AXIS2_PLACEMENT_3D('',#11380,#8974,#8975);
#8141=AXIS2_PLACEMENT_3D('',#11384,#8977,#8978);
#8142=AXIS2_PLACEMENT_3D('',#11388,#8980,#8981);
#8143=AXIS2_PLACEMENT_3D('',#11392,#8983,#8984);
#8144=AXIS2_PLACEMENT_3D('',#11396,#8986,#8987);
#8145=AXIS2_PLACEMENT_3D('',#11400,#8989,#8990);
#8146=AXIS2_PLACEMENT_3D('',#11404,#8992,#8993);
#8147=AXIS2_PLACEMENT_3D('',#11408,#8995,#8996);
#8148=AXIS2_PLACEMENT_3D('',#11412,#8998,#8999);
#8149=AXIS2_PLACEMENT_3D('',#11416,#9001,#9002);
#8150=AXIS2_PLACEMENT_3D('',#11420,#9004,#9005);
#8151=AXIS2_PLACEMENT_3D('',#11424,#9007,#9008);
#8152=AXIS2_PLACEMENT_3D('',#11428,#9010,#9011);
#8153=AXIS2_PLACEMENT_3D('',#11432,#9013,#9014);
#8154=AXIS2_PLACEMENT_3D('',#11436,#9016,#9017);
#8155=AXIS2_PLACEMENT_3D('',#11440,#9019,#9020);
#8156=AXIS2_PLACEMENT_3D('',#11444,#9022,#9023);
#8157=AXIS2_PLACEMENT_3D('',#11448,#9025,#9026);
#8158=AXIS2_PLACEMENT_3D('',#11452,#9028,#9029);
#8159=AXIS2_PLACEMENT_3D('',#11456,#9031,#9032);
#8160=AXIS2_PLACEMENT_3D('',#11460,#9034,#9035);
#8161=AXIS2_PLACEMENT_3D('',#11464,#9037,#9038);
#8162=AXIS2_PLACEMENT_3D('',#11468,#9040,#9041);
#8163=AXIS2_PLACEMENT_3D('',#11472,#9043,#9044);
#8164=AXIS2_PLACEMENT_3D('',#11476,#9046,#9047);
#8165=AXIS2_PLACEMENT_3D('',#11480,#9049,#9050);
#8166=AXIS2_PLACEMENT_3D('',#11484,#9052,#9053);
#8167=AXIS2_PLACEMENT_3D('',#11488,#9055,#9056);
#8168=AXIS2_PLACEMENT_3D('',#11492,#9058,#9059);
#8169=AXIS2_PLACEMENT_3D('',#11496,#9061,#9062);
#8170=AXIS2_PLACEMENT_3D('',#11500,#9064,#9065);
#8171=AXIS2_PLACEMENT_3D('',#11504,#9067,#9068);
#8172=AXIS2_PLACEMENT_3D('',#11508,#9070,#9071);
#8173=AXIS2_PLACEMENT_3D('',#11512,#9073,#9074);
#8174=AXIS2_PLACEMENT_3D('',#11516,#9076,#9077);
#8175=AXIS2_PLACEMENT_3D('',#11520,#9079,#9080);
#8176=AXIS2_PLACEMENT_3D('',#11524,#9082,#9083);
#8177=AXIS2_PLACEMENT_3D('',#11528,#9085,#9086);
#8178=AXIS2_PLACEMENT_3D('',#11532,#9088,#9089);
#8179=AXIS2_PLACEMENT_3D('',#11536,#9091,#9092);
#8180=AXIS2_PLACEMENT_3D('',#11540,#9094,#9095);
#8181=AXIS2_PLACEMENT_3D('',#11544,#9097,#9098);
#8182=AXIS2_PLACEMENT_3D('',#11548,#9100,#9101);
#8183=AXIS2_PLACEMENT_3D('',#11552,#9103,#9104);
#8184=AXIS2_PLACEMENT_3D('',#11555,#9106,#9107);
#8185=AXIS2_PLACEMENT_3D('',#11558,#9108,#9109);
#8186=AXIS2_PLACEMENT_3D('',#11562,#9111,#9112);
#8187=AXIS2_PLACEMENT_3D('',#11566,#9114,#9115);
#8188=AXIS2_PLACEMENT_3D('',#11570,#9117,#9118);
#8189=AXIS2_PLACEMENT_3D('',#11574,#9120,#9121);
#8190=AXIS2_PLACEMENT_3D('',#11578,#9123,#9124);
#8191=AXIS2_PLACEMENT_3D('',#11582,#9126,#9127);
#8192=AXIS2_PLACEMENT_3D('',#11586,#9129,#9130);
#8193=AXIS2_PLACEMENT_3D('',#11590,#9132,#9133);
#8194=AXIS2_PLACEMENT_3D('',#11594,#9135,#9136);
#8195=AXIS2_PLACEMENT_3D('',#11598,#9138,#9139);
#8196=AXIS2_PLACEMENT_3D('',#11602,#9141,#9142);
#8197=AXIS2_PLACEMENT_3D('',#11606,#9144,#9145);
#8198=AXIS2_PLACEMENT_3D('',#11610,#9147,#9148);
#8199=AXIS2_PLACEMENT_3D('',#11614,#9150,#9151);
#8200=AXIS2_PLACEMENT_3D('',#11618,#9153,#9154);
#8201=AXIS2_PLACEMENT_3D('',#11622,#9156,#9157);
#8202=AXIS2_PLACEMENT_3D('',#11626,#9159,#9160);
#8203=AXIS2_PLACEMENT_3D('',#11630,#9162,#9163);
#8204=AXIS2_PLACEMENT_3D('',#11634,#9165,#9166);
#8205=AXIS2_PLACEMENT_3D('',#11637,#9168,#9169);
#8206=AXIS2_PLACEMENT_3D('',#11640,#9170,#9171);
#8207=AXIS2_PLACEMENT_3D('',#11644,#9173,#9174);
#8208=AXIS2_PLACEMENT_3D('',#11648,#9176,#9177);
#8209=AXIS2_PLACEMENT_3D('',#11652,#9179,#9180);
#8210=AXIS2_PLACEMENT_3D('',#11656,#9182,#9183);
#8211=AXIS2_PLACEMENT_3D('',#11660,#9185,#9186);
#8212=AXIS2_PLACEMENT_3D('',#11664,#9188,#9189);
#8213=AXIS2_PLACEMENT_3D('',#11668,#9191,#9192);
#8214=AXIS2_PLACEMENT_3D('',#11672,#9194,#9195);
#8215=AXIS2_PLACEMENT_3D('',#11676,#9197,#9198);
#8216=AXIS2_PLACEMENT_3D('',#11680,#9200,#9201);
#8217=AXIS2_PLACEMENT_3D('',#11684,#9203,#9204);
#8218=AXIS2_PLACEMENT_3D('',#11688,#9206,#9207);
#8219=AXIS2_PLACEMENT_3D('',#11692,#9209,#9210);
#8220=AXIS2_PLACEMENT_3D('',#11696,#9212,#9213);
#8221=AXIS2_PLACEMENT_3D('',#11700,#9215,#9216);
#8222=AXIS2_PLACEMENT_3D('',#11704,#9218,#9219);
#8223=AXIS2_PLACEMENT_3D('',#11708,#9221,#9222);
#8224=AXIS2_PLACEMENT_3D('',#11712,#9224,#9225);
#8225=AXIS2_PLACEMENT_3D('',#11716,#9227,#9228);
#8226=AXIS2_PLACEMENT_3D('',#11720,#9230,#9231);
#8227=AXIS2_PLACEMENT_3D('',#11724,#9233,#9234);
#8228=AXIS2_PLACEMENT_3D('',#11728,#9236,#9237);
#8229=AXIS2_PLACEMENT_3D('',#11732,#9239,#9240);
#8230=AXIS2_PLACEMENT_3D('',#11735,#9242,#9243);
#8231=AXIS2_PLACEMENT_3D('',#11738,#9244,#9245);
#8232=AXIS2_PLACEMENT_3D('',#11742,#9247,#9248);
#8233=AXIS2_PLACEMENT_3D('',#11746,#9250,#9251);
#8234=AXIS2_PLACEMENT_3D('',#11750,#9253,#9254);
#8235=AXIS2_PLACEMENT_3D('',#11754,#9256,#9257);
#8236=AXIS2_PLACEMENT_3D('',#11758,#9259,#9260);
#8237=AXIS2_PLACEMENT_3D('',#11762,#9262,#9263);
#8238=AXIS2_PLACEMENT_3D('',#11766,#9265,#9266);
#8239=AXIS2_PLACEMENT_3D('',#11769,#9268,#9269);
#8240=AXIS2_PLACEMENT_3D('',#11772,#9270,#9271);
#8241=AXIS2_PLACEMENT_3D('',#11776,#9273,#9274);
#8242=AXIS2_PLACEMENT_3D('',#11780,#9276,#9277);
#8243=AXIS2_PLACEMENT_3D('',#11784,#9279,#9280);
#8244=AXIS2_PLACEMENT_3D('',#11788,#9282,#9283);
#8245=AXIS2_PLACEMENT_3D('',#11792,#9285,#9286);
#8246=AXIS2_PLACEMENT_3D('',#11796,#9288,#9289);
#8247=AXIS2_PLACEMENT_3D('',#11800,#9291,#9292);
#8248=AXIS2_PLACEMENT_3D('',#11804,#9294,#9295);
#8249=AXIS2_PLACEMENT_3D('',#11808,#9297,#9298);
#8250=AXIS2_PLACEMENT_3D('',#11812,#9300,#9301);
#8251=AXIS2_PLACEMENT_3D('',#11816,#9303,#9304);
#8252=AXIS2_PLACEMENT_3D('',#11820,#9306,#9307);
#8253=AXIS2_PLACEMENT_3D('',#11824,#9309,#9310);
#8254=AXIS2_PLACEMENT_3D('',#11828,#9312,#9313);
#8255=AXIS2_PLACEMENT_3D('',#11832,#9315,#9316);
#8256=AXIS2_PLACEMENT_3D('',#11836,#9318,#9319);
#8257=AXIS2_PLACEMENT_3D('',#11840,#9321,#9322);
#8258=AXIS2_PLACEMENT_3D('',#11844,#9324,#9325);
#8259=AXIS2_PLACEMENT_3D('',#11848,#9327,#9328);
#8260=AXIS2_PLACEMENT_3D('',#11851,#9330,#9331);
#8261=AXIS2_PLACEMENT_3D('',#11853,#9332,#9333);
#8262=AXIS2_PLACEMENT_3D('',#11856,#9334,#9335);
#8263=AXIS2_PLACEMENT_3D('',#11860,#9337,#9338);
#8264=AXIS2_PLACEMENT_3D('',#11864,#9340,#9341);
#8265=AXIS2_PLACEMENT_3D('',#11868,#9343,#9344);
#8266=AXIS2_PLACEMENT_3D('',#11872,#9346,#9347);
#8267=AXIS2_PLACEMENT_3D('',#11876,#9349,#9350);
#8268=AXIS2_PLACEMENT_3D('',#11880,#9352,#9353);
#8269=AXIS2_PLACEMENT_3D('',#11884,#9355,#9356);
#8270=AXIS2_PLACEMENT_3D('',#11888,#9358,#9359);
#8271=AXIS2_PLACEMENT_3D('',#11892,#9361,#9362);
#8272=AXIS2_PLACEMENT_3D('',#11896,#9364,#9365);
#8273=AXIS2_PLACEMENT_3D('',#11900,#9367,#9368);
#8274=AXIS2_PLACEMENT_3D('',#11904,#9370,#9371);
#8275=AXIS2_PLACEMENT_3D('',#11908,#9373,#9374);
#8276=AXIS2_PLACEMENT_3D('',#11912,#9376,#9377);
#8277=AXIS2_PLACEMENT_3D('',#11916,#9379,#9380);
#8278=AXIS2_PLACEMENT_3D('',#11920,#9382,#9383);
#8279=AXIS2_PLACEMENT_3D('',#11924,#9385,#9386);
#8280=AXIS2_PLACEMENT_3D('',#11928,#9388,#9389);
#8281=AXIS2_PLACEMENT_3D('',#11932,#9391,#9392);
#8282=AXIS2_PLACEMENT_3D('',#11935,#9394,#9395);
#8283=AXIS2_PLACEMENT_3D('',#11938,#9396,#9397);
#8284=AXIS2_PLACEMENT_3D('',#11942,#9399,#9400);
#8285=AXIS2_PLACEMENT_3D('',#11946,#9402,#9403);
#8286=AXIS2_PLACEMENT_3D('',#11950,#9405,#9406);
#8287=AXIS2_PLACEMENT_3D('',#11954,#9408,#9409);
#8288=AXIS2_PLACEMENT_3D('',#11958,#9411,#9412);
#8289=AXIS2_PLACEMENT_3D('',#11962,#9414,#9415);
#8290=AXIS2_PLACEMENT_3D('',#11966,#9417,#9418);
#8291=AXIS2_PLACEMENT_3D('',#11970,#9420,#9421);
#8292=AXIS2_PLACEMENT_3D('',#11974,#9423,#9424);
#8293=AXIS2_PLACEMENT_3D('',#11978,#9426,#9427);
#8294=AXIS2_PLACEMENT_3D('',#11982,#9429,#9430);
#8295=AXIS2_PLACEMENT_3D('',#11985,#9432,#9433);
#8296=AXIS2_PLACEMENT_3D('',#11988,#9434,#9435);
#8297=AXIS2_PLACEMENT_3D('',#11992,#9437,#9438);
#8298=AXIS2_PLACEMENT_3D('',#11996,#9440,#9441);
#8299=AXIS2_PLACEMENT_3D('',#12000,#9443,#9444);
#8300=AXIS2_PLACEMENT_3D('',#12004,#9446,#9447);
#8301=AXIS2_PLACEMENT_3D('',#12008,#9449,#9450);
#8302=AXIS2_PLACEMENT_3D('',#12012,#9452,#9453);
#8303=AXIS2_PLACEMENT_3D('',#12016,#9455,#9456);
#8304=AXIS2_PLACEMENT_3D('',#12020,#9458,#9459);
#8305=AXIS2_PLACEMENT_3D('',#12024,#9461,#9462);
#8306=AXIS2_PLACEMENT_3D('',#12028,#9464,#9465);
#8307=AXIS2_PLACEMENT_3D('',#12032,#9467,#9468);
#8308=AXIS2_PLACEMENT_3D('',#12036,#9470,#9471);
#8309=AXIS2_PLACEMENT_3D('',#12040,#9473,#9474);
#8310=AXIS2_PLACEMENT_3D('',#12044,#9476,#9477);
#8311=AXIS2_PLACEMENT_3D('',#12048,#9479,#9480);
#8312=AXIS2_PLACEMENT_3D('',#12052,#9482,#9483);
#8313=AXIS2_PLACEMENT_3D('',#12056,#9485,#9486);
#8314=AXIS2_PLACEMENT_3D('',#12060,#9488,#9489);
#8315=AXIS2_PLACEMENT_3D('',#12064,#9491,#9492);
#8316=AXIS2_PLACEMENT_3D('',#12068,#9494,#9495);
#8317=AXIS2_PLACEMENT_3D('',#12072,#9497,#9498);
#8318=AXIS2_PLACEMENT_3D('',#12076,#9500,#9501);
#8319=AXIS2_PLACEMENT_3D('',#12080,#9503,#9504);
#8320=AXIS2_PLACEMENT_3D('',#12084,#9506,#9507);
#8321=AXIS2_PLACEMENT_3D('',#12088,#9509,#9510);
#8322=AXIS2_PLACEMENT_3D('',#12092,#9512,#9513);
#8323=AXIS2_PLACEMENT_3D('',#12096,#9515,#9516);
#8324=AXIS2_PLACEMENT_3D('',#12102,#9519,#9520);
#8325=AXIS2_PLACEMENT_3D('',#12106,#9522,#9523);
#8326=AXIS2_PLACEMENT_3D('',#12110,#9525,#9526);
#8327=AXIS2_PLACEMENT_3D('',#12113,#9528,#9529);
#8328=AXIS2_PLACEMENT_3D('',#12116,#9530,#9531);
#8329=AXIS2_PLACEMENT_3D('',#12120,#9533,#9534);
#8330=AXIS2_PLACEMENT_3D('',#12124,#9536,#9537);
#8331=AXIS2_PLACEMENT_3D('',#12128,#9539,#9540);
#8332=AXIS2_PLACEMENT_3D('',#12130,#9542,#9543);
#8333=AXIS2_PLACEMENT_3D('',#12132,#9544,#9545);
#8334=AXIS2_PLACEMENT_3D('',#12134,#9547,#9548);
#8335=AXIS2_PLACEMENT_3D('',#12138,#9551,#9552);
#8336=AXIS2_PLACEMENT_3D('',#12141,#9553,#9554);
#8337=AXIS2_PLACEMENT_3D('',#12144,#9557,#9558);
#8338=AXIS2_PLACEMENT_3D('',#12148,#9561,#9562);
#8339=AXIS2_PLACEMENT_3D('',#12150,#9563,#9564);
#8340=AXIS2_PLACEMENT_3D('',#12152,#9566,#9567);
#8341=AXIS2_PLACEMENT_3D('',#12158,#9571,#9572);
#8342=AXIS2_PLACEMENT_3D('',#12160,#9573,#9574);
#8343=AXIS2_PLACEMENT_3D('',#12162,#9576,#9577);
#8344=AXIS2_PLACEMENT_3D('',#12166,#9580,#9581);
#8345=AXIS2_PLACEMENT_3D('',#12168,#9582,#9583);
#8346=AXIS2_PLACEMENT_3D('',#12170,#9585,#9586);
#8347=AXIS2_PLACEMENT_3D('',#12174,#9589,#9590);
#8348=AXIS2_PLACEMENT_3D('',#12176,#9591,#9592);
#8349=AXIS2_PLACEMENT_3D('',#12178,#9594,#9595);
#8350=AXIS2_PLACEMENT_3D('',#12182,#9598,#9599);
#8351=AXIS2_PLACEMENT_3D('',#12183,#9600,#9601);
#8352=AXIS2_PLACEMENT_3D('',#12184,#9602,#9603);
#8353=AXIS2_PLACEMENT_3D('',#12188,#9605,#9606);
#8354=AXIS2_PLACEMENT_3D('',#12190,#9608,#9609);
#8355=AXIS2_PLACEMENT_3D('',#12194,#9612,#9613);
#8356=AXIS2_PLACEMENT_3D('',#12196,#9614,#9615);
#8357=AXIS2_PLACEMENT_3D('',#12198,#9617,#9618);
#8358=AXIS2_PLACEMENT_3D('',#12202,#9621,#9622);
#8359=AXIS2_PLACEMENT_3D('',#12204,#9623,#9624);
#8360=AXIS2_PLACEMENT_3D('',#12206,#9626,#9627);
#8361=AXIS2_PLACEMENT_3D('',#12210,#9630,#9631);
#8362=AXIS2_PLACEMENT_3D('',#12212,#9632,#9633);
#8363=AXIS2_PLACEMENT_3D('',#12214,#9635,#9636);
#8364=AXIS2_PLACEMENT_3D('',#12216,#9638,#9639);
#8365=AXIS2_PLACEMENT_3D('',#12222,#9643,#9644);
#8366=AXIS2_PLACEMENT_3D('',#12224,#9645,#9646);
#8367=AXIS2_PLACEMENT_3D('',#12226,#9648,#9649);
#8368=AXIS2_PLACEMENT_3D('',#12230,#9652,#9653);
#8369=AXIS2_PLACEMENT_3D('',#12232,#9654,#9655);
#8370=AXIS2_PLACEMENT_3D('',#12234,#9657,#9658);
#8371=AXIS2_PLACEMENT_3D('',#12238,#9661,#9662);
#8372=AXIS2_PLACEMENT_3D('',#12240,#9663,#9664);
#8373=AXIS2_PLACEMENT_3D('',#12242,#9666,#9667);
#8374=AXIS2_PLACEMENT_3D('',#12246,#9670,#9671);
#8375=AXIS2_PLACEMENT_3D('',#12247,#9672,#9673);
#8376=AXIS2_PLACEMENT_3D('',#12248,#9674,#9675);
#8377=AXIS2_PLACEMENT_3D('',#12254,#9679,#9680);
#8378=AXIS2_PLACEMENT_3D('',#12256,#9681,#9682);
#8379=AXIS2_PLACEMENT_3D('',#12258,#9684,#9685);
#8380=AXIS2_PLACEMENT_3D('',#12262,#9688,#9689);
#8381=AXIS2_PLACEMENT_3D('',#12264,#9690,#9691);
#8382=AXIS2_PLACEMENT_3D('',#12266,#9693,#9694);
#8383=AXIS2_PLACEMENT_3D('',#12270,#9697,#9698);
#8384=AXIS2_PLACEMENT_3D('',#12272,#9699,#9700);
#8385=AXIS2_PLACEMENT_3D('',#12274,#9702,#9703);
#8386=AXIS2_PLACEMENT_3D('',#12278,#9706,#9707);
#8387=AXIS2_PLACEMENT_3D('',#12279,#9708,#9709);
#8388=AXIS2_PLACEMENT_3D('',#12280,#9710,#9711);
#8389=AXIS2_PLACEMENT_3D('',#12286,#9715,#9716);
#8390=AXIS2_PLACEMENT_3D('',#12288,#9717,#9718);
#8391=AXIS2_PLACEMENT_3D('',#12290,#9720,#9721);
#8392=AXIS2_PLACEMENT_3D('',#12294,#9724,#9725);
#8393=AXIS2_PLACEMENT_3D('',#12296,#9726,#9727);
#8394=AXIS2_PLACEMENT_3D('',#12298,#9729,#9730);
#8395=AXIS2_PLACEMENT_3D('',#12302,#9733,#9734);
#8396=AXIS2_PLACEMENT_3D('',#12304,#9735,#9736);
#8397=AXIS2_PLACEMENT_3D('',#12306,#9738,#9739);
#8398=AXIS2_PLACEMENT_3D('',#12310,#9742,#9743);
#8399=AXIS2_PLACEMENT_3D('',#12311,#9744,#9745);
#8400=AXIS2_PLACEMENT_3D('',#12312,#9746,#9747);
#8401=AXIS2_PLACEMENT_3D('',#12318,#9751,#9752);
#8402=AXIS2_PLACEMENT_3D('',#12320,#9753,#9754);
#8403=AXIS2_PLACEMENT_3D('',#12322,#9756,#9757);
#8404=AXIS2_PLACEMENT_3D('',#12326,#9760,#9761);
#8405=AXIS2_PLACEMENT_3D('',#12328,#9762,#9763);
#8406=AXIS2_PLACEMENT_3D('',#12330,#9765,#9766);
#8407=AXIS2_PLACEMENT_3D('',#12334,#9769,#9770);
#8408=AXIS2_PLACEMENT_3D('',#12336,#9771,#9772);
#8409=AXIS2_PLACEMENT_3D('',#12338,#9774,#9775);
#8410=AXIS2_PLACEMENT_3D('',#12342,#9778,#9779);
#8411=AXIS2_PLACEMENT_3D('',#12343,#9780,#9781);
#8412=AXIS2_PLACEMENT_3D('',#12344,#9782,#9783);
#8413=AXIS2_PLACEMENT_3D('',#12350,#9787,#9788);
#8414=AXIS2_PLACEMENT_3D('',#12352,#9789,#9790);
#8415=AXIS2_PLACEMENT_3D('',#12354,#9792,#9793);
#8416=AXIS2_PLACEMENT_3D('',#12358,#9796,#9797);
#8417=AXIS2_PLACEMENT_3D('',#12360,#9798,#9799);
#8418=AXIS2_PLACEMENT_3D('',#12362,#9801,#9802);
#8419=AXIS2_PLACEMENT_3D('',#12366,#9805,#9806);
#8420=AXIS2_PLACEMENT_3D('',#12368,#9807,#9808);
#8421=AXIS2_PLACEMENT_3D('',#12370,#9810,#9811);
#8422=AXIS2_PLACEMENT_3D('',#12374,#9814,#9815);
#8423=AXIS2_PLACEMENT_3D('',#12375,#9816,#9817);
#8424=AXIS2_PLACEMENT_3D('',#12376,#9818,#9819);
#8425=AXIS2_PLACEMENT_3D('',#12382,#9823,#9824);
#8426=AXIS2_PLACEMENT_3D('',#12384,#9825,#9826);
#8427=AXIS2_PLACEMENT_3D('',#12386,#9828,#9829);
#8428=AXIS2_PLACEMENT_3D('',#12390,#9832,#9833);
#8429=AXIS2_PLACEMENT_3D('',#12392,#9834,#9835);
#8430=AXIS2_PLACEMENT_3D('',#12394,#9837,#9838);
#8431=AXIS2_PLACEMENT_3D('',#12398,#9841,#9842);
#8432=AXIS2_PLACEMENT_3D('',#12400,#9843,#9844);
#8433=AXIS2_PLACEMENT_3D('',#12402,#9846,#9847);
#8434=AXIS2_PLACEMENT_3D('',#12406,#9850,#9851);
#8435=AXIS2_PLACEMENT_3D('',#12407,#9852,#9853);
#8436=AXIS2_PLACEMENT_3D('',#12408,#9854,#9855);
#8437=AXIS2_PLACEMENT_3D('',#12414,#9859,#9860);
#8438=AXIS2_PLACEMENT_3D('',#12416,#9861,#9862);
#8439=AXIS2_PLACEMENT_3D('',#12418,#9864,#9865);
#8440=AXIS2_PLACEMENT_3D('',#12422,#9868,#9869);
#8441=AXIS2_PLACEMENT_3D('',#12424,#9870,#9871);
#8442=AXIS2_PLACEMENT_3D('',#12426,#9873,#9874);
#8443=AXIS2_PLACEMENT_3D('',#12430,#9877,#9878);
#8444=AXIS2_PLACEMENT_3D('',#12432,#9879,#9880);
#8445=AXIS2_PLACEMENT_3D('',#12434,#9882,#9883);
#8446=AXIS2_PLACEMENT_3D('',#12438,#9886,#9887);
#8447=AXIS2_PLACEMENT_3D('',#12439,#9888,#9889);
#8448=AXIS2_PLACEMENT_3D('',#12440,#9890,#9891);
#8449=AXIS2_PLACEMENT_3D('',#12442,#9892,#9893);
#8450=AXIS2_PLACEMENT_3D('',#12444,#9895,#9896);
#8451=AXIS2_PLACEMENT_3D('',#12450,#9900,#9901);
#8452=AXIS2_PLACEMENT_3D('',#12452,#9902,#9903);
#8453=AXIS2_PLACEMENT_3D('',#12454,#9905,#9906);
#8454=AXIS2_PLACEMENT_3D('',#12458,#9909,#9910);
#8455=AXIS2_PLACEMENT_3D('',#12460,#9911,#9912);
#8456=AXIS2_PLACEMENT_3D('',#12462,#9914,#9915);
#8457=AXIS2_PLACEMENT_3D('',#12466,#9918,#9919);
#8458=AXIS2_PLACEMENT_3D('',#12468,#9920,#9921);
#8459=AXIS2_PLACEMENT_3D('',#12470,#9923,#9924);
#8460=AXIS2_PLACEMENT_3D('',#12474,#9927,#9928);
#8461=AXIS2_PLACEMENT_3D('',#12475,#9929,#9930);
#8462=AXIS2_PLACEMENT_3D('',#12476,#9931,#9932);
#8463=AXIS2_PLACEMENT_3D('',#12482,#9936,#9937);
#8464=AXIS2_PLACEMENT_3D('',#12484,#9938,#9939);
#8465=AXIS2_PLACEMENT_3D('',#12486,#9941,#9942);
#8466=AXIS2_PLACEMENT_3D('',#12490,#9945,#9946);
#8467=AXIS2_PLACEMENT_3D('',#12492,#9947,#9948);
#8468=AXIS2_PLACEMENT_3D('',#12494,#9950,#9951);
#8469=AXIS2_PLACEMENT_3D('',#12498,#9954,#9955);
#8470=AXIS2_PLACEMENT_3D('',#12500,#9956,#9957);
#8471=AXIS2_PLACEMENT_3D('',#12502,#9959,#9960);
#8472=AXIS2_PLACEMENT_3D('',#12506,#9963,#9964);
#8473=AXIS2_PLACEMENT_3D('',#12507,#9965,#9966);
#8474=AXIS2_PLACEMENT_3D('',#12508,#9967,#9968);
#8475=AXIS2_PLACEMENT_3D('',#12514,#9972,#9973);
#8476=AXIS2_PLACEMENT_3D('',#12516,#9974,#9975);
#8477=AXIS2_PLACEMENT_3D('',#12518,#9977,#9978);
#8478=AXIS2_PLACEMENT_3D('',#12522,#9981,#9982);
#8479=AXIS2_PLACEMENT_3D('',#12524,#9983,#9984);
#8480=AXIS2_PLACEMENT_3D('',#12526,#9986,#9987);
#8481=AXIS2_PLACEMENT_3D('',#12530,#9990,#9991);
#8482=AXIS2_PLACEMENT_3D('',#12532,#9992,#9993);
#8483=AXIS2_PLACEMENT_3D('',#12534,#9995,#9996);
#8484=AXIS2_PLACEMENT_3D('',#12538,#9999,#10000);
#8485=AXIS2_PLACEMENT_3D('',#12539,#10001,#10002);
#8486=AXIS2_PLACEMENT_3D('',#12540,#10003,#10004);
#8487=AXIS2_PLACEMENT_3D('',#12542,#10005,#10006);
#8488=AXIS2_PLACEMENT_3D('',#12544,#10008,#10009);
#8489=AXIS2_PLACEMENT_3D('',#12550,#10013,#10014);
#8490=AXIS2_PLACEMENT_3D('',#12552,#10015,#10016);
#8491=AXIS2_PLACEMENT_3D('',#12554,#10018,#10019);
#8492=AXIS2_PLACEMENT_3D('',#12558,#10022,#10023);
#8493=AXIS2_PLACEMENT_3D('',#12560,#10024,#10025);
#8494=AXIS2_PLACEMENT_3D('',#12562,#10027,#10028);
#8495=AXIS2_PLACEMENT_3D('',#12566,#10031,#10032);
#8496=AXIS2_PLACEMENT_3D('',#12568,#10033,#10034);
#8497=AXIS2_PLACEMENT_3D('',#12570,#10036,#10037);
#8498=AXIS2_PLACEMENT_3D('',#12574,#10040,#10041);
#8499=AXIS2_PLACEMENT_3D('',#12575,#10042,#10043);
#8500=AXIS2_PLACEMENT_3D('',#12576,#10044,#10045);
#8501=AXIS2_PLACEMENT_3D('',#12582,#10049,#10050);
#8502=AXIS2_PLACEMENT_3D('',#12584,#10051,#10052);
#8503=AXIS2_PLACEMENT_3D('',#12586,#10054,#10055);
#8504=AXIS2_PLACEMENT_3D('',#12590,#10058,#10059);
#8505=AXIS2_PLACEMENT_3D('',#12592,#10060,#10061);
#8506=AXIS2_PLACEMENT_3D('',#12594,#10063,#10064);
#8507=AXIS2_PLACEMENT_3D('',#12598,#10067,#10068);
#8508=AXIS2_PLACEMENT_3D('',#12600,#10069,#10070);
#8509=AXIS2_PLACEMENT_3D('',#12602,#10072,#10073);
#8510=AXIS2_PLACEMENT_3D('',#12606,#10076,#10077);
#8511=AXIS2_PLACEMENT_3D('',#12607,#10078,#10079);
#8512=AXIS2_PLACEMENT_3D('',#12608,#10080,#10081);
#8513=AXIS2_PLACEMENT_3D('',#12614,#10085,#10086);
#8514=AXIS2_PLACEMENT_3D('',#12616,#10087,#10088);
#8515=AXIS2_PLACEMENT_3D('',#12618,#10090,#10091);
#8516=AXIS2_PLACEMENT_3D('',#12622,#10094,#10095);
#8517=AXIS2_PLACEMENT_3D('',#12624,#10096,#10097);
#8518=AXIS2_PLACEMENT_3D('',#12626,#10099,#10100);
#8519=AXIS2_PLACEMENT_3D('',#12630,#10103,#10104);
#8520=AXIS2_PLACEMENT_3D('',#12632,#10105,#10106);
#8521=AXIS2_PLACEMENT_3D('',#12634,#10108,#10109);
#8522=AXIS2_PLACEMENT_3D('',#12638,#10112,#10113);
#8523=AXIS2_PLACEMENT_3D('',#12639,#10114,#10115);
#8524=AXIS2_PLACEMENT_3D('',#12640,#10116,#10117);
#8525=AXIS2_PLACEMENT_3D('',#12646,#10121,#10122);
#8526=AXIS2_PLACEMENT_3D('',#12648,#10123,#10124);
#8527=AXIS2_PLACEMENT_3D('',#12650,#10126,#10127);
#8528=AXIS2_PLACEMENT_3D('',#12654,#10130,#10131);
#8529=AXIS2_PLACEMENT_3D('',#12656,#10132,#10133);
#8530=AXIS2_PLACEMENT_3D('',#12658,#10135,#10136);
#8531=AXIS2_PLACEMENT_3D('',#12662,#10139,#10140);
#8532=AXIS2_PLACEMENT_3D('',#12664,#10141,#10142);
#8533=AXIS2_PLACEMENT_3D('',#12666,#10144,#10145);
#8534=AXIS2_PLACEMENT_3D('',#12670,#10148,#10149);
#8535=AXIS2_PLACEMENT_3D('',#12671,#10150,#10151);
#8536=AXIS2_PLACEMENT_3D('',#12672,#10152,#10153);
#8537=AXIS2_PLACEMENT_3D('',#12678,#10157,#10158);
#8538=AXIS2_PLACEMENT_3D('',#12680,#10159,#10160);
#8539=AXIS2_PLACEMENT_3D('',#12682,#10162,#10163);
#8540=AXIS2_PLACEMENT_3D('',#12686,#10166,#10167);
#8541=AXIS2_PLACEMENT_3D('',#12688,#10168,#10169);
#8542=AXIS2_PLACEMENT_3D('',#12690,#10171,#10172);
#8543=AXIS2_PLACEMENT_3D('',#12694,#10175,#10176);
#8544=AXIS2_PLACEMENT_3D('',#12696,#10177,#10178);
#8545=AXIS2_PLACEMENT_3D('',#12698,#10180,#10181);
#8546=AXIS2_PLACEMENT_3D('',#12702,#10184,#10185);
#8547=AXIS2_PLACEMENT_3D('',#12703,#10186,#10187);
#8548=AXIS2_PLACEMENT_3D('',#12704,#10188,#10189);
#8549=AXIS2_PLACEMENT_3D('',#12706,#10190,#10191);
#8550=AXIS2_PLACEMENT_3D('',#12708,#10193,#10194);
#8551=AXIS2_PLACEMENT_3D('',#12710,#10195,#10196);
#8552=AXIS2_PLACEMENT_3D('',#12712,#10198,#10199);
#8553=AXIS2_PLACEMENT_3D('',#12718,#10203,#10204);
#8554=AXIS2_PLACEMENT_3D('',#12720,#10205,#10206);
#8555=AXIS2_PLACEMENT_3D('',#12722,#10208,#10209);
#8556=AXIS2_PLACEMENT_3D('',#12726,#10212,#10213);
#8557=AXIS2_PLACEMENT_3D('',#12728,#10214,#10215);
#8558=AXIS2_PLACEMENT_3D('',#12730,#10217,#10218);
#8559=AXIS2_PLACEMENT_3D('',#12734,#10221,#10222);
#8560=AXIS2_PLACEMENT_3D('',#12736,#10223,#10224);
#8561=AXIS2_PLACEMENT_3D('',#12738,#10226,#10227);
#8562=AXIS2_PLACEMENT_3D('',#12742,#10230,#10231);
#8563=AXIS2_PLACEMENT_3D('',#12743,#10232,#10233);
#8564=AXIS2_PLACEMENT_3D('',#12744,#10234,#10235);
#8565=AXIS2_PLACEMENT_3D('',#12750,#10239,#10240);
#8566=AXIS2_PLACEMENT_3D('',#12752,#10241,#10242);
#8567=AXIS2_PLACEMENT_3D('',#12754,#10244,#10245);
#8568=AXIS2_PLACEMENT_3D('',#12758,#10248,#10249);
#8569=AXIS2_PLACEMENT_3D('',#12760,#10250,#10251);
#8570=AXIS2_PLACEMENT_3D('',#12762,#10253,#10254);
#8571=AXIS2_PLACEMENT_3D('',#12766,#10257,#10258);
#8572=AXIS2_PLACEMENT_3D('',#12768,#10259,#10260);
#8573=AXIS2_PLACEMENT_3D('',#12770,#10262,#10263);
#8574=AXIS2_PLACEMENT_3D('',#12774,#10266,#10267);
#8575=AXIS2_PLACEMENT_3D('',#12775,#10268,#10269);
#8576=AXIS2_PLACEMENT_3D('',#12776,#10270,#10271);
#8577=AXIS2_PLACEMENT_3D('',#12782,#10275,#10276);
#8578=AXIS2_PLACEMENT_3D('',#12784,#10277,#10278);
#8579=AXIS2_PLACEMENT_3D('',#12786,#10280,#10281);
#8580=AXIS2_PLACEMENT_3D('',#12790,#10284,#10285);
#8581=AXIS2_PLACEMENT_3D('',#12792,#10286,#10287);
#8582=AXIS2_PLACEMENT_3D('',#12794,#10289,#10290);
#8583=AXIS2_PLACEMENT_3D('',#12798,#10293,#10294);
#8584=AXIS2_PLACEMENT_3D('',#12800,#10295,#10296);
#8585=AXIS2_PLACEMENT_3D('',#12802,#10298,#10299);
#8586=AXIS2_PLACEMENT_3D('',#12806,#10302,#10303);
#8587=AXIS2_PLACEMENT_3D('',#12807,#10304,#10305);
#8588=AXIS2_PLACEMENT_3D('',#12808,#10306,#10307);
#8589=AXIS2_PLACEMENT_3D('',#12814,#10311,#10312);
#8590=AXIS2_PLACEMENT_3D('',#12816,#10313,#10314);
#8591=AXIS2_PLACEMENT_3D('',#12818,#10316,#10317);
#8592=AXIS2_PLACEMENT_3D('',#12822,#10320,#10321);
#8593=AXIS2_PLACEMENT_3D('',#12824,#10322,#10323);
#8594=AXIS2_PLACEMENT_3D('',#12826,#10325,#10326);
#8595=AXIS2_PLACEMENT_3D('',#12830,#10329,#10330);
#8596=AXIS2_PLACEMENT_3D('',#12832,#10331,#10332);
#8597=AXIS2_PLACEMENT_3D('',#12834,#10334,#10335);
#8598=AXIS2_PLACEMENT_3D('',#12838,#10338,#10339);
#8599=AXIS2_PLACEMENT_3D('',#12839,#10340,#10341);
#8600=AXIS2_PLACEMENT_3D('',#12840,#10342,#10343);
#8601=AXIS2_PLACEMENT_3D('',#12846,#10347,#10348);
#8602=AXIS2_PLACEMENT_3D('',#12848,#10349,#10350);
#8603=AXIS2_PLACEMENT_3D('',#12850,#10352,#10353);
#8604=AXIS2_PLACEMENT_3D('',#12854,#10356,#10357);
#8605=AXIS2_PLACEMENT_3D('',#12856,#10358,#10359);
#8606=AXIS2_PLACEMENT_3D('',#12858,#10361,#10362);
#8607=AXIS2_PLACEMENT_3D('',#12862,#10365,#10366);
#8608=AXIS2_PLACEMENT_3D('',#12864,#10367,#10368);
#8609=AXIS2_PLACEMENT_3D('',#12866,#10370,#10371);
#8610=AXIS2_PLACEMENT_3D('',#12870,#10374,#10375);
#8611=AXIS2_PLACEMENT_3D('',#12871,#10376,#10377);
#8612=AXIS2_PLACEMENT_3D('',#12872,#10378,#10379);
#8613=AXIS2_PLACEMENT_3D('',#12874,#10380,#10381);
#8614=AXIS2_PLACEMENT_3D('',#12876,#10383,#10384);
#8615=AXIS2_PLACEMENT_3D('',#12882,#10388,#10389);
#8616=AXIS2_PLACEMENT_3D('',#12884,#10390,#10391);
#8617=AXIS2_PLACEMENT_3D('',#12886,#10393,#10394);
#8618=AXIS2_PLACEMENT_3D('',#12890,#10397,#10398);
#8619=AXIS2_PLACEMENT_3D('',#12892,#10399,#10400);
#8620=AXIS2_PLACEMENT_3D('',#12894,#10402,#10403);
#8621=AXIS2_PLACEMENT_3D('',#12898,#10406,#10407);
#8622=AXIS2_PLACEMENT_3D('',#12900,#10408,#10409);
#8623=AXIS2_PLACEMENT_3D('',#12902,#10411,#10412);
#8624=AXIS2_PLACEMENT_3D('',#12906,#10415,#10416);
#8625=AXIS2_PLACEMENT_3D('',#12907,#10417,#10418);
#8626=AXIS2_PLACEMENT_3D('',#12908,#10419,#10420);
#8627=AXIS2_PLACEMENT_3D('',#12914,#10424,#10425);
#8628=AXIS2_PLACEMENT_3D('',#12916,#10426,#10427);
#8629=AXIS2_PLACEMENT_3D('',#12918,#10429,#10430);
#8630=AXIS2_PLACEMENT_3D('',#12922,#10433,#10434);
#8631=AXIS2_PLACEMENT_3D('',#12924,#10435,#10436);
#8632=AXIS2_PLACEMENT_3D('',#12926,#10438,#10439);
#8633=AXIS2_PLACEMENT_3D('',#12930,#10442,#10443);
#8634=AXIS2_PLACEMENT_3D('',#12932,#10444,#10445);
#8635=AXIS2_PLACEMENT_3D('',#12934,#10447,#10448);
#8636=AXIS2_PLACEMENT_3D('',#12938,#10451,#10452);
#8637=AXIS2_PLACEMENT_3D('',#12939,#10453,#10454);
#8638=AXIS2_PLACEMENT_3D('',#12940,#10455,#10456);
#8639=AXIS2_PLACEMENT_3D('',#12942,#10457,#10458);
#8640=AXIS2_PLACEMENT_3D('',#12944,#10460,#10461);
#8641=AXIS2_PLACEMENT_3D('',#12950,#10465,#10466);
#8642=AXIS2_PLACEMENT_3D('',#12952,#10467,#10468);
#8643=AXIS2_PLACEMENT_3D('',#12954,#10470,#10471);
#8644=AXIS2_PLACEMENT_3D('',#12958,#10474,#10475);
#8645=AXIS2_PLACEMENT_3D('',#12960,#10476,#10477);
#8646=AXIS2_PLACEMENT_3D('',#12962,#10479,#10480);
#8647=AXIS2_PLACEMENT_3D('',#12966,#10483,#10484);
#8648=AXIS2_PLACEMENT_3D('',#12968,#10485,#10486);
#8649=AXIS2_PLACEMENT_3D('',#12970,#10488,#10489);
#8650=AXIS2_PLACEMENT_3D('',#12974,#10492,#10493);
#8651=AXIS2_PLACEMENT_3D('',#12975,#10494,#10495);
#8652=AXIS2_PLACEMENT_3D('',#12976,#10496,#10497);
#8653=AXIS2_PLACEMENT_3D('',#12982,#10501,#10502);
#8654=AXIS2_PLACEMENT_3D('',#12984,#10503,#10504);
#8655=AXIS2_PLACEMENT_3D('',#12986,#10506,#10507);
#8656=AXIS2_PLACEMENT_3D('',#12990,#10510,#10511);
#8657=AXIS2_PLACEMENT_3D('',#12992,#10512,#10513);
#8658=AXIS2_PLACEMENT_3D('',#12994,#10515,#10516);
#8659=AXIS2_PLACEMENT_3D('',#12998,#10519,#10520);
#8660=AXIS2_PLACEMENT_3D('',#13000,#10521,#10522);
#8661=AXIS2_PLACEMENT_3D('',#13002,#10524,#10525);
#8662=AXIS2_PLACEMENT_3D('',#13006,#10528,#10529);
#8663=AXIS2_PLACEMENT_3D('',#13007,#10530,#10531);
#8664=AXIS2_PLACEMENT_3D('',#13008,#10532,#10533);
#8665=AXIS2_PLACEMENT_3D('',#13014,#10537,#10538);
#8666=AXIS2_PLACEMENT_3D('',#13016,#10539,#10540);
#8667=AXIS2_PLACEMENT_3D('',#13018,#10542,#10543);
#8668=AXIS2_PLACEMENT_3D('',#13022,#10546,#10547);
#8669=AXIS2_PLACEMENT_3D('',#13024,#10548,#10549);
#8670=AXIS2_PLACEMENT_3D('',#13026,#10551,#10552);
#8671=AXIS2_PLACEMENT_3D('',#13030,#10555,#10556);
#8672=AXIS2_PLACEMENT_3D('',#13032,#10557,#10558);
#8673=AXIS2_PLACEMENT_3D('',#13034,#10560,#10561);
#8674=AXIS2_PLACEMENT_3D('',#13038,#10564,#10565);
#8675=AXIS2_PLACEMENT_3D('',#13039,#10566,#10567);
#8676=AXIS2_PLACEMENT_3D('',#13040,#10568,#10569);
#8677=AXIS2_PLACEMENT_3D('',#13046,#10573,#10574);
#8678=AXIS2_PLACEMENT_3D('',#13048,#10575,#10576);
#8679=AXIS2_PLACEMENT_3D('',#13050,#10578,#10579);
#8680=AXIS2_PLACEMENT_3D('',#13054,#10582,#10583);
#8681=AXIS2_PLACEMENT_3D('',#13056,#10584,#10585);
#8682=AXIS2_PLACEMENT_3D('',#13058,#10587,#10588);
#8683=AXIS2_PLACEMENT_3D('',#13062,#10591,#10592);
#8684=AXIS2_PLACEMENT_3D('',#13064,#10593,#10594);
#8685=AXIS2_PLACEMENT_3D('',#13066,#10596,#10597);
#8686=AXIS2_PLACEMENT_3D('',#13070,#10600,#10601);
#8687=AXIS2_PLACEMENT_3D('',#13071,#10602,#10603);
#8688=AXIS2_PLACEMENT_3D('',#13072,#10604,#10605);
#8689=AXIS2_PLACEMENT_3D('',#13078,#10609,#10610);
#8690=AXIS2_PLACEMENT_3D('',#13080,#10611,#10612);
#8691=AXIS2_PLACEMENT_3D('',#13082,#10614,#10615);
#8692=AXIS2_PLACEMENT_3D('',#13086,#10618,#10619);
#8693=AXIS2_PLACEMENT_3D('',#13088,#10620,#10621);
#8694=AXIS2_PLACEMENT_3D('',#13090,#10623,#10624);
#8695=AXIS2_PLACEMENT_3D('',#13094,#10627,#10628);
#8696=AXIS2_PLACEMENT_3D('',#13096,#10629,#10630);
#8697=AXIS2_PLACEMENT_3D('',#13098,#10632,#10633);
#8698=AXIS2_PLACEMENT_3D('',#13102,#10636,#10637);
#8699=AXIS2_PLACEMENT_3D('',#13103,#10638,#10639);
#8700=AXIS2_PLACEMENT_3D('',#13104,#10640,#10641);
#8701=AXIS2_PLACEMENT_3D('',#13110,#10645,#10646);
#8702=AXIS2_PLACEMENT_3D('',#13112,#10647,#10648);
#8703=AXIS2_PLACEMENT_3D('',#13114,#10650,#10651);
#8704=AXIS2_PLACEMENT_3D('',#13118,#10654,#10655);
#8705=AXIS2_PLACEMENT_3D('',#13120,#10656,#10657);
#8706=AXIS2_PLACEMENT_3D('',#13122,#10659,#10660);
#8707=AXIS2_PLACEMENT_3D('',#13126,#10663,#10664);
#8708=AXIS2_PLACEMENT_3D('',#13128,#10665,#10666);
#8709=AXIS2_PLACEMENT_3D('',#13130,#10668,#10669);
#8710=AXIS2_PLACEMENT_3D('',#13134,#10672,#10673);
#8711=AXIS2_PLACEMENT_3D('',#13135,#10674,#10675);
#8712=AXIS2_PLACEMENT_3D('',#13136,#10676,#10677);
#8713=AXIS2_PLACEMENT_3D('',#13138,#10678,#10679);
#8714=AXIS2_PLACEMENT_3D('',#13140,#10681,#10682);
#8715=AXIS2_PLACEMENT_3D('',#13146,#10686,#10687);
#8716=AXIS2_PLACEMENT_3D('',#13148,#10688,#10689);
#8717=AXIS2_PLACEMENT_3D('',#13150,#10691,#10692);
#8718=AXIS2_PLACEMENT_3D('',#13154,#10695,#10696);
#8719=AXIS2_PLACEMENT_3D('',#13156,#10697,#10698);
#8720=AXIS2_PLACEMENT_3D('',#13158,#10700,#10701);
#8721=AXIS2_PLACEMENT_3D('',#13162,#10704,#10705);
#8722=AXIS2_PLACEMENT_3D('',#13164,#10706,#10707);
#8723=AXIS2_PLACEMENT_3D('',#13166,#10709,#10710);
#8724=AXIS2_PLACEMENT_3D('',#13170,#10713,#10714);
#8725=AXIS2_PLACEMENT_3D('',#13171,#10715,#10716);
#8726=AXIS2_PLACEMENT_3D('',#13172,#10717,#10718);
#8727=AXIS2_PLACEMENT_3D('',#13178,#10722,#10723);
#8728=AXIS2_PLACEMENT_3D('',#13180,#10724,#10725);
#8729=AXIS2_PLACEMENT_3D('',#13182,#10727,#10728);
#8730=AXIS2_PLACEMENT_3D('',#13186,#10731,#10732);
#8731=AXIS2_PLACEMENT_3D('',#13188,#10733,#10734);
#8732=AXIS2_PLACEMENT_3D('',#13190,#10736,#10737);
#8733=AXIS2_PLACEMENT_3D('',#13194,#10740,#10741);
#8734=AXIS2_PLACEMENT_3D('',#13196,#10742,#10743);
#8735=AXIS2_PLACEMENT_3D('',#13198,#10745,#10746);
#8736=AXIS2_PLACEMENT_3D('',#13202,#10749,#10750);
#8737=AXIS2_PLACEMENT_3D('',#13203,#10751,#10752);
#8738=AXIS2_PLACEMENT_3D('',#13204,#10753,#10754);
#8739=AXIS2_PLACEMENT_3D('',#13210,#10758,#10759);
#8740=AXIS2_PLACEMENT_3D('',#13212,#10760,#10761);
#8741=AXIS2_PLACEMENT_3D('',#13214,#10763,#10764);
#8742=AXIS2_PLACEMENT_3D('',#13218,#10767,#10768);
#8743=AXIS2_PLACEMENT_3D('',#13220,#10769,#10770);
#8744=AXIS2_PLACEMENT_3D('',#13222,#10772,#10773);
#8745=AXIS2_PLACEMENT_3D('',#13226,#10776,#10777);
#8746=AXIS2_PLACEMENT_3D('',#13228,#10778,#10779);
#8747=AXIS2_PLACEMENT_3D('',#13230,#10781,#10782);
#8748=AXIS2_PLACEMENT_3D('',#13234,#10785,#10786);
#8749=AXIS2_PLACEMENT_3D('',#13235,#10787,#10788);
#8750=AXIS2_PLACEMENT_3D('',#13236,#10789,#10790);
#8751=AXIS2_PLACEMENT_3D('',#13242,#10794,#10795);
#8752=AXIS2_PLACEMENT_3D('',#13244,#10796,#10797);
#8753=AXIS2_PLACEMENT_3D('',#13246,#10799,#10800);
#8754=AXIS2_PLACEMENT_3D('',#13250,#10803,#10804);
#8755=AXIS2_PLACEMENT_3D('',#13252,#10805,#10806);
#8756=AXIS2_PLACEMENT_3D('',#13254,#10808,#10809);
#8757=AXIS2_PLACEMENT_3D('',#13258,#10812,#10813);
#8758=AXIS2_PLACEMENT_3D('',#13260,#10814,#10815);
#8759=AXIS2_PLACEMENT_3D('',#13262,#10817,#10818);
#8760=AXIS2_PLACEMENT_3D('',#13266,#10821,#10822);
#8761=AXIS2_PLACEMENT_3D('',#13267,#10823,#10824);
#8762=AXIS2_PLACEMENT_3D('',#13268,#10825,#10826);
#8763=AXIS2_PLACEMENT_3D('',#13274,#10830,#10831);
#8764=AXIS2_PLACEMENT_3D('',#13276,#10832,#10833);
#8765=AXIS2_PLACEMENT_3D('',#13278,#10835,#10836);
#8766=AXIS2_PLACEMENT_3D('',#13282,#10839,#10840);
#8767=AXIS2_PLACEMENT_3D('',#13284,#10841,#10842);
#8768=AXIS2_PLACEMENT_3D('',#13286,#10844,#10845);
#8769=AXIS2_PLACEMENT_3D('',#13290,#10848,#10849);
#8770=AXIS2_PLACEMENT_3D('',#13292,#10850,#10851);
#8771=AXIS2_PLACEMENT_3D('',#13294,#10853,#10854);
#8772=AXIS2_PLACEMENT_3D('',#13298,#10857,#10858);
#8773=AXIS2_PLACEMENT_3D('',#13299,#10859,#10860);
#8774=AXIS2_PLACEMENT_3D('',#13300,#10861,#10862);
#8775=AXIS2_PLACEMENT_3D('',#13304,#10864,#10865);
#8776=AXIS2_PLACEMENT_3D('',#13306,#10867,#10868);
#8777=AXIS2_PLACEMENT_3D('',#13310,#10871,#10872);
#8778=AXIS2_PLACEMENT_3D('',#13312,#10873,#10874);
#8779=AXIS2_PLACEMENT_3D('',#13314,#10876,#10877);
#8780=AXIS2_PLACEMENT_3D('',#13318,#10880,#10881);
#8781=AXIS2_PLACEMENT_3D('',#13320,#10882,#10883);
#8782=AXIS2_PLACEMENT_3D('',#13322,#10885,#10886);
#8783=AXIS2_PLACEMENT_3D('',#13326,#10889,#10890);
#8784=AXIS2_PLACEMENT_3D('',#13328,#10891,#10892);
#8785=AXIS2_PLACEMENT_3D('',#13330,#10894,#10895);
#8786=AXIS2_PLACEMENT_3D('',#13334,#10898,#10899);
#8787=AXIS2_PLACEMENT_3D('',#13336,#10900,#10901);
#8788=AXIS2_PLACEMENT_3D('',#13338,#10903,#10904);
#8789=AXIS2_PLACEMENT_3D('',#13342,#10907,#10908);
#8790=AXIS2_PLACEMENT_3D('',#13344,#10909,#10910);
#8791=AXIS2_PLACEMENT_3D('',#13346,#10912,#10913);
#8792=AXIS2_PLACEMENT_3D('',#13350,#10916,#10917);
#8793=AXIS2_PLACEMENT_3D('',#13352,#10918,#10919);
#8794=AXIS2_PLACEMENT_3D('',#13354,#10921,#10922);
#8795=AXIS2_PLACEMENT_3D('',#13358,#10925,#10926);
#8796=AXIS2_PLACEMENT_3D('',#13360,#10927,#10928);
#8797=AXIS2_PLACEMENT_3D('',#13362,#10930,#10931);
#8798=AXIS2_PLACEMENT_3D('',#13366,#10934,#10935);
#8799=AXIS2_PLACEMENT_3D('',#13368,#10936,#10937);
#8800=AXIS2_PLACEMENT_3D('',#13370,#10939,#10940);
#8801=AXIS2_PLACEMENT_3D('',#13374,#10943,#10944);
#8802=AXIS2_PLACEMENT_3D('',#13376,#10945,#10946);
#8803=AXIS2_PLACEMENT_3D('',#13378,#10948,#10949);
#8804=AXIS2_PLACEMENT_3D('',#13382,#10952,#10953);
#8805=AXIS2_PLACEMENT_3D('',#13384,#10954,#10955);
#8806=AXIS2_PLACEMENT_3D('',#13386,#10957,#10958);
#8807=AXIS2_PLACEMENT_3D('',#13390,#10961,#10962);
#8808=AXIS2_PLACEMENT_3D('',#13392,#10963,#10964);
#8809=AXIS2_PLACEMENT_3D('',#13394,#10966,#10967);
#8810=AXIS2_PLACEMENT_3D('',#13398,#10970,#10971);
#8811=AXIS2_PLACEMENT_3D('',#13400,#10972,#10973);
#8812=AXIS2_PLACEMENT_3D('',#13402,#10975,#10976);
#8813=AXIS2_PLACEMENT_3D('',#13406,#10979,#10980);
#8814=AXIS2_PLACEMENT_3D('',#13408,#10981,#10982);
#8815=AXIS2_PLACEMENT_3D('',#13410,#10984,#10985);
#8816=AXIS2_PLACEMENT_3D('',#13414,#10988,#10989);
#8817=AXIS2_PLACEMENT_3D('',#13416,#10990,#10991);
#8818=AXIS2_PLACEMENT_3D('',#13418,#10993,#10994);
#8819=AXIS2_PLACEMENT_3D('',#13420,#10996,#10997);
#8820=AXIS2_PLACEMENT_3D('',#13424,#11000,#11001);
#8821=AXIS2_PLACEMENT_3D('',#13426,#11002,#11003);
#8822=AXIS2_PLACEMENT_3D('',#13428,#11005,#11006);
#8823=AXIS2_PLACEMENT_3D('',#13432,#11009,#11010);
#8824=AXIS2_PLACEMENT_3D('',#13434,#11011,#11012);
#8825=AXIS2_PLACEMENT_3D('',#13436,#11014,#11015);
#8826=AXIS2_PLACEMENT_3D('',#13440,#11018,#11019);
#8827=AXIS2_PLACEMENT_3D('',#13442,#11020,#11021);
#8828=AXIS2_PLACEMENT_3D('',#13444,#11023,#11024);
#8829=AXIS2_PLACEMENT_3D('',#13448,#11027,#11028);
#8830=AXIS2_PLACEMENT_3D('',#13450,#11029,#11030);
#8831=AXIS2_PLACEMENT_3D('',#13452,#11032,#11033);
#8832=AXIS2_PLACEMENT_3D('',#13456,#11036,#11037);
#8833=AXIS2_PLACEMENT_3D('',#13458,#11038,#11039);
#8834=AXIS2_PLACEMENT_3D('',#13460,#11041,#11042);
#8835=AXIS2_PLACEMENT_3D('',#13464,#11045,#11046);
#8836=AXIS2_PLACEMENT_3D('',#13466,#11047,#11048);
#8837=AXIS2_PLACEMENT_3D('',#13468,#11050,#11051);
#8838=AXIS2_PLACEMENT_3D('',#13472,#11054,#11055);
#8839=AXIS2_PLACEMENT_3D('',#13474,#11056,#11057);
#8840=AXIS2_PLACEMENT_3D('',#13476,#11059,#11060);
#8841=AXIS2_PLACEMENT_3D('',#13480,#11063,#11064);
#8842=AXIS2_PLACEMENT_3D('',#13482,#11065,#11066);
#8843=AXIS2_PLACEMENT_3D('',#13484,#11068,#11069);
#8844=AXIS2_PLACEMENT_3D('',#13488,#11072,#11073);
#8845=AXIS2_PLACEMENT_3D('',#13490,#11074,#11075);
#8846=AXIS2_PLACEMENT_3D('',#13492,#11077,#11078);
#8847=AXIS2_PLACEMENT_3D('',#13496,#11081,#11082);
#8848=AXIS2_PLACEMENT_3D('',#13498,#11083,#11084);
#8849=AXIS2_PLACEMENT_3D('',#13500,#11086,#11087);
#8850=AXIS2_PLACEMENT_3D('',#13504,#11090,#11091);
#8851=AXIS2_PLACEMENT_3D('',#13506,#11092,#11093);
#8852=AXIS2_PLACEMENT_3D('',#13508,#11095,#11096);
#8853=AXIS2_PLACEMENT_3D('',#13512,#11099,#11100);
#8854=AXIS2_PLACEMENT_3D('',#13514,#11101,#11102);
#8855=AXIS2_PLACEMENT_3D('',#13516,#11104,#11105);
#8856=AXIS2_PLACEMENT_3D('',#13520,#11108,#11109);
#8857=AXIS2_PLACEMENT_3D('',#13522,#11110,#11111);
#8858=AXIS2_PLACEMENT_3D('',#13524,#11113,#11114);
#8859=AXIS2_PLACEMENT_3D('',#13528,#11117,#11118);
#8860=AXIS2_PLACEMENT_3D('',#13530,#11119,#11120);
#8861=AXIS2_PLACEMENT_3D('',#13532,#11122,#11123);
#8862=AXIS2_PLACEMENT_3D('',#13536,#11126,#11127);
#8863=AXIS2_PLACEMENT_3D('',#13538,#11128,#11129);
#8864=AXIS2_PLACEMENT_3D('',#13540,#11131,#11132);
#8865=AXIS2_PLACEMENT_3D('',#13544,#11135,#11136);
#8866=AXIS2_PLACEMENT_3D('',#13546,#11137,#11138);
#8867=AXIS2_PLACEMENT_3D('',#13548,#11140,#11141);
#8868=AXIS2_PLACEMENT_3D('',#13552,#11144,#11145);
#8869=AXIS2_PLACEMENT_3D('',#13554,#11146,#11147);
#8870=AXIS2_PLACEMENT_3D('',#13556,#11149,#11150);
#8871=AXIS2_PLACEMENT_3D('',#13560,#11153,#11154);
#8872=AXIS2_PLACEMENT_3D('',#13562,#11155,#11156);
#8873=AXIS2_PLACEMENT_3D('',#13564,#11158,#11159);
#8874=AXIS2_PLACEMENT_3D('',#13568,#11162,#11163);
#8875=AXIS2_PLACEMENT_3D('',#13570,#11164,#11165);
#8876=AXIS2_PLACEMENT_3D('',#13572,#11167,#11168);
#8877=AXIS2_PLACEMENT_3D('',#13576,#11171,#11172);
#8878=AXIS2_PLACEMENT_3D('',#13578,#11173,#11174);
#8879=AXIS2_PLACEMENT_3D('',#13580,#11176,#11177);
#8880=AXIS2_PLACEMENT_3D('',#13584,#11180,#11181);
#8881=AXIS2_PLACEMENT_3D('',#13586,#11182,#11183);
#8882=AXIS2_PLACEMENT_3D('',#13588,#11185,#11186);
#8883=AXIS2_PLACEMENT_3D('',#13592,#11189,#11190);
#8884=AXIS2_PLACEMENT_3D('',#13594,#11191,#11192);
#8885=AXIS2_PLACEMENT_3D('',#13596,#11194,#11195);
#8886=AXIS2_PLACEMENT_3D('',#13600,#11198,#11199);
#8887=AXIS2_PLACEMENT_3D('',#13602,#11200,#11201);
#8888=AXIS2_PLACEMENT_3D('',#13604,#11203,#11204);
#8889=AXIS2_PLACEMENT_3D('',#13608,#11207,#11208);
#8890=AXIS2_PLACEMENT_3D('',#13610,#11209,#11210);
#8891=AXIS2_PLACEMENT_3D('',#13612,#11212,#11213);
#8892=AXIS2_PLACEMENT_3D('',#13616,#11216,#11217);
#8893=AXIS2_PLACEMENT_3D('',#13618,#11218,#11219);
#8894=AXIS2_PLACEMENT_3D('',#13620,#11221,#11222);
#8895=AXIS2_PLACEMENT_3D('',#13624,#11225,#11226);
#8896=AXIS2_PLACEMENT_3D('',#13626,#11227,#11228);
#8897=AXIS2_PLACEMENT_3D('',#13628,#11230,#11231);
#8898=AXIS2_PLACEMENT_3D('',#13632,#11234,#11235);
#8899=AXIS2_PLACEMENT_3D('',#13634,#11236,#11237);
#8900=AXIS2_PLACEMENT_3D('',#13636,#11239,#11240);
#8901=AXIS2_PLACEMENT_3D('',#13640,#11243,#11244);
#8902=AXIS2_PLACEMENT_3D('',#13642,#11245,#11246);
#8903=AXIS2_PLACEMENT_3D('',#13644,#11248,#11249);
#8904=AXIS2_PLACEMENT_3D('',#13648,#11252,#11253);
#8905=AXIS2_PLACEMENT_3D('',#13650,#11254,#11255);
#8906=AXIS2_PLACEMENT_3D('',#13652,#11257,#11258);
#8907=AXIS2_PLACEMENT_3D('',#13656,#11261,#11262);
#8908=AXIS2_PLACEMENT_3D('',#13658,#11263,#11264);
#8909=AXIS2_PLACEMENT_3D('',#13660,#11266,#11267);
#8910=AXIS2_PLACEMENT_3D('',#13664,#11270,#11271);
#8911=AXIS2_PLACEMENT_3D('',#13666,#11272,#11273);
#8912=AXIS2_PLACEMENT_3D('',#13668,#11275,#11276);
#8913=AXIS2_PLACEMENT_3D('',#13672,#11279,#11280);
#8914=AXIS2_PLACEMENT_3D('',#13674,#11281,#11282);
#8915=AXIS2_PLACEMENT_3D('',#13676,#11284,#11285);
#8916=AXIS2_PLACEMENT_3D('',#13680,#11288,#11289);
#8917=AXIS2_PLACEMENT_3D('',#13682,#11290,#11291);
#8918=AXIS2_PLACEMENT_3D('',#13684,#11293,#11294);
#8919=AXIS2_PLACEMENT_3D('',#13688,#11297,#11298);
#8920=AXIS2_PLACEMENT_3D('',#13690,#11299,#11300);
#8921=AXIS2_PLACEMENT_3D('',#13692,#11302,#11303);
#8922=AXIS2_PLACEMENT_3D('',#13696,#11306,#11307);
#8923=AXIS2_PLACEMENT_3D('',#13698,#11308,#11309);
#8924=AXIS2_PLACEMENT_3D('',#13700,#11311,#11312);
#8925=AXIS2_PLACEMENT_3D('',#13704,#11315,#11316);
#8926=AXIS2_PLACEMENT_3D('',#13705,#11317,#11318);
#8927=AXIS2_PLACEMENT_3D('',#13706,#11319,#11320);
#8928=AXIS2_PLACEMENT_3D('',#13708,#11322,#11323);
#8929=DIRECTION('axis',(0.,0.,1.));
#8930=DIRECTION('refdir',(1.,0.,0.));
#8931=DIRECTION('center_axis',(0.,0.,-1.));
#8932=DIRECTION('ref_axis',(-0.707106752375965,-0.707106809997129,0.));
#8933=DIRECTION('center_axis',(0.,0.,1.));
#8934=DIRECTION('ref_axis',(-0.707106752375965,-0.707106809997129,0.));
#8935=DIRECTION('',(0.,0.,1.));
#8936=DIRECTION('center_axis',(0.,0.,-1.));
#8937=DIRECTION('ref_axis',(-0.707106752375965,-0.707106809997129,0.));
#8938=DIRECTION('',(0.,0.,-1.));
#8939=DIRECTION('center_axis',(-0.999999999999999,-4.07443131207686E-8,
0.));
#8940=DIRECTION('ref_axis',(-4.07443131207686E-8,0.999999999999999,0.));
#8941=DIRECTION('',(-4.07443131207686E-8,0.999999999999999,0.));
#8942=DIRECTION('',(0.,0.,1.));
#8943=DIRECTION('',(-4.07443131207686E-8,0.999999999999999,0.));
#8944=DIRECTION('center_axis',(0.,0.,1.));
#8945=DIRECTION('ref_axis',(1.,0.,0.));
#8946=DIRECTION('',(0.999999999999999,4.07443129881504E-8,0.));
#8947=DIRECTION('center_axis',(0.,0.,1.));
#8948=DIRECTION('ref_axis',(1.,0.,0.));
#8949=DIRECTION('',(1.,0.,0.));
#8950=DIRECTION('center_axis',(0.,0.,1.));
#8951=DIRECTION('ref_axis',(-1.,0.,0.));
#8952=DIRECTION('',(0.,-1.,0.));
#8953=DIRECTION('center_axis',(0.,0.,1.));
#8954=DIRECTION('ref_axis',(0.,1.,0.));
#8955=DIRECTION('',(1.,0.,0.));
#8956=DIRECTION('center_axis',(0.,0.,1.));
#8957=DIRECTION('ref_axis',(1.,0.,0.));
#8958=DIRECTION('',(0.,-1.,0.));
#8959=DIRECTION('center_axis',(0.,0.,1.));
#8960=DIRECTION('ref_axis',(1.,0.,0.));
#8961=DIRECTION('',(0.999999999999999,4.07443129881504E-8,0.));
#8962=DIRECTION('center_axis',(0.,0.,1.));
#8963=DIRECTION('ref_axis',(1.,0.,0.));
#8964=DIRECTION('',(0.999999999999999,4.07443129881504E-8,0.));
#8965=DIRECTION('center_axis',(0.,0.,1.));
#8966=DIRECTION('ref_axis',(1.,0.,0.));
#8967=DIRECTION('',(1.,0.,0.));
#8968=DIRECTION('center_axis',(0.,0.,1.));
#8969=DIRECTION('ref_axis',(-1.,0.,0.));
#8970=DIRECTION('',(0.,-1.,0.));
#8971=DIRECTION('center_axis',(0.,0.,1.));
#8972=DIRECTION('ref_axis',(0.,1.,0.));
#8973=DIRECTION('',(1.,0.,0.));
#8974=DIRECTION('center_axis',(0.,0.,1.));
#8975=DIRECTION('ref_axis',(1.,0.,0.));
#8976=DIRECTION('',(0.,-1.,0.));
#8977=DIRECTION('center_axis',(0.,0.,1.));
#8978=DIRECTION('ref_axis',(1.,0.,0.));
#8979=DIRECTION('',(0.,-1.,0.));
#8980=DIRECTION('center_axis',(0.,0.,1.));
#8981=DIRECTION('ref_axis',(0.,1.,0.));
#8982=DIRECTION('',(1.,0.,0.));
#8983=DIRECTION('center_axis',(0.,0.,1.));
#8984=DIRECTION('ref_axis',(1.,0.,0.));
#8985=DIRECTION('',(0.,-1.,0.));
#8986=DIRECTION('center_axis',(0.,0.,1.));
#8987=DIRECTION('ref_axis',(0.,-1.,0.));
#8988=DIRECTION('',(1.,0.,0.));
#8989=DIRECTION('center_axis',(0.,0.,1.));
#8990=DIRECTION('ref_axis',(1.,0.,0.));
#8991=DIRECTION('',(0.999999999999999,4.07443129881504E-8,0.));
#8992=DIRECTION('center_axis',(0.,0.,-1.));
#8993=DIRECTION('ref_axis',(0.707106809997128,-0.707106752375966,0.));
#8994=DIRECTION('',(-4.07443128876509E-8,0.999999999999999,0.));
#8995=DIRECTION('center_axis',(0.,0.,-1.));
#8996=DIRECTION('ref_axis',(0.707106752375965,0.707106809997129,0.));
#8997=DIRECTION('',(0.999999999999999,4.07443129881504E-8,0.));
#8998=DIRECTION('center_axis',(0.,0.,1.));
#8999=DIRECTION('ref_axis',(1.,0.,0.));
#9000=DIRECTION('',(1.,0.,0.));
#9001=DIRECTION('center_axis',(0.,0.,1.));
#9002=DIRECTION('ref_axis',(1.,0.,0.));
#9003=DIRECTION('',(0.,-1.,0.));
#9004=DIRECTION('center_axis',(0.,0.,1.));
#9005=DIRECTION('ref_axis',(0.,-1.,0.));
#9006=DIRECTION('',(1.,0.,0.));
#9007=DIRECTION('center_axis',(0.,0.,1.));
#9008=DIRECTION('ref_axis',(-1.,0.,0.));
#9009=DIRECTION('',(0.,-1.,0.));
#9010=DIRECTION('center_axis',(0.,0.,1.));
#9011=DIRECTION('ref_axis',(1.,0.,0.));
#9012=DIRECTION('',(0.,-1.,0.));
#9013=DIRECTION('center_axis',(0.,0.,1.));
#9014=DIRECTION('ref_axis',(0.,-1.,0.));
#9015=DIRECTION('',(1.,0.,0.));
#9016=DIRECTION('center_axis',(0.,0.,1.));
#9017=DIRECTION('ref_axis',(-1.,0.,0.));
#9018=DIRECTION('',(0.,-1.,0.));
#9019=DIRECTION('center_axis',(0.,0.,1.));
#9020=DIRECTION('ref_axis',(0.,1.,0.));
#9021=DIRECTION('',(1.,0.,0.));
#9022=DIRECTION('center_axis',(0.,0.,1.));
#9023=DIRECTION('ref_axis',(1.,0.,0.));
#9024=DIRECTION('',(0.999999999999999,4.07443129881504E-8,0.));
#9025=DIRECTION('center_axis',(0.,0.,1.));
#9026=DIRECTION('ref_axis',(1.,0.,0.));
#9027=DIRECTION('',(1.,0.,0.));
#9028=DIRECTION('center_axis',(0.,0.,1.));
#9029=DIRECTION('ref_axis',(1.,0.,0.));
#9030=DIRECTION('',(0.,-1.,0.));
#9031=DIRECTION('center_axis',(0.,0.,1.));
#9032=DIRECTION('ref_axis',(0.,-1.,0.));
#9033=DIRECTION('',(1.,0.,0.));
#9034=DIRECTION('center_axis',(0.,0.,1.));
#9035=DIRECTION('ref_axis',(-1.,0.,0.));
#9036=DIRECTION('',(0.,-1.,0.));
#9037=DIRECTION('center_axis',(0.,0.,1.));
#9038=DIRECTION('ref_axis',(1.,0.,0.));
#9039=DIRECTION('',(0.,-1.,0.));
#9040=DIRECTION('center_axis',(0.,0.,1.));
#9041=DIRECTION('ref_axis',(0.,-1.,0.));
#9042=DIRECTION('',(1.,0.,0.));
#9043=DIRECTION('center_axis',(0.,0.,1.));
#9044=DIRECTION('ref_axis',(-1.,0.,0.));
#9045=DIRECTION('',(0.,-1.,0.));
#9046=DIRECTION('center_axis',(0.,0.,1.));
#9047=DIRECTION('ref_axis',(0.,1.,0.));
#9048=DIRECTION('',(1.,0.,0.));
#9049=DIRECTION('center_axis',(0.,0.,1.));
#9050=DIRECTION('ref_axis',(1.,0.,0.));
#9051=DIRECTION('',(0.999999999999999,4.07443129881504E-8,0.));
#9052=DIRECTION('center_axis',(0.,0.,1.));
#9053=DIRECTION('ref_axis',(1.,0.,0.));
#9054=DIRECTION('',(1.,0.,0.));
#9055=DIRECTION('center_axis',(0.,0.,1.));
#9056=DIRECTION('ref_axis',(1.,0.,0.));
#9057=DIRECTION('',(0.,-1.,0.));
#9058=DIRECTION('center_axis',(0.,0.,1.));
#9059=DIRECTION('ref_axis',(0.,-1.,0.));
#9060=DIRECTION('',(1.,0.,0.));
#9061=DIRECTION('center_axis',(0.,0.,1.));
#9062=DIRECTION('ref_axis',(-1.,0.,0.));
#9063=DIRECTION('',(0.,-1.,0.));
#9064=DIRECTION('center_axis',(0.,0.,1.));
#9065=DIRECTION('ref_axis',(1.,0.,0.));
#9066=DIRECTION('',(0.,-1.,0.));
#9067=DIRECTION('center_axis',(0.,0.,1.));
#9068=DIRECTION('ref_axis',(0.,-1.,0.));
#9069=DIRECTION('',(1.,0.,0.));
#9070=DIRECTION('center_axis',(0.,0.,1.));
#9071=DIRECTION('ref_axis',(-1.,0.,0.));
#9072=DIRECTION('',(0.,-1.,0.));
#9073=DIRECTION('center_axis',(0.,0.,1.));
#9074=DIRECTION('ref_axis',(0.,1.,0.));
#9075=DIRECTION('',(1.,0.,0.));
#9076=DIRECTION('center_axis',(0.,0.,1.));
#9077=DIRECTION('ref_axis',(1.,0.,0.));
#9078=DIRECTION('',(0.999999999999999,4.07443129881504E-8,0.));
#9079=DIRECTION('center_axis',(0.,0.,1.));
#9080=DIRECTION('ref_axis',(1.,0.,0.));
#9081=DIRECTION('',(1.,0.,0.));
#9082=DIRECTION('center_axis',(0.,0.,1.));
#9083=DIRECTION('ref_axis',(1.,0.,0.));
#9084=DIRECTION('',(0.,-1.,0.));
#9085=DIRECTION('center_axis',(0.,0.,1.));
#9086=DIRECTION('ref_axis',(0.,-1.,0.));
#9087=DIRECTION('',(1.,0.,0.));
#9088=DIRECTION('center_axis',(0.,0.,1.));
#9089=DIRECTION('ref_axis',(-1.,0.,0.));
#9090=DIRECTION('',(0.,-1.,0.));
#9091=DIRECTION('center_axis',(0.,0.,1.));
#9092=DIRECTION('ref_axis',(1.,0.,0.));
#9093=DIRECTION('',(0.,-1.,0.));
#9094=DIRECTION('center_axis',(0.,0.,1.));
#9095=DIRECTION('ref_axis',(3.55271367880051E-14,-1.,0.));
#9096=DIRECTION('',(1.,0.,0.));
#9097=DIRECTION('center_axis',(0.,0.,1.));
#9098=DIRECTION('ref_axis',(-1.,0.,0.));
#9099=DIRECTION('',(0.,-1.,0.));
#9100=DIRECTION('center_axis',(0.,0.,1.));
#9101=DIRECTION('ref_axis',(0.,1.,0.));
#9102=DIRECTION('',(1.,0.,0.));
#9103=DIRECTION('center_axis',(0.,0.,1.));
#9104=DIRECTION('ref_axis',(1.,0.,0.));
#9105=DIRECTION('',(0.999999999999999,4.07443129881504E-8,0.));
#9106=DIRECTION('center_axis',(0.,0.,-1.));
#9107=DIRECTION('ref_axis',(-0.707106809997129,0.707106752375965,0.));
#9108=DIRECTION('center_axis',(0.,0.,-1.));
#9109=DIRECTION('ref_axis',(0.,1.,0.));
#9110=DIRECTION('',(1.,0.,0.));
#9111=DIRECTION('center_axis',(0.,0.,-1.));
#9112=DIRECTION('ref_axis',(1.,0.,0.));
#9113=DIRECTION('',(0.,-1.,0.));
#9114=DIRECTION('center_axis',(0.,0.,-1.));
#9115=DIRECTION('ref_axis',(0.,-1.,0.));
#9116=DIRECTION('',(-1.,0.,0.));
#9117=DIRECTION('center_axis',(0.,0.,-1.));
#9118=DIRECTION('ref_axis',(-1.,0.,0.));
#9119=DIRECTION('',(0.,1.,0.));
#9120=DIRECTION('center_axis',(0.,0.,-1.));
#9121=DIRECTION('ref_axis',(0.,1.,0.));
#9122=DIRECTION('',(1.,0.,0.));
#9123=DIRECTION('center_axis',(0.,0.,-1.));
#9124=DIRECTION('ref_axis',(1.,0.,0.));
#9125=DIRECTION('',(0.,-1.,0.));
#9126=DIRECTION('center_axis',(0.,0.,-1.));
#9127=DIRECTION('ref_axis',(0.,-1.,0.));
#9128=DIRECTION('',(-1.,0.,0.));
#9129=DIRECTION('center_axis',(0.,0.,-1.));
#9130=DIRECTION('ref_axis',(-1.,0.,0.));
#9131=DIRECTION('',(0.,1.,0.));
#9132=DIRECTION('center_axis',(0.,0.,-1.));
#9133=DIRECTION('ref_axis',(0.,1.,0.));
#9134=DIRECTION('',(1.,0.,0.));
#9135=DIRECTION('center_axis',(0.,0.,-1.));
#9136=DIRECTION('ref_axis',(1.,0.,0.));
#9137=DIRECTION('',(0.,-1.,0.));
#9138=DIRECTION('center_axis',(0.,0.,-1.));
#9139=DIRECTION('ref_axis',(1.77635683940026E-14,-1.,0.));
#9140=DIRECTION('',(-1.,0.,0.));
#9141=DIRECTION('center_axis',(0.,0.,-1.));
#9142=DIRECTION('ref_axis',(-1.,0.,0.));
#9143=DIRECTION('',(0.,1.,0.));
#9144=DIRECTION('center_axis',(0.,0.,-1.));
#9145=DIRECTION('ref_axis',(0.,1.,0.));
#9146=DIRECTION('',(1.,0.,0.));
#9147=DIRECTION('center_axis',(0.,0.,-1.));
#9148=DIRECTION('ref_axis',(1.,0.,0.));
#9149=DIRECTION('',(0.,-1.,0.));
#9150=DIRECTION('center_axis',(0.,0.,-1.));
#9151=DIRECTION('ref_axis',(0.,-1.,0.));
#9152=DIRECTION('',(-1.,0.,0.));
#9153=DIRECTION('center_axis',(0.,0.,-1.));
#9154=DIRECTION('ref_axis',(-1.,0.,0.));
#9155=DIRECTION('',(0.,1.,0.));
#9156=DIRECTION('center_axis',(0.,0.,-1.));
#9157=DIRECTION('ref_axis',(-1.,0.,0.));
#9158=DIRECTION('',(7.31441066748254E-15,1.,0.));
#9159=DIRECTION('center_axis',(0.,0.,-1.));
#9160=DIRECTION('ref_axis',(0.,1.,0.));
#9161=DIRECTION('',(1.,0.,0.));
#9162=DIRECTION('center_axis',(0.,0.,-1.));
#9163=DIRECTION('ref_axis',(1.,0.,0.));
#9164=DIRECTION('',(0.,-1.,0.));
#9165=DIRECTION('center_axis',(0.,0.,-1.));
#9166=DIRECTION('ref_axis',(0.,-1.,0.));
#9167=DIRECTION('',(-1.,0.,0.));
#9168=DIRECTION('center_axis',(0.,0.,-1.));
#9169=DIRECTION('ref_axis',(1.,0.,0.));
#9170=DIRECTION('center_axis',(0.,0.,-1.));
#9171=DIRECTION('ref_axis',(0.,1.,0.));
#9172=DIRECTION('',(1.,0.,0.));
#9173=DIRECTION('center_axis',(0.,0.,-1.));
#9174=DIRECTION('ref_axis',(1.,0.,0.));
#9175=DIRECTION('',(0.,-1.,0.));
#9176=DIRECTION('center_axis',(0.,0.,-1.));
#9177=DIRECTION('ref_axis',(3.55271367880051E-14,-1.,0.));
#9178=DIRECTION('',(-1.,0.,0.));
#9179=DIRECTION('center_axis',(0.,0.,-1.));
#9180=DIRECTION('ref_axis',(-1.,0.,0.));
#9181=DIRECTION('',(0.,1.,0.));
#9182=DIRECTION('center_axis',(0.,0.,-1.));
#9183=DIRECTION('ref_axis',(0.,1.,0.));
#9184=DIRECTION('',(1.,0.,0.));
#9185=DIRECTION('center_axis',(0.,0.,-1.));
#9186=DIRECTION('ref_axis',(1.,0.,0.));
#9187=DIRECTION('',(0.,-1.,0.));
#9188=DIRECTION('center_axis',(0.,0.,-1.));
#9189=DIRECTION('ref_axis',(0.,-1.,0.));
#9190=DIRECTION('',(-1.,0.,0.));
#9191=DIRECTION('center_axis',(0.,0.,-1.));
#9192=DIRECTION('ref_axis',(-1.,0.,0.));
#9193=DIRECTION('',(0.,1.,0.));
#9194=DIRECTION('center_axis',(0.,0.,-1.));
#9195=DIRECTION('ref_axis',(0.,1.,0.));
#9196=DIRECTION('',(1.,0.,0.));
#9197=DIRECTION('center_axis',(0.,0.,-1.));
#9198=DIRECTION('ref_axis',(1.,0.,0.));
#9199=DIRECTION('',(0.,-1.,0.));
#9200=DIRECTION('center_axis',(0.,0.,-1.));
#9201=DIRECTION('ref_axis',(0.,-1.,0.));
#9202=DIRECTION('',(-1.,0.,0.));
#9203=DIRECTION('center_axis',(0.,0.,-1.));
#9204=DIRECTION('ref_axis',(-1.,0.,0.));
#9205=DIRECTION('',(0.,1.,0.));
#9206=DIRECTION('center_axis',(0.,0.,-1.));
#9207=DIRECTION('ref_axis',(0.,1.,0.));
#9208=DIRECTION('',(1.,0.,0.));
#9209=DIRECTION('center_axis',(0.,0.,-1.));
#9210=DIRECTION('ref_axis',(1.,0.,0.));
#9211=DIRECTION('',(0.,-1.,0.));
#9212=DIRECTION('center_axis',(0.,0.,-1.));
#9213=DIRECTION('ref_axis',(0.,-1.,0.));
#9214=DIRECTION('',(-1.,0.,0.));
#9215=DIRECTION('center_axis',(0.,0.,-1.));
#9216=DIRECTION('ref_axis',(-1.,0.,0.));
#9217=DIRECTION('',(0.,1.,0.));
#9218=DIRECTION('center_axis',(0.,0.,-1.));
#9219=DIRECTION('ref_axis',(-1.,0.,0.));
#9220=DIRECTION('',(0.,1.,0.));
#9221=DIRECTION('center_axis',(0.,0.,-1.));
#9222=DIRECTION('ref_axis',(0.,1.,0.));
#9223=DIRECTION('',(1.,0.,0.));
#9224=DIRECTION('center_axis',(0.,0.,-1.));
#9225=DIRECTION('ref_axis',(1.,0.,0.));
#9226=DIRECTION('',(0.,-1.,0.));
#9227=DIRECTION('center_axis',(0.,0.,-1.));
#9228=DIRECTION('ref_axis',(0.,-1.,0.));
#9229=DIRECTION('',(-1.,0.,0.));
#9230=DIRECTION('center_axis',(0.,0.,-1.));
#9231=DIRECTION('ref_axis',(0.,1.,0.));
#9232=DIRECTION('',(1.,0.,0.));
#9233=DIRECTION('center_axis',(0.,0.,-1.));
#9234=DIRECTION('ref_axis',(1.,0.,0.));
#9235=DIRECTION('',(0.,-1.,0.));
#9236=DIRECTION('center_axis',(0.,0.,-1.));
#9237=DIRECTION('ref_axis',(0.,-1.,0.));
#9238=DIRECTION('',(-1.,0.,0.));
#9239=DIRECTION('center_axis',(0.,0.,-1.));
#9240=DIRECTION('ref_axis',(-1.,0.,0.));
#9241=DIRECTION('',(0.,1.,0.));
#9242=DIRECTION('center_axis',(0.,0.,-1.));
#9243=DIRECTION('ref_axis',(1.,0.,0.));
#9244=DIRECTION('center_axis',(0.,0.,-1.));
#9245=DIRECTION('ref_axis',(0.,1.,0.));
#9246=DIRECTION('',(1.,0.,0.));
#9247=DIRECTION('center_axis',(0.,0.,-1.));
#9248=DIRECTION('ref_axis',(1.,0.,0.));
#9249=DIRECTION('',(0.,-1.,0.));
#9250=DIRECTION('center_axis',(0.,0.,-1.));
#9251=DIRECTION('ref_axis',(0.,-1.,0.));
#9252=DIRECTION('',(-1.,0.,0.));
#9253=DIRECTION('center_axis',(0.,0.,-1.));
#9254=DIRECTION('ref_axis',(-1.,0.,0.));
#9255=DIRECTION('',(0.,1.,0.));
#9256=DIRECTION('center_axis',(0.,0.,-1.));
#9257=DIRECTION('ref_axis',(0.,1.,0.));
#9258=DIRECTION('',(1.,0.,0.));
#9259=DIRECTION('center_axis',(0.,0.,-1.));
#9260=DIRECTION('ref_axis',(1.,0.,0.));
#9261=DIRECTION('',(0.,-1.,0.));
#9262=DIRECTION('center_axis',(0.,0.,-1.));
#9263=DIRECTION('ref_axis',(0.,-1.,0.));
#9264=DIRECTION('',(-1.,0.,0.));
#9265=DIRECTION('center_axis',(0.,0.,-1.));
#9266=DIRECTION('ref_axis',(-1.,0.,0.));
#9267=DIRECTION('',(0.,1.,0.));
#9268=DIRECTION('center_axis',(0.,0.,-1.));
#9269=DIRECTION('ref_axis',(1.,0.,0.));
#9270=DIRECTION('center_axis',(0.,0.,-1.));
#9271=DIRECTION('ref_axis',(0.,1.,0.));
#9272=DIRECTION('',(1.,0.,0.));
#9273=DIRECTION('center_axis',(0.,0.,-1.));
#9274=DIRECTION('ref_axis',(1.,0.,0.));
#9275=DIRECTION('',(0.,-1.,0.));
#9276=DIRECTION('center_axis',(0.,0.,-1.));
#9277=DIRECTION('ref_axis',(0.,-1.,0.));
#9278=DIRECTION('',(-1.,0.,0.));
#9279=DIRECTION('center_axis',(0.,0.,-1.));
#9280=DIRECTION('ref_axis',(-1.,0.,0.));
#9281=DIRECTION('',(0.,1.,0.));
#9282=DIRECTION('center_axis',(0.,0.,-1.));
#9283=DIRECTION('ref_axis',(0.,1.,0.));
#9284=DIRECTION('',(1.,0.,0.));
#9285=DIRECTION('center_axis',(0.,0.,-1.));
#9286=DIRECTION('ref_axis',(1.,0.,0.));
#9287=DIRECTION('',(0.,-1.,0.));
#9288=DIRECTION('center_axis',(0.,0.,-1.));
#9289=DIRECTION('ref_axis',(0.,-1.,0.));
#9290=DIRECTION('',(-1.,0.,0.));
#9291=DIRECTION('center_axis',(0.,0.,-1.));
#9292=DIRECTION('ref_axis',(-1.,0.,0.));
#9293=DIRECTION('',(0.,1.,0.));
#9294=DIRECTION('center_axis',(0.,0.,-1.));
#9295=DIRECTION('ref_axis',(0.,1.,0.));
#9296=DIRECTION('',(1.,0.,0.));
#9297=DIRECTION('center_axis',(0.,0.,-1.));
#9298=DIRECTION('ref_axis',(1.,0.,0.));
#9299=DIRECTION('',(0.,-1.,0.));
#9300=DIRECTION('center_axis',(0.,0.,-1.));
#9301=DIRECTION('ref_axis',(0.,-1.,0.));
#9302=DIRECTION('',(-1.,0.,0.));
#9303=DIRECTION('center_axis',(0.,0.,-1.));
#9304=DIRECTION('ref_axis',(-1.,0.,0.));
#9305=DIRECTION('',(0.,1.,0.));
#9306=DIRECTION('center_axis',(0.,0.,-1.));
#9307=DIRECTION('ref_axis',(0.,1.,0.));
#9308=DIRECTION('',(1.,0.,0.));
#9309=DIRECTION('center_axis',(0.,0.,-1.));
#9310=DIRECTION('ref_axis',(1.,0.,0.));
#9311=DIRECTION('',(0.,-1.,0.));
#9312=DIRECTION('center_axis',(0.,0.,-1.));
#9313=DIRECTION('ref_axis',(0.,-1.,0.));
#9314=DIRECTION('',(-1.,0.,0.));
#9315=DIRECTION('center_axis',(0.,0.,-1.));
#9316=DIRECTION('ref_axis',(-1.,0.,0.));
#9317=DIRECTION('',(0.,1.,0.));
#9318=DIRECTION('center_axis',(0.,0.,-1.));
#9319=DIRECTION('ref_axis',(0.,1.,0.));
#9320=DIRECTION('',(1.,0.,0.));
#9321=DIRECTION('center_axis',(0.,0.,-1.));
#9322=DIRECTION('ref_axis',(1.,0.,0.));
#9323=DIRECTION('',(0.,-1.,0.));
#9324=DIRECTION('center_axis',(0.,0.,-1.));
#9325=DIRECTION('ref_axis',(0.,-1.,0.));
#9326=DIRECTION('',(-1.,0.,0.));
#9327=DIRECTION('center_axis',(0.,0.,-1.));
#9328=DIRECTION('ref_axis',(-1.,0.,0.));
#9329=DIRECTION('',(0.,1.,0.));
#9330=DIRECTION('center_axis',(0.,0.,-1.));
#9331=DIRECTION('ref_axis',(1.,0.,0.));
#9332=DIRECTION('center_axis',(0.,0.,-1.));
#9333=DIRECTION('ref_axis',(1.,0.,0.));
#9334=DIRECTION('center_axis',(0.,0.,-1.));
#9335=DIRECTION('ref_axis',(0.,1.,0.));
#9336=DIRECTION('',(1.,0.,0.));
#9337=DIRECTION('center_axis',(0.,0.,-1.));
#9338=DIRECTION('ref_axis',(1.,0.,0.));
#9339=DIRECTION('',(0.,-1.,0.));
#9340=DIRECTION('center_axis',(0.,0.,-1.));
#9341=DIRECTION('ref_axis',(0.,-1.,0.));
#9342=DIRECTION('',(-1.,0.,0.));
#9343=DIRECTION('center_axis',(0.,0.,-1.));
#9344=DIRECTION('ref_axis',(-1.,0.,0.));
#9345=DIRECTION('',(0.,1.,0.));
#9346=DIRECTION('center_axis',(0.,0.,-1.));
#9347=DIRECTION('ref_axis',(0.,1.,0.));
#9348=DIRECTION('',(1.,0.,0.));
#9349=DIRECTION('center_axis',(0.,0.,-1.));
#9350=DIRECTION('ref_axis',(1.,0.,0.));
#9351=DIRECTION('',(0.,-1.,0.));
#9352=DIRECTION('center_axis',(0.,0.,-1.));
#9353=DIRECTION('ref_axis',(0.,-1.,0.));
#9354=DIRECTION('',(-1.,0.,0.));
#9355=DIRECTION('center_axis',(0.,0.,-1.));
#9356=DIRECTION('ref_axis',(-1.,0.,0.));
#9357=DIRECTION('',(0.,1.,0.));
#9358=DIRECTION('center_axis',(0.,0.,-1.));
#9359=DIRECTION('ref_axis',(0.,1.,0.));
#9360=DIRECTION('',(1.,0.,0.));
#9361=DIRECTION('center_axis',(0.,0.,-1.));
#9362=DIRECTION('ref_axis',(1.,0.,0.));
#9363=DIRECTION('',(0.,-1.,0.));
#9364=DIRECTION('center_axis',(0.,0.,-1.));
#9365=DIRECTION('ref_axis',(0.,-1.,0.));
#9366=DIRECTION('',(-1.,0.,0.));
#9367=DIRECTION('center_axis',(0.,0.,-1.));
#9368=DIRECTION('ref_axis',(-1.,0.,0.));
#9369=DIRECTION('',(0.,1.,0.));
#9370=DIRECTION('center_axis',(0.,0.,-1.));
#9371=DIRECTION('ref_axis',(0.,1.,0.));
#9372=DIRECTION('',(1.,0.,0.));
#9373=DIRECTION('center_axis',(0.,0.,-1.));
#9374=DIRECTION('ref_axis',(1.,0.,0.));
#9375=DIRECTION('',(0.,-1.,0.));
#9376=DIRECTION('center_axis',(0.,0.,-1.));
#9377=DIRECTION('ref_axis',(0.,-1.,0.));
#9378=DIRECTION('',(-1.,0.,0.));
#9379=DIRECTION('center_axis',(0.,0.,-1.));
#9380=DIRECTION('ref_axis',(-1.,0.,0.));
#9381=DIRECTION('',(0.,1.,0.));
#9382=DIRECTION('center_axis',(0.,0.,-1.));
#9383=DIRECTION('ref_axis',(0.,1.,0.));
#9384=DIRECTION('',(1.,0.,0.));
#9385=DIRECTION('center_axis',(0.,0.,-1.));
#9386=DIRECTION('ref_axis',(1.,0.,0.));
#9387=DIRECTION('',(0.,-1.,0.));
#9388=DIRECTION('center_axis',(0.,0.,-1.));
#9389=DIRECTION('ref_axis',(0.,-1.,0.));
#9390=DIRECTION('',(-1.,0.,0.));
#9391=DIRECTION('center_axis',(0.,0.,-1.));
#9392=DIRECTION('ref_axis',(-1.,0.,0.));
#9393=DIRECTION('',(0.,1.,0.));
#9394=DIRECTION('center_axis',(0.,0.,-1.));
#9395=DIRECTION('ref_axis',(1.,0.,0.));
#9396=DIRECTION('center_axis',(0.,0.,-1.));
#9397=DIRECTION('ref_axis',(0.,1.,0.));
#9398=DIRECTION('',(1.,0.,0.));
#9399=DIRECTION('center_axis',(0.,0.,-1.));
#9400=DIRECTION('ref_axis',(1.,0.,0.));
#9401=DIRECTION('',(0.,-1.,0.));
#9402=DIRECTION('center_axis',(0.,0.,-1.));
#9403=DIRECTION('ref_axis',(0.,-1.,0.));
#9404=DIRECTION('',(-1.,0.,0.));
#9405=DIRECTION('center_axis',(0.,0.,-1.));
#9406=DIRECTION('ref_axis',(-1.,0.,0.));
#9407=DIRECTION('',(0.,1.,0.));
#9408=DIRECTION('center_axis',(0.,0.,-1.));
#9409=DIRECTION('ref_axis',(-1.,0.,0.));
#9410=DIRECTION('',(0.,1.,0.));
#9411=DIRECTION('center_axis',(0.,0.,-1.));
#9412=DIRECTION('ref_axis',(0.,1.,0.));
#9413=DIRECTION('',(1.,0.,0.));
#9414=DIRECTION('center_axis',(0.,0.,-1.));
#9415=DIRECTION('ref_axis',(1.,0.,0.));
#9416=DIRECTION('',(0.,-1.,0.));
#9417=DIRECTION('center_axis',(0.,0.,-1.));
#9418=DIRECTION('ref_axis',(0.,-1.,0.));
#9419=DIRECTION('',(-1.,0.,0.));
#9420=DIRECTION('center_axis',(0.,0.,-1.));
#9421=DIRECTION('ref_axis',(0.,1.,0.));
#9422=DIRECTION('',(1.,0.,0.));
#9423=DIRECTION('center_axis',(0.,0.,-1.));
#9424=DIRECTION('ref_axis',(1.,0.,0.));
#9425=DIRECTION('',(0.,-1.,0.));
#9426=DIRECTION('center_axis',(0.,0.,-1.));
#9427=DIRECTION('ref_axis',(0.,-1.,0.));
#9428=DIRECTION('',(-1.,0.,0.));
#9429=DIRECTION('center_axis',(0.,0.,-1.));
#9430=DIRECTION('ref_axis',(-1.,0.,0.));
#9431=DIRECTION('',(0.,1.,0.));
#9432=DIRECTION('center_axis',(0.,0.,-1.));
#9433=DIRECTION('ref_axis',(1.,0.,0.));
#9434=DIRECTION('center_axis',(0.,0.,-1.));
#9435=DIRECTION('ref_axis',(0.,1.,0.));
#9436=DIRECTION('',(1.,0.,0.));
#9437=DIRECTION('center_axis',(0.,0.,-1.));
#9438=DIRECTION('ref_axis',(1.,0.,0.));
#9439=DIRECTION('',(0.,-1.,0.));
#9440=DIRECTION('center_axis',(0.,0.,-1.));
#9441=DIRECTION('ref_axis',(0.,-1.,0.));
#9442=DIRECTION('',(-1.,0.,0.));
#9443=DIRECTION('center_axis',(0.,0.,-1.));
#9444=DIRECTION('ref_axis',(-1.,0.,0.));
#9445=DIRECTION('',(0.,1.,0.));
#9446=DIRECTION('center_axis',(0.,0.,-1.));
#9447=DIRECTION('ref_axis',(0.,1.,0.));
#9448=DIRECTION('',(1.,0.,0.));
#9449=DIRECTION('center_axis',(0.,0.,-1.));
#9450=DIRECTION('ref_axis',(1.,0.,0.));
#9451=DIRECTION('',(0.,-1.,0.));
#9452=DIRECTION('center_axis',(0.,0.,-1.));
#9453=DIRECTION('ref_axis',(3.55271367880048E-14,-1.,0.));
#9454=DIRECTION('',(-1.,0.,0.));
#9455=DIRECTION('center_axis',(0.,0.,-1.));
#9456=DIRECTION('ref_axis',(-1.,0.,0.));
#9457=DIRECTION('',(0.,1.,0.));
#9458=DIRECTION('center_axis',(0.,0.,-1.));
#9459=DIRECTION('ref_axis',(0.,1.,0.));
#9460=DIRECTION('',(1.,0.,0.));
#9461=DIRECTION('center_axis',(0.,0.,-1.));
#9462=DIRECTION('ref_axis',(1.,0.,0.));
#9463=DIRECTION('',(0.,-1.,0.));
#9464=DIRECTION('center_axis',(0.,0.,-1.));
#9465=DIRECTION('ref_axis',(0.,-1.,0.));
#9466=DIRECTION('',(-1.,0.,0.));
#9467=DIRECTION('center_axis',(0.,0.,-1.));
#9468=DIRECTION('ref_axis',(-1.,0.,0.));
#9469=DIRECTION('',(0.,1.,0.));
#9470=DIRECTION('center_axis',(0.,0.,-1.));
#9471=DIRECTION('ref_axis',(0.,1.,0.));
#9472=DIRECTION('',(1.,0.,0.));
#9473=DIRECTION('center_axis',(0.,0.,-1.));
#9474=DIRECTION('ref_axis',(1.,0.,0.));
#9475=DIRECTION('',(0.,-1.,0.));
#9476=DIRECTION('center_axis',(0.,0.,-1.));
#9477=DIRECTION('ref_axis',(0.,-1.,0.));
#9478=DIRECTION('',(-1.,0.,0.));
#9479=DIRECTION('center_axis',(0.,0.,-1.));
#9480=DIRECTION('ref_axis',(-1.,0.,0.));
#9481=DIRECTION('',(0.,1.,0.));
#9482=DIRECTION('center_axis',(0.,0.,-1.));
#9483=DIRECTION('ref_axis',(0.,1.,0.));
#9484=DIRECTION('',(1.,0.,0.));
#9485=DIRECTION('center_axis',(0.,0.,-1.));
#9486=DIRECTION('ref_axis',(1.,0.,0.));
#9487=DIRECTION('',(0.,-1.,0.));
#9488=DIRECTION('center_axis',(0.,0.,-1.));
#9489=DIRECTION('ref_axis',(0.,-1.,0.));
#9490=DIRECTION('',(-1.,0.,0.));
#9491=DIRECTION('center_axis',(0.,0.,-1.));
#9492=DIRECTION('ref_axis',(-1.,0.,0.));
#9493=DIRECTION('',(0.,1.,0.));
#9494=DIRECTION('center_axis',(0.,0.,-1.));
#9495=DIRECTION('ref_axis',(0.,1.,0.));
#9496=DIRECTION('',(1.,0.,0.));
#9497=DIRECTION('center_axis',(0.,0.,-1.));
#9498=DIRECTION('ref_axis',(1.,0.,0.));
#9499=DIRECTION('',(0.,-1.,0.));
#9500=DIRECTION('center_axis',(0.,0.,-1.));
#9501=DIRECTION('ref_axis',(0.,-1.,0.));
#9502=DIRECTION('',(-1.,0.,0.));
#9503=DIRECTION('center_axis',(0.,0.,-1.));
#9504=DIRECTION('ref_axis',(-1.,0.,0.));
#9505=DIRECTION('',(0.,1.,0.));
#9506=DIRECTION('center_axis',(0.,0.,-1.));
#9507=DIRECTION('ref_axis',(0.,1.,0.));
#9508=DIRECTION('',(1.,0.,0.));
#9509=DIRECTION('center_axis',(0.,0.,-1.));
#9510=DIRECTION('ref_axis',(1.,0.,0.));
#9511=DIRECTION('',(0.,-1.,0.));
#9512=DIRECTION('center_axis',(0.,0.,-1.));
#9513=DIRECTION('ref_axis',(0.,-1.,0.));
#9514=DIRECTION('',(-1.,0.,0.));
#9515=DIRECTION('center_axis',(0.,0.,-1.));
#9516=DIRECTION('ref_axis',(-1.,0.,0.));
#9517=DIRECTION('',(0.,1.,0.));
#9518=DIRECTION('',(1.,0.,0.));
#9519=DIRECTION('center_axis',(0.,0.,-1.));
#9520=DIRECTION('ref_axis',(1.,0.,0.));
#9521=DIRECTION('',(0.,-1.,0.));
#9522=DIRECTION('center_axis',(0.,0.,-1.));
#9523=DIRECTION('ref_axis',(0.,-1.,0.));
#9524=DIRECTION('',(-1.,0.,0.));
#9525=DIRECTION('center_axis',(0.,0.,-1.));
#9526=DIRECTION('ref_axis',(-1.,0.,0.));
#9527=DIRECTION('',(0.,1.,0.));
#9528=DIRECTION('center_axis',(0.,0.,-1.));
#9529=DIRECTION('ref_axis',(0.,1.,0.));
#9530=DIRECTION('center_axis',(0.,0.,-1.));
#9531=DIRECTION('ref_axis',(0.,1.,0.));
#9532=DIRECTION('',(1.,0.,0.));
#9533=DIRECTION('center_axis',(0.,0.,-1.));
#9534=DIRECTION('ref_axis',(1.,0.,0.));
#9535=DIRECTION('',(0.,-1.,0.));
#9536=DIRECTION('center_axis',(0.,0.,-1.));
#9537=DIRECTION('ref_axis',(0.,-1.,0.));
#9538=DIRECTION('',(-1.,0.,0.));
#9539=DIRECTION('center_axis',(0.,0.,-1.));
#9540=DIRECTION('ref_axis',(-1.,0.,0.));
#9541=DIRECTION('',(0.,1.,0.));
#9542=DIRECTION('center_axis',(0.,0.,-1.));
#9543=DIRECTION('ref_axis',(-0.707106809997129,0.707106752375965,0.));
#9544=DIRECTION('center_axis',(0.,0.,1.));
#9545=DIRECTION('ref_axis',(-0.707106809997129,0.707106752375965,0.));
#9546=DIRECTION('',(0.,0.,-1.));
#9547=DIRECTION('center_axis',(-4.07443129881504E-8,0.999999999999999,0.));
#9548=DIRECTION('ref_axis',(0.999999999999999,4.07443129881504E-8,0.));
#9549=DIRECTION('',(0.,0.,-1.));
#9550=DIRECTION('',(0.999999999999999,4.07443129881504E-8,0.));
#9551=DIRECTION('center_axis',(0.,0.,-1.));
#9552=DIRECTION('ref_axis',(0.707106752375965,0.707106809997129,0.));
#9553=DIRECTION('center_axis',(0.,0.,1.));
#9554=DIRECTION('ref_axis',(0.707106752375965,0.707106809997129,0.));
#9555=DIRECTION('',(0.,0.,1.));
#9556=DIRECTION('',(0.,0.,-1.));
#9557=DIRECTION('center_axis',(0.999999999999999,4.07443128876509E-8,0.));
#9558=DIRECTION('ref_axis',(4.07443128876509E-8,-0.999999999999999,0.));
#9559=DIRECTION('',(0.,0.,1.));
#9560=DIRECTION('',(4.07443128876509E-8,-0.999999999999999,0.));
#9561=DIRECTION('center_axis',(0.,0.,-1.));
#9562=DIRECTION('ref_axis',(0.707106809997128,-0.707106752375966,0.));
#9563=DIRECTION('center_axis',(0.,0.,1.));
#9564=DIRECTION('ref_axis',(0.707106809997128,-0.707106752375966,0.));
#9565=DIRECTION('',(0.,0.,-1.));
#9566=DIRECTION('center_axis',(0.,-1.,0.));
#9567=DIRECTION('ref_axis',(-1.,0.,0.));
#9568=DIRECTION('',(0.,0.,-1.));
#9569=DIRECTION('',(-1.,0.,0.));
#9570=DIRECTION('',(0.,0.,-1.));
#9571=DIRECTION('center_axis',(0.,0.,-1.));
#9572=DIRECTION('ref_axis',(1.,0.,0.));
#9573=DIRECTION('center_axis',(0.,0.,1.));
#9574=DIRECTION('ref_axis',(1.,0.,0.));
#9575=DIRECTION('',(0.,0.,-1.));
#9576=DIRECTION('center_axis',(-1.,0.,0.));
#9577=DIRECTION('ref_axis',(0.,1.,0.));
#9578=DIRECTION('',(0.,1.,0.));
#9579=DIRECTION('',(0.,0.,-1.));
#9580=DIRECTION('center_axis',(0.,0.,-1.));
#9581=DIRECTION('ref_axis',(0.,-1.,0.));
#9582=DIRECTION('center_axis',(0.,0.,1.));
#9583=DIRECTION('ref_axis',(0.,-1.,0.));
#9584=DIRECTION('',(0.,0.,-1.));
#9585=DIRECTION('center_axis',(0.,1.,0.));
#9586=DIRECTION('ref_axis',(1.,0.,0.));
#9587=DIRECTION('',(1.,0.,0.));
#9588=DIRECTION('',(0.,0.,-1.));
#9589=DIRECTION('center_axis',(0.,0.,-1.));
#9590=DIRECTION('ref_axis',(-1.,0.,0.));
#9591=DIRECTION('center_axis',(0.,0.,1.));
#9592=DIRECTION('ref_axis',(-1.,0.,0.));
#9593=DIRECTION('',(0.,0.,-1.));
#9594=DIRECTION('center_axis',(1.,0.,0.));
#9595=DIRECTION('ref_axis',(0.,-1.,0.));
#9596=DIRECTION('',(0.,-1.,0.));
#9597=DIRECTION('',(0.,0.,-1.));
#9598=DIRECTION('center_axis',(0.,0.,-1.));
#9599=DIRECTION('ref_axis',(0.,1.,0.));
#9600=DIRECTION('center_axis',(0.,0.,1.));
#9601=DIRECTION('ref_axis',(0.,1.,0.));
#9602=DIRECTION('center_axis',(0.,0.,-1.));
#9603=DIRECTION('ref_axis',(1.,0.,0.));
#9604=DIRECTION('',(0.,0.,-1.));
#9605=DIRECTION('center_axis',(0.,0.,1.));
#9606=DIRECTION('ref_axis',(1.,0.,0.));
#9607=DIRECTION('',(0.,0.,-1.));
#9608=DIRECTION('center_axis',(-1.,0.,0.));
#9609=DIRECTION('ref_axis',(0.,1.,0.));
#9610=DIRECTION('',(0.,1.,0.));
#9611=DIRECTION('',(0.,0.,-1.));
#9612=DIRECTION('center_axis',(0.,0.,-1.));
#9613=DIRECTION('ref_axis',(0.,-1.,0.));
#9614=DIRECTION('center_axis',(0.,0.,1.));
#9615=DIRECTION('ref_axis',(0.,-1.,0.));
#9616=DIRECTION('',(0.,0.,-1.));
#9617=DIRECTION('center_axis',(0.,1.,0.));
#9618=DIRECTION('ref_axis',(1.,0.,0.));
#9619=DIRECTION('',(1.,0.,0.));
#9620=DIRECTION('',(0.,0.,-1.));
#9621=DIRECTION('center_axis',(0.,0.,-1.));
#9622=DIRECTION('ref_axis',(-1.,0.,0.));
#9623=DIRECTION('center_axis',(0.,0.,1.));
#9624=DIRECTION('ref_axis',(-1.,0.,0.));
#9625=DIRECTION('',(0.,0.,-1.));
#9626=DIRECTION('center_axis',(1.,0.,0.));
#9627=DIRECTION('ref_axis',(0.,-1.,0.));
#9628=DIRECTION('',(0.,-1.,0.));
#9629=DIRECTION('',(0.,0.,-1.));
#9630=DIRECTION('center_axis',(0.,0.,-1.));
#9631=DIRECTION('ref_axis',(0.,1.,0.));
#9632=DIRECTION('center_axis',(0.,0.,1.));
#9633=DIRECTION('ref_axis',(0.,1.,0.));
#9634=DIRECTION('',(0.,0.,-1.));
#9635=DIRECTION('center_axis',(0.,-1.,0.));
#9636=DIRECTION('ref_axis',(-1.,0.,0.));
#9637=DIRECTION('',(-1.,0.,0.));
#9638=DIRECTION('center_axis',(0.,-1.,0.));
#9639=DIRECTION('ref_axis',(-1.,0.,0.));
#9640=DIRECTION('',(0.,0.,-1.));
#9641=DIRECTION('',(-1.,0.,0.));
#9642=DIRECTION('',(0.,0.,-1.));
#9643=DIRECTION('center_axis',(0.,0.,-1.));
#9644=DIRECTION('ref_axis',(1.,0.,0.));
#9645=DIRECTION('center_axis',(0.,0.,1.));
#9646=DIRECTION('ref_axis',(1.,0.,0.));
#9647=DIRECTION('',(0.,0.,-1.));
#9648=DIRECTION('center_axis',(-1.,0.,0.));
#9649=DIRECTION('ref_axis',(0.,1.,0.));
#9650=DIRECTION('',(0.,1.,0.));
#9651=DIRECTION('',(0.,0.,-1.));
#9652=DIRECTION('center_axis',(0.,0.,-1.));
#9653=DIRECTION('ref_axis',(0.,-1.,0.));
#9654=DIRECTION('center_axis',(0.,0.,1.));
#9655=DIRECTION('ref_axis',(0.,-1.,0.));
#9656=DIRECTION('',(0.,0.,-1.));
#9657=DIRECTION('center_axis',(0.,1.,0.));
#9658=DIRECTION('ref_axis',(1.,0.,0.));
#9659=DIRECTION('',(1.,0.,0.));
#9660=DIRECTION('',(0.,0.,-1.));
#9661=DIRECTION('center_axis',(0.,0.,-1.));
#9662=DIRECTION('ref_axis',(-1.,0.,0.));
#9663=DIRECTION('center_axis',(0.,0.,1.));
#9664=DIRECTION('ref_axis',(-1.,0.,0.));
#9665=DIRECTION('',(0.,0.,-1.));
#9666=DIRECTION('center_axis',(1.,0.,0.));
#9667=DIRECTION('ref_axis',(0.,-1.,0.));
#9668=DIRECTION('',(0.,-1.,0.));
#9669=DIRECTION('',(0.,0.,-1.));
#9670=DIRECTION('center_axis',(0.,0.,-1.));
#9671=DIRECTION('ref_axis',(0.,1.,0.));
#9672=DIRECTION('center_axis',(0.,0.,1.));
#9673=DIRECTION('ref_axis',(0.,1.,0.));
#9674=DIRECTION('center_axis',(0.,-1.,0.));
#9675=DIRECTION('ref_axis',(-1.,0.,0.));
#9676=DIRECTION('',(0.,0.,-1.));
#9677=DIRECTION('',(-1.,0.,0.));
#9678=DIRECTION('',(0.,0.,-1.));
#9679=DIRECTION('center_axis',(0.,0.,-1.));
#9680=DIRECTION('ref_axis',(1.,0.,0.));
#9681=DIRECTION('center_axis',(0.,0.,1.));
#9682=DIRECTION('ref_axis',(1.,0.,0.));
#9683=DIRECTION('',(0.,0.,-1.));
#9684=DIRECTION('center_axis',(-1.,0.,0.));
#9685=DIRECTION('ref_axis',(0.,1.,0.));
#9686=DIRECTION('',(0.,1.,0.));
#9687=DIRECTION('',(0.,0.,-1.));
#9688=DIRECTION('center_axis',(0.,0.,-1.));
#9689=DIRECTION('ref_axis',(0.,-1.,0.));
#9690=DIRECTION('center_axis',(0.,0.,1.));
#9691=DIRECTION('ref_axis',(0.,-1.,0.));
#9692=DIRECTION('',(0.,0.,-1.));
#9693=DIRECTION('center_axis',(0.,1.,0.));
#9694=DIRECTION('ref_axis',(1.,0.,0.));
#9695=DIRECTION('',(1.,0.,0.));
#9696=DIRECTION('',(0.,0.,-1.));
#9697=DIRECTION('center_axis',(0.,0.,-1.));
#9698=DIRECTION('ref_axis',(-1.,0.,0.));
#9699=DIRECTION('center_axis',(0.,0.,1.));
#9700=DIRECTION('ref_axis',(-1.,0.,0.));
#9701=DIRECTION('',(0.,0.,-1.));
#9702=DIRECTION('center_axis',(1.,0.,0.));
#9703=DIRECTION('ref_axis',(0.,-1.,0.));
#9704=DIRECTION('',(0.,-1.,0.));
#9705=DIRECTION('',(0.,0.,-1.));
#9706=DIRECTION('center_axis',(0.,0.,-1.));
#9707=DIRECTION('ref_axis',(0.,1.,0.));
#9708=DIRECTION('center_axis',(0.,0.,1.));
#9709=DIRECTION('ref_axis',(0.,1.,0.));
#9710=DIRECTION('center_axis',(0.,-1.,0.));
#9711=DIRECTION('ref_axis',(-1.,0.,0.));
#9712=DIRECTION('',(0.,0.,-1.));
#9713=DIRECTION('',(-1.,0.,0.));
#9714=DIRECTION('',(0.,0.,-1.));
#9715=DIRECTION('center_axis',(0.,0.,-1.));
#9716=DIRECTION('ref_axis',(1.,0.,0.));
#9717=DIRECTION('center_axis',(0.,0.,1.));
#9718=DIRECTION('ref_axis',(1.,0.,0.));
#9719=DIRECTION('',(0.,0.,-1.));
#9720=DIRECTION('center_axis',(-1.,0.,0.));
#9721=DIRECTION('ref_axis',(0.,1.,0.));
#9722=DIRECTION('',(0.,1.,0.));
#9723=DIRECTION('',(0.,0.,-1.));
#9724=DIRECTION('center_axis',(0.,0.,-1.));
#9725=DIRECTION('ref_axis',(0.,-1.,0.));
#9726=DIRECTION('center_axis',(0.,0.,1.));
#9727=DIRECTION('ref_axis',(0.,-1.,0.));
#9728=DIRECTION('',(0.,0.,-1.));
#9729=DIRECTION('center_axis',(0.,1.,0.));
#9730=DIRECTION('ref_axis',(1.,0.,0.));
#9731=DIRECTION('',(1.,0.,0.));
#9732=DIRECTION('',(0.,0.,-1.));
#9733=DIRECTION('center_axis',(0.,0.,-1.));
#9734=DIRECTION('ref_axis',(-1.,0.,0.));
#9735=DIRECTION('center_axis',(0.,0.,1.));
#9736=DIRECTION('ref_axis',(-1.,0.,0.));
#9737=DIRECTION('',(0.,0.,-1.));
#9738=DIRECTION('center_axis',(1.,0.,0.));
#9739=DIRECTION('ref_axis',(0.,-1.,0.));
#9740=DIRECTION('',(0.,-1.,0.));
#9741=DIRECTION('',(0.,0.,-1.));
#9742=DIRECTION('center_axis',(0.,0.,-1.));
#9743=DIRECTION('ref_axis',(0.,1.,0.));
#9744=DIRECTION('center_axis',(0.,0.,1.));
#9745=DIRECTION('ref_axis',(0.,1.,0.));
#9746=DIRECTION('center_axis',(0.,-1.,0.));
#9747=DIRECTION('ref_axis',(-1.,0.,0.));
#9748=DIRECTION('',(0.,0.,-1.));
#9749=DIRECTION('',(-1.,0.,0.));
#9750=DIRECTION('',(0.,0.,-1.));
#9751=DIRECTION('center_axis',(0.,0.,-1.));
#9752=DIRECTION('ref_axis',(1.,0.,0.));
#9753=DIRECTION('center_axis',(0.,0.,1.));
#9754=DIRECTION('ref_axis',(1.,0.,0.));
#9755=DIRECTION('',(0.,0.,-1.));
#9756=DIRECTION('center_axis',(-1.,0.,0.));
#9757=DIRECTION('ref_axis',(0.,1.,0.));
#9758=DIRECTION('',(0.,1.,0.));
#9759=DIRECTION('',(0.,0.,-1.));
#9760=DIRECTION('center_axis',(0.,0.,-1.));
#9761=DIRECTION('ref_axis',(0.,-1.,0.));
#9762=DIRECTION('center_axis',(0.,0.,1.));
#9763=DIRECTION('ref_axis',(0.,-1.,0.));
#9764=DIRECTION('',(0.,0.,-1.));
#9765=DIRECTION('center_axis',(0.,1.,0.));
#9766=DIRECTION('ref_axis',(1.,0.,0.));
#9767=DIRECTION('',(1.,0.,0.));
#9768=DIRECTION('',(0.,0.,-1.));
#9769=DIRECTION('center_axis',(0.,0.,-1.));
#9770=DIRECTION('ref_axis',(-1.,0.,0.));
#9771=DIRECTION('center_axis',(0.,0.,1.));
#9772=DIRECTION('ref_axis',(-1.,0.,0.));
#9773=DIRECTION('',(0.,0.,-1.));
#9774=DIRECTION('center_axis',(1.,0.,0.));
#9775=DIRECTION('ref_axis',(0.,-1.,0.));
#9776=DIRECTION('',(0.,-1.,0.));
#9777=DIRECTION('',(0.,0.,-1.));
#9778=DIRECTION('center_axis',(0.,0.,-1.));
#9779=DIRECTION('ref_axis',(0.,1.,0.));
#9780=DIRECTION('center_axis',(0.,0.,1.));
#9781=DIRECTION('ref_axis',(0.,1.,0.));
#9782=DIRECTION('center_axis',(0.,-1.,0.));
#9783=DIRECTION('ref_axis',(-1.,0.,0.));
#9784=DIRECTION('',(0.,0.,-1.));
#9785=DIRECTION('',(-1.,0.,0.));
#9786=DIRECTION('',(0.,0.,-1.));
#9787=DIRECTION('center_axis',(0.,0.,-1.));
#9788=DIRECTION('ref_axis',(1.,0.,0.));
#9789=DIRECTION('center_axis',(0.,0.,1.));
#9790=DIRECTION('ref_axis',(1.,0.,0.));
#9791=DIRECTION('',(0.,0.,-1.));
#9792=DIRECTION('center_axis',(-1.,0.,0.));
#9793=DIRECTION('ref_axis',(0.,1.,0.));
#9794=DIRECTION('',(0.,1.,0.));
#9795=DIRECTION('',(0.,0.,-1.));
#9796=DIRECTION('center_axis',(0.,0.,-1.));
#9797=DIRECTION('ref_axis',(0.,-1.,0.));
#9798=DIRECTION('center_axis',(0.,0.,1.));
#9799=DIRECTION('ref_axis',(0.,-1.,0.));
#9800=DIRECTION('',(0.,0.,-1.));
#9801=DIRECTION('center_axis',(0.,1.,0.));
#9802=DIRECTION('ref_axis',(1.,0.,0.));
#9803=DIRECTION('',(1.,0.,0.));
#9804=DIRECTION('',(0.,0.,-1.));
#9805=DIRECTION('center_axis',(0.,0.,-1.));
#9806=DIRECTION('ref_axis',(-1.,0.,0.));
#9807=DIRECTION('center_axis',(0.,0.,1.));
#9808=DIRECTION('ref_axis',(-1.,0.,0.));
#9809=DIRECTION('',(0.,0.,-1.));
#9810=DIRECTION('center_axis',(1.,0.,0.));
#9811=DIRECTION('ref_axis',(0.,-1.,0.));
#9812=DIRECTION('',(0.,-1.,0.));
#9813=DIRECTION('',(0.,0.,-1.));
#9814=DIRECTION('center_axis',(0.,0.,-1.));
#9815=DIRECTION('ref_axis',(0.,1.,0.));
#9816=DIRECTION('center_axis',(0.,0.,1.));
#9817=DIRECTION('ref_axis',(0.,1.,0.));
#9818=DIRECTION('center_axis',(0.,-1.,0.));
#9819=DIRECTION('ref_axis',(-1.,0.,0.));
#9820=DIRECTION('',(0.,0.,-1.));
#9821=DIRECTION('',(-1.,0.,0.));
#9822=DIRECTION('',(0.,0.,-1.));
#9823=DIRECTION('center_axis',(0.,0.,-1.));
#9824=DIRECTION('ref_axis',(1.,0.,0.));
#9825=DIRECTION('center_axis',(0.,0.,1.));
#9826=DIRECTION('ref_axis',(1.,0.,0.));
#9827=DIRECTION('',(0.,0.,-1.));
#9828=DIRECTION('center_axis',(-1.,0.,0.));
#9829=DIRECTION('ref_axis',(0.,1.,0.));
#9830=DIRECTION('',(0.,1.,0.));
#9831=DIRECTION('',(0.,0.,-1.));
#9832=DIRECTION('center_axis',(0.,0.,-1.));
#9833=DIRECTION('ref_axis',(3.55271367880048E-14,-1.,0.));
#9834=DIRECTION('center_axis',(0.,0.,1.));
#9835=DIRECTION('ref_axis',(3.55271367880048E-14,-1.,0.));
#9836=DIRECTION('',(0.,0.,-1.));
#9837=DIRECTION('center_axis',(0.,1.,0.));
#9838=DIRECTION('ref_axis',(1.,0.,0.));
#9839=DIRECTION('',(1.,0.,0.));
#9840=DIRECTION('',(0.,0.,-1.));
#9841=DIRECTION('center_axis',(0.,0.,-1.));
#9842=DIRECTION('ref_axis',(-1.,0.,0.));
#9843=DIRECTION('center_axis',(0.,0.,1.));
#9844=DIRECTION('ref_axis',(-1.,0.,0.));
#9845=DIRECTION('',(0.,0.,-1.));
#9846=DIRECTION('center_axis',(1.,0.,0.));
#9847=DIRECTION('ref_axis',(0.,-1.,0.));
#9848=DIRECTION('',(0.,-1.,0.));
#9849=DIRECTION('',(0.,0.,-1.));
#9850=DIRECTION('center_axis',(0.,0.,-1.));
#9851=DIRECTION('ref_axis',(0.,1.,0.));
#9852=DIRECTION('center_axis',(0.,0.,1.));
#9853=DIRECTION('ref_axis',(0.,1.,0.));
#9854=DIRECTION('center_axis',(0.,-1.,0.));
#9855=DIRECTION('ref_axis',(-1.,0.,0.));
#9856=DIRECTION('',(0.,0.,-1.));
#9857=DIRECTION('',(-1.,0.,0.));
#9858=DIRECTION('',(0.,0.,-1.));
#9859=DIRECTION('center_axis',(0.,0.,-1.));
#9860=DIRECTION('ref_axis',(1.,0.,0.));
#9861=DIRECTION('center_axis',(0.,0.,1.));
#9862=DIRECTION('ref_axis',(1.,0.,0.));
#9863=DIRECTION('',(0.,0.,-1.));
#9864=DIRECTION('center_axis',(-1.,0.,0.));
#9865=DIRECTION('ref_axis',(0.,1.,0.));
#9866=DIRECTION('',(0.,1.,0.));
#9867=DIRECTION('',(0.,0.,-1.));
#9868=DIRECTION('center_axis',(0.,0.,-1.));
#9869=DIRECTION('ref_axis',(0.,-1.,0.));
#9870=DIRECTION('center_axis',(0.,0.,1.));
#9871=DIRECTION('ref_axis',(0.,-1.,0.));
#9872=DIRECTION('',(0.,0.,-1.));
#9873=DIRECTION('center_axis',(0.,1.,0.));
#9874=DIRECTION('ref_axis',(1.,0.,0.));
#9875=DIRECTION('',(1.,0.,0.));
#9876=DIRECTION('',(0.,0.,-1.));
#9877=DIRECTION('center_axis',(0.,0.,-1.));
#9878=DIRECTION('ref_axis',(-1.,0.,0.));
#9879=DIRECTION('center_axis',(0.,0.,1.));
#9880=DIRECTION('ref_axis',(-1.,0.,0.));
#9881=DIRECTION('',(0.,0.,-1.));
#9882=DIRECTION('center_axis',(1.,0.,0.));
#9883=DIRECTION('ref_axis',(0.,-1.,0.));
#9884=DIRECTION('',(0.,-1.,0.));
#9885=DIRECTION('',(0.,0.,-1.));
#9886=DIRECTION('center_axis',(0.,0.,-1.));
#9887=DIRECTION('ref_axis',(0.,1.,0.));
#9888=DIRECTION('center_axis',(0.,0.,1.));
#9889=DIRECTION('ref_axis',(0.,1.,0.));
#9890=DIRECTION('center_axis',(0.,0.,-1.));
#9891=DIRECTION('ref_axis',(1.,0.,0.));
#9892=DIRECTION('center_axis',(0.,0.,1.));
#9893=DIRECTION('ref_axis',(1.,0.,0.));
#9894=DIRECTION('',(0.,0.,1.));
#9895=DIRECTION('center_axis',(0.,-1.,0.));
#9896=DIRECTION('ref_axis',(-1.,0.,0.));
#9897=DIRECTION('',(0.,0.,-1.));
#9898=DIRECTION('',(-1.,0.,0.));
#9899=DIRECTION('',(0.,0.,-1.));
#9900=DIRECTION('center_axis',(0.,0.,-1.));
#9901=DIRECTION('ref_axis',(1.,0.,0.));
#9902=DIRECTION('center_axis',(0.,0.,1.));
#9903=DIRECTION('ref_axis',(1.,0.,0.));
#9904=DIRECTION('',(0.,0.,-1.));
#9905=DIRECTION('center_axis',(-1.,0.,0.));
#9906=DIRECTION('ref_axis',(0.,1.,0.));
#9907=DIRECTION('',(0.,1.,0.));
#9908=DIRECTION('',(0.,0.,-1.));
#9909=DIRECTION('center_axis',(0.,0.,-1.));
#9910=DIRECTION('ref_axis',(0.,-1.,0.));
#9911=DIRECTION('center_axis',(0.,0.,1.));
#9912=DIRECTION('ref_axis',(0.,-1.,0.));
#9913=DIRECTION('',(0.,0.,-1.));
#9914=DIRECTION('center_axis',(0.,1.,0.));
#9915=DIRECTION('ref_axis',(1.,0.,0.));
#9916=DIRECTION('',(1.,0.,0.));
#9917=DIRECTION('',(0.,0.,-1.));
#9918=DIRECTION('center_axis',(0.,0.,-1.));
#9919=DIRECTION('ref_axis',(-1.,0.,0.));
#9920=DIRECTION('center_axis',(0.,0.,1.));
#9921=DIRECTION('ref_axis',(-1.,0.,0.));
#9922=DIRECTION('',(0.,0.,-1.));
#9923=DIRECTION('center_axis',(1.,0.,0.));
#9924=DIRECTION('ref_axis',(0.,-1.,0.));
#9925=DIRECTION('',(0.,-1.,0.));
#9926=DIRECTION('',(0.,0.,-1.));
#9927=DIRECTION('center_axis',(0.,0.,-1.));
#9928=DIRECTION('ref_axis',(0.,1.,0.));
#9929=DIRECTION('center_axis',(0.,0.,1.));
#9930=DIRECTION('ref_axis',(0.,1.,0.));
#9931=DIRECTION('center_axis',(1.,0.,0.));
#9932=DIRECTION('ref_axis',(0.,-1.,0.));
#9933=DIRECTION('',(0.,0.,-1.));
#9934=DIRECTION('',(0.,-1.,0.));
#9935=DIRECTION('',(0.,0.,-1.));
#9936=DIRECTION('center_axis',(0.,0.,-1.));
#9937=DIRECTION('ref_axis',(0.,1.,0.));
#9938=DIRECTION('center_axis',(0.,0.,1.));
#9939=DIRECTION('ref_axis',(0.,1.,0.));
#9940=DIRECTION('',(0.,0.,-1.));
#9941=DIRECTION('center_axis',(0.,-1.,0.));
#9942=DIRECTION('ref_axis',(-1.,0.,0.));
#9943=DIRECTION('',(-1.,0.,0.));
#9944=DIRECTION('',(0.,0.,-1.));
#9945=DIRECTION('center_axis',(0.,0.,-1.));
#9946=DIRECTION('ref_axis',(1.,0.,0.));
#9947=DIRECTION('center_axis',(0.,0.,1.));
#9948=DIRECTION('ref_axis',(1.,0.,0.));
#9949=DIRECTION('',(0.,0.,-1.));
#9950=DIRECTION('center_axis',(-1.,0.,0.));
#9951=DIRECTION('ref_axis',(0.,1.,0.));
#9952=DIRECTION('',(0.,1.,0.));
#9953=DIRECTION('',(0.,0.,-1.));
#9954=DIRECTION('center_axis',(0.,0.,-1.));
#9955=DIRECTION('ref_axis',(0.,-1.,0.));
#9956=DIRECTION('center_axis',(0.,0.,1.));
#9957=DIRECTION('ref_axis',(0.,-1.,0.));
#9958=DIRECTION('',(0.,0.,-1.));
#9959=DIRECTION('center_axis',(0.,1.,0.));
#9960=DIRECTION('ref_axis',(1.,0.,0.));
#9961=DIRECTION('',(1.,0.,0.));
#9962=DIRECTION('',(0.,0.,-1.));
#9963=DIRECTION('center_axis',(0.,0.,-1.));
#9964=DIRECTION('ref_axis',(-1.,0.,0.));
#9965=DIRECTION('center_axis',(0.,0.,1.));
#9966=DIRECTION('ref_axis',(-1.,0.,0.));
#9967=DIRECTION('center_axis',(0.,-1.,0.));
#9968=DIRECTION('ref_axis',(-1.,0.,0.));
#9969=DIRECTION('',(0.,0.,-1.));
#9970=DIRECTION('',(-1.,0.,0.));
#9971=DIRECTION('',(0.,0.,-1.));
#9972=DIRECTION('center_axis',(0.,0.,-1.));
#9973=DIRECTION('ref_axis',(1.,0.,0.));
#9974=DIRECTION('center_axis',(0.,0.,1.));
#9975=DIRECTION('ref_axis',(1.,0.,0.));
#9976=DIRECTION('',(0.,0.,-1.));
#9977=DIRECTION('center_axis',(-1.,0.,0.));
#9978=DIRECTION('ref_axis',(0.,1.,0.));
#9979=DIRECTION('',(0.,1.,0.));
#9980=DIRECTION('',(0.,0.,-1.));
#9981=DIRECTION('center_axis',(0.,0.,-1.));
#9982=DIRECTION('ref_axis',(0.,-1.,0.));
#9983=DIRECTION('center_axis',(0.,0.,1.));
#9984=DIRECTION('ref_axis',(0.,-1.,0.));
#9985=DIRECTION('',(0.,0.,-1.));
#9986=DIRECTION('center_axis',(0.,1.,0.));
#9987=DIRECTION('ref_axis',(1.,0.,0.));
#9988=DIRECTION('',(1.,0.,0.));
#9989=DIRECTION('',(0.,0.,-1.));
#9990=DIRECTION('center_axis',(0.,0.,-1.));
#9991=DIRECTION('ref_axis',(-1.,0.,0.));
#9992=DIRECTION('center_axis',(0.,0.,1.));
#9993=DIRECTION('ref_axis',(-1.,0.,0.));
#9994=DIRECTION('',(0.,0.,-1.));
#9995=DIRECTION('center_axis',(1.,0.,0.));
#9996=DIRECTION('ref_axis',(0.,-1.,0.));
#9997=DIRECTION('',(0.,-1.,0.));
#9998=DIRECTION('',(0.,0.,-1.));
#9999=DIRECTION('center_axis',(0.,0.,-1.));
#10000=DIRECTION('ref_axis',(0.,1.,0.));
#10001=DIRECTION('center_axis',(0.,0.,1.));
#10002=DIRECTION('ref_axis',(0.,1.,0.));
#10003=DIRECTION('center_axis',(0.,0.,-1.));
#10004=DIRECTION('ref_axis',(1.,0.,0.));
#10005=DIRECTION('center_axis',(0.,0.,1.));
#10006=DIRECTION('ref_axis',(1.,0.,0.));
#10007=DIRECTION('',(0.,0.,1.));
#10008=DIRECTION('center_axis',(0.,-1.,0.));
#10009=DIRECTION('ref_axis',(-1.,0.,0.));
#10010=DIRECTION('',(0.,0.,-1.));
#10011=DIRECTION('',(-1.,0.,0.));
#10012=DIRECTION('',(0.,0.,-1.));
#10013=DIRECTION('center_axis',(0.,0.,-1.));
#10014=DIRECTION('ref_axis',(1.,0.,0.));
#10015=DIRECTION('center_axis',(0.,0.,1.));
#10016=DIRECTION('ref_axis',(1.,0.,0.));
#10017=DIRECTION('',(0.,0.,-1.));
#10018=DIRECTION('center_axis',(-1.,0.,0.));
#10019=DIRECTION('ref_axis',(0.,1.,0.));
#10020=DIRECTION('',(0.,1.,0.));
#10021=DIRECTION('',(0.,0.,-1.));
#10022=DIRECTION('center_axis',(0.,0.,-1.));
#10023=DIRECTION('ref_axis',(0.,-1.,0.));
#10024=DIRECTION('center_axis',(0.,0.,1.));
#10025=DIRECTION('ref_axis',(0.,-1.,0.));
#10026=DIRECTION('',(0.,0.,-1.));
#10027=DIRECTION('center_axis',(0.,1.,0.));
#10028=DIRECTION('ref_axis',(1.,0.,0.));
#10029=DIRECTION('',(1.,0.,0.));
#10030=DIRECTION('',(0.,0.,-1.));
#10031=DIRECTION('center_axis',(0.,0.,-1.));
#10032=DIRECTION('ref_axis',(-1.,0.,0.));
#10033=DIRECTION('center_axis',(0.,0.,1.));
#10034=DIRECTION('ref_axis',(-1.,0.,0.));
#10035=DIRECTION('',(0.,0.,-1.));
#10036=DIRECTION('center_axis',(1.,0.,0.));
#10037=DIRECTION('ref_axis',(0.,-1.,0.));
#10038=DIRECTION('',(0.,-1.,0.));
#10039=DIRECTION('',(0.,0.,-1.));
#10040=DIRECTION('center_axis',(0.,0.,-1.));
#10041=DIRECTION('ref_axis',(0.,1.,0.));
#10042=DIRECTION('center_axis',(0.,0.,1.));
#10043=DIRECTION('ref_axis',(0.,1.,0.));
#10044=DIRECTION('center_axis',(0.,-1.,0.));
#10045=DIRECTION('ref_axis',(-1.,0.,0.));
#10046=DIRECTION('',(0.,0.,-1.));
#10047=DIRECTION('',(-1.,0.,0.));
#10048=DIRECTION('',(0.,0.,-1.));
#10049=DIRECTION('center_axis',(0.,0.,-1.));
#10050=DIRECTION('ref_axis',(1.,0.,0.));
#10051=DIRECTION('center_axis',(0.,0.,1.));
#10052=DIRECTION('ref_axis',(1.,0.,0.));
#10053=DIRECTION('',(0.,0.,-1.));
#10054=DIRECTION('center_axis',(-1.,0.,0.));
#10055=DIRECTION('ref_axis',(0.,1.,0.));
#10056=DIRECTION('',(0.,1.,0.));
#10057=DIRECTION('',(0.,0.,-1.));
#10058=DIRECTION('center_axis',(0.,0.,-1.));
#10059=DIRECTION('ref_axis',(0.,-1.,0.));
#10060=DIRECTION('center_axis',(0.,0.,1.));
#10061=DIRECTION('ref_axis',(0.,-1.,0.));
#10062=DIRECTION('',(0.,0.,-1.));
#10063=DIRECTION('center_axis',(0.,1.,0.));
#10064=DIRECTION('ref_axis',(1.,0.,0.));
#10065=DIRECTION('',(1.,0.,0.));
#10066=DIRECTION('',(0.,0.,-1.));
#10067=DIRECTION('center_axis',(0.,0.,-1.));
#10068=DIRECTION('ref_axis',(-1.,0.,0.));
#10069=DIRECTION('center_axis',(0.,0.,1.));
#10070=DIRECTION('ref_axis',(-1.,0.,0.));
#10071=DIRECTION('',(0.,0.,-1.));
#10072=DIRECTION('center_axis',(1.,0.,0.));
#10073=DIRECTION('ref_axis',(0.,-1.,0.));
#10074=DIRECTION('',(0.,-1.,0.));
#10075=DIRECTION('',(0.,0.,-1.));
#10076=DIRECTION('center_axis',(0.,0.,-1.));
#10077=DIRECTION('ref_axis',(0.,1.,0.));
#10078=DIRECTION('center_axis',(0.,0.,1.));
#10079=DIRECTION('ref_axis',(0.,1.,0.));
#10080=DIRECTION('center_axis',(0.,-1.,0.));
#10081=DIRECTION('ref_axis',(-1.,0.,0.));
#10082=DIRECTION('',(0.,0.,-1.));
#10083=DIRECTION('',(-1.,0.,0.));
#10084=DIRECTION('',(0.,0.,-1.));
#10085=DIRECTION('center_axis',(0.,0.,-1.));
#10086=DIRECTION('ref_axis',(1.,0.,0.));
#10087=DIRECTION('center_axis',(0.,0.,1.));
#10088=DIRECTION('ref_axis',(1.,0.,0.));
#10089=DIRECTION('',(0.,0.,-1.));
#10090=DIRECTION('center_axis',(-1.,0.,0.));
#10091=DIRECTION('ref_axis',(0.,1.,0.));
#10092=DIRECTION('',(0.,1.,0.));
#10093=DIRECTION('',(0.,0.,-1.));
#10094=DIRECTION('center_axis',(0.,0.,-1.));
#10095=DIRECTION('ref_axis',(0.,-1.,0.));
#10096=DIRECTION('center_axis',(0.,0.,1.));
#10097=DIRECTION('ref_axis',(0.,-1.,0.));
#10098=DIRECTION('',(0.,0.,-1.));
#10099=DIRECTION('center_axis',(0.,1.,0.));
#10100=DIRECTION('ref_axis',(1.,0.,0.));
#10101=DIRECTION('',(1.,0.,0.));
#10102=DIRECTION('',(0.,0.,-1.));
#10103=DIRECTION('center_axis',(0.,0.,-1.));
#10104=DIRECTION('ref_axis',(-1.,0.,0.));
#10105=DIRECTION('center_axis',(0.,0.,1.));
#10106=DIRECTION('ref_axis',(-1.,0.,0.));
#10107=DIRECTION('',(0.,0.,-1.));
#10108=DIRECTION('center_axis',(1.,0.,0.));
#10109=DIRECTION('ref_axis',(0.,-1.,0.));
#10110=DIRECTION('',(0.,-1.,0.));
#10111=DIRECTION('',(0.,0.,-1.));
#10112=DIRECTION('center_axis',(0.,0.,-1.));
#10113=DIRECTION('ref_axis',(0.,1.,0.));
#10114=DIRECTION('center_axis',(0.,0.,1.));
#10115=DIRECTION('ref_axis',(0.,1.,0.));
#10116=DIRECTION('center_axis',(0.,-1.,0.));
#10117=DIRECTION('ref_axis',(-1.,0.,0.));
#10118=DIRECTION('',(0.,0.,-1.));
#10119=DIRECTION('',(-1.,0.,0.));
#10120=DIRECTION('',(0.,0.,-1.));
#10121=DIRECTION('center_axis',(0.,0.,-1.));
#10122=DIRECTION('ref_axis',(1.,0.,0.));
#10123=DIRECTION('center_axis',(0.,0.,1.));
#10124=DIRECTION('ref_axis',(1.,0.,0.));
#10125=DIRECTION('',(0.,0.,-1.));
#10126=DIRECTION('center_axis',(-1.,0.,0.));
#10127=DIRECTION('ref_axis',(0.,1.,0.));
#10128=DIRECTION('',(0.,1.,0.));
#10129=DIRECTION('',(0.,0.,-1.));
#10130=DIRECTION('center_axis',(0.,0.,-1.));
#10131=DIRECTION('ref_axis',(0.,-1.,0.));
#10132=DIRECTION('center_axis',(0.,0.,1.));
#10133=DIRECTION('ref_axis',(0.,-1.,0.));
#10134=DIRECTION('',(0.,0.,-1.));
#10135=DIRECTION('center_axis',(0.,1.,0.));
#10136=DIRECTION('ref_axis',(1.,0.,0.));
#10137=DIRECTION('',(1.,0.,0.));
#10138=DIRECTION('',(0.,0.,-1.));
#10139=DIRECTION('center_axis',(0.,0.,-1.));
#10140=DIRECTION('ref_axis',(-1.,0.,0.));
#10141=DIRECTION('center_axis',(0.,0.,1.));
#10142=DIRECTION('ref_axis',(-1.,0.,0.));
#10143=DIRECTION('',(0.,0.,-1.));
#10144=DIRECTION('center_axis',(1.,0.,0.));
#10145=DIRECTION('ref_axis',(0.,-1.,0.));
#10146=DIRECTION('',(0.,-1.,0.));
#10147=DIRECTION('',(0.,0.,-1.));
#10148=DIRECTION('center_axis',(0.,0.,-1.));
#10149=DIRECTION('ref_axis',(0.,1.,0.));
#10150=DIRECTION('center_axis',(0.,0.,1.));
#10151=DIRECTION('ref_axis',(0.,1.,0.));
#10152=DIRECTION('center_axis',(0.,-1.,0.));
#10153=DIRECTION('ref_axis',(-1.,0.,0.));
#10154=DIRECTION('',(0.,0.,-1.));
#10155=DIRECTION('',(-1.,0.,0.));
#10156=DIRECTION('',(0.,0.,-1.));
#10157=DIRECTION('center_axis',(0.,0.,-1.));
#10158=DIRECTION('ref_axis',(1.,0.,0.));
#10159=DIRECTION('center_axis',(0.,0.,1.));
#10160=DIRECTION('ref_axis',(1.,0.,0.));
#10161=DIRECTION('',(0.,0.,-1.));
#10162=DIRECTION('center_axis',(-1.,0.,0.));
#10163=DIRECTION('ref_axis',(0.,1.,0.));
#10164=DIRECTION('',(0.,1.,0.));
#10165=DIRECTION('',(0.,0.,-1.));
#10166=DIRECTION('center_axis',(0.,0.,-1.));
#10167=DIRECTION('ref_axis',(0.,-1.,0.));
#10168=DIRECTION('center_axis',(0.,0.,1.));
#10169=DIRECTION('ref_axis',(0.,-1.,0.));
#10170=DIRECTION('',(0.,0.,-1.));
#10171=DIRECTION('center_axis',(0.,1.,0.));
#10172=DIRECTION('ref_axis',(1.,0.,0.));
#10173=DIRECTION('',(1.,0.,0.));
#10174=DIRECTION('',(0.,0.,-1.));
#10175=DIRECTION('center_axis',(0.,0.,-1.));
#10176=DIRECTION('ref_axis',(-1.,0.,0.));
#10177=DIRECTION('center_axis',(0.,0.,1.));
#10178=DIRECTION('ref_axis',(-1.,0.,0.));
#10179=DIRECTION('',(0.,0.,-1.));
#10180=DIRECTION('center_axis',(1.,0.,0.));
#10181=DIRECTION('ref_axis',(0.,-1.,0.));
#10182=DIRECTION('',(0.,-1.,0.));
#10183=DIRECTION('',(0.,0.,-1.));
#10184=DIRECTION('center_axis',(0.,0.,-1.));
#10185=DIRECTION('ref_axis',(0.,1.,0.));
#10186=DIRECTION('center_axis',(0.,0.,1.));
#10187=DIRECTION('ref_axis',(0.,1.,0.));
#10188=DIRECTION('center_axis',(0.,0.,-1.));
#10189=DIRECTION('ref_axis',(1.,0.,0.));
#10190=DIRECTION('center_axis',(0.,0.,1.));
#10191=DIRECTION('ref_axis',(1.,0.,0.));
#10192=DIRECTION('',(0.,0.,1.));
#10193=DIRECTION('center_axis',(0.,0.,-1.));
#10194=DIRECTION('ref_axis',(1.,0.,0.));
#10195=DIRECTION('center_axis',(0.,0.,1.));
#10196=DIRECTION('ref_axis',(1.,0.,0.));
#10197=DIRECTION('',(0.,0.,1.));
#10198=DIRECTION('center_axis',(0.,-1.,0.));
#10199=DIRECTION('ref_axis',(-1.,0.,0.));
#10200=DIRECTION('',(0.,0.,-1.));
#10201=DIRECTION('',(-1.,0.,0.));
#10202=DIRECTION('',(0.,0.,-1.));
#10203=DIRECTION('center_axis',(0.,0.,-1.));
#10204=DIRECTION('ref_axis',(1.,0.,0.));
#10205=DIRECTION('center_axis',(0.,0.,1.));
#10206=DIRECTION('ref_axis',(1.,0.,0.));
#10207=DIRECTION('',(0.,0.,-1.));
#10208=DIRECTION('center_axis',(-1.,0.,0.));
#10209=DIRECTION('ref_axis',(0.,1.,0.));
#10210=DIRECTION('',(0.,1.,0.));
#10211=DIRECTION('',(0.,0.,-1.));
#10212=DIRECTION('center_axis',(0.,0.,-1.));
#10213=DIRECTION('ref_axis',(0.,-1.,0.));
#10214=DIRECTION('center_axis',(0.,0.,1.));
#10215=DIRECTION('ref_axis',(0.,-1.,0.));
#10216=DIRECTION('',(0.,0.,-1.));
#10217=DIRECTION('center_axis',(0.,1.,0.));
#10218=DIRECTION('ref_axis',(1.,0.,0.));
#10219=DIRECTION('',(1.,0.,0.));
#10220=DIRECTION('',(0.,0.,-1.));
#10221=DIRECTION('center_axis',(0.,0.,-1.));
#10222=DIRECTION('ref_axis',(-1.,0.,0.));
#10223=DIRECTION('center_axis',(0.,0.,1.));
#10224=DIRECTION('ref_axis',(-1.,0.,0.));
#10225=DIRECTION('',(0.,0.,-1.));
#10226=DIRECTION('center_axis',(1.,0.,0.));
#10227=DIRECTION('ref_axis',(0.,-1.,0.));
#10228=DIRECTION('',(0.,-1.,0.));
#10229=DIRECTION('',(0.,0.,-1.));
#10230=DIRECTION('center_axis',(0.,0.,-1.));
#10231=DIRECTION('ref_axis',(0.,1.,0.));
#10232=DIRECTION('center_axis',(0.,0.,1.));
#10233=DIRECTION('ref_axis',(0.,1.,0.));
#10234=DIRECTION('center_axis',(0.,-1.,0.));
#10235=DIRECTION('ref_axis',(-1.,0.,0.));
#10236=DIRECTION('',(0.,0.,-1.));
#10237=DIRECTION('',(-1.,0.,0.));
#10238=DIRECTION('',(0.,0.,-1.));
#10239=DIRECTION('center_axis',(0.,0.,-1.));
#10240=DIRECTION('ref_axis',(1.,0.,0.));
#10241=DIRECTION('center_axis',(0.,0.,1.));
#10242=DIRECTION('ref_axis',(1.,0.,0.));
#10243=DIRECTION('',(0.,0.,-1.));
#10244=DIRECTION('center_axis',(-1.,0.,0.));
#10245=DIRECTION('ref_axis',(0.,1.,0.));
#10246=DIRECTION('',(0.,1.,0.));
#10247=DIRECTION('',(0.,0.,-1.));
#10248=DIRECTION('center_axis',(0.,0.,-1.));
#10249=DIRECTION('ref_axis',(0.,-1.,0.));
#10250=DIRECTION('center_axis',(0.,0.,1.));
#10251=DIRECTION('ref_axis',(0.,-1.,0.));
#10252=DIRECTION('',(0.,0.,-1.));
#10253=DIRECTION('center_axis',(0.,1.,0.));
#10254=DIRECTION('ref_axis',(1.,0.,0.));
#10255=DIRECTION('',(1.,0.,0.));
#10256=DIRECTION('',(0.,0.,-1.));
#10257=DIRECTION('center_axis',(0.,0.,-1.));
#10258=DIRECTION('ref_axis',(-1.,0.,0.));
#10259=DIRECTION('center_axis',(0.,0.,1.));
#10260=DIRECTION('ref_axis',(-1.,0.,0.));
#10261=DIRECTION('',(0.,0.,-1.));
#10262=DIRECTION('center_axis',(1.,0.,0.));
#10263=DIRECTION('ref_axis',(0.,-1.,0.));
#10264=DIRECTION('',(0.,-1.,0.));
#10265=DIRECTION('',(0.,0.,-1.));
#10266=DIRECTION('center_axis',(0.,0.,-1.));
#10267=DIRECTION('ref_axis',(0.,1.,0.));
#10268=DIRECTION('center_axis',(0.,0.,1.));
#10269=DIRECTION('ref_axis',(0.,1.,0.));
#10270=DIRECTION('center_axis',(0.,-1.,0.));
#10271=DIRECTION('ref_axis',(-1.,0.,0.));
#10272=DIRECTION('',(0.,0.,-1.));
#10273=DIRECTION('',(-1.,0.,0.));
#10274=DIRECTION('',(0.,0.,-1.));
#10275=DIRECTION('center_axis',(0.,0.,-1.));
#10276=DIRECTION('ref_axis',(1.,0.,0.));
#10277=DIRECTION('center_axis',(0.,0.,1.));
#10278=DIRECTION('ref_axis',(1.,0.,0.));
#10279=DIRECTION('',(0.,0.,-1.));
#10280=DIRECTION('center_axis',(-1.,0.,0.));
#10281=DIRECTION('ref_axis',(0.,1.,0.));
#10282=DIRECTION('',(0.,1.,0.));
#10283=DIRECTION('',(0.,0.,-1.));
#10284=DIRECTION('center_axis',(0.,0.,-1.));
#10285=DIRECTION('ref_axis',(0.,-1.,0.));
#10286=DIRECTION('center_axis',(0.,0.,1.));
#10287=DIRECTION('ref_axis',(0.,-1.,0.));
#10288=DIRECTION('',(0.,0.,-1.));
#10289=DIRECTION('center_axis',(0.,1.,0.));
#10290=DIRECTION('ref_axis',(1.,0.,0.));
#10291=DIRECTION('',(1.,0.,0.));
#10292=DIRECTION('',(0.,0.,-1.));
#10293=DIRECTION('center_axis',(0.,0.,-1.));
#10294=DIRECTION('ref_axis',(-1.,0.,0.));
#10295=DIRECTION('center_axis',(0.,0.,1.));
#10296=DIRECTION('ref_axis',(-1.,0.,0.));
#10297=DIRECTION('',(0.,0.,-1.));
#10298=DIRECTION('center_axis',(1.,0.,0.));
#10299=DIRECTION('ref_axis',(0.,-1.,0.));
#10300=DIRECTION('',(0.,-1.,0.));
#10301=DIRECTION('',(0.,0.,-1.));
#10302=DIRECTION('center_axis',(0.,0.,-1.));
#10303=DIRECTION('ref_axis',(0.,1.,0.));
#10304=DIRECTION('center_axis',(0.,0.,1.));
#10305=DIRECTION('ref_axis',(0.,1.,0.));
#10306=DIRECTION('center_axis',(0.,-1.,0.));
#10307=DIRECTION('ref_axis',(-1.,0.,0.));
#10308=DIRECTION('',(0.,0.,-1.));
#10309=DIRECTION('',(-1.,0.,0.));
#10310=DIRECTION('',(0.,0.,-1.));
#10311=DIRECTION('center_axis',(0.,0.,-1.));
#10312=DIRECTION('ref_axis',(1.,0.,0.));
#10313=DIRECTION('center_axis',(0.,0.,1.));
#10314=DIRECTION('ref_axis',(1.,0.,0.));
#10315=DIRECTION('',(0.,0.,-1.));
#10316=DIRECTION('center_axis',(-1.,0.,0.));
#10317=DIRECTION('ref_axis',(0.,1.,0.));
#10318=DIRECTION('',(0.,1.,0.));
#10319=DIRECTION('',(0.,0.,-1.));
#10320=DIRECTION('center_axis',(0.,0.,-1.));
#10321=DIRECTION('ref_axis',(0.,-1.,0.));
#10322=DIRECTION('center_axis',(0.,0.,1.));
#10323=DIRECTION('ref_axis',(0.,-1.,0.));
#10324=DIRECTION('',(0.,0.,-1.));
#10325=DIRECTION('center_axis',(0.,1.,0.));
#10326=DIRECTION('ref_axis',(1.,0.,0.));
#10327=DIRECTION('',(1.,0.,0.));
#10328=DIRECTION('',(0.,0.,-1.));
#10329=DIRECTION('center_axis',(0.,0.,-1.));
#10330=DIRECTION('ref_axis',(-1.,0.,0.));
#10331=DIRECTION('center_axis',(0.,0.,1.));
#10332=DIRECTION('ref_axis',(-1.,0.,0.));
#10333=DIRECTION('',(0.,0.,-1.));
#10334=DIRECTION('center_axis',(1.,0.,0.));
#10335=DIRECTION('ref_axis',(0.,-1.,0.));
#10336=DIRECTION('',(0.,-1.,0.));
#10337=DIRECTION('',(0.,0.,-1.));
#10338=DIRECTION('center_axis',(0.,0.,-1.));
#10339=DIRECTION('ref_axis',(0.,1.,0.));
#10340=DIRECTION('center_axis',(0.,0.,1.));
#10341=DIRECTION('ref_axis',(0.,1.,0.));
#10342=DIRECTION('center_axis',(0.,-1.,0.));
#10343=DIRECTION('ref_axis',(-1.,0.,0.));
#10344=DIRECTION('',(0.,0.,-1.));
#10345=DIRECTION('',(-1.,0.,0.));
#10346=DIRECTION('',(0.,0.,-1.));
#10347=DIRECTION('center_axis',(0.,0.,-1.));
#10348=DIRECTION('ref_axis',(1.,0.,0.));
#10349=DIRECTION('center_axis',(0.,0.,1.));
#10350=DIRECTION('ref_axis',(1.,0.,0.));
#10351=DIRECTION('',(0.,0.,-1.));
#10352=DIRECTION('center_axis',(-1.,0.,0.));
#10353=DIRECTION('ref_axis',(0.,1.,0.));
#10354=DIRECTION('',(0.,1.,0.));
#10355=DIRECTION('',(0.,0.,-1.));
#10356=DIRECTION('center_axis',(0.,0.,-1.));
#10357=DIRECTION('ref_axis',(0.,-1.,0.));
#10358=DIRECTION('center_axis',(0.,0.,1.));
#10359=DIRECTION('ref_axis',(0.,-1.,0.));
#10360=DIRECTION('',(0.,0.,-1.));
#10361=DIRECTION('center_axis',(0.,1.,0.));
#10362=DIRECTION('ref_axis',(1.,0.,0.));
#10363=DIRECTION('',(1.,0.,0.));
#10364=DIRECTION('',(0.,0.,-1.));
#10365=DIRECTION('center_axis',(0.,0.,-1.));
#10366=DIRECTION('ref_axis',(-1.,0.,0.));
#10367=DIRECTION('center_axis',(0.,0.,1.));
#10368=DIRECTION('ref_axis',(-1.,0.,0.));
#10369=DIRECTION('',(0.,0.,-1.));
#10370=DIRECTION('center_axis',(1.,0.,0.));
#10371=DIRECTION('ref_axis',(0.,-1.,0.));
#10372=DIRECTION('',(0.,-1.,0.));
#10373=DIRECTION('',(0.,0.,-1.));
#10374=DIRECTION('center_axis',(0.,0.,-1.));
#10375=DIRECTION('ref_axis',(0.,1.,0.));
#10376=DIRECTION('center_axis',(0.,0.,1.));
#10377=DIRECTION('ref_axis',(0.,1.,0.));
#10378=DIRECTION('center_axis',(0.,0.,-1.));
#10379=DIRECTION('ref_axis',(1.,0.,0.));
#10380=DIRECTION('center_axis',(0.,0.,1.));
#10381=DIRECTION('ref_axis',(1.,0.,0.));
#10382=DIRECTION('',(0.,0.,1.));
#10383=DIRECTION('center_axis',(0.,-1.,0.));
#10384=DIRECTION('ref_axis',(-1.,0.,0.));
#10385=DIRECTION('',(0.,0.,-1.));
#10386=DIRECTION('',(-1.,0.,0.));
#10387=DIRECTION('',(0.,0.,-1.));
#10388=DIRECTION('center_axis',(0.,0.,-1.));
#10389=DIRECTION('ref_axis',(1.,0.,0.));
#10390=DIRECTION('center_axis',(0.,0.,1.));
#10391=DIRECTION('ref_axis',(1.,0.,0.));
#10392=DIRECTION('',(0.,0.,-1.));
#10393=DIRECTION('center_axis',(-1.,0.,0.));
#10394=DIRECTION('ref_axis',(0.,1.,0.));
#10395=DIRECTION('',(0.,1.,0.));
#10396=DIRECTION('',(0.,0.,-1.));
#10397=DIRECTION('center_axis',(0.,0.,-1.));
#10398=DIRECTION('ref_axis',(0.,-1.,0.));
#10399=DIRECTION('center_axis',(0.,0.,1.));
#10400=DIRECTION('ref_axis',(0.,-1.,0.));
#10401=DIRECTION('',(0.,0.,-1.));
#10402=DIRECTION('center_axis',(0.,1.,0.));
#10403=DIRECTION('ref_axis',(1.,0.,0.));
#10404=DIRECTION('',(1.,0.,0.));
#10405=DIRECTION('',(0.,0.,-1.));
#10406=DIRECTION('center_axis',(0.,0.,-1.));
#10407=DIRECTION('ref_axis',(-1.,0.,0.));
#10408=DIRECTION('center_axis',(0.,0.,1.));
#10409=DIRECTION('ref_axis',(-1.,0.,0.));
#10410=DIRECTION('',(0.,0.,-1.));
#10411=DIRECTION('center_axis',(1.,0.,0.));
#10412=DIRECTION('ref_axis',(0.,-1.,0.));
#10413=DIRECTION('',(0.,-1.,0.));
#10414=DIRECTION('',(0.,0.,-1.));
#10415=DIRECTION('center_axis',(0.,0.,-1.));
#10416=DIRECTION('ref_axis',(0.,1.,0.));
#10417=DIRECTION('center_axis',(0.,0.,1.));
#10418=DIRECTION('ref_axis',(0.,1.,0.));
#10419=DIRECTION('center_axis',(0.,-1.,0.));
#10420=DIRECTION('ref_axis',(-1.,0.,0.));
#10421=DIRECTION('',(0.,0.,-1.));
#10422=DIRECTION('',(-1.,0.,0.));
#10423=DIRECTION('',(0.,0.,-1.));
#10424=DIRECTION('center_axis',(0.,0.,-1.));
#10425=DIRECTION('ref_axis',(1.,0.,0.));
#10426=DIRECTION('center_axis',(0.,0.,1.));
#10427=DIRECTION('ref_axis',(1.,0.,0.));
#10428=DIRECTION('',(0.,0.,-1.));
#10429=DIRECTION('center_axis',(-1.,0.,0.));
#10430=DIRECTION('ref_axis',(0.,1.,0.));
#10431=DIRECTION('',(0.,1.,0.));
#10432=DIRECTION('',(0.,0.,-1.));
#10433=DIRECTION('center_axis',(0.,0.,-1.));
#10434=DIRECTION('ref_axis',(0.,-1.,0.));
#10435=DIRECTION('center_axis',(0.,0.,1.));
#10436=DIRECTION('ref_axis',(0.,-1.,0.));
#10437=DIRECTION('',(0.,0.,-1.));
#10438=DIRECTION('center_axis',(0.,1.,0.));
#10439=DIRECTION('ref_axis',(1.,0.,0.));
#10440=DIRECTION('',(1.,0.,0.));
#10441=DIRECTION('',(0.,0.,-1.));
#10442=DIRECTION('center_axis',(0.,0.,-1.));
#10443=DIRECTION('ref_axis',(-1.,0.,0.));
#10444=DIRECTION('center_axis',(0.,0.,1.));
#10445=DIRECTION('ref_axis',(-1.,0.,0.));
#10446=DIRECTION('',(0.,0.,-1.));
#10447=DIRECTION('center_axis',(1.,0.,0.));
#10448=DIRECTION('ref_axis',(0.,-1.,0.));
#10449=DIRECTION('',(0.,-1.,0.));
#10450=DIRECTION('',(0.,0.,-1.));
#10451=DIRECTION('center_axis',(0.,0.,-1.));
#10452=DIRECTION('ref_axis',(0.,1.,0.));
#10453=DIRECTION('center_axis',(0.,0.,1.));
#10454=DIRECTION('ref_axis',(0.,1.,0.));
#10455=DIRECTION('center_axis',(0.,0.,-1.));
#10456=DIRECTION('ref_axis',(1.,0.,0.));
#10457=DIRECTION('center_axis',(0.,0.,1.));
#10458=DIRECTION('ref_axis',(1.,0.,0.));
#10459=DIRECTION('',(0.,0.,1.));
#10460=DIRECTION('center_axis',(0.,-1.,0.));
#10461=DIRECTION('ref_axis',(-1.,0.,0.));
#10462=DIRECTION('',(0.,0.,-1.));
#10463=DIRECTION('',(-1.,0.,0.));
#10464=DIRECTION('',(0.,0.,-1.));
#10465=DIRECTION('center_axis',(0.,0.,-1.));
#10466=DIRECTION('ref_axis',(1.,0.,0.));
#10467=DIRECTION('center_axis',(0.,0.,1.));
#10468=DIRECTION('ref_axis',(1.,0.,0.));
#10469=DIRECTION('',(0.,0.,-1.));
#10470=DIRECTION('center_axis',(-1.,0.,0.));
#10471=DIRECTION('ref_axis',(0.,1.,0.));
#10472=DIRECTION('',(0.,1.,0.));
#10473=DIRECTION('',(0.,0.,-1.));
#10474=DIRECTION('center_axis',(0.,0.,-1.));
#10475=DIRECTION('ref_axis',(0.,-1.,0.));
#10476=DIRECTION('center_axis',(0.,0.,1.));
#10477=DIRECTION('ref_axis',(0.,-1.,0.));
#10478=DIRECTION('',(0.,0.,-1.));
#10479=DIRECTION('center_axis',(0.,1.,0.));
#10480=DIRECTION('ref_axis',(1.,0.,0.));
#10481=DIRECTION('',(1.,0.,0.));
#10482=DIRECTION('',(0.,0.,-1.));
#10483=DIRECTION('center_axis',(0.,0.,-1.));
#10484=DIRECTION('ref_axis',(-1.,0.,0.));
#10485=DIRECTION('center_axis',(0.,0.,1.));
#10486=DIRECTION('ref_axis',(-1.,0.,0.));
#10487=DIRECTION('',(0.,0.,-1.));
#10488=DIRECTION('center_axis',(1.,0.,0.));
#10489=DIRECTION('ref_axis',(0.,-1.,0.));
#10490=DIRECTION('',(0.,-1.,0.));
#10491=DIRECTION('',(0.,0.,-1.));
#10492=DIRECTION('center_axis',(0.,0.,-1.));
#10493=DIRECTION('ref_axis',(0.,1.,0.));
#10494=DIRECTION('center_axis',(0.,0.,1.));
#10495=DIRECTION('ref_axis',(0.,1.,0.));
#10496=DIRECTION('center_axis',(1.,0.,0.));
#10497=DIRECTION('ref_axis',(0.,-1.,0.));
#10498=DIRECTION('',(0.,0.,-1.));
#10499=DIRECTION('',(0.,-1.,0.));
#10500=DIRECTION('',(0.,0.,-1.));
#10501=DIRECTION('center_axis',(0.,0.,-1.));
#10502=DIRECTION('ref_axis',(0.,1.,0.));
#10503=DIRECTION('center_axis',(0.,0.,1.));
#10504=DIRECTION('ref_axis',(0.,1.,0.));
#10505=DIRECTION('',(0.,0.,-1.));
#10506=DIRECTION('center_axis',(0.,-1.,0.));
#10507=DIRECTION('ref_axis',(-1.,0.,0.));
#10508=DIRECTION('',(-1.,0.,0.));
#10509=DIRECTION('',(0.,0.,-1.));
#10510=DIRECTION('center_axis',(0.,0.,-1.));
#10511=DIRECTION('ref_axis',(1.,0.,0.));
#10512=DIRECTION('center_axis',(0.,0.,1.));
#10513=DIRECTION('ref_axis',(1.,0.,0.));
#10514=DIRECTION('',(0.,0.,-1.));
#10515=DIRECTION('center_axis',(-1.,0.,0.));
#10516=DIRECTION('ref_axis',(0.,1.,0.));
#10517=DIRECTION('',(0.,1.,0.));
#10518=DIRECTION('',(0.,0.,-1.));
#10519=DIRECTION('center_axis',(0.,0.,-1.));
#10520=DIRECTION('ref_axis',(0.,-1.,0.));
#10521=DIRECTION('center_axis',(0.,0.,1.));
#10522=DIRECTION('ref_axis',(0.,-1.,0.));
#10523=DIRECTION('',(0.,0.,-1.));
#10524=DIRECTION('center_axis',(0.,1.,0.));
#10525=DIRECTION('ref_axis',(1.,0.,0.));
#10526=DIRECTION('',(1.,0.,0.));
#10527=DIRECTION('',(0.,0.,-1.));
#10528=DIRECTION('center_axis',(0.,0.,-1.));
#10529=DIRECTION('ref_axis',(-1.,0.,0.));
#10530=DIRECTION('center_axis',(0.,0.,1.));
#10531=DIRECTION('ref_axis',(-1.,0.,0.));
#10532=DIRECTION('center_axis',(0.,-1.,0.));
#10533=DIRECTION('ref_axis',(-1.,0.,0.));
#10534=DIRECTION('',(0.,0.,-1.));
#10535=DIRECTION('',(-1.,0.,0.));
#10536=DIRECTION('',(0.,0.,-1.));
#10537=DIRECTION('center_axis',(0.,0.,-1.));
#10538=DIRECTION('ref_axis',(1.,0.,0.));
#10539=DIRECTION('center_axis',(0.,0.,1.));
#10540=DIRECTION('ref_axis',(1.,0.,0.));
#10541=DIRECTION('',(0.,0.,-1.));
#10542=DIRECTION('center_axis',(-1.,0.,0.));
#10543=DIRECTION('ref_axis',(0.,1.,0.));
#10544=DIRECTION('',(0.,1.,0.));
#10545=DIRECTION('',(0.,0.,-1.));
#10546=DIRECTION('center_axis',(0.,0.,-1.));
#10547=DIRECTION('ref_axis',(0.,-1.,0.));
#10548=DIRECTION('center_axis',(0.,0.,1.));
#10549=DIRECTION('ref_axis',(0.,-1.,0.));
#10550=DIRECTION('',(0.,0.,-1.));
#10551=DIRECTION('center_axis',(0.,1.,0.));
#10552=DIRECTION('ref_axis',(1.,0.,0.));
#10553=DIRECTION('',(1.,0.,0.));
#10554=DIRECTION('',(0.,0.,-1.));
#10555=DIRECTION('center_axis',(0.,0.,-1.));
#10556=DIRECTION('ref_axis',(-1.,0.,0.));
#10557=DIRECTION('center_axis',(0.,0.,1.));
#10558=DIRECTION('ref_axis',(-1.,0.,0.));
#10559=DIRECTION('',(0.,0.,-1.));
#10560=DIRECTION('center_axis',(1.,0.,0.));
#10561=DIRECTION('ref_axis',(0.,-1.,0.));
#10562=DIRECTION('',(0.,-1.,0.));
#10563=DIRECTION('',(0.,0.,-1.));
#10564=DIRECTION('center_axis',(0.,0.,-1.));
#10565=DIRECTION('ref_axis',(0.,1.,0.));
#10566=DIRECTION('center_axis',(0.,0.,1.));
#10567=DIRECTION('ref_axis',(0.,1.,0.));
#10568=DIRECTION('center_axis',(0.,-1.,0.));
#10569=DIRECTION('ref_axis',(-1.,0.,0.));
#10570=DIRECTION('',(0.,0.,-1.));
#10571=DIRECTION('',(-1.,0.,0.));
#10572=DIRECTION('',(0.,0.,-1.));
#10573=DIRECTION('center_axis',(0.,0.,-1.));
#10574=DIRECTION('ref_axis',(1.,0.,0.));
#10575=DIRECTION('center_axis',(0.,0.,1.));
#10576=DIRECTION('ref_axis',(1.,0.,0.));
#10577=DIRECTION('',(0.,0.,-1.));
#10578=DIRECTION('center_axis',(-1.,0.,0.));
#10579=DIRECTION('ref_axis',(0.,1.,0.));
#10580=DIRECTION('',(0.,1.,0.));
#10581=DIRECTION('',(0.,0.,-1.));
#10582=DIRECTION('center_axis',(0.,0.,-1.));
#10583=DIRECTION('ref_axis',(0.,-1.,0.));
#10584=DIRECTION('center_axis',(0.,0.,1.));
#10585=DIRECTION('ref_axis',(0.,-1.,0.));
#10586=DIRECTION('',(0.,0.,-1.));
#10587=DIRECTION('center_axis',(0.,1.,0.));
#10588=DIRECTION('ref_axis',(1.,0.,0.));
#10589=DIRECTION('',(1.,0.,0.));
#10590=DIRECTION('',(0.,0.,-1.));
#10591=DIRECTION('center_axis',(0.,0.,-1.));
#10592=DIRECTION('ref_axis',(-1.,0.,0.));
#10593=DIRECTION('center_axis',(0.,0.,1.));
#10594=DIRECTION('ref_axis',(-1.,0.,0.));
#10595=DIRECTION('',(0.,0.,-1.));
#10596=DIRECTION('center_axis',(1.,0.,0.));
#10597=DIRECTION('ref_axis',(0.,-1.,0.));
#10598=DIRECTION('',(0.,-1.,0.));
#10599=DIRECTION('',(0.,0.,-1.));
#10600=DIRECTION('center_axis',(0.,0.,-1.));
#10601=DIRECTION('ref_axis',(0.,1.,0.));
#10602=DIRECTION('center_axis',(0.,0.,1.));
#10603=DIRECTION('ref_axis',(0.,1.,0.));
#10604=DIRECTION('center_axis',(0.,-1.,0.));
#10605=DIRECTION('ref_axis',(-1.,0.,0.));
#10606=DIRECTION('',(0.,0.,-1.));
#10607=DIRECTION('',(-1.,0.,0.));
#10608=DIRECTION('',(0.,0.,-1.));
#10609=DIRECTION('center_axis',(0.,0.,-1.));
#10610=DIRECTION('ref_axis',(1.,0.,0.));
#10611=DIRECTION('center_axis',(0.,0.,1.));
#10612=DIRECTION('ref_axis',(1.,0.,0.));
#10613=DIRECTION('',(0.,0.,-1.));
#10614=DIRECTION('center_axis',(-1.,0.,0.));
#10615=DIRECTION('ref_axis',(0.,1.,0.));
#10616=DIRECTION('',(0.,1.,0.));
#10617=DIRECTION('',(0.,0.,-1.));
#10618=DIRECTION('center_axis',(0.,0.,-1.));
#10619=DIRECTION('ref_axis',(0.,-1.,0.));
#10620=DIRECTION('center_axis',(0.,0.,1.));
#10621=DIRECTION('ref_axis',(0.,-1.,0.));
#10622=DIRECTION('',(0.,0.,-1.));
#10623=DIRECTION('center_axis',(0.,1.,0.));
#10624=DIRECTION('ref_axis',(1.,0.,0.));
#10625=DIRECTION('',(1.,0.,0.));
#10626=DIRECTION('',(0.,0.,-1.));
#10627=DIRECTION('center_axis',(0.,0.,-1.));
#10628=DIRECTION('ref_axis',(-1.,0.,0.));
#10629=DIRECTION('center_axis',(0.,0.,1.));
#10630=DIRECTION('ref_axis',(-1.,0.,0.));
#10631=DIRECTION('',(0.,0.,-1.));
#10632=DIRECTION('center_axis',(1.,0.,0.));
#10633=DIRECTION('ref_axis',(0.,-1.,0.));
#10634=DIRECTION('',(0.,-1.,0.));
#10635=DIRECTION('',(0.,0.,-1.));
#10636=DIRECTION('center_axis',(0.,0.,-1.));
#10637=DIRECTION('ref_axis',(0.,1.,0.));
#10638=DIRECTION('center_axis',(0.,0.,1.));
#10639=DIRECTION('ref_axis',(0.,1.,0.));
#10640=DIRECTION('center_axis',(0.,-1.,0.));
#10641=DIRECTION('ref_axis',(-1.,0.,0.));
#10642=DIRECTION('',(0.,0.,-1.));
#10643=DIRECTION('',(-1.,0.,0.));
#10644=DIRECTION('',(0.,0.,-1.));
#10645=DIRECTION('center_axis',(0.,0.,-1.));
#10646=DIRECTION('ref_axis',(1.,0.,0.));
#10647=DIRECTION('center_axis',(0.,0.,1.));
#10648=DIRECTION('ref_axis',(1.,0.,0.));
#10649=DIRECTION('',(0.,0.,-1.));
#10650=DIRECTION('center_axis',(-1.,0.,0.));
#10651=DIRECTION('ref_axis',(0.,1.,0.));
#10652=DIRECTION('',(0.,1.,0.));
#10653=DIRECTION('',(0.,0.,-1.));
#10654=DIRECTION('center_axis',(0.,0.,-1.));
#10655=DIRECTION('ref_axis',(3.55271367880051E-14,-1.,0.));
#10656=DIRECTION('center_axis',(0.,0.,1.));
#10657=DIRECTION('ref_axis',(3.55271367880051E-14,-1.,0.));
#10658=DIRECTION('',(0.,0.,-1.));
#10659=DIRECTION('center_axis',(0.,1.,0.));
#10660=DIRECTION('ref_axis',(1.,0.,0.));
#10661=DIRECTION('',(1.,0.,0.));
#10662=DIRECTION('',(0.,0.,-1.));
#10663=DIRECTION('center_axis',(0.,0.,-1.));
#10664=DIRECTION('ref_axis',(-1.,0.,0.));
#10665=DIRECTION('center_axis',(0.,0.,1.));
#10666=DIRECTION('ref_axis',(-1.,0.,0.));
#10667=DIRECTION('',(0.,0.,-1.));
#10668=DIRECTION('center_axis',(1.,0.,0.));
#10669=DIRECTION('ref_axis',(0.,-1.,0.));
#10670=DIRECTION('',(0.,-1.,0.));
#10671=DIRECTION('',(0.,0.,-1.));
#10672=DIRECTION('center_axis',(0.,0.,-1.));
#10673=DIRECTION('ref_axis',(0.,1.,0.));
#10674=DIRECTION('center_axis',(0.,0.,1.));
#10675=DIRECTION('ref_axis',(0.,1.,0.));
#10676=DIRECTION('center_axis',(0.,0.,-1.));
#10677=DIRECTION('ref_axis',(1.,0.,0.));
#10678=DIRECTION('center_axis',(0.,0.,1.));
#10679=DIRECTION('ref_axis',(1.,0.,0.));
#10680=DIRECTION('',(0.,0.,1.));
#10681=DIRECTION('center_axis',(1.,-7.31441066748254E-15,0.));
#10682=DIRECTION('ref_axis',(-7.31441066748254E-15,-1.,0.));
#10683=DIRECTION('',(0.,0.,-1.));
#10684=DIRECTION('',(-7.31441066748254E-15,-1.,0.));
#10685=DIRECTION('',(0.,0.,-1.));
#10686=DIRECTION('center_axis',(0.,0.,-1.));
#10687=DIRECTION('ref_axis',(0.,1.,0.));
#10688=DIRECTION('center_axis',(0.,0.,1.));
#10689=DIRECTION('ref_axis',(0.,1.,0.));
#10690=DIRECTION('',(0.,0.,-1.));
#10691=DIRECTION('center_axis',(0.,-1.,0.));
#10692=DIRECTION('ref_axis',(-1.,0.,0.));
#10693=DIRECTION('',(-1.,0.,0.));
#10694=DIRECTION('',(0.,0.,-1.));
#10695=DIRECTION('center_axis',(0.,0.,-1.));
#10696=DIRECTION('ref_axis',(1.,0.,0.));
#10697=DIRECTION('center_axis',(0.,0.,1.));
#10698=DIRECTION('ref_axis',(1.,0.,0.));
#10699=DIRECTION('',(0.,0.,-1.));
#10700=DIRECTION('center_axis',(-1.,0.,0.));
#10701=DIRECTION('ref_axis',(0.,1.,0.));
#10702=DIRECTION('',(0.,1.,0.));
#10703=DIRECTION('',(0.,0.,-1.));
#10704=DIRECTION('center_axis',(0.,0.,-1.));
#10705=DIRECTION('ref_axis',(0.,-1.,0.));
#10706=DIRECTION('center_axis',(0.,0.,1.));
#10707=DIRECTION('ref_axis',(0.,-1.,0.));
#10708=DIRECTION('',(0.,0.,-1.));
#10709=DIRECTION('center_axis',(0.,1.,0.));
#10710=DIRECTION('ref_axis',(1.,0.,0.));
#10711=DIRECTION('',(1.,0.,0.));
#10712=DIRECTION('',(0.,0.,-1.));
#10713=DIRECTION('center_axis',(0.,0.,-1.));
#10714=DIRECTION('ref_axis',(-1.,0.,0.));
#10715=DIRECTION('center_axis',(0.,0.,1.));
#10716=DIRECTION('ref_axis',(-1.,0.,0.));
#10717=DIRECTION('center_axis',(0.,-1.,0.));
#10718=DIRECTION('ref_axis',(-1.,0.,0.));
#10719=DIRECTION('',(0.,0.,-1.));
#10720=DIRECTION('',(-1.,0.,0.));
#10721=DIRECTION('',(0.,0.,-1.));
#10722=DIRECTION('center_axis',(0.,0.,-1.));
#10723=DIRECTION('ref_axis',(1.,0.,0.));
#10724=DIRECTION('center_axis',(0.,0.,1.));
#10725=DIRECTION('ref_axis',(1.,0.,0.));
#10726=DIRECTION('',(0.,0.,-1.));
#10727=DIRECTION('center_axis',(-1.,0.,0.));
#10728=DIRECTION('ref_axis',(0.,1.,0.));
#10729=DIRECTION('',(0.,1.,0.));
#10730=DIRECTION('',(0.,0.,-1.));
#10731=DIRECTION('center_axis',(0.,0.,-1.));
#10732=DIRECTION('ref_axis',(0.,-1.,0.));
#10733=DIRECTION('center_axis',(0.,0.,1.));
#10734=DIRECTION('ref_axis',(0.,-1.,0.));
#10735=DIRECTION('',(0.,0.,-1.));
#10736=DIRECTION('center_axis',(0.,1.,0.));
#10737=DIRECTION('ref_axis',(1.,0.,0.));
#10738=DIRECTION('',(1.,0.,0.));
#10739=DIRECTION('',(0.,0.,-1.));
#10740=DIRECTION('center_axis',(0.,0.,-1.));
#10741=DIRECTION('ref_axis',(-1.,0.,0.));
#10742=DIRECTION('center_axis',(0.,0.,1.));
#10743=DIRECTION('ref_axis',(-1.,0.,0.));
#10744=DIRECTION('',(0.,0.,-1.));
#10745=DIRECTION('center_axis',(1.,0.,0.));
#10746=DIRECTION('ref_axis',(0.,-1.,0.));
#10747=DIRECTION('',(0.,-1.,0.));
#10748=DIRECTION('',(0.,0.,-1.));
#10749=DIRECTION('center_axis',(0.,0.,-1.));
#10750=DIRECTION('ref_axis',(0.,1.,0.));
#10751=DIRECTION('center_axis',(0.,0.,1.));
#10752=DIRECTION('ref_axis',(0.,1.,0.));
#10753=DIRECTION('center_axis',(0.,-1.,0.));
#10754=DIRECTION('ref_axis',(-1.,0.,0.));
#10755=DIRECTION('',(0.,0.,-1.));
#10756=DIRECTION('',(-1.,0.,0.));
#10757=DIRECTION('',(0.,0.,-1.));
#10758=DIRECTION('center_axis',(0.,0.,-1.));
#10759=DIRECTION('ref_axis',(1.,0.,0.));
#10760=DIRECTION('center_axis',(0.,0.,1.));
#10761=DIRECTION('ref_axis',(1.,0.,0.));
#10762=DIRECTION('',(0.,0.,-1.));
#10763=DIRECTION('center_axis',(-1.,0.,0.));
#10764=DIRECTION('ref_axis',(0.,1.,0.));
#10765=DIRECTION('',(0.,1.,0.));
#10766=DIRECTION('',(0.,0.,-1.));
#10767=DIRECTION('center_axis',(0.,0.,-1.));
#10768=DIRECTION('ref_axis',(1.77635683940026E-14,-1.,0.));
#10769=DIRECTION('center_axis',(0.,0.,1.));
#10770=DIRECTION('ref_axis',(1.77635683940026E-14,-1.,0.));
#10771=DIRECTION('',(0.,0.,-1.));
#10772=DIRECTION('center_axis',(0.,1.,0.));
#10773=DIRECTION('ref_axis',(1.,0.,0.));
#10774=DIRECTION('',(1.,0.,0.));
#10775=DIRECTION('',(0.,0.,-1.));
#10776=DIRECTION('center_axis',(0.,0.,-1.));
#10777=DIRECTION('ref_axis',(-1.,0.,0.));
#10778=DIRECTION('center_axis',(0.,0.,1.));
#10779=DIRECTION('ref_axis',(-1.,0.,0.));
#10780=DIRECTION('',(0.,0.,-1.));
#10781=DIRECTION('center_axis',(1.,0.,0.));
#10782=DIRECTION('ref_axis',(0.,-1.,0.));
#10783=DIRECTION('',(0.,-1.,0.));
#10784=DIRECTION('',(0.,0.,-1.));
#10785=DIRECTION('center_axis',(0.,0.,-1.));
#10786=DIRECTION('ref_axis',(0.,1.,0.));
#10787=DIRECTION('center_axis',(0.,0.,1.));
#10788=DIRECTION('ref_axis',(0.,1.,0.));
#10789=DIRECTION('center_axis',(0.,-1.,0.));
#10790=DIRECTION('ref_axis',(-1.,0.,0.));
#10791=DIRECTION('',(0.,0.,-1.));
#10792=DIRECTION('',(-1.,0.,0.));
#10793=DIRECTION('',(0.,0.,-1.));
#10794=DIRECTION('center_axis',(0.,0.,-1.));
#10795=DIRECTION('ref_axis',(1.,0.,0.));
#10796=DIRECTION('center_axis',(0.,0.,1.));
#10797=DIRECTION('ref_axis',(1.,0.,0.));
#10798=DIRECTION('',(0.,0.,-1.));
#10799=DIRECTION('center_axis',(-1.,0.,0.));
#10800=DIRECTION('ref_axis',(0.,1.,0.));
#10801=DIRECTION('',(0.,1.,0.));
#10802=DIRECTION('',(0.,0.,-1.));
#10803=DIRECTION('center_axis',(0.,0.,-1.));
#10804=DIRECTION('ref_axis',(0.,-1.,0.));
#10805=DIRECTION('center_axis',(0.,0.,1.));
#10806=DIRECTION('ref_axis',(0.,-1.,0.));
#10807=DIRECTION('',(0.,0.,-1.));
#10808=DIRECTION('center_axis',(0.,1.,0.));
#10809=DIRECTION('ref_axis',(1.,0.,0.));
#10810=DIRECTION('',(1.,0.,0.));
#10811=DIRECTION('',(0.,0.,-1.));
#10812=DIRECTION('center_axis',(0.,0.,-1.));
#10813=DIRECTION('ref_axis',(-1.,0.,0.));
#10814=DIRECTION('center_axis',(0.,0.,1.));
#10815=DIRECTION('ref_axis',(-1.,0.,0.));
#10816=DIRECTION('',(0.,0.,-1.));
#10817=DIRECTION('center_axis',(1.,0.,0.));
#10818=DIRECTION('ref_axis',(0.,-1.,0.));
#10819=DIRECTION('',(0.,-1.,0.));
#10820=DIRECTION('',(0.,0.,-1.));
#10821=DIRECTION('center_axis',(0.,0.,-1.));
#10822=DIRECTION('ref_axis',(0.,1.,0.));
#10823=DIRECTION('center_axis',(0.,0.,1.));
#10824=DIRECTION('ref_axis',(0.,1.,0.));
#10825=DIRECTION('center_axis',(0.,-1.,0.));
#10826=DIRECTION('ref_axis',(-1.,0.,0.));
#10827=DIRECTION('',(0.,0.,-1.));
#10828=DIRECTION('',(-1.,0.,0.));
#10829=DIRECTION('',(0.,0.,-1.));
#10830=DIRECTION('center_axis',(0.,0.,-1.));
#10831=DIRECTION('ref_axis',(1.,0.,0.));
#10832=DIRECTION('center_axis',(0.,0.,1.));
#10833=DIRECTION('ref_axis',(1.,0.,0.));
#10834=DIRECTION('',(0.,0.,-1.));
#10835=DIRECTION('center_axis',(-1.,0.,0.));
#10836=DIRECTION('ref_axis',(0.,1.,0.));
#10837=DIRECTION('',(0.,1.,0.));
#10838=DIRECTION('',(0.,0.,-1.));
#10839=DIRECTION('center_axis',(0.,0.,-1.));
#10840=DIRECTION('ref_axis',(0.,-1.,0.));
#10841=DIRECTION('center_axis',(0.,0.,1.));
#10842=DIRECTION('ref_axis',(0.,-1.,0.));
#10843=DIRECTION('',(0.,0.,-1.));
#10844=DIRECTION('center_axis',(0.,1.,0.));
#10845=DIRECTION('ref_axis',(1.,0.,0.));
#10846=DIRECTION('',(1.,0.,0.));
#10847=DIRECTION('',(0.,0.,-1.));
#10848=DIRECTION('center_axis',(0.,0.,-1.));
#10849=DIRECTION('ref_axis',(-1.,0.,0.));
#10850=DIRECTION('center_axis',(0.,0.,1.));
#10851=DIRECTION('ref_axis',(-1.,0.,0.));
#10852=DIRECTION('',(0.,0.,-1.));
#10853=DIRECTION('center_axis',(1.,0.,0.));
#10854=DIRECTION('ref_axis',(0.,-1.,0.));
#10855=DIRECTION('',(0.,-1.,0.));
#10856=DIRECTION('',(0.,0.,-1.));
#10857=DIRECTION('center_axis',(0.,0.,-1.));
#10858=DIRECTION('ref_axis',(0.,1.,0.));
#10859=DIRECTION('center_axis',(0.,0.,1.));
#10860=DIRECTION('ref_axis',(0.,1.,0.));
#10861=DIRECTION('center_axis',(0.,0.,-1.));
#10862=DIRECTION('ref_axis',(-0.965173380166936,0.261611059049747,0.));
#10863=DIRECTION('',(0.,0.,-1.));
#10864=DIRECTION('center_axis',(0.,0.,1.));
#10865=DIRECTION('ref_axis',(1.,0.,0.));
#10866=DIRECTION('',(0.,0.,-1.));
#10867=DIRECTION('center_axis',(0.,1.,0.));
#10868=DIRECTION('ref_axis',(1.,0.,0.));
#10869=DIRECTION('',(1.,0.,0.));
#10870=DIRECTION('',(0.,0.,-1.));
#10871=DIRECTION('center_axis',(0.,0.,-1.));
#10872=DIRECTION('ref_axis',(-1.,0.,0.));
#10873=DIRECTION('center_axis',(0.,0.,1.));
#10874=DIRECTION('ref_axis',(-1.,0.,0.));
#10875=DIRECTION('',(0.,0.,-1.));
#10876=DIRECTION('center_axis',(1.,0.,0.));
#10877=DIRECTION('ref_axis',(0.,-1.,0.));
#10878=DIRECTION('',(0.,-1.,0.));
#10879=DIRECTION('',(0.,0.,-1.));
#10880=DIRECTION('center_axis',(0.,0.,-1.));
#10881=DIRECTION('ref_axis',(0.,1.,0.));
#10882=DIRECTION('center_axis',(0.,0.,1.));
#10883=DIRECTION('ref_axis',(0.,1.,0.));
#10884=DIRECTION('',(0.,0.,-1.));
#10885=DIRECTION('center_axis',(0.,-1.,0.));
#10886=DIRECTION('ref_axis',(-1.,0.,0.));
#10887=DIRECTION('',(-1.,0.,0.));
#10888=DIRECTION('',(0.,0.,-1.));
#10889=DIRECTION('center_axis',(0.,0.,-1.));
#10890=DIRECTION('ref_axis',(1.,0.,0.));
#10891=DIRECTION('center_axis',(0.,0.,1.));
#10892=DIRECTION('ref_axis',(1.,0.,0.));
#10893=DIRECTION('',(0.,0.,-1.));
#10894=DIRECTION('center_axis',(-1.,0.,0.));
#10895=DIRECTION('ref_axis',(0.,1.,0.));
#10896=DIRECTION('',(0.,1.,0.));
#10897=DIRECTION('',(0.,0.,-1.));
#10898=DIRECTION('center_axis',(0.,0.,-1.));
#10899=DIRECTION('ref_axis',(1.,0.,0.));
#10900=DIRECTION('center_axis',(0.,0.,1.));
#10901=DIRECTION('ref_axis',(1.,0.,0.));
#10902=DIRECTION('',(0.,0.,-1.));
#10903=DIRECTION('center_axis',(4.07443129881504E-8,-0.999999999999999,
0.));
#10904=DIRECTION('ref_axis',(-0.999999999999999,-4.07443129881504E-8,0.));
#10905=DIRECTION('',(-0.999999999999999,-4.07443129881504E-8,0.));
#10906=DIRECTION('',(0.,0.,-1.));
#10907=DIRECTION('center_axis',(0.,0.,-1.));
#10908=DIRECTION('ref_axis',(-4.07443129962321E-8,0.999999999999999,0.));
#10909=DIRECTION('center_axis',(0.,0.,1.));
#10910=DIRECTION('ref_axis',(1.,0.,0.));
#10911=DIRECTION('',(0.,0.,-1.));
#10912=DIRECTION('center_axis',(4.07443129881504E-8,-0.999999999999999,
0.));
#10913=DIRECTION('ref_axis',(-0.999999999999999,-4.07443129881504E-8,0.));
#10914=DIRECTION('',(-0.999999999999999,-4.07443129881504E-8,0.));
#10915=DIRECTION('',(0.,0.,-1.));
#10916=DIRECTION('center_axis',(0.,0.,-1.));
#10917=DIRECTION('ref_axis',(-0.965173612485244,0.261610201945917,0.));
#10918=DIRECTION('center_axis',(0.,0.,1.));
#10919=DIRECTION('ref_axis',(1.,0.,0.));
#10920=DIRECTION('',(0.,0.,-1.));
#10921=DIRECTION('center_axis',(0.,1.,0.));
#10922=DIRECTION('ref_axis',(1.,0.,0.));
#10923=DIRECTION('',(1.,0.,0.));
#10924=DIRECTION('',(0.,0.,-1.));
#10925=DIRECTION('center_axis',(0.,0.,-1.));
#10926=DIRECTION('ref_axis',(-1.,0.,0.));
#10927=DIRECTION('center_axis',(0.,0.,1.));
#10928=DIRECTION('ref_axis',(-1.,0.,0.));
#10929=DIRECTION('',(0.,0.,-1.));
#10930=DIRECTION('center_axis',(1.,0.,0.));
#10931=DIRECTION('ref_axis',(0.,-1.,0.));
#10932=DIRECTION('',(0.,-1.,0.));
#10933=DIRECTION('',(0.,0.,-1.));
#10934=DIRECTION('center_axis',(0.,0.,-1.));
#10935=DIRECTION('ref_axis',(0.,1.,0.));
#10936=DIRECTION('center_axis',(0.,0.,1.));
#10937=DIRECTION('ref_axis',(0.,1.,0.));
#10938=DIRECTION('',(0.,0.,-1.));
#10939=DIRECTION('center_axis',(0.,-1.,0.));
#10940=DIRECTION('ref_axis',(-1.,0.,0.));
#10941=DIRECTION('',(-1.,0.,0.));
#10942=DIRECTION('',(0.,0.,-1.));
#10943=DIRECTION('center_axis',(0.,0.,-1.));
#10944=DIRECTION('ref_axis',(1.,0.,0.));
#10945=DIRECTION('center_axis',(0.,0.,1.));
#10946=DIRECTION('ref_axis',(1.,0.,0.));
#10947=DIRECTION('',(0.,0.,-1.));
#10948=DIRECTION('center_axis',(-1.,0.,0.));
#10949=DIRECTION('ref_axis',(0.,1.,0.));
#10950=DIRECTION('',(0.,1.,0.));
#10951=DIRECTION('',(0.,0.,-1.));
#10952=DIRECTION('center_axis',(0.,0.,-1.));
#10953=DIRECTION('ref_axis',(1.,0.,0.));
#10954=DIRECTION('center_axis',(0.,0.,1.));
#10955=DIRECTION('ref_axis',(1.,0.,0.));
#10956=DIRECTION('',(0.,0.,-1.));
#10957=DIRECTION('center_axis',(1.,0.,0.));
#10958=DIRECTION('ref_axis',(0.,-1.,0.));
#10959=DIRECTION('',(0.,-1.,0.));
#10960=DIRECTION('',(0.,0.,-1.));
#10961=DIRECTION('center_axis',(0.,0.,-1.));
#10962=DIRECTION('ref_axis',(0.,1.,0.));
#10963=DIRECTION('center_axis',(0.,0.,1.));
#10964=DIRECTION('ref_axis',(0.,1.,0.));
#10965=DIRECTION('',(0.,0.,-1.));
#10966=DIRECTION('center_axis',(0.,-1.,0.));
#10967=DIRECTION('ref_axis',(-1.,0.,0.));
#10968=DIRECTION('',(-1.,0.,0.));
#10969=DIRECTION('',(0.,0.,-1.));
#10970=DIRECTION('center_axis',(0.,0.,-1.));
#10971=DIRECTION('ref_axis',(1.,0.,0.));
#10972=DIRECTION('center_axis',(0.,0.,1.));
#10973=DIRECTION('ref_axis',(1.,0.,0.));
#10974=DIRECTION('',(0.,0.,-1.));
#10975=DIRECTION('center_axis',(-1.,0.,0.));
#10976=DIRECTION('ref_axis',(0.,1.,0.));
#10977=DIRECTION('',(0.,1.,0.));
#10978=DIRECTION('',(0.,0.,-1.));
#10979=DIRECTION('center_axis',(0.,0.,-1.));
#10980=DIRECTION('ref_axis',(0.,-1.,0.));
#10981=DIRECTION('center_axis',(0.,0.,1.));
#10982=DIRECTION('ref_axis',(0.,-1.,0.));
#10983=DIRECTION('',(0.,0.,-1.));
#10984=DIRECTION('center_axis',(0.,1.,0.));
#10985=DIRECTION('ref_axis',(1.,0.,0.));
#10986=DIRECTION('',(1.,0.,0.));
#10987=DIRECTION('',(0.,0.,-1.));
#10988=DIRECTION('center_axis',(0.,0.,-1.));
#10989=DIRECTION('ref_axis',(1.,0.,0.));
#10990=DIRECTION('center_axis',(0.,0.,1.));
#10991=DIRECTION('ref_axis',(1.,0.,0.));
#10992=DIRECTION('',(0.,0.,-1.));
#10993=DIRECTION('center_axis',(4.07443129881504E-8,-0.999999999999999,
0.));
#10994=DIRECTION('ref_axis',(-0.999999999999999,-4.07443129881504E-8,0.));
#10995=DIRECTION('',(-0.999999999999999,-4.07443129881504E-8,0.));
#10996=DIRECTION('center_axis',(-4.07443129881504E-8,0.999999999999999,
0.));
#10997=DIRECTION('ref_axis',(0.999999999999999,4.07443129881504E-8,0.));
#10998=DIRECTION('',(0.999999999999999,4.07443129881504E-8,0.));
#10999=DIRECTION('',(0.,0.,-1.));
#11000=DIRECTION('center_axis',(0.,0.,-1.));
#11001=DIRECTION('ref_axis',(1.,0.,0.));
#11002=DIRECTION('center_axis',(0.,0.,1.));
#11003=DIRECTION('ref_axis',(1.,0.,0.));
#11004=DIRECTION('',(0.,0.,-1.));
#11005=DIRECTION('center_axis',(0.,-1.,0.));
#11006=DIRECTION('ref_axis',(-1.,0.,0.));
#11007=DIRECTION('',(-1.,0.,0.));
#11008=DIRECTION('',(0.,0.,-1.));
#11009=DIRECTION('center_axis',(0.,0.,-1.));
#11010=DIRECTION('ref_axis',(1.,0.,0.));
#11011=DIRECTION('center_axis',(0.,0.,1.));
#11012=DIRECTION('ref_axis',(1.,0.,0.));
#11013=DIRECTION('',(0.,0.,-1.));
#11014=DIRECTION('center_axis',(-1.,0.,0.));
#11015=DIRECTION('ref_axis',(0.,1.,0.));
#11016=DIRECTION('',(0.,1.,0.));
#11017=DIRECTION('',(0.,0.,-1.));
#11018=DIRECTION('center_axis',(0.,0.,-1.));
#11019=DIRECTION('ref_axis',(0.,-1.,0.));
#11020=DIRECTION('center_axis',(0.,0.,1.));
#11021=DIRECTION('ref_axis',(0.,-1.,0.));
#11022=DIRECTION('',(0.,0.,-1.));
#11023=DIRECTION('center_axis',(0.,1.,0.));
#11024=DIRECTION('ref_axis',(1.,0.,0.));
#11025=DIRECTION('',(1.,0.,0.));
#11026=DIRECTION('',(0.,0.,-1.));
#11027=DIRECTION('center_axis',(0.,0.,-1.));
#11028=DIRECTION('ref_axis',(-1.,0.,0.));
#11029=DIRECTION('center_axis',(0.,0.,1.));
#11030=DIRECTION('ref_axis',(-1.,0.,0.));
#11031=DIRECTION('',(0.,0.,-1.));
#11032=DIRECTION('center_axis',(1.,0.,0.));
#11033=DIRECTION('ref_axis',(0.,-1.,0.));
#11034=DIRECTION('',(0.,-1.,0.));
#11035=DIRECTION('',(0.,0.,-1.));
#11036=DIRECTION('center_axis',(0.,0.,-1.));
#11037=DIRECTION('ref_axis',(1.,0.,0.));
#11038=DIRECTION('center_axis',(0.,0.,1.));
#11039=DIRECTION('ref_axis',(1.,0.,0.));
#11040=DIRECTION('',(0.,0.,-1.));
#11041=DIRECTION('center_axis',(-1.,0.,0.));
#11042=DIRECTION('ref_axis',(0.,1.,0.));
#11043=DIRECTION('',(0.,1.,0.));
#11044=DIRECTION('',(0.,0.,-1.));
#11045=DIRECTION('center_axis',(0.,0.,-1.));
#11046=DIRECTION('ref_axis',(0.,-1.,0.));
#11047=DIRECTION('center_axis',(0.,0.,1.));
#11048=DIRECTION('ref_axis',(0.,-1.,0.));
#11049=DIRECTION('',(0.,0.,-1.));
#11050=DIRECTION('center_axis',(0.,1.,0.));
#11051=DIRECTION('ref_axis',(1.,0.,0.));
#11052=DIRECTION('',(1.,0.,0.));
#11053=DIRECTION('',(0.,0.,-1.));
#11054=DIRECTION('center_axis',(0.,0.,-1.));
#11055=DIRECTION('ref_axis',(-1.,0.,0.));
#11056=DIRECTION('center_axis',(0.,0.,1.));
#11057=DIRECTION('ref_axis',(-1.,0.,0.));
#11058=DIRECTION('',(0.,0.,-1.));
#11059=DIRECTION('center_axis',(1.,0.,0.));
#11060=DIRECTION('ref_axis',(0.,-1.,0.));
#11061=DIRECTION('',(0.,-1.,0.));
#11062=DIRECTION('',(0.,0.,-1.));
#11063=DIRECTION('center_axis',(0.,0.,-1.));
#11064=DIRECTION('ref_axis',(0.,1.,0.));
#11065=DIRECTION('center_axis',(0.,0.,1.));
#11066=DIRECTION('ref_axis',(0.,1.,0.));
#11067=DIRECTION('',(0.,0.,-1.));
#11068=DIRECTION('center_axis',(0.,-1.,0.));
#11069=DIRECTION('ref_axis',(-1.,0.,0.));
#11070=DIRECTION('',(-1.,0.,0.));
#11071=DIRECTION('',(0.,0.,-1.));
#11072=DIRECTION('center_axis',(0.,0.,-1.));
#11073=DIRECTION('ref_axis',(1.,0.,0.));
#11074=DIRECTION('center_axis',(0.,0.,1.));
#11075=DIRECTION('ref_axis',(1.,0.,0.));
#11076=DIRECTION('',(0.,0.,-1.));
#11077=DIRECTION('center_axis',(-4.07443129881504E-8,0.999999999999999,
0.));
#11078=DIRECTION('ref_axis',(0.999999999999999,4.07443129881504E-8,0.));
#11079=DIRECTION('',(0.999999999999999,4.07443129881504E-8,0.));
#11080=DIRECTION('',(0.,0.,-1.));
#11081=DIRECTION('center_axis',(0.,0.,-1.));
#11082=DIRECTION('ref_axis',(1.,0.,0.));
#11083=DIRECTION('center_axis',(0.,0.,1.));
#11084=DIRECTION('ref_axis',(1.,0.,0.));
#11085=DIRECTION('',(0.,0.,-1.));
#11086=DIRECTION('center_axis',(0.,-1.,0.));
#11087=DIRECTION('ref_axis',(-1.,0.,0.));
#11088=DIRECTION('',(-1.,0.,0.));
#11089=DIRECTION('',(0.,0.,-1.));
#11090=DIRECTION('center_axis',(0.,0.,-1.));
#11091=DIRECTION('ref_axis',(1.,0.,0.));
#11092=DIRECTION('center_axis',(0.,0.,1.));
#11093=DIRECTION('ref_axis',(1.,0.,0.));
#11094=DIRECTION('',(0.,0.,-1.));
#11095=DIRECTION('center_axis',(-1.,0.,0.));
#11096=DIRECTION('ref_axis',(0.,1.,0.));
#11097=DIRECTION('',(0.,1.,0.));
#11098=DIRECTION('',(0.,0.,-1.));
#11099=DIRECTION('center_axis',(0.,0.,-1.));
#11100=DIRECTION('ref_axis',(0.,-1.,0.));
#11101=DIRECTION('center_axis',(0.,0.,1.));
#11102=DIRECTION('ref_axis',(0.,-1.,0.));
#11103=DIRECTION('',(0.,0.,-1.));
#11104=DIRECTION('center_axis',(0.,1.,0.));
#11105=DIRECTION('ref_axis',(1.,0.,0.));
#11106=DIRECTION('',(1.,0.,0.));
#11107=DIRECTION('',(0.,0.,-1.));
#11108=DIRECTION('center_axis',(0.,0.,-1.));
#11109=DIRECTION('ref_axis',(-1.,0.,0.));
#11110=DIRECTION('center_axis',(0.,0.,1.));
#11111=DIRECTION('ref_axis',(-1.,0.,0.));
#11112=DIRECTION('',(0.,0.,-1.));
#11113=DIRECTION('center_axis',(1.,0.,0.));
#11114=DIRECTION('ref_axis',(0.,-1.,0.));
#11115=DIRECTION('',(0.,-1.,0.));
#11116=DIRECTION('',(0.,0.,-1.));
#11117=DIRECTION('center_axis',(0.,0.,-1.));
#11118=DIRECTION('ref_axis',(1.,0.,0.));
#11119=DIRECTION('center_axis',(0.,0.,1.));
#11120=DIRECTION('ref_axis',(1.,0.,0.));
#11121=DIRECTION('',(0.,0.,-1.));
#11122=DIRECTION('center_axis',(-1.,0.,0.));
#11123=DIRECTION('ref_axis',(0.,1.,0.));
#11124=DIRECTION('',(0.,1.,0.));
#11125=DIRECTION('',(0.,0.,-1.));
#11126=DIRECTION('center_axis',(0.,0.,-1.));
#11127=DIRECTION('ref_axis',(0.,-1.,0.));
#11128=DIRECTION('center_axis',(0.,0.,1.));
#11129=DIRECTION('ref_axis',(0.,-1.,0.));
#11130=DIRECTION('',(0.,0.,-1.));
#11131=DIRECTION('center_axis',(0.,1.,0.));
#11132=DIRECTION('ref_axis',(1.,0.,0.));
#11133=DIRECTION('',(1.,0.,0.));
#11134=DIRECTION('',(0.,0.,-1.));
#11135=DIRECTION('center_axis',(0.,0.,-1.));
#11136=DIRECTION('ref_axis',(-1.,0.,0.));
#11137=DIRECTION('center_axis',(0.,0.,1.));
#11138=DIRECTION('ref_axis',(-1.,0.,0.));
#11139=DIRECTION('',(0.,0.,-1.));
#11140=DIRECTION('center_axis',(1.,0.,0.));
#11141=DIRECTION('ref_axis',(0.,-1.,0.));
#11142=DIRECTION('',(0.,-1.,0.));
#11143=DIRECTION('',(0.,0.,-1.));
#11144=DIRECTION('center_axis',(0.,0.,-1.));
#11145=DIRECTION('ref_axis',(0.,1.,0.));
#11146=DIRECTION('center_axis',(0.,0.,1.));
#11147=DIRECTION('ref_axis',(0.,1.,0.));
#11148=DIRECTION('',(0.,0.,-1.));
#11149=DIRECTION('center_axis',(0.,-1.,0.));
#11150=DIRECTION('ref_axis',(-1.,0.,0.));
#11151=DIRECTION('',(-1.,0.,0.));
#11152=DIRECTION('',(0.,0.,-1.));
#11153=DIRECTION('center_axis',(0.,0.,-1.));
#11154=DIRECTION('ref_axis',(1.,0.,0.));
#11155=DIRECTION('center_axis',(0.,0.,1.));
#11156=DIRECTION('ref_axis',(1.,0.,0.));
#11157=DIRECTION('',(0.,0.,-1.));
#11158=DIRECTION('center_axis',(-4.07443129881504E-8,0.999999999999999,
0.));
#11159=DIRECTION('ref_axis',(0.999999999999999,4.07443129881504E-8,0.));
#11160=DIRECTION('',(0.999999999999999,4.07443129881504E-8,0.));
#11161=DIRECTION('',(0.,0.,-1.));
#11162=DIRECTION('center_axis',(0.,0.,-1.));
#11163=DIRECTION('ref_axis',(1.,0.,0.));
#11164=DIRECTION('center_axis',(0.,0.,1.));
#11165=DIRECTION('ref_axis',(1.,0.,0.));
#11166=DIRECTION('',(0.,0.,-1.));
#11167=DIRECTION('center_axis',(0.,-1.,0.));
#11168=DIRECTION('ref_axis',(-1.,0.,0.));
#11169=DIRECTION('',(-1.,0.,0.));
#11170=DIRECTION('',(0.,0.,-1.));
#11171=DIRECTION('center_axis',(0.,0.,-1.));
#11172=DIRECTION('ref_axis',(1.,0.,0.));
#11173=DIRECTION('center_axis',(0.,0.,1.));
#11174=DIRECTION('ref_axis',(1.,0.,0.));
#11175=DIRECTION('',(0.,0.,-1.));
#11176=DIRECTION('center_axis',(-1.,0.,0.));
#11177=DIRECTION('ref_axis',(0.,1.,0.));
#11178=DIRECTION('',(0.,1.,0.));
#11179=DIRECTION('',(0.,0.,-1.));
#11180=DIRECTION('center_axis',(0.,0.,-1.));
#11181=DIRECTION('ref_axis',(0.,-1.,0.));
#11182=DIRECTION('center_axis',(0.,0.,1.));
#11183=DIRECTION('ref_axis',(0.,-1.,0.));
#11184=DIRECTION('',(0.,0.,-1.));
#11185=DIRECTION('center_axis',(0.,1.,0.));
#11186=DIRECTION('ref_axis',(1.,0.,0.));
#11187=DIRECTION('',(1.,0.,0.));
#11188=DIRECTION('',(0.,0.,-1.));
#11189=DIRECTION('center_axis',(0.,0.,-1.));
#11190=DIRECTION('ref_axis',(-1.,0.,0.));
#11191=DIRECTION('center_axis',(0.,0.,1.));
#11192=DIRECTION('ref_axis',(-1.,0.,0.));
#11193=DIRECTION('',(0.,0.,-1.));
#11194=DIRECTION('center_axis',(1.,0.,0.));
#11195=DIRECTION('ref_axis',(0.,-1.,0.));
#11196=DIRECTION('',(0.,-1.,0.));
#11197=DIRECTION('',(0.,0.,-1.));
#11198=DIRECTION('center_axis',(0.,0.,-1.));
#11199=DIRECTION('ref_axis',(1.,0.,0.));
#11200=DIRECTION('center_axis',(0.,0.,1.));
#11201=DIRECTION('ref_axis',(1.,0.,0.));
#11202=DIRECTION('',(0.,0.,-1.));
#11203=DIRECTION('center_axis',(-1.,0.,0.));
#11204=DIRECTION('ref_axis',(0.,1.,0.));
#11205=DIRECTION('',(0.,1.,0.));
#11206=DIRECTION('',(0.,0.,-1.));
#11207=DIRECTION('center_axis',(0.,0.,-1.));
#11208=DIRECTION('ref_axis',(0.,-1.,0.));
#11209=DIRECTION('center_axis',(0.,0.,1.));
#11210=DIRECTION('ref_axis',(0.,-1.,0.));
#11211=DIRECTION('',(0.,0.,-1.));
#11212=DIRECTION('center_axis',(0.,1.,0.));
#11213=DIRECTION('ref_axis',(1.,0.,0.));
#11214=DIRECTION('',(1.,0.,0.));
#11215=DIRECTION('',(0.,0.,-1.));
#11216=DIRECTION('center_axis',(0.,0.,-1.));
#11217=DIRECTION('ref_axis',(-1.,0.,0.));
#11218=DIRECTION('center_axis',(0.,0.,1.));
#11219=DIRECTION('ref_axis',(-1.,0.,0.));
#11220=DIRECTION('',(0.,0.,-1.));
#11221=DIRECTION('center_axis',(1.,0.,0.));
#11222=DIRECTION('ref_axis',(0.,-1.,0.));
#11223=DIRECTION('',(0.,-1.,0.));
#11224=DIRECTION('',(0.,0.,-1.));
#11225=DIRECTION('center_axis',(0.,0.,-1.));
#11226=DIRECTION('ref_axis',(0.,1.,0.));
#11227=DIRECTION('center_axis',(0.,0.,1.));
#11228=DIRECTION('ref_axis',(0.,1.,0.));
#11229=DIRECTION('',(0.,0.,-1.));
#11230=DIRECTION('center_axis',(0.,-1.,0.));
#11231=DIRECTION('ref_axis',(-1.,0.,0.));
#11232=DIRECTION('',(-1.,0.,0.));
#11233=DIRECTION('',(0.,0.,-1.));
#11234=DIRECTION('center_axis',(0.,0.,-1.));
#11235=DIRECTION('ref_axis',(1.,0.,0.));
#11236=DIRECTION('center_axis',(0.,0.,1.));
#11237=DIRECTION('ref_axis',(1.,0.,0.));
#11238=DIRECTION('',(0.,0.,-1.));
#11239=DIRECTION('center_axis',(-4.07443129881504E-8,0.999999999999999,
0.));
#11240=DIRECTION('ref_axis',(0.999999999999999,4.07443129881504E-8,0.));
#11241=DIRECTION('',(0.999999999999999,4.07443129881504E-8,0.));
#11242=DIRECTION('',(0.,0.,-1.));
#11243=DIRECTION('center_axis',(0.,0.,-1.));
#11244=DIRECTION('ref_axis',(1.,0.,0.));
#11245=DIRECTION('center_axis',(0.,0.,1.));
#11246=DIRECTION('ref_axis',(1.,0.,0.));
#11247=DIRECTION('',(0.,0.,-1.));
#11248=DIRECTION('center_axis',(0.,-1.,0.));
#11249=DIRECTION('ref_axis',(-1.,0.,0.));
#11250=DIRECTION('',(-1.,0.,0.));
#11251=DIRECTION('',(0.,0.,-1.));
#11252=DIRECTION('center_axis',(0.,0.,-1.));
#11253=DIRECTION('ref_axis',(1.,0.,0.));
#11254=DIRECTION('center_axis',(0.,0.,1.));
#11255=DIRECTION('ref_axis',(1.,0.,0.));
#11256=DIRECTION('',(0.,0.,-1.));
#11257=DIRECTION('center_axis',(-1.,0.,0.));
#11258=DIRECTION('ref_axis',(0.,1.,0.));
#11259=DIRECTION('',(0.,1.,0.));
#11260=DIRECTION('',(0.,0.,-1.));
#11261=DIRECTION('center_axis',(0.,0.,-1.));
#11262=DIRECTION('ref_axis',(0.,-1.,0.));
#11263=DIRECTION('center_axis',(0.,0.,1.));
#11264=DIRECTION('ref_axis',(0.,-1.,0.));
#11265=DIRECTION('',(0.,0.,-1.));
#11266=DIRECTION('center_axis',(0.,1.,0.));
#11267=DIRECTION('ref_axis',(1.,0.,0.));
#11268=DIRECTION('',(1.,0.,0.));
#11269=DIRECTION('',(0.,0.,-1.));
#11270=DIRECTION('center_axis',(0.,0.,-1.));
#11271=DIRECTION('ref_axis',(-1.,0.,0.));
#11272=DIRECTION('center_axis',(0.,0.,1.));
#11273=DIRECTION('ref_axis',(-1.,0.,0.));
#11274=DIRECTION('',(0.,0.,-1.));
#11275=DIRECTION('center_axis',(1.,0.,0.));
#11276=DIRECTION('ref_axis',(0.,-1.,0.));
#11277=DIRECTION('',(0.,-1.,0.));
#11278=DIRECTION('',(0.,0.,-1.));
#11279=DIRECTION('center_axis',(0.,0.,-1.));
#11280=DIRECTION('ref_axis',(1.,0.,0.));
#11281=DIRECTION('center_axis',(0.,0.,1.));
#11282=DIRECTION('ref_axis',(1.,0.,0.));
#11283=DIRECTION('',(0.,0.,-1.));
#11284=DIRECTION('center_axis',(-1.,0.,0.));
#11285=DIRECTION('ref_axis',(0.,1.,0.));
#11286=DIRECTION('',(0.,1.,0.));
#11287=DIRECTION('',(0.,0.,-1.));
#11288=DIRECTION('center_axis',(0.,0.,-1.));
#11289=DIRECTION('ref_axis',(3.55271367880051E-14,-1.,0.));
#11290=DIRECTION('center_axis',(0.,0.,1.));
#11291=DIRECTION('ref_axis',(3.55271367880051E-14,-1.,0.));
#11292=DIRECTION('',(0.,0.,-1.));
#11293=DIRECTION('center_axis',(0.,1.,0.));
#11294=DIRECTION('ref_axis',(1.,0.,0.));
#11295=DIRECTION('',(1.,0.,0.));
#11296=DIRECTION('',(0.,0.,-1.));
#11297=DIRECTION('center_axis',(0.,0.,-1.));
#11298=DIRECTION('ref_axis',(-1.,0.,0.));
#11299=DIRECTION('center_axis',(0.,0.,1.));
#11300=DIRECTION('ref_axis',(-1.,0.,0.));
#11301=DIRECTION('',(0.,0.,-1.));
#11302=DIRECTION('center_axis',(1.,0.,0.));
#11303=DIRECTION('ref_axis',(0.,-1.,0.));
#11304=DIRECTION('',(0.,-1.,0.));
#11305=DIRECTION('',(0.,0.,-1.));
#11306=DIRECTION('center_axis',(0.,0.,-1.));
#11307=DIRECTION('ref_axis',(0.,1.,0.));
#11308=DIRECTION('center_axis',(0.,0.,1.));
#11309=DIRECTION('ref_axis',(0.,1.,0.));
#11310=DIRECTION('',(0.,0.,-1.));
#11311=DIRECTION('center_axis',(0.,-1.,0.));
#11312=DIRECTION('ref_axis',(-1.,0.,0.));
#11313=DIRECTION('',(-1.,0.,0.));
#11314=DIRECTION('',(0.,0.,-1.));
#11315=DIRECTION('center_axis',(0.,0.,-1.));
#11316=DIRECTION('ref_axis',(1.,0.,0.));
#11317=DIRECTION('center_axis',(0.,0.,1.));
#11318=DIRECTION('ref_axis',(1.,0.,0.));
#11319=DIRECTION('center_axis',(4.07443129881504E-8,-0.999999999999999,
0.));
#11320=DIRECTION('ref_axis',(-0.999999999999999,-4.07443129881504E-8,0.));
#11321=DIRECTION('',(-0.999999999999999,-4.07443129881504E-8,0.));
#11322=DIRECTION('center_axis',(0.,0.,1.));
#11323=DIRECTION('ref_axis',(1.,0.,0.));
#11324=CARTESIAN_POINT('',(0.,0.,0.));
#11325=CARTESIAN_POINT('Origin',(-111.299997017516,-35.1000012283255,-1.5));
#11326=CARTESIAN_POINT('',(-114.299997017516,-35.1000013505584,-5.));
#11327=CARTESIAN_POINT('',(-111.299996895283,-38.1000012283255,-5.));
#11328=CARTESIAN_POINT('Origin',(-111.299997017516,-35.1000012283255,-5.));
#11329=CARTESIAN_POINT('',(-111.299996895283,-38.1000012283255,-1.5));
#11330=CARTESIAN_POINT('',(-111.299996895283,-38.1000012283255,-1.5));
#11331=CARTESIAN_POINT('',(-114.299997017516,-35.1000013505584,-1.5));
#11332=CARTESIAN_POINT('Origin',(-111.299997017516,-35.1000012283255,-1.5));
#11333=CARTESIAN_POINT('',(-114.299997017516,-35.1000013505584,-1.5));
#11334=CARTESIAN_POINT('Origin',(-114.299996895283,-38.1000013505584,-1.5));
#11335=CARTESIAN_POINT('',(-114.299999877767,35.1,-1.5));
#11336=CARTESIAN_POINT('',(-114.299996895283,-38.1000013505584,-1.5));
#11337=CARTESIAN_POINT('',(-114.299999877767,35.1,-5.));
#11338=CARTESIAN_POINT('',(-114.299999877767,35.1,-1.5));
#11339=CARTESIAN_POINT('',(-114.299996895283,-38.1000013505584,-5.));
#11340=CARTESIAN_POINT('Origin',(1.55235841958756E-6,3.98179577754121E-6,
-1.5));
#11341=CARTESIAN_POINT('',(-97.86875,-38.1000006810785,-1.5));
#11342=CARTESIAN_POINT('',(-114.299996895283,-38.1000013505584,-1.5));
#11343=CARTESIAN_POINT('',(-97.1843464349493,-35.575,-1.5));
#11344=CARTESIAN_POINT('Origin',(-92.86875,-38.100000477357,-1.5));
#11345=CARTESIAN_POINT('',(-108.89375,-35.575,-1.5));
#11346=CARTESIAN_POINT('',(-108.89375,-35.575,-1.5));
#11347=CARTESIAN_POINT('',(-109.39375,-35.075,-1.5));
#11348=CARTESIAN_POINT('Origin',(-108.89375,-35.075,-1.5));
#11349=CARTESIAN_POINT('',(-109.39375,-22.075,-1.5));
#11350=CARTESIAN_POINT('',(-109.39375,-22.075,-1.5));
#11351=CARTESIAN_POINT('',(-108.89375,-21.575,-1.5));
#11352=CARTESIAN_POINT('Origin',(-108.89375,-22.075,-1.5));
#11353=CARTESIAN_POINT('',(-95.89375,-21.575,-1.5));
#11354=CARTESIAN_POINT('',(-108.89375,-21.575,-1.5));
#11355=CARTESIAN_POINT('',(-95.39375,-22.075,-1.5));
#11356=CARTESIAN_POINT('Origin',(-95.89375,-22.075,-1.5));
#11357=CARTESIAN_POINT('',(-95.39375,-33.7844037631122,-1.5));
#11358=CARTESIAN_POINT('',(-95.39375,-22.075,-1.5));
#11359=CARTESIAN_POINT('',(-87.86875,-38.1000002736354,-1.5));
#11360=CARTESIAN_POINT('Origin',(-92.86875,-38.100000477357,-1.5));
#11361=CARTESIAN_POINT('',(-4.99999689528325,-38.099996897205,-1.5));
#11362=CARTESIAN_POINT('',(-114.299996895283,-38.1000013505584,-1.5));
#11363=CARTESIAN_POINT('',(5.00000310471675,-38.0999964897619,-1.5));
#11364=CARTESIAN_POINT('Origin',(3.10471675035728E-6,-38.0999966934834,
-1.5));
#11365=CARTESIAN_POINT('',(90.250004753209,-38.0999930163091,-1.5));
#11366=CARTESIAN_POINT('',(-114.299996895283,-38.1000013505584,-1.5));
#11367=CARTESIAN_POINT('',(90.9344038337099,-35.575,-1.5));
#11368=CARTESIAN_POINT('Origin',(95.250004753209,-38.0999928125875,-1.5));
#11369=CARTESIAN_POINT('',(79.225,-35.575,-1.5));
#11370=CARTESIAN_POINT('',(79.225,-35.575,-1.5));
#11371=CARTESIAN_POINT('',(78.725,-35.075,-1.5));
#11372=CARTESIAN_POINT('Origin',(79.225,-35.075,-1.5));
#11373=CARTESIAN_POINT('',(78.725,-22.075,-1.5));
#11374=CARTESIAN_POINT('',(78.725,-22.075,-1.5));
#11375=CARTESIAN_POINT('',(79.225,-21.575,-1.5));
#11376=CARTESIAN_POINT('Origin',(79.225,-22.075,-1.5));
#11377=CARTESIAN_POINT('',(92.225,-21.575,-1.5));
#11378=CARTESIAN_POINT('',(79.225,-21.575,-1.5));
#11379=CARTESIAN_POINT('',(92.725,-22.075,-1.5));
#11380=CARTESIAN_POINT('Origin',(92.225,-22.075,-1.5));
#11381=CARTESIAN_POINT('',(92.725,-33.7843988793876,-1.5));
#11382=CARTESIAN_POINT('',(92.725,-22.075,-1.5));
#11383=CARTESIAN_POINT('',(97.775,-33.784393317305,-1.5));
#11384=CARTESIAN_POINT('Origin',(95.250004753209,-38.0999928125875,-1.5));
#11385=CARTESIAN_POINT('',(97.775,-22.075,-1.5));
#11386=CARTESIAN_POINT('',(97.775,-22.075,-1.5));
#11387=CARTESIAN_POINT('',(98.275,-21.575,-1.5));
#11388=CARTESIAN_POINT('Origin',(98.275,-22.075,-1.5));
#11389=CARTESIAN_POINT('',(111.275,-21.575,-1.5));
#11390=CARTESIAN_POINT('',(98.275,-21.575,-1.5));
#11391=CARTESIAN_POINT('',(111.775,-22.075,-1.5));
#11392=CARTESIAN_POINT('Origin',(111.275,-22.075,-1.5));
#11393=CARTESIAN_POINT('',(111.775,-35.075,-1.5));
#11394=CARTESIAN_POINT('',(111.775,-22.075,-1.5));
#11395=CARTESIAN_POINT('',(111.275,-35.575,-1.5));
#11396=CARTESIAN_POINT('Origin',(111.275,-35.075,-1.5));
#11397=CARTESIAN_POINT('',(99.565605672708,-35.575,-1.5));
#11398=CARTESIAN_POINT('',(98.275,-35.575,-1.5));
#11399=CARTESIAN_POINT('',(100.250004753209,-38.099992608866,-1.5));
#11400=CARTESIAN_POINT('Origin',(95.250004753209,-38.0999928125875,-1.5));
#11401=CARTESIAN_POINT('',(111.300003104717,-38.0999921586414,-1.5));
#11402=CARTESIAN_POINT('',(-114.299996895283,-38.1000013505584,-1.5));
#11403=CARTESIAN_POINT('',(114.300002982484,-35.0999920364085,-1.5));
#11404=CARTESIAN_POINT('Origin',(111.300002982484,-35.0999921586414,-1.5));
#11405=CARTESIAN_POINT('',(114.300000122233,35.10000931415,-1.5));
#11406=CARTESIAN_POINT('',(114.300003104717,-38.0999920364085,-1.5));
#11407=CARTESIAN_POINT('',(111.3,38.100009191917,-1.5));
#11408=CARTESIAN_POINT('Origin',(111.300000122233,35.100009191917,-1.5));
#11409=CARTESIAN_POINT('',(100.249997645349,38.1000087416923,-1.5));
#11410=CARTESIAN_POINT('',(-114.3,38.1,-1.5));
#11411=CARTESIAN_POINT('',(99.5655893641261,35.575,-1.5));
#11412=CARTESIAN_POINT('Origin',(95.2499976453493,38.1000085379707,-1.5));
#11413=CARTESIAN_POINT('',(111.275,35.575,-1.5));
#11414=CARTESIAN_POINT('',(98.275,35.575,-1.5));
#11415=CARTESIAN_POINT('',(111.775,35.075,-1.5));
#11416=CARTESIAN_POINT('Origin',(111.275,35.075,-1.5));
#11417=CARTESIAN_POINT('',(111.775,22.075,-1.5));
#11418=CARTESIAN_POINT('',(111.775,35.075,-1.5));
#11419=CARTESIAN_POINT('',(111.275,21.575,-1.5));
#11420=CARTESIAN_POINT('Origin',(111.275,22.075,-1.5));
#11421=CARTESIAN_POINT('',(98.275,21.575,-1.5));
#11422=CARTESIAN_POINT('',(98.275,21.575,-1.5));
#11423=CARTESIAN_POINT('',(97.775,22.075,-1.5));
#11424=CARTESIAN_POINT('Origin',(98.275,22.075,-1.5));
#11425=CARTESIAN_POINT('',(97.775,33.7844132014026,-1.5));
#11426=CARTESIAN_POINT('',(97.775,35.075,-1.5));
#11427=CARTESIAN_POINT('',(92.725,33.784410446051,-1.5));
#11428=CARTESIAN_POINT('Origin',(95.2499976453493,38.1000085379707,-1.5));
#11429=CARTESIAN_POINT('',(92.7250000000001,22.075,-1.5));
#11430=CARTESIAN_POINT('',(92.725,35.075,-1.5));
#11431=CARTESIAN_POINT('',(92.225,21.575,-1.5));
#11432=CARTESIAN_POINT('Origin',(92.225,22.075,-1.5));
#11433=CARTESIAN_POINT('',(79.225,21.575,-1.5));
#11434=CARTESIAN_POINT('',(79.225,21.575,-1.5));
#11435=CARTESIAN_POINT('',(78.725,22.075,-1.5));
#11436=CARTESIAN_POINT('Origin',(79.225,22.075,-1.5));
#11437=CARTESIAN_POINT('',(78.725,35.075,-1.5));
#11438=CARTESIAN_POINT('',(78.725,35.075,-1.5));
#11439=CARTESIAN_POINT('',(79.225,35.575,-1.5));
#11440=CARTESIAN_POINT('Origin',(79.225,35.075,-1.5));
#11441=CARTESIAN_POINT('',(90.9344059265725,35.575,-1.5));
#11442=CARTESIAN_POINT('',(79.225,35.575,-1.5));
#11443=CARTESIAN_POINT('',(90.2499976453493,38.1000083342491,-1.5));
#11444=CARTESIAN_POINT('Origin',(95.2499976453493,38.1000085379707,-1.5));
#11445=CARTESIAN_POINT('',(24.0500012930304,38.1000056369758,-1.5));
#11446=CARTESIAN_POINT('',(-114.3,38.1,-1.5));
#11447=CARTESIAN_POINT('',(23.3655948283436,35.575,-1.5));
#11448=CARTESIAN_POINT('Origin',(19.0500012930304,38.1000054332542,-1.5));
#11449=CARTESIAN_POINT('',(35.075,35.575,-1.5));
#11450=CARTESIAN_POINT('',(22.075,35.575,-1.5));
#11451=CARTESIAN_POINT('',(35.575,35.075,-1.5));
#11452=CARTESIAN_POINT('Origin',(35.075,35.075,-1.5));
#11453=CARTESIAN_POINT('',(35.575,22.075,-1.5));
#11454=CARTESIAN_POINT('',(35.575,35.075,-1.5));
#11455=CARTESIAN_POINT('',(35.075,21.575,-1.5));
#11456=CARTESIAN_POINT('Origin',(35.075,22.075,-1.5));
#11457=CARTESIAN_POINT('',(22.075,21.575,-1.5));
#11458=CARTESIAN_POINT('',(22.075,21.575,-1.5));
#11459=CARTESIAN_POINT('',(21.575,22.075,-1.5));
#11460=CARTESIAN_POINT('Origin',(22.075,22.075,-1.5));
#11461=CARTESIAN_POINT('',(21.575,33.7844079624743,-1.5));
#11462=CARTESIAN_POINT('',(21.575,35.075,-1.5));
#11463=CARTESIAN_POINT('',(16.525,33.7844094755451,-1.5));
#11464=CARTESIAN_POINT('Origin',(19.0500012930304,38.1000054332542,-1.5));
#11465=CARTESIAN_POINT('',(16.525,22.075,-1.5));
#11466=CARTESIAN_POINT('',(16.525,35.075,-1.5));
#11467=CARTESIAN_POINT('',(16.025,21.575,-1.5));
#11468=CARTESIAN_POINT('Origin',(16.025,22.075,-1.5));
#11469=CARTESIAN_POINT('',(3.02500000000002,21.575,-1.5));
#11470=CARTESIAN_POINT('',(3.02500000000002,21.575,-1.5));
#11471=CARTESIAN_POINT('',(2.52500000000001,22.075,-1.5));
#11472=CARTESIAN_POINT('Origin',(3.02500000000002,22.075,-1.5));
#11473=CARTESIAN_POINT('',(2.52500000000002,35.075,-1.5));
#11474=CARTESIAN_POINT('',(2.52500000000001,35.075,-1.5));
#11475=CARTESIAN_POINT('',(3.02500000000002,35.575,-1.5));
#11476=CARTESIAN_POINT('Origin',(3.02500000000002,35.075,-1.5));
#11477=CARTESIAN_POINT('',(14.7344077577172,35.575,-1.5));
#11478=CARTESIAN_POINT('',(3.02500000000002,35.575,-1.5));
#11479=CARTESIAN_POINT('',(14.0500012930304,38.1000052295326,-1.5));
#11480=CARTESIAN_POINT('Origin',(19.0500012930304,38.1000054332542,-1.5));
#11481=CARTESIAN_POINT('',(-14.0500012687997,38.1000040846173,-1.5));
#11482=CARTESIAN_POINT('',(-114.3,38.1,-1.5));
#11483=CARTESIAN_POINT('',(-14.7344068252193,35.575,-1.5));
#11484=CARTESIAN_POINT('Origin',(-19.0500012687997,38.1000038808958,-1.5));
#11485=CARTESIAN_POINT('',(-3.02499999999998,35.575,-1.5));
#11486=CARTESIAN_POINT('',(-16.025,35.575,-1.5));
#11487=CARTESIAN_POINT('',(-2.52499999999998,35.075,-1.5));
#11488=CARTESIAN_POINT('Origin',(-3.02499999999998,35.075,-1.5));
#11489=CARTESIAN_POINT('',(-2.52499999999999,22.075,-1.5));
#11490=CARTESIAN_POINT('',(-2.52499999999998,35.075,-1.5));
#11491=CARTESIAN_POINT('',(-3.02499999999998,21.575,-1.5));
#11492=CARTESIAN_POINT('Origin',(-3.02499999999998,22.075,-1.5));
#11493=CARTESIAN_POINT('',(-16.025,21.575,-1.5));
#11494=CARTESIAN_POINT('',(-16.025,21.575,-1.5));
#11495=CARTESIAN_POINT('',(-16.525,22.075,-1.5));
#11496=CARTESIAN_POINT('Origin',(-16.025,22.075,-1.5));
#11497=CARTESIAN_POINT('',(-16.525,33.7844079090096,-1.5));
#11498=CARTESIAN_POINT('',(-16.525,35.075,-1.5));
#11499=CARTESIAN_POINT('',(-21.575,33.784406424293,-1.5));
#11500=CARTESIAN_POINT('Origin',(-19.0500012687997,38.1000038808958,-1.5));
#11501=CARTESIAN_POINT('',(-21.575,22.075,-1.5));
#11502=CARTESIAN_POINT('',(-21.575,35.075,-1.5));
#11503=CARTESIAN_POINT('',(-22.075,21.575,-1.5));
#11504=CARTESIAN_POINT('Origin',(-22.075,22.075,-1.5));
#11505=CARTESIAN_POINT('',(-35.075,21.575,-1.5));
#11506=CARTESIAN_POINT('',(-35.075,21.575,-1.5));
#11507=CARTESIAN_POINT('',(-35.575,22.075,-1.5));
#11508=CARTESIAN_POINT('Origin',(-35.075,22.075,-1.5));
#11509=CARTESIAN_POINT('',(-35.575,35.075,-1.5));
#11510=CARTESIAN_POINT('',(-35.575,35.075,-1.5));
#11511=CARTESIAN_POINT('',(-35.075,35.575,-1.5));
#11512=CARTESIAN_POINT('Origin',(-35.075,35.075,-1.5));
#11513=CARTESIAN_POINT('',(-23.36559571238,35.575,-1.5));
#11514=CARTESIAN_POINT('',(-35.075,35.575,-1.5));
#11515=CARTESIAN_POINT('',(-24.0500012687997,38.1000036771742,-1.5));
#11516=CARTESIAN_POINT('Origin',(-19.0500012687997,38.1000038808958,-1.5));
#11517=CARTESIAN_POINT('',(-90.2500047135828,38.1000009799005,-1.5));
#11518=CARTESIAN_POINT('',(-114.3,38.1,-1.5));
#11519=CARTESIAN_POINT('',(-90.9344084534705,35.575,-1.5));
#11520=CARTESIAN_POINT('Origin',(-95.2500047135828,38.100000776179,-1.5));
#11521=CARTESIAN_POINT('',(-79.225,35.575,-1.5));
#11522=CARTESIAN_POINT('',(-92.225,35.575,-1.5));
#11523=CARTESIAN_POINT('',(-78.725,35.075,-1.5));
#11524=CARTESIAN_POINT('Origin',(-79.225,35.075,-1.5));
#11525=CARTESIAN_POINT('',(-78.725,22.075,-1.5));
#11526=CARTESIAN_POINT('',(-78.725,35.075,-1.5));
#11527=CARTESIAN_POINT('',(-79.225,21.575,-1.5));
#11528=CARTESIAN_POINT('Origin',(-79.225,22.075,-1.5));
#11529=CARTESIAN_POINT('',(-92.225,21.575,-1.5));
#11530=CARTESIAN_POINT('',(-92.225,21.575,-1.5));
#11531=CARTESIAN_POINT('',(-92.725,22.075,-1.5));
#11532=CARTESIAN_POINT('Origin',(-92.225,22.075,-1.5));
#11533=CARTESIAN_POINT('',(-92.725,33.7844068197942,-1.5));
#11534=CARTESIAN_POINT('',(-92.725,35.075,-1.5));
#11535=CARTESIAN_POINT('',(-97.775,33.7844013040812,-1.5));
#11536=CARTESIAN_POINT('Origin',(-95.2500047135828,38.100000776179,-1.5));
#11537=CARTESIAN_POINT('',(-97.775,22.075,-1.5));
#11538=CARTESIAN_POINT('',(-97.775,35.075,-1.5));
#11539=CARTESIAN_POINT('',(-98.275,21.575,-1.5));
#11540=CARTESIAN_POINT('Origin',(-98.275,22.075,-1.5));
#11541=CARTESIAN_POINT('',(-111.275,21.575,-1.5));
#11542=CARTESIAN_POINT('',(-111.275,21.575,-1.5));
#11543=CARTESIAN_POINT('',(-111.775,22.075,-1.5));
#11544=CARTESIAN_POINT('Origin',(-111.275,22.075,-1.5));
#11545=CARTESIAN_POINT('',(-111.775,35.075,-1.5));
#11546=CARTESIAN_POINT('',(-111.775,35.075,-1.5));
#11547=CARTESIAN_POINT('',(-111.275,35.575,-1.5));
#11548=CARTESIAN_POINT('Origin',(-111.275,35.075,-1.5));
#11549=CARTESIAN_POINT('',(-99.5656009736952,35.575,-1.5));
#11550=CARTESIAN_POINT('',(-111.275,35.575,-1.5));
#11551=CARTESIAN_POINT('',(-100.250004713583,38.1000005724574,-1.5));
#11552=CARTESIAN_POINT('Origin',(-95.2500047135828,38.100000776179,-1.5));
#11553=CARTESIAN_POINT('',(-111.3,38.1000001222329,-1.5));
#11554=CARTESIAN_POINT('',(-114.3,38.1,-1.5));
#11555=CARTESIAN_POINT('Origin',(-111.299999877767,35.100000122233,-1.5));
#11556=CARTESIAN_POINT('',(90.63125,16.025,-1.5));
#11557=CARTESIAN_POINT('',(91.13125,16.525,-1.5));
#11558=CARTESIAN_POINT('Origin',(91.13125,16.025,-1.5));
#11559=CARTESIAN_POINT('',(104.13125,16.525,-1.5));
#11560=CARTESIAN_POINT('',(91.13125,16.525,-1.5));
#11561=CARTESIAN_POINT('',(104.63125,16.025,-1.5));
#11562=CARTESIAN_POINT('Origin',(104.13125,16.025,-1.5));
#11563=CARTESIAN_POINT('',(104.63125,3.025,-1.5));
#11564=CARTESIAN_POINT('',(104.63125,16.025,-1.5));
#11565=CARTESIAN_POINT('',(104.13125,2.525,-1.5));
#11566=CARTESIAN_POINT('Origin',(104.13125,3.025,-1.5));
#11567=CARTESIAN_POINT('',(91.13125,2.525,-1.5));
#11568=CARTESIAN_POINT('',(91.13125,2.525,-1.5));
#11569=CARTESIAN_POINT('',(90.63125,3.025,-1.5));
#11570=CARTESIAN_POINT('Origin',(91.13125,3.025,-1.5));
#11571=CARTESIAN_POINT('',(90.63125,16.025,-1.5));
#11572=CARTESIAN_POINT('',(-11.7625,16.025,-1.5));
#11573=CARTESIAN_POINT('',(-11.2625,16.525,-1.5));
#11574=CARTESIAN_POINT('Origin',(-11.2625,16.025,-1.5));
#11575=CARTESIAN_POINT('',(1.7375,16.525,-1.5));
#11576=CARTESIAN_POINT('',(-11.2625,16.525,-1.5));
#11577=CARTESIAN_POINT('',(2.23750000000001,16.025,-1.5));
#11578=CARTESIAN_POINT('Origin',(1.7375,16.025,-1.5));
#11579=CARTESIAN_POINT('',(2.2375,3.025,-1.5));
#11580=CARTESIAN_POINT('',(2.23750000000001,16.025,-1.5));
#11581=CARTESIAN_POINT('',(1.7375,2.525,-1.5));
#11582=CARTESIAN_POINT('Origin',(1.7375,3.025,-1.5));
#11583=CARTESIAN_POINT('',(-11.2625,2.525,-1.5));
#11584=CARTESIAN_POINT('',(-11.2625,2.525,-1.5));
#11585=CARTESIAN_POINT('',(-11.7625,3.025,-1.5));
#11586=CARTESIAN_POINT('Origin',(-11.2625,3.025,-1.5));
#11587=CARTESIAN_POINT('',(-11.7625,16.025,-1.5));
#11588=CARTESIAN_POINT('',(-78.4375,-3.02499999999999,-1.5));
#11589=CARTESIAN_POINT('',(-77.9375,-2.525,-1.5));
#11590=CARTESIAN_POINT('Origin',(-77.9375,-3.02499999999999,-1.5));
#11591=CARTESIAN_POINT('',(-64.9375,-2.525,-1.5));
#11592=CARTESIAN_POINT('',(-77.9375,-2.525,-1.5));
#11593=CARTESIAN_POINT('',(-64.4375,-3.02499999999999,-1.5));
#11594=CARTESIAN_POINT('Origin',(-64.9375,-3.02499999999999,-1.5));
#11595=CARTESIAN_POINT('',(-64.4375,-16.025,-1.5));
#11596=CARTESIAN_POINT('',(-64.4375,-3.02499999999999,-1.5));
#11597=CARTESIAN_POINT('',(-64.9375,-16.525,-1.5));
#11598=CARTESIAN_POINT('Origin',(-64.9375,-16.025,-1.5));
#11599=CARTESIAN_POINT('',(-77.9375,-16.525,-1.5));
#11600=CARTESIAN_POINT('',(-77.9375,-16.525,-1.5));
#11601=CARTESIAN_POINT('',(-78.4375,-16.025,-1.5));
#11602=CARTESIAN_POINT('Origin',(-77.9375,-16.025,-1.5));
#11603=CARTESIAN_POINT('',(-78.4375,-3.02499999999999,-1.5));
#11604=CARTESIAN_POINT('',(-54.625,35.075,-1.5));
#11605=CARTESIAN_POINT('',(-54.125,35.575,-1.5));
#11606=CARTESIAN_POINT('Origin',(-54.125,35.075,-1.5));
#11607=CARTESIAN_POINT('',(-41.125,35.575,-1.5));
#11608=CARTESIAN_POINT('',(-54.125,35.575,-1.5));
#11609=CARTESIAN_POINT('',(-40.625,35.075,-1.5));
#11610=CARTESIAN_POINT('Origin',(-41.125,35.075,-1.5));
#11611=CARTESIAN_POINT('',(-40.625,22.075,-1.5));
#11612=CARTESIAN_POINT('',(-40.625,35.075,-1.5));
#11613=CARTESIAN_POINT('',(-41.125,21.575,-1.5));
#11614=CARTESIAN_POINT('Origin',(-41.125,22.075,-1.5));
#11615=CARTESIAN_POINT('',(-54.125,21.575,-1.5));
#11616=CARTESIAN_POINT('',(-54.125,21.575,-1.5));
#11617=CARTESIAN_POINT('',(-54.625,22.075,-1.5));
#11618=CARTESIAN_POINT('Origin',(-54.125,22.075,-1.5));
#11619=CARTESIAN_POINT('',(-54.625,35.075,-1.5));
#11620=CARTESIAN_POINT('',(-41.13175,-37.575,-1.5));
#11621=CARTESIAN_POINT('',(-41.63175,-37.075,-1.5));
#11622=CARTESIAN_POINT('Origin',(-41.13175,-37.075,-1.5));
#11623=CARTESIAN_POINT('',(-41.6317499999999,-20.0750003539842,-1.5));
#11624=CARTESIAN_POINT('',(-41.63175,-37.075,-1.5));
#11625=CARTESIAN_POINT('',(-41.13175,-19.575,-1.5));
#11626=CARTESIAN_POINT('Origin',(-41.13175,-20.075,-1.5));
#11627=CARTESIAN_POINT('',(-35.13175,-19.575,-1.5));
#11628=CARTESIAN_POINT('',(-35.13175,-19.575,-1.5));
#11629=CARTESIAN_POINT('',(-34.63175,-20.075,-1.5));
#11630=CARTESIAN_POINT('Origin',(-35.13175,-20.075,-1.5));
#11631=CARTESIAN_POINT('',(-34.63175,-37.075,-1.5));
#11632=CARTESIAN_POINT('',(-34.63175,-37.075,-1.5));
#11633=CARTESIAN_POINT('',(-35.13175,-37.575,-1.5));
#11634=CARTESIAN_POINT('Origin',(-35.13175,-37.075,-1.5));
#11635=CARTESIAN_POINT('',(-41.13175,-37.575,-1.5));
#11636=CARTESIAN_POINT('',(50.3875,-25.40127,-1.5));
#11637=CARTESIAN_POINT('Origin',(52.3875,-25.40127,-1.5));
#11638=CARTESIAN_POINT('',(-104.63125,-3.02499999999999,-1.5));
#11639=CARTESIAN_POINT('',(-104.13125,-2.525,-1.5));
#11640=CARTESIAN_POINT('Origin',(-104.13125,-3.02499999999999,-1.5));
#11641=CARTESIAN_POINT('',(-91.13125,-2.52499999999999,-1.5));
#11642=CARTESIAN_POINT('',(-104.13125,-2.525,-1.5));
#11643=CARTESIAN_POINT('',(-90.63125,-3.02499999999999,-1.5));
#11644=CARTESIAN_POINT('Origin',(-91.13125,-3.02499999999999,-1.5));
#11645=CARTESIAN_POINT('',(-90.63125,-16.025,-1.5));
#11646=CARTESIAN_POINT('',(-90.63125,-3.02499999999999,-1.5));
#11647=CARTESIAN_POINT('',(-91.13125,-16.525,-1.5));
#11648=CARTESIAN_POINT('Origin',(-91.13125,-16.025,-1.5));
#11649=CARTESIAN_POINT('',(-104.13125,-16.525,-1.5));
#11650=CARTESIAN_POINT('',(-104.13125,-16.525,-1.5));
#11651=CARTESIAN_POINT('',(-104.63125,-16.025,-1.5));
#11652=CARTESIAN_POINT('Origin',(-104.13125,-16.025,-1.5));
#11653=CARTESIAN_POINT('',(-104.63125,-3.02499999999999,-1.5));
#11654=CARTESIAN_POINT('',(-49.8625,16.025,-1.5));
#11655=CARTESIAN_POINT('',(-49.3625,16.525,-1.5));
#11656=CARTESIAN_POINT('Origin',(-49.3625,16.025,-1.5));
#11657=CARTESIAN_POINT('',(-36.3625,16.525,-1.5));
#11658=CARTESIAN_POINT('',(-49.3625,16.525,-1.5));
#11659=CARTESIAN_POINT('',(-35.8625,16.025,-1.5));
#11660=CARTESIAN_POINT('Origin',(-36.3625,16.025,-1.5));
#11661=CARTESIAN_POINT('',(-35.8625,3.025,-1.5));
#11662=CARTESIAN_POINT('',(-35.8625,16.025,-1.5));
#11663=CARTESIAN_POINT('',(-36.3625,2.525,-1.5));
#11664=CARTESIAN_POINT('Origin',(-36.3625,3.025,-1.5));
#11665=CARTESIAN_POINT('',(-49.3625,2.525,-1.5));
#11666=CARTESIAN_POINT('',(-49.3625,2.525,-1.5));
#11667=CARTESIAN_POINT('',(-49.8625,3.025,-1.5));
#11668=CARTESIAN_POINT('Origin',(-49.3625,3.025,-1.5));
#11669=CARTESIAN_POINT('',(-49.8625,16.025,-1.5));
#11670=CARTESIAN_POINT('',(-33.19375,-22.075,-1.5));
#11671=CARTESIAN_POINT('',(-32.69375,-21.575,-1.5));
#11672=CARTESIAN_POINT('Origin',(-32.69375,-22.075,-1.5));
#11673=CARTESIAN_POINT('',(-19.69375,-21.575,-1.5));
#11674=CARTESIAN_POINT('',(-32.69375,-21.575,-1.5));
#11675=CARTESIAN_POINT('',(-19.19375,-22.075,-1.5));
#11676=CARTESIAN_POINT('Origin',(-19.69375,-22.075,-1.5));
#11677=CARTESIAN_POINT('',(-19.19375,-35.075,-1.5));
#11678=CARTESIAN_POINT('',(-19.19375,-22.075,-1.5));
#11679=CARTESIAN_POINT('',(-19.69375,-35.575,-1.5));
#11680=CARTESIAN_POINT('Origin',(-19.69375,-35.075,-1.5));
#11681=CARTESIAN_POINT('',(-32.69375,-35.575,-1.5));
#11682=CARTESIAN_POINT('',(-32.69375,-35.575,-1.5));
#11683=CARTESIAN_POINT('',(-33.19375,-35.075,-1.5));
#11684=CARTESIAN_POINT('Origin',(-32.69375,-35.075,-1.5));
#11685=CARTESIAN_POINT('',(-33.19375,-22.075,-1.5));
#11686=CARTESIAN_POINT('',(97.775,-3.02499999999999,-1.5));
#11687=CARTESIAN_POINT('',(98.275,-2.525,-1.5));
#11688=CARTESIAN_POINT('Origin',(98.275,-3.02499999999999,-1.5));
#11689=CARTESIAN_POINT('',(111.275,-2.52499999999999,-1.5));
#11690=CARTESIAN_POINT('',(98.275,-2.525,-1.5));
#11691=CARTESIAN_POINT('',(111.775,-3.02499999999999,-1.5));
#11692=CARTESIAN_POINT('Origin',(111.275,-3.02499999999999,-1.5));
#11693=CARTESIAN_POINT('',(111.775,-16.025,-1.5));
#11694=CARTESIAN_POINT('',(111.775,-3.02499999999999,-1.5));
#11695=CARTESIAN_POINT('',(111.275,-16.525,-1.5));
#11696=CARTESIAN_POINT('Origin',(111.275,-16.025,-1.5));
#11697=CARTESIAN_POINT('',(98.275,-16.525,-1.5));
#11698=CARTESIAN_POINT('',(98.275,-16.525,-1.5));
#11699=CARTESIAN_POINT('',(97.775,-16.025,-1.5));
#11700=CARTESIAN_POINT('Origin',(98.275,-16.025,-1.5));
#11701=CARTESIAN_POINT('',(97.775,-3.02499999999999,-1.5));
#11702=CARTESIAN_POINT('',(6.49325000000001,-37.575,-1.5));
#11703=CARTESIAN_POINT('',(5.99325,-37.075,-1.5));
#11704=CARTESIAN_POINT('Origin',(6.49325000000001,-37.075,-1.5));
#11705=CARTESIAN_POINT('',(5.99325000000001,-20.075,-1.5));
#11706=CARTESIAN_POINT('',(5.99325,-37.075,-1.5));
#11707=CARTESIAN_POINT('',(6.49325000000001,-19.575,-1.5));
#11708=CARTESIAN_POINT('Origin',(6.49325000000001,-20.075,-1.5));
#11709=CARTESIAN_POINT('',(12.49325,-19.575,-1.5));
#11710=CARTESIAN_POINT('',(12.49325,-19.575,-1.5));
#11711=CARTESIAN_POINT('',(12.99325,-20.075,-1.5));
#11712=CARTESIAN_POINT('Origin',(12.49325,-20.075,-1.5));
#11713=CARTESIAN_POINT('',(12.99325,-37.075,-1.5));
#11714=CARTESIAN_POINT('',(12.99325,-37.075,-1.5));
#11715=CARTESIAN_POINT('',(12.49325,-37.575,-1.5));
#11716=CARTESIAN_POINT('Origin',(12.49325,-37.075,-1.5));
#11717=CARTESIAN_POINT('',(6.49325000000001,-37.575,-1.5));
#11718=CARTESIAN_POINT('',(-68.9125,16.025,-1.5));
#11719=CARTESIAN_POINT('',(-68.4125,16.525,-1.5));
#11720=CARTESIAN_POINT('Origin',(-68.4125,16.025,-1.5));
#11721=CARTESIAN_POINT('',(-55.4125,16.525,-1.5));
#11722=CARTESIAN_POINT('',(-68.4125,16.525,-1.5));
#11723=CARTESIAN_POINT('',(-54.9125,16.025,-1.5));
#11724=CARTESIAN_POINT('Origin',(-55.4125,16.025,-1.5));
#11725=CARTESIAN_POINT('',(-54.9125,3.025,-1.5));
#11726=CARTESIAN_POINT('',(-54.9125,16.025,-1.5));
#11727=CARTESIAN_POINT('',(-55.4125,2.525,-1.5));
#11728=CARTESIAN_POINT('Origin',(-55.4125,3.025,-1.5));
#11729=CARTESIAN_POINT('',(-68.4125,2.525,-1.5));
#11730=CARTESIAN_POINT('',(-68.4125,2.525,-1.5));
#11731=CARTESIAN_POINT('',(-68.9125,3.025,-1.5));
#11732=CARTESIAN_POINT('Origin',(-68.4125,3.025,-1.5));
#11733=CARTESIAN_POINT('',(-68.9125,16.025,-1.5));
#11734=CARTESIAN_POINT('',(-97.1500045241322,19.0500009048264,-1.5));
#11735=CARTESIAN_POINT('Origin',(-95.2500045241322,19.0500009048264,-1.5));
#11736=CARTESIAN_POINT('',(16.8125,-3.02499999999999,-1.5));
#11737=CARTESIAN_POINT('',(17.3125,-2.525,-1.5));
#11738=CARTESIAN_POINT('Origin',(17.3125,-3.02499999999999,-1.5));
#11739=CARTESIAN_POINT('',(30.3125,-2.52499999999999,-1.5));
#11740=CARTESIAN_POINT('',(17.3125,-2.525,-1.5));
#11741=CARTESIAN_POINT('',(30.8125,-3.02499999999999,-1.5));
#11742=CARTESIAN_POINT('Origin',(30.3125,-3.02499999999999,-1.5));
#11743=CARTESIAN_POINT('',(30.8125,-16.025,-1.5));
#11744=CARTESIAN_POINT('',(30.8125,-3.02499999999999,-1.5));
#11745=CARTESIAN_POINT('',(30.3125,-16.525,-1.5));
#11746=CARTESIAN_POINT('Origin',(30.3125,-16.025,-1.5));
#11747=CARTESIAN_POINT('',(17.3125,-16.525,-1.5));
#11748=CARTESIAN_POINT('',(17.3125,-16.525,-1.5));
#11749=CARTESIAN_POINT('',(16.8125,-16.025,-1.5));
#11750=CARTESIAN_POINT('Origin',(17.3125,-16.025,-1.5));
#11751=CARTESIAN_POINT('',(16.8125,-3.02499999999999,-1.5));
#11752=CARTESIAN_POINT('',(26.3375,16.025,-1.5));
#11753=CARTESIAN_POINT('',(26.8375,16.525,-1.5));
#11754=CARTESIAN_POINT('Origin',(26.8375,16.025,-1.5));
#11755=CARTESIAN_POINT('',(39.8375,16.525,-1.5));
#11756=CARTESIAN_POINT('',(26.8375,16.525,-1.5));
#11757=CARTESIAN_POINT('',(40.3375,16.025,-1.5));
#11758=CARTESIAN_POINT('Origin',(39.8375,16.025,-1.5));
#11759=CARTESIAN_POINT('',(40.3375,3.025,-1.5));
#11760=CARTESIAN_POINT('',(40.3375,16.025,-1.5));
#11761=CARTESIAN_POINT('',(39.8375,2.525,-1.5));
#11762=CARTESIAN_POINT('Origin',(39.8375,3.025,-1.5));
#11763=CARTESIAN_POINT('',(26.8375,2.525,-1.5));
#11764=CARTESIAN_POINT('',(26.8375,2.525,-1.5));
#11765=CARTESIAN_POINT('',(26.3375,3.025,-1.5));
#11766=CARTESIAN_POINT('Origin',(26.8375,3.025,-1.5));
#11767=CARTESIAN_POINT('',(26.3375,16.025,-1.5));
#11768=CARTESIAN_POINT('',(93.3500045241322,-19.0500009048264,-1.5));
#11769=CARTESIAN_POINT('Origin',(95.2500045241322,-19.0500009048264,-1.5));
#11770=CARTESIAN_POINT('',(-59.3875,-3.02499999999999,-1.5));
#11771=CARTESIAN_POINT('',(-58.8875,-2.525,-1.5));
#11772=CARTESIAN_POINT('Origin',(-58.8875,-3.02499999999999,-1.5));
#11773=CARTESIAN_POINT('',(-45.8875,-2.525,-1.5));
#11774=CARTESIAN_POINT('',(-58.8875,-2.525,-1.5));
#11775=CARTESIAN_POINT('',(-45.3875,-3.02499999999999,-1.5));
#11776=CARTESIAN_POINT('Origin',(-45.8875,-3.02499999999999,-1.5));
#11777=CARTESIAN_POINT('',(-45.3875,-16.025,-1.5));
#11778=CARTESIAN_POINT('',(-45.3875,-3.02499999999999,-1.5));
#11779=CARTESIAN_POINT('',(-45.8875,-16.525,-1.5));
#11780=CARTESIAN_POINT('Origin',(-45.8875,-16.025,-1.5));
#11781=CARTESIAN_POINT('',(-58.8875,-16.525,-1.5));
#11782=CARTESIAN_POINT('',(-58.8875,-16.525,-1.5));
#11783=CARTESIAN_POINT('',(-59.3875,-16.025,-1.5));
#11784=CARTESIAN_POINT('Origin',(-58.8875,-16.025,-1.5));
#11785=CARTESIAN_POINT('',(-59.3875,-3.02499999999999,-1.5));
#11786=CARTESIAN_POINT('',(45.3875,16.025,-1.5));
#11787=CARTESIAN_POINT('',(45.8875,16.525,-1.5));
#11788=CARTESIAN_POINT('Origin',(45.8875,16.025,-1.5));
#11789=CARTESIAN_POINT('',(58.8875,16.525,-1.5));
#11790=CARTESIAN_POINT('',(45.8875,16.525,-1.5));
#11791=CARTESIAN_POINT('',(59.3875,16.025,-1.5));
#11792=CARTESIAN_POINT('Origin',(58.8875,16.025,-1.5));
#11793=CARTESIAN_POINT('',(59.3875,3.025,-1.5));
#11794=CARTESIAN_POINT('',(59.3875,16.025,-1.5));
#11795=CARTESIAN_POINT('',(58.8875,2.525,-1.5));
#11796=CARTESIAN_POINT('Origin',(58.8875,3.025,-1.5));
#11797=CARTESIAN_POINT('',(45.8875,2.525,-1.5));
#11798=CARTESIAN_POINT('',(45.8875,2.525,-1.5));
#11799=CARTESIAN_POINT('',(45.3875,3.025,-1.5));
#11800=CARTESIAN_POINT('Origin',(45.8875,3.025,-1.5));
#11801=CARTESIAN_POINT('',(45.3875,16.025,-1.5));
#11802=CARTESIAN_POINT('',(40.625,35.075,-1.5));
#11803=CARTESIAN_POINT('',(41.125,35.575,-1.5));
#11804=CARTESIAN_POINT('Origin',(41.125,35.075,-1.5));
#11805=CARTESIAN_POINT('',(54.125,35.575,-1.5));
#11806=CARTESIAN_POINT('',(41.125,35.575,-1.5));
#11807=CARTESIAN_POINT('',(54.625,35.075,-1.5));
#11808=CARTESIAN_POINT('Origin',(54.125,35.075,-1.5));
#11809=CARTESIAN_POINT('',(54.625,22.075,-1.5));
#11810=CARTESIAN_POINT('',(54.625,35.075,-1.5));
#11811=CARTESIAN_POINT('',(54.125,21.575,-1.5));
#11812=CARTESIAN_POINT('Origin',(54.125,22.075,-1.5));
#11813=CARTESIAN_POINT('',(41.125,21.575,-1.5));
#11814=CARTESIAN_POINT('',(41.125,21.575,-1.5));
#11815=CARTESIAN_POINT('',(40.625,22.075,-1.5));
#11816=CARTESIAN_POINT('Origin',(41.125,22.075,-1.5));
#11817=CARTESIAN_POINT('',(40.625,35.075,-1.5));
#11818=CARTESIAN_POINT('',(35.8625,-3.02499999999999,-1.5));
#11819=CARTESIAN_POINT('',(36.3625,-2.525,-1.5));
#11820=CARTESIAN_POINT('Origin',(36.3625,-3.02499999999999,-1.5));
#11821=CARTESIAN_POINT('',(49.3625,-2.52499999999999,-1.5));
#11822=CARTESIAN_POINT('',(36.3625,-2.525,-1.5));
#11823=CARTESIAN_POINT('',(49.8625,-3.02499999999999,-1.5));
#11824=CARTESIAN_POINT('Origin',(49.3625,-3.02499999999999,-1.5));
#11825=CARTESIAN_POINT('',(49.8625,-16.025,-1.5));
#11826=CARTESIAN_POINT('',(49.8625,-3.02499999999999,-1.5));
#11827=CARTESIAN_POINT('',(49.3625,-16.525,-1.5));
#11828=CARTESIAN_POINT('Origin',(49.3625,-16.025,-1.5));
#11829=CARTESIAN_POINT('',(36.3625,-16.525,-1.5));
#11830=CARTESIAN_POINT('',(36.3625,-16.525,-1.5));
#11831=CARTESIAN_POINT('',(35.8625,-16.025,-1.5));
#11832=CARTESIAN_POINT('Origin',(36.3625,-16.025,-1.5));
#11833=CARTESIAN_POINT('',(35.8625,-3.02499999999999,-1.5));
#11834=CARTESIAN_POINT('',(59.675,-22.075,-1.5));
#11835=CARTESIAN_POINT('',(60.175,-21.575,-1.5));
#11836=CARTESIAN_POINT('Origin',(60.175,-22.075,-1.5));
#11837=CARTESIAN_POINT('',(73.175,-21.575,-1.5));
#11838=CARTESIAN_POINT('',(60.175,-21.575,-1.5));
#11839=CARTESIAN_POINT('',(73.675,-22.075,-1.5));
#11840=CARTESIAN_POINT('Origin',(73.175,-22.075,-1.5));
#11841=CARTESIAN_POINT('',(73.675,-35.075,-1.5));
#11842=CARTESIAN_POINT('',(73.675,-22.075,-1.5));
#11843=CARTESIAN_POINT('',(73.175,-35.575,-1.5));
#11844=CARTESIAN_POINT('Origin',(73.175,-35.075,-1.5));
#11845=CARTESIAN_POINT('',(60.175,-35.575,-1.5));
#11846=CARTESIAN_POINT('',(60.175,-35.575,-1.5));
#11847=CARTESIAN_POINT('',(59.675,-35.075,-1.5));
#11848=CARTESIAN_POINT('Origin',(60.175,-35.075,-1.5));
#11849=CARTESIAN_POINT('',(59.675,-22.075,-1.5));
#11850=CARTESIAN_POINT('',(93.3500045241322,19.0500009048264,-1.5));
#11851=CARTESIAN_POINT('Origin',(95.2500045241322,19.0500009048264,-1.5));
#11852=CARTESIAN_POINT('',(-1.9,-2.32682891837997E-16,-1.5));
#11853=CARTESIAN_POINT('Origin',(0.,0.,-1.5));
#11854=CARTESIAN_POINT('',(-21.2875,-3.02499999999999,-1.5));
#11855=CARTESIAN_POINT('',(-20.7875,-2.525,-1.5));
#11856=CARTESIAN_POINT('Origin',(-20.7875,-3.02499999999999,-1.5));
#11857=CARTESIAN_POINT('',(-7.78749999999999,-2.52499999999999,-1.5));
#11858=CARTESIAN_POINT('',(-20.7875,-2.525,-1.5));
#11859=CARTESIAN_POINT('',(-7.28749999999998,-3.02499999999999,-1.5));
#11860=CARTESIAN_POINT('Origin',(-7.78749999999999,-3.02499999999999,-1.5));
#11861=CARTESIAN_POINT('',(-7.28749999999999,-16.025,-1.5));
#11862=CARTESIAN_POINT('',(-7.28749999999998,-3.02499999999999,-1.5));
#11863=CARTESIAN_POINT('',(-7.78749999999999,-16.525,-1.5));
#11864=CARTESIAN_POINT('Origin',(-7.78749999999999,-16.025,-1.5));
#11865=CARTESIAN_POINT('',(-20.7875,-16.525,-1.5));
#11866=CARTESIAN_POINT('',(-20.7875,-16.525,-1.5));
#11867=CARTESIAN_POINT('',(-21.2875,-16.025,-1.5));
#11868=CARTESIAN_POINT('Origin',(-20.7875,-16.025,-1.5));
#11869=CARTESIAN_POINT('',(-21.2875,-3.02499999999999,-1.5));
#11870=CARTESIAN_POINT('',(78.725,-3.02499999999999,-1.5));
#11871=CARTESIAN_POINT('',(79.225,-2.525,-1.5));
#11872=CARTESIAN_POINT('Origin',(79.225,-3.02499999999999,-1.5));
#11873=CARTESIAN_POINT('',(92.225,-2.52500000000002,-1.5));
#11874=CARTESIAN_POINT('',(79.225,-2.525,-1.5));
#11875=CARTESIAN_POINT('',(92.725,-3.02499999999999,-1.5));
#11876=CARTESIAN_POINT('Origin',(92.225,-3.02499999999999,-1.5));
#11877=CARTESIAN_POINT('',(92.7250000000001,-16.025,-1.5));
#11878=CARTESIAN_POINT('',(92.725,-3.02499999999999,-1.5));
#11879=CARTESIAN_POINT('',(92.225,-16.525,-1.5));
#11880=CARTESIAN_POINT('Origin',(92.225,-16.025,-1.5));
#11881=CARTESIAN_POINT('',(79.225,-16.525,-1.5));
#11882=CARTESIAN_POINT('',(79.225,-16.525,-1.5));
#11883=CARTESIAN_POINT('',(78.725,-16.025,-1.5));
#11884=CARTESIAN_POINT('Origin',(79.225,-16.025,-1.5));
#11885=CARTESIAN_POINT('',(78.725,-3.02499999999999,-1.5));
#11886=CARTESIAN_POINT('',(59.675,35.075,-1.5));
#11887=CARTESIAN_POINT('',(60.175,35.575,-1.5));
#11888=CARTESIAN_POINT('Origin',(60.175,35.075,-1.5));
#11889=CARTESIAN_POINT('',(73.175,35.575,-1.5));
#11890=CARTESIAN_POINT('',(60.175,35.575,-1.5));
#11891=CARTESIAN_POINT('',(73.675,35.075,-1.5));
#11892=CARTESIAN_POINT('Origin',(73.175,35.075,-1.5));
#11893=CARTESIAN_POINT('',(73.675,22.075,-1.5));
#11894=CARTESIAN_POINT('',(73.675,35.075,-1.5));
#11895=CARTESIAN_POINT('',(73.175,21.575,-1.5));
#11896=CARTESIAN_POINT('Origin',(73.175,22.075,-1.5));
#11897=CARTESIAN_POINT('',(60.175,21.575,-1.5));
#11898=CARTESIAN_POINT('',(60.175,21.575,-1.5));
#11899=CARTESIAN_POINT('',(59.675,22.075,-1.5));
#11900=CARTESIAN_POINT('Origin',(60.175,22.075,-1.5));
#11901=CARTESIAN_POINT('',(59.675,35.075,-1.5));
#11902=CARTESIAN_POINT('',(-40.3375,-3.02499999999999,-1.5));
#11903=CARTESIAN_POINT('',(-39.8375,-2.525,-1.5));
#11904=CARTESIAN_POINT('Origin',(-39.8375,-3.02499999999999,-1.5));
#11905=CARTESIAN_POINT('',(-26.8375,-2.525,-1.5));
#11906=CARTESIAN_POINT('',(-39.8375,-2.525,-1.5));
#11907=CARTESIAN_POINT('',(-26.3375,-3.02499999999999,-1.5));
#11908=CARTESIAN_POINT('Origin',(-26.8375,-3.02499999999999,-1.5));
#11909=CARTESIAN_POINT('',(-26.3375,-16.025,-1.5));
#11910=CARTESIAN_POINT('',(-26.3375,-3.02499999999999,-1.5));
#11911=CARTESIAN_POINT('',(-26.8375,-16.525,-1.5));
#11912=CARTESIAN_POINT('Origin',(-26.8375,-16.025,-1.5));
#11913=CARTESIAN_POINT('',(-39.8375,-16.525,-1.5));
#11914=CARTESIAN_POINT('',(-39.8375,-16.525,-1.5));
#11915=CARTESIAN_POINT('',(-40.3375,-16.025,-1.5));
#11916=CARTESIAN_POINT('Origin',(-39.8375,-16.025,-1.5));
#11917=CARTESIAN_POINT('',(-40.3375,-3.02499999999999,-1.5));
#11918=CARTESIAN_POINT('',(-87.9625,-22.075,-1.5));
#11919=CARTESIAN_POINT('',(-87.4625,-21.575,-1.5));
#11920=CARTESIAN_POINT('Origin',(-87.4625,-22.075,-1.5));
#11921=CARTESIAN_POINT('',(-74.4625,-21.575,-1.5));
#11922=CARTESIAN_POINT('',(-87.4625,-21.575,-1.5));
#11923=CARTESIAN_POINT('',(-73.9625,-22.075,-1.5));
#11924=CARTESIAN_POINT('Origin',(-74.4625,-22.075,-1.5));
#11925=CARTESIAN_POINT('',(-73.9625,-35.075,-1.5));
#11926=CARTESIAN_POINT('',(-73.9625,-22.075,-1.5));
#11927=CARTESIAN_POINT('',(-74.4625,-35.575,-1.5));
#11928=CARTESIAN_POINT('Origin',(-74.4625,-35.075,-1.5));
#11929=CARTESIAN_POINT('',(-87.4625,-35.575,-1.5));
#11930=CARTESIAN_POINT('',(-87.4625,-35.575,-1.5));
#11931=CARTESIAN_POINT('',(-87.9625,-35.075,-1.5));
#11932=CARTESIAN_POINT('Origin',(-87.4625,-35.075,-1.5));
#11933=CARTESIAN_POINT('',(-87.9625,-22.075,-1.5));
#11934=CARTESIAN_POINT('',(-97.1500045241322,-19.0500009048264,-1.5));
#11935=CARTESIAN_POINT('Origin',(-95.2500045241322,-19.0500009048264,-1.5));
#11936=CARTESIAN_POINT('',(-66.53125,-22.075,-1.5));
#11937=CARTESIAN_POINT('',(-66.03125,-21.575,-1.5));
#11938=CARTESIAN_POINT('Origin',(-66.03125,-22.075,-1.5));
#11939=CARTESIAN_POINT('',(-53.03125,-21.575,-1.5));
#11940=CARTESIAN_POINT('',(-66.03125,-21.575,-1.5));
#11941=CARTESIAN_POINT('',(-52.53125,-22.075,-1.5));
#11942=CARTESIAN_POINT('Origin',(-53.03125,-22.075,-1.5));
#11943=CARTESIAN_POINT('',(-52.53125,-35.075,-1.5));
#11944=CARTESIAN_POINT('',(-52.53125,-22.075,-1.5));
#11945=CARTESIAN_POINT('',(-53.03125,-35.575,-1.5));
#11946=CARTESIAN_POINT('Origin',(-53.03125,-35.075,-1.5));
#11947=CARTESIAN_POINT('',(-66.03125,-35.575,-1.5));
#11948=CARTESIAN_POINT('',(-66.03125,-35.575,-1.5));
#11949=CARTESIAN_POINT('',(-66.53125,-35.075,-1.5));
#11950=CARTESIAN_POINT('Origin',(-66.03125,-35.075,-1.5));
#11951=CARTESIAN_POINT('',(-66.53125,-22.075,-1.5));
#11952=CARTESIAN_POINT('',(30.36925,-37.575,-1.5));
#11953=CARTESIAN_POINT('',(29.86925,-37.075,-1.5));
#11954=CARTESIAN_POINT('Origin',(30.36925,-37.075,-1.5));
#11955=CARTESIAN_POINT('',(29.86925,-20.075,-1.5));
#11956=CARTESIAN_POINT('',(29.86925,-37.075,-1.5));
#11957=CARTESIAN_POINT('',(30.36925,-19.575,-1.5));
#11958=CARTESIAN_POINT('Origin',(30.36925,-20.075,-1.5));
#11959=CARTESIAN_POINT('',(36.36925,-19.575,-1.5));
#11960=CARTESIAN_POINT('',(36.36925,-19.575,-1.5));
#11961=CARTESIAN_POINT('',(36.86925,-20.075,-1.5));
#11962=CARTESIAN_POINT('Origin',(36.36925,-20.075,-1.5));
#11963=CARTESIAN_POINT('',(36.86925,-37.075,-1.5));
#11964=CARTESIAN_POINT('',(36.86925,-37.075,-1.5));
#11965=CARTESIAN_POINT('',(36.36925,-37.575,-1.5));
#11966=CARTESIAN_POINT('Origin',(36.36925,-37.075,-1.5));
#11967=CARTESIAN_POINT('',(30.36925,-37.575,-1.5));
#11968=CARTESIAN_POINT('',(64.4375,16.025,-1.5));
#11969=CARTESIAN_POINT('',(64.9375,16.525,-1.5));
#11970=CARTESIAN_POINT('Origin',(64.9375,16.025,-1.5));
#11971=CARTESIAN_POINT('',(77.9375,16.525,-1.5));
#11972=CARTESIAN_POINT('',(64.9375,16.525,-1.5));
#11973=CARTESIAN_POINT('',(78.4375,16.025,-1.5));
#11974=CARTESIAN_POINT('Origin',(77.9375,16.025,-1.5));
#11975=CARTESIAN_POINT('',(78.4375,3.025,-1.5));
#11976=CARTESIAN_POINT('',(78.4375,16.025,-1.5));
#11977=CARTESIAN_POINT('',(77.9375,2.525,-1.5));
#11978=CARTESIAN_POINT('Origin',(77.9375,3.025,-1.5));
#11979=CARTESIAN_POINT('',(64.9375,2.525,-1.5));
#11980=CARTESIAN_POINT('',(64.9375,2.525,-1.5));
#11981=CARTESIAN_POINT('',(64.4375,3.025,-1.5));
#11982=CARTESIAN_POINT('Origin',(64.9375,3.025,-1.5));
#11983=CARTESIAN_POINT('',(64.4375,16.025,-1.5));
#11984=CARTESIAN_POINT('',(50.3875,-31.75254,-1.5));
#11985=CARTESIAN_POINT('Origin',(52.3875,-31.75254,-1.5));
#11986=CARTESIAN_POINT('',(-2.23749999999998,-3.02499999999999,-1.5));
#11987=CARTESIAN_POINT('',(-1.73749999999998,-2.525,-1.5));
#11988=CARTESIAN_POINT('Origin',(-1.73749999999998,-3.02499999999999,-1.5));
#11989=CARTESIAN_POINT('',(11.2625,-2.52499999999999,-1.5));
#11990=CARTESIAN_POINT('',(-1.73749999999998,-2.525,-1.5));
#11991=CARTESIAN_POINT('',(11.7625,-3.02499999999999,-1.5));
#11992=CARTESIAN_POINT('Origin',(11.2625,-3.02499999999999,-1.5));
#11993=CARTESIAN_POINT('',(11.7625,-16.025,-1.5));
#11994=CARTESIAN_POINT('',(11.7625,-3.02499999999999,-1.5));
#11995=CARTESIAN_POINT('',(11.2625,-16.525,-1.5));
#11996=CARTESIAN_POINT('Origin',(11.2625,-16.025,-1.5));
#11997=CARTESIAN_POINT('',(-1.73749999999998,-16.525,-1.5));
#11998=CARTESIAN_POINT('',(-1.73749999999998,-16.525,-1.5));
#11999=CARTESIAN_POINT('',(-2.23749999999999,-16.025,-1.5));
#12000=CARTESIAN_POINT('Origin',(-1.73749999999998,-16.025,-1.5));
#12001=CARTESIAN_POINT('',(-2.23749999999999,-3.02499999999999,-1.5));
#12002=CARTESIAN_POINT('',(-109.39375,16.025,-1.5));
#12003=CARTESIAN_POINT('',(-108.89375,16.525,-1.5));
#12004=CARTESIAN_POINT('Origin',(-108.89375,16.025,-1.5));
#12005=CARTESIAN_POINT('',(-95.89375,16.525,-1.5));
#12006=CARTESIAN_POINT('',(-108.89375,16.525,-1.5));
#12007=CARTESIAN_POINT('',(-95.39375,16.025,-1.5));
#12008=CARTESIAN_POINT('Origin',(-95.89375,16.025,-1.5));
#12009=CARTESIAN_POINT('',(-95.39375,3.025,-1.5));
#12010=CARTESIAN_POINT('',(-95.39375,16.025,-1.5));
#12011=CARTESIAN_POINT('',(-95.89375,2.525,-1.5));
#12012=CARTESIAN_POINT('Origin',(-95.89375,3.025,-1.5));
#12013=CARTESIAN_POINT('',(-108.89375,2.525,-1.5));
#12014=CARTESIAN_POINT('',(-108.89375,2.525,-1.5));
#12015=CARTESIAN_POINT('',(-109.39375,3.025,-1.5));
#12016=CARTESIAN_POINT('Origin',(-108.89375,3.025,-1.5));
#12017=CARTESIAN_POINT('',(-109.39375,16.025,-1.5));
#12018=CARTESIAN_POINT('',(-73.675,35.075,-1.5));
#12019=CARTESIAN_POINT('',(-73.175,35.575,-1.5));
#12020=CARTESIAN_POINT('Origin',(-73.175,35.075,-1.5));
#12021=CARTESIAN_POINT('',(-60.175,35.575,-1.5));
#12022=CARTESIAN_POINT('',(-73.175,35.575,-1.5));
#12023=CARTESIAN_POINT('',(-59.675,35.075,-1.5));
#12024=CARTESIAN_POINT('Origin',(-60.175,35.075,-1.5));
#12025=CARTESIAN_POINT('',(-59.675,22.075,-1.5));
#12026=CARTESIAN_POINT('',(-59.675,35.075,-1.5));
#12027=CARTESIAN_POINT('',(-60.175,21.575,-1.5));
#12028=CARTESIAN_POINT('Origin',(-60.175,22.075,-1.5));
#12029=CARTESIAN_POINT('',(-73.175,21.575,-1.5));
#12030=CARTESIAN_POINT('',(-73.175,21.575,-1.5));
#12031=CARTESIAN_POINT('',(-73.675,22.075,-1.5));
#12032=CARTESIAN_POINT('Origin',(-73.175,22.075,-1.5));
#12033=CARTESIAN_POINT('',(-73.675,35.075,-1.5));
#12034=CARTESIAN_POINT('',(-87.9625,16.025,-1.5));
#12035=CARTESIAN_POINT('',(-87.4625,16.525,-1.5));
#12036=CARTESIAN_POINT('Origin',(-87.4625,16.025,-1.5));
#12037=CARTESIAN_POINT('',(-74.4625,16.525,-1.5));
#12038=CARTESIAN_POINT('',(-87.4625,16.525,-1.5));
#12039=CARTESIAN_POINT('',(-73.9625,16.025,-1.5));
#12040=CARTESIAN_POINT('Origin',(-74.4625,16.025,-1.5));
#12041=CARTESIAN_POINT('',(-73.9625,3.025,-1.5));
#12042=CARTESIAN_POINT('',(-73.9625,16.025,-1.5));
#12043=CARTESIAN_POINT('',(-74.4625,2.525,-1.5));
#12044=CARTESIAN_POINT('Origin',(-74.4625,3.025,-1.5));
#12045=CARTESIAN_POINT('',(-87.4625,2.525,-1.5));
#12046=CARTESIAN_POINT('',(-87.4625,2.525,-1.5));
#12047=CARTESIAN_POINT('',(-87.9625,3.025,-1.5));
#12048=CARTESIAN_POINT('Origin',(-87.4625,3.025,-1.5));
#12049=CARTESIAN_POINT('',(-87.9625,16.025,-1.5));
#12050=CARTESIAN_POINT('',(14.43125,-22.075,-1.5));
#12051=CARTESIAN_POINT('',(14.93125,-21.575,-1.5));
#12052=CARTESIAN_POINT('Origin',(14.93125,-22.075,-1.5));
#12053=CARTESIAN_POINT('',(27.93125,-21.575,-1.5));
#12054=CARTESIAN_POINT('',(14.93125,-21.575,-1.5));
#12055=CARTESIAN_POINT('',(28.43125,-22.075,-1.5));
#12056=CARTESIAN_POINT('Origin',(27.93125,-22.075,-1.5));
#12057=CARTESIAN_POINT('',(28.43125,-35.075,-1.5));
#12058=CARTESIAN_POINT('',(28.43125,-22.075,-1.5));
#12059=CARTESIAN_POINT('',(27.93125,-35.575,-1.5));
#12060=CARTESIAN_POINT('Origin',(27.93125,-35.075,-1.5));
#12061=CARTESIAN_POINT('',(14.93125,-35.575,-1.5));
#12062=CARTESIAN_POINT('',(14.93125,-35.575,-1.5));
#12063=CARTESIAN_POINT('',(14.43125,-35.075,-1.5));
#12064=CARTESIAN_POINT('Origin',(14.93125,-35.075,-1.5));
#12065=CARTESIAN_POINT('',(14.43125,-22.075,-1.5));
#12066=CARTESIAN_POINT('',(57.29375,-3.02499999999999,-1.5));
#12067=CARTESIAN_POINT('',(57.79375,-2.525,-1.5));
#12068=CARTESIAN_POINT('Origin',(57.79375,-3.02499999999999,-1.5));
#12069=CARTESIAN_POINT('',(70.79375,-2.52500000000002,-1.5));
#12070=CARTESIAN_POINT('',(57.79375,-2.525,-1.5));
#12071=CARTESIAN_POINT('',(71.29375,-3.02499999999999,-1.5));
#12072=CARTESIAN_POINT('Origin',(70.79375,-3.02499999999999,-1.5));
#12073=CARTESIAN_POINT('',(71.29375,-16.025,-1.5));
#12074=CARTESIAN_POINT('',(71.29375,-3.02499999999999,-1.5));
#12075=CARTESIAN_POINT('',(70.79375,-16.525,-1.5));
#12076=CARTESIAN_POINT('Origin',(70.79375,-16.025,-1.5));
#12077=CARTESIAN_POINT('',(57.79375,-16.525,-1.5));
#12078=CARTESIAN_POINT('',(57.79375,-16.525,-1.5));
#12079=CARTESIAN_POINT('',(57.29375,-16.025,-1.5));
#12080=CARTESIAN_POINT('Origin',(57.79375,-16.025,-1.5));
#12081=CARTESIAN_POINT('',(57.29375,-3.02499999999999,-1.5));
#12082=CARTESIAN_POINT('',(-30.8125,16.025,-1.5));
#12083=CARTESIAN_POINT('',(-30.3125,16.525,-1.5));
#12084=CARTESIAN_POINT('Origin',(-30.3125,16.025,-1.5));
#12085=CARTESIAN_POINT('',(-17.3125,16.525,-1.5));
#12086=CARTESIAN_POINT('',(-30.3125,16.525,-1.5));
#12087=CARTESIAN_POINT('',(-16.8125,16.025,-1.5));
#12088=CARTESIAN_POINT('Origin',(-17.3125,16.025,-1.5));
#12089=CARTESIAN_POINT('',(-16.8125,3.025,-1.5));
#12090=CARTESIAN_POINT('',(-16.8125,16.025,-1.5));
#12091=CARTESIAN_POINT('',(-17.3125,2.525,-1.5));
#12092=CARTESIAN_POINT('Origin',(-17.3125,3.025,-1.5));
#12093=CARTESIAN_POINT('',(-30.3125,2.52500000000001,-1.5));
#12094=CARTESIAN_POINT('',(-30.3125,2.525,-1.5));
#12095=CARTESIAN_POINT('',(-30.8125,3.025,-1.5));
#12096=CARTESIAN_POINT('Origin',(-30.3125,3.025,-1.5));
#12097=CARTESIAN_POINT('',(-30.8125,16.025,-1.5));
#12098=CARTESIAN_POINT('',(-17.25575,-19.575,-1.5));
#12099=CARTESIAN_POINT('',(-11.25575,-19.575,-1.5));
#12100=CARTESIAN_POINT('',(-11.25575,-19.575,-1.5));
#12101=CARTESIAN_POINT('',(-10.75575,-20.075,-1.5));
#12102=CARTESIAN_POINT('Origin',(-11.25575,-20.075,-1.5));
#12103=CARTESIAN_POINT('',(-10.75575,-37.075,-1.5));
#12104=CARTESIAN_POINT('',(-10.75575,-20.075,-1.5));
#12105=CARTESIAN_POINT('',(-11.25575,-37.575,-1.5));
#12106=CARTESIAN_POINT('Origin',(-11.25575,-37.075,-1.5));
#12107=CARTESIAN_POINT('',(-17.25575,-37.575,-1.5));
#12108=CARTESIAN_POINT('',(-17.25575,-37.575,-1.5));
#12109=CARTESIAN_POINT('',(-17.75575,-37.075,-1.5));
#12110=CARTESIAN_POINT('Origin',(-17.25575,-37.075,-1.5));
#12111=CARTESIAN_POINT('',(-17.75575,-20.075,-1.5));
#12112=CARTESIAN_POINT('',(-17.75575,-20.075,-1.5));
#12113=CARTESIAN_POINT('Origin',(-17.25575,-20.075,-1.5));
#12114=CARTESIAN_POINT('',(7.28750000000002,16.025,-1.5));
#12115=CARTESIAN_POINT('',(7.78750000000002,16.525,-1.5));
#12116=CARTESIAN_POINT('Origin',(7.78750000000002,16.025,-1.5));
#12117=CARTESIAN_POINT('',(20.7875,16.525,-1.5));
#12118=CARTESIAN_POINT('',(7.78750000000002,16.525,-1.5));
#12119=CARTESIAN_POINT('',(21.2875,16.025,-1.5));
#12120=CARTESIAN_POINT('Origin',(20.7875,16.025,-1.5));
#12121=CARTESIAN_POINT('',(21.2875,3.025,-1.5));
#12122=CARTESIAN_POINT('',(21.2875,16.025,-1.5));
#12123=CARTESIAN_POINT('',(20.7875,2.525,-1.5));
#12124=CARTESIAN_POINT('Origin',(20.7875,3.025,-1.5));
#12125=CARTESIAN_POINT('',(7.78750000000002,2.525,-1.5));
#12126=CARTESIAN_POINT('',(7.78750000000002,2.525,-1.5));
#12127=CARTESIAN_POINT('',(7.28750000000002,3.025,-1.5));
#12128=CARTESIAN_POINT('Origin',(7.78750000000002,3.025,-1.5));
#12129=CARTESIAN_POINT('',(7.28750000000002,16.025,-1.5));
#12130=CARTESIAN_POINT('Origin',(-111.299999877767,35.100000122233,-1.5));
#12131=CARTESIAN_POINT('',(-111.3,38.1000001222329,-5.));
#12132=CARTESIAN_POINT('Origin',(-111.299999877767,35.100000122233,-5.));
#12133=CARTESIAN_POINT('',(-111.3,38.1000001222329,-1.5));
#12134=CARTESIAN_POINT('Origin',(-114.3,38.1,-1.5));
#12135=CARTESIAN_POINT('',(-100.250004713583,38.1000005724574,-5.));
#12136=CARTESIAN_POINT('',(-100.250004713583,38.1000005724574,-1.5));
#12137=CARTESIAN_POINT('',(-114.3,38.1,-5.));
#12138=CARTESIAN_POINT('Origin',(111.300000122233,35.100009191917,-1.5));
#12139=CARTESIAN_POINT('',(114.300000122233,35.10000931415,-5.));
#12140=CARTESIAN_POINT('',(111.3,38.100009191917,-5.));
#12141=CARTESIAN_POINT('Origin',(111.300000122233,35.100009191917,-5.));
#12142=CARTESIAN_POINT('',(111.3,38.100009191917,-1.5));
#12143=CARTESIAN_POINT('',(114.300000122233,35.10000931415,-1.5));
#12144=CARTESIAN_POINT('Origin',(114.3,38.10000931415,-1.5));
#12145=CARTESIAN_POINT('',(114.300002982484,-35.0999920364085,-5.));
#12146=CARTESIAN_POINT('',(114.300002982484,-35.0999920364085,-1.5));
#12147=CARTESIAN_POINT('',(114.300003104717,-38.0999920364085,-5.));
#12148=CARTESIAN_POINT('Origin',(111.300002982484,-35.0999921586414,-1.5));
#12149=CARTESIAN_POINT('',(111.300003104717,-38.0999921586414,-5.));
#12150=CARTESIAN_POINT('Origin',(111.300002982484,-35.0999921586414,-5.));
#12151=CARTESIAN_POINT('',(111.300003104717,-38.0999921586414,-1.5));
#12152=CARTESIAN_POINT('Origin',(20.7875,16.525,-1.5));
#12153=CARTESIAN_POINT('',(7.78750000000002,16.525,-5.));
#12154=CARTESIAN_POINT('',(7.78750000000002,16.525,-1.5));
#12155=CARTESIAN_POINT('',(20.7875,16.525,-5.));
#12156=CARTESIAN_POINT('',(7.78750000000002,16.525,-5.));
#12157=CARTESIAN_POINT('',(20.7875,16.525,-1.5));
#12158=CARTESIAN_POINT('Origin',(20.7875,16.025,-1.5));
#12159=CARTESIAN_POINT('',(21.2875,16.025,-5.));
#12160=CARTESIAN_POINT('Origin',(20.7875,16.025,-5.));
#12161=CARTESIAN_POINT('',(21.2875,16.025,-1.5));
#12162=CARTESIAN_POINT('Origin',(21.2875,3.025,-1.5));
#12163=CARTESIAN_POINT('',(21.2875,3.025,-5.));
#12164=CARTESIAN_POINT('',(21.2875,16.025,-5.));
#12165=CARTESIAN_POINT('',(21.2875,3.025,-1.5));
#12166=CARTESIAN_POINT('Origin',(20.7875,3.025,-1.5));
#12167=CARTESIAN_POINT('',(20.7875,2.525,-5.));
#12168=CARTESIAN_POINT('Origin',(20.7875,3.025,-5.));
#12169=CARTESIAN_POINT('',(20.7875,2.525,-1.5));
#12170=CARTESIAN_POINT('Origin',(7.78750000000002,2.525,-1.5));
#12171=CARTESIAN_POINT('',(7.78750000000002,2.525,-5.));
#12172=CARTESIAN_POINT('',(7.78750000000002,2.525,-5.));
#12173=CARTESIAN_POINT('',(7.78750000000002,2.525,-1.5));
#12174=CARTESIAN_POINT('Origin',(7.78750000000002,3.025,-1.5));
#12175=CARTESIAN_POINT('',(7.28750000000002,3.025,-5.));
#12176=CARTESIAN_POINT('Origin',(7.78750000000002,3.025,-5.));
#12177=CARTESIAN_POINT('',(7.28750000000002,3.025,-1.5));
#12178=CARTESIAN_POINT('Origin',(7.28750000000002,16.025,-1.5));
#12179=CARTESIAN_POINT('',(7.28750000000002,16.025,-5.));
#12180=CARTESIAN_POINT('',(7.28750000000002,16.025,-5.));
#12181=CARTESIAN_POINT('',(7.28750000000002,16.025,-1.5));
#12182=CARTESIAN_POINT('Origin',(7.78750000000002,16.025,-1.5));
#12183=CARTESIAN_POINT('Origin',(7.78750000000002,16.025,-5.));
#12184=CARTESIAN_POINT('Origin',(-11.25575,-20.075,-1.5));
#12185=CARTESIAN_POINT('',(-11.25575,-19.575,-5.));
#12186=CARTESIAN_POINT('',(-11.25575,-19.575,-1.5));
#12187=CARTESIAN_POINT('',(-10.75575,-20.075,-5.));
#12188=CARTESIAN_POINT('Origin',(-11.25575,-20.075,-5.));
#12189=CARTESIAN_POINT('',(-10.75575,-20.075,-1.5));
#12190=CARTESIAN_POINT('Origin',(-10.75575,-37.075,-1.5));
#12191=CARTESIAN_POINT('',(-10.75575,-37.075,-5.));
#12192=CARTESIAN_POINT('',(-10.75575,-20.075,-5.));
#12193=CARTESIAN_POINT('',(-10.75575,-37.075,-1.5));
#12194=CARTESIAN_POINT('Origin',(-11.25575,-37.075,-1.5));
#12195=CARTESIAN_POINT('',(-11.25575,-37.575,-5.));
#12196=CARTESIAN_POINT('Origin',(-11.25575,-37.075,-5.));
#12197=CARTESIAN_POINT('',(-11.25575,-37.575,-1.5));
#12198=CARTESIAN_POINT('Origin',(-17.25575,-37.575,-1.5));
#12199=CARTESIAN_POINT('',(-17.25575,-37.575,-5.));
#12200=CARTESIAN_POINT('',(-17.25575,-37.575,-5.));
#12201=CARTESIAN_POINT('',(-17.25575,-37.575,-1.5));
#12202=CARTESIAN_POINT('Origin',(-17.25575,-37.075,-1.5));
#12203=CARTESIAN_POINT('',(-17.75575,-37.075,-5.));
#12204=CARTESIAN_POINT('Origin',(-17.25575,-37.075,-5.));
#12205=CARTESIAN_POINT('',(-17.75575,-37.075,-1.5));
#12206=CARTESIAN_POINT('Origin',(-17.75575,-20.075,-1.5));
#12207=CARTESIAN_POINT('',(-17.75575,-20.075,-5.));
#12208=CARTESIAN_POINT('',(-17.75575,-20.075,-5.));
#12209=CARTESIAN_POINT('',(-17.75575,-20.075,-1.5));
#12210=CARTESIAN_POINT('Origin',(-17.25575,-20.075,-1.5));
#12211=CARTESIAN_POINT('',(-17.25575,-19.575,-5.));
#12212=CARTESIAN_POINT('Origin',(-17.25575,-20.075,-5.));
#12213=CARTESIAN_POINT('',(-17.25575,-19.575,-1.5));
#12214=CARTESIAN_POINT('Origin',(-11.25575,-19.575,-1.5));
#12215=CARTESIAN_POINT('',(-11.25575,-19.575,-5.));
#12216=CARTESIAN_POINT('Origin',(-17.3125,16.525,-1.5));
#12217=CARTESIAN_POINT('',(-30.3125,16.525,-5.));
#12218=CARTESIAN_POINT('',(-30.3125,16.525,-1.5));
#12219=CARTESIAN_POINT('',(-17.3125,16.525,-5.));
#12220=CARTESIAN_POINT('',(-30.3125,16.525,-5.));
#12221=CARTESIAN_POINT('',(-17.3125,16.525,-1.5));
#12222=CARTESIAN_POINT('Origin',(-17.3125,16.025,-1.5));
#12223=CARTESIAN_POINT('',(-16.8125,16.025,-5.));
#12224=CARTESIAN_POINT('Origin',(-17.3125,16.025,-5.));
#12225=CARTESIAN_POINT('',(-16.8125,16.025,-1.5));
#12226=CARTESIAN_POINT('Origin',(-16.8125,3.025,-1.5));
#12227=CARTESIAN_POINT('',(-16.8125,3.025,-5.));
#12228=CARTESIAN_POINT('',(-16.8125,16.025,-5.));
#12229=CARTESIAN_POINT('',(-16.8125,3.025,-1.5));
#12230=CARTESIAN_POINT('Origin',(-17.3125,3.025,-1.5));
#12231=CARTESIAN_POINT('',(-17.3125,2.525,-5.));
#12232=CARTESIAN_POINT('Origin',(-17.3125,3.025,-5.));
#12233=CARTESIAN_POINT('',(-17.3125,2.525,-1.5));
#12234=CARTESIAN_POINT('Origin',(-30.3125,2.525,-1.5));
#12235=CARTESIAN_POINT('',(-30.3125,2.52500000000001,-5.));
#12236=CARTESIAN_POINT('',(-30.3125,2.525,-5.));
#12237=CARTESIAN_POINT('',(-30.3125,2.52500000000001,-1.5));
#12238=CARTESIAN_POINT('Origin',(-30.3125,3.025,-1.5));
#12239=CARTESIAN_POINT('',(-30.8125,3.025,-5.));
#12240=CARTESIAN_POINT('Origin',(-30.3125,3.025,-5.));
#12241=CARTESIAN_POINT('',(-30.8125,3.025,-1.5));
#12242=CARTESIAN_POINT('Origin',(-30.8125,16.025,-1.5));
#12243=CARTESIAN_POINT('',(-30.8125,16.025,-5.));
#12244=CARTESIAN_POINT('',(-30.8125,16.025,-5.));
#12245=CARTESIAN_POINT('',(-30.8125,16.025,-1.5));
#12246=CARTESIAN_POINT('Origin',(-30.3125,16.025,-1.5));
#12247=CARTESIAN_POINT('Origin',(-30.3125,16.025,-5.));
#12248=CARTESIAN_POINT('Origin',(70.79375,-2.525,-1.5));
#12249=CARTESIAN_POINT('',(57.79375,-2.525,-5.));
#12250=CARTESIAN_POINT('',(57.79375,-2.525,-1.5));
#12251=CARTESIAN_POINT('',(70.79375,-2.52500000000002,-5.));
#12252=CARTESIAN_POINT('',(57.79375,-2.525,-5.));
#12253=CARTESIAN_POINT('',(70.79375,-2.52500000000002,-1.5));
#12254=CARTESIAN_POINT('Origin',(70.79375,-3.02499999999999,-1.5));
#12255=CARTESIAN_POINT('',(71.29375,-3.02499999999999,-5.));
#12256=CARTESIAN_POINT('Origin',(70.79375,-3.02499999999999,-5.));
#12257=CARTESIAN_POINT('',(71.29375,-3.02499999999999,-1.5));
#12258=CARTESIAN_POINT('Origin',(71.29375,-16.025,-1.5));
#12259=CARTESIAN_POINT('',(71.29375,-16.025,-5.));
#12260=CARTESIAN_POINT('',(71.29375,-3.02499999999999,-5.));
#12261=CARTESIAN_POINT('',(71.29375,-16.025,-1.5));
#12262=CARTESIAN_POINT('Origin',(70.79375,-16.025,-1.5));
#12263=CARTESIAN_POINT('',(70.79375,-16.525,-5.));
#12264=CARTESIAN_POINT('Origin',(70.79375,-16.025,-5.));
#12265=CARTESIAN_POINT('',(70.79375,-16.525,-1.5));
#12266=CARTESIAN_POINT('Origin',(57.79375,-16.525,-1.5));
#12267=CARTESIAN_POINT('',(57.79375,-16.525,-5.));
#12268=CARTESIAN_POINT('',(57.79375,-16.525,-5.));
#12269=CARTESIAN_POINT('',(57.79375,-16.525,-1.5));
#12270=CARTESIAN_POINT('Origin',(57.79375,-16.025,-1.5));
#12271=CARTESIAN_POINT('',(57.29375,-16.025,-5.));
#12272=CARTESIAN_POINT('Origin',(57.79375,-16.025,-5.));
#12273=CARTESIAN_POINT('',(57.29375,-16.025,-1.5));
#12274=CARTESIAN_POINT('Origin',(57.29375,-3.02499999999999,-1.5));
#12275=CARTESIAN_POINT('',(57.29375,-3.02499999999999,-5.));
#12276=CARTESIAN_POINT('',(57.29375,-3.02499999999999,-5.));
#12277=CARTESIAN_POINT('',(57.29375,-3.02499999999999,-1.5));
#12278=CARTESIAN_POINT('Origin',(57.79375,-3.02499999999999,-1.5));
#12279=CARTESIAN_POINT('Origin',(57.79375,-3.02499999999999,-5.));
#12280=CARTESIAN_POINT('Origin',(27.93125,-21.575,-1.5));
#12281=CARTESIAN_POINT('',(14.93125,-21.575,-5.));
#12282=CARTESIAN_POINT('',(14.93125,-21.575,-1.5));
#12283=CARTESIAN_POINT('',(27.93125,-21.575,-5.));
#12284=CARTESIAN_POINT('',(14.93125,-21.575,-5.));
#12285=CARTESIAN_POINT('',(27.93125,-21.575,-1.5));
#12286=CARTESIAN_POINT('Origin',(27.93125,-22.075,-1.5));
#12287=CARTESIAN_POINT('',(28.43125,-22.075,-5.));
#12288=CARTESIAN_POINT('Origin',(27.93125,-22.075,-5.));
#12289=CARTESIAN_POINT('',(28.43125,-22.075,-1.5));
#12290=CARTESIAN_POINT('Origin',(28.43125,-35.075,-1.5));
#12291=CARTESIAN_POINT('',(28.43125,-35.075,-5.));
#12292=CARTESIAN_POINT('',(28.43125,-22.075,-5.));
#12293=CARTESIAN_POINT('',(28.43125,-35.075,-1.5));
#12294=CARTESIAN_POINT('Origin',(27.93125,-35.075,-1.5));
#12295=CARTESIAN_POINT('',(27.93125,-35.575,-5.));
#12296=CARTESIAN_POINT('Origin',(27.93125,-35.075,-5.));
#12297=CARTESIAN_POINT('',(27.93125,-35.575,-1.5));
#12298=CARTESIAN_POINT('Origin',(14.93125,-35.575,-1.5));
#12299=CARTESIAN_POINT('',(14.93125,-35.575,-5.));
#12300=CARTESIAN_POINT('',(14.93125,-35.575,-5.));
#12301=CARTESIAN_POINT('',(14.93125,-35.575,-1.5));
#12302=CARTESIAN_POINT('Origin',(14.93125,-35.075,-1.5));
#12303=CARTESIAN_POINT('',(14.43125,-35.075,-5.));
#12304=CARTESIAN_POINT('Origin',(14.93125,-35.075,-5.));
#12305=CARTESIAN_POINT('',(14.43125,-35.075,-1.5));
#12306=CARTESIAN_POINT('Origin',(14.43125,-22.075,-1.5));
#12307=CARTESIAN_POINT('',(14.43125,-22.075,-5.));
#12308=CARTESIAN_POINT('',(14.43125,-22.075,-5.));
#12309=CARTESIAN_POINT('',(14.43125,-22.075,-1.5));
#12310=CARTESIAN_POINT('Origin',(14.93125,-22.075,-1.5));
#12311=CARTESIAN_POINT('Origin',(14.93125,-22.075,-5.));
#12312=CARTESIAN_POINT('Origin',(-74.4625,16.525,-1.5));
#12313=CARTESIAN_POINT('',(-87.4625,16.525,-5.));
#12314=CARTESIAN_POINT('',(-87.4625,16.525,-1.5));
#12315=CARTESIAN_POINT('',(-74.4625,16.525,-5.));
#12316=CARTESIAN_POINT('',(-87.4625,16.525,-5.));
#12317=CARTESIAN_POINT('',(-74.4625,16.525,-1.5));
#12318=CARTESIAN_POINT('Origin',(-74.4625,16.025,-1.5));
#12319=CARTESIAN_POINT('',(-73.9625,16.025,-5.));
#12320=CARTESIAN_POINT('Origin',(-74.4625,16.025,-5.));
#12321=CARTESIAN_POINT('',(-73.9625,16.025,-1.5));
#12322=CARTESIAN_POINT('Origin',(-73.9625,3.025,-1.5));
#12323=CARTESIAN_POINT('',(-73.9625,3.025,-5.));
#12324=CARTESIAN_POINT('',(-73.9625,16.025,-5.));
#12325=CARTESIAN_POINT('',(-73.9625,3.025,-1.5));
#12326=CARTESIAN_POINT('Origin',(-74.4625,3.025,-1.5));
#12327=CARTESIAN_POINT('',(-74.4625,2.525,-5.));
#12328=CARTESIAN_POINT('Origin',(-74.4625,3.025,-5.));
#12329=CARTESIAN_POINT('',(-74.4625,2.525,-1.5));
#12330=CARTESIAN_POINT('Origin',(-87.4625,2.525,-1.5));
#12331=CARTESIAN_POINT('',(-87.4625,2.525,-5.));
#12332=CARTESIAN_POINT('',(-87.4625,2.525,-5.));
#12333=CARTESIAN_POINT('',(-87.4625,2.525,-1.5));
#12334=CARTESIAN_POINT('Origin',(-87.4625,3.025,-1.5));
#12335=CARTESIAN_POINT('',(-87.9625,3.025,-5.));
#12336=CARTESIAN_POINT('Origin',(-87.4625,3.025,-5.));
#12337=CARTESIAN_POINT('',(-87.9625,3.025,-1.5));
#12338=CARTESIAN_POINT('Origin',(-87.9625,16.025,-1.5));
#12339=CARTESIAN_POINT('',(-87.9625,16.025,-5.));
#12340=CARTESIAN_POINT('',(-87.9625,16.025,-5.));
#12341=CARTESIAN_POINT('',(-87.9625,16.025,-1.5));
#12342=CARTESIAN_POINT('Origin',(-87.4625,16.025,-1.5));
#12343=CARTESIAN_POINT('Origin',(-87.4625,16.025,-5.));
#12344=CARTESIAN_POINT('Origin',(-60.175,35.575,-1.5));
#12345=CARTESIAN_POINT('',(-73.175,35.575,-5.));
#12346=CARTESIAN_POINT('',(-73.175,35.575,-1.5));
#12347=CARTESIAN_POINT('',(-60.175,35.575,-5.));
#12348=CARTESIAN_POINT('',(-73.175,35.575,-5.));
#12349=CARTESIAN_POINT('',(-60.175,35.575,-1.5));
#12350=CARTESIAN_POINT('Origin',(-60.175,35.075,-1.5));
#12351=CARTESIAN_POINT('',(-59.675,35.075,-5.));
#12352=CARTESIAN_POINT('Origin',(-60.175,35.075,-5.));
#12353=CARTESIAN_POINT('',(-59.675,35.075,-1.5));
#12354=CARTESIAN_POINT('Origin',(-59.675,22.075,-1.5));
#12355=CARTESIAN_POINT('',(-59.675,22.075,-5.));
#12356=CARTESIAN_POINT('',(-59.675,35.075,-5.));
#12357=CARTESIAN_POINT('',(-59.675,22.075,-1.5));
#12358=CARTESIAN_POINT('Origin',(-60.175,22.075,-1.5));
#12359=CARTESIAN_POINT('',(-60.175,21.575,-5.));
#12360=CARTESIAN_POINT('Origin',(-60.175,22.075,-5.));
#12361=CARTESIAN_POINT('',(-60.175,21.575,-1.5));
#12362=CARTESIAN_POINT('Origin',(-73.175,21.575,-1.5));
#12363=CARTESIAN_POINT('',(-73.175,21.575,-5.));
#12364=CARTESIAN_POINT('',(-73.175,21.575,-5.));
#12365=CARTESIAN_POINT('',(-73.175,21.575,-1.5));
#12366=CARTESIAN_POINT('Origin',(-73.175,22.075,-1.5));
#12367=CARTESIAN_POINT('',(-73.675,22.075,-5.));
#12368=CARTESIAN_POINT('Origin',(-73.175,22.075,-5.));
#12369=CARTESIAN_POINT('',(-73.675,22.075,-1.5));
#12370=CARTESIAN_POINT('Origin',(-73.675,35.075,-1.5));
#12371=CARTESIAN_POINT('',(-73.675,35.075,-5.));
#12372=CARTESIAN_POINT('',(-73.675,35.075,-5.));
#12373=CARTESIAN_POINT('',(-73.675,35.075,-1.5));
#12374=CARTESIAN_POINT('Origin',(-73.175,35.075,-1.5));
#12375=CARTESIAN_POINT('Origin',(-73.175,35.075,-5.));
#12376=CARTESIAN_POINT('Origin',(-95.89375,16.525,-1.5));
#12377=CARTESIAN_POINT('',(-108.89375,16.525,-5.));
#12378=CARTESIAN_POINT('',(-108.89375,16.525,-1.5));
#12379=CARTESIAN_POINT('',(-95.89375,16.525,-5.));
#12380=CARTESIAN_POINT('',(-108.89375,16.525,-5.));
#12381=CARTESIAN_POINT('',(-95.89375,16.525,-1.5));
#12382=CARTESIAN_POINT('Origin',(-95.89375,16.025,-1.5));
#12383=CARTESIAN_POINT('',(-95.39375,16.025,-5.));
#12384=CARTESIAN_POINT('Origin',(-95.89375,16.025,-5.));
#12385=CARTESIAN_POINT('',(-95.39375,16.025,-1.5));
#12386=CARTESIAN_POINT('Origin',(-95.39375,3.025,-1.5));
#12387=CARTESIAN_POINT('',(-95.39375,3.025,-5.));
#12388=CARTESIAN_POINT('',(-95.39375,16.025,-5.));
#12389=CARTESIAN_POINT('',(-95.39375,3.025,-1.5));
#12390=CARTESIAN_POINT('Origin',(-95.89375,3.025,-1.5));
#12391=CARTESIAN_POINT('',(-95.89375,2.525,-5.));
#12392=CARTESIAN_POINT('Origin',(-95.89375,3.025,-5.));
#12393=CARTESIAN_POINT('',(-95.89375,2.525,-1.5));
#12394=CARTESIAN_POINT('Origin',(-108.89375,2.525,-1.5));
#12395=CARTESIAN_POINT('',(-108.89375,2.525,-5.));
#12396=CARTESIAN_POINT('',(-108.89375,2.525,-5.));
#12397=CARTESIAN_POINT('',(-108.89375,2.525,-1.5));
#12398=CARTESIAN_POINT('Origin',(-108.89375,3.025,-1.5));
#12399=CARTESIAN_POINT('',(-109.39375,3.025,-5.));
#12400=CARTESIAN_POINT('Origin',(-108.89375,3.025,-5.));
#12401=CARTESIAN_POINT('',(-109.39375,3.025,-1.5));
#12402=CARTESIAN_POINT('Origin',(-109.39375,16.025,-1.5));
#12403=CARTESIAN_POINT('',(-109.39375,16.025,-5.));
#12404=CARTESIAN_POINT('',(-109.39375,16.025,-5.));
#12405=CARTESIAN_POINT('',(-109.39375,16.025,-1.5));
#12406=CARTESIAN_POINT('Origin',(-108.89375,16.025,-1.5));
#12407=CARTESIAN_POINT('Origin',(-108.89375,16.025,-5.));
#12408=CARTESIAN_POINT('Origin',(11.2625,-2.525,-1.5));
#12409=CARTESIAN_POINT('',(-1.73749999999998,-2.525,-5.));
#12410=CARTESIAN_POINT('',(-1.73749999999998,-2.525,-1.5));
#12411=CARTESIAN_POINT('',(11.2625,-2.52499999999999,-5.));
#12412=CARTESIAN_POINT('',(-1.73749999999998,-2.525,-5.));
#12413=CARTESIAN_POINT('',(11.2625,-2.52499999999999,-1.5));
#12414=CARTESIAN_POINT('Origin',(11.2625,-3.02499999999999,-1.5));
#12415=CARTESIAN_POINT('',(11.7625,-3.02499999999999,-5.));
#12416=CARTESIAN_POINT('Origin',(11.2625,-3.02499999999999,-5.));
#12417=CARTESIAN_POINT('',(11.7625,-3.02499999999999,-1.5));
#12418=CARTESIAN_POINT('Origin',(11.7625,-16.025,-1.5));
#12419=CARTESIAN_POINT('',(11.7625,-16.025,-5.));
#12420=CARTESIAN_POINT('',(11.7625,-3.02499999999999,-5.));
#12421=CARTESIAN_POINT('',(11.7625,-16.025,-1.5));
#12422=CARTESIAN_POINT('Origin',(11.2625,-16.025,-1.5));
#12423=CARTESIAN_POINT('',(11.2625,-16.525,-5.));
#12424=CARTESIAN_POINT('Origin',(11.2625,-16.025,-5.));
#12425=CARTESIAN_POINT('',(11.2625,-16.525,-1.5));
#12426=CARTESIAN_POINT('Origin',(-1.73749999999998,-16.525,-1.5));
#12427=CARTESIAN_POINT('',(-1.73749999999998,-16.525,-5.));
#12428=CARTESIAN_POINT('',(-1.73749999999998,-16.525,-5.));
#12429=CARTESIAN_POINT('',(-1.73749999999998,-16.525,-1.5));
#12430=CARTESIAN_POINT('Origin',(-1.73749999999998,-16.025,-1.5));
#12431=CARTESIAN_POINT('',(-2.23749999999999,-16.025,-5.));
#12432=CARTESIAN_POINT('Origin',(-1.73749999999998,-16.025,-5.));
#12433=CARTESIAN_POINT('',(-2.23749999999999,-16.025,-1.5));
#12434=CARTESIAN_POINT('Origin',(-2.23749999999999,-3.02499999999999,-1.5));
#12435=CARTESIAN_POINT('',(-2.23749999999999,-3.02499999999999,-5.));
#12436=CARTESIAN_POINT('',(-2.23749999999999,-3.02499999999999,-5.));
#12437=CARTESIAN_POINT('',(-2.23749999999998,-3.02499999999999,-1.5));
#12438=CARTESIAN_POINT('Origin',(-1.73749999999998,-3.02499999999999,-1.5));
#12439=CARTESIAN_POINT('Origin',(-1.73749999999998,-3.02499999999999,-5.));
#12440=CARTESIAN_POINT('Origin',(52.3875,-31.75254,-1.5));
#12441=CARTESIAN_POINT('',(50.3875,-31.75254,-5.));
#12442=CARTESIAN_POINT('Origin',(52.3875,-31.75254,-5.));
#12443=CARTESIAN_POINT('',(50.3875,-31.75254,-1.5));
#12444=CARTESIAN_POINT('Origin',(77.9375,16.525,-1.5));
#12445=CARTESIAN_POINT('',(64.9375,16.525,-5.));
#12446=CARTESIAN_POINT('',(64.9375,16.525,-1.5));
#12447=CARTESIAN_POINT('',(77.9375,16.525,-5.));
#12448=CARTESIAN_POINT('',(64.9375,16.525,-5.));
#12449=CARTESIAN_POINT('',(77.9375,16.525,-1.5));
#12450=CARTESIAN_POINT('Origin',(77.9375,16.025,-1.5));
#12451=CARTESIAN_POINT('',(78.4375,16.025,-5.));
#12452=CARTESIAN_POINT('Origin',(77.9375,16.025,-5.));
#12453=CARTESIAN_POINT('',(78.4375,16.025,-1.5));
#12454=CARTESIAN_POINT('Origin',(78.4375,3.025,-1.5));
#12455=CARTESIAN_POINT('',(78.4375,3.025,-5.));
#12456=CARTESIAN_POINT('',(78.4375,16.025,-5.));
#12457=CARTESIAN_POINT('',(78.4375,3.025,-1.5));
#12458=CARTESIAN_POINT('Origin',(77.9375,3.025,-1.5));
#12459=CARTESIAN_POINT('',(77.9375,2.525,-5.));
#12460=CARTESIAN_POINT('Origin',(77.9375,3.025,-5.));
#12461=CARTESIAN_POINT('',(77.9375,2.525,-1.5));
#12462=CARTESIAN_POINT('Origin',(64.9375,2.525,-1.5));
#12463=CARTESIAN_POINT('',(64.9375,2.525,-5.));
#12464=CARTESIAN_POINT('',(64.9375,2.525,-5.));
#12465=CARTESIAN_POINT('',(64.9375,2.525,-1.5));
#12466=CARTESIAN_POINT('Origin',(64.9375,3.025,-1.5));
#12467=CARTESIAN_POINT('',(64.4375,3.025,-5.));
#12468=CARTESIAN_POINT('Origin',(64.9375,3.025,-5.));
#12469=CARTESIAN_POINT('',(64.4375,3.025,-1.5));
#12470=CARTESIAN_POINT('Origin',(64.4375,16.025,-1.5));
#12471=CARTESIAN_POINT('',(64.4375,16.025,-5.));
#12472=CARTESIAN_POINT('',(64.4375,16.025,-5.));
#12473=CARTESIAN_POINT('',(64.4375,16.025,-1.5));
#12474=CARTESIAN_POINT('Origin',(64.9375,16.025,-1.5));
#12475=CARTESIAN_POINT('Origin',(64.9375,16.025,-5.));
#12476=CARTESIAN_POINT('Origin',(29.86925,-20.075,-1.5));
#12477=CARTESIAN_POINT('',(29.86925,-37.075,-5.));
#12478=CARTESIAN_POINT('',(29.86925,-37.075,-1.5));
#12479=CARTESIAN_POINT('',(29.86925,-20.075,-5.));
#12480=CARTESIAN_POINT('',(29.86925,-37.075,-5.));
#12481=CARTESIAN_POINT('',(29.86925,-20.075,-1.5));
#12482=CARTESIAN_POINT('Origin',(30.36925,-20.075,-1.5));
#12483=CARTESIAN_POINT('',(30.36925,-19.575,-5.));
#12484=CARTESIAN_POINT('Origin',(30.36925,-20.075,-5.));
#12485=CARTESIAN_POINT('',(30.36925,-19.575,-1.5));
#12486=CARTESIAN_POINT('Origin',(36.36925,-19.575,-1.5));
#12487=CARTESIAN_POINT('',(36.36925,-19.575,-5.));
#12488=CARTESIAN_POINT('',(36.36925,-19.575,-5.));
#12489=CARTESIAN_POINT('',(36.36925,-19.575,-1.5));
#12490=CARTESIAN_POINT('Origin',(36.36925,-20.075,-1.5));
#12491=CARTESIAN_POINT('',(36.86925,-20.075,-5.));
#12492=CARTESIAN_POINT('Origin',(36.36925,-20.075,-5.));
#12493=CARTESIAN_POINT('',(36.86925,-20.075,-1.5));
#12494=CARTESIAN_POINT('Origin',(36.86925,-37.075,-1.5));
#12495=CARTESIAN_POINT('',(36.86925,-37.075,-5.));
#12496=CARTESIAN_POINT('',(36.86925,-37.075,-5.));
#12497=CARTESIAN_POINT('',(36.86925,-37.075,-1.5));
#12498=CARTESIAN_POINT('Origin',(36.36925,-37.075,-1.5));
#12499=CARTESIAN_POINT('',(36.36925,-37.575,-5.));
#12500=CARTESIAN_POINT('Origin',(36.36925,-37.075,-5.));
#12501=CARTESIAN_POINT('',(36.36925,-37.575,-1.5));
#12502=CARTESIAN_POINT('Origin',(30.36925,-37.575,-1.5));
#12503=CARTESIAN_POINT('',(30.36925,-37.575,-5.));
#12504=CARTESIAN_POINT('',(30.36925,-37.575,-5.));
#12505=CARTESIAN_POINT('',(30.36925,-37.575,-1.5));
#12506=CARTESIAN_POINT('Origin',(30.36925,-37.075,-1.5));
#12507=CARTESIAN_POINT('Origin',(30.36925,-37.075,-5.));
#12508=CARTESIAN_POINT('Origin',(-53.03125,-21.575,-1.5));
#12509=CARTESIAN_POINT('',(-66.03125,-21.575,-5.));
#12510=CARTESIAN_POINT('',(-66.03125,-21.575,-1.5));
#12511=CARTESIAN_POINT('',(-53.03125,-21.575,-5.));
#12512=CARTESIAN_POINT('',(-66.03125,-21.575,-5.));
#12513=CARTESIAN_POINT('',(-53.03125,-21.575,-1.5));
#12514=CARTESIAN_POINT('Origin',(-53.03125,-22.075,-1.5));
#12515=CARTESIAN_POINT('',(-52.53125,-22.075,-5.));
#12516=CARTESIAN_POINT('Origin',(-53.03125,-22.075,-5.));
#12517=CARTESIAN_POINT('',(-52.53125,-22.075,-1.5));
#12518=CARTESIAN_POINT('Origin',(-52.53125,-35.075,-1.5));
#12519=CARTESIAN_POINT('',(-52.53125,-35.075,-5.));
#12520=CARTESIAN_POINT('',(-52.53125,-22.075,-5.));
#12521=CARTESIAN_POINT('',(-52.53125,-35.075,-1.5));
#12522=CARTESIAN_POINT('Origin',(-53.03125,-35.075,-1.5));
#12523=CARTESIAN_POINT('',(-53.03125,-35.575,-5.));
#12524=CARTESIAN_POINT('Origin',(-53.03125,-35.075,-5.));
#12525=CARTESIAN_POINT('',(-53.03125,-35.575,-1.5));
#12526=CARTESIAN_POINT('Origin',(-66.03125,-35.575,-1.5));
#12527=CARTESIAN_POINT('',(-66.03125,-35.575,-5.));
#12528=CARTESIAN_POINT('',(-66.03125,-35.575,-5.));
#12529=CARTESIAN_POINT('',(-66.03125,-35.575,-1.5));
#12530=CARTESIAN_POINT('Origin',(-66.03125,-35.075,-1.5));
#12531=CARTESIAN_POINT('',(-66.53125,-35.075,-5.));
#12532=CARTESIAN_POINT('Origin',(-66.03125,-35.075,-5.));
#12533=CARTESIAN_POINT('',(-66.53125,-35.075,-1.5));
#12534=CARTESIAN_POINT('Origin',(-66.53125,-22.075,-1.5));
#12535=CARTESIAN_POINT('',(-66.53125,-22.075,-5.));
#12536=CARTESIAN_POINT('',(-66.53125,-22.075,-5.));
#12537=CARTESIAN_POINT('',(-66.53125,-22.075,-1.5));
#12538=CARTESIAN_POINT('Origin',(-66.03125,-22.075,-1.5));
#12539=CARTESIAN_POINT('Origin',(-66.03125,-22.075,-5.));
#12540=CARTESIAN_POINT('Origin',(-95.2500045241322,-19.0500009048264,-1.5));
#12541=CARTESIAN_POINT('',(-97.1500045241322,-19.0500009048264,-5.));
#12542=CARTESIAN_POINT('Origin',(-95.2500045241322,-19.0500009048264,-5.));
#12543=CARTESIAN_POINT('',(-97.1500045241322,-19.0500009048264,-1.5));
#12544=CARTESIAN_POINT('Origin',(-74.4625,-21.575,-1.5));
#12545=CARTESIAN_POINT('',(-87.4625,-21.575,-5.));
#12546=CARTESIAN_POINT('',(-87.4625,-21.575,-1.5));
#12547=CARTESIAN_POINT('',(-74.4625,-21.575,-5.));
#12548=CARTESIAN_POINT('',(-87.4625,-21.575,-5.));
#12549=CARTESIAN_POINT('',(-74.4625,-21.575,-1.5));
#12550=CARTESIAN_POINT('Origin',(-74.4625,-22.075,-1.5));
#12551=CARTESIAN_POINT('',(-73.9625,-22.075,-5.));
#12552=CARTESIAN_POINT('Origin',(-74.4625,-22.075,-5.));
#12553=CARTESIAN_POINT('',(-73.9625,-22.075,-1.5));
#12554=CARTESIAN_POINT('Origin',(-73.9625,-35.075,-1.5));
#12555=CARTESIAN_POINT('',(-73.9625,-35.075,-5.));
#12556=CARTESIAN_POINT('',(-73.9625,-22.075,-5.));
#12557=CARTESIAN_POINT('',(-73.9625,-35.075,-1.5));
#12558=CARTESIAN_POINT('Origin',(-74.4625,-35.075,-1.5));
#12559=CARTESIAN_POINT('',(-74.4625,-35.575,-5.));
#12560=CARTESIAN_POINT('Origin',(-74.4625,-35.075,-5.));
#12561=CARTESIAN_POINT('',(-74.4625,-35.575,-1.5));
#12562=CARTESIAN_POINT('Origin',(-87.4625,-35.575,-1.5));
#12563=CARTESIAN_POINT('',(-87.4625,-35.575,-5.));
#12564=CARTESIAN_POINT('',(-87.4625,-35.575,-5.));
#12565=CARTESIAN_POINT('',(-87.4625,-35.575,-1.5));
#12566=CARTESIAN_POINT('Origin',(-87.4625,-35.075,-1.5));
#12567=CARTESIAN_POINT('',(-87.9625,-35.075,-5.));
#12568=CARTESIAN_POINT('Origin',(-87.4625,-35.075,-5.));
#12569=CARTESIAN_POINT('',(-87.9625,-35.075,-1.5));
#12570=CARTESIAN_POINT('Origin',(-87.9625,-22.075,-1.5));
#12571=CARTESIAN_POINT('',(-87.9625,-22.075,-5.));
#12572=CARTESIAN_POINT('',(-87.9625,-22.075,-5.));
#12573=CARTESIAN_POINT('',(-87.9625,-22.075,-1.5));
#12574=CARTESIAN_POINT('Origin',(-87.4625,-22.075,-1.5));
#12575=CARTESIAN_POINT('Origin',(-87.4625,-22.075,-5.));
#12576=CARTESIAN_POINT('Origin',(-26.8375,-2.525,-1.5));
#12577=CARTESIAN_POINT('',(-39.8375,-2.525,-5.));
#12578=CARTESIAN_POINT('',(-39.8375,-2.525,-1.5));
#12579=CARTESIAN_POINT('',(-26.8375,-2.525,-5.));
#12580=CARTESIAN_POINT('',(-39.8375,-2.525,-5.));
#12581=CARTESIAN_POINT('',(-26.8375,-2.525,-1.5));
#12582=CARTESIAN_POINT('Origin',(-26.8375,-3.02499999999999,-1.5));
#12583=CARTESIAN_POINT('',(-26.3375,-3.02499999999999,-5.));
#12584=CARTESIAN_POINT('Origin',(-26.8375,-3.02499999999999,-5.));
#12585=CARTESIAN_POINT('',(-26.3375,-3.02499999999999,-1.5));
#12586=CARTESIAN_POINT('Origin',(-26.3375,-16.025,-1.5));
#12587=CARTESIAN_POINT('',(-26.3375,-16.025,-5.));
#12588=CARTESIAN_POINT('',(-26.3375,-3.02499999999999,-5.));
#12589=CARTESIAN_POINT('',(-26.3375,-16.025,-1.5));
#12590=CARTESIAN_POINT('Origin',(-26.8375,-16.025,-1.5));
#12591=CARTESIAN_POINT('',(-26.8375,-16.525,-5.));
#12592=CARTESIAN_POINT('Origin',(-26.8375,-16.025,-5.));
#12593=CARTESIAN_POINT('',(-26.8375,-16.525,-1.5));
#12594=CARTESIAN_POINT('Origin',(-39.8375,-16.525,-1.5));
#12595=CARTESIAN_POINT('',(-39.8375,-16.525,-5.));
#12596=CARTESIAN_POINT('',(-39.8375,-16.525,-5.));
#12597=CARTESIAN_POINT('',(-39.8375,-16.525,-1.5));
#12598=CARTESIAN_POINT('Origin',(-39.8375,-16.025,-1.5));
#12599=CARTESIAN_POINT('',(-40.3375,-16.025,-5.));
#12600=CARTESIAN_POINT('Origin',(-39.8375,-16.025,-5.));
#12601=CARTESIAN_POINT('',(-40.3375,-16.025,-1.5));
#12602=CARTESIAN_POINT('Origin',(-40.3375,-3.02499999999999,-1.5));
#12603=CARTESIAN_POINT('',(-40.3375,-3.02499999999999,-5.));
#12604=CARTESIAN_POINT('',(-40.3375,-3.02499999999999,-5.));
#12605=CARTESIAN_POINT('',(-40.3375,-3.02499999999999,-1.5));
#12606=CARTESIAN_POINT('Origin',(-39.8375,-3.02499999999999,-1.5));
#12607=CARTESIAN_POINT('Origin',(-39.8375,-3.02499999999999,-5.));
#12608=CARTESIAN_POINT('Origin',(73.175,35.575,-1.5));
#12609=CARTESIAN_POINT('',(60.175,35.575,-5.));
#12610=CARTESIAN_POINT('',(60.175,35.575,-1.5));
#12611=CARTESIAN_POINT('',(73.175,35.575,-5.));
#12612=CARTESIAN_POINT('',(60.175,35.575,-5.));
#12613=CARTESIAN_POINT('',(73.175,35.575,-1.5));
#12614=CARTESIAN_POINT('Origin',(73.175,35.075,-1.5));
#12615=CARTESIAN_POINT('',(73.675,35.075,-5.));
#12616=CARTESIAN_POINT('Origin',(73.175,35.075,-5.));
#12617=CARTESIAN_POINT('',(73.675,35.075,-1.5));
#12618=CARTESIAN_POINT('Origin',(73.675,22.075,-1.5));
#12619=CARTESIAN_POINT('',(73.675,22.075,-5.));
#12620=CARTESIAN_POINT('',(73.675,35.075,-5.));
#12621=CARTESIAN_POINT('',(73.675,22.075,-1.5));
#12622=CARTESIAN_POINT('Origin',(73.175,22.075,-1.5));
#12623=CARTESIAN_POINT('',(73.175,21.575,-5.));
#12624=CARTESIAN_POINT('Origin',(73.175,22.075,-5.));
#12625=CARTESIAN_POINT('',(73.175,21.575,-1.5));
#12626=CARTESIAN_POINT('Origin',(60.175,21.575,-1.5));
#12627=CARTESIAN_POINT('',(60.175,21.575,-5.));
#12628=CARTESIAN_POINT('',(60.175,21.575,-5.));
#12629=CARTESIAN_POINT('',(60.175,21.575,-1.5));
#12630=CARTESIAN_POINT('Origin',(60.175,22.075,-1.5));
#12631=CARTESIAN_POINT('',(59.675,22.075,-5.));
#12632=CARTESIAN_POINT('Origin',(60.175,22.075,-5.));
#12633=CARTESIAN_POINT('',(59.675,22.075,-1.5));
#12634=CARTESIAN_POINT('Origin',(59.675,35.075,-1.5));
#12635=CARTESIAN_POINT('',(59.675,35.075,-5.));
#12636=CARTESIAN_POINT('',(59.675,35.075,-5.));
#12637=CARTESIAN_POINT('',(59.675,35.075,-1.5));
#12638=CARTESIAN_POINT('Origin',(60.175,35.075,-1.5));
#12639=CARTESIAN_POINT('Origin',(60.175,35.075,-5.));
#12640=CARTESIAN_POINT('Origin',(92.225,-2.525,-1.5));
#12641=CARTESIAN_POINT('',(79.225,-2.525,-5.));
#12642=CARTESIAN_POINT('',(79.225,-2.525,-1.5));
#12643=CARTESIAN_POINT('',(92.225,-2.52500000000002,-5.));
#12644=CARTESIAN_POINT('',(79.225,-2.525,-5.));
#12645=CARTESIAN_POINT('',(92.225,-2.52500000000002,-1.5));
#12646=CARTESIAN_POINT('Origin',(92.225,-3.02499999999999,-1.5));
#12647=CARTESIAN_POINT('',(92.725,-3.02499999999999,-5.));
#12648=CARTESIAN_POINT('Origin',(92.225,-3.02499999999999,-5.));
#12649=CARTESIAN_POINT('',(92.725,-3.02499999999999,-1.5));
#12650=CARTESIAN_POINT('Origin',(92.725,-16.025,-1.5));
#12651=CARTESIAN_POINT('',(92.7250000000001,-16.025,-5.));
#12652=CARTESIAN_POINT('',(92.725,-3.02499999999999,-5.));
#12653=CARTESIAN_POINT('',(92.7250000000001,-16.025,-1.5));
#12654=CARTESIAN_POINT('Origin',(92.225,-16.025,-1.5));
#12655=CARTESIAN_POINT('',(92.225,-16.525,-5.));
#12656=CARTESIAN_POINT('Origin',(92.225,-16.025,-5.));
#12657=CARTESIAN_POINT('',(92.225,-16.525,-1.5));
#12658=CARTESIAN_POINT('Origin',(79.225,-16.525,-1.5));
#12659=CARTESIAN_POINT('',(79.225,-16.525,-5.));
#12660=CARTESIAN_POINT('',(79.225,-16.525,-5.));
#12661=CARTESIAN_POINT('',(79.225,-16.525,-1.5));
#12662=CARTESIAN_POINT('Origin',(79.225,-16.025,-1.5));
#12663=CARTESIAN_POINT('',(78.725,-16.025,-5.));
#12664=CARTESIAN_POINT('Origin',(79.225,-16.025,-5.));
#12665=CARTESIAN_POINT('',(78.725,-16.025,-1.5));
#12666=CARTESIAN_POINT('Origin',(78.725,-3.02499999999999,-1.5));
#12667=CARTESIAN_POINT('',(78.725,-3.02499999999999,-5.));
#12668=CARTESIAN_POINT('',(78.725,-3.02499999999999,-5.));
#12669=CARTESIAN_POINT('',(78.725,-3.02499999999999,-1.5));
#12670=CARTESIAN_POINT('Origin',(79.225,-3.02499999999999,-1.5));
#12671=CARTESIAN_POINT('Origin',(79.225,-3.02499999999999,-5.));
#12672=CARTESIAN_POINT('Origin',(-7.78749999999999,-2.525,-1.5));
#12673=CARTESIAN_POINT('',(-20.7875,-2.525,-5.));
#12674=CARTESIAN_POINT('',(-20.7875,-2.525,-1.5));
#12675=CARTESIAN_POINT('',(-7.78749999999999,-2.52499999999999,-5.));
#12676=CARTESIAN_POINT('',(-20.7875,-2.525,-5.));
#12677=CARTESIAN_POINT('',(-7.78749999999999,-2.52499999999999,-1.5));
#12678=CARTESIAN_POINT('Origin',(-7.78749999999999,-3.02499999999999,-1.5));
#12679=CARTESIAN_POINT('',(-7.28749999999998,-3.02499999999999,-5.));
#12680=CARTESIAN_POINT('Origin',(-7.78749999999999,-3.02499999999999,-5.));
#12681=CARTESIAN_POINT('',(-7.28749999999998,-3.02499999999999,-1.5));
#12682=CARTESIAN_POINT('Origin',(-7.28749999999998,-16.025,-1.5));
#12683=CARTESIAN_POINT('',(-7.28749999999998,-16.025,-5.));
#12684=CARTESIAN_POINT('',(-7.28749999999998,-3.02499999999999,-5.));
#12685=CARTESIAN_POINT('',(-7.28749999999999,-16.025,-1.5));
#12686=CARTESIAN_POINT('Origin',(-7.78749999999999,-16.025,-1.5));
#12687=CARTESIAN_POINT('',(-7.78749999999999,-16.525,-5.));
#12688=CARTESIAN_POINT('Origin',(-7.78749999999999,-16.025,-5.));
#12689=CARTESIAN_POINT('',(-7.78749999999999,-16.525,-1.5));
#12690=CARTESIAN_POINT('Origin',(-20.7875,-16.525,-1.5));
#12691=CARTESIAN_POINT('',(-20.7875,-16.525,-5.));
#12692=CARTESIAN_POINT('',(-20.7875,-16.525,-5.));
#12693=CARTESIAN_POINT('',(-20.7875,-16.525,-1.5));
#12694=CARTESIAN_POINT('Origin',(-20.7875,-16.025,-1.5));
#12695=CARTESIAN_POINT('',(-21.2875,-16.025,-5.));
#12696=CARTESIAN_POINT('Origin',(-20.7875,-16.025,-5.));
#12697=CARTESIAN_POINT('',(-21.2875,-16.025,-1.5));
#12698=CARTESIAN_POINT('Origin',(-21.2875,-3.02499999999999,-1.5));
#12699=CARTESIAN_POINT('',(-21.2875,-3.02499999999999,-5.));
#12700=CARTESIAN_POINT('',(-21.2875,-3.02499999999999,-5.));
#12701=CARTESIAN_POINT('',(-21.2875,-3.02499999999999,-1.5));
#12702=CARTESIAN_POINT('Origin',(-20.7875,-3.02499999999999,-1.5));
#12703=CARTESIAN_POINT('Origin',(-20.7875,-3.02499999999999,-5.));
#12704=CARTESIAN_POINT('Origin',(0.,0.,-1.5));
#12705=CARTESIAN_POINT('',(-1.9,0.,-5.));
#12706=CARTESIAN_POINT('Origin',(0.,0.,-5.));
#12707=CARTESIAN_POINT('',(-1.9,2.32682891837997E-16,-1.5));
#12708=CARTESIAN_POINT('Origin',(95.2500045241322,19.0500009048264,-1.5));
#12709=CARTESIAN_POINT('',(93.3500045241322,19.0500009048264,-5.));
#12710=CARTESIAN_POINT('Origin',(95.2500045241322,19.0500009048264,-5.));
#12711=CARTESIAN_POINT('',(93.3500045241322,19.0500009048264,-1.5));
#12712=CARTESIAN_POINT('Origin',(73.175,-21.575,-1.5));
#12713=CARTESIAN_POINT('',(60.175,-21.575,-5.));
#12714=CARTESIAN_POINT('',(60.175,-21.575,-1.5));
#12715=CARTESIAN_POINT('',(73.175,-21.575,-5.));
#12716=CARTESIAN_POINT('',(60.175,-21.575,-5.));
#12717=CARTESIAN_POINT('',(73.175,-21.575,-1.5));
#12718=CARTESIAN_POINT('Origin',(73.175,-22.075,-1.5));
#12719=CARTESIAN_POINT('',(73.675,-22.075,-5.));
#12720=CARTESIAN_POINT('Origin',(73.175,-22.075,-5.));
#12721=CARTESIAN_POINT('',(73.675,-22.075,-1.5));
#12722=CARTESIAN_POINT('Origin',(73.675,-35.075,-1.5));
#12723=CARTESIAN_POINT('',(73.675,-35.075,-5.));
#12724=CARTESIAN_POINT('',(73.675,-22.075,-5.));
#12725=CARTESIAN_POINT('',(73.675,-35.075,-1.5));
#12726=CARTESIAN_POINT('Origin',(73.175,-35.075,-1.5));
#12727=CARTESIAN_POINT('',(73.175,-35.575,-5.));
#12728=CARTESIAN_POINT('Origin',(73.175,-35.075,-5.));
#12729=CARTESIAN_POINT('',(73.175,-35.575,-1.5));
#12730=CARTESIAN_POINT('Origin',(60.175,-35.575,-1.5));
#12731=CARTESIAN_POINT('',(60.175,-35.575,-5.));
#12732=CARTESIAN_POINT('',(60.175,-35.575,-5.));
#12733=CARTESIAN_POINT('',(60.175,-35.575,-1.5));
#12734=CARTESIAN_POINT('Origin',(60.175,-35.075,-1.5));
#12735=CARTESIAN_POINT('',(59.675,-35.075,-5.));
#12736=CARTESIAN_POINT('Origin',(60.175,-35.075,-5.));
#12737=CARTESIAN_POINT('',(59.675,-35.075,-1.5));
#12738=CARTESIAN_POINT('Origin',(59.675,-22.075,-1.5));
#12739=CARTESIAN_POINT('',(59.675,-22.075,-5.));
#12740=CARTESIAN_POINT('',(59.675,-22.075,-5.));
#12741=CARTESIAN_POINT('',(59.675,-22.075,-1.5));
#12742=CARTESIAN_POINT('Origin',(60.175,-22.075,-1.5));
#12743=CARTESIAN_POINT('Origin',(60.175,-22.075,-5.));
#12744=CARTESIAN_POINT('Origin',(49.3625,-2.525,-1.5));
#12745=CARTESIAN_POINT('',(36.3625,-2.525,-5.));
#12746=CARTESIAN_POINT('',(36.3625,-2.525,-1.5));
#12747=CARTESIAN_POINT('',(49.3625,-2.52499999999999,-5.));
#12748=CARTESIAN_POINT('',(36.3625,-2.525,-5.));
#12749=CARTESIAN_POINT('',(49.3625,-2.52499999999999,-1.5));
#12750=CARTESIAN_POINT('Origin',(49.3625,-3.02499999999999,-1.5));
#12751=CARTESIAN_POINT('',(49.8625,-3.02499999999999,-5.));
#12752=CARTESIAN_POINT('Origin',(49.3625,-3.02499999999999,-5.));
#12753=CARTESIAN_POINT('',(49.8625,-3.02499999999999,-1.5));
#12754=CARTESIAN_POINT('Origin',(49.8625,-16.025,-1.5));
#12755=CARTESIAN_POINT('',(49.8625,-16.025,-5.));
#12756=CARTESIAN_POINT('',(49.8625,-3.02499999999999,-5.));
#12757=CARTESIAN_POINT('',(49.8625,-16.025,-1.5));
#12758=CARTESIAN_POINT('Origin',(49.3625,-16.025,-1.5));
#12759=CARTESIAN_POINT('',(49.3625,-16.525,-5.));
#12760=CARTESIAN_POINT('Origin',(49.3625,-16.025,-5.));
#12761=CARTESIAN_POINT('',(49.3625,-16.525,-1.5));
#12762=CARTESIAN_POINT('Origin',(36.3625,-16.525,-1.5));
#12763=CARTESIAN_POINT('',(36.3625,-16.525,-5.));
#12764=CARTESIAN_POINT('',(36.3625,-16.525,-5.));
#12765=CARTESIAN_POINT('',(36.3625,-16.525,-1.5));
#12766=CARTESIAN_POINT('Origin',(36.3625,-16.025,-1.5));
#12767=CARTESIAN_POINT('',(35.8625,-16.025,-5.));
#12768=CARTESIAN_POINT('Origin',(36.3625,-16.025,-5.));
#12769=CARTESIAN_POINT('',(35.8625,-16.025,-1.5));
#12770=CARTESIAN_POINT('Origin',(35.8625,-3.02499999999999,-1.5));
#12771=CARTESIAN_POINT('',(35.8625,-3.02499999999999,-5.));
#12772=CARTESIAN_POINT('',(35.8625,-3.02499999999999,-5.));
#12773=CARTESIAN_POINT('',(35.8625,-3.02499999999999,-1.5));
#12774=CARTESIAN_POINT('Origin',(36.3625,-3.02499999999999,-1.5));
#12775=CARTESIAN_POINT('Origin',(36.3625,-3.02499999999999,-5.));
#12776=CARTESIAN_POINT('Origin',(54.125,35.575,-1.5));
#12777=CARTESIAN_POINT('',(41.125,35.575,-5.));
#12778=CARTESIAN_POINT('',(41.125,35.575,-1.5));
#12779=CARTESIAN_POINT('',(54.125,35.575,-5.));
#12780=CARTESIAN_POINT('',(41.125,35.575,-5.));
#12781=CARTESIAN_POINT('',(54.125,35.575,-1.5));
#12782=CARTESIAN_POINT('Origin',(54.125,35.075,-1.5));
#12783=CARTESIAN_POINT('',(54.625,35.075,-5.));
#12784=CARTESIAN_POINT('Origin',(54.125,35.075,-5.));
#12785=CARTESIAN_POINT('',(54.625,35.075,-1.5));
#12786=CARTESIAN_POINT('Origin',(54.625,22.075,-1.5));
#12787=CARTESIAN_POINT('',(54.625,22.075,-5.));
#12788=CARTESIAN_POINT('',(54.625,35.075,-5.));
#12789=CARTESIAN_POINT('',(54.625,22.075,-1.5));
#12790=CARTESIAN_POINT('Origin',(54.125,22.075,-1.5));
#12791=CARTESIAN_POINT('',(54.125,21.575,-5.));
#12792=CARTESIAN_POINT('Origin',(54.125,22.075,-5.));
#12793=CARTESIAN_POINT('',(54.125,21.575,-1.5));
#12794=CARTESIAN_POINT('Origin',(41.125,21.575,-1.5));
#12795=CARTESIAN_POINT('',(41.125,21.575,-5.));
#12796=CARTESIAN_POINT('',(41.125,21.575,-5.));
#12797=CARTESIAN_POINT('',(41.125,21.575,-1.5));
#12798=CARTESIAN_POINT('Origin',(41.125,22.075,-1.5));
#12799=CARTESIAN_POINT('',(40.625,22.075,-5.));
#12800=CARTESIAN_POINT('Origin',(41.125,22.075,-5.));
#12801=CARTESIAN_POINT('',(40.625,22.075,-1.5));
#12802=CARTESIAN_POINT('Origin',(40.625,35.075,-1.5));
#12803=CARTESIAN_POINT('',(40.625,35.075,-5.));
#12804=CARTESIAN_POINT('',(40.625,35.075,-5.));
#12805=CARTESIAN_POINT('',(40.625,35.075,-1.5));
#12806=CARTESIAN_POINT('Origin',(41.125,35.075,-1.5));
#12807=CARTESIAN_POINT('Origin',(41.125,35.075,-5.));
#12808=CARTESIAN_POINT('Origin',(58.8875,16.525,-1.5));
#12809=CARTESIAN_POINT('',(45.8875,16.525,-5.));
#12810=CARTESIAN_POINT('',(45.8875,16.525,-1.5));
#12811=CARTESIAN_POINT('',(58.8875,16.525,-5.));
#12812=CARTESIAN_POINT('',(45.8875,16.525,-5.));
#12813=CARTESIAN_POINT('',(58.8875,16.525,-1.5));
#12814=CARTESIAN_POINT('Origin',(58.8875,16.025,-1.5));
#12815=CARTESIAN_POINT('',(59.3875,16.025,-5.));
#12816=CARTESIAN_POINT('Origin',(58.8875,16.025,-5.));
#12817=CARTESIAN_POINT('',(59.3875,16.025,-1.5));
#12818=CARTESIAN_POINT('Origin',(59.3875,3.025,-1.5));
#12819=CARTESIAN_POINT('',(59.3875,3.025,-5.));
#12820=CARTESIAN_POINT('',(59.3875,16.025,-5.));
#12821=CARTESIAN_POINT('',(59.3875,3.025,-1.5));
#12822=CARTESIAN_POINT('Origin',(58.8875,3.025,-1.5));
#12823=CARTESIAN_POINT('',(58.8875,2.525,-5.));
#12824=CARTESIAN_POINT('Origin',(58.8875,3.025,-5.));
#12825=CARTESIAN_POINT('',(58.8875,2.525,-1.5));
#12826=CARTESIAN_POINT('Origin',(45.8875,2.525,-1.5));
#12827=CARTESIAN_POINT('',(45.8875,2.525,-5.));
#12828=CARTESIAN_POINT('',(45.8875,2.525,-5.));
#12829=CARTESIAN_POINT('',(45.8875,2.525,-1.5));
#12830=CARTESIAN_POINT('Origin',(45.8875,3.025,-1.5));
#12831=CARTESIAN_POINT('',(45.3875,3.025,-5.));
#12832=CARTESIAN_POINT('Origin',(45.8875,3.025,-5.));
#12833=CARTESIAN_POINT('',(45.3875,3.025,-1.5));
#12834=CARTESIAN_POINT('Origin',(45.3875,16.025,-1.5));
#12835=CARTESIAN_POINT('',(45.3875,16.025,-5.));
#12836=CARTESIAN_POINT('',(45.3875,16.025,-5.));
#12837=CARTESIAN_POINT('',(45.3875,16.025,-1.5));
#12838=CARTESIAN_POINT('Origin',(45.8875,16.025,-1.5));
#12839=CARTESIAN_POINT('Origin',(45.8875,16.025,-5.));
#12840=CARTESIAN_POINT('Origin',(-45.8875,-2.525,-1.5));
#12841=CARTESIAN_POINT('',(-58.8875,-2.525,-5.));
#12842=CARTESIAN_POINT('',(-58.8875,-2.525,-1.5));
#12843=CARTESIAN_POINT('',(-45.8875,-2.525,-5.));
#12844=CARTESIAN_POINT('',(-58.8875,-2.525,-5.));
#12845=CARTESIAN_POINT('',(-45.8875,-2.525,-1.5));
#12846=CARTESIAN_POINT('Origin',(-45.8875,-3.02499999999999,-1.5));
#12847=CARTESIAN_POINT('',(-45.3875,-3.02499999999999,-5.));
#12848=CARTESIAN_POINT('Origin',(-45.8875,-3.02499999999999,-5.));
#12849=CARTESIAN_POINT('',(-45.3875,-3.02499999999999,-1.5));
#12850=CARTESIAN_POINT('Origin',(-45.3875,-16.025,-1.5));
#12851=CARTESIAN_POINT('',(-45.3875,-16.025,-5.));
#12852=CARTESIAN_POINT('',(-45.3875,-3.02499999999999,-5.));
#12853=CARTESIAN_POINT('',(-45.3875,-16.025,-1.5));
#12854=CARTESIAN_POINT('Origin',(-45.8875,-16.025,-1.5));
#12855=CARTESIAN_POINT('',(-45.8875,-16.525,-5.));
#12856=CARTESIAN_POINT('Origin',(-45.8875,-16.025,-5.));
#12857=CARTESIAN_POINT('',(-45.8875,-16.525,-1.5));
#12858=CARTESIAN_POINT('Origin',(-58.8875,-16.525,-1.5));
#12859=CARTESIAN_POINT('',(-58.8875,-16.525,-5.));
#12860=CARTESIAN_POINT('',(-58.8875,-16.525,-5.));
#12861=CARTESIAN_POINT('',(-58.8875,-16.525,-1.5));
#12862=CARTESIAN_POINT('Origin',(-58.8875,-16.025,-1.5));
#12863=CARTESIAN_POINT('',(-59.3875,-16.025,-5.));
#12864=CARTESIAN_POINT('Origin',(-58.8875,-16.025,-5.));
#12865=CARTESIAN_POINT('',(-59.3875,-16.025,-1.5));
#12866=CARTESIAN_POINT('Origin',(-59.3875,-3.02499999999999,-1.5));
#12867=CARTESIAN_POINT('',(-59.3875,-3.02499999999999,-5.));
#12868=CARTESIAN_POINT('',(-59.3875,-3.02499999999999,-5.));
#12869=CARTESIAN_POINT('',(-59.3875,-3.02499999999999,-1.5));
#12870=CARTESIAN_POINT('Origin',(-58.8875,-3.02499999999999,-1.5));
#12871=CARTESIAN_POINT('Origin',(-58.8875,-3.02499999999999,-5.));
#12872=CARTESIAN_POINT('Origin',(95.2500045241322,-19.0500009048264,-1.5));
#12873=CARTESIAN_POINT('',(93.3500045241322,-19.0500009048264,-5.));
#12874=CARTESIAN_POINT('Origin',(95.2500045241322,-19.0500009048264,-5.));
#12875=CARTESIAN_POINT('',(93.3500045241322,-19.0500009048264,-1.5));
#12876=CARTESIAN_POINT('Origin',(39.8375,16.525,-1.5));
#12877=CARTESIAN_POINT('',(26.8375,16.525,-5.));
#12878=CARTESIAN_POINT('',(26.8375,16.525,-1.5));
#12879=CARTESIAN_POINT('',(39.8375,16.525,-5.));
#12880=CARTESIAN_POINT('',(26.8375,16.525,-5.));
#12881=CARTESIAN_POINT('',(39.8375,16.525,-1.5));
#12882=CARTESIAN_POINT('Origin',(39.8375,16.025,-1.5));
#12883=CARTESIAN_POINT('',(40.3375,16.025,-5.));
#12884=CARTESIAN_POINT('Origin',(39.8375,16.025,-5.));
#12885=CARTESIAN_POINT('',(40.3375,16.025,-1.5));
#12886=CARTESIAN_POINT('Origin',(40.3375,3.025,-1.5));
#12887=CARTESIAN_POINT('',(40.3375,3.025,-5.));
#12888=CARTESIAN_POINT('',(40.3375,16.025,-5.));
#12889=CARTESIAN_POINT('',(40.3375,3.025,-1.5));
#12890=CARTESIAN_POINT('Origin',(39.8375,3.025,-1.5));
#12891=CARTESIAN_POINT('',(39.8375,2.525,-5.));
#12892=CARTESIAN_POINT('Origin',(39.8375,3.025,-5.));
#12893=CARTESIAN_POINT('',(39.8375,2.525,-1.5));
#12894=CARTESIAN_POINT('Origin',(26.8375,2.525,-1.5));
#12895=CARTESIAN_POINT('',(26.8375,2.525,-5.));
#12896=CARTESIAN_POINT('',(26.8375,2.525,-5.));
#12897=CARTESIAN_POINT('',(26.8375,2.525,-1.5));
#12898=CARTESIAN_POINT('Origin',(26.8375,3.025,-1.5));
#12899=CARTESIAN_POINT('',(26.3375,3.025,-5.));
#12900=CARTESIAN_POINT('Origin',(26.8375,3.025,-5.));
#12901=CARTESIAN_POINT('',(26.3375,3.025,-1.5));
#12902=CARTESIAN_POINT('Origin',(26.3375,16.025,-1.5));
#12903=CARTESIAN_POINT('',(26.3375,16.025,-5.));
#12904=CARTESIAN_POINT('',(26.3375,16.025,-5.));
#12905=CARTESIAN_POINT('',(26.3375,16.025,-1.5));
#12906=CARTESIAN_POINT('Origin',(26.8375,16.025,-1.5));
#12907=CARTESIAN_POINT('Origin',(26.8375,16.025,-5.));
#12908=CARTESIAN_POINT('Origin',(30.3125,-2.525,-1.5));
#12909=CARTESIAN_POINT('',(17.3125,-2.525,-5.));
#12910=CARTESIAN_POINT('',(17.3125,-2.525,-1.5));
#12911=CARTESIAN_POINT('',(30.3125,-2.52499999999999,-5.));
#12912=CARTESIAN_POINT('',(17.3125,-2.525,-5.));
#12913=CARTESIAN_POINT('',(30.3125,-2.52499999999999,-1.5));
#12914=CARTESIAN_POINT('Origin',(30.3125,-3.02499999999999,-1.5));
#12915=CARTESIAN_POINT('',(30.8125,-3.02499999999999,-5.));
#12916=CARTESIAN_POINT('Origin',(30.3125,-3.02499999999999,-5.));
#12917=CARTESIAN_POINT('',(30.8125,-3.02499999999999,-1.5));
#12918=CARTESIAN_POINT('Origin',(30.8125,-16.025,-1.5));
#12919=CARTESIAN_POINT('',(30.8125,-16.025,-5.));
#12920=CARTESIAN_POINT('',(30.8125,-3.02499999999999,-5.));
#12921=CARTESIAN_POINT('',(30.8125,-16.025,-1.5));
#12922=CARTESIAN_POINT('Origin',(30.3125,-16.025,-1.5));
#12923=CARTESIAN_POINT('',(30.3125,-16.525,-5.));
#12924=CARTESIAN_POINT('Origin',(30.3125,-16.025,-5.));
#12925=CARTESIAN_POINT('',(30.3125,-16.525,-1.5));
#12926=CARTESIAN_POINT('Origin',(17.3125,-16.525,-1.5));
#12927=CARTESIAN_POINT('',(17.3125,-16.525,-5.));
#12928=CARTESIAN_POINT('',(17.3125,-16.525,-5.));
#12929=CARTESIAN_POINT('',(17.3125,-16.525,-1.5));
#12930=CARTESIAN_POINT('Origin',(17.3125,-16.025,-1.5));
#12931=CARTESIAN_POINT('',(16.8125,-16.025,-5.));
#12932=CARTESIAN_POINT('Origin',(17.3125,-16.025,-5.));
#12933=CARTESIAN_POINT('',(16.8125,-16.025,-1.5));
#12934=CARTESIAN_POINT('Origin',(16.8125,-3.02499999999999,-1.5));
#12935=CARTESIAN_POINT('',(16.8125,-3.02499999999999,-5.));
#12936=CARTESIAN_POINT('',(16.8125,-3.02499999999999,-5.));
#12937=CARTESIAN_POINT('',(16.8125,-3.02499999999999,-1.5));
#12938=CARTESIAN_POINT('Origin',(17.3125,-3.02499999999999,-1.5));
#12939=CARTESIAN_POINT('Origin',(17.3125,-3.02499999999999,-5.));
#12940=CARTESIAN_POINT('Origin',(-95.2500045241322,19.0500009048264,-1.5));
#12941=CARTESIAN_POINT('',(-97.1500045241322,19.0500009048264,-5.));
#12942=CARTESIAN_POINT('Origin',(-95.2500045241322,19.0500009048264,-5.));
#12943=CARTESIAN_POINT('',(-97.1500045241322,19.0500009048264,-1.5));
#12944=CARTESIAN_POINT('Origin',(-55.4125,16.525,-1.5));
#12945=CARTESIAN_POINT('',(-68.4125,16.525,-5.));
#12946=CARTESIAN_POINT('',(-68.4125,16.525,-1.5));
#12947=CARTESIAN_POINT('',(-55.4125,16.525,-5.));
#12948=CARTESIAN_POINT('',(-68.4125,16.525,-5.));
#12949=CARTESIAN_POINT('',(-55.4125,16.525,-1.5));
#12950=CARTESIAN_POINT('Origin',(-55.4125,16.025,-1.5));
#12951=CARTESIAN_POINT('',(-54.9125,16.025,-5.));
#12952=CARTESIAN_POINT('Origin',(-55.4125,16.025,-5.));
#12953=CARTESIAN_POINT('',(-54.9125,16.025,-1.5));
#12954=CARTESIAN_POINT('Origin',(-54.9125,3.025,-1.5));
#12955=CARTESIAN_POINT('',(-54.9125,3.025,-5.));
#12956=CARTESIAN_POINT('',(-54.9125,16.025,-5.));
#12957=CARTESIAN_POINT('',(-54.9125,3.025,-1.5));
#12958=CARTESIAN_POINT('Origin',(-55.4125,3.025,-1.5));
#12959=CARTESIAN_POINT('',(-55.4125,2.525,-5.));
#12960=CARTESIAN_POINT('Origin',(-55.4125,3.025,-5.));
#12961=CARTESIAN_POINT('',(-55.4125,2.525,-1.5));
#12962=CARTESIAN_POINT('Origin',(-68.4125,2.525,-1.5));
#12963=CARTESIAN_POINT('',(-68.4125,2.525,-5.));
#12964=CARTESIAN_POINT('',(-68.4125,2.525,-5.));
#12965=CARTESIAN_POINT('',(-68.4125,2.525,-1.5));
#12966=CARTESIAN_POINT('Origin',(-68.4125,3.025,-1.5));
#12967=CARTESIAN_POINT('',(-68.9125,3.025,-5.));
#12968=CARTESIAN_POINT('Origin',(-68.4125,3.025,-5.));
#12969=CARTESIAN_POINT('',(-68.9125,3.025,-1.5));
#12970=CARTESIAN_POINT('Origin',(-68.9125,16.025,-1.5));
#12971=CARTESIAN_POINT('',(-68.9125,16.025,-5.));
#12972=CARTESIAN_POINT('',(-68.9125,16.025,-5.));
#12973=CARTESIAN_POINT('',(-68.9125,16.025,-1.5));
#12974=CARTESIAN_POINT('Origin',(-68.4125,16.025,-1.5));
#12975=CARTESIAN_POINT('Origin',(-68.4125,16.025,-5.));
#12976=CARTESIAN_POINT('Origin',(5.99325,-20.075,-1.5));
#12977=CARTESIAN_POINT('',(5.99325,-37.075,-5.));
#12978=CARTESIAN_POINT('',(5.99325,-37.075,-1.5));
#12979=CARTESIAN_POINT('',(5.99325,-20.075,-5.));
#12980=CARTESIAN_POINT('',(5.99325,-37.075,-5.));
#12981=CARTESIAN_POINT('',(5.99325000000001,-20.075,-1.5));
#12982=CARTESIAN_POINT('Origin',(6.49325000000001,-20.075,-1.5));
#12983=CARTESIAN_POINT('',(6.49325000000001,-19.575,-5.));
#12984=CARTESIAN_POINT('Origin',(6.49325000000001,-20.075,-5.));
#12985=CARTESIAN_POINT('',(6.49325000000001,-19.575,-1.5));
#12986=CARTESIAN_POINT('Origin',(12.49325,-19.575,-1.5));
#12987=CARTESIAN_POINT('',(12.49325,-19.575,-5.));
#12988=CARTESIAN_POINT('',(12.49325,-19.575,-5.));
#12989=CARTESIAN_POINT('',(12.49325,-19.575,-1.5));
#12990=CARTESIAN_POINT('Origin',(12.49325,-20.075,-1.5));
#12991=CARTESIAN_POINT('',(12.99325,-20.075,-5.));
#12992=CARTESIAN_POINT('Origin',(12.49325,-20.075,-5.));
#12993=CARTESIAN_POINT('',(12.99325,-20.075,-1.5));
#12994=CARTESIAN_POINT('Origin',(12.99325,-37.075,-1.5));
#12995=CARTESIAN_POINT('',(12.99325,-37.075,-5.));
#12996=CARTESIAN_POINT('',(12.99325,-37.075,-5.));
#12997=CARTESIAN_POINT('',(12.99325,-37.075,-1.5));
#12998=CARTESIAN_POINT('Origin',(12.49325,-37.075,-1.5));
#12999=CARTESIAN_POINT('',(12.49325,-37.575,-5.));
#13000=CARTESIAN_POINT('Origin',(12.49325,-37.075,-5.));
#13001=CARTESIAN_POINT('',(12.49325,-37.575,-1.5));
#13002=CARTESIAN_POINT('Origin',(6.49325000000001,-37.575,-1.5));
#13003=CARTESIAN_POINT('',(6.49325000000001,-37.575,-5.));
#13004=CARTESIAN_POINT('',(6.49325000000001,-37.575,-5.));
#13005=CARTESIAN_POINT('',(6.49325000000001,-37.575,-1.5));
#13006=CARTESIAN_POINT('Origin',(6.49325000000001,-37.075,-1.5));
#13007=CARTESIAN_POINT('Origin',(6.49325000000001,-37.075,-5.));
#13008=CARTESIAN_POINT('Origin',(111.275,-2.525,-1.5));
#13009=CARTESIAN_POINT('',(98.275,-2.525,-5.));
#13010=CARTESIAN_POINT('',(98.275,-2.525,-1.5));
#13011=CARTESIAN_POINT('',(111.275,-2.52499999999999,-5.));
#13012=CARTESIAN_POINT('',(98.275,-2.525,-5.));
#13013=CARTESIAN_POINT('',(111.275,-2.52499999999999,-1.5));
#13014=CARTESIAN_POINT('Origin',(111.275,-3.02499999999999,-1.5));
#13015=CARTESIAN_POINT('',(111.775,-3.02499999999999,-5.));
#13016=CARTESIAN_POINT('Origin',(111.275,-3.02499999999999,-5.));
#13017=CARTESIAN_POINT('',(111.775,-3.02499999999999,-1.5));
#13018=CARTESIAN_POINT('Origin',(111.775,-16.025,-1.5));
#13019=CARTESIAN_POINT('',(111.775,-16.025,-5.));
#13020=CARTESIAN_POINT('',(111.775,-3.02499999999999,-5.));
#13021=CARTESIAN_POINT('',(111.775,-16.025,-1.5));
#13022=CARTESIAN_POINT('Origin',(111.275,-16.025,-1.5));
#13023=CARTESIAN_POINT('',(111.275,-16.525,-5.));
#13024=CARTESIAN_POINT('Origin',(111.275,-16.025,-5.));
#13025=CARTESIAN_POINT('',(111.275,-16.525,-1.5));
#13026=CARTESIAN_POINT('Origin',(98.275,-16.525,-1.5));
#13027=CARTESIAN_POINT('',(98.275,-16.525,-5.));
#13028=CARTESIAN_POINT('',(98.275,-16.525,-5.));
#13029=CARTESIAN_POINT('',(98.275,-16.525,-1.5));
#13030=CARTESIAN_POINT('Origin',(98.275,-16.025,-1.5));
#13031=CARTESIAN_POINT('',(97.775,-16.025,-5.));
#13032=CARTESIAN_POINT('Origin',(98.275,-16.025,-5.));
#13033=CARTESIAN_POINT('',(97.775,-16.025,-1.5));
#13034=CARTESIAN_POINT('Origin',(97.775,-3.02499999999999,-1.5));
#13035=CARTESIAN_POINT('',(97.775,-3.02499999999999,-5.));
#13036=CARTESIAN_POINT('',(97.775,-3.02499999999999,-5.));
#13037=CARTESIAN_POINT('',(97.775,-3.02499999999999,-1.5));
#13038=CARTESIAN_POINT('Origin',(98.275,-3.02499999999999,-1.5));
#13039=CARTESIAN_POINT('Origin',(98.275,-3.02499999999999,-5.));
#13040=CARTESIAN_POINT('Origin',(-19.69375,-21.575,-1.5));
#13041=CARTESIAN_POINT('',(-32.69375,-21.575,-5.));
#13042=CARTESIAN_POINT('',(-32.69375,-21.575,-1.5));
#13043=CARTESIAN_POINT('',(-19.69375,-21.575,-5.));
#13044=CARTESIAN_POINT('',(-32.69375,-21.575,-5.));
#13045=CARTESIAN_POINT('',(-19.69375,-21.575,-1.5));
#13046=CARTESIAN_POINT('Origin',(-19.69375,-22.075,-1.5));
#13047=CARTESIAN_POINT('',(-19.19375,-22.075,-5.));
#13048=CARTESIAN_POINT('Origin',(-19.69375,-22.075,-5.));
#13049=CARTESIAN_POINT('',(-19.19375,-22.075,-1.5));
#13050=CARTESIAN_POINT('Origin',(-19.19375,-35.075,-1.5));
#13051=CARTESIAN_POINT('',(-19.19375,-35.075,-5.));
#13052=CARTESIAN_POINT('',(-19.19375,-22.075,-5.));
#13053=CARTESIAN_POINT('',(-19.19375,-35.075,-1.5));
#13054=CARTESIAN_POINT('Origin',(-19.69375,-35.075,-1.5));
#13055=CARTESIAN_POINT('',(-19.69375,-35.575,-5.));
#13056=CARTESIAN_POINT('Origin',(-19.69375,-35.075,-5.));
#13057=CARTESIAN_POINT('',(-19.69375,-35.575,-1.5));
#13058=CARTESIAN_POINT('Origin',(-32.69375,-35.575,-1.5));
#13059=CARTESIAN_POINT('',(-32.69375,-35.575,-5.));
#13060=CARTESIAN_POINT('',(-32.69375,-35.575,-5.));
#13061=CARTESIAN_POINT('',(-32.69375,-35.575,-1.5));
#13062=CARTESIAN_POINT('Origin',(-32.69375,-35.075,-1.5));
#13063=CARTESIAN_POINT('',(-33.19375,-35.075,-5.));
#13064=CARTESIAN_POINT('Origin',(-32.69375,-35.075,-5.));
#13065=CARTESIAN_POINT('',(-33.19375,-35.075,-1.5));
#13066=CARTESIAN_POINT('Origin',(-33.19375,-22.075,-1.5));
#13067=CARTESIAN_POINT('',(-33.19375,-22.075,-5.));
#13068=CARTESIAN_POINT('',(-33.19375,-22.075,-5.));
#13069=CARTESIAN_POINT('',(-33.19375,-22.075,-1.5));
#13070=CARTESIAN_POINT('Origin',(-32.69375,-22.075,-1.5));
#13071=CARTESIAN_POINT('Origin',(-32.69375,-22.075,-5.));
#13072=CARTESIAN_POINT('Origin',(-36.3625,16.525,-1.5));
#13073=CARTESIAN_POINT('',(-49.3625,16.525,-5.));
#13074=CARTESIAN_POINT('',(-49.3625,16.525,-1.5));
#13075=CARTESIAN_POINT('',(-36.3625,16.525,-5.));
#13076=CARTESIAN_POINT('',(-49.3625,16.525,-5.));
#13077=CARTESIAN_POINT('',(-36.3625,16.525,-1.5));
#13078=CARTESIAN_POINT('Origin',(-36.3625,16.025,-1.5));
#13079=CARTESIAN_POINT('',(-35.8625,16.025,-5.));
#13080=CARTESIAN_POINT('Origin',(-36.3625,16.025,-5.));
#13081=CARTESIAN_POINT('',(-35.8625,16.025,-1.5));
#13082=CARTESIAN_POINT('Origin',(-35.8625,3.025,-1.5));
#13083=CARTESIAN_POINT('',(-35.8625,3.025,-5.));
#13084=CARTESIAN_POINT('',(-35.8625,16.025,-5.));
#13085=CARTESIAN_POINT('',(-35.8625,3.025,-1.5));
#13086=CARTESIAN_POINT('Origin',(-36.3625,3.025,-1.5));
#13087=CARTESIAN_POINT('',(-36.3625,2.525,-5.));
#13088=CARTESIAN_POINT('Origin',(-36.3625,3.025,-5.));
#13089=CARTESIAN_POINT('',(-36.3625,2.525,-1.5));
#13090=CARTESIAN_POINT('Origin',(-49.3625,2.525,-1.5));
#13091=CARTESIAN_POINT('',(-49.3625,2.525,-5.));
#13092=CARTESIAN_POINT('',(-49.3625,2.525,-5.));
#13093=CARTESIAN_POINT('',(-49.3625,2.525,-1.5));
#13094=CARTESIAN_POINT('Origin',(-49.3625,3.025,-1.5));
#13095=CARTESIAN_POINT('',(-49.8625,3.025,-5.));
#13096=CARTESIAN_POINT('Origin',(-49.3625,3.025,-5.));
#13097=CARTESIAN_POINT('',(-49.8625,3.025,-1.5));
#13098=CARTESIAN_POINT('Origin',(-49.8625,16.025,-1.5));
#13099=CARTESIAN_POINT('',(-49.8625,16.025,-5.));
#13100=CARTESIAN_POINT('',(-49.8625,16.025,-5.));
#13101=CARTESIAN_POINT('',(-49.8625,16.025,-1.5));
#13102=CARTESIAN_POINT('Origin',(-49.3625,16.025,-1.5));
#13103=CARTESIAN_POINT('Origin',(-49.3625,16.025,-5.));
#13104=CARTESIAN_POINT('Origin',(-91.13125,-2.525,-1.5));
#13105=CARTESIAN_POINT('',(-104.13125,-2.525,-5.));
#13106=CARTESIAN_POINT('',(-104.13125,-2.525,-1.5));
#13107=CARTESIAN_POINT('',(-91.13125,-2.52499999999999,-5.));
#13108=CARTESIAN_POINT('',(-104.13125,-2.525,-5.));
#13109=CARTESIAN_POINT('',(-91.13125,-2.52499999999999,-1.5));
#13110=CARTESIAN_POINT('Origin',(-91.13125,-3.02499999999999,-1.5));
#13111=CARTESIAN_POINT('',(-90.63125,-3.02499999999999,-5.));
#13112=CARTESIAN_POINT('Origin',(-91.13125,-3.02499999999999,-5.));
#13113=CARTESIAN_POINT('',(-90.63125,-3.02499999999999,-1.5));
#13114=CARTESIAN_POINT('Origin',(-90.63125,-16.025,-1.5));
#13115=CARTESIAN_POINT('',(-90.63125,-16.025,-5.));
#13116=CARTESIAN_POINT('',(-90.63125,-3.02499999999999,-5.));
#13117=CARTESIAN_POINT('',(-90.63125,-16.025,-1.5));
#13118=CARTESIAN_POINT('Origin',(-91.13125,-16.025,-1.5));
#13119=CARTESIAN_POINT('',(-91.13125,-16.525,-5.));
#13120=CARTESIAN_POINT('Origin',(-91.13125,-16.025,-5.));
#13121=CARTESIAN_POINT('',(-91.13125,-16.525,-1.5));
#13122=CARTESIAN_POINT('Origin',(-104.13125,-16.525,-1.5));
#13123=CARTESIAN_POINT('',(-104.13125,-16.525,-5.));
#13124=CARTESIAN_POINT('',(-104.13125,-16.525,-5.));
#13125=CARTESIAN_POINT('',(-104.13125,-16.525,-1.5));
#13126=CARTESIAN_POINT('Origin',(-104.13125,-16.025,-1.5));
#13127=CARTESIAN_POINT('',(-104.63125,-16.025,-5.));
#13128=CARTESIAN_POINT('Origin',(-104.13125,-16.025,-5.));
#13129=CARTESIAN_POINT('',(-104.63125,-16.025,-1.5));
#13130=CARTESIAN_POINT('Origin',(-104.63125,-3.02499999999999,-1.5));
#13131=CARTESIAN_POINT('',(-104.63125,-3.02499999999999,-5.));
#13132=CARTESIAN_POINT('',(-104.63125,-3.02499999999999,-5.));
#13133=CARTESIAN_POINT('',(-104.63125,-3.02499999999999,-1.5));
#13134=CARTESIAN_POINT('Origin',(-104.13125,-3.02499999999999,-1.5));
#13135=CARTESIAN_POINT('Origin',(-104.13125,-3.02499999999999,-5.));
#13136=CARTESIAN_POINT('Origin',(52.3875,-25.40127,-1.5));
#13137=CARTESIAN_POINT('',(50.3875,-25.40127,-5.));
#13138=CARTESIAN_POINT('Origin',(52.3875,-25.40127,-5.));
#13139=CARTESIAN_POINT('',(50.3875,-25.40127,-1.5));
#13140=CARTESIAN_POINT('Origin',(-41.6317499999999,-20.0750003539842,-1.5));
#13141=CARTESIAN_POINT('',(-41.63175,-37.075,-5.));
#13142=CARTESIAN_POINT('',(-41.63175,-37.075,-1.5));
#13143=CARTESIAN_POINT('',(-41.6317499999999,-20.0750003539842,-5.));
#13144=CARTESIAN_POINT('',(-41.63175,-37.075,-5.));
#13145=CARTESIAN_POINT('',(-41.6317499999999,-20.0750003539842,-1.5));
#13146=CARTESIAN_POINT('Origin',(-41.13175,-20.075,-1.5));
#13147=CARTESIAN_POINT('',(-41.13175,-19.575,-5.));
#13148=CARTESIAN_POINT('Origin',(-41.13175,-20.075,-5.));
#13149=CARTESIAN_POINT('',(-41.13175,-19.575,-1.5));
#13150=CARTESIAN_POINT('Origin',(-35.13175,-19.575,-1.5));
#13151=CARTESIAN_POINT('',(-35.13175,-19.575,-5.));
#13152=CARTESIAN_POINT('',(-35.13175,-19.575,-5.));
#13153=CARTESIAN_POINT('',(-35.13175,-19.575,-1.5));
#13154=CARTESIAN_POINT('Origin',(-35.13175,-20.075,-1.5));
#13155=CARTESIAN_POINT('',(-34.63175,-20.075,-5.));
#13156=CARTESIAN_POINT('Origin',(-35.13175,-20.075,-5.));
#13157=CARTESIAN_POINT('',(-34.63175,-20.075,-1.5));
#13158=CARTESIAN_POINT('Origin',(-34.63175,-37.075,-1.5));
#13159=CARTESIAN_POINT('',(-34.63175,-37.075,-5.));
#13160=CARTESIAN_POINT('',(-34.63175,-37.075,-5.));
#13161=CARTESIAN_POINT('',(-34.63175,-37.075,-1.5));
#13162=CARTESIAN_POINT('Origin',(-35.13175,-37.075,-1.5));
#13163=CARTESIAN_POINT('',(-35.13175,-37.575,-5.));
#13164=CARTESIAN_POINT('Origin',(-35.13175,-37.075,-5.));
#13165=CARTESIAN_POINT('',(-35.13175,-37.575,-1.5));
#13166=CARTESIAN_POINT('Origin',(-41.13175,-37.575,-1.5));
#13167=CARTESIAN_POINT('',(-41.13175,-37.575,-5.));
#13168=CARTESIAN_POINT('',(-41.13175,-37.575,-5.));
#13169=CARTESIAN_POINT('',(-41.13175,-37.575,-1.5));
#13170=CARTESIAN_POINT('Origin',(-41.13175,-37.075,-1.5));
#13171=CARTESIAN_POINT('Origin',(-41.13175,-37.075,-5.));
#13172=CARTESIAN_POINT('Origin',(-41.125,35.575,-1.5));
#13173=CARTESIAN_POINT('',(-54.125,35.575,-5.));
#13174=CARTESIAN_POINT('',(-54.125,35.575,-1.5));
#13175=CARTESIAN_POINT('',(-41.125,35.575,-5.));
#13176=CARTESIAN_POINT('',(-54.125,35.575,-5.));
#13177=CARTESIAN_POINT('',(-41.125,35.575,-1.5));
#13178=CARTESIAN_POINT('Origin',(-41.125,35.075,-1.5));
#13179=CARTESIAN_POINT('',(-40.625,35.075,-5.));
#13180=CARTESIAN_POINT('Origin',(-41.125,35.075,-5.));
#13181=CARTESIAN_POINT('',(-40.625,35.075,-1.5));
#13182=CARTESIAN_POINT('Origin',(-40.625,22.075,-1.5));
#13183=CARTESIAN_POINT('',(-40.625,22.075,-5.));
#13184=CARTESIAN_POINT('',(-40.625,35.075,-5.));
#13185=CARTESIAN_POINT('',(-40.625,22.075,-1.5));
#13186=CARTESIAN_POINT('Origin',(-41.125,22.075,-1.5));
#13187=CARTESIAN_POINT('',(-41.125,21.575,-5.));
#13188=CARTESIAN_POINT('Origin',(-41.125,22.075,-5.));
#13189=CARTESIAN_POINT('',(-41.125,21.575,-1.5));
#13190=CARTESIAN_POINT('Origin',(-54.125,21.575,-1.5));
#13191=CARTESIAN_POINT('',(-54.125,21.575,-5.));
#13192=CARTESIAN_POINT('',(-54.125,21.575,-5.));
#13193=CARTESIAN_POINT('',(-54.125,21.575,-1.5));
#13194=CARTESIAN_POINT('Origin',(-54.125,22.075,-1.5));
#13195=CARTESIAN_POINT('',(-54.625,22.075,-5.));
#13196=CARTESIAN_POINT('Origin',(-54.125,22.075,-5.));
#13197=CARTESIAN_POINT('',(-54.625,22.075,-1.5));
#13198=CARTESIAN_POINT('Origin',(-54.625,35.075,-1.5));
#13199=CARTESIAN_POINT('',(-54.625,35.075,-5.));
#13200=CARTESIAN_POINT('',(-54.625,35.075,-5.));
#13201=CARTESIAN_POINT('',(-54.625,35.075,-1.5));
#13202=CARTESIAN_POINT('Origin',(-54.125,35.075,-1.5));
#13203=CARTESIAN_POINT('Origin',(-54.125,35.075,-5.));
#13204=CARTESIAN_POINT('Origin',(-64.9375,-2.525,-1.5));
#13205=CARTESIAN_POINT('',(-77.9375,-2.525,-5.));
#13206=CARTESIAN_POINT('',(-77.9375,-2.525,-1.5));
#13207=CARTESIAN_POINT('',(-64.9375,-2.525,-5.));
#13208=CARTESIAN_POINT('',(-77.9375,-2.525,-5.));
#13209=CARTESIAN_POINT('',(-64.9375,-2.525,-1.5));
#13210=CARTESIAN_POINT('Origin',(-64.9375,-3.02499999999999,-1.5));
#13211=CARTESIAN_POINT('',(-64.4375,-3.02499999999999,-5.));
#13212=CARTESIAN_POINT('Origin',(-64.9375,-3.02499999999999,-5.));
#13213=CARTESIAN_POINT('',(-64.4375,-3.02499999999999,-1.5));
#13214=CARTESIAN_POINT('Origin',(-64.4375,-16.025,-1.5));
#13215=CARTESIAN_POINT('',(-64.4375,-16.025,-5.));
#13216=CARTESIAN_POINT('',(-64.4375,-3.02499999999999,-5.));
#13217=CARTESIAN_POINT('',(-64.4375,-16.025,-1.5));
#13218=CARTESIAN_POINT('Origin',(-64.9375,-16.025,-1.5));
#13219=CARTESIAN_POINT('',(-64.9375,-16.525,-5.));
#13220=CARTESIAN_POINT('Origin',(-64.9375,-16.025,-5.));
#13221=CARTESIAN_POINT('',(-64.9375,-16.525,-1.5));
#13222=CARTESIAN_POINT('Origin',(-77.9375,-16.525,-1.5));
#13223=CARTESIAN_POINT('',(-77.9375,-16.525,-5.));
#13224=CARTESIAN_POINT('',(-77.9375,-16.525,-5.));
#13225=CARTESIAN_POINT('',(-77.9375,-16.525,-1.5));
#13226=CARTESIAN_POINT('Origin',(-77.9375,-16.025,-1.5));
#13227=CARTESIAN_POINT('',(-78.4375,-16.025,-5.));
#13228=CARTESIAN_POINT('Origin',(-77.9375,-16.025,-5.));
#13229=CARTESIAN_POINT('',(-78.4375,-16.025,-1.5));
#13230=CARTESIAN_POINT('Origin',(-78.4375,-3.02499999999999,-1.5));
#13231=CARTESIAN_POINT('',(-78.4375,-3.02499999999999,-5.));
#13232=CARTESIAN_POINT('',(-78.4375,-3.02499999999999,-5.));
#13233=CARTESIAN_POINT('',(-78.4375,-3.02499999999999,-1.5));
#13234=CARTESIAN_POINT('Origin',(-77.9375,-3.02499999999999,-1.5));
#13235=CARTESIAN_POINT('Origin',(-77.9375,-3.02499999999999,-5.));
#13236=CARTESIAN_POINT('Origin',(1.7375,16.525,-1.5));
#13237=CARTESIAN_POINT('',(-11.2625,16.525,-5.));
#13238=CARTESIAN_POINT('',(-11.2625,16.525,-1.5));
#13239=CARTESIAN_POINT('',(1.7375,16.525,-5.));
#13240=CARTESIAN_POINT('',(-11.2625,16.525,-5.));
#13241=CARTESIAN_POINT('',(1.7375,16.525,-1.5));
#13242=CARTESIAN_POINT('Origin',(1.7375,16.025,-1.5));
#13243=CARTESIAN_POINT('',(2.23750000000001,16.025,-5.));
#13244=CARTESIAN_POINT('Origin',(1.7375,16.025,-5.));
#13245=CARTESIAN_POINT('',(2.23750000000001,16.025,-1.5));
#13246=CARTESIAN_POINT('Origin',(2.23750000000001,3.025,-1.5));
#13247=CARTESIAN_POINT('',(2.23750000000001,3.025,-5.));
#13248=CARTESIAN_POINT('',(2.23750000000001,16.025,-5.));
#13249=CARTESIAN_POINT('',(2.2375,3.025,-1.5));
#13250=CARTESIAN_POINT('Origin',(1.7375,3.025,-1.5));
#13251=CARTESIAN_POINT('',(1.7375,2.525,-5.));
#13252=CARTESIAN_POINT('Origin',(1.7375,3.025,-5.));
#13253=CARTESIAN_POINT('',(1.7375,2.525,-1.5));
#13254=CARTESIAN_POINT('Origin',(-11.2625,2.525,-1.5));
#13255=CARTESIAN_POINT('',(-11.2625,2.525,-5.));
#13256=CARTESIAN_POINT('',(-11.2625,2.525,-5.));
#13257=CARTESIAN_POINT('',(-11.2625,2.525,-1.5));
#13258=CARTESIAN_POINT('Origin',(-11.2625,3.025,-1.5));
#13259=CARTESIAN_POINT('',(-11.7625,3.025,-5.));
#13260=CARTESIAN_POINT('Origin',(-11.2625,3.025,-5.));
#13261=CARTESIAN_POINT('',(-11.7625,3.025,-1.5));
#13262=CARTESIAN_POINT('Origin',(-11.7625,16.025,-1.5));
#13263=CARTESIAN_POINT('',(-11.7625,16.025,-5.));
#13264=CARTESIAN_POINT('',(-11.7625,16.025,-5.));
#13265=CARTESIAN_POINT('',(-11.7625,16.025,-1.5));
#13266=CARTESIAN_POINT('Origin',(-11.2625,16.025,-1.5));
#13267=CARTESIAN_POINT('Origin',(-11.2625,16.025,-5.));
#13268=CARTESIAN_POINT('Origin',(104.13125,16.525,-1.5));
#13269=CARTESIAN_POINT('',(91.13125,16.525,-5.));
#13270=CARTESIAN_POINT('',(91.13125,16.525,-1.5));
#13271=CARTESIAN_POINT('',(104.13125,16.525,-5.));
#13272=CARTESIAN_POINT('',(91.13125,16.525,-5.));
#13273=CARTESIAN_POINT('',(104.13125,16.525,-1.5));
#13274=CARTESIAN_POINT('Origin',(104.13125,16.025,-1.5));
#13275=CARTESIAN_POINT('',(104.63125,16.025,-5.));
#13276=CARTESIAN_POINT('Origin',(104.13125,16.025,-5.));
#13277=CARTESIAN_POINT('',(104.63125,16.025,-1.5));
#13278=CARTESIAN_POINT('Origin',(104.63125,3.025,-1.5));
#13279=CARTESIAN_POINT('',(104.63125,3.025,-5.));
#13280=CARTESIAN_POINT('',(104.63125,16.025,-5.));
#13281=CARTESIAN_POINT('',(104.63125,3.025,-1.5));
#13282=CARTESIAN_POINT('Origin',(104.13125,3.025,-1.5));
#13283=CARTESIAN_POINT('',(104.13125,2.525,-5.));
#13284=CARTESIAN_POINT('Origin',(104.13125,3.025,-5.));
#13285=CARTESIAN_POINT('',(104.13125,2.525,-1.5));
#13286=CARTESIAN_POINT('Origin',(91.13125,2.525,-1.5));
#13287=CARTESIAN_POINT('',(91.13125,2.525,-5.));
#13288=CARTESIAN_POINT('',(91.13125,2.525,-5.));
#13289=CARTESIAN_POINT('',(91.13125,2.525,-1.5));
#13290=CARTESIAN_POINT('Origin',(91.13125,3.025,-1.5));
#13291=CARTESIAN_POINT('',(90.63125,3.025,-5.));
#13292=CARTESIAN_POINT('Origin',(91.13125,3.025,-5.));
#13293=CARTESIAN_POINT('',(90.63125,3.025,-1.5));
#13294=CARTESIAN_POINT('Origin',(90.63125,16.025,-1.5));
#13295=CARTESIAN_POINT('',(90.63125,16.025,-5.));
#13296=CARTESIAN_POINT('',(90.63125,16.025,-5.));
#13297=CARTESIAN_POINT('',(90.63125,16.025,-1.5));
#13298=CARTESIAN_POINT('Origin',(91.13125,16.025,-1.5));
#13299=CARTESIAN_POINT('Origin',(91.13125,16.025,-5.));
#13300=CARTESIAN_POINT('Origin',(-92.86875,-38.100000477357,-1.5));
#13301=CARTESIAN_POINT('',(-97.86875,-38.1000006810785,-5.));
#13302=CARTESIAN_POINT('',(-97.86875,-38.1000006810785,-1.5));
#13303=CARTESIAN_POINT('',(-97.1843464349493,-35.575,-5.));
#13304=CARTESIAN_POINT('Origin',(-92.86875,-38.100000477357,-5.));
#13305=CARTESIAN_POINT('',(-97.1843464349493,-35.575,-1.5));
#13306=CARTESIAN_POINT('Origin',(-108.89375,-35.575,-1.5));
#13307=CARTESIAN_POINT('',(-108.89375,-35.575,-5.));
#13308=CARTESIAN_POINT('',(-108.89375,-35.575,-5.));
#13309=CARTESIAN_POINT('',(-108.89375,-35.575,-1.5));
#13310=CARTESIAN_POINT('Origin',(-108.89375,-35.075,-1.5));
#13311=CARTESIAN_POINT('',(-109.39375,-35.075,-5.));
#13312=CARTESIAN_POINT('Origin',(-108.89375,-35.075,-5.));
#13313=CARTESIAN_POINT('',(-109.39375,-35.075,-1.5));
#13314=CARTESIAN_POINT('Origin',(-109.39375,-22.075,-1.5));
#13315=CARTESIAN_POINT('',(-109.39375,-22.075,-5.));
#13316=CARTESIAN_POINT('',(-109.39375,-22.075,-5.));
#13317=CARTESIAN_POINT('',(-109.39375,-22.075,-1.5));
#13318=CARTESIAN_POINT('Origin',(-108.89375,-22.075,-1.5));
#13319=CARTESIAN_POINT('',(-108.89375,-21.575,-5.));
#13320=CARTESIAN_POINT('Origin',(-108.89375,-22.075,-5.));
#13321=CARTESIAN_POINT('',(-108.89375,-21.575,-1.5));
#13322=CARTESIAN_POINT('Origin',(-95.89375,-21.575,-1.5));
#13323=CARTESIAN_POINT('',(-95.89375,-21.575,-5.));
#13324=CARTESIAN_POINT('',(-108.89375,-21.575,-5.));
#13325=CARTESIAN_POINT('',(-95.89375,-21.575,-1.5));
#13326=CARTESIAN_POINT('Origin',(-95.89375,-22.075,-1.5));
#13327=CARTESIAN_POINT('',(-95.39375,-22.075,-5.));
#13328=CARTESIAN_POINT('Origin',(-95.89375,-22.075,-5.));
#13329=CARTESIAN_POINT('',(-95.39375,-22.075,-1.5));
#13330=CARTESIAN_POINT('Origin',(-95.39375,-33.7844037631122,-1.5));
#13331=CARTESIAN_POINT('',(-95.39375,-33.7844037631122,-5.));
#13332=CARTESIAN_POINT('',(-95.39375,-22.075,-5.));
#13333=CARTESIAN_POINT('',(-95.39375,-33.7844037631122,-1.5));
#13334=CARTESIAN_POINT('Origin',(-92.86875,-38.100000477357,-1.5));
#13335=CARTESIAN_POINT('',(-87.86875,-38.1000002736354,-5.));
#13336=CARTESIAN_POINT('Origin',(-92.86875,-38.100000477357,-5.));
#13337=CARTESIAN_POINT('',(-87.86875,-38.1000002736354,-1.5));
#13338=CARTESIAN_POINT('Origin',(-4.99999689528325,-38.099996897205,-1.5));
#13339=CARTESIAN_POINT('',(-4.99999689528325,-38.099996897205,-5.));
#13340=CARTESIAN_POINT('',(-114.299996895283,-38.1000013505584,-5.));
#13341=CARTESIAN_POINT('',(-4.99999689528325,-38.099996897205,-1.5));
#13342=CARTESIAN_POINT('Origin',(3.10471675035728E-6,-38.0999966934834,
-1.5));
#13343=CARTESIAN_POINT('',(5.00000310471675,-38.0999964897619,-5.));
#13344=CARTESIAN_POINT('Origin',(3.10471675035728E-6,-38.0999966934834,
-5.));
#13345=CARTESIAN_POINT('',(5.00000310471675,-38.0999964897619,-1.5));
#13346=CARTESIAN_POINT('Origin',(90.2500047532091,-38.0999930163091,-1.5));
#13347=CARTESIAN_POINT('',(90.250004753209,-38.0999930163091,-5.));
#13348=CARTESIAN_POINT('',(-114.299996895283,-38.1000013505584,-5.));
#13349=CARTESIAN_POINT('',(90.250004753209,-38.0999930163091,-1.5));
#13350=CARTESIAN_POINT('Origin',(95.250004753209,-38.0999928125875,-1.5));
#13351=CARTESIAN_POINT('',(90.9344038337099,-35.575,-5.));
#13352=CARTESIAN_POINT('Origin',(95.250004753209,-38.0999928125875,-5.));
#13353=CARTESIAN_POINT('',(90.9344038337099,-35.575,-1.5));
#13354=CARTESIAN_POINT('Origin',(79.225,-35.575,-1.5));
#13355=CARTESIAN_POINT('',(79.225,-35.575,-5.));
#13356=CARTESIAN_POINT('',(79.225,-35.575,-5.));
#13357=CARTESIAN_POINT('',(79.225,-35.575,-1.5));
#13358=CARTESIAN_POINT('Origin',(79.225,-35.075,-1.5));
#13359=CARTESIAN_POINT('',(78.725,-35.075,-5.));
#13360=CARTESIAN_POINT('Origin',(79.225,-35.075,-5.));
#13361=CARTESIAN_POINT('',(78.725,-35.075,-1.5));
#13362=CARTESIAN_POINT('Origin',(78.725,-22.075,-1.5));
#13363=CARTESIAN_POINT('',(78.725,-22.075,-5.));
#13364=CARTESIAN_POINT('',(78.725,-22.075,-5.));
#13365=CARTESIAN_POINT('',(78.725,-22.075,-1.5));
#13366=CARTESIAN_POINT('Origin',(79.225,-22.075,-1.5));
#13367=CARTESIAN_POINT('',(79.225,-21.575,-5.));
#13368=CARTESIAN_POINT('Origin',(79.225,-22.075,-5.));
#13369=CARTESIAN_POINT('',(79.225,-21.575,-1.5));
#13370=CARTESIAN_POINT('Origin',(92.225,-21.575,-1.5));
#13371=CARTESIAN_POINT('',(92.225,-21.575,-5.));
#13372=CARTESIAN_POINT('',(79.225,-21.575,-5.));
#13373=CARTESIAN_POINT('',(92.225,-21.575,-1.5));
#13374=CARTESIAN_POINT('Origin',(92.225,-22.075,-1.5));
#13375=CARTESIAN_POINT('',(92.725,-22.075,-5.));
#13376=CARTESIAN_POINT('Origin',(92.225,-22.075,-5.));
#13377=CARTESIAN_POINT('',(92.725,-22.075,-1.5));
#13378=CARTESIAN_POINT('Origin',(92.725,-33.7843988793876,-1.5));
#13379=CARTESIAN_POINT('',(92.725,-33.7843988793876,-5.));
#13380=CARTESIAN_POINT('',(92.725,-22.075,-5.));
#13381=CARTESIAN_POINT('',(92.725,-33.7843988793876,-1.5));
#13382=CARTESIAN_POINT('Origin',(95.250004753209,-38.0999928125875,-1.5));
#13383=CARTESIAN_POINT('',(97.775,-33.784393317305,-5.));
#13384=CARTESIAN_POINT('Origin',(95.250004753209,-38.0999928125875,-5.));
#13385=CARTESIAN_POINT('',(97.775,-33.784393317305,-1.5));
#13386=CARTESIAN_POINT('Origin',(97.775,-22.075,-1.5));
#13387=CARTESIAN_POINT('',(97.775,-22.075,-5.));
#13388=CARTESIAN_POINT('',(97.775,-22.075,-5.));
#13389=CARTESIAN_POINT('',(97.775,-22.075,-1.5));
#13390=CARTESIAN_POINT('Origin',(98.275,-22.075,-1.5));
#13391=CARTESIAN_POINT('',(98.275,-21.575,-5.));
#13392=CARTESIAN_POINT('Origin',(98.275,-22.075,-5.));
#13393=CARTESIAN_POINT('',(98.275,-21.575,-1.5));
#13394=CARTESIAN_POINT('Origin',(111.275,-21.575,-1.5));
#13395=CARTESIAN_POINT('',(111.275,-21.575,-5.));
#13396=CARTESIAN_POINT('',(98.275,-21.575,-5.));
#13397=CARTESIAN_POINT('',(111.275,-21.575,-1.5));
#13398=CARTESIAN_POINT('Origin',(111.275,-22.075,-1.5));
#13399=CARTESIAN_POINT('',(111.775,-22.075,-5.));
#13400=CARTESIAN_POINT('Origin',(111.275,-22.075,-5.));
#13401=CARTESIAN_POINT('',(111.775,-22.075,-1.5));
#13402=CARTESIAN_POINT('Origin',(111.775,-35.075,-1.5));
#13403=CARTESIAN_POINT('',(111.775,-35.075,-5.));
#13404=CARTESIAN_POINT('',(111.775,-22.075,-5.));
#13405=CARTESIAN_POINT('',(111.775,-35.075,-1.5));
#13406=CARTESIAN_POINT('Origin',(111.275,-35.075,-1.5));
#13407=CARTESIAN_POINT('',(111.275,-35.575,-5.));
#13408=CARTESIAN_POINT('Origin',(111.275,-35.075,-5.));
#13409=CARTESIAN_POINT('',(111.275,-35.575,-1.5));
#13410=CARTESIAN_POINT('Origin',(99.565605672708,-35.575,-1.5));
#13411=CARTESIAN_POINT('',(99.565605672708,-35.575,-5.));
#13412=CARTESIAN_POINT('',(98.275,-35.575,-5.));
#13413=CARTESIAN_POINT('',(99.565605672708,-35.575,-1.5));
#13414=CARTESIAN_POINT('Origin',(95.250004753209,-38.0999928125875,-1.5));
#13415=CARTESIAN_POINT('',(100.250004753209,-38.099992608866,-5.));
#13416=CARTESIAN_POINT('Origin',(95.250004753209,-38.0999928125875,-5.));
#13417=CARTESIAN_POINT('',(100.250004753209,-38.099992608866,-1.5));
#13418=CARTESIAN_POINT('Origin',(114.300003104717,-38.0999920364085,-1.5));
#13419=CARTESIAN_POINT('',(-114.299996895283,-38.1000013505584,-5.));
#13420=CARTESIAN_POINT('Origin',(100.249997645349,38.1000087416923,-1.5));
#13421=CARTESIAN_POINT('',(100.249997645349,38.1000087416923,-5.));
#13422=CARTESIAN_POINT('',(-114.3,38.1,-5.));
#13423=CARTESIAN_POINT('',(100.249997645349,38.1000087416923,-1.5));
#13424=CARTESIAN_POINT('Origin',(95.2499976453493,38.1000085379707,-1.5));
#13425=CARTESIAN_POINT('',(99.5655893641261,35.575,-5.));
#13426=CARTESIAN_POINT('Origin',(95.2499976453493,38.1000085379707,-5.));
#13427=CARTESIAN_POINT('',(99.5655893641261,35.575,-1.5));
#13428=CARTESIAN_POINT('Origin',(111.275,35.575,-1.5));
#13429=CARTESIAN_POINT('',(111.275,35.575,-5.));
#13430=CARTESIAN_POINT('',(98.275,35.575,-5.));
#13431=CARTESIAN_POINT('',(111.275,35.575,-1.5));
#13432=CARTESIAN_POINT('Origin',(111.275,35.075,-1.5));
#13433=CARTESIAN_POINT('',(111.775,35.075,-5.));
#13434=CARTESIAN_POINT('Origin',(111.275,35.075,-5.));
#13435=CARTESIAN_POINT('',(111.775,35.075,-1.5));
#13436=CARTESIAN_POINT('Origin',(111.775,22.075,-1.5));
#13437=CARTESIAN_POINT('',(111.775,22.075,-5.));
#13438=CARTESIAN_POINT('',(111.775,35.075,-5.));
#13439=CARTESIAN_POINT('',(111.775,22.075,-1.5));
#13440=CARTESIAN_POINT('Origin',(111.275,22.075,-1.5));
#13441=CARTESIAN_POINT('',(111.275,21.575,-5.));
#13442=CARTESIAN_POINT('Origin',(111.275,22.075,-5.));
#13443=CARTESIAN_POINT('',(111.275,21.575,-1.5));
#13444=CARTESIAN_POINT('Origin',(98.275,21.575,-1.5));
#13445=CARTESIAN_POINT('',(98.275,21.575,-5.));
#13446=CARTESIAN_POINT('',(98.275,21.575,-5.));
#13447=CARTESIAN_POINT('',(98.275,21.575,-1.5));
#13448=CARTESIAN_POINT('Origin',(98.275,22.075,-1.5));
#13449=CARTESIAN_POINT('',(97.775,22.075,-5.));
#13450=CARTESIAN_POINT('Origin',(98.275,22.075,-5.));
#13451=CARTESIAN_POINT('',(97.775,22.075,-1.5));
#13452=CARTESIAN_POINT('Origin',(97.775,33.7844132014026,-1.5));
#13453=CARTESIAN_POINT('',(97.775,33.7844132014026,-5.));
#13454=CARTESIAN_POINT('',(97.775,35.075,-5.));
#13455=CARTESIAN_POINT('',(97.775,33.7844132014026,-1.5));
#13456=CARTESIAN_POINT('Origin',(95.2499976453493,38.1000085379707,-1.5));
#13457=CARTESIAN_POINT('',(92.725,33.784410446051,-5.));
#13458=CARTESIAN_POINT('Origin',(95.2499976453493,38.1000085379707,-5.));
#13459=CARTESIAN_POINT('',(92.725,33.784410446051,-1.5));
#13460=CARTESIAN_POINT('Origin',(92.725,22.075,-1.5));
#13461=CARTESIAN_POINT('',(92.7250000000001,22.075,-5.));
#13462=CARTESIAN_POINT('',(92.725,35.075,-5.));
#13463=CARTESIAN_POINT('',(92.7250000000001,22.075,-1.5));
#13464=CARTESIAN_POINT('Origin',(92.225,22.075,-1.5));
#13465=CARTESIAN_POINT('',(92.225,21.575,-5.));
#13466=CARTESIAN_POINT('Origin',(92.225,22.075,-5.));
#13467=CARTESIAN_POINT('',(92.225,21.575,-1.5));
#13468=CARTESIAN_POINT('Origin',(79.225,21.575,-1.5));
#13469=CARTESIAN_POINT('',(79.225,21.575,-5.));
#13470=CARTESIAN_POINT('',(79.225,21.575,-5.));
#13471=CARTESIAN_POINT('',(79.225,21.575,-1.5));
#13472=CARTESIAN_POINT('Origin',(79.225,22.075,-1.5));
#13473=CARTESIAN_POINT('',(78.725,22.075,-5.));
#13474=CARTESIAN_POINT('Origin',(79.225,22.075,-5.));
#13475=CARTESIAN_POINT('',(78.725,22.075,-1.5));
#13476=CARTESIAN_POINT('Origin',(78.725,35.075,-1.5));
#13477=CARTESIAN_POINT('',(78.725,35.075,-5.));
#13478=CARTESIAN_POINT('',(78.725,35.075,-5.));
#13479=CARTESIAN_POINT('',(78.725,35.075,-1.5));
#13480=CARTESIAN_POINT('Origin',(79.225,35.075,-1.5));
#13481=CARTESIAN_POINT('',(79.225,35.575,-5.));
#13482=CARTESIAN_POINT('Origin',(79.225,35.075,-5.));
#13483=CARTESIAN_POINT('',(79.225,35.575,-1.5));
#13484=CARTESIAN_POINT('Origin',(90.9344059265725,35.575,-1.5));
#13485=CARTESIAN_POINT('',(90.9344059265725,35.575,-5.));
#13486=CARTESIAN_POINT('',(79.225,35.575,-5.));
#13487=CARTESIAN_POINT('',(90.9344059265725,35.575,-1.5));
#13488=CARTESIAN_POINT('Origin',(95.2499976453493,38.1000085379707,-1.5));
#13489=CARTESIAN_POINT('',(90.2499976453493,38.1000083342491,-5.));
#13490=CARTESIAN_POINT('Origin',(95.2499976453493,38.1000085379707,-5.));
#13491=CARTESIAN_POINT('',(90.2499976453493,38.1000083342491,-1.5));
#13492=CARTESIAN_POINT('Origin',(24.0500012930304,38.1000056369758,-1.5));
#13493=CARTESIAN_POINT('',(24.0500012930304,38.1000056369758,-5.));
#13494=CARTESIAN_POINT('',(-114.3,38.1,-5.));
#13495=CARTESIAN_POINT('',(24.0500012930304,38.1000056369758,-1.5));
#13496=CARTESIAN_POINT('Origin',(19.0500012930304,38.1000054332542,-1.5));
#13497=CARTESIAN_POINT('',(23.3655948283435,35.575,-5.));
#13498=CARTESIAN_POINT('Origin',(19.0500012930304,38.1000054332542,-5.));
#13499=CARTESIAN_POINT('',(23.3655948283436,35.575,-1.5));
#13500=CARTESIAN_POINT('Origin',(35.075,35.575,-1.5));
#13501=CARTESIAN_POINT('',(35.075,35.575,-5.));
#13502=CARTESIAN_POINT('',(22.075,35.575,-5.));
#13503=CARTESIAN_POINT('',(35.075,35.575,-1.5));
#13504=CARTESIAN_POINT('Origin',(35.075,35.075,-1.5));
#13505=CARTESIAN_POINT('',(35.575,35.075,-5.));
#13506=CARTESIAN_POINT('Origin',(35.075,35.075,-5.));
#13507=CARTESIAN_POINT('',(35.575,35.075,-1.5));
#13508=CARTESIAN_POINT('Origin',(35.575,22.075,-1.5));
#13509=CARTESIAN_POINT('',(35.575,22.075,-5.));
#13510=CARTESIAN_POINT('',(35.575,35.075,-5.));
#13511=CARTESIAN_POINT('',(35.575,22.075,-1.5));
#13512=CARTESIAN_POINT('Origin',(35.075,22.075,-1.5));
#13513=CARTESIAN_POINT('',(35.075,21.575,-5.));
#13514=CARTESIAN_POINT('Origin',(35.075,22.075,-5.));
#13515=CARTESIAN_POINT('',(35.075,21.575,-1.5));
#13516=CARTESIAN_POINT('Origin',(22.075,21.575,-1.5));
#13517=CARTESIAN_POINT('',(22.075,21.575,-5.));
#13518=CARTESIAN_POINT('',(22.075,21.575,-5.));
#13519=CARTESIAN_POINT('',(22.075,21.575,-1.5));
#13520=CARTESIAN_POINT('Origin',(22.075,22.075,-1.5));
#13521=CARTESIAN_POINT('',(21.575,22.075,-5.));
#13522=CARTESIAN_POINT('Origin',(22.075,22.075,-5.));
#13523=CARTESIAN_POINT('',(21.575,22.075,-1.5));
#13524=CARTESIAN_POINT('Origin',(21.575,33.7844079624743,-1.5));
#13525=CARTESIAN_POINT('',(21.575,33.7844079624743,-5.));
#13526=CARTESIAN_POINT('',(21.575,35.075,-5.));
#13527=CARTESIAN_POINT('',(21.575,33.7844079624743,-1.5));
#13528=CARTESIAN_POINT('Origin',(19.0500012930304,38.1000054332542,-1.5));
#13529=CARTESIAN_POINT('',(16.525,33.7844094755451,-5.));
#13530=CARTESIAN_POINT('Origin',(19.0500012930304,38.1000054332542,-5.));
#13531=CARTESIAN_POINT('',(16.525,33.7844094755451,-1.5));
#13532=CARTESIAN_POINT('Origin',(16.525,22.075,-1.5));
#13533=CARTESIAN_POINT('',(16.525,22.075,-5.));
#13534=CARTESIAN_POINT('',(16.525,35.075,-5.));
#13535=CARTESIAN_POINT('',(16.525,22.075,-1.5));
#13536=CARTESIAN_POINT('Origin',(16.025,22.075,-1.5));
#13537=CARTESIAN_POINT('',(16.025,21.575,-5.));
#13538=CARTESIAN_POINT('Origin',(16.025,22.075,-5.));
#13539=CARTESIAN_POINT('',(16.025,21.575,-1.5));
#13540=CARTESIAN_POINT('Origin',(3.02500000000002,21.575,-1.5));
#13541=CARTESIAN_POINT('',(3.02500000000002,21.575,-5.));
#13542=CARTESIAN_POINT('',(3.02500000000002,21.575,-5.));
#13543=CARTESIAN_POINT('',(3.02500000000002,21.575,-1.5));
#13544=CARTESIAN_POINT('Origin',(3.02500000000002,22.075,-1.5));
#13545=CARTESIAN_POINT('',(2.52500000000001,22.075,-5.));
#13546=CARTESIAN_POINT('Origin',(3.02500000000002,22.075,-5.));
#13547=CARTESIAN_POINT('',(2.52500000000001,22.075,-1.5));
#13548=CARTESIAN_POINT('Origin',(2.52500000000001,35.075,-1.5));
#13549=CARTESIAN_POINT('',(2.52500000000001,35.075,-5.));
#13550=CARTESIAN_POINT('',(2.52500000000001,35.075,-5.));
#13551=CARTESIAN_POINT('',(2.52500000000002,35.075,-1.5));
#13552=CARTESIAN_POINT('Origin',(3.02500000000002,35.075,-1.5));
#13553=CARTESIAN_POINT('',(3.02500000000002,35.575,-5.));
#13554=CARTESIAN_POINT('Origin',(3.02500000000002,35.075,-5.));
#13555=CARTESIAN_POINT('',(3.02500000000002,35.575,-1.5));
#13556=CARTESIAN_POINT('Origin',(14.7344077577172,35.575,-1.5));
#13557=CARTESIAN_POINT('',(14.7344077577172,35.575,-5.));
#13558=CARTESIAN_POINT('',(3.02500000000002,35.575,-5.));
#13559=CARTESIAN_POINT('',(14.7344077577172,35.575,-1.5));
#13560=CARTESIAN_POINT('Origin',(19.0500012930304,38.1000054332542,-1.5));
#13561=CARTESIAN_POINT('',(14.0500012930304,38.1000052295326,-5.));
#13562=CARTESIAN_POINT('Origin',(19.0500012930304,38.1000054332542,-5.));
#13563=CARTESIAN_POINT('',(14.0500012930304,38.1000052295326,-1.5));
#13564=CARTESIAN_POINT('Origin',(-14.0500012687997,38.1000040846173,-1.5));
#13565=CARTESIAN_POINT('',(-14.0500012687997,38.1000040846173,-5.));
#13566=CARTESIAN_POINT('',(-114.3,38.1,-5.));
#13567=CARTESIAN_POINT('',(-14.0500012687997,38.1000040846173,-1.5));
#13568=CARTESIAN_POINT('Origin',(-19.0500012687997,38.1000038808958,-1.5));
#13569=CARTESIAN_POINT('',(-14.7344068252193,35.575,-5.));
#13570=CARTESIAN_POINT('Origin',(-19.0500012687997,38.1000038808958,-5.));
#13571=CARTESIAN_POINT('',(-14.7344068252193,35.575,-1.5));
#13572=CARTESIAN_POINT('Origin',(-3.02499999999998,35.575,-1.5));
#13573=CARTESIAN_POINT('',(-3.02499999999998,35.575,-5.));
#13574=CARTESIAN_POINT('',(-16.025,35.575,-5.));
#13575=CARTESIAN_POINT('',(-3.02499999999998,35.575,-1.5));
#13576=CARTESIAN_POINT('Origin',(-3.02499999999998,35.075,-1.5));
#13577=CARTESIAN_POINT('',(-2.52499999999998,35.075,-5.));
#13578=CARTESIAN_POINT('Origin',(-3.02499999999998,35.075,-5.));
#13579=CARTESIAN_POINT('',(-2.52499999999998,35.075,-1.5));
#13580=CARTESIAN_POINT('Origin',(-2.52499999999998,22.075,-1.5));
#13581=CARTESIAN_POINT('',(-2.52499999999998,22.075,-5.));
#13582=CARTESIAN_POINT('',(-2.52499999999998,35.075,-5.));
#13583=CARTESIAN_POINT('',(-2.52499999999999,22.075,-1.5));
#13584=CARTESIAN_POINT('Origin',(-3.02499999999998,22.075,-1.5));
#13585=CARTESIAN_POINT('',(-3.02499999999998,21.575,-5.));
#13586=CARTESIAN_POINT('Origin',(-3.02499999999998,22.075,-5.));
#13587=CARTESIAN_POINT('',(-3.02499999999998,21.575,-1.5));
#13588=CARTESIAN_POINT('Origin',(-16.025,21.575,-1.5));
#13589=CARTESIAN_POINT('',(-16.025,21.575,-5.));
#13590=CARTESIAN_POINT('',(-16.025,21.575,-5.));
#13591=CARTESIAN_POINT('',(-16.025,21.575,-1.5));
#13592=CARTESIAN_POINT('Origin',(-16.025,22.075,-1.5));
#13593=CARTESIAN_POINT('',(-16.525,22.075,-5.));
#13594=CARTESIAN_POINT('Origin',(-16.025,22.075,-5.));
#13595=CARTESIAN_POINT('',(-16.525,22.075,-1.5));
#13596=CARTESIAN_POINT('Origin',(-16.525,33.7844079090096,-1.5));
#13597=CARTESIAN_POINT('',(-16.525,33.7844079090096,-5.));
#13598=CARTESIAN_POINT('',(-16.525,35.075,-5.));
#13599=CARTESIAN_POINT('',(-16.525,33.7844079090096,-1.5));
#13600=CARTESIAN_POINT('Origin',(-19.0500012687997,38.1000038808958,-1.5));
#13601=CARTESIAN_POINT('',(-21.575,33.784406424293,-5.));
#13602=CARTESIAN_POINT('Origin',(-19.0500012687997,38.1000038808958,-5.));
#13603=CARTESIAN_POINT('',(-21.575,33.784406424293,-1.5));
#13604=CARTESIAN_POINT('Origin',(-21.575,22.075,-1.5));
#13605=CARTESIAN_POINT('',(-21.575,22.075,-5.));
#13606=CARTESIAN_POINT('',(-21.575,35.075,-5.));
#13607=CARTESIAN_POINT('',(-21.575,22.075,-1.5));
#13608=CARTESIAN_POINT('Origin',(-22.075,22.075,-1.5));
#13609=CARTESIAN_POINT('',(-22.075,21.575,-5.));
#13610=CARTESIAN_POINT('Origin',(-22.075,22.075,-5.));
#13611=CARTESIAN_POINT('',(-22.075,21.575,-1.5));
#13612=CARTESIAN_POINT('Origin',(-35.075,21.575,-1.5));
#13613=CARTESIAN_POINT('',(-35.075,21.575,-5.));
#13614=CARTESIAN_POINT('',(-35.075,21.575,-5.));
#13615=CARTESIAN_POINT('',(-35.075,21.575,-1.5));
#13616=CARTESIAN_POINT('Origin',(-35.075,22.075,-1.5));
#13617=CARTESIAN_POINT('',(-35.575,22.075,-5.));
#13618=CARTESIAN_POINT('Origin',(-35.075,22.075,-5.));
#13619=CARTESIAN_POINT('',(-35.575,22.075,-1.5));
#13620=CARTESIAN_POINT('Origin',(-35.575,35.075,-1.5));
#13621=CARTESIAN_POINT('',(-35.575,35.075,-5.));
#13622=CARTESIAN_POINT('',(-35.575,35.075,-5.));
#13623=CARTESIAN_POINT('',(-35.575,35.075,-1.5));
#13624=CARTESIAN_POINT('Origin',(-35.075,35.075,-1.5));
#13625=CARTESIAN_POINT('',(-35.075,35.575,-5.));
#13626=CARTESIAN_POINT('Origin',(-35.075,35.075,-5.));
#13627=CARTESIAN_POINT('',(-35.075,35.575,-1.5));
#13628=CARTESIAN_POINT('Origin',(-23.36559571238,35.575,-1.5));
#13629=CARTESIAN_POINT('',(-23.36559571238,35.575,-5.));
#13630=CARTESIAN_POINT('',(-35.075,35.575,-5.));
#13631=CARTESIAN_POINT('',(-23.36559571238,35.575,-1.5));
#13632=CARTESIAN_POINT('Origin',(-19.0500012687997,38.1000038808958,-1.5));
#13633=CARTESIAN_POINT('',(-24.0500012687997,38.1000036771742,-5.));
#13634=CARTESIAN_POINT('Origin',(-19.0500012687997,38.1000038808958,-5.));
#13635=CARTESIAN_POINT('',(-24.0500012687997,38.1000036771742,-1.5));
#13636=CARTESIAN_POINT('Origin',(-90.2500047135828,38.1000009799005,-1.5));
#13637=CARTESIAN_POINT('',(-90.2500047135828,38.1000009799005,-5.));
#13638=CARTESIAN_POINT('',(-114.3,38.1,-5.));
#13639=CARTESIAN_POINT('',(-90.2500047135828,38.1000009799005,-1.5));
#13640=CARTESIAN_POINT('Origin',(-95.2500047135828,38.100000776179,-1.5));
#13641=CARTESIAN_POINT('',(-90.9344084534705,35.575,-5.));
#13642=CARTESIAN_POINT('Origin',(-95.2500047135828,38.100000776179,-5.));
#13643=CARTESIAN_POINT('',(-90.9344084534705,35.575,-1.5));
#13644=CARTESIAN_POINT('Origin',(-79.225,35.575,-1.5));
#13645=CARTESIAN_POINT('',(-79.225,35.575,-5.));
#13646=CARTESIAN_POINT('',(-92.225,35.575,-5.));
#13647=CARTESIAN_POINT('',(-79.225,35.575,-1.5));
#13648=CARTESIAN_POINT('Origin',(-79.225,35.075,-1.5));
#13649=CARTESIAN_POINT('',(-78.725,35.075,-5.));
#13650=CARTESIAN_POINT('Origin',(-79.225,35.075,-5.));
#13651=CARTESIAN_POINT('',(-78.725,35.075,-1.5));
#13652=CARTESIAN_POINT('Origin',(-78.725,22.075,-1.5));
#13653=CARTESIAN_POINT('',(-78.725,22.075,-5.));
#13654=CARTESIAN_POINT('',(-78.725,35.075,-5.));
#13655=CARTESIAN_POINT('',(-78.725,22.075,-1.5));
#13656=CARTESIAN_POINT('Origin',(-79.225,22.075,-1.5));
#13657=CARTESIAN_POINT('',(-79.225,21.575,-5.));
#13658=CARTESIAN_POINT('Origin',(-79.225,22.075,-5.));
#13659=CARTESIAN_POINT('',(-79.225,21.575,-1.5));
#13660=CARTESIAN_POINT('Origin',(-92.225,21.575,-1.5));
#13661=CARTESIAN_POINT('',(-92.225,21.575,-5.));
#13662=CARTESIAN_POINT('',(-92.225,21.575,-5.));
#13663=CARTESIAN_POINT('',(-92.225,21.575,-1.5));
#13664=CARTESIAN_POINT('Origin',(-92.225,22.075,-1.5));
#13665=CARTESIAN_POINT('',(-92.725,22.075,-5.));
#13666=CARTESIAN_POINT('Origin',(-92.225,22.075,-5.));
#13667=CARTESIAN_POINT('',(-92.725,22.075,-1.5));
#13668=CARTESIAN_POINT('Origin',(-92.725,33.7844068197942,-1.5));
#13669=CARTESIAN_POINT('',(-92.725,33.7844068197942,-5.));
#13670=CARTESIAN_POINT('',(-92.725,35.075,-5.));
#13671=CARTESIAN_POINT('',(-92.725,33.7844068197942,-1.5));
#13672=CARTESIAN_POINT('Origin',(-95.2500047135828,38.100000776179,-1.5));
#13673=CARTESIAN_POINT('',(-97.775,33.7844013040812,-5.));
#13674=CARTESIAN_POINT('Origin',(-95.2500047135828,38.100000776179,-5.));
#13675=CARTESIAN_POINT('',(-97.775,33.7844013040812,-1.5));
#13676=CARTESIAN_POINT('Origin',(-97.775,22.075,-1.5));
#13677=CARTESIAN_POINT('',(-97.775,22.075,-5.));
#13678=CARTESIAN_POINT('',(-97.775,35.075,-5.));
#13679=CARTESIAN_POINT('',(-97.775,22.075,-1.5));
#13680=CARTESIAN_POINT('Origin',(-98.275,22.075,-1.5));
#13681=CARTESIAN_POINT('',(-98.275,21.575,-5.));
#13682=CARTESIAN_POINT('Origin',(-98.275,22.075,-5.));
#13683=CARTESIAN_POINT('',(-98.275,21.575,-1.5));
#13684=CARTESIAN_POINT('Origin',(-111.275,21.575,-1.5));
#13685=CARTESIAN_POINT('',(-111.275,21.575,-5.));
#13686=CARTESIAN_POINT('',(-111.275,21.575,-5.));
#13687=CARTESIAN_POINT('',(-111.275,21.575,-1.5));
#13688=CARTESIAN_POINT('Origin',(-111.275,22.075,-1.5));
#13689=CARTESIAN_POINT('',(-111.775,22.075,-5.));
#13690=CARTESIAN_POINT('Origin',(-111.275,22.075,-5.));
#13691=CARTESIAN_POINT('',(-111.775,22.075,-1.5));
#13692=CARTESIAN_POINT('Origin',(-111.775,35.075,-1.5));
#13693=CARTESIAN_POINT('',(-111.775,35.075,-5.));
#13694=CARTESIAN_POINT('',(-111.775,35.075,-5.));
#13695=CARTESIAN_POINT('',(-111.775,35.075,-1.5));
#13696=CARTESIAN_POINT('Origin',(-111.275,35.075,-1.5));
#13697=CARTESIAN_POINT('',(-111.275,35.575,-5.));
#13698=CARTESIAN_POINT('Origin',(-111.275,35.075,-5.));
#13699=CARTESIAN_POINT('',(-111.275,35.575,-1.5));
#13700=CARTESIAN_POINT('Origin',(-99.5656009736952,35.575,-1.5));
#13701=CARTESIAN_POINT('',(-99.5656009736952,35.575,-5.));
#13702=CARTESIAN_POINT('',(-111.275,35.575,-5.));
#13703=CARTESIAN_POINT('',(-99.5656009736952,35.575,-1.5));
#13704=CARTESIAN_POINT('Origin',(-95.2500047135828,38.100000776179,-1.5));
#13705=CARTESIAN_POINT('Origin',(-95.2500047135828,38.100000776179,-5.));
#13706=CARTESIAN_POINT('Origin',(-97.86875,-38.1000006810785,-1.5));
#13707=CARTESIAN_POINT('',(-114.299996895283,-38.1000013505584,-5.));
#13708=CARTESIAN_POINT('Origin',(1.55235841958756E-6,3.98179577754121E-6,
-5.));
#13709=UNCERTAINTY_MEASURE_WITH_UNIT(LENGTH_MEASURE(0.01),#13713,
'DISTANCE_ACCURACY_VALUE',
'Maximum model space distance between geometric entities at asserted c
onnectivities');
#13710=UNCERTAINTY_MEASURE_WITH_UNIT(LENGTH_MEASURE(0.01),#13713,
'DISTANCE_ACCURACY_VALUE',
'Maximum model space distance between geometric entities at asserted c
onnectivities');
#13711=(
GEOMETRIC_REPRESENTATION_CONTEXT(3)
GLOBAL_UNCERTAINTY_ASSIGNED_CONTEXT((#13709))
GLOBAL_UNIT_ASSIGNED_CONTEXT((#13713,#13714,#13715))
REPRESENTATION_CONTEXT('','3D')
);
#13712=(
GEOMETRIC_REPRESENTATION_CONTEXT(3)
GLOBAL_UNCERTAINTY_ASSIGNED_CONTEXT((#13710))
GLOBAL_UNIT_ASSIGNED_CONTEXT((#13713,#13714,#13715))
REPRESENTATION_CONTEXT('','3D')
);
#13713=(
LENGTH_UNIT()
NAMED_UNIT(*)
SI_UNIT(.MILLI.,.METRE.)
);
#13714=(
NAMED_UNIT(*)
PLANE_ANGLE_UNIT()
SI_UNIT($,.RADIAN.)
);
#13715=(
NAMED_UNIT(*)
SI_UNIT($,.STERADIAN.)
SOLID_ANGLE_UNIT()
);
#13716=SHAPE_DEFINITION_REPRESENTATION(#13717,#13718);
#13717=PRODUCT_DEFINITION_SHAPE('',$,#13720);
#13718=SHAPE_REPRESENTATION('',(#8125),#13711);
#13719=PRODUCT_DEFINITION_CONTEXT('part definition',#13724,'design');
#13720=PRODUCT_DEFINITION('2026-01-08-20-00-24-959','sr42-keyboard-r3',
#13721,#13719);
#13721=PRODUCT_DEFINITION_FORMATION('',$,#13726);
#13722=PRODUCT_RELATED_PRODUCT_CATEGORY('sr42-keyboard-r3',
'sr42-keyboard-r3',(#13726));
#13723=APPLICATION_PROTOCOL_DEFINITION('international standard',
'automotive_design',2009,#13724);
#13724=APPLICATION_CONTEXT(
'Core Data for Automotive Mechanical Design Process');
#13725=PRODUCT_CONTEXT('part definition',#13724,'mechanical');
#13726=PRODUCT('2026-01-08-20-00-24-959','sr42-keyboard-r3',$,(#13725));
#13727=PRESENTATION_STYLE_ASSIGNMENT((#13732));
#13728=PRESENTATION_STYLE_ASSIGNMENT((#13733));
#13729=PRESENTATION_STYLE_ASSIGNMENT((#13734));
#13730=PRESENTATION_STYLE_ASSIGNMENT((#13735));
#13731=PRESENTATION_STYLE_ASSIGNMENT((#13736));
#13732=SURFACE_STYLE_USAGE(.BOTH.,#13737);
#13733=SURFACE_STYLE_USAGE(.BOTH.,#13738);
#13734=SURFACE_STYLE_USAGE(.BOTH.,#13739);
#13735=SURFACE_STYLE_USAGE(.BOTH.,#13740);
#13736=SURFACE_STYLE_USAGE(.BOTH.,#13741);
#13737=SURFACE_SIDE_STYLE('',(#13742));
#13738=SURFACE_SIDE_STYLE('',(#13743));
#13739=SURFACE_SIDE_STYLE('',(#13744));
#13740=SURFACE_SIDE_STYLE('',(#13745));
#13741=SURFACE_SIDE_STYLE('',(#13746));
#13742=SURFACE_STYLE_FILL_AREA(#13747);
#13743=SURFACE_STYLE_FILL_AREA(#13748);
#13744=SURFACE_STYLE_FILL_AREA(#13749);
#13745=SURFACE_STYLE_FILL_AREA(#13750);
#13746=SURFACE_STYLE_FILL_AREA(#13751);
#13747=FILL_AREA_STYLE('Steel - Satin',(#13752));
#13748=FILL_AREA_STYLE('Aluminum - Anodized Glossy (Blue)',(#13753));
#13749=FILL_AREA_STYLE('Aluminum - Satin',(#13754));
#13750=FILL_AREA_STYLE('Polyurethane',(#13755));
#13751=FILL_AREA_STYLE('Copper - Polished',(#13756));
#13752=FILL_AREA_STYLE_COLOUR('Steel - Satin',#13757);
#13753=FILL_AREA_STYLE_COLOUR('Aluminum - Anodized Glossy (Blue)',#13758);
#13754=FILL_AREA_STYLE_COLOUR('Aluminum - Satin',#13759);
#13755=FILL_AREA_STYLE_COLOUR('Polyurethane',#13760);
#13756=FILL_AREA_STYLE_COLOUR('Copper - Polished',#13761);
#13757=COLOUR_RGB('Steel - Satin',0.627450980392157,0.627450980392157,0.627450980392157);
#13758=COLOUR_RGB('Aluminum - Anodized Glossy (Blue)',0.349019607843137,
0.584313725490196,0.854901960784314);
#13759=COLOUR_RGB('Aluminum - Satin',0.96078431372549,0.96078431372549,
0.964705882352941);
#13760=COLOUR_RGB('Polyurethane',0.,0.,0.);
#13761=COLOUR_RGB('Copper - Polished',0.929411764705882,0.807843137254902,
0.764705882352941);
ENDSEC;
END-ISO-10303-21;
