ISO-10303-21;
HEADER;
/* Generated by software containing ST-Developer
 * from STEP Tools, Inc. (www.steptools.com) 
 */

FILE_DESCRIPTION(
/* description */ (''),
/* implementation_level */ '2;1');

FILE_NAME(
/* name */ 'sr42-keyboard-btm.step',
/* time_stamp */ '2026-01-17T22:00:56+11:00',
/* author */ (''),
/* organization */ (''),
/* preprocessor_version */ 'ST-DEVELOPER v20.1',
/* originating_system */ 'Autodesk Translation Framework v14.21.0.0',
/* authorisation */ '');

FILE_SCHEMA (('AUTOMOTIVE_DESIGN { 1 0 10303 214 3 1 1 }'));
ENDSEC;

DATA;
#10=MECHANICAL_DESIGN_GEOMETRIC_PRESENTATION_REPRESENTATION('',(#13),#9078);
#11=SHAPE_REPRESENTATION_RELATIONSHIP('SRR','None',#9084,#12);
#12=ADVANCED_BREP_SHAPE_REPRESENTATION('',(#14),#9077);
#13=STYLED_ITEM('',(#9097),#14);
#14=MANIFOLD_SOLID_BREP('Bottom',#5049);
#15=B_SPLINE_SURFACE_WITH_KNOTS('',3,3,((#7803,#7804,#7805,#7806),(#7807,
#7808,#7809,#7810),(#7811,#7812,#7813,#7814),(#7815,#7816,#7817,#7818),
(#7819,#7820,#7821,#7822),(#7823,#7824,#7825,#7826)),.UNSPECIFIED.,.F.,
 .F.,.F.,(4,1,1,4),(4,4),(0.,0.285714285714286,0.571428571428571,1.),(-0.80617203509015,
1.11022302462516E-16),.UNSPECIFIED.);
#16=B_SPLINE_SURFACE_WITH_KNOTS('',3,3,((#7852,#7853,#7854,#7855),(#7856,
#7857,#7858,#7859),(#7860,#7861,#7862,#7863),(#7864,#7865,#7866,#7867),
(#7868,#7869,#7870,#7871),(#7872,#7873,#7874,#7875)),.UNSPECIFIED.,.F.,
 .F.,.F.,(4,1,1,4),(4,4),(0.,0.285714285714286,0.571428571428571,1.),(-1.890153163825E-15,
0.806172035090151),.UNSPECIFIED.);
#17=B_SPLINE_SURFACE_WITH_KNOTS('',3,3,((#7970,#7971,#7972,#7973,#7974),
(#7975,#7976,#7977,#7978,#7979),(#7980,#7981,#7982,#7983,#7984),(#7985,
#7986,#7987,#7988,#7989),(#7990,#7991,#7992,#7993,#7994),(#7995,#7996,#7997,
#7998,#7999)),.UNSPECIFIED.,.F.,.F.,.F.,(4,1,1,4),(4,1,4),(0.,0.285714285714286,
0.571428571428571,1.),(0.5877836777906,1.00907481307816,1.5707963267949),
 .UNSPECIFIED.);
#18=B_SPLINE_SURFACE_WITH_KNOTS('',3,3,((#8015,#8016,#8017,#8018,#8019,
#8020),(#8021,#8022,#8023,#8024,#8025,#8026),(#8027,#8028,#8029,#8030,#8031,
#8032),(#8033,#8034,#8035,#8036,#8037,#8038),(#8039,#8040,#8041,#8042,#8043,
#8044)),.UNSPECIFIED.,.F.,.F.,.F.,(4,1,4),(4,1,1,4),(0.,0.571428571428571,
1.),(-1.5707963267949,-0.897597901025655,-0.448798950512828,0.),
 .UNSPECIFIED.);
#19=B_SPLINE_SURFACE_WITH_KNOTS('',3,3,((#8052,#8053,#8054,#8055,#8056,
#8057),(#8058,#8059,#8060,#8061,#8062,#8063),(#8064,#8065,#8066,#8067,#8068,
#8069),(#8070,#8071,#8072,#8073,#8074,#8075),(#8076,#8077,#8078,#8079,#8080,
#8081)),.UNSPECIFIED.,.F.,.F.,.F.,(4,1,4),(4,1,1,4),(0.,0.571428571428571,
1.),(0.,0.673198425769241,1.12199737628207,1.5707963267949),
 .UNSPECIFIED.);
#20=B_SPLINE_SURFACE_WITH_KNOTS('',3,3,((#8089,#8090,#8091,#8092,#8093),
(#8094,#8095,#8096,#8097,#8098),(#8099,#8100,#8101,#8102,#8103),(#8104,
#8105,#8106,#8107,#8108),(#8109,#8110,#8111,#8112,#8113),(#8114,#8115,#8116,
#8117,#8118)),.UNSPECIFIED.,.F.,.F.,.F.,(4,1,1,4),(4,1,4),(0.,0.285714285714286,
0.571428571428571,1.),(-1.5707963267949,-1.14950519150734,-0.5877836777906),
 .UNSPECIFIED.);
#21=B_SPLINE_SURFACE_WITH_KNOTS('',3,3,((#8572,#8573,#8574,#8575),(#8576,
#8577,#8578,#8579),(#8580,#8581,#8582,#8583),(#8584,#8585,#8586,#8587),
(#8588,#8589,#8590,#8591)),.UNSPECIFIED.,.F.,.F.,.F.,(4,1,4),(4,4),(0.,
0.5,1.),(0.600818513880273,1.57079632679491),.UNSPECIFIED.);
#22=B_SPLINE_SURFACE_WITH_KNOTS('',3,3,((#8625,#8626,#8627,#8628),(#8629,
#8630,#8631,#8632),(#8633,#8634,#8635,#8636),(#8637,#8638,#8639,#8640)),
 .UNSPECIFIED.,.F.,.F.,.F.,(4,4),(4,4),(0.,1.),(0.600818513880261,0.945673600018893),
 .UNSPECIFIED.);
#23=B_SPLINE_SURFACE_WITH_KNOTS('',3,3,((#8661,#8662,#8663,#8664),(#8665,
#8666,#8667,#8668),(#8669,#8670,#8671,#8672),(#8673,#8674,#8675,#8676)),
 .UNSPECIFIED.,.F.,.F.,.F.,(4,4),(4,4),(0.,1.),(0.60081851388027,0.945673600018894),
 .UNSPECIFIED.);
#24=B_SPLINE_SURFACE_WITH_KNOTS('',3,3,((#8701,#8702,#8703,#8704),(#8705,
#8706,#8707,#8708),(#8709,#8710,#8711,#8712),(#8713,#8714,#8715,#8716),
(#8717,#8718,#8719,#8720)),.UNSPECIFIED.,.F.,.F.,.F.,(4,1,4),(4,4),(0.,
0.5,1.),(0.600818513880279,1.5707963267949),.UNSPECIFIED.);
#25=B_SPLINE_CURVE_WITH_KNOTS('',3,(#7703,#7704,#7705,#7706,#7707,#7708,
#7709,#7710,#7711,#7712,#7713,#7714,#7715,#7716,#7717,#7718,#7719,#7720,
#7721,#7722,#7723,#7724,#7725,#7726,#7727,#7728,#7729,#7730,#7731,#7732,
#7733,#7734,#7735,#7736,#7737,#7738,#7739,#7740,#7741,#7742,#7743,#7744,
#7745),.UNSPECIFIED.,.F.,.F.,(4,3,3,3,3,3,3,3,3,3,3,3,3,3,4),(-0.0941384595221609,
-0.0851174621325349,-0.0759727508739017,-0.0707200659823554,-0.0615767590364777,
-0.0565526525317693,-0.0472925614936549,-0.0382307210974441,-0.0291391100363918,
-0.0280557084171959,-0.0238393502950543,-0.0147533835123065,-0.00567896396444303,
0.,0.000450639970185635),.UNSPECIFIED.);
#26=B_SPLINE_CURVE_WITH_KNOTS('',3,(#7760,#7761,#7762,#7763,#7764,#7765,
#7766,#7767,#7768,#7769,#7770,#7771,#7772,#7773,#7774,#7775,#7776,#7777,
#7778,#7779,#7780,#7781,#7782,#7783,#7784,#7785,#7786,#7787,#7788,#7789,
#7790,#7791,#7792,#7793,#7794,#7795,#7796,#7797,#7798,#7799,#7800,#7801,
#7802),.UNSPECIFIED.,.F.,.F.,(4,3,3,3,3,3,3,3,3,3,3,3,3,3,4),(-0.0945858342654336,
-0.0942003121201652,-0.0851606340488427,-0.0760503169493125,-0.0702962791911472,
-0.0660800311858351,-0.0569938463992843,-0.0479262703936451,-0.0468439948457005,
-0.0375842598401391,-0.0284413291534169,-0.023417429600497,-0.014290002267213,
-0.00523162871859085,0.),.UNSPECIFIED.);
#27=B_SPLINE_CURVE_WITH_KNOTS('',3,(#7833,#7834,#7835,#7836,#7837,#7838,
#7839,#7840,#7841,#7842,#7843,#7844,#7845),.UNSPECIFIED.,.F.,.F.,(4,3,3,
3,4),(0.,0.00322912740556493,0.00341311611523081,0.00570630773915762,0.005802263504747),
 .UNSPECIFIED.);
#28=B_SPLINE_CURVE_WITH_KNOTS('',3,(#7879,#7880,#7881,#7882,#7883,#7884,
#7885,#7886,#7887,#7888),.UNSPECIFIED.,.F.,.F.,(4,3,3,4),(0.673444263390733,
0.679339705729204,0.689153288725476,0.700490324410725),.UNSPECIFIED.);
#29=B_SPLINE_CURVE_WITH_KNOTS('',3,(#7915,#7916,#7917,#7918,#7919,#7920,
#7921,#7922,#7923,#7924,#7925,#7926,#7927,#7928),.UNSPECIFIED.,.F.,.F.,
(4,2,2,2,2,2,4),(-0.323802888942823,-0.32312231013313,-0.277121317951795,
-0.231463920113603,-0.151481175799551,-0.0749786446726822,0.),
 .UNSPECIFIED.);
#30=B_SPLINE_CURVE_WITH_KNOTS('',3,(#7949,#7950,#7951,#7952,#7953,#7954,
#7955,#7956,#7957,#7958,#7959,#7960,#7961,#7962),.UNSPECIFIED.,.F.,.F.,
(4,2,2,2,2,2,4),(-0.000682038723094876,0.,0.0460996691723131,0.0918550069543112,
0.17200932270808,0.248675959849561,0.323815441639352),.UNSPECIFIED.);
#31=B_SPLINE_CURVE_WITH_KNOTS('',3,(#8004,#8005,#8006,#8007,#8008,#8009,
#8010),.UNSPECIFIED.,.F.,.F.,(4,3,4),(0.,0.0168899592264827,0.0205451410031216),
 .UNSPECIFIED.);
#32=B_SPLINE_CURVE_WITH_KNOTS('',3,(#8121,#8122,#8123,#8124,#8125,#8126,
#8127),.UNSPECIFIED.,.F.,.F.,(4,3,4),(1.13055809960357,1.16033335084937,
1.16652862496828),.UNSPECIFIED.);
#33=B_SPLINE_CURVE_WITH_KNOTS('',3,(#8206,#8207,#8208,#8209,#8210,#8211,
#8212,#8213,#8214,#8215,#8216,#8217,#8218,#8219,#8220,#8221,#8222,#8223,
#8224,#8225,#8226,#8227),.UNSPECIFIED.,.F.,.F.,(4,3,3,3,3,3,3,4),(0.,0.00775262588001304,
0.0157608220608325,0.0195543487108975,0.0275643223506919,0.0336176042392268,
0.0415301460332927,0.0477047117396525),.UNSPECIFIED.);
#34=B_SPLINE_CURVE_WITH_KNOTS('',3,(#8235,#8236,#8237,#8238,#8239,#8240,
#8241,#8242,#8243,#8244,#8245,#8246,#8247,#8248,#8249,#8250,#8251,#8252,
#8253,#8254,#8255,#8256),.UNSPECIFIED.,.F.,.F.,(4,3,3,3,3,3,3,4),(0.,0.0077932021981276,
0.0158144528795702,0.0196614873863722,0.0276659706725073,0.033696916586404,
0.041580762889732,0.0477084284262578),.UNSPECIFIED.);
#35=B_SPLINE_CURVE_WITH_KNOTS('',3,(#8401,#8402,#8403,#8404,#8405,#8406),
 .UNSPECIFIED.,.F.,.F.,(4,2,4),(-0.0852595679039738,-0.0540402194713716,
-0.03832538948658),.UNSPECIFIED.);
#36=B_SPLINE_CURVE_WITH_KNOTS('',3,(#8597,#8598,#8599,#8600,#8601,#8602,
#8603,#8604,#8605,#8606,#8607,#8608,#8609,#8610,#8611,#8612,#8613,#8614,
#8615,#8616,#8617,#8618),.UNSPECIFIED.,.F.,.F.,(4,3,3,3,3,3,3,4),(-0.0466159620424209,
-0.046166876895032,-0.0353076702388345,-0.0248199973345394,-0.022426270806756,
-0.0133721874941593,-0.00468695628596755,0.),.UNSPECIFIED.);
#37=B_SPLINE_CURVE_WITH_KNOTS('',3,(#8619,#8620,#8621,#8622,#8623,#8624),
 .UNSPECIFIED.,.F.,.F.,(4,2,4),(-0.0538241404450614,-0.0269722792030531,
0.),.UNSPECIFIED.);
#38=B_SPLINE_CURVE_WITH_KNOTS('',3,(#8679,#8680,#8681,#8682,#8683,#8684,
#8685,#8686,#8687,#8688,#8689,#8690,#8691,#8692,#8693,#8694,#8695,#8696,
#8697,#8698,#8699,#8700),.UNSPECIFIED.,.F.,.F.,(4,3,3,3,3,3,3,4),(-0.000450205575223471,
0.,0.0118999184019056,0.0229666718799275,0.0237998368038112,0.0327894218734706,
0.0414168185404141,0.0462820591757857),.UNSPECIFIED.);
#39=ELLIPSE('',#5213,1.51126473818827,1.5);
#40=ELLIPSE('',#5216,1.51126473818827,1.5);
#41=ELLIPSE('',#5223,1.51126473818828,1.5);
#42=ELLIPSE('',#5226,1.51126473818828,1.5);
#43=ELLIPSE('',#5262,0.848528137423884,0.6);
#44=ELLIPSE('',#5273,5.0470570511638,5.);
#45=ELLIPSE('',#5275,5.64205502256955,5.6);
#46=ELLIPSE('',#5278,5.64205502256955,5.6);
#47=ELLIPSE('',#5279,5.0470570511638,5.);
#48=ELLIPSE('',#5287,0.848528137423853,0.6);
#49=ELLIPSE('',#5294,4.2819167582001,4.25);
#50=ELLIPSE('',#5295,4.2819167582001,4.25);
#51=ELLIPSE('',#5296,4.2819167582001,4.25);
#52=ELLIPSE('',#5297,4.2819167582001,4.25);
#53=ELLIPSE('',#5303,6.27174705517967,6.25);
#54=ELLIPSE('',#5307,6.27174705517967,6.25);
#55=ELLIPSE('',#5311,6.27174705517967,6.25);
#56=ELLIPSE('',#5314,6.27174705517967,6.25);
#57=ELLIPSE('',#5316,51.284431550785,6.25);
#58=ELLIPSE('',#5324,51.284431550785,6.25);
#59=ELLIPSE('',#5332,2.51877456364712,2.5);
#60=ELLIPSE('',#5333,2.51877456364712,2.5);
#61=ELLIPSE('',#5362,24.6165271443749,3.);
#62=ELLIPSE('',#5388,0.812134622741371,0.5);
#63=ELLIPSE('',#5389,0.812134622741371,0.5);
#64=ELLIPSE('',#5416,3.02252947637655,3.);
#65=ELLIPSE('',#5417,2.52699118232832,2.5);
#66=ELLIPSE('',#5418,24.5606068461214,2.5);
#67=ELLIPSE('',#5419,24.6165271443749,3.);
#68=ELLIPSE('',#5423,24.5606068461214,2.5);
#69=ELLIPSE('',#5424,2.52699118232832,2.5);
#70=ELLIPSE('',#5426,3.02252947637655,3.);
#71=TOROIDAL_SURFACE('',#5108,0.999999999999999,0.5);
#72=TOROIDAL_SURFACE('',#5114,1.,0.5);
#73=TOROIDAL_SURFACE('',#5124,0.999999999999999,0.5);
#74=TOROIDAL_SURFACE('',#5130,0.999999999999999,0.5);
#75=TOROIDAL_SURFACE('',#5230,1.5,0.5);
#76=TOROIDAL_SURFACE('',#5236,1.5,0.5);
#77=TOROIDAL_SURFACE('',#5242,1.5,0.5);
#78=TOROIDAL_SURFACE('',#5248,1.5,0.5);
#79=TOROIDAL_SURFACE('',#5263,5.6,0.6);
#80=TOROIDAL_SURFACE('',#5270,5.6,0.6);
#81=TOROIDAL_SURFACE('',#5282,1.4,0.6);
#82=TOROIDAL_SURFACE('',#5288,1.4,0.6);
#83=CYLINDRICAL_SURFACE('',#5069,1.);
#84=CYLINDRICAL_SURFACE('',#5074,1.);
#85=CYLINDRICAL_SURFACE('',#5094,1.);
#86=CYLINDRICAL_SURFACE('',#5099,1.);
#87=CYLINDRICAL_SURFACE('',#5105,0.5);
#88=CYLINDRICAL_SURFACE('',#5112,0.5);
#89=CYLINDRICAL_SURFACE('',#5117,1.5);
#90=CYLINDRICAL_SURFACE('',#5121,0.5);
#91=CYLINDRICAL_SURFACE('',#5128,0.5);
#92=CYLINDRICAL_SURFACE('',#5133,1.5);
#93=CYLINDRICAL_SURFACE('',#5138,1.5);
#94=CYLINDRICAL_SURFACE('',#5142,1.50000000000001);
#95=CYLINDRICAL_SURFACE('',#5146,1.5);
#96=CYLINDRICAL_SURFACE('',#5150,1.5);
#97=CYLINDRICAL_SURFACE('',#5157,1.5);
#98=CYLINDRICAL_SURFACE('',#5161,1.50000000000001);
#99=CYLINDRICAL_SURFACE('',#5165,1.5);
#100=CYLINDRICAL_SURFACE('',#5169,1.5);
#101=CYLINDRICAL_SURFACE('',#5176,1.5);
#102=CYLINDRICAL_SURFACE('',#5180,1.5);
#103=CYLINDRICAL_SURFACE('',#5184,1.50000000000001);
#104=CYLINDRICAL_SURFACE('',#5188,1.5);
#105=CYLINDRICAL_SURFACE('',#5194,1.5);
#106=CYLINDRICAL_SURFACE('',#5198,1.50000000000001);
#107=CYLINDRICAL_SURFACE('',#5202,1.5);
#108=CYLINDRICAL_SURFACE('',#5206,1.5);
#109=CYLINDRICAL_SURFACE('',#5212,1.5);
#110=CYLINDRICAL_SURFACE('',#5215,1.5);
#111=CYLINDRICAL_SURFACE('',#5218,1.5);
#112=CYLINDRICAL_SURFACE('',#5220,1.5);
#113=CYLINDRICAL_SURFACE('',#5222,1.5);
#114=CYLINDRICAL_SURFACE('',#5225,1.5);
#115=CYLINDRICAL_SURFACE('',#5227,0.5);
#116=CYLINDRICAL_SURFACE('',#5234,0.5);
#117=CYLINDRICAL_SURFACE('',#5240,0.5);
#118=CYLINDRICAL_SURFACE('',#5246,0.5);
#119=CYLINDRICAL_SURFACE('',#5251,1.);
#120=CYLINDRICAL_SURFACE('',#5254,1.);
#121=CYLINDRICAL_SURFACE('',#5260,0.6);
#122=CYLINDRICAL_SURFACE('',#5267,0.6);
#123=CYLINDRICAL_SURFACE('',#5276,0.6);
#124=CYLINDRICAL_SURFACE('',#5280,0.6);
#125=CYLINDRICAL_SURFACE('',#5286,0.6);
#126=CYLINDRICAL_SURFACE('',#5291,0.6);
#127=CYLINDRICAL_SURFACE('',#5292,2.);
#128=CYLINDRICAL_SURFACE('',#5298,2.);
#129=CYLINDRICAL_SURFACE('',#5299,5.);
#130=CYLINDRICAL_SURFACE('',#5301,5.);
#131=CYLINDRICAL_SURFACE('',#5304,2.);
#132=CYLINDRICAL_SURFACE('',#5308,2.);
#133=CYLINDRICAL_SURFACE('',#5312,2.);
#134=CYLINDRICAL_SURFACE('',#5317,6.25);
#135=CYLINDRICAL_SURFACE('',#5319,6.25);
#136=CYLINDRICAL_SURFACE('',#5321,6.25);
#137=CYLINDRICAL_SURFACE('',#5323,6.25);
#138=CYLINDRICAL_SURFACE('',#5377,1.);
#139=CYLINDRICAL_SURFACE('',#5380,1.);
#140=CYLINDRICAL_SURFACE('',#5383,0.5);
#141=CYLINDRICAL_SURFACE('',#5390,0.5);
#142=CYLINDRICAL_SURFACE('',#5393,0.5);
#143=CYLINDRICAL_SURFACE('',#5414,0.5);
#144=CYLINDRICAL_SURFACE('',#5420,2.5);
#145=CYLINDRICAL_SURFACE('',#5427,0.5);
#146=CYLINDRICAL_SURFACE('',#5451,2.5);
#147=CYLINDRICAL_SURFACE('',#5464,2.5);
#148=CYLINDRICAL_SURFACE('',#5466,2.5);
#149=CYLINDRICAL_SURFACE('',#5467,2.5);
#150=CYLINDRICAL_SURFACE('',#5468,2.5);
#151=CYLINDRICAL_SURFACE('',#5470,2.5);
#152=CYLINDRICAL_SURFACE('',#5472,2.5);
#153=CYLINDRICAL_SURFACE('',#5474,2.5);
#154=CYLINDRICAL_SURFACE('',#5476,2.5);
#155=CYLINDRICAL_SURFACE('',#5478,2.5);
#156=CYLINDRICAL_SURFACE('',#5479,2.5);
#157=CYLINDRICAL_SURFACE('',#5480,2.);
#158=CYLINDRICAL_SURFACE('',#5482,2.);
#159=CYLINDRICAL_SURFACE('',#5483,2.);
#160=CYLINDRICAL_SURFACE('',#5485,2.);
#161=CYLINDRICAL_SURFACE('',#5486,2.);
#162=CYLINDRICAL_SURFACE('',#5488,2.);
#163=CYLINDRICAL_SURFACE('',#5490,2.);
#164=CYLINDRICAL_SURFACE('',#5492,2.);
#165=CYLINDRICAL_SURFACE('',#5494,2.);
#166=CYLINDRICAL_SURFACE('',#5495,2.);
#167=CYLINDRICAL_SURFACE('',#5497,2.);
#168=CYLINDRICAL_SURFACE('',#5499,2.);
#169=CYLINDRICAL_SURFACE('',#5500,2.);
#170=CYLINDRICAL_SURFACE('',#5502,2.);
#171=CYLINDRICAL_SURFACE('',#5503,2.);
#172=CYLINDRICAL_SURFACE('',#5505,2.);
#173=CYLINDRICAL_SURFACE('',#5509,0.8115);
#174=CYLINDRICAL_SURFACE('',#5512,0.8115);
#175=CYLINDRICAL_SURFACE('',#5515,0.8115);
#176=CYLINDRICAL_SURFACE('',#5518,0.8115);
#177=CYLINDRICAL_SURFACE('',#5521,0.8115);
#178=CYLINDRICAL_SURFACE('',#5524,0.8115);
#179=CYLINDRICAL_SURFACE('',#5539,0.8115);
#180=CYLINDRICAL_SURFACE('',#5543,0.8115);
#181=CYLINDRICAL_SURFACE('',#5547,0.8115);
#182=CYLINDRICAL_SURFACE('',#5551,0.8115);
#183=CYLINDRICAL_SURFACE('',#5554,0.8115);
#184=CYLINDRICAL_SURFACE('',#5558,0.8115);
#185=CYLINDRICAL_SURFACE('',#5560,1.5);
#186=CYLINDRICAL_SURFACE('',#5563,1.5);
#187=CYLINDRICAL_SURFACE('',#5566,1.5);
#188=CYLINDRICAL_SURFACE('',#5569,1.5);
#189=CYLINDRICAL_SURFACE('',#5570,1.5);
#190=CYLINDRICAL_SURFACE('',#5571,1.5);
#191=CYLINDRICAL_SURFACE('',#5575,2.49999999999616);
#192=CYLINDRICAL_SURFACE('',#5578,2.5);
#193=CYLINDRICAL_SURFACE('',#5580,2.50000000000092);
#194=CYLINDRICAL_SURFACE('',#5584,2.50000000000168);
#195=CYLINDRICAL_SURFACE('',#5586,2.5);
#196=CYLINDRICAL_SURFACE('',#5588,2.50000000000094);
#197=FACE_BOUND('',#627,.T.);
#198=FACE_BOUND('',#628,.T.);
#199=FACE_BOUND('',#629,.T.);
#200=FACE_BOUND('',#630,.T.);
#201=FACE_BOUND('',#636,.T.);
#202=FACE_BOUND('',#637,.T.);
#203=FACE_BOUND('',#638,.T.);
#204=FACE_BOUND('',#639,.T.);
#205=FACE_BOUND('',#670,.T.);
#206=FACE_BOUND('',#680,.T.);
#207=FACE_BOUND('',#690,.T.);
#208=FACE_BOUND('',#700,.T.);
#209=FACE_BOUND('',#726,.T.);
#210=FACE_BOUND('',#741,.T.);
#211=FACE_BOUND('',#742,.T.);
#212=FACE_BOUND('',#743,.T.);
#213=FACE_BOUND('',#744,.T.);
#214=FACE_BOUND('',#768,.T.);
#215=FACE_BOUND('',#772,.T.);
#216=FACE_BOUND('',#777,.T.);
#217=FACE_BOUND('',#782,.T.);
#218=FACE_BOUND('',#785,.T.);
#219=FACE_BOUND('',#791,.T.);
#220=FACE_BOUND('',#823,.T.);
#221=FACE_BOUND('',#824,.T.);
#222=FACE_BOUND('',#827,.T.);
#223=FACE_BOUND('',#829,.T.);
#224=FACE_BOUND('',#831,.T.);
#225=FACE_BOUND('',#908,.T.);
#226=FACE_BOUND('',#911,.T.);
#227=FACE_BOUND('',#914,.T.);
#228=FACE_BOUND('',#919,.T.);
#229=PLANE('',#5055);
#230=PLANE('',#5080);
#231=PLANE('',#5119);
#232=PLANE('',#5120);
#233=PLANE('',#5135);
#234=PLANE('',#5136);
#235=PLANE('',#5137);
#236=PLANE('',#5141);
#237=PLANE('',#5145);
#238=PLANE('',#5149);
#239=PLANE('',#5153);
#240=PLANE('',#5156);
#241=PLANE('',#5160);
#242=PLANE('',#5164);
#243=PLANE('',#5168);
#244=PLANE('',#5172);
#245=PLANE('',#5175);
#246=PLANE('',#5179);
#247=PLANE('',#5183);
#248=PLANE('',#5187);
#249=PLANE('',#5191);
#250=PLANE('',#5193);
#251=PLANE('',#5197);
#252=PLANE('',#5201);
#253=PLANE('',#5205);
#254=PLANE('',#5209);
#255=PLANE('',#5211);
#256=PLANE('',#5214);
#257=PLANE('',#5217);
#258=PLANE('',#5219);
#259=PLANE('',#5221);
#260=PLANE('',#5224);
#261=PLANE('',#5253);
#262=PLANE('',#5256);
#263=PLANE('',#5257);
#264=PLANE('',#5293);
#265=PLANE('',#5300);
#266=PLANE('',#5315);
#267=PLANE('',#5318);
#268=PLANE('',#5320);
#269=PLANE('',#5322);
#270=PLANE('',#5325);
#271=PLANE('',#5326);
#272=PLANE('',#5327);
#273=PLANE('',#5328);
#274=PLANE('',#5335);
#275=PLANE('',#5336);
#276=PLANE('',#5337);
#277=PLANE('',#5339);
#278=PLANE('',#5340);
#279=PLANE('',#5341);
#280=PLANE('',#5342);
#281=PLANE('',#5344);
#282=PLANE('',#5345);
#283=PLANE('',#5346);
#284=PLANE('',#5347);
#285=PLANE('',#5349);
#286=PLANE('',#5350);
#287=PLANE('',#5355);
#288=PLANE('',#5356);
#289=PLANE('',#5357);
#290=PLANE('',#5358);
#291=PLANE('',#5359);
#292=PLANE('',#5361);
#293=PLANE('',#5363);
#294=PLANE('',#5364);
#295=PLANE('',#5365);
#296=PLANE('',#5366);
#297=PLANE('',#5367);
#298=PLANE('',#5376);
#299=PLANE('',#5379);
#300=PLANE('',#5382);
#301=PLANE('',#5386);
#302=PLANE('',#5387);
#303=PLANE('',#5396);
#304=PLANE('',#5397);
#305=PLANE('',#5422);
#306=PLANE('',#5428);
#307=PLANE('',#5453);
#308=PLANE('',#5458);
#309=PLANE('',#5459);
#310=PLANE('',#5481);
#311=PLANE('',#5484);
#312=PLANE('',#5487);
#313=PLANE('',#5489);
#314=PLANE('',#5491);
#315=PLANE('',#5493);
#316=PLANE('',#5496);
#317=PLANE('',#5498);
#318=PLANE('',#5501);
#319=PLANE('',#5504);
#320=PLANE('',#5506);
#321=PLANE('',#5525);
#322=PLANE('',#5526);
#323=PLANE('',#5527);
#324=PLANE('',#5528);
#325=PLANE('',#5529);
#326=PLANE('',#5530);
#327=PLANE('',#5531);
#328=PLANE('',#5532);
#329=PLANE('',#5533);
#330=PLANE('',#5534);
#331=PLANE('',#5535);
#332=PLANE('',#5536);
#333=PLANE('',#5559);
#334=PLANE('',#5562);
#335=PLANE('',#5565);
#336=PLANE('',#5568);
#337=PLANE('',#5573);
#338=PLANE('',#5574);
#339=PLANE('',#5576);
#340=PLANE('',#5577);
#341=PLANE('',#5579);
#342=PLANE('',#5581);
#343=PLANE('',#5582);
#344=PLANE('',#5583);
#345=PLANE('',#5585);
#346=PLANE('',#5587);
#347=FACE_OUTER_BOUND('',#625,.T.);
#348=FACE_OUTER_BOUND('',#626,.T.);
#349=FACE_OUTER_BOUND('',#631,.T.);
#350=FACE_OUTER_BOUND('',#632,.T.);
#351=FACE_OUTER_BOUND('',#633,.T.);
#352=FACE_OUTER_BOUND('',#634,.T.);
#353=FACE_OUTER_BOUND('',#635,.T.);
#354=FACE_OUTER_BOUND('',#640,.T.);
#355=FACE_OUTER_BOUND('',#641,.T.);
#356=FACE_OUTER_BOUND('',#642,.T.);
#357=FACE_OUTER_BOUND('',#643,.T.);
#358=FACE_OUTER_BOUND('',#644,.T.);
#359=FACE_OUTER_BOUND('',#645,.T.);
#360=FACE_OUTER_BOUND('',#646,.T.);
#361=FACE_OUTER_BOUND('',#647,.T.);
#362=FACE_OUTER_BOUND('',#648,.T.);
#363=FACE_OUTER_BOUND('',#649,.T.);
#364=FACE_OUTER_BOUND('',#650,.T.);
#365=FACE_OUTER_BOUND('',#651,.T.);
#366=FACE_OUTER_BOUND('',#652,.T.);
#367=FACE_OUTER_BOUND('',#653,.T.);
#368=FACE_OUTER_BOUND('',#654,.T.);
#369=FACE_OUTER_BOUND('',#655,.T.);
#370=FACE_OUTER_BOUND('',#656,.T.);
#371=FACE_OUTER_BOUND('',#657,.T.);
#372=FACE_OUTER_BOUND('',#658,.T.);
#373=FACE_OUTER_BOUND('',#659,.T.);
#374=FACE_OUTER_BOUND('',#660,.T.);
#375=FACE_OUTER_BOUND('',#661,.T.);
#376=FACE_OUTER_BOUND('',#662,.T.);
#377=FACE_OUTER_BOUND('',#663,.T.);
#378=FACE_OUTER_BOUND('',#664,.T.);
#379=FACE_OUTER_BOUND('',#665,.T.);
#380=FACE_OUTER_BOUND('',#666,.T.);
#381=FACE_OUTER_BOUND('',#667,.T.);
#382=FACE_OUTER_BOUND('',#668,.T.);
#383=FACE_OUTER_BOUND('',#669,.T.);
#384=FACE_OUTER_BOUND('',#671,.T.);
#385=FACE_OUTER_BOUND('',#672,.T.);
#386=FACE_OUTER_BOUND('',#673,.T.);
#387=FACE_OUTER_BOUND('',#674,.T.);
#388=FACE_OUTER_BOUND('',#675,.T.);
#389=FACE_OUTER_BOUND('',#676,.T.);
#390=FACE_OUTER_BOUND('',#677,.T.);
#391=FACE_OUTER_BOUND('',#678,.T.);
#392=FACE_OUTER_BOUND('',#679,.T.);
#393=FACE_OUTER_BOUND('',#681,.T.);
#394=FACE_OUTER_BOUND('',#682,.T.);
#395=FACE_OUTER_BOUND('',#683,.T.);
#396=FACE_OUTER_BOUND('',#684,.T.);
#397=FACE_OUTER_BOUND('',#685,.T.);
#398=FACE_OUTER_BOUND('',#686,.T.);
#399=FACE_OUTER_BOUND('',#687,.T.);
#400=FACE_OUTER_BOUND('',#688,.T.);
#401=FACE_OUTER_BOUND('',#689,.T.);
#402=FACE_OUTER_BOUND('',#691,.T.);
#403=FACE_OUTER_BOUND('',#692,.T.);
#404=FACE_OUTER_BOUND('',#693,.T.);
#405=FACE_OUTER_BOUND('',#694,.T.);
#406=FACE_OUTER_BOUND('',#695,.T.);
#407=FACE_OUTER_BOUND('',#696,.T.);
#408=FACE_OUTER_BOUND('',#697,.T.);
#409=FACE_OUTER_BOUND('',#698,.T.);
#410=FACE_OUTER_BOUND('',#699,.T.);
#411=FACE_OUTER_BOUND('',#701,.T.);
#412=FACE_OUTER_BOUND('',#702,.T.);
#413=FACE_OUTER_BOUND('',#703,.T.);
#414=FACE_OUTER_BOUND('',#704,.T.);
#415=FACE_OUTER_BOUND('',#705,.T.);
#416=FACE_OUTER_BOUND('',#706,.T.);
#417=FACE_OUTER_BOUND('',#707,.T.);
#418=FACE_OUTER_BOUND('',#708,.T.);
#419=FACE_OUTER_BOUND('',#709,.T.);
#420=FACE_OUTER_BOUND('',#710,.T.);
#421=FACE_OUTER_BOUND('',#711,.T.);
#422=FACE_OUTER_BOUND('',#712,.T.);
#423=FACE_OUTER_BOUND('',#713,.T.);
#424=FACE_OUTER_BOUND('',#714,.T.);
#425=FACE_OUTER_BOUND('',#715,.T.);
#426=FACE_OUTER_BOUND('',#716,.T.);
#427=FACE_OUTER_BOUND('',#717,.T.);
#428=FACE_OUTER_BOUND('',#718,.T.);
#429=FACE_OUTER_BOUND('',#719,.T.);
#430=FACE_OUTER_BOUND('',#720,.T.);
#431=FACE_OUTER_BOUND('',#721,.T.);
#432=FACE_OUTER_BOUND('',#722,.T.);
#433=FACE_OUTER_BOUND('',#723,.T.);
#434=FACE_OUTER_BOUND('',#724,.T.);
#435=FACE_OUTER_BOUND('',#725,.T.);
#436=FACE_OUTER_BOUND('',#727,.T.);
#437=FACE_OUTER_BOUND('',#728,.T.);
#438=FACE_OUTER_BOUND('',#729,.T.);
#439=FACE_OUTER_BOUND('',#730,.T.);
#440=FACE_OUTER_BOUND('',#731,.T.);
#441=FACE_OUTER_BOUND('',#732,.T.);
#442=FACE_OUTER_BOUND('',#733,.T.);
#443=FACE_OUTER_BOUND('',#734,.T.);
#444=FACE_OUTER_BOUND('',#735,.T.);
#445=FACE_OUTER_BOUND('',#736,.T.);
#446=FACE_OUTER_BOUND('',#737,.T.);
#447=FACE_OUTER_BOUND('',#738,.T.);
#448=FACE_OUTER_BOUND('',#739,.T.);
#449=FACE_OUTER_BOUND('',#740,.T.);
#450=FACE_OUTER_BOUND('',#745,.T.);
#451=FACE_OUTER_BOUND('',#746,.T.);
#452=FACE_OUTER_BOUND('',#747,.T.);
#453=FACE_OUTER_BOUND('',#748,.T.);
#454=FACE_OUTER_BOUND('',#749,.T.);
#455=FACE_OUTER_BOUND('',#750,.T.);
#456=FACE_OUTER_BOUND('',#751,.T.);
#457=FACE_OUTER_BOUND('',#752,.T.);
#458=FACE_OUTER_BOUND('',#753,.T.);
#459=FACE_OUTER_BOUND('',#754,.T.);
#460=FACE_OUTER_BOUND('',#755,.T.);
#461=FACE_OUTER_BOUND('',#756,.T.);
#462=FACE_OUTER_BOUND('',#757,.T.);
#463=FACE_OUTER_BOUND('',#758,.T.);
#464=FACE_OUTER_BOUND('',#759,.T.);
#465=FACE_OUTER_BOUND('',#760,.T.);
#466=FACE_OUTER_BOUND('',#761,.T.);
#467=FACE_OUTER_BOUND('',#762,.T.);
#468=FACE_OUTER_BOUND('',#763,.T.);
#469=FACE_OUTER_BOUND('',#764,.T.);
#470=FACE_OUTER_BOUND('',#765,.T.);
#471=FACE_OUTER_BOUND('',#766,.T.);
#472=FACE_OUTER_BOUND('',#767,.T.);
#473=FACE_OUTER_BOUND('',#769,.T.);
#474=FACE_OUTER_BOUND('',#770,.T.);
#475=FACE_OUTER_BOUND('',#771,.T.);
#476=FACE_OUTER_BOUND('',#773,.T.);
#477=FACE_OUTER_BOUND('',#774,.T.);
#478=FACE_OUTER_BOUND('',#775,.T.);
#479=FACE_OUTER_BOUND('',#776,.T.);
#480=FACE_OUTER_BOUND('',#778,.T.);
#481=FACE_OUTER_BOUND('',#779,.T.);
#482=FACE_OUTER_BOUND('',#780,.T.);
#483=FACE_OUTER_BOUND('',#781,.T.);
#484=FACE_OUTER_BOUND('',#783,.T.);
#485=FACE_OUTER_BOUND('',#784,.T.);
#486=FACE_OUTER_BOUND('',#786,.T.);
#487=FACE_OUTER_BOUND('',#787,.T.);
#488=FACE_OUTER_BOUND('',#788,.T.);
#489=FACE_OUTER_BOUND('',#789,.T.);
#490=FACE_OUTER_BOUND('',#790,.T.);
#491=FACE_OUTER_BOUND('',#792,.T.);
#492=FACE_OUTER_BOUND('',#793,.T.);
#493=FACE_OUTER_BOUND('',#794,.T.);
#494=FACE_OUTER_BOUND('',#795,.T.);
#495=FACE_OUTER_BOUND('',#796,.T.);
#496=FACE_OUTER_BOUND('',#797,.T.);
#497=FACE_OUTER_BOUND('',#798,.T.);
#498=FACE_OUTER_BOUND('',#799,.T.);
#499=FACE_OUTER_BOUND('',#800,.T.);
#500=FACE_OUTER_BOUND('',#801,.T.);
#501=FACE_OUTER_BOUND('',#802,.T.);
#502=FACE_OUTER_BOUND('',#803,.T.);
#503=FACE_OUTER_BOUND('',#804,.T.);
#504=FACE_OUTER_BOUND('',#805,.T.);
#505=FACE_OUTER_BOUND('',#806,.T.);
#506=FACE_OUTER_BOUND('',#807,.T.);
#507=FACE_OUTER_BOUND('',#808,.T.);
#508=FACE_OUTER_BOUND('',#809,.T.);
#509=FACE_OUTER_BOUND('',#810,.T.);
#510=FACE_OUTER_BOUND('',#811,.T.);
#511=FACE_OUTER_BOUND('',#812,.T.);
#512=FACE_OUTER_BOUND('',#813,.T.);
#513=FACE_OUTER_BOUND('',#814,.T.);
#514=FACE_OUTER_BOUND('',#815,.T.);
#515=FACE_OUTER_BOUND('',#816,.T.);
#516=FACE_OUTER_BOUND('',#817,.T.);
#517=FACE_OUTER_BOUND('',#818,.T.);
#518=FACE_OUTER_BOUND('',#819,.T.);
#519=FACE_OUTER_BOUND('',#820,.T.);
#520=FACE_OUTER_BOUND('',#821,.T.);
#521=FACE_OUTER_BOUND('',#822,.T.);
#522=FACE_OUTER_BOUND('',#825,.T.);
#523=FACE_OUTER_BOUND('',#826,.T.);
#524=FACE_OUTER_BOUND('',#828,.T.);
#525=FACE_OUTER_BOUND('',#830,.T.);
#526=FACE_OUTER_BOUND('',#832,.T.);
#527=FACE_OUTER_BOUND('',#833,.T.);
#528=FACE_OUTER_BOUND('',#834,.T.);
#529=FACE_OUTER_BOUND('',#835,.T.);
#530=FACE_OUTER_BOUND('',#836,.T.);
#531=FACE_OUTER_BOUND('',#837,.T.);
#532=FACE_OUTER_BOUND('',#838,.T.);
#533=FACE_OUTER_BOUND('',#839,.T.);
#534=FACE_OUTER_BOUND('',#840,.T.);
#535=FACE_OUTER_BOUND('',#841,.T.);
#536=FACE_OUTER_BOUND('',#842,.T.);
#537=FACE_OUTER_BOUND('',#843,.T.);
#538=FACE_OUTER_BOUND('',#844,.T.);
#539=FACE_OUTER_BOUND('',#845,.T.);
#540=FACE_OUTER_BOUND('',#846,.T.);
#541=FACE_OUTER_BOUND('',#847,.T.);
#542=FACE_OUTER_BOUND('',#848,.T.);
#543=FACE_OUTER_BOUND('',#849,.T.);
#544=FACE_OUTER_BOUND('',#850,.T.);
#545=FACE_OUTER_BOUND('',#851,.T.);
#546=FACE_OUTER_BOUND('',#852,.T.);
#547=FACE_OUTER_BOUND('',#853,.T.);
#548=FACE_OUTER_BOUND('',#854,.T.);
#549=FACE_OUTER_BOUND('',#855,.T.);
#550=FACE_OUTER_BOUND('',#856,.T.);
#551=FACE_OUTER_BOUND('',#857,.T.);
#552=FACE_OUTER_BOUND('',#858,.T.);
#553=FACE_OUTER_BOUND('',#859,.T.);
#554=FACE_OUTER_BOUND('',#860,.T.);
#555=FACE_OUTER_BOUND('',#861,.T.);
#556=FACE_OUTER_BOUND('',#862,.T.);
#557=FACE_OUTER_BOUND('',#863,.T.);
#558=FACE_OUTER_BOUND('',#864,.T.);
#559=FACE_OUTER_BOUND('',#865,.T.);
#560=FACE_OUTER_BOUND('',#866,.T.);
#561=FACE_OUTER_BOUND('',#867,.T.);
#562=FACE_OUTER_BOUND('',#868,.T.);
#563=FACE_OUTER_BOUND('',#869,.T.);
#564=FACE_OUTER_BOUND('',#870,.T.);
#565=FACE_OUTER_BOUND('',#871,.T.);
#566=FACE_OUTER_BOUND('',#872,.T.);
#567=FACE_OUTER_BOUND('',#873,.T.);
#568=FACE_OUTER_BOUND('',#874,.T.);
#569=FACE_OUTER_BOUND('',#875,.T.);
#570=FACE_OUTER_BOUND('',#876,.T.);
#571=FACE_OUTER_BOUND('',#877,.T.);
#572=FACE_OUTER_BOUND('',#878,.T.);
#573=FACE_OUTER_BOUND('',#879,.T.);
#574=FACE_OUTER_BOUND('',#880,.T.);
#575=FACE_OUTER_BOUND('',#881,.T.);
#576=FACE_OUTER_BOUND('',#882,.T.);
#577=FACE_OUTER_BOUND('',#883,.T.);
#578=FACE_OUTER_BOUND('',#884,.T.);
#579=FACE_OUTER_BOUND('',#885,.T.);
#580=FACE_OUTER_BOUND('',#886,.T.);
#581=FACE_OUTER_BOUND('',#887,.T.);
#582=FACE_OUTER_BOUND('',#888,.T.);
#583=FACE_OUTER_BOUND('',#889,.T.);
#584=FACE_OUTER_BOUND('',#890,.T.);
#585=FACE_OUTER_BOUND('',#891,.T.);
#586=FACE_OUTER_BOUND('',#892,.T.);
#587=FACE_OUTER_BOUND('',#893,.T.);
#588=FACE_OUTER_BOUND('',#894,.T.);
#589=FACE_OUTER_BOUND('',#895,.T.);
#590=FACE_OUTER_BOUND('',#896,.T.);
#591=FACE_OUTER_BOUND('',#897,.T.);
#592=FACE_OUTER_BOUND('',#898,.T.);
#593=FACE_OUTER_BOUND('',#899,.T.);
#594=FACE_OUTER_BOUND('',#900,.T.);
#595=FACE_OUTER_BOUND('',#901,.T.);
#596=FACE_OUTER_BOUND('',#902,.T.);
#597=FACE_OUTER_BOUND('',#903,.T.);
#598=FACE_OUTER_BOUND('',#904,.T.);
#599=FACE_OUTER_BOUND('',#905,.T.);
#600=FACE_OUTER_BOUND('',#906,.T.);
#601=FACE_OUTER_BOUND('',#907,.T.);
#602=FACE_OUTER_BOUND('',#909,.T.);
#603=FACE_OUTER_BOUND('',#910,.T.);
#604=FACE_OUTER_BOUND('',#912,.T.);
#605=FACE_OUTER_BOUND('',#913,.T.);
#606=FACE_OUTER_BOUND('',#915,.T.);
#607=FACE_OUTER_BOUND('',#916,.T.);
#608=FACE_OUTER_BOUND('',#917,.T.);
#609=FACE_OUTER_BOUND('',#918,.T.);
#610=FACE_OUTER_BOUND('',#920,.T.);
#611=FACE_OUTER_BOUND('',#921,.T.);
#612=FACE_OUTER_BOUND('',#922,.T.);
#613=FACE_OUTER_BOUND('',#923,.T.);
#614=FACE_OUTER_BOUND('',#924,.T.);
#615=FACE_OUTER_BOUND('',#925,.T.);
#616=FACE_OUTER_BOUND('',#926,.T.);
#617=FACE_OUTER_BOUND('',#927,.T.);
#618=FACE_OUTER_BOUND('',#928,.T.);
#619=FACE_OUTER_BOUND('',#929,.T.);
#620=FACE_OUTER_BOUND('',#930,.T.);
#621=FACE_OUTER_BOUND('',#931,.T.);
#622=FACE_OUTER_BOUND('',#932,.T.);
#623=FACE_OUTER_BOUND('',#933,.T.);
#624=FACE_OUTER_BOUND('',#934,.T.);
#625=EDGE_LOOP('',(#3283,#3284,#3285,#3286,#3287));
#626=EDGE_LOOP('',(#3288,#3289,#3290,#3291,#3292,#3293,#3294,#3295,#3296,
#3297,#3298,#3299,#3300,#3301,#3302,#3303,#3304,#3305,#3306,#3307,#3308,
#3309,#3310,#3311));
#627=EDGE_LOOP('',(#3312));
#628=EDGE_LOOP('',(#3313));
#629=EDGE_LOOP('',(#3314));
#630=EDGE_LOOP('',(#3315));
#631=EDGE_LOOP('',(#3316,#3317,#3318,#3319,#3320));
#632=EDGE_LOOP('',(#3321,#3322,#3323,#3324,#3325));
#633=EDGE_LOOP('',(#3326,#3327,#3328,#3329,#3330));
#634=EDGE_LOOP('',(#3331,#3332,#3333,#3334,#3335));
#635=EDGE_LOOP('',(#3336,#3337,#3338,#3339,#3340,#3341,#3342,#3343,#3344,
#3345,#3346,#3347,#3348,#3349,#3350,#3351,#3352,#3353,#3354,#3355,#3356,
#3357,#3358,#3359));
#636=EDGE_LOOP('',(#3360));
#637=EDGE_LOOP('',(#3361));
#638=EDGE_LOOP('',(#3362));
#639=EDGE_LOOP('',(#3363));
#640=EDGE_LOOP('',(#3364,#3365,#3366,#3367,#3368));
#641=EDGE_LOOP('',(#3369,#3370,#3371,#3372,#3373));
#642=EDGE_LOOP('',(#3374,#3375,#3376,#3377,#3378));
#643=EDGE_LOOP('',(#3379,#3380,#3381));
#644=EDGE_LOOP('',(#3382,#3383,#3384));
#645=EDGE_LOOP('',(#3385,#3386,#3387));
#646=EDGE_LOOP('',(#3388,#3389,#3390));
#647=EDGE_LOOP('',(#3391,#3392,#3393,#3394));
#648=EDGE_LOOP('',(#3395,#3396,#3397,#3398));
#649=EDGE_LOOP('',(#3399,#3400,#3401,#3402));
#650=EDGE_LOOP('',(#3403,#3404,#3405,#3406));
#651=EDGE_LOOP('',(#3407,#3408,#3409,#3410));
#652=EDGE_LOOP('',(#3411,#3412,#3413,#3414));
#653=EDGE_LOOP('',(#3415,#3416,#3417,#3418));
#654=EDGE_LOOP('',(#3419,#3420,#3421,#3422));
#655=EDGE_LOOP('',(#3423,#3424,#3425,#3426));
#656=EDGE_LOOP('',(#3427,#3428,#3429,#3430));
#657=EDGE_LOOP('',(#3431,#3432,#3433,#3434));
#658=EDGE_LOOP('',(#3435,#3436,#3437,#3438));
#659=EDGE_LOOP('',(#3439,#3440,#3441,#3442));
#660=EDGE_LOOP('',(#3443,#3444,#3445,#3446));
#661=EDGE_LOOP('',(#3447,#3448,#3449,#3450));
#662=EDGE_LOOP('',(#3451,#3452,#3453,#3454));
#663=EDGE_LOOP('',(#3455,#3456,#3457,#3458));
#664=EDGE_LOOP('',(#3459,#3460,#3461,#3462));
#665=EDGE_LOOP('',(#3463,#3464,#3465,#3466));
#666=EDGE_LOOP('',(#3467,#3468,#3469,#3470));
#667=EDGE_LOOP('',(#3471,#3472,#3473,#3474));
#668=EDGE_LOOP('',(#3475,#3476,#3477,#3478));
#669=EDGE_LOOP('',(#3479,#3480,#3481,#3482,#3483,#3484,#3485,#3486));
#670=EDGE_LOOP('',(#3487,#3488,#3489,#3490));
#671=EDGE_LOOP('',(#3491,#3492,#3493,#3494));
#672=EDGE_LOOP('',(#3495,#3496,#3497,#3498));
#673=EDGE_LOOP('',(#3499,#3500,#3501,#3502));
#674=EDGE_LOOP('',(#3503,#3504,#3505,#3506));
#675=EDGE_LOOP('',(#3507,#3508,#3509,#3510));
#676=EDGE_LOOP('',(#3511,#3512,#3513,#3514));
#677=EDGE_LOOP('',(#3515,#3516,#3517,#3518));
#678=EDGE_LOOP('',(#3519,#3520,#3521,#3522));
#679=EDGE_LOOP('',(#3523,#3524,#3525,#3526,#3527,#3528,#3529,#3530));
#680=EDGE_LOOP('',(#3531,#3532,#3533,#3534));
#681=EDGE_LOOP('',(#3535,#3536,#3537,#3538));
#682=EDGE_LOOP('',(#3539,#3540,#3541,#3542));
#683=EDGE_LOOP('',(#3543,#3544,#3545,#3546));
#684=EDGE_LOOP('',(#3547,#3548,#3549,#3550));
#685=EDGE_LOOP('',(#3551,#3552,#3553,#3554));
#686=EDGE_LOOP('',(#3555,#3556,#3557,#3558));
#687=EDGE_LOOP('',(#3559,#3560,#3561,#3562));
#688=EDGE_LOOP('',(#3563,#3564,#3565,#3566));
#689=EDGE_LOOP('',(#3567,#3568,#3569,#3570,#3571,#3572,#3573,#3574));
#690=EDGE_LOOP('',(#3575,#3576,#3577,#3578));
#691=EDGE_LOOP('',(#3579,#3580,#3581,#3582));
#692=EDGE_LOOP('',(#3583,#3584,#3585,#3586));
#693=EDGE_LOOP('',(#3587,#3588,#3589,#3590));
#694=EDGE_LOOP('',(#3591,#3592,#3593,#3594));
#695=EDGE_LOOP('',(#3595,#3596,#3597,#3598));
#696=EDGE_LOOP('',(#3599,#3600,#3601,#3602));
#697=EDGE_LOOP('',(#3603,#3604,#3605,#3606));
#698=EDGE_LOOP('',(#3607,#3608,#3609,#3610));
#699=EDGE_LOOP('',(#3611,#3612,#3613,#3614,#3615,#3616,#3617,#3618));
#700=EDGE_LOOP('',(#3619,#3620,#3621,#3622));
#701=EDGE_LOOP('',(#3623,#3624,#3625,#3626));
#702=EDGE_LOOP('',(#3627,#3628,#3629,#3630));
#703=EDGE_LOOP('',(#3631,#3632,#3633,#3634));
#704=EDGE_LOOP('',(#3635,#3636,#3637,#3638));
#705=EDGE_LOOP('',(#3639,#3640,#3641,#3642));
#706=EDGE_LOOP('',(#3643,#3644,#3645,#3646));
#707=EDGE_LOOP('',(#3647,#3648,#3649,#3650));
#708=EDGE_LOOP('',(#3651,#3652,#3653,#3654));
#709=EDGE_LOOP('',(#3655,#3656,#3657,#3658));
#710=EDGE_LOOP('',(#3659,#3660,#3661,#3662));
#711=EDGE_LOOP('',(#3663,#3664,#3665,#3666));
#712=EDGE_LOOP('',(#3667,#3668,#3669,#3670));
#713=EDGE_LOOP('',(#3671,#3672,#3673,#3674));
#714=EDGE_LOOP('',(#3675,#3676,#3677,#3678));
#715=EDGE_LOOP('',(#3679,#3680,#3681,#3682));
#716=EDGE_LOOP('',(#3683,#3684,#3685,#3686));
#717=EDGE_LOOP('',(#3687,#3688,#3689,#3690));
#718=EDGE_LOOP('',(#3691,#3692,#3693,#3694));
#719=EDGE_LOOP('',(#3695,#3696,#3697,#3698));
#720=EDGE_LOOP('',(#3699,#3700,#3701,#3702));
#721=EDGE_LOOP('',(#3703,#3704,#3705,#3706));
#722=EDGE_LOOP('',(#3707,#3708,#3709,#3710));
#723=EDGE_LOOP('',(#3711,#3712,#3713,#3714));
#724=EDGE_LOOP('',(#3715,#3716,#3717,#3718));
#725=EDGE_LOOP('',(#3719,#3720,#3721,#3722,#3723,#3724));
#726=EDGE_LOOP('',(#3725,#3726,#3727,#3728,#3729,#3730,#3731,#3732));
#727=EDGE_LOOP('',(#3733,#3734,#3735,#3736));
#728=EDGE_LOOP('',(#3737,#3738,#3739,#3740));
#729=EDGE_LOOP('',(#3741,#3742,#3743,#3744));
#730=EDGE_LOOP('',(#3745,#3746,#3747,#3748));
#731=EDGE_LOOP('',(#3749,#3750,#3751,#3752,#3753));
#732=EDGE_LOOP('',(#3754,#3755,#3756,#3757));
#733=EDGE_LOOP('',(#3758,#3759,#3760,#3761,#3762));
#734=EDGE_LOOP('',(#3763,#3764,#3765,#3766));
#735=EDGE_LOOP('',(#3767,#3768,#3769,#3770));
#736=EDGE_LOOP('',(#3771,#3772,#3773,#3774));
#737=EDGE_LOOP('',(#3775,#3776,#3777,#3778));
#738=EDGE_LOOP('',(#3779,#3780,#3781,#3782));
#739=EDGE_LOOP('',(#3783,#3784,#3785,#3786));
#740=EDGE_LOOP('',(#3787,#3788,#3789,#3790,#3791,#3792,#3793,#3794,#3795,
#3796,#3797,#3798));
#741=EDGE_LOOP('',(#3799,#3800,#3801,#3802,#3803,#3804,#3805,#3806));
#742=EDGE_LOOP('',(#3807,#3808,#3809,#3810,#3811,#3812,#3813,#3814));
#743=EDGE_LOOP('',(#3815,#3816,#3817,#3818,#3819,#3820,#3821,#3822));
#744=EDGE_LOOP('',(#3823,#3824,#3825,#3826,#3827,#3828,#3829,#3830));
#745=EDGE_LOOP('',(#3831,#3832,#3833,#3834));
#746=EDGE_LOOP('',(#3835,#3836,#3837,#3838,#3839));
#747=EDGE_LOOP('',(#3840,#3841,#3842,#3843));
#748=EDGE_LOOP('',(#3844,#3845,#3846,#3847,#3848));
#749=EDGE_LOOP('',(#3849,#3850,#3851,#3852,#3853));
#750=EDGE_LOOP('',(#3854,#3855,#3856,#3857));
#751=EDGE_LOOP('',(#3858,#3859,#3860,#3861));
#752=EDGE_LOOP('',(#3862,#3863,#3864,#3865));
#753=EDGE_LOOP('',(#3866,#3867,#3868,#3869));
#754=EDGE_LOOP('',(#3870,#3871,#3872,#3873));
#755=EDGE_LOOP('',(#3874,#3875,#3876,#3877,#3878));
#756=EDGE_LOOP('',(#3879,#3880,#3881,#3882,#3883,#3884,#3885));
#757=EDGE_LOOP('',(#3886,#3887,#3888,#3889,#3890));
#758=EDGE_LOOP('',(#3891,#3892,#3893,#3894));
#759=EDGE_LOOP('',(#3895,#3896,#3897,#3898));
#760=EDGE_LOOP('',(#3899,#3900,#3901,#3902,#3903,#3904,#3905,#3906,#3907,
#3908,#3909,#3910,#3911,#3912,#3913,#3914,#3915,#3916,#3917,#3918));
#761=EDGE_LOOP('',(#3919,#3920,#3921,#3922));
#762=EDGE_LOOP('',(#3923,#3924,#3925,#3926));
#763=EDGE_LOOP('',(#3927,#3928,#3929,#3930,#3931));
#764=EDGE_LOOP('',(#3932,#3933,#3934,#3935,#3936,#3937,#3938));
#765=EDGE_LOOP('',(#3939,#3940,#3941,#3942,#3943));
#766=EDGE_LOOP('',(#3944,#3945,#3946,#3947));
#767=EDGE_LOOP('',(#3948,#3949,#3950,#3951,#3952,#3953,#3954,#3955,#3956,
#3957,#3958,#3959,#3960,#3961,#3962,#3963));
#768=EDGE_LOOP('',(#3964));
#769=EDGE_LOOP('',(#3965,#3966,#3967,#3968,#3969,#3970,#3971,#3972,#3973,
#3974,#3975,#3976));
#770=EDGE_LOOP('',(#3977,#3978,#3979,#3980));
#771=EDGE_LOOP('',(#3981,#3982,#3983,#3984));
#772=EDGE_LOOP('',(#3985));
#773=EDGE_LOOP('',(#3986,#3987,#3988,#3989));
#774=EDGE_LOOP('',(#3990,#3991,#3992,#3993,#3994,#3995,#3996,#3997,#3998,
#3999,#4000,#4001));
#775=EDGE_LOOP('',(#4002,#4003,#4004,#4005));
#776=EDGE_LOOP('',(#4006,#4007,#4008,#4009));
#777=EDGE_LOOP('',(#4010));
#778=EDGE_LOOP('',(#4011,#4012,#4013,#4014));
#779=EDGE_LOOP('',(#4015,#4016,#4017,#4018));
#780=EDGE_LOOP('',(#4019,#4020,#4021,#4022));
#781=EDGE_LOOP('',(#4023,#4024,#4025,#4026));
#782=EDGE_LOOP('',(#4027));
#783=EDGE_LOOP('',(#4028,#4029,#4030,#4031));
#784=EDGE_LOOP('',(#4032,#4033,#4034,#4035,#4036,#4037,#4038,#4039,#4040,
#4041));
#785=EDGE_LOOP('',(#4042));
#786=EDGE_LOOP('',(#4043,#4044,#4045,#4046,#4047,#4048,#4049,#4050,#4051,
#4052,#4053,#4054));
#787=EDGE_LOOP('',(#4055,#4056,#4057,#4058));
#788=EDGE_LOOP('',(#4059,#4060,#4061,#4062));
#789=EDGE_LOOP('',(#4063,#4064,#4065,#4066));
#790=EDGE_LOOP('',(#4067,#4068,#4069,#4070));
#791=EDGE_LOOP('',(#4071));
#792=EDGE_LOOP('',(#4072,#4073,#4074,#4075,#4076,#4077,#4078,#4079,#4080,
#4081,#4082,#4083,#4084));
#793=EDGE_LOOP('',(#4085,#4086,#4087,#4088));
#794=EDGE_LOOP('',(#4089,#4090,#4091,#4092));
#795=EDGE_LOOP('',(#4093,#4094,#4095,#4096));
#796=EDGE_LOOP('',(#4097,#4098,#4099,#4100));
#797=EDGE_LOOP('',(#4101,#4102,#4103,#4104));
#798=EDGE_LOOP('',(#4105,#4106,#4107,#4108));
#799=EDGE_LOOP('',(#4109,#4110,#4111,#4112));
#800=EDGE_LOOP('',(#4113,#4114,#4115,#4116));
#801=EDGE_LOOP('',(#4117,#4118,#4119,#4120));
#802=EDGE_LOOP('',(#4121,#4122,#4123,#4124,#4125));
#803=EDGE_LOOP('',(#4126,#4127,#4128,#4129));
#804=EDGE_LOOP('',(#4130,#4131,#4132,#4133));
#805=EDGE_LOOP('',(#4134,#4135,#4136,#4137));
#806=EDGE_LOOP('',(#4138,#4139,#4140,#4141));
#807=EDGE_LOOP('',(#4142,#4143,#4144,#4145));
#808=EDGE_LOOP('',(#4146,#4147,#4148,#4149,#4150,#4151,#4152,#4153,#4154));
#809=EDGE_LOOP('',(#4155,#4156,#4157,#4158,#4159,#4160,#4161,#4162,#4163,
#4164));
#810=EDGE_LOOP('',(#4165,#4166,#4167,#4168));
#811=EDGE_LOOP('',(#4169,#4170,#4171,#4172));
#812=EDGE_LOOP('',(#4173,#4174,#4175,#4176,#4177,#4178));
#813=EDGE_LOOP('',(#4179,#4180,#4181,#4182,#4183,#4184,#4185,#4186,#4187,
#4188,#4189,#4190,#4191,#4192,#4193,#4194,#4195,#4196,#4197,#4198,#4199,
#4200,#4201,#4202));
#814=EDGE_LOOP('',(#4203,#4204,#4205,#4206));
#815=EDGE_LOOP('',(#4207,#4208,#4209,#4210,#4211));
#816=EDGE_LOOP('',(#4212,#4213,#4214,#4215));
#817=EDGE_LOOP('',(#4216,#4217,#4218,#4219,#4220,#4221));
#818=EDGE_LOOP('',(#4222,#4223,#4224,#4225,#4226,#4227,#4228,#4229,#4230,
#4231,#4232,#4233,#4234));
#819=EDGE_LOOP('',(#4235,#4236,#4237,#4238));
#820=EDGE_LOOP('',(#4239,#4240,#4241,#4242,#4243));
#821=EDGE_LOOP('',(#4244,#4245,#4246,#4247));
#822=EDGE_LOOP('',(#4248,#4249,#4250,#4251,#4252,#4253,#4254,#4255,#4256,
#4257,#4258,#4259,#4260,#4261,#4262,#4263,#4264,#4265,#4266,#4267,#4268,
#4269,#4270,#4271,#4272,#4273,#4274,#4275,#4276,#4277,#4278,#4279,#4280,
#4281,#4282,#4283,#4284,#4285,#4286,#4287,#4288,#4289,#4290,#4291,#4292,
#4293,#4294,#4295,#4296,#4297));
#823=EDGE_LOOP('',(#4298,#4299,#4300,#4301));
#824=EDGE_LOOP('',(#4302,#4303,#4304,#4305));
#825=EDGE_LOOP('',(#4306,#4307,#4308,#4309,#4310,#4311));
#826=EDGE_LOOP('',(#4312,#4313,#4314,#4315,#4316,#4317));
#827=EDGE_LOOP('',(#4318));
#828=EDGE_LOOP('',(#4319,#4320,#4321,#4322,#4323,#4324,#4325,#4326,#4327,
#4328,#4329,#4330));
#829=EDGE_LOOP('',(#4331,#4332,#4333,#4334,#4335,#4336,#4337,#4338));
#830=EDGE_LOOP('',(#4339,#4340,#4341,#4342,#4343,#4344));
#831=EDGE_LOOP('',(#4345));
#832=EDGE_LOOP('',(#4346,#4347,#4348,#4349));
#833=EDGE_LOOP('',(#4350,#4351,#4352,#4353));
#834=EDGE_LOOP('',(#4354,#4355,#4356,#4357));
#835=EDGE_LOOP('',(#4358,#4359,#4360,#4361));
#836=EDGE_LOOP('',(#4362,#4363,#4364,#4365));
#837=EDGE_LOOP('',(#4366,#4367,#4368,#4369));
#838=EDGE_LOOP('',(#4370,#4371,#4372,#4373));
#839=EDGE_LOOP('',(#4374,#4375,#4376,#4377));
#840=EDGE_LOOP('',(#4378,#4379,#4380,#4381));
#841=EDGE_LOOP('',(#4382,#4383,#4384,#4385));
#842=EDGE_LOOP('',(#4386,#4387,#4388,#4389));
#843=EDGE_LOOP('',(#4390,#4391,#4392,#4393));
#844=EDGE_LOOP('',(#4394,#4395,#4396,#4397));
#845=EDGE_LOOP('',(#4398,#4399,#4400,#4401));
#846=EDGE_LOOP('',(#4402,#4403,#4404,#4405));
#847=EDGE_LOOP('',(#4406,#4407,#4408,#4409));
#848=EDGE_LOOP('',(#4410,#4411,#4412,#4413));
#849=EDGE_LOOP('',(#4414,#4415,#4416,#4417));
#850=EDGE_LOOP('',(#4418,#4419,#4420,#4421));
#851=EDGE_LOOP('',(#4422,#4423,#4424,#4425));
#852=EDGE_LOOP('',(#4426,#4427,#4428,#4429));
#853=EDGE_LOOP('',(#4430,#4431,#4432,#4433));
#854=EDGE_LOOP('',(#4434,#4435,#4436,#4437));
#855=EDGE_LOOP('',(#4438,#4439,#4440,#4441));
#856=EDGE_LOOP('',(#4442,#4443,#4444,#4445));
#857=EDGE_LOOP('',(#4446,#4447,#4448,#4449));
#858=EDGE_LOOP('',(#4450,#4451,#4452,#4453,#4454));
#859=EDGE_LOOP('',(#4455,#4456,#4457,#4458));
#860=EDGE_LOOP('',(#4459,#4460,#4461,#4462));
#861=EDGE_LOOP('',(#4463,#4464,#4465,#4466));
#862=EDGE_LOOP('',(#4467,#4468,#4469,#4470));
#863=EDGE_LOOP('',(#4471,#4472,#4473,#4474));
#864=EDGE_LOOP('',(#4475,#4476,#4477,#4478));
#865=EDGE_LOOP('',(#4479,#4480,#4481,#4482));
#866=EDGE_LOOP('',(#4483,#4484,#4485,#4486));
#867=EDGE_LOOP('',(#4487,#4488,#4489,#4490));
#868=EDGE_LOOP('',(#4491,#4492,#4493,#4494));
#869=EDGE_LOOP('',(#4495,#4496,#4497));
#870=EDGE_LOOP('',(#4498,#4499,#4500,#4501));
#871=EDGE_LOOP('',(#4502,#4503,#4504));
#872=EDGE_LOOP('',(#4505,#4506,#4507,#4508));
#873=EDGE_LOOP('',(#4509,#4510,#4511));
#874=EDGE_LOOP('',(#4512,#4513,#4514,#4515));
#875=EDGE_LOOP('',(#4516,#4517,#4518));
#876=EDGE_LOOP('',(#4519,#4520,#4521,#4522));
#877=EDGE_LOOP('',(#4523,#4524,#4525));
#878=EDGE_LOOP('',(#4526,#4527,#4528,#4529));
#879=EDGE_LOOP('',(#4530,#4531,#4532));
#880=EDGE_LOOP('',(#4533,#4534,#4535,#4536));
#881=EDGE_LOOP('',(#4537,#4538,#4539,#4540));
#882=EDGE_LOOP('',(#4541,#4542,#4543,#4544));
#883=EDGE_LOOP('',(#4545));
#884=EDGE_LOOP('',(#4546));
#885=EDGE_LOOP('',(#4547,#4548,#4549,#4550));
#886=EDGE_LOOP('',(#4551,#4552,#4553,#4554));
#887=EDGE_LOOP('',(#4555,#4556,#4557,#4558));
#888=EDGE_LOOP('',(#4559,#4560,#4561,#4562));
#889=EDGE_LOOP('',(#4563));
#890=EDGE_LOOP('',(#4564));
#891=EDGE_LOOP('',(#4565,#4566,#4567,#4568));
#892=EDGE_LOOP('',(#4569,#4570,#4571,#4572));
#893=EDGE_LOOP('',(#4573,#4574,#4575));
#894=EDGE_LOOP('',(#4576,#4577,#4578,#4579));
#895=EDGE_LOOP('',(#4580,#4581,#4582));
#896=EDGE_LOOP('',(#4583,#4584,#4585,#4586));
#897=EDGE_LOOP('',(#4587,#4588,#4589));
#898=EDGE_LOOP('',(#4590,#4591,#4592,#4593));
#899=EDGE_LOOP('',(#4594,#4595,#4596));
#900=EDGE_LOOP('',(#4597,#4598,#4599,#4600));
#901=EDGE_LOOP('',(#4601,#4602,#4603));
#902=EDGE_LOOP('',(#4604,#4605,#4606,#4607));
#903=EDGE_LOOP('',(#4608,#4609,#4610));
#904=EDGE_LOOP('',(#4611,#4612,#4613,#4614));
#905=EDGE_LOOP('',(#4615,#4616,#4617,#4618,#4619,#4620));
#906=EDGE_LOOP('',(#4621,#4622,#4623,#4624));
#907=EDGE_LOOP('',(#4625,#4626,#4627,#4628,#4629));
#908=EDGE_LOOP('',(#4630));
#909=EDGE_LOOP('',(#4631,#4632,#4633,#4634));
#910=EDGE_LOOP('',(#4635,#4636,#4637,#4638,#4639));
#911=EDGE_LOOP('',(#4640));
#912=EDGE_LOOP('',(#4641,#4642,#4643,#4644));
#913=EDGE_LOOP('',(#4645,#4646,#4647,#4648));
#914=EDGE_LOOP('',(#4649));
#915=EDGE_LOOP('',(#4650,#4651,#4652,#4653));
#916=EDGE_LOOP('',(#4654,#4655,#4656,#4657));
#917=EDGE_LOOP('',(#4658,#4659,#4660,#4661));
#918=EDGE_LOOP('',(#4662,#4663,#4664,#4665));
#919=EDGE_LOOP('',(#4666));
#920=EDGE_LOOP('',(#4667,#4668,#4669,#4670,#4671,#4672,#4673,#4674,#4675,
#4676,#4677,#4678,#4679,#4680,#4681,#4682,#4683,#4684,#4685,#4686,#4687,
#4688,#4689,#4690));
#921=EDGE_LOOP('',(#4691,#4692,#4693,#4694));
#922=EDGE_LOOP('',(#4695,#4696,#4697,#4698));
#923=EDGE_LOOP('',(#4699,#4700,#4701,#4702));
#924=EDGE_LOOP('',(#4703,#4704,#4705,#4706));
#925=EDGE_LOOP('',(#4707,#4708,#4709,#4710));
#926=EDGE_LOOP('',(#4711,#4712,#4713,#4714));
#927=EDGE_LOOP('',(#4715,#4716,#4717,#4718));
#928=EDGE_LOOP('',(#4719,#4720,#4721,#4722));
#929=EDGE_LOOP('',(#4723,#4724,#4725,#4726));
#930=EDGE_LOOP('',(#4727,#4728,#4729,#4730));
#931=EDGE_LOOP('',(#4731,#4732,#4733,#4734));
#932=EDGE_LOOP('',(#4735,#4736,#4737,#4738));
#933=EDGE_LOOP('',(#4739,#4740,#4741,#4742));
#934=EDGE_LOOP('',(#4743,#4744,#4745,#4746));
#935=LINE('',#7120,#1383);
#936=LINE('',#7127,#1384);
#937=LINE('',#7129,#1385);
#938=LINE('',#7133,#1386);
#939=LINE('',#7137,#1387);
#940=LINE('',#7139,#1388);
#941=LINE('',#7141,#1389);
#942=LINE('',#7145,#1390);
#943=LINE('',#7149,#1391);
#944=LINE('',#7153,#1392);
#945=LINE('',#7157,#1393);
#946=LINE('',#7161,#1394);
#947=LINE('',#7165,#1395);
#948=LINE('',#7169,#1396);
#949=LINE('',#7172,#1397);
#950=LINE('',#7181,#1398);
#951=LINE('',#7185,#1399);
#952=LINE('',#7191,#1400);
#953=LINE('',#7197,#1401);
#954=LINE('',#7204,#1402);
#955=LINE('',#7206,#1403);
#956=LINE('',#7210,#1404);
#957=LINE('',#7214,#1405);
#958=LINE('',#7218,#1406);
#959=LINE('',#7222,#1407);
#960=LINE('',#7226,#1408);
#961=LINE('',#7230,#1409);
#962=LINE('',#7234,#1410);
#963=LINE('',#7238,#1411);
#964=LINE('',#7240,#1412);
#965=LINE('',#7242,#1413);
#966=LINE('',#7246,#1414);
#967=LINE('',#7249,#1415);
#968=LINE('',#7258,#1416);
#969=LINE('',#7262,#1417);
#970=LINE('',#7268,#1418);
#971=LINE('',#7272,#1419);
#972=LINE('',#7275,#1420);
#973=LINE('',#7278,#1421);
#974=LINE('',#7281,#1422);
#975=LINE('',#7287,#1423);
#976=LINE('',#7290,#1424);
#977=LINE('',#7301,#1425);
#978=LINE('',#7302,#1426);
#979=LINE('',#7308,#1427);
#980=LINE('',#7311,#1428);
#981=LINE('',#7314,#1429);
#982=LINE('',#7315,#1430);
#983=LINE('',#7322,#1431);
#984=LINE('',#7325,#1432);
#985=LINE('',#7336,#1433);
#986=LINE('',#7337,#1434);
#987=LINE('',#7343,#1435);
#988=LINE('',#7346,#1436);
#989=LINE('',#7349,#1437);
#990=LINE('',#7350,#1438);
#991=LINE('',#7355,#1439);
#992=LINE('',#7357,#1440);
#993=LINE('',#7359,#1441);
#994=LINE('',#7360,#1442);
#995=LINE('',#7365,#1443);
#996=LINE('',#7369,#1444);
#997=LINE('',#7371,#1445);
#998=LINE('',#7372,#1446);
#999=LINE('',#7377,#1447);
#1000=LINE('',#7381,#1448);
#1001=LINE('',#7383,#1449);
#1002=LINE('',#7384,#1450);
#1003=LINE('',#7389,#1451);
#1004=LINE('',#7393,#1452);
#1005=LINE('',#7395,#1453);
#1006=LINE('',#7396,#1454);
#1007=LINE('',#7405,#1455);
#1008=LINE('',#7408,#1456);
#1009=LINE('',#7412,#1457);
#1010=LINE('',#7414,#1458);
#1011=LINE('',#7416,#1459);
#1012=LINE('',#7417,#1460);
#1013=LINE('',#7422,#1461);
#1014=LINE('',#7426,#1462);
#1015=LINE('',#7428,#1463);
#1016=LINE('',#7429,#1464);
#1017=LINE('',#7434,#1465);
#1018=LINE('',#7438,#1466);
#1019=LINE('',#7440,#1467);
#1020=LINE('',#7441,#1468);
#1021=LINE('',#7446,#1469);
#1022=LINE('',#7450,#1470);
#1023=LINE('',#7452,#1471);
#1024=LINE('',#7453,#1472);
#1025=LINE('',#7462,#1473);
#1026=LINE('',#7465,#1474);
#1027=LINE('',#7469,#1475);
#1028=LINE('',#7471,#1476);
#1029=LINE('',#7473,#1477);
#1030=LINE('',#7474,#1478);
#1031=LINE('',#7479,#1479);
#1032=LINE('',#7483,#1480);
#1033=LINE('',#7485,#1481);
#1034=LINE('',#7486,#1482);
#1035=LINE('',#7491,#1483);
#1036=LINE('',#7495,#1484);
#1037=LINE('',#7497,#1485);
#1038=LINE('',#7498,#1486);
#1039=LINE('',#7503,#1487);
#1040=LINE('',#7507,#1488);
#1041=LINE('',#7509,#1489);
#1042=LINE('',#7510,#1490);
#1043=LINE('',#7517,#1491);
#1044=LINE('',#7521,#1492);
#1045=LINE('',#7523,#1493);
#1046=LINE('',#7525,#1494);
#1047=LINE('',#7526,#1495);
#1048=LINE('',#7531,#1496);
#1049=LINE('',#7535,#1497);
#1050=LINE('',#7537,#1498);
#1051=LINE('',#7538,#1499);
#1052=LINE('',#7543,#1500);
#1053=LINE('',#7547,#1501);
#1054=LINE('',#7549,#1502);
#1055=LINE('',#7550,#1503);
#1056=LINE('',#7555,#1504);
#1057=LINE('',#7559,#1505);
#1058=LINE('',#7561,#1506);
#1059=LINE('',#7562,#1507);
#1060=LINE('',#7569,#1508);
#1061=LINE('',#7572,#1509);
#1062=LINE('',#7574,#1510);
#1063=LINE('',#7575,#1511);
#1064=LINE('',#7578,#1512);
#1065=LINE('',#7582,#1513);
#1066=LINE('',#7584,#1514);
#1067=LINE('',#7585,#1515);
#1068=LINE('',#7588,#1516);
#1069=LINE('',#7591,#1517);
#1070=LINE('',#7594,#1518);
#1071=LINE('',#7598,#1519);
#1072=LINE('',#7599,#1520);
#1073=LINE('',#7604,#1521);
#1074=LINE('',#7605,#1522);
#1075=LINE('',#7613,#1523);
#1076=LINE('',#7616,#1524);
#1077=LINE('',#7627,#1525);
#1078=LINE('',#7628,#1526);
#1079=LINE('',#7639,#1527);
#1080=LINE('',#7640,#1528);
#1081=LINE('',#7651,#1529);
#1082=LINE('',#7652,#1530);
#1083=LINE('',#7658,#1531);
#1084=LINE('',#7661,#1532);
#1085=LINE('',#7664,#1533);
#1086=LINE('',#7665,#1534);
#1087=LINE('',#7668,#1535);
#1088=LINE('',#7672,#1536);
#1089=LINE('',#7673,#1537);
#1090=LINE('',#7677,#1538);
#1091=LINE('',#7679,#1539);
#1092=LINE('',#7683,#1540);
#1093=LINE('',#7686,#1541);
#1094=LINE('',#7689,#1542);
#1095=LINE('',#7693,#1543);
#1096=LINE('',#7751,#1544);
#1097=LINE('',#7754,#1545);
#1098=LINE('',#7850,#1546);
#1099=LINE('',#7851,#1547);
#1100=LINE('',#7893,#1548);
#1101=LINE('',#7894,#1549);
#1102=LINE('',#7903,#1550);
#1103=LINE('',#7904,#1551);
#1104=LINE('',#7910,#1552);
#1105=LINE('',#7913,#1553);
#1106=LINE('',#7929,#1554);
#1107=LINE('',#7932,#1555);
#1108=LINE('',#7936,#1556);
#1109=LINE('',#7940,#1557);
#1110=LINE('',#7944,#1558);
#1111=LINE('',#7948,#1559);
#1112=LINE('',#7964,#1560);
#1113=LINE('',#7965,#1561);
#1114=LINE('',#7967,#1562);
#1115=LINE('',#7969,#1563);
#1116=LINE('',#8014,#1564);
#1117=LINE('',#8051,#1565);
#1118=LINE('',#8088,#1566);
#1119=LINE('',#8131,#1567);
#1120=LINE('',#8133,#1568);
#1121=LINE('',#8134,#1569);
#1122=LINE('',#8136,#1570);
#1123=LINE('',#8138,#1571);
#1124=LINE('',#8140,#1572);
#1125=LINE('',#8142,#1573);
#1126=LINE('',#8144,#1574);
#1127=LINE('',#8146,#1575);
#1128=LINE('',#8148,#1576);
#1129=LINE('',#8150,#1577);
#1130=LINE('',#8152,#1578);
#1131=LINE('',#8154,#1579);
#1132=LINE('',#8156,#1580);
#1133=LINE('',#8158,#1581);
#1134=LINE('',#8160,#1582);
#1135=LINE('',#8162,#1583);
#1136=LINE('',#8164,#1584);
#1137=LINE('',#8166,#1585);
#1138=LINE('',#8168,#1586);
#1139=LINE('',#8169,#1587);
#1140=LINE('',#8171,#1588);
#1141=LINE('',#8173,#1589);
#1142=LINE('',#8177,#1590);
#1143=LINE('',#8179,#1591);
#1144=LINE('',#8184,#1592);
#1145=LINE('',#8186,#1593);
#1146=LINE('',#8188,#1594);
#1147=LINE('',#8189,#1595);
#1148=LINE('',#8192,#1596);
#1149=LINE('',#8196,#1597);
#1150=LINE('',#8200,#1598);
#1151=LINE('',#8204,#1599);
#1152=LINE('',#8231,#1600);
#1153=LINE('',#8258,#1601);
#1154=LINE('',#8260,#1602);
#1155=LINE('',#8261,#1603);
#1156=LINE('',#8266,#1604);
#1157=LINE('',#8268,#1605);
#1158=LINE('',#8270,#1606);
#1159=LINE('',#8272,#1607);
#1160=LINE('',#8274,#1608);
#1161=LINE('',#8275,#1609);
#1162=LINE('',#8277,#1610);
#1163=LINE('',#8279,#1611);
#1164=LINE('',#8280,#1612);
#1165=LINE('',#8284,#1613);
#1166=LINE('',#8285,#1614);
#1167=LINE('',#8286,#1615);
#1168=LINE('',#8289,#1616);
#1169=LINE('',#8290,#1617);
#1170=LINE('',#8295,#1618);
#1171=LINE('',#8297,#1619);
#1172=LINE('',#8298,#1620);
#1173=LINE('',#8301,#1621);
#1174=LINE('',#8303,#1622);
#1175=LINE('',#8305,#1623);
#1176=LINE('',#8306,#1624);
#1177=LINE('',#8308,#1625);
#1178=LINE('',#8310,#1626);
#1179=LINE('',#8312,#1627);
#1180=LINE('',#8314,#1628);
#1181=LINE('',#8316,#1629);
#1182=LINE('',#8317,#1630);
#1183=LINE('',#8319,#1631);
#1184=LINE('',#8320,#1632);
#1185=LINE('',#8322,#1633);
#1186=LINE('',#8326,#1634);
#1187=LINE('',#8328,#1635);
#1188=LINE('',#8331,#1636);
#1189=LINE('',#8333,#1637);
#1190=LINE('',#8334,#1638);
#1191=LINE('',#8337,#1639);
#1192=LINE('',#8338,#1640);
#1193=LINE('',#8344,#1641);
#1194=LINE('',#8345,#1642);
#1195=LINE('',#8346,#1643);
#1196=LINE('',#8349,#1644);
#1197=LINE('',#8353,#1645);
#1198=LINE('',#8357,#1646);
#1199=LINE('',#8363,#1647);
#1200=LINE('',#8365,#1648);
#1201=LINE('',#8366,#1649);
#1202=LINE('',#8368,#1650);
#1203=LINE('',#8370,#1651);
#1204=LINE('',#8371,#1652);
#1205=LINE('',#8372,#1653);
#1206=LINE('',#8374,#1654);
#1207=LINE('',#8376,#1655);
#1208=LINE('',#8380,#1656);
#1209=LINE('',#8382,#1657);
#1210=LINE('',#8384,#1658);
#1211=LINE('',#8385,#1659);
#1212=LINE('',#8388,#1660);
#1213=LINE('',#8390,#1661);
#1214=LINE('',#8391,#1662);
#1215=LINE('',#8396,#1663);
#1216=LINE('',#8397,#1664);
#1217=LINE('',#8408,#1665);
#1218=LINE('',#8409,#1666);
#1219=LINE('',#8411,#1667);
#1220=LINE('',#8413,#1668);
#1221=LINE('',#8414,#1669);
#1222=LINE('',#8417,#1670);
#1223=LINE('',#8418,#1671);
#1224=LINE('',#8421,#1672);
#1225=LINE('',#8422,#1673);
#1226=LINE('',#8425,#1674);
#1227=LINE('',#8426,#1675);
#1228=LINE('',#8429,#1676);
#1229=LINE('',#8430,#1677);
#1230=LINE('',#8433,#1678);
#1231=LINE('',#8434,#1679);
#1232=LINE('',#8437,#1680);
#1233=LINE('',#8441,#1681);
#1234=LINE('',#8445,#1682);
#1235=LINE('',#8449,#1683);
#1236=LINE('',#8454,#1684);
#1237=LINE('',#8458,#1685);
#1238=LINE('',#8459,#1686);
#1239=LINE('',#8462,#1687);
#1240=LINE('',#8465,#1688);
#1241=LINE('',#8471,#1689);
#1242=LINE('',#8474,#1690);
#1243=LINE('',#8477,#1691);
#1244=LINE('',#8479,#1692);
#1245=LINE('',#8481,#1693);
#1246=LINE('',#8483,#1694);
#1247=LINE('',#8485,#1695);
#1248=LINE('',#8487,#1696);
#1249=LINE('',#8489,#1697);
#1250=LINE('',#8490,#1698);
#1251=LINE('',#8493,#1699);
#1252=LINE('',#8495,#1700);
#1253=LINE('',#8497,#1701);
#1254=LINE('',#8499,#1702);
#1255=LINE('',#8501,#1703);
#1256=LINE('',#8505,#1704);
#1257=LINE('',#8512,#1705);
#1258=LINE('',#8518,#1706);
#1259=LINE('',#8521,#1707);
#1260=LINE('',#8523,#1708);
#1261=LINE('',#8524,#1709);
#1262=LINE('',#8527,#1710);
#1263=LINE('',#8538,#1711);
#1264=LINE('',#8546,#1712);
#1265=LINE('',#8554,#1713);
#1266=LINE('',#8562,#1714);
#1267=LINE('',#8570,#1715);
#1268=LINE('',#8571,#1716);
#1269=LINE('',#8645,#1717);
#1270=LINE('',#8648,#1718);
#1271=LINE('',#8651,#1719);
#1272=LINE('',#8652,#1720);
#1273=LINE('',#8654,#1721);
#1274=LINE('',#8656,#1722);
#1275=LINE('',#8657,#1723);
#1276=LINE('',#8659,#1724);
#1277=LINE('',#8660,#1725);
#1278=LINE('',#8726,#1726);
#1279=LINE('',#8729,#1727);
#1280=LINE('',#8733,#1728);
#1281=LINE('',#8737,#1729);
#1282=LINE('',#8742,#1730);
#1283=LINE('',#8746,#1731);
#1284=LINE('',#8750,#1732);
#1285=LINE('',#8754,#1733);
#1286=LINE('',#8758,#1734);
#1287=LINE('',#8762,#1735);
#1288=LINE('',#8766,#1736);
#1289=LINE('',#8771,#1737);
#1290=LINE('',#8775,#1738);
#1291=LINE('',#8780,#1739);
#1292=LINE('',#8784,#1740);
#1293=LINE('',#8788,#1741);
#1294=LINE('',#8792,#1742);
#1295=LINE('',#8796,#1743);
#1296=LINE('',#8800,#1744);
#1297=LINE('',#8804,#1745);
#1298=LINE('',#8808,#1746);
#1299=LINE('',#8812,#1747);
#1300=LINE('',#8822,#1748);
#1301=LINE('',#8823,#1749);
#1302=LINE('',#8825,#1750);
#1303=LINE('',#8827,#1751);
#1304=LINE('',#8828,#1752);
#1305=LINE('',#8829,#1753);
#1306=LINE('',#8841,#1754);
#1307=LINE('',#8843,#1755);
#1308=LINE('',#8845,#1756);
#1309=LINE('',#8848,#1757);
#1310=LINE('',#8853,#1758);
#1311=LINE('',#8856,#1759);
#1312=LINE('',#8860,#1760);
#1313=LINE('',#8865,#1761);
#1314=LINE('',#8867,#1762);
#1315=LINE('',#8869,#1763);
#1316=LINE('',#8871,#1764);
#1317=LINE('',#8872,#1765);
#1318=LINE('',#8874,#1766);
#1319=LINE('',#8876,#1767);
#1320=LINE('',#8878,#1768);
#1321=LINE('',#8880,#1769);
#1322=LINE('',#8882,#1770);
#1323=LINE('',#8884,#1771);
#1324=LINE('',#8886,#1772);
#1325=LINE('',#8888,#1773);
#1326=LINE('',#8889,#1774);
#1327=LINE('',#8891,#1775);
#1328=LINE('',#8893,#1776);
#1329=LINE('',#8895,#1777);
#1330=LINE('',#8897,#1778);
#1331=LINE('',#8898,#1779);
#1332=LINE('',#8900,#1780);
#1333=LINE('',#8902,#1781);
#1334=LINE('',#8904,#1782);
#1335=LINE('',#8905,#1783);
#1336=LINE('',#8908,#1784);
#1337=LINE('',#8909,#1785);
#1338=LINE('',#8911,#1786);
#1339=LINE('',#8913,#1787);
#1340=LINE('',#8915,#1788);
#1341=LINE('',#8916,#1789);
#1342=LINE('',#8918,#1790);
#1343=LINE('',#8921,#1791);
#1344=LINE('',#8923,#1792);
#1345=LINE('',#8925,#1793);
#1346=LINE('',#8931,#1794);
#1347=LINE('',#8933,#1795);
#1348=LINE('',#8938,#1796);
#1349=LINE('',#8940,#1797);
#1350=LINE('',#8945,#1798);
#1351=LINE('',#8947,#1799);
#1352=LINE('',#8952,#1800);
#1353=LINE('',#8954,#1801);
#1354=LINE('',#8959,#1802);
#1355=LINE('',#8961,#1803);
#1356=LINE('',#8966,#1804);
#1357=LINE('',#8968,#1805);
#1358=LINE('',#8971,#1806);
#1359=LINE('',#8975,#1807);
#1360=LINE('',#8979,#1808);
#1361=LINE('',#8984,#1809);
#1362=LINE('',#8989,#1810);
#1363=LINE('',#8993,#1811);
#1364=LINE('',#8998,#1812);
#1365=LINE('',#9002,#1813);
#1366=LINE('',#9007,#1814);
#1367=LINE('',#9011,#1815);
#1368=LINE('',#9016,#1816);
#1369=LINE('',#9018,#1817);
#1370=LINE('',#9023,#1818);
#1371=LINE('',#9027,#1819);
#1372=LINE('',#9032,#1820);
#1373=LINE('',#9034,#1821);
#1374=LINE('',#9037,#1822);
#1375=LINE('',#9038,#1823);
#1376=LINE('',#9055,#1824);
#1377=LINE('',#9058,#1825);
#1378=LINE('',#9060,#1826);
#1379=LINE('',#9063,#1827);
#1380=LINE('',#9067,#1828);
#1381=LINE('',#9070,#1829);
#1382=LINE('',#9073,#1830);
#1383=VECTOR('',#5595,1.25);
#1384=VECTOR('',#5602,10.);
#1385=VECTOR('',#5603,10.);
#1386=VECTOR('',#5606,10.);
#1387=VECTOR('',#5609,10.);
#1388=VECTOR('',#5610,10.);
#1389=VECTOR('',#5611,10.);
#1390=VECTOR('',#5614,10.);
#1391=VECTOR('',#5617,10.);
#1392=VECTOR('',#5620,10.);
#1393=VECTOR('',#5623,10.);
#1394=VECTOR('',#5626,10.);
#1395=VECTOR('',#5629,10.);
#1396=VECTOR('',#5632,10.);
#1397=VECTOR('',#5635,10.);
#1398=VECTOR('',#5644,1.);
#1399=VECTOR('',#5649,1.25);
#1400=VECTOR('',#5656,1.);
#1401=VECTOR('',#5663,1.25);
#1402=VECTOR('',#5670,10.);
#1403=VECTOR('',#5671,10.);
#1404=VECTOR('',#5674,10.);
#1405=VECTOR('',#5677,10.);
#1406=VECTOR('',#5680,10.);
#1407=VECTOR('',#5683,10.);
#1408=VECTOR('',#5686,10.);
#1409=VECTOR('',#5689,10.);
#1410=VECTOR('',#5692,10.);
#1411=VECTOR('',#5695,10.);
#1412=VECTOR('',#5696,10.);
#1413=VECTOR('',#5697,10.);
#1414=VECTOR('',#5700,10.);
#1415=VECTOR('',#5703,10.);
#1416=VECTOR('',#5712,1.);
#1417=VECTOR('',#5717,1.25);
#1418=VECTOR('',#5724,1.);
#1419=VECTOR('',#5729,0.5);
#1420=VECTOR('',#5732,0.5);
#1421=VECTOR('',#5735,0.5);
#1422=VECTOR('',#5738,0.5);
#1423=VECTOR('',#5743,10.);
#1424=VECTOR('',#5746,10.);
#1425=VECTOR('',#5759,10.);
#1426=VECTOR('',#5760,10.);
#1427=VECTOR('',#5769,10.);
#1428=VECTOR('',#5772,10.);
#1429=VECTOR('',#5775,10.);
#1430=VECTOR('',#5776,10.);
#1431=VECTOR('',#5783,10.);
#1432=VECTOR('',#5786,10.);
#1433=VECTOR('',#5799,10.);
#1434=VECTOR('',#5800,10.);
#1435=VECTOR('',#5809,10.);
#1436=VECTOR('',#5812,10.);
#1437=VECTOR('',#5815,10.);
#1438=VECTOR('',#5816,10.);
#1439=VECTOR('',#5821,10.);
#1440=VECTOR('',#5822,10.);
#1441=VECTOR('',#5823,10.);
#1442=VECTOR('',#5824,10.);
#1443=VECTOR('',#5829,10.);
#1444=VECTOR('',#5834,10.);
#1445=VECTOR('',#5835,10.);
#1446=VECTOR('',#5836,10.);
#1447=VECTOR('',#5841,10.);
#1448=VECTOR('',#5846,10.);
#1449=VECTOR('',#5847,10.);
#1450=VECTOR('',#5848,10.);
#1451=VECTOR('',#5853,10.);
#1452=VECTOR('',#5858,10.);
#1453=VECTOR('',#5859,10.);
#1454=VECTOR('',#5860,10.);
#1455=VECTOR('',#5871,10.);
#1456=VECTOR('',#5874,10.);
#1457=VECTOR('',#5877,10.);
#1458=VECTOR('',#5878,10.);
#1459=VECTOR('',#5879,10.);
#1460=VECTOR('',#5880,10.);
#1461=VECTOR('',#5885,10.);
#1462=VECTOR('',#5890,10.);
#1463=VECTOR('',#5891,10.);
#1464=VECTOR('',#5892,10.);
#1465=VECTOR('',#5897,10.);
#1466=VECTOR('',#5902,10.);
#1467=VECTOR('',#5903,10.);
#1468=VECTOR('',#5904,10.);
#1469=VECTOR('',#5909,10.);
#1470=VECTOR('',#5914,10.);
#1471=VECTOR('',#5915,10.);
#1472=VECTOR('',#5916,10.);
#1473=VECTOR('',#5927,10.);
#1474=VECTOR('',#5930,10.);
#1475=VECTOR('',#5933,10.);
#1476=VECTOR('',#5934,10.);
#1477=VECTOR('',#5935,10.);
#1478=VECTOR('',#5936,10.);
#1479=VECTOR('',#5941,10.);
#1480=VECTOR('',#5946,10.);
#1481=VECTOR('',#5947,10.);
#1482=VECTOR('',#5948,10.);
#1483=VECTOR('',#5953,10.);
#1484=VECTOR('',#5958,10.);
#1485=VECTOR('',#5959,10.);
#1486=VECTOR('',#5960,10.);
#1487=VECTOR('',#5965,10.);
#1488=VECTOR('',#5970,10.);
#1489=VECTOR('',#5971,10.);
#1490=VECTOR('',#5972,10.);
#1491=VECTOR('',#5983,10.);
#1492=VECTOR('',#5986,10.);
#1493=VECTOR('',#5987,10.);
#1494=VECTOR('',#5988,10.);
#1495=VECTOR('',#5989,10.);
#1496=VECTOR('',#5994,10.);
#1497=VECTOR('',#5999,10.);
#1498=VECTOR('',#6000,10.);
#1499=VECTOR('',#6001,10.);
#1500=VECTOR('',#6006,10.);
#1501=VECTOR('',#6011,10.);
#1502=VECTOR('',#6012,10.);
#1503=VECTOR('',#6013,10.);
#1504=VECTOR('',#6018,10.);
#1505=VECTOR('',#6023,10.);
#1506=VECTOR('',#6024,10.);
#1507=VECTOR('',#6025,10.);
#1508=VECTOR('',#6036,10.);
#1509=VECTOR('',#6039,10.);
#1510=VECTOR('',#6040,10.);
#1511=VECTOR('',#6041,10.);
#1512=VECTOR('',#6044,10.);
#1513=VECTOR('',#6049,10.);
#1514=VECTOR('',#6050,10.);
#1515=VECTOR('',#6051,10.);
#1516=VECTOR('',#6054,10.);
#1517=VECTOR('',#6059,10.);
#1518=VECTOR('',#6064,10.);
#1519=VECTOR('',#6069,10.);
#1520=VECTOR('',#6070,10.);
#1521=VECTOR('',#6077,10.);
#1522=VECTOR('',#6078,10.);
#1523=VECTOR('',#6087,10.);
#1524=VECTOR('',#6090,10.);
#1525=VECTOR('',#6103,10.);
#1526=VECTOR('',#6104,10.);
#1527=VECTOR('',#6117,10.);
#1528=VECTOR('',#6118,10.);
#1529=VECTOR('',#6131,10.);
#1530=VECTOR('',#6132,10.);
#1531=VECTOR('',#6141,10.);
#1532=VECTOR('',#6144,10.);
#1533=VECTOR('',#6147,10.);
#1534=VECTOR('',#6148,10.);
#1535=VECTOR('',#6151,10.);
#1536=VECTOR('',#6156,10.);
#1537=VECTOR('',#6157,10.);
#1538=VECTOR('',#6160,10.);
#1539=VECTOR('',#6161,10.);
#1540=VECTOR('',#6164,10.);
#1541=VECTOR('',#6167,10.);
#1542=VECTOR('',#6170,10.);
#1543=VECTOR('',#6173,10.);
#1544=VECTOR('',#6188,10.);
#1545=VECTOR('',#6191,10.);
#1546=VECTOR('',#6208,10.);
#1547=VECTOR('',#6209,10.);
#1548=VECTOR('',#6218,10.);
#1549=VECTOR('',#6219,10.);
#1550=VECTOR('',#6230,10.);
#1551=VECTOR('',#6231,10.);
#1552=VECTOR('',#6242,10.);
#1553=VECTOR('',#6245,10.);
#1554=VECTOR('',#6246,10.);
#1555=VECTOR('',#6249,10.);
#1556=VECTOR('',#6252,10.);
#1557=VECTOR('',#6255,10.);
#1558=VECTOR('',#6258,10.);
#1559=VECTOR('',#6263,10.);
#1560=VECTOR('',#6266,10.);
#1561=VECTOR('',#6267,10.);
#1562=VECTOR('',#6270,10.);
#1563=VECTOR('',#6273,10.);
#1564=VECTOR('',#6282,10.);
#1565=VECTOR('',#6291,10.);
#1566=VECTOR('',#6300,10.);
#1567=VECTOR('',#6307,10.);
#1568=VECTOR('',#6310,10.);
#1569=VECTOR('',#6311,10.);
#1570=VECTOR('',#6314,10.);
#1571=VECTOR('',#6317,10.);
#1572=VECTOR('',#6320,10.);
#1573=VECTOR('',#6321,10.);
#1574=VECTOR('',#6322,10.);
#1575=VECTOR('',#6323,10.);
#1576=VECTOR('',#6324,10.);
#1577=VECTOR('',#6325,10.);
#1578=VECTOR('',#6326,10.);
#1579=VECTOR('',#6327,10.);
#1580=VECTOR('',#6328,10.);
#1581=VECTOR('',#6329,10.);
#1582=VECTOR('',#6330,10.);
#1583=VECTOR('',#6331,10.);
#1584=VECTOR('',#6332,10.);
#1585=VECTOR('',#6333,10.);
#1586=VECTOR('',#6334,10.);
#1587=VECTOR('',#6335,10.);
#1588=VECTOR('',#6338,10.);
#1589=VECTOR('',#6341,10.);
#1590=VECTOR('',#6346,10.);
#1591=VECTOR('',#6349,10.);
#1592=VECTOR('',#6354,10.);
#1593=VECTOR('',#6355,10.);
#1594=VECTOR('',#6356,10.);
#1595=VECTOR('',#6357,10.);
#1596=VECTOR('',#6360,10.);
#1597=VECTOR('',#6363,10.);
#1598=VECTOR('',#6366,10.);
#1599=VECTOR('',#6369,10.);
#1600=VECTOR('',#6372,10.);
#1601=VECTOR('',#6375,10.);
#1602=VECTOR('',#6376,10.);
#1603=VECTOR('',#6377,10.);
#1604=VECTOR('',#6382,10.);
#1605=VECTOR('',#6383,10.);
#1606=VECTOR('',#6384,10.);
#1607=VECTOR('',#6385,10.);
#1608=VECTOR('',#6386,10.);
#1609=VECTOR('',#6387,10.);
#1610=VECTOR('',#6388,10.);
#1611=VECTOR('',#6389,10.);
#1612=VECTOR('',#6390,10.);
#1613=VECTOR('',#6393,10.);
#1614=VECTOR('',#6394,10.);
#1615=VECTOR('',#6395,10.);
#1616=VECTOR('',#6398,10.);
#1617=VECTOR('',#6399,10.);
#1618=VECTOR('',#6404,10.);
#1619=VECTOR('',#6405,10.);
#1620=VECTOR('',#6406,10.);
#1621=VECTOR('',#6409,10.);
#1622=VECTOR('',#6410,10.);
#1623=VECTOR('',#6411,10.);
#1624=VECTOR('',#6412,10.);
#1625=VECTOR('',#6413,10.);
#1626=VECTOR('',#6414,10.);
#1627=VECTOR('',#6415,10.);
#1628=VECTOR('',#6416,10.);
#1629=VECTOR('',#6417,10.);
#1630=VECTOR('',#6418,10.);
#1631=VECTOR('',#6421,10.);
#1632=VECTOR('',#6422,10.);
#1633=VECTOR('',#6425,10.);
#1634=VECTOR('',#6430,10.);
#1635=VECTOR('',#6433,10.);
#1636=VECTOR('',#6436,10.);
#1637=VECTOR('',#6437,10.);
#1638=VECTOR('',#6438,10.);
#1639=VECTOR('',#6441,10.);
#1640=VECTOR('',#6442,10.);
#1641=VECTOR('',#6447,10.);
#1642=VECTOR('',#6448,10.);
#1643=VECTOR('',#6449,10.);
#1644=VECTOR('',#6452,10.);
#1645=VECTOR('',#6455,10.);
#1646=VECTOR('',#6458,10.);
#1647=VECTOR('',#6465,10.);
#1648=VECTOR('',#6466,10.);
#1649=VECTOR('',#6467,10.);
#1650=VECTOR('',#6468,10.);
#1651=VECTOR('',#6469,10.);
#1652=VECTOR('',#6470,10.);
#1653=VECTOR('',#6471,10.);
#1654=VECTOR('',#6474,10.);
#1655=VECTOR('',#6477,10.);
#1656=VECTOR('',#6480,10.);
#1657=VECTOR('',#6481,10.);
#1658=VECTOR('',#6482,10.);
#1659=VECTOR('',#6483,10.);
#1660=VECTOR('',#6486,10.);
#1661=VECTOR('',#6487,10.);
#1662=VECTOR('',#6488,10.);
#1663=VECTOR('',#6493,10.);
#1664=VECTOR('',#6494,10.);
#1665=VECTOR('',#6497,10.);
#1666=VECTOR('',#6498,10.);
#1667=VECTOR('',#6499,10.);
#1668=VECTOR('',#6500,10.);
#1669=VECTOR('',#6501,10.);
#1670=VECTOR('',#6504,10.);
#1671=VECTOR('',#6505,10.);
#1672=VECTOR('',#6508,10.);
#1673=VECTOR('',#6509,10.);
#1674=VECTOR('',#6512,10.);
#1675=VECTOR('',#6513,10.);
#1676=VECTOR('',#6516,10.);
#1677=VECTOR('',#6517,10.);
#1678=VECTOR('',#6520,10.);
#1679=VECTOR('',#6521,10.);
#1680=VECTOR('',#6524,1.2);
#1681=VECTOR('',#6529,1.2);
#1682=VECTOR('',#6534,1.2);
#1683=VECTOR('',#6539,1.2);
#1684=VECTOR('',#6546,10.);
#1685=VECTOR('',#6551,10.);
#1686=VECTOR('',#6552,10.);
#1687=VECTOR('',#6555,10.);
#1688=VECTOR('',#6560,10.);
#1689=VECTOR('',#6565,10.);
#1690=VECTOR('',#6568,10.);
#1691=VECTOR('',#6571,10.);
#1692=VECTOR('',#6572,10.);
#1693=VECTOR('',#6573,10.);
#1694=VECTOR('',#6574,10.);
#1695=VECTOR('',#6575,10.);
#1696=VECTOR('',#6576,10.);
#1697=VECTOR('',#6577,10.);
#1698=VECTOR('',#6578,10.);
#1699=VECTOR('',#6581,10.);
#1700=VECTOR('',#6582,10.);
#1701=VECTOR('',#6583,10.);
#1702=VECTOR('',#6584,10.);
#1703=VECTOR('',#6585,10.);
#1704=VECTOR('',#6588,10.);
#1705=VECTOR('',#6597,10.);
#1706=VECTOR('',#6604,10.);
#1707=VECTOR('',#6607,10.);
#1708=VECTOR('',#6608,10.);
#1709=VECTOR('',#6609,10.);
#1710=VECTOR('',#6612,10.);
#1711=VECTOR('',#6623,10.);
#1712=VECTOR('',#6630,10.);
#1713=VECTOR('',#6637,10.);
#1714=VECTOR('',#6644,10.);
#1715=VECTOR('',#6653,10.);
#1716=VECTOR('',#6654,10.);
#1717=VECTOR('',#6665,10.);
#1718=VECTOR('',#6668,10.);
#1719=VECTOR('',#6671,10.);
#1720=VECTOR('',#6672,10.);
#1721=VECTOR('',#6673,10.);
#1722=VECTOR('',#6674,10.);
#1723=VECTOR('',#6675,10.);
#1724=VECTOR('',#6676,10.);
#1725=VECTOR('',#6677,10.);
#1726=VECTOR('',#6688,10.);
#1727=VECTOR('',#6691,10.);
#1728=VECTOR('',#6694,10.);
#1729=VECTOR('',#6697,10.);
#1730=VECTOR('',#6702,10.);
#1731=VECTOR('',#6705,10.);
#1732=VECTOR('',#6708,10.);
#1733=VECTOR('',#6711,10.);
#1734=VECTOR('',#6714,10.);
#1735=VECTOR('',#6717,10.);
#1736=VECTOR('',#6720,10.);
#1737=VECTOR('',#6725,10.);
#1738=VECTOR('',#6728,10.);
#1739=VECTOR('',#6733,10.);
#1740=VECTOR('',#6736,10.);
#1741=VECTOR('',#6739,10.);
#1742=VECTOR('',#6742,10.);
#1743=VECTOR('',#6745,10.);
#1744=VECTOR('',#6748,10.);
#1745=VECTOR('',#6751,10.);
#1746=VECTOR('',#6756,10.);
#1747=VECTOR('',#6761,10.);
#1748=VECTOR('',#6772,10.);
#1749=VECTOR('',#6773,10.);
#1750=VECTOR('',#6774,10.);
#1751=VECTOR('',#6775,10.);
#1752=VECTOR('',#6776,10.);
#1753=VECTOR('',#6777,10.);
#1754=VECTOR('',#6792,10.);
#1755=VECTOR('',#6795,10.);
#1756=VECTOR('',#6798,10.);
#1757=VECTOR('',#6801,10.);
#1758=VECTOR('',#6808,10.);
#1759=VECTOR('',#6811,10.);
#1760=VECTOR('',#6816,10.);
#1761=VECTOR('',#6823,10.);
#1762=VECTOR('',#6826,10.);
#1763=VECTOR('',#6829,10.);
#1764=VECTOR('',#6832,10.);
#1765=VECTOR('',#6833,10.);
#1766=VECTOR('',#6836,10.);
#1767=VECTOR('',#6839,10.);
#1768=VECTOR('',#6842,10.);
#1769=VECTOR('',#6845,10.);
#1770=VECTOR('',#6848,10.);
#1771=VECTOR('',#6851,10.);
#1772=VECTOR('',#6854,10.);
#1773=VECTOR('',#6857,10.);
#1774=VECTOR('',#6858,10.);
#1775=VECTOR('',#6861,10.);
#1776=VECTOR('',#6864,10.);
#1777=VECTOR('',#6867,10.);
#1778=VECTOR('',#6870,10.);
#1779=VECTOR('',#6871,10.);
#1780=VECTOR('',#6874,10.);
#1781=VECTOR('',#6877,10.);
#1782=VECTOR('',#6880,10.);
#1783=VECTOR('',#6881,10.);
#1784=VECTOR('',#6886,10.);
#1785=VECTOR('',#6887,10.);
#1786=VECTOR('',#6890,10.);
#1787=VECTOR('',#6893,10.);
#1788=VECTOR('',#6896,10.);
#1789=VECTOR('',#6897,10.);
#1790=VECTOR('',#6900,10.);
#1791=VECTOR('',#6905,10.);
#1792=VECTOR('',#6908,10.);
#1793=VECTOR('',#6911,10.);
#1794=VECTOR('',#6918,0.40575);
#1795=VECTOR('',#6921,0.8115);
#1796=VECTOR('',#6926,0.40575);
#1797=VECTOR('',#6929,0.8115);
#1798=VECTOR('',#6934,0.40575);
#1799=VECTOR('',#6937,0.8115);
#1800=VECTOR('',#6942,0.40575);
#1801=VECTOR('',#6945,0.8115);
#1802=VECTOR('',#6950,0.40575);
#1803=VECTOR('',#6953,0.8115);
#1804=VECTOR('',#6958,0.40575);
#1805=VECTOR('',#6961,0.8115);
#1806=VECTOR('',#6966,10.);
#1807=VECTOR('',#6973,10.);
#1808=VECTOR('',#6980,10.);
#1809=VECTOR('',#6989,10.);
#1810=VECTOR('',#6994,0.40575);
#1811=VECTOR('',#6999,0.8115);
#1812=VECTOR('',#7004,0.40575);
#1813=VECTOR('',#7009,0.8115);
#1814=VECTOR('',#7014,0.40575);
#1815=VECTOR('',#7019,0.8115);
#1816=VECTOR('',#7024,0.40575);
#1817=VECTOR('',#7027,0.8115);
#1818=VECTOR('',#7032,0.40575);
#1819=VECTOR('',#7037,0.8115);
#1820=VECTOR('',#7042,0.40575);
#1821=VECTOR('',#7045,0.8115);
#1822=VECTOR('',#7048,10.);
#1823=VECTOR('',#7049,10.);
#1824=VECTOR('',#7082,10.);
#1825=VECTOR('',#7087,10.);
#1826=VECTOR('',#7090,10.);
#1827=VECTOR('',#7095,10.);
#1828=VECTOR('',#7102,10.);
#1829=VECTOR('',#7107,10.);
#1830=VECTOR('',#7112,10.);
#1831=CIRCLE('',#5052,1.50000000000001);
#1832=CIRCLE('',#5053,1.);
#1833=CIRCLE('',#5054,1.);
#1834=CIRCLE('',#5056,6.25);
#1835=CIRCLE('',#5057,6.25);
#1836=CIRCLE('',#5058,2.);
#1837=CIRCLE('',#5059,2.50000000000092);
#1838=CIRCLE('',#5060,2.);
#1839=CIRCLE('',#5061,2.);
#1840=CIRCLE('',#5062,2.);
#1841=CIRCLE('',#5063,2.);
#1842=CIRCLE('',#5064,2.50000000000094);
#1843=CIRCLE('',#5065,2.);
#1844=CIRCLE('',#5066,1.50000000000001);
#1845=CIRCLE('',#5067,0.8115);
#1846=CIRCLE('',#5068,0.8115);
#1847=CIRCLE('',#5070,1.);
#1848=CIRCLE('',#5072,1.);
#1849=CIRCLE('',#5073,1.);
#1850=CIRCLE('',#5075,1.);
#1851=CIRCLE('',#5077,1.50000000000001);
#1852=CIRCLE('',#5078,1.);
#1853=CIRCLE('',#5079,1.);
#1854=CIRCLE('',#5081,2.);
#1855=CIRCLE('',#5082,2.50000000000168);
#1856=CIRCLE('',#5083,2.);
#1857=CIRCLE('',#5084,2.);
#1858=CIRCLE('',#5085,2.);
#1859=CIRCLE('',#5086,2.);
#1860=CIRCLE('',#5087,2.49999999999616);
#1861=CIRCLE('',#5088,2.);
#1862=CIRCLE('',#5089,6.25);
#1863=CIRCLE('',#5090,6.25);
#1864=CIRCLE('',#5091,1.50000000000001);
#1865=CIRCLE('',#5092,0.8115);
#1866=CIRCLE('',#5093,0.8115);
#1867=CIRCLE('',#5095,1.);
#1868=CIRCLE('',#5097,1.);
#1869=CIRCLE('',#5098,1.);
#1870=CIRCLE('',#5100,1.);
#1871=CIRCLE('',#5106,0.499999999999996);
#1872=CIRCLE('',#5107,0.5);
#1873=CIRCLE('',#5109,0.5);
#1874=CIRCLE('',#5110,1.5);
#1875=CIRCLE('',#5111,0.999999999999999);
#1876=CIRCLE('',#5113,0.5);
#1877=CIRCLE('',#5115,1.5);
#1878=CIRCLE('',#5116,1.);
#1879=CIRCLE('',#5118,1.5);
#1880=CIRCLE('',#5122,0.499999999999996);
#1881=CIRCLE('',#5123,0.5);
#1882=CIRCLE('',#5125,0.5);
#1883=CIRCLE('',#5126,1.5);
#1884=CIRCLE('',#5127,0.999999999999999);
#1885=CIRCLE('',#5129,0.5);
#1886=CIRCLE('',#5131,1.5);
#1887=CIRCLE('',#5132,0.999999999999999);
#1888=CIRCLE('',#5134,1.5);
#1889=CIRCLE('',#5139,1.5);
#1890=CIRCLE('',#5140,1.5);
#1891=CIRCLE('',#5143,1.50000000000001);
#1892=CIRCLE('',#5144,1.50000000000001);
#1893=CIRCLE('',#5147,1.5);
#1894=CIRCLE('',#5148,1.5);
#1895=CIRCLE('',#5151,1.5);
#1896=CIRCLE('',#5152,1.5);
#1897=CIRCLE('',#5154,1.5);
#1898=CIRCLE('',#5155,1.5);
#1899=CIRCLE('',#5158,1.5);
#1900=CIRCLE('',#5159,1.5);
#1901=CIRCLE('',#5162,1.50000000000001);
#1902=CIRCLE('',#5163,1.50000000000001);
#1903=CIRCLE('',#5166,1.5);
#1904=CIRCLE('',#5167,1.5);
#1905=CIRCLE('',#5170,1.5);
#1906=CIRCLE('',#5171,1.5);
#1907=CIRCLE('',#5173,1.5);
#1908=CIRCLE('',#5174,1.5);
#1909=CIRCLE('',#5177,1.5);
#1910=CIRCLE('',#5178,1.5);
#1911=CIRCLE('',#5181,1.5);
#1912=CIRCLE('',#5182,1.5);
#1913=CIRCLE('',#5185,1.50000000000001);
#1914=CIRCLE('',#5186,1.50000000000001);
#1915=CIRCLE('',#5189,1.5);
#1916=CIRCLE('',#5190,1.5);
#1917=CIRCLE('',#5192,1.5);
#1918=CIRCLE('',#5195,1.5);
#1919=CIRCLE('',#5196,1.5);
#1920=CIRCLE('',#5199,1.50000000000001);
#1921=CIRCLE('',#5200,1.50000000000001);
#1922=CIRCLE('',#5203,1.5);
#1923=CIRCLE('',#5204,1.5);
#1924=CIRCLE('',#5207,1.5);
#1925=CIRCLE('',#5208,1.5);
#1926=CIRCLE('',#5210,1.5);
#1927=CIRCLE('',#5228,0.5);
#1928=CIRCLE('',#5229,0.5);
#1929=CIRCLE('',#5231,0.499999999999986);
#1930=CIRCLE('',#5232,1.);
#1931=CIRCLE('',#5233,1.5);
#1932=CIRCLE('',#5235,0.499999999999995);
#1933=CIRCLE('',#5237,0.499999999999991);
#1934=CIRCLE('',#5238,1.);
#1935=CIRCLE('',#5239,1.5);
#1936=CIRCLE('',#5241,0.5);
#1937=CIRCLE('',#5243,0.500000000000004);
#1938=CIRCLE('',#5244,1.);
#1939=CIRCLE('',#5245,1.5);
#1940=CIRCLE('',#5247,0.500000000000004);
#1941=CIRCLE('',#5249,1.);
#1942=CIRCLE('',#5250,1.5);
#1943=CIRCLE('',#5252,1.);
#1944=CIRCLE('',#5255,1.);
#1945=CIRCLE('',#5258,5.);
#1946=CIRCLE('',#5259,5.);
#1947=CIRCLE('',#5261,0.600000000000001);
#1948=CIRCLE('',#5264,5.);
#1949=CIRCLE('',#5265,0.600000000000001);
#1950=CIRCLE('',#5266,5.6);
#1951=CIRCLE('',#5268,0.599999999999989);
#1952=CIRCLE('',#5269,0.600000000000001);
#1953=CIRCLE('',#5271,5.6);
#1954=CIRCLE('',#5272,5.);
#1955=CIRCLE('',#5274,0.599999999999999);
#1956=CIRCLE('',#5277,0.6);
#1957=CIRCLE('',#5281,0.600000000000001);
#1958=CIRCLE('',#5283,0.600000000000001);
#1959=CIRCLE('',#5284,2.);
#1960=CIRCLE('',#5285,1.4);
#1961=CIRCLE('',#5289,2.);
#1962=CIRCLE('',#5290,1.4);
#1963=CIRCLE('',#5302,2.);
#1964=CIRCLE('',#5305,2.);
#1965=CIRCLE('',#5306,2.);
#1966=CIRCLE('',#5309,2.);
#1967=CIRCLE('',#5310,2.);
#1968=CIRCLE('',#5313,2.);
#1969=CIRCLE('',#5329,2.);
#1970=CIRCLE('',#5330,2.5);
#1971=CIRCLE('',#5331,2.);
#1972=CIRCLE('',#5334,0.8115);
#1973=CIRCLE('',#5338,1.3);
#1974=CIRCLE('',#5343,1.3);
#1975=CIRCLE('',#5348,1.3);
#1976=CIRCLE('',#5351,2.);
#1977=CIRCLE('',#5352,2.5);
#1978=CIRCLE('',#5353,2.);
#1979=CIRCLE('',#5354,0.8115);
#1980=CIRCLE('',#5360,1.3);
#1981=CIRCLE('',#5369,1.1);
#1982=CIRCLE('',#5371,1.1);
#1983=CIRCLE('',#5373,1.1);
#1984=CIRCLE('',#5375,1.1);
#1985=CIRCLE('',#5378,1.);
#1986=CIRCLE('',#5381,1.);
#1987=CIRCLE('',#5384,0.5);
#1988=CIRCLE('',#5385,0.5);
#1989=CIRCLE('',#5391,0.5);
#1990=CIRCLE('',#5392,0.5);
#1991=CIRCLE('',#5394,0.5);
#1992=CIRCLE('',#5395,0.5);
#1993=CIRCLE('',#5398,1.5);
#1994=CIRCLE('',#5399,2.5);
#1995=CIRCLE('',#5400,2.5);
#1996=CIRCLE('',#5401,1.5);
#1997=CIRCLE('',#5402,2.5);
#1998=CIRCLE('',#5403,2.5);
#1999=CIRCLE('',#5404,1.5);
#2000=CIRCLE('',#5405,2.5);
#2001=CIRCLE('',#5406,2.5);
#2002=CIRCLE('',#5407,1.5);
#2003=CIRCLE('',#5408,2.5);
#2004=CIRCLE('',#5409,2.5);
#2005=CIRCLE('',#5410,1.5);
#2006=CIRCLE('',#5411,2.5);
#2007=CIRCLE('',#5412,2.5);
#2008=CIRCLE('',#5413,1.5);
#2009=CIRCLE('',#5415,0.499999999999999);
#2010=CIRCLE('',#5421,2.5);
#2011=CIRCLE('',#5425,0.499999999999998);
#2012=CIRCLE('',#5429,2.);
#2013=CIRCLE('',#5430,2.5);
#2014=CIRCLE('',#5431,2.);
#2015=CIRCLE('',#5432,2.);
#2016=CIRCLE('',#5433,2.49999999999616);
#2017=CIRCLE('',#5434,2.);
#2018=CIRCLE('',#5435,2.);
#2019=CIRCLE('',#5436,2.);
#2020=CIRCLE('',#5437,2.);
#2021=CIRCLE('',#5438,2.50000000000168);
#2022=CIRCLE('',#5439,2.);
#2023=CIRCLE('',#5440,2.);
#2024=CIRCLE('',#5441,2.5);
#2025=CIRCLE('',#5442,2.);
#2026=CIRCLE('',#5443,2.);
#2027=CIRCLE('',#5444,2.50000000000094);
#2028=CIRCLE('',#5445,2.);
#2029=CIRCLE('',#5446,2.);
#2030=CIRCLE('',#5447,2.);
#2031=CIRCLE('',#5448,2.);
#2032=CIRCLE('',#5449,2.50000000000092);
#2033=CIRCLE('',#5450,2.);
#2034=CIRCLE('',#5452,2.5);
#2035=CIRCLE('',#5454,2.5);
#2036=CIRCLE('',#5455,1.5);
#2037=CIRCLE('',#5456,2.5);
#2038=CIRCLE('',#5457,0.8115);
#2039=CIRCLE('',#5460,2.5);
#2040=CIRCLE('',#5461,1.5);
#2041=CIRCLE('',#5462,2.5);
#2042=CIRCLE('',#5463,0.8115);
#2043=CIRCLE('',#5465,2.5);
#2044=CIRCLE('',#5469,2.5);
#2045=CIRCLE('',#5471,2.5);
#2046=CIRCLE('',#5473,2.5);
#2047=CIRCLE('',#5475,2.5);
#2048=CIRCLE('',#5477,2.5);
#2049=CIRCLE('',#5508,0.8115);
#2050=CIRCLE('',#5511,0.8115);
#2051=CIRCLE('',#5514,0.8115);
#2052=CIRCLE('',#5517,0.8115);
#2053=CIRCLE('',#5520,0.8115);
#2054=CIRCLE('',#5523,0.8115);
#2055=CIRCLE('',#5538,0.8115);
#2056=CIRCLE('',#5540,0.8115);
#2057=CIRCLE('',#5542,0.8115);
#2058=CIRCLE('',#5544,0.8115);
#2059=CIRCLE('',#5546,0.8115);
#2060=CIRCLE('',#5548,0.8115);
#2061=CIRCLE('',#5550,0.8115);
#2062=CIRCLE('',#5553,0.8115);
#2063=CIRCLE('',#5555,0.8115);
#2064=CIRCLE('',#5557,0.8115);
#2065=CIRCLE('',#5561,1.5);
#2066=CIRCLE('',#5564,1.5);
#2067=CIRCLE('',#5567,1.5);
#2068=CIRCLE('',#5572,1.5);
#2069=VERTEX_POINT('',#7117);
#2070=VERTEX_POINT('',#7119);
#2071=VERTEX_POINT('',#7121);
#2072=VERTEX_POINT('',#7125);
#2073=VERTEX_POINT('',#7126);
#2074=VERTEX_POINT('',#7128);
#2075=VERTEX_POINT('',#7130);
#2076=VERTEX_POINT('',#7132);
#2077=VERTEX_POINT('',#7134);
#2078=VERTEX_POINT('',#7136);
#2079=VERTEX_POINT('',#7138);
#2080=VERTEX_POINT('',#7140);
#2081=VERTEX_POINT('',#7142);
#2082=VERTEX_POINT('',#7144);
#2083=VERTEX_POINT('',#7146);
#2084=VERTEX_POINT('',#7148);
#2085=VERTEX_POINT('',#7150);
#2086=VERTEX_POINT('',#7152);
#2087=VERTEX_POINT('',#7154);
#2088=VERTEX_POINT('',#7156);
#2089=VERTEX_POINT('',#7158);
#2090=VERTEX_POINT('',#7160);
#2091=VERTEX_POINT('',#7162);
#2092=VERTEX_POINT('',#7164);
#2093=VERTEX_POINT('',#7166);
#2094=VERTEX_POINT('',#7168);
#2095=VERTEX_POINT('',#7170);
#2096=VERTEX_POINT('',#7173);
#2097=VERTEX_POINT('',#7175);
#2098=VERTEX_POINT('',#7177);
#2099=VERTEX_POINT('',#7180);
#2100=VERTEX_POINT('',#7184);
#2101=VERTEX_POINT('',#7186);
#2102=VERTEX_POINT('',#7190);
#2103=VERTEX_POINT('',#7194);
#2104=VERTEX_POINT('',#7196);
#2105=VERTEX_POINT('',#7198);
#2106=VERTEX_POINT('',#7202);
#2107=VERTEX_POINT('',#7203);
#2108=VERTEX_POINT('',#7205);
#2109=VERTEX_POINT('',#7207);
#2110=VERTEX_POINT('',#7209);
#2111=VERTEX_POINT('',#7211);
#2112=VERTEX_POINT('',#7213);
#2113=VERTEX_POINT('',#7215);
#2114=VERTEX_POINT('',#7217);
#2115=VERTEX_POINT('',#7219);
#2116=VERTEX_POINT('',#7221);
#2117=VERTEX_POINT('',#7223);
#2118=VERTEX_POINT('',#7225);
#2119=VERTEX_POINT('',#7227);
#2120=VERTEX_POINT('',#7229);
#2121=VERTEX_POINT('',#7231);
#2122=VERTEX_POINT('',#7233);
#2123=VERTEX_POINT('',#7235);
#2124=VERTEX_POINT('',#7237);
#2125=VERTEX_POINT('',#7239);
#2126=VERTEX_POINT('',#7241);
#2127=VERTEX_POINT('',#7243);
#2128=VERTEX_POINT('',#7245);
#2129=VERTEX_POINT('',#7247);
#2130=VERTEX_POINT('',#7250);
#2131=VERTEX_POINT('',#7252);
#2132=VERTEX_POINT('',#7254);
#2133=VERTEX_POINT('',#7257);
#2134=VERTEX_POINT('',#7261);
#2135=VERTEX_POINT('',#7263);
#2136=VERTEX_POINT('',#7267);
#2137=VERTEX_POINT('',#7271);
#2138=VERTEX_POINT('',#7274);
#2139=VERTEX_POINT('',#7277);
#2140=VERTEX_POINT('',#7280);
#2141=VERTEX_POINT('',#7283);
#2142=VERTEX_POINT('',#7284);
#2143=VERTEX_POINT('',#7286);
#2144=VERTEX_POINT('',#7288);
#2145=VERTEX_POINT('',#7292);
#2146=VERTEX_POINT('',#7293);
#2147=VERTEX_POINT('',#7298);
#2148=VERTEX_POINT('',#7299);
#2149=VERTEX_POINT('',#7307);
#2150=VERTEX_POINT('',#7309);
#2151=VERTEX_POINT('',#7313);
#2152=VERTEX_POINT('',#7318);
#2153=VERTEX_POINT('',#7319);
#2154=VERTEX_POINT('',#7321);
#2155=VERTEX_POINT('',#7323);
#2156=VERTEX_POINT('',#7327);
#2157=VERTEX_POINT('',#7328);
#2158=VERTEX_POINT('',#7333);
#2159=VERTEX_POINT('',#7334);
#2160=VERTEX_POINT('',#7342);
#2161=VERTEX_POINT('',#7344);
#2162=VERTEX_POINT('',#7348);
#2163=VERTEX_POINT('',#7353);
#2164=VERTEX_POINT('',#7354);
#2165=VERTEX_POINT('',#7356);
#2166=VERTEX_POINT('',#7358);
#2167=VERTEX_POINT('',#7362);
#2168=VERTEX_POINT('',#7364);
#2169=VERTEX_POINT('',#7368);
#2170=VERTEX_POINT('',#7370);
#2171=VERTEX_POINT('',#7374);
#2172=VERTEX_POINT('',#7376);
#2173=VERTEX_POINT('',#7380);
#2174=VERTEX_POINT('',#7382);
#2175=VERTEX_POINT('',#7386);
#2176=VERTEX_POINT('',#7388);
#2177=VERTEX_POINT('',#7392);
#2178=VERTEX_POINT('',#7394);
#2179=VERTEX_POINT('',#7401);
#2180=VERTEX_POINT('',#7402);
#2181=VERTEX_POINT('',#7404);
#2182=VERTEX_POINT('',#7406);
#2183=VERTEX_POINT('',#7410);
#2184=VERTEX_POINT('',#7411);
#2185=VERTEX_POINT('',#7413);
#2186=VERTEX_POINT('',#7415);
#2187=VERTEX_POINT('',#7419);
#2188=VERTEX_POINT('',#7421);
#2189=VERTEX_POINT('',#7425);
#2190=VERTEX_POINT('',#7427);
#2191=VERTEX_POINT('',#7431);
#2192=VERTEX_POINT('',#7433);
#2193=VERTEX_POINT('',#7437);
#2194=VERTEX_POINT('',#7439);
#2195=VERTEX_POINT('',#7443);
#2196=VERTEX_POINT('',#7445);
#2197=VERTEX_POINT('',#7449);
#2198=VERTEX_POINT('',#7451);
#2199=VERTEX_POINT('',#7458);
#2200=VERTEX_POINT('',#7459);
#2201=VERTEX_POINT('',#7461);
#2202=VERTEX_POINT('',#7463);
#2203=VERTEX_POINT('',#7467);
#2204=VERTEX_POINT('',#7468);
#2205=VERTEX_POINT('',#7470);
#2206=VERTEX_POINT('',#7472);
#2207=VERTEX_POINT('',#7476);
#2208=VERTEX_POINT('',#7478);
#2209=VERTEX_POINT('',#7482);
#2210=VERTEX_POINT('',#7484);
#2211=VERTEX_POINT('',#7488);
#2212=VERTEX_POINT('',#7490);
#2213=VERTEX_POINT('',#7494);
#2214=VERTEX_POINT('',#7496);
#2215=VERTEX_POINT('',#7500);
#2216=VERTEX_POINT('',#7502);
#2217=VERTEX_POINT('',#7506);
#2218=VERTEX_POINT('',#7508);
#2219=VERTEX_POINT('',#7515);
#2220=VERTEX_POINT('',#7519);
#2221=VERTEX_POINT('',#7520);
#2222=VERTEX_POINT('',#7522);
#2223=VERTEX_POINT('',#7524);
#2224=VERTEX_POINT('',#7528);
#2225=VERTEX_POINT('',#7530);
#2226=VERTEX_POINT('',#7534);
#2227=VERTEX_POINT('',#7536);
#2228=VERTEX_POINT('',#7540);
#2229=VERTEX_POINT('',#7542);
#2230=VERTEX_POINT('',#7546);
#2231=VERTEX_POINT('',#7548);
#2232=VERTEX_POINT('',#7552);
#2233=VERTEX_POINT('',#7554);
#2234=VERTEX_POINT('',#7558);
#2235=VERTEX_POINT('',#7560);
#2236=VERTEX_POINT('',#7567);
#2237=VERTEX_POINT('',#7571);
#2238=VERTEX_POINT('',#7573);
#2239=VERTEX_POINT('',#7577);
#2240=VERTEX_POINT('',#7581);
#2241=VERTEX_POINT('',#7583);
#2242=VERTEX_POINT('',#7587);
#2243=VERTEX_POINT('',#7597);
#2244=VERTEX_POINT('',#7603);
#2245=VERTEX_POINT('',#7609);
#2246=VERTEX_POINT('',#7610);
#2247=VERTEX_POINT('',#7612);
#2248=VERTEX_POINT('',#7614);
#2249=VERTEX_POINT('',#7618);
#2250=VERTEX_POINT('',#7619);
#2251=VERTEX_POINT('',#7624);
#2252=VERTEX_POINT('',#7625);
#2253=VERTEX_POINT('',#7630);
#2254=VERTEX_POINT('',#7631);
#2255=VERTEX_POINT('',#7636);
#2256=VERTEX_POINT('',#7637);
#2257=VERTEX_POINT('',#7642);
#2258=VERTEX_POINT('',#7643);
#2259=VERTEX_POINT('',#7648);
#2260=VERTEX_POINT('',#7649);
#2261=VERTEX_POINT('',#7657);
#2262=VERTEX_POINT('',#7659);
#2263=VERTEX_POINT('',#7663);
#2264=VERTEX_POINT('',#7667);
#2265=VERTEX_POINT('',#7671);
#2266=VERTEX_POINT('',#7675);
#2267=VERTEX_POINT('',#7676);
#2268=VERTEX_POINT('',#7678);
#2269=VERTEX_POINT('',#7680);
#2270=VERTEX_POINT('',#7682);
#2271=VERTEX_POINT('',#7684);
#2272=VERTEX_POINT('',#7688);
#2273=VERTEX_POINT('',#7690);
#2274=VERTEX_POINT('',#7692);
#2275=VERTEX_POINT('',#7696);
#2276=VERTEX_POINT('',#7697);
#2277=VERTEX_POINT('',#7699);
#2278=VERTEX_POINT('',#7701);
#2279=VERTEX_POINT('',#7747);
#2280=VERTEX_POINT('',#7748);
#2281=VERTEX_POINT('',#7750);
#2282=VERTEX_POINT('',#7752);
#2283=VERTEX_POINT('',#7756);
#2284=VERTEX_POINT('',#7758);
#2285=VERTEX_POINT('',#7827);
#2286=VERTEX_POINT('',#7829);
#2287=VERTEX_POINT('',#7831);
#2288=VERTEX_POINT('',#7847);
#2289=VERTEX_POINT('',#7848);
#2290=VERTEX_POINT('',#7876);
#2291=VERTEX_POINT('',#7890);
#2292=VERTEX_POINT('',#7891);
#2293=VERTEX_POINT('',#7896);
#2294=VERTEX_POINT('',#7897);
#2295=VERTEX_POINT('',#7902);
#2296=VERTEX_POINT('',#7912);
#2297=VERTEX_POINT('',#7914);
#2298=VERTEX_POINT('',#7931);
#2299=VERTEX_POINT('',#7933);
#2300=VERTEX_POINT('',#7935);
#2301=VERTEX_POINT('',#7937);
#2302=VERTEX_POINT('',#7939);
#2303=VERTEX_POINT('',#7941);
#2304=VERTEX_POINT('',#7943);
#2305=VERTEX_POINT('',#7947);
#2306=VERTEX_POINT('',#8000);
#2307=VERTEX_POINT('',#8002);
#2308=VERTEX_POINT('',#8012);
#2309=VERTEX_POINT('',#8045);
#2310=VERTEX_POINT('',#8049);
#2311=VERTEX_POINT('',#8082);
#2312=VERTEX_POINT('',#8086);
#2313=VERTEX_POINT('',#8119);
#2314=VERTEX_POINT('',#8129);
#2315=VERTEX_POINT('',#8141);
#2316=VERTEX_POINT('',#8143);
#2317=VERTEX_POINT('',#8145);
#2318=VERTEX_POINT('',#8147);
#2319=VERTEX_POINT('',#8149);
#2320=VERTEX_POINT('',#8151);
#2321=VERTEX_POINT('',#8153);
#2322=VERTEX_POINT('',#8155);
#2323=VERTEX_POINT('',#8157);
#2324=VERTEX_POINT('',#8159);
#2325=VERTEX_POINT('',#8161);
#2326=VERTEX_POINT('',#8163);
#2327=VERTEX_POINT('',#8165);
#2328=VERTEX_POINT('',#8167);
#2329=VERTEX_POINT('',#8175);
#2330=VERTEX_POINT('',#8182);
#2331=VERTEX_POINT('',#8183);
#2332=VERTEX_POINT('',#8185);
#2333=VERTEX_POINT('',#8187);
#2334=VERTEX_POINT('',#8191);
#2335=VERTEX_POINT('',#8193);
#2336=VERTEX_POINT('',#8195);
#2337=VERTEX_POINT('',#8197);
#2338=VERTEX_POINT('',#8199);
#2339=VERTEX_POINT('',#8201);
#2340=VERTEX_POINT('',#8203);
#2341=VERTEX_POINT('',#8205);
#2342=VERTEX_POINT('',#8228);
#2343=VERTEX_POINT('',#8230);
#2344=VERTEX_POINT('',#8232);
#2345=VERTEX_POINT('',#8234);
#2346=VERTEX_POINT('',#8257);
#2347=VERTEX_POINT('',#8259);
#2348=VERTEX_POINT('',#8262);
#2349=VERTEX_POINT('',#8265);
#2350=VERTEX_POINT('',#8267);
#2351=VERTEX_POINT('',#8269);
#2352=VERTEX_POINT('',#8271);
#2353=VERTEX_POINT('',#8273);
#2354=VERTEX_POINT('',#8276);
#2355=VERTEX_POINT('',#8278);
#2356=VERTEX_POINT('',#8282);
#2357=VERTEX_POINT('',#8283);
#2358=VERTEX_POINT('',#8288);
#2359=VERTEX_POINT('',#8291);
#2360=VERTEX_POINT('',#8294);
#2361=VERTEX_POINT('',#8296);
#2362=VERTEX_POINT('',#8300);
#2363=VERTEX_POINT('',#8302);
#2364=VERTEX_POINT('',#8304);
#2365=VERTEX_POINT('',#8307);
#2366=VERTEX_POINT('',#8309);
#2367=VERTEX_POINT('',#8311);
#2368=VERTEX_POINT('',#8313);
#2369=VERTEX_POINT('',#8315);
#2370=VERTEX_POINT('',#8323);
#2371=VERTEX_POINT('',#8330);
#2372=VERTEX_POINT('',#8332);
#2373=VERTEX_POINT('',#8336);
#2374=VERTEX_POINT('',#8339);
#2375=VERTEX_POINT('',#8342);
#2376=VERTEX_POINT('',#8343);
#2377=VERTEX_POINT('',#8348);
#2378=VERTEX_POINT('',#8350);
#2379=VERTEX_POINT('',#8352);
#2380=VERTEX_POINT('',#8354);
#2381=VERTEX_POINT('',#8356);
#2382=VERTEX_POINT('',#8359);
#2383=VERTEX_POINT('',#8362);
#2384=VERTEX_POINT('',#8364);
#2385=VERTEX_POINT('',#8367);
#2386=VERTEX_POINT('',#8369);
#2387=VERTEX_POINT('',#8378);
#2388=VERTEX_POINT('',#8379);
#2389=VERTEX_POINT('',#8381);
#2390=VERTEX_POINT('',#8383);
#2391=VERTEX_POINT('',#8387);
#2392=VERTEX_POINT('',#8389);
#2393=VERTEX_POINT('',#8392);
#2394=VERTEX_POINT('',#8395);
#2395=VERTEX_POINT('',#8398);
#2396=VERTEX_POINT('',#8400);
#2397=VERTEX_POINT('',#8407);
#2398=VERTEX_POINT('',#8410);
#2399=VERTEX_POINT('',#8412);
#2400=VERTEX_POINT('',#8416);
#2401=VERTEX_POINT('',#8420);
#2402=VERTEX_POINT('',#8424);
#2403=VERTEX_POINT('',#8428);
#2404=VERTEX_POINT('',#8432);
#2405=VERTEX_POINT('',#8436);
#2406=VERTEX_POINT('',#8440);
#2407=VERTEX_POINT('',#8444);
#2408=VERTEX_POINT('',#8448);
#2409=VERTEX_POINT('',#8453);
#2410=VERTEX_POINT('',#8457);
#2411=VERTEX_POINT('',#8461);
#2412=VERTEX_POINT('',#8467);
#2413=VERTEX_POINT('',#8468);
#2414=VERTEX_POINT('',#8470);
#2415=VERTEX_POINT('',#8472);
#2416=VERTEX_POINT('',#8476);
#2417=VERTEX_POINT('',#8478);
#2418=VERTEX_POINT('',#8480);
#2419=VERTEX_POINT('',#8482);
#2420=VERTEX_POINT('',#8484);
#2421=VERTEX_POINT('',#8486);
#2422=VERTEX_POINT('',#8488);
#2423=VERTEX_POINT('',#8492);
#2424=VERTEX_POINT('',#8494);
#2425=VERTEX_POINT('',#8496);
#2426=VERTEX_POINT('',#8498);
#2427=VERTEX_POINT('',#8500);
#2428=VERTEX_POINT('',#8502);
#2429=VERTEX_POINT('',#8504);
#2430=VERTEX_POINT('',#8508);
#2431=VERTEX_POINT('',#8510);
#2432=VERTEX_POINT('',#8514);
#2433=VERTEX_POINT('',#8516);
#2434=VERTEX_POINT('',#8520);
#2435=VERTEX_POINT('',#8522);
#2436=VERTEX_POINT('',#8526);
#2437=VERTEX_POINT('',#8528);
#2438=VERTEX_POINT('',#8531);
#2439=VERTEX_POINT('',#8533);
#2440=VERTEX_POINT('',#8535);
#2441=VERTEX_POINT('',#8537);
#2442=VERTEX_POINT('',#8539);
#2443=VERTEX_POINT('',#8541);
#2444=VERTEX_POINT('',#8543);
#2445=VERTEX_POINT('',#8545);
#2446=VERTEX_POINT('',#8547);
#2447=VERTEX_POINT('',#8549);
#2448=VERTEX_POINT('',#8551);
#2449=VERTEX_POINT('',#8553);
#2450=VERTEX_POINT('',#8555);
#2451=VERTEX_POINT('',#8557);
#2452=VERTEX_POINT('',#8559);
#2453=VERTEX_POINT('',#8561);
#2454=VERTEX_POINT('',#8563);
#2455=VERTEX_POINT('',#8567);
#2456=VERTEX_POINT('',#8568);
#2457=VERTEX_POINT('',#8592);
#2458=VERTEX_POINT('',#8594);
#2459=VERTEX_POINT('',#8596);
#2460=VERTEX_POINT('',#8644);
#2461=VERTEX_POINT('',#8646);
#2462=VERTEX_POINT('',#8650);
#2463=VERTEX_POINT('',#8653);
#2464=VERTEX_POINT('',#8655);
#2465=VERTEX_POINT('',#8658);
#2466=VERTEX_POINT('',#8677);
#2467=VERTEX_POINT('',#8722);
#2468=VERTEX_POINT('',#8728);
#2469=VERTEX_POINT('',#8730);
#2470=VERTEX_POINT('',#8732);
#2471=VERTEX_POINT('',#8734);
#2472=VERTEX_POINT('',#8736);
#2473=VERTEX_POINT('',#8739);
#2474=VERTEX_POINT('',#8741);
#2475=VERTEX_POINT('',#8743);
#2476=VERTEX_POINT('',#8745);
#2477=VERTEX_POINT('',#8747);
#2478=VERTEX_POINT('',#8749);
#2479=VERTEX_POINT('',#8751);
#2480=VERTEX_POINT('',#8753);
#2481=VERTEX_POINT('',#8755);
#2482=VERTEX_POINT('',#8757);
#2483=VERTEX_POINT('',#8759);
#2484=VERTEX_POINT('',#8761);
#2485=VERTEX_POINT('',#8763);
#2486=VERTEX_POINT('',#8765);
#2487=VERTEX_POINT('',#8768);
#2488=VERTEX_POINT('',#8770);
#2489=VERTEX_POINT('',#8772);
#2490=VERTEX_POINT('',#8774);
#2491=VERTEX_POINT('',#8777);
#2492=VERTEX_POINT('',#8779);
#2493=VERTEX_POINT('',#8781);
#2494=VERTEX_POINT('',#8783);
#2495=VERTEX_POINT('',#8785);
#2496=VERTEX_POINT('',#8787);
#2497=VERTEX_POINT('',#8789);
#2498=VERTEX_POINT('',#8791);
#2499=VERTEX_POINT('',#8793);
#2500=VERTEX_POINT('',#8795);
#2501=VERTEX_POINT('',#8797);
#2502=VERTEX_POINT('',#8799);
#2503=VERTEX_POINT('',#8801);
#2504=VERTEX_POINT('',#8803);
#2505=VERTEX_POINT('',#8807);
#2506=VERTEX_POINT('',#8811);
#2507=VERTEX_POINT('',#8813);
#2508=VERTEX_POINT('',#8815);
#2509=VERTEX_POINT('',#8818);
#2510=VERTEX_POINT('',#8821);
#2511=VERTEX_POINT('',#8824);
#2512=VERTEX_POINT('',#8826);
#2513=VERTEX_POINT('',#8831);
#2514=VERTEX_POINT('',#8833);
#2515=VERTEX_POINT('',#8836);
#2516=VERTEX_POINT('',#8839);
#2517=VERTEX_POINT('',#8847);
#2518=VERTEX_POINT('',#8851);
#2519=VERTEX_POINT('',#8855);
#2520=VERTEX_POINT('',#8859);
#2521=VERTEX_POINT('',#8863);
#2522=VERTEX_POINT('',#8928);
#2523=VERTEX_POINT('',#8930);
#2524=VERTEX_POINT('',#8935);
#2525=VERTEX_POINT('',#8937);
#2526=VERTEX_POINT('',#8942);
#2527=VERTEX_POINT('',#8944);
#2528=VERTEX_POINT('',#8949);
#2529=VERTEX_POINT('',#8951);
#2530=VERTEX_POINT('',#8956);
#2531=VERTEX_POINT('',#8958);
#2532=VERTEX_POINT('',#8963);
#2533=VERTEX_POINT('',#8965);
#2534=VERTEX_POINT('',#8986);
#2535=VERTEX_POINT('',#8988);
#2536=VERTEX_POINT('',#8991);
#2537=VERTEX_POINT('',#8995);
#2538=VERTEX_POINT('',#8997);
#2539=VERTEX_POINT('',#9000);
#2540=VERTEX_POINT('',#9004);
#2541=VERTEX_POINT('',#9006);
#2542=VERTEX_POINT('',#9009);
#2543=VERTEX_POINT('',#9013);
#2544=VERTEX_POINT('',#9015);
#2545=VERTEX_POINT('',#9020);
#2546=VERTEX_POINT('',#9022);
#2547=VERTEX_POINT('',#9025);
#2548=VERTEX_POINT('',#9029);
#2549=VERTEX_POINT('',#9031);
#2550=VERTEX_POINT('',#9036);
#2551=EDGE_CURVE('',#2069,#2069,#1831,.T.);
#2552=EDGE_CURVE('',#2069,#2070,#935,.T.);
#2553=EDGE_CURVE('',#2070,#2071,#1832,.T.);
#2554=EDGE_CURVE('',#2071,#2070,#1833,.T.);
#2555=EDGE_CURVE('',#2072,#2073,#936,.T.);
#2556=EDGE_CURVE('',#2074,#2072,#937,.T.);
#2557=EDGE_CURVE('',#2075,#2074,#1834,.T.);
#2558=EDGE_CURVE('',#2076,#2075,#938,.T.);
#2559=EDGE_CURVE('',#2077,#2076,#1835,.T.);
#2560=EDGE_CURVE('',#2078,#2077,#939,.T.);
#2561=EDGE_CURVE('',#2079,#2078,#940,.T.);
#2562=EDGE_CURVE('',#2079,#2080,#941,.T.);
#2563=EDGE_CURVE('',#2081,#2080,#1836,.T.);
#2564=EDGE_CURVE('',#2081,#2082,#942,.T.);
#2565=EDGE_CURVE('',#2082,#2083,#1837,.T.);
#2566=EDGE_CURVE('',#2083,#2084,#943,.T.);
#2567=EDGE_CURVE('',#2085,#2084,#1838,.T.);
#2568=EDGE_CURVE('',#2085,#2086,#944,.T.);
#2569=EDGE_CURVE('',#2087,#2086,#1839,.T.);
#2570=EDGE_CURVE('',#2087,#2088,#945,.T.);
#2571=EDGE_CURVE('',#2089,#2088,#1840,.T.);
#2572=EDGE_CURVE('',#2089,#2090,#946,.T.);
#2573=EDGE_CURVE('',#2091,#2090,#1841,.T.);
#2574=EDGE_CURVE('',#2091,#2092,#947,.T.);
#2575=EDGE_CURVE('',#2092,#2093,#1842,.T.);
#2576=EDGE_CURVE('',#2093,#2094,#948,.T.);
#2577=EDGE_CURVE('',#2095,#2094,#1843,.T.);
#2578=EDGE_CURVE('',#2095,#2073,#949,.T.);
#2579=EDGE_CURVE('',#2096,#2096,#1844,.T.);
#2580=EDGE_CURVE('',#2097,#2097,#1845,.T.);
#2581=EDGE_CURVE('',#2098,#2098,#1846,.T.);
#2582=EDGE_CURVE('',#2071,#2099,#950,.T.);
#2583=EDGE_CURVE('',#2099,#2099,#1847,.T.);
#2584=EDGE_CURVE('',#2096,#2100,#951,.T.);
#2585=EDGE_CURVE('',#2100,#2101,#1848,.T.);
#2586=EDGE_CURVE('',#2101,#2100,#1849,.T.);
#2587=EDGE_CURVE('',#2101,#2102,#952,.T.);
#2588=EDGE_CURVE('',#2102,#2102,#1850,.T.);
#2589=EDGE_CURVE('',#2103,#2103,#1851,.T.);
#2590=EDGE_CURVE('',#2103,#2104,#953,.T.);
#2591=EDGE_CURVE('',#2104,#2105,#1852,.T.);
#2592=EDGE_CURVE('',#2105,#2104,#1853,.T.);
#2593=EDGE_CURVE('',#2106,#2107,#954,.T.);
#2594=EDGE_CURVE('',#2106,#2108,#955,.T.);
#2595=EDGE_CURVE('',#2109,#2108,#1854,.T.);
#2596=EDGE_CURVE('',#2109,#2110,#956,.T.);
#2597=EDGE_CURVE('',#2110,#2111,#1855,.T.);
#2598=EDGE_CURVE('',#2111,#2112,#957,.T.);
#2599=EDGE_CURVE('',#2113,#2112,#1856,.T.);
#2600=EDGE_CURVE('',#2113,#2114,#958,.T.);
#2601=EDGE_CURVE('',#2115,#2114,#1857,.T.);
#2602=EDGE_CURVE('',#2115,#2116,#959,.T.);
#2603=EDGE_CURVE('',#2117,#2116,#1858,.T.);
#2604=EDGE_CURVE('',#2117,#2118,#960,.T.);
#2605=EDGE_CURVE('',#2119,#2118,#1859,.T.);
#2606=EDGE_CURVE('',#2119,#2120,#961,.T.);
#2607=EDGE_CURVE('',#2120,#2121,#1860,.T.);
#2608=EDGE_CURVE('',#2121,#2122,#962,.T.);
#2609=EDGE_CURVE('',#2123,#2122,#1861,.T.);
#2610=EDGE_CURVE('',#2123,#2124,#963,.T.);
#2611=EDGE_CURVE('',#2125,#2124,#964,.T.);
#2612=EDGE_CURVE('',#2126,#2125,#965,.T.);
#2613=EDGE_CURVE('',#2127,#2126,#1862,.T.);
#2614=EDGE_CURVE('',#2128,#2127,#966,.T.);
#2615=EDGE_CURVE('',#2129,#2128,#1863,.T.);
#2616=EDGE_CURVE('',#2107,#2129,#967,.T.);
#2617=EDGE_CURVE('',#2130,#2130,#1864,.T.);
#2618=EDGE_CURVE('',#2131,#2131,#1865,.T.);
#2619=EDGE_CURVE('',#2132,#2132,#1866,.T.);
#2620=EDGE_CURVE('',#2105,#2133,#968,.T.);
#2621=EDGE_CURVE('',#2133,#2133,#1867,.T.);
#2622=EDGE_CURVE('',#2130,#2134,#969,.T.);
#2623=EDGE_CURVE('',#2134,#2135,#1868,.T.);
#2624=EDGE_CURVE('',#2135,#2134,#1869,.T.);
#2625=EDGE_CURVE('',#2135,#2136,#970,.T.);
#2626=EDGE_CURVE('',#2136,#2136,#1870,.T.);
#2627=EDGE_CURVE('',#2102,#2137,#971,.T.);
#2628=EDGE_CURVE('',#2136,#2138,#972,.T.);
#2629=EDGE_CURVE('',#2133,#2139,#973,.T.);
#2630=EDGE_CURVE('',#2099,#2140,#974,.T.);
#2631=EDGE_CURVE('',#2141,#2142,#1871,.T.);
#2632=EDGE_CURVE('',#2142,#2143,#975,.T.);
#2633=EDGE_CURVE('',#2143,#2144,#1872,.T.);
#2634=EDGE_CURVE('',#2144,#2141,#976,.T.);
#2635=EDGE_CURVE('',#2145,#2146,#1873,.T.);
#2636=EDGE_CURVE('',#2146,#2144,#1874,.T.);
#2637=EDGE_CURVE('',#2143,#2145,#1875,.T.);
#2638=EDGE_CURVE('',#2147,#2148,#1876,.T.);
#2639=EDGE_CURVE('',#2148,#2146,#977,.T.);
#2640=EDGE_CURVE('',#2145,#2147,#978,.T.);
#2641=EDGE_CURVE('',#2141,#2148,#1877,.T.);
#2642=EDGE_CURVE('',#2147,#2142,#1878,.T.);
#2643=EDGE_CURVE('',#2149,#2141,#979,.T.);
#2644=EDGE_CURVE('',#2149,#2150,#1879,.T.);
#2645=EDGE_CURVE('',#2150,#2148,#980,.T.);
#2646=EDGE_CURVE('',#2151,#2144,#981,.T.);
#2647=EDGE_CURVE('',#2151,#2149,#982,.T.);
#2648=EDGE_CURVE('',#2152,#2153,#1880,.T.);
#2649=EDGE_CURVE('',#2153,#2154,#983,.T.);
#2650=EDGE_CURVE('',#2154,#2155,#1881,.T.);
#2651=EDGE_CURVE('',#2155,#2152,#984,.T.);
#2652=EDGE_CURVE('',#2156,#2157,#1882,.T.);
#2653=EDGE_CURVE('',#2157,#2155,#1883,.T.);
#2654=EDGE_CURVE('',#2154,#2156,#1884,.T.);
#2655=EDGE_CURVE('',#2158,#2159,#1885,.T.);
#2656=EDGE_CURVE('',#2159,#2157,#985,.T.);
#2657=EDGE_CURVE('',#2156,#2158,#986,.T.);
#2658=EDGE_CURVE('',#2152,#2159,#1886,.T.);
#2659=EDGE_CURVE('',#2158,#2153,#1887,.T.);
#2660=EDGE_CURVE('',#2160,#2152,#987,.T.);
#2661=EDGE_CURVE('',#2160,#2161,#1888,.T.);
#2662=EDGE_CURVE('',#2161,#2159,#988,.T.);
#2663=EDGE_CURVE('',#2162,#2155,#989,.T.);
#2664=EDGE_CURVE('',#2162,#2160,#990,.T.);
#2665=EDGE_CURVE('',#2163,#2164,#991,.T.);
#2666=EDGE_CURVE('',#2163,#2165,#992,.T.);
#2667=EDGE_CURVE('',#2165,#2166,#993,.T.);
#2668=EDGE_CURVE('',#2164,#2166,#994,.T.);
#2669=EDGE_CURVE('',#2167,#2163,#1889,.T.);
#2670=EDGE_CURVE('',#2167,#2168,#995,.T.);
#2671=EDGE_CURVE('',#2168,#2165,#1890,.T.);
#2672=EDGE_CURVE('',#2169,#2167,#996,.T.);
#2673=EDGE_CURVE('',#2169,#2170,#997,.T.);
#2674=EDGE_CURVE('',#2170,#2168,#998,.T.);
#2675=EDGE_CURVE('',#2171,#2169,#1891,.T.);
#2676=EDGE_CURVE('',#2171,#2172,#999,.T.);
#2677=EDGE_CURVE('',#2172,#2170,#1892,.T.);
#2678=EDGE_CURVE('',#2173,#2171,#1000,.T.);
#2679=EDGE_CURVE('',#2173,#2174,#1001,.T.);
#2680=EDGE_CURVE('',#2174,#2172,#1002,.T.);
#2681=EDGE_CURVE('',#2175,#2173,#1893,.T.);
#2682=EDGE_CURVE('',#2175,#2176,#1003,.T.);
#2683=EDGE_CURVE('',#2176,#2174,#1894,.T.);
#2684=EDGE_CURVE('',#2177,#2175,#1004,.T.);
#2685=EDGE_CURVE('',#2177,#2178,#1005,.T.);
#2686=EDGE_CURVE('',#2178,#2176,#1006,.T.);
#2687=EDGE_CURVE('',#2164,#2177,#1895,.T.);
#2688=EDGE_CURVE('',#2166,#2178,#1896,.T.);
#2689=EDGE_CURVE('',#2179,#2180,#1897,.T.);
#2690=EDGE_CURVE('',#2181,#2179,#1007,.T.);
#2691=EDGE_CURVE('',#2182,#2181,#1898,.T.);
#2692=EDGE_CURVE('',#2180,#2182,#1008,.T.);
#2693=EDGE_CURVE('',#2183,#2184,#1009,.T.);
#2694=EDGE_CURVE('',#2183,#2185,#1010,.T.);
#2695=EDGE_CURVE('',#2185,#2186,#1011,.T.);
#2696=EDGE_CURVE('',#2184,#2186,#1012,.T.);
#2697=EDGE_CURVE('',#2187,#2183,#1899,.T.);
#2698=EDGE_CURVE('',#2187,#2188,#1013,.T.);
#2699=EDGE_CURVE('',#2188,#2185,#1900,.T.);
#2700=EDGE_CURVE('',#2189,#2187,#1014,.T.);
#2701=EDGE_CURVE('',#2189,#2190,#1015,.T.);
#2702=EDGE_CURVE('',#2190,#2188,#1016,.T.);
#2703=EDGE_CURVE('',#2191,#2189,#1901,.T.);
#2704=EDGE_CURVE('',#2191,#2192,#1017,.T.);
#2705=EDGE_CURVE('',#2192,#2190,#1902,.T.);
#2706=EDGE_CURVE('',#2193,#2191,#1018,.T.);
#2707=EDGE_CURVE('',#2193,#2194,#1019,.T.);
#2708=EDGE_CURVE('',#2194,#2192,#1020,.T.);
#2709=EDGE_CURVE('',#2195,#2193,#1903,.T.);
#2710=EDGE_CURVE('',#2195,#2196,#1021,.T.);
#2711=EDGE_CURVE('',#2196,#2194,#1904,.T.);
#2712=EDGE_CURVE('',#2197,#2195,#1022,.T.);
#2713=EDGE_CURVE('',#2197,#2198,#1023,.T.);
#2714=EDGE_CURVE('',#2198,#2196,#1024,.T.);
#2715=EDGE_CURVE('',#2184,#2197,#1905,.T.);
#2716=EDGE_CURVE('',#2186,#2198,#1906,.T.);
#2717=EDGE_CURVE('',#2199,#2200,#1907,.T.);
#2718=EDGE_CURVE('',#2201,#2199,#1025,.T.);
#2719=EDGE_CURVE('',#2202,#2201,#1908,.T.);
#2720=EDGE_CURVE('',#2200,#2202,#1026,.T.);
#2721=EDGE_CURVE('',#2203,#2204,#1027,.T.);
#2722=EDGE_CURVE('',#2203,#2205,#1028,.T.);
#2723=EDGE_CURVE('',#2205,#2206,#1029,.T.);
#2724=EDGE_CURVE('',#2204,#2206,#1030,.T.);
#2725=EDGE_CURVE('',#2207,#2203,#1909,.T.);
#2726=EDGE_CURVE('',#2207,#2208,#1031,.T.);
#2727=EDGE_CURVE('',#2208,#2205,#1910,.T.);
#2728=EDGE_CURVE('',#2209,#2207,#1032,.T.);
#2729=EDGE_CURVE('',#2209,#2210,#1033,.T.);
#2730=EDGE_CURVE('',#2210,#2208,#1034,.T.);
#2731=EDGE_CURVE('',#2211,#2209,#1911,.T.);
#2732=EDGE_CURVE('',#2211,#2212,#1035,.T.);
#2733=EDGE_CURVE('',#2212,#2210,#1912,.T.);
#2734=EDGE_CURVE('',#2213,#2211,#1036,.T.);
#2735=EDGE_CURVE('',#2213,#2214,#1037,.T.);
#2736=EDGE_CURVE('',#2214,#2212,#1038,.T.);
#2737=EDGE_CURVE('',#2215,#2213,#1913,.T.);
#2738=EDGE_CURVE('',#2215,#2216,#1039,.T.);
#2739=EDGE_CURVE('',#2216,#2214,#1914,.T.);
#2740=EDGE_CURVE('',#2217,#2215,#1040,.T.);
#2741=EDGE_CURVE('',#2217,#2218,#1041,.T.);
#2742=EDGE_CURVE('',#2218,#2216,#1042,.T.);
#2743=EDGE_CURVE('',#2204,#2217,#1915,.T.);
#2744=EDGE_CURVE('',#2206,#2218,#1916,.T.);
#2745=EDGE_CURVE('',#2219,#2162,#1917,.T.);
#2746=EDGE_CURVE('',#2161,#2219,#1043,.T.);
#2747=EDGE_CURVE('',#2220,#2221,#1044,.T.);
#2748=EDGE_CURVE('',#2220,#2222,#1045,.T.);
#2749=EDGE_CURVE('',#2222,#2223,#1046,.T.);
#2750=EDGE_CURVE('',#2221,#2223,#1047,.T.);
#2751=EDGE_CURVE('',#2224,#2220,#1918,.T.);
#2752=EDGE_CURVE('',#2224,#2225,#1048,.T.);
#2753=EDGE_CURVE('',#2225,#2222,#1919,.T.);
#2754=EDGE_CURVE('',#2226,#2224,#1049,.T.);
#2755=EDGE_CURVE('',#2226,#2227,#1050,.T.);
#2756=EDGE_CURVE('',#2227,#2225,#1051,.T.);
#2757=EDGE_CURVE('',#2228,#2226,#1920,.T.);
#2758=EDGE_CURVE('',#2228,#2229,#1052,.T.);
#2759=EDGE_CURVE('',#2229,#2227,#1921,.T.);
#2760=EDGE_CURVE('',#2230,#2228,#1053,.T.);
#2761=EDGE_CURVE('',#2230,#2231,#1054,.T.);
#2762=EDGE_CURVE('',#2231,#2229,#1055,.T.);
#2763=EDGE_CURVE('',#2232,#2230,#1922,.T.);
#2764=EDGE_CURVE('',#2232,#2233,#1056,.T.);
#2765=EDGE_CURVE('',#2233,#2231,#1923,.T.);
#2766=EDGE_CURVE('',#2234,#2232,#1057,.T.);
#2767=EDGE_CURVE('',#2234,#2235,#1058,.T.);
#2768=EDGE_CURVE('',#2235,#2233,#1059,.T.);
#2769=EDGE_CURVE('',#2221,#2234,#1924,.T.);
#2770=EDGE_CURVE('',#2223,#2235,#1925,.T.);
#2771=EDGE_CURVE('',#2236,#2151,#1926,.T.);
#2772=EDGE_CURVE('',#2150,#2236,#1060,.T.);
#2773=EDGE_CURVE('',#2179,#2237,#1061,.T.);
#2774=EDGE_CURVE('',#2238,#2237,#1062,.T.);
#2775=EDGE_CURVE('',#2181,#2238,#1063,.T.);
#2776=EDGE_CURVE('',#2180,#2239,#1064,.T.);
#2777=EDGE_CURVE('',#2237,#2239,#39,.T.);
#2778=EDGE_CURVE('',#2199,#2240,#1065,.T.);
#2779=EDGE_CURVE('',#2241,#2240,#1066,.T.);
#2780=EDGE_CURVE('',#2201,#2241,#1067,.T.);
#2781=EDGE_CURVE('',#2200,#2242,#1068,.T.);
#2782=EDGE_CURVE('',#2240,#2242,#40,.T.);
#2783=EDGE_CURVE('',#2219,#2157,#1069,.T.);
#2784=EDGE_CURVE('',#2236,#2146,#1070,.T.);
#2785=EDGE_CURVE('',#2182,#2243,#1071,.T.);
#2786=EDGE_CURVE('',#2239,#2243,#1072,.T.);
#2787=EDGE_CURVE('',#2243,#2238,#41,.T.);
#2788=EDGE_CURVE('',#2202,#2244,#1073,.T.);
#2789=EDGE_CURVE('',#2242,#2244,#1074,.T.);
#2790=EDGE_CURVE('',#2244,#2241,#42,.T.);
#2791=EDGE_CURVE('',#2245,#2246,#1927,.T.);
#2792=EDGE_CURVE('',#2246,#2247,#1075,.T.);
#2793=EDGE_CURVE('',#2247,#2248,#1928,.T.);
#2794=EDGE_CURVE('',#2248,#2245,#1076,.T.);
#2795=EDGE_CURVE('',#2249,#2250,#1929,.T.);
#2796=EDGE_CURVE('',#2250,#2248,#1930,.T.);
#2797=EDGE_CURVE('',#2247,#2249,#1931,.T.);
#2798=EDGE_CURVE('',#2251,#2252,#1932,.T.);
#2799=EDGE_CURVE('',#2252,#2250,#1077,.T.);
#2800=EDGE_CURVE('',#2249,#2251,#1078,.T.);
#2801=EDGE_CURVE('',#2253,#2254,#1933,.T.);
#2802=EDGE_CURVE('',#2254,#2252,#1934,.T.);
#2803=EDGE_CURVE('',#2251,#2253,#1935,.T.);
#2804=EDGE_CURVE('',#2255,#2256,#1936,.T.);
#2805=EDGE_CURVE('',#2256,#2254,#1079,.T.);
#2806=EDGE_CURVE('',#2253,#2255,#1080,.T.);
#2807=EDGE_CURVE('',#2257,#2258,#1937,.T.);
#2808=EDGE_CURVE('',#2258,#2256,#1938,.T.);
#2809=EDGE_CURVE('',#2255,#2257,#1939,.T.);
#2810=EDGE_CURVE('',#2259,#2260,#1940,.T.);
#2811=EDGE_CURVE('',#2260,#2258,#1081,.T.);
#2812=EDGE_CURVE('',#2257,#2259,#1082,.T.);
#2813=EDGE_CURVE('',#2245,#2260,#1941,.T.);
#2814=EDGE_CURVE('',#2259,#2246,#1942,.T.);
#2815=EDGE_CURVE('',#2261,#2258,#1083,.T.);
#2816=EDGE_CURVE('',#2262,#2261,#1943,.T.);
#2817=EDGE_CURVE('',#2262,#2256,#1084,.T.);
#2818=EDGE_CURVE('',#2263,#2260,#1085,.T.);
#2819=EDGE_CURVE('',#2261,#2263,#1086,.T.);
#2820=EDGE_CURVE('',#2264,#2245,#1087,.T.);
#2821=EDGE_CURVE('',#2263,#2264,#1944,.T.);
#2822=EDGE_CURVE('',#2265,#2248,#1088,.T.);
#2823=EDGE_CURVE('',#2264,#2265,#1089,.T.);
#2824=EDGE_CURVE('',#2266,#2267,#1090,.T.);
#2825=EDGE_CURVE('',#2268,#2266,#1091,.T.);
#2826=EDGE_CURVE('',#2269,#2268,#1945,.T.);
#2827=EDGE_CURVE('',#2270,#2269,#1092,.T.);
#2828=EDGE_CURVE('',#2271,#2270,#1946,.T.);
#2829=EDGE_CURVE('',#2267,#2271,#1093,.T.);
#2830=EDGE_CURVE('',#2267,#2272,#1094,.T.);
#2831=EDGE_CURVE('',#2272,#2273,#1947,.T.);
#2832=EDGE_CURVE('',#2273,#2274,#1095,.T.);
#2833=EDGE_CURVE('',#2274,#2267,#43,.T.);
#2834=EDGE_CURVE('',#2275,#2276,#1948,.T.);
#2835=EDGE_CURVE('',#2276,#2277,#1949,.T.);
#2836=EDGE_CURVE('',#2277,#2278,#1950,.T.);
#2837=EDGE_CURVE('',#2278,#2275,#25,.T.);
#2838=EDGE_CURVE('',#2279,#2280,#1951,.T.);
#2839=EDGE_CURVE('',#2280,#2281,#1096,.T.);
#2840=EDGE_CURVE('',#2281,#2282,#1952,.T.);
#2841=EDGE_CURVE('',#2282,#2279,#1097,.T.);
#2842=EDGE_CURVE('',#2283,#2282,#1953,.T.);
#2843=EDGE_CURVE('',#2281,#2284,#1954,.T.);
#2844=EDGE_CURVE('',#2284,#2283,#26,.T.);
#2845=EDGE_CURVE('',#2284,#2285,#44,.T.);
#2846=EDGE_CURVE('',#2285,#2286,#1955,.T.);
#2847=EDGE_CURVE('',#2286,#2287,#45,.T.);
#2848=EDGE_CURVE('',#2287,#2283,#27,.T.);
#2849=EDGE_CURVE('',#2288,#2289,#1956,.T.);
#2850=EDGE_CURVE('',#2289,#2286,#1098,.T.);
#2851=EDGE_CURVE('',#2285,#2288,#1099,.T.);
#2852=EDGE_CURVE('',#2290,#2289,#46,.T.);
#2853=EDGE_CURVE('',#2288,#2275,#47,.T.);
#2854=EDGE_CURVE('',#2278,#2290,#28,.T.);
#2855=EDGE_CURVE('',#2291,#2292,#1957,.T.);
#2856=EDGE_CURVE('',#2292,#2277,#1100,.T.);
#2857=EDGE_CURVE('',#2276,#2291,#1101,.T.);
#2858=EDGE_CURVE('',#2293,#2294,#1958,.T.);
#2859=EDGE_CURVE('',#2294,#2292,#1959,.T.);
#2860=EDGE_CURVE('',#2291,#2293,#1960,.T.);
#2861=EDGE_CURVE('',#2295,#2294,#1102,.T.);
#2862=EDGE_CURVE('',#2293,#2266,#1103,.T.);
#2863=EDGE_CURVE('',#2266,#2295,#48,.T.);
#2864=EDGE_CURVE('',#2279,#2273,#1961,.T.);
#2865=EDGE_CURVE('',#2272,#2280,#1962,.T.);
#2866=EDGE_CURVE('',#2274,#2295,#1104,.T.);
#2867=EDGE_CURVE('',#2294,#2296,#1105,.T.);
#2868=EDGE_CURVE('',#2296,#2297,#29,.T.);
#2869=EDGE_CURVE('',#2297,#2292,#1106,.T.);
#2870=EDGE_CURVE('',#2298,#2273,#1107,.T.);
#2871=EDGE_CURVE('',#2299,#2298,#49,.T.);
#2872=EDGE_CURVE('',#2300,#2299,#1108,.T.);
#2873=EDGE_CURVE('',#2301,#2300,#50,.T.);
#2874=EDGE_CURVE('',#2302,#2301,#1109,.T.);
#2875=EDGE_CURVE('',#2303,#2302,#51,.T.);
#2876=EDGE_CURVE('',#2304,#2303,#1110,.T.);
#2877=EDGE_CURVE('',#2296,#2304,#52,.T.);
#2878=EDGE_CURVE('',#2279,#2305,#1111,.T.);
#2879=EDGE_CURVE('',#2298,#2305,#30,.T.);
#2880=EDGE_CURVE('',#2288,#2269,#1112,.T.);
#2881=EDGE_CURVE('',#2276,#2268,#1113,.T.);
#2882=EDGE_CURVE('',#2285,#2270,#1114,.T.);
#2883=EDGE_CURVE('',#2281,#2271,#1115,.T.);
#2884=EDGE_CURVE('',#2304,#2306,#1963,.T.);
#2885=EDGE_CURVE('',#2306,#2307,#53,.T.);
#2886=EDGE_CURVE('',#2307,#2297,#31,.T.);
#2887=EDGE_CURVE('',#2303,#2308,#1964,.T.);
#2888=EDGE_CURVE('',#2308,#2306,#1116,.T.);
#2889=EDGE_CURVE('',#2302,#2309,#1965,.T.);
#2890=EDGE_CURVE('',#2309,#2308,#54,.T.);
#2891=EDGE_CURVE('',#2301,#2310,#1966,.T.);
#2892=EDGE_CURVE('',#2310,#2309,#1117,.T.);
#2893=EDGE_CURVE('',#2300,#2311,#1967,.T.);
#2894=EDGE_CURVE('',#2311,#2310,#55,.T.);
#2895=EDGE_CURVE('',#2299,#2312,#1968,.T.);
#2896=EDGE_CURVE('',#2312,#2311,#1118,.T.);
#2897=EDGE_CURVE('',#2313,#2312,#56,.T.);
#2898=EDGE_CURVE('',#2305,#2313,#32,.T.);
#2899=EDGE_CURVE('',#2314,#2307,#57,.T.);
#2900=EDGE_CURVE('',#2314,#2290,#1119,.T.);
#2901=EDGE_CURVE('',#2306,#2127,#1120,.T.);
#2902=EDGE_CURVE('',#2126,#2314,#1121,.T.);
#2903=EDGE_CURVE('',#2128,#2308,#1122,.T.);
#2904=EDGE_CURVE('',#2309,#2129,#1123,.T.);
#2905=EDGE_CURVE('',#2074,#2310,#1124,.T.);
#2906=EDGE_CURVE('',#2315,#2072,#1125,.T.);
#2907=EDGE_CURVE('',#2315,#2316,#1126,.T.);
#2908=EDGE_CURVE('',#2317,#2316,#1127,.T.);
#2909=EDGE_CURVE('',#2317,#2318,#1128,.T.);
#2910=EDGE_CURVE('',#2319,#2318,#1129,.T.);
#2911=EDGE_CURVE('',#2319,#2320,#1130,.T.);
#2912=EDGE_CURVE('',#2321,#2320,#1131,.T.);
#2913=EDGE_CURVE('',#2321,#2322,#1132,.T.);
#2914=EDGE_CURVE('',#2323,#2322,#1133,.T.);
#2915=EDGE_CURVE('',#2323,#2324,#1134,.T.);
#2916=EDGE_CURVE('',#2325,#2324,#1135,.T.);
#2917=EDGE_CURVE('',#2325,#2326,#1136,.T.);
#2918=EDGE_CURVE('',#2327,#2326,#1137,.T.);
#2919=EDGE_CURVE('',#2327,#2328,#1138,.T.);
#2920=EDGE_CURVE('',#2107,#2328,#1139,.T.);
#2921=EDGE_CURVE('',#2311,#2075,#1140,.T.);
#2922=EDGE_CURVE('',#2076,#2312,#1141,.T.);
#2923=EDGE_CURVE('',#2313,#2329,#58,.T.);
#2924=EDGE_CURVE('',#2329,#2077,#1142,.T.);
#2925=EDGE_CURVE('',#2287,#2329,#1143,.T.);
#2926=EDGE_CURVE('',#2330,#2331,#1144,.T.);
#2927=EDGE_CURVE('',#2331,#2332,#1145,.T.);
#2928=EDGE_CURVE('',#2332,#2333,#1146,.T.);
#2929=EDGE_CURVE('',#2333,#2330,#1147,.T.);
#2930=EDGE_CURVE('',#2331,#2334,#1148,.T.);
#2931=EDGE_CURVE('',#2335,#2334,#1969,.T.);
#2932=EDGE_CURVE('',#2335,#2336,#1149,.T.);
#2933=EDGE_CURVE('',#2336,#2337,#1970,.T.);
#2934=EDGE_CURVE('',#2337,#2338,#1150,.T.);
#2935=EDGE_CURVE('',#2339,#2338,#1971,.T.);
#2936=EDGE_CURVE('',#2339,#2340,#1151,.T.);
#2937=EDGE_CURVE('',#2341,#2340,#33,.T.);
#2938=EDGE_CURVE('',#2342,#2341,#59,.T.);
#2939=EDGE_CURVE('',#2342,#2343,#1152,.T.);
#2940=EDGE_CURVE('',#2343,#2344,#60,.F.);
#2941=EDGE_CURVE('',#2345,#2344,#34,.T.);
#2942=EDGE_CURVE('',#2345,#2346,#1153,.T.);
#2943=EDGE_CURVE('',#2347,#2346,#1154,.T.);
#2944=EDGE_CURVE('',#2332,#2347,#1155,.T.);
#2945=EDGE_CURVE('',#2348,#2348,#1972,.T.);
#2946=EDGE_CURVE('',#2330,#2349,#1156,.T.);
#2947=EDGE_CURVE('',#2350,#2349,#1157,.T.);
#2948=EDGE_CURVE('',#2351,#2350,#1158,.T.);
#2949=EDGE_CURVE('',#2352,#2351,#1159,.T.);
#2950=EDGE_CURVE('',#2352,#2353,#1160,.T.);
#2951=EDGE_CURVE('',#2124,#2353,#1161,.T.);
#2952=EDGE_CURVE('',#2354,#2123,#1162,.T.);
#2953=EDGE_CURVE('',#2354,#2355,#1163,.T.);
#2954=EDGE_CURVE('',#2334,#2355,#1164,.T.);
#2955=EDGE_CURVE('',#2356,#2357,#1165,.T.);
#2956=EDGE_CURVE('',#2357,#2350,#1166,.T.);
#2957=EDGE_CURVE('',#2349,#2356,#1167,.T.);
#2958=EDGE_CURVE('',#2358,#2357,#1168,.T.);
#2959=EDGE_CURVE('',#2351,#2358,#1169,.T.);
#2960=EDGE_CURVE('',#2359,#2359,#1973,.T.);
#2961=EDGE_CURVE('',#2322,#2360,#1170,.T.);
#2962=EDGE_CURVE('',#2360,#2361,#1171,.T.);
#2963=EDGE_CURVE('',#2361,#2323,#1172,.T.);
#2964=EDGE_CURVE('',#2362,#2360,#1173,.T.);
#2965=EDGE_CURVE('',#2363,#2362,#1174,.T.);
#2966=EDGE_CURVE('',#2363,#2364,#1175,.T.);
#2967=EDGE_CURVE('',#2108,#2364,#1176,.T.);
#2968=EDGE_CURVE('',#2365,#2106,#1177,.T.);
#2969=EDGE_CURVE('',#2365,#2366,#1178,.T.);
#2970=EDGE_CURVE('',#2367,#2366,#1179,.T.);
#2971=EDGE_CURVE('',#2368,#2367,#1180,.T.);
#2972=EDGE_CURVE('',#2369,#2368,#1181,.T.);
#2973=EDGE_CURVE('',#2369,#2361,#1182,.T.);
#2974=EDGE_CURVE('',#2368,#2325,#1183,.T.);
#2975=EDGE_CURVE('',#2324,#2369,#1184,.T.);
#2976=EDGE_CURVE('',#2326,#2367,#1185,.T.);
#2977=EDGE_CURVE('',#2370,#2370,#1974,.T.);
#2978=EDGE_CURVE('',#2366,#2327,#1186,.T.);
#2979=EDGE_CURVE('',#2328,#2365,#1187,.T.);
#2980=EDGE_CURVE('',#2318,#2371,#1188,.T.);
#2981=EDGE_CURVE('',#2371,#2372,#1189,.T.);
#2982=EDGE_CURVE('',#2372,#2319,#1190,.T.);
#2983=EDGE_CURVE('',#2373,#2317,#1191,.T.);
#2984=EDGE_CURVE('',#2373,#2371,#1192,.T.);
#2985=EDGE_CURVE('',#2374,#2374,#1975,.T.);
#2986=EDGE_CURVE('',#2375,#2376,#1193,.T.);
#2987=EDGE_CURVE('',#2376,#2321,#1194,.T.);
#2988=EDGE_CURVE('',#2320,#2375,#1195,.T.);
#2989=EDGE_CURVE('',#2376,#2377,#1196,.T.);
#2990=EDGE_CURVE('',#2378,#2377,#1976,.T.);
#2991=EDGE_CURVE('',#2378,#2379,#1197,.T.);
#2992=EDGE_CURVE('',#2379,#2380,#1977,.T.);
#2993=EDGE_CURVE('',#2380,#2381,#1198,.T.);
#2994=EDGE_CURVE('',#2362,#2381,#1978,.T.);
#2995=EDGE_CURVE('',#2382,#2382,#1979,.T.);
#2996=EDGE_CURVE('',#2383,#2373,#1199,.T.);
#2997=EDGE_CURVE('',#2383,#2384,#1200,.T.);
#2998=EDGE_CURVE('',#2073,#2384,#1201,.T.);
#2999=EDGE_CURVE('',#2385,#2095,#1202,.T.);
#3000=EDGE_CURVE('',#2385,#2386,#1203,.T.);
#3001=EDGE_CURVE('',#2377,#2386,#1204,.T.);
#3002=EDGE_CURVE('',#2375,#2372,#1205,.T.);
#3003=EDGE_CURVE('',#2384,#2315,#1206,.T.);
#3004=EDGE_CURVE('',#2316,#2383,#1207,.T.);
#3005=EDGE_CURVE('',#2387,#2388,#1208,.T.);
#3006=EDGE_CURVE('',#2388,#2389,#1209,.T.);
#3007=EDGE_CURVE('',#2389,#2390,#1210,.T.);
#3008=EDGE_CURVE('',#2390,#2387,#1211,.T.);
#3009=EDGE_CURVE('',#2388,#2391,#1212,.T.);
#3010=EDGE_CURVE('',#2392,#2391,#1213,.T.);
#3011=EDGE_CURVE('',#2389,#2392,#1214,.T.);
#3012=EDGE_CURVE('',#2393,#2393,#1980,.T.);
#3013=EDGE_CURVE('',#2387,#2394,#1215,.T.);
#3014=EDGE_CURVE('',#2346,#2394,#1216,.T.);
#3015=EDGE_CURVE('',#2395,#2345,#61,.T.);
#3016=EDGE_CURVE('',#2396,#2395,#35,.T.);
#3017=EDGE_CURVE('',#2396,#2397,#1217,.T.);
#3018=EDGE_CURVE('',#2080,#2397,#1218,.T.);
#3019=EDGE_CURVE('',#2398,#2079,#1219,.T.);
#3020=EDGE_CURVE('',#2398,#2399,#1220,.T.);
#3021=EDGE_CURVE('',#2391,#2399,#1221,.T.);
#3022=EDGE_CURVE('',#2400,#2347,#1222,.T.);
#3023=EDGE_CURVE('',#2394,#2400,#1223,.T.);
#3024=EDGE_CURVE('',#2078,#2401,#1224,.T.);
#3025=EDGE_CURVE('',#2401,#2398,#1225,.T.);
#3026=EDGE_CURVE('',#2402,#2392,#1226,.T.);
#3027=EDGE_CURVE('',#2399,#2402,#1227,.T.);
#3028=EDGE_CURVE('',#2358,#2403,#1228,.T.);
#3029=EDGE_CURVE('',#2403,#2352,#1229,.T.);
#3030=EDGE_CURVE('',#2404,#2125,#1230,.T.);
#3031=EDGE_CURVE('',#2353,#2404,#1231,.T.);
#3032=EDGE_CURVE('',#2370,#2405,#1232,.T.);
#3033=EDGE_CURVE('',#2405,#2405,#1981,.T.);
#3034=EDGE_CURVE('',#2359,#2406,#1233,.T.);
#3035=EDGE_CURVE('',#2406,#2406,#1982,.T.);
#3036=EDGE_CURVE('',#2374,#2407,#1234,.T.);
#3037=EDGE_CURVE('',#2407,#2407,#1983,.T.);
#3038=EDGE_CURVE('',#2393,#2408,#1235,.T.);
#3039=EDGE_CURVE('',#2408,#2408,#1984,.T.);
#3040=EDGE_CURVE('',#2409,#2250,#1236,.T.);
#3041=EDGE_CURVE('',#2265,#2409,#1985,.T.);
#3042=EDGE_CURVE('',#2410,#2252,#1237,.T.);
#3043=EDGE_CURVE('',#2409,#2410,#1238,.T.);
#3044=EDGE_CURVE('',#2411,#2254,#1239,.T.);
#3045=EDGE_CURVE('',#2410,#2411,#1986,.T.);
#3046=EDGE_CURVE('',#2411,#2262,#1240,.T.);
#3047=EDGE_CURVE('',#2412,#2413,#1987,.T.);
#3048=EDGE_CURVE('',#2412,#2414,#1241,.T.);
#3049=EDGE_CURVE('',#2414,#2415,#1988,.T.);
#3050=EDGE_CURVE('',#2415,#2413,#1242,.T.);
#3051=EDGE_CURVE('',#2416,#2413,#1243,.T.);
#3052=EDGE_CURVE('',#2417,#2416,#1244,.T.);
#3053=EDGE_CURVE('',#2418,#2417,#1245,.T.);
#3054=EDGE_CURVE('',#2418,#2419,#1246,.T.);
#3055=EDGE_CURVE('',#2420,#2419,#1247,.T.);
#3056=EDGE_CURVE('',#2421,#2420,#1248,.T.);
#3057=EDGE_CURVE('',#2422,#2421,#1249,.T.);
#3058=EDGE_CURVE('',#2422,#2412,#1250,.T.);
#3059=EDGE_CURVE('',#2415,#2423,#1251,.T.);
#3060=EDGE_CURVE('',#2424,#2423,#1252,.T.);
#3061=EDGE_CURVE('',#2424,#2425,#1253,.T.);
#3062=EDGE_CURVE('',#2426,#2425,#1254,.T.);
#3063=EDGE_CURVE('',#2426,#2427,#1255,.T.);
#3064=EDGE_CURVE('',#2428,#2427,#62,.F.);
#3065=EDGE_CURVE('',#2429,#2428,#1256,.T.);
#3066=EDGE_CURVE('',#2416,#2429,#63,.F.);
#3067=EDGE_CURVE('',#2426,#2430,#1989,.T.);
#3068=EDGE_CURVE('',#2425,#2431,#1990,.T.);
#3069=EDGE_CURVE('',#2431,#2430,#1257,.T.);
#3070=EDGE_CURVE('',#2424,#2432,#1991,.T.);
#3071=EDGE_CURVE('',#2433,#2423,#1992,.T.);
#3072=EDGE_CURVE('',#2433,#2432,#1258,.T.);
#3073=EDGE_CURVE('',#2434,#2432,#1259,.T.);
#3074=EDGE_CURVE('',#2434,#2435,#1260,.T.);
#3075=EDGE_CURVE('',#2431,#2435,#1261,.T.);
#3076=EDGE_CURVE('',#2433,#2436,#1262,.T.);
#3077=EDGE_CURVE('',#2436,#2437,#1993,.T.);
#3078=EDGE_CURVE('',#2437,#2421,#1994,.T.);
#3079=EDGE_CURVE('',#2420,#2438,#1995,.T.);
#3080=EDGE_CURVE('',#2438,#2439,#1996,.T.);
#3081=EDGE_CURVE('',#2439,#2440,#1997,.T.);
#3082=EDGE_CURVE('',#2441,#2440,#1263,.T.);
#3083=EDGE_CURVE('',#2441,#2442,#1998,.T.);
#3084=EDGE_CURVE('',#2442,#2443,#1999,.T.);
#3085=EDGE_CURVE('',#2443,#2444,#2000,.T.);
#3086=EDGE_CURVE('',#2445,#2444,#1264,.T.);
#3087=EDGE_CURVE('',#2445,#2446,#2001,.T.);
#3088=EDGE_CURVE('',#2446,#2447,#2002,.T.);
#3089=EDGE_CURVE('',#2447,#2448,#2003,.T.);
#3090=EDGE_CURVE('',#2448,#2449,#1265,.T.);
#3091=EDGE_CURVE('',#2449,#2450,#2004,.T.);
#3092=EDGE_CURVE('',#2450,#2451,#2005,.T.);
#3093=EDGE_CURVE('',#2451,#2452,#2006,.T.);
#3094=EDGE_CURVE('',#2452,#2453,#1266,.T.);
#3095=EDGE_CURVE('',#2453,#2454,#2007,.T.);
#3096=EDGE_CURVE('',#2454,#2434,#2008,.T.);
#3097=EDGE_CURVE('',#2455,#2456,#2009,.T.);
#3098=EDGE_CURVE('',#2456,#2428,#1267,.T.);
#3099=EDGE_CURVE('',#2427,#2455,#1268,.T.);
#3100=EDGE_CURVE('',#2457,#2456,#64,.T.);
#3101=EDGE_CURVE('',#2455,#2458,#65,.T.);
#3102=EDGE_CURVE('',#2458,#2459,#36,.T.);
#3103=EDGE_CURVE('',#2459,#2457,#37,.T.);
#3104=EDGE_CURVE('',#2458,#2341,#66,.T.);
#3105=EDGE_CURVE('',#2340,#2459,#67,.T.);
#3106=EDGE_CURVE('',#2455,#2460,#1269,.T.);
#3107=EDGE_CURVE('',#2461,#2460,#2010,.T.);
#3108=EDGE_CURVE('',#2461,#2342,#1270,.T.);
#3109=EDGE_CURVE('',#2430,#2462,#1271,.T.);
#3110=EDGE_CURVE('',#2453,#2462,#1272,.T.);
#3111=EDGE_CURVE('',#2463,#2452,#1273,.T.);
#3112=EDGE_CURVE('',#2463,#2464,#1274,.T.);
#3113=EDGE_CURVE('',#2449,#2464,#1275,.T.);
#3114=EDGE_CURVE('',#2465,#2448,#1276,.T.);
#3115=EDGE_CURVE('',#2465,#2460,#1277,.T.);
#3116=EDGE_CURVE('',#2344,#2466,#68,.T.);
#3117=EDGE_CURVE('',#2466,#2395,#38,.T.);
#3118=EDGE_CURVE('',#2466,#2417,#69,.T.);
#3119=EDGE_CURVE('',#2417,#2467,#2011,.T.);
#3120=EDGE_CURVE('',#2467,#2396,#70,.T.);
#3121=EDGE_CURVE('',#2429,#2467,#1278,.T.);
#3122=EDGE_CURVE('',#2468,#2457,#1279,.T.);
#3123=EDGE_CURVE('',#2468,#2469,#2012,.T.);
#3124=EDGE_CURVE('',#2470,#2469,#1280,.T.);
#3125=EDGE_CURVE('',#2471,#2470,#2013,.T.);
#3126=EDGE_CURVE('',#2472,#2471,#1281,.T.);
#3127=EDGE_CURVE('',#2472,#2355,#2014,.T.);
#3128=EDGE_CURVE('',#2354,#2473,#2015,.T.);
#3129=EDGE_CURVE('',#2474,#2473,#1282,.T.);
#3130=EDGE_CURVE('',#2475,#2474,#2016,.T.);
#3131=EDGE_CURVE('',#2476,#2475,#1283,.T.);
#3132=EDGE_CURVE('',#2476,#2477,#2017,.T.);
#3133=EDGE_CURVE('',#2478,#2477,#1284,.T.);
#3134=EDGE_CURVE('',#2478,#2479,#2018,.T.);
#3135=EDGE_CURVE('',#2480,#2479,#1285,.T.);
#3136=EDGE_CURVE('',#2480,#2481,#2019,.T.);
#3137=EDGE_CURVE('',#2482,#2481,#1286,.T.);
#3138=EDGE_CURVE('',#2482,#2483,#2020,.T.);
#3139=EDGE_CURVE('',#2484,#2483,#1287,.T.);
#3140=EDGE_CURVE('',#2485,#2484,#2021,.T.);
#3141=EDGE_CURVE('',#2486,#2485,#1288,.T.);
#3142=EDGE_CURVE('',#2486,#2364,#2022,.T.);
#3143=EDGE_CURVE('',#2363,#2487,#2023,.T.);
#3144=EDGE_CURVE('',#2488,#2487,#1289,.T.);
#3145=EDGE_CURVE('',#2489,#2488,#2024,.T.);
#3146=EDGE_CURVE('',#2490,#2489,#1290,.T.);
#3147=EDGE_CURVE('',#2490,#2386,#2025,.T.);
#3148=EDGE_CURVE('',#2385,#2491,#2026,.T.);
#3149=EDGE_CURVE('',#2492,#2491,#1291,.T.);
#3150=EDGE_CURVE('',#2493,#2492,#2027,.T.);
#3151=EDGE_CURVE('',#2494,#2493,#1292,.T.);
#3152=EDGE_CURVE('',#2494,#2495,#2028,.T.);
#3153=EDGE_CURVE('',#2496,#2495,#1293,.T.);
#3154=EDGE_CURVE('',#2496,#2497,#2029,.T.);
#3155=EDGE_CURVE('',#2498,#2497,#1294,.T.);
#3156=EDGE_CURVE('',#2498,#2499,#2030,.T.);
#3157=EDGE_CURVE('',#2500,#2499,#1295,.T.);
#3158=EDGE_CURVE('',#2500,#2501,#2031,.T.);
#3159=EDGE_CURVE('',#2502,#2501,#1296,.T.);
#3160=EDGE_CURVE('',#2503,#2502,#2032,.T.);
#3161=EDGE_CURVE('',#2504,#2503,#1297,.T.);
#3162=EDGE_CURVE('',#2504,#2397,#2033,.T.);
#3163=EDGE_CURVE('',#2343,#2505,#1298,.T.);
#3164=EDGE_CURVE('',#2418,#2505,#2034,.T.);
#3165=EDGE_CURVE('',#2506,#2505,#1299,.T.);
#3166=EDGE_CURVE('',#2507,#2506,#2035,.T.);
#3167=EDGE_CURVE('',#2507,#2508,#2036,.T.);
#3168=EDGE_CURVE('',#2419,#2508,#2037,.T.);
#3169=EDGE_CURVE('',#2509,#2509,#2038,.T.);
#3170=EDGE_CURVE('',#2461,#2510,#1300,.T.);
#3171=EDGE_CURVE('',#2445,#2510,#1301,.T.);
#3172=EDGE_CURVE('',#2511,#2444,#1302,.T.);
#3173=EDGE_CURVE('',#2511,#2512,#1303,.T.);
#3174=EDGE_CURVE('',#2441,#2512,#1304,.T.);
#3175=EDGE_CURVE('',#2506,#2440,#1305,.T.);
#3176=EDGE_CURVE('',#2513,#2465,#2039,.T.);
#3177=EDGE_CURVE('',#2513,#2514,#2040,.T.);
#3178=EDGE_CURVE('',#2510,#2514,#2041,.T.);
#3179=EDGE_CURVE('',#2515,#2515,#2042,.T.);
#3180=EDGE_CURVE('',#2464,#2516,#2043,.T.);
#3181=EDGE_CURVE('',#2450,#2516,#1306,.T.);
#3182=EDGE_CURVE('',#2439,#2507,#1307,.T.);
#3183=EDGE_CURVE('',#2438,#2508,#1308,.T.);
#3184=EDGE_CURVE('',#2437,#2517,#1309,.T.);
#3185=EDGE_CURVE('',#2517,#2422,#2044,.T.);
#3186=EDGE_CURVE('',#2462,#2518,#2045,.T.);
#3187=EDGE_CURVE('',#2454,#2518,#1310,.T.);
#3188=EDGE_CURVE('',#2451,#2519,#1311,.T.);
#3189=EDGE_CURVE('',#2519,#2463,#2046,.T.);
#3190=EDGE_CURVE('',#2443,#2520,#1312,.T.);
#3191=EDGE_CURVE('',#2520,#2511,#2047,.T.);
#3192=EDGE_CURVE('',#2512,#2521,#2048,.T.);
#3193=EDGE_CURVE('',#2442,#2521,#1313,.T.);
#3194=EDGE_CURVE('',#2446,#2514,#1314,.T.);
#3195=EDGE_CURVE('',#2447,#2513,#1315,.T.);
#3196=EDGE_CURVE('',#2494,#2091,#1316,.T.);
#3197=EDGE_CURVE('',#2090,#2495,#1317,.T.);
#3198=EDGE_CURVE('',#2092,#2493,#1318,.T.);
#3199=EDGE_CURVE('',#2094,#2491,#1319,.T.);
#3200=EDGE_CURVE('',#2490,#2378,#1320,.T.);
#3201=EDGE_CURVE('',#2379,#2489,#1321,.T.);
#3202=EDGE_CURVE('',#2381,#2487,#1322,.T.);
#3203=EDGE_CURVE('',#2486,#2109,#1323,.T.);
#3204=EDGE_CURVE('',#2110,#2485,#1324,.T.);
#3205=EDGE_CURVE('',#2482,#2113,#1325,.T.);
#3206=EDGE_CURVE('',#2112,#2483,#1326,.T.);
#3207=EDGE_CURVE('',#2114,#2481,#1327,.T.);
#3208=EDGE_CURVE('',#2504,#2081,#1328,.T.);
#3209=EDGE_CURVE('',#2082,#2503,#1329,.T.);
#3210=EDGE_CURVE('',#2500,#2085,#1330,.T.);
#3211=EDGE_CURVE('',#2084,#2501,#1331,.T.);
#3212=EDGE_CURVE('',#2086,#2499,#1332,.T.);
#3213=EDGE_CURVE('',#2472,#2335,#1333,.T.);
#3214=EDGE_CURVE('',#2468,#2339,#1334,.T.);
#3215=EDGE_CURVE('',#2338,#2469,#1335,.T.);
#3216=EDGE_CURVE('',#2476,#2119,#1336,.T.);
#3217=EDGE_CURVE('',#2118,#2477,#1337,.T.);
#3218=EDGE_CURVE('',#2120,#2475,#1338,.T.);
#3219=EDGE_CURVE('',#2122,#2473,#1339,.T.);
#3220=EDGE_CURVE('',#2496,#2089,#1340,.T.);
#3221=EDGE_CURVE('',#2088,#2497,#1341,.T.);
#3222=EDGE_CURVE('',#2498,#2087,#1342,.T.);
#3223=EDGE_CURVE('',#2480,#2115,#1343,.T.);
#3224=EDGE_CURVE('',#2116,#2479,#1344,.T.);
#3225=EDGE_CURVE('',#2478,#2117,#1345,.T.);
#3226=EDGE_CURVE('',#2522,#2522,#2049,.T.);
#3227=EDGE_CURVE('',#2522,#2523,#1346,.T.);
#3228=EDGE_CURVE('',#2097,#2522,#1347,.T.);
#3229=EDGE_CURVE('',#2524,#2524,#2050,.T.);
#3230=EDGE_CURVE('',#2524,#2525,#1348,.T.);
#3231=EDGE_CURVE('',#2382,#2524,#1349,.T.);
#3232=EDGE_CURVE('',#2526,#2526,#2051,.T.);
#3233=EDGE_CURVE('',#2526,#2527,#1350,.T.);
#3234=EDGE_CURVE('',#2132,#2526,#1351,.T.);
#3235=EDGE_CURVE('',#2528,#2528,#2052,.T.);
#3236=EDGE_CURVE('',#2528,#2529,#1352,.T.);
#3237=EDGE_CURVE('',#2098,#2528,#1353,.T.);
#3238=EDGE_CURVE('',#2530,#2530,#2053,.T.);
#3239=EDGE_CURVE('',#2530,#2531,#1354,.T.);
#3240=EDGE_CURVE('',#2348,#2530,#1355,.T.);
#3241=EDGE_CURVE('',#2532,#2532,#2054,.T.);
#3242=EDGE_CURVE('',#2532,#2533,#1356,.T.);
#3243=EDGE_CURVE('',#2131,#2532,#1357,.T.);
#3244=EDGE_CURVE('',#2400,#2390,#1358,.T.);
#3245=EDGE_CURVE('',#2402,#2401,#1359,.T.);
#3246=EDGE_CURVE('',#2404,#2403,#1360,.T.);
#3247=EDGE_CURVE('',#2356,#2333,#1361,.T.);
#3248=EDGE_CURVE('',#2534,#2534,#2055,.T.);
#3249=EDGE_CURVE('',#2534,#2535,#1362,.T.);
#3250=EDGE_CURVE('',#2536,#2536,#2056,.T.);
#3251=EDGE_CURVE('',#2536,#2534,#1363,.T.);
#3252=EDGE_CURVE('',#2537,#2537,#2057,.T.);
#3253=EDGE_CURVE('',#2537,#2538,#1364,.T.);
#3254=EDGE_CURVE('',#2539,#2539,#2058,.T.);
#3255=EDGE_CURVE('',#2539,#2537,#1365,.T.);
#3256=EDGE_CURVE('',#2540,#2540,#2059,.T.);
#3257=EDGE_CURVE('',#2540,#2541,#1366,.T.);
#3258=EDGE_CURVE('',#2542,#2542,#2060,.T.);
#3259=EDGE_CURVE('',#2542,#2540,#1367,.T.);
#3260=EDGE_CURVE('',#2543,#2543,#2061,.T.);
#3261=EDGE_CURVE('',#2543,#2544,#1368,.T.);
#3262=EDGE_CURVE('',#2509,#2543,#1369,.T.);
#3263=EDGE_CURVE('',#2545,#2545,#2062,.T.);
#3264=EDGE_CURVE('',#2545,#2546,#1370,.T.);
#3265=EDGE_CURVE('',#2547,#2547,#2063,.T.);
#3266=EDGE_CURVE('',#2547,#2545,#1371,.T.);
#3267=EDGE_CURVE('',#2548,#2548,#2064,.T.);
#3268=EDGE_CURVE('',#2548,#2549,#1372,.T.);
#3269=EDGE_CURVE('',#2515,#2548,#1373,.T.);
#3270=EDGE_CURVE('',#2550,#2414,#1374,.T.);
#3271=EDGE_CURVE('',#2436,#2550,#1375,.T.);
#3272=EDGE_CURVE('',#2517,#2550,#2065,.T.);
#3273=EDGE_CURVE('',#2435,#2518,#2066,.T.);
#3274=EDGE_CURVE('',#2519,#2516,#2067,.T.);
#3275=EDGE_CURVE('',#2520,#2521,#2068,.T.);
#3276=EDGE_CURVE('',#2121,#2474,#1376,.T.);
#3277=EDGE_CURVE('',#2336,#2471,#1377,.T.);
#3278=EDGE_CURVE('',#2337,#2470,#1378,.T.);
#3279=EDGE_CURVE('',#2083,#2502,#1379,.T.);
#3280=EDGE_CURVE('',#2111,#2484,#1380,.T.);
#3281=EDGE_CURVE('',#2380,#2488,#1381,.T.);
#3282=EDGE_CURVE('',#2093,#2492,#1382,.T.);
#3283=ORIENTED_EDGE('',*,*,#2551,.T.);
#3284=ORIENTED_EDGE('',*,*,#2552,.T.);
#3285=ORIENTED_EDGE('',*,*,#2553,.T.);
#3286=ORIENTED_EDGE('',*,*,#2554,.T.);
#3287=ORIENTED_EDGE('',*,*,#2552,.F.);
#3288=ORIENTED_EDGE('',*,*,#2555,.F.);
#3289=ORIENTED_EDGE('',*,*,#2556,.F.);
#3290=ORIENTED_EDGE('',*,*,#2557,.F.);
#3291=ORIENTED_EDGE('',*,*,#2558,.F.);
#3292=ORIENTED_EDGE('',*,*,#2559,.F.);
#3293=ORIENTED_EDGE('',*,*,#2560,.F.);
#3294=ORIENTED_EDGE('',*,*,#2561,.F.);
#3295=ORIENTED_EDGE('',*,*,#2562,.T.);
#3296=ORIENTED_EDGE('',*,*,#2563,.F.);
#3297=ORIENTED_EDGE('',*,*,#2564,.T.);
#3298=ORIENTED_EDGE('',*,*,#2565,.T.);
#3299=ORIENTED_EDGE('',*,*,#2566,.T.);
#3300=ORIENTED_EDGE('',*,*,#2567,.F.);
#3301=ORIENTED_EDGE('',*,*,#2568,.T.);
#3302=ORIENTED_EDGE('',*,*,#2569,.F.);
#3303=ORIENTED_EDGE('',*,*,#2570,.T.);
#3304=ORIENTED_EDGE('',*,*,#2571,.F.);
#3305=ORIENTED_EDGE('',*,*,#2572,.T.);
#3306=ORIENTED_EDGE('',*,*,#2573,.F.);
#3307=ORIENTED_EDGE('',*,*,#2574,.T.);
#3308=ORIENTED_EDGE('',*,*,#2575,.T.);
#3309=ORIENTED_EDGE('',*,*,#2576,.T.);
#3310=ORIENTED_EDGE('',*,*,#2577,.F.);
#3311=ORIENTED_EDGE('',*,*,#2578,.T.);
#3312=ORIENTED_EDGE('',*,*,#2579,.F.);
#3313=ORIENTED_EDGE('',*,*,#2580,.T.);
#3314=ORIENTED_EDGE('',*,*,#2581,.T.);
#3315=ORIENTED_EDGE('',*,*,#2551,.F.);
#3316=ORIENTED_EDGE('',*,*,#2553,.F.);
#3317=ORIENTED_EDGE('',*,*,#2554,.F.);
#3318=ORIENTED_EDGE('',*,*,#2582,.T.);
#3319=ORIENTED_EDGE('',*,*,#2583,.T.);
#3320=ORIENTED_EDGE('',*,*,#2582,.F.);
#3321=ORIENTED_EDGE('',*,*,#2579,.T.);
#3322=ORIENTED_EDGE('',*,*,#2584,.T.);
#3323=ORIENTED_EDGE('',*,*,#2585,.T.);
#3324=ORIENTED_EDGE('',*,*,#2586,.T.);
#3325=ORIENTED_EDGE('',*,*,#2584,.F.);
#3326=ORIENTED_EDGE('',*,*,#2585,.F.);
#3327=ORIENTED_EDGE('',*,*,#2586,.F.);
#3328=ORIENTED_EDGE('',*,*,#2587,.T.);
#3329=ORIENTED_EDGE('',*,*,#2588,.T.);
#3330=ORIENTED_EDGE('',*,*,#2587,.F.);
#3331=ORIENTED_EDGE('',*,*,#2589,.T.);
#3332=ORIENTED_EDGE('',*,*,#2590,.T.);
#3333=ORIENTED_EDGE('',*,*,#2591,.T.);
#3334=ORIENTED_EDGE('',*,*,#2592,.T.);
#3335=ORIENTED_EDGE('',*,*,#2590,.F.);
#3336=ORIENTED_EDGE('',*,*,#2593,.F.);
#3337=ORIENTED_EDGE('',*,*,#2594,.T.);
#3338=ORIENTED_EDGE('',*,*,#2595,.F.);
#3339=ORIENTED_EDGE('',*,*,#2596,.T.);
#3340=ORIENTED_EDGE('',*,*,#2597,.T.);
#3341=ORIENTED_EDGE('',*,*,#2598,.T.);
#3342=ORIENTED_EDGE('',*,*,#2599,.F.);
#3343=ORIENTED_EDGE('',*,*,#2600,.T.);
#3344=ORIENTED_EDGE('',*,*,#2601,.F.);
#3345=ORIENTED_EDGE('',*,*,#2602,.T.);
#3346=ORIENTED_EDGE('',*,*,#2603,.F.);
#3347=ORIENTED_EDGE('',*,*,#2604,.T.);
#3348=ORIENTED_EDGE('',*,*,#2605,.F.);
#3349=ORIENTED_EDGE('',*,*,#2606,.T.);
#3350=ORIENTED_EDGE('',*,*,#2607,.T.);
#3351=ORIENTED_EDGE('',*,*,#2608,.T.);
#3352=ORIENTED_EDGE('',*,*,#2609,.F.);
#3353=ORIENTED_EDGE('',*,*,#2610,.T.);
#3354=ORIENTED_EDGE('',*,*,#2611,.F.);
#3355=ORIENTED_EDGE('',*,*,#2612,.F.);
#3356=ORIENTED_EDGE('',*,*,#2613,.F.);
#3357=ORIENTED_EDGE('',*,*,#2614,.F.);
#3358=ORIENTED_EDGE('',*,*,#2615,.F.);
#3359=ORIENTED_EDGE('',*,*,#2616,.F.);
#3360=ORIENTED_EDGE('',*,*,#2617,.F.);
#3361=ORIENTED_EDGE('',*,*,#2618,.T.);
#3362=ORIENTED_EDGE('',*,*,#2619,.T.);
#3363=ORIENTED_EDGE('',*,*,#2589,.F.);
#3364=ORIENTED_EDGE('',*,*,#2591,.F.);
#3365=ORIENTED_EDGE('',*,*,#2592,.F.);
#3366=ORIENTED_EDGE('',*,*,#2620,.T.);
#3367=ORIENTED_EDGE('',*,*,#2621,.T.);
#3368=ORIENTED_EDGE('',*,*,#2620,.F.);
#3369=ORIENTED_EDGE('',*,*,#2617,.T.);
#3370=ORIENTED_EDGE('',*,*,#2622,.T.);
#3371=ORIENTED_EDGE('',*,*,#2623,.T.);
#3372=ORIENTED_EDGE('',*,*,#2624,.T.);
#3373=ORIENTED_EDGE('',*,*,#2622,.F.);
#3374=ORIENTED_EDGE('',*,*,#2623,.F.);
#3375=ORIENTED_EDGE('',*,*,#2624,.F.);
#3376=ORIENTED_EDGE('',*,*,#2625,.T.);
#3377=ORIENTED_EDGE('',*,*,#2626,.T.);
#3378=ORIENTED_EDGE('',*,*,#2625,.F.);
#3379=ORIENTED_EDGE('',*,*,#2588,.F.);
#3380=ORIENTED_EDGE('',*,*,#2627,.T.);
#3381=ORIENTED_EDGE('',*,*,#2627,.F.);
#3382=ORIENTED_EDGE('',*,*,#2626,.F.);
#3383=ORIENTED_EDGE('',*,*,#2628,.T.);
#3384=ORIENTED_EDGE('',*,*,#2628,.F.);
#3385=ORIENTED_EDGE('',*,*,#2621,.F.);
#3386=ORIENTED_EDGE('',*,*,#2629,.T.);
#3387=ORIENTED_EDGE('',*,*,#2629,.F.);
#3388=ORIENTED_EDGE('',*,*,#2583,.F.);
#3389=ORIENTED_EDGE('',*,*,#2630,.T.);
#3390=ORIENTED_EDGE('',*,*,#2630,.F.);
#3391=ORIENTED_EDGE('',*,*,#2631,.T.);
#3392=ORIENTED_EDGE('',*,*,#2632,.T.);
#3393=ORIENTED_EDGE('',*,*,#2633,.T.);
#3394=ORIENTED_EDGE('',*,*,#2634,.T.);
#3395=ORIENTED_EDGE('',*,*,#2635,.T.);
#3396=ORIENTED_EDGE('',*,*,#2636,.T.);
#3397=ORIENTED_EDGE('',*,*,#2633,.F.);
#3398=ORIENTED_EDGE('',*,*,#2637,.T.);
#3399=ORIENTED_EDGE('',*,*,#2638,.T.);
#3400=ORIENTED_EDGE('',*,*,#2639,.T.);
#3401=ORIENTED_EDGE('',*,*,#2635,.F.);
#3402=ORIENTED_EDGE('',*,*,#2640,.T.);
#3403=ORIENTED_EDGE('',*,*,#2631,.F.);
#3404=ORIENTED_EDGE('',*,*,#2641,.T.);
#3405=ORIENTED_EDGE('',*,*,#2638,.F.);
#3406=ORIENTED_EDGE('',*,*,#2642,.T.);
#3407=ORIENTED_EDGE('',*,*,#2641,.F.);
#3408=ORIENTED_EDGE('',*,*,#2643,.F.);
#3409=ORIENTED_EDGE('',*,*,#2644,.T.);
#3410=ORIENTED_EDGE('',*,*,#2645,.T.);
#3411=ORIENTED_EDGE('',*,*,#2634,.F.);
#3412=ORIENTED_EDGE('',*,*,#2646,.F.);
#3413=ORIENTED_EDGE('',*,*,#2647,.T.);
#3414=ORIENTED_EDGE('',*,*,#2643,.T.);
#3415=ORIENTED_EDGE('',*,*,#2632,.F.);
#3416=ORIENTED_EDGE('',*,*,#2642,.F.);
#3417=ORIENTED_EDGE('',*,*,#2640,.F.);
#3418=ORIENTED_EDGE('',*,*,#2637,.F.);
#3419=ORIENTED_EDGE('',*,*,#2648,.T.);
#3420=ORIENTED_EDGE('',*,*,#2649,.T.);
#3421=ORIENTED_EDGE('',*,*,#2650,.T.);
#3422=ORIENTED_EDGE('',*,*,#2651,.T.);
#3423=ORIENTED_EDGE('',*,*,#2652,.T.);
#3424=ORIENTED_EDGE('',*,*,#2653,.T.);
#3425=ORIENTED_EDGE('',*,*,#2650,.F.);
#3426=ORIENTED_EDGE('',*,*,#2654,.T.);
#3427=ORIENTED_EDGE('',*,*,#2655,.T.);
#3428=ORIENTED_EDGE('',*,*,#2656,.T.);
#3429=ORIENTED_EDGE('',*,*,#2652,.F.);
#3430=ORIENTED_EDGE('',*,*,#2657,.T.);
#3431=ORIENTED_EDGE('',*,*,#2648,.F.);
#3432=ORIENTED_EDGE('',*,*,#2658,.T.);
#3433=ORIENTED_EDGE('',*,*,#2655,.F.);
#3434=ORIENTED_EDGE('',*,*,#2659,.T.);
#3435=ORIENTED_EDGE('',*,*,#2658,.F.);
#3436=ORIENTED_EDGE('',*,*,#2660,.F.);
#3437=ORIENTED_EDGE('',*,*,#2661,.T.);
#3438=ORIENTED_EDGE('',*,*,#2662,.T.);
#3439=ORIENTED_EDGE('',*,*,#2651,.F.);
#3440=ORIENTED_EDGE('',*,*,#2663,.F.);
#3441=ORIENTED_EDGE('',*,*,#2664,.T.);
#3442=ORIENTED_EDGE('',*,*,#2660,.T.);
#3443=ORIENTED_EDGE('',*,*,#2649,.F.);
#3444=ORIENTED_EDGE('',*,*,#2659,.F.);
#3445=ORIENTED_EDGE('',*,*,#2657,.F.);
#3446=ORIENTED_EDGE('',*,*,#2654,.F.);
#3447=ORIENTED_EDGE('',*,*,#2665,.F.);
#3448=ORIENTED_EDGE('',*,*,#2666,.T.);
#3449=ORIENTED_EDGE('',*,*,#2667,.T.);
#3450=ORIENTED_EDGE('',*,*,#2668,.F.);
#3451=ORIENTED_EDGE('',*,*,#2669,.F.);
#3452=ORIENTED_EDGE('',*,*,#2670,.T.);
#3453=ORIENTED_EDGE('',*,*,#2671,.T.);
#3454=ORIENTED_EDGE('',*,*,#2666,.F.);
#3455=ORIENTED_EDGE('',*,*,#2672,.F.);
#3456=ORIENTED_EDGE('',*,*,#2673,.T.);
#3457=ORIENTED_EDGE('',*,*,#2674,.T.);
#3458=ORIENTED_EDGE('',*,*,#2670,.F.);
#3459=ORIENTED_EDGE('',*,*,#2675,.F.);
#3460=ORIENTED_EDGE('',*,*,#2676,.T.);
#3461=ORIENTED_EDGE('',*,*,#2677,.T.);
#3462=ORIENTED_EDGE('',*,*,#2673,.F.);
#3463=ORIENTED_EDGE('',*,*,#2678,.F.);
#3464=ORIENTED_EDGE('',*,*,#2679,.T.);
#3465=ORIENTED_EDGE('',*,*,#2680,.T.);
#3466=ORIENTED_EDGE('',*,*,#2676,.F.);
#3467=ORIENTED_EDGE('',*,*,#2681,.F.);
#3468=ORIENTED_EDGE('',*,*,#2682,.T.);
#3469=ORIENTED_EDGE('',*,*,#2683,.T.);
#3470=ORIENTED_EDGE('',*,*,#2679,.F.);
#3471=ORIENTED_EDGE('',*,*,#2684,.F.);
#3472=ORIENTED_EDGE('',*,*,#2685,.T.);
#3473=ORIENTED_EDGE('',*,*,#2686,.T.);
#3474=ORIENTED_EDGE('',*,*,#2682,.F.);
#3475=ORIENTED_EDGE('',*,*,#2687,.F.);
#3476=ORIENTED_EDGE('',*,*,#2668,.T.);
#3477=ORIENTED_EDGE('',*,*,#2688,.T.);
#3478=ORIENTED_EDGE('',*,*,#2685,.F.);
#3479=ORIENTED_EDGE('',*,*,#2688,.F.);
#3480=ORIENTED_EDGE('',*,*,#2667,.F.);
#3481=ORIENTED_EDGE('',*,*,#2671,.F.);
#3482=ORIENTED_EDGE('',*,*,#2674,.F.);
#3483=ORIENTED_EDGE('',*,*,#2677,.F.);
#3484=ORIENTED_EDGE('',*,*,#2680,.F.);
#3485=ORIENTED_EDGE('',*,*,#2683,.F.);
#3486=ORIENTED_EDGE('',*,*,#2686,.F.);
#3487=ORIENTED_EDGE('',*,*,#2689,.F.);
#3488=ORIENTED_EDGE('',*,*,#2690,.F.);
#3489=ORIENTED_EDGE('',*,*,#2691,.F.);
#3490=ORIENTED_EDGE('',*,*,#2692,.F.);
#3491=ORIENTED_EDGE('',*,*,#2693,.F.);
#3492=ORIENTED_EDGE('',*,*,#2694,.T.);
#3493=ORIENTED_EDGE('',*,*,#2695,.T.);
#3494=ORIENTED_EDGE('',*,*,#2696,.F.);
#3495=ORIENTED_EDGE('',*,*,#2697,.F.);
#3496=ORIENTED_EDGE('',*,*,#2698,.T.);
#3497=ORIENTED_EDGE('',*,*,#2699,.T.);
#3498=ORIENTED_EDGE('',*,*,#2694,.F.);
#3499=ORIENTED_EDGE('',*,*,#2700,.F.);
#3500=ORIENTED_EDGE('',*,*,#2701,.T.);
#3501=ORIENTED_EDGE('',*,*,#2702,.T.);
#3502=ORIENTED_EDGE('',*,*,#2698,.F.);
#3503=ORIENTED_EDGE('',*,*,#2703,.F.);
#3504=ORIENTED_EDGE('',*,*,#2704,.T.);
#3505=ORIENTED_EDGE('',*,*,#2705,.T.);
#3506=ORIENTED_EDGE('',*,*,#2701,.F.);
#3507=ORIENTED_EDGE('',*,*,#2706,.F.);
#3508=ORIENTED_EDGE('',*,*,#2707,.T.);
#3509=ORIENTED_EDGE('',*,*,#2708,.T.);
#3510=ORIENTED_EDGE('',*,*,#2704,.F.);
#3511=ORIENTED_EDGE('',*,*,#2709,.F.);
#3512=ORIENTED_EDGE('',*,*,#2710,.T.);
#3513=ORIENTED_EDGE('',*,*,#2711,.T.);
#3514=ORIENTED_EDGE('',*,*,#2707,.F.);
#3515=ORIENTED_EDGE('',*,*,#2712,.F.);
#3516=ORIENTED_EDGE('',*,*,#2713,.T.);
#3517=ORIENTED_EDGE('',*,*,#2714,.T.);
#3518=ORIENTED_EDGE('',*,*,#2710,.F.);
#3519=ORIENTED_EDGE('',*,*,#2715,.F.);
#3520=ORIENTED_EDGE('',*,*,#2696,.T.);
#3521=ORIENTED_EDGE('',*,*,#2716,.T.);
#3522=ORIENTED_EDGE('',*,*,#2713,.F.);
#3523=ORIENTED_EDGE('',*,*,#2716,.F.);
#3524=ORIENTED_EDGE('',*,*,#2695,.F.);
#3525=ORIENTED_EDGE('',*,*,#2699,.F.);
#3526=ORIENTED_EDGE('',*,*,#2702,.F.);
#3527=ORIENTED_EDGE('',*,*,#2705,.F.);
#3528=ORIENTED_EDGE('',*,*,#2708,.F.);
#3529=ORIENTED_EDGE('',*,*,#2711,.F.);
#3530=ORIENTED_EDGE('',*,*,#2714,.F.);
#3531=ORIENTED_EDGE('',*,*,#2717,.F.);
#3532=ORIENTED_EDGE('',*,*,#2718,.F.);
#3533=ORIENTED_EDGE('',*,*,#2719,.F.);
#3534=ORIENTED_EDGE('',*,*,#2720,.F.);
#3535=ORIENTED_EDGE('',*,*,#2721,.F.);
#3536=ORIENTED_EDGE('',*,*,#2722,.T.);
#3537=ORIENTED_EDGE('',*,*,#2723,.T.);
#3538=ORIENTED_EDGE('',*,*,#2724,.F.);
#3539=ORIENTED_EDGE('',*,*,#2725,.F.);
#3540=ORIENTED_EDGE('',*,*,#2726,.T.);
#3541=ORIENTED_EDGE('',*,*,#2727,.T.);
#3542=ORIENTED_EDGE('',*,*,#2722,.F.);
#3543=ORIENTED_EDGE('',*,*,#2728,.F.);
#3544=ORIENTED_EDGE('',*,*,#2729,.T.);
#3545=ORIENTED_EDGE('',*,*,#2730,.T.);
#3546=ORIENTED_EDGE('',*,*,#2726,.F.);
#3547=ORIENTED_EDGE('',*,*,#2731,.F.);
#3548=ORIENTED_EDGE('',*,*,#2732,.T.);
#3549=ORIENTED_EDGE('',*,*,#2733,.T.);
#3550=ORIENTED_EDGE('',*,*,#2729,.F.);
#3551=ORIENTED_EDGE('',*,*,#2734,.F.);
#3552=ORIENTED_EDGE('',*,*,#2735,.T.);
#3553=ORIENTED_EDGE('',*,*,#2736,.T.);
#3554=ORIENTED_EDGE('',*,*,#2732,.F.);
#3555=ORIENTED_EDGE('',*,*,#2737,.F.);
#3556=ORIENTED_EDGE('',*,*,#2738,.T.);
#3557=ORIENTED_EDGE('',*,*,#2739,.T.);
#3558=ORIENTED_EDGE('',*,*,#2735,.F.);
#3559=ORIENTED_EDGE('',*,*,#2740,.F.);
#3560=ORIENTED_EDGE('',*,*,#2741,.T.);
#3561=ORIENTED_EDGE('',*,*,#2742,.T.);
#3562=ORIENTED_EDGE('',*,*,#2738,.F.);
#3563=ORIENTED_EDGE('',*,*,#2743,.F.);
#3564=ORIENTED_EDGE('',*,*,#2724,.T.);
#3565=ORIENTED_EDGE('',*,*,#2744,.T.);
#3566=ORIENTED_EDGE('',*,*,#2741,.F.);
#3567=ORIENTED_EDGE('',*,*,#2744,.F.);
#3568=ORIENTED_EDGE('',*,*,#2723,.F.);
#3569=ORIENTED_EDGE('',*,*,#2727,.F.);
#3570=ORIENTED_EDGE('',*,*,#2730,.F.);
#3571=ORIENTED_EDGE('',*,*,#2733,.F.);
#3572=ORIENTED_EDGE('',*,*,#2736,.F.);
#3573=ORIENTED_EDGE('',*,*,#2739,.F.);
#3574=ORIENTED_EDGE('',*,*,#2742,.F.);
#3575=ORIENTED_EDGE('',*,*,#2745,.F.);
#3576=ORIENTED_EDGE('',*,*,#2746,.F.);
#3577=ORIENTED_EDGE('',*,*,#2661,.F.);
#3578=ORIENTED_EDGE('',*,*,#2664,.F.);
#3579=ORIENTED_EDGE('',*,*,#2747,.F.);
#3580=ORIENTED_EDGE('',*,*,#2748,.T.);
#3581=ORIENTED_EDGE('',*,*,#2749,.T.);
#3582=ORIENTED_EDGE('',*,*,#2750,.F.);
#3583=ORIENTED_EDGE('',*,*,#2751,.F.);
#3584=ORIENTED_EDGE('',*,*,#2752,.T.);
#3585=ORIENTED_EDGE('',*,*,#2753,.T.);
#3586=ORIENTED_EDGE('',*,*,#2748,.F.);
#3587=ORIENTED_EDGE('',*,*,#2754,.F.);
#3588=ORIENTED_EDGE('',*,*,#2755,.T.);
#3589=ORIENTED_EDGE('',*,*,#2756,.T.);
#3590=ORIENTED_EDGE('',*,*,#2752,.F.);
#3591=ORIENTED_EDGE('',*,*,#2757,.F.);
#3592=ORIENTED_EDGE('',*,*,#2758,.T.);
#3593=ORIENTED_EDGE('',*,*,#2759,.T.);
#3594=ORIENTED_EDGE('',*,*,#2755,.F.);
#3595=ORIENTED_EDGE('',*,*,#2760,.F.);
#3596=ORIENTED_EDGE('',*,*,#2761,.T.);
#3597=ORIENTED_EDGE('',*,*,#2762,.T.);
#3598=ORIENTED_EDGE('',*,*,#2758,.F.);
#3599=ORIENTED_EDGE('',*,*,#2763,.F.);
#3600=ORIENTED_EDGE('',*,*,#2764,.T.);
#3601=ORIENTED_EDGE('',*,*,#2765,.T.);
#3602=ORIENTED_EDGE('',*,*,#2761,.F.);
#3603=ORIENTED_EDGE('',*,*,#2766,.F.);
#3604=ORIENTED_EDGE('',*,*,#2767,.T.);
#3605=ORIENTED_EDGE('',*,*,#2768,.T.);
#3606=ORIENTED_EDGE('',*,*,#2764,.F.);
#3607=ORIENTED_EDGE('',*,*,#2769,.F.);
#3608=ORIENTED_EDGE('',*,*,#2750,.T.);
#3609=ORIENTED_EDGE('',*,*,#2770,.T.);
#3610=ORIENTED_EDGE('',*,*,#2767,.F.);
#3611=ORIENTED_EDGE('',*,*,#2770,.F.);
#3612=ORIENTED_EDGE('',*,*,#2749,.F.);
#3613=ORIENTED_EDGE('',*,*,#2753,.F.);
#3614=ORIENTED_EDGE('',*,*,#2756,.F.);
#3615=ORIENTED_EDGE('',*,*,#2759,.F.);
#3616=ORIENTED_EDGE('',*,*,#2762,.F.);
#3617=ORIENTED_EDGE('',*,*,#2765,.F.);
#3618=ORIENTED_EDGE('',*,*,#2768,.F.);
#3619=ORIENTED_EDGE('',*,*,#2771,.F.);
#3620=ORIENTED_EDGE('',*,*,#2772,.F.);
#3621=ORIENTED_EDGE('',*,*,#2644,.F.);
#3622=ORIENTED_EDGE('',*,*,#2647,.F.);
#3623=ORIENTED_EDGE('',*,*,#2690,.T.);
#3624=ORIENTED_EDGE('',*,*,#2773,.T.);
#3625=ORIENTED_EDGE('',*,*,#2774,.F.);
#3626=ORIENTED_EDGE('',*,*,#2775,.F.);
#3627=ORIENTED_EDGE('',*,*,#2689,.T.);
#3628=ORIENTED_EDGE('',*,*,#2776,.T.);
#3629=ORIENTED_EDGE('',*,*,#2777,.F.);
#3630=ORIENTED_EDGE('',*,*,#2773,.F.);
#3631=ORIENTED_EDGE('',*,*,#2718,.T.);
#3632=ORIENTED_EDGE('',*,*,#2778,.T.);
#3633=ORIENTED_EDGE('',*,*,#2779,.F.);
#3634=ORIENTED_EDGE('',*,*,#2780,.F.);
#3635=ORIENTED_EDGE('',*,*,#2717,.T.);
#3636=ORIENTED_EDGE('',*,*,#2781,.T.);
#3637=ORIENTED_EDGE('',*,*,#2782,.F.);
#3638=ORIENTED_EDGE('',*,*,#2778,.F.);
#3639=ORIENTED_EDGE('',*,*,#2656,.F.);
#3640=ORIENTED_EDGE('',*,*,#2662,.F.);
#3641=ORIENTED_EDGE('',*,*,#2746,.T.);
#3642=ORIENTED_EDGE('',*,*,#2783,.T.);
#3643=ORIENTED_EDGE('',*,*,#2653,.F.);
#3644=ORIENTED_EDGE('',*,*,#2783,.F.);
#3645=ORIENTED_EDGE('',*,*,#2745,.T.);
#3646=ORIENTED_EDGE('',*,*,#2663,.T.);
#3647=ORIENTED_EDGE('',*,*,#2639,.F.);
#3648=ORIENTED_EDGE('',*,*,#2645,.F.);
#3649=ORIENTED_EDGE('',*,*,#2772,.T.);
#3650=ORIENTED_EDGE('',*,*,#2784,.T.);
#3651=ORIENTED_EDGE('',*,*,#2636,.F.);
#3652=ORIENTED_EDGE('',*,*,#2784,.F.);
#3653=ORIENTED_EDGE('',*,*,#2771,.T.);
#3654=ORIENTED_EDGE('',*,*,#2646,.T.);
#3655=ORIENTED_EDGE('',*,*,#2692,.T.);
#3656=ORIENTED_EDGE('',*,*,#2785,.T.);
#3657=ORIENTED_EDGE('',*,*,#2786,.F.);
#3658=ORIENTED_EDGE('',*,*,#2776,.F.);
#3659=ORIENTED_EDGE('',*,*,#2691,.T.);
#3660=ORIENTED_EDGE('',*,*,#2775,.T.);
#3661=ORIENTED_EDGE('',*,*,#2787,.F.);
#3662=ORIENTED_EDGE('',*,*,#2785,.F.);
#3663=ORIENTED_EDGE('',*,*,#2720,.T.);
#3664=ORIENTED_EDGE('',*,*,#2788,.T.);
#3665=ORIENTED_EDGE('',*,*,#2789,.F.);
#3666=ORIENTED_EDGE('',*,*,#2781,.F.);
#3667=ORIENTED_EDGE('',*,*,#2719,.T.);
#3668=ORIENTED_EDGE('',*,*,#2780,.T.);
#3669=ORIENTED_EDGE('',*,*,#2790,.F.);
#3670=ORIENTED_EDGE('',*,*,#2788,.F.);
#3671=ORIENTED_EDGE('',*,*,#2791,.T.);
#3672=ORIENTED_EDGE('',*,*,#2792,.T.);
#3673=ORIENTED_EDGE('',*,*,#2793,.T.);
#3674=ORIENTED_EDGE('',*,*,#2794,.T.);
#3675=ORIENTED_EDGE('',*,*,#2795,.T.);
#3676=ORIENTED_EDGE('',*,*,#2796,.T.);
#3677=ORIENTED_EDGE('',*,*,#2793,.F.);
#3678=ORIENTED_EDGE('',*,*,#2797,.T.);
#3679=ORIENTED_EDGE('',*,*,#2798,.T.);
#3680=ORIENTED_EDGE('',*,*,#2799,.T.);
#3681=ORIENTED_EDGE('',*,*,#2795,.F.);
#3682=ORIENTED_EDGE('',*,*,#2800,.T.);
#3683=ORIENTED_EDGE('',*,*,#2801,.T.);
#3684=ORIENTED_EDGE('',*,*,#2802,.T.);
#3685=ORIENTED_EDGE('',*,*,#2798,.F.);
#3686=ORIENTED_EDGE('',*,*,#2803,.T.);
#3687=ORIENTED_EDGE('',*,*,#2804,.T.);
#3688=ORIENTED_EDGE('',*,*,#2805,.T.);
#3689=ORIENTED_EDGE('',*,*,#2801,.F.);
#3690=ORIENTED_EDGE('',*,*,#2806,.T.);
#3691=ORIENTED_EDGE('',*,*,#2807,.T.);
#3692=ORIENTED_EDGE('',*,*,#2808,.T.);
#3693=ORIENTED_EDGE('',*,*,#2804,.F.);
#3694=ORIENTED_EDGE('',*,*,#2809,.T.);
#3695=ORIENTED_EDGE('',*,*,#2810,.T.);
#3696=ORIENTED_EDGE('',*,*,#2811,.T.);
#3697=ORIENTED_EDGE('',*,*,#2807,.F.);
#3698=ORIENTED_EDGE('',*,*,#2812,.T.);
#3699=ORIENTED_EDGE('',*,*,#2791,.F.);
#3700=ORIENTED_EDGE('',*,*,#2813,.T.);
#3701=ORIENTED_EDGE('',*,*,#2810,.F.);
#3702=ORIENTED_EDGE('',*,*,#2814,.T.);
#3703=ORIENTED_EDGE('',*,*,#2808,.F.);
#3704=ORIENTED_EDGE('',*,*,#2815,.F.);
#3705=ORIENTED_EDGE('',*,*,#2816,.F.);
#3706=ORIENTED_EDGE('',*,*,#2817,.T.);
#3707=ORIENTED_EDGE('',*,*,#2811,.F.);
#3708=ORIENTED_EDGE('',*,*,#2818,.F.);
#3709=ORIENTED_EDGE('',*,*,#2819,.F.);
#3710=ORIENTED_EDGE('',*,*,#2815,.T.);
#3711=ORIENTED_EDGE('',*,*,#2813,.F.);
#3712=ORIENTED_EDGE('',*,*,#2820,.F.);
#3713=ORIENTED_EDGE('',*,*,#2821,.F.);
#3714=ORIENTED_EDGE('',*,*,#2818,.T.);
#3715=ORIENTED_EDGE('',*,*,#2794,.F.);
#3716=ORIENTED_EDGE('',*,*,#2822,.F.);
#3717=ORIENTED_EDGE('',*,*,#2823,.F.);
#3718=ORIENTED_EDGE('',*,*,#2820,.T.);
#3719=ORIENTED_EDGE('',*,*,#2824,.F.);
#3720=ORIENTED_EDGE('',*,*,#2825,.F.);
#3721=ORIENTED_EDGE('',*,*,#2826,.F.);
#3722=ORIENTED_EDGE('',*,*,#2827,.F.);
#3723=ORIENTED_EDGE('',*,*,#2828,.F.);
#3724=ORIENTED_EDGE('',*,*,#2829,.F.);
#3725=ORIENTED_EDGE('',*,*,#2792,.F.);
#3726=ORIENTED_EDGE('',*,*,#2814,.F.);
#3727=ORIENTED_EDGE('',*,*,#2812,.F.);
#3728=ORIENTED_EDGE('',*,*,#2809,.F.);
#3729=ORIENTED_EDGE('',*,*,#2806,.F.);
#3730=ORIENTED_EDGE('',*,*,#2803,.F.);
#3731=ORIENTED_EDGE('',*,*,#2800,.F.);
#3732=ORIENTED_EDGE('',*,*,#2797,.F.);
#3733=ORIENTED_EDGE('',*,*,#2830,.T.);
#3734=ORIENTED_EDGE('',*,*,#2831,.T.);
#3735=ORIENTED_EDGE('',*,*,#2832,.T.);
#3736=ORIENTED_EDGE('',*,*,#2833,.T.);
#3737=ORIENTED_EDGE('',*,*,#2834,.T.);
#3738=ORIENTED_EDGE('',*,*,#2835,.T.);
#3739=ORIENTED_EDGE('',*,*,#2836,.T.);
#3740=ORIENTED_EDGE('',*,*,#2837,.T.);
#3741=ORIENTED_EDGE('',*,*,#2838,.T.);
#3742=ORIENTED_EDGE('',*,*,#2839,.T.);
#3743=ORIENTED_EDGE('',*,*,#2840,.T.);
#3744=ORIENTED_EDGE('',*,*,#2841,.T.);
#3745=ORIENTED_EDGE('',*,*,#2842,.T.);
#3746=ORIENTED_EDGE('',*,*,#2840,.F.);
#3747=ORIENTED_EDGE('',*,*,#2843,.T.);
#3748=ORIENTED_EDGE('',*,*,#2844,.T.);
#3749=ORIENTED_EDGE('',*,*,#2845,.T.);
#3750=ORIENTED_EDGE('',*,*,#2846,.T.);
#3751=ORIENTED_EDGE('',*,*,#2847,.T.);
#3752=ORIENTED_EDGE('',*,*,#2848,.T.);
#3753=ORIENTED_EDGE('',*,*,#2844,.F.);
#3754=ORIENTED_EDGE('',*,*,#2849,.T.);
#3755=ORIENTED_EDGE('',*,*,#2850,.T.);
#3756=ORIENTED_EDGE('',*,*,#2846,.F.);
#3757=ORIENTED_EDGE('',*,*,#2851,.T.);
#3758=ORIENTED_EDGE('',*,*,#2852,.T.);
#3759=ORIENTED_EDGE('',*,*,#2849,.F.);
#3760=ORIENTED_EDGE('',*,*,#2853,.T.);
#3761=ORIENTED_EDGE('',*,*,#2837,.F.);
#3762=ORIENTED_EDGE('',*,*,#2854,.T.);
#3763=ORIENTED_EDGE('',*,*,#2855,.T.);
#3764=ORIENTED_EDGE('',*,*,#2856,.T.);
#3765=ORIENTED_EDGE('',*,*,#2835,.F.);
#3766=ORIENTED_EDGE('',*,*,#2857,.T.);
#3767=ORIENTED_EDGE('',*,*,#2858,.T.);
#3768=ORIENTED_EDGE('',*,*,#2859,.T.);
#3769=ORIENTED_EDGE('',*,*,#2855,.F.);
#3770=ORIENTED_EDGE('',*,*,#2860,.T.);
#3771=ORIENTED_EDGE('',*,*,#2861,.T.);
#3772=ORIENTED_EDGE('',*,*,#2858,.F.);
#3773=ORIENTED_EDGE('',*,*,#2862,.T.);
#3774=ORIENTED_EDGE('',*,*,#2863,.T.);
#3775=ORIENTED_EDGE('',*,*,#2838,.F.);
#3776=ORIENTED_EDGE('',*,*,#2864,.T.);
#3777=ORIENTED_EDGE('',*,*,#2831,.F.);
#3778=ORIENTED_EDGE('',*,*,#2865,.T.);
#3779=ORIENTED_EDGE('',*,*,#2866,.T.);
#3780=ORIENTED_EDGE('',*,*,#2863,.F.);
#3781=ORIENTED_EDGE('',*,*,#2824,.T.);
#3782=ORIENTED_EDGE('',*,*,#2833,.F.);
#3783=ORIENTED_EDGE('',*,*,#2859,.F.);
#3784=ORIENTED_EDGE('',*,*,#2867,.T.);
#3785=ORIENTED_EDGE('',*,*,#2868,.T.);
#3786=ORIENTED_EDGE('',*,*,#2869,.T.);
#3787=ORIENTED_EDGE('',*,*,#2861,.F.);
#3788=ORIENTED_EDGE('',*,*,#2866,.F.);
#3789=ORIENTED_EDGE('',*,*,#2832,.F.);
#3790=ORIENTED_EDGE('',*,*,#2870,.F.);
#3791=ORIENTED_EDGE('',*,*,#2871,.F.);
#3792=ORIENTED_EDGE('',*,*,#2872,.F.);
#3793=ORIENTED_EDGE('',*,*,#2873,.F.);
#3794=ORIENTED_EDGE('',*,*,#2874,.F.);
#3795=ORIENTED_EDGE('',*,*,#2875,.F.);
#3796=ORIENTED_EDGE('',*,*,#2876,.F.);
#3797=ORIENTED_EDGE('',*,*,#2877,.F.);
#3798=ORIENTED_EDGE('',*,*,#2867,.F.);
#3799=ORIENTED_EDGE('',*,*,#2665,.T.);
#3800=ORIENTED_EDGE('',*,*,#2687,.T.);
#3801=ORIENTED_EDGE('',*,*,#2684,.T.);
#3802=ORIENTED_EDGE('',*,*,#2681,.T.);
#3803=ORIENTED_EDGE('',*,*,#2678,.T.);
#3804=ORIENTED_EDGE('',*,*,#2675,.T.);
#3805=ORIENTED_EDGE('',*,*,#2672,.T.);
#3806=ORIENTED_EDGE('',*,*,#2669,.T.);
#3807=ORIENTED_EDGE('',*,*,#2693,.T.);
#3808=ORIENTED_EDGE('',*,*,#2715,.T.);
#3809=ORIENTED_EDGE('',*,*,#2712,.T.);
#3810=ORIENTED_EDGE('',*,*,#2709,.T.);
#3811=ORIENTED_EDGE('',*,*,#2706,.T.);
#3812=ORIENTED_EDGE('',*,*,#2703,.T.);
#3813=ORIENTED_EDGE('',*,*,#2700,.T.);
#3814=ORIENTED_EDGE('',*,*,#2697,.T.);
#3815=ORIENTED_EDGE('',*,*,#2721,.T.);
#3816=ORIENTED_EDGE('',*,*,#2743,.T.);
#3817=ORIENTED_EDGE('',*,*,#2740,.T.);
#3818=ORIENTED_EDGE('',*,*,#2737,.T.);
#3819=ORIENTED_EDGE('',*,*,#2734,.T.);
#3820=ORIENTED_EDGE('',*,*,#2731,.T.);
#3821=ORIENTED_EDGE('',*,*,#2728,.T.);
#3822=ORIENTED_EDGE('',*,*,#2725,.T.);
#3823=ORIENTED_EDGE('',*,*,#2747,.T.);
#3824=ORIENTED_EDGE('',*,*,#2769,.T.);
#3825=ORIENTED_EDGE('',*,*,#2766,.T.);
#3826=ORIENTED_EDGE('',*,*,#2763,.T.);
#3827=ORIENTED_EDGE('',*,*,#2760,.T.);
#3828=ORIENTED_EDGE('',*,*,#2757,.T.);
#3829=ORIENTED_EDGE('',*,*,#2754,.T.);
#3830=ORIENTED_EDGE('',*,*,#2751,.T.);
#3831=ORIENTED_EDGE('',*,*,#2864,.F.);
#3832=ORIENTED_EDGE('',*,*,#2878,.T.);
#3833=ORIENTED_EDGE('',*,*,#2879,.F.);
#3834=ORIENTED_EDGE('',*,*,#2870,.T.);
#3835=ORIENTED_EDGE('',*,*,#2834,.F.);
#3836=ORIENTED_EDGE('',*,*,#2853,.F.);
#3837=ORIENTED_EDGE('',*,*,#2880,.T.);
#3838=ORIENTED_EDGE('',*,*,#2826,.T.);
#3839=ORIENTED_EDGE('',*,*,#2881,.F.);
#3840=ORIENTED_EDGE('',*,*,#2851,.F.);
#3841=ORIENTED_EDGE('',*,*,#2882,.T.);
#3842=ORIENTED_EDGE('',*,*,#2827,.T.);
#3843=ORIENTED_EDGE('',*,*,#2880,.F.);
#3844=ORIENTED_EDGE('',*,*,#2845,.F.);
#3845=ORIENTED_EDGE('',*,*,#2843,.F.);
#3846=ORIENTED_EDGE('',*,*,#2883,.T.);
#3847=ORIENTED_EDGE('',*,*,#2828,.T.);
#3848=ORIENTED_EDGE('',*,*,#2882,.F.);
#3849=ORIENTED_EDGE('',*,*,#2877,.T.);
#3850=ORIENTED_EDGE('',*,*,#2884,.T.);
#3851=ORIENTED_EDGE('',*,*,#2885,.T.);
#3852=ORIENTED_EDGE('',*,*,#2886,.T.);
#3853=ORIENTED_EDGE('',*,*,#2868,.F.);
#3854=ORIENTED_EDGE('',*,*,#2887,.T.);
#3855=ORIENTED_EDGE('',*,*,#2888,.T.);
#3856=ORIENTED_EDGE('',*,*,#2884,.F.);
#3857=ORIENTED_EDGE('',*,*,#2876,.T.);
#3858=ORIENTED_EDGE('',*,*,#2889,.T.);
#3859=ORIENTED_EDGE('',*,*,#2890,.T.);
#3860=ORIENTED_EDGE('',*,*,#2887,.F.);
#3861=ORIENTED_EDGE('',*,*,#2875,.T.);
#3862=ORIENTED_EDGE('',*,*,#2891,.T.);
#3863=ORIENTED_EDGE('',*,*,#2892,.T.);
#3864=ORIENTED_EDGE('',*,*,#2889,.F.);
#3865=ORIENTED_EDGE('',*,*,#2874,.T.);
#3866=ORIENTED_EDGE('',*,*,#2893,.T.);
#3867=ORIENTED_EDGE('',*,*,#2894,.T.);
#3868=ORIENTED_EDGE('',*,*,#2891,.F.);
#3869=ORIENTED_EDGE('',*,*,#2873,.T.);
#3870=ORIENTED_EDGE('',*,*,#2895,.T.);
#3871=ORIENTED_EDGE('',*,*,#2896,.T.);
#3872=ORIENTED_EDGE('',*,*,#2893,.F.);
#3873=ORIENTED_EDGE('',*,*,#2872,.T.);
#3874=ORIENTED_EDGE('',*,*,#2897,.T.);
#3875=ORIENTED_EDGE('',*,*,#2895,.F.);
#3876=ORIENTED_EDGE('',*,*,#2871,.T.);
#3877=ORIENTED_EDGE('',*,*,#2879,.T.);
#3878=ORIENTED_EDGE('',*,*,#2898,.T.);
#3879=ORIENTED_EDGE('',*,*,#2856,.F.);
#3880=ORIENTED_EDGE('',*,*,#2869,.F.);
#3881=ORIENTED_EDGE('',*,*,#2886,.F.);
#3882=ORIENTED_EDGE('',*,*,#2899,.F.);
#3883=ORIENTED_EDGE('',*,*,#2900,.T.);
#3884=ORIENTED_EDGE('',*,*,#2854,.F.);
#3885=ORIENTED_EDGE('',*,*,#2836,.F.);
#3886=ORIENTED_EDGE('',*,*,#2885,.F.);
#3887=ORIENTED_EDGE('',*,*,#2901,.T.);
#3888=ORIENTED_EDGE('',*,*,#2613,.T.);
#3889=ORIENTED_EDGE('',*,*,#2902,.T.);
#3890=ORIENTED_EDGE('',*,*,#2899,.T.);
#3891=ORIENTED_EDGE('',*,*,#2888,.F.);
#3892=ORIENTED_EDGE('',*,*,#2903,.F.);
#3893=ORIENTED_EDGE('',*,*,#2614,.T.);
#3894=ORIENTED_EDGE('',*,*,#2901,.F.);
#3895=ORIENTED_EDGE('',*,*,#2890,.F.);
#3896=ORIENTED_EDGE('',*,*,#2904,.T.);
#3897=ORIENTED_EDGE('',*,*,#2615,.T.);
#3898=ORIENTED_EDGE('',*,*,#2903,.T.);
#3899=ORIENTED_EDGE('',*,*,#2892,.F.);
#3900=ORIENTED_EDGE('',*,*,#2905,.F.);
#3901=ORIENTED_EDGE('',*,*,#2556,.T.);
#3902=ORIENTED_EDGE('',*,*,#2906,.F.);
#3903=ORIENTED_EDGE('',*,*,#2907,.T.);
#3904=ORIENTED_EDGE('',*,*,#2908,.F.);
#3905=ORIENTED_EDGE('',*,*,#2909,.T.);
#3906=ORIENTED_EDGE('',*,*,#2910,.F.);
#3907=ORIENTED_EDGE('',*,*,#2911,.T.);
#3908=ORIENTED_EDGE('',*,*,#2912,.F.);
#3909=ORIENTED_EDGE('',*,*,#2913,.T.);
#3910=ORIENTED_EDGE('',*,*,#2914,.F.);
#3911=ORIENTED_EDGE('',*,*,#2915,.T.);
#3912=ORIENTED_EDGE('',*,*,#2916,.F.);
#3913=ORIENTED_EDGE('',*,*,#2917,.T.);
#3914=ORIENTED_EDGE('',*,*,#2918,.F.);
#3915=ORIENTED_EDGE('',*,*,#2919,.T.);
#3916=ORIENTED_EDGE('',*,*,#2920,.F.);
#3917=ORIENTED_EDGE('',*,*,#2616,.T.);
#3918=ORIENTED_EDGE('',*,*,#2904,.F.);
#3919=ORIENTED_EDGE('',*,*,#2894,.F.);
#3920=ORIENTED_EDGE('',*,*,#2921,.T.);
#3921=ORIENTED_EDGE('',*,*,#2557,.T.);
#3922=ORIENTED_EDGE('',*,*,#2905,.T.);
#3923=ORIENTED_EDGE('',*,*,#2896,.F.);
#3924=ORIENTED_EDGE('',*,*,#2922,.F.);
#3925=ORIENTED_EDGE('',*,*,#2558,.T.);
#3926=ORIENTED_EDGE('',*,*,#2921,.F.);
#3927=ORIENTED_EDGE('',*,*,#2897,.F.);
#3928=ORIENTED_EDGE('',*,*,#2923,.T.);
#3929=ORIENTED_EDGE('',*,*,#2924,.T.);
#3930=ORIENTED_EDGE('',*,*,#2559,.T.);
#3931=ORIENTED_EDGE('',*,*,#2922,.T.);
#3932=ORIENTED_EDGE('',*,*,#2848,.F.);
#3933=ORIENTED_EDGE('',*,*,#2925,.T.);
#3934=ORIENTED_EDGE('',*,*,#2923,.F.);
#3935=ORIENTED_EDGE('',*,*,#2898,.F.);
#3936=ORIENTED_EDGE('',*,*,#2878,.F.);
#3937=ORIENTED_EDGE('',*,*,#2841,.F.);
#3938=ORIENTED_EDGE('',*,*,#2842,.F.);
#3939=ORIENTED_EDGE('',*,*,#2830,.F.);
#3940=ORIENTED_EDGE('',*,*,#2829,.T.);
#3941=ORIENTED_EDGE('',*,*,#2883,.F.);
#3942=ORIENTED_EDGE('',*,*,#2839,.F.);
#3943=ORIENTED_EDGE('',*,*,#2865,.F.);
#3944=ORIENTED_EDGE('',*,*,#2926,.T.);
#3945=ORIENTED_EDGE('',*,*,#2927,.T.);
#3946=ORIENTED_EDGE('',*,*,#2928,.T.);
#3947=ORIENTED_EDGE('',*,*,#2929,.T.);
#3948=ORIENTED_EDGE('',*,*,#2927,.F.);
#3949=ORIENTED_EDGE('',*,*,#2930,.T.);
#3950=ORIENTED_EDGE('',*,*,#2931,.F.);
#3951=ORIENTED_EDGE('',*,*,#2932,.T.);
#3952=ORIENTED_EDGE('',*,*,#2933,.T.);
#3953=ORIENTED_EDGE('',*,*,#2934,.T.);
#3954=ORIENTED_EDGE('',*,*,#2935,.F.);
#3955=ORIENTED_EDGE('',*,*,#2936,.T.);
#3956=ORIENTED_EDGE('',*,*,#2937,.F.);
#3957=ORIENTED_EDGE('',*,*,#2938,.F.);
#3958=ORIENTED_EDGE('',*,*,#2939,.T.);
#3959=ORIENTED_EDGE('',*,*,#2940,.T.);
#3960=ORIENTED_EDGE('',*,*,#2941,.F.);
#3961=ORIENTED_EDGE('',*,*,#2942,.T.);
#3962=ORIENTED_EDGE('',*,*,#2943,.F.);
#3963=ORIENTED_EDGE('',*,*,#2944,.F.);
#3964=ORIENTED_EDGE('',*,*,#2945,.T.);
#3965=ORIENTED_EDGE('',*,*,#2926,.F.);
#3966=ORIENTED_EDGE('',*,*,#2946,.T.);
#3967=ORIENTED_EDGE('',*,*,#2947,.F.);
#3968=ORIENTED_EDGE('',*,*,#2948,.F.);
#3969=ORIENTED_EDGE('',*,*,#2949,.F.);
#3970=ORIENTED_EDGE('',*,*,#2950,.T.);
#3971=ORIENTED_EDGE('',*,*,#2951,.F.);
#3972=ORIENTED_EDGE('',*,*,#2610,.F.);
#3973=ORIENTED_EDGE('',*,*,#2952,.F.);
#3974=ORIENTED_EDGE('',*,*,#2953,.T.);
#3975=ORIENTED_EDGE('',*,*,#2954,.F.);
#3976=ORIENTED_EDGE('',*,*,#2930,.F.);
#3977=ORIENTED_EDGE('',*,*,#2955,.T.);
#3978=ORIENTED_EDGE('',*,*,#2956,.T.);
#3979=ORIENTED_EDGE('',*,*,#2947,.T.);
#3980=ORIENTED_EDGE('',*,*,#2957,.T.);
#3981=ORIENTED_EDGE('',*,*,#2956,.F.);
#3982=ORIENTED_EDGE('',*,*,#2958,.F.);
#3983=ORIENTED_EDGE('',*,*,#2959,.F.);
#3984=ORIENTED_EDGE('',*,*,#2948,.T.);
#3985=ORIENTED_EDGE('',*,*,#2960,.F.);
#3986=ORIENTED_EDGE('',*,*,#2914,.T.);
#3987=ORIENTED_EDGE('',*,*,#2961,.T.);
#3988=ORIENTED_EDGE('',*,*,#2962,.T.);
#3989=ORIENTED_EDGE('',*,*,#2963,.T.);
#3990=ORIENTED_EDGE('',*,*,#2962,.F.);
#3991=ORIENTED_EDGE('',*,*,#2964,.F.);
#3992=ORIENTED_EDGE('',*,*,#2965,.F.);
#3993=ORIENTED_EDGE('',*,*,#2966,.T.);
#3994=ORIENTED_EDGE('',*,*,#2967,.F.);
#3995=ORIENTED_EDGE('',*,*,#2594,.F.);
#3996=ORIENTED_EDGE('',*,*,#2968,.F.);
#3997=ORIENTED_EDGE('',*,*,#2969,.T.);
#3998=ORIENTED_EDGE('',*,*,#2970,.F.);
#3999=ORIENTED_EDGE('',*,*,#2971,.F.);
#4000=ORIENTED_EDGE('',*,*,#2972,.F.);
#4001=ORIENTED_EDGE('',*,*,#2973,.T.);
#4002=ORIENTED_EDGE('',*,*,#2972,.T.);
#4003=ORIENTED_EDGE('',*,*,#2974,.T.);
#4004=ORIENTED_EDGE('',*,*,#2916,.T.);
#4005=ORIENTED_EDGE('',*,*,#2975,.T.);
#4006=ORIENTED_EDGE('',*,*,#2974,.F.);
#4007=ORIENTED_EDGE('',*,*,#2971,.T.);
#4008=ORIENTED_EDGE('',*,*,#2976,.F.);
#4009=ORIENTED_EDGE('',*,*,#2917,.F.);
#4010=ORIENTED_EDGE('',*,*,#2977,.F.);
#4011=ORIENTED_EDGE('',*,*,#2918,.T.);
#4012=ORIENTED_EDGE('',*,*,#2976,.T.);
#4013=ORIENTED_EDGE('',*,*,#2970,.T.);
#4014=ORIENTED_EDGE('',*,*,#2978,.T.);
#4015=ORIENTED_EDGE('',*,*,#2920,.T.);
#4016=ORIENTED_EDGE('',*,*,#2979,.T.);
#4017=ORIENTED_EDGE('',*,*,#2968,.T.);
#4018=ORIENTED_EDGE('',*,*,#2593,.T.);
#4019=ORIENTED_EDGE('',*,*,#2910,.T.);
#4020=ORIENTED_EDGE('',*,*,#2980,.T.);
#4021=ORIENTED_EDGE('',*,*,#2981,.T.);
#4022=ORIENTED_EDGE('',*,*,#2982,.T.);
#4023=ORIENTED_EDGE('',*,*,#2980,.F.);
#4024=ORIENTED_EDGE('',*,*,#2909,.F.);
#4025=ORIENTED_EDGE('',*,*,#2983,.F.);
#4026=ORIENTED_EDGE('',*,*,#2984,.T.);
#4027=ORIENTED_EDGE('',*,*,#2985,.F.);
#4028=ORIENTED_EDGE('',*,*,#2986,.T.);
#4029=ORIENTED_EDGE('',*,*,#2987,.T.);
#4030=ORIENTED_EDGE('',*,*,#2912,.T.);
#4031=ORIENTED_EDGE('',*,*,#2988,.T.);
#4032=ORIENTED_EDGE('',*,*,#2961,.F.);
#4033=ORIENTED_EDGE('',*,*,#2913,.F.);
#4034=ORIENTED_EDGE('',*,*,#2987,.F.);
#4035=ORIENTED_EDGE('',*,*,#2989,.T.);
#4036=ORIENTED_EDGE('',*,*,#2990,.F.);
#4037=ORIENTED_EDGE('',*,*,#2991,.T.);
#4038=ORIENTED_EDGE('',*,*,#2992,.T.);
#4039=ORIENTED_EDGE('',*,*,#2993,.T.);
#4040=ORIENTED_EDGE('',*,*,#2994,.F.);
#4041=ORIENTED_EDGE('',*,*,#2964,.T.);
#4042=ORIENTED_EDGE('',*,*,#2995,.T.);
#4043=ORIENTED_EDGE('',*,*,#2981,.F.);
#4044=ORIENTED_EDGE('',*,*,#2984,.F.);
#4045=ORIENTED_EDGE('',*,*,#2996,.F.);
#4046=ORIENTED_EDGE('',*,*,#2997,.T.);
#4047=ORIENTED_EDGE('',*,*,#2998,.F.);
#4048=ORIENTED_EDGE('',*,*,#2578,.F.);
#4049=ORIENTED_EDGE('',*,*,#2999,.F.);
#4050=ORIENTED_EDGE('',*,*,#3000,.T.);
#4051=ORIENTED_EDGE('',*,*,#3001,.F.);
#4052=ORIENTED_EDGE('',*,*,#2989,.F.);
#4053=ORIENTED_EDGE('',*,*,#2986,.F.);
#4054=ORIENTED_EDGE('',*,*,#3002,.T.);
#4055=ORIENTED_EDGE('',*,*,#2906,.T.);
#4056=ORIENTED_EDGE('',*,*,#2555,.T.);
#4057=ORIENTED_EDGE('',*,*,#2998,.T.);
#4058=ORIENTED_EDGE('',*,*,#3003,.T.);
#4059=ORIENTED_EDGE('',*,*,#2996,.T.);
#4060=ORIENTED_EDGE('',*,*,#2983,.T.);
#4061=ORIENTED_EDGE('',*,*,#2908,.T.);
#4062=ORIENTED_EDGE('',*,*,#3004,.T.);
#4063=ORIENTED_EDGE('',*,*,#3005,.T.);
#4064=ORIENTED_EDGE('',*,*,#3006,.T.);
#4065=ORIENTED_EDGE('',*,*,#3007,.T.);
#4066=ORIENTED_EDGE('',*,*,#3008,.T.);
#4067=ORIENTED_EDGE('',*,*,#3006,.F.);
#4068=ORIENTED_EDGE('',*,*,#3009,.T.);
#4069=ORIENTED_EDGE('',*,*,#3010,.F.);
#4070=ORIENTED_EDGE('',*,*,#3011,.F.);
#4071=ORIENTED_EDGE('',*,*,#3012,.F.);
#4072=ORIENTED_EDGE('',*,*,#3005,.F.);
#4073=ORIENTED_EDGE('',*,*,#3013,.T.);
#4074=ORIENTED_EDGE('',*,*,#3014,.F.);
#4075=ORIENTED_EDGE('',*,*,#2942,.F.);
#4076=ORIENTED_EDGE('',*,*,#3015,.F.);
#4077=ORIENTED_EDGE('',*,*,#3016,.F.);
#4078=ORIENTED_EDGE('',*,*,#3017,.T.);
#4079=ORIENTED_EDGE('',*,*,#3018,.F.);
#4080=ORIENTED_EDGE('',*,*,#2562,.F.);
#4081=ORIENTED_EDGE('',*,*,#3019,.F.);
#4082=ORIENTED_EDGE('',*,*,#3020,.T.);
#4083=ORIENTED_EDGE('',*,*,#3021,.F.);
#4084=ORIENTED_EDGE('',*,*,#3009,.F.);
#4085=ORIENTED_EDGE('',*,*,#3022,.T.);
#4086=ORIENTED_EDGE('',*,*,#2943,.T.);
#4087=ORIENTED_EDGE('',*,*,#3014,.T.);
#4088=ORIENTED_EDGE('',*,*,#3023,.T.);
#4089=ORIENTED_EDGE('',*,*,#3024,.T.);
#4090=ORIENTED_EDGE('',*,*,#3025,.T.);
#4091=ORIENTED_EDGE('',*,*,#3019,.T.);
#4092=ORIENTED_EDGE('',*,*,#2561,.T.);
#4093=ORIENTED_EDGE('',*,*,#3026,.T.);
#4094=ORIENTED_EDGE('',*,*,#3010,.T.);
#4095=ORIENTED_EDGE('',*,*,#3021,.T.);
#4096=ORIENTED_EDGE('',*,*,#3027,.T.);
#4097=ORIENTED_EDGE('',*,*,#2949,.T.);
#4098=ORIENTED_EDGE('',*,*,#2959,.T.);
#4099=ORIENTED_EDGE('',*,*,#3028,.T.);
#4100=ORIENTED_EDGE('',*,*,#3029,.T.);
#4101=ORIENTED_EDGE('',*,*,#3030,.T.);
#4102=ORIENTED_EDGE('',*,*,#2611,.T.);
#4103=ORIENTED_EDGE('',*,*,#2951,.T.);
#4104=ORIENTED_EDGE('',*,*,#3031,.T.);
#4105=ORIENTED_EDGE('',*,*,#2977,.T.);
#4106=ORIENTED_EDGE('',*,*,#3032,.T.);
#4107=ORIENTED_EDGE('',*,*,#3033,.T.);
#4108=ORIENTED_EDGE('',*,*,#3032,.F.);
#4109=ORIENTED_EDGE('',*,*,#2960,.T.);
#4110=ORIENTED_EDGE('',*,*,#3034,.T.);
#4111=ORIENTED_EDGE('',*,*,#3035,.T.);
#4112=ORIENTED_EDGE('',*,*,#3034,.F.);
#4113=ORIENTED_EDGE('',*,*,#2985,.T.);
#4114=ORIENTED_EDGE('',*,*,#3036,.T.);
#4115=ORIENTED_EDGE('',*,*,#3037,.T.);
#4116=ORIENTED_EDGE('',*,*,#3036,.F.);
#4117=ORIENTED_EDGE('',*,*,#3012,.T.);
#4118=ORIENTED_EDGE('',*,*,#3038,.T.);
#4119=ORIENTED_EDGE('',*,*,#3039,.T.);
#4120=ORIENTED_EDGE('',*,*,#3038,.F.);
#4121=ORIENTED_EDGE('',*,*,#2857,.F.);
#4122=ORIENTED_EDGE('',*,*,#2881,.T.);
#4123=ORIENTED_EDGE('',*,*,#2825,.T.);
#4124=ORIENTED_EDGE('',*,*,#2862,.F.);
#4125=ORIENTED_EDGE('',*,*,#2860,.F.);
#4126=ORIENTED_EDGE('',*,*,#2796,.F.);
#4127=ORIENTED_EDGE('',*,*,#3040,.F.);
#4128=ORIENTED_EDGE('',*,*,#3041,.F.);
#4129=ORIENTED_EDGE('',*,*,#2822,.T.);
#4130=ORIENTED_EDGE('',*,*,#2799,.F.);
#4131=ORIENTED_EDGE('',*,*,#3042,.F.);
#4132=ORIENTED_EDGE('',*,*,#3043,.F.);
#4133=ORIENTED_EDGE('',*,*,#3040,.T.);
#4134=ORIENTED_EDGE('',*,*,#2802,.F.);
#4135=ORIENTED_EDGE('',*,*,#3044,.F.);
#4136=ORIENTED_EDGE('',*,*,#3045,.F.);
#4137=ORIENTED_EDGE('',*,*,#3042,.T.);
#4138=ORIENTED_EDGE('',*,*,#2805,.F.);
#4139=ORIENTED_EDGE('',*,*,#2817,.F.);
#4140=ORIENTED_EDGE('',*,*,#3046,.F.);
#4141=ORIENTED_EDGE('',*,*,#3044,.T.);
#4142=ORIENTED_EDGE('',*,*,#3047,.F.);
#4143=ORIENTED_EDGE('',*,*,#3048,.T.);
#4144=ORIENTED_EDGE('',*,*,#3049,.T.);
#4145=ORIENTED_EDGE('',*,*,#3050,.T.);
#4146=ORIENTED_EDGE('',*,*,#3047,.T.);
#4147=ORIENTED_EDGE('',*,*,#3051,.F.);
#4148=ORIENTED_EDGE('',*,*,#3052,.F.);
#4149=ORIENTED_EDGE('',*,*,#3053,.F.);
#4150=ORIENTED_EDGE('',*,*,#3054,.T.);
#4151=ORIENTED_EDGE('',*,*,#3055,.F.);
#4152=ORIENTED_EDGE('',*,*,#3056,.F.);
#4153=ORIENTED_EDGE('',*,*,#3057,.F.);
#4154=ORIENTED_EDGE('',*,*,#3058,.T.);
#4155=ORIENTED_EDGE('',*,*,#3050,.F.);
#4156=ORIENTED_EDGE('',*,*,#3059,.T.);
#4157=ORIENTED_EDGE('',*,*,#3060,.F.);
#4158=ORIENTED_EDGE('',*,*,#3061,.T.);
#4159=ORIENTED_EDGE('',*,*,#3062,.F.);
#4160=ORIENTED_EDGE('',*,*,#3063,.T.);
#4161=ORIENTED_EDGE('',*,*,#3064,.F.);
#4162=ORIENTED_EDGE('',*,*,#3065,.F.);
#4163=ORIENTED_EDGE('',*,*,#3066,.F.);
#4164=ORIENTED_EDGE('',*,*,#3051,.T.);
#4165=ORIENTED_EDGE('',*,*,#3067,.F.);
#4166=ORIENTED_EDGE('',*,*,#3062,.T.);
#4167=ORIENTED_EDGE('',*,*,#3068,.T.);
#4168=ORIENTED_EDGE('',*,*,#3069,.T.);
#4169=ORIENTED_EDGE('',*,*,#3070,.F.);
#4170=ORIENTED_EDGE('',*,*,#3060,.T.);
#4171=ORIENTED_EDGE('',*,*,#3071,.F.);
#4172=ORIENTED_EDGE('',*,*,#3072,.T.);
#4173=ORIENTED_EDGE('',*,*,#3070,.T.);
#4174=ORIENTED_EDGE('',*,*,#3073,.F.);
#4175=ORIENTED_EDGE('',*,*,#3074,.T.);
#4176=ORIENTED_EDGE('',*,*,#3075,.F.);
#4177=ORIENTED_EDGE('',*,*,#3068,.F.);
#4178=ORIENTED_EDGE('',*,*,#3061,.F.);
#4179=ORIENTED_EDGE('',*,*,#3072,.F.);
#4180=ORIENTED_EDGE('',*,*,#3076,.T.);
#4181=ORIENTED_EDGE('',*,*,#3077,.T.);
#4182=ORIENTED_EDGE('',*,*,#3078,.T.);
#4183=ORIENTED_EDGE('',*,*,#3056,.T.);
#4184=ORIENTED_EDGE('',*,*,#3079,.T.);
#4185=ORIENTED_EDGE('',*,*,#3080,.T.);
#4186=ORIENTED_EDGE('',*,*,#3081,.T.);
#4187=ORIENTED_EDGE('',*,*,#3082,.F.);
#4188=ORIENTED_EDGE('',*,*,#3083,.T.);
#4189=ORIENTED_EDGE('',*,*,#3084,.T.);
#4190=ORIENTED_EDGE('',*,*,#3085,.T.);
#4191=ORIENTED_EDGE('',*,*,#3086,.F.);
#4192=ORIENTED_EDGE('',*,*,#3087,.T.);
#4193=ORIENTED_EDGE('',*,*,#3088,.T.);
#4194=ORIENTED_EDGE('',*,*,#3089,.T.);
#4195=ORIENTED_EDGE('',*,*,#3090,.T.);
#4196=ORIENTED_EDGE('',*,*,#3091,.T.);
#4197=ORIENTED_EDGE('',*,*,#3092,.T.);
#4198=ORIENTED_EDGE('',*,*,#3093,.T.);
#4199=ORIENTED_EDGE('',*,*,#3094,.T.);
#4200=ORIENTED_EDGE('',*,*,#3095,.T.);
#4201=ORIENTED_EDGE('',*,*,#3096,.T.);
#4202=ORIENTED_EDGE('',*,*,#3073,.T.);
#4203=ORIENTED_EDGE('',*,*,#3097,.T.);
#4204=ORIENTED_EDGE('',*,*,#3098,.T.);
#4205=ORIENTED_EDGE('',*,*,#3064,.T.);
#4206=ORIENTED_EDGE('',*,*,#3099,.T.);
#4207=ORIENTED_EDGE('',*,*,#3100,.T.);
#4208=ORIENTED_EDGE('',*,*,#3097,.F.);
#4209=ORIENTED_EDGE('',*,*,#3101,.T.);
#4210=ORIENTED_EDGE('',*,*,#3102,.T.);
#4211=ORIENTED_EDGE('',*,*,#3103,.T.);
#4212=ORIENTED_EDGE('',*,*,#3104,.T.);
#4213=ORIENTED_EDGE('',*,*,#2937,.T.);
#4214=ORIENTED_EDGE('',*,*,#3105,.T.);
#4215=ORIENTED_EDGE('',*,*,#3102,.F.);
#4216=ORIENTED_EDGE('',*,*,#3104,.F.);
#4217=ORIENTED_EDGE('',*,*,#3101,.F.);
#4218=ORIENTED_EDGE('',*,*,#3106,.T.);
#4219=ORIENTED_EDGE('',*,*,#3107,.F.);
#4220=ORIENTED_EDGE('',*,*,#3108,.T.);
#4221=ORIENTED_EDGE('',*,*,#2938,.T.);
#4222=ORIENTED_EDGE('',*,*,#3067,.T.);
#4223=ORIENTED_EDGE('',*,*,#3109,.T.);
#4224=ORIENTED_EDGE('',*,*,#3110,.F.);
#4225=ORIENTED_EDGE('',*,*,#3094,.F.);
#4226=ORIENTED_EDGE('',*,*,#3111,.F.);
#4227=ORIENTED_EDGE('',*,*,#3112,.T.);
#4228=ORIENTED_EDGE('',*,*,#3113,.F.);
#4229=ORIENTED_EDGE('',*,*,#3090,.F.);
#4230=ORIENTED_EDGE('',*,*,#3114,.F.);
#4231=ORIENTED_EDGE('',*,*,#3115,.T.);
#4232=ORIENTED_EDGE('',*,*,#3106,.F.);
#4233=ORIENTED_EDGE('',*,*,#3099,.F.);
#4234=ORIENTED_EDGE('',*,*,#3063,.F.);
#4235=ORIENTED_EDGE('',*,*,#3015,.T.);
#4236=ORIENTED_EDGE('',*,*,#2941,.T.);
#4237=ORIENTED_EDGE('',*,*,#3116,.T.);
#4238=ORIENTED_EDGE('',*,*,#3117,.T.);
#4239=ORIENTED_EDGE('',*,*,#3118,.T.);
#4240=ORIENTED_EDGE('',*,*,#3119,.T.);
#4241=ORIENTED_EDGE('',*,*,#3120,.T.);
#4242=ORIENTED_EDGE('',*,*,#3016,.T.);
#4243=ORIENTED_EDGE('',*,*,#3117,.F.);
#4244=ORIENTED_EDGE('',*,*,#3066,.T.);
#4245=ORIENTED_EDGE('',*,*,#3121,.T.);
#4246=ORIENTED_EDGE('',*,*,#3119,.F.);
#4247=ORIENTED_EDGE('',*,*,#3052,.T.);
#4248=ORIENTED_EDGE('',*,*,#3100,.F.);
#4249=ORIENTED_EDGE('',*,*,#3122,.F.);
#4250=ORIENTED_EDGE('',*,*,#3123,.T.);
#4251=ORIENTED_EDGE('',*,*,#3124,.F.);
#4252=ORIENTED_EDGE('',*,*,#3125,.F.);
#4253=ORIENTED_EDGE('',*,*,#3126,.F.);
#4254=ORIENTED_EDGE('',*,*,#3127,.T.);
#4255=ORIENTED_EDGE('',*,*,#2953,.F.);
#4256=ORIENTED_EDGE('',*,*,#3128,.T.);
#4257=ORIENTED_EDGE('',*,*,#3129,.F.);
#4258=ORIENTED_EDGE('',*,*,#3130,.F.);
#4259=ORIENTED_EDGE('',*,*,#3131,.F.);
#4260=ORIENTED_EDGE('',*,*,#3132,.T.);
#4261=ORIENTED_EDGE('',*,*,#3133,.F.);
#4262=ORIENTED_EDGE('',*,*,#3134,.T.);
#4263=ORIENTED_EDGE('',*,*,#3135,.F.);
#4264=ORIENTED_EDGE('',*,*,#3136,.T.);
#4265=ORIENTED_EDGE('',*,*,#3137,.F.);
#4266=ORIENTED_EDGE('',*,*,#3138,.T.);
#4267=ORIENTED_EDGE('',*,*,#3139,.F.);
#4268=ORIENTED_EDGE('',*,*,#3140,.F.);
#4269=ORIENTED_EDGE('',*,*,#3141,.F.);
#4270=ORIENTED_EDGE('',*,*,#3142,.T.);
#4271=ORIENTED_EDGE('',*,*,#2966,.F.);
#4272=ORIENTED_EDGE('',*,*,#3143,.T.);
#4273=ORIENTED_EDGE('',*,*,#3144,.F.);
#4274=ORIENTED_EDGE('',*,*,#3145,.F.);
#4275=ORIENTED_EDGE('',*,*,#3146,.F.);
#4276=ORIENTED_EDGE('',*,*,#3147,.T.);
#4277=ORIENTED_EDGE('',*,*,#3000,.F.);
#4278=ORIENTED_EDGE('',*,*,#3148,.T.);
#4279=ORIENTED_EDGE('',*,*,#3149,.F.);
#4280=ORIENTED_EDGE('',*,*,#3150,.F.);
#4281=ORIENTED_EDGE('',*,*,#3151,.F.);
#4282=ORIENTED_EDGE('',*,*,#3152,.T.);
#4283=ORIENTED_EDGE('',*,*,#3153,.F.);
#4284=ORIENTED_EDGE('',*,*,#3154,.T.);
#4285=ORIENTED_EDGE('',*,*,#3155,.F.);
#4286=ORIENTED_EDGE('',*,*,#3156,.T.);
#4287=ORIENTED_EDGE('',*,*,#3157,.F.);
#4288=ORIENTED_EDGE('',*,*,#3158,.T.);
#4289=ORIENTED_EDGE('',*,*,#3159,.F.);
#4290=ORIENTED_EDGE('',*,*,#3160,.F.);
#4291=ORIENTED_EDGE('',*,*,#3161,.F.);
#4292=ORIENTED_EDGE('',*,*,#3162,.T.);
#4293=ORIENTED_EDGE('',*,*,#3017,.F.);
#4294=ORIENTED_EDGE('',*,*,#3120,.F.);
#4295=ORIENTED_EDGE('',*,*,#3121,.F.);
#4296=ORIENTED_EDGE('',*,*,#3065,.T.);
#4297=ORIENTED_EDGE('',*,*,#3098,.F.);
#4298=ORIENTED_EDGE('',*,*,#2786,.T.);
#4299=ORIENTED_EDGE('',*,*,#2787,.T.);
#4300=ORIENTED_EDGE('',*,*,#2774,.T.);
#4301=ORIENTED_EDGE('',*,*,#2777,.T.);
#4302=ORIENTED_EDGE('',*,*,#2789,.T.);
#4303=ORIENTED_EDGE('',*,*,#2790,.T.);
#4304=ORIENTED_EDGE('',*,*,#2779,.T.);
#4305=ORIENTED_EDGE('',*,*,#2782,.T.);
#4306=ORIENTED_EDGE('',*,*,#3116,.F.);
#4307=ORIENTED_EDGE('',*,*,#2940,.F.);
#4308=ORIENTED_EDGE('',*,*,#3163,.T.);
#4309=ORIENTED_EDGE('',*,*,#3164,.F.);
#4310=ORIENTED_EDGE('',*,*,#3053,.T.);
#4311=ORIENTED_EDGE('',*,*,#3118,.F.);
#4312=ORIENTED_EDGE('',*,*,#3164,.T.);
#4313=ORIENTED_EDGE('',*,*,#3165,.F.);
#4314=ORIENTED_EDGE('',*,*,#3166,.F.);
#4315=ORIENTED_EDGE('',*,*,#3167,.T.);
#4316=ORIENTED_EDGE('',*,*,#3168,.F.);
#4317=ORIENTED_EDGE('',*,*,#3054,.F.);
#4318=ORIENTED_EDGE('',*,*,#3169,.T.);
#4319=ORIENTED_EDGE('',*,*,#3163,.F.);
#4320=ORIENTED_EDGE('',*,*,#2939,.F.);
#4321=ORIENTED_EDGE('',*,*,#3108,.F.);
#4322=ORIENTED_EDGE('',*,*,#3170,.T.);
#4323=ORIENTED_EDGE('',*,*,#3171,.F.);
#4324=ORIENTED_EDGE('',*,*,#3086,.T.);
#4325=ORIENTED_EDGE('',*,*,#3172,.F.);
#4326=ORIENTED_EDGE('',*,*,#3173,.T.);
#4327=ORIENTED_EDGE('',*,*,#3174,.F.);
#4328=ORIENTED_EDGE('',*,*,#3082,.T.);
#4329=ORIENTED_EDGE('',*,*,#3175,.F.);
#4330=ORIENTED_EDGE('',*,*,#3165,.T.);
#4331=ORIENTED_EDGE('',*,*,#3046,.T.);
#4332=ORIENTED_EDGE('',*,*,#2816,.T.);
#4333=ORIENTED_EDGE('',*,*,#2819,.T.);
#4334=ORIENTED_EDGE('',*,*,#2821,.T.);
#4335=ORIENTED_EDGE('',*,*,#2823,.T.);
#4336=ORIENTED_EDGE('',*,*,#3041,.T.);
#4337=ORIENTED_EDGE('',*,*,#3043,.T.);
#4338=ORIENTED_EDGE('',*,*,#3045,.T.);
#4339=ORIENTED_EDGE('',*,*,#3107,.T.);
#4340=ORIENTED_EDGE('',*,*,#3115,.F.);
#4341=ORIENTED_EDGE('',*,*,#3176,.F.);
#4342=ORIENTED_EDGE('',*,*,#3177,.T.);
#4343=ORIENTED_EDGE('',*,*,#3178,.F.);
#4344=ORIENTED_EDGE('',*,*,#3170,.F.);
#4345=ORIENTED_EDGE('',*,*,#3179,.T.);
#4346=ORIENTED_EDGE('',*,*,#3091,.F.);
#4347=ORIENTED_EDGE('',*,*,#3113,.T.);
#4348=ORIENTED_EDGE('',*,*,#3180,.T.);
#4349=ORIENTED_EDGE('',*,*,#3181,.F.);
#4350=ORIENTED_EDGE('',*,*,#3081,.F.);
#4351=ORIENTED_EDGE('',*,*,#3182,.T.);
#4352=ORIENTED_EDGE('',*,*,#3166,.T.);
#4353=ORIENTED_EDGE('',*,*,#3175,.T.);
#4354=ORIENTED_EDGE('',*,*,#3079,.F.);
#4355=ORIENTED_EDGE('',*,*,#3055,.T.);
#4356=ORIENTED_EDGE('',*,*,#3168,.T.);
#4357=ORIENTED_EDGE('',*,*,#3183,.F.);
#4358=ORIENTED_EDGE('',*,*,#3078,.F.);
#4359=ORIENTED_EDGE('',*,*,#3184,.T.);
#4360=ORIENTED_EDGE('',*,*,#3185,.T.);
#4361=ORIENTED_EDGE('',*,*,#3057,.T.);
#4362=ORIENTED_EDGE('',*,*,#3095,.F.);
#4363=ORIENTED_EDGE('',*,*,#3110,.T.);
#4364=ORIENTED_EDGE('',*,*,#3186,.T.);
#4365=ORIENTED_EDGE('',*,*,#3187,.F.);
#4366=ORIENTED_EDGE('',*,*,#3093,.F.);
#4367=ORIENTED_EDGE('',*,*,#3188,.T.);
#4368=ORIENTED_EDGE('',*,*,#3189,.T.);
#4369=ORIENTED_EDGE('',*,*,#3111,.T.);
#4370=ORIENTED_EDGE('',*,*,#3085,.F.);
#4371=ORIENTED_EDGE('',*,*,#3190,.T.);
#4372=ORIENTED_EDGE('',*,*,#3191,.T.);
#4373=ORIENTED_EDGE('',*,*,#3172,.T.);
#4374=ORIENTED_EDGE('',*,*,#3083,.F.);
#4375=ORIENTED_EDGE('',*,*,#3174,.T.);
#4376=ORIENTED_EDGE('',*,*,#3192,.T.);
#4377=ORIENTED_EDGE('',*,*,#3193,.F.);
#4378=ORIENTED_EDGE('',*,*,#3087,.F.);
#4379=ORIENTED_EDGE('',*,*,#3171,.T.);
#4380=ORIENTED_EDGE('',*,*,#3178,.T.);
#4381=ORIENTED_EDGE('',*,*,#3194,.F.);
#4382=ORIENTED_EDGE('',*,*,#3089,.F.);
#4383=ORIENTED_EDGE('',*,*,#3195,.T.);
#4384=ORIENTED_EDGE('',*,*,#3176,.T.);
#4385=ORIENTED_EDGE('',*,*,#3114,.T.);
#4386=ORIENTED_EDGE('',*,*,#3152,.F.);
#4387=ORIENTED_EDGE('',*,*,#3196,.T.);
#4388=ORIENTED_EDGE('',*,*,#2573,.T.);
#4389=ORIENTED_EDGE('',*,*,#3197,.T.);
#4390=ORIENTED_EDGE('',*,*,#3196,.F.);
#4391=ORIENTED_EDGE('',*,*,#3151,.T.);
#4392=ORIENTED_EDGE('',*,*,#3198,.F.);
#4393=ORIENTED_EDGE('',*,*,#2574,.F.);
#4394=ORIENTED_EDGE('',*,*,#3148,.F.);
#4395=ORIENTED_EDGE('',*,*,#2999,.T.);
#4396=ORIENTED_EDGE('',*,*,#2577,.T.);
#4397=ORIENTED_EDGE('',*,*,#3199,.T.);
#4398=ORIENTED_EDGE('',*,*,#3147,.F.);
#4399=ORIENTED_EDGE('',*,*,#3200,.T.);
#4400=ORIENTED_EDGE('',*,*,#2990,.T.);
#4401=ORIENTED_EDGE('',*,*,#3001,.T.);
#4402=ORIENTED_EDGE('',*,*,#3200,.F.);
#4403=ORIENTED_EDGE('',*,*,#3146,.T.);
#4404=ORIENTED_EDGE('',*,*,#3201,.F.);
#4405=ORIENTED_EDGE('',*,*,#2991,.F.);
#4406=ORIENTED_EDGE('',*,*,#3143,.F.);
#4407=ORIENTED_EDGE('',*,*,#2965,.T.);
#4408=ORIENTED_EDGE('',*,*,#2994,.T.);
#4409=ORIENTED_EDGE('',*,*,#3202,.T.);
#4410=ORIENTED_EDGE('',*,*,#3142,.F.);
#4411=ORIENTED_EDGE('',*,*,#3203,.T.);
#4412=ORIENTED_EDGE('',*,*,#2595,.T.);
#4413=ORIENTED_EDGE('',*,*,#2967,.T.);
#4414=ORIENTED_EDGE('',*,*,#3203,.F.);
#4415=ORIENTED_EDGE('',*,*,#3141,.T.);
#4416=ORIENTED_EDGE('',*,*,#3204,.F.);
#4417=ORIENTED_EDGE('',*,*,#2596,.F.);
#4418=ORIENTED_EDGE('',*,*,#3138,.F.);
#4419=ORIENTED_EDGE('',*,*,#3205,.T.);
#4420=ORIENTED_EDGE('',*,*,#2599,.T.);
#4421=ORIENTED_EDGE('',*,*,#3206,.T.);
#4422=ORIENTED_EDGE('',*,*,#3205,.F.);
#4423=ORIENTED_EDGE('',*,*,#3137,.T.);
#4424=ORIENTED_EDGE('',*,*,#3207,.F.);
#4425=ORIENTED_EDGE('',*,*,#2600,.F.);
#4426=ORIENTED_EDGE('',*,*,#3162,.F.);
#4427=ORIENTED_EDGE('',*,*,#3208,.T.);
#4428=ORIENTED_EDGE('',*,*,#2563,.T.);
#4429=ORIENTED_EDGE('',*,*,#3018,.T.);
#4430=ORIENTED_EDGE('',*,*,#3208,.F.);
#4431=ORIENTED_EDGE('',*,*,#3161,.T.);
#4432=ORIENTED_EDGE('',*,*,#3209,.F.);
#4433=ORIENTED_EDGE('',*,*,#2564,.F.);
#4434=ORIENTED_EDGE('',*,*,#3158,.F.);
#4435=ORIENTED_EDGE('',*,*,#3210,.T.);
#4436=ORIENTED_EDGE('',*,*,#2567,.T.);
#4437=ORIENTED_EDGE('',*,*,#3211,.T.);
#4438=ORIENTED_EDGE('',*,*,#3210,.F.);
#4439=ORIENTED_EDGE('',*,*,#3157,.T.);
#4440=ORIENTED_EDGE('',*,*,#3212,.F.);
#4441=ORIENTED_EDGE('',*,*,#2568,.F.);
#4442=ORIENTED_EDGE('',*,*,#3127,.F.);
#4443=ORIENTED_EDGE('',*,*,#3213,.T.);
#4444=ORIENTED_EDGE('',*,*,#2931,.T.);
#4445=ORIENTED_EDGE('',*,*,#2954,.T.);
#4446=ORIENTED_EDGE('',*,*,#3123,.F.);
#4447=ORIENTED_EDGE('',*,*,#3214,.T.);
#4448=ORIENTED_EDGE('',*,*,#2935,.T.);
#4449=ORIENTED_EDGE('',*,*,#3215,.T.);
#4450=ORIENTED_EDGE('',*,*,#3105,.F.);
#4451=ORIENTED_EDGE('',*,*,#2936,.F.);
#4452=ORIENTED_EDGE('',*,*,#3214,.F.);
#4453=ORIENTED_EDGE('',*,*,#3122,.T.);
#4454=ORIENTED_EDGE('',*,*,#3103,.F.);
#4455=ORIENTED_EDGE('',*,*,#3132,.F.);
#4456=ORIENTED_EDGE('',*,*,#3216,.T.);
#4457=ORIENTED_EDGE('',*,*,#2605,.T.);
#4458=ORIENTED_EDGE('',*,*,#3217,.T.);
#4459=ORIENTED_EDGE('',*,*,#3216,.F.);
#4460=ORIENTED_EDGE('',*,*,#3131,.T.);
#4461=ORIENTED_EDGE('',*,*,#3218,.F.);
#4462=ORIENTED_EDGE('',*,*,#2606,.F.);
#4463=ORIENTED_EDGE('',*,*,#3128,.F.);
#4464=ORIENTED_EDGE('',*,*,#2952,.T.);
#4465=ORIENTED_EDGE('',*,*,#2609,.T.);
#4466=ORIENTED_EDGE('',*,*,#3219,.T.);
#4467=ORIENTED_EDGE('',*,*,#3154,.F.);
#4468=ORIENTED_EDGE('',*,*,#3220,.T.);
#4469=ORIENTED_EDGE('',*,*,#2571,.T.);
#4470=ORIENTED_EDGE('',*,*,#3221,.T.);
#4471=ORIENTED_EDGE('',*,*,#3221,.F.);
#4472=ORIENTED_EDGE('',*,*,#2570,.F.);
#4473=ORIENTED_EDGE('',*,*,#3222,.F.);
#4474=ORIENTED_EDGE('',*,*,#3155,.T.);
#4475=ORIENTED_EDGE('',*,*,#3156,.F.);
#4476=ORIENTED_EDGE('',*,*,#3222,.T.);
#4477=ORIENTED_EDGE('',*,*,#2569,.T.);
#4478=ORIENTED_EDGE('',*,*,#3212,.T.);
#4479=ORIENTED_EDGE('',*,*,#3136,.F.);
#4480=ORIENTED_EDGE('',*,*,#3223,.T.);
#4481=ORIENTED_EDGE('',*,*,#2601,.T.);
#4482=ORIENTED_EDGE('',*,*,#3207,.T.);
#4483=ORIENTED_EDGE('',*,*,#3223,.F.);
#4484=ORIENTED_EDGE('',*,*,#3135,.T.);
#4485=ORIENTED_EDGE('',*,*,#3224,.F.);
#4486=ORIENTED_EDGE('',*,*,#2602,.F.);
#4487=ORIENTED_EDGE('',*,*,#3134,.F.);
#4488=ORIENTED_EDGE('',*,*,#3225,.T.);
#4489=ORIENTED_EDGE('',*,*,#2603,.T.);
#4490=ORIENTED_EDGE('',*,*,#3224,.T.);
#4491=ORIENTED_EDGE('',*,*,#3217,.F.);
#4492=ORIENTED_EDGE('',*,*,#2604,.F.);
#4493=ORIENTED_EDGE('',*,*,#3225,.F.);
#4494=ORIENTED_EDGE('',*,*,#3133,.T.);
#4495=ORIENTED_EDGE('',*,*,#3226,.F.);
#4496=ORIENTED_EDGE('',*,*,#3227,.T.);
#4497=ORIENTED_EDGE('',*,*,#3227,.F.);
#4498=ORIENTED_EDGE('',*,*,#2580,.F.);
#4499=ORIENTED_EDGE('',*,*,#3228,.T.);
#4500=ORIENTED_EDGE('',*,*,#3226,.T.);
#4501=ORIENTED_EDGE('',*,*,#3228,.F.);
#4502=ORIENTED_EDGE('',*,*,#3229,.F.);
#4503=ORIENTED_EDGE('',*,*,#3230,.T.);
#4504=ORIENTED_EDGE('',*,*,#3230,.F.);
#4505=ORIENTED_EDGE('',*,*,#2995,.F.);
#4506=ORIENTED_EDGE('',*,*,#3231,.T.);
#4507=ORIENTED_EDGE('',*,*,#3229,.T.);
#4508=ORIENTED_EDGE('',*,*,#3231,.F.);
#4509=ORIENTED_EDGE('',*,*,#3232,.F.);
#4510=ORIENTED_EDGE('',*,*,#3233,.T.);
#4511=ORIENTED_EDGE('',*,*,#3233,.F.);
#4512=ORIENTED_EDGE('',*,*,#2619,.F.);
#4513=ORIENTED_EDGE('',*,*,#3234,.T.);
#4514=ORIENTED_EDGE('',*,*,#3232,.T.);
#4515=ORIENTED_EDGE('',*,*,#3234,.F.);
#4516=ORIENTED_EDGE('',*,*,#3235,.F.);
#4517=ORIENTED_EDGE('',*,*,#3236,.T.);
#4518=ORIENTED_EDGE('',*,*,#3236,.F.);
#4519=ORIENTED_EDGE('',*,*,#2581,.F.);
#4520=ORIENTED_EDGE('',*,*,#3237,.T.);
#4521=ORIENTED_EDGE('',*,*,#3235,.T.);
#4522=ORIENTED_EDGE('',*,*,#3237,.F.);
#4523=ORIENTED_EDGE('',*,*,#3238,.F.);
#4524=ORIENTED_EDGE('',*,*,#3239,.T.);
#4525=ORIENTED_EDGE('',*,*,#3239,.F.);
#4526=ORIENTED_EDGE('',*,*,#2945,.F.);
#4527=ORIENTED_EDGE('',*,*,#3240,.T.);
#4528=ORIENTED_EDGE('',*,*,#3238,.T.);
#4529=ORIENTED_EDGE('',*,*,#3240,.F.);
#4530=ORIENTED_EDGE('',*,*,#3241,.F.);
#4531=ORIENTED_EDGE('',*,*,#3242,.T.);
#4532=ORIENTED_EDGE('',*,*,#3242,.F.);
#4533=ORIENTED_EDGE('',*,*,#2618,.F.);
#4534=ORIENTED_EDGE('',*,*,#3243,.T.);
#4535=ORIENTED_EDGE('',*,*,#3241,.T.);
#4536=ORIENTED_EDGE('',*,*,#3243,.F.);
#4537=ORIENTED_EDGE('',*,*,#2973,.F.);
#4538=ORIENTED_EDGE('',*,*,#2975,.F.);
#4539=ORIENTED_EDGE('',*,*,#2915,.F.);
#4540=ORIENTED_EDGE('',*,*,#2963,.F.);
#4541=ORIENTED_EDGE('',*,*,#3023,.F.);
#4542=ORIENTED_EDGE('',*,*,#3013,.F.);
#4543=ORIENTED_EDGE('',*,*,#3008,.F.);
#4544=ORIENTED_EDGE('',*,*,#3244,.F.);
#4545=ORIENTED_EDGE('',*,*,#3033,.F.);
#4546=ORIENTED_EDGE('',*,*,#3037,.F.);
#4547=ORIENTED_EDGE('',*,*,#3245,.F.);
#4548=ORIENTED_EDGE('',*,*,#3027,.F.);
#4549=ORIENTED_EDGE('',*,*,#3020,.F.);
#4550=ORIENTED_EDGE('',*,*,#3025,.F.);
#4551=ORIENTED_EDGE('',*,*,#2979,.F.);
#4552=ORIENTED_EDGE('',*,*,#2919,.F.);
#4553=ORIENTED_EDGE('',*,*,#2978,.F.);
#4554=ORIENTED_EDGE('',*,*,#2969,.F.);
#4555=ORIENTED_EDGE('',*,*,#2988,.F.);
#4556=ORIENTED_EDGE('',*,*,#2911,.F.);
#4557=ORIENTED_EDGE('',*,*,#2982,.F.);
#4558=ORIENTED_EDGE('',*,*,#3002,.F.);
#4559=ORIENTED_EDGE('',*,*,#3031,.F.);
#4560=ORIENTED_EDGE('',*,*,#2950,.F.);
#4561=ORIENTED_EDGE('',*,*,#3029,.F.);
#4562=ORIENTED_EDGE('',*,*,#3246,.F.);
#4563=ORIENTED_EDGE('',*,*,#3035,.F.);
#4564=ORIENTED_EDGE('',*,*,#3039,.F.);
#4565=ORIENTED_EDGE('',*,*,#2997,.F.);
#4566=ORIENTED_EDGE('',*,*,#3004,.F.);
#4567=ORIENTED_EDGE('',*,*,#2907,.F.);
#4568=ORIENTED_EDGE('',*,*,#3003,.F.);
#4569=ORIENTED_EDGE('',*,*,#3247,.F.);
#4570=ORIENTED_EDGE('',*,*,#2957,.F.);
#4571=ORIENTED_EDGE('',*,*,#2946,.F.);
#4572=ORIENTED_EDGE('',*,*,#2929,.F.);
#4573=ORIENTED_EDGE('',*,*,#3248,.F.);
#4574=ORIENTED_EDGE('',*,*,#3249,.T.);
#4575=ORIENTED_EDGE('',*,*,#3249,.F.);
#4576=ORIENTED_EDGE('',*,*,#3250,.F.);
#4577=ORIENTED_EDGE('',*,*,#3251,.T.);
#4578=ORIENTED_EDGE('',*,*,#3248,.T.);
#4579=ORIENTED_EDGE('',*,*,#3251,.F.);
#4580=ORIENTED_EDGE('',*,*,#3252,.F.);
#4581=ORIENTED_EDGE('',*,*,#3253,.T.);
#4582=ORIENTED_EDGE('',*,*,#3253,.F.);
#4583=ORIENTED_EDGE('',*,*,#3254,.F.);
#4584=ORIENTED_EDGE('',*,*,#3255,.T.);
#4585=ORIENTED_EDGE('',*,*,#3252,.T.);
#4586=ORIENTED_EDGE('',*,*,#3255,.F.);
#4587=ORIENTED_EDGE('',*,*,#3256,.F.);
#4588=ORIENTED_EDGE('',*,*,#3257,.T.);
#4589=ORIENTED_EDGE('',*,*,#3257,.F.);
#4590=ORIENTED_EDGE('',*,*,#3258,.F.);
#4591=ORIENTED_EDGE('',*,*,#3259,.T.);
#4592=ORIENTED_EDGE('',*,*,#3256,.T.);
#4593=ORIENTED_EDGE('',*,*,#3259,.F.);
#4594=ORIENTED_EDGE('',*,*,#3260,.F.);
#4595=ORIENTED_EDGE('',*,*,#3261,.T.);
#4596=ORIENTED_EDGE('',*,*,#3261,.F.);
#4597=ORIENTED_EDGE('',*,*,#3169,.F.);
#4598=ORIENTED_EDGE('',*,*,#3262,.T.);
#4599=ORIENTED_EDGE('',*,*,#3260,.T.);
#4600=ORIENTED_EDGE('',*,*,#3262,.F.);
#4601=ORIENTED_EDGE('',*,*,#3263,.F.);
#4602=ORIENTED_EDGE('',*,*,#3264,.T.);
#4603=ORIENTED_EDGE('',*,*,#3264,.F.);
#4604=ORIENTED_EDGE('',*,*,#3265,.F.);
#4605=ORIENTED_EDGE('',*,*,#3266,.T.);
#4606=ORIENTED_EDGE('',*,*,#3263,.T.);
#4607=ORIENTED_EDGE('',*,*,#3266,.F.);
#4608=ORIENTED_EDGE('',*,*,#3267,.F.);
#4609=ORIENTED_EDGE('',*,*,#3268,.T.);
#4610=ORIENTED_EDGE('',*,*,#3268,.F.);
#4611=ORIENTED_EDGE('',*,*,#3179,.F.);
#4612=ORIENTED_EDGE('',*,*,#3269,.T.);
#4613=ORIENTED_EDGE('',*,*,#3267,.T.);
#4614=ORIENTED_EDGE('',*,*,#3269,.F.);
#4615=ORIENTED_EDGE('',*,*,#3071,.T.);
#4616=ORIENTED_EDGE('',*,*,#3059,.F.);
#4617=ORIENTED_EDGE('',*,*,#3049,.F.);
#4618=ORIENTED_EDGE('',*,*,#3270,.F.);
#4619=ORIENTED_EDGE('',*,*,#3271,.F.);
#4620=ORIENTED_EDGE('',*,*,#3076,.F.);
#4621=ORIENTED_EDGE('',*,*,#3077,.F.);
#4622=ORIENTED_EDGE('',*,*,#3271,.T.);
#4623=ORIENTED_EDGE('',*,*,#3272,.F.);
#4624=ORIENTED_EDGE('',*,*,#3184,.F.);
#4625=ORIENTED_EDGE('',*,*,#3048,.F.);
#4626=ORIENTED_EDGE('',*,*,#3058,.F.);
#4627=ORIENTED_EDGE('',*,*,#3185,.F.);
#4628=ORIENTED_EDGE('',*,*,#3272,.T.);
#4629=ORIENTED_EDGE('',*,*,#3270,.T.);
#4630=ORIENTED_EDGE('',*,*,#3250,.T.);
#4631=ORIENTED_EDGE('',*,*,#3096,.F.);
#4632=ORIENTED_EDGE('',*,*,#3187,.T.);
#4633=ORIENTED_EDGE('',*,*,#3273,.F.);
#4634=ORIENTED_EDGE('',*,*,#3074,.F.);
#4635=ORIENTED_EDGE('',*,*,#3069,.F.);
#4636=ORIENTED_EDGE('',*,*,#3075,.T.);
#4637=ORIENTED_EDGE('',*,*,#3273,.T.);
#4638=ORIENTED_EDGE('',*,*,#3186,.F.);
#4639=ORIENTED_EDGE('',*,*,#3109,.F.);
#4640=ORIENTED_EDGE('',*,*,#3254,.T.);
#4641=ORIENTED_EDGE('',*,*,#3092,.F.);
#4642=ORIENTED_EDGE('',*,*,#3181,.T.);
#4643=ORIENTED_EDGE('',*,*,#3274,.F.);
#4644=ORIENTED_EDGE('',*,*,#3188,.F.);
#4645=ORIENTED_EDGE('',*,*,#3274,.T.);
#4646=ORIENTED_EDGE('',*,*,#3180,.F.);
#4647=ORIENTED_EDGE('',*,*,#3112,.F.);
#4648=ORIENTED_EDGE('',*,*,#3189,.F.);
#4649=ORIENTED_EDGE('',*,*,#3258,.T.);
#4650=ORIENTED_EDGE('',*,*,#3080,.F.);
#4651=ORIENTED_EDGE('',*,*,#3183,.T.);
#4652=ORIENTED_EDGE('',*,*,#3167,.F.);
#4653=ORIENTED_EDGE('',*,*,#3182,.F.);
#4654=ORIENTED_EDGE('',*,*,#3088,.F.);
#4655=ORIENTED_EDGE('',*,*,#3194,.T.);
#4656=ORIENTED_EDGE('',*,*,#3177,.F.);
#4657=ORIENTED_EDGE('',*,*,#3195,.F.);
#4658=ORIENTED_EDGE('',*,*,#3084,.F.);
#4659=ORIENTED_EDGE('',*,*,#3193,.T.);
#4660=ORIENTED_EDGE('',*,*,#3275,.F.);
#4661=ORIENTED_EDGE('',*,*,#3190,.F.);
#4662=ORIENTED_EDGE('',*,*,#3173,.F.);
#4663=ORIENTED_EDGE('',*,*,#3191,.F.);
#4664=ORIENTED_EDGE('',*,*,#3275,.T.);
#4665=ORIENTED_EDGE('',*,*,#3192,.F.);
#4666=ORIENTED_EDGE('',*,*,#3265,.T.);
#4667=ORIENTED_EDGE('',*,*,#2852,.F.);
#4668=ORIENTED_EDGE('',*,*,#2900,.F.);
#4669=ORIENTED_EDGE('',*,*,#2902,.F.);
#4670=ORIENTED_EDGE('',*,*,#2612,.T.);
#4671=ORIENTED_EDGE('',*,*,#3030,.F.);
#4672=ORIENTED_EDGE('',*,*,#3246,.T.);
#4673=ORIENTED_EDGE('',*,*,#3028,.F.);
#4674=ORIENTED_EDGE('',*,*,#2958,.T.);
#4675=ORIENTED_EDGE('',*,*,#2955,.F.);
#4676=ORIENTED_EDGE('',*,*,#3247,.T.);
#4677=ORIENTED_EDGE('',*,*,#2928,.F.);
#4678=ORIENTED_EDGE('',*,*,#2944,.T.);
#4679=ORIENTED_EDGE('',*,*,#3022,.F.);
#4680=ORIENTED_EDGE('',*,*,#3244,.T.);
#4681=ORIENTED_EDGE('',*,*,#3007,.F.);
#4682=ORIENTED_EDGE('',*,*,#3011,.T.);
#4683=ORIENTED_EDGE('',*,*,#3026,.F.);
#4684=ORIENTED_EDGE('',*,*,#3245,.T.);
#4685=ORIENTED_EDGE('',*,*,#3024,.F.);
#4686=ORIENTED_EDGE('',*,*,#2560,.T.);
#4687=ORIENTED_EDGE('',*,*,#2924,.F.);
#4688=ORIENTED_EDGE('',*,*,#2925,.F.);
#4689=ORIENTED_EDGE('',*,*,#2847,.F.);
#4690=ORIENTED_EDGE('',*,*,#2850,.F.);
#4691=ORIENTED_EDGE('',*,*,#2607,.F.);
#4692=ORIENTED_EDGE('',*,*,#3218,.T.);
#4693=ORIENTED_EDGE('',*,*,#3130,.T.);
#4694=ORIENTED_EDGE('',*,*,#3276,.F.);
#4695=ORIENTED_EDGE('',*,*,#3219,.F.);
#4696=ORIENTED_EDGE('',*,*,#2608,.F.);
#4697=ORIENTED_EDGE('',*,*,#3276,.T.);
#4698=ORIENTED_EDGE('',*,*,#3129,.T.);
#4699=ORIENTED_EDGE('',*,*,#3213,.F.);
#4700=ORIENTED_EDGE('',*,*,#3126,.T.);
#4701=ORIENTED_EDGE('',*,*,#3277,.F.);
#4702=ORIENTED_EDGE('',*,*,#2932,.F.);
#4703=ORIENTED_EDGE('',*,*,#2933,.F.);
#4704=ORIENTED_EDGE('',*,*,#3277,.T.);
#4705=ORIENTED_EDGE('',*,*,#3125,.T.);
#4706=ORIENTED_EDGE('',*,*,#3278,.F.);
#4707=ORIENTED_EDGE('',*,*,#3215,.F.);
#4708=ORIENTED_EDGE('',*,*,#2934,.F.);
#4709=ORIENTED_EDGE('',*,*,#3278,.T.);
#4710=ORIENTED_EDGE('',*,*,#3124,.T.);
#4711=ORIENTED_EDGE('',*,*,#2565,.F.);
#4712=ORIENTED_EDGE('',*,*,#3209,.T.);
#4713=ORIENTED_EDGE('',*,*,#3160,.T.);
#4714=ORIENTED_EDGE('',*,*,#3279,.F.);
#4715=ORIENTED_EDGE('',*,*,#3211,.F.);
#4716=ORIENTED_EDGE('',*,*,#2566,.F.);
#4717=ORIENTED_EDGE('',*,*,#3279,.T.);
#4718=ORIENTED_EDGE('',*,*,#3159,.T.);
#4719=ORIENTED_EDGE('',*,*,#3197,.F.);
#4720=ORIENTED_EDGE('',*,*,#2572,.F.);
#4721=ORIENTED_EDGE('',*,*,#3220,.F.);
#4722=ORIENTED_EDGE('',*,*,#3153,.T.);
#4723=ORIENTED_EDGE('',*,*,#3206,.F.);
#4724=ORIENTED_EDGE('',*,*,#2598,.F.);
#4725=ORIENTED_EDGE('',*,*,#3280,.T.);
#4726=ORIENTED_EDGE('',*,*,#3139,.T.);
#4727=ORIENTED_EDGE('',*,*,#2597,.F.);
#4728=ORIENTED_EDGE('',*,*,#3204,.T.);
#4729=ORIENTED_EDGE('',*,*,#3140,.T.);
#4730=ORIENTED_EDGE('',*,*,#3280,.F.);
#4731=ORIENTED_EDGE('',*,*,#3202,.F.);
#4732=ORIENTED_EDGE('',*,*,#2993,.F.);
#4733=ORIENTED_EDGE('',*,*,#3281,.T.);
#4734=ORIENTED_EDGE('',*,*,#3144,.T.);
#4735=ORIENTED_EDGE('',*,*,#2992,.F.);
#4736=ORIENTED_EDGE('',*,*,#3201,.T.);
#4737=ORIENTED_EDGE('',*,*,#3145,.T.);
#4738=ORIENTED_EDGE('',*,*,#3281,.F.);
#4739=ORIENTED_EDGE('',*,*,#3199,.F.);
#4740=ORIENTED_EDGE('',*,*,#2576,.F.);
#4741=ORIENTED_EDGE('',*,*,#3282,.T.);
#4742=ORIENTED_EDGE('',*,*,#3149,.T.);
#4743=ORIENTED_EDGE('',*,*,#2575,.F.);
#4744=ORIENTED_EDGE('',*,*,#3198,.T.);
#4745=ORIENTED_EDGE('',*,*,#3150,.T.);
#4746=ORIENTED_EDGE('',*,*,#3282,.F.);
#4747=CONICAL_SURFACE('',#5051,1.25,0.785398163397264);
#4748=CONICAL_SURFACE('',#5071,1.25,0.785398163397446);
#4749=CONICAL_SURFACE('',#5076,1.25,0.785398163397264);
#4750=CONICAL_SURFACE('',#5096,1.25,0.785398163397446);
#4751=CONICAL_SURFACE('',#5101,0.5,1.02974425867665);
#4752=CONICAL_SURFACE('',#5102,0.5,1.02974425867665);
#4753=CONICAL_SURFACE('',#5103,0.5,1.02974425867665);
#4754=CONICAL_SURFACE('',#5104,0.5,1.02974425867665);
#4755=CONICAL_SURFACE('',#5368,1.2,0.785398163396957);
#4756=CONICAL_SURFACE('',#5370,1.2,0.785398163397418);
#4757=CONICAL_SURFACE('',#5372,1.2,0.785398163396957);
#4758=CONICAL_SURFACE('',#5374,1.2,0.785398163397418);
#4759=CONICAL_SURFACE('',#5507,0.40575,1.02974425867665);
#4760=CONICAL_SURFACE('',#5510,0.40575,1.02974425867665);
#4761=CONICAL_SURFACE('',#5513,0.40575,1.02974425867665);
#4762=CONICAL_SURFACE('',#5516,0.40575,1.02974425867665);
#4763=CONICAL_SURFACE('',#5519,0.40575,1.02974425867665);
#4764=CONICAL_SURFACE('',#5522,0.40575,1.02974425867665);
#4765=CONICAL_SURFACE('',#5537,0.40575,1.02974425867665);
#4766=CONICAL_SURFACE('',#5541,0.40575,1.02974425867665);
#4767=CONICAL_SURFACE('',#5545,0.40575,1.02974425867665);
#4768=CONICAL_SURFACE('',#5549,0.40575,1.02974425867665);
#4769=CONICAL_SURFACE('',#5552,0.40575,1.02974425867665);
#4770=CONICAL_SURFACE('',#5556,0.40575,1.02974425867665);
#4771=ADVANCED_FACE('',(#347),#4747,.F.);
#4772=ADVANCED_FACE('',(#348,#197,#198,#199,#200),#229,.T.);
#4773=ADVANCED_FACE('',(#349),#83,.F.);
#4774=ADVANCED_FACE('',(#350),#4748,.F.);
#4775=ADVANCED_FACE('',(#351),#84,.F.);
#4776=ADVANCED_FACE('',(#352),#4749,.F.);
#4777=ADVANCED_FACE('',(#353,#201,#202,#203,#204),#230,.T.);
#4778=ADVANCED_FACE('',(#354),#85,.F.);
#4779=ADVANCED_FACE('',(#355),#4750,.F.);
#4780=ADVANCED_FACE('',(#356),#86,.F.);
#4781=ADVANCED_FACE('',(#357),#4751,.F.);
#4782=ADVANCED_FACE('',(#358),#4752,.F.);
#4783=ADVANCED_FACE('',(#359),#4753,.F.);
#4784=ADVANCED_FACE('',(#360),#4754,.F.);
#4785=ADVANCED_FACE('',(#361),#87,.F.);
#4786=ADVANCED_FACE('',(#362),#71,.F.);
#4787=ADVANCED_FACE('',(#363),#88,.F.);
#4788=ADVANCED_FACE('',(#364),#72,.F.);
#4789=ADVANCED_FACE('',(#365),#89,.F.);
#4790=ADVANCED_FACE('',(#366),#231,.F.);
#4791=ADVANCED_FACE('',(#367),#232,.T.);
#4792=ADVANCED_FACE('',(#368),#90,.F.);
#4793=ADVANCED_FACE('',(#369),#73,.F.);
#4794=ADVANCED_FACE('',(#370),#91,.F.);
#4795=ADVANCED_FACE('',(#371),#74,.F.);
#4796=ADVANCED_FACE('',(#372),#92,.F.);
#4797=ADVANCED_FACE('',(#373),#233,.F.);
#4798=ADVANCED_FACE('',(#374),#234,.T.);
#4799=ADVANCED_FACE('',(#375),#235,.F.);
#4800=ADVANCED_FACE('',(#376),#93,.F.);
#4801=ADVANCED_FACE('',(#377),#236,.F.);
#4802=ADVANCED_FACE('',(#378),#94,.F.);
#4803=ADVANCED_FACE('',(#379),#237,.F.);
#4804=ADVANCED_FACE('',(#380),#95,.F.);
#4805=ADVANCED_FACE('',(#381),#238,.F.);
#4806=ADVANCED_FACE('',(#382),#96,.F.);
#4807=ADVANCED_FACE('',(#383,#205),#239,.T.);
#4808=ADVANCED_FACE('',(#384),#240,.F.);
#4809=ADVANCED_FACE('',(#385),#97,.F.);
#4810=ADVANCED_FACE('',(#386),#241,.F.);
#4811=ADVANCED_FACE('',(#387),#98,.F.);
#4812=ADVANCED_FACE('',(#388),#242,.F.);
#4813=ADVANCED_FACE('',(#389),#99,.F.);
#4814=ADVANCED_FACE('',(#390),#243,.F.);
#4815=ADVANCED_FACE('',(#391),#100,.F.);
#4816=ADVANCED_FACE('',(#392,#206),#244,.T.);
#4817=ADVANCED_FACE('',(#393),#245,.F.);
#4818=ADVANCED_FACE('',(#394),#101,.F.);
#4819=ADVANCED_FACE('',(#395),#246,.F.);
#4820=ADVANCED_FACE('',(#396),#102,.F.);
#4821=ADVANCED_FACE('',(#397),#247,.F.);
#4822=ADVANCED_FACE('',(#398),#103,.F.);
#4823=ADVANCED_FACE('',(#399),#248,.F.);
#4824=ADVANCED_FACE('',(#400),#104,.F.);
#4825=ADVANCED_FACE('',(#401,#207),#249,.T.);
#4826=ADVANCED_FACE('',(#402),#250,.F.);
#4827=ADVANCED_FACE('',(#403),#105,.F.);
#4828=ADVANCED_FACE('',(#404),#251,.F.);
#4829=ADVANCED_FACE('',(#405),#106,.F.);
#4830=ADVANCED_FACE('',(#406),#252,.F.);
#4831=ADVANCED_FACE('',(#407),#107,.F.);
#4832=ADVANCED_FACE('',(#408),#253,.F.);
#4833=ADVANCED_FACE('',(#409),#108,.F.);
#4834=ADVANCED_FACE('',(#410,#208),#254,.T.);
#4835=ADVANCED_FACE('',(#411),#255,.F.);
#4836=ADVANCED_FACE('',(#412),#109,.F.);
#4837=ADVANCED_FACE('',(#413),#256,.F.);
#4838=ADVANCED_FACE('',(#414),#110,.F.);
#4839=ADVANCED_FACE('',(#415),#257,.F.);
#4840=ADVANCED_FACE('',(#416),#111,.F.);
#4841=ADVANCED_FACE('',(#417),#258,.F.);
#4842=ADVANCED_FACE('',(#418),#112,.F.);
#4843=ADVANCED_FACE('',(#419),#259,.F.);
#4844=ADVANCED_FACE('',(#420),#113,.F.);
#4845=ADVANCED_FACE('',(#421),#260,.F.);
#4846=ADVANCED_FACE('',(#422),#114,.F.);
#4847=ADVANCED_FACE('',(#423),#115,.T.);
#4848=ADVANCED_FACE('',(#424),#75,.T.);
#4849=ADVANCED_FACE('',(#425),#116,.T.);
#4850=ADVANCED_FACE('',(#426),#76,.T.);
#4851=ADVANCED_FACE('',(#427),#117,.T.);
#4852=ADVANCED_FACE('',(#428),#77,.T.);
#4853=ADVANCED_FACE('',(#429),#118,.T.);
#4854=ADVANCED_FACE('',(#430),#78,.T.);
#4855=ADVANCED_FACE('',(#431),#119,.F.);
#4856=ADVANCED_FACE('',(#432),#261,.F.);
#4857=ADVANCED_FACE('',(#433),#120,.F.);
#4858=ADVANCED_FACE('',(#434),#262,.F.);
#4859=ADVANCED_FACE('',(#435,#209),#263,.T.);
#4860=ADVANCED_FACE('',(#436),#121,.T.);
#4861=ADVANCED_FACE('',(#437),#79,.T.);
#4862=ADVANCED_FACE('',(#438),#122,.T.);
#4863=ADVANCED_FACE('',(#439),#80,.T.);
#4864=ADVANCED_FACE('',(#440),#15,.F.);
#4865=ADVANCED_FACE('',(#441),#123,.T.);
#4866=ADVANCED_FACE('',(#442),#16,.F.);
#4867=ADVANCED_FACE('',(#443),#124,.T.);
#4868=ADVANCED_FACE('',(#444),#81,.T.);
#4869=ADVANCED_FACE('',(#445),#125,.T.);
#4870=ADVANCED_FACE('',(#446),#82,.T.);
#4871=ADVANCED_FACE('',(#447),#126,.T.);
#4872=ADVANCED_FACE('',(#448),#127,.T.);
#4873=ADVANCED_FACE('',(#449,#210,#211,#212,#213),#264,.T.);
#4874=ADVANCED_FACE('',(#450),#128,.T.);
#4875=ADVANCED_FACE('',(#451),#129,.F.);
#4876=ADVANCED_FACE('',(#452),#265,.F.);
#4877=ADVANCED_FACE('',(#453),#130,.F.);
#4878=ADVANCED_FACE('',(#454),#17,.F.);
#4879=ADVANCED_FACE('',(#455),#131,.T.);
#4880=ADVANCED_FACE('',(#456),#18,.F.);
#4881=ADVANCED_FACE('',(#457),#132,.T.);
#4882=ADVANCED_FACE('',(#458),#19,.F.);
#4883=ADVANCED_FACE('',(#459),#133,.T.);
#4884=ADVANCED_FACE('',(#460),#20,.F.);
#4885=ADVANCED_FACE('',(#461),#266,.T.);
#4886=ADVANCED_FACE('',(#462),#134,.T.);
#4887=ADVANCED_FACE('',(#463),#267,.T.);
#4888=ADVANCED_FACE('',(#464),#135,.T.);
#4889=ADVANCED_FACE('',(#465),#268,.T.);
#4890=ADVANCED_FACE('',(#466),#136,.T.);
#4891=ADVANCED_FACE('',(#467),#269,.T.);
#4892=ADVANCED_FACE('',(#468),#137,.T.);
#4893=ADVANCED_FACE('',(#469),#270,.T.);
#4894=ADVANCED_FACE('',(#470),#271,.F.);
#4895=ADVANCED_FACE('',(#471),#272,.T.);
#4896=ADVANCED_FACE('',(#472,#214),#273,.T.);
#4897=ADVANCED_FACE('',(#473),#274,.F.);
#4898=ADVANCED_FACE('',(#474),#275,.T.);
#4899=ADVANCED_FACE('',(#475,#215),#276,.T.);
#4900=ADVANCED_FACE('',(#476),#277,.T.);
#4901=ADVANCED_FACE('',(#477),#278,.F.);
#4902=ADVANCED_FACE('',(#478),#279,.T.);
#4903=ADVANCED_FACE('',(#479,#216),#280,.T.);
#4904=ADVANCED_FACE('',(#480),#281,.T.);
#4905=ADVANCED_FACE('',(#481),#282,.T.);
#4906=ADVANCED_FACE('',(#482),#283,.T.);
#4907=ADVANCED_FACE('',(#483,#217),#284,.T.);
#4908=ADVANCED_FACE('',(#484),#285,.T.);
#4909=ADVANCED_FACE('',(#485,#218),#286,.T.);
#4910=ADVANCED_FACE('',(#486),#287,.F.);
#4911=ADVANCED_FACE('',(#487),#288,.T.);
#4912=ADVANCED_FACE('',(#488),#289,.T.);
#4913=ADVANCED_FACE('',(#489),#290,.T.);
#4914=ADVANCED_FACE('',(#490,#219),#291,.T.);
#4915=ADVANCED_FACE('',(#491),#292,.F.);
#4916=ADVANCED_FACE('',(#492),#293,.T.);
#4917=ADVANCED_FACE('',(#493),#294,.T.);
#4918=ADVANCED_FACE('',(#494),#295,.T.);
#4919=ADVANCED_FACE('',(#495),#296,.T.);
#4920=ADVANCED_FACE('',(#496),#297,.T.);
#4921=ADVANCED_FACE('',(#497),#4755,.F.);
#4922=ADVANCED_FACE('',(#498),#4756,.F.);
#4923=ADVANCED_FACE('',(#499),#4757,.F.);
#4924=ADVANCED_FACE('',(#500),#4758,.F.);
#4925=ADVANCED_FACE('',(#501),#298,.F.);
#4926=ADVANCED_FACE('',(#502),#138,.F.);
#4927=ADVANCED_FACE('',(#503),#299,.F.);
#4928=ADVANCED_FACE('',(#504),#139,.F.);
#4929=ADVANCED_FACE('',(#505),#300,.F.);
#4930=ADVANCED_FACE('',(#506),#140,.F.);
#4931=ADVANCED_FACE('',(#507),#301,.F.);
#4932=ADVANCED_FACE('',(#508),#302,.F.);
#4933=ADVANCED_FACE('',(#509),#141,.F.);
#4934=ADVANCED_FACE('',(#510),#142,.F.);
#4935=ADVANCED_FACE('',(#511),#303,.T.);
#4936=ADVANCED_FACE('',(#512),#304,.F.);
#4937=ADVANCED_FACE('',(#513),#143,.T.);
#4938=ADVANCED_FACE('',(#514),#21,.F.);
#4939=ADVANCED_FACE('',(#515),#22,.F.);
#4940=ADVANCED_FACE('',(#516),#144,.F.);
#4941=ADVANCED_FACE('',(#517),#305,.F.);
#4942=ADVANCED_FACE('',(#518),#23,.F.);
#4943=ADVANCED_FACE('',(#519),#24,.F.);
#4944=ADVANCED_FACE('',(#520),#145,.T.);
#4945=ADVANCED_FACE('',(#521,#220,#221),#306,.T.);
#4946=ADVANCED_FACE('',(#522),#146,.F.);
#4947=ADVANCED_FACE('',(#523,#222),#307,.T.);
#4948=ADVANCED_FACE('',(#524,#223),#308,.F.);
#4949=ADVANCED_FACE('',(#525,#224),#309,.T.);
#4950=ADVANCED_FACE('',(#526),#147,.F.);
#4951=ADVANCED_FACE('',(#527),#148,.F.);
#4952=ADVANCED_FACE('',(#528),#149,.F.);
#4953=ADVANCED_FACE('',(#529),#150,.F.);
#4954=ADVANCED_FACE('',(#530),#151,.F.);
#4955=ADVANCED_FACE('',(#531),#152,.F.);
#4956=ADVANCED_FACE('',(#532),#153,.F.);
#4957=ADVANCED_FACE('',(#533),#154,.F.);
#4958=ADVANCED_FACE('',(#534),#155,.F.);
#4959=ADVANCED_FACE('',(#535),#156,.F.);
#4960=ADVANCED_FACE('',(#536),#157,.F.);
#4961=ADVANCED_FACE('',(#537),#310,.F.);
#4962=ADVANCED_FACE('',(#538),#158,.F.);
#4963=ADVANCED_FACE('',(#539),#159,.F.);
#4964=ADVANCED_FACE('',(#540),#311,.F.);
#4965=ADVANCED_FACE('',(#541),#160,.F.);
#4966=ADVANCED_FACE('',(#542),#161,.F.);
#4967=ADVANCED_FACE('',(#543),#312,.F.);
#4968=ADVANCED_FACE('',(#544),#162,.F.);
#4969=ADVANCED_FACE('',(#545),#313,.F.);
#4970=ADVANCED_FACE('',(#546),#163,.F.);
#4971=ADVANCED_FACE('',(#547),#314,.F.);
#4972=ADVANCED_FACE('',(#548),#164,.F.);
#4973=ADVANCED_FACE('',(#549),#315,.F.);
#4974=ADVANCED_FACE('',(#550),#165,.F.);
#4975=ADVANCED_FACE('',(#551),#166,.F.);
#4976=ADVANCED_FACE('',(#552),#316,.F.);
#4977=ADVANCED_FACE('',(#553),#167,.F.);
#4978=ADVANCED_FACE('',(#554),#317,.F.);
#4979=ADVANCED_FACE('',(#555),#168,.F.);
#4980=ADVANCED_FACE('',(#556),#169,.F.);
#4981=ADVANCED_FACE('',(#557),#318,.F.);
#4982=ADVANCED_FACE('',(#558),#170,.F.);
#4983=ADVANCED_FACE('',(#559),#171,.F.);
#4984=ADVANCED_FACE('',(#560),#319,.F.);
#4985=ADVANCED_FACE('',(#561),#172,.F.);
#4986=ADVANCED_FACE('',(#562),#320,.F.);
#4987=ADVANCED_FACE('',(#563),#4759,.F.);
#4988=ADVANCED_FACE('',(#564),#173,.F.);
#4989=ADVANCED_FACE('',(#565),#4760,.F.);
#4990=ADVANCED_FACE('',(#566),#174,.F.);
#4991=ADVANCED_FACE('',(#567),#4761,.F.);
#4992=ADVANCED_FACE('',(#568),#175,.F.);
#4993=ADVANCED_FACE('',(#569),#4762,.F.);
#4994=ADVANCED_FACE('',(#570),#176,.F.);
#4995=ADVANCED_FACE('',(#571),#4763,.F.);
#4996=ADVANCED_FACE('',(#572),#177,.F.);
#4997=ADVANCED_FACE('',(#573),#4764,.F.);
#4998=ADVANCED_FACE('',(#574),#178,.F.);
#4999=ADVANCED_FACE('',(#575),#321,.F.);
#5000=ADVANCED_FACE('',(#576),#322,.F.);
#5001=ADVANCED_FACE('',(#577),#323,.T.);
#5002=ADVANCED_FACE('',(#578),#324,.T.);
#5003=ADVANCED_FACE('',(#579),#325,.F.);
#5004=ADVANCED_FACE('',(#580),#326,.F.);
#5005=ADVANCED_FACE('',(#581),#327,.F.);
#5006=ADVANCED_FACE('',(#582),#328,.F.);
#5007=ADVANCED_FACE('',(#583),#329,.T.);
#5008=ADVANCED_FACE('',(#584),#330,.T.);
#5009=ADVANCED_FACE('',(#585),#331,.F.);
#5010=ADVANCED_FACE('',(#586),#332,.F.);
#5011=ADVANCED_FACE('',(#587),#4765,.F.);
#5012=ADVANCED_FACE('',(#588),#179,.F.);
#5013=ADVANCED_FACE('',(#589),#4766,.F.);
#5014=ADVANCED_FACE('',(#590),#180,.F.);
#5015=ADVANCED_FACE('',(#591),#4767,.F.);
#5016=ADVANCED_FACE('',(#592),#181,.F.);
#5017=ADVANCED_FACE('',(#593),#4768,.F.);
#5018=ADVANCED_FACE('',(#594),#182,.F.);
#5019=ADVANCED_FACE('',(#595),#4769,.F.);
#5020=ADVANCED_FACE('',(#596),#183,.F.);
#5021=ADVANCED_FACE('',(#597),#4770,.F.);
#5022=ADVANCED_FACE('',(#598),#184,.F.);
#5023=ADVANCED_FACE('',(#599),#333,.T.);
#5024=ADVANCED_FACE('',(#600),#185,.T.);
#5025=ADVANCED_FACE('',(#601,#225),#334,.T.);
#5026=ADVANCED_FACE('',(#602),#186,.T.);
#5027=ADVANCED_FACE('',(#603,#226),#335,.T.);
#5028=ADVANCED_FACE('',(#604),#187,.T.);
#5029=ADVANCED_FACE('',(#605,#227),#336,.T.);
#5030=ADVANCED_FACE('',(#606),#188,.T.);
#5031=ADVANCED_FACE('',(#607),#189,.T.);
#5032=ADVANCED_FACE('',(#608),#190,.T.);
#5033=ADVANCED_FACE('',(#609,#228),#337,.T.);
#5034=ADVANCED_FACE('',(#610),#338,.T.);
#5035=ADVANCED_FACE('',(#611),#191,.T.);
#5036=ADVANCED_FACE('',(#612),#339,.F.);
#5037=ADVANCED_FACE('',(#613),#340,.F.);
#5038=ADVANCED_FACE('',(#614),#192,.T.);
#5039=ADVANCED_FACE('',(#615),#341,.F.);
#5040=ADVANCED_FACE('',(#616),#193,.T.);
#5041=ADVANCED_FACE('',(#617),#342,.F.);
#5042=ADVANCED_FACE('',(#618),#343,.F.);
#5043=ADVANCED_FACE('',(#619),#344,.F.);
#5044=ADVANCED_FACE('',(#620),#194,.T.);
#5045=ADVANCED_FACE('',(#621),#345,.F.);
#5046=ADVANCED_FACE('',(#622),#195,.T.);
#5047=ADVANCED_FACE('',(#623),#346,.F.);
#5048=ADVANCED_FACE('',(#624),#196,.T.);
#5049=CLOSED_SHELL('',(#4771,#4772,#4773,#4774,#4775,#4776,#4777,#4778,
#4779,#4780,#4781,#4782,#4783,#4784,#4785,#4786,#4787,#4788,#4789,#4790,
#4791,#4792,#4793,#4794,#4795,#4796,#4797,#4798,#4799,#4800,#4801,#4802,
#4803,#4804,#4805,#4806,#4807,#4808,#4809,#4810,#4811,#4812,#4813,#4814,
#4815,#4816,#4817,#4818,#4819,#4820,#4821,#4822,#4823,#4824,#4825,#4826,
#4827,#4828,#4829,#4830,#4831,#4832,#4833,#4834,#4835,#4836,#4837,#4838,
#4839,#4840,#4841,#4842,#4843,#4844,#4845,#4846,#4847,#4848,#4849,#4850,
#4851,#4852,#4853,#4854,#4855,#4856,#4857,#4858,#4859,#4860,#4861,#4862,
#4863,#4864,#4865,#4866,#4867,#4868,#4869,#4870,#4871,#4872,#4873,#4874,
#4875,#4876,#4877,#4878,#4879,#4880,#4881,#4882,#4883,#4884,#4885,#4886,
#4887,#4888,#4889,#4890,#4891,#4892,#4893,#4894,#4895,#4896,#4897,#4898,
#4899,#4900,#4901,#4902,#4903,#4904,#4905,#4906,#4907,#4908,#4909,#4910,
#4911,#4912,#4913,#4914,#4915,#4916,#4917,#4918,#4919,#4920,#4921,#4922,
#4923,#4924,#4925,#4926,#4927,#4928,#4929,#4930,#4931,#4932,#4933,#4934,
#4935,#4936,#4937,#4938,#4939,#4940,#4941,#4942,#4943,#4944,#4945,#4946,
#4947,#4948,#4949,#4950,#4951,#4952,#4953,#4954,#4955,#4956,#4957,#4958,
#4959,#4960,#4961,#4962,#4963,#4964,#4965,#4966,#4967,#4968,#4969,#4970,
#4971,#4972,#4973,#4974,#4975,#4976,#4977,#4978,#4979,#4980,#4981,#4982,
#4983,#4984,#4985,#4986,#4987,#4988,#4989,#4990,#4991,#4992,#4993,#4994,
#4995,#4996,#4997,#4998,#4999,#5000,#5001,#5002,#5003,#5004,#5005,#5006,
#5007,#5008,#5009,#5010,#5011,#5012,#5013,#5014,#5015,#5016,#5017,#5018,
#5019,#5020,#5021,#5022,#5023,#5024,#5025,#5026,#5027,#5028,#5029,#5030,
#5031,#5032,#5033,#5034,#5035,#5036,#5037,#5038,#5039,#5040,#5041,#5042,
#5043,#5044,#5045,#5046,#5047,#5048));
#5050=AXIS2_PLACEMENT_3D('',#7115,#5589,#5590);
#5051=AXIS2_PLACEMENT_3D('',#7116,#5591,#5592);
#5052=AXIS2_PLACEMENT_3D('',#7118,#5593,#5594);
#5053=AXIS2_PLACEMENT_3D('',#7122,#5596,#5597);
#5054=AXIS2_PLACEMENT_3D('',#7123,#5598,#5599);
#5055=AXIS2_PLACEMENT_3D('',#7124,#5600,#5601);
#5056=AXIS2_PLACEMENT_3D('',#7131,#5604,#5605);
#5057=AXIS2_PLACEMENT_3D('',#7135,#5607,#5608);
#5058=AXIS2_PLACEMENT_3D('',#7143,#5612,#5613);
#5059=AXIS2_PLACEMENT_3D('',#7147,#5615,#5616);
#5060=AXIS2_PLACEMENT_3D('',#7151,#5618,#5619);
#5061=AXIS2_PLACEMENT_3D('',#7155,#5621,#5622);
#5062=AXIS2_PLACEMENT_3D('',#7159,#5624,#5625);
#5063=AXIS2_PLACEMENT_3D('',#7163,#5627,#5628);
#5064=AXIS2_PLACEMENT_3D('',#7167,#5630,#5631);
#5065=AXIS2_PLACEMENT_3D('',#7171,#5633,#5634);
#5066=AXIS2_PLACEMENT_3D('',#7174,#5636,#5637);
#5067=AXIS2_PLACEMENT_3D('',#7176,#5638,#5639);
#5068=AXIS2_PLACEMENT_3D('',#7178,#5640,#5641);
#5069=AXIS2_PLACEMENT_3D('',#7179,#5642,#5643);
#5070=AXIS2_PLACEMENT_3D('',#7182,#5645,#5646);
#5071=AXIS2_PLACEMENT_3D('',#7183,#5647,#5648);
#5072=AXIS2_PLACEMENT_3D('',#7187,#5650,#5651);
#5073=AXIS2_PLACEMENT_3D('',#7188,#5652,#5653);
#5074=AXIS2_PLACEMENT_3D('',#7189,#5654,#5655);
#5075=AXIS2_PLACEMENT_3D('',#7192,#5657,#5658);
#5076=AXIS2_PLACEMENT_3D('',#7193,#5659,#5660);
#5077=AXIS2_PLACEMENT_3D('',#7195,#5661,#5662);
#5078=AXIS2_PLACEMENT_3D('',#7199,#5664,#5665);
#5079=AXIS2_PLACEMENT_3D('',#7200,#5666,#5667);
#5080=AXIS2_PLACEMENT_3D('',#7201,#5668,#5669);
#5081=AXIS2_PLACEMENT_3D('',#7208,#5672,#5673);
#5082=AXIS2_PLACEMENT_3D('',#7212,#5675,#5676);
#5083=AXIS2_PLACEMENT_3D('',#7216,#5678,#5679);
#5084=AXIS2_PLACEMENT_3D('',#7220,#5681,#5682);
#5085=AXIS2_PLACEMENT_3D('',#7224,#5684,#5685);
#5086=AXIS2_PLACEMENT_3D('',#7228,#5687,#5688);
#5087=AXIS2_PLACEMENT_3D('',#7232,#5690,#5691);
#5088=AXIS2_PLACEMENT_3D('',#7236,#5693,#5694);
#5089=AXIS2_PLACEMENT_3D('',#7244,#5698,#5699);
#5090=AXIS2_PLACEMENT_3D('',#7248,#5701,#5702);
#5091=AXIS2_PLACEMENT_3D('',#7251,#5704,#5705);
#5092=AXIS2_PLACEMENT_3D('',#7253,#5706,#5707);
#5093=AXIS2_PLACEMENT_3D('',#7255,#5708,#5709);
#5094=AXIS2_PLACEMENT_3D('',#7256,#5710,#5711);
#5095=AXIS2_PLACEMENT_3D('',#7259,#5713,#5714);
#5096=AXIS2_PLACEMENT_3D('',#7260,#5715,#5716);
#5097=AXIS2_PLACEMENT_3D('',#7264,#5718,#5719);
#5098=AXIS2_PLACEMENT_3D('',#7265,#5720,#5721);
#5099=AXIS2_PLACEMENT_3D('',#7266,#5722,#5723);
#5100=AXIS2_PLACEMENT_3D('',#7269,#5725,#5726);
#5101=AXIS2_PLACEMENT_3D('',#7270,#5727,#5728);
#5102=AXIS2_PLACEMENT_3D('',#7273,#5730,#5731);
#5103=AXIS2_PLACEMENT_3D('',#7276,#5733,#5734);
#5104=AXIS2_PLACEMENT_3D('',#7279,#5736,#5737);
#5105=AXIS2_PLACEMENT_3D('',#7282,#5739,#5740);
#5106=AXIS2_PLACEMENT_3D('',#7285,#5741,#5742);
#5107=AXIS2_PLACEMENT_3D('',#7289,#5744,#5745);
#5108=AXIS2_PLACEMENT_3D('',#7291,#5747,#5748);
#5109=AXIS2_PLACEMENT_3D('',#7294,#5749,#5750);
#5110=AXIS2_PLACEMENT_3D('',#7295,#5751,#5752);
#5111=AXIS2_PLACEMENT_3D('',#7296,#5753,#5754);
#5112=AXIS2_PLACEMENT_3D('',#7297,#5755,#5756);
#5113=AXIS2_PLACEMENT_3D('',#7300,#5757,#5758);
#5114=AXIS2_PLACEMENT_3D('',#7303,#5761,#5762);
#5115=AXIS2_PLACEMENT_3D('',#7304,#5763,#5764);
#5116=AXIS2_PLACEMENT_3D('',#7305,#5765,#5766);
#5117=AXIS2_PLACEMENT_3D('',#7306,#5767,#5768);
#5118=AXIS2_PLACEMENT_3D('',#7310,#5770,#5771);
#5119=AXIS2_PLACEMENT_3D('',#7312,#5773,#5774);
#5120=AXIS2_PLACEMENT_3D('',#7316,#5777,#5778);
#5121=AXIS2_PLACEMENT_3D('',#7317,#5779,#5780);
#5122=AXIS2_PLACEMENT_3D('',#7320,#5781,#5782);
#5123=AXIS2_PLACEMENT_3D('',#7324,#5784,#5785);
#5124=AXIS2_PLACEMENT_3D('',#7326,#5787,#5788);
#5125=AXIS2_PLACEMENT_3D('',#7329,#5789,#5790);
#5126=AXIS2_PLACEMENT_3D('',#7330,#5791,#5792);
#5127=AXIS2_PLACEMENT_3D('',#7331,#5793,#5794);
#5128=AXIS2_PLACEMENT_3D('',#7332,#5795,#5796);
#5129=AXIS2_PLACEMENT_3D('',#7335,#5797,#5798);
#5130=AXIS2_PLACEMENT_3D('',#7338,#5801,#5802);
#5131=AXIS2_PLACEMENT_3D('',#7339,#5803,#5804);
#5132=AXIS2_PLACEMENT_3D('',#7340,#5805,#5806);
#5133=AXIS2_PLACEMENT_3D('',#7341,#5807,#5808);
#5134=AXIS2_PLACEMENT_3D('',#7345,#5810,#5811);
#5135=AXIS2_PLACEMENT_3D('',#7347,#5813,#5814);
#5136=AXIS2_PLACEMENT_3D('',#7351,#5817,#5818);
#5137=AXIS2_PLACEMENT_3D('',#7352,#5819,#5820);
#5138=AXIS2_PLACEMENT_3D('',#7361,#5825,#5826);
#5139=AXIS2_PLACEMENT_3D('',#7363,#5827,#5828);
#5140=AXIS2_PLACEMENT_3D('',#7366,#5830,#5831);
#5141=AXIS2_PLACEMENT_3D('',#7367,#5832,#5833);
#5142=AXIS2_PLACEMENT_3D('',#7373,#5837,#5838);
#5143=AXIS2_PLACEMENT_3D('',#7375,#5839,#5840);
#5144=AXIS2_PLACEMENT_3D('',#7378,#5842,#5843);
#5145=AXIS2_PLACEMENT_3D('',#7379,#5844,#5845);
#5146=AXIS2_PLACEMENT_3D('',#7385,#5849,#5850);
#5147=AXIS2_PLACEMENT_3D('',#7387,#5851,#5852);
#5148=AXIS2_PLACEMENT_3D('',#7390,#5854,#5855);
#5149=AXIS2_PLACEMENT_3D('',#7391,#5856,#5857);
#5150=AXIS2_PLACEMENT_3D('',#7397,#5861,#5862);
#5151=AXIS2_PLACEMENT_3D('',#7398,#5863,#5864);
#5152=AXIS2_PLACEMENT_3D('',#7399,#5865,#5866);
#5153=AXIS2_PLACEMENT_3D('',#7400,#5867,#5868);
#5154=AXIS2_PLACEMENT_3D('',#7403,#5869,#5870);
#5155=AXIS2_PLACEMENT_3D('',#7407,#5872,#5873);
#5156=AXIS2_PLACEMENT_3D('',#7409,#5875,#5876);
#5157=AXIS2_PLACEMENT_3D('',#7418,#5881,#5882);
#5158=AXIS2_PLACEMENT_3D('',#7420,#5883,#5884);
#5159=AXIS2_PLACEMENT_3D('',#7423,#5886,#5887);
#5160=AXIS2_PLACEMENT_3D('',#7424,#5888,#5889);
#5161=AXIS2_PLACEMENT_3D('',#7430,#5893,#5894);
#5162=AXIS2_PLACEMENT_3D('',#7432,#5895,#5896);
#5163=AXIS2_PLACEMENT_3D('',#7435,#5898,#5899);
#5164=AXIS2_PLACEMENT_3D('',#7436,#5900,#5901);
#5165=AXIS2_PLACEMENT_3D('',#7442,#5905,#5906);
#5166=AXIS2_PLACEMENT_3D('',#7444,#5907,#5908);
#5167=AXIS2_PLACEMENT_3D('',#7447,#5910,#5911);
#5168=AXIS2_PLACEMENT_3D('',#7448,#5912,#5913);
#5169=AXIS2_PLACEMENT_3D('',#7454,#5917,#5918);
#5170=AXIS2_PLACEMENT_3D('',#7455,#5919,#5920);
#5171=AXIS2_PLACEMENT_3D('',#7456,#5921,#5922);
#5172=AXIS2_PLACEMENT_3D('',#7457,#5923,#5924);
#5173=AXIS2_PLACEMENT_3D('',#7460,#5925,#5926);
#5174=AXIS2_PLACEMENT_3D('',#7464,#5928,#5929);
#5175=AXIS2_PLACEMENT_3D('',#7466,#5931,#5932);
#5176=AXIS2_PLACEMENT_3D('',#7475,#5937,#5938);
#5177=AXIS2_PLACEMENT_3D('',#7477,#5939,#5940);
#5178=AXIS2_PLACEMENT_3D('',#7480,#5942,#5943);
#5179=AXIS2_PLACEMENT_3D('',#7481,#5944,#5945);
#5180=AXIS2_PLACEMENT_3D('',#7487,#5949,#5950);
#5181=AXIS2_PLACEMENT_3D('',#7489,#5951,#5952);
#5182=AXIS2_PLACEMENT_3D('',#7492,#5954,#5955);
#5183=AXIS2_PLACEMENT_3D('',#7493,#5956,#5957);
#5184=AXIS2_PLACEMENT_3D('',#7499,#5961,#5962);
#5185=AXIS2_PLACEMENT_3D('',#7501,#5963,#5964);
#5186=AXIS2_PLACEMENT_3D('',#7504,#5966,#5967);
#5187=AXIS2_PLACEMENT_3D('',#7505,#5968,#5969);
#5188=AXIS2_PLACEMENT_3D('',#7511,#5973,#5974);
#5189=AXIS2_PLACEMENT_3D('',#7512,#5975,#5976);
#5190=AXIS2_PLACEMENT_3D('',#7513,#5977,#5978);
#5191=AXIS2_PLACEMENT_3D('',#7514,#5979,#5980);
#5192=AXIS2_PLACEMENT_3D('',#7516,#5981,#5982);
#5193=AXIS2_PLACEMENT_3D('',#7518,#5984,#5985);
#5194=AXIS2_PLACEMENT_3D('',#7527,#5990,#5991);
#5195=AXIS2_PLACEMENT_3D('',#7529,#5992,#5993);
#5196=AXIS2_PLACEMENT_3D('',#7532,#5995,#5996);
#5197=AXIS2_PLACEMENT_3D('',#7533,#5997,#5998);
#5198=AXIS2_PLACEMENT_3D('',#7539,#6002,#6003);
#5199=AXIS2_PLACEMENT_3D('',#7541,#6004,#6005);
#5200=AXIS2_PLACEMENT_3D('',#7544,#6007,#6008);
#5201=AXIS2_PLACEMENT_3D('',#7545,#6009,#6010);
#5202=AXIS2_PLACEMENT_3D('',#7551,#6014,#6015);
#5203=AXIS2_PLACEMENT_3D('',#7553,#6016,#6017);
#5204=AXIS2_PLACEMENT_3D('',#7556,#6019,#6020);
#5205=AXIS2_PLACEMENT_3D('',#7557,#6021,#6022);
#5206=AXIS2_PLACEMENT_3D('',#7563,#6026,#6027);
#5207=AXIS2_PLACEMENT_3D('',#7564,#6028,#6029);
#5208=AXIS2_PLACEMENT_3D('',#7565,#6030,#6031);
#5209=AXIS2_PLACEMENT_3D('',#7566,#6032,#6033);
#5210=AXIS2_PLACEMENT_3D('',#7568,#6034,#6035);
#5211=AXIS2_PLACEMENT_3D('',#7570,#6037,#6038);
#5212=AXIS2_PLACEMENT_3D('',#7576,#6042,#6043);
#5213=AXIS2_PLACEMENT_3D('',#7579,#6045,#6046);
#5214=AXIS2_PLACEMENT_3D('',#7580,#6047,#6048);
#5215=AXIS2_PLACEMENT_3D('',#7586,#6052,#6053);
#5216=AXIS2_PLACEMENT_3D('',#7589,#6055,#6056);
#5217=AXIS2_PLACEMENT_3D('',#7590,#6057,#6058);
#5218=AXIS2_PLACEMENT_3D('',#7592,#6060,#6061);
#5219=AXIS2_PLACEMENT_3D('',#7593,#6062,#6063);
#5220=AXIS2_PLACEMENT_3D('',#7595,#6065,#6066);
#5221=AXIS2_PLACEMENT_3D('',#7596,#6067,#6068);
#5222=AXIS2_PLACEMENT_3D('',#7600,#6071,#6072);
#5223=AXIS2_PLACEMENT_3D('',#7601,#6073,#6074);
#5224=AXIS2_PLACEMENT_3D('',#7602,#6075,#6076);
#5225=AXIS2_PLACEMENT_3D('',#7606,#6079,#6080);
#5226=AXIS2_PLACEMENT_3D('',#7607,#6081,#6082);
#5227=AXIS2_PLACEMENT_3D('',#7608,#6083,#6084);
#5228=AXIS2_PLACEMENT_3D('',#7611,#6085,#6086);
#5229=AXIS2_PLACEMENT_3D('',#7615,#6088,#6089);
#5230=AXIS2_PLACEMENT_3D('',#7617,#6091,#6092);
#5231=AXIS2_PLACEMENT_3D('',#7620,#6093,#6094);
#5232=AXIS2_PLACEMENT_3D('',#7621,#6095,#6096);
#5233=AXIS2_PLACEMENT_3D('',#7622,#6097,#6098);
#5234=AXIS2_PLACEMENT_3D('',#7623,#6099,#6100);
#5235=AXIS2_PLACEMENT_3D('',#7626,#6101,#6102);
#5236=AXIS2_PLACEMENT_3D('',#7629,#6105,#6106);
#5237=AXIS2_PLACEMENT_3D('',#7632,#6107,#6108);
#5238=AXIS2_PLACEMENT_3D('',#7633,#6109,#6110);
#5239=AXIS2_PLACEMENT_3D('',#7634,#6111,#6112);
#5240=AXIS2_PLACEMENT_3D('',#7635,#6113,#6114);
#5241=AXIS2_PLACEMENT_3D('',#7638,#6115,#6116);
#5242=AXIS2_PLACEMENT_3D('',#7641,#6119,#6120);
#5243=AXIS2_PLACEMENT_3D('',#7644,#6121,#6122);
#5244=AXIS2_PLACEMENT_3D('',#7645,#6123,#6124);
#5245=AXIS2_PLACEMENT_3D('',#7646,#6125,#6126);
#5246=AXIS2_PLACEMENT_3D('',#7647,#6127,#6128);
#5247=AXIS2_PLACEMENT_3D('',#7650,#6129,#6130);
#5248=AXIS2_PLACEMENT_3D('',#7653,#6133,#6134);
#5249=AXIS2_PLACEMENT_3D('',#7654,#6135,#6136);
#5250=AXIS2_PLACEMENT_3D('',#7655,#6137,#6138);
#5251=AXIS2_PLACEMENT_3D('',#7656,#6139,#6140);
#5252=AXIS2_PLACEMENT_3D('',#7660,#6142,#6143);
#5253=AXIS2_PLACEMENT_3D('',#7662,#6145,#6146);
#5254=AXIS2_PLACEMENT_3D('',#7666,#6149,#6150);
#5255=AXIS2_PLACEMENT_3D('',#7669,#6152,#6153);
#5256=AXIS2_PLACEMENT_3D('',#7670,#6154,#6155);
#5257=AXIS2_PLACEMENT_3D('',#7674,#6158,#6159);
#5258=AXIS2_PLACEMENT_3D('',#7681,#6162,#6163);
#5259=AXIS2_PLACEMENT_3D('',#7685,#6165,#6166);
#5260=AXIS2_PLACEMENT_3D('',#7687,#6168,#6169);
#5261=AXIS2_PLACEMENT_3D('',#7691,#6171,#6172);
#5262=AXIS2_PLACEMENT_3D('',#7694,#6174,#6175);
#5263=AXIS2_PLACEMENT_3D('',#7695,#6176,#6177);
#5264=AXIS2_PLACEMENT_3D('',#7698,#6178,#6179);
#5265=AXIS2_PLACEMENT_3D('',#7700,#6180,#6181);
#5266=AXIS2_PLACEMENT_3D('',#7702,#6182,#6183);
#5267=AXIS2_PLACEMENT_3D('',#7746,#6184,#6185);
#5268=AXIS2_PLACEMENT_3D('',#7749,#6186,#6187);
#5269=AXIS2_PLACEMENT_3D('',#7753,#6189,#6190);
#5270=AXIS2_PLACEMENT_3D('',#7755,#6192,#6193);
#5271=AXIS2_PLACEMENT_3D('',#7757,#6194,#6195);
#5272=AXIS2_PLACEMENT_3D('',#7759,#6196,#6197);
#5273=AXIS2_PLACEMENT_3D('',#7828,#6198,#6199);
#5274=AXIS2_PLACEMENT_3D('',#7830,#6200,#6201);
#5275=AXIS2_PLACEMENT_3D('',#7832,#6202,#6203);
#5276=AXIS2_PLACEMENT_3D('',#7846,#6204,#6205);
#5277=AXIS2_PLACEMENT_3D('',#7849,#6206,#6207);
#5278=AXIS2_PLACEMENT_3D('',#7877,#6210,#6211);
#5279=AXIS2_PLACEMENT_3D('',#7878,#6212,#6213);
#5280=AXIS2_PLACEMENT_3D('',#7889,#6214,#6215);
#5281=AXIS2_PLACEMENT_3D('',#7892,#6216,#6217);
#5282=AXIS2_PLACEMENT_3D('',#7895,#6220,#6221);
#5283=AXIS2_PLACEMENT_3D('',#7898,#6222,#6223);
#5284=AXIS2_PLACEMENT_3D('',#7899,#6224,#6225);
#5285=AXIS2_PLACEMENT_3D('',#7900,#6226,#6227);
#5286=AXIS2_PLACEMENT_3D('',#7901,#6228,#6229);
#5287=AXIS2_PLACEMENT_3D('',#7905,#6232,#6233);
#5288=AXIS2_PLACEMENT_3D('',#7906,#6234,#6235);
#5289=AXIS2_PLACEMENT_3D('',#7907,#6236,#6237);
#5290=AXIS2_PLACEMENT_3D('',#7908,#6238,#6239);
#5291=AXIS2_PLACEMENT_3D('',#7909,#6240,#6241);
#5292=AXIS2_PLACEMENT_3D('',#7911,#6243,#6244);
#5293=AXIS2_PLACEMENT_3D('',#7930,#6247,#6248);
#5294=AXIS2_PLACEMENT_3D('',#7934,#6250,#6251);
#5295=AXIS2_PLACEMENT_3D('',#7938,#6253,#6254);
#5296=AXIS2_PLACEMENT_3D('',#7942,#6256,#6257);
#5297=AXIS2_PLACEMENT_3D('',#7945,#6259,#6260);
#5298=AXIS2_PLACEMENT_3D('',#7946,#6261,#6262);
#5299=AXIS2_PLACEMENT_3D('',#7963,#6264,#6265);
#5300=AXIS2_PLACEMENT_3D('',#7966,#6268,#6269);
#5301=AXIS2_PLACEMENT_3D('',#7968,#6271,#6272);
#5302=AXIS2_PLACEMENT_3D('',#8001,#6274,#6275);
#5303=AXIS2_PLACEMENT_3D('',#8003,#6276,#6277);
#5304=AXIS2_PLACEMENT_3D('',#8011,#6278,#6279);
#5305=AXIS2_PLACEMENT_3D('',#8013,#6280,#6281);
#5306=AXIS2_PLACEMENT_3D('',#8046,#6283,#6284);
#5307=AXIS2_PLACEMENT_3D('',#8047,#6285,#6286);
#5308=AXIS2_PLACEMENT_3D('',#8048,#6287,#6288);
#5309=AXIS2_PLACEMENT_3D('',#8050,#6289,#6290);
#5310=AXIS2_PLACEMENT_3D('',#8083,#6292,#6293);
#5311=AXIS2_PLACEMENT_3D('',#8084,#6294,#6295);
#5312=AXIS2_PLACEMENT_3D('',#8085,#6296,#6297);
#5313=AXIS2_PLACEMENT_3D('',#8087,#6298,#6299);
#5314=AXIS2_PLACEMENT_3D('',#8120,#6301,#6302);
#5315=AXIS2_PLACEMENT_3D('',#8128,#6303,#6304);
#5316=AXIS2_PLACEMENT_3D('',#8130,#6305,#6306);
#5317=AXIS2_PLACEMENT_3D('',#8132,#6308,#6309);
#5318=AXIS2_PLACEMENT_3D('',#8135,#6312,#6313);
#5319=AXIS2_PLACEMENT_3D('',#8137,#6315,#6316);
#5320=AXIS2_PLACEMENT_3D('',#8139,#6318,#6319);
#5321=AXIS2_PLACEMENT_3D('',#8170,#6336,#6337);
#5322=AXIS2_PLACEMENT_3D('',#8172,#6339,#6340);
#5323=AXIS2_PLACEMENT_3D('',#8174,#6342,#6343);
#5324=AXIS2_PLACEMENT_3D('',#8176,#6344,#6345);
#5325=AXIS2_PLACEMENT_3D('',#8178,#6347,#6348);
#5326=AXIS2_PLACEMENT_3D('',#8180,#6350,#6351);
#5327=AXIS2_PLACEMENT_3D('',#8181,#6352,#6353);
#5328=AXIS2_PLACEMENT_3D('',#8190,#6358,#6359);
#5329=AXIS2_PLACEMENT_3D('',#8194,#6361,#6362);
#5330=AXIS2_PLACEMENT_3D('',#8198,#6364,#6365);
#5331=AXIS2_PLACEMENT_3D('',#8202,#6367,#6368);
#5332=AXIS2_PLACEMENT_3D('',#8229,#6370,#6371);
#5333=AXIS2_PLACEMENT_3D('',#8233,#6373,#6374);
#5334=AXIS2_PLACEMENT_3D('',#8263,#6378,#6379);
#5335=AXIS2_PLACEMENT_3D('',#8264,#6380,#6381);
#5336=AXIS2_PLACEMENT_3D('',#8281,#6391,#6392);
#5337=AXIS2_PLACEMENT_3D('',#8287,#6396,#6397);
#5338=AXIS2_PLACEMENT_3D('',#8292,#6400,#6401);
#5339=AXIS2_PLACEMENT_3D('',#8293,#6402,#6403);
#5340=AXIS2_PLACEMENT_3D('',#8299,#6407,#6408);
#5341=AXIS2_PLACEMENT_3D('',#8318,#6419,#6420);
#5342=AXIS2_PLACEMENT_3D('',#8321,#6423,#6424);
#5343=AXIS2_PLACEMENT_3D('',#8324,#6426,#6427);
#5344=AXIS2_PLACEMENT_3D('',#8325,#6428,#6429);
#5345=AXIS2_PLACEMENT_3D('',#8327,#6431,#6432);
#5346=AXIS2_PLACEMENT_3D('',#8329,#6434,#6435);
#5347=AXIS2_PLACEMENT_3D('',#8335,#6439,#6440);
#5348=AXIS2_PLACEMENT_3D('',#8340,#6443,#6444);
#5349=AXIS2_PLACEMENT_3D('',#8341,#6445,#6446);
#5350=AXIS2_PLACEMENT_3D('',#8347,#6450,#6451);
#5351=AXIS2_PLACEMENT_3D('',#8351,#6453,#6454);
#5352=AXIS2_PLACEMENT_3D('',#8355,#6456,#6457);
#5353=AXIS2_PLACEMENT_3D('',#8358,#6459,#6460);
#5354=AXIS2_PLACEMENT_3D('',#8360,#6461,#6462);
#5355=AXIS2_PLACEMENT_3D('',#8361,#6463,#6464);
#5356=AXIS2_PLACEMENT_3D('',#8373,#6472,#6473);
#5357=AXIS2_PLACEMENT_3D('',#8375,#6475,#6476);
#5358=AXIS2_PLACEMENT_3D('',#8377,#6478,#6479);
#5359=AXIS2_PLACEMENT_3D('',#8386,#6484,#6485);
#5360=AXIS2_PLACEMENT_3D('',#8393,#6489,#6490);
#5361=AXIS2_PLACEMENT_3D('',#8394,#6491,#6492);
#5362=AXIS2_PLACEMENT_3D('',#8399,#6495,#6496);
#5363=AXIS2_PLACEMENT_3D('',#8415,#6502,#6503);
#5364=AXIS2_PLACEMENT_3D('',#8419,#6506,#6507);
#5365=AXIS2_PLACEMENT_3D('',#8423,#6510,#6511);
#5366=AXIS2_PLACEMENT_3D('',#8427,#6514,#6515);
#5367=AXIS2_PLACEMENT_3D('',#8431,#6518,#6519);
#5368=AXIS2_PLACEMENT_3D('',#8435,#6522,#6523);
#5369=AXIS2_PLACEMENT_3D('',#8438,#6525,#6526);
#5370=AXIS2_PLACEMENT_3D('',#8439,#6527,#6528);
#5371=AXIS2_PLACEMENT_3D('',#8442,#6530,#6531);
#5372=AXIS2_PLACEMENT_3D('',#8443,#6532,#6533);
#5373=AXIS2_PLACEMENT_3D('',#8446,#6535,#6536);
#5374=AXIS2_PLACEMENT_3D('',#8447,#6537,#6538);
#5375=AXIS2_PLACEMENT_3D('',#8450,#6540,#6541);
#5376=AXIS2_PLACEMENT_3D('',#8451,#6542,#6543);
#5377=AXIS2_PLACEMENT_3D('',#8452,#6544,#6545);
#5378=AXIS2_PLACEMENT_3D('',#8455,#6547,#6548);
#5379=AXIS2_PLACEMENT_3D('',#8456,#6549,#6550);
#5380=AXIS2_PLACEMENT_3D('',#8460,#6553,#6554);
#5381=AXIS2_PLACEMENT_3D('',#8463,#6556,#6557);
#5382=AXIS2_PLACEMENT_3D('',#8464,#6558,#6559);
#5383=AXIS2_PLACEMENT_3D('',#8466,#6561,#6562);
#5384=AXIS2_PLACEMENT_3D('',#8469,#6563,#6564);
#5385=AXIS2_PLACEMENT_3D('',#8473,#6566,#6567);
#5386=AXIS2_PLACEMENT_3D('',#8475,#6569,#6570);
#5387=AXIS2_PLACEMENT_3D('',#8491,#6579,#6580);
#5388=AXIS2_PLACEMENT_3D('',#8503,#6586,#6587);
#5389=AXIS2_PLACEMENT_3D('',#8506,#6589,#6590);
#5390=AXIS2_PLACEMENT_3D('',#8507,#6591,#6592);
#5391=AXIS2_PLACEMENT_3D('',#8509,#6593,#6594);
#5392=AXIS2_PLACEMENT_3D('',#8511,#6595,#6596);
#5393=AXIS2_PLACEMENT_3D('',#8513,#6598,#6599);
#5394=AXIS2_PLACEMENT_3D('',#8515,#6600,#6601);
#5395=AXIS2_PLACEMENT_3D('',#8517,#6602,#6603);
#5396=AXIS2_PLACEMENT_3D('',#8519,#6605,#6606);
#5397=AXIS2_PLACEMENT_3D('',#8525,#6610,#6611);
#5398=AXIS2_PLACEMENT_3D('',#8529,#6613,#6614);
#5399=AXIS2_PLACEMENT_3D('',#8530,#6615,#6616);
#5400=AXIS2_PLACEMENT_3D('',#8532,#6617,#6618);
#5401=AXIS2_PLACEMENT_3D('',#8534,#6619,#6620);
#5402=AXIS2_PLACEMENT_3D('',#8536,#6621,#6622);
#5403=AXIS2_PLACEMENT_3D('',#8540,#6624,#6625);
#5404=AXIS2_PLACEMENT_3D('',#8542,#6626,#6627);
#5405=AXIS2_PLACEMENT_3D('',#8544,#6628,#6629);
#5406=AXIS2_PLACEMENT_3D('',#8548,#6631,#6632);
#5407=AXIS2_PLACEMENT_3D('',#8550,#6633,#6634);
#5408=AXIS2_PLACEMENT_3D('',#8552,#6635,#6636);
#5409=AXIS2_PLACEMENT_3D('',#8556,#6638,#6639);
#5410=AXIS2_PLACEMENT_3D('',#8558,#6640,#6641);
#5411=AXIS2_PLACEMENT_3D('',#8560,#6642,#6643);
#5412=AXIS2_PLACEMENT_3D('',#8564,#6645,#6646);
#5413=AXIS2_PLACEMENT_3D('',#8565,#6647,#6648);
#5414=AXIS2_PLACEMENT_3D('',#8566,#6649,#6650);
#5415=AXIS2_PLACEMENT_3D('',#8569,#6651,#6652);
#5416=AXIS2_PLACEMENT_3D('',#8593,#6655,#6656);
#5417=AXIS2_PLACEMENT_3D('',#8595,#6657,#6658);
#5418=AXIS2_PLACEMENT_3D('',#8641,#6659,#6660);
#5419=AXIS2_PLACEMENT_3D('',#8642,#6661,#6662);
#5420=AXIS2_PLACEMENT_3D('',#8643,#6663,#6664);
#5421=AXIS2_PLACEMENT_3D('',#8647,#6666,#6667);
#5422=AXIS2_PLACEMENT_3D('',#8649,#6669,#6670);
#5423=AXIS2_PLACEMENT_3D('',#8678,#6678,#6679);
#5424=AXIS2_PLACEMENT_3D('',#8721,#6680,#6681);
#5425=AXIS2_PLACEMENT_3D('',#8723,#6682,#6683);
#5426=AXIS2_PLACEMENT_3D('',#8724,#6684,#6685);
#5427=AXIS2_PLACEMENT_3D('',#8725,#6686,#6687);
#5428=AXIS2_PLACEMENT_3D('',#8727,#6689,#6690);
#5429=AXIS2_PLACEMENT_3D('',#8731,#6692,#6693);
#5430=AXIS2_PLACEMENT_3D('',#8735,#6695,#6696);
#5431=AXIS2_PLACEMENT_3D('',#8738,#6698,#6699);
#5432=AXIS2_PLACEMENT_3D('',#8740,#6700,#6701);
#5433=AXIS2_PLACEMENT_3D('',#8744,#6703,#6704);
#5434=AXIS2_PLACEMENT_3D('',#8748,#6706,#6707);
#5435=AXIS2_PLACEMENT_3D('',#8752,#6709,#6710);
#5436=AXIS2_PLACEMENT_3D('',#8756,#6712,#6713);
#5437=AXIS2_PLACEMENT_3D('',#8760,#6715,#6716);
#5438=AXIS2_PLACEMENT_3D('',#8764,#6718,#6719);
#5439=AXIS2_PLACEMENT_3D('',#8767,#6721,#6722);
#5440=AXIS2_PLACEMENT_3D('',#8769,#6723,#6724);
#5441=AXIS2_PLACEMENT_3D('',#8773,#6726,#6727);
#5442=AXIS2_PLACEMENT_3D('',#8776,#6729,#6730);
#5443=AXIS2_PLACEMENT_3D('',#8778,#6731,#6732);
#5444=AXIS2_PLACEMENT_3D('',#8782,#6734,#6735);
#5445=AXIS2_PLACEMENT_3D('',#8786,#6737,#6738);
#5446=AXIS2_PLACEMENT_3D('',#8790,#6740,#6741);
#5447=AXIS2_PLACEMENT_3D('',#8794,#6743,#6744);
#5448=AXIS2_PLACEMENT_3D('',#8798,#6746,#6747);
#5449=AXIS2_PLACEMENT_3D('',#8802,#6749,#6750);
#5450=AXIS2_PLACEMENT_3D('',#8805,#6752,#6753);
#5451=AXIS2_PLACEMENT_3D('',#8806,#6754,#6755);
#5452=AXIS2_PLACEMENT_3D('',#8809,#6757,#6758);
#5453=AXIS2_PLACEMENT_3D('',#8810,#6759,#6760);
#5454=AXIS2_PLACEMENT_3D('',#8814,#6762,#6763);
#5455=AXIS2_PLACEMENT_3D('',#8816,#6764,#6765);
#5456=AXIS2_PLACEMENT_3D('',#8817,#6766,#6767);
#5457=AXIS2_PLACEMENT_3D('',#8819,#6768,#6769);
#5458=AXIS2_PLACEMENT_3D('',#8820,#6770,#6771);
#5459=AXIS2_PLACEMENT_3D('',#8830,#6778,#6779);
#5460=AXIS2_PLACEMENT_3D('',#8832,#6780,#6781);
#5461=AXIS2_PLACEMENT_3D('',#8834,#6782,#6783);
#5462=AXIS2_PLACEMENT_3D('',#8835,#6784,#6785);
#5463=AXIS2_PLACEMENT_3D('',#8837,#6786,#6787);
#5464=AXIS2_PLACEMENT_3D('',#8838,#6788,#6789);
#5465=AXIS2_PLACEMENT_3D('',#8840,#6790,#6791);
#5466=AXIS2_PLACEMENT_3D('',#8842,#6793,#6794);
#5467=AXIS2_PLACEMENT_3D('',#8844,#6796,#6797);
#5468=AXIS2_PLACEMENT_3D('',#8846,#6799,#6800);
#5469=AXIS2_PLACEMENT_3D('',#8849,#6802,#6803);
#5470=AXIS2_PLACEMENT_3D('',#8850,#6804,#6805);
#5471=AXIS2_PLACEMENT_3D('',#8852,#6806,#6807);
#5472=AXIS2_PLACEMENT_3D('',#8854,#6809,#6810);
#5473=AXIS2_PLACEMENT_3D('',#8857,#6812,#6813);
#5474=AXIS2_PLACEMENT_3D('',#8858,#6814,#6815);
#5475=AXIS2_PLACEMENT_3D('',#8861,#6817,#6818);
#5476=AXIS2_PLACEMENT_3D('',#8862,#6819,#6820);
#5477=AXIS2_PLACEMENT_3D('',#8864,#6821,#6822);
#5478=AXIS2_PLACEMENT_3D('',#8866,#6824,#6825);
#5479=AXIS2_PLACEMENT_3D('',#8868,#6827,#6828);
#5480=AXIS2_PLACEMENT_3D('',#8870,#6830,#6831);
#5481=AXIS2_PLACEMENT_3D('',#8873,#6834,#6835);
#5482=AXIS2_PLACEMENT_3D('',#8875,#6837,#6838);
#5483=AXIS2_PLACEMENT_3D('',#8877,#6840,#6841);
#5484=AXIS2_PLACEMENT_3D('',#8879,#6843,#6844);
#5485=AXIS2_PLACEMENT_3D('',#8881,#6846,#6847);
#5486=AXIS2_PLACEMENT_3D('',#8883,#6849,#6850);
#5487=AXIS2_PLACEMENT_3D('',#8885,#6852,#6853);
#5488=AXIS2_PLACEMENT_3D('',#8887,#6855,#6856);
#5489=AXIS2_PLACEMENT_3D('',#8890,#6859,#6860);
#5490=AXIS2_PLACEMENT_3D('',#8892,#6862,#6863);
#5491=AXIS2_PLACEMENT_3D('',#8894,#6865,#6866);
#5492=AXIS2_PLACEMENT_3D('',#8896,#6868,#6869);
#5493=AXIS2_PLACEMENT_3D('',#8899,#6872,#6873);
#5494=AXIS2_PLACEMENT_3D('',#8901,#6875,#6876);
#5495=AXIS2_PLACEMENT_3D('',#8903,#6878,#6879);
#5496=AXIS2_PLACEMENT_3D('',#8906,#6882,#6883);
#5497=AXIS2_PLACEMENT_3D('',#8907,#6884,#6885);
#5498=AXIS2_PLACEMENT_3D('',#8910,#6888,#6889);
#5499=AXIS2_PLACEMENT_3D('',#8912,#6891,#6892);
#5500=AXIS2_PLACEMENT_3D('',#8914,#6894,#6895);
#5501=AXIS2_PLACEMENT_3D('',#8917,#6898,#6899);
#5502=AXIS2_PLACEMENT_3D('',#8919,#6901,#6902);
#5503=AXIS2_PLACEMENT_3D('',#8920,#6903,#6904);
#5504=AXIS2_PLACEMENT_3D('',#8922,#6906,#6907);
#5505=AXIS2_PLACEMENT_3D('',#8924,#6909,#6910);
#5506=AXIS2_PLACEMENT_3D('',#8926,#6912,#6913);
#5507=AXIS2_PLACEMENT_3D('',#8927,#6914,#6915);
#5508=AXIS2_PLACEMENT_3D('',#8929,#6916,#6917);
#5509=AXIS2_PLACEMENT_3D('',#8932,#6919,#6920);
#5510=AXIS2_PLACEMENT_3D('',#8934,#6922,#6923);
#5511=AXIS2_PLACEMENT_3D('',#8936,#6924,#6925);
#5512=AXIS2_PLACEMENT_3D('',#8939,#6927,#6928);
#5513=AXIS2_PLACEMENT_3D('',#8941,#6930,#6931);
#5514=AXIS2_PLACEMENT_3D('',#8943,#6932,#6933);
#5515=AXIS2_PLACEMENT_3D('',#8946,#6935,#6936);
#5516=AXIS2_PLACEMENT_3D('',#8948,#6938,#6939);
#5517=AXIS2_PLACEMENT_3D('',#8950,#6940,#6941);
#5518=AXIS2_PLACEMENT_3D('',#8953,#6943,#6944);
#5519=AXIS2_PLACEMENT_3D('',#8955,#6946,#6947);
#5520=AXIS2_PLACEMENT_3D('',#8957,#6948,#6949);
#5521=AXIS2_PLACEMENT_3D('',#8960,#6951,#6952);
#5522=AXIS2_PLACEMENT_3D('',#8962,#6954,#6955);
#5523=AXIS2_PLACEMENT_3D('',#8964,#6956,#6957);
#5524=AXIS2_PLACEMENT_3D('',#8967,#6959,#6960);
#5525=AXIS2_PLACEMENT_3D('',#8969,#6962,#6963);
#5526=AXIS2_PLACEMENT_3D('',#8970,#6964,#6965);
#5527=AXIS2_PLACEMENT_3D('',#8972,#6967,#6968);
#5528=AXIS2_PLACEMENT_3D('',#8973,#6969,#6970);
#5529=AXIS2_PLACEMENT_3D('',#8974,#6971,#6972);
#5530=AXIS2_PLACEMENT_3D('',#8976,#6974,#6975);
#5531=AXIS2_PLACEMENT_3D('',#8977,#6976,#6977);
#5532=AXIS2_PLACEMENT_3D('',#8978,#6978,#6979);
#5533=AXIS2_PLACEMENT_3D('',#8980,#6981,#6982);
#5534=AXIS2_PLACEMENT_3D('',#8981,#6983,#6984);
#5535=AXIS2_PLACEMENT_3D('',#8982,#6985,#6986);
#5536=AXIS2_PLACEMENT_3D('',#8983,#6987,#6988);
#5537=AXIS2_PLACEMENT_3D('',#8985,#6990,#6991);
#5538=AXIS2_PLACEMENT_3D('',#8987,#6992,#6993);
#5539=AXIS2_PLACEMENT_3D('',#8990,#6995,#6996);
#5540=AXIS2_PLACEMENT_3D('',#8992,#6997,#6998);
#5541=AXIS2_PLACEMENT_3D('',#8994,#7000,#7001);
#5542=AXIS2_PLACEMENT_3D('',#8996,#7002,#7003);
#5543=AXIS2_PLACEMENT_3D('',#8999,#7005,#7006);
#5544=AXIS2_PLACEMENT_3D('',#9001,#7007,#7008);
#5545=AXIS2_PLACEMENT_3D('',#9003,#7010,#7011);
#5546=AXIS2_PLACEMENT_3D('',#9005,#7012,#7013);
#5547=AXIS2_PLACEMENT_3D('',#9008,#7015,#7016);
#5548=AXIS2_PLACEMENT_3D('',#9010,#7017,#7018);
#5549=AXIS2_PLACEMENT_3D('',#9012,#7020,#7021);
#5550=AXIS2_PLACEMENT_3D('',#9014,#7022,#7023);
#5551=AXIS2_PLACEMENT_3D('',#9017,#7025,#7026);
#5552=AXIS2_PLACEMENT_3D('',#9019,#7028,#7029);
#5553=AXIS2_PLACEMENT_3D('',#9021,#7030,#7031);
#5554=AXIS2_PLACEMENT_3D('',#9024,#7033,#7034);
#5555=AXIS2_PLACEMENT_3D('',#9026,#7035,#7036);
#5556=AXIS2_PLACEMENT_3D('',#9028,#7038,#7039);
#5557=AXIS2_PLACEMENT_3D('',#9030,#7040,#7041);
#5558=AXIS2_PLACEMENT_3D('',#9033,#7043,#7044);
#5559=AXIS2_PLACEMENT_3D('',#9035,#7046,#7047);
#5560=AXIS2_PLACEMENT_3D('',#9039,#7050,#7051);
#5561=AXIS2_PLACEMENT_3D('',#9040,#7052,#7053);
#5562=AXIS2_PLACEMENT_3D('',#9041,#7054,#7055);
#5563=AXIS2_PLACEMENT_3D('',#9042,#7056,#7057);
#5564=AXIS2_PLACEMENT_3D('',#9043,#7058,#7059);
#5565=AXIS2_PLACEMENT_3D('',#9044,#7060,#7061);
#5566=AXIS2_PLACEMENT_3D('',#9045,#7062,#7063);
#5567=AXIS2_PLACEMENT_3D('',#9046,#7064,#7065);
#5568=AXIS2_PLACEMENT_3D('',#9047,#7066,#7067);
#5569=AXIS2_PLACEMENT_3D('',#9048,#7068,#7069);
#5570=AXIS2_PLACEMENT_3D('',#9049,#7070,#7071);
#5571=AXIS2_PLACEMENT_3D('',#9050,#7072,#7073);
#5572=AXIS2_PLACEMENT_3D('',#9051,#7074,#7075);
#5573=AXIS2_PLACEMENT_3D('',#9052,#7076,#7077);
#5574=AXIS2_PLACEMENT_3D('',#9053,#7078,#7079);
#5575=AXIS2_PLACEMENT_3D('',#9054,#7080,#7081);
#5576=AXIS2_PLACEMENT_3D('',#9056,#7083,#7084);
#5577=AXIS2_PLACEMENT_3D('',#9057,#7085,#7086);
#5578=AXIS2_PLACEMENT_3D('',#9059,#7088,#7089);
#5579=AXIS2_PLACEMENT_3D('',#9061,#7091,#7092);
#5580=AXIS2_PLACEMENT_3D('',#9062,#7093,#7094);
#5581=AXIS2_PLACEMENT_3D('',#9064,#7096,#7097);
#5582=AXIS2_PLACEMENT_3D('',#9065,#7098,#7099);
#5583=AXIS2_PLACEMENT_3D('',#9066,#7100,#7101);
#5584=AXIS2_PLACEMENT_3D('',#9068,#7103,#7104);
#5585=AXIS2_PLACEMENT_3D('',#9069,#7105,#7106);
#5586=AXIS2_PLACEMENT_3D('',#9071,#7108,#7109);
#5587=AXIS2_PLACEMENT_3D('',#9072,#7110,#7111);
#5588=AXIS2_PLACEMENT_3D('',#9074,#7113,#7114);
#5589=DIRECTION('axis',(0.,0.,1.));
#5590=DIRECTION('refdir',(1.,0.,0.));
#5591=DIRECTION('center_axis',(0.,0.,1.));
#5592=DIRECTION('ref_axis',(-1.,0.,0.));
#5593=DIRECTION('center_axis',(0.,1.12649461348663E-15,1.));
#5594=DIRECTION('ref_axis',(-1.,0.,0.));
#5595=DIRECTION('',(-0.707106781186417,-8.65956056235334E-17,-0.707106781186678));
#5596=DIRECTION('center_axis',(0.,-1.12649461348663E-15,-1.));
#5597=DIRECTION('ref_axis',(-1.,0.,0.));
#5598=DIRECTION('center_axis',(0.,-1.12649461348663E-15,-1.));
#5599=DIRECTION('ref_axis',(-1.,0.,0.));
#5600=DIRECTION('center_axis',(0.,1.12649461348663E-15,1.));
#5601=DIRECTION('ref_axis',(0.,-1.,1.12649461348663E-15));
#5602=DIRECTION('',(0.,1.,-1.12649461348663E-15));
#5603=DIRECTION('',(-1.,0.,0.));
#5604=DIRECTION('center_axis',(0.,-1.12649461348663E-15,-1.));
#5605=DIRECTION('ref_axis',(0.707106781186547,-0.707106781186547,0.));
#5606=DIRECTION('',(0.,-1.,1.12649461348663E-15));
#5607=DIRECTION('center_axis',(0.,-1.12649461348663E-15,-1.));
#5608=DIRECTION('ref_axis',(0.707106781186547,0.707106781186547,0.));
#5609=DIRECTION('',(1.,0.,0.));
#5610=DIRECTION('',(0.,1.,-1.12649461348663E-15));
#5611=DIRECTION('',(1.,0.,0.));
#5612=DIRECTION('center_axis',(0.,1.12649461348663E-15,1.));
#5613=DIRECTION('ref_axis',(0.707106781186546,0.707106781186549,0.));
#5614=DIRECTION('',(0.,-1.,1.12649461348663E-15));
#5615=DIRECTION('center_axis',(0.,1.12649461348663E-15,1.));
#5616=DIRECTION('ref_axis',(-0.999999999999631,8.59561430032978E-7,0.));
#5617=DIRECTION('',(0.,1.,-1.12649461348663E-15));
#5618=DIRECTION('center_axis',(0.,1.12649461348663E-15,1.));
#5619=DIRECTION('ref_axis',(-0.707106781186546,0.707106781186549,0.));
#5620=DIRECTION('',(1.,0.,0.));
#5621=DIRECTION('center_axis',(0.,1.12649461348663E-15,1.));
#5622=DIRECTION('ref_axis',(0.707106781186546,0.707106781186549,0.));
#5623=DIRECTION('',(2.30098036191742E-16,-1.,1.12649461348663E-15));
#5624=DIRECTION('center_axis',(0.,1.12649461348663E-15,1.));
#5625=DIRECTION('ref_axis',(0.707106781186546,-0.707106781186549,0.));
#5626=DIRECTION('',(-1.,0.,0.));
#5627=DIRECTION('center_axis',(0.,1.12649461348663E-15,1.));
#5628=DIRECTION('ref_axis',(-0.707106781186552,-0.707106781186543,0.));
#5629=DIRECTION('',(0.,1.,-1.12649461348663E-15));
#5630=DIRECTION('center_axis',(0.,1.12649461348663E-15,1.));
#5631=DIRECTION('ref_axis',(0.999999999999625,8.65918170944399E-7,0.));
#5632=DIRECTION('',(0.,-1.,1.12649461348663E-15));
#5633=DIRECTION('center_axis',(0.,1.12649461348663E-15,1.));
#5634=DIRECTION('ref_axis',(0.707106781186546,-0.707106781186549,0.));
#5635=DIRECTION('',(-1.,0.,0.));
#5636=DIRECTION('center_axis',(0.,1.12649461348663E-15,1.));
#5637=DIRECTION('ref_axis',(-1.,0.,0.));
#5638=DIRECTION('center_axis',(0.,-1.12649461348663E-15,-1.));
#5639=DIRECTION('ref_axis',(1.,0.,0.));
#5640=DIRECTION('center_axis',(0.,-1.12649461348663E-15,-1.));
#5641=DIRECTION('ref_axis',(1.,0.,0.));
#5642=DIRECTION('center_axis',(0.,0.,-1.));
#5643=DIRECTION('ref_axis',(1.,0.,0.));
#5644=DIRECTION('',(0.,0.,-1.));
#5645=DIRECTION('center_axis',(0.,0.,-1.));
#5646=DIRECTION('ref_axis',(1.,0.,0.));
#5647=DIRECTION('center_axis',(0.,0.,1.));
#5648=DIRECTION('ref_axis',(-1.,0.,0.));
#5649=DIRECTION('',(-0.707106781186546,-8.65956056235491E-17,-0.707106781186549));
#5650=DIRECTION('center_axis',(0.,-1.12649461348663E-15,-1.));
#5651=DIRECTION('ref_axis',(-1.,0.,0.));
#5652=DIRECTION('center_axis',(0.,-1.12649461348663E-15,-1.));
#5653=DIRECTION('ref_axis',(-1.,0.,0.));
#5654=DIRECTION('center_axis',(0.,0.,-1.));
#5655=DIRECTION('ref_axis',(1.,0.,0.));
#5656=DIRECTION('',(0.,0.,-1.));
#5657=DIRECTION('center_axis',(0.,0.,-1.));
#5658=DIRECTION('ref_axis',(1.,0.,0.));
#5659=DIRECTION('center_axis',(0.,0.,1.));
#5660=DIRECTION('ref_axis',(-1.,0.,0.));
#5661=DIRECTION('center_axis',(0.,1.12649461348663E-15,1.));
#5662=DIRECTION('ref_axis',(-1.,0.,0.));
#5663=DIRECTION('',(-0.707106781186417,-8.65956056235334E-17,-0.707106781186678));
#5664=DIRECTION('center_axis',(0.,-1.12649461348663E-15,-1.));
#5665=DIRECTION('ref_axis',(-1.,0.,0.));
#5666=DIRECTION('center_axis',(0.,-1.12649461348663E-15,-1.));
#5667=DIRECTION('ref_axis',(-1.,0.,0.));
#5668=DIRECTION('center_axis',(0.,1.12649461348663E-15,1.));
#5669=DIRECTION('ref_axis',(0.,-1.,1.12649461348663E-15));
#5670=DIRECTION('',(0.,-1.,1.12649461348663E-15));
#5671=DIRECTION('',(-1.,0.,0.));
#5672=DIRECTION('center_axis',(0.,1.12649461348663E-15,1.));
#5673=DIRECTION('ref_axis',(-0.707106781186546,-0.707106781186549,0.));
#5674=DIRECTION('',(0.,1.,-1.12649461348663E-15));
#5675=DIRECTION('center_axis',(0.,1.12649461348663E-15,1.));
#5676=DIRECTION('ref_axis',(0.999999999999327,-1.16036483710424E-6,0.));
#5677=DIRECTION('',(0.,-1.,1.12649461348663E-15));
#5678=DIRECTION('center_axis',(0.,1.12649461348663E-15,1.));
#5679=DIRECTION('ref_axis',(0.707106781186546,-0.707106781186549,0.));
#5680=DIRECTION('',(-1.,0.,0.));
#5681=DIRECTION('center_axis',(0.,1.12649461348663E-15,1.));
#5682=DIRECTION('ref_axis',(-0.707106781186552,-0.707106781186543,0.));
#5683=DIRECTION('',(0.,1.,-1.12649461348663E-15));
#5684=DIRECTION('center_axis',(0.,1.12649461348663E-15,1.));
#5685=DIRECTION('ref_axis',(-0.707106781186546,0.707106781186549,0.));
#5686=DIRECTION('',(1.,0.,0.));
#5687=DIRECTION('center_axis',(0.,1.12649461348663E-15,1.));
#5688=DIRECTION('ref_axis',(0.707106781186241,0.707106781186854,0.));
#5689=DIRECTION('',(8.61533067109119E-13,-1.,1.12649461348663E-15));
#5690=DIRECTION('center_axis',(0.,1.12649461348663E-15,1.));
#5691=DIRECTION('ref_axis',(-1.,0.,0.));
#5692=DIRECTION('',(0.,1.,-1.12649461348663E-15));
#5693=DIRECTION('center_axis',(0.,1.12649461348663E-15,1.));
#5694=DIRECTION('ref_axis',(-0.707106781186546,0.707106781186549,0.));
#5695=DIRECTION('',(1.,0.,0.));
#5696=DIRECTION('',(0.,-1.,1.12649461348663E-15));
#5697=DIRECTION('',(1.,0.,0.));
#5698=DIRECTION('center_axis',(0.,-1.12649461348663E-15,-1.));
#5699=DIRECTION('ref_axis',(-0.707106781186547,0.707106781186547,0.));
#5700=DIRECTION('',(0.,1.,-1.12649461348663E-15));
#5701=DIRECTION('center_axis',(0.,-1.12649461348663E-15,-1.));
#5702=DIRECTION('ref_axis',(-0.707106781186547,-0.707106781186547,0.));
#5703=DIRECTION('',(-1.,0.,0.));
#5704=DIRECTION('center_axis',(0.,1.12649461348663E-15,1.));
#5705=DIRECTION('ref_axis',(-1.,0.,0.));
#5706=DIRECTION('center_axis',(0.,-1.12649461348663E-15,-1.));
#5707=DIRECTION('ref_axis',(1.,0.,0.));
#5708=DIRECTION('center_axis',(0.,-1.12649461348663E-15,-1.));
#5709=DIRECTION('ref_axis',(1.,0.,0.));
#5710=DIRECTION('center_axis',(0.,0.,-1.));
#5711=DIRECTION('ref_axis',(1.,0.,0.));
#5712=DIRECTION('',(0.,0.,-1.));
#5713=DIRECTION('center_axis',(0.,0.,-1.));
#5714=DIRECTION('ref_axis',(1.,0.,0.));
#5715=DIRECTION('center_axis',(0.,0.,1.));
#5716=DIRECTION('ref_axis',(-1.,0.,0.));
#5717=DIRECTION('',(-0.707106781186546,-8.65956056235491E-17,-0.707106781186549));
#5718=DIRECTION('center_axis',(0.,-1.12649461348663E-15,-1.));
#5719=DIRECTION('ref_axis',(-1.,0.,0.));
#5720=DIRECTION('center_axis',(0.,-1.12649461348663E-15,-1.));
#5721=DIRECTION('ref_axis',(-1.,0.,0.));
#5722=DIRECTION('center_axis',(0.,0.,-1.));
#5723=DIRECTION('ref_axis',(1.,0.,0.));
#5724=DIRECTION('',(0.,0.,-1.));
#5725=DIRECTION('center_axis',(0.,0.,-1.));
#5726=DIRECTION('ref_axis',(1.,0.,0.));
#5727=DIRECTION('center_axis',(0.,0.,1.));
#5728=DIRECTION('ref_axis',(1.,0.,0.));
#5729=DIRECTION('',(0.857167300702112,-1.04972719113862E-16,-0.515038074910054));
#5730=DIRECTION('center_axis',(0.,0.,1.));
#5731=DIRECTION('ref_axis',(1.,0.,0.));
#5732=DIRECTION('',(0.857167300702112,-1.04972719113862E-16,-0.515038074910054));
#5733=DIRECTION('center_axis',(0.,0.,1.));
#5734=DIRECTION('ref_axis',(1.,0.,0.));
#5735=DIRECTION('',(0.857167300702112,-1.04972719113862E-16,-0.515038074910054));
#5736=DIRECTION('center_axis',(0.,0.,1.));
#5737=DIRECTION('ref_axis',(1.,0.,0.));
#5738=DIRECTION('',(0.857167300702112,-1.04972719113862E-16,-0.515038074910054));
#5739=DIRECTION('center_axis',(1.,0.,0.));
#5740=DIRECTION('ref_axis',(0.,-0.615661475325657,0.788010753606723));
#5741=DIRECTION('center_axis',(-1.,0.,0.));
#5742=DIRECTION('ref_axis',(0.,-0.992546151641322,0.121869343405146));
#5743=DIRECTION('',(1.,0.,0.));
#5744=DIRECTION('center_axis',(1.,0.,0.));
#5745=DIRECTION('ref_axis',(0.,0.121869343405141,0.992546151641323));
#5746=DIRECTION('',(-1.,0.,0.));
#5747=DIRECTION('center_axis',(0.,0.121869343405145,0.992546151641323));
#5748=DIRECTION('ref_axis',(1.,0.,0.));
#5749=DIRECTION('center_axis',(-1.,0.,0.));
#5750=DIRECTION('ref_axis',(0.,0.121869343405141,0.992546151641323));
#5751=DIRECTION('center_axis',(0.,-0.121869343405145,-0.992546151641323));
#5752=DIRECTION('ref_axis',(1.,-9.36750677027474E-16,0.));
#5753=DIRECTION('center_axis',(0.,0.121869343405145,0.992546151641323));
#5754=DIRECTION('ref_axis',(1.,-9.22837927766689E-16,1.13310249745377E-16));
#5755=DIRECTION('center_axis',(-1.,0.,0.));
#5756=DIRECTION('ref_axis',(0.,0.788010753606723,0.615661475325657));
#5757=DIRECTION('center_axis',(-1.,0.,0.));
#5758=DIRECTION('ref_axis',(0.,0.121869343405141,0.992546151641323));
#5759=DIRECTION('',(1.,0.,0.));
#5760=DIRECTION('',(-1.,0.,0.));
#5761=DIRECTION('center_axis',(0.,0.121869343405145,0.992546151641323));
#5762=DIRECTION('ref_axis',(-1.,0.,0.));
#5763=DIRECTION('center_axis',(0.,-0.121869343405145,-0.992546151641323));
#5764=DIRECTION('ref_axis',(-1.,-9.36750677027474E-16,0.));
#5765=DIRECTION('center_axis',(0.,0.121869343405145,0.992546151641323));
#5766=DIRECTION('ref_axis',(-1.,-9.22837927766689E-16,1.13310249745377E-16));
#5767=DIRECTION('center_axis',(0.,0.121869343405145,0.992546151641322));
#5768=DIRECTION('ref_axis',(0.,-0.992546151641322,0.121869343405145));
#5769=DIRECTION('',(0.,0.121869343405145,0.992546151641322));
#5770=DIRECTION('center_axis',(0.,-0.121869343405145,-0.992546151641322));
#5771=DIRECTION('ref_axis',(0.,-0.992546151641322,0.121869343405145));
#5772=DIRECTION('',(0.,0.121869343405145,0.992546151641322));
#5773=DIRECTION('center_axis',(0.,-0.992546151641322,0.121869343405145));
#5774=DIRECTION('ref_axis',(1.,0.,0.));
#5775=DIRECTION('',(0.,0.121869343405145,0.992546151641322));
#5776=DIRECTION('',(-1.,0.,0.));
#5777=DIRECTION('center_axis',(0.,-0.121869343405145,-0.992546151641323));
#5778=DIRECTION('ref_axis',(1.,0.,0.));
#5779=DIRECTION('center_axis',(1.,0.,0.));
#5780=DIRECTION('ref_axis',(0.,-0.615661475325657,0.788010753606723));
#5781=DIRECTION('center_axis',(-1.,0.,0.));
#5782=DIRECTION('ref_axis',(0.,-0.992546151641322,0.121869343405146));
#5783=DIRECTION('',(1.,0.,0.));
#5784=DIRECTION('center_axis',(1.,0.,0.));
#5785=DIRECTION('ref_axis',(0.,0.121869343405141,0.992546151641323));
#5786=DIRECTION('',(-1.,0.,0.));
#5787=DIRECTION('center_axis',(0.,0.121869343405145,0.992546151641323));
#5788=DIRECTION('ref_axis',(1.,0.,0.));
#5789=DIRECTION('center_axis',(-1.,0.,0.));
#5790=DIRECTION('ref_axis',(0.,0.121869343405141,0.992546151641323));
#5791=DIRECTION('center_axis',(0.,-0.121869343405145,-0.992546151641323));
#5792=DIRECTION('ref_axis',(1.,-9.36750677027474E-16,0.));
#5793=DIRECTION('center_axis',(0.,0.121869343405145,0.992546151641323));
#5794=DIRECTION('ref_axis',(1.,-9.22837927766689E-16,1.13310249745377E-16));
#5795=DIRECTION('center_axis',(-1.,0.,0.));
#5796=DIRECTION('ref_axis',(0.,0.78801075360672,0.61566147532566));
#5797=DIRECTION('center_axis',(-1.,0.,0.));
#5798=DIRECTION('ref_axis',(0.,0.121869343405141,0.992546151641323));
#5799=DIRECTION('',(1.,0.,0.));
#5800=DIRECTION('',(-1.,0.,0.));
#5801=DIRECTION('center_axis',(0.,0.121869343405145,0.992546151641323));
#5802=DIRECTION('ref_axis',(-1.,0.,0.));
#5803=DIRECTION('center_axis',(0.,-0.121869343405145,-0.992546151641323));
#5804=DIRECTION('ref_axis',(-1.,-9.36750677027474E-16,0.));
#5805=DIRECTION('center_axis',(0.,0.121869343405145,0.992546151641323));
#5806=DIRECTION('ref_axis',(-1.,-9.22837927766689E-16,1.13310249745377E-16));
#5807=DIRECTION('center_axis',(0.,0.121869343405145,0.992546151641322));
#5808=DIRECTION('ref_axis',(0.,-0.992546151641322,0.121869343405145));
#5809=DIRECTION('',(0.,0.121869343405145,0.992546151641322));
#5810=DIRECTION('center_axis',(0.,-0.121869343405145,-0.992546151641322));
#5811=DIRECTION('ref_axis',(0.,-0.992546151641322,0.121869343405145));
#5812=DIRECTION('',(0.,0.121869343405145,0.992546151641322));
#5813=DIRECTION('center_axis',(0.,-0.992546151641322,0.121869343405145));
#5814=DIRECTION('ref_axis',(1.,0.,0.));
#5815=DIRECTION('',(0.,0.121869343405145,0.992546151641322));
#5816=DIRECTION('',(-1.,0.,0.));
#5817=DIRECTION('center_axis',(0.,-0.121869343405145,-0.992546151641323));
#5818=DIRECTION('ref_axis',(1.,0.,0.));
#5819=DIRECTION('center_axis',(-1.,0.,0.));
#5820=DIRECTION('ref_axis',(0.,-0.992546151641322,0.121869343405145));
#5821=DIRECTION('',(0.,-0.992546151641322,0.121869343405145));
#5822=DIRECTION('',(0.,0.121869343405141,0.992546151641323));
#5823=DIRECTION('',(0.,-0.992546151641322,0.121869343405145));
#5824=DIRECTION('',(0.,0.121869343405141,0.992546151641323));
#5825=DIRECTION('center_axis',(0.,0.121869343405141,0.992546151641323));
#5826=DIRECTION('ref_axis',(-1.,0.,0.));
#5827=DIRECTION('center_axis',(0.,0.121869343405145,0.992546151641322));
#5828=DIRECTION('ref_axis',(-1.,0.,0.));
#5829=DIRECTION('',(0.,0.121869343405141,0.992546151641323));
#5830=DIRECTION('center_axis',(0.,0.121869343405145,0.992546151641322));
#5831=DIRECTION('ref_axis',(-1.,0.,0.));
#5832=DIRECTION('center_axis',(0.,0.992546151641323,-0.121869343405141));
#5833=DIRECTION('ref_axis',(-1.,0.,0.));
#5834=DIRECTION('',(-1.,0.,0.));
#5835=DIRECTION('',(0.,0.121869343405141,0.992546151641323));
#5836=DIRECTION('',(-1.,0.,0.));
#5837=DIRECTION('center_axis',(0.,0.121869343405141,0.992546151641323));
#5838=DIRECTION('ref_axis',(0.,0.992546151641323,-0.121869343405141));
#5839=DIRECTION('center_axis',(0.,0.121869343405145,0.992546151641322));
#5840=DIRECTION('ref_axis',(0.,0.992546151641323,-0.121869343405141));
#5841=DIRECTION('',(0.,0.121869343405141,0.992546151641323));
#5842=DIRECTION('center_axis',(0.,0.121869343405145,0.992546151641322));
#5843=DIRECTION('ref_axis',(0.,0.992546151641322,-0.121869343405145));
#5844=DIRECTION('center_axis',(1.,0.,0.));
#5845=DIRECTION('ref_axis',(0.,0.992546151641322,-0.121869343405145));
#5846=DIRECTION('',(0.,0.992546151641322,-0.121869343405145));
#5847=DIRECTION('',(0.,0.121869343405141,0.992546151641323));
#5848=DIRECTION('',(0.,0.992546151641322,-0.121869343405145));
#5849=DIRECTION('center_axis',(0.,0.121869343405141,0.992546151641323));
#5850=DIRECTION('ref_axis',(1.,0.,0.));
#5851=DIRECTION('center_axis',(0.,0.121869343405145,0.992546151641322));
#5852=DIRECTION('ref_axis',(1.,0.,0.));
#5853=DIRECTION('',(0.,0.121869343405141,0.992546151641323));
#5854=DIRECTION('center_axis',(0.,0.121869343405145,0.992546151641322));
#5855=DIRECTION('ref_axis',(1.,0.,0.));
#5856=DIRECTION('center_axis',(0.,-0.992546151641323,0.121869343405141));
#5857=DIRECTION('ref_axis',(1.,0.,0.));
#5858=DIRECTION('',(1.,0.,0.));
#5859=DIRECTION('',(0.,0.121869343405141,0.992546151641323));
#5860=DIRECTION('',(1.,0.,0.));
#5861=DIRECTION('center_axis',(0.,0.121869343405141,0.992546151641323));
#5862=DIRECTION('ref_axis',(0.,-0.992546151641323,0.121869343405141));
#5863=DIRECTION('center_axis',(0.,0.121869343405145,0.992546151641322));
#5864=DIRECTION('ref_axis',(0.,-0.992546151641323,0.121869343405141));
#5865=DIRECTION('center_axis',(0.,0.121869343405145,0.992546151641322));
#5866=DIRECTION('ref_axis',(0.,-0.992546151641322,0.121869343405145));
#5867=DIRECTION('center_axis',(0.,-0.121869343405145,-0.992546151641322));
#5868=DIRECTION('ref_axis',(1.,0.,0.));
#5869=DIRECTION('center_axis',(0.,-0.121869343405145,-0.992546151641322));
#5870=DIRECTION('ref_axis',(0.465788807228916,0.878300038780778,-0.107841684602699));
#5871=DIRECTION('',(1.,0.,0.));
#5872=DIRECTION('center_axis',(0.,-0.121869343405145,-0.992546151641322));
#5873=DIRECTION('ref_axis',(0.,-0.992546151641322,0.121869343405145));
#5874=DIRECTION('',(-1.,0.,0.));
#5875=DIRECTION('center_axis',(-1.,0.,0.));
#5876=DIRECTION('ref_axis',(0.,-0.992546151641322,0.121869343405145));
#5877=DIRECTION('',(0.,-0.992546151641322,0.121869343405145));
#5878=DIRECTION('',(0.,0.121869343405141,0.992546151641323));
#5879=DIRECTION('',(0.,-0.992546151641322,0.121869343405145));
#5880=DIRECTION('',(0.,0.121869343405141,0.992546151641323));
#5881=DIRECTION('center_axis',(0.,0.121869343405141,0.992546151641323));
#5882=DIRECTION('ref_axis',(-1.,0.,0.));
#5883=DIRECTION('center_axis',(0.,0.121869343405145,0.992546151641322));
#5884=DIRECTION('ref_axis',(-1.,0.,0.));
#5885=DIRECTION('',(0.,0.121869343405141,0.992546151641323));
#5886=DIRECTION('center_axis',(0.,0.121869343405145,0.992546151641322));
#5887=DIRECTION('ref_axis',(-1.,0.,0.));
#5888=DIRECTION('center_axis',(0.,0.992546151641323,-0.121869343405141));
#5889=DIRECTION('ref_axis',(-1.,0.,0.));
#5890=DIRECTION('',(-1.,0.,0.));
#5891=DIRECTION('',(0.,0.121869343405141,0.992546151641323));
#5892=DIRECTION('',(-1.,0.,0.));
#5893=DIRECTION('center_axis',(0.,0.121869343405141,0.992546151641323));
#5894=DIRECTION('ref_axis',(0.,0.992546151641323,-0.121869343405141));
#5895=DIRECTION('center_axis',(0.,0.121869343405145,0.992546151641322));
#5896=DIRECTION('ref_axis',(0.,0.992546151641323,-0.121869343405141));
#5897=DIRECTION('',(0.,0.121869343405141,0.992546151641323));
#5898=DIRECTION('center_axis',(0.,0.121869343405145,0.992546151641322));
#5899=DIRECTION('ref_axis',(0.,0.992546151641322,-0.121869343405145));
#5900=DIRECTION('center_axis',(1.,0.,0.));
#5901=DIRECTION('ref_axis',(0.,0.992546151641322,-0.121869343405145));
#5902=DIRECTION('',(0.,0.992546151641322,-0.121869343405145));
#5903=DIRECTION('',(0.,0.121869343405141,0.992546151641323));
#5904=DIRECTION('',(0.,0.992546151641322,-0.121869343405145));
#5905=DIRECTION('center_axis',(0.,0.121869343405141,0.992546151641323));
#5906=DIRECTION('ref_axis',(1.,0.,0.));
#5907=DIRECTION('center_axis',(0.,0.121869343405145,0.992546151641322));
#5908=DIRECTION('ref_axis',(1.,0.,0.));
#5909=DIRECTION('',(0.,0.121869343405141,0.992546151641323));
#5910=DIRECTION('center_axis',(0.,0.121869343405145,0.992546151641322));
#5911=DIRECTION('ref_axis',(1.,0.,0.));
#5912=DIRECTION('center_axis',(0.,-0.992546151641323,0.121869343405141));
#5913=DIRECTION('ref_axis',(1.,0.,0.));
#5914=DIRECTION('',(1.,0.,0.));
#5915=DIRECTION('',(0.,0.121869343405141,0.992546151641323));
#5916=DIRECTION('',(1.,0.,0.));
#5917=DIRECTION('center_axis',(0.,0.121869343405141,0.992546151641323));
#5918=DIRECTION('ref_axis',(0.,-0.992546151641323,0.121869343405141));
#5919=DIRECTION('center_axis',(0.,0.121869343405145,0.992546151641322));
#5920=DIRECTION('ref_axis',(0.,-0.992546151641323,0.121869343405141));
#5921=DIRECTION('center_axis',(0.,0.121869343405145,0.992546151641322));
#5922=DIRECTION('ref_axis',(0.,-0.992546151641322,0.121869343405145));
#5923=DIRECTION('center_axis',(0.,-0.121869343405145,-0.992546151641322));
#5924=DIRECTION('ref_axis',(1.,0.,0.));
#5925=DIRECTION('center_axis',(0.,-0.121869343405145,-0.992546151641322));
#5926=DIRECTION('ref_axis',(0.465788807228916,0.878300038780778,-0.107841684602699));
#5927=DIRECTION('',(1.,0.,0.));
#5928=DIRECTION('center_axis',(0.,-0.121869343405145,-0.992546151641322));
#5929=DIRECTION('ref_axis',(0.,-0.992546151641322,0.121869343405145));
#5930=DIRECTION('',(-1.,0.,0.));
#5931=DIRECTION('center_axis',(0.,-0.992546151641323,0.121869343405141));
#5932=DIRECTION('ref_axis',(1.,0.,0.));
#5933=DIRECTION('',(1.,0.,0.));
#5934=DIRECTION('',(0.,0.121869343405141,0.992546151641323));
#5935=DIRECTION('',(1.,0.,0.));
#5936=DIRECTION('',(0.,0.121869343405141,0.992546151641323));
#5937=DIRECTION('center_axis',(0.,0.121869343405141,0.992546151641323));
#5938=DIRECTION('ref_axis',(0.,-0.992546151641323,0.121869343405141));
#5939=DIRECTION('center_axis',(0.,0.121869343405145,0.992546151641322));
#5940=DIRECTION('ref_axis',(0.,-0.992546151641323,0.121869343405141));
#5941=DIRECTION('',(0.,0.121869343405141,0.992546151641323));
#5942=DIRECTION('center_axis',(0.,0.121869343405145,0.992546151641322));
#5943=DIRECTION('ref_axis',(0.,-0.992546151641322,0.121869343405145));
#5944=DIRECTION('center_axis',(-1.,0.,0.));
#5945=DIRECTION('ref_axis',(0.,-0.992546151641322,0.121869343405145));
#5946=DIRECTION('',(0.,-0.992546151641322,0.121869343405145));
#5947=DIRECTION('',(0.,0.121869343405141,0.992546151641323));
#5948=DIRECTION('',(0.,-0.992546151641322,0.121869343405145));
#5949=DIRECTION('center_axis',(0.,0.121869343405141,0.992546151641323));
#5950=DIRECTION('ref_axis',(-1.,0.,0.));
#5951=DIRECTION('center_axis',(0.,0.121869343405145,0.992546151641322));
#5952=DIRECTION('ref_axis',(-1.,0.,0.));
#5953=DIRECTION('',(0.,0.121869343405141,0.992546151641323));
#5954=DIRECTION('center_axis',(0.,0.121869343405145,0.992546151641322));
#5955=DIRECTION('ref_axis',(-1.,0.,0.));
#5956=DIRECTION('center_axis',(0.,0.992546151641323,-0.121869343405141));
#5957=DIRECTION('ref_axis',(-1.,0.,0.));
#5958=DIRECTION('',(-1.,0.,0.));
#5959=DIRECTION('',(0.,0.121869343405141,0.992546151641323));
#5960=DIRECTION('',(-1.,0.,0.));
#5961=DIRECTION('center_axis',(0.,0.121869343405141,0.992546151641323));
#5962=DIRECTION('ref_axis',(0.,0.992546151641323,-0.121869343405141));
#5963=DIRECTION('center_axis',(0.,0.121869343405145,0.992546151641322));
#5964=DIRECTION('ref_axis',(0.,0.992546151641323,-0.121869343405141));
#5965=DIRECTION('',(0.,0.121869343405141,0.992546151641323));
#5966=DIRECTION('center_axis',(0.,0.121869343405145,0.992546151641322));
#5967=DIRECTION('ref_axis',(0.,0.992546151641322,-0.121869343405145));
#5968=DIRECTION('center_axis',(1.,0.,0.));
#5969=DIRECTION('ref_axis',(0.,0.992546151641322,-0.121869343405145));
#5970=DIRECTION('',(0.,0.992546151641322,-0.121869343405145));
#5971=DIRECTION('',(0.,0.121869343405141,0.992546151641323));
#5972=DIRECTION('',(0.,0.992546151641322,-0.121869343405145));
#5973=DIRECTION('center_axis',(0.,0.121869343405141,0.992546151641323));
#5974=DIRECTION('ref_axis',(1.,0.,0.));
#5975=DIRECTION('center_axis',(0.,0.121869343405145,0.992546151641322));
#5976=DIRECTION('ref_axis',(1.,0.,0.));
#5977=DIRECTION('center_axis',(0.,0.121869343405145,0.992546151641322));
#5978=DIRECTION('ref_axis',(1.,0.,0.));
#5979=DIRECTION('center_axis',(0.,-0.121869343405145,-0.992546151641322));
#5980=DIRECTION('ref_axis',(1.,0.,0.));
#5981=DIRECTION('center_axis',(0.,-0.121869343405145,-0.992546151641322));
#5982=DIRECTION('ref_axis',(0.,0.992546151641322,-0.121869343405145));
#5983=DIRECTION('',(1.,0.,0.));
#5984=DIRECTION('center_axis',(-1.,0.,0.));
#5985=DIRECTION('ref_axis',(0.,-0.992546151641322,0.121869343405145));
#5986=DIRECTION('',(0.,-0.992546151641322,0.121869343405145));
#5987=DIRECTION('',(0.,0.121869343405141,0.992546151641323));
#5988=DIRECTION('',(0.,-0.992546151641322,0.121869343405145));
#5989=DIRECTION('',(0.,0.121869343405141,0.992546151641323));
#5990=DIRECTION('center_axis',(0.,0.121869343405141,0.992546151641323));
#5991=DIRECTION('ref_axis',(-1.,0.,0.));
#5992=DIRECTION('center_axis',(0.,0.121869343405145,0.992546151641322));
#5993=DIRECTION('ref_axis',(-1.,0.,0.));
#5994=DIRECTION('',(0.,0.121869343405141,0.992546151641323));
#5995=DIRECTION('center_axis',(0.,0.121869343405145,0.992546151641322));
#5996=DIRECTION('ref_axis',(-1.,0.,0.));
#5997=DIRECTION('center_axis',(0.,0.992546151641323,-0.121869343405141));
#5998=DIRECTION('ref_axis',(-1.,0.,0.));
#5999=DIRECTION('',(-1.,0.,0.));
#6000=DIRECTION('',(0.,0.121869343405141,0.992546151641323));
#6001=DIRECTION('',(-1.,0.,0.));
#6002=DIRECTION('center_axis',(0.,0.121869343405141,0.992546151641323));
#6003=DIRECTION('ref_axis',(0.,0.992546151641323,-0.121869343405141));
#6004=DIRECTION('center_axis',(0.,0.121869343405145,0.992546151641322));
#6005=DIRECTION('ref_axis',(0.,0.992546151641323,-0.121869343405141));
#6006=DIRECTION('',(0.,0.121869343405141,0.992546151641323));
#6007=DIRECTION('center_axis',(0.,0.121869343405145,0.992546151641322));
#6008=DIRECTION('ref_axis',(0.,0.992546151641322,-0.121869343405145));
#6009=DIRECTION('center_axis',(1.,0.,0.));
#6010=DIRECTION('ref_axis',(0.,0.992546151641322,-0.121869343405145));
#6011=DIRECTION('',(0.,0.992546151641322,-0.121869343405145));
#6012=DIRECTION('',(0.,0.121869343405141,0.992546151641323));
#6013=DIRECTION('',(0.,0.992546151641322,-0.121869343405145));
#6014=DIRECTION('center_axis',(0.,0.121869343405141,0.992546151641323));
#6015=DIRECTION('ref_axis',(1.,0.,0.));
#6016=DIRECTION('center_axis',(0.,0.121869343405145,0.992546151641322));
#6017=DIRECTION('ref_axis',(1.,0.,0.));
#6018=DIRECTION('',(0.,0.121869343405141,0.992546151641323));
#6019=DIRECTION('center_axis',(0.,0.121869343405145,0.992546151641322));
#6020=DIRECTION('ref_axis',(1.,0.,0.));
#6021=DIRECTION('center_axis',(0.,-0.992546151641323,0.121869343405141));
#6022=DIRECTION('ref_axis',(1.,0.,0.));
#6023=DIRECTION('',(1.,0.,0.));
#6024=DIRECTION('',(0.,0.121869343405141,0.992546151641323));
#6025=DIRECTION('',(1.,0.,0.));
#6026=DIRECTION('center_axis',(0.,0.121869343405141,0.992546151641323));
#6027=DIRECTION('ref_axis',(0.,-0.992546151641323,0.121869343405141));
#6028=DIRECTION('center_axis',(0.,0.121869343405145,0.992546151641322));
#6029=DIRECTION('ref_axis',(0.,-0.992546151641323,0.121869343405141));
#6030=DIRECTION('center_axis',(0.,0.121869343405145,0.992546151641322));
#6031=DIRECTION('ref_axis',(0.,-0.992546151641322,0.121869343405145));
#6032=DIRECTION('center_axis',(0.,-0.121869343405145,-0.992546151641322));
#6033=DIRECTION('ref_axis',(1.,0.,0.));
#6034=DIRECTION('center_axis',(0.,-0.121869343405145,-0.992546151641322));
#6035=DIRECTION('ref_axis',(0.,0.992546151641322,-0.121869343405145));
#6036=DIRECTION('',(1.,0.,0.));
#6037=DIRECTION('center_axis',(0.,0.992546151641322,-0.121869343405145));
#6038=DIRECTION('ref_axis',(-1.,0.,0.));
#6039=DIRECTION('',(0.,0.121869343405145,0.992546151641322));
#6040=DIRECTION('',(1.,0.,0.));
#6041=DIRECTION('',(0.,0.121869343405145,0.992546151641322));
#6042=DIRECTION('center_axis',(0.,0.121869343405145,0.992546151641322));
#6043=DIRECTION('ref_axis',(0.465788807228916,0.878300038780778,-0.107841684602699));
#6044=DIRECTION('',(0.,0.121869343405145,0.992546151641322));
#6045=DIRECTION('center_axis',(0.,0.,-1.));
#6046=DIRECTION('ref_axis',(-5.78522485041526E-15,1.,0.));
#6047=DIRECTION('center_axis',(0.,0.992546151641322,-0.121869343405145));
#6048=DIRECTION('ref_axis',(-1.,0.,0.));
#6049=DIRECTION('',(0.,0.121869343405145,0.992546151641322));
#6050=DIRECTION('',(1.,0.,0.));
#6051=DIRECTION('',(0.,0.121869343405145,0.992546151641322));
#6052=DIRECTION('center_axis',(0.,0.121869343405145,0.992546151641322));
#6053=DIRECTION('ref_axis',(0.465788807228916,0.878300038780778,-0.107841684602699));
#6054=DIRECTION('',(0.,0.121869343405145,0.992546151641322));
#6055=DIRECTION('center_axis',(0.,0.,-1.));
#6056=DIRECTION('ref_axis',(-5.78522485041526E-15,1.,0.));
#6057=DIRECTION('center_axis',(0.,0.992546151641322,-0.121869343405145));
#6058=DIRECTION('ref_axis',(-1.,0.,0.));
#6059=DIRECTION('',(0.,0.121869343405145,0.992546151641322));
#6060=DIRECTION('center_axis',(0.,0.121869343405145,0.992546151641322));
#6061=DIRECTION('ref_axis',(0.,0.992546151641322,-0.121869343405145));
#6062=DIRECTION('center_axis',(0.,0.992546151641322,-0.121869343405145));
#6063=DIRECTION('ref_axis',(-1.,0.,0.));
#6064=DIRECTION('',(0.,0.121869343405145,0.992546151641322));
#6065=DIRECTION('center_axis',(0.,0.121869343405145,0.992546151641322));
#6066=DIRECTION('ref_axis',(0.,0.992546151641322,-0.121869343405145));
#6067=DIRECTION('center_axis',(0.,-0.992546151641322,0.121869343405145));
#6068=DIRECTION('ref_axis',(1.,0.,0.));
#6069=DIRECTION('',(0.,0.121869343405145,0.992546151641322));
#6070=DIRECTION('',(-1.,0.,0.));
#6071=DIRECTION('center_axis',(0.,0.121869343405145,0.992546151641322));
#6072=DIRECTION('ref_axis',(0.,-0.992546151641322,0.121869343405145));
#6073=DIRECTION('center_axis',(0.,0.,-1.));
#6074=DIRECTION('ref_axis',(0.,-1.,0.));
#6075=DIRECTION('center_axis',(0.,-0.992546151641322,0.121869343405145));
#6076=DIRECTION('ref_axis',(1.,0.,0.));
#6077=DIRECTION('',(0.,0.121869343405145,0.992546151641322));
#6078=DIRECTION('',(-1.,0.,0.));
#6079=DIRECTION('center_axis',(0.,0.121869343405145,0.992546151641322));
#6080=DIRECTION('ref_axis',(0.,-0.992546151641322,0.121869343405145));
#6081=DIRECTION('center_axis',(0.,0.,-1.));
#6082=DIRECTION('ref_axis',(0.,-1.,0.));
#6083=DIRECTION('center_axis',(-4.40564692311571E-16,0.12186934340514,0.992546151641323));
#6084=DIRECTION('ref_axis',(0.707106781186545,0.701836114466193,-0.0861746391405269));
#6085=DIRECTION('center_axis',(0.,0.121869343405141,0.992546151641323));
#6086=DIRECTION('ref_axis',(1.,0.,0.));
#6087=DIRECTION('',(-4.40564692311571E-16,0.12186934340514,0.992546151641323));
#6088=DIRECTION('center_axis',(0.,-0.121869343405141,-0.992546151641323));
#6089=DIRECTION('ref_axis',(0.,0.992546151641323,-0.121869343405141));
#6090=DIRECTION('',(4.40564692311571E-16,-0.12186934340514,-0.992546151641323));
#6091=DIRECTION('center_axis',(0.,0.992546151641323,-0.12186934340514));
#6092=DIRECTION('ref_axis',(0.,0.121869343405137,0.992546151641323));
#6093=DIRECTION('center_axis',(-1.,0.,0.));
#6094=DIRECTION('ref_axis',(0.,0.992546151641323,-0.12186934340514));
#6095=DIRECTION('center_axis',(0.,-0.992546151641323,0.12186934340514));
#6096=DIRECTION('ref_axis',(-0.707106781186562,0.0861746391405244,0.701836114466176));
#6097=DIRECTION('center_axis',(0.,0.992546151641323,-0.12186934340514));
#6098=DIRECTION('ref_axis',(-0.707106781186562,0.0861746391405244,0.701836114466176));
#6099=DIRECTION('center_axis',(1.,0.,0.));
#6100=DIRECTION('ref_axis',(0.,0.615661475325652,-0.788010753606727));
#6101=DIRECTION('center_axis',(-1.,1.35302151044339E-16,1.10194759055529E-15));
#6102=DIRECTION('ref_axis',(0.,0.992546151641323,-0.121869343405142));
#6103=DIRECTION('',(-1.,0.,0.));
#6104=DIRECTION('',(1.,0.,0.));
#6105=DIRECTION('center_axis',(0.,0.992546151641323,-0.12186934340514));
#6106=DIRECTION('ref_axis',(0.,0.121869343405137,0.992546151641323));
#6107=DIRECTION('center_axis',(0.,0.121869343405139,0.992546151641323));
#6108=DIRECTION('ref_axis',(0.,0.992546151641323,-0.121869343405139));
#6109=DIRECTION('center_axis',(0.,-0.992546151641323,0.12186934340514));
#6110=DIRECTION('ref_axis',(0.707106781186562,0.0861746391405244,0.701836114466176));
#6111=DIRECTION('center_axis',(0.,0.992546151641323,-0.12186934340514));
#6112=DIRECTION('ref_axis',(0.707106781186562,0.0861746391405245,0.701836114466176));
#6113=DIRECTION('center_axis',(7.7617440494974E-16,-0.12186934340514,-0.992546151641323));
#6114=DIRECTION('ref_axis',(-0.707106781186551,0.701836114466187,-0.0861746391405276));
#6115=DIRECTION('center_axis',(0.,0.121869343405141,0.992546151641323));
#6116=DIRECTION('ref_axis',(0.,0.992546151641323,-0.121869343405141));
#6117=DIRECTION('',(-7.7617440494974E-16,0.12186934340514,0.992546151641323));
#6118=DIRECTION('',(7.7617440494974E-16,-0.12186934340514,-0.992546151641323));
#6119=DIRECTION('center_axis',(0.,0.992546151641323,-0.12186934340514));
#6120=DIRECTION('ref_axis',(0.,0.121869343405137,0.992546151641323));
#6121=DIRECTION('center_axis',(1.,-1.35302151044336E-16,-1.10194759055529E-15));
#6122=DIRECTION('ref_axis',(0.,0.992546151641323,-0.12186934340514));
#6123=DIRECTION('center_axis',(0.,-0.992546151641323,0.12186934340514));
#6124=DIRECTION('ref_axis',(0.707106781186532,-0.0861746391405281,-0.701836114466206));
#6125=DIRECTION('center_axis',(0.,0.992546151641323,-0.12186934340514));
#6126=DIRECTION('ref_axis',(0.707106781186533,-0.086174639140528,-0.701836114466206));
#6127=DIRECTION('center_axis',(-1.,7.79839487328329E-17,6.35128294301644E-16));
#6128=DIRECTION('ref_axis',(0.,0.78801075360672,0.61566147532566));
#6129=DIRECTION('center_axis',(1.,0.,0.));
#6130=DIRECTION('ref_axis',(0.,0.992546151641323,-0.12186934340514));
#6131=DIRECTION('',(1.,-7.79839487328329E-17,-6.35128294301644E-16));
#6132=DIRECTION('',(-1.,7.79839487328329E-17,6.35128294301644E-16));
#6133=DIRECTION('center_axis',(0.,0.992546151641323,-0.12186934340514));
#6134=DIRECTION('ref_axis',(-0.707106781057263,-0.0861746391562831,-0.701836114594512));
#6135=DIRECTION('center_axis',(0.,-0.992546151641323,0.12186934340514));
#6136=DIRECTION('ref_axis',(-0.707106781057247,-0.0861746391562841,-0.701836114594528));
#6137=DIRECTION('center_axis',(0.,0.992546151641323,-0.12186934340514));
#6138=DIRECTION('ref_axis',(-0.707106781057247,-0.086174639156284,-0.701836114594528));
#6139=DIRECTION('center_axis',(0.,0.992546151641322,-0.121869343405149));
#6140=DIRECTION('ref_axis',(1.,0.,0.));
#6141=DIRECTION('',(0.,0.992546151641322,-0.121869343405149));
#6142=DIRECTION('center_axis',(0.,0.992546151641322,-0.121869343405149));
#6143=DIRECTION('ref_axis',(1.,0.,0.));
#6144=DIRECTION('',(0.,0.992546151641322,-0.121869343405149));
#6145=DIRECTION('center_axis',(-6.39897996935825E-16,-0.121869343405149,
-0.992546151641322));
#6146=DIRECTION('ref_axis',(-1.,7.79839487328389E-17,6.35128294301643E-16));
#6147=DIRECTION('',(0.,0.992546151641322,-0.121869343405149));
#6148=DIRECTION('',(-1.,7.79839487328391E-17,6.35128294301643E-16));
#6149=DIRECTION('center_axis',(0.,0.992546151641322,-0.121869343405149));
#6150=DIRECTION('ref_axis',(1.,0.,0.));
#6151=DIRECTION('',(0.,0.992546151641322,-0.121869343405149));
#6152=DIRECTION('center_axis',(0.,0.992546151641322,-0.121869343405149));
#6153=DIRECTION('ref_axis',(1.,0.,0.));
#6154=DIRECTION('center_axis',(-1.,-5.36913297795025E-17,-4.37280789902893E-16));
#6155=DIRECTION('ref_axis',(-4.40564692311571E-16,0.121869343405149,0.992546151641322));
#6156=DIRECTION('',(0.,0.992546151641322,-0.121869343405149));
#6157=DIRECTION('',(-4.40564692311571E-16,0.121869343405149,0.992546151641322));
#6158=DIRECTION('center_axis',(0.,0.992546151641323,-0.12186934340514));
#6159=DIRECTION('ref_axis',(-1.,0.,0.));
#6160=DIRECTION('',(1.,0.,0.));
#6161=DIRECTION('',(1.98254111540207E-16,-0.12186934340514,-0.992546151641323));
#6162=DIRECTION('center_axis',(0.,-0.992546151641323,0.12186934340514));
#6163=DIRECTION('ref_axis',(-1.,-1.08241720835469E-16,-8.81558072444231E-16));
#6164=DIRECTION('',(-1.,0.,0.));
#6165=DIRECTION('center_axis',(0.,-0.992546151641323,0.12186934340514));
#6166=DIRECTION('ref_axis',(4.44089209850063E-16,0.12186934340514,0.992546151641323));
#6167=DIRECTION('',(0.,0.121869343405133,0.992546151641324));
#6168=DIRECTION('center_axis',(0.,0.992546151641322,-0.121869343405145));
#6169=DIRECTION('ref_axis',(-0.707106781186549,-0.0861746391405303,-0.701836114466189));
#6170=DIRECTION('',(0.,0.992546151641322,-0.121869343405145));
#6171=DIRECTION('center_axis',(0.,-0.992546151641321,0.121869343405153));
#6172=DIRECTION('ref_axis',(-1.,0.,0.));
#6173=DIRECTION('',(0.,-0.992546151641322,0.121869343405145));
#6174=DIRECTION('center_axis',(0.70710678118657,0.701836114466168,-0.0861746391405273));
#6175=DIRECTION('ref_axis',(0.707106781186525,-0.701836114466213,0.086174639140533));
#6176=DIRECTION('center_axis',(0.,-0.992546151641323,0.12186934340514));
#6177=DIRECTION('ref_axis',(0.,-0.121869343405139,-0.992546151641323));
#6178=DIRECTION('center_axis',(0.,-0.992546151641323,0.12186934340514));
#6179=DIRECTION('ref_axis',(-0.898096767336476,0.0535978818104153,0.436519717269689));
#6180=DIRECTION('center_axis',(0.,0.12186934340514,0.992546151641323));
#6181=DIRECTION('ref_axis',(1.,0.,0.));
#6182=DIRECTION('center_axis',(0.,0.992546151641323,-0.12186934340514));
#6183=DIRECTION('ref_axis',(-0.898096767336476,0.0535978818104153,0.436519717269689));
#6184=DIRECTION('center_axis',(0.,0.12186934340514,0.992546151641323));
#6185=DIRECTION('ref_axis',(-0.707106781186549,0.701836114466189,-0.0861746391405253));
#6186=DIRECTION('center_axis',(0.,0.12186934340514,0.992546151641323));
#6187=DIRECTION('ref_axis',(0.,0.992546151641323,-0.12186934340514));
#6188=DIRECTION('',(0.,0.12186934340514,0.992546151641323));
#6189=DIRECTION('center_axis',(0.,-0.12186934340514,-0.992546151641323));
#6190=DIRECTION('ref_axis',(-1.,0.,0.));
#6191=DIRECTION('',(0.,-0.12186934340514,-0.992546151641323));
#6192=DIRECTION('center_axis',(0.,-0.992546151641323,0.12186934340514));
#6193=DIRECTION('ref_axis',(0.,-0.121869343405139,-0.992546151641323));
#6194=DIRECTION('center_axis',(0.,0.992546151641323,-0.12186934340514));
#6195=DIRECTION('ref_axis',(0.898096767336476,0.0535978818104153,0.436519717269689));
#6196=DIRECTION('center_axis',(0.,-0.992546151641323,0.12186934340514));
#6197=DIRECTION('ref_axis',(0.898096767336476,0.0535978818104153,0.436519717269689));
#6198=DIRECTION('center_axis',(-6.43395070066671E-18,-0.999895043869392,
-0.0144879689890214));
#6199=DIRECTION('ref_axis',(4.39948672412629E-16,-0.0144879689890214,0.999895043869392));
#6200=DIRECTION('center_axis',(1.,0.,0.));
#6201=DIRECTION('ref_axis',(0.,-0.121869343405138,-0.992546151641323));
#6202=DIRECTION('center_axis',(0.,1.,0.));
#6203=DIRECTION('ref_axis',(4.40779036222115E-16,0.,1.));
#6204=DIRECTION('center_axis',(-1.,0.,0.));
#6205=DIRECTION('ref_axis',(0.,0.662620048215738,-0.748955720789001));
#6206=DIRECTION('center_axis',(1.,0.,9.32133838133737E-16));
#6207=DIRECTION('ref_axis',(9.25185853854297E-16,-0.121869343405138,-0.992546151641323));
#6208=DIRECTION('',(1.,0.,0.));
#6209=DIRECTION('',(-1.,0.,0.));
#6210=DIRECTION('center_axis',(0.,1.,0.));
#6211=DIRECTION('ref_axis',(-8.81558072444231E-16,0.,1.));
#6212=DIRECTION('center_axis',(1.28679014013334E-17,-0.999895043869392,
-0.0144879689890214));
#6213=DIRECTION('ref_axis',(-8.79897344825258E-16,-0.0144879689890214,0.999895043869392));
#6214=DIRECTION('center_axis',(1.98254111540207E-16,-0.12186934340514,-0.992546151641323));
#6215=DIRECTION('ref_axis',(0.707106781186549,0.701836114466189,-0.0861746391405253));
#6216=DIRECTION('center_axis',(0.,0.121869343405138,0.992546151641323));
#6217=DIRECTION('ref_axis',(1.,0.,0.));
#6218=DIRECTION('',(-1.98254111540207E-16,0.12186934340514,0.992546151641323));
#6219=DIRECTION('',(1.98254111540207E-16,-0.12186934340514,-0.992546151641323));
#6220=DIRECTION('center_axis',(-1.,-2.41610984007743E-17,-1.96776355456302E-16));
#6221=DIRECTION('ref_axis',(0.,0.615661475325662,-0.788010753606719));
#6222=DIRECTION('center_axis',(0.,0.992546151641323,-0.121869343405138));
#6223=DIRECTION('ref_axis',(1.,0.,0.));
#6224=DIRECTION('center_axis',(1.,2.41610984007743E-17,1.96776355456302E-16));
#6225=DIRECTION('ref_axis',(1.38777878078145E-16,0.615661475325663,-0.788010753606718));
#6226=DIRECTION('center_axis',(-1.,-2.41610984007743E-17,-1.96776355456302E-16));
#6227=DIRECTION('ref_axis',(1.40186826668195E-16,0.615661475325663,-0.788010753606718));
#6228=DIRECTION('center_axis',(-1.13706903916622E-30,-0.992546151641322,
0.121869343405145));
#6229=DIRECTION('ref_axis',(0.707106781186548,-0.0861746391405302,-0.70183611446619));
#6230=DIRECTION('',(1.13706903916622E-30,0.992546151641322,-0.121869343405145));
#6231=DIRECTION('',(-1.13706903916622E-30,-0.992546151641322,0.121869343405145));
#6232=DIRECTION('center_axis',(-0.707106781186544,0.701836114466194,-0.0861746391405317));
#6233=DIRECTION('ref_axis',(0.707106781186551,0.701836114466187,-0.0861746391405286));
#6234=DIRECTION('center_axis',(1.,0.,0.));
#6235=DIRECTION('ref_axis',(0.,0.,-1.));
#6236=DIRECTION('center_axis',(-1.,0.,0.));
#6237=DIRECTION('ref_axis',(0.,0.615661475325662,-0.788010753606719));
#6238=DIRECTION('center_axis',(1.,0.,0.));
#6239=DIRECTION('ref_axis',(0.,0.615661475325662,-0.788010753606719));
#6240=DIRECTION('center_axis',(1.,0.,0.));
#6241=DIRECTION('ref_axis',(0.,0.615661475325654,-0.788010753606725));
#6242=DIRECTION('',(-1.,0.,0.));
#6243=DIRECTION('center_axis',(1.,0.,0.));
#6244=DIRECTION('ref_axis',(0.,0.61566147532566,-0.788010753606721));
#6245=DIRECTION('',(-1.,0.,0.));
#6246=DIRECTION('',(1.,0.,0.));
#6247=DIRECTION('center_axis',(0.,-0.121869343405145,-0.992546151641322));
#6248=DIRECTION('ref_axis',(0.,0.992546151641322,-0.121869343405145));
#6249=DIRECTION('',(-1.,0.,0.));
#6250=DIRECTION('center_axis',(0.,0.121869343405145,0.992546151641322));
#6251=DIRECTION('ref_axis',(0.,0.992546151641322,-0.121869343405145));
#6252=DIRECTION('',(0.,0.992546151641322,-0.121869343405145));
#6253=DIRECTION('center_axis',(0.,0.121869343405145,0.992546151641322));
#6254=DIRECTION('ref_axis',(0.,-0.992546151641322,0.121869343405145));
#6255=DIRECTION('',(1.,0.,0.));
#6256=DIRECTION('center_axis',(0.,0.121869343405145,0.992546151641322));
#6257=DIRECTION('ref_axis',(0.,-0.992546151641322,0.121869343405145));
#6258=DIRECTION('',(0.,-0.992546151641322,0.121869343405145));
#6259=DIRECTION('center_axis',(0.,0.121869343405145,0.992546151641322));
#6260=DIRECTION('ref_axis',(0.,0.992546151641322,-0.121869343405145));
#6261=DIRECTION('center_axis',(1.,0.,0.));
#6262=DIRECTION('ref_axis',(0.,0.61566147532566,-0.788010753606721));
#6263=DIRECTION('',(1.,0.,0.));
#6264=DIRECTION('center_axis',(0.,-0.992546151641323,0.121869343405139));
#6265=DIRECTION('ref_axis',(-1.,-1.08241720835469E-16,-8.81558072444231E-16));
#6266=DIRECTION('',(0.,-0.992546151641323,0.121869343405139));
#6267=DIRECTION('',(0.,-0.992546151641323,0.121869343405139));
#6268=DIRECTION('center_axis',(0.,0.121869343405139,0.992546151641323));
#6269=DIRECTION('ref_axis',(-1.,0.,0.));
#6270=DIRECTION('',(0.,-0.992546151641323,0.121869343405139));
#6271=DIRECTION('center_axis',(0.,-0.992546151641323,0.121869343405139));
#6272=DIRECTION('ref_axis',(4.44089209850063E-16,0.121869343405139,0.992546151641323));
#6273=DIRECTION('',(0.,-0.992546151641323,0.121869343405139));
#6274=DIRECTION('center_axis',(0.,0.992546151641322,-0.121869343405145));
#6275=DIRECTION('ref_axis',(0.,-0.121869343405145,-0.992546151641322));
#6276=DIRECTION('center_axis',(0.,-0.0832039907295631,-0.996532536311121));
#6277=DIRECTION('ref_axis',(0.,0.996532536311121,-0.0832039907295631));
#6278=DIRECTION('center_axis',(0.,-0.992546151641322,0.121869343405145));
#6279=DIRECTION('ref_axis',(-0.707106781186546,-0.0861746391405305,-0.701836114466192));
#6280=DIRECTION('center_axis',(0.,0.992546151641322,-0.121869343405145));
#6281=DIRECTION('ref_axis',(0.,-0.121869343405145,-0.992546151641322));
#6282=DIRECTION('',(0.,0.992546151641322,-0.121869343405145));
#6283=DIRECTION('center_axis',(-1.,0.,0.));
#6284=DIRECTION('ref_axis',(0.,-0.121869343405145,-0.992546151641322));
#6285=DIRECTION('center_axis',(-1.77019738656114E-16,-0.0832039907295629,
-0.996532536311121));
#6286=DIRECTION('ref_axis',(0.,-0.996532536311121,0.0832039907295629));
#6287=DIRECTION('center_axis',(1.,0.,0.));
#6288=DIRECTION('ref_axis',(0.,-0.748955720789001,-0.662620048215738));
#6289=DIRECTION('center_axis',(-1.,0.,0.));
#6290=DIRECTION('ref_axis',(0.,-0.121869343405145,-0.992546151641322));
#6291=DIRECTION('',(-1.,0.,0.));
#6292=DIRECTION('center_axis',(0.,-0.992546151641322,0.121869343405145));
#6293=DIRECTION('ref_axis',(0.,-0.121869343405145,-0.992546151641322));
#6294=DIRECTION('center_axis',(-1.77019738656114E-16,-0.0832039907295629,
-0.996532536311121));
#6295=DIRECTION('ref_axis',(0.,-0.996532536311121,0.0832039907295629));
#6296=DIRECTION('center_axis',(0.,0.992546151641322,-0.121869343405145));
#6297=DIRECTION('ref_axis',(0.707106781186546,-0.0861746391405305,-0.701836114466192));
#6298=DIRECTION('center_axis',(0.,-0.992546151641322,0.121869343405145));
#6299=DIRECTION('ref_axis',(0.,-0.121869343405145,-0.992546151641322));
#6300=DIRECTION('',(0.,-0.992546151641322,0.121869343405145));
#6301=DIRECTION('center_axis',(0.,-0.0832039907295631,-0.996532536311121));
#6302=DIRECTION('ref_axis',(0.,0.996532536311121,-0.0832039907295631));
#6303=DIRECTION('center_axis',(0.,0.992546151641323,-0.12186934340514));
#6304=DIRECTION('ref_axis',(0.,0.12186934340514,0.992546151641323));
#6305=DIRECTION('center_axis',(0.,-0.992546151641323,0.12186934340514));
#6306=DIRECTION('ref_axis',(0.,0.12186934340514,0.992546151641323));
#6307=DIRECTION('',(1.,0.,0.));
#6308=DIRECTION('center_axis',(0.,0.,-1.));
#6309=DIRECTION('ref_axis',(-0.707106781186547,0.707106781186547,0.));
#6310=DIRECTION('',(0.,0.,1.));
#6311=DIRECTION('',(0.,0.,-1.));
#6312=DIRECTION('center_axis',(-1.,0.,0.));
#6313=DIRECTION('ref_axis',(0.,0.,1.));
#6314=DIRECTION('',(0.,0.,-1.));
#6315=DIRECTION('center_axis',(0.,0.,1.));
#6316=DIRECTION('ref_axis',(-0.707106781186547,-0.707106781186547,0.));
#6317=DIRECTION('',(0.,0.,1.));
#6318=DIRECTION('center_axis',(0.,-1.,0.));
#6319=DIRECTION('ref_axis',(0.,0.,-1.));
#6320=DIRECTION('',(0.,0.,-1.));
#6321=DIRECTION('',(0.70710678118654,0.,0.707106781186555));
#6322=DIRECTION('',(-1.,0.,0.));
#6323=DIRECTION('',(0.70710678118654,0.,-0.707106781186555));
#6324=DIRECTION('',(-1.,0.,0.));
#6325=DIRECTION('',(0.70710678118654,0.,0.707106781186555));
#6326=DIRECTION('',(-1.,0.,0.));
#6327=DIRECTION('',(0.70710678118654,0.,-0.707106781186555));
#6328=DIRECTION('',(-1.,0.,0.));
#6329=DIRECTION('',(0.70710678118654,0.,0.707106781186555));
#6330=DIRECTION('',(-1.,0.,0.));
#6331=DIRECTION('',(0.70710678118654,0.,-0.707106781186555));
#6332=DIRECTION('',(-1.,0.,0.));
#6333=DIRECTION('',(0.70710678118654,0.,0.707106781186555));
#6334=DIRECTION('',(-1.,0.,0.));
#6335=DIRECTION('',(0.70710678118654,0.,-0.707106781186555));
#6336=DIRECTION('center_axis',(0.,0.,-1.));
#6337=DIRECTION('ref_axis',(0.707106781186547,-0.707106781186547,0.));
#6338=DIRECTION('',(0.,0.,1.));
#6339=DIRECTION('center_axis',(1.,0.,0.));
#6340=DIRECTION('ref_axis',(0.,0.,-1.));
#6341=DIRECTION('',(0.,0.,-1.));
#6342=DIRECTION('center_axis',(0.,0.,1.));
#6343=DIRECTION('ref_axis',(0.707106781186547,0.707106781186547,0.));
#6344=DIRECTION('center_axis',(0.,-0.992546151641323,0.12186934340514));
#6345=DIRECTION('ref_axis',(0.,0.12186934340514,0.992546151641323));
#6346=DIRECTION('',(0.,0.,1.));
#6347=DIRECTION('center_axis',(0.,0.992546151641323,-0.12186934340514));
#6348=DIRECTION('ref_axis',(0.,0.12186934340514,0.992546151641323));
#6349=DIRECTION('',(1.,0.,0.));
#6350=DIRECTION('center_axis',(1.,0.,0.));
#6351=DIRECTION('ref_axis',(0.,0.121869343405133,0.992546151641324));
#6352=DIRECTION('center_axis',(-0.707106781186571,1.88879021229437E-15,
0.707106781186524));
#6353=DIRECTION('ref_axis',(0.707106781186524,0.,0.707106781186571));
#6354=DIRECTION('',(0.707106781186524,0.,0.707106781186571));
#6355=DIRECTION('',(1.54465812121761E-15,1.,-1.12649461348663E-15));
#6356=DIRECTION('',(-0.707106781186524,0.,-0.707106781186571));
#6357=DIRECTION('',(-1.54465812121761E-15,-1.,1.00132854532145E-15));
#6358=DIRECTION('center_axis',(0.,1.12649461348663E-15,1.));
#6359=DIRECTION('ref_axis',(0.,-1.,1.12649461348663E-15));
#6360=DIRECTION('',(1.,0.,0.));
#6361=DIRECTION('center_axis',(0.,1.12649461348663E-15,1.));
#6362=DIRECTION('ref_axis',(0.707106781186548,0.707106781186548,0.));
#6363=DIRECTION('',(0.,-1.,1.12649461348663E-15));
#6364=DIRECTION('center_axis',(0.,1.12649461348663E-15,1.));
#6365=DIRECTION('ref_axis',(-1.,0.,0.));
#6366=DIRECTION('',(0.,1.,-1.12649461348663E-15));
#6367=DIRECTION('center_axis',(0.,1.12649461348663E-15,1.));
#6368=DIRECTION('ref_axis',(-0.707106781186547,0.707106781186548,0.));
#6369=DIRECTION('',(1.,0.,0.));
#6370=DIRECTION('center_axis',(0.,1.12649461348663E-15,1.));
#6371=DIRECTION('ref_axis',(8.59519120633124E-15,1.,-1.12009225732862E-15));
#6372=DIRECTION('',(1.,0.,0.));
#6373=DIRECTION('center_axis',(0.,1.12649461348663E-15,1.));
#6374=DIRECTION('ref_axis',(-8.59519120633124E-15,1.,-1.12009225732862E-15));
#6375=DIRECTION('',(1.,0.,0.));
#6376=DIRECTION('',(0.,-1.,1.12649461348663E-15));
#6377=DIRECTION('',(1.,0.,0.));
#6378=DIRECTION('center_axis',(0.,-1.12649461348663E-15,-1.));
#6379=DIRECTION('ref_axis',(1.,0.,0.));
#6380=DIRECTION('center_axis',(0.,1.,0.));
#6381=DIRECTION('ref_axis',(1.,0.,0.));
#6382=DIRECTION('',(-1.,0.,0.));
#6383=DIRECTION('',(0.707106781186539,0.,-0.707106781186556));
#6384=DIRECTION('',(1.,0.,0.));
#6385=DIRECTION('',(0.70710678118654,0.,0.707106781186555));
#6386=DIRECTION('',(-1.,0.,0.));
#6387=DIRECTION('',(0.70710678118654,0.,-0.707106781186555));
#6388=DIRECTION('',(0.,0.,1.));
#6389=DIRECTION('',(1.,0.,0.));
#6390=DIRECTION('',(0.,0.,-1.));
#6391=DIRECTION('center_axis',(0.707106781186556,-9.10867741880071E-14,
0.707106781186539));
#6392=DIRECTION('ref_axis',(0.707106781186539,0.,-0.707106781186556));
#6393=DIRECTION('',(-0.707106781186539,0.,0.707106781186556));
#6394=DIRECTION('',(-1.2994264602298E-13,-1.,1.12649461348663E-15));
#6395=DIRECTION('',(1.2994264602298E-13,1.,-1.00132854532145E-15));
#6396=DIRECTION('center_axis',(0.,1.12649461348663E-15,1.));
#6397=DIRECTION('ref_axis',(0.,-1.,1.12649461348663E-15));
#6398=DIRECTION('',(1.,0.,0.));
#6399=DIRECTION('',(0.,1.,-1.12649461348663E-15));
#6400=DIRECTION('center_axis',(0.,1.12649461348663E-15,1.));
#6401=DIRECTION('ref_axis',(-1.,0.,0.));
#6402=DIRECTION('center_axis',(-0.707106781186555,7.96551980166506E-16,
0.70710678118654));
#6403=DIRECTION('ref_axis',(0.70710678118654,0.,0.707106781186555));
#6404=DIRECTION('',(0.,1.,-1.12649461348663E-15));
#6405=DIRECTION('',(-0.70710678118654,0.,-0.707106781186555));
#6406=DIRECTION('',(0.,-1.,1.00132854532145E-15));
#6407=DIRECTION('center_axis',(0.,-1.,0.));
#6408=DIRECTION('ref_axis',(-1.,0.,0.));
#6409=DIRECTION('',(-1.,0.,0.));
#6410=DIRECTION('',(0.,0.,1.));
#6411=DIRECTION('',(-1.,0.,0.));
#6412=DIRECTION('',(0.,0.,-1.));
#6413=DIRECTION('',(-0.70710678118654,0.,0.707106781186555));
#6414=DIRECTION('',(1.,0.,0.));
#6415=DIRECTION('',(-0.70710678118654,0.,-0.707106781186555));
#6416=DIRECTION('',(-1.,0.,0.));
#6417=DIRECTION('',(-0.70710678118654,0.,0.707106781186555));
#6418=DIRECTION('',(1.,0.,0.));
#6419=DIRECTION('center_axis',(0.707106781186555,7.96551980166506E-16,0.70710678118654));
#6420=DIRECTION('ref_axis',(0.70710678118654,0.,-0.707106781186555));
#6421=DIRECTION('',(0.,-1.,1.12649461348663E-15));
#6422=DIRECTION('',(0.,1.,-1.00132854532145E-15));
#6423=DIRECTION('center_axis',(0.,1.12649461348663E-15,1.));
#6424=DIRECTION('ref_axis',(0.,-1.,1.12649461348663E-15));
#6425=DIRECTION('',(0.,1.,-1.12649461348663E-15));
#6426=DIRECTION('center_axis',(0.,1.12649461348663E-15,1.));
#6427=DIRECTION('ref_axis',(-1.,0.,0.));
#6428=DIRECTION('center_axis',(-0.707106781186555,7.96551980166506E-16,
0.70710678118654));
#6429=DIRECTION('ref_axis',(0.70710678118654,0.,0.707106781186555));
#6430=DIRECTION('',(0.,-1.,1.00132854532145E-15));
#6431=DIRECTION('center_axis',(0.707106781186555,7.96551980166506E-16,0.70710678118654));
#6432=DIRECTION('ref_axis',(0.70710678118654,0.,-0.707106781186555));
#6433=DIRECTION('',(0.,1.,-1.00132854532145E-15));
#6434=DIRECTION('center_axis',(-0.707106781186555,7.96551980166506E-16,
0.70710678118654));
#6435=DIRECTION('ref_axis',(0.70710678118654,0.,0.707106781186555));
#6436=DIRECTION('',(0.,1.,-1.12649461348663E-15));
#6437=DIRECTION('',(-0.70710678118654,0.,-0.707106781186555));
#6438=DIRECTION('',(0.,-1.,1.00132854532145E-15));
#6439=DIRECTION('center_axis',(0.,1.12649461348663E-15,1.));
#6440=DIRECTION('ref_axis',(0.,-1.,1.12649461348663E-15));
#6441=DIRECTION('',(0.,-1.,1.12649461348663E-15));
#6442=DIRECTION('',(-1.,0.,0.));
#6443=DIRECTION('center_axis',(0.,1.12649461348663E-15,1.));
#6444=DIRECTION('ref_axis',(-1.,0.,0.));
#6445=DIRECTION('center_axis',(0.707106781186555,7.96551980166506E-16,0.70710678118654));
#6446=DIRECTION('ref_axis',(0.70710678118654,0.,-0.707106781186555));
#6447=DIRECTION('',(-0.70710678118654,0.,0.707106781186555));
#6448=DIRECTION('',(0.,-1.,1.12649461348663E-15));
#6449=DIRECTION('',(0.,1.,-1.00132854532145E-15));
#6450=DIRECTION('center_axis',(0.,1.12649461348663E-15,1.));
#6451=DIRECTION('ref_axis',(0.,-1.,1.12649461348663E-15));
#6452=DIRECTION('',(-1.,0.,0.));
#6453=DIRECTION('center_axis',(0.,1.12649461348663E-15,1.));
#6454=DIRECTION('ref_axis',(-0.707106781186546,-0.707106781186549,0.));
#6455=DIRECTION('',(0.,1.,-1.12649461348663E-15));
#6456=DIRECTION('center_axis',(0.,1.12649461348663E-15,1.));
#6457=DIRECTION('ref_axis',(1.,0.,0.));
#6458=DIRECTION('',(0.,-1.,1.12649461348663E-15));
#6459=DIRECTION('center_axis',(0.,1.12649461348663E-15,1.));
#6460=DIRECTION('ref_axis',(0.707106781186547,-0.707106781186548,0.));
#6461=DIRECTION('center_axis',(0.,-1.12649461348663E-15,-1.));
#6462=DIRECTION('ref_axis',(1.,0.,0.));
#6463=DIRECTION('center_axis',(0.,-1.,0.));
#6464=DIRECTION('ref_axis',(-1.,0.,0.));
#6465=DIRECTION('',(-0.70710678118654,0.,0.707106781186555));
#6466=DIRECTION('',(1.,0.,0.));
#6467=DIRECTION('',(-0.70710678118654,0.,-0.707106781186555));
#6468=DIRECTION('',(0.,0.,1.));
#6469=DIRECTION('',(-1.,0.,0.));
#6470=DIRECTION('',(0.,0.,-1.));
#6471=DIRECTION('',(1.,0.,0.));
#6472=DIRECTION('center_axis',(-0.707106781186555,7.96551980166506E-16,
0.70710678118654));
#6473=DIRECTION('ref_axis',(0.70710678118654,0.,0.707106781186555));
#6474=DIRECTION('',(0.,-1.,1.00132854532145E-15));
#6475=DIRECTION('center_axis',(0.707106781186555,7.96551980166506E-16,0.70710678118654));
#6476=DIRECTION('ref_axis',(0.70710678118654,0.,-0.707106781186555));
#6477=DIRECTION('',(0.,1.,-1.00132854532145E-15));
#6478=DIRECTION('center_axis',(-0.707106781186555,7.96551980166506E-16,
0.70710678118654));
#6479=DIRECTION('ref_axis',(0.70710678118654,0.,0.707106781186555));
#6480=DIRECTION('',(0.70710678118654,0.,0.707106781186555));
#6481=DIRECTION('',(0.,1.,-1.12649461348663E-15));
#6482=DIRECTION('',(-0.70710678118654,0.,-0.707106781186555));
#6483=DIRECTION('',(0.,-1.,1.00132854532145E-15));
#6484=DIRECTION('center_axis',(0.,1.12649461348663E-15,1.));
#6485=DIRECTION('ref_axis',(0.,-1.,1.12649461348663E-15));
#6486=DIRECTION('',(1.,0.,0.));
#6487=DIRECTION('',(0.,-1.,1.12649461348663E-15));
#6488=DIRECTION('',(1.,0.,0.));
#6489=DIRECTION('center_axis',(0.,1.12649461348663E-15,1.));
#6490=DIRECTION('ref_axis',(-1.,0.,0.));
#6491=DIRECTION('center_axis',(0.,1.,0.));
#6492=DIRECTION('ref_axis',(1.,0.,0.));
#6493=DIRECTION('',(-1.,0.,0.));
#6494=DIRECTION('',(0.70710678118654,0.,-0.707106781186555));
#6495=DIRECTION('center_axis',(0.,-1.,0.));
#6496=DIRECTION('ref_axis',(-1.12751792536956E-17,0.,-1.));
#6497=DIRECTION('',(1.,0.,0.));
#6498=DIRECTION('',(0.,0.,-1.));
#6499=DIRECTION('',(0.70710678118654,0.,0.707106781186555));
#6500=DIRECTION('',(-1.,0.,0.));
#6501=DIRECTION('',(0.70710678118654,0.,-0.707106781186555));
#6502=DIRECTION('center_axis',(0.707106781186555,7.96551980166506E-16,0.70710678118654));
#6503=DIRECTION('ref_axis',(0.70710678118654,0.,-0.707106781186555));
#6504=DIRECTION('',(-0.70710678118654,0.,0.707106781186555));
#6505=DIRECTION('',(0.,1.,-1.00132854532145E-15));
#6506=DIRECTION('center_axis',(-0.707106781186555,7.96551980166506E-16,
0.70710678118654));
#6507=DIRECTION('ref_axis',(0.70710678118654,0.,0.707106781186555));
#6508=DIRECTION('',(-0.70710678118654,0.,-0.707106781186555));
#6509=DIRECTION('',(0.,-1.,1.00132854532145E-15));
#6510=DIRECTION('center_axis',(0.707106781186555,7.96551980166506E-16,0.70710678118654));
#6511=DIRECTION('ref_axis',(0.70710678118654,0.,-0.707106781186555));
#6512=DIRECTION('',(-0.70710678118654,0.,0.707106781186555));
#6513=DIRECTION('',(0.,1.,-1.00132854532145E-15));
#6514=DIRECTION('center_axis',(-0.707106781186555,7.96551980166506E-16,
0.70710678118654));
#6515=DIRECTION('ref_axis',(0.70710678118654,0.,0.707106781186555));
#6516=DIRECTION('',(-0.70710678118654,0.,-0.707106781186555));
#6517=DIRECTION('',(0.,-1.,1.00132854532145E-15));
#6518=DIRECTION('center_axis',(0.707106781186555,7.96551980166506E-16,0.70710678118654));
#6519=DIRECTION('ref_axis',(0.70710678118654,0.,-0.707106781186555));
#6520=DIRECTION('',(-0.70710678118654,0.,0.707106781186555));
#6521=DIRECTION('',(0.,1.,-1.00132854532145E-15));
#6522=DIRECTION('center_axis',(0.,0.,1.));
#6523=DIRECTION('ref_axis',(-1.,0.,0.));
#6524=DIRECTION('',(-0.7071067811862,-8.65956056235068E-17,-0.707106781186895));
#6525=DIRECTION('center_axis',(0.,-1.00132854532145E-15,-1.));
#6526=DIRECTION('ref_axis',(-1.,0.,0.));
#6527=DIRECTION('center_axis',(0.,0.,1.));
#6528=DIRECTION('ref_axis',(-1.,0.,0.));
#6529=DIRECTION('',(-0.707106781186526,-8.65956056235467E-17,-0.707106781186569));
#6530=DIRECTION('center_axis',(0.,-1.00132854532145E-15,-1.));
#6531=DIRECTION('ref_axis',(-1.,0.,0.));
#6532=DIRECTION('center_axis',(0.,0.,1.));
#6533=DIRECTION('ref_axis',(-1.,0.,0.));
#6534=DIRECTION('',(-0.7071067811862,-8.65956056235068E-17,-0.707106781186895));
#6535=DIRECTION('center_axis',(0.,-1.00132854532145E-15,-1.));
#6536=DIRECTION('ref_axis',(-1.,0.,0.));
#6537=DIRECTION('center_axis',(0.,0.,1.));
#6538=DIRECTION('ref_axis',(-1.,0.,0.));
#6539=DIRECTION('',(-0.707106781186526,-8.65956056235467E-17,-0.707106781186569));
#6540=DIRECTION('center_axis',(0.,-1.00132854532145E-15,-1.));
#6541=DIRECTION('ref_axis',(-1.,0.,0.));
#6542=DIRECTION('center_axis',(-1.,-2.41610984007743E-17,-1.96776355456302E-16));
#6543=DIRECTION('ref_axis',(1.98254111540207E-16,-0.12186934340514,-0.992546151641323));
#6544=DIRECTION('center_axis',(0.,0.992546151641322,-0.121869343405149));
#6545=DIRECTION('ref_axis',(1.,0.,0.));
#6546=DIRECTION('',(0.,0.992546151641322,-0.121869343405149));
#6547=DIRECTION('center_axis',(0.,0.992546151641322,-0.121869343405149));
#6548=DIRECTION('ref_axis',(1.,0.,0.));
#6549=DIRECTION('center_axis',(0.,0.121869343405149,0.992546151641322));
#6550=DIRECTION('ref_axis',(1.,0.,0.));
#6551=DIRECTION('',(0.,0.992546151641322,-0.121869343405149));
#6552=DIRECTION('',(1.,0.,0.));
#6553=DIRECTION('center_axis',(0.,0.992546151641322,-0.121869343405149));
#6554=DIRECTION('ref_axis',(1.,0.,0.));
#6555=DIRECTION('',(0.,0.992546151641322,-0.121869343405149));
#6556=DIRECTION('center_axis',(0.,0.992546151641322,-0.121869343405149));
#6557=DIRECTION('ref_axis',(1.,0.,0.));
#6558=DIRECTION('center_axis',(1.,9.45918650991069E-17,7.70388918635358E-16));
#6559=DIRECTION('ref_axis',(7.7617440494974E-16,-0.121869343405149,-0.992546151641322));
#6560=DIRECTION('',(7.7617440494974E-16,-0.121869343405149,-0.992546151641322));
#6561=DIRECTION('center_axis',(-1.,0.,0.));
#6562=DIRECTION('ref_axis',(0.,-0.382683432365091,-0.923879532511287));
#6563=DIRECTION('center_axis',(-1.,0.,0.));
#6564=DIRECTION('ref_axis',(0.,-0.382683432365091,-0.923879532511287));
#6565=DIRECTION('',(-1.,0.,0.));
#6566=DIRECTION('center_axis',(-1.,0.,0.));
#6567=DIRECTION('ref_axis',(0.,-0.382683432365091,-0.923879532511287));
#6568=DIRECTION('',(1.,0.,0.));
#6569=DIRECTION('center_axis',(1.,0.,0.));
#6570=DIRECTION('ref_axis',(0.,0.,-1.));
#6571=DIRECTION('',(0.,0.788010753606722,-0.615661475325659));
#6572=DIRECTION('',(0.,-1.,0.));
#6573=DIRECTION('',(0.,0.121869343405149,0.992546151641322));
#6574=DIRECTION('',(0.,-0.992546151641322,0.121869343405147));
#6575=DIRECTION('',(0.,0.121869343405145,0.992546151641322));
#6576=DIRECTION('',(0.,0.992546151641322,-0.121869343405147));
#6577=DIRECTION('',(0.,-0.121869343405147,-0.992546151641322));
#6578=DIRECTION('',(0.,-0.992546151641322,0.121869343405147));
#6579=DIRECTION('center_axis',(0.,-0.615661475325659,-0.788010753606722));
#6580=DIRECTION('ref_axis',(0.,0.788010753606722,-0.615661475325659));
#6581=DIRECTION('',(0.,0.788010753606722,-0.615661475325659));
#6582=DIRECTION('',(1.,0.,0.));
#6583=DIRECTION('',(0.,-0.788010753606722,0.615661475325659));
#6584=DIRECTION('',(1.,0.,0.));
#6585=DIRECTION('',(0.,-0.788010753606722,0.615661475325659));
#6586=DIRECTION('center_axis',(0.,-0.615661475325659,-0.788010753606722));
#6587=DIRECTION('ref_axis',(-4.27200965800774E-17,-0.788010753606722,0.615661475325659));
#6588=DIRECTION('',(-1.,0.,0.));
#6589=DIRECTION('center_axis',(0.,-0.615661475325659,-0.788010753606722));
#6590=DIRECTION('ref_axis',(-4.27200965800774E-17,-0.788010753606722,0.615661475325659));
#6591=DIRECTION('center_axis',(-1.,0.,0.));
#6592=DIRECTION('ref_axis',(0.,-0.382683432365089,-0.923879532511287));
#6593=DIRECTION('center_axis',(1.,0.,0.));
#6594=DIRECTION('ref_axis',(0.,-0.382683432365089,-0.923879532511287));
#6595=DIRECTION('center_axis',(1.,0.,0.));
#6596=DIRECTION('ref_axis',(0.,-0.382683432365089,-0.923879532511287));
#6597=DIRECTION('',(-1.,0.,0.));
#6598=DIRECTION('center_axis',(-1.,0.,0.));
#6599=DIRECTION('ref_axis',(0.,-0.38268343236509,-0.923879532511287));
#6600=DIRECTION('center_axis',(1.,0.,0.));
#6601=DIRECTION('ref_axis',(0.,-0.38268343236509,-0.923879532511287));
#6602=DIRECTION('center_axis',(-1.,0.,0.));
#6603=DIRECTION('ref_axis',(0.,-0.38268343236509,-0.923879532511287));
#6604=DIRECTION('',(-1.,0.,0.));
#6605=DIRECTION('center_axis',(1.,0.,0.));
#6606=DIRECTION('ref_axis',(0.,0.992546151641322,-0.121869343405147));
#6607=DIRECTION('',(0.,-0.992546151641322,0.121869343405147));
#6608=DIRECTION('',(0.,0.121869343405147,0.992546151641322));
#6609=DIRECTION('',(0.,0.992546151641322,-0.121869343405147));
#6610=DIRECTION('center_axis',(0.,-0.121869343405147,-0.992546151641322));
#6611=DIRECTION('ref_axis',(0.,0.992546151641322,-0.121869343405147));
#6612=DIRECTION('',(0.,0.992546151641322,-0.121869343405147));
#6613=DIRECTION('center_axis',(0.,-0.121869343405147,-0.992546151641322));
#6614=DIRECTION('ref_axis',(-1.,0.,0.));
#6615=DIRECTION('center_axis',(0.,0.121869343405147,0.992546151641322));
#6616=DIRECTION('ref_axis',(0.707106781186547,-0.70183611446619,0.086174639140531));
#6617=DIRECTION('center_axis',(0.,0.121869343405147,0.992546151641322));
#6618=DIRECTION('ref_axis',(0.707106781186548,0.70183611446619,-0.0861746391405311));
#6619=DIRECTION('center_axis',(0.,-0.121869343405147,-0.992546151641322));
#6620=DIRECTION('ref_axis',(-1.,0.,0.));
#6621=DIRECTION('center_axis',(0.,0.121869343405147,0.992546151641322));
#6622=DIRECTION('ref_axis',(0.707106781186547,0.701836114466191,-0.0861746391405334));
#6623=DIRECTION('',(1.,0.,0.));
#6624=DIRECTION('center_axis',(0.,0.121869343405147,0.992546151641322));
#6625=DIRECTION('ref_axis',(-0.707106781186547,0.701836114466191,-0.0861746391405322));
#6626=DIRECTION('center_axis',(0.,-0.121869343405147,-0.992546151641322));
#6627=DIRECTION('ref_axis',(-1.,0.,0.));
#6628=DIRECTION('center_axis',(0.,0.121869343405147,0.992546151641322));
#6629=DIRECTION('ref_axis',(0.707106781186548,0.70183611446619,-0.0861746391405336));
#6630=DIRECTION('',(1.,0.,0.));
#6631=DIRECTION('center_axis',(0.,0.121869343405147,0.992546151641322));
#6632=DIRECTION('ref_axis',(-0.707106781186547,0.701836114466191,-0.0861746391405322));
#6633=DIRECTION('center_axis',(0.,-0.121869343405147,-0.992546151641322));
#6634=DIRECTION('ref_axis',(-1.,0.,0.));
#6635=DIRECTION('center_axis',(0.,0.121869343405147,0.992546151641322));
#6636=DIRECTION('ref_axis',(-0.707106781186548,0.70183611446619,-0.0861746391405298));
#6637=DIRECTION('',(0.,-0.992546151641322,0.121869343405147));
#6638=DIRECTION('center_axis',(0.,0.121869343405147,0.992546151641322));
#6639=DIRECTION('ref_axis',(-0.707106781186547,-0.701836114466191,0.0861746391405297));
#6640=DIRECTION('center_axis',(0.,-0.121869343405147,-0.992546151641322));
#6641=DIRECTION('ref_axis',(-1.,0.,0.));
#6642=DIRECTION('center_axis',(0.,0.121869343405147,0.992546151641322));
#6643=DIRECTION('ref_axis',(-0.707106781186548,0.70183611446619,-0.0861746391405311));
#6644=DIRECTION('',(0.,-0.992546151641322,0.121869343405147));
#6645=DIRECTION('center_axis',(0.,0.121869343405147,0.992546151641322));
#6646=DIRECTION('ref_axis',(-0.707106781186547,-0.701836114466191,0.086174639140531));
#6647=DIRECTION('center_axis',(0.,-0.121869343405147,-0.992546151641322));
#6648=DIRECTION('ref_axis',(-1.,0.,0.));
#6649=DIRECTION('center_axis',(0.,1.,0.));
#6650=DIRECTION('ref_axis',(0.707106781186544,0.,0.707106781186551));
#6651=DIRECTION('center_axis',(0.,-1.,0.));
#6652=DIRECTION('ref_axis',(1.,0.,0.));
#6653=DIRECTION('',(0.,-1.,0.));
#6654=DIRECTION('',(0.,1.,0.));
#6655=DIRECTION('center_axis',(0.,0.,1.));
#6656=DIRECTION('ref_axis',(6.3361986456929E-15,1.,0.));
#6657=DIRECTION('center_axis',(1.28502689197055E-16,0.0241135276326651,
-0.999709226617975));
#6658=DIRECTION('ref_axis',(6.15084154366976E-15,0.999709226617974,0.0241135276326651));
#6659=DIRECTION('center_axis',(4.48664643125175E-17,0.999795836744568,-0.0202060591959285));
#6660=DIRECTION('ref_axis',(0.,-0.0202060591959285,-0.999795836744568));
#6661=DIRECTION('center_axis',(0.,-1.,0.));
#6662=DIRECTION('ref_axis',(1.12751792536956E-17,0.,-1.));
#6663=DIRECTION('center_axis',(0.,-0.121869343405149,-0.992546151641322));
#6664=DIRECTION('ref_axis',(-0.707106781186547,0.701836114466191,-0.0861746391405334));
#6665=DIRECTION('',(0.,-0.121869343405149,-0.992546151641322));
#6666=DIRECTION('center_axis',(0.,0.121869343405147,0.992546151641322));
#6667=DIRECTION('ref_axis',(-0.707106781186547,0.701836114466191,-0.0861746391405334));
#6668=DIRECTION('',(0.,0.121869343405149,0.992546151641322));
#6669=DIRECTION('center_axis',(-1.,0.,0.));
#6670=DIRECTION('ref_axis',(0.,0.,1.));
#6671=DIRECTION('',(0.,0.992546151641322,-0.121869343405147));
#6672=DIRECTION('',(0.,0.121869343405147,0.992546151641322));
#6673=DIRECTION('',(0.,-0.121869343405145,-0.992546151641322));
#6674=DIRECTION('',(0.,0.992546151641322,-0.121869343405147));
#6675=DIRECTION('',(0.,0.121869343405145,0.992546151641322));
#6676=DIRECTION('',(0.,-0.121869343405145,-0.992546151641322));
#6677=DIRECTION('',(0.,0.992546151641322,-0.121869343405147));
#6678=DIRECTION('center_axis',(-4.48664643125175E-17,0.999795836744568,
-0.0202060591959285));
#6679=DIRECTION('ref_axis',(0.,-0.0202060591959285,-0.999795836744568));
#6680=DIRECTION('center_axis',(-1.28502689197055E-16,0.0241135276326651,
-0.999709226617975));
#6681=DIRECTION('ref_axis',(-7.02953319276544E-15,0.999709226617974,0.0241135276326651));
#6682=DIRECTION('center_axis',(8.88178419700128E-15,1.,0.));
#6683=DIRECTION('ref_axis',(-1.,8.88178419700128E-15,-4.44089209850064E-15));
#6684=DIRECTION('center_axis',(0.,0.,1.));
#6685=DIRECTION('ref_axis',(-6.3361986456929E-15,1.,0.));
#6686=DIRECTION('center_axis',(0.,-1.,0.));
#6687=DIRECTION('ref_axis',(-0.707106781186551,0.,0.707106781186544));
#6688=DIRECTION('',(0.,1.,0.));
#6689=DIRECTION('center_axis',(0.,0.,1.));
#6690=DIRECTION('ref_axis',(1.,0.,0.));
#6691=DIRECTION('',(1.,0.,0.));
#6692=DIRECTION('center_axis',(0.,0.,1.));
#6693=DIRECTION('ref_axis',(-0.707106781186547,0.707106781186548,0.));
#6694=DIRECTION('',(0.,1.,0.));
#6695=DIRECTION('center_axis',(0.,0.,1.));
#6696=DIRECTION('ref_axis',(-1.,0.,0.));
#6697=DIRECTION('',(0.,-1.,0.));
#6698=DIRECTION('center_axis',(0.,0.,1.));
#6699=DIRECTION('ref_axis',(0.707106781186548,0.707106781186548,0.));
#6700=DIRECTION('center_axis',(0.,0.,1.));
#6701=DIRECTION('ref_axis',(-0.707106781186546,0.707106781186549,0.));
#6702=DIRECTION('',(0.,1.,0.));
#6703=DIRECTION('center_axis',(0.,0.,1.));
#6704=DIRECTION('ref_axis',(-1.,0.,0.));
#6705=DIRECTION('',(8.61533067109119E-13,-1.,0.));
#6706=DIRECTION('center_axis',(0.,0.,1.));
#6707=DIRECTION('ref_axis',(0.707106781186241,0.707106781186854,0.));
#6708=DIRECTION('',(1.,0.,0.));
#6709=DIRECTION('center_axis',(0.,0.,1.));
#6710=DIRECTION('ref_axis',(-0.707106781186546,0.707106781186549,0.));
#6711=DIRECTION('',(0.,1.,0.));
#6712=DIRECTION('center_axis',(0.,0.,1.));
#6713=DIRECTION('ref_axis',(-0.707106781186552,-0.707106781186543,0.));
#6714=DIRECTION('',(-1.,0.,0.));
#6715=DIRECTION('center_axis',(0.,0.,1.));
#6716=DIRECTION('ref_axis',(0.707106781186546,-0.707106781186549,0.));
#6717=DIRECTION('',(0.,-1.,0.));
#6718=DIRECTION('center_axis',(0.,0.,1.));
#6719=DIRECTION('ref_axis',(0.999999999999327,-1.16036483710424E-6,0.));
#6720=DIRECTION('',(0.,1.,0.));
#6721=DIRECTION('center_axis',(0.,0.,1.));
#6722=DIRECTION('ref_axis',(-0.707106781186546,-0.707106781186549,0.));
#6723=DIRECTION('center_axis',(0.,0.,1.));
#6724=DIRECTION('ref_axis',(0.707106781186547,-0.707106781186548,0.));
#6725=DIRECTION('',(0.,-1.,0.));
#6726=DIRECTION('center_axis',(0.,0.,1.));
#6727=DIRECTION('ref_axis',(1.,0.,0.));
#6728=DIRECTION('',(0.,1.,0.));
#6729=DIRECTION('center_axis',(0.,0.,1.));
#6730=DIRECTION('ref_axis',(-0.707106781186546,-0.707106781186549,0.));
#6731=DIRECTION('center_axis',(0.,0.,1.));
#6732=DIRECTION('ref_axis',(0.707106781186546,-0.707106781186549,0.));
#6733=DIRECTION('',(0.,-1.,0.));
#6734=DIRECTION('center_axis',(0.,0.,1.));
#6735=DIRECTION('ref_axis',(0.999999999999625,8.65918170944399E-7,0.));
#6736=DIRECTION('',(0.,1.,0.));
#6737=DIRECTION('center_axis',(0.,0.,1.));
#6738=DIRECTION('ref_axis',(-0.707106781186552,-0.707106781186543,0.));
#6739=DIRECTION('',(-1.,0.,0.));
#6740=DIRECTION('center_axis',(0.,0.,1.));
#6741=DIRECTION('ref_axis',(0.707106781186546,-0.707106781186549,0.));
#6742=DIRECTION('',(2.30098036191742E-16,-1.,0.));
#6743=DIRECTION('center_axis',(0.,0.,1.));
#6744=DIRECTION('ref_axis',(0.707106781186546,0.707106781186549,0.));
#6745=DIRECTION('',(1.,0.,0.));
#6746=DIRECTION('center_axis',(0.,0.,1.));
#6747=DIRECTION('ref_axis',(-0.707106781186546,0.707106781186549,0.));
#6748=DIRECTION('',(0.,1.,0.));
#6749=DIRECTION('center_axis',(0.,0.,1.));
#6750=DIRECTION('ref_axis',(-0.999999999999631,8.59561430032978E-7,0.));
#6751=DIRECTION('',(0.,-1.,0.));
#6752=DIRECTION('center_axis',(0.,0.,1.));
#6753=DIRECTION('ref_axis',(0.707106781186546,0.707106781186549,0.));
#6754=DIRECTION('center_axis',(0.,0.121869343405149,0.992546151641322));
#6755=DIRECTION('ref_axis',(0.707106781186547,0.701836114466191,-0.0861746391405334));
#6756=DIRECTION('',(0.,-0.121869343405149,-0.992546151641322));
#6757=DIRECTION('center_axis',(0.,0.121869343405147,0.992546151641322));
#6758=DIRECTION('ref_axis',(0.707106781186547,0.701836114466191,-0.0861746391405334));
#6759=DIRECTION('center_axis',(0.,0.121869343405147,0.992546151641322));
#6760=DIRECTION('ref_axis',(-1.,0.,0.));
#6761=DIRECTION('',(1.,0.,0.));
#6762=DIRECTION('center_axis',(0.,0.121869343405147,0.992546151641322));
#6763=DIRECTION('ref_axis',(0.707106781186547,0.701836114466191,-0.0861746391405334));
#6764=DIRECTION('center_axis',(0.,0.121869343405147,0.992546151641322));
#6765=DIRECTION('ref_axis',(-1.,0.,0.));
#6766=DIRECTION('center_axis',(0.,0.121869343405147,0.992546151641322));
#6767=DIRECTION('ref_axis',(0.707106781186548,0.70183611446619,-0.0861746391405311));
#6768=DIRECTION('center_axis',(0.,-0.121869343405147,-0.992546151641322));
#6769=DIRECTION('ref_axis',(1.,0.,0.));
#6770=DIRECTION('center_axis',(0.,0.992546151641322,-0.121869343405149));
#6771=DIRECTION('ref_axis',(0.,0.121869343405149,0.992546151641322));
#6772=DIRECTION('',(1.,0.,0.));
#6773=DIRECTION('',(0.,0.121869343405149,0.992546151641322));
#6774=DIRECTION('',(0.,-0.121869343405149,-0.992546151641322));
#6775=DIRECTION('',(1.,0.,0.));
#6776=DIRECTION('',(0.,0.121869343405149,0.992546151641322));
#6777=DIRECTION('',(0.,-0.121869343405149,-0.992546151641322));
#6778=DIRECTION('center_axis',(0.,0.121869343405147,0.992546151641322));
#6779=DIRECTION('ref_axis',(-1.,0.,0.));
#6780=DIRECTION('center_axis',(0.,0.121869343405147,0.992546151641322));
#6781=DIRECTION('ref_axis',(-0.707106781186548,0.70183611446619,-0.0861746391405298));
#6782=DIRECTION('center_axis',(0.,0.121869343405147,0.992546151641322));
#6783=DIRECTION('ref_axis',(-1.,0.,0.));
#6784=DIRECTION('center_axis',(0.,0.121869343405147,0.992546151641322));
#6785=DIRECTION('ref_axis',(-0.707106781186547,0.701836114466191,-0.0861746391405322));
#6786=DIRECTION('center_axis',(0.,-0.121869343405147,-0.992546151641322));
#6787=DIRECTION('ref_axis',(1.,0.,0.));
#6788=DIRECTION('center_axis',(0.,-0.121869343405145,-0.992546151641322));
#6789=DIRECTION('ref_axis',(-0.707106781186547,-0.701836114466191,0.0861746391405297));
#6790=DIRECTION('center_axis',(0.,0.121869343405147,0.992546151641322));
#6791=DIRECTION('ref_axis',(-0.707106781186547,-0.701836114466191,0.0861746391405297));
#6792=DIRECTION('',(0.,0.121869343405145,0.992546151641322));
#6793=DIRECTION('center_axis',(0.,0.121869343405149,0.992546151641322));
#6794=DIRECTION('ref_axis',(0.707106781186547,0.701836114466191,-0.0861746391405334));
#6795=DIRECTION('',(0.,0.121869343405145,0.992546151641322));
#6796=DIRECTION('center_axis',(0.,-0.121869343405145,-0.992546151641322));
#6797=DIRECTION('ref_axis',(0.707106781186548,0.70183611446619,-0.0861746391405311));
#6798=DIRECTION('',(0.,0.121869343405145,0.992546151641322));
#6799=DIRECTION('center_axis',(0.,0.121869343405147,0.992546151641322));
#6800=DIRECTION('ref_axis',(0.707106781186547,-0.70183611446619,0.086174639140531));
#6801=DIRECTION('',(0.,0.121869343405147,0.992546151641322));
#6802=DIRECTION('center_axis',(0.,0.121869343405147,0.992546151641322));
#6803=DIRECTION('ref_axis',(0.707106781186547,-0.70183611446619,0.086174639140531));
#6804=DIRECTION('center_axis',(0.,-0.121869343405147,-0.992546151641322));
#6805=DIRECTION('ref_axis',(-0.707106781186547,-0.701836114466191,0.086174639140531));
#6806=DIRECTION('center_axis',(0.,0.121869343405147,0.992546151641322));
#6807=DIRECTION('ref_axis',(-0.707106781186547,-0.701836114466191,0.086174639140531));
#6808=DIRECTION('',(0.,0.121869343405147,0.992546151641322));
#6809=DIRECTION('center_axis',(0.,0.121869343405145,0.992546151641322));
#6810=DIRECTION('ref_axis',(-0.707106781186548,0.70183611446619,-0.0861746391405311));
#6811=DIRECTION('',(0.,0.121869343405145,0.992546151641322));
#6812=DIRECTION('center_axis',(0.,0.121869343405147,0.992546151641322));
#6813=DIRECTION('ref_axis',(-0.707106781186548,0.70183611446619,-0.0861746391405311));
#6814=DIRECTION('center_axis',(0.,0.121869343405149,0.992546151641322));
#6815=DIRECTION('ref_axis',(0.707106781186548,0.70183611446619,-0.0861746391405336));
#6816=DIRECTION('',(0.,0.121869343405145,0.992546151641322));
#6817=DIRECTION('center_axis',(0.,0.121869343405147,0.992546151641322));
#6818=DIRECTION('ref_axis',(0.707106781186548,0.70183611446619,-0.0861746391405336));
#6819=DIRECTION('center_axis',(0.,-0.121869343405149,-0.992546151641322));
#6820=DIRECTION('ref_axis',(-0.707106781186547,0.701836114466191,-0.0861746391405322));
#6821=DIRECTION('center_axis',(0.,0.121869343405147,0.992546151641322));
#6822=DIRECTION('ref_axis',(-0.707106781186547,0.701836114466191,-0.0861746391405322));
#6823=DIRECTION('',(0.,0.121869343405145,0.992546151641322));
#6824=DIRECTION('center_axis',(0.,-0.121869343405149,-0.992546151641322));
#6825=DIRECTION('ref_axis',(-0.707106781186547,0.701836114466191,-0.0861746391405322));
#6826=DIRECTION('',(0.,0.121869343405145,0.992546151641322));
#6827=DIRECTION('center_axis',(0.,0.121869343405145,0.992546151641322));
#6828=DIRECTION('ref_axis',(-0.707106781186548,0.70183611446619,-0.0861746391405298));
#6829=DIRECTION('',(0.,0.121869343405145,0.992546151641322));
#6830=DIRECTION('center_axis',(0.,0.,-1.));
#6831=DIRECTION('ref_axis',(-0.707106781186552,-0.707106781186543,0.));
#6832=DIRECTION('',(0.,0.,1.));
#6833=DIRECTION('',(0.,0.,-1.));
#6834=DIRECTION('center_axis',(-1.,0.,0.));
#6835=DIRECTION('ref_axis',(0.,1.,0.));
#6836=DIRECTION('',(0.,0.,-1.));
#6837=DIRECTION('center_axis',(0.,0.,-1.));
#6838=DIRECTION('ref_axis',(0.707106781186546,-0.707106781186549,0.));
#6839=DIRECTION('',(0.,0.,-1.));
#6840=DIRECTION('center_axis',(0.,0.,-1.));
#6841=DIRECTION('ref_axis',(-0.707106781186546,-0.707106781186549,0.));
#6842=DIRECTION('',(0.,0.,1.));
#6843=DIRECTION('center_axis',(-1.,0.,0.));
#6844=DIRECTION('ref_axis',(0.,1.,0.));
#6845=DIRECTION('',(0.,0.,-1.));
#6846=DIRECTION('center_axis',(0.,0.,-1.));
#6847=DIRECTION('ref_axis',(0.707106781186547,-0.707106781186548,0.));
#6848=DIRECTION('',(0.,0.,-1.));
#6849=DIRECTION('center_axis',(0.,0.,-1.));
#6850=DIRECTION('ref_axis',(-0.707106781186546,-0.707106781186549,0.));
#6851=DIRECTION('',(0.,0.,1.));
#6852=DIRECTION('center_axis',(-1.,0.,0.));
#6853=DIRECTION('ref_axis',(0.,1.,0.));
#6854=DIRECTION('',(0.,0.,-1.));
#6855=DIRECTION('center_axis',(0.,0.,-1.));
#6856=DIRECTION('ref_axis',(0.707106781186546,-0.707106781186549,0.));
#6857=DIRECTION('',(0.,0.,1.));
#6858=DIRECTION('',(0.,0.,-1.));
#6859=DIRECTION('center_axis',(0.,-1.,0.));
#6860=DIRECTION('ref_axis',(-1.,0.,0.));
#6861=DIRECTION('',(0.,0.,-1.));
#6862=DIRECTION('center_axis',(0.,0.,-1.));
#6863=DIRECTION('ref_axis',(0.707106781186546,0.707106781186549,0.));
#6864=DIRECTION('',(0.,0.,1.));
#6865=DIRECTION('center_axis',(1.,0.,0.));
#6866=DIRECTION('ref_axis',(0.,-1.,0.));
#6867=DIRECTION('',(0.,0.,-1.));
#6868=DIRECTION('center_axis',(0.,0.,-1.));
#6869=DIRECTION('ref_axis',(-0.707106781186546,0.707106781186549,0.));
#6870=DIRECTION('',(0.,0.,1.));
#6871=DIRECTION('',(0.,0.,-1.));
#6872=DIRECTION('center_axis',(0.,1.,0.));
#6873=DIRECTION('ref_axis',(1.,0.,0.));
#6874=DIRECTION('',(0.,0.,-1.));
#6875=DIRECTION('center_axis',(0.,0.,-1.));
#6876=DIRECTION('ref_axis',(0.707106781186548,0.707106781186548,0.));
#6877=DIRECTION('',(0.,0.,1.));
#6878=DIRECTION('center_axis',(0.,0.,-1.));
#6879=DIRECTION('ref_axis',(-0.707106781186547,0.707106781186548,0.));
#6880=DIRECTION('',(0.,0.,1.));
#6881=DIRECTION('',(0.,0.,-1.));
#6882=DIRECTION('center_axis',(0.,1.,0.));
#6883=DIRECTION('ref_axis',(1.,0.,0.));
#6884=DIRECTION('center_axis',(0.,0.,-1.));
#6885=DIRECTION('ref_axis',(0.707106781186241,0.707106781186854,0.));
#6886=DIRECTION('',(0.,0.,1.));
#6887=DIRECTION('',(0.,0.,-1.));
#6888=DIRECTION('center_axis',(1.,8.61533067109119E-13,0.));
#6889=DIRECTION('ref_axis',(8.61533067109119E-13,-1.,0.));
#6890=DIRECTION('',(0.,0.,-1.));
#6891=DIRECTION('center_axis',(0.,0.,-1.));
#6892=DIRECTION('ref_axis',(-0.707106781186546,0.707106781186549,0.));
#6893=DIRECTION('',(0.,0.,-1.));
#6894=DIRECTION('center_axis',(0.,0.,-1.));
#6895=DIRECTION('ref_axis',(0.707106781186546,-0.707106781186549,0.));
#6896=DIRECTION('',(0.,0.,1.));
#6897=DIRECTION('',(0.,0.,-1.));
#6898=DIRECTION('center_axis',(1.,2.30098036191742E-16,0.));
#6899=DIRECTION('ref_axis',(2.30098036191742E-16,-1.,0.));
#6900=DIRECTION('',(0.,0.,1.));
#6901=DIRECTION('center_axis',(0.,0.,-1.));
#6902=DIRECTION('ref_axis',(0.707106781186546,0.707106781186549,0.));
#6903=DIRECTION('center_axis',(0.,0.,-1.));
#6904=DIRECTION('ref_axis',(-0.707106781186552,-0.707106781186543,0.));
#6905=DIRECTION('',(0.,0.,1.));
#6906=DIRECTION('center_axis',(-1.,0.,0.));
#6907=DIRECTION('ref_axis',(0.,1.,0.));
#6908=DIRECTION('',(0.,0.,-1.));
#6909=DIRECTION('center_axis',(0.,0.,-1.));
#6910=DIRECTION('ref_axis',(-0.707106781186546,0.707106781186549,0.));
#6911=DIRECTION('',(0.,0.,1.));
#6912=DIRECTION('center_axis',(0.,1.,0.));
#6913=DIRECTION('ref_axis',(1.,0.,0.));
#6914=DIRECTION('center_axis',(0.,1.12649461348663E-15,1.));
#6915=DIRECTION('ref_axis',(1.,0.,0.));
#6916=DIRECTION('center_axis',(0.,-1.12649461348663E-15,-1.));
#6917=DIRECTION('ref_axis',(1.,0.,0.));
#6918=DIRECTION('',(0.857167300702112,-6.85160336240561E-16,-0.515038074910054));
#6919=DIRECTION('center_axis',(0.,-1.12649461348663E-15,-1.));
#6920=DIRECTION('ref_axis',(1.,0.,0.));
#6921=DIRECTION('',(0.,-1.12649461348663E-15,-1.));
#6922=DIRECTION('center_axis',(0.,1.12649461348663E-15,1.));
#6923=DIRECTION('ref_axis',(1.,0.,0.));
#6924=DIRECTION('center_axis',(0.,-1.12649461348663E-15,-1.));
#6925=DIRECTION('ref_axis',(1.,0.,0.));
#6926=DIRECTION('',(0.857167300702112,-6.85160336240561E-16,-0.515038074910054));
#6927=DIRECTION('center_axis',(0.,-1.12649461348663E-15,-1.));
#6928=DIRECTION('ref_axis',(1.,0.,0.));
#6929=DIRECTION('',(0.,-1.12649461348663E-15,-1.));
#6930=DIRECTION('center_axis',(0.,1.12649461348663E-15,1.));
#6931=DIRECTION('ref_axis',(1.,0.,0.));
#6932=DIRECTION('center_axis',(0.,-1.12649461348663E-15,-1.));
#6933=DIRECTION('ref_axis',(1.,0.,0.));
#6934=DIRECTION('',(0.857167300702112,-6.85160336240561E-16,-0.515038074910054));
#6935=DIRECTION('center_axis',(0.,-1.12649461348663E-15,-1.));
#6936=DIRECTION('ref_axis',(1.,0.,0.));
#6937=DIRECTION('',(0.,-1.12649461348663E-15,-1.));
#6938=DIRECTION('center_axis',(0.,1.12649461348663E-15,1.));
#6939=DIRECTION('ref_axis',(1.,0.,0.));
#6940=DIRECTION('center_axis',(0.,-1.12649461348663E-15,-1.));
#6941=DIRECTION('ref_axis',(1.,0.,0.));
#6942=DIRECTION('',(0.857167300702112,-6.85160336240561E-16,-0.515038074910054));
#6943=DIRECTION('center_axis',(0.,-1.12649461348663E-15,-1.));
#6944=DIRECTION('ref_axis',(1.,0.,0.));
#6945=DIRECTION('',(0.,-1.12649461348663E-15,-1.));
#6946=DIRECTION('center_axis',(0.,1.12649461348663E-15,1.));
#6947=DIRECTION('ref_axis',(1.,0.,0.));
#6948=DIRECTION('center_axis',(0.,-1.12649461348663E-15,-1.));
#6949=DIRECTION('ref_axis',(1.,0.,0.));
#6950=DIRECTION('',(0.857167300702112,-6.85160336240561E-16,-0.515038074910054));
#6951=DIRECTION('center_axis',(0.,-1.12649461348663E-15,-1.));
#6952=DIRECTION('ref_axis',(1.,0.,0.));
#6953=DIRECTION('',(0.,-1.12649461348663E-15,-1.));
#6954=DIRECTION('center_axis',(0.,1.12649461348663E-15,1.));
#6955=DIRECTION('ref_axis',(1.,0.,0.));
#6956=DIRECTION('center_axis',(0.,-1.12649461348663E-15,-1.));
#6957=DIRECTION('ref_axis',(1.,0.,0.));
#6958=DIRECTION('',(0.857167300702112,-6.85160336240561E-16,-0.515038074910054));
#6959=DIRECTION('center_axis',(0.,-1.12649461348663E-15,-1.));
#6960=DIRECTION('ref_axis',(1.,0.,0.));
#6961=DIRECTION('',(0.,-1.12649461348663E-15,-1.));
#6962=DIRECTION('center_axis',(0.,0.,-1.));
#6963=DIRECTION('ref_axis',(-1.,0.,0.));
#6964=DIRECTION('center_axis',(0.,0.,-1.));
#6965=DIRECTION('ref_axis',(-1.,0.,0.));
#6966=DIRECTION('',(1.,0.,0.));
#6967=DIRECTION('center_axis',(0.,1.00132854532145E-15,1.));
#6968=DIRECTION('ref_axis',(-1.,0.,0.));
#6969=DIRECTION('center_axis',(0.,1.00132854532145E-15,1.));
#6970=DIRECTION('ref_axis',(-1.,0.,0.));
#6971=DIRECTION('center_axis',(0.,0.,-1.));
#6972=DIRECTION('ref_axis',(-1.,0.,0.));
#6973=DIRECTION('',(1.,0.,0.));
#6974=DIRECTION('center_axis',(0.,0.,-1.));
#6975=DIRECTION('ref_axis',(-1.,0.,0.));
#6976=DIRECTION('center_axis',(0.,0.,-1.));
#6977=DIRECTION('ref_axis',(-1.,0.,0.));
#6978=DIRECTION('center_axis',(0.,0.,-1.));
#6979=DIRECTION('ref_axis',(-1.,0.,0.));
#6980=DIRECTION('',(1.,0.,0.));
#6981=DIRECTION('center_axis',(0.,1.00132854532145E-15,1.));
#6982=DIRECTION('ref_axis',(-1.,0.,0.));
#6983=DIRECTION('center_axis',(0.,1.00132854532145E-15,1.));
#6984=DIRECTION('ref_axis',(-1.,0.,0.));
#6985=DIRECTION('center_axis',(0.,0.,-1.));
#6986=DIRECTION('ref_axis',(-1.,0.,0.));
#6987=DIRECTION('center_axis',(0.,0.,-1.));
#6988=DIRECTION('ref_axis',(-1.,0.,0.));
#6989=DIRECTION('',(1.,0.,0.));
#6990=DIRECTION('center_axis',(0.,0.121869343405147,0.992546151641322));
#6991=DIRECTION('ref_axis',(1.,0.,0.));
#6992=DIRECTION('center_axis',(0.,-0.121869343405147,-0.992546151641322));
#6993=DIRECTION('ref_axis',(1.,0.,0.));
#6994=DIRECTION('',(0.857167300702112,-0.0627673520179391,-0.511199059200729));
#6995=DIRECTION('center_axis',(0.,-0.121869343405147,-0.992546151641322));
#6996=DIRECTION('ref_axis',(1.,0.,0.));
#6997=DIRECTION('center_axis',(0.,-0.121869343405147,-0.992546151641322));
#6998=DIRECTION('ref_axis',(1.,0.,0.));
#6999=DIRECTION('',(0.,-0.121869343405147,-0.992546151641322));
#7000=DIRECTION('center_axis',(0.,0.121869343405147,0.992546151641322));
#7001=DIRECTION('ref_axis',(1.,0.,0.));
#7002=DIRECTION('center_axis',(0.,-0.121869343405147,-0.992546151641322));
#7003=DIRECTION('ref_axis',(1.,0.,0.));
#7004=DIRECTION('',(0.857167300702112,-0.0627673520179391,-0.511199059200729));
#7005=DIRECTION('center_axis',(0.,-0.121869343405147,-0.992546151641322));
#7006=DIRECTION('ref_axis',(1.,0.,0.));
#7007=DIRECTION('center_axis',(0.,-0.121869343405147,-0.992546151641322));
#7008=DIRECTION('ref_axis',(1.,0.,0.));
#7009=DIRECTION('',(0.,-0.121869343405147,-0.992546151641322));
#7010=DIRECTION('center_axis',(0.,0.121869343405147,0.992546151641322));
#7011=DIRECTION('ref_axis',(1.,0.,0.));
#7012=DIRECTION('center_axis',(0.,-0.121869343405147,-0.992546151641322));
#7013=DIRECTION('ref_axis',(1.,0.,0.));
#7014=DIRECTION('',(0.857167300702112,-0.0627673520179391,-0.511199059200729));
#7015=DIRECTION('center_axis',(0.,-0.121869343405147,-0.992546151641322));
#7016=DIRECTION('ref_axis',(1.,0.,0.));
#7017=DIRECTION('center_axis',(0.,-0.121869343405147,-0.992546151641322));
#7018=DIRECTION('ref_axis',(1.,0.,0.));
#7019=DIRECTION('',(0.,-0.121869343405147,-0.992546151641322));
#7020=DIRECTION('center_axis',(0.,0.121869343405147,0.992546151641322));
#7021=DIRECTION('ref_axis',(1.,0.,0.));
#7022=DIRECTION('center_axis',(0.,-0.121869343405147,-0.992546151641322));
#7023=DIRECTION('ref_axis',(1.,0.,0.));
#7024=DIRECTION('',(0.857167300702112,-0.0627673520179391,-0.511199059200729));
#7025=DIRECTION('center_axis',(0.,-0.121869343405147,-0.992546151641322));
#7026=DIRECTION('ref_axis',(1.,0.,0.));
#7027=DIRECTION('',(0.,-0.121869343405147,-0.992546151641322));
#7028=DIRECTION('center_axis',(0.,0.121869343405147,0.992546151641322));
#7029=DIRECTION('ref_axis',(1.,0.,0.));
#7030=DIRECTION('center_axis',(0.,-0.121869343405147,-0.992546151641322));
#7031=DIRECTION('ref_axis',(1.,0.,0.));
#7032=DIRECTION('',(0.857167300702112,-0.0627673520179391,-0.511199059200729));
#7033=DIRECTION('center_axis',(0.,-0.121869343405147,-0.992546151641322));
#7034=DIRECTION('ref_axis',(1.,0.,0.));
#7035=DIRECTION('center_axis',(0.,-0.121869343405147,-0.992546151641322));
#7036=DIRECTION('ref_axis',(1.,0.,0.));
#7037=DIRECTION('',(0.,-0.121869343405147,-0.992546151641322));
#7038=DIRECTION('center_axis',(0.,0.121869343405147,0.992546151641322));
#7039=DIRECTION('ref_axis',(1.,0.,0.));
#7040=DIRECTION('center_axis',(0.,-0.121869343405147,-0.992546151641322));
#7041=DIRECTION('ref_axis',(1.,0.,0.));
#7042=DIRECTION('',(0.857167300702112,-0.0627673520179391,-0.511199059200729));
#7043=DIRECTION('center_axis',(0.,-0.121869343405147,-0.992546151641322));
#7044=DIRECTION('ref_axis',(1.,0.,0.));
#7045=DIRECTION('',(0.,-0.121869343405147,-0.992546151641322));
#7046=DIRECTION('center_axis',(-1.,0.,0.));
#7047=DIRECTION('ref_axis',(0.,-0.992546151641322,0.121869343405147));
#7048=DIRECTION('',(0.,-0.992546151641322,0.121869343405147));
#7049=DIRECTION('',(0.,0.121869343405147,0.992546151641322));
#7050=DIRECTION('center_axis',(0.,0.121869343405147,0.992546151641322));
#7051=DIRECTION('ref_axis',(-1.,0.,0.));
#7052=DIRECTION('center_axis',(0.,0.121869343405147,0.992546151641322));
#7053=DIRECTION('ref_axis',(-1.,0.,0.));
#7054=DIRECTION('center_axis',(0.,0.121869343405147,0.992546151641322));
#7055=DIRECTION('ref_axis',(-1.,0.,0.));
#7056=DIRECTION('center_axis',(0.,0.121869343405147,0.992546151641322));
#7057=DIRECTION('ref_axis',(-1.,0.,0.));
#7058=DIRECTION('center_axis',(0.,0.121869343405147,0.992546151641322));
#7059=DIRECTION('ref_axis',(-1.,0.,0.));
#7060=DIRECTION('center_axis',(0.,0.121869343405147,0.992546151641322));
#7061=DIRECTION('ref_axis',(-1.,0.,0.));
#7062=DIRECTION('center_axis',(0.,0.121869343405145,0.992546151641322));
#7063=DIRECTION('ref_axis',(1.,-1.21551846761357E-16,1.49246901315301E-17));
#7064=DIRECTION('center_axis',(0.,0.121869343405147,0.992546151641322));
#7065=DIRECTION('ref_axis',(-1.,0.,0.));
#7066=DIRECTION('center_axis',(0.,0.121869343405147,0.992546151641322));
#7067=DIRECTION('ref_axis',(-1.,0.,0.));
#7068=DIRECTION('center_axis',(0.,0.121869343405145,0.992546151641322));
#7069=DIRECTION('ref_axis',(-1.,0.,0.));
#7070=DIRECTION('center_axis',(0.,0.121869343405145,0.992546151641322));
#7071=DIRECTION('ref_axis',(-1.,0.,0.));
#7072=DIRECTION('center_axis',(0.,0.121869343405145,0.992546151641322));
#7073=DIRECTION('ref_axis',(-1.,0.,0.));
#7074=DIRECTION('center_axis',(0.,0.121869343405147,0.992546151641322));
#7075=DIRECTION('ref_axis',(-1.,0.,0.));
#7076=DIRECTION('center_axis',(0.,0.121869343405147,0.992546151641322));
#7077=DIRECTION('ref_axis',(-1.,0.,0.));
#7078=DIRECTION('center_axis',(0.,1.,0.));
#7079=DIRECTION('ref_axis',(0.,0.,1.));
#7080=DIRECTION('center_axis',(0.,0.,-1.));
#7081=DIRECTION('ref_axis',(-1.,0.,0.));
#7082=DIRECTION('',(0.,0.,-1.));
#7083=DIRECTION('center_axis',(-1.,0.,0.));
#7084=DIRECTION('ref_axis',(0.,1.,0.));
#7085=DIRECTION('center_axis',(1.,0.,0.));
#7086=DIRECTION('ref_axis',(0.,-1.,0.));
#7087=DIRECTION('',(0.,0.,-1.));
#7088=DIRECTION('center_axis',(0.,0.,-1.));
#7089=DIRECTION('ref_axis',(-1.,0.,0.));
#7090=DIRECTION('',(0.,0.,-1.));
#7091=DIRECTION('center_axis',(-1.,0.,0.));
#7092=DIRECTION('ref_axis',(0.,1.,0.));
#7093=DIRECTION('center_axis',(0.,0.,-1.));
#7094=DIRECTION('ref_axis',(-8.41311309323368E-7,-0.999999999999646,0.));
#7095=DIRECTION('',(0.,0.,-1.));
#7096=DIRECTION('center_axis',(-1.,0.,0.));
#7097=DIRECTION('ref_axis',(0.,1.,0.));
#7098=DIRECTION('center_axis',(0.,-1.,0.));
#7099=DIRECTION('ref_axis',(-1.,0.,0.));
#7100=DIRECTION('center_axis',(1.,0.,0.));
#7101=DIRECTION('ref_axis',(0.,-1.,0.));
#7102=DIRECTION('',(0.,0.,-1.));
#7103=DIRECTION('center_axis',(0.,0.,-1.));
#7104=DIRECTION('ref_axis',(1.13056251453287E-6,0.999999999999361,0.));
#7105=DIRECTION('center_axis',(1.,0.,0.));
#7106=DIRECTION('ref_axis',(0.,-1.,0.));
#7107=DIRECTION('',(0.,0.,-1.));
#7108=DIRECTION('center_axis',(0.,0.,-1.));
#7109=DIRECTION('ref_axis',(1.,0.,0.));
#7110=DIRECTION('center_axis',(1.,0.,0.));
#7111=DIRECTION('ref_axis',(0.,-1.,0.));
#7112=DIRECTION('',(0.,0.,-1.));
#7113=DIRECTION('center_axis',(0.,0.,-1.));
#7114=DIRECTION('ref_axis',(-8.86991595022879E-7,0.999999999999607,0.));
#7115=CARTESIAN_POINT('',(0.,0.,0.));
#7116=CARTESIAN_POINT('Origin',(116.8,-40.6,-4.8500000000001));
#7117=CARTESIAN_POINT('',(118.3,-40.6,-4.6));
#7118=CARTESIAN_POINT('Origin',(116.8,-40.6,-4.6));
#7119=CARTESIAN_POINT('',(117.8,-40.6,-5.1000000000002));
#7120=CARTESIAN_POINT('',(118.05,-40.6,-4.8500000000001));
#7121=CARTESIAN_POINT('',(115.8,-40.6,-5.1000000000002));
#7122=CARTESIAN_POINT('Origin',(116.8,-40.6,-5.1000000000002));
#7123=CARTESIAN_POINT('Origin',(116.8,-40.6,-5.1000000000002));
#7124=CARTESIAN_POINT('Origin',(0.,44.35,-4.6000000000001));
#7125=CARTESIAN_POINT('',(79.65,-44.35,-4.6));
#7126=CARTESIAN_POINT('',(79.65,-38.6,-4.60000000000001));
#7127=CARTESIAN_POINT('',(79.65,2.875,-4.60000000000005));
#7128=CARTESIAN_POINT('',(114.3,-44.35,-4.6));
#7129=CARTESIAN_POINT('',(0.,-44.35,-4.6));
#7130=CARTESIAN_POINT('',(120.55,-38.1,-4.60000000000001));
#7131=CARTESIAN_POINT('Origin',(114.3,-38.1,-4.6000000000001));
#7132=CARTESIAN_POINT('',(120.55,38.1,-4.60000000000009));
#7133=CARTESIAN_POINT('',(120.55,-44.35,-4.6));
#7134=CARTESIAN_POINT('',(114.3,44.35,-4.6000000000001));
#7135=CARTESIAN_POINT('Origin',(114.3,38.1,-4.6000000000001));
#7136=CARTESIAN_POINT('',(79.65,44.35,-4.6000000000001));
#7137=CARTESIAN_POINT('',(0.,44.35,-4.6000000000001));
#7138=CARTESIAN_POINT('',(79.65,38.6,-4.60000000000009));
#7139=CARTESIAN_POINT('',(79.65,44.35,-4.6000000000001));
#7140=CARTESIAN_POINT('',(90.75,38.6,-4.60000000000009));
#7141=CARTESIAN_POINT('',(-8.275,38.6,-4.60000000000009));
#7142=CARTESIAN_POINT('',(92.75,36.6,-4.60000000000009));
#7143=CARTESIAN_POINT('Origin',(90.75,36.6,-4.6000000000001));
#7144=CARTESIAN_POINT('',(92.75,36.1,-4.60000000000009));
#7145=CARTESIAN_POINT('',(92.75,41.475,-4.6000000000001));
#7146=CARTESIAN_POINT('',(97.7500000000001,36.0999957934435,-4.60000000000009));
#7147=CARTESIAN_POINT('Origin',(95.25,36.0999978510964,-4.6000000000001));
#7148=CARTESIAN_POINT('',(97.75,36.6,-4.60000000000009));
#7149=CARTESIAN_POINT('',(97.75,40.2249979063019,-4.6000000000001));
#7150=CARTESIAN_POINT('',(99.75,38.6,-4.60000000000009));
#7151=CARTESIAN_POINT('Origin',(99.75,36.6,-4.6000000000001));
#7152=CARTESIAN_POINT('',(112.8,38.6,-4.60000000000009));
#7153=CARTESIAN_POINT('',(48.875,38.6,-4.60000000000009));
#7154=CARTESIAN_POINT('',(114.8,36.6,-4.60000000000009));
#7155=CARTESIAN_POINT('Origin',(112.8,36.6,-4.6000000000001));
#7156=CARTESIAN_POINT('',(114.8,-36.6,-4.60000000000001));
#7157=CARTESIAN_POINT('',(114.8,41.475,-4.6000000000001));
#7158=CARTESIAN_POINT('',(112.8,-38.6,-4.60000000000001));
#7159=CARTESIAN_POINT('Origin',(112.8,-36.6,-4.6000000000001));
#7160=CARTESIAN_POINT('',(99.75,-38.6,-4.60000000000001));
#7161=CARTESIAN_POINT('',(57.4,-38.6,-4.60000000000001));
#7162=CARTESIAN_POINT('',(97.75,-36.6,-4.60000000000001));
#7163=CARTESIAN_POINT('Origin',(99.75,-36.6,-4.6000000000001));
#7164=CARTESIAN_POINT('',(97.75,-36.0999955535659,-4.60000000000001));
#7165=CARTESIAN_POINT('',(97.75,2.875,-4.60000000000005));
#7166=CARTESIAN_POINT('',(92.7500000000001,-36.0999999885239,-4.60000000000001));
#7167=CARTESIAN_POINT('Origin',(95.25,-36.0999977183614,-4.6000000000001));
#7168=CARTESIAN_POINT('',(92.75,-36.6,-4.60000000000001));
#7169=CARTESIAN_POINT('',(92.75,4.125,-4.60000000000005));
#7170=CARTESIAN_POINT('',(90.75,-38.6,-4.60000000000001));
#7171=CARTESIAN_POINT('Origin',(90.75,-36.6,-4.6000000000001));
#7172=CARTESIAN_POINT('',(46.375,-38.6,-4.60000000000001));
#7173=CARTESIAN_POINT('',(118.3,40.6,-4.6000000000001));
#7174=CARTESIAN_POINT('Origin',(116.8,40.6,-4.6000000000001));
#7175=CARTESIAN_POINT('',(94.4385,-35.6,-4.60000000000001));
#7176=CARTESIAN_POINT('Origin',(95.25,-35.6,-4.60000000000001));
#7177=CARTESIAN_POINT('',(94.4385,35.6,-4.60000000000009));
#7178=CARTESIAN_POINT('Origin',(95.25,35.6,-4.60000000000009));
#7179=CARTESIAN_POINT('Origin',(116.8,-40.6,-7.3500000000001));
#7180=CARTESIAN_POINT('',(115.8,-40.6,-10.1000000000001));
#7181=CARTESIAN_POINT('',(115.8,-40.6,-7.3500000000001));
#7182=CARTESIAN_POINT('Origin',(116.8,-40.6,-10.1000000000001));
#7183=CARTESIAN_POINT('Origin',(116.8,40.6,-4.8500000000001));
#7184=CARTESIAN_POINT('',(117.8,40.6,-5.10000000000011));
#7185=CARTESIAN_POINT('',(118.05,40.6,-4.8500000000001));
#7186=CARTESIAN_POINT('',(115.8,40.6,-5.1000000000001));
#7187=CARTESIAN_POINT('Origin',(116.8,40.6,-5.10000000000011));
#7188=CARTESIAN_POINT('Origin',(116.8,40.6,-5.10000000000011));
#7189=CARTESIAN_POINT('Origin',(116.8,40.6,-7.3500000000001));
#7190=CARTESIAN_POINT('',(115.8,40.6,-10.1000000000001));
#7191=CARTESIAN_POINT('',(115.8,40.6,-7.3500000000001));
#7192=CARTESIAN_POINT('Origin',(116.8,40.6,-10.1000000000001));
#7193=CARTESIAN_POINT('Origin',(-116.8,-40.6,-4.8500000000001));
#7194=CARTESIAN_POINT('',(-115.3,-40.6,-4.6));
#7195=CARTESIAN_POINT('Origin',(-116.8,-40.6,-4.6));
#7196=CARTESIAN_POINT('',(-115.8,-40.6,-5.1000000000002));
#7197=CARTESIAN_POINT('',(-115.55,-40.6,-4.8500000000001));
#7198=CARTESIAN_POINT('',(-117.8,-40.6,-5.1000000000002));
#7199=CARTESIAN_POINT('Origin',(-116.8,-40.6,-5.1000000000002));
#7200=CARTESIAN_POINT('Origin',(-116.8,-40.6,-5.1000000000002));
#7201=CARTESIAN_POINT('Origin',(0.,44.35,-4.6000000000001));
#7202=CARTESIAN_POINT('',(-79.65,-38.6,-4.60000000000001));
#7203=CARTESIAN_POINT('',(-79.65,-44.35,-4.6));
#7204=CARTESIAN_POINT('',(-79.65,1.12649461348666E-16,-4.60000000000005));
#7205=CARTESIAN_POINT('',(-88.36875,-38.6,-4.60000000000001));
#7206=CARTESIAN_POINT('',(-1.25,-38.6,-4.60000000000001));
#7207=CARTESIAN_POINT('',(-90.36875,-36.6,-4.60000000000001));
#7208=CARTESIAN_POINT('Origin',(-88.36875,-36.6,-4.6000000000001));
#7209=CARTESIAN_POINT('',(-90.36875,-36.1,-4.60000000000001));
#7210=CARTESIAN_POINT('',(-90.36875,2.875,-4.60000000000005));
#7211=CARTESIAN_POINT('',(-95.3687500000002,-36.0999943471874,-4.60000000000001));
#7212=CARTESIAN_POINT('Origin',(-92.86875,-36.0999970990879,-4.6000000000001));
#7213=CARTESIAN_POINT('',(-95.36875,-36.6,-4.60000000000001));
#7214=CARTESIAN_POINT('',(-95.36875,4.12500282463662,-4.60000000000005));
#7215=CARTESIAN_POINT('',(-97.36875,-38.6,-4.60000000000001));
#7216=CARTESIAN_POINT('Origin',(-97.36875,-36.6,-4.6000000000001));
#7217=CARTESIAN_POINT('',(-112.8,-38.6,-4.60000000000001));
#7218=CARTESIAN_POINT('',(-47.684375,-38.6,-4.60000000000001));
#7219=CARTESIAN_POINT('',(-114.8,-36.6,-4.60000000000001));
#7220=CARTESIAN_POINT('Origin',(-112.8,-36.6,-4.6000000000001));
#7221=CARTESIAN_POINT('',(-114.8,36.6,-4.60000000000009));
#7222=CARTESIAN_POINT('',(-114.8,2.875,-4.60000000000005));
#7223=CARTESIAN_POINT('',(-112.8,38.6,-4.60000000000009));
#7224=CARTESIAN_POINT('Origin',(-112.8,36.6,-4.6000000000001));
#7225=CARTESIAN_POINT('',(-99.7499999999987,38.6,-4.60000000000009));
#7226=CARTESIAN_POINT('',(-57.4,38.6,-4.60000000000009));
#7227=CARTESIAN_POINT('',(-97.7499999999987,36.6000000000017,-4.60000000000009));
#7228=CARTESIAN_POINT('Origin',(-99.7499999999987,36.6,-4.6000000000001));
#7229=CARTESIAN_POINT('',(-97.7499999999983,36.1,-4.60000000000009));
#7230=CARTESIAN_POINT('',(-97.7500000000029,41.4749999999579,-4.6000000000001));
#7231=CARTESIAN_POINT('',(-92.750000000006,36.1,-4.60000000000009));
#7232=CARTESIAN_POINT('Origin',(-95.2500000000021,36.1,-4.6000000000001));
#7233=CARTESIAN_POINT('',(-92.75,36.6,-4.60000000000009));
#7234=CARTESIAN_POINT('',(-92.75,40.225,-4.6000000000001));
#7235=CARTESIAN_POINT('',(-90.75,38.6,-4.60000000000009));
#7236=CARTESIAN_POINT('Origin',(-90.75,36.6,-4.6000000000001));
#7237=CARTESIAN_POINT('',(-79.65,38.6,-4.60000000000009));
#7238=CARTESIAN_POINT('',(-46.375,38.6,-4.60000000000009));
#7239=CARTESIAN_POINT('',(-79.65,44.35,-4.6000000000001));
#7240=CARTESIAN_POINT('',(-79.65,41.475,-4.6000000000001));
#7241=CARTESIAN_POINT('',(-114.3,44.35,-4.6000000000001));
#7242=CARTESIAN_POINT('',(0.,44.35,-4.6000000000001));
#7243=CARTESIAN_POINT('',(-120.55,38.1,-4.60000000000009));
#7244=CARTESIAN_POINT('Origin',(-114.3,38.1,-4.6000000000001));
#7245=CARTESIAN_POINT('',(-120.55,-38.1,-4.60000000000001));
#7246=CARTESIAN_POINT('',(-120.55,-44.35,-4.6));
#7247=CARTESIAN_POINT('',(-114.3,-44.35,-4.6));
#7248=CARTESIAN_POINT('Origin',(-114.3,-38.1,-4.6000000000001));
#7249=CARTESIAN_POINT('',(0.,-44.35,-4.6));
#7250=CARTESIAN_POINT('',(-115.3,40.6,-4.6000000000001));
#7251=CARTESIAN_POINT('Origin',(-116.8,40.6,-4.6000000000001));
#7252=CARTESIAN_POINT('',(-96.0615,35.6,-4.60000000000009));
#7253=CARTESIAN_POINT('Origin',(-95.25,35.6,-4.60000000000009));
#7254=CARTESIAN_POINT('',(-93.68025,-35.6,-4.60000000000001));
#7255=CARTESIAN_POINT('Origin',(-92.86875,-35.6,-4.60000000000001));
#7256=CARTESIAN_POINT('Origin',(-116.8,-40.6,-7.3500000000001));
#7257=CARTESIAN_POINT('',(-117.8,-40.6,-10.1000000000001));
#7258=CARTESIAN_POINT('',(-117.8,-40.6,-7.3500000000001));
#7259=CARTESIAN_POINT('Origin',(-116.8,-40.6,-10.1000000000001));
#7260=CARTESIAN_POINT('Origin',(-116.8,40.6,-4.8500000000001));
#7261=CARTESIAN_POINT('',(-115.8,40.6,-5.10000000000011));
#7262=CARTESIAN_POINT('',(-115.55,40.6,-4.8500000000001));
#7263=CARTESIAN_POINT('',(-117.8,40.6,-5.1000000000001));
#7264=CARTESIAN_POINT('Origin',(-116.8,40.6,-5.10000000000011));
#7265=CARTESIAN_POINT('Origin',(-116.8,40.6,-5.10000000000011));
#7266=CARTESIAN_POINT('Origin',(-116.8,40.6,-7.3500000000001));
#7267=CARTESIAN_POINT('',(-117.8,40.6,-10.1000000000001));
#7268=CARTESIAN_POINT('',(-117.8,40.6,-7.3500000000001));
#7269=CARTESIAN_POINT('Origin',(-116.8,40.6,-10.1000000000001));
#7270=CARTESIAN_POINT('Origin',(116.8,40.6,-10.4004303095139));
#7271=CARTESIAN_POINT('',(116.8,40.6,-10.7008606190277));
#7272=CARTESIAN_POINT('',(116.3,40.6,-10.4004303095139));
#7273=CARTESIAN_POINT('Origin',(-116.8,40.6,-10.4004303095139));
#7274=CARTESIAN_POINT('',(-116.8,40.6,-10.7008606190277));
#7275=CARTESIAN_POINT('',(-117.3,40.6,-10.4004303095139));
#7276=CARTESIAN_POINT('Origin',(-116.8,-40.6,-10.4004303095139));
#7277=CARTESIAN_POINT('',(-116.8,-40.6,-10.7008606190277));
#7278=CARTESIAN_POINT('',(-117.3,-40.6,-10.4004303095139));
#7279=CARTESIAN_POINT('Origin',(116.8,-40.6,-10.4004303095139));
#7280=CARTESIAN_POINT('',(116.8,-40.6,-10.7008606190277));
#7281=CARTESIAN_POINT('',(116.3,-40.6,-10.4004303095139));
#7282=CARTESIAN_POINT('Origin',(-106.5,29.1331799406885,-17.1000705063898));
#7283=CARTESIAN_POINT('',(-108.,28.6369068648679,-17.0391358346873));
#7284=CARTESIAN_POINT('',(-108.,29.1941146123911,-16.6037974305692));
#7285=CARTESIAN_POINT('Origin',(-108.,29.1331799406885,-17.1000705063898));
#7286=CARTESIAN_POINT('',(-102.,29.1941146123911,-16.6037974305692));
#7287=CARTESIAN_POINT('',(-106.5,29.1941146123911,-16.6037974305692));
#7288=CARTESIAN_POINT('',(-102.,28.6369068648679,-17.0391358346873));
#7289=CARTESIAN_POINT('Origin',(-102.,29.1331799406885,-17.1000705063898));
#7290=CARTESIAN_POINT('',(-106.5,28.6369068648679,-17.0391358346873));
#7291=CARTESIAN_POINT('Origin',(-102.,30.1257260923299,-17.221939849795));
#7292=CARTESIAN_POINT('',(-102.,31.1792069156738,-16.8475361173795));
#7293=CARTESIAN_POINT('',(-102.,31.6145453197919,-17.4047438649027));
#7294=CARTESIAN_POINT('Origin',(-102.,31.1182722439712,-17.3438091932001));
#7295=CARTESIAN_POINT('Origin',(-102.,30.1257260923299,-17.221939849795));
#7296=CARTESIAN_POINT('Origin',(-102.,30.1866607640324,-16.7256667739743));
#7297=CARTESIAN_POINT('Origin',(-103.5,31.1182722439712,-17.3438091932001));
#7298=CARTESIAN_POINT('',(-108.,31.1792069156738,-16.8475361173795));
#7299=CARTESIAN_POINT('',(-108.,31.6145453197919,-17.4047438649027));
#7300=CARTESIAN_POINT('Origin',(-108.,31.1182722439712,-17.3438091932001));
#7301=CARTESIAN_POINT('',(-103.5,31.6145453197919,-17.4047438649027));
#7302=CARTESIAN_POINT('',(-103.5,31.1792069156738,-16.8475361173795));
#7303=CARTESIAN_POINT('Origin',(-108.,30.1257260923299,-17.221939849795));
#7304=CARTESIAN_POINT('Origin',(-108.,30.1257260923299,-17.221939849795));
#7305=CARTESIAN_POINT('Origin',(-108.,30.1866607640324,-16.7256667739743));
#7306=CARTESIAN_POINT('Origin',(-108.,29.7601180621144,-20.199578304719));
#7307=CARTESIAN_POINT('',(-108.,28.332233506355,-19.5205012137906));
#7308=CARTESIAN_POINT('',(-108.,28.2712988346524,-20.0167742896112));
#7309=CARTESIAN_POINT('',(-108.,31.309871961279,-19.886109244006));
#7310=CARTESIAN_POINT('Origin',(-108.,29.821052733817,-19.7033052288983));
#7311=CARTESIAN_POINT('',(-108.,31.2489372895764,-20.3823823198267));
#7312=CARTESIAN_POINT('Origin',(-108.,28.2712988346524,-20.0167742896112));
#7313=CARTESIAN_POINT('',(-102.,28.332233506355,-19.5205012137906));
#7314=CARTESIAN_POINT('',(-102.,28.2712988346525,-20.0167742896112));
#7315=CARTESIAN_POINT('',(-106.5,28.332233506355,-19.5205012137906));
#7316=CARTESIAN_POINT('Origin',(-105.,30.1866607640327,-16.7256667739744));
#7317=CARTESIAN_POINT('Origin',(103.5,29.1331799406885,-17.1000705063898));
#7318=CARTESIAN_POINT('',(102.,28.6369068648679,-17.0391358346873));
#7319=CARTESIAN_POINT('',(102.,29.1941146123911,-16.6037974305692));
#7320=CARTESIAN_POINT('Origin',(102.,29.1331799406885,-17.1000705063898));
#7321=CARTESIAN_POINT('',(108.,29.1941146123911,-16.6037974305692));
#7322=CARTESIAN_POINT('',(103.5,29.1941146123911,-16.6037974305692));
#7323=CARTESIAN_POINT('',(108.,28.6369068648679,-17.0391358346873));
#7324=CARTESIAN_POINT('Origin',(108.,29.1331799406885,-17.1000705063898));
#7325=CARTESIAN_POINT('',(103.5,28.6369068648679,-17.0391358346873));
#7326=CARTESIAN_POINT('Origin',(108.,30.1257260923299,-17.221939849795));
#7327=CARTESIAN_POINT('',(108.,31.1792069156738,-16.8475361173795));
#7328=CARTESIAN_POINT('',(108.,31.6145453197919,-17.4047438649027));
#7329=CARTESIAN_POINT('Origin',(108.,31.1182722439712,-17.3438091932001));
#7330=CARTESIAN_POINT('Origin',(108.,30.1257260923299,-17.221939849795));
#7331=CARTESIAN_POINT('Origin',(108.,30.1866607640324,-16.7256667739743));
#7332=CARTESIAN_POINT('Origin',(106.5,31.1182722439712,-17.3438091932001));
#7333=CARTESIAN_POINT('',(102.,31.1792069156738,-16.8475361173795));
#7334=CARTESIAN_POINT('',(102.,31.6145453197927,-17.4047438649028));
#7335=CARTESIAN_POINT('Origin',(102.,31.1182722439712,-17.3438091932001));
#7336=CARTESIAN_POINT('',(106.5,31.6145453197919,-17.4047438649027));
#7337=CARTESIAN_POINT('',(106.5,31.1792069156738,-16.8475361173795));
#7338=CARTESIAN_POINT('Origin',(102.,30.1257260923299,-17.221939849795));
#7339=CARTESIAN_POINT('Origin',(102.,30.1257260923299,-17.221939849795));
#7340=CARTESIAN_POINT('Origin',(102.,30.1866607640324,-16.7256667739743));
#7341=CARTESIAN_POINT('Origin',(102.,29.7601180621144,-20.199578304719));
#7342=CARTESIAN_POINT('',(102.,28.332233506355,-19.5205012137906));
#7343=CARTESIAN_POINT('',(102.,28.2712988346525,-20.0167742896112));
#7344=CARTESIAN_POINT('',(102.,31.3098719612798,-19.8861092440061));
#7345=CARTESIAN_POINT('Origin',(102.,29.821052733817,-19.7033052288983));
#7346=CARTESIAN_POINT('',(102.,31.2489372895772,-20.3823823198268));
#7347=CARTESIAN_POINT('Origin',(102.,28.2712988346525,-20.0167742896112));
#7348=CARTESIAN_POINT('',(108.,28.3322335063551,-19.5205012137906));
#7349=CARTESIAN_POINT('',(108.,28.2712988346525,-20.0167742896112));
#7350=CARTESIAN_POINT('',(103.5,28.332233506355,-19.5205012137906));
#7351=CARTESIAN_POINT('Origin',(105.,30.1866607640328,-16.7256667739744));
#7352=CARTESIAN_POINT('Origin',(100.,-31.2814702638269,-12.7046136853025));
#7353=CARTESIAN_POINT('',(100.,-31.2814702638269,-12.7046136853025));
#7354=CARTESIAN_POINT('',(100.,-36.2442010220335,-12.0952669682768));
#7355=CARTESIAN_POINT('',(100.,-37.8157351319135,-11.9023068426513));
#7356=CARTESIAN_POINT('',(100.,-31.2205355921243,-12.2083406094819));
#7357=CARTESIAN_POINT('',(100.,-31.2814702638269,-12.7046136853025));
#7358=CARTESIAN_POINT('',(100.,-36.1832663503309,-11.5989938924562));
#7359=CARTESIAN_POINT('',(100.,-31.2205355921243,-12.2083406094819));
#7360=CARTESIAN_POINT('',(100.,-36.2442010220335,-12.0952669682768));
#7361=CARTESIAN_POINT('Origin',(101.5,-31.2814702638269,-12.7046136853025));
#7362=CARTESIAN_POINT('',(101.5,-29.7926510363649,-12.8874177004103));
#7363=CARTESIAN_POINT('Origin',(101.5,-31.2814702638269,-12.7046136853025));
#7364=CARTESIAN_POINT('',(101.5,-29.7317163646623,-12.3911446245896));
#7365=CARTESIAN_POINT('',(101.5,-29.7926510363649,-12.8874177004103));
#7366=CARTESIAN_POINT('Origin',(101.5,-31.2205355921243,-12.2083406094819));
#7367=CARTESIAN_POINT('Origin',(108.5,-29.7926510363649,-12.8874177004103));
#7368=CARTESIAN_POINT('',(108.5,-29.7926510363649,-12.8874177004103));
#7369=CARTESIAN_POINT('',(54.25,-29.7926510363649,-12.8874177004103));
#7370=CARTESIAN_POINT('',(108.5,-29.7317163646623,-12.3911446245896));
#7371=CARTESIAN_POINT('',(108.5,-29.7926510363649,-12.8874177004103));
#7372=CARTESIAN_POINT('',(108.5,-29.7317163646623,-12.3911446245896));
#7373=CARTESIAN_POINT('Origin',(108.5,-31.2814702638269,-12.7046136853025));
#7374=CARTESIAN_POINT('',(110.,-31.2814702638269,-12.7046136853025));
#7375=CARTESIAN_POINT('Origin',(108.5,-31.2814702638269,-12.7046136853025));
#7376=CARTESIAN_POINT('',(110.,-31.2205355921243,-12.2083406094819));
#7377=CARTESIAN_POINT('',(110.,-31.2814702638269,-12.7046136853025));
#7378=CARTESIAN_POINT('Origin',(108.5,-31.2205355921243,-12.2083406094819));
#7379=CARTESIAN_POINT('Origin',(110.,-36.2442010220335,-12.0952669682768));
#7380=CARTESIAN_POINT('',(110.,-36.2442010220335,-12.0952669682768));
#7381=CARTESIAN_POINT('',(110.,-40.2971005110168,-11.5976334841384));
#7382=CARTESIAN_POINT('',(110.,-36.1832663503309,-11.5989938924562));
#7383=CARTESIAN_POINT('',(110.,-36.2442010220335,-12.0952669682768));
#7384=CARTESIAN_POINT('',(110.,-36.1832663503309,-11.5989938924562));
#7385=CARTESIAN_POINT('Origin',(108.5,-36.2442010220335,-12.0952669682768));
#7386=CARTESIAN_POINT('',(108.5,-37.7330202494955,-11.9124629531691));
#7387=CARTESIAN_POINT('Origin',(108.5,-36.2442010220335,-12.0952669682768));
#7388=CARTESIAN_POINT('',(108.5,-37.6720855777929,-11.4161898773484));
#7389=CARTESIAN_POINT('',(108.5,-37.7330202494955,-11.9124629531691));
#7390=CARTESIAN_POINT('Origin',(108.5,-36.1832663503309,-11.5989938924562));
#7391=CARTESIAN_POINT('Origin',(101.5,-37.7330202494955,-11.9124629531691));
#7392=CARTESIAN_POINT('',(101.5,-37.7330202494955,-11.9124629531691));
#7393=CARTESIAN_POINT('',(50.75,-37.7330202494955,-11.9124629531691));
#7394=CARTESIAN_POINT('',(101.5,-37.6720855777929,-11.4161898773484));
#7395=CARTESIAN_POINT('',(101.5,-37.7330202494955,-11.9124629531691));
#7396=CARTESIAN_POINT('',(101.5,-37.6720855777929,-11.4161898773484));
#7397=CARTESIAN_POINT('Origin',(101.5,-36.2442010220335,-12.0952669682768));
#7398=CARTESIAN_POINT('Origin',(101.5,-36.2442010220335,-12.0952669682768));
#7399=CARTESIAN_POINT('Origin',(101.5,-36.1832663503309,-11.5989938924562));
#7400=CARTESIAN_POINT('Origin',(105.,-33.7019009712276,-11.903667250969));
#7401=CARTESIAN_POINT('',(108.,-32.2130817437656,-12.0864712660767));
#7402=CARTESIAN_POINT('',(108.,-35.1907201986896,-11.7208632358613));
#7403=CARTESIAN_POINT('Origin',(108.,-33.7019009712276,-11.903667250969));
#7404=CARTESIAN_POINT('',(102.,-32.2130817437656,-12.0864712660767));
#7405=CARTESIAN_POINT('',(106.5,-32.2130817437656,-12.0864712660767));
#7406=CARTESIAN_POINT('',(102.,-35.1907201986896,-11.7208632358613));
#7407=CARTESIAN_POINT('Origin',(102.,-33.7019009712276,-11.903667250969));
#7408=CARTESIAN_POINT('',(103.5,-35.1907201986896,-11.7208632358613));
#7409=CARTESIAN_POINT('Origin',(-110.,-31.2814702638269,-12.7046136853025));
#7410=CARTESIAN_POINT('',(-110.,-31.2814702638269,-12.7046136853025));
#7411=CARTESIAN_POINT('',(-110.,-36.2442010220335,-12.0952669682768));
#7412=CARTESIAN_POINT('',(-110.,-37.8157351319135,-11.9023068426513));
#7413=CARTESIAN_POINT('',(-110.,-31.2205355921243,-12.2083406094819));
#7414=CARTESIAN_POINT('',(-110.,-31.2814702638269,-12.7046136853025));
#7415=CARTESIAN_POINT('',(-110.,-36.1832663503309,-11.5989938924562));
#7416=CARTESIAN_POINT('',(-110.,-31.2205355921243,-12.2083406094819));
#7417=CARTESIAN_POINT('',(-110.,-36.2442010220335,-12.0952669682768));
#7418=CARTESIAN_POINT('Origin',(-108.5,-31.2814702638269,-12.7046136853025));
#7419=CARTESIAN_POINT('',(-108.5,-29.7926510363649,-12.8874177004103));
#7420=CARTESIAN_POINT('Origin',(-108.5,-31.2814702638269,-12.7046136853025));
#7421=CARTESIAN_POINT('',(-108.5,-29.7317163646623,-12.3911446245896));
#7422=CARTESIAN_POINT('',(-108.5,-29.7926510363649,-12.8874177004103));
#7423=CARTESIAN_POINT('Origin',(-108.5,-31.2205355921243,-12.2083406094819));
#7424=CARTESIAN_POINT('Origin',(-101.5,-29.7926510363649,-12.8874177004103));
#7425=CARTESIAN_POINT('',(-101.5,-29.7926510363649,-12.8874177004103));
#7426=CARTESIAN_POINT('',(-50.75,-29.7926510363649,-12.8874177004103));
#7427=CARTESIAN_POINT('',(-101.5,-29.7317163646623,-12.3911446245896));
#7428=CARTESIAN_POINT('',(-101.5,-29.7926510363649,-12.8874177004103));
#7429=CARTESIAN_POINT('',(-101.5,-29.7317163646623,-12.3911446245896));
#7430=CARTESIAN_POINT('Origin',(-101.5,-31.2814702638269,-12.7046136853025));
#7431=CARTESIAN_POINT('',(-100.,-31.2814702638269,-12.7046136853025));
#7432=CARTESIAN_POINT('Origin',(-101.5,-31.2814702638269,-12.7046136853025));
#7433=CARTESIAN_POINT('',(-100.,-31.2205355921243,-12.2083406094819));
#7434=CARTESIAN_POINT('',(-100.,-31.2814702638269,-12.7046136853025));
#7435=CARTESIAN_POINT('Origin',(-101.5,-31.2205355921243,-12.2083406094819));
#7436=CARTESIAN_POINT('Origin',(-100.,-36.2442010220335,-12.0952669682768));
#7437=CARTESIAN_POINT('',(-100.,-36.2442010220335,-12.0952669682768));
#7438=CARTESIAN_POINT('',(-100.,-40.2971005110168,-11.5976334841384));
#7439=CARTESIAN_POINT('',(-100.,-36.1832663503309,-11.5989938924562));
#7440=CARTESIAN_POINT('',(-100.,-36.2442010220335,-12.0952669682768));
#7441=CARTESIAN_POINT('',(-100.,-36.1832663503309,-11.5989938924562));
#7442=CARTESIAN_POINT('Origin',(-101.5,-36.2442010220335,-12.0952669682768));
#7443=CARTESIAN_POINT('',(-101.5,-37.7330202494955,-11.9124629531691));
#7444=CARTESIAN_POINT('Origin',(-101.5,-36.2442010220335,-12.0952669682768));
#7445=CARTESIAN_POINT('',(-101.5,-37.6720855777929,-11.4161898773484));
#7446=CARTESIAN_POINT('',(-101.5,-37.7330202494955,-11.9124629531691));
#7447=CARTESIAN_POINT('Origin',(-101.5,-36.1832663503309,-11.5989938924562));
#7448=CARTESIAN_POINT('Origin',(-108.5,-37.7330202494955,-11.9124629531691));
#7449=CARTESIAN_POINT('',(-108.5,-37.7330202494955,-11.9124629531691));
#7450=CARTESIAN_POINT('',(-54.25,-37.7330202494955,-11.9124629531691));
#7451=CARTESIAN_POINT('',(-108.5,-37.6720855777929,-11.4161898773484));
#7452=CARTESIAN_POINT('',(-108.5,-37.7330202494955,-11.9124629531691));
#7453=CARTESIAN_POINT('',(-108.5,-37.6720855777929,-11.4161898773484));
#7454=CARTESIAN_POINT('Origin',(-108.5,-36.2442010220335,-12.0952669682768));
#7455=CARTESIAN_POINT('Origin',(-108.5,-36.2442010220335,-12.0952669682768));
#7456=CARTESIAN_POINT('Origin',(-108.5,-36.1832663503309,-11.5989938924562));
#7457=CARTESIAN_POINT('Origin',(-105.,-33.7019009712276,-11.903667250969));
#7458=CARTESIAN_POINT('',(-102.,-32.2130817437656,-12.0864712660767));
#7459=CARTESIAN_POINT('',(-102.,-35.1907201986896,-11.7208632358613));
#7460=CARTESIAN_POINT('Origin',(-102.,-33.7019009712276,-11.903667250969));
#7461=CARTESIAN_POINT('',(-108.,-32.2130817437656,-12.0864712660767));
#7462=CARTESIAN_POINT('',(-103.5,-32.2130817437656,-12.0864712660767));
#7463=CARTESIAN_POINT('',(-108.,-35.1907201986896,-11.7208632358613));
#7464=CARTESIAN_POINT('Origin',(-108.,-33.7019009712276,-11.903667250969));
#7465=CARTESIAN_POINT('',(-106.5,-35.1907201986896,-11.7208632358613));
#7466=CARTESIAN_POINT('Origin',(101.5,25.7899334555491,-19.7121009310984));
#7467=CARTESIAN_POINT('',(101.5,25.7899334555491,-19.7121009310984));
#7468=CARTESIAN_POINT('',(108.5,25.7899334555491,-19.7121009310984));
#7469=CARTESIAN_POINT('',(50.75,25.7899334555491,-19.7121009310984));
#7470=CARTESIAN_POINT('',(101.5,25.8508681272517,-19.2158278552777));
#7471=CARTESIAN_POINT('',(101.5,25.7899334555491,-19.7121009310984));
#7472=CARTESIAN_POINT('',(108.5,25.8508681272517,-19.2158278552777));
#7473=CARTESIAN_POINT('',(101.5,25.8508681272517,-19.2158278552777));
#7474=CARTESIAN_POINT('',(108.5,25.7899334555491,-19.7121009310984));
#7475=CARTESIAN_POINT('Origin',(101.5,27.2787526830111,-19.8949049462061));
#7476=CARTESIAN_POINT('',(100.,27.2787526830111,-19.8949049462061));
#7477=CARTESIAN_POINT('Origin',(101.5,27.2787526830112,-19.8949049462058));
#7478=CARTESIAN_POINT('',(100.,27.3396873547137,-19.3986318703854));
#7479=CARTESIAN_POINT('',(100.,27.2787526830111,-19.8949049462061));
#7480=CARTESIAN_POINT('Origin',(101.5,27.3396873547137,-19.3986318703854));
#7481=CARTESIAN_POINT('Origin',(100.,32.2414834412177,-20.5042516632318));
#7482=CARTESIAN_POINT('',(100.,32.2414834412177,-20.5042516632318));
#7483=CARTESIAN_POINT('',(100.,-6.05425827939113,-15.8021258316159));
#7484=CARTESIAN_POINT('',(100.,32.3024181129203,-20.0079785874112));
#7485=CARTESIAN_POINT('',(100.,32.2414834412177,-20.5042516632318));
#7486=CARTESIAN_POINT('',(100.,32.3024181129203,-20.0079785874112));
#7487=CARTESIAN_POINT('Origin',(101.5,32.2414834412177,-20.5042516632318));
#7488=CARTESIAN_POINT('',(101.5,33.7303026686797,-20.6870556783395));
#7489=CARTESIAN_POINT('Origin',(101.5,32.2414834412178,-20.5042516632315));
#7490=CARTESIAN_POINT('',(101.5,33.7912373403823,-20.1907826025189));
#7491=CARTESIAN_POINT('',(101.5,33.7303026686797,-20.6870556783395));
#7492=CARTESIAN_POINT('Origin',(101.5,32.3024181129203,-20.0079785874112));
#7493=CARTESIAN_POINT('Origin',(108.5,33.7303026686797,-20.6870556783395));
#7494=CARTESIAN_POINT('',(108.5,33.7303026686797,-20.6870556783395));
#7495=CARTESIAN_POINT('',(54.25,33.7303026686797,-20.6870556783395));
#7496=CARTESIAN_POINT('',(108.5,33.7912373403823,-20.1907826025189));
#7497=CARTESIAN_POINT('',(108.5,33.7303026686797,-20.6870556783395));
#7498=CARTESIAN_POINT('',(108.5,33.7912373403823,-20.1907826025189));
#7499=CARTESIAN_POINT('Origin',(108.5,32.2414834412177,-20.5042516632318));
#7500=CARTESIAN_POINT('',(110.,32.2414834412177,-20.5042516632318));
#7501=CARTESIAN_POINT('Origin',(108.5,32.2414834412178,-20.5042516632315));
#7502=CARTESIAN_POINT('',(110.,32.3024181129203,-20.0079785874112));
#7503=CARTESIAN_POINT('',(110.,32.2414834412177,-20.5042516632318));
#7504=CARTESIAN_POINT('Origin',(108.5,32.3024181129203,-20.0079785874111));
#7505=CARTESIAN_POINT('Origin',(110.,27.2787526830111,-19.8949049462061));
#7506=CARTESIAN_POINT('',(110.,27.2787526830111,-19.8949049462061));
#7507=CARTESIAN_POINT('',(110.,-8.53562365849444,-15.497452473103));
#7508=CARTESIAN_POINT('',(110.,27.3396873547137,-19.3986318703854));
#7509=CARTESIAN_POINT('',(110.,27.2787526830111,-19.8949049462061));
#7510=CARTESIAN_POINT('',(110.,27.3396873547137,-19.3986318703854));
#7511=CARTESIAN_POINT('Origin',(108.5,27.2787526830111,-19.8949049462061));
#7512=CARTESIAN_POINT('Origin',(108.5,27.2787526830112,-19.8949049462058));
#7513=CARTESIAN_POINT('Origin',(108.5,27.3396873547137,-19.3986318703854));
#7514=CARTESIAN_POINT('Origin',(105.,29.821052733817,-19.7033052288983));
#7515=CARTESIAN_POINT('',(108.,31.309871961279,-19.886109244006));
#7516=CARTESIAN_POINT('Origin',(108.,29.821052733817,-19.7033052288983));
#7517=CARTESIAN_POINT('',(106.5,31.309871961279,-19.886109244006));
#7518=CARTESIAN_POINT('Origin',(-110.,32.2414834412177,-20.5042516632318));
#7519=CARTESIAN_POINT('',(-110.,32.2414834412177,-20.5042516632318));
#7520=CARTESIAN_POINT('',(-110.,27.2787526830111,-19.8949049462061));
#7521=CARTESIAN_POINT('',(-110.,-6.05425827939113,-15.8021258316159));
#7522=CARTESIAN_POINT('',(-110.,32.3024181129203,-20.0079785874112));
#7523=CARTESIAN_POINT('',(-110.,32.2414834412177,-20.5042516632318));
#7524=CARTESIAN_POINT('',(-110.,27.3396873547137,-19.3986318703854));
#7525=CARTESIAN_POINT('',(-110.,32.3024181129203,-20.0079785874112));
#7526=CARTESIAN_POINT('',(-110.,27.2787526830111,-19.8949049462061));
#7527=CARTESIAN_POINT('Origin',(-108.5,32.2414834412177,-20.5042516632318));
#7528=CARTESIAN_POINT('',(-108.5,33.7303026686797,-20.6870556783395));
#7529=CARTESIAN_POINT('Origin',(-108.5,32.2414834412178,-20.5042516632315));
#7530=CARTESIAN_POINT('',(-108.5,33.7912373403823,-20.1907826025189));
#7531=CARTESIAN_POINT('',(-108.5,33.7303026686797,-20.6870556783395));
#7532=CARTESIAN_POINT('Origin',(-108.5,32.3024181129203,-20.0079785874112));
#7533=CARTESIAN_POINT('Origin',(-101.5,33.7303026686797,-20.6870556783395));
#7534=CARTESIAN_POINT('',(-101.5,33.7303026686797,-20.6870556783395));
#7535=CARTESIAN_POINT('',(-50.75,33.7303026686797,-20.6870556783395));
#7536=CARTESIAN_POINT('',(-101.5,33.7912373403823,-20.1907826025189));
#7537=CARTESIAN_POINT('',(-101.5,33.7303026686797,-20.6870556783395));
#7538=CARTESIAN_POINT('',(-101.5,33.7912373403823,-20.1907826025189));
#7539=CARTESIAN_POINT('Origin',(-101.5,32.2414834412177,-20.5042516632318));
#7540=CARTESIAN_POINT('',(-100.,32.2414834412177,-20.5042516632318));
#7541=CARTESIAN_POINT('Origin',(-101.5,32.2414834412178,-20.5042516632315));
#7542=CARTESIAN_POINT('',(-100.,32.3024181129203,-20.0079785874112));
#7543=CARTESIAN_POINT('',(-100.,32.2414834412177,-20.5042516632318));
#7544=CARTESIAN_POINT('Origin',(-101.5,32.3024181129203,-20.0079785874111));
#7545=CARTESIAN_POINT('Origin',(-100.,27.2787526830111,-19.8949049462061));
#7546=CARTESIAN_POINT('',(-100.,27.2787526830111,-19.8949049462061));
#7547=CARTESIAN_POINT('',(-100.,-8.53562365849444,-15.497452473103));
#7548=CARTESIAN_POINT('',(-100.,27.3396873547137,-19.3986318703854));
#7549=CARTESIAN_POINT('',(-100.,27.2787526830111,-19.8949049462061));
#7550=CARTESIAN_POINT('',(-100.,27.3396873547137,-19.3986318703854));
#7551=CARTESIAN_POINT('Origin',(-101.5,27.2787526830111,-19.8949049462061));
#7552=CARTESIAN_POINT('',(-101.5,25.7899334555491,-19.7121009310984));
#7553=CARTESIAN_POINT('Origin',(-101.5,27.2787526830112,-19.8949049462058));
#7554=CARTESIAN_POINT('',(-101.5,25.8508681272517,-19.2158278552777));
#7555=CARTESIAN_POINT('',(-101.5,25.7899334555491,-19.7121009310984));
#7556=CARTESIAN_POINT('Origin',(-101.5,27.3396873547137,-19.3986318703854));
#7557=CARTESIAN_POINT('Origin',(-108.5,25.7899334555491,-19.7121009310984));
#7558=CARTESIAN_POINT('',(-108.5,25.7899334555491,-19.7121009310984));
#7559=CARTESIAN_POINT('',(-54.25,25.7899334555491,-19.7121009310984));
#7560=CARTESIAN_POINT('',(-108.5,25.8508681272517,-19.2158278552777));
#7561=CARTESIAN_POINT('',(-108.5,25.7899334555491,-19.7121009310984));
#7562=CARTESIAN_POINT('',(-108.5,25.8508681272517,-19.2158278552777));
#7563=CARTESIAN_POINT('Origin',(-108.5,27.2787526830111,-19.8949049462061));
#7564=CARTESIAN_POINT('Origin',(-108.5,27.2787526830112,-19.8949049462058));
#7565=CARTESIAN_POINT('Origin',(-108.5,27.3396873547137,-19.3986318703854));
#7566=CARTESIAN_POINT('Origin',(-105.,29.821052733817,-19.7033052288983));
#7567=CARTESIAN_POINT('',(-102.,31.309871961279,-19.886109244006));
#7568=CARTESIAN_POINT('Origin',(-102.,29.821052733817,-19.7033052288983));
#7569=CARTESIAN_POINT('',(-103.5,31.309871961279,-19.886109244006));
#7570=CARTESIAN_POINT('Origin',(108.,-32.2740164154682,-12.5827443418974));
#7571=CARTESIAN_POINT('',(108.,-31.9568952855239,-10.));
#7572=CARTESIAN_POINT('',(108.,-32.2740164154682,-12.5827443418974));
#7573=CARTESIAN_POINT('',(102.,-31.9568952855239,-10.));
#7574=CARTESIAN_POINT('',(54.,-31.9568952855239,-10.));
#7575=CARTESIAN_POINT('',(102.,-32.2740164154682,-12.5827443418974));
#7576=CARTESIAN_POINT('Origin',(108.,-33.7628356429302,-12.3999403267897));
#7577=CARTESIAN_POINT('',(108.,-34.9794247619004,-10.));
#7578=CARTESIAN_POINT('',(108.,-35.2516548703922,-12.217136311682));
#7579=CARTESIAN_POINT('Origin',(108.,-33.4681600237122,-10.));
#7580=CARTESIAN_POINT('Origin',(-102.,-32.2740164154682,-12.5827443418974));
#7581=CARTESIAN_POINT('',(-102.,-31.9568952855239,-10.));
#7582=CARTESIAN_POINT('',(-102.,-32.2740164154682,-12.5827443418974));
#7583=CARTESIAN_POINT('',(-108.,-31.9568952855239,-10.));
#7584=CARTESIAN_POINT('',(-51.,-31.9568952855239,-10.));
#7585=CARTESIAN_POINT('',(-108.,-32.2740164154682,-12.5827443418974));
#7586=CARTESIAN_POINT('Origin',(-102.,-33.7628356429302,-12.3999403267897));
#7587=CARTESIAN_POINT('',(-102.,-34.9794247619004,-10.));
#7588=CARTESIAN_POINT('',(-102.,-35.2516548703922,-12.217136311682));
#7589=CARTESIAN_POINT('Origin',(-102.,-33.4681600237122,-10.));
#7590=CARTESIAN_POINT('Origin',(108.,31.2489372895764,-20.3823823198267));
#7591=CARTESIAN_POINT('',(108.,31.2489372895764,-20.3823823198267));
#7592=CARTESIAN_POINT('Origin',(108.,29.7601180621144,-20.199578304719));
#7593=CARTESIAN_POINT('Origin',(-102.,31.2489372895764,-20.3823823198267));
#7594=CARTESIAN_POINT('',(-102.,31.2489372895764,-20.3823823198267));
#7595=CARTESIAN_POINT('Origin',(-102.,29.7601180621144,-20.199578304719));
#7596=CARTESIAN_POINT('Origin',(102.,-35.2516548703922,-12.217136311682));
#7597=CARTESIAN_POINT('',(102.,-34.9794247619004,-10.));
#7598=CARTESIAN_POINT('',(102.,-35.2516548703922,-12.217136311682));
#7599=CARTESIAN_POINT('',(51.,-34.9794247619004,-10.));
#7600=CARTESIAN_POINT('Origin',(102.,-33.7628356429302,-12.3999403267897));
#7601=CARTESIAN_POINT('Origin',(102.,-33.4681600237122,-10.));
#7602=CARTESIAN_POINT('Origin',(-108.,-35.2516548703922,-12.217136311682));
#7603=CARTESIAN_POINT('',(-108.,-34.9794247619004,-10.));
#7604=CARTESIAN_POINT('',(-108.,-35.2516548703922,-12.217136311682));
#7605=CARTESIAN_POINT('',(-54.,-34.9794247619004,-10.));
#7606=CARTESIAN_POINT('Origin',(-108.,-33.7628356429302,-12.3999403267897));
#7607=CARTESIAN_POINT('Origin',(-108.,-33.4681600237122,-10.));
#7608=CARTESIAN_POINT('Origin',(-4.97,39.2687345426853,-15.5587954603097));
#7609=CARTESIAN_POINT('',(-4.47,39.2486261010234,-15.7225655753305));
#7610=CARTESIAN_POINT('',(-4.97,39.7448991768441,-15.7835002470331));
#7611=CARTESIAN_POINT('Origin',(-4.97,39.2486261010234,-15.7225655753305));
#7612=CARTESIAN_POINT('',(-4.97,39.8984545495345,-14.532892095965));
#7613=CARTESIAN_POINT('',(-4.97,39.7650076185059,-15.6197301320122));
#7614=CARTESIAN_POINT('',(-4.47,39.4021814737139,-14.4719574242624));
#7615=CARTESIAN_POINT('Origin',(-4.97,39.4021814737139,-14.4719574242624));
#7616=CARTESIAN_POINT('',(-4.47,39.2687345426853,-15.5587954603097));
#7617=CARTESIAN_POINT('Origin',(-3.47,39.4021814737139,-14.4719574242624));
#7618=CARTESIAN_POINT('',(-3.47,40.0812585646423,-13.044072868503));
#7619=CARTESIAN_POINT('',(-3.47,39.524050817119,-13.4794112726211));
#7620=CARTESIAN_POINT('Origin',(-3.47,39.5849854888216,-12.9831381968004));
#7621=CARTESIAN_POINT('Origin',(-3.47,39.4021814737139,-14.4719574242624));
#7622=CARTESIAN_POINT('Origin',(-3.47,39.8984545495345,-14.532892095965));
#7623=CARTESIAN_POINT('Origin',(-1.735,39.5849854888216,-12.9831381968004));
#7624=CARTESIAN_POINT('',(3.47,40.0812585646423,-13.044072868503));
#7625=CARTESIAN_POINT('',(3.47,39.524050817119,-13.4794112726211));
#7626=CARTESIAN_POINT('Origin',(3.47,39.5849854888216,-12.9831381968004));
#7627=CARTESIAN_POINT('',(-1.735,39.524050817119,-13.4794112726211));
#7628=CARTESIAN_POINT('',(-1.735,40.0812585646423,-13.044072868503));
#7629=CARTESIAN_POINT('Origin',(3.47,39.4021814737139,-14.4719574242624));
#7630=CARTESIAN_POINT('',(4.97,39.8984545495345,-14.532892095965));
#7631=CARTESIAN_POINT('',(4.47,39.4021814737139,-14.4719574242624));
#7632=CARTESIAN_POINT('Origin',(4.97,39.4021814737139,-14.4719574242624));
#7633=CARTESIAN_POINT('Origin',(3.47,39.4021814737139,-14.4719574242624));
#7634=CARTESIAN_POINT('Origin',(3.47,39.8984545495345,-14.532892095965));
#7635=CARTESIAN_POINT('Origin',(4.97,39.3455122290305,-14.9334913847756));
#7636=CARTESIAN_POINT('',(4.97,39.7448991768441,-15.7835002470331));
#7637=CARTESIAN_POINT('',(4.47,39.2486261010234,-15.7225655753305));
#7638=CARTESIAN_POINT('Origin',(4.97,39.2486261010234,-15.7225655753305));
#7639=CARTESIAN_POINT('',(4.47,39.3455122290305,-14.9334913847756));
#7640=CARTESIAN_POINT('',(4.97,39.8417853048512,-14.9944260564782));
#7641=CARTESIAN_POINT('Origin',(3.47,39.2486261010234,-15.7225655753305));
#7642=CARTESIAN_POINT('',(3.47,39.5620951617364,-17.272319474495));
#7643=CARTESIAN_POINT('',(3.47,39.1267567576183,-16.7151117269718));
#7644=CARTESIAN_POINT('Origin',(3.47,39.0658220859157,-17.2113848027925));
#7645=CARTESIAN_POINT('Origin',(3.47,39.2486261010234,-15.7225655753305));
#7646=CARTESIAN_POINT('Origin',(3.47,39.7448991768441,-15.7835002470331));
#7647=CARTESIAN_POINT('Origin',(1.735,39.0658220859157,-17.2113848027925));
#7648=CARTESIAN_POINT('',(-3.46999999963432,39.5620951617364,-17.272319474495));
#7649=CARTESIAN_POINT('',(-3.46999999963432,39.1267567576183,-16.7151117269718));
#7650=CARTESIAN_POINT('Origin',(-3.46999999963432,39.0658220859157,-17.2113848027925));
#7651=CARTESIAN_POINT('',(1.735,39.1267567576183,-16.7151117269718));
#7652=CARTESIAN_POINT('',(1.735,39.5620951617364,-17.272319474495));
#7653=CARTESIAN_POINT('Origin',(-3.47,39.2486261010234,-15.7225655753305));
#7654=CARTESIAN_POINT('Origin',(-3.47,39.2486261010234,-15.7225655753305));
#7655=CARTESIAN_POINT('Origin',(-3.47,39.7448991768441,-15.7835002470331));
#7656=CARTESIAN_POINT('Origin',(3.47,38.4956722385894,-15.6301144659514));
#7657=CARTESIAN_POINT('',(3.47,38.3738028951842,-16.6226606175927));
#7658=CARTESIAN_POINT('',(3.47,38.3738028951842,-16.6226606175927));
#7659=CARTESIAN_POINT('',(4.47,38.4956722385894,-15.6301144659514));
#7660=CARTESIAN_POINT('Origin',(3.47,38.4956722385894,-15.6301144659514));
#7661=CARTESIAN_POINT('',(4.47,38.4956722385894,-15.6301144659514));
#7662=CARTESIAN_POINT('Origin',(3.47,38.3738028951842,-16.6226606175927));
#7663=CARTESIAN_POINT('',(-3.46999999963432,38.3738028951842,-16.6226606175927));
#7664=CARTESIAN_POINT('',(-3.46999999963432,38.3738028951842,-16.6226606175927));
#7665=CARTESIAN_POINT('',(1.735,38.3738028951842,-16.6226606175927));
#7666=CARTESIAN_POINT('Origin',(-3.47,38.4956722385894,-15.6301144659514));
#7667=CARTESIAN_POINT('',(-4.47,38.4956722385894,-15.6301144659514));
#7668=CARTESIAN_POINT('',(-4.47,38.4956722385894,-15.6301144659514));
#7669=CARTESIAN_POINT('Origin',(-3.47,38.4956722385894,-15.6301144659514));
#7670=CARTESIAN_POINT('Origin',(-4.47,38.4956722385894,-15.6301144659514));
#7671=CARTESIAN_POINT('',(-4.47,38.6492276112799,-14.3795063148833));
#7672=CARTESIAN_POINT('',(-4.47,38.6492276112799,-14.3795063148833));
#7673=CARTESIAN_POINT('',(-4.47,38.2763074204601,-17.4166975389058));
#7674=CARTESIAN_POINT('Origin',(-1.11022302462516E-15,39.7851160601678,
-15.4559600169915));
#7675=CARTESIAN_POINT('',(-8.47,39.1355524598184,-20.7462310052397));
#7676=CARTESIAN_POINT('',(8.47,39.1355524598184,-20.7462310052397));
#7677=CARTESIAN_POINT('',(-5.55111512312578E-16,39.1355524598184,-20.7462310052397));
#7678=CARTESIAN_POINT('',(-8.47,39.8984545495345,-14.532892095965));
#7679=CARTESIAN_POINT('',(-8.47,39.0624308537753,-21.3417586962245));
#7680=CARTESIAN_POINT('',(-3.47,40.5078012665602,-9.57016133775841));
#7681=CARTESIAN_POINT('Origin',(-3.47,39.8984545495345,-14.532892095965));
#7682=CARTESIAN_POINT('',(3.47,40.5078012665602,-9.57016133775841));
#7683=CARTESIAN_POINT('',(3.47,40.5078012665602,-9.57016133775841));
#7684=CARTESIAN_POINT('',(8.47,39.8984545495345,-14.532892095965));
#7685=CARTESIAN_POINT('Origin',(3.47,39.8984545495345,-14.532892095965));
#7686=CARTESIAN_POINT('',(8.47,39.7448991768441,-15.7835002470331));
#7687=CARTESIAN_POINT('Origin',(9.07,-0.585570663786607,-15.8690903439377));
#7688=CARTESIAN_POINT('',(8.47,41.120644763101,-20.98996969205));
#7689=CARTESIAN_POINT('',(8.47,-0.585570663786607,-15.8690903439377));
#7690=CARTESIAN_POINT('',(9.07,41.0475231570579,-21.5854973830348));
#7691=CARTESIAN_POINT('Origin',(9.07,41.120644763101,-20.98996969205));
#7692=CARTESIAN_POINT('',(9.07,38.4669031627905,-21.2686370901814));
#7693=CARTESIAN_POINT('',(9.07,-0.658692269829694,-16.4646180349225));
#7694=CARTESIAN_POINT('Origin',(9.07,38.5400247688336,-20.6731093991966));
#7695=CARTESIAN_POINT('Origin',(-3.47,43.273111465115,-14.9472478635425));
#7696=CARTESIAN_POINT('',(-7.0467310167083,43.6989047998338,-11.4794394388705));
#7697=CARTESIAN_POINT('',(-8.47,43.273111465115,-14.9472478635425));
#7698=CARTESIAN_POINT('Origin',(-3.47,43.273111465115,-14.9472478635425));
#7699=CARTESIAN_POINT('',(-9.07,43.8686391560998,-15.0203694695856));
#7700=CARTESIAN_POINT('Origin',(-9.07,43.273111465115,-14.9472478635425));
#7701=CARTESIAN_POINT('',(-7.45747509152316,44.3478204010742,-11.117751408726));
#7702=CARTESIAN_POINT('Origin',(-3.47,43.8686391560998,-15.0203694695856));
#7703=CARTESIAN_POINT('Ctrl Pts',(-7.45749068632467,44.3477407922999,-11.1177380651926));
#7704=CARTESIAN_POINT('Ctrl Pts',(-7.43599882743977,44.3450982750181,-11.13857569046));
#7705=CARTESIAN_POINT('Ctrl Pts',(-7.41466525107724,44.3401753720778,-11.1591224002027));
#7706=CARTESIAN_POINT('Ctrl Pts',(-7.3936519395134,44.3331122569862,-11.179224183262));
#7707=CARTESIAN_POINT('Ctrl Pts',(-7.37235045160254,44.325952278404,-11.1996016419755));
#7708=CARTESIAN_POINT('Ctrl Pts',(-7.35137719810131,44.3165926023278,-11.2195227534346));
#7709=CARTESIAN_POINT('Ctrl Pts',(-7.33090717628191,44.3051273106576,-11.2388208415178));
#7710=CARTESIAN_POINT('Ctrl Pts',(-7.3191492791434,44.2985416938317,-11.2499055846926));
#7711=CARTESIAN_POINT('Ctrl Pts',(-7.30755759822216,44.2912604482234,-11.260784589911));
#7712=CARTESIAN_POINT('Ctrl Pts',(-7.2961679503953,44.2832945522656,-11.271423632704));
#7713=CARTESIAN_POINT('Ctrl Pts',(-7.27634208072358,44.2694283803277,-11.2899429301444));
#7714=CARTESIAN_POINT('Ctrl Pts',(-7.25727428835031,44.2535931495129,-11.3075982561752));
#7715=CARTESIAN_POINT('Ctrl Pts',(-7.23913670315385,44.235899391867,-11.324233138968));
#7716=CARTESIAN_POINT('Ctrl Pts',(-7.22917037911982,44.2261769442441,-11.333373751149));
#7717=CARTESIAN_POINT('Ctrl Pts',(-7.21948509842383,44.2158924713075,-11.3422060514931));
#7718=CARTESIAN_POINT('Ctrl Pts',(-7.21011165245914,44.2050584425265,-11.3507016863546));
#7719=CARTESIAN_POINT('Ctrl Pts',(-7.19283515505755,44.1850898983231,-11.3663602620974));
#7720=CARTESIAN_POINT('Ctrl Pts',(-7.17661605084915,44.1632561694392,-11.3808771413952));
#7721=CARTESIAN_POINT('Ctrl Pts',(-7.16157884281928,44.1397847513947,-11.3941387721623));
#7722=CARTESIAN_POINT('Ctrl Pts',(-7.146863568573,44.1168158363681,-11.4071164827389));
#7723=CARTESIAN_POINT('Ctrl Pts',(-7.13338802202345,44.0924470439029,-11.4187968452405));
#7724=CARTESIAN_POINT('Ctrl Pts',(-7.12124684971366,44.0669226055524,-11.4291027194119));
#7725=CARTESIAN_POINT('Ctrl Pts',(-7.10906579027766,44.0413143123263,-11.439442451245));
#7726=CARTESIAN_POINT('Ctrl Pts',(-7.09822734323767,44.0145416567486,-11.4483991745801));
#7727=CARTESIAN_POINT('Ctrl Pts',(-7.0888557203615,43.9868210705798,-11.4558649777055));
#7728=CARTESIAN_POINT('Ctrl Pts',(-7.08773895114091,43.9835177475781,-11.4567546399601));
#7729=CARTESIAN_POINT('Ctrl Pts',(-7.08664305026117,43.9802009400538,-11.4576230902769));
#7730=CARTESIAN_POINT('Ctrl Pts',(-7.08556826068727,43.9768709973186,-11.4584701121475));
#7731=CARTESIAN_POINT('Ctrl Pts',(-7.08138541872983,43.9639116008684,-11.4617665328657));
#7732=CARTESIAN_POINT('Ctrl Pts',(-7.07752219870005,43.9507532835193,-11.4647385304303));
#7733=CARTESIAN_POINT('Ctrl Pts',(-7.07398377204466,43.9374198171232,-11.4673821119524));
#7734=CARTESIAN_POINT('Ctrl Pts',(-7.06635870175349,43.9086870982072,-11.4730788514611));
#7735=CARTESIAN_POINT('Ctrl Pts',(-7.06029589413423,43.8793530708386,-11.4772114453531));
#7736=CARTESIAN_POINT('Ctrl Pts',(-7.05580712126138,43.849673216859,-11.479784587533));
#7737=CARTESIAN_POINT('Ctrl Pts',(-7.05132405311055,43.8200310826129,-11.4823544595406));
#7738=CARTESIAN_POINT('Ctrl Pts',(-7.04841087924551,43.7900427536649,-11.4833689577874));
#7739=CARTESIAN_POINT('Ctrl Pts',(-7.04711434659883,43.7599507052488,-11.4827978082897));
#7740=CARTESIAN_POINT('Ctrl Pts',(-7.04630294900581,43.7411184639501,-11.4824403708361));
#7741=CARTESIAN_POINT('Ctrl Pts',(-7.04612541279871,43.7222454286239,-11.4814612134128));
#7742=CARTESIAN_POINT('Ctrl Pts',(-7.04660060219022,43.7033919219964,-11.4798455899172));
#7743=CARTESIAN_POINT('Ctrl Pts',(-7.04663830965492,43.7018958491708,-11.4797173861588));
#7744=CARTESIAN_POINT('Ctrl Pts',(-7.04668012399488,43.7004001779902,-11.4795851961568));
#7745=CARTESIAN_POINT('Ctrl Pts',(-7.04672605174514,43.6989049385939,-11.4794490154778));
#7746=CARTESIAN_POINT('Origin',(9.07,42.4370877693558,-21.756114463802));
#7747=CARTESIAN_POINT('',(9.07,43.2763541471509,-19.8441437665624));
#7748=CARTESIAN_POINT('',(8.47,42.6808264561661,-19.7710221605193));
#7749=CARTESIAN_POINT('Origin',(9.07,42.6808264561661,-19.7710221605193));
#7750=CARTESIAN_POINT('',(8.47,43.2731114651151,-14.9472478635425));
#7751=CARTESIAN_POINT('',(8.47,42.4370877693558,-21.756114463802));
#7752=CARTESIAN_POINT('',(9.07,43.8686391560998,-15.0203694695856));
#7753=CARTESIAN_POINT('Origin',(9.07,43.2731114651151,-14.9472478635425));
#7754=CARTESIAN_POINT('',(9.07,43.0326154603406,-21.8292360698451));
#7755=CARTESIAN_POINT('Origin',(3.47,43.273111465115,-14.9472478635425));
#7756=CARTESIAN_POINT('',(7.45747509152316,44.3478204010742,-11.117751408726));
#7757=CARTESIAN_POINT('Origin',(3.47,43.8686391560998,-15.0203694695856));
#7758=CARTESIAN_POINT('',(7.04673101670832,43.6989047998338,-11.4794394388706));
#7759=CARTESIAN_POINT('Origin',(3.47,43.273111465115,-14.9472478635425));
#7760=CARTESIAN_POINT('Ctrl Pts',(7.04672605174516,43.6989049385939,-11.4794490154778));
#7761=CARTESIAN_POINT('Ctrl Pts',(7.0466867589715,43.7001841674445,-11.4795655227434));
#7762=CARTESIAN_POINT('Ctrl Pts',(7.0466504769491,43.7014637128864,-11.4796791091204));
#7763=CARTESIAN_POINT('Ctrl Pts',(7.04661720158777,43.7027435560451,-11.4797897773923));
#7764=CARTESIAN_POINT('Ctrl Pts',(7.04583696481575,43.7327531684076,-11.48238471406));
#7765=CARTESIAN_POINT('Ctrl Pts',(7.04670929941768,43.7628138845325,-11.4833683982567));
#7766=CARTESIAN_POINT('Ctrl Pts',(7.04916487616565,43.7926840268201,-11.4827936341092));
#7767=CARTESIAN_POINT('Ctrl Pts',(7.05163964160086,43.8227875842589,-11.482214378565));
#7768=CARTESIAN_POINT('Ctrl Pts',(7.05572261372636,43.8526988254634,-11.4800521239186));
#7769=CARTESIAN_POINT('Ctrl Pts',(7.06137977886305,43.8821700897034,-11.4763242820131));
#7770=CARTESIAN_POINT('Ctrl Pts',(7.06495282044273,43.9007840155816,-11.4739697928283));
#7771=CARTESIAN_POINT('Ctrl Pts',(7.06915455863501,43.9192223627462,-11.4709900451335));
#7772=CARTESIAN_POINT('Ctrl Pts',(7.07398361276077,43.9374192169104,-11.4673822309543));
#7773=CARTESIAN_POINT('Ctrl Pts',(7.07752208273281,43.9507528885506,-11.4647386196371));
#7774=CARTESIAN_POINT('Ctrl Pts',(7.08138535593245,43.9639114063286,-11.4617665823429));
#7775=CARTESIAN_POINT('Ctrl Pts',(7.08556826067947,43.9768709973185,-11.4584701121394));
#7776=CARTESIAN_POINT('Ctrl Pts',(7.09458258939735,44.0047994394652,-11.4513660856745));
#7777=CARTESIAN_POINT('Ctrl Pts',(7.10507912499354,44.0318054087264,-11.442757641659));
#7778=CARTESIAN_POINT('Ctrl Pts',(7.1169299080691,44.0576753176644,-11.4327566134091));
#7779=CARTESIAN_POINT('Ctrl Pts',(7.12875642038294,44.0834922442475,-11.4227760675672));
#7780=CARTESIAN_POINT('Ctrl Pts',(7.14193217700661,44.1081788668941,-11.4114081152089));
#7781=CARTESIAN_POINT('Ctrl Pts',(7.1563593555802,44.1314949331644,-11.3987332157862));
#7782=CARTESIAN_POINT('Ctrl Pts',(7.15808133536689,44.13427786086,-11.3972203821789));
#7783=CARTESIAN_POINT('Ctrl Pts',(7.15982117179376,44.1370412191855,-11.3956888991599));
#7784=CARTESIAN_POINT('Ctrl Pts',(7.16157872095883,44.1397845611839,-11.3941388796336));
#7785=CARTESIAN_POINT('Ctrl Pts',(7.17661596314608,44.1632560514004,-11.3808772198886));
#7786=CARTESIAN_POINT('Ctrl Pts',(7.19283510831544,44.185089844302,-11.3663603044547));
#7787=CARTESIAN_POINT('Ctrl Pts',(7.21011165245569,44.2050584425265,-11.350701686351));
#7788=CARTESIAN_POINT('Ctrl Pts',(7.22717026649654,44.2247751524936,-11.3352405894745));
#7789=CARTESIAN_POINT('Ctrl Pts',(7.24526050568637,44.2426743027641,-11.3186656989641));
#7790=CARTESIAN_POINT('Ctrl Pts',(7.26420133882395,44.2586708307967,-11.3011430792761));
#7791=CARTESIAN_POINT('Ctrl Pts',(7.27460903482344,44.2674606765021,-11.2915146697177));
#7792=CARTESIAN_POINT('Ctrl Pts',(7.2852739397332,44.2756753038813,-11.2815997020054));
#7793=CARTESIAN_POINT('Ctrl Pts',(7.2961679498196,44.2832945518629,-11.2714236332419));
#7794=CARTESIAN_POINT('Ctrl Pts',(7.31596020171164,44.2971372116441,-11.2529357380921));
#7795=CARTESIAN_POINT('Ctrl Pts',(7.33636139612885,44.3089148596522,-11.2337243571129));
#7796=CARTESIAN_POINT('Ctrl Pts',(7.35718797696755,44.3185605510466,-11.2139647151205));
#7797=CARTESIAN_POINT('Ctrl Pts',(7.37785699377688,44.3281332677163,-11.1943545652044));
#7798=CARTESIAN_POINT('Ctrl Pts',(7.39894585360621,44.3356065693453,-11.1742035556159));
#7799=CARTESIAN_POINT('Ctrl Pts',(7.42028855815273,44.3408685922982,-11.1536696178156));
#7800=CARTESIAN_POINT('Ctrl Pts',(7.43261495487712,44.3439076533671,-11.1418103212073));
#7801=CARTESIAN_POINT('Ctrl Pts',(7.44502620484561,44.346208230231,-11.1298231154251));
#7802=CARTESIAN_POINT('Ctrl Pts',(7.45749068632467,44.3477407922999,-11.1177380651926));
#7803=CARTESIAN_POINT('Ctrl Pts',(7.07821249205816,43.6993804040947,-11.5122635250972));
#7804=CARTESIAN_POINT('Ctrl Pts',(6.14807011566335,43.685200467222,-10.5336274849392));
#7805=CARTESIAN_POINT('Ctrl Pts',(4.81362005848358,43.6768783939569,-9.95927508131323));
#7806=CARTESIAN_POINT('Ctrl Pts',(3.47,43.6768783939569,-9.95927508131323));
#7807=CARTESIAN_POINT('Ctrl Pts',(7.07243326830567,43.7936296290672,-11.5177661647047));
#7808=CARTESIAN_POINT('Ctrl Pts',(6.14208477085581,43.7806102599247,-10.5423306953684));
#7809=CARTESIAN_POINT('Ctrl Pts',(4.81039279487046,43.772898407525,-9.97106485651707));
#7810=CARTESIAN_POINT('Ctrl Pts',(3.47,43.772898407525,-9.97106485651707));
#7811=CARTESIAN_POINT('Ctrl Pts',(7.09385960693465,43.9855639073931,-11.4973652554074));
#7812=CARTESIAN_POINT('Ctrl Pts',(6.15552620464408,43.9760462730756,-10.5185539340065));
#7813=CARTESIAN_POINT('Ctrl Pts',(4.81687503333284,43.9703060824924,-9.94713348652573));
#7814=CARTESIAN_POINT('Ctrl Pts',(3.47,43.9703060824924,-9.94713348652573));
#7815=CARTESIAN_POINT('Ctrl Pts',(7.23796961289275,44.2622323225556,-11.3601521173489));
#7816=CARTESIAN_POINT('Ctrl Pts',(6.26223108272713,44.2596077484983,-10.3431236993383));
#7817=CARTESIAN_POINT('Ctrl Pts',(4.8703995703159,44.2580088737066,-9.74950967038604));
#7818=CARTESIAN_POINT('Ctrl Pts',(3.47,44.2580088737066,-9.74950967038604));
#7819=CARTESIAN_POINT('Ctrl Pts',(7.40844526690389,44.35,-11.1978351477956));
#7820=CARTESIAN_POINT('Ctrl Pts',(6.39152462851867,44.3500467526871,-10.1327715672797));
#7821=CARTESIAN_POINT('Ctrl Pts',(4.93549944151661,44.35,-9.50885905099425));
#7822=CARTESIAN_POINT('Ctrl Pts',(3.47,44.35,-9.50885905099425));
#7823=CARTESIAN_POINT('Ctrl Pts',(7.51119799110513,44.35,-11.1000000000002));
#7824=CARTESIAN_POINT('Ctrl Pts',(6.46943852954295,44.35,-10.0058776416245));
#7825=CARTESIAN_POINT('Ctrl Pts',(4.97485446550161,44.35,-9.36374739032843));
#7826=CARTESIAN_POINT('Ctrl Pts',(3.47,44.35,-9.36374739032843));
#7827=CARTESIAN_POINT('',(3.47,43.6768783939569,-9.95927508131323));
#7828=CARTESIAN_POINT('Origin',(3.47,43.75,-15.005802412898));
#7829=CARTESIAN_POINT('',(3.47,44.35,-9.36374739032843));
#7830=CARTESIAN_POINT('Origin',(3.47,43.75,-9.36374739032843));
#7831=CARTESIAN_POINT('',(7.51119799110513,44.35,-11.1000000000002));
#7832=CARTESIAN_POINT('Origin',(3.47,44.35,-15.005802412898));
#7833=CARTESIAN_POINT('Ctrl Pts',(7.51119799110513,44.35,-11.1000000000002));
#7834=CARTESIAN_POINT('Ctrl Pts',(7.50043423308658,44.35,-11.1000000000002));
#7835=CARTESIAN_POINT('Ctrl Pts',(7.4893208885767,44.3498408068662,-11.1012362129603));
#7836=CARTESIAN_POINT('Ctrl Pts',(7.47913821252349,44.3493917920475,-11.1047550476456));
#7837=CARTESIAN_POINT('Ctrl Pts',(7.47855802562076,44.3493662081523,-11.1049555432507));
#7838=CARTESIAN_POINT('Ctrl Pts',(7.4779808568868,44.3493396852691,-11.1051634357153));
#7839=CARTESIAN_POINT('Ctrl Pts',(7.47740694161452,44.3493122001505,-11.1053789138012));
#7840=CARTESIAN_POINT('Ctrl Pts',(7.47025379782854,44.3489696321543,-11.1080645815394));
#7841=CARTESIAN_POINT('Ctrl Pts',(7.46374789061447,44.3484842927192,-11.1118764860917));
#7842=CARTESIAN_POINT('Ctrl Pts',(7.45818228246933,44.3478243024731,-11.1170796216129));
#7843=CARTESIAN_POINT('Ctrl Pts',(7.45794939726387,44.3477966860904,-11.1172973396508));
#7844=CARTESIAN_POINT('Ctrl Pts',(7.45771887025729,44.3477688485617,-11.1175168264667));
#7845=CARTESIAN_POINT('Ctrl Pts',(7.45749068632467,44.3477407922999,-11.1177380651926));
#7846=CARTESIAN_POINT('Origin',(1.735,43.75,-9.36374739032843));
#7847=CARTESIAN_POINT('',(-3.47,43.6768783939569,-9.95927508131323));
#7848=CARTESIAN_POINT('',(-3.47,44.35,-9.36374739032843));
#7849=CARTESIAN_POINT('Origin',(-3.47,43.75,-9.36374739032843));
#7850=CARTESIAN_POINT('',(1.735,44.35,-9.36374739032843));
#7851=CARTESIAN_POINT('',(1.735,43.6768783939569,-9.95927508131323));
#7852=CARTESIAN_POINT('Ctrl Pts',(-3.47,43.6768783939569,-9.95927508131323));
#7853=CARTESIAN_POINT('Ctrl Pts',(-4.81362005848358,43.6768783939569,-9.95927508131322));
#7854=CARTESIAN_POINT('Ctrl Pts',(-6.14807011566336,43.685200467222,-10.5336274849392));
#7855=CARTESIAN_POINT('Ctrl Pts',(-7.07821249205816,43.6993804040947,-11.5122635250972));
#7856=CARTESIAN_POINT('Ctrl Pts',(-3.47,43.772898407525,-9.97106485651707));
#7857=CARTESIAN_POINT('Ctrl Pts',(-4.81039279487046,43.772898407525,-9.97106485651707));
#7858=CARTESIAN_POINT('Ctrl Pts',(-6.14208477085581,43.7806102599247,-10.5423306953684));
#7859=CARTESIAN_POINT('Ctrl Pts',(-7.07243326830568,43.7936296290672,-11.5177661647047));
#7860=CARTESIAN_POINT('Ctrl Pts',(-3.47,43.9703060824924,-9.94713348652573));
#7861=CARTESIAN_POINT('Ctrl Pts',(-4.81687503333285,43.9703060824924,-9.94713348652573));
#7862=CARTESIAN_POINT('Ctrl Pts',(-6.15552620464409,43.9760462730756,-10.5185539340065));
#7863=CARTESIAN_POINT('Ctrl Pts',(-7.09385960693466,43.9855639073931,-11.4973652554074));
#7864=CARTESIAN_POINT('Ctrl Pts',(-3.47,44.2580088737066,-9.74950967038604));
#7865=CARTESIAN_POINT('Ctrl Pts',(-4.87039957031589,44.2580088737066,-9.74950967038604));
#7866=CARTESIAN_POINT('Ctrl Pts',(-6.26223108272713,44.2596077484983,-10.3431236993383));
#7867=CARTESIAN_POINT('Ctrl Pts',(-7.23796961289275,44.2622323225556,-11.3601521173489));
#7868=CARTESIAN_POINT('Ctrl Pts',(-3.47,44.35,-9.50885905099424));
#7869=CARTESIAN_POINT('Ctrl Pts',(-4.93549944151661,44.35,-9.50885905099424));
#7870=CARTESIAN_POINT('Ctrl Pts',(-6.39152462851868,44.3500467526871,-10.1327715672797));
#7871=CARTESIAN_POINT('Ctrl Pts',(-7.40844526690389,44.35,-11.1978351477956));
#7872=CARTESIAN_POINT('Ctrl Pts',(-3.47,44.35,-9.36374739032843));
#7873=CARTESIAN_POINT('Ctrl Pts',(-4.97485446550162,44.35,-9.36374739032843));
#7874=CARTESIAN_POINT('Ctrl Pts',(-6.46943852954296,44.35,-10.0058776416245));
#7875=CARTESIAN_POINT('Ctrl Pts',(-7.51119799110514,44.35,-11.1000000000002));
#7876=CARTESIAN_POINT('',(-7.51119799110514,44.35,-11.1000000000002));
#7877=CARTESIAN_POINT('Origin',(-3.47,44.35,-15.005802412898));
#7878=CARTESIAN_POINT('Origin',(-3.47,43.75,-15.005802412898));
#7879=CARTESIAN_POINT('Ctrl Pts',(-7.45749068632466,44.3477407922999,-11.1177380651926));
#7880=CARTESIAN_POINT('Ctrl Pts',(-7.46045673398408,44.3481054811629,-11.1148622998456));
#7881=CARTESIAN_POINT('Ctrl Pts',(-7.46375356129334,44.3484252240893,-11.1123453770543));
#7882=CARTESIAN_POINT('Ctrl Pts',(-7.46737381482707,44.3487006282037,-11.1101803957034));
#7883=CARTESIAN_POINT('Ctrl Pts',(-7.47340014961052,44.3491590705141,-11.1065765314164));
#7884=CARTESIAN_POINT('Ctrl Pts',(-7.480017334668,44.3494713191401,-11.1041308445794));
#7885=CARTESIAN_POINT('Ctrl Pts',(-7.48686966957954,44.3496745213295,-11.102541443364));
#7886=CARTESIAN_POINT('Ctrl Pts',(-7.49478575542187,44.3499092684626,-11.1007053047891));
#7887=CARTESIAN_POINT('Ctrl Pts',(-7.50306931151235,44.35,-11.1000000000002));
#7888=CARTESIAN_POINT('Ctrl Pts',(-7.51119799110514,44.35,-11.1000000000002));
#7889=CARTESIAN_POINT('Origin',(-9.07,42.8550996172354,-18.3516811636722));
#7890=CARTESIAN_POINT('',(-8.47,42.6808264561661,-19.7710221605193));
#7891=CARTESIAN_POINT('',(-9.07,43.2763541471509,-19.8441437665624));
#7892=CARTESIAN_POINT('Origin',(-9.07,42.6808264561661,-19.7710221605193));
#7893=CARTESIAN_POINT('',(-9.07,43.4506273082202,-18.4248027697153));
#7894=CARTESIAN_POINT('',(-8.47,42.8550996172354,-18.3516811636722));
#7895=CARTESIAN_POINT('Origin',(-9.07,41.2912618438682,-19.6004050797521));
#7896=CARTESIAN_POINT('',(-8.47,41.120644763101,-20.98996969205));
#7897=CARTESIAN_POINT('',(-9.07,41.0475231570579,-21.5854973830348));
#7898=CARTESIAN_POINT('Origin',(-9.07,41.120644763101,-20.98996969205));
#7899=CARTESIAN_POINT('Origin',(-9.07,41.2912618438682,-19.6004050797521));
#7900=CARTESIAN_POINT('Origin',(-8.47,41.2912618438682,-19.6004050797521));
#7901=CARTESIAN_POINT('Origin',(-9.07,-0.585570663786649,-15.8690903439377));
#7902=CARTESIAN_POINT('',(-9.07,38.4669031627905,-21.2686370901814));
#7903=CARTESIAN_POINT('',(-9.07,-0.658692269829735,-16.4646180349225));
#7904=CARTESIAN_POINT('',(-8.47,-0.585570663786649,-15.8690903439377));
#7905=CARTESIAN_POINT('Origin',(-9.07,38.5400247688336,-20.6731093991966));
#7906=CARTESIAN_POINT('Origin',(9.07,41.2912618438682,-19.6004050797521));
#7907=CARTESIAN_POINT('Origin',(9.07,41.2912618438682,-19.6004050797521));
#7908=CARTESIAN_POINT('Origin',(8.47,41.2912618438682,-19.6004050797521));
#7909=CARTESIAN_POINT('Origin',(-5.55111512312578E-16,38.5400247688336,
-20.6731093991966));
#7910=CARTESIAN_POINT('',(-5.55111512312578E-16,38.4669031627905,-21.2686370901814));
#7911=CARTESIAN_POINT('Origin',(0.,41.2912618438682,-19.6004050797521));
#7912=CARTESIAN_POINT('',(-117.106839475971,41.0475231570579,-21.5854973830348));
#7913=CARTESIAN_POINT('',(0.,41.0475231570579,-21.5854973830348));
#7914=CARTESIAN_POINT('',(-117.784204060341,43.2763541471509,-19.8441437665624));
#7915=CARTESIAN_POINT('Ctrl Pts',(-117.106839475971,41.0475231570579,-21.5854973830348));
#7916=CARTESIAN_POINT('Ctrl Pts',(-117.107645788774,41.0496329868499,-21.5857564375594));
#7917=CARTESIAN_POINT('Ctrl Pts',(-117.1084517995,41.0517433424066,-21.5860121423217));
#7918=CARTESIAN_POINT('Ctrl Pts',(-117.163715992141,41.1965302297397,-21.6033212787212));
#7919=CARTESIAN_POINT('Ctrl Pts',(-117.216662572105,41.3412812053078,-21.6050312603837));
#7920=CARTESIAN_POINT('Ctrl Pts',(-117.317876792707,41.6288518230126,-21.5769546264976));
#7921=CARTESIAN_POINT('Ctrl Pts',(-117.36594778813,41.7710174783071,-21.5474650081884));
#7922=CARTESIAN_POINT('Ctrl Pts',(-117.490304977744,42.1521320581552,-21.4235850842384));
#7923=CARTESIAN_POINT('Ctrl Pts',(-117.55955447982,42.3801292494287,-21.2981486516058));
#7924=CARTESIAN_POINT('Ctrl Pts',(-117.671107062698,42.7702780241944,-20.9695985089889));
#7925=CARTESIAN_POINT('Ctrl Pts',(-117.713366620897,42.930922872225,-20.7733321443651));
#7926=CARTESIAN_POINT('Ctrl Pts',(-117.769954683061,43.1692868081158,-20.3316604510591));
#7927=CARTESIAN_POINT('Ctrl Pts',(-117.784204060341,43.2458954864986,-20.0922096506463));
#7928=CARTESIAN_POINT('Ctrl Pts',(-117.784204060341,43.2763541471509,-19.8441437665624));
#7929=CARTESIAN_POINT('',(0.,43.2763541471509,-19.8441437665624));
#7930=CARTESIAN_POINT('Origin',(0.,-44.35,-11.1));
#7931=CARTESIAN_POINT('',(117.106839475971,41.0475231570579,-21.5854973830348));
#7932=CARTESIAN_POINT('',(0.,41.0475231570579,-21.5854973830348));
#7933=CARTESIAN_POINT('',(118.55,37.8562613131897,-21.1936596988092));
#7934=CARTESIAN_POINT('Origin',(114.3,37.8562613131897,-21.1936596988092));
#7935=CARTESIAN_POINT('',(118.55,-38.3437386868103,-11.8374761580081));
#7936=CARTESIAN_POINT('',(118.55,-22.3764530340455,-13.798012315694));
#7937=CARTESIAN_POINT('',(114.3,-42.5937386868103,-11.3156417741708));
#7938=CARTESIAN_POINT('Origin',(114.3,-38.3437386868103,-11.8374761580081));
#7939=CARTESIAN_POINT('',(-114.3,-42.5937386868103,-11.3156417741708));
#7940=CARTESIAN_POINT('',(0.,-42.5937386868103,-11.3156417741708));
#7941=CARTESIAN_POINT('',(-118.55,-38.3437386868103,-11.8374761580081));
#7942=CARTESIAN_POINT('Origin',(-114.3,-38.3437386868103,-11.8374761580081));
#7943=CARTESIAN_POINT('',(-118.55,37.8562613131897,-21.1936596988092));
#7944=CARTESIAN_POINT('',(-118.55,-22.3764530340455,-13.798012315694));
#7945=CARTESIAN_POINT('Origin',(-114.3,37.8562613131897,-21.1936596988092));
#7946=CARTESIAN_POINT('Origin',(0.,41.2912618438682,-19.6004050797521));
#7947=CARTESIAN_POINT('',(117.784204060341,43.2763541471509,-19.8441437665624));
#7948=CARTESIAN_POINT('',(0.,43.2763541471509,-19.8441437665624));
#7949=CARTESIAN_POINT('Ctrl Pts',(117.106839475971,41.0475231570579,-21.5854973830348));
#7950=CARTESIAN_POINT('Ctrl Pts',(117.107645788774,41.0496329868494,-21.5857564375593));
#7951=CARTESIAN_POINT('Ctrl Pts',(117.1084517995,41.0517433424064,-21.5860121423217));
#7952=CARTESIAN_POINT('Ctrl Pts',(117.163715992135,41.1965302297223,-21.6033212787192));
#7953=CARTESIAN_POINT('Ctrl Pts',(117.216662572103,41.3412812053042,-21.605031260384));
#7954=CARTESIAN_POINT('Ctrl Pts',(117.317876792707,41.6288518230124,-21.5769546264976));
#7955=CARTESIAN_POINT('Ctrl Pts',(117.36594778813,41.771017478307,-21.5474650081884));
#7956=CARTESIAN_POINT('Ctrl Pts',(117.490304977744,42.1521320581552,-21.4235850842384));
#7957=CARTESIAN_POINT('Ctrl Pts',(117.55955447982,42.3801292494287,-21.2981486516058));
#7958=CARTESIAN_POINT('Ctrl Pts',(117.671107062698,42.7702780241944,-20.9695985089889));
#7959=CARTESIAN_POINT('Ctrl Pts',(117.713366620897,42.930922872225,-20.7733321443652));
#7960=CARTESIAN_POINT('Ctrl Pts',(117.769954683061,43.1692868081158,-20.3316604510591));
#7961=CARTESIAN_POINT('Ctrl Pts',(117.784204060341,43.2458954864986,-20.0922096506463));
#7962=CARTESIAN_POINT('Ctrl Pts',(117.784204060341,43.2763541471509,-19.8441437665624));
#7963=CARTESIAN_POINT('Origin',(-3.47,43.8686391560998,-15.0203694695856));
#7964=CARTESIAN_POINT('',(-3.47,44.4779858731255,-10.057638711379));
#7965=CARTESIAN_POINT('',(-8.47,43.8686391560998,-15.0203694695856));
#7966=CARTESIAN_POINT('Origin',(3.47,44.4779858731255,-10.057638711379));
#7967=CARTESIAN_POINT('',(3.47,44.4779858731255,-10.057638711379));
#7968=CARTESIAN_POINT('Origin',(3.47,43.8686391560998,-15.0203694695856));
#7969=CARTESIAN_POINT('',(8.47,43.8686391560998,-15.0203694695856));
#7970=CARTESIAN_POINT('Ctrl Pts',(-116.656701609196,41.3929910915602,-21.6279155116787));
#7971=CARTESIAN_POINT('Ctrl Pts',(-117.153365910374,41.0620385927361,-21.5872796544308));
#7972=CARTESIAN_POINT('Ctrl Pts',(-118.147825942621,40.042251325202,-21.4620655225723));
#7973=CARTESIAN_POINT('Ctrl Pts',(-118.55,38.6520334576218,-21.2913682321421));
#7974=CARTESIAN_POINT('Ctrl Pts',(-118.55,37.8562613131897,-21.1936596988092));
#7975=CARTESIAN_POINT('Ctrl Pts',(-116.834258765022,41.6554956685573,-21.6601470209003));
#7976=CARTESIAN_POINT('Ctrl Pts',(-117.367173382784,41.2982125345235,-21.6162706951271));
#7977=CARTESIAN_POINT('Ctrl Pts',(-118.431002672795,40.1985578482194,-21.4812535604256));
#7978=CARTESIAN_POINT('Ctrl Pts',(-118.853552717982,38.7072443774927,-21.2981630817948));
#7979=CARTESIAN_POINT('Ctrl Pts',(-118.849199300342,37.8562613131897,-21.1936596988092));
#7980=CARTESIAN_POINT('Ctrl Pts',(-117.188651503743,42.1983881536029,-21.5701427033568));
#7981=CARTESIAN_POINT('Ctrl Pts',(-117.793958340808,41.7883232366294,-21.5216094301142));
#7982=CARTESIAN_POINT('Ctrl Pts',(-118.996329718966,40.5286345988409,-21.3724974692281));
#7983=CARTESIAN_POINT('Ctrl Pts',(-119.45962763211,38.8346997102203,-21.171802324067));
#7984=CARTESIAN_POINT('Ctrl Pts',(-119.446617237574,37.8729454294561,-21.0577784760911));
#7985=CARTESIAN_POINT('Ctrl Pts',(-117.671730260275,43.0043787540785,-20.9102174047391));
#7986=CARTESIAN_POINT('Ctrl Pts',(-118.377089657007,42.5240775255734,-20.8611985529096));
#7987=CARTESIAN_POINT('Ctrl Pts',(-119.775338020008,41.0494682761425,-20.7106516595289));
#7988=CARTESIAN_POINT('Ctrl Pts',(-120.306876865621,39.0735141121589,-20.5083994308799));
#7989=CARTESIAN_POINT('Ctrl Pts',(-120.287552641572,37.9544936351658,-20.3936216382116));
#7990=CARTESIAN_POINT('Ctrl Pts',(-117.792748424005,43.2830745681328,-20.1195444245131));
#7991=CARTESIAN_POINT('Ctrl Pts',(-118.526425952791,42.7886235964091,-20.0757040929853));
#7992=CARTESIAN_POINT('Ctrl Pts',(-119.987766799824,41.2686997222732,-19.9408692440966));
#7993=CARTESIAN_POINT('Ctrl Pts',(-120.560383422367,39.2151797371753,-19.7582391955175));
#7994=CARTESIAN_POINT('Ctrl Pts',(-120.55,38.0453051665801,-19.6540210667188));
#7995=CARTESIAN_POINT('Ctrl Pts',(-117.765737660582,43.301073203486,-19.642823208396));
#7996=CARTESIAN_POINT('Ctrl Pts',(-118.496126338786,42.8143783522742,-19.6021873511482));
#7997=CARTESIAN_POINT('Ctrl Pts',(-119.958567562678,41.3146911941357,-19.4769732192896));
#7998=CARTESIAN_POINT('Ctrl Pts',(-120.55,39.2702531535765,-19.3062759288594));
#7999=CARTESIAN_POINT('Ctrl Pts',(-120.55,38.1,-19.2085673955266));
#8000=CARTESIAN_POINT('',(-120.55,38.1,-19.2085673955266));
#8001=CARTESIAN_POINT('Origin',(-118.55,38.1,-19.2085673955266));
#8002=CARTESIAN_POINT('',(-117.765737660582,43.301073203486,-19.642823208396));
#8003=CARTESIAN_POINT('Origin',(-114.3,38.1,-19.2085673955266));
#8004=CARTESIAN_POINT('Ctrl Pts',(-117.765737660582,43.301073203486,-19.642823208396));
#8005=CARTESIAN_POINT('Ctrl Pts',(-117.775866235341,43.294324022766,-19.6977908742853));
#8006=CARTESIAN_POINT('Ctrl Pts',(-117.78176643274,43.2874476300615,-19.75299133598));
#8007=CARTESIAN_POINT('Ctrl Pts',(-117.783473246327,43.2805385376764,-19.8081943913437));
#8008=CARTESIAN_POINT('Ctrl Pts',(-117.783842620453,43.2790433304802,-19.8201409685542));
#8009=CARTESIAN_POINT('Ctrl Pts',(-117.784015723715,43.2775464414013,-19.8320876512424));
#8010=CARTESIAN_POINT('Ctrl Pts',(-117.783993108889,43.2760485792274,-19.8440320834115));
#8011=CARTESIAN_POINT('Origin',(-118.55,-22.1327143472352,-11.8129200124114));
#8012=CARTESIAN_POINT('',(-120.55,-38.1,-9.85238385472544));
#8013=CARTESIAN_POINT('Origin',(-118.55,-38.1,-9.85238385472544));
#8014=CARTESIAN_POINT('',(-120.55,-22.1327143472352,-11.8129200124114));
#8015=CARTESIAN_POINT('Ctrl Pts',(-118.55,-38.3437386868103,-11.8374761580081));
#8016=CARTESIAN_POINT('Ctrl Pts',(-118.55,-39.2974364566501,-11.7203767961042));
#8017=CARTESIAN_POINT('Ctrl Pts',(-117.992485488908,-40.8810410699696,-11.525934599014));
#8018=CARTESIAN_POINT('Ctrl Pts',(-116.20503042447,-42.3028550217401,-11.3513577972602));
#8019=CARTESIAN_POINT('Ctrl Pts',(-114.935798513227,-42.5937386868103,-11.3156417741708));
#8020=CARTESIAN_POINT('Ctrl Pts',(-114.3,-42.5937386868103,-11.3156417741708));
#8021=CARTESIAN_POINT('Ctrl Pts',(-119.148398600684,-38.3437386868103,-11.8374761580081));
#8022=CARTESIAN_POINT('Ctrl Pts',(-119.137748409947,-39.4302597991273,-11.7036289545016));
#8023=CARTESIAN_POINT('Ctrl Pts',(-118.487609877378,-41.2202377138966,-11.4842756161362));
#8024=CARTESIAN_POINT('Ctrl Pts',(-116.454199526384,-42.8163047225251,-11.2878237352003));
#8025=CARTESIAN_POINT('Ctrl Pts',(-115.01924475467,-43.1414817195355,-11.24838738641));
#8026=CARTESIAN_POINT('Ctrl Pts',(-114.3,-43.1414817195355,-11.24838738641));
#8027=CARTESIAN_POINT('Ctrl Pts',(-120.184382153861,-38.2825433008266,-11.3390797347629));
#8028=CARTESIAN_POINT('Ctrl Pts',(-120.156784003626,-39.5996122199004,-11.1961460578196));
#8029=CARTESIAN_POINT('Ctrl Pts',(-119.344640097427,-41.7526072168044,-10.9615801957161));
#8030=CARTESIAN_POINT('Ctrl Pts',(-116.887455280698,-43.6540624511989,-10.7540074848097));
#8031=CARTESIAN_POINT('Ctrl Pts',(-115.163311728162,-44.0410236972121,-10.7115686298713));
#8032=CARTESIAN_POINT('Ctrl Pts',(-114.3,-44.0410236972121,-10.7115686298713));
#8033=CARTESIAN_POINT('Ctrl Pts',(-120.55,-38.1546948334199,-10.2978375259176));
#8034=CARTESIAN_POINT('Ctrl Pts',(-120.537618490075,-39.556594216805,-10.1730657817789));
#8035=CARTESIAN_POINT('Ctrl Pts',(-119.70029019651,-41.8681684660936,-9.96659856014449));
#8036=CARTESIAN_POINT('Ctrl Pts',(-117.078817614439,-43.9296759153654,-9.78221378926651));
#8037=CARTESIAN_POINT('Ctrl Pts',(-115.227560919872,-44.35,-9.74444183636105));
#8038=CARTESIAN_POINT('Ctrl Pts',(-114.3,-44.35,-9.74444183636105));
#8039=CARTESIAN_POINT('Ctrl Pts',(-120.55,-38.1,-9.85238385472544));
#8040=CARTESIAN_POINT('Ctrl Pts',(-120.55,-39.5024967203526,-9.73528449282159));
#8041=CARTESIAN_POINT('Ctrl Pts',(-119.730125718982,-41.8313270340578,-9.54084229573133));
#8042=CARTESIAN_POINT('Ctrl Pts',(-117.101515330103,-43.9222299043086,-9.36626549397757));
#8043=CARTESIAN_POINT('Ctrl Pts',(-115.234997813568,-44.35,-9.33054947088811));
#8044=CARTESIAN_POINT('Ctrl Pts',(-114.3,-44.35,-9.33054947088811));
#8045=CARTESIAN_POINT('',(-114.3,-44.35,-9.33054947088811));
#8046=CARTESIAN_POINT('Origin',(-114.3,-42.35,-9.33054947088811));
#8047=CARTESIAN_POINT('Origin',(-114.3,-38.1,-9.85238385472544));
#8048=CARTESIAN_POINT('Origin',(0.,-42.35,-9.33054947088811));
#8049=CARTESIAN_POINT('',(114.3,-44.35,-9.33054947088811));
#8050=CARTESIAN_POINT('Origin',(114.3,-42.35,-9.33054947088811));
#8051=CARTESIAN_POINT('',(0.,-44.35,-9.33054947088811));
#8052=CARTESIAN_POINT('Ctrl Pts',(114.3,-42.5937386868103,-11.3156417741708));
#8053=CARTESIAN_POINT('Ctrl Pts',(115.25369776984,-42.5937386868103,-11.3156417741708));
#8054=CARTESIAN_POINT('Ctrl Pts',(116.837302383159,-42.0362241757178,-11.3840959486122));
#8055=CARTESIAN_POINT('Ctrl Pts',(118.25911633493,-40.2487691112806,-11.6035678338328));
#8056=CARTESIAN_POINT('Ctrl Pts',(118.55,-38.9795372000368,-11.7594099167389));
#8057=CARTESIAN_POINT('Ctrl Pts',(118.55,-38.3437386868103,-11.8374761580081));
#8058=CARTESIAN_POINT('Ctrl Pts',(114.3,-43.1414817195355,-11.24838738641));
#8059=CARTESIAN_POINT('Ctrl Pts',(115.378867132006,-43.1414817195355,-11.24838738641));
#8060=CARTESIAN_POINT('Ctrl Pts',(117.16939890653,-42.5188277737314,-11.324105781288));
#8061=CARTESIAN_POINT('Ctrl Pts',(118.796924439335,-40.5068815923897,-11.5717368623396));
#8062=CARTESIAN_POINT('Ctrl Pts',(119.141298473526,-39.0680860950216,-11.7482446890038));
#8063=CARTESIAN_POINT('Ctrl Pts',(119.148398600684,-38.3437386868103,-11.8374761580081));
#8064=CARTESIAN_POINT('Ctrl Pts',(114.3,-44.0410236972121,-10.7115686298713));
#8065=CARTESIAN_POINT('Ctrl Pts',(115.594967592244,-44.0410236972121,-10.7115686298713));
#8066=CARTESIAN_POINT('Ctrl Pts',(117.747506915534,-43.3014634142236,-10.7926682845308));
#8067=CARTESIAN_POINT('Ctrl Pts',(119.728335638089,-40.8965872876256,-11.0549013799575));
#8068=CARTESIAN_POINT('Ctrl Pts',(120.165983387038,-39.1605892468758,-11.2437906168007));
#8069=CARTESIAN_POINT('Ctrl Pts',(120.184382153861,-38.2825433008266,-11.3390797347629));
#8070=CARTESIAN_POINT('Ctrl Pts',(114.3,-44.35,-9.74444183636105));
#8071=CARTESIAN_POINT('Ctrl Pts',(115.691341379808,-44.35,-9.74444183636105));
#8072=CARTESIAN_POINT('Ctrl Pts',(118.001554074173,-43.5452046404508,-9.81674477819333));
#8073=CARTESIAN_POINT('Ctrl Pts',(120.098768607743,-40.9468537795487,-10.0489296196707));
#8074=CARTESIAN_POINT('Ctrl Pts',(120.54174566005,-39.0892944223433,-10.2146563631585));
#8075=CARTESIAN_POINT('Ctrl Pts',(120.55,-38.1546948334199,-10.2978375259176));
#8076=CARTESIAN_POINT('Ctrl Pts',(114.3,-44.35,-9.33054947088811));
#8077=CARTESIAN_POINT('Ctrl Pts',(115.702496720353,-44.35,-9.33054947088811));
#8078=CARTESIAN_POINT('Ctrl Pts',(118.031327034058,-43.5301257189817,-9.39900364532959));
#8079=CARTESIAN_POINT('Ctrl Pts',(120.122229904309,-40.9015153301034,-9.61847553055019));
#8080=CARTESIAN_POINT('Ctrl Pts',(120.55,-39.0349978135684,-9.77431761345621));
#8081=CARTESIAN_POINT('Ctrl Pts',(120.55,-38.1,-9.85238385472544));
#8082=CARTESIAN_POINT('',(120.55,-38.1,-9.85238385472544));
#8083=CARTESIAN_POINT('Origin',(118.55,-38.1,-9.85238385472544));
#8084=CARTESIAN_POINT('Origin',(114.3,-38.1,-9.85238385472544));
#8085=CARTESIAN_POINT('Origin',(118.55,-22.1327143472352,-11.8129200124114));
#8086=CARTESIAN_POINT('',(120.55,38.1,-19.2085673955266));
#8087=CARTESIAN_POINT('Origin',(118.55,38.1,-19.2085673955266));
#8088=CARTESIAN_POINT('',(120.55,-22.1327143472352,-11.8129200124114));
#8089=CARTESIAN_POINT('Ctrl Pts',(118.55,37.8562613131897,-21.1936596988092));
#8090=CARTESIAN_POINT('Ctrl Pts',(118.55,38.4530904215138,-21.2669410988089));
#8091=CARTESIAN_POINT('Ctrl Pts',(118.252807896844,39.8461423518386,-21.4379863683887));
#8092=CARTESIAN_POINT('Ctrl Pts',(117.318920677434,40.9517210931281,-21.5737343686816));
#8093=CARTESIAN_POINT('Ctrl Pts',(116.656701609196,41.3929910915602,-21.6279155116787));
#8094=CARTESIAN_POINT('Ctrl Pts',(118.849199300342,37.8562613131897,-21.1936596988092));
#8095=CARTESIAN_POINT('Ctrl Pts',(118.852464363572,38.4944986114169,-21.2720372360484));
#8096=CARTESIAN_POINT('Ctrl Pts',(118.542355473037,39.9875280873266,-21.4553596691816));
#8097=CARTESIAN_POINT('Ctrl Pts',(117.544811588705,41.1791181565122,-21.6016452532027));
#8098=CARTESIAN_POINT('Ctrl Pts',(116.834258765022,41.6554956685573,-21.6601470209003));
#8099=CARTESIAN_POINT('Ctrl Pts',(119.446617237574,37.8729454294561,-21.0577784760911));
#8100=CARTESIAN_POINT('Ctrl Pts',(119.456375033476,38.5942611400293,-21.143296362073));
#8101=CARTESIAN_POINT('Ctrl Pts',(119.120405364745,40.2877529475482,-21.3439785270113));
#8102=CARTESIAN_POINT('Ctrl Pts',(117.995727286496,41.6516349309716,-21.5054316723667));
#8103=CARTESIAN_POINT('Ctrl Pts',(117.188651503743,42.1983881536029,-21.5701427033568));
#8104=CARTESIAN_POINT('Ctrl Pts',(120.287552641572,37.9544936351658,-20.3936216382116));
#8105=CARTESIAN_POINT('Ctrl Pts',(120.302045809609,38.7937589929106,-20.4797049827129));
#8106=CARTESIAN_POINT('Ctrl Pts',(119.918782219497,40.7677029054273,-20.6818762469475));
#8107=CARTESIAN_POINT('Ctrl Pts',(118.612209455918,42.3639771160717,-20.8448589356331));
#8108=CARTESIAN_POINT('Ctrl Pts',(117.671730260275,43.0043787540785,-20.9102174047391));
#8109=CARTESIAN_POINT('Ctrl Pts',(120.55,38.0453051665801,-19.6540210667188));
#8110=CARTESIAN_POINT('Ctrl Pts',(120.557787566775,38.9227110945265,-19.7321846633178));
#8111=CARTESIAN_POINT('Ctrl Pts',(120.139681510873,40.9778853119644,-19.9150455873295));
#8112=CARTESIAN_POINT('Ctrl Pts',(118.770985129052,42.6238066058346,-20.0610906491427));
#8113=CARTESIAN_POINT('Ctrl Pts',(117.792748424005,43.2830745681328,-20.1195444245131));
#8114=CARTESIAN_POINT('Ctrl Pts',(120.55,38.1,-19.2085673955266));
#8115=CARTESIAN_POINT('Ctrl Pts',(120.55,38.9776898651824,-19.2818487955262));
#8116=CARTESIAN_POINT('Ctrl Pts',(120.112952789476,41.0262956450718,-19.4528940651061));
#8117=CARTESIAN_POINT('Ctrl Pts',(118.73958923152,42.6521467352036,-19.5886420653989));
#8118=CARTESIAN_POINT('Ctrl Pts',(117.765737660582,43.301073203486,-19.642823208396));
#8119=CARTESIAN_POINT('',(117.765737660582,43.301073203486,-19.642823208396));
#8120=CARTESIAN_POINT('Origin',(114.3,38.1,-19.2085673955266));
#8121=CARTESIAN_POINT('Ctrl Pts',(117.783992826857,43.2760484342993,-19.8440320708527));
#8122=CARTESIAN_POINT('Ctrl Pts',(117.784095163168,43.2830514822764,-19.7882057501281));
#8123=CARTESIAN_POINT('Ctrl Pts',(117.77992480495,43.2900063003127,-19.7325409926799));
#8124=CARTESIAN_POINT('Ctrl Pts',(117.771527406557,43.2968312510028,-19.6772702980168));
#8125=CARTESIAN_POINT('Ctrl Pts',(117.769780177474,43.298251304188,-19.6657702404235));
#8126=CARTESIAN_POINT('Ctrl Pts',(117.767850064488,43.2996656021156,-19.6542872015895));
#8127=CARTESIAN_POINT('Ctrl Pts',(117.765737660582,43.301073203486,-19.642823208396));
#8128=CARTESIAN_POINT('Origin',(0.,43.0326154603406,-21.8292360698451));
#8129=CARTESIAN_POINT('',(-114.3,44.35,-11.1000000000002));
#8130=CARTESIAN_POINT('Origin',(-114.3,38.1,-62.0021651748447));
#8131=CARTESIAN_POINT('',(0.,44.35,-11.1000000000002));
#8132=CARTESIAN_POINT('Origin',(-114.3,38.1,-12.1573090174614));
#8133=CARTESIAN_POINT('',(-120.55,38.1,-12.1573090174614));
#8134=CARTESIAN_POINT('',(-114.3,44.35,-12.1573090174614));
#8135=CARTESIAN_POINT('Origin',(-120.55,0.,-13.2146180349225));
#8136=CARTESIAN_POINT('',(-120.55,-38.1,-8.90730901746127));
#8137=CARTESIAN_POINT('Origin',(-114.3,-38.1,-8.90730901746127));
#8138=CARTESIAN_POINT('',(-114.3,-44.35,-8.90730901746127));
#8139=CARTESIAN_POINT('Origin',(0.,-44.35,-4.6));
#8140=CARTESIAN_POINT('',(114.3,-44.35,-8.90730901746127));
#8141=CARTESIAN_POINT('',(79.45,-44.35,-4.80000000000001));
#8142=CARTESIAN_POINT('',(59.6875000000004,-44.35,-24.5625));
#8143=CARTESIAN_POINT('',(79.2,-44.35,-4.80000000000001));
#8144=CARTESIAN_POINT('',(39.6625,-44.35,-4.80000000000001));
#8145=CARTESIAN_POINT('',(79.,-44.35,-4.6));
#8146=CARTESIAN_POINT('',(59.3000000000005,-44.35,15.1));
#8147=CARTESIAN_POINT('',(54.4,-44.35,-4.6));
#8148=CARTESIAN_POINT('',(0.,-44.35,-4.6));
#8149=CARTESIAN_POINT('',(54.2,-44.35,-4.80000000000001));
#8150=CARTESIAN_POINT('',(40.7500000000003,-44.35,-18.25));
#8151=CARTESIAN_POINT('',(53.95,-44.35,-4.80000000000001));
#8152=CARTESIAN_POINT('',(27.0375,-44.35,-4.80000000000001));
#8153=CARTESIAN_POINT('',(53.75,-44.35,-4.6));
#8154=CARTESIAN_POINT('',(40.3625000000003,-44.35,8.78749999999999));
#8155=CARTESIAN_POINT('',(-53.75,-44.35,-4.6));
#8156=CARTESIAN_POINT('',(0.,-44.35,-4.6));
#8157=CARTESIAN_POINT('',(-53.95,-44.35,-4.80000000000001));
#8158=CARTESIAN_POINT('',(-40.3625000000003,-44.35,8.78749999999999));
#8159=CARTESIAN_POINT('',(-54.2,-44.35,-4.80000000000001));
#8160=CARTESIAN_POINT('',(-27.0375,-44.35,-4.80000000000001));
#8161=CARTESIAN_POINT('',(-54.4,-44.35,-4.6));
#8162=CARTESIAN_POINT('',(-40.7500000000003,-44.35,-18.25));
#8163=CARTESIAN_POINT('',(-79.,-44.35,-4.6));
#8164=CARTESIAN_POINT('',(0.,-44.35,-4.6));
#8165=CARTESIAN_POINT('',(-79.2,-44.35,-4.80000000000001));
#8166=CARTESIAN_POINT('',(-59.3000000000005,-44.35,15.1));
#8167=CARTESIAN_POINT('',(-79.45,-44.35,-4.80000000000001));
#8168=CARTESIAN_POINT('',(-39.6625,-44.35,-4.80000000000001));
#8169=CARTESIAN_POINT('',(-59.6875000000004,-44.35,-24.5625));
#8170=CARTESIAN_POINT('Origin',(114.3,-38.1,-8.90730901746127));
#8171=CARTESIAN_POINT('',(120.55,-38.1,-8.90730901746127));
#8172=CARTESIAN_POINT('Origin',(120.55,0.,-13.2146180349225));
#8173=CARTESIAN_POINT('',(120.55,38.1,-12.1573090174614));
#8174=CARTESIAN_POINT('Origin',(114.3,38.1,-12.1573090174614));
#8175=CARTESIAN_POINT('',(114.3,44.35,-11.1000000000002));
#8176=CARTESIAN_POINT('Origin',(114.3,38.1,-62.0021651748447));
#8177=CARTESIAN_POINT('',(114.3,44.35,-12.1573090174614));
#8178=CARTESIAN_POINT('Origin',(0.,43.0326154603406,-21.8292360698451));
#8179=CARTESIAN_POINT('',(0.,44.35,-11.1000000000002));
#8180=CARTESIAN_POINT('Origin',(8.47,43.0326154603406,-21.829236069845));
#8181=CARTESIAN_POINT('Origin',(-53.85,44.3500000000001,-4.7000000000001));
#8182=CARTESIAN_POINT('',(-53.95,38.6,-4.80000000000009));
#8183=CARTESIAN_POINT('',(-53.75,38.6,-4.60000000000009));
#8184=CARTESIAN_POINT('',(-62.3999999999993,38.6,-13.25));
#8185=CARTESIAN_POINT('',(-53.75,44.35,-4.6000000000001));
#8186=CARTESIAN_POINT('',(-53.75,44.3500000000001,-4.6000000000001));
#8187=CARTESIAN_POINT('',(-53.95,44.35,-4.80000000000009));
#8188=CARTESIAN_POINT('',(-41.9875000000009,44.35,7.16249999999978));
#8189=CARTESIAN_POINT('',(-53.95,44.35,-4.80000000000009));
#8190=CARTESIAN_POINT('Origin',(0.,44.35,-4.6000000000001));
#8191=CARTESIAN_POINT('',(-23.55,38.6,-4.60000000000009));
#8192=CARTESIAN_POINT('',(-46.375,38.6,-4.60000000000009));
#8193=CARTESIAN_POINT('',(-21.55,36.6,-4.60000000000009));
#8194=CARTESIAN_POINT('Origin',(-23.55,36.6,-4.6000000000001));
#8195=CARTESIAN_POINT('',(-21.55,36.1,-4.60000000000009));
#8196=CARTESIAN_POINT('',(-21.55,41.475,-4.6000000000001));
#8197=CARTESIAN_POINT('',(-16.55,36.1,-4.60000000000009));
#8198=CARTESIAN_POINT('Origin',(-19.05,36.1,-4.6000000000001));
#8199=CARTESIAN_POINT('',(-16.55,36.6,-4.60000000000009));
#8200=CARTESIAN_POINT('',(-16.55,40.225,-4.6000000000001));
#8201=CARTESIAN_POINT('',(-14.55,38.6,-4.60000000000009));
#8202=CARTESIAN_POINT('Origin',(-14.55,36.6,-4.6000000000001));
#8203=CARTESIAN_POINT('',(-9.4326739188884,38.6,-4.6000000000001));
#8204=CARTESIAN_POINT('',(-8.275,38.6,-4.60000000000009));
#8205=CARTESIAN_POINT('',(-9.0246033517506,38.80886191593,-4.60000000000009));
#8206=CARTESIAN_POINT('Ctrl Pts',(-9.02460332337504,38.8088619213203,-4.59999973328477));
#8207=CARTESIAN_POINT('Ctrl Pts',(-9.03969008175564,38.7878813585296,-4.59999980020626));
#8208=CARTESIAN_POINT('Ctrl Pts',(-9.05642222397567,38.768270375345,-4.6000066304137));
#8209=CARTESIAN_POINT('Ctrl Pts',(-9.07455810655596,38.7500869704229,-4.60001390940606));
#8210=CARTESIAN_POINT('Ctrl Pts',(-9.09329185017561,38.7313041378568,-4.60002142835508));
#8211=CARTESIAN_POINT('Ctrl Pts',(-9.1135243852767,38.7140437750522,-4.60002951040415));
#8212=CARTESIAN_POINT('Ctrl Pts',(-9.13503070700168,38.6984058917391,-4.60003485834578));
#8213=CARTESIAN_POINT('Ctrl Pts',(-9.14521837008666,38.6909981402606,-4.60003739169519));
#8214=CARTESIAN_POINT('Ctrl Pts',(-9.15569236186145,38.6839550561873,-4.6000393555818));
#8215=CARTESIAN_POINT('Ctrl Pts',(-9.16643084528569,38.6772907630233,-4.60004058601592));
#8216=CARTESIAN_POINT('Ctrl Pts',(-9.18910498918766,38.6632192096916,-4.60004318405878));
#8217=CARTESIAN_POINT('Ctrl Pts',(-9.21280692432678,38.6509263727572,-4.60004244713255));
#8218=CARTESIAN_POINT('Ctrl Pts',(-9.23730866092469,38.6405089327531,-4.60003882296609));
#8219=CARTESIAN_POINT('Ctrl Pts',(-9.25582506622831,38.6326362850095,-4.60003608411797));
#8220=CARTESIAN_POINT('Ctrl Pts',(-9.27479915073332,38.6258354272195,-4.60003177779379));
#8221=CARTESIAN_POINT('Ctrl Pts',(-9.29414039854344,38.6201661902755,-4.60002683146822));
#8222=CARTESIAN_POINT('Ctrl Pts',(-9.31942229264072,38.6127556524737,-4.60002036588334));
#8223=CARTESIAN_POINT('Ctrl Pts',(-9.34519508295432,38.6073169058411,-4.60001285471641));
#8224=CARTESIAN_POINT('Ctrl Pts',(-9.37125121637081,38.6039633513557,-4.60000733763947));
#8225=CARTESIAN_POINT('Ctrl Pts',(-9.39158416525387,38.6013463992992,-4.60000303237892));
#8226=CARTESIAN_POINT('Ctrl Pts',(-9.41209029309883,38.6,-4.60000000000009));
#8227=CARTESIAN_POINT('Ctrl Pts',(-9.4326739188884,38.6,-4.60000000000009));
#8228=CARTESIAN_POINT('',(-7.,39.85,-4.6000000000001));
#8229=CARTESIAN_POINT('Origin',(-7.,37.3312254363529,-4.60000000000009));
#8230=CARTESIAN_POINT('',(43.,39.85,-4.6000000000001));
#8231=CARTESIAN_POINT('',(0.,39.85,-4.6000000000001));
#8232=CARTESIAN_POINT('',(45.0246033517506,38.80886191593,-4.60000000000009));
#8233=CARTESIAN_POINT('Origin',(43.,37.3312254363529,-4.60000000000009));
#8234=CARTESIAN_POINT('',(45.4326739188884,38.6,-4.6000000000001));
#8235=CARTESIAN_POINT('Ctrl Pts',(45.4326739188884,38.6,-4.6000000000001));
#8236=CARTESIAN_POINT('Ctrl Pts',(45.406696578228,38.6,-4.6000000000001));
#8237=CARTESIAN_POINT('Ctrl Pts',(45.3808694770279,38.6021427501032,-4.60000480193048));
#8238=CARTESIAN_POINT('Ctrl Pts',(45.3553835543903,38.6062687014943,-4.60001096083668));
#8239=CARTESIAN_POINT('Ctrl Pts',(45.3291518502556,38.6105153884872,-4.6000172999678));
#8240=CARTESIAN_POINT('Ctrl Pts',(45.3032803763374,38.6168633939103,-4.60002497014712));
#8241=CARTESIAN_POINT('Ctrl Pts',(45.2779834604407,38.6251929278304,-4.60003088841904));
#8242=CARTESIAN_POINT('Ctrl Pts',(45.2658509249752,38.6291878166188,-4.60003372685374));
#8243=CARTESIAN_POINT('Ctrl Pts',(45.2538507542921,38.6336392518914,-4.60003618224662));
#8244=CARTESIAN_POINT('Ctrl Pts',(45.2420083666232,38.6385378744689,-4.60003808120668));
#8245=CARTESIAN_POINT('Ctrl Pts',(45.2173680380801,38.6487303857338,-4.60004203235245));
#8246=CARTESIAN_POINT('Ctrl Pts',(45.1935698369697,38.6607894619713,-4.6000432463029));
#8247=CARTESIAN_POINT('Ctrl Pts',(45.1708276189002,38.6745922854964,-4.60004107114095));
#8248=CARTESIAN_POINT('Ctrl Pts',(45.1536925856649,38.6849919676699,-4.60003943227387));
#8249=CARTESIAN_POINT('Ctrl Pts',(45.1371571080505,38.696382682003,-4.60003587990634));
#8250=CARTESIAN_POINT('Ctrl Pts',(45.1213231083601,38.7087284203224,-4.60003108662568));
#8251=CARTESIAN_POINT('Ctrl Pts',(45.1006243951387,38.7248671661843,-4.60002482069518));
#8252=CARTESIAN_POINT('Ctrl Pts',(45.0812362567963,38.7425486144454,-4.6000163117227));
#8253=CARTESIAN_POINT('Ctrl Pts',(45.0633732542577,38.7616748299092,-4.60000944432875));
#8254=CARTESIAN_POINT('Ctrl Pts',(45.0494893578925,38.7765405498678,-4.60000410669384));
#8255=CARTESIAN_POINT('Ctrl Pts',(45.036527085384,38.7922800134499,-4.59999978617592));
#8256=CARTESIAN_POINT('Ctrl Pts',(45.024603323375,38.8088619213204,-4.59999973328477));
#8257=CARTESIAN_POINT('',(53.25,38.6,-4.60000000000009));
#8258=CARTESIAN_POINT('',(-8.275,38.6,-4.60000000000009));
#8259=CARTESIAN_POINT('',(53.25,44.35,-4.6000000000001));
#8260=CARTESIAN_POINT('',(53.25,41.475,-4.6000000000001));
#8261=CARTESIAN_POINT('',(0.,44.35,-4.6000000000001));
#8262=CARTESIAN_POINT('',(-19.8615,35.6,-4.60000000000009));
#8263=CARTESIAN_POINT('Origin',(-19.05,35.6,-4.60000000000009));
#8264=CARTESIAN_POINT('Origin',(-92.75,38.6,0.));
#8265=CARTESIAN_POINT('',(-54.2,38.6,-4.80000000000009));
#8266=CARTESIAN_POINT('',(-73.4125000286336,38.6,-4.80000000000009));
#8267=CARTESIAN_POINT('',(-54.4,38.6,-4.60000000000009));
#8268=CARTESIAN_POINT('',(-65.0874999999997,38.6,6.08749999999986));
#8269=CARTESIAN_POINT('',(-79.,38.6,-4.60000000000009));
#8270=CARTESIAN_POINT('',(-46.375,38.6,-4.60000000000009));
#8271=CARTESIAN_POINT('',(-79.2,38.6,-4.80000000000009));
#8272=CARTESIAN_POINT('',(-81.3374999999999,38.6,-6.93750000000005));
#8273=CARTESIAN_POINT('',(-79.45,38.6,-4.80000000000009));
#8274=CARTESIAN_POINT('',(-86.0375,38.6,-4.80000000000009));
#8275=CARTESIAN_POINT('',(-84.025,38.6,-0.225000000000047));
#8276=CARTESIAN_POINT('',(-90.75,38.6,-10.));
#8277=CARTESIAN_POINT('',(-90.75,38.6,0.));
#8278=CARTESIAN_POINT('',(-23.55,38.6,-10.));
#8279=CARTESIAN_POINT('',(-114.8,38.6,-10.));
#8280=CARTESIAN_POINT('',(-23.55,38.6,0.));
#8281=CARTESIAN_POINT('Origin',(-54.2999999999996,41.4750000000035,-4.7000000000001));
#8282=CARTESIAN_POINT('',(-54.1999999999993,44.35,-4.80000000000009));
#8283=CARTESIAN_POINT('',(-54.3999999999993,44.35,-4.6000000000001));
#8284=CARTESIAN_POINT('',(-39.1249999999999,44.35,-19.8749999999999));
#8285=CARTESIAN_POINT('',(-54.3999999999996,41.4750000000036,-4.6000000000001));
#8286=CARTESIAN_POINT('',(-54.1999999999989,47.3490012864222,-4.8000000000001));
#8287=CARTESIAN_POINT('Origin',(0.,44.35,-4.6000000000001));
#8288=CARTESIAN_POINT('',(-79.,44.35,-4.6000000000001));
#8289=CARTESIAN_POINT('',(0.,44.35,-4.6000000000001));
#8290=CARTESIAN_POINT('',(-79.,44.35,-4.6000000000001));
#8291=CARTESIAN_POINT('',(-74.9,41.1,-4.6000000000001));
#8292=CARTESIAN_POINT('Origin',(-76.2,41.1,-4.6000000000001));
#8293=CARTESIAN_POINT('Origin',(-53.85,2.875,-4.70000000000005));
#8294=CARTESIAN_POINT('',(-53.75,-38.6,-4.60000000000001));
#8295=CARTESIAN_POINT('',(-53.75,2.875,-4.60000000000005));
#8296=CARTESIAN_POINT('',(-53.95,-38.6,-4.80000000000001));
#8297=CARTESIAN_POINT('',(-39.8375000000003,-38.6,9.31250000000001));
#8298=CARTESIAN_POINT('',(-53.95,-38.6,-4.80000000000001));
#8299=CARTESIAN_POINT('Origin',(-2.5,-38.6,0.));
#8300=CARTESIAN_POINT('',(-4.5,-38.6,-4.60000000000001));
#8301=CARTESIAN_POINT('',(-1.25,-38.6,-4.60000000000001));
#8302=CARTESIAN_POINT('',(-4.49999999999999,-38.6,-10.));
#8303=CARTESIAN_POINT('',(-4.5,-38.6,0.));
#8304=CARTESIAN_POINT('',(-88.36875,-38.6,-10.));
#8305=CARTESIAN_POINT('',(114.8,-38.6,-10.));
#8306=CARTESIAN_POINT('',(-88.36875,-38.6,0.));
#8307=CARTESIAN_POINT('',(-79.45,-38.6,-4.80000000000001));
#8308=CARTESIAN_POINT('',(-61.4625000000004,-38.6,-22.7875));
#8309=CARTESIAN_POINT('',(-79.2,-38.6,-4.80000000000001));
#8310=CARTESIAN_POINT('',(-40.9125,-38.6,-4.80000000000001));
#8311=CARTESIAN_POINT('',(-79.,-38.6,-4.60000000000001));
#8312=CARTESIAN_POINT('',(-58.7750000000004,-38.6,15.625));
#8313=CARTESIAN_POINT('',(-54.4,-38.6,-4.60000000000001));
#8314=CARTESIAN_POINT('',(-1.25,-38.6,-4.60000000000001));
#8315=CARTESIAN_POINT('',(-54.2,-38.6,-4.80000000000001));
#8316=CARTESIAN_POINT('',(-42.5250000000003,-38.6,-16.475));
#8317=CARTESIAN_POINT('',(-28.2875,-38.6,-4.80000000000001));
#8318=CARTESIAN_POINT('Origin',(-54.3,3.11230279012977E-30,-4.70000000000005));
#8319=CARTESIAN_POINT('',(-54.4,1.12649461348666E-16,-4.60000000000005));
#8320=CARTESIAN_POINT('',(-54.2,-38.6,-4.80000000000001));
#8321=CARTESIAN_POINT('Origin',(0.,44.35,-4.6000000000001));
#8322=CARTESIAN_POINT('',(-79.,2.875,-4.60000000000005));
#8323=CARTESIAN_POINT('',(-74.9,-41.1,-4.6));
#8324=CARTESIAN_POINT('Origin',(-76.2,-41.1,-4.6));
#8325=CARTESIAN_POINT('Origin',(-79.1,2.875,-4.70000000000005));
#8326=CARTESIAN_POINT('',(-79.2,-38.6,-4.80000000000001));
#8327=CARTESIAN_POINT('Origin',(-79.55,3.11230279012977E-30,-4.70000000000005));
#8328=CARTESIAN_POINT('',(-79.45,-38.6,-4.80000000000001));
#8329=CARTESIAN_POINT('Origin',(54.3,2.875,-4.70000000000005));
#8330=CARTESIAN_POINT('',(54.4,-38.6,-4.60000000000001));
#8331=CARTESIAN_POINT('',(54.4,2.875,-4.60000000000005));
#8332=CARTESIAN_POINT('',(54.2,-38.6,-4.80000000000001));
#8333=CARTESIAN_POINT('',(65.0874999999998,-38.6,6.08750000000001));
#8334=CARTESIAN_POINT('',(54.2,-38.6,-4.80000000000001));
#8335=CARTESIAN_POINT('Origin',(0.,44.35,-4.6000000000001));
#8336=CARTESIAN_POINT('',(79.,-38.6,-4.60000000000001));
#8337=CARTESIAN_POINT('',(79.,1.12649461348666E-16,-4.60000000000005));
#8338=CARTESIAN_POINT('',(46.375,-38.6,-4.60000000000001));
#8339=CARTESIAN_POINT('',(77.5,-41.1,-4.6));
#8340=CARTESIAN_POINT('Origin',(76.2,-41.1,-4.6));
#8341=CARTESIAN_POINT('Origin',(53.85,3.11230279012977E-30,-4.70000000000005));
#8342=CARTESIAN_POINT('',(53.95,-38.6,-4.80000000000001));
#8343=CARTESIAN_POINT('',(53.75,-38.6,-4.60000000000001));
#8344=CARTESIAN_POINT('',(62.3999999999998,-38.6,-13.25));
#8345=CARTESIAN_POINT('',(53.75,1.12649461348666E-16,-4.60000000000005));
#8346=CARTESIAN_POINT('',(53.95,-38.6,-4.80000000000001));
#8347=CARTESIAN_POINT('Origin',(0.,44.35,-4.6000000000001));
#8348=CARTESIAN_POINT('',(4.49999999999999,-38.6,-4.60000000000001));
#8349=CARTESIAN_POINT('',(46.375,-38.6,-4.60000000000001));
#8350=CARTESIAN_POINT('',(2.5,-36.6,-4.60000000000001));
#8351=CARTESIAN_POINT('Origin',(4.49999999999999,-36.6,-4.6000000000001));
#8352=CARTESIAN_POINT('',(2.5,-36.1,-4.60000000000001));
#8353=CARTESIAN_POINT('',(2.5,2.875,-4.60000000000005));
#8354=CARTESIAN_POINT('',(-2.5,-36.1,-4.60000000000001));
#8355=CARTESIAN_POINT('Origin',(0.,-36.1,-4.6000000000001));
#8356=CARTESIAN_POINT('',(-2.5,-36.6,-4.60000000000001));
#8357=CARTESIAN_POINT('',(-2.5,4.125,-4.60000000000005));
#8358=CARTESIAN_POINT('Origin',(-4.5,-36.6,-4.6000000000001));
#8359=CARTESIAN_POINT('',(-0.8115,-35.6,-4.60000000000001));
#8360=CARTESIAN_POINT('Origin',(0.,-35.6,-4.60000000000001));
#8361=CARTESIAN_POINT('Origin',(92.75,-38.6,0.));
#8362=CARTESIAN_POINT('',(79.2,-38.6,-4.80000000000001));
#8363=CARTESIAN_POINT('',(81.3374999999999,-38.6,-6.93749999999999));
#8364=CARTESIAN_POINT('',(79.45,-38.6,-4.80000000000001));
#8365=CARTESIAN_POINT('',(86.0375,-38.6,-4.80000000000001));
#8366=CARTESIAN_POINT('',(84.0249999999999,-38.6,-0.224999999999993));
#8367=CARTESIAN_POINT('',(90.75,-38.6,-10.));
#8368=CARTESIAN_POINT('',(90.75,-38.6,0.));
#8369=CARTESIAN_POINT('',(4.49999999999999,-38.6,-10.));
#8370=CARTESIAN_POINT('',(114.8,-38.6,-10.));
#8371=CARTESIAN_POINT('',(4.49999999999999,-38.6,0.));
#8372=CARTESIAN_POINT('',(73.4125,-38.6,-4.80000000000001));
#8373=CARTESIAN_POINT('Origin',(79.55,2.875,-4.70000000000005));
#8374=CARTESIAN_POINT('',(79.45,-38.6,-4.80000000000001));
#8375=CARTESIAN_POINT('Origin',(79.1,3.11230279012977E-30,-4.70000000000005));
#8376=CARTESIAN_POINT('',(79.2,-38.6,-4.80000000000001));
#8377=CARTESIAN_POINT('Origin',(53.8,44.35,-4.7000000000001));
#8378=CARTESIAN_POINT('',(53.7,38.6,-4.80000000000009));
#8379=CARTESIAN_POINT('',(53.9,38.6,-4.60000000000009));
#8380=CARTESIAN_POINT('',(37.3875000000004,38.6,-21.1125));
#8381=CARTESIAN_POINT('',(53.9,44.35,-4.6000000000001));
#8382=CARTESIAN_POINT('',(53.9,44.35,-4.6000000000001));
#8383=CARTESIAN_POINT('',(53.7,44.35,-4.80000000000009));
#8384=CARTESIAN_POINT('',(38.7500000000003,44.35,-19.7500000000002));
#8385=CARTESIAN_POINT('',(53.7,44.35,-4.80000000000009));
#8386=CARTESIAN_POINT('Origin',(0.,44.35,-4.6000000000001));
#8387=CARTESIAN_POINT('',(79.,38.6,-4.60000000000009));
#8388=CARTESIAN_POINT('',(-8.275,38.6,-4.60000000000009));
#8389=CARTESIAN_POINT('',(79.,44.35,-4.6000000000001));
#8390=CARTESIAN_POINT('',(79.,41.475,-4.6000000000001));
#8391=CARTESIAN_POINT('',(0.,44.35,-4.6000000000001));
#8392=CARTESIAN_POINT('',(77.5,41.1,-4.6000000000001));
#8393=CARTESIAN_POINT('Origin',(76.2,41.1,-4.6000000000001));
#8394=CARTESIAN_POINT('Origin',(-16.55,38.6,0.));
#8395=CARTESIAN_POINT('',(53.45,38.6,-4.80000000000009));
#8396=CARTESIAN_POINT('',(18.5125,38.6,-4.80000000000009));
#8397=CARTESIAN_POINT('',(34.7000000000004,38.6,13.95));
#8398=CARTESIAN_POINT('',(44.7568100622386,38.6,-10.1485887073858));
#8399=CARTESIAN_POINT('Origin',(43.,38.6,9.80551279933137));
#8400=CARTESIAN_POINT('',(45.2552484069465,38.6,-10.));
#8401=CARTESIAN_POINT('Ctrl Pts',(45.2552484069465,38.6,-10.));
#8402=CARTESIAN_POINT('Ctrl Pts',(45.1372071341691,38.6,-10.));
#8403=CARTESIAN_POINT('Ctrl Pts',(45.0173191285563,38.6,-10.0238808937558));
#8404=CARTESIAN_POINT('Ctrl Pts',(44.8535516374572,38.6,-10.0905991635181));
#8405=CARTESIAN_POINT('Ctrl Pts',(44.8025193754411,38.6,-10.1177060981906));
#8406=CARTESIAN_POINT('Ctrl Pts',(44.7568100622386,38.6,-10.1485887073858));
#8407=CARTESIAN_POINT('',(90.75,38.6,-10.));
#8408=CARTESIAN_POINT('',(-114.8,38.6,-10.));
#8409=CARTESIAN_POINT('',(90.75,38.6,0.));
#8410=CARTESIAN_POINT('',(79.45,38.6,-4.80000000000009));
#8411=CARTESIAN_POINT('',(56.7000000000006,38.6,-27.55));
#8412=CARTESIAN_POINT('',(79.2,38.6,-4.80000000000009));
#8413=CARTESIAN_POINT('',(31.3875,38.6,-4.80000000000009));
#8414=CARTESIAN_POINT('',(54.0125000000005,38.6,20.3875));
#8415=CARTESIAN_POINT('Origin',(53.35,41.475,-4.7000000000001));
#8416=CARTESIAN_POINT('',(53.45,44.35,-4.80000000000009));
#8417=CARTESIAN_POINT('',(41.6125000000003,44.35,7.03749999999985));
#8418=CARTESIAN_POINT('',(53.45,44.35,-4.80000000000009));
#8419=CARTESIAN_POINT('Origin',(79.55,44.35,-4.7000000000001));
#8420=CARTESIAN_POINT('',(79.45,44.35,-4.80000000000009));
#8421=CARTESIAN_POINT('',(58.0625000000004,44.35,-26.1875000000002));
#8422=CARTESIAN_POINT('',(79.45,44.35,-4.80000000000009));
#8423=CARTESIAN_POINT('Origin',(79.1,41.475,-4.7000000000001));
#8424=CARTESIAN_POINT('',(79.2,44.35,-4.80000000000009));
#8425=CARTESIAN_POINT('',(60.9250000000005,44.35,13.4749999999998));
#8426=CARTESIAN_POINT('',(79.2,44.35,-4.80000000000009));
#8427=CARTESIAN_POINT('Origin',(-79.1,44.35,-4.7000000000001));
#8428=CARTESIAN_POINT('',(-79.2,44.35,-4.80000000000009));
#8429=CARTESIAN_POINT('',(-60.9250000000005,44.35,13.4749999999998));
#8430=CARTESIAN_POINT('',(-79.2,44.35,-4.80000000000009));
#8431=CARTESIAN_POINT('Origin',(-79.55,41.475,-4.7000000000001));
#8432=CARTESIAN_POINT('',(-79.45,44.35,-4.80000000000009));
#8433=CARTESIAN_POINT('',(-58.0625000000004,44.35,-26.1875000000002));
#8434=CARTESIAN_POINT('',(-79.45,44.35,-4.80000000000009));
#8435=CARTESIAN_POINT('Origin',(-76.2,-41.1,-4.7000000000001));
#8436=CARTESIAN_POINT('',(-75.1,-41.1,-4.80000000000001));
#8437=CARTESIAN_POINT('',(-75.,-41.1,-4.7000000000001));
#8438=CARTESIAN_POINT('Origin',(-76.2,-41.1,-4.80000000000001));
#8439=CARTESIAN_POINT('Origin',(-76.2,41.1,-4.7000000000001));
#8440=CARTESIAN_POINT('',(-75.1,41.1,-4.80000000000009));
#8441=CARTESIAN_POINT('',(-75.,41.1,-4.7000000000001));
#8442=CARTESIAN_POINT('Origin',(-76.2,41.1,-4.80000000000009));
#8443=CARTESIAN_POINT('Origin',(76.2,-41.1,-4.7000000000001));
#8444=CARTESIAN_POINT('',(77.3,-41.1,-4.80000000000001));
#8445=CARTESIAN_POINT('',(77.4,-41.1,-4.7000000000001));
#8446=CARTESIAN_POINT('Origin',(76.2,-41.1,-4.80000000000001));
#8447=CARTESIAN_POINT('Origin',(76.2,41.1,-4.7000000000001));
#8448=CARTESIAN_POINT('',(77.3,41.1,-4.80000000000009));
#8449=CARTESIAN_POINT('',(77.4,41.1,-4.7000000000001));
#8450=CARTESIAN_POINT('Origin',(76.2,41.1,-4.80000000000009));
#8451=CARTESIAN_POINT('Origin',(-8.47,43.8686391560998,-15.0203694695856));
#8452=CARTESIAN_POINT('Origin',(-3.47,38.6492276112799,-14.3795063148833));
#8453=CARTESIAN_POINT('',(-3.47,38.771096954685,-13.386960163242));
#8454=CARTESIAN_POINT('',(-3.47,38.771096954685,-13.386960163242));
#8455=CARTESIAN_POINT('Origin',(-3.47,38.6492276112799,-14.3795063148833));
#8456=CARTESIAN_POINT('Origin',(-3.47,38.771096954685,-13.386960163242));
#8457=CARTESIAN_POINT('',(3.47,38.771096954685,-13.386960163242));
#8458=CARTESIAN_POINT('',(3.47,38.771096954685,-13.386960163242));
#8459=CARTESIAN_POINT('',(-1.735,38.771096954685,-13.386960163242));
#8460=CARTESIAN_POINT('Origin',(3.47,38.6492276112799,-14.3795063148833));
#8461=CARTESIAN_POINT('',(4.47,38.6492276112799,-14.3795063148833));
#8462=CARTESIAN_POINT('',(4.47,38.6492276112799,-14.3795063148833));
#8463=CARTESIAN_POINT('Origin',(3.47,38.6492276112799,-14.3795063148833));
#8464=CARTESIAN_POINT('Origin',(4.47,38.6492276112799,-14.3795063148833));
#8465=CARTESIAN_POINT('',(4.47,38.3530851068054,-16.7913934633717));
#8466=CARTESIAN_POINT('Origin',(21.75,-1.98379878755448,-12.7756310238881));
#8467=CARTESIAN_POINT('',(45.5,-2.04473345925705,-13.2719040997088));
#8468=CARTESIAN_POINT('',(45.5,-2.29162952521731,-13.1696364006915));
#8469=CARTESIAN_POINT('Origin',(45.5,-1.98379878755448,-12.7756310238881));
#8470=CARTESIAN_POINT('',(41.5,-2.04473345925705,-13.2719040997088));
#8471=CARTESIAN_POINT('',(21.75,-2.04473345925705,-13.2719040997088));
#8472=CARTESIAN_POINT('',(41.5,-2.29162952521731,-13.1696364006915));
#8473=CARTESIAN_POINT('Origin',(41.5,-1.98379878755448,-12.7756310238881));
#8474=CARTESIAN_POINT('',(21.75,-2.29162952521731,-13.1696364006915));
#8475=CARTESIAN_POINT('Origin',(45.5,13.2948680363903,-11.9016403059301));
#8476=CARTESIAN_POINT('',(45.5,-5.70860829728038,-10.5));
#8477=CARTESIAN_POINT('',(45.5,-0.652357311680722,-14.4503762190594));
#8478=CARTESIAN_POINT('',(45.5,36.6067965270258,-10.5));
#8479=CARTESIAN_POINT('',(45.5,6.64743401819513,-10.5));
#8480=CARTESIAN_POINT('',(45.5,35.6974465666327,-17.906061101706));
#8481=CARTESIAN_POINT('',(45.5,35.8332990289567,-16.7996315854458));
#8482=CARTESIAN_POINT('',(45.5,31.7272619600674,-17.4185837280854));
#8483=CARTESIAN_POINT('',(45.5,24.5475067053952,-16.5370206317501));
#8484=CARTESIAN_POINT('',(45.5,31.6053926166623,-18.4111298797267));
#8485=CARTESIAN_POINT('',(45.5,31.8631144223914,-16.3121542118252));
#8486=CARTESIAN_POINT('',(45.5,5.79919267398788,-15.2425269511929));
#8487=CARTESIAN_POINT('',(45.5,38.0569426023308,-19.2032806118602));
#8488=CARTESIAN_POINT('',(45.5,5.92106201739303,-14.2499807995516));
#8489=CARTESIAN_POINT('',(45.5,6.05691447971705,-13.1435512832914));
#8490=CARTESIAN_POINT('',(45.5,6.68167597585142,-14.3433724504575));
#8491=CARTESIAN_POINT('Origin',(0.,-13.2602639272195,-4.60000000000004));
#8492=CARTESIAN_POINT('',(41.5,-0.761624673159835,-14.3650072000895));
#8493=CARTESIAN_POINT('',(41.5,-6.11198930620846,-10.1848442157187));
#8494=CARTESIAN_POINT('',(-5.5,-0.761624673159835,-14.3650072000895));
#8495=CARTESIAN_POINT('',(0.,-0.761624673159837,-14.3650072000895));
#8496=CARTESIAN_POINT('',(-5.5,-2.2916295252173,-13.1696364006915));
#8497=CARTESIAN_POINT('',(-5.5,-7.63176767004341,-8.99746322457857));
#8498=CARTESIAN_POINT('',(-9.5,-2.2916295252173,-13.1696364006915));
#8499=CARTESIAN_POINT('',(-3.75,-2.2916295252173,-13.1696364006915));
#8500=CARTESIAN_POINT('',(-9.5,-5.70860829728038,-10.5));
#8501=CARTESIAN_POINT('',(-9.5,-0.652357311680722,-14.4503762190594));
#8502=CARTESIAN_POINT('',(-10.,-6.34857911337692,-10.));
#8503=CARTESIAN_POINT('Origin',(-10.,-5.70860829728038,-10.5));
#8504=CARTESIAN_POINT('',(46.,-6.34857911337692,-10.));
#8505=CARTESIAN_POINT('',(0.,-6.34857911337692,-10.));
#8506=CARTESIAN_POINT('Origin',(46.,-5.70860829728038,-10.5));
#8507=CARTESIAN_POINT('Origin',(-3.75,-1.98379878755447,-12.7756310238881));
#8508=CARTESIAN_POINT('',(-9.5,-2.04473345925705,-13.2719040997088));
#8509=CARTESIAN_POINT('Origin',(-9.5,-1.98379878755447,-12.7756310238881));
#8510=CARTESIAN_POINT('',(-5.5,-2.04473345925705,-13.2719040997088));
#8511=CARTESIAN_POINT('Origin',(-5.5,-1.98379878755447,-12.7756310238881));
#8512=CARTESIAN_POINT('',(-3.75,-2.04473345925705,-13.2719040997088));
#8513=CARTESIAN_POINT('Origin',(0.,-0.453793935497008,-13.9710018232861));
#8514=CARTESIAN_POINT('',(-5.5,-0.514728607199581,-14.4672748991068));
#8515=CARTESIAN_POINT('Origin',(-5.5,-0.453793935497008,-13.9710018232861));
#8516=CARTESIAN_POINT('',(41.5,-0.514728607199581,-14.4672748991068));
#8517=CARTESIAN_POINT('Origin',(41.5,-0.453793935497008,-13.9710018232861));
#8518=CARTESIAN_POINT('',(0.,-0.514728607199581,-14.4672748991068));
#8519=CARTESIAN_POINT('Origin',(-5.5,-2.63744961496335,-14.2066375322491));
#8520=CARTESIAN_POINT('',(-5.5,1.8290080674226,-14.7550495775723));
#8521=CARTESIAN_POINT('',(-5.5,-1.64490346332204,-14.3285068756543));
#8522=CARTESIAN_POINT('',(-5.5,1.95087741082774,-13.762503425931));
#8523=CARTESIAN_POINT('',(-5.5,1.8290080674226,-14.7550495775723));
#8524=CARTESIAN_POINT('',(-5.5,-0.530487968275562,-13.4578300674181));
#8525=CARTESIAN_POINT('Origin',(0.,-0.652357311680722,-14.4503762190594));
#8526=CARTESIAN_POINT('',(41.5,1.8290080674226,-14.7550495775723));
#8527=CARTESIAN_POINT('',(41.5,0.588325377870937,-14.6027128983159));
#8528=CARTESIAN_POINT('',(43.,3.31782729488458,-14.93785359268));
#8529=CARTESIAN_POINT('Origin',(43.,1.8290080674226,-14.7550495775723));
#8530=CARTESIAN_POINT('Origin',(43.,5.79919267398789,-15.2425269511929));
#8531=CARTESIAN_POINT('',(43.,34.0867579957656,-18.7158032382396));
#8532=CARTESIAN_POINT('Origin',(43.,31.6053926166623,-18.4111298797267));
#8533=CARTESIAN_POINT('',(41.5,35.5755772232275,-18.8986072533473));
#8534=CARTESIAN_POINT('Origin',(43.,35.5755772232275,-18.8986072533472));
#8535=CARTESIAN_POINT('',(39.,38.0569426023308,-19.2032806118602));
#8536=CARTESIAN_POINT('Origin',(39.,35.5755772232275,-18.8986072533474));
#8537=CARTESIAN_POINT('',(11.,38.0569426023308,-19.2032806118602));
#8538=CARTESIAN_POINT('',(0.,38.0569426023308,-19.2032806118602));
#8539=CARTESIAN_POINT('',(8.5,35.5755772232275,-18.8986072533473));
#8540=CARTESIAN_POINT('Origin',(11.,35.5755772232275,-18.8986072533474));
#8541=CARTESIAN_POINT('',(5.5,35.5755772232275,-18.8986072533473));
#8542=CARTESIAN_POINT('Origin',(7.,35.5755772232275,-18.8986072533472));
#8543=CARTESIAN_POINT('',(3.,38.0569426023308,-19.2032806118602));
#8544=CARTESIAN_POINT('Origin',(3.,35.5755772232275,-18.8986072533474));
#8545=CARTESIAN_POINT('',(-3.,38.0569426023308,-19.2032806118602));
#8546=CARTESIAN_POINT('',(0.,38.0569426023308,-19.2032806118602));
#8547=CARTESIAN_POINT('',(-5.5,35.5755772232275,-18.8986072533473));
#8548=CARTESIAN_POINT('Origin',(-3.,35.5755772232275,-18.8986072533474));
#8549=CARTESIAN_POINT('',(-7.,34.0867579957656,-18.7158032382396));
#8550=CARTESIAN_POINT('Origin',(-7.,35.5755772232275,-18.8986072533472));
#8551=CARTESIAN_POINT('',(-9.5,31.6053926166622,-18.4111298797267));
#8552=CARTESIAN_POINT('Origin',(-7.,31.6053926166623,-18.4111298797267));
#8553=CARTESIAN_POINT('',(-9.5,27.1389349342763,-17.8627178344035));
#8554=CARTESIAN_POINT('',(-9.5,38.0569426023308,-19.2032806118602));
#8555=CARTESIAN_POINT('',(-7.,24.657569555173,-17.5580444758907));
#8556=CARTESIAN_POINT('Origin',(-7.,27.1389349342763,-17.8627178344035));
#8557=CARTESIAN_POINT('',(-7.,21.679931100249,-17.1924364456752));
#8558=CARTESIAN_POINT('Origin',(-7.,23.168750327711,-17.3752404607829));
#8559=CARTESIAN_POINT('',(-9.5,19.1985657211457,-16.8877630871624));
#8560=CARTESIAN_POINT('Origin',(-7.,19.1985657211457,-16.8877630871623));
#8561=CARTESIAN_POINT('',(-9.5,5.79919267398788,-15.2425269511929));
#8562=CARTESIAN_POINT('',(-9.5,38.0569426023308,-19.2032806118602));
#8563=CARTESIAN_POINT('',(-7.,3.31782729488458,-14.93785359268));
#8564=CARTESIAN_POINT('Origin',(-7.,5.79919267398789,-15.2425269511929));
#8565=CARTESIAN_POINT('Origin',(-7.,1.8290080674226,-14.7550495775723));
#8566=CARTESIAN_POINT('Origin',(-10.,6.64743401819513,-10.5));
#8567=CARTESIAN_POINT('',(-9.5,36.6067965270258,-10.5));
#8568=CARTESIAN_POINT('',(-10.,36.6067965270258,-10.));
#8569=CARTESIAN_POINT('Origin',(-10.,36.6067965270258,-10.5));
#8570=CARTESIAN_POINT('',(-10.,6.64743401819513,-10.));
#8571=CARTESIAN_POINT('',(-9.5,6.64743401819513,-10.5));
#8572=CARTESIAN_POINT('Ctrl Pts',(-8.69595349849287,39.1,-10.));
#8573=CARTESIAN_POINT('Ctrl Pts',(-9.49606217262428,38.5475362639972,-10.));
#8574=CARTESIAN_POINT('Ctrl Pts',(-10.,37.5840587040143,-10.));
#8575=CARTESIAN_POINT('Ctrl Pts',(-10.,36.6067965270257,-10.));
#8576=CARTESIAN_POINT('Ctrl Pts',(-8.62634476411022,38.9991887638131,-10.));
#8577=CARTESIAN_POINT('Ctrl Pts',(-9.3926580537892,38.4677763207784,-9.99995033972953));
#8578=CARTESIAN_POINT('Ctrl Pts',(-9.87241617740907,37.5419734503346,-10.0001070553497));
#8579=CARTESIAN_POINT('Ctrl Pts',(-9.86910030610043,36.6067965270257,-10.));
#8580=CARTESIAN_POINT('Ctrl Pts',(-8.4875792837554,38.7982208861653,-10.0943496129636));
#8581=CARTESIAN_POINT('Ctrl Pts',(-9.18681048941842,38.3087156396931,-10.0973748865168));
#8582=CARTESIAN_POINT('Ctrl Pts',(-9.61807906820021,37.4585410022777,-10.1026674323069));
#8583=CARTESIAN_POINT('Ctrl Pts',(-9.60842975302515,36.6067965270257,-10.1084297530252));
#8584=CARTESIAN_POINT('Ctrl Pts',(-8.42029212203596,38.7007718804823,-10.3278489170523));
#8585=CARTESIAN_POINT('Ctrl Pts',(-9.08865151759274,38.2347581074114,-10.3368535565389));
#8586=CARTESIAN_POINT('Ctrl Pts',(-9.50527447474322,37.4232632330901,-10.3526729761165));
#8587=CARTESIAN_POINT('Ctrl Pts',(-9.5,36.6067965270257,-10.3691003061004));
#8588=CARTESIAN_POINT('Ctrl Pts',(-8.41329458207739,38.6906376543719,-10.4497366241419));
#8589=CARTESIAN_POINT('Ctrl Pts',(-9.08005181052023,38.2288836631998,-10.4608743803305));
#8590=CARTESIAN_POINT('Ctrl Pts',(-9.5,37.42360074645,-10.4802982401371));
#8591=CARTESIAN_POINT('Ctrl Pts',(-9.5,36.6067965270257,-10.5));
#8592=CARTESIAN_POINT('',(-9.25524840694647,38.6,-10.));
#8593=CARTESIAN_POINT('Origin',(-7.,36.6067965270258,-10.));
#8594=CARTESIAN_POINT('',(-8.41329458207741,38.6906376543719,-10.4497366241419));
#8595=CARTESIAN_POINT('Origin',(-7.,36.6067965270258,-10.5));
#8596=CARTESIAN_POINT('',(-8.7568100622386,38.6,-10.1485887073858));
#8597=CARTESIAN_POINT('Ctrl Pts',(-8.41329458207739,38.6906376543719,-10.4497366241419));
#8598=CARTESIAN_POINT('Ctrl Pts',(-8.41424614581392,38.6901073464836,-10.4487044631951));
#8599=CARTESIAN_POINT('Ctrl Pts',(-8.41519919227297,38.6895791935028,-10.4476726171447));
#8600=CARTESIAN_POINT('Ctrl Pts',(-8.41615370667968,38.6890531962509,-10.4466411029912));
#8601=CARTESIAN_POINT('Ctrl Pts',(-8.43923456174468,38.6763341987691,-10.4216983378465));
#8602=CARTESIAN_POINT('Ctrl Pts',(-8.46332163922029,38.6647896957404,-10.3967910905656));
#8603=CARTESIAN_POINT('Ctrl Pts',(-8.48823287261417,38.6545075274222,-10.3721774904316));
#8604=CARTESIAN_POINT('Ctrl Pts',(-8.51229180028257,38.6445771502333,-10.3484060128849));
#8605=CARTESIAN_POINT('Ctrl Pts',(-8.53712024681005,38.6358241227707,-10.3249082660767));
#8606=CARTESIAN_POINT('Ctrl Pts',(-8.56255547755808,38.6283673561475,-10.3019449795338));
#8607=CARTESIAN_POINT('Ctrl Pts',(-8.56836086328449,38.6266654094678,-10.2967037950819));
#8608=CARTESIAN_POINT('Ctrl Pts',(-8.5741978372098,38.6250311620732,-10.2914905782339));
#8609=CARTESIAN_POINT('Ctrl Pts',(-8.58006440917483,38.6234663376114,-10.286308657597));
#8610=CARTESIAN_POINT('Ctrl Pts',(-8.6022542586477,38.6175475115125,-10.2667084482073));
#8611=CARTESIAN_POINT('Ctrl Pts',(-8.62512580818698,38.6125484097071,-10.2473293853485));
#8612=CARTESIAN_POINT('Ctrl Pts',(-8.64856668654107,38.6086631768686,-10.228415712043));
#8613=CARTESIAN_POINT('Ctrl Pts',(-8.67105261263644,38.6049362235886,-10.2102725582875));
#8614=CARTESIAN_POINT('Ctrl Pts',(-8.6940630194402,38.6022341927479,-10.1925576410747));
#8615=CARTESIAN_POINT('Ctrl Pts',(-8.71749003234422,38.6007486483519,-10.175528720041));
#8616=CARTESIAN_POINT('Ctrl Pts',(-8.7301323423484,38.5999469792336,-10.1663391191463));
#8617=CARTESIAN_POINT('Ctrl Pts',(-8.74289577458934,38.5994999301669,-10.1573500306282));
#8618=CARTESIAN_POINT('Ctrl Pts',(-8.75576130954735,38.5994402609309,-10.1486073982948));
#8619=CARTESIAN_POINT('Ctrl Pts',(-8.7568100622386,38.6,-10.1485887073858));
#8620=CARTESIAN_POINT('Ctrl Pts',(-8.82421205832945,38.6,-10.1030498585516));
#8621=CARTESIAN_POINT('Ctrl Pts',(-8.90317428875803,38.6,-10.0657155898981));
#8622=CARTESIAN_POINT('Ctrl Pts',(-9.0747555426088,38.6,-10.0138085734685));
#8623=CARTESIAN_POINT('Ctrl Pts',(-9.16534080960296,38.6,-10.));
#8624=CARTESIAN_POINT('Ctrl Pts',(-9.25524840694647,38.6,-10.));
#8625=CARTESIAN_POINT('Ctrl Pts',(-8.41329458207738,38.6906376543719,-10.4497366241421));
#8626=CARTESIAN_POINT('Ctrl Pts',(-8.65034600571489,38.7228875846803,-8.85401002822254));
#8627=CARTESIAN_POINT('Ctrl Pts',(-8.85905485632896,38.7633233201764,-6.85324978038228));
#8628=CARTESIAN_POINT('Ctrl Pts',(-9.02722826574034,38.809582586375,-4.56434122538959));
#8629=CARTESIAN_POINT('Ctrl Pts',(-8.49546226274299,38.6321079849486,-10.4643479623198));
#8630=CARTESIAN_POINT('Ctrl Pts',(-8.7416879426763,38.6440951907021,-8.86665401840986));
#8631=CARTESIAN_POINT('Ctrl Pts',(-8.95461117513667,38.6606242746861,-6.86359450290395));
#8632=CARTESIAN_POINT('Ctrl Pts',(-9.11894067506659,38.680554428843,-4.57240729320351));
#8633=CARTESIAN_POINT('Ctrl Pts',(-8.595592923634,38.6,-10.4821535391157));
#8634=CARTESIAN_POINT('Ctrl Pts',(-8.86081553942495,38.5998555654374,-8.8834476086963));
#8635=CARTESIAN_POINT('Ctrl Pts',(-9.09240716651386,38.6005037691006,-6.87903711458214));
#8636=CARTESIAN_POINT('Ctrl Pts',(-9.27477634625061,38.6,-4.58611297491913));
#8637=CARTESIAN_POINT('Ctrl Pts',(-8.69595349849285,38.6,-10.5000000000002));
#8638=CARTESIAN_POINT('Ctrl Pts',(-8.98041520685787,38.6,-8.9003136105486));
#8639=CARTESIAN_POINT('Ctrl Pts',(-9.23086582759475,38.6,-6.89458847868067));
#8640=CARTESIAN_POINT('Ctrl Pts',(-9.4326739188884,38.6,-4.60000000000009));
#8641=CARTESIAN_POINT('Origin',(-7.,39.1,9.80551279933138));
#8642=CARTESIAN_POINT('Origin',(-7.,38.6,9.80551279933137));
#8643=CARTESIAN_POINT('Origin',(-7.,35.8332990289567,-16.7996315854458));
#8644=CARTESIAN_POINT('',(-9.5,35.6974465666327,-17.906061101706));
#8645=CARTESIAN_POINT('',(-9.5,35.8332990289567,-16.7996315854458));
#8646=CARTESIAN_POINT('',(-7.,38.178811945736,-18.2107344602188));
#8647=CARTESIAN_POINT('Origin',(-7.,35.6974465666327,-17.906061101706));
#8648=CARTESIAN_POINT('',(-7.,38.31466440806,-17.1043049439587));
#8649=CARTESIAN_POINT('Origin',(-9.5,13.2948680363903,-11.9016403059301));
#8650=CARTESIAN_POINT('',(-9.5,5.92106201739303,-14.2499807995516));
#8651=CARTESIAN_POINT('',(-9.5,6.68167597585142,-14.3433724504575));
#8652=CARTESIAN_POINT('',(-9.5,6.05691447971705,-13.1435512832914));
#8653=CARTESIAN_POINT('',(-9.5,19.3204350645509,-15.895216935521));
#8654=CARTESIAN_POINT('',(-9.5,19.4562875268749,-14.7887874192609));
#8655=CARTESIAN_POINT('',(-9.5,27.2608042776814,-16.8701716827622));
#8656=CARTESIAN_POINT('',(-9.5,18.0959567197266,-15.7448698996167));
#8657=CARTESIAN_POINT('',(-9.5,27.3966567400055,-15.763742166502));
#8658=CARTESIAN_POINT('',(-9.5,31.7272619600674,-17.4185837280854));
#8659=CARTESIAN_POINT('',(-9.5,31.8631144223914,-16.3121542118252));
#8660=CARTESIAN_POINT('',(-9.5,24.5475067053952,-16.5370206317501));
#8661=CARTESIAN_POINT('Ctrl Pts',(44.6959534984929,38.6,-10.5000000000001));
#8662=CARTESIAN_POINT('Ctrl Pts',(44.9804152068579,38.6,-8.90031361054848));
#8663=CARTESIAN_POINT('Ctrl Pts',(45.2308658275948,38.6,-6.89458847868059));
#8664=CARTESIAN_POINT('Ctrl Pts',(45.4326739188884,38.6,-4.60000000000007));
#8665=CARTESIAN_POINT('Ctrl Pts',(44.595592923634,38.6,-10.4821535391156));
#8666=CARTESIAN_POINT('Ctrl Pts',(44.860815539425,38.5998555654374,-8.88344760869619));
#8667=CARTESIAN_POINT('Ctrl Pts',(45.0924071665139,38.6005037691006,-6.87903711458206));
#8668=CARTESIAN_POINT('Ctrl Pts',(45.2747763462506,38.6,-4.58611297491911));
#8669=CARTESIAN_POINT('Ctrl Pts',(44.495462262743,38.6321079849486,-10.4643479623196));
#8670=CARTESIAN_POINT('Ctrl Pts',(44.7416879426763,38.6440951907021,-8.86665401840973));
#8671=CARTESIAN_POINT('Ctrl Pts',(44.9546111751367,38.6606242746861,-6.86359450290387));
#8672=CARTESIAN_POINT('Ctrl Pts',(45.1189406750666,38.680554428843,-4.57240729320349));
#8673=CARTESIAN_POINT('Ctrl Pts',(44.4132945820774,38.6906376543719,-10.449736624142));
#8674=CARTESIAN_POINT('Ctrl Pts',(44.6503460057149,38.7228875846803,-8.85401002822242));
#8675=CARTESIAN_POINT('Ctrl Pts',(44.859054856329,38.7633233201764,-6.8532497803822));
#8676=CARTESIAN_POINT('Ctrl Pts',(45.0272282657403,38.809582586375,-4.56434122538957));
#8677=CARTESIAN_POINT('',(44.4132945820774,38.6906376543719,-10.4497366241419));
#8678=CARTESIAN_POINT('Origin',(43.,39.1,9.80551279933138));
#8679=CARTESIAN_POINT('Ctrl Pts',(44.4132945820774,38.6906376543719,-10.449736624142));
#8680=CARTESIAN_POINT('Ctrl Pts',(44.4142461458141,38.6901073464835,-10.448704463195));
#8681=CARTESIAN_POINT('Ctrl Pts',(44.415199186531,38.6895791703698,-10.4476725746485));
#8682=CARTESIAN_POINT('Ctrl Pts',(44.416153690801,38.6890531291259,-10.4466409772582));
#8683=CARTESIAN_POINT('Ctrl Pts',(44.4413833271117,38.6751487080727,-10.4193736011));
#8684=CARTESIAN_POINT('Ctrl Pts',(44.4678073762135,38.6626379329958,-10.3921154188077));
#8685=CARTESIAN_POINT('Ctrl Pts',(44.4952235458726,38.6516586727104,-10.3652441009796));
#8686=CARTESIAN_POINT('Ctrl Pts',(44.5207201905286,38.6414481180792,-10.3402541607137));
#8687=CARTESIAN_POINT('Ctrl Pts',(44.547075626289,38.6325626741671,-10.3155991641267));
#8688=CARTESIAN_POINT('Ctrl Pts',(44.5741073743584,38.6251586281213,-10.2915947178522));
#8689=CARTESIAN_POINT('Ctrl Pts',(44.5761424702306,38.6246012115788,-10.289787533596));
#8690=CARTESIAN_POINT('Ctrl Pts',(44.5781813866263,38.6240522120575,-10.287984041106));
#8691=CARTESIAN_POINT('Ctrl Pts',(44.5802240390911,38.6235117063188,-10.2861843771716));
#8692=CARTESIAN_POINT('Ctrl Pts',(44.6022636108169,38.6176798209633,-10.2667665745599));
#8693=CARTESIAN_POINT('Ctrl Pts',(44.6249892518364,38.6127684184421,-10.2475642983902));
#8694=CARTESIAN_POINT('Ctrl Pts',(44.6483038810738,38.608958607839,-10.2288327566497));
#8695=CARTESIAN_POINT('Ctrl Pts',(44.6706791690337,38.605302293666,-10.2108559046006));
#8696=CARTESIAN_POINT('Ctrl Pts',(44.6935972986682,38.6026607376789,-10.1933127531873));
#8697=CARTESIAN_POINT('Ctrl Pts',(44.7169393449117,38.6012282945565,-10.1764306492183));
#8698=CARTESIAN_POINT('Ctrl Pts',(44.730102605659,38.6004204980965,-10.1669103383514));
#8699=CARTESIAN_POINT('Ctrl Pts',(44.7434000449855,38.5999978353891,-10.1576002732861));
#8700=CARTESIAN_POINT('Ctrl Pts',(44.7568047404065,38.6,-10.1485412372076));
#8701=CARTESIAN_POINT('Ctrl Pts',(44.4132945820774,38.6906376543719,-10.4497366241419));
#8702=CARTESIAN_POINT('Ctrl Pts',(45.0800518105202,38.2288836631998,-10.4608743803305));
#8703=CARTESIAN_POINT('Ctrl Pts',(45.5,37.42360074645,-10.4802982401371));
#8704=CARTESIAN_POINT('Ctrl Pts',(45.5,36.6067965270258,-10.5));
#8705=CARTESIAN_POINT('Ctrl Pts',(44.420292122036,38.7007718804822,-10.3278489170523));
#8706=CARTESIAN_POINT('Ctrl Pts',(45.0886515175927,38.2347581074114,-10.3368535565389));
#8707=CARTESIAN_POINT('Ctrl Pts',(45.5052744747432,37.4232632330901,-10.3526729761165));
#8708=CARTESIAN_POINT('Ctrl Pts',(45.5,36.6067965270258,-10.3691003061004));
#8709=CARTESIAN_POINT('Ctrl Pts',(44.4875963649647,38.7982456241215,-10.0943828656343));
#8710=CARTESIAN_POINT('Ctrl Pts',(45.1868275706277,38.3087403776494,-10.0974081391875));
#8711=CARTESIAN_POINT('Ctrl Pts',(45.6181198412789,37.4585410022778,-10.1027082053856));
#8712=CARTESIAN_POINT('Ctrl Pts',(45.6084705261038,36.6067965270258,-10.1084705261038));
#8713=CARTESIAN_POINT('Ctrl Pts',(44.6263447641102,38.9991887638131,-10.));
#8714=CARTESIAN_POINT('Ctrl Pts',(45.3926580537892,38.4677763207784,-9.99995033972953));
#8715=CARTESIAN_POINT('Ctrl Pts',(45.8724161774091,37.5419734503346,-10.0001070553497));
#8716=CARTESIAN_POINT('Ctrl Pts',(45.8691003061004,36.6067965270258,-10.));
#8717=CARTESIAN_POINT('Ctrl Pts',(44.6959534984929,39.1,-10.));
#8718=CARTESIAN_POINT('Ctrl Pts',(45.4960621726243,38.5475362639972,-10.));
#8719=CARTESIAN_POINT('Ctrl Pts',(46.,37.5840587040143,-10.));
#8720=CARTESIAN_POINT('Ctrl Pts',(46.,36.6067965270258,-10.));
#8721=CARTESIAN_POINT('Origin',(43.,36.6067965270258,-10.5));
#8722=CARTESIAN_POINT('',(46.,36.6067965270258,-10.));
#8723=CARTESIAN_POINT('Origin',(46.,36.6067965270258,-10.5));
#8724=CARTESIAN_POINT('Origin',(43.,36.6067965270258,-10.));
#8725=CARTESIAN_POINT('Origin',(46.,6.64743401819513,-10.5));
#8726=CARTESIAN_POINT('',(46.,6.64743401819513,-10.));
#8727=CARTESIAN_POINT('Origin',(0.,0.,-10.));
#8728=CARTESIAN_POINT('',(-14.55,38.6,-10.));
#8729=CARTESIAN_POINT('',(-114.8,38.6,-10.));
#8730=CARTESIAN_POINT('',(-16.55,36.6,-10.));
#8731=CARTESIAN_POINT('Origin',(-14.55,36.6,-10.));
#8732=CARTESIAN_POINT('',(-16.55,36.1,-10.));
#8733=CARTESIAN_POINT('',(-16.55,38.1,-10.));
#8734=CARTESIAN_POINT('',(-21.55,36.1,-10.));
#8735=CARTESIAN_POINT('Origin',(-19.05,36.1,-10.));
#8736=CARTESIAN_POINT('',(-21.55,36.6,-10.));
#8737=CARTESIAN_POINT('',(-21.55,38.1,-10.));
#8738=CARTESIAN_POINT('Origin',(-23.55,36.6,-10.));
#8739=CARTESIAN_POINT('',(-92.75,36.6,-10.));
#8740=CARTESIAN_POINT('Origin',(-90.75,36.6,-10.));
#8741=CARTESIAN_POINT('',(-92.7500000000059,36.1,-10.));
#8742=CARTESIAN_POINT('',(-92.75,38.1,-10.));
#8743=CARTESIAN_POINT('',(-97.7499999999983,36.1,-10.));
#8744=CARTESIAN_POINT('Origin',(-95.2500000000021,36.1,-10.));
#8745=CARTESIAN_POINT('',(-97.7499999999987,36.6000000000017,-10.));
#8746=CARTESIAN_POINT('',(-97.75,38.1,-10.));
#8747=CARTESIAN_POINT('',(-99.7499999999987,38.6,-10.));
#8748=CARTESIAN_POINT('Origin',(-99.7499999999987,36.6,-10.));
#8749=CARTESIAN_POINT('',(-112.8,38.6,-10.));
#8750=CARTESIAN_POINT('',(-114.8,38.6,-10.));
#8751=CARTESIAN_POINT('',(-114.8,36.6,-10.));
#8752=CARTESIAN_POINT('Origin',(-112.8,36.6,-10.));
#8753=CARTESIAN_POINT('',(-114.8,-36.6,-10.));
#8754=CARTESIAN_POINT('',(-114.8,-38.6,-10.));
#8755=CARTESIAN_POINT('',(-112.8,-38.6,-10.));
#8756=CARTESIAN_POINT('Origin',(-112.8,-36.6,-10.));
#8757=CARTESIAN_POINT('',(-97.36875,-38.6,-10.));
#8758=CARTESIAN_POINT('',(114.8,-38.6,-10.));
#8759=CARTESIAN_POINT('',(-95.36875,-36.6,-10.));
#8760=CARTESIAN_POINT('Origin',(-97.36875,-36.6,-10.));
#8761=CARTESIAN_POINT('',(-95.3687500000002,-36.0999943471874,-10.));
#8762=CARTESIAN_POINT('',(-95.36875,-38.1,-10.));
#8763=CARTESIAN_POINT('',(-90.36875,-36.1,-10.));
#8764=CARTESIAN_POINT('Origin',(-92.86875,-36.0999970990879,-10.));
#8765=CARTESIAN_POINT('',(-90.36875,-36.6,-10.));
#8766=CARTESIAN_POINT('',(-90.36875,-38.1,-10.));
#8767=CARTESIAN_POINT('Origin',(-88.36875,-36.6,-10.));
#8768=CARTESIAN_POINT('',(-2.5,-36.6,-10.));
#8769=CARTESIAN_POINT('Origin',(-4.5,-36.6,-10.));
#8770=CARTESIAN_POINT('',(-2.5,-36.1,-10.));
#8771=CARTESIAN_POINT('',(-2.5,-38.1,-10.));
#8772=CARTESIAN_POINT('',(2.5,-36.1,-10.));
#8773=CARTESIAN_POINT('Origin',(0.,-36.1,-10.));
#8774=CARTESIAN_POINT('',(2.5,-36.6,-10.));
#8775=CARTESIAN_POINT('',(2.5,-38.1,-10.));
#8776=CARTESIAN_POINT('Origin',(4.49999999999999,-36.6,-10.));
#8777=CARTESIAN_POINT('',(92.75,-36.6,-10.));
#8778=CARTESIAN_POINT('Origin',(90.75,-36.6,-10.));
#8779=CARTESIAN_POINT('',(92.7500000000001,-36.0999999885239,-10.));
#8780=CARTESIAN_POINT('',(92.75,-38.1,-10.));
#8781=CARTESIAN_POINT('',(97.75,-36.0999955535659,-10.));
#8782=CARTESIAN_POINT('Origin',(95.25,-36.0999977183614,-10.));
#8783=CARTESIAN_POINT('',(97.75,-36.6,-10.));
#8784=CARTESIAN_POINT('',(97.75,-38.1,-10.));
#8785=CARTESIAN_POINT('',(99.75,-38.6,-10.));
#8786=CARTESIAN_POINT('Origin',(99.75,-36.6,-10.));
#8787=CARTESIAN_POINT('',(112.8,-38.6,-10.));
#8788=CARTESIAN_POINT('',(114.8,-38.6,-10.));
#8789=CARTESIAN_POINT('',(114.8,-36.6,-10.));
#8790=CARTESIAN_POINT('Origin',(112.8,-36.6,-10.));
#8791=CARTESIAN_POINT('',(114.8,36.6,-10.));
#8792=CARTESIAN_POINT('',(114.8,38.6,-10.));
#8793=CARTESIAN_POINT('',(112.8,38.6,-10.));
#8794=CARTESIAN_POINT('Origin',(112.8,36.6,-10.));
#8795=CARTESIAN_POINT('',(99.75,38.6,-10.));
#8796=CARTESIAN_POINT('',(-114.8,38.6,-10.));
#8797=CARTESIAN_POINT('',(97.75,36.6,-10.));
#8798=CARTESIAN_POINT('Origin',(99.75,36.6,-10.));
#8799=CARTESIAN_POINT('',(97.7500000000001,36.0999957934435,-10.));
#8800=CARTESIAN_POINT('',(97.75,38.1,-10.));
#8801=CARTESIAN_POINT('',(92.75,36.1,-10.));
#8802=CARTESIAN_POINT('Origin',(95.25,36.0999978510964,-10.));
#8803=CARTESIAN_POINT('',(92.75,36.6,-10.));
#8804=CARTESIAN_POINT('',(92.75,38.1,-10.));
#8805=CARTESIAN_POINT('Origin',(90.75,36.6,-10.));
#8806=CARTESIAN_POINT('Origin',(43.,35.8332990289567,-16.7996315854458));
#8807=CARTESIAN_POINT('',(43.,38.178811945736,-18.2107344602188));
#8808=CARTESIAN_POINT('',(43.,38.31466440806,-17.1043049439587));
#8809=CARTESIAN_POINT('Origin',(43.,35.6974465666327,-17.906061101706));
#8810=CARTESIAN_POINT('Origin',(43.5,36.1937196424534,-17.9669957734085));
#8811=CARTESIAN_POINT('',(39.,38.178811945736,-18.2107344602188));
#8812=CARTESIAN_POINT('',(21.75,38.178811945736,-18.2107344602188));
#8813=CARTESIAN_POINT('',(41.5,35.6974465666327,-17.9060611017059));
#8814=CARTESIAN_POINT('Origin',(39.,35.6974465666327,-17.906061101706));
#8815=CARTESIAN_POINT('',(43.,34.2086273391707,-17.7232570865982));
#8816=CARTESIAN_POINT('Origin',(43.,35.6974465666327,-17.906061101706));
#8817=CARTESIAN_POINT('Origin',(43.,31.7272619600674,-17.4185837280854));
#8818=CARTESIAN_POINT('',(42.1885,35.6974465666327,-17.906061101706));
#8819=CARTESIAN_POINT('Origin',(43.,35.6974465666327,-17.906061101706));
#8820=CARTESIAN_POINT('Origin',(0.,38.0569426023308,-19.2032806118602));
#8821=CARTESIAN_POINT('',(-3.,38.178811945736,-18.2107344602188));
#8822=CARTESIAN_POINT('',(-3.75,38.178811945736,-18.2107344602188));
#8823=CARTESIAN_POINT('',(-3.,38.0569426023308,-19.2032806118602));
#8824=CARTESIAN_POINT('',(3.,38.178811945736,-18.2107344602188));
#8825=CARTESIAN_POINT('',(3.,38.0569426023308,-19.2032806118602));
#8826=CARTESIAN_POINT('',(11.,38.178811945736,-18.2107344602188));
#8827=CARTESIAN_POINT('',(3.5,38.178811945736,-18.2107344602188));
#8828=CARTESIAN_POINT('',(11.,38.0569426023308,-19.2032806118602));
#8829=CARTESIAN_POINT('',(39.,38.0569426023308,-19.2032806118602));
#8830=CARTESIAN_POINT('Origin',(-7.5,36.1937196424533,-17.9669957734085));
#8831=CARTESIAN_POINT('',(-7.,34.2086273391707,-17.7232570865982));
#8832=CARTESIAN_POINT('Origin',(-7.,31.7272619600674,-17.4185837280854));
#8833=CARTESIAN_POINT('',(-5.5,35.6974465666327,-17.906061101706));
#8834=CARTESIAN_POINT('Origin',(-7.,35.6974465666327,-17.906061101706));
#8835=CARTESIAN_POINT('Origin',(-3.,35.6974465666327,-17.906061101706));
#8836=CARTESIAN_POINT('',(-7.8115,35.6974465666327,-17.906061101706));
#8837=CARTESIAN_POINT('Origin',(-7.,35.6974465666327,-17.906061101706));
#8838=CARTESIAN_POINT('Origin',(-7.,27.3966567400055,-15.763742166502));
#8839=CARTESIAN_POINT('',(-7.,24.7794388985781,-16.5654983242493));
#8840=CARTESIAN_POINT('Origin',(-7.,27.2608042776814,-16.8701716827622));
#8841=CARTESIAN_POINT('',(-7.,24.657569555173,-17.5580444758907));
#8842=CARTESIAN_POINT('Origin',(39.,35.5755772232275,-18.8986072533473));
#8843=CARTESIAN_POINT('',(41.5,35.5755772232275,-18.8986072533473));
#8844=CARTESIAN_POINT('Origin',(43.,31.8631144223914,-16.3121542118252));
#8845=CARTESIAN_POINT('',(43.,34.0867579957656,-18.7158032382396));
#8846=CARTESIAN_POINT('Origin',(43.,6.05691447971705,-13.1435512832914));
#8847=CARTESIAN_POINT('',(43.,3.43969663828973,-13.9453074410387));
#8848=CARTESIAN_POINT('',(43.,3.31782729488458,-14.93785359268));
#8849=CARTESIAN_POINT('Origin',(43.,5.92106201739303,-14.2499807995516));
#8850=CARTESIAN_POINT('Origin',(-7.,6.05691447971705,-13.1435512832914));
#8851=CARTESIAN_POINT('',(-7.,3.43969663828973,-13.9453074410387));
#8852=CARTESIAN_POINT('Origin',(-7.,5.92106201739303,-14.2499807995516));
#8853=CARTESIAN_POINT('',(-7.,3.31782729488458,-14.93785359268));
#8854=CARTESIAN_POINT('Origin',(-7.,19.4562875268749,-14.7887874192609));
#8855=CARTESIAN_POINT('',(-7.,21.8018004436542,-16.1998902940339));
#8856=CARTESIAN_POINT('',(-7.,21.679931100249,-17.1924364456752));
#8857=CARTESIAN_POINT('Origin',(-7.,19.3204350645509,-15.8952169355211));
#8858=CARTESIAN_POINT('Origin',(3.,35.5755772232275,-18.8986072533473));
#8859=CARTESIAN_POINT('',(5.5,35.6974465666327,-17.906061101706));
#8860=CARTESIAN_POINT('',(5.5,35.5755772232275,-18.8986072533473));
#8861=CARTESIAN_POINT('Origin',(3.,35.6974465666327,-17.906061101706));
#8862=CARTESIAN_POINT('Origin',(11.,35.5755772232275,-18.8986072533473));
#8863=CARTESIAN_POINT('',(8.5,35.6974465666327,-17.906061101706));
#8864=CARTESIAN_POINT('Origin',(11.,35.6974465666327,-17.906061101706));
#8865=CARTESIAN_POINT('',(8.5,35.5755772232275,-18.8986072533473));
#8866=CARTESIAN_POINT('Origin',(-3.,35.5755772232275,-18.8986072533473));
#8867=CARTESIAN_POINT('',(-5.5,35.5755772232275,-18.8986072533473));
#8868=CARTESIAN_POINT('Origin',(-7.,31.8631144223914,-16.3121542118252));
#8869=CARTESIAN_POINT('',(-7.,34.0867579957656,-18.7158032382396));
#8870=CARTESIAN_POINT('Origin',(99.75,-36.6,0.));
#8871=CARTESIAN_POINT('',(97.75,-36.6,0.));
#8872=CARTESIAN_POINT('',(99.75,-38.6,0.));
#8873=CARTESIAN_POINT('Origin',(97.75,-38.6,0.));
#8874=CARTESIAN_POINT('',(97.75,-36.0999955535659,0.));
#8875=CARTESIAN_POINT('Origin',(90.75,-36.6,0.));
#8876=CARTESIAN_POINT('',(92.75,-36.6,0.));
#8877=CARTESIAN_POINT('Origin',(4.49999999999999,-36.6,0.));
#8878=CARTESIAN_POINT('',(2.5,-36.6,0.));
#8879=CARTESIAN_POINT('Origin',(2.5,-38.6,0.));
#8880=CARTESIAN_POINT('',(2.5,-36.1,0.));
#8881=CARTESIAN_POINT('Origin',(-4.5,-36.6,0.));
#8882=CARTESIAN_POINT('',(-2.5,-36.6,0.));
#8883=CARTESIAN_POINT('Origin',(-88.36875,-36.6,0.));
#8884=CARTESIAN_POINT('',(-90.36875,-36.6,0.));
#8885=CARTESIAN_POINT('Origin',(-90.36875,-38.6,0.));
#8886=CARTESIAN_POINT('',(-90.36875,-36.1,0.));
#8887=CARTESIAN_POINT('Origin',(-97.36875,-36.6,0.));
#8888=CARTESIAN_POINT('',(-97.36875,-38.6,0.));
#8889=CARTESIAN_POINT('',(-95.36875,-36.6,0.));
#8890=CARTESIAN_POINT('Origin',(-95.36875,-38.6,0.));
#8891=CARTESIAN_POINT('',(-112.8,-38.6,0.));
#8892=CARTESIAN_POINT('Origin',(90.75,36.6,0.));
#8893=CARTESIAN_POINT('',(92.75,36.6,0.));
#8894=CARTESIAN_POINT('Origin',(92.75,38.6,0.));
#8895=CARTESIAN_POINT('',(92.75,36.1,0.));
#8896=CARTESIAN_POINT('Origin',(99.75,36.6,0.));
#8897=CARTESIAN_POINT('',(99.75,38.6,0.));
#8898=CARTESIAN_POINT('',(97.75,36.6,0.));
#8899=CARTESIAN_POINT('Origin',(97.75,38.6,0.));
#8900=CARTESIAN_POINT('',(112.8,38.6,0.));
#8901=CARTESIAN_POINT('Origin',(-23.55,36.6,0.));
#8902=CARTESIAN_POINT('',(-21.55,36.6,0.));
#8903=CARTESIAN_POINT('Origin',(-14.55,36.6,0.));
#8904=CARTESIAN_POINT('',(-14.55,38.6,0.));
#8905=CARTESIAN_POINT('',(-16.55,36.6,0.));
#8906=CARTESIAN_POINT('Origin',(-16.55,38.6,0.));
#8907=CARTESIAN_POINT('Origin',(-99.7499999999987,36.6,0.));
#8908=CARTESIAN_POINT('',(-97.7499999999987,36.6000000000017,0.));
#8909=CARTESIAN_POINT('',(-99.7499999999987,38.6,0.));
#8910=CARTESIAN_POINT('Origin',(-97.7500000000004,38.6,0.));
#8911=CARTESIAN_POINT('',(-97.7499999999983,36.1,0.));
#8912=CARTESIAN_POINT('Origin',(-90.75,36.6,0.));
#8913=CARTESIAN_POINT('',(-92.75,36.6,0.));
#8914=CARTESIAN_POINT('Origin',(112.8,-36.6,0.));
#8915=CARTESIAN_POINT('',(112.8,-38.6,0.));
#8916=CARTESIAN_POINT('',(114.8,-36.6,0.));
#8917=CARTESIAN_POINT('Origin',(114.8,38.6,0.));
#8918=CARTESIAN_POINT('',(114.8,36.6,0.));
#8919=CARTESIAN_POINT('Origin',(112.8,36.6,0.));
#8920=CARTESIAN_POINT('Origin',(-112.8,-36.6,0.));
#8921=CARTESIAN_POINT('',(-114.8,-36.6,0.));
#8922=CARTESIAN_POINT('Origin',(-114.8,-38.6,0.));
#8923=CARTESIAN_POINT('',(-114.8,36.6,0.));
#8924=CARTESIAN_POINT('Origin',(-112.8,36.6,0.));
#8925=CARTESIAN_POINT('',(-112.8,38.6,0.));
#8926=CARTESIAN_POINT('Origin',(-114.8,38.6,0.));
#8927=CARTESIAN_POINT('Origin',(95.25,-35.6,-9.84379919617045));
#8928=CARTESIAN_POINT('',(94.4385,-35.6,-9.60000000000001));
#8929=CARTESIAN_POINT('Origin',(95.25,-35.6,-9.60000000000002));
#8930=CARTESIAN_POINT('',(95.25,-35.6,-10.0875983923409));
#8931=CARTESIAN_POINT('',(94.84425,-35.6,-9.84379919617045));
#8932=CARTESIAN_POINT('Origin',(95.25,-35.6,-7.10000000000002));
#8933=CARTESIAN_POINT('',(94.4385,-35.6,-7.10000000000002));
#8934=CARTESIAN_POINT('Origin',(0.,-35.6,-9.84379919617045));
#8935=CARTESIAN_POINT('',(-0.811500000000001,-35.6,-9.60000000000001));
#8936=CARTESIAN_POINT('Origin',(0.,-35.6,-9.60000000000002));
#8937=CARTESIAN_POINT('',(0.,-35.6,-10.0875983923409));
#8938=CARTESIAN_POINT('',(-0.40575,-35.6,-9.84379919617045));
#8939=CARTESIAN_POINT('Origin',(0.,-35.6,-7.10000000000002));
#8940=CARTESIAN_POINT('',(-0.8115,-35.6,-7.10000000000002));
#8941=CARTESIAN_POINT('Origin',(-92.86875,-35.6,-9.84379919617045));
#8942=CARTESIAN_POINT('',(-93.68025,-35.6,-9.60000000000001));
#8943=CARTESIAN_POINT('Origin',(-92.86875,-35.6,-9.60000000000002));
#8944=CARTESIAN_POINT('',(-92.86875,-35.6,-10.0875983923409));
#8945=CARTESIAN_POINT('',(-93.2745,-35.6,-9.84379919617045));
#8946=CARTESIAN_POINT('Origin',(-92.86875,-35.6,-7.10000000000002));
#8947=CARTESIAN_POINT('',(-93.68025,-35.6,-7.10000000000002));
#8948=CARTESIAN_POINT('Origin',(95.25,35.6,-9.84379919617052));
#8949=CARTESIAN_POINT('',(94.4385,35.6,-9.60000000000008));
#8950=CARTESIAN_POINT('Origin',(95.25,35.6,-9.60000000000009));
#8951=CARTESIAN_POINT('',(95.25,35.6,-10.087598392341));
#8952=CARTESIAN_POINT('',(94.84425,35.6,-9.84379919617052));
#8953=CARTESIAN_POINT('Origin',(95.25,35.6,-7.10000000000009));
#8954=CARTESIAN_POINT('',(94.4385,35.6,-7.10000000000009));
#8955=CARTESIAN_POINT('Origin',(-19.05,35.6,-9.84379919617052));
#8956=CARTESIAN_POINT('',(-19.8615,35.6,-9.60000000000008));
#8957=CARTESIAN_POINT('Origin',(-19.05,35.6,-9.60000000000009));
#8958=CARTESIAN_POINT('',(-19.05,35.6,-10.087598392341));
#8959=CARTESIAN_POINT('',(-19.45575,35.6,-9.84379919617052));
#8960=CARTESIAN_POINT('Origin',(-19.05,35.6,-7.10000000000009));
#8961=CARTESIAN_POINT('',(-19.8615,35.6,-7.10000000000009));
#8962=CARTESIAN_POINT('Origin',(-95.25,35.6,-9.84379919617052));
#8963=CARTESIAN_POINT('',(-96.0615,35.6,-9.60000000000008));
#8964=CARTESIAN_POINT('Origin',(-95.25,35.6,-9.60000000000009));
#8965=CARTESIAN_POINT('',(-95.25,35.6,-10.087598392341));
#8966=CARTESIAN_POINT('',(-95.65575,35.6,-9.84379919617052));
#8967=CARTESIAN_POINT('Origin',(-95.25,35.6,-7.10000000000009));
#8968=CARTESIAN_POINT('',(-96.0615,35.6,-7.10000000000009));
#8969=CARTESIAN_POINT('Origin',(-54.075,-41.475,-4.80000000000001));
#8970=CARTESIAN_POINT('Origin',(53.575,41.475,-4.80000000000009));
#8971=CARTESIAN_POINT('',(26.7875,44.35,-4.80000000000009));
#8972=CARTESIAN_POINT('Origin',(-76.2,-41.1,-4.80000000000001));
#8973=CARTESIAN_POINT('Origin',(76.2,-41.1,-4.80000000000001));
#8974=CARTESIAN_POINT('Origin',(79.325,41.475,-4.80000000000009));
#8975=CARTESIAN_POINT('',(39.6625,44.35,-4.80000000000009));
#8976=CARTESIAN_POINT('Origin',(-79.325,-41.475,-4.80000000000001));
#8977=CARTESIAN_POINT('Origin',(54.075,-41.475,-4.80000000000001));
#8978=CARTESIAN_POINT('Origin',(-79.325,41.475,-4.80000000000009));
#8979=CARTESIAN_POINT('',(-39.6625,44.35,-4.80000000000009));
#8980=CARTESIAN_POINT('Origin',(-76.2,41.1,-4.80000000000009));
#8981=CARTESIAN_POINT('Origin',(76.2,41.1,-4.80000000000009));
#8982=CARTESIAN_POINT('Origin',(79.325,-41.475,-4.80000000000001));
#8983=CARTESIAN_POINT('Origin',(-54.0750000572672,41.475,-4.80000000000009));
#8984=CARTESIAN_POINT('',(-27.0375000286336,44.35,-4.80000000000009));
#8985=CARTESIAN_POINT('Origin',(43.,1.67742707605746,-15.9895776831458));
#8986=CARTESIAN_POINT('',(42.1885,1.70713872401745,-15.7475957292136));
#8987=CARTESIAN_POINT('Origin',(43.,1.70713872401745,-15.7475957292136));
#8988=CARTESIAN_POINT('',(43.,1.64771542809746,-16.231559637078));
#8989=CARTESIAN_POINT('',(42.59425,1.67742707605746,-15.9895776831458));
#8990=CARTESIAN_POINT('Origin',(43.,1.8290080674226,-14.7550495775723));
#8991=CARTESIAN_POINT('',(42.1885,1.95087741082774,-13.762503425931));
#8992=CARTESIAN_POINT('Origin',(43.,1.95087741082774,-13.762503425931));
#8993=CARTESIAN_POINT('',(42.1885,1.8290080674226,-14.7550495775723));
#8994=CARTESIAN_POINT('Origin',(-7.,1.67742707605746,-15.9895776831458));
#8995=CARTESIAN_POINT('',(-7.8115,1.70713872401745,-15.7475957292136));
#8996=CARTESIAN_POINT('Origin',(-7.,1.70713872401745,-15.7475957292136));
#8997=CARTESIAN_POINT('',(-7.,1.64771542809746,-16.2315596370781));
#8998=CARTESIAN_POINT('',(-7.40575,1.67742707605746,-15.9895776831458));
#8999=CARTESIAN_POINT('Origin',(-7.,1.8290080674226,-14.7550495775723));
#9000=CARTESIAN_POINT('',(-7.8115,1.95087741082774,-13.762503425931));
#9001=CARTESIAN_POINT('Origin',(-7.,1.95087741082774,-13.762503425931));
#9002=CARTESIAN_POINT('',(-7.8115,1.8290080674226,-14.7550495775723));
#9003=CARTESIAN_POINT('Origin',(-7.,23.0171693363459,-18.6097685663565));
#9004=CARTESIAN_POINT('',(-7.8115,23.0468809843059,-18.3677866124243));
#9005=CARTESIAN_POINT('Origin',(-7.,23.0468809843059,-18.3677866124243));
#9006=CARTESIAN_POINT('',(-7.,22.9874576883859,-18.8517505202887));
#9007=CARTESIAN_POINT('',(-7.40575,23.0171693363459,-18.6097685663565));
#9008=CARTESIAN_POINT('Origin',(-7.,23.168750327711,-17.375240460783));
#9009=CARTESIAN_POINT('',(-7.8115,23.2906196711162,-16.3826943091416));
#9010=CARTESIAN_POINT('Origin',(-7.,23.2906196711162,-16.3826943091416));
#9011=CARTESIAN_POINT('',(-7.8115,23.168750327711,-17.375240460783));
#9012=CARTESIAN_POINT('Origin',(43.,35.4239962318624,-20.1331353589208));
#9013=CARTESIAN_POINT('',(42.1885,35.4537078798224,-19.8911534049886));
#9014=CARTESIAN_POINT('Origin',(43.,35.4537078798224,-19.8911534049886));
#9015=CARTESIAN_POINT('',(43.,35.3942845839024,-20.375117312853));
#9016=CARTESIAN_POINT('',(42.59425,35.4239962318624,-20.1331353589208));
#9017=CARTESIAN_POINT('Origin',(43.,35.5755772232275,-18.8986072533473));
#9018=CARTESIAN_POINT('',(42.1885,35.5755772232275,-18.8986072533473));
#9019=CARTESIAN_POINT('Origin',(7.,35.4239962318624,-20.1331353589208));
#9020=CARTESIAN_POINT('',(6.1885,35.4537078798224,-19.8911534049886));
#9021=CARTESIAN_POINT('Origin',(7.,35.4537078798224,-19.8911534049886));
#9022=CARTESIAN_POINT('',(7.,35.3942845839024,-20.375117312853));
#9023=CARTESIAN_POINT('',(6.59425,35.4239962318624,-20.1331353589208));
#9024=CARTESIAN_POINT('Origin',(7.,35.5755772232275,-18.8986072533473));
#9025=CARTESIAN_POINT('',(6.1885,35.6974465666327,-17.906061101706));
#9026=CARTESIAN_POINT('Origin',(7.,35.6974465666327,-17.906061101706));
#9027=CARTESIAN_POINT('',(6.1885,35.5755772232275,-18.8986072533473));
#9028=CARTESIAN_POINT('Origin',(-7.,35.4239962318624,-20.1331353589208));
#9029=CARTESIAN_POINT('',(-7.8115,35.4537078798224,-19.8911534049886));
#9030=CARTESIAN_POINT('Origin',(-7.,35.4537078798224,-19.8911534049886));
#9031=CARTESIAN_POINT('',(-7.,35.3942845839024,-20.375117312853));
#9032=CARTESIAN_POINT('',(-7.40575,35.4239962318624,-20.1331353589208));
#9033=CARTESIAN_POINT('Origin',(-7.,35.5755772232275,-18.8986072533473));
#9034=CARTESIAN_POINT('',(-7.8115,35.5755772232275,-18.8986072533473));
#9035=CARTESIAN_POINT('Origin',(41.5,1.8290080674226,-14.7550495775723));
#9036=CARTESIAN_POINT('',(41.5,1.95087741082774,-13.762503425931));
#9037=CARTESIAN_POINT('',(41.5,1.95087741082774,-13.762503425931));
#9038=CARTESIAN_POINT('',(41.5,1.8290080674226,-14.7550495775723));
#9039=CARTESIAN_POINT('Origin',(43.,1.8290080674226,-14.7550495775723));
#9040=CARTESIAN_POINT('Origin',(43.,1.95087741082774,-13.762503425931));
#9041=CARTESIAN_POINT('Origin',(43.5,0.462058183365762,-13.5796994108233));
#9042=CARTESIAN_POINT('Origin',(-7.,1.8290080674226,-14.7550495775723));
#9043=CARTESIAN_POINT('Origin',(-7.,1.95087741082774,-13.762503425931));
#9044=CARTESIAN_POINT('Origin',(-7.50000000000001,0.46205818336576,-13.5796994108233));
#9045=CARTESIAN_POINT('Origin',(-7.,23.168750327711,-17.375240460783));
#9046=CARTESIAN_POINT('Origin',(-7.,23.2906196711162,-16.3826943091416));
#9047=CARTESIAN_POINT('Origin',(-7.5,23.2906196711162,-16.3826943091416));
#9048=CARTESIAN_POINT('Origin',(43.,35.5755772232275,-18.8986072533473));
#9049=CARTESIAN_POINT('Origin',(-7.,35.5755772232275,-18.8986072533473));
#9050=CARTESIAN_POINT('Origin',(7.,35.5755772232275,-18.8986072533473));
#9051=CARTESIAN_POINT('Origin',(7.,35.6974465666327,-17.906061101706));
#9052=CARTESIAN_POINT('Origin',(7.,36.1937196424533,-17.9669957734085));
#9053=CARTESIAN_POINT('Origin',(0.,44.35,-11.1000000000002));
#9054=CARTESIAN_POINT('Origin',(-95.2500000000021,36.1,0.));
#9055=CARTESIAN_POINT('',(-92.750000000006,36.1,0.));
#9056=CARTESIAN_POINT('Origin',(-92.75,36.1,0.));
#9057=CARTESIAN_POINT('Origin',(-21.55,38.6,0.));
#9058=CARTESIAN_POINT('',(-21.55,36.1,0.));
#9059=CARTESIAN_POINT('Origin',(-19.05,36.1,0.));
#9060=CARTESIAN_POINT('',(-16.55,36.1,0.));
#9061=CARTESIAN_POINT('Origin',(-16.55,36.1,0.));
#9062=CARTESIAN_POINT('Origin',(95.25,36.0999978510964,0.));
#9063=CARTESIAN_POINT('',(97.7500000000001,36.0999957934435,0.));
#9064=CARTESIAN_POINT('Origin',(97.75,36.0999958126038,0.));
#9065=CARTESIAN_POINT('Origin',(114.8,-38.6,0.));
#9066=CARTESIAN_POINT('Origin',(-95.36875,-36.0999943507268,0.));
#9067=CARTESIAN_POINT('',(-95.3687500000002,-36.0999943471874,0.));
#9068=CARTESIAN_POINT('Origin',(-92.86875,-36.0999970990879,0.));
#9069=CARTESIAN_POINT('Origin',(-2.5,-36.1,0.));
#9070=CARTESIAN_POINT('',(-2.5,-36.1,0.));
#9071=CARTESIAN_POINT('Origin',(0.,-36.1,0.));
#9072=CARTESIAN_POINT('Origin',(92.75,-36.1,0.));
#9073=CARTESIAN_POINT('',(92.7500000000001,-36.0999999885239,0.));
#9074=CARTESIAN_POINT('Origin',(95.25,-36.0999977183614,0.));
#9075=UNCERTAINTY_MEASURE_WITH_UNIT(LENGTH_MEASURE(0.01),#9079,
'DISTANCE_ACCURACY_VALUE',
'Maximum model space distance between geometric entities at asserted c
onnectivities');
#9076=UNCERTAINTY_MEASURE_WITH_UNIT(LENGTH_MEASURE(0.01),#9079,
'DISTANCE_ACCURACY_VALUE',
'Maximum model space distance between geometric entities at asserted c
onnectivities');
#9077=(
GEOMETRIC_REPRESENTATION_CONTEXT(3)
GLOBAL_UNCERTAINTY_ASSIGNED_CONTEXT((#9075))
GLOBAL_UNIT_ASSIGNED_CONTEXT((#9079,#9080,#9081))
REPRESENTATION_CONTEXT('','3D')
);
#9078=(
GEOMETRIC_REPRESENTATION_CONTEXT(3)
GLOBAL_UNCERTAINTY_ASSIGNED_CONTEXT((#9076))
GLOBAL_UNIT_ASSIGNED_CONTEXT((#9079,#9080,#9081))
REPRESENTATION_CONTEXT('','3D')
);
#9079=(
LENGTH_UNIT()
NAMED_UNIT(*)
SI_UNIT(.MILLI.,.METRE.)
);
#9080=(
NAMED_UNIT(*)
PLANE_ANGLE_UNIT()
SI_UNIT($,.RADIAN.)
);
#9081=(
NAMED_UNIT(*)
SI_UNIT($,.STERADIAN.)
SOLID_ANGLE_UNIT()
);
#9082=SHAPE_DEFINITION_REPRESENTATION(#9083,#9084);
#9083=PRODUCT_DEFINITION_SHAPE('',$,#9086);
#9084=SHAPE_REPRESENTATION('',(#5050),#9077);
#9085=PRODUCT_DEFINITION_CONTEXT('part definition',#9090,'design');
#9086=PRODUCT_DEFINITION('2026-01-08-20-00-24-959','sr42-keyboard-r3',#9087,
#9085);
#9087=PRODUCT_DEFINITION_FORMATION('',$,#9092);
#9088=PRODUCT_RELATED_PRODUCT_CATEGORY('sr42-keyboard-r3',
'sr42-keyboard-r3',(#9092));
#9089=APPLICATION_PROTOCOL_DEFINITION('international standard',
'automotive_design',2009,#9090);
#9090=APPLICATION_CONTEXT(
'Core Data for Automotive Mechanical Design Process');
#9091=PRODUCT_CONTEXT('part definition',#9090,'mechanical');
#9092=PRODUCT('2026-01-08-20-00-24-959','sr42-keyboard-r3',$,(#9091));
#9093=PRESENTATION_STYLE_ASSIGNMENT((#9098));
#9094=PRESENTATION_STYLE_ASSIGNMENT((#9099));
#9095=PRESENTATION_STYLE_ASSIGNMENT((#9100));
#9096=PRESENTATION_STYLE_ASSIGNMENT((#9101));
#9097=PRESENTATION_STYLE_ASSIGNMENT((#9102));
#9098=SURFACE_STYLE_USAGE(.BOTH.,#9103);
#9099=SURFACE_STYLE_USAGE(.BOTH.,#9104);
#9100=SURFACE_STYLE_USAGE(.BOTH.,#9105);
#9101=SURFACE_STYLE_USAGE(.BOTH.,#9106);
#9102=SURFACE_STYLE_USAGE(.BOTH.,#9107);
#9103=SURFACE_SIDE_STYLE('',(#9108));
#9104=SURFACE_SIDE_STYLE('',(#9109));
#9105=SURFACE_SIDE_STYLE('',(#9110));
#9106=SURFACE_SIDE_STYLE('',(#9111));
#9107=SURFACE_SIDE_STYLE('',(#9112));
#9108=SURFACE_STYLE_FILL_AREA(#9113);
#9109=SURFACE_STYLE_FILL_AREA(#9114);
#9110=SURFACE_STYLE_FILL_AREA(#9115);
#9111=SURFACE_STYLE_FILL_AREA(#9116);
#9112=SURFACE_STYLE_FILL_AREA(#9117);
#9113=FILL_AREA_STYLE('Steel - Satin',(#9118));
#9114=FILL_AREA_STYLE('Aluminum - Anodized Glossy (Blue)',(#9119));
#9115=FILL_AREA_STYLE('Aluminum - Satin',(#9120));
#9116=FILL_AREA_STYLE('Polyurethane',(#9121));
#9117=FILL_AREA_STYLE('Copper - Polished',(#9122));
#9118=FILL_AREA_STYLE_COLOUR('Steel - Satin',#9123);
#9119=FILL_AREA_STYLE_COLOUR('Aluminum - Anodized Glossy (Blue)',#9124);
#9120=FILL_AREA_STYLE_COLOUR('Aluminum - Satin',#9125);
#9121=FILL_AREA_STYLE_COLOUR('Polyurethane',#9126);
#9122=FILL_AREA_STYLE_COLOUR('Copper - Polished',#9127);
#9123=COLOUR_RGB('Steel - Satin',0.627450980392157,0.627450980392157,0.627450980392157);
#9124=COLOUR_RGB('Aluminum - Anodized Glossy (Blue)',0.349019607843137,
0.584313725490196,0.854901960784314);
#9125=COLOUR_RGB('Aluminum - Satin',0.96078431372549,0.96078431372549,0.964705882352941);
#9126=COLOUR_RGB('Polyurethane',0.,0.,0.);
#9127=COLOUR_RGB('Copper - Polished',0.929411764705882,0.807843137254902,
0.764705882352941);
ENDSEC;
END-ISO-10303-21;
