ISO-10303-21;
HEADER;
/* Generated by software containing ST-Developer
 * from STEP Tools, Inc. (www.steptools.com) 
 */

FILE_DESCRIPTION(
/* description */ (''),
/* implementation_level */ '2;1');

FILE_NAME(
/* name */ '9e358d65-eacc-42ab-a822-11d760e443cd.step',
/* time_stamp */ '2026-01-14T02:27:57Z',
/* author */ (''),
/* organization */ (''),
/* preprocessor_version */ 'ST-DEVELOPER v20.1',
/* originating_system */ 'Autodesk Translation Framework v14.21.0.0',
/* authorisation */ '');

FILE_SCHEMA (('AUTOMOTIVE_DESIGN { 1 0 10303 214 3 1 1 }'));
ENDSEC;

DATA;
#10=MECHANICAL_DESIGN_GEOMETRIC_PRESENTATION_REPRESENTATION('',(#13),#13572);
#11=SHAPE_REPRESENTATION_RELATIONSHIP('SRR','None',#13578,#12);
#12=ADVANCED_BREP_SHAPE_REPRESENTATION('',(#14),#13571);
#13=STYLED_ITEM('',(#13590),#14);
#14=MANIFOLD_SOLID_BREP('Foam',#8048);
#15=FACE_BOUND('',#1482,.T.);
#16=FACE_BOUND('',#1483,.T.);
#17=FACE_BOUND('',#1484,.T.);
#18=FACE_BOUND('',#1485,.T.);
#19=FACE_BOUND('',#1486,.T.);
#20=FACE_BOUND('',#1487,.T.);
#21=FACE_BOUND('',#1488,.T.);
#22=FACE_BOUND('',#1489,.T.);
#23=FACE_BOUND('',#1490,.T.);
#24=FACE_BOUND('',#1491,.T.);
#25=FACE_BOUND('',#1492,.T.);
#26=FACE_BOUND('',#1493,.T.);
#27=FACE_BOUND('',#1494,.T.);
#28=FACE_BOUND('',#1495,.T.);
#29=FACE_BOUND('',#1496,.T.);
#30=FACE_BOUND('',#1497,.T.);
#31=FACE_BOUND('',#1498,.T.);
#32=FACE_BOUND('',#1499,.T.);
#33=FACE_BOUND('',#1500,.T.);
#34=FACE_BOUND('',#1501,.T.);
#35=FACE_BOUND('',#1502,.T.);
#36=FACE_BOUND('',#1503,.T.);
#37=FACE_BOUND('',#1504,.T.);
#38=FACE_BOUND('',#1505,.T.);
#39=FACE_BOUND('',#1506,.T.);
#40=FACE_BOUND('',#1507,.T.);
#41=FACE_BOUND('',#1508,.T.);
#42=FACE_BOUND('',#1509,.T.);
#43=FACE_BOUND('',#1510,.T.);
#44=FACE_BOUND('',#1511,.T.);
#45=FACE_BOUND('',#1512,.T.);
#46=FACE_BOUND('',#1513,.T.);
#47=FACE_BOUND('',#1514,.T.);
#48=FACE_BOUND('',#1515,.T.);
#49=FACE_BOUND('',#1516,.T.);
#50=FACE_BOUND('',#1517,.T.);
#51=FACE_BOUND('',#1518,.T.);
#52=FACE_BOUND('',#1519,.T.);
#53=FACE_BOUND('',#1520,.T.);
#54=FACE_BOUND('',#1521,.T.);
#55=FACE_BOUND('',#1522,.T.);
#56=FACE_BOUND('',#1523,.T.);
#57=FACE_BOUND('',#1525,.T.);
#58=FACE_BOUND('',#1526,.T.);
#59=FACE_BOUND('',#1527,.T.);
#60=FACE_BOUND('',#1528,.T.);
#61=FACE_BOUND('',#1529,.T.);
#62=FACE_BOUND('',#1530,.T.);
#63=FACE_BOUND('',#1531,.T.);
#64=FACE_BOUND('',#1532,.T.);
#65=FACE_BOUND('',#1533,.T.);
#66=FACE_BOUND('',#1534,.T.);
#67=FACE_BOUND('',#1535,.T.);
#68=FACE_BOUND('',#1536,.T.);
#69=FACE_BOUND('',#1537,.T.);
#70=FACE_BOUND('',#1538,.T.);
#71=FACE_BOUND('',#1539,.T.);
#72=FACE_BOUND('',#1540,.T.);
#73=FACE_BOUND('',#1541,.T.);
#74=FACE_BOUND('',#1542,.T.);
#75=FACE_BOUND('',#1543,.T.);
#76=FACE_BOUND('',#1544,.T.);
#77=FACE_BOUND('',#1545,.T.);
#78=FACE_BOUND('',#1546,.T.);
#79=FACE_BOUND('',#1547,.T.);
#80=FACE_BOUND('',#1548,.T.);
#81=FACE_BOUND('',#1549,.T.);
#82=FACE_BOUND('',#1550,.T.);
#83=FACE_BOUND('',#1551,.T.);
#84=FACE_BOUND('',#1552,.T.);
#85=FACE_BOUND('',#1553,.T.);
#86=FACE_BOUND('',#1554,.T.);
#87=FACE_BOUND('',#1555,.T.);
#88=FACE_BOUND('',#1556,.T.);
#89=FACE_BOUND('',#1557,.T.);
#90=FACE_BOUND('',#1558,.T.);
#91=FACE_BOUND('',#1559,.T.);
#92=FACE_BOUND('',#1560,.T.);
#93=FACE_BOUND('',#1561,.T.);
#94=FACE_BOUND('',#1562,.T.);
#95=FACE_BOUND('',#1563,.T.);
#96=FACE_BOUND('',#1564,.T.);
#97=FACE_BOUND('',#1565,.T.);
#98=FACE_BOUND('',#1566,.T.);
#99=CIRCLE('',#8052,0.500000000000007);
#100=CIRCLE('',#8053,0.500000000000007);
#101=CIRCLE('',#8056,0.500000000000003);
#102=CIRCLE('',#8057,0.500000000000003);
#103=CIRCLE('',#8060,0.500000000000007);
#104=CIRCLE('',#8061,0.500000000000007);
#105=CIRCLE('',#8064,0.499999999999998);
#106=CIRCLE('',#8065,0.499999999999998);
#107=CIRCLE('',#8067,0.499999999999989);
#108=CIRCLE('',#8068,0.499999999999989);
#109=CIRCLE('',#8071,0.499999999999998);
#110=CIRCLE('',#8072,0.499999999999998);
#111=CIRCLE('',#8075,0.499999999999989);
#112=CIRCLE('',#8076,0.499999999999989);
#113=CIRCLE('',#8079,0.499999999999998);
#114=CIRCLE('',#8080,0.499999999999998);
#115=CIRCLE('',#8084,0.500000000000007);
#116=CIRCLE('',#8085,0.500000000000007);
#117=CIRCLE('',#8088,0.500000000000003);
#118=CIRCLE('',#8089,0.500000000000003);
#119=CIRCLE('',#8092,0.499999999999989);
#120=CIRCLE('',#8093,0.499999999999989);
#121=CIRCLE('',#8096,0.499999999999998);
#122=CIRCLE('',#8097,0.499999999999998);
#123=CIRCLE('',#8100,0.499999999999972);
#124=CIRCLE('',#8101,0.499999999999972);
#125=CIRCLE('',#8104,0.499999999999998);
#126=CIRCLE('',#8105,0.499999999999998);
#127=CIRCLE('',#8108,0.500000000000007);
#128=CIRCLE('',#8109,0.500000000000007);
#129=CIRCLE('',#8112,0.499999999999998);
#130=CIRCLE('',#8113,0.499999999999998);
#131=CIRCLE('',#8116,0.500000000000007);
#132=CIRCLE('',#8117,0.500000000000007);
#133=CIRCLE('',#8120,0.499999999999998);
#134=CIRCLE('',#8121,0.499999999999998);
#135=CIRCLE('',#8124,0.499999999999989);
#136=CIRCLE('',#8125,0.499999999999989);
#137=CIRCLE('',#8128,0.499999999999998);
#138=CIRCLE('',#8129,0.499999999999998);
#139=CIRCLE('',#8132,0.499999999999998);
#140=CIRCLE('',#8133,0.499999999999998);
#141=CIRCLE('',#8136,0.500000000000003);
#142=CIRCLE('',#8137,0.500000000000003);
#143=CIRCLE('',#8140,0.500000000000007);
#144=CIRCLE('',#8141,0.500000000000007);
#145=CIRCLE('',#8144,0.499999999999998);
#146=CIRCLE('',#8145,0.499999999999998);
#147=CIRCLE('',#8148,0.499999999999998);
#148=CIRCLE('',#8149,0.499999999999998);
#149=CIRCLE('',#8152,0.499999999999998);
#150=CIRCLE('',#8153,0.499999999999998);
#151=CIRCLE('',#8156,0.499999999999998);
#152=CIRCLE('',#8157,0.499999999999998);
#153=CIRCLE('',#8160,0.500000000000003);
#154=CIRCLE('',#8161,0.500000000000003);
#155=CIRCLE('',#8164,0.500000000000007);
#156=CIRCLE('',#8165,0.500000000000007);
#157=CIRCLE('',#8168,0.500000000000003);
#158=CIRCLE('',#8169,0.500000000000003);
#159=CIRCLE('',#8172,0.500000000000007);
#160=CIRCLE('',#8173,0.500000000000007);
#161=CIRCLE('',#8176,0.499999999999998);
#162=CIRCLE('',#8177,0.499999999999998);
#163=CIRCLE('',#8180,0.500000000000007);
#164=CIRCLE('',#8181,0.500000000000007);
#165=CIRCLE('',#8184,0.499999999999998);
#166=CIRCLE('',#8185,0.499999999999998);
#167=CIRCLE('',#8188,0.500000000000007);
#168=CIRCLE('',#8189,0.500000000000007);
#169=CIRCLE('',#8192,0.499999999999998);
#170=CIRCLE('',#8193,0.499999999999998);
#171=CIRCLE('',#8195,2.);
#172=CIRCLE('',#8196,2.);
#173=CIRCLE('',#8199,0.500000000000007);
#174=CIRCLE('',#8200,0.500000000000007);
#175=CIRCLE('',#8203,0.500000000000003);
#176=CIRCLE('',#8204,0.500000000000003);
#177=CIRCLE('',#8207,0.500000000000007);
#178=CIRCLE('',#8208,0.500000000000007);
#179=CIRCLE('',#8211,0.499999999999998);
#180=CIRCLE('',#8212,0.499999999999998);
#181=CIRCLE('',#8215,0.499999999999998);
#182=CIRCLE('',#8216,0.499999999999998);
#183=CIRCLE('',#8219,0.500000000000007);
#184=CIRCLE('',#8220,0.500000000000007);
#185=CIRCLE('',#8223,0.499999999999998);
#186=CIRCLE('',#8224,0.499999999999998);
#187=CIRCLE('',#8227,0.500000000000007);
#188=CIRCLE('',#8228,0.500000000000007);
#189=CIRCLE('',#8231,0.499999999999998);
#190=CIRCLE('',#8232,0.499999999999998);
#191=CIRCLE('',#8235,0.499999999999998);
#192=CIRCLE('',#8236,0.499999999999998);
#193=CIRCLE('',#8239,0.500000000000007);
#194=CIRCLE('',#8240,0.500000000000007);
#195=CIRCLE('',#8243,0.499999999999998);
#196=CIRCLE('',#8244,0.499999999999998);
#197=CIRCLE('',#8246,1.9);
#198=CIRCLE('',#8247,1.9);
#199=CIRCLE('',#8250,0.499999999999998);
#200=CIRCLE('',#8251,0.499999999999998);
#201=CIRCLE('',#8254,0.499999999999998);
#202=CIRCLE('',#8255,0.499999999999998);
#203=CIRCLE('',#8258,0.500000000000007);
#204=CIRCLE('',#8259,0.500000000000007);
#205=CIRCLE('',#8262,0.499999999999998);
#206=CIRCLE('',#8263,0.499999999999998);
#207=CIRCLE('',#8266,0.499999999999989);
#208=CIRCLE('',#8267,0.499999999999989);
#209=CIRCLE('',#8270,0.499999999999998);
#210=CIRCLE('',#8271,0.499999999999998);
#211=CIRCLE('',#8274,0.499999999999998);
#212=CIRCLE('',#8275,0.499999999999998);
#213=CIRCLE('',#8278,0.499999999999998);
#214=CIRCLE('',#8279,0.499999999999998);
#215=CIRCLE('',#8282,0.500000000000007);
#216=CIRCLE('',#8283,0.500000000000007);
#217=CIRCLE('',#8286,0.499999999999998);
#218=CIRCLE('',#8287,0.499999999999998);
#219=CIRCLE('',#8290,0.500000000000007);
#220=CIRCLE('',#8291,0.500000000000007);
#221=CIRCLE('',#8294,0.500000000000003);
#222=CIRCLE('',#8295,0.500000000000003);
#223=CIRCLE('',#8298,0.499999999999972);
#224=CIRCLE('',#8299,0.499999999999972);
#225=CIRCLE('',#8302,0.499999999999998);
#226=CIRCLE('',#8303,0.499999999999998);
#227=CIRCLE('',#8306,0.500000000000007);
#228=CIRCLE('',#8307,0.500000000000007);
#229=CIRCLE('',#8310,0.499999999999998);
#230=CIRCLE('',#8311,0.499999999999998);
#231=CIRCLE('',#8314,0.500000000000007);
#232=CIRCLE('',#8315,0.500000000000007);
#233=CIRCLE('',#8318,0.499999999999998);
#234=CIRCLE('',#8319,0.499999999999998);
#235=CIRCLE('',#8322,0.499999999999989);
#236=CIRCLE('',#8323,0.499999999999989);
#237=CIRCLE('',#8326,0.499999999999998);
#238=CIRCLE('',#8327,0.499999999999998);
#239=CIRCLE('',#8329,1.9);
#240=CIRCLE('',#8330,1.9);
#241=CIRCLE('',#8332,1.9);
#242=CIRCLE('',#8333,1.9);
#243=CIRCLE('',#8336,0.500000000000007);
#244=CIRCLE('',#8337,0.500000000000007);
#245=CIRCLE('',#8340,0.499999999999998);
#246=CIRCLE('',#8341,0.499999999999998);
#247=CIRCLE('',#8344,0.500000000000007);
#248=CIRCLE('',#8345,0.500000000000007);
#249=CIRCLE('',#8348,0.499999999999998);
#250=CIRCLE('',#8349,0.499999999999998);
#251=CIRCLE('',#8352,0.500000000000007);
#252=CIRCLE('',#8353,0.500000000000007);
#253=CIRCLE('',#8356,0.499999999999998);
#254=CIRCLE('',#8357,0.499999999999998);
#255=CIRCLE('',#8360,0.500000000000007);
#256=CIRCLE('',#8361,0.500000000000007);
#257=CIRCLE('',#8364,0.499999999999998);
#258=CIRCLE('',#8365,0.499999999999998);
#259=CIRCLE('',#8368,0.500000000000007);
#260=CIRCLE('',#8369,0.500000000000007);
#261=CIRCLE('',#8372,0.499999999999998);
#262=CIRCLE('',#8373,0.499999999999998);
#263=CIRCLE('',#8376,0.500000000000007);
#264=CIRCLE('',#8377,0.500000000000007);
#265=CIRCLE('',#8380,0.500000000000003);
#266=CIRCLE('',#8381,0.500000000000003);
#267=CIRCLE('',#8384,0.500000000000007);
#268=CIRCLE('',#8385,0.500000000000007);
#269=CIRCLE('',#8388,0.500000000000003);
#270=CIRCLE('',#8389,0.500000000000003);
#271=CIRCLE('',#8392,0.500000000000007);
#272=CIRCLE('',#8393,0.500000000000007);
#273=CIRCLE('',#8396,0.499999999999998);
#274=CIRCLE('',#8397,0.499999999999998);
#275=CIRCLE('',#8400,0.499999999999998);
#276=CIRCLE('',#8401,0.499999999999998);
#277=CIRCLE('',#8404,0.499999999999998);
#278=CIRCLE('',#8405,0.499999999999998);
#279=CIRCLE('',#8408,0.499999999999998);
#280=CIRCLE('',#8409,0.499999999999998);
#281=CIRCLE('',#8412,0.499999999999998);
#282=CIRCLE('',#8413,0.499999999999998);
#283=CIRCLE('',#8415,1.90000000000001);
#284=CIRCLE('',#8416,1.90000000000001);
#285=CIRCLE('',#8419,0.499999999999989);
#286=CIRCLE('',#8420,0.499999999999989);
#287=CIRCLE('',#8423,0.500000000000003);
#288=CIRCLE('',#8424,0.500000000000003);
#289=CIRCLE('',#8427,0.500000000000007);
#290=CIRCLE('',#8428,0.500000000000007);
#291=CIRCLE('',#8431,0.499999999999998);
#292=CIRCLE('',#8432,0.499999999999998);
#293=CIRCLE('',#8435,0.500000000000007);
#294=CIRCLE('',#8436,0.500000000000007);
#295=CIRCLE('',#8439,0.499999999999998);
#296=CIRCLE('',#8440,0.499999999999998);
#297=CIRCLE('',#8443,0.500000000000007);
#298=CIRCLE('',#8444,0.500000000000007);
#299=CIRCLE('',#8447,0.499999999999998);
#300=CIRCLE('',#8448,0.499999999999998);
#301=CIRCLE('',#8450,1.9);
#302=CIRCLE('',#8451,1.9);
#303=CIRCLE('',#8454,0.499999999999998);
#304=CIRCLE('',#8455,0.499999999999998);
#305=CIRCLE('',#8458,0.500000000000003);
#306=CIRCLE('',#8459,0.500000000000003);
#307=CIRCLE('',#8462,0.499999999999998);
#308=CIRCLE('',#8463,0.499999999999998);
#309=CIRCLE('',#8466,0.499999999999998);
#310=CIRCLE('',#8467,0.499999999999998);
#311=CIRCLE('',#8470,0.499999999999998);
#312=CIRCLE('',#8471,0.499999999999998);
#313=CIRCLE('',#8474,0.500000000000007);
#314=CIRCLE('',#8475,0.500000000000007);
#315=CIRCLE('',#8478,0.499999999999998);
#316=CIRCLE('',#8479,0.499999999999998);
#317=CIRCLE('',#8482,0.500000000000007);
#318=CIRCLE('',#8483,0.500000000000007);
#319=CIRCLE('',#8486,0.500000000000007);
#320=CIRCLE('',#8487,0.500000000000007);
#321=CIRCLE('',#8490,0.499999999999998);
#322=CIRCLE('',#8491,0.499999999999998);
#323=CIRCLE('',#8494,0.500000000000007);
#324=CIRCLE('',#8495,0.500000000000007);
#325=CIRCLE('',#8498,0.499999999999998);
#326=CIRCLE('',#8499,0.499999999999998);
#327=CIRCLE('',#8502,0.500000000000007);
#328=CIRCLE('',#8503,0.500000000000007);
#329=CIRCLE('',#8506,0.499999999999998);
#330=CIRCLE('',#8507,0.499999999999998);
#331=CIRCLE('',#8510,0.500000000000007);
#332=CIRCLE('',#8511,0.500000000000007);
#333=CIRCLE('',#8514,0.499999999999998);
#334=CIRCLE('',#8515,0.499999999999998);
#335=CIRCLE('',#8518,0.499999999999998);
#336=CIRCLE('',#8519,0.499999999999998);
#337=CIRCLE('',#8522,0.500000000000003);
#338=CIRCLE('',#8523,0.500000000000003);
#339=CIRCLE('',#8526,0.499999999999998);
#340=CIRCLE('',#8527,0.499999999999998);
#341=CIRCLE('',#8530,0.499999999999998);
#342=CIRCLE('',#8531,0.499999999999998);
#343=CIRCLE('',#8534,0.500000000000007);
#344=CIRCLE('',#8535,0.500000000000007);
#345=CIRCLE('',#8538,0.499999999999998);
#346=CIRCLE('',#8539,0.499999999999998);
#347=CIRCLE('',#8542,0.500000000000007);
#348=CIRCLE('',#8543,0.500000000000007);
#349=CIRCLE('',#8546,0.499999999999998);
#350=CIRCLE('',#8547,0.499999999999998);
#351=CIRCLE('',#8549,2.);
#352=CIRCLE('',#8550,2.);
#353=CIRCLE('',#8553,0.499999999999998);
#354=CIRCLE('',#8554,0.499999999999998);
#355=CIRCLE('',#8557,0.499999999999998);
#356=CIRCLE('',#8558,0.499999999999998);
#357=CIRCLE('',#8561,0.499999999999998);
#358=CIRCLE('',#8562,0.499999999999998);
#359=CIRCLE('',#8565,0.499999999999998);
#360=CIRCLE('',#8566,0.499999999999998);
#361=CIRCLE('',#8569,0.499999999999998);
#362=CIRCLE('',#8570,0.499999999999998);
#363=CIRCLE('',#8573,0.499999999999998);
#364=CIRCLE('',#8574,0.499999999999998);
#365=CIRCLE('',#8577,0.499999999999998);
#366=CIRCLE('',#8578,0.499999999999998);
#367=CIRCLE('',#8581,0.500000000000003);
#368=CIRCLE('',#8582,0.500000000000003);
#369=CIRCLE('',#8585,0.499999999999998);
#370=CIRCLE('',#8586,0.499999999999998);
#371=CIRCLE('',#8589,0.499999999999998);
#372=CIRCLE('',#8590,0.499999999999998);
#373=CIRCLE('',#8593,0.500000000000007);
#374=CIRCLE('',#8594,0.500000000000007);
#375=CIRCLE('',#8597,0.499999999999998);
#376=CIRCLE('',#8598,0.499999999999998);
#377=CIRCLE('',#8601,0.500000000000007);
#378=CIRCLE('',#8602,0.500000000000007);
#379=CIRCLE('',#8605,0.500000000000003);
#380=CIRCLE('',#8606,0.500000000000003);
#381=CIRCLE('',#8609,0.500000000000007);
#382=CIRCLE('',#8610,0.500000000000007);
#383=CIRCLE('',#8613,0.499999999999998);
#384=CIRCLE('',#8614,0.499999999999998);
#385=CIRCLE('',#8617,0.500000000000007);
#386=CIRCLE('',#8618,0.500000000000007);
#387=CIRCLE('',#8621,0.500000000000003);
#388=CIRCLE('',#8622,0.500000000000003);
#389=CIRCLE('',#8625,0.500000000000007);
#390=CIRCLE('',#8626,0.500000000000007);
#391=CIRCLE('',#8629,0.499999999999998);
#392=CIRCLE('',#8630,0.499999999999998);
#393=CIRCLE('',#8632,5.);
#394=CIRCLE('',#8633,5.);
#395=CIRCLE('',#8636,0.500000000000007);
#396=CIRCLE('',#8637,0.500000000000007);
#397=CIRCLE('',#8640,0.499999999999998);
#398=CIRCLE('',#8641,0.499999999999998);
#399=CIRCLE('',#8644,0.500000000000007);
#400=CIRCLE('',#8645,0.500000000000007);
#401=CIRCLE('',#8648,5.);
#402=CIRCLE('',#8649,5.);
#403=CIRCLE('',#8652,5.);
#404=CIRCLE('',#8653,5.);
#405=CIRCLE('',#8656,5.);
#406=CIRCLE('',#8657,5.);
#407=CIRCLE('',#8660,0.500000000000007);
#408=CIRCLE('',#8661,0.500000000000007);
#409=CIRCLE('',#8664,0.499999999999998);
#410=CIRCLE('',#8665,0.499999999999998);
#411=CIRCLE('',#8668,0.499999999999972);
#412=CIRCLE('',#8669,0.499999999999972);
#413=CIRCLE('',#8672,5.);
#414=CIRCLE('',#8673,5.);
#415=CIRCLE('',#8676,0.499999999999998);
#416=CIRCLE('',#8677,0.499999999999998);
#417=CIRCLE('',#8680,0.500000000000007);
#418=CIRCLE('',#8681,0.500000000000007);
#419=CIRCLE('',#8684,0.499999999999998);
#420=CIRCLE('',#8685,0.499999999999998);
#421=CIRCLE('',#8688,5.);
#422=CIRCLE('',#8689,5.);
#423=CIRCLE('',#8694,5.);
#424=CIRCLE('',#8695,5.);
#425=CIRCLE('',#8698,0.500000000000007);
#426=CIRCLE('',#8699,0.500000000000007);
#427=CIRCLE('',#8702,0.499999999999998);
#428=CIRCLE('',#8703,0.499999999999998);
#429=CIRCLE('',#8706,0.500000000000007);
#430=CIRCLE('',#8707,0.500000000000007);
#431=CIRCLE('',#8710,5.);
#432=CIRCLE('',#8711,5.);
#433=CIRCLE('',#8714,0.499999999999998);
#434=CIRCLE('',#8715,0.499999999999998);
#435=CIRCLE('',#8718,0.500000000000007);
#436=CIRCLE('',#8719,0.500000000000007);
#437=CIRCLE('',#8722,0.500000000000003);
#438=CIRCLE('',#8723,0.500000000000003);
#439=CIRCLE('',#8726,5.);
#440=CIRCLE('',#8727,5.);
#441=CIRCLE('',#8730,5.);
#442=CIRCLE('',#8731,5.);
#443=CIRCLE('',#8734,0.500000000000007);
#444=CIRCLE('',#8735,0.500000000000007);
#445=CIRCLE('',#8738,0.499999999999998);
#446=CIRCLE('',#8739,0.499999999999998);
#447=CIRCLE('',#8742,0.500000000000007);
#448=CIRCLE('',#8743,0.500000000000007);
#449=CIRCLE('',#8746,5.);
#450=CIRCLE('',#8747,5.);
#451=CIRCLE('',#8750,0.499999999999998);
#452=CIRCLE('',#8751,0.499999999999998);
#453=CIRCLE('',#8754,0.500000000000007);
#454=CIRCLE('',#8755,0.500000000000007);
#455=CIRCLE('',#8758,0.500000000000003);
#456=CIRCLE('',#8759,0.500000000000003);
#457=CIRCLE('',#8762,5.);
#458=CIRCLE('',#8763,5.);
#459=CIRCLE('',#8766,5.);
#460=CIRCLE('',#8767,5.);
#461=CIRCLE('',#8770,0.500000000000007);
#462=CIRCLE('',#8771,0.500000000000007);
#463=CIRCLE('',#8774,0.499999999999998);
#464=CIRCLE('',#8775,0.499999999999998);
#465=CIRCLE('',#8778,0.499999999999989);
#466=CIRCLE('',#8779,0.499999999999989);
#467=CIRCLE('',#8782,5.);
#468=CIRCLE('',#8783,5.);
#469=CIRCLE('',#8786,0.499999999999998);
#470=CIRCLE('',#8787,0.499999999999998);
#471=CIRCLE('',#8790,0.499999999999998);
#472=CIRCLE('',#8791,0.499999999999998);
#473=CIRCLE('',#8794,0.500000000000003);
#474=CIRCLE('',#8795,0.500000000000003);
#475=CIRCLE('',#8798,5.);
#476=CIRCLE('',#8799,5.);
#477=CIRCLE('',#8802,5.);
#478=CIRCLE('',#8803,5.);
#479=CIRCLE('',#8806,0.500000000000007);
#480=CIRCLE('',#8807,0.500000000000007);
#481=CIRCLE('',#8810,0.499999999999998);
#482=CIRCLE('',#8811,0.499999999999998);
#483=CIRCLE('',#8814,0.499999999999989);
#484=CIRCLE('',#8815,0.499999999999989);
#485=CIRCLE('',#8818,5.);
#486=CIRCLE('',#8819,5.);
#487=CIRCLE('',#8822,0.499999999999998);
#488=CIRCLE('',#8823,0.499999999999998);
#489=CIRCLE('',#8826,0.500000000000007);
#490=CIRCLE('',#8827,0.500000000000007);
#491=CIRCLE('',#8830,0.500000000000003);
#492=CIRCLE('',#8831,0.500000000000003);
#493=CIRCLE('',#8834,5.);
#494=CIRCLE('',#8835,5.);
#495=CYLINDRICAL_SURFACE('',#8051,0.500000000000007);
#496=CYLINDRICAL_SURFACE('',#8055,0.500000000000003);
#497=CYLINDRICAL_SURFACE('',#8059,0.500000000000007);
#498=CYLINDRICAL_SURFACE('',#8063,0.499999999999998);
#499=CYLINDRICAL_SURFACE('',#8066,0.499999999999989);
#500=CYLINDRICAL_SURFACE('',#8070,0.499999999999998);
#501=CYLINDRICAL_SURFACE('',#8074,0.499999999999989);
#502=CYLINDRICAL_SURFACE('',#8078,0.499999999999998);
#503=CYLINDRICAL_SURFACE('',#8083,0.500000000000007);
#504=CYLINDRICAL_SURFACE('',#8087,0.500000000000003);
#505=CYLINDRICAL_SURFACE('',#8091,0.499999999999989);
#506=CYLINDRICAL_SURFACE('',#8095,0.499999999999998);
#507=CYLINDRICAL_SURFACE('',#8099,0.499999999999972);
#508=CYLINDRICAL_SURFACE('',#8103,0.499999999999998);
#509=CYLINDRICAL_SURFACE('',#8107,0.500000000000007);
#510=CYLINDRICAL_SURFACE('',#8111,0.499999999999998);
#511=CYLINDRICAL_SURFACE('',#8115,0.500000000000007);
#512=CYLINDRICAL_SURFACE('',#8119,0.499999999999998);
#513=CYLINDRICAL_SURFACE('',#8123,0.499999999999989);
#514=CYLINDRICAL_SURFACE('',#8127,0.499999999999998);
#515=CYLINDRICAL_SURFACE('',#8131,0.499999999999998);
#516=CYLINDRICAL_SURFACE('',#8135,0.500000000000003);
#517=CYLINDRICAL_SURFACE('',#8139,0.500000000000007);
#518=CYLINDRICAL_SURFACE('',#8143,0.499999999999998);
#519=CYLINDRICAL_SURFACE('',#8147,0.499999999999998);
#520=CYLINDRICAL_SURFACE('',#8151,0.499999999999998);
#521=CYLINDRICAL_SURFACE('',#8155,0.499999999999998);
#522=CYLINDRICAL_SURFACE('',#8159,0.500000000000003);
#523=CYLINDRICAL_SURFACE('',#8163,0.500000000000007);
#524=CYLINDRICAL_SURFACE('',#8167,0.500000000000003);
#525=CYLINDRICAL_SURFACE('',#8171,0.500000000000007);
#526=CYLINDRICAL_SURFACE('',#8175,0.499999999999998);
#527=CYLINDRICAL_SURFACE('',#8179,0.500000000000007);
#528=CYLINDRICAL_SURFACE('',#8183,0.499999999999998);
#529=CYLINDRICAL_SURFACE('',#8187,0.500000000000007);
#530=CYLINDRICAL_SURFACE('',#8191,0.499999999999998);
#531=CYLINDRICAL_SURFACE('',#8194,2.);
#532=CYLINDRICAL_SURFACE('',#8198,0.500000000000007);
#533=CYLINDRICAL_SURFACE('',#8202,0.500000000000003);
#534=CYLINDRICAL_SURFACE('',#8206,0.500000000000007);
#535=CYLINDRICAL_SURFACE('',#8210,0.499999999999998);
#536=CYLINDRICAL_SURFACE('',#8214,0.499999999999998);
#537=CYLINDRICAL_SURFACE('',#8218,0.500000000000007);
#538=CYLINDRICAL_SURFACE('',#8222,0.499999999999998);
#539=CYLINDRICAL_SURFACE('',#8226,0.500000000000007);
#540=CYLINDRICAL_SURFACE('',#8230,0.499999999999998);
#541=CYLINDRICAL_SURFACE('',#8234,0.499999999999998);
#542=CYLINDRICAL_SURFACE('',#8238,0.500000000000007);
#543=CYLINDRICAL_SURFACE('',#8242,0.499999999999998);
#544=CYLINDRICAL_SURFACE('',#8245,1.9);
#545=CYLINDRICAL_SURFACE('',#8249,0.499999999999998);
#546=CYLINDRICAL_SURFACE('',#8253,0.499999999999998);
#547=CYLINDRICAL_SURFACE('',#8257,0.500000000000007);
#548=CYLINDRICAL_SURFACE('',#8261,0.499999999999998);
#549=CYLINDRICAL_SURFACE('',#8265,0.499999999999989);
#550=CYLINDRICAL_SURFACE('',#8269,0.499999999999998);
#551=CYLINDRICAL_SURFACE('',#8273,0.499999999999998);
#552=CYLINDRICAL_SURFACE('',#8277,0.499999999999998);
#553=CYLINDRICAL_SURFACE('',#8281,0.500000000000007);
#554=CYLINDRICAL_SURFACE('',#8285,0.499999999999998);
#555=CYLINDRICAL_SURFACE('',#8289,0.500000000000007);
#556=CYLINDRICAL_SURFACE('',#8293,0.500000000000003);
#557=CYLINDRICAL_SURFACE('',#8297,0.499999999999972);
#558=CYLINDRICAL_SURFACE('',#8301,0.499999999999998);
#559=CYLINDRICAL_SURFACE('',#8305,0.500000000000007);
#560=CYLINDRICAL_SURFACE('',#8309,0.499999999999998);
#561=CYLINDRICAL_SURFACE('',#8313,0.500000000000007);
#562=CYLINDRICAL_SURFACE('',#8317,0.499999999999998);
#563=CYLINDRICAL_SURFACE('',#8321,0.499999999999989);
#564=CYLINDRICAL_SURFACE('',#8325,0.499999999999998);
#565=CYLINDRICAL_SURFACE('',#8328,1.9);
#566=CYLINDRICAL_SURFACE('',#8331,1.9);
#567=CYLINDRICAL_SURFACE('',#8335,0.500000000000007);
#568=CYLINDRICAL_SURFACE('',#8339,0.499999999999998);
#569=CYLINDRICAL_SURFACE('',#8343,0.500000000000007);
#570=CYLINDRICAL_SURFACE('',#8347,0.499999999999998);
#571=CYLINDRICAL_SURFACE('',#8351,0.500000000000007);
#572=CYLINDRICAL_SURFACE('',#8355,0.499999999999998);
#573=CYLINDRICAL_SURFACE('',#8359,0.500000000000007);
#574=CYLINDRICAL_SURFACE('',#8363,0.499999999999998);
#575=CYLINDRICAL_SURFACE('',#8367,0.500000000000007);
#576=CYLINDRICAL_SURFACE('',#8371,0.499999999999998);
#577=CYLINDRICAL_SURFACE('',#8375,0.500000000000007);
#578=CYLINDRICAL_SURFACE('',#8379,0.500000000000003);
#579=CYLINDRICAL_SURFACE('',#8383,0.500000000000007);
#580=CYLINDRICAL_SURFACE('',#8387,0.500000000000003);
#581=CYLINDRICAL_SURFACE('',#8391,0.500000000000007);
#582=CYLINDRICAL_SURFACE('',#8395,0.499999999999998);
#583=CYLINDRICAL_SURFACE('',#8399,0.499999999999998);
#584=CYLINDRICAL_SURFACE('',#8403,0.499999999999998);
#585=CYLINDRICAL_SURFACE('',#8407,0.499999999999998);
#586=CYLINDRICAL_SURFACE('',#8411,0.499999999999998);
#587=CYLINDRICAL_SURFACE('',#8414,1.90000000000001);
#588=CYLINDRICAL_SURFACE('',#8418,0.499999999999989);
#589=CYLINDRICAL_SURFACE('',#8422,0.500000000000003);
#590=CYLINDRICAL_SURFACE('',#8426,0.500000000000007);
#591=CYLINDRICAL_SURFACE('',#8430,0.499999999999998);
#592=CYLINDRICAL_SURFACE('',#8434,0.500000000000007);
#593=CYLINDRICAL_SURFACE('',#8438,0.499999999999998);
#594=CYLINDRICAL_SURFACE('',#8442,0.500000000000007);
#595=CYLINDRICAL_SURFACE('',#8446,0.499999999999998);
#596=CYLINDRICAL_SURFACE('',#8449,1.9);
#597=CYLINDRICAL_SURFACE('',#8453,0.499999999999998);
#598=CYLINDRICAL_SURFACE('',#8457,0.500000000000003);
#599=CYLINDRICAL_SURFACE('',#8461,0.499999999999998);
#600=CYLINDRICAL_SURFACE('',#8465,0.499999999999998);
#601=CYLINDRICAL_SURFACE('',#8469,0.499999999999998);
#602=CYLINDRICAL_SURFACE('',#8473,0.500000000000007);
#603=CYLINDRICAL_SURFACE('',#8477,0.499999999999998);
#604=CYLINDRICAL_SURFACE('',#8481,0.500000000000007);
#605=CYLINDRICAL_SURFACE('',#8485,0.500000000000007);
#606=CYLINDRICAL_SURFACE('',#8489,0.499999999999998);
#607=CYLINDRICAL_SURFACE('',#8493,0.500000000000007);
#608=CYLINDRICAL_SURFACE('',#8497,0.499999999999998);
#609=CYLINDRICAL_SURFACE('',#8501,0.500000000000007);
#610=CYLINDRICAL_SURFACE('',#8505,0.499999999999998);
#611=CYLINDRICAL_SURFACE('',#8509,0.500000000000007);
#612=CYLINDRICAL_SURFACE('',#8513,0.499999999999998);
#613=CYLINDRICAL_SURFACE('',#8517,0.499999999999998);
#614=CYLINDRICAL_SURFACE('',#8521,0.500000000000003);
#615=CYLINDRICAL_SURFACE('',#8525,0.499999999999998);
#616=CYLINDRICAL_SURFACE('',#8529,0.499999999999998);
#617=CYLINDRICAL_SURFACE('',#8533,0.500000000000007);
#618=CYLINDRICAL_SURFACE('',#8537,0.499999999999998);
#619=CYLINDRICAL_SURFACE('',#8541,0.500000000000007);
#620=CYLINDRICAL_SURFACE('',#8545,0.499999999999998);
#621=CYLINDRICAL_SURFACE('',#8548,2.);
#622=CYLINDRICAL_SURFACE('',#8552,0.499999999999998);
#623=CYLINDRICAL_SURFACE('',#8556,0.499999999999998);
#624=CYLINDRICAL_SURFACE('',#8560,0.499999999999998);
#625=CYLINDRICAL_SURFACE('',#8564,0.499999999999998);
#626=CYLINDRICAL_SURFACE('',#8568,0.499999999999998);
#627=CYLINDRICAL_SURFACE('',#8572,0.499999999999998);
#628=CYLINDRICAL_SURFACE('',#8576,0.499999999999998);
#629=CYLINDRICAL_SURFACE('',#8580,0.500000000000003);
#630=CYLINDRICAL_SURFACE('',#8584,0.499999999999998);
#631=CYLINDRICAL_SURFACE('',#8588,0.499999999999998);
#632=CYLINDRICAL_SURFACE('',#8592,0.500000000000007);
#633=CYLINDRICAL_SURFACE('',#8596,0.499999999999998);
#634=CYLINDRICAL_SURFACE('',#8600,0.500000000000007);
#635=CYLINDRICAL_SURFACE('',#8604,0.500000000000003);
#636=CYLINDRICAL_SURFACE('',#8608,0.500000000000007);
#637=CYLINDRICAL_SURFACE('',#8612,0.499999999999998);
#638=CYLINDRICAL_SURFACE('',#8616,0.500000000000007);
#639=CYLINDRICAL_SURFACE('',#8620,0.500000000000003);
#640=CYLINDRICAL_SURFACE('',#8624,0.500000000000007);
#641=CYLINDRICAL_SURFACE('',#8628,0.499999999999998);
#642=CYLINDRICAL_SURFACE('',#8631,5.);
#643=CYLINDRICAL_SURFACE('',#8635,0.500000000000007);
#644=CYLINDRICAL_SURFACE('',#8639,0.499999999999998);
#645=CYLINDRICAL_SURFACE('',#8643,0.500000000000007);
#646=CYLINDRICAL_SURFACE('',#8647,5.);
#647=CYLINDRICAL_SURFACE('',#8651,5.);
#648=CYLINDRICAL_SURFACE('',#8655,5.);
#649=CYLINDRICAL_SURFACE('',#8659,0.500000000000007);
#650=CYLINDRICAL_SURFACE('',#8663,0.499999999999998);
#651=CYLINDRICAL_SURFACE('',#8667,0.499999999999972);
#652=CYLINDRICAL_SURFACE('',#8671,5.);
#653=CYLINDRICAL_SURFACE('',#8675,0.499999999999998);
#654=CYLINDRICAL_SURFACE('',#8679,0.500000000000007);
#655=CYLINDRICAL_SURFACE('',#8683,0.499999999999998);
#656=CYLINDRICAL_SURFACE('',#8687,5.);
#657=CYLINDRICAL_SURFACE('',#8693,5.);
#658=CYLINDRICAL_SURFACE('',#8697,0.500000000000007);
#659=CYLINDRICAL_SURFACE('',#8701,0.499999999999998);
#660=CYLINDRICAL_SURFACE('',#8705,0.500000000000007);
#661=CYLINDRICAL_SURFACE('',#8709,5.);
#662=CYLINDRICAL_SURFACE('',#8713,0.499999999999998);
#663=CYLINDRICAL_SURFACE('',#8717,0.500000000000007);
#664=CYLINDRICAL_SURFACE('',#8721,0.500000000000003);
#665=CYLINDRICAL_SURFACE('',#8725,5.);
#666=CYLINDRICAL_SURFACE('',#8729,5.);
#667=CYLINDRICAL_SURFACE('',#8733,0.500000000000007);
#668=CYLINDRICAL_SURFACE('',#8737,0.499999999999998);
#669=CYLINDRICAL_SURFACE('',#8741,0.500000000000007);
#670=CYLINDRICAL_SURFACE('',#8745,5.);
#671=CYLINDRICAL_SURFACE('',#8749,0.499999999999998);
#672=CYLINDRICAL_SURFACE('',#8753,0.500000000000007);
#673=CYLINDRICAL_SURFACE('',#8757,0.500000000000003);
#674=CYLINDRICAL_SURFACE('',#8761,5.);
#675=CYLINDRICAL_SURFACE('',#8765,5.);
#676=CYLINDRICAL_SURFACE('',#8769,0.500000000000007);
#677=CYLINDRICAL_SURFACE('',#8773,0.499999999999998);
#678=CYLINDRICAL_SURFACE('',#8777,0.499999999999989);
#679=CYLINDRICAL_SURFACE('',#8781,5.);
#680=CYLINDRICAL_SURFACE('',#8785,0.499999999999998);
#681=CYLINDRICAL_SURFACE('',#8789,0.499999999999998);
#682=CYLINDRICAL_SURFACE('',#8793,0.500000000000003);
#683=CYLINDRICAL_SURFACE('',#8797,5.);
#684=CYLINDRICAL_SURFACE('',#8801,5.);
#685=CYLINDRICAL_SURFACE('',#8805,0.500000000000007);
#686=CYLINDRICAL_SURFACE('',#8809,0.499999999999998);
#687=CYLINDRICAL_SURFACE('',#8813,0.499999999999989);
#688=CYLINDRICAL_SURFACE('',#8817,5.);
#689=CYLINDRICAL_SURFACE('',#8821,0.499999999999998);
#690=CYLINDRICAL_SURFACE('',#8825,0.500000000000007);
#691=CYLINDRICAL_SURFACE('',#8829,0.500000000000003);
#692=CYLINDRICAL_SURFACE('',#8833,5.);
#693=FACE_OUTER_BOUND('',#1088,.T.);
#694=FACE_OUTER_BOUND('',#1089,.T.);
#695=FACE_OUTER_BOUND('',#1090,.T.);
#696=FACE_OUTER_BOUND('',#1091,.T.);
#697=FACE_OUTER_BOUND('',#1092,.T.);
#698=FACE_OUTER_BOUND('',#1093,.T.);
#699=FACE_OUTER_BOUND('',#1094,.T.);
#700=FACE_OUTER_BOUND('',#1095,.T.);
#701=FACE_OUTER_BOUND('',#1096,.T.);
#702=FACE_OUTER_BOUND('',#1097,.T.);
#703=FACE_OUTER_BOUND('',#1098,.T.);
#704=FACE_OUTER_BOUND('',#1099,.T.);
#705=FACE_OUTER_BOUND('',#1100,.T.);
#706=FACE_OUTER_BOUND('',#1101,.T.);
#707=FACE_OUTER_BOUND('',#1102,.T.);
#708=FACE_OUTER_BOUND('',#1103,.T.);
#709=FACE_OUTER_BOUND('',#1104,.T.);
#710=FACE_OUTER_BOUND('',#1105,.T.);
#711=FACE_OUTER_BOUND('',#1106,.T.);
#712=FACE_OUTER_BOUND('',#1107,.T.);
#713=FACE_OUTER_BOUND('',#1108,.T.);
#714=FACE_OUTER_BOUND('',#1109,.T.);
#715=FACE_OUTER_BOUND('',#1110,.T.);
#716=FACE_OUTER_BOUND('',#1111,.T.);
#717=FACE_OUTER_BOUND('',#1112,.T.);
#718=FACE_OUTER_BOUND('',#1113,.T.);
#719=FACE_OUTER_BOUND('',#1114,.T.);
#720=FACE_OUTER_BOUND('',#1115,.T.);
#721=FACE_OUTER_BOUND('',#1116,.T.);
#722=FACE_OUTER_BOUND('',#1117,.T.);
#723=FACE_OUTER_BOUND('',#1118,.T.);
#724=FACE_OUTER_BOUND('',#1119,.T.);
#725=FACE_OUTER_BOUND('',#1120,.T.);
#726=FACE_OUTER_BOUND('',#1121,.T.);
#727=FACE_OUTER_BOUND('',#1122,.T.);
#728=FACE_OUTER_BOUND('',#1123,.T.);
#729=FACE_OUTER_BOUND('',#1124,.T.);
#730=FACE_OUTER_BOUND('',#1125,.T.);
#731=FACE_OUTER_BOUND('',#1126,.T.);
#732=FACE_OUTER_BOUND('',#1127,.T.);
#733=FACE_OUTER_BOUND('',#1128,.T.);
#734=FACE_OUTER_BOUND('',#1129,.T.);
#735=FACE_OUTER_BOUND('',#1130,.T.);
#736=FACE_OUTER_BOUND('',#1131,.T.);
#737=FACE_OUTER_BOUND('',#1132,.T.);
#738=FACE_OUTER_BOUND('',#1133,.T.);
#739=FACE_OUTER_BOUND('',#1134,.T.);
#740=FACE_OUTER_BOUND('',#1135,.T.);
#741=FACE_OUTER_BOUND('',#1136,.T.);
#742=FACE_OUTER_BOUND('',#1137,.T.);
#743=FACE_OUTER_BOUND('',#1138,.T.);
#744=FACE_OUTER_BOUND('',#1139,.T.);
#745=FACE_OUTER_BOUND('',#1140,.T.);
#746=FACE_OUTER_BOUND('',#1141,.T.);
#747=FACE_OUTER_BOUND('',#1142,.T.);
#748=FACE_OUTER_BOUND('',#1143,.T.);
#749=FACE_OUTER_BOUND('',#1144,.T.);
#750=FACE_OUTER_BOUND('',#1145,.T.);
#751=FACE_OUTER_BOUND('',#1146,.T.);
#752=FACE_OUTER_BOUND('',#1147,.T.);
#753=FACE_OUTER_BOUND('',#1148,.T.);
#754=FACE_OUTER_BOUND('',#1149,.T.);
#755=FACE_OUTER_BOUND('',#1150,.T.);
#756=FACE_OUTER_BOUND('',#1151,.T.);
#757=FACE_OUTER_BOUND('',#1152,.T.);
#758=FACE_OUTER_BOUND('',#1153,.T.);
#759=FACE_OUTER_BOUND('',#1154,.T.);
#760=FACE_OUTER_BOUND('',#1155,.T.);
#761=FACE_OUTER_BOUND('',#1156,.T.);
#762=FACE_OUTER_BOUND('',#1157,.T.);
#763=FACE_OUTER_BOUND('',#1158,.T.);
#764=FACE_OUTER_BOUND('',#1159,.T.);
#765=FACE_OUTER_BOUND('',#1160,.T.);
#766=FACE_OUTER_BOUND('',#1161,.T.);
#767=FACE_OUTER_BOUND('',#1162,.T.);
#768=FACE_OUTER_BOUND('',#1163,.T.);
#769=FACE_OUTER_BOUND('',#1164,.T.);
#770=FACE_OUTER_BOUND('',#1165,.T.);
#771=FACE_OUTER_BOUND('',#1166,.T.);
#772=FACE_OUTER_BOUND('',#1167,.T.);
#773=FACE_OUTER_BOUND('',#1168,.T.);
#774=FACE_OUTER_BOUND('',#1169,.T.);
#775=FACE_OUTER_BOUND('',#1170,.T.);
#776=FACE_OUTER_BOUND('',#1171,.T.);
#777=FACE_OUTER_BOUND('',#1172,.T.);
#778=FACE_OUTER_BOUND('',#1173,.T.);
#779=FACE_OUTER_BOUND('',#1174,.T.);
#780=FACE_OUTER_BOUND('',#1175,.T.);
#781=FACE_OUTER_BOUND('',#1176,.T.);
#782=FACE_OUTER_BOUND('',#1177,.T.);
#783=FACE_OUTER_BOUND('',#1178,.T.);
#784=FACE_OUTER_BOUND('',#1179,.T.);
#785=FACE_OUTER_BOUND('',#1180,.T.);
#786=FACE_OUTER_BOUND('',#1181,.T.);
#787=FACE_OUTER_BOUND('',#1182,.T.);
#788=FACE_OUTER_BOUND('',#1183,.T.);
#789=FACE_OUTER_BOUND('',#1184,.T.);
#790=FACE_OUTER_BOUND('',#1185,.T.);
#791=FACE_OUTER_BOUND('',#1186,.T.);
#792=FACE_OUTER_BOUND('',#1187,.T.);
#793=FACE_OUTER_BOUND('',#1188,.T.);
#794=FACE_OUTER_BOUND('',#1189,.T.);
#795=FACE_OUTER_BOUND('',#1190,.T.);
#796=FACE_OUTER_BOUND('',#1191,.T.);
#797=FACE_OUTER_BOUND('',#1192,.T.);
#798=FACE_OUTER_BOUND('',#1193,.T.);
#799=FACE_OUTER_BOUND('',#1194,.T.);
#800=FACE_OUTER_BOUND('',#1195,.T.);
#801=FACE_OUTER_BOUND('',#1196,.T.);
#802=FACE_OUTER_BOUND('',#1197,.T.);
#803=FACE_OUTER_BOUND('',#1198,.T.);
#804=FACE_OUTER_BOUND('',#1199,.T.);
#805=FACE_OUTER_BOUND('',#1200,.T.);
#806=FACE_OUTER_BOUND('',#1201,.T.);
#807=FACE_OUTER_BOUND('',#1202,.T.);
#808=FACE_OUTER_BOUND('',#1203,.T.);
#809=FACE_OUTER_BOUND('',#1204,.T.);
#810=FACE_OUTER_BOUND('',#1205,.T.);
#811=FACE_OUTER_BOUND('',#1206,.T.);
#812=FACE_OUTER_BOUND('',#1207,.T.);
#813=FACE_OUTER_BOUND('',#1208,.T.);
#814=FACE_OUTER_BOUND('',#1209,.T.);
#815=FACE_OUTER_BOUND('',#1210,.T.);
#816=FACE_OUTER_BOUND('',#1211,.T.);
#817=FACE_OUTER_BOUND('',#1212,.T.);
#818=FACE_OUTER_BOUND('',#1213,.T.);
#819=FACE_OUTER_BOUND('',#1214,.T.);
#820=FACE_OUTER_BOUND('',#1215,.T.);
#821=FACE_OUTER_BOUND('',#1216,.T.);
#822=FACE_OUTER_BOUND('',#1217,.T.);
#823=FACE_OUTER_BOUND('',#1218,.T.);
#824=FACE_OUTER_BOUND('',#1219,.T.);
#825=FACE_OUTER_BOUND('',#1220,.T.);
#826=FACE_OUTER_BOUND('',#1221,.T.);
#827=FACE_OUTER_BOUND('',#1222,.T.);
#828=FACE_OUTER_BOUND('',#1223,.T.);
#829=FACE_OUTER_BOUND('',#1224,.T.);
#830=FACE_OUTER_BOUND('',#1225,.T.);
#831=FACE_OUTER_BOUND('',#1226,.T.);
#832=FACE_OUTER_BOUND('',#1227,.T.);
#833=FACE_OUTER_BOUND('',#1228,.T.);
#834=FACE_OUTER_BOUND('',#1229,.T.);
#835=FACE_OUTER_BOUND('',#1230,.T.);
#836=FACE_OUTER_BOUND('',#1231,.T.);
#837=FACE_OUTER_BOUND('',#1232,.T.);
#838=FACE_OUTER_BOUND('',#1233,.T.);
#839=FACE_OUTER_BOUND('',#1234,.T.);
#840=FACE_OUTER_BOUND('',#1235,.T.);
#841=FACE_OUTER_BOUND('',#1236,.T.);
#842=FACE_OUTER_BOUND('',#1237,.T.);
#843=FACE_OUTER_BOUND('',#1238,.T.);
#844=FACE_OUTER_BOUND('',#1239,.T.);
#845=FACE_OUTER_BOUND('',#1240,.T.);
#846=FACE_OUTER_BOUND('',#1241,.T.);
#847=FACE_OUTER_BOUND('',#1242,.T.);
#848=FACE_OUTER_BOUND('',#1243,.T.);
#849=FACE_OUTER_BOUND('',#1244,.T.);
#850=FACE_OUTER_BOUND('',#1245,.T.);
#851=FACE_OUTER_BOUND('',#1246,.T.);
#852=FACE_OUTER_BOUND('',#1247,.T.);
#853=FACE_OUTER_BOUND('',#1248,.T.);
#854=FACE_OUTER_BOUND('',#1249,.T.);
#855=FACE_OUTER_BOUND('',#1250,.T.);
#856=FACE_OUTER_BOUND('',#1251,.T.);
#857=FACE_OUTER_BOUND('',#1252,.T.);
#858=FACE_OUTER_BOUND('',#1253,.T.);
#859=FACE_OUTER_BOUND('',#1254,.T.);
#860=FACE_OUTER_BOUND('',#1255,.T.);
#861=FACE_OUTER_BOUND('',#1256,.T.);
#862=FACE_OUTER_BOUND('',#1257,.T.);
#863=FACE_OUTER_BOUND('',#1258,.T.);
#864=FACE_OUTER_BOUND('',#1259,.T.);
#865=FACE_OUTER_BOUND('',#1260,.T.);
#866=FACE_OUTER_BOUND('',#1261,.T.);
#867=FACE_OUTER_BOUND('',#1262,.T.);
#868=FACE_OUTER_BOUND('',#1263,.T.);
#869=FACE_OUTER_BOUND('',#1264,.T.);
#870=FACE_OUTER_BOUND('',#1265,.T.);
#871=FACE_OUTER_BOUND('',#1266,.T.);
#872=FACE_OUTER_BOUND('',#1267,.T.);
#873=FACE_OUTER_BOUND('',#1268,.T.);
#874=FACE_OUTER_BOUND('',#1269,.T.);
#875=FACE_OUTER_BOUND('',#1270,.T.);
#876=FACE_OUTER_BOUND('',#1271,.T.);
#877=FACE_OUTER_BOUND('',#1272,.T.);
#878=FACE_OUTER_BOUND('',#1273,.T.);
#879=FACE_OUTER_BOUND('',#1274,.T.);
#880=FACE_OUTER_BOUND('',#1275,.T.);
#881=FACE_OUTER_BOUND('',#1276,.T.);
#882=FACE_OUTER_BOUND('',#1277,.T.);
#883=FACE_OUTER_BOUND('',#1278,.T.);
#884=FACE_OUTER_BOUND('',#1279,.T.);
#885=FACE_OUTER_BOUND('',#1280,.T.);
#886=FACE_OUTER_BOUND('',#1281,.T.);
#887=FACE_OUTER_BOUND('',#1282,.T.);
#888=FACE_OUTER_BOUND('',#1283,.T.);
#889=FACE_OUTER_BOUND('',#1284,.T.);
#890=FACE_OUTER_BOUND('',#1285,.T.);
#891=FACE_OUTER_BOUND('',#1286,.T.);
#892=FACE_OUTER_BOUND('',#1287,.T.);
#893=FACE_OUTER_BOUND('',#1288,.T.);
#894=FACE_OUTER_BOUND('',#1289,.T.);
#895=FACE_OUTER_BOUND('',#1290,.T.);
#896=FACE_OUTER_BOUND('',#1291,.T.);
#897=FACE_OUTER_BOUND('',#1292,.T.);
#898=FACE_OUTER_BOUND('',#1293,.T.);
#899=FACE_OUTER_BOUND('',#1294,.T.);
#900=FACE_OUTER_BOUND('',#1295,.T.);
#901=FACE_OUTER_BOUND('',#1296,.T.);
#902=FACE_OUTER_BOUND('',#1297,.T.);
#903=FACE_OUTER_BOUND('',#1298,.T.);
#904=FACE_OUTER_BOUND('',#1299,.T.);
#905=FACE_OUTER_BOUND('',#1300,.T.);
#906=FACE_OUTER_BOUND('',#1301,.T.);
#907=FACE_OUTER_BOUND('',#1302,.T.);
#908=FACE_OUTER_BOUND('',#1303,.T.);
#909=FACE_OUTER_BOUND('',#1304,.T.);
#910=FACE_OUTER_BOUND('',#1305,.T.);
#911=FACE_OUTER_BOUND('',#1306,.T.);
#912=FACE_OUTER_BOUND('',#1307,.T.);
#913=FACE_OUTER_BOUND('',#1308,.T.);
#914=FACE_OUTER_BOUND('',#1309,.T.);
#915=FACE_OUTER_BOUND('',#1310,.T.);
#916=FACE_OUTER_BOUND('',#1311,.T.);
#917=FACE_OUTER_BOUND('',#1312,.T.);
#918=FACE_OUTER_BOUND('',#1313,.T.);
#919=FACE_OUTER_BOUND('',#1314,.T.);
#920=FACE_OUTER_BOUND('',#1315,.T.);
#921=FACE_OUTER_BOUND('',#1316,.T.);
#922=FACE_OUTER_BOUND('',#1317,.T.);
#923=FACE_OUTER_BOUND('',#1318,.T.);
#924=FACE_OUTER_BOUND('',#1319,.T.);
#925=FACE_OUTER_BOUND('',#1320,.T.);
#926=FACE_OUTER_BOUND('',#1321,.T.);
#927=FACE_OUTER_BOUND('',#1322,.T.);
#928=FACE_OUTER_BOUND('',#1323,.T.);
#929=FACE_OUTER_BOUND('',#1324,.T.);
#930=FACE_OUTER_BOUND('',#1325,.T.);
#931=FACE_OUTER_BOUND('',#1326,.T.);
#932=FACE_OUTER_BOUND('',#1327,.T.);
#933=FACE_OUTER_BOUND('',#1328,.T.);
#934=FACE_OUTER_BOUND('',#1329,.T.);
#935=FACE_OUTER_BOUND('',#1330,.T.);
#936=FACE_OUTER_BOUND('',#1331,.T.);
#937=FACE_OUTER_BOUND('',#1332,.T.);
#938=FACE_OUTER_BOUND('',#1333,.T.);
#939=FACE_OUTER_BOUND('',#1334,.T.);
#940=FACE_OUTER_BOUND('',#1335,.T.);
#941=FACE_OUTER_BOUND('',#1336,.T.);
#942=FACE_OUTER_BOUND('',#1337,.T.);
#943=FACE_OUTER_BOUND('',#1338,.T.);
#944=FACE_OUTER_BOUND('',#1339,.T.);
#945=FACE_OUTER_BOUND('',#1340,.T.);
#946=FACE_OUTER_BOUND('',#1341,.T.);
#947=FACE_OUTER_BOUND('',#1342,.T.);
#948=FACE_OUTER_BOUND('',#1343,.T.);
#949=FACE_OUTER_BOUND('',#1344,.T.);
#950=FACE_OUTER_BOUND('',#1345,.T.);
#951=FACE_OUTER_BOUND('',#1346,.T.);
#952=FACE_OUTER_BOUND('',#1347,.T.);
#953=FACE_OUTER_BOUND('',#1348,.T.);
#954=FACE_OUTER_BOUND('',#1349,.T.);
#955=FACE_OUTER_BOUND('',#1350,.T.);
#956=FACE_OUTER_BOUND('',#1351,.T.);
#957=FACE_OUTER_BOUND('',#1352,.T.);
#958=FACE_OUTER_BOUND('',#1353,.T.);
#959=FACE_OUTER_BOUND('',#1354,.T.);
#960=FACE_OUTER_BOUND('',#1355,.T.);
#961=FACE_OUTER_BOUND('',#1356,.T.);
#962=FACE_OUTER_BOUND('',#1357,.T.);
#963=FACE_OUTER_BOUND('',#1358,.T.);
#964=FACE_OUTER_BOUND('',#1359,.T.);
#965=FACE_OUTER_BOUND('',#1360,.T.);
#966=FACE_OUTER_BOUND('',#1361,.T.);
#967=FACE_OUTER_BOUND('',#1362,.T.);
#968=FACE_OUTER_BOUND('',#1363,.T.);
#969=FACE_OUTER_BOUND('',#1364,.T.);
#970=FACE_OUTER_BOUND('',#1365,.T.);
#971=FACE_OUTER_BOUND('',#1366,.T.);
#972=FACE_OUTER_BOUND('',#1367,.T.);
#973=FACE_OUTER_BOUND('',#1368,.T.);
#974=FACE_OUTER_BOUND('',#1369,.T.);
#975=FACE_OUTER_BOUND('',#1370,.T.);
#976=FACE_OUTER_BOUND('',#1371,.T.);
#977=FACE_OUTER_BOUND('',#1372,.T.);
#978=FACE_OUTER_BOUND('',#1373,.T.);
#979=FACE_OUTER_BOUND('',#1374,.T.);
#980=FACE_OUTER_BOUND('',#1375,.T.);
#981=FACE_OUTER_BOUND('',#1376,.T.);
#982=FACE_OUTER_BOUND('',#1377,.T.);
#983=FACE_OUTER_BOUND('',#1378,.T.);
#984=FACE_OUTER_BOUND('',#1379,.T.);
#985=FACE_OUTER_BOUND('',#1380,.T.);
#986=FACE_OUTER_BOUND('',#1381,.T.);
#987=FACE_OUTER_BOUND('',#1382,.T.);
#988=FACE_OUTER_BOUND('',#1383,.T.);
#989=FACE_OUTER_BOUND('',#1384,.T.);
#990=FACE_OUTER_BOUND('',#1385,.T.);
#991=FACE_OUTER_BOUND('',#1386,.T.);
#992=FACE_OUTER_BOUND('',#1387,.T.);
#993=FACE_OUTER_BOUND('',#1388,.T.);
#994=FACE_OUTER_BOUND('',#1389,.T.);
#995=FACE_OUTER_BOUND('',#1390,.T.);
#996=FACE_OUTER_BOUND('',#1391,.T.);
#997=FACE_OUTER_BOUND('',#1392,.T.);
#998=FACE_OUTER_BOUND('',#1393,.T.);
#999=FACE_OUTER_BOUND('',#1394,.T.);
#1000=FACE_OUTER_BOUND('',#1395,.T.);
#1001=FACE_OUTER_BOUND('',#1396,.T.);
#1002=FACE_OUTER_BOUND('',#1397,.T.);
#1003=FACE_OUTER_BOUND('',#1398,.T.);
#1004=FACE_OUTER_BOUND('',#1399,.T.);
#1005=FACE_OUTER_BOUND('',#1400,.T.);
#1006=FACE_OUTER_BOUND('',#1401,.T.);
#1007=FACE_OUTER_BOUND('',#1402,.T.);
#1008=FACE_OUTER_BOUND('',#1403,.T.);
#1009=FACE_OUTER_BOUND('',#1404,.T.);
#1010=FACE_OUTER_BOUND('',#1405,.T.);
#1011=FACE_OUTER_BOUND('',#1406,.T.);
#1012=FACE_OUTER_BOUND('',#1407,.T.);
#1013=FACE_OUTER_BOUND('',#1408,.T.);
#1014=FACE_OUTER_BOUND('',#1409,.T.);
#1015=FACE_OUTER_BOUND('',#1410,.T.);
#1016=FACE_OUTER_BOUND('',#1411,.T.);
#1017=FACE_OUTER_BOUND('',#1412,.T.);
#1018=FACE_OUTER_BOUND('',#1413,.T.);
#1019=FACE_OUTER_BOUND('',#1414,.T.);
#1020=FACE_OUTER_BOUND('',#1415,.T.);
#1021=FACE_OUTER_BOUND('',#1416,.T.);
#1022=FACE_OUTER_BOUND('',#1417,.T.);
#1023=FACE_OUTER_BOUND('',#1418,.T.);
#1024=FACE_OUTER_BOUND('',#1419,.T.);
#1025=FACE_OUTER_BOUND('',#1420,.T.);
#1026=FACE_OUTER_BOUND('',#1421,.T.);
#1027=FACE_OUTER_BOUND('',#1422,.T.);
#1028=FACE_OUTER_BOUND('',#1423,.T.);
#1029=FACE_OUTER_BOUND('',#1424,.T.);
#1030=FACE_OUTER_BOUND('',#1425,.T.);
#1031=FACE_OUTER_BOUND('',#1426,.T.);
#1032=FACE_OUTER_BOUND('',#1427,.T.);
#1033=FACE_OUTER_BOUND('',#1428,.T.);
#1034=FACE_OUTER_BOUND('',#1429,.T.);
#1035=FACE_OUTER_BOUND('',#1430,.T.);
#1036=FACE_OUTER_BOUND('',#1431,.T.);
#1037=FACE_OUTER_BOUND('',#1432,.T.);
#1038=FACE_OUTER_BOUND('',#1433,.T.);
#1039=FACE_OUTER_BOUND('',#1434,.T.);
#1040=FACE_OUTER_BOUND('',#1435,.T.);
#1041=FACE_OUTER_BOUND('',#1436,.T.);
#1042=FACE_OUTER_BOUND('',#1437,.T.);
#1043=FACE_OUTER_BOUND('',#1438,.T.);
#1044=FACE_OUTER_BOUND('',#1439,.T.);
#1045=FACE_OUTER_BOUND('',#1440,.T.);
#1046=FACE_OUTER_BOUND('',#1441,.T.);
#1047=FACE_OUTER_BOUND('',#1442,.T.);
#1048=FACE_OUTER_BOUND('',#1443,.T.);
#1049=FACE_OUTER_BOUND('',#1444,.T.);
#1050=FACE_OUTER_BOUND('',#1445,.T.);
#1051=FACE_OUTER_BOUND('',#1446,.T.);
#1052=FACE_OUTER_BOUND('',#1447,.T.);
#1053=FACE_OUTER_BOUND('',#1448,.T.);
#1054=FACE_OUTER_BOUND('',#1449,.T.);
#1055=FACE_OUTER_BOUND('',#1450,.T.);
#1056=FACE_OUTER_BOUND('',#1451,.T.);
#1057=FACE_OUTER_BOUND('',#1452,.T.);
#1058=FACE_OUTER_BOUND('',#1453,.T.);
#1059=FACE_OUTER_BOUND('',#1454,.T.);
#1060=FACE_OUTER_BOUND('',#1455,.T.);
#1061=FACE_OUTER_BOUND('',#1456,.T.);
#1062=FACE_OUTER_BOUND('',#1457,.T.);
#1063=FACE_OUTER_BOUND('',#1458,.T.);
#1064=FACE_OUTER_BOUND('',#1459,.T.);
#1065=FACE_OUTER_BOUND('',#1460,.T.);
#1066=FACE_OUTER_BOUND('',#1461,.T.);
#1067=FACE_OUTER_BOUND('',#1462,.T.);
#1068=FACE_OUTER_BOUND('',#1463,.T.);
#1069=FACE_OUTER_BOUND('',#1464,.T.);
#1070=FACE_OUTER_BOUND('',#1465,.T.);
#1071=FACE_OUTER_BOUND('',#1466,.T.);
#1072=FACE_OUTER_BOUND('',#1467,.T.);
#1073=FACE_OUTER_BOUND('',#1468,.T.);
#1074=FACE_OUTER_BOUND('',#1469,.T.);
#1075=FACE_OUTER_BOUND('',#1470,.T.);
#1076=FACE_OUTER_BOUND('',#1471,.T.);
#1077=FACE_OUTER_BOUND('',#1472,.T.);
#1078=FACE_OUTER_BOUND('',#1473,.T.);
#1079=FACE_OUTER_BOUND('',#1474,.T.);
#1080=FACE_OUTER_BOUND('',#1475,.T.);
#1081=FACE_OUTER_BOUND('',#1476,.T.);
#1082=FACE_OUTER_BOUND('',#1477,.T.);
#1083=FACE_OUTER_BOUND('',#1478,.T.);
#1084=FACE_OUTER_BOUND('',#1479,.T.);
#1085=FACE_OUTER_BOUND('',#1480,.T.);
#1086=FACE_OUTER_BOUND('',#1481,.T.);
#1087=FACE_OUTER_BOUND('',#1524,.T.);
#1088=EDGE_LOOP('',(#5098,#5099,#5100,#5101));
#1089=EDGE_LOOP('',(#5102,#5103,#5104,#5105));
#1090=EDGE_LOOP('',(#5106,#5107,#5108,#5109));
#1091=EDGE_LOOP('',(#5110,#5111,#5112,#5113));
#1092=EDGE_LOOP('',(#5114,#5115,#5116,#5117));
#1093=EDGE_LOOP('',(#5118,#5119,#5120,#5121));
#1094=EDGE_LOOP('',(#5122,#5123,#5124,#5125));
#1095=EDGE_LOOP('',(#5126,#5127,#5128,#5129));
#1096=EDGE_LOOP('',(#5130,#5131,#5132,#5133));
#1097=EDGE_LOOP('',(#5134,#5135,#5136,#5137));
#1098=EDGE_LOOP('',(#5138,#5139,#5140,#5141));
#1099=EDGE_LOOP('',(#5142,#5143,#5144,#5145));
#1100=EDGE_LOOP('',(#5146,#5147,#5148,#5149));
#1101=EDGE_LOOP('',(#5150,#5151,#5152,#5153));
#1102=EDGE_LOOP('',(#5154,#5155,#5156,#5157));
#1103=EDGE_LOOP('',(#5158,#5159,#5160,#5161));
#1104=EDGE_LOOP('',(#5162,#5163,#5164,#5165));
#1105=EDGE_LOOP('',(#5166,#5167,#5168,#5169));
#1106=EDGE_LOOP('',(#5170,#5171,#5172,#5173));
#1107=EDGE_LOOP('',(#5174,#5175,#5176,#5177));
#1108=EDGE_LOOP('',(#5178,#5179,#5180,#5181));
#1109=EDGE_LOOP('',(#5182,#5183,#5184,#5185));
#1110=EDGE_LOOP('',(#5186,#5187,#5188,#5189));
#1111=EDGE_LOOP('',(#5190,#5191,#5192,#5193));
#1112=EDGE_LOOP('',(#5194,#5195,#5196,#5197));
#1113=EDGE_LOOP('',(#5198,#5199,#5200,#5201));
#1114=EDGE_LOOP('',(#5202,#5203,#5204,#5205));
#1115=EDGE_LOOP('',(#5206,#5207,#5208,#5209));
#1116=EDGE_LOOP('',(#5210,#5211,#5212,#5213));
#1117=EDGE_LOOP('',(#5214,#5215,#5216,#5217));
#1118=EDGE_LOOP('',(#5218,#5219,#5220,#5221));
#1119=EDGE_LOOP('',(#5222,#5223,#5224,#5225));
#1120=EDGE_LOOP('',(#5226,#5227,#5228,#5229));
#1121=EDGE_LOOP('',(#5230,#5231,#5232,#5233));
#1122=EDGE_LOOP('',(#5234,#5235,#5236,#5237));
#1123=EDGE_LOOP('',(#5238,#5239,#5240,#5241));
#1124=EDGE_LOOP('',(#5242,#5243,#5244,#5245));
#1125=EDGE_LOOP('',(#5246,#5247,#5248,#5249));
#1126=EDGE_LOOP('',(#5250,#5251,#5252,#5253));
#1127=EDGE_LOOP('',(#5254,#5255,#5256,#5257));
#1128=EDGE_LOOP('',(#5258,#5259,#5260,#5261));
#1129=EDGE_LOOP('',(#5262,#5263,#5264,#5265));
#1130=EDGE_LOOP('',(#5266,#5267,#5268,#5269));
#1131=EDGE_LOOP('',(#5270,#5271,#5272,#5273));
#1132=EDGE_LOOP('',(#5274,#5275,#5276,#5277));
#1133=EDGE_LOOP('',(#5278,#5279,#5280,#5281));
#1134=EDGE_LOOP('',(#5282,#5283,#5284,#5285));
#1135=EDGE_LOOP('',(#5286,#5287,#5288,#5289));
#1136=EDGE_LOOP('',(#5290,#5291,#5292,#5293));
#1137=EDGE_LOOP('',(#5294,#5295,#5296,#5297));
#1138=EDGE_LOOP('',(#5298,#5299,#5300,#5301));
#1139=EDGE_LOOP('',(#5302,#5303,#5304,#5305));
#1140=EDGE_LOOP('',(#5306,#5307,#5308,#5309));
#1141=EDGE_LOOP('',(#5310,#5311,#5312,#5313));
#1142=EDGE_LOOP('',(#5314,#5315,#5316,#5317));
#1143=EDGE_LOOP('',(#5318,#5319,#5320,#5321));
#1144=EDGE_LOOP('',(#5322,#5323,#5324,#5325));
#1145=EDGE_LOOP('',(#5326,#5327,#5328,#5329));
#1146=EDGE_LOOP('',(#5330,#5331,#5332,#5333));
#1147=EDGE_LOOP('',(#5334,#5335,#5336,#5337));
#1148=EDGE_LOOP('',(#5338,#5339,#5340,#5341));
#1149=EDGE_LOOP('',(#5342,#5343,#5344,#5345));
#1150=EDGE_LOOP('',(#5346,#5347,#5348,#5349));
#1151=EDGE_LOOP('',(#5350,#5351,#5352,#5353));
#1152=EDGE_LOOP('',(#5354,#5355,#5356,#5357));
#1153=EDGE_LOOP('',(#5358,#5359,#5360,#5361));
#1154=EDGE_LOOP('',(#5362,#5363,#5364,#5365));
#1155=EDGE_LOOP('',(#5366,#5367,#5368,#5369));
#1156=EDGE_LOOP('',(#5370,#5371,#5372,#5373));
#1157=EDGE_LOOP('',(#5374,#5375,#5376,#5377));
#1158=EDGE_LOOP('',(#5378,#5379,#5380,#5381));
#1159=EDGE_LOOP('',(#5382,#5383,#5384,#5385));
#1160=EDGE_LOOP('',(#5386,#5387,#5388,#5389));
#1161=EDGE_LOOP('',(#5390,#5391,#5392,#5393));
#1162=EDGE_LOOP('',(#5394,#5395,#5396,#5397));
#1163=EDGE_LOOP('',(#5398,#5399,#5400,#5401));
#1164=EDGE_LOOP('',(#5402,#5403,#5404,#5405));
#1165=EDGE_LOOP('',(#5406,#5407,#5408,#5409));
#1166=EDGE_LOOP('',(#5410,#5411,#5412,#5413));
#1167=EDGE_LOOP('',(#5414,#5415,#5416,#5417));
#1168=EDGE_LOOP('',(#5418,#5419,#5420,#5421));
#1169=EDGE_LOOP('',(#5422,#5423,#5424,#5425));
#1170=EDGE_LOOP('',(#5426,#5427,#5428,#5429));
#1171=EDGE_LOOP('',(#5430,#5431,#5432,#5433));
#1172=EDGE_LOOP('',(#5434,#5435,#5436,#5437));
#1173=EDGE_LOOP('',(#5438,#5439,#5440,#5441));
#1174=EDGE_LOOP('',(#5442,#5443,#5444,#5445));
#1175=EDGE_LOOP('',(#5446,#5447,#5448,#5449));
#1176=EDGE_LOOP('',(#5450,#5451,#5452,#5453));
#1177=EDGE_LOOP('',(#5454,#5455,#5456,#5457));
#1178=EDGE_LOOP('',(#5458,#5459,#5460,#5461));
#1179=EDGE_LOOP('',(#5462,#5463,#5464,#5465));
#1180=EDGE_LOOP('',(#5466,#5467,#5468,#5469));
#1181=EDGE_LOOP('',(#5470,#5471,#5472,#5473));
#1182=EDGE_LOOP('',(#5474,#5475,#5476,#5477));
#1183=EDGE_LOOP('',(#5478,#5479,#5480,#5481));
#1184=EDGE_LOOP('',(#5482,#5483,#5484,#5485));
#1185=EDGE_LOOP('',(#5486,#5487,#5488,#5489));
#1186=EDGE_LOOP('',(#5490,#5491,#5492,#5493));
#1187=EDGE_LOOP('',(#5494,#5495,#5496,#5497));
#1188=EDGE_LOOP('',(#5498,#5499,#5500,#5501));
#1189=EDGE_LOOP('',(#5502,#5503,#5504,#5505));
#1190=EDGE_LOOP('',(#5506,#5507,#5508,#5509));
#1191=EDGE_LOOP('',(#5510,#5511,#5512,#5513));
#1192=EDGE_LOOP('',(#5514,#5515,#5516,#5517));
#1193=EDGE_LOOP('',(#5518,#5519,#5520,#5521));
#1194=EDGE_LOOP('',(#5522,#5523,#5524,#5525));
#1195=EDGE_LOOP('',(#5526,#5527,#5528,#5529));
#1196=EDGE_LOOP('',(#5530,#5531,#5532,#5533));
#1197=EDGE_LOOP('',(#5534,#5535,#5536,#5537));
#1198=EDGE_LOOP('',(#5538,#5539,#5540,#5541));
#1199=EDGE_LOOP('',(#5542,#5543,#5544,#5545));
#1200=EDGE_LOOP('',(#5546,#5547,#5548,#5549));
#1201=EDGE_LOOP('',(#5550,#5551,#5552,#5553));
#1202=EDGE_LOOP('',(#5554,#5555,#5556,#5557));
#1203=EDGE_LOOP('',(#5558,#5559,#5560,#5561));
#1204=EDGE_LOOP('',(#5562,#5563,#5564,#5565));
#1205=EDGE_LOOP('',(#5566,#5567,#5568,#5569));
#1206=EDGE_LOOP('',(#5570,#5571,#5572,#5573));
#1207=EDGE_LOOP('',(#5574,#5575,#5576,#5577));
#1208=EDGE_LOOP('',(#5578,#5579,#5580,#5581));
#1209=EDGE_LOOP('',(#5582,#5583,#5584,#5585));
#1210=EDGE_LOOP('',(#5586,#5587,#5588,#5589));
#1211=EDGE_LOOP('',(#5590,#5591,#5592,#5593));
#1212=EDGE_LOOP('',(#5594,#5595,#5596,#5597));
#1213=EDGE_LOOP('',(#5598,#5599,#5600,#5601));
#1214=EDGE_LOOP('',(#5602,#5603,#5604,#5605));
#1215=EDGE_LOOP('',(#5606,#5607,#5608,#5609));
#1216=EDGE_LOOP('',(#5610,#5611,#5612,#5613));
#1217=EDGE_LOOP('',(#5614,#5615,#5616,#5617));
#1218=EDGE_LOOP('',(#5618,#5619,#5620,#5621));
#1219=EDGE_LOOP('',(#5622,#5623,#5624,#5625));
#1220=EDGE_LOOP('',(#5626,#5627,#5628,#5629));
#1221=EDGE_LOOP('',(#5630,#5631,#5632,#5633));
#1222=EDGE_LOOP('',(#5634,#5635,#5636,#5637));
#1223=EDGE_LOOP('',(#5638,#5639,#5640,#5641));
#1224=EDGE_LOOP('',(#5642,#5643,#5644,#5645));
#1225=EDGE_LOOP('',(#5646,#5647,#5648,#5649));
#1226=EDGE_LOOP('',(#5650,#5651,#5652,#5653));
#1227=EDGE_LOOP('',(#5654,#5655,#5656,#5657));
#1228=EDGE_LOOP('',(#5658,#5659,#5660,#5661));
#1229=EDGE_LOOP('',(#5662,#5663,#5664,#5665));
#1230=EDGE_LOOP('',(#5666,#5667,#5668,#5669));
#1231=EDGE_LOOP('',(#5670,#5671,#5672,#5673));
#1232=EDGE_LOOP('',(#5674,#5675,#5676,#5677));
#1233=EDGE_LOOP('',(#5678,#5679,#5680,#5681));
#1234=EDGE_LOOP('',(#5682,#5683,#5684,#5685));
#1235=EDGE_LOOP('',(#5686,#5687,#5688,#5689));
#1236=EDGE_LOOP('',(#5690,#5691,#5692,#5693));
#1237=EDGE_LOOP('',(#5694,#5695,#5696,#5697));
#1238=EDGE_LOOP('',(#5698,#5699,#5700,#5701));
#1239=EDGE_LOOP('',(#5702,#5703,#5704,#5705));
#1240=EDGE_LOOP('',(#5706,#5707,#5708,#5709));
#1241=EDGE_LOOP('',(#5710,#5711,#5712,#5713));
#1242=EDGE_LOOP('',(#5714,#5715,#5716,#5717));
#1243=EDGE_LOOP('',(#5718,#5719,#5720,#5721));
#1244=EDGE_LOOP('',(#5722,#5723,#5724,#5725));
#1245=EDGE_LOOP('',(#5726,#5727,#5728,#5729));
#1246=EDGE_LOOP('',(#5730,#5731,#5732,#5733));
#1247=EDGE_LOOP('',(#5734,#5735,#5736,#5737));
#1248=EDGE_LOOP('',(#5738,#5739,#5740,#5741));
#1249=EDGE_LOOP('',(#5742,#5743,#5744,#5745));
#1250=EDGE_LOOP('',(#5746,#5747,#5748,#5749));
#1251=EDGE_LOOP('',(#5750,#5751,#5752,#5753));
#1252=EDGE_LOOP('',(#5754,#5755,#5756,#5757));
#1253=EDGE_LOOP('',(#5758,#5759,#5760,#5761));
#1254=EDGE_LOOP('',(#5762,#5763,#5764,#5765));
#1255=EDGE_LOOP('',(#5766,#5767,#5768,#5769));
#1256=EDGE_LOOP('',(#5770,#5771,#5772,#5773));
#1257=EDGE_LOOP('',(#5774,#5775,#5776,#5777));
#1258=EDGE_LOOP('',(#5778,#5779,#5780,#5781));
#1259=EDGE_LOOP('',(#5782,#5783,#5784,#5785));
#1260=EDGE_LOOP('',(#5786,#5787,#5788,#5789));
#1261=EDGE_LOOP('',(#5790,#5791,#5792,#5793));
#1262=EDGE_LOOP('',(#5794,#5795,#5796,#5797));
#1263=EDGE_LOOP('',(#5798,#5799,#5800,#5801));
#1264=EDGE_LOOP('',(#5802,#5803,#5804,#5805));
#1265=EDGE_LOOP('',(#5806,#5807,#5808,#5809));
#1266=EDGE_LOOP('',(#5810,#5811,#5812,#5813));
#1267=EDGE_LOOP('',(#5814,#5815,#5816,#5817));
#1268=EDGE_LOOP('',(#5818,#5819,#5820,#5821));
#1269=EDGE_LOOP('',(#5822,#5823,#5824,#5825));
#1270=EDGE_LOOP('',(#5826,#5827,#5828,#5829));
#1271=EDGE_LOOP('',(#5830,#5831,#5832,#5833));
#1272=EDGE_LOOP('',(#5834,#5835,#5836,#5837));
#1273=EDGE_LOOP('',(#5838,#5839,#5840,#5841));
#1274=EDGE_LOOP('',(#5842,#5843,#5844,#5845));
#1275=EDGE_LOOP('',(#5846,#5847,#5848,#5849));
#1276=EDGE_LOOP('',(#5850,#5851,#5852,#5853));
#1277=EDGE_LOOP('',(#5854,#5855,#5856,#5857));
#1278=EDGE_LOOP('',(#5858,#5859,#5860,#5861));
#1279=EDGE_LOOP('',(#5862,#5863,#5864,#5865));
#1280=EDGE_LOOP('',(#5866,#5867,#5868,#5869));
#1281=EDGE_LOOP('',(#5870,#5871,#5872,#5873));
#1282=EDGE_LOOP('',(#5874,#5875,#5876,#5877));
#1283=EDGE_LOOP('',(#5878,#5879,#5880,#5881));
#1284=EDGE_LOOP('',(#5882,#5883,#5884,#5885));
#1285=EDGE_LOOP('',(#5886,#5887,#5888,#5889));
#1286=EDGE_LOOP('',(#5890,#5891,#5892,#5893));
#1287=EDGE_LOOP('',(#5894,#5895,#5896,#5897));
#1288=EDGE_LOOP('',(#5898,#5899,#5900,#5901));
#1289=EDGE_LOOP('',(#5902,#5903,#5904,#5905));
#1290=EDGE_LOOP('',(#5906,#5907,#5908,#5909));
#1291=EDGE_LOOP('',(#5910,#5911,#5912,#5913));
#1292=EDGE_LOOP('',(#5914,#5915,#5916,#5917));
#1293=EDGE_LOOP('',(#5918,#5919,#5920,#5921));
#1294=EDGE_LOOP('',(#5922,#5923,#5924,#5925));
#1295=EDGE_LOOP('',(#5926,#5927,#5928,#5929));
#1296=EDGE_LOOP('',(#5930,#5931,#5932,#5933));
#1297=EDGE_LOOP('',(#5934,#5935,#5936,#5937));
#1298=EDGE_LOOP('',(#5938,#5939,#5940,#5941));
#1299=EDGE_LOOP('',(#5942,#5943,#5944,#5945));
#1300=EDGE_LOOP('',(#5946,#5947,#5948,#5949));
#1301=EDGE_LOOP('',(#5950,#5951,#5952,#5953));
#1302=EDGE_LOOP('',(#5954,#5955,#5956,#5957));
#1303=EDGE_LOOP('',(#5958,#5959,#5960,#5961));
#1304=EDGE_LOOP('',(#5962,#5963,#5964,#5965));
#1305=EDGE_LOOP('',(#5966,#5967,#5968,#5969));
#1306=EDGE_LOOP('',(#5970,#5971,#5972,#5973));
#1307=EDGE_LOOP('',(#5974,#5975,#5976,#5977));
#1308=EDGE_LOOP('',(#5978,#5979,#5980,#5981));
#1309=EDGE_LOOP('',(#5982,#5983,#5984,#5985));
#1310=EDGE_LOOP('',(#5986,#5987,#5988,#5989));
#1311=EDGE_LOOP('',(#5990,#5991,#5992,#5993));
#1312=EDGE_LOOP('',(#5994,#5995,#5996,#5997));
#1313=EDGE_LOOP('',(#5998,#5999,#6000,#6001));
#1314=EDGE_LOOP('',(#6002,#6003,#6004,#6005));
#1315=EDGE_LOOP('',(#6006,#6007,#6008,#6009));
#1316=EDGE_LOOP('',(#6010,#6011,#6012,#6013));
#1317=EDGE_LOOP('',(#6014,#6015,#6016,#6017));
#1318=EDGE_LOOP('',(#6018,#6019,#6020,#6021));
#1319=EDGE_LOOP('',(#6022,#6023,#6024,#6025));
#1320=EDGE_LOOP('',(#6026,#6027,#6028,#6029));
#1321=EDGE_LOOP('',(#6030,#6031,#6032,#6033));
#1322=EDGE_LOOP('',(#6034,#6035,#6036,#6037));
#1323=EDGE_LOOP('',(#6038,#6039,#6040,#6041));
#1324=EDGE_LOOP('',(#6042,#6043,#6044,#6045));
#1325=EDGE_LOOP('',(#6046,#6047,#6048,#6049));
#1326=EDGE_LOOP('',(#6050,#6051,#6052,#6053));
#1327=EDGE_LOOP('',(#6054,#6055,#6056,#6057));
#1328=EDGE_LOOP('',(#6058,#6059,#6060,#6061));
#1329=EDGE_LOOP('',(#6062,#6063,#6064,#6065));
#1330=EDGE_LOOP('',(#6066,#6067,#6068,#6069));
#1331=EDGE_LOOP('',(#6070,#6071,#6072,#6073));
#1332=EDGE_LOOP('',(#6074,#6075,#6076,#6077));
#1333=EDGE_LOOP('',(#6078,#6079,#6080,#6081));
#1334=EDGE_LOOP('',(#6082,#6083,#6084,#6085));
#1335=EDGE_LOOP('',(#6086,#6087,#6088,#6089));
#1336=EDGE_LOOP('',(#6090,#6091,#6092,#6093));
#1337=EDGE_LOOP('',(#6094,#6095,#6096,#6097));
#1338=EDGE_LOOP('',(#6098,#6099,#6100,#6101));
#1339=EDGE_LOOP('',(#6102,#6103,#6104,#6105));
#1340=EDGE_LOOP('',(#6106,#6107,#6108,#6109));
#1341=EDGE_LOOP('',(#6110,#6111,#6112,#6113));
#1342=EDGE_LOOP('',(#6114,#6115,#6116,#6117));
#1343=EDGE_LOOP('',(#6118,#6119,#6120,#6121));
#1344=EDGE_LOOP('',(#6122,#6123,#6124,#6125));
#1345=EDGE_LOOP('',(#6126,#6127,#6128,#6129));
#1346=EDGE_LOOP('',(#6130,#6131,#6132,#6133));
#1347=EDGE_LOOP('',(#6134,#6135,#6136,#6137));
#1348=EDGE_LOOP('',(#6138,#6139,#6140,#6141));
#1349=EDGE_LOOP('',(#6142,#6143,#6144,#6145));
#1350=EDGE_LOOP('',(#6146,#6147,#6148,#6149));
#1351=EDGE_LOOP('',(#6150,#6151,#6152,#6153));
#1352=EDGE_LOOP('',(#6154,#6155,#6156,#6157));
#1353=EDGE_LOOP('',(#6158,#6159,#6160,#6161));
#1354=EDGE_LOOP('',(#6162,#6163,#6164,#6165));
#1355=EDGE_LOOP('',(#6166,#6167,#6168,#6169));
#1356=EDGE_LOOP('',(#6170,#6171,#6172,#6173));
#1357=EDGE_LOOP('',(#6174,#6175,#6176,#6177));
#1358=EDGE_LOOP('',(#6178,#6179,#6180,#6181));
#1359=EDGE_LOOP('',(#6182,#6183,#6184,#6185));
#1360=EDGE_LOOP('',(#6186,#6187,#6188,#6189));
#1361=EDGE_LOOP('',(#6190,#6191,#6192,#6193));
#1362=EDGE_LOOP('',(#6194,#6195,#6196,#6197));
#1363=EDGE_LOOP('',(#6198,#6199,#6200,#6201));
#1364=EDGE_LOOP('',(#6202,#6203,#6204,#6205));
#1365=EDGE_LOOP('',(#6206,#6207,#6208,#6209));
#1366=EDGE_LOOP('',(#6210,#6211,#6212,#6213));
#1367=EDGE_LOOP('',(#6214,#6215,#6216,#6217));
#1368=EDGE_LOOP('',(#6218,#6219,#6220,#6221));
#1369=EDGE_LOOP('',(#6222,#6223,#6224,#6225));
#1370=EDGE_LOOP('',(#6226,#6227,#6228,#6229));
#1371=EDGE_LOOP('',(#6230,#6231,#6232,#6233));
#1372=EDGE_LOOP('',(#6234,#6235,#6236,#6237));
#1373=EDGE_LOOP('',(#6238,#6239,#6240,#6241));
#1374=EDGE_LOOP('',(#6242,#6243,#6244,#6245));
#1375=EDGE_LOOP('',(#6246,#6247,#6248,#6249));
#1376=EDGE_LOOP('',(#6250,#6251,#6252,#6253));
#1377=EDGE_LOOP('',(#6254,#6255,#6256,#6257));
#1378=EDGE_LOOP('',(#6258,#6259,#6260,#6261));
#1379=EDGE_LOOP('',(#6262,#6263,#6264,#6265));
#1380=EDGE_LOOP('',(#6266,#6267,#6268,#6269));
#1381=EDGE_LOOP('',(#6270,#6271,#6272,#6273));
#1382=EDGE_LOOP('',(#6274,#6275,#6276,#6277));
#1383=EDGE_LOOP('',(#6278,#6279,#6280,#6281));
#1384=EDGE_LOOP('',(#6282,#6283,#6284,#6285));
#1385=EDGE_LOOP('',(#6286,#6287,#6288,#6289));
#1386=EDGE_LOOP('',(#6290,#6291,#6292,#6293));
#1387=EDGE_LOOP('',(#6294,#6295,#6296,#6297));
#1388=EDGE_LOOP('',(#6298,#6299,#6300,#6301));
#1389=EDGE_LOOP('',(#6302,#6303,#6304,#6305));
#1390=EDGE_LOOP('',(#6306,#6307,#6308,#6309));
#1391=EDGE_LOOP('',(#6310,#6311,#6312,#6313));
#1392=EDGE_LOOP('',(#6314,#6315,#6316,#6317));
#1393=EDGE_LOOP('',(#6318,#6319,#6320,#6321));
#1394=EDGE_LOOP('',(#6322,#6323,#6324,#6325));
#1395=EDGE_LOOP('',(#6326,#6327,#6328,#6329));
#1396=EDGE_LOOP('',(#6330,#6331,#6332,#6333));
#1397=EDGE_LOOP('',(#6334,#6335,#6336,#6337));
#1398=EDGE_LOOP('',(#6338,#6339,#6340,#6341));
#1399=EDGE_LOOP('',(#6342,#6343,#6344,#6345));
#1400=EDGE_LOOP('',(#6346,#6347,#6348,#6349));
#1401=EDGE_LOOP('',(#6350,#6351,#6352,#6353));
#1402=EDGE_LOOP('',(#6354,#6355,#6356,#6357));
#1403=EDGE_LOOP('',(#6358,#6359,#6360,#6361));
#1404=EDGE_LOOP('',(#6362,#6363,#6364,#6365));
#1405=EDGE_LOOP('',(#6366,#6367,#6368,#6369));
#1406=EDGE_LOOP('',(#6370,#6371,#6372,#6373));
#1407=EDGE_LOOP('',(#6374,#6375,#6376,#6377));
#1408=EDGE_LOOP('',(#6378,#6379,#6380,#6381));
#1409=EDGE_LOOP('',(#6382,#6383,#6384,#6385));
#1410=EDGE_LOOP('',(#6386,#6387,#6388,#6389));
#1411=EDGE_LOOP('',(#6390,#6391,#6392,#6393));
#1412=EDGE_LOOP('',(#6394,#6395,#6396,#6397));
#1413=EDGE_LOOP('',(#6398,#6399,#6400,#6401));
#1414=EDGE_LOOP('',(#6402,#6403,#6404,#6405));
#1415=EDGE_LOOP('',(#6406,#6407,#6408,#6409));
#1416=EDGE_LOOP('',(#6410,#6411,#6412,#6413));
#1417=EDGE_LOOP('',(#6414,#6415,#6416,#6417));
#1418=EDGE_LOOP('',(#6418,#6419,#6420,#6421));
#1419=EDGE_LOOP('',(#6422,#6423,#6424,#6425));
#1420=EDGE_LOOP('',(#6426,#6427,#6428,#6429));
#1421=EDGE_LOOP('',(#6430,#6431,#6432,#6433));
#1422=EDGE_LOOP('',(#6434,#6435,#6436,#6437));
#1423=EDGE_LOOP('',(#6438,#6439,#6440,#6441));
#1424=EDGE_LOOP('',(#6442,#6443,#6444,#6445));
#1425=EDGE_LOOP('',(#6446,#6447,#6448,#6449));
#1426=EDGE_LOOP('',(#6450,#6451,#6452,#6453));
#1427=EDGE_LOOP('',(#6454,#6455,#6456,#6457));
#1428=EDGE_LOOP('',(#6458,#6459,#6460,#6461));
#1429=EDGE_LOOP('',(#6462,#6463,#6464,#6465));
#1430=EDGE_LOOP('',(#6466,#6467,#6468,#6469));
#1431=EDGE_LOOP('',(#6470,#6471,#6472,#6473));
#1432=EDGE_LOOP('',(#6474,#6475,#6476,#6477));
#1433=EDGE_LOOP('',(#6478,#6479,#6480,#6481));
#1434=EDGE_LOOP('',(#6482,#6483,#6484,#6485));
#1435=EDGE_LOOP('',(#6486,#6487,#6488,#6489));
#1436=EDGE_LOOP('',(#6490,#6491,#6492,#6493));
#1437=EDGE_LOOP('',(#6494,#6495,#6496,#6497));
#1438=EDGE_LOOP('',(#6498,#6499,#6500,#6501));
#1439=EDGE_LOOP('',(#6502,#6503,#6504,#6505));
#1440=EDGE_LOOP('',(#6506,#6507,#6508,#6509));
#1441=EDGE_LOOP('',(#6510,#6511,#6512,#6513));
#1442=EDGE_LOOP('',(#6514,#6515,#6516,#6517));
#1443=EDGE_LOOP('',(#6518,#6519,#6520,#6521));
#1444=EDGE_LOOP('',(#6522,#6523,#6524,#6525));
#1445=EDGE_LOOP('',(#6526,#6527,#6528,#6529));
#1446=EDGE_LOOP('',(#6530,#6531,#6532,#6533));
#1447=EDGE_LOOP('',(#6534,#6535,#6536,#6537));
#1448=EDGE_LOOP('',(#6538,#6539,#6540,#6541));
#1449=EDGE_LOOP('',(#6542,#6543,#6544,#6545));
#1450=EDGE_LOOP('',(#6546,#6547,#6548,#6549));
#1451=EDGE_LOOP('',(#6550,#6551,#6552,#6553));
#1452=EDGE_LOOP('',(#6554,#6555,#6556,#6557));
#1453=EDGE_LOOP('',(#6558,#6559,#6560,#6561));
#1454=EDGE_LOOP('',(#6562,#6563,#6564,#6565));
#1455=EDGE_LOOP('',(#6566,#6567,#6568,#6569));
#1456=EDGE_LOOP('',(#6570,#6571,#6572,#6573));
#1457=EDGE_LOOP('',(#6574,#6575,#6576,#6577));
#1458=EDGE_LOOP('',(#6578,#6579,#6580,#6581));
#1459=EDGE_LOOP('',(#6582,#6583,#6584,#6585));
#1460=EDGE_LOOP('',(#6586,#6587,#6588,#6589));
#1461=EDGE_LOOP('',(#6590,#6591,#6592,#6593));
#1462=EDGE_LOOP('',(#6594,#6595,#6596,#6597));
#1463=EDGE_LOOP('',(#6598,#6599,#6600,#6601));
#1464=EDGE_LOOP('',(#6602,#6603,#6604,#6605));
#1465=EDGE_LOOP('',(#6606,#6607,#6608,#6609));
#1466=EDGE_LOOP('',(#6610,#6611,#6612,#6613));
#1467=EDGE_LOOP('',(#6614,#6615,#6616,#6617));
#1468=EDGE_LOOP('',(#6618,#6619,#6620,#6621));
#1469=EDGE_LOOP('',(#6622,#6623,#6624,#6625));
#1470=EDGE_LOOP('',(#6626,#6627,#6628,#6629));
#1471=EDGE_LOOP('',(#6630,#6631,#6632,#6633));
#1472=EDGE_LOOP('',(#6634,#6635,#6636,#6637));
#1473=EDGE_LOOP('',(#6638,#6639,#6640,#6641));
#1474=EDGE_LOOP('',(#6642,#6643,#6644,#6645));
#1475=EDGE_LOOP('',(#6646,#6647,#6648,#6649));
#1476=EDGE_LOOP('',(#6650,#6651,#6652,#6653));
#1477=EDGE_LOOP('',(#6654,#6655,#6656,#6657));
#1478=EDGE_LOOP('',(#6658,#6659,#6660,#6661));
#1479=EDGE_LOOP('',(#6662,#6663,#6664,#6665));
#1480=EDGE_LOOP('',(#6666,#6667,#6668,#6669));
#1481=EDGE_LOOP('',(#6670,#6671,#6672,#6673,#6674,#6675,#6676,#6677,#6678,
#6679,#6680,#6681,#6682,#6683,#6684,#6685,#6686,#6687,#6688,#6689,#6690,
#6691,#6692,#6693,#6694,#6695,#6696,#6697,#6698,#6699,#6700,#6701,#6702,
#6703,#6704,#6705,#6706,#6707,#6708,#6709,#6710,#6711,#6712,#6713,#6714,
#6715,#6716,#6717,#6718,#6719,#6720,#6721,#6722,#6723,#6724,#6725,#6726,
#6727,#6728,#6729,#6730,#6731,#6732,#6733,#6734,#6735,#6736,#6737,#6738,
#6739,#6740,#6741,#6742,#6743,#6744,#6745,#6746,#6747,#6748,#6749,#6750,
#6751,#6752,#6753,#6754,#6755,#6756,#6757,#6758,#6759,#6760,#6761,#6762,
#6763,#6764,#6765,#6766,#6767,#6768,#6769,#6770,#6771,#6772,#6773,#6774,
#6775));
#1482=EDGE_LOOP('',(#6776,#6777,#6778,#6779,#6780,#6781,#6782,#6783));
#1483=EDGE_LOOP('',(#6784,#6785,#6786,#6787,#6788,#6789,#6790,#6791));
#1484=EDGE_LOOP('',(#6792,#6793,#6794,#6795,#6796,#6797,#6798,#6799));
#1485=EDGE_LOOP('',(#6800,#6801,#6802,#6803,#6804,#6805,#6806,#6807));
#1486=EDGE_LOOP('',(#6808,#6809,#6810,#6811,#6812,#6813,#6814,#6815));
#1487=EDGE_LOOP('',(#6816));
#1488=EDGE_LOOP('',(#6817,#6818,#6819,#6820,#6821,#6822,#6823,#6824));
#1489=EDGE_LOOP('',(#6825,#6826,#6827,#6828,#6829,#6830,#6831,#6832));
#1490=EDGE_LOOP('',(#6833,#6834,#6835,#6836,#6837,#6838,#6839,#6840));
#1491=EDGE_LOOP('',(#6841,#6842,#6843,#6844,#6845,#6846,#6847,#6848));
#1492=EDGE_LOOP('',(#6849,#6850,#6851,#6852,#6853,#6854,#6855,#6856));
#1493=EDGE_LOOP('',(#6857,#6858,#6859,#6860,#6861,#6862,#6863,#6864));
#1494=EDGE_LOOP('',(#6865));
#1495=EDGE_LOOP('',(#6866,#6867,#6868,#6869,#6870,#6871,#6872,#6873));
#1496=EDGE_LOOP('',(#6874,#6875,#6876,#6877,#6878,#6879,#6880,#6881));
#1497=EDGE_LOOP('',(#6882));
#1498=EDGE_LOOP('',(#6883,#6884,#6885,#6886,#6887,#6888,#6889,#6890));
#1499=EDGE_LOOP('',(#6891,#6892,#6893,#6894,#6895,#6896,#6897,#6898));
#1500=EDGE_LOOP('',(#6899,#6900,#6901,#6902,#6903,#6904,#6905,#6906));
#1501=EDGE_LOOP('',(#6907,#6908,#6909,#6910,#6911,#6912,#6913,#6914));
#1502=EDGE_LOOP('',(#6915,#6916,#6917,#6918,#6919,#6920,#6921,#6922));
#1503=EDGE_LOOP('',(#6923));
#1504=EDGE_LOOP('',(#6924));
#1505=EDGE_LOOP('',(#6925,#6926,#6927,#6928,#6929,#6930,#6931,#6932));
#1506=EDGE_LOOP('',(#6933,#6934,#6935,#6936,#6937,#6938,#6939,#6940));
#1507=EDGE_LOOP('',(#6941,#6942,#6943,#6944,#6945,#6946,#6947,#6948));
#1508=EDGE_LOOP('',(#6949,#6950,#6951,#6952,#6953,#6954,#6955,#6956));
#1509=EDGE_LOOP('',(#6957,#6958,#6959,#6960,#6961,#6962,#6963,#6964));
#1510=EDGE_LOOP('',(#6965));
#1511=EDGE_LOOP('',(#6966,#6967,#6968,#6969,#6970,#6971,#6972,#6973));
#1512=EDGE_LOOP('',(#6974,#6975,#6976,#6977,#6978,#6979,#6980,#6981));
#1513=EDGE_LOOP('',(#6982,#6983,#6984,#6985,#6986,#6987,#6988,#6989));
#1514=EDGE_LOOP('',(#6990));
#1515=EDGE_LOOP('',(#6991,#6992,#6993,#6994,#6995,#6996,#6997,#6998));
#1516=EDGE_LOOP('',(#6999,#7000,#7001,#7002,#7003,#7004,#7005,#7006));
#1517=EDGE_LOOP('',(#7007,#7008,#7009,#7010,#7011,#7012,#7013,#7014));
#1518=EDGE_LOOP('',(#7015,#7016,#7017,#7018,#7019,#7020,#7021,#7022));
#1519=EDGE_LOOP('',(#7023,#7024,#7025,#7026,#7027,#7028,#7029,#7030));
#1520=EDGE_LOOP('',(#7031,#7032,#7033,#7034,#7035,#7036,#7037,#7038));
#1521=EDGE_LOOP('',(#7039,#7040,#7041,#7042,#7043,#7044,#7045,#7046));
#1522=EDGE_LOOP('',(#7047,#7048,#7049,#7050,#7051,#7052,#7053,#7054));
#1523=EDGE_LOOP('',(#7055,#7056,#7057,#7058,#7059,#7060,#7061,#7062));
#1524=EDGE_LOOP('',(#7063,#7064,#7065,#7066,#7067,#7068,#7069,#7070,#7071,
#7072,#7073,#7074,#7075,#7076,#7077,#7078,#7079,#7080,#7081,#7082,#7083,
#7084,#7085,#7086,#7087,#7088,#7089,#7090,#7091,#7092,#7093,#7094,#7095,
#7096,#7097,#7098,#7099,#7100,#7101,#7102,#7103,#7104,#7105,#7106,#7107,
#7108,#7109,#7110,#7111,#7112,#7113,#7114,#7115,#7116,#7117,#7118,#7119,
#7120,#7121,#7122,#7123,#7124,#7125,#7126,#7127,#7128,#7129,#7130,#7131,
#7132,#7133,#7134,#7135,#7136,#7137,#7138,#7139,#7140,#7141,#7142,#7143,
#7144,#7145,#7146,#7147,#7148,#7149,#7150,#7151,#7152,#7153,#7154,#7155,
#7156,#7157,#7158,#7159,#7160,#7161,#7162,#7163,#7164,#7165,#7166,#7167,
#7168));
#1525=EDGE_LOOP('',(#7169,#7170,#7171,#7172,#7173,#7174,#7175,#7176));
#1526=EDGE_LOOP('',(#7177,#7178,#7179,#7180,#7181,#7182,#7183,#7184));
#1527=EDGE_LOOP('',(#7185,#7186,#7187,#7188,#7189,#7190,#7191,#7192));
#1528=EDGE_LOOP('',(#7193,#7194,#7195,#7196,#7197,#7198,#7199,#7200));
#1529=EDGE_LOOP('',(#7201,#7202,#7203,#7204,#7205,#7206,#7207,#7208));
#1530=EDGE_LOOP('',(#7209));
#1531=EDGE_LOOP('',(#7210,#7211,#7212,#7213,#7214,#7215,#7216,#7217));
#1532=EDGE_LOOP('',(#7218,#7219,#7220,#7221,#7222,#7223,#7224,#7225));
#1533=EDGE_LOOP('',(#7226,#7227,#7228,#7229,#7230,#7231,#7232,#7233));
#1534=EDGE_LOOP('',(#7234,#7235,#7236,#7237,#7238,#7239,#7240,#7241));
#1535=EDGE_LOOP('',(#7242,#7243,#7244,#7245,#7246,#7247,#7248,#7249));
#1536=EDGE_LOOP('',(#7250,#7251,#7252,#7253,#7254,#7255,#7256,#7257));
#1537=EDGE_LOOP('',(#7258));
#1538=EDGE_LOOP('',(#7259,#7260,#7261,#7262,#7263,#7264,#7265,#7266));
#1539=EDGE_LOOP('',(#7267,#7268,#7269,#7270,#7271,#7272,#7273,#7274));
#1540=EDGE_LOOP('',(#7275));
#1541=EDGE_LOOP('',(#7276,#7277,#7278,#7279,#7280,#7281,#7282,#7283));
#1542=EDGE_LOOP('',(#7284,#7285,#7286,#7287,#7288,#7289,#7290,#7291));
#1543=EDGE_LOOP('',(#7292,#7293,#7294,#7295,#7296,#7297,#7298,#7299));
#1544=EDGE_LOOP('',(#7300,#7301,#7302,#7303,#7304,#7305,#7306,#7307));
#1545=EDGE_LOOP('',(#7308,#7309,#7310,#7311,#7312,#7313,#7314,#7315));
#1546=EDGE_LOOP('',(#7316));
#1547=EDGE_LOOP('',(#7317));
#1548=EDGE_LOOP('',(#7318,#7319,#7320,#7321,#7322,#7323,#7324,#7325));
#1549=EDGE_LOOP('',(#7326,#7327,#7328,#7329,#7330,#7331,#7332,#7333));
#1550=EDGE_LOOP('',(#7334,#7335,#7336,#7337,#7338,#7339,#7340,#7341));
#1551=EDGE_LOOP('',(#7342,#7343,#7344,#7345,#7346,#7347,#7348,#7349));
#1552=EDGE_LOOP('',(#7350,#7351,#7352,#7353,#7354,#7355,#7356,#7357));
#1553=EDGE_LOOP('',(#7358));
#1554=EDGE_LOOP('',(#7359,#7360,#7361,#7362,#7363,#7364,#7365,#7366));
#1555=EDGE_LOOP('',(#7367,#7368,#7369,#7370,#7371,#7372,#7373,#7374));
#1556=EDGE_LOOP('',(#7375,#7376,#7377,#7378,#7379,#7380,#7381,#7382));
#1557=EDGE_LOOP('',(#7383));
#1558=EDGE_LOOP('',(#7384,#7385,#7386,#7387,#7388,#7389,#7390,#7391));
#1559=EDGE_LOOP('',(#7392,#7393,#7394,#7395,#7396,#7397,#7398,#7399));
#1560=EDGE_LOOP('',(#7400,#7401,#7402,#7403,#7404,#7405,#7406,#7407));
#1561=EDGE_LOOP('',(#7408,#7409,#7410,#7411,#7412,#7413,#7414,#7415));
#1562=EDGE_LOOP('',(#7416,#7417,#7418,#7419,#7420,#7421,#7422,#7423));
#1563=EDGE_LOOP('',(#7424,#7425,#7426,#7427,#7428,#7429,#7430,#7431));
#1564=EDGE_LOOP('',(#7432,#7433,#7434,#7435,#7436,#7437,#7438,#7439));
#1565=EDGE_LOOP('',(#7440,#7441,#7442,#7443,#7444,#7445,#7446,#7447));
#1566=EDGE_LOOP('',(#7448,#7449,#7450,#7451,#7452,#7453,#7454,#7455));
#1567=LINE('',#11212,#2350);
#1568=LINE('',#11214,#2351);
#1569=LINE('',#11216,#2352);
#1570=LINE('',#11217,#2353);
#1571=LINE('',#11223,#2354);
#1572=LINE('',#11226,#2355);
#1573=LINE('',#11228,#2356);
#1574=LINE('',#11229,#2357);
#1575=LINE('',#11235,#2358);
#1576=LINE('',#11238,#2359);
#1577=LINE('',#11240,#2360);
#1578=LINE('',#11241,#2361);
#1579=LINE('',#11247,#2362);
#1580=LINE('',#11250,#2363);
#1581=LINE('',#11252,#2364);
#1582=LINE('',#11253,#2365);
#1583=LINE('',#11262,#2366);
#1584=LINE('',#11265,#2367);
#1585=LINE('',#11268,#2368);
#1586=LINE('',#11270,#2369);
#1587=LINE('',#11271,#2370);
#1588=LINE('',#11277,#2371);
#1589=LINE('',#11280,#2372);
#1590=LINE('',#11282,#2373);
#1591=LINE('',#11283,#2374);
#1592=LINE('',#11289,#2375);
#1593=LINE('',#11292,#2376);
#1594=LINE('',#11294,#2377);
#1595=LINE('',#11295,#2378);
#1596=LINE('',#11301,#2379);
#1597=LINE('',#11303,#2380);
#1598=LINE('',#11304,#2381);
#1599=LINE('',#11308,#2382);
#1600=LINE('',#11310,#2383);
#1601=LINE('',#11312,#2384);
#1602=LINE('',#11313,#2385);
#1603=LINE('',#11319,#2386);
#1604=LINE('',#11322,#2387);
#1605=LINE('',#11324,#2388);
#1606=LINE('',#11325,#2389);
#1607=LINE('',#11331,#2390);
#1608=LINE('',#11334,#2391);
#1609=LINE('',#11336,#2392);
#1610=LINE('',#11337,#2393);
#1611=LINE('',#11343,#2394);
#1612=LINE('',#11346,#2395);
#1613=LINE('',#11348,#2396);
#1614=LINE('',#11349,#2397);
#1615=LINE('',#11356,#2398);
#1616=LINE('',#11358,#2399);
#1617=LINE('',#11360,#2400);
#1618=LINE('',#11361,#2401);
#1619=LINE('',#11367,#2402);
#1620=LINE('',#11370,#2403);
#1621=LINE('',#11372,#2404);
#1622=LINE('',#11373,#2405);
#1623=LINE('',#11379,#2406);
#1624=LINE('',#11382,#2407);
#1625=LINE('',#11384,#2408);
#1626=LINE('',#11385,#2409);
#1627=LINE('',#11391,#2410);
#1628=LINE('',#11394,#2411);
#1629=LINE('',#11396,#2412);
#1630=LINE('',#11397,#2413);
#1631=LINE('',#11404,#2414);
#1632=LINE('',#11406,#2415);
#1633=LINE('',#11408,#2416);
#1634=LINE('',#11409,#2417);
#1635=LINE('',#11415,#2418);
#1636=LINE('',#11418,#2419);
#1637=LINE('',#11420,#2420);
#1638=LINE('',#11421,#2421);
#1639=LINE('',#11427,#2422);
#1640=LINE('',#11430,#2423);
#1641=LINE('',#11432,#2424);
#1642=LINE('',#11433,#2425);
#1643=LINE('',#11439,#2426);
#1644=LINE('',#11442,#2427);
#1645=LINE('',#11444,#2428);
#1646=LINE('',#11445,#2429);
#1647=LINE('',#11452,#2430);
#1648=LINE('',#11454,#2431);
#1649=LINE('',#11456,#2432);
#1650=LINE('',#11457,#2433);
#1651=LINE('',#11463,#2434);
#1652=LINE('',#11466,#2435);
#1653=LINE('',#11468,#2436);
#1654=LINE('',#11469,#2437);
#1655=LINE('',#11475,#2438);
#1656=LINE('',#11478,#2439);
#1657=LINE('',#11480,#2440);
#1658=LINE('',#11481,#2441);
#1659=LINE('',#11487,#2442);
#1660=LINE('',#11490,#2443);
#1661=LINE('',#11492,#2444);
#1662=LINE('',#11493,#2445);
#1663=LINE('',#11500,#2446);
#1664=LINE('',#11502,#2447);
#1665=LINE('',#11504,#2448);
#1666=LINE('',#11505,#2449);
#1667=LINE('',#11511,#2450);
#1668=LINE('',#11514,#2451);
#1669=LINE('',#11516,#2452);
#1670=LINE('',#11517,#2453);
#1671=LINE('',#11523,#2454);
#1672=LINE('',#11526,#2455);
#1673=LINE('',#11528,#2456);
#1674=LINE('',#11529,#2457);
#1675=LINE('',#11535,#2458);
#1676=LINE('',#11538,#2459);
#1677=LINE('',#11540,#2460);
#1678=LINE('',#11541,#2461);
#1679=LINE('',#11548,#2462);
#1680=LINE('',#11550,#2463);
#1681=LINE('',#11552,#2464);
#1682=LINE('',#11553,#2465);
#1683=LINE('',#11559,#2466);
#1684=LINE('',#11562,#2467);
#1685=LINE('',#11564,#2468);
#1686=LINE('',#11565,#2469);
#1687=LINE('',#11571,#2470);
#1688=LINE('',#11574,#2471);
#1689=LINE('',#11576,#2472);
#1690=LINE('',#11577,#2473);
#1691=LINE('',#11583,#2474);
#1692=LINE('',#11586,#2475);
#1693=LINE('',#11588,#2476);
#1694=LINE('',#11589,#2477);
#1695=LINE('',#11596,#2478);
#1696=LINE('',#11598,#2479);
#1697=LINE('',#11600,#2480);
#1698=LINE('',#11601,#2481);
#1699=LINE('',#11607,#2482);
#1700=LINE('',#11610,#2483);
#1701=LINE('',#11612,#2484);
#1702=LINE('',#11613,#2485);
#1703=LINE('',#11619,#2486);
#1704=LINE('',#11622,#2487);
#1705=LINE('',#11624,#2488);
#1706=LINE('',#11625,#2489);
#1707=LINE('',#11631,#2490);
#1708=LINE('',#11634,#2491);
#1709=LINE('',#11636,#2492);
#1710=LINE('',#11637,#2493);
#1711=LINE('',#11645,#2494);
#1712=LINE('',#11650,#2495);
#1713=LINE('',#11652,#2496);
#1714=LINE('',#11654,#2497);
#1715=LINE('',#11655,#2498);
#1716=LINE('',#11661,#2499);
#1717=LINE('',#11664,#2500);
#1718=LINE('',#11666,#2501);
#1719=LINE('',#11667,#2502);
#1720=LINE('',#11673,#2503);
#1721=LINE('',#11676,#2504);
#1722=LINE('',#11678,#2505);
#1723=LINE('',#11679,#2506);
#1724=LINE('',#11685,#2507);
#1725=LINE('',#11688,#2508);
#1726=LINE('',#11690,#2509);
#1727=LINE('',#11691,#2510);
#1728=LINE('',#11698,#2511);
#1729=LINE('',#11700,#2512);
#1730=LINE('',#11702,#2513);
#1731=LINE('',#11703,#2514);
#1732=LINE('',#11709,#2515);
#1733=LINE('',#11712,#2516);
#1734=LINE('',#11714,#2517);
#1735=LINE('',#11715,#2518);
#1736=LINE('',#11721,#2519);
#1737=LINE('',#11724,#2520);
#1738=LINE('',#11726,#2521);
#1739=LINE('',#11727,#2522);
#1740=LINE('',#11733,#2523);
#1741=LINE('',#11736,#2524);
#1742=LINE('',#11738,#2525);
#1743=LINE('',#11739,#2526);
#1744=LINE('',#11746,#2527);
#1745=LINE('',#11748,#2528);
#1746=LINE('',#11750,#2529);
#1747=LINE('',#11751,#2530);
#1748=LINE('',#11757,#2531);
#1749=LINE('',#11760,#2532);
#1750=LINE('',#11762,#2533);
#1751=LINE('',#11763,#2534);
#1752=LINE('',#11769,#2535);
#1753=LINE('',#11772,#2536);
#1754=LINE('',#11774,#2537);
#1755=LINE('',#11775,#2538);
#1756=LINE('',#11781,#2539);
#1757=LINE('',#11784,#2540);
#1758=LINE('',#11786,#2541);
#1759=LINE('',#11787,#2542);
#1760=LINE('',#11795,#2543);
#1761=LINE('',#11800,#2544);
#1762=LINE('',#11802,#2545);
#1763=LINE('',#11804,#2546);
#1764=LINE('',#11805,#2547);
#1765=LINE('',#11811,#2548);
#1766=LINE('',#11814,#2549);
#1767=LINE('',#11816,#2550);
#1768=LINE('',#11817,#2551);
#1769=LINE('',#11823,#2552);
#1770=LINE('',#11826,#2553);
#1771=LINE('',#11828,#2554);
#1772=LINE('',#11829,#2555);
#1773=LINE('',#11835,#2556);
#1774=LINE('',#11838,#2557);
#1775=LINE('',#11840,#2558);
#1776=LINE('',#11841,#2559);
#1777=LINE('',#11848,#2560);
#1778=LINE('',#11850,#2561);
#1779=LINE('',#11852,#2562);
#1780=LINE('',#11853,#2563);
#1781=LINE('',#11859,#2564);
#1782=LINE('',#11862,#2565);
#1783=LINE('',#11864,#2566);
#1784=LINE('',#11865,#2567);
#1785=LINE('',#11871,#2568);
#1786=LINE('',#11874,#2569);
#1787=LINE('',#11876,#2570);
#1788=LINE('',#11877,#2571);
#1789=LINE('',#11883,#2572);
#1790=LINE('',#11886,#2573);
#1791=LINE('',#11888,#2574);
#1792=LINE('',#11889,#2575);
#1793=LINE('',#11896,#2576);
#1794=LINE('',#11898,#2577);
#1795=LINE('',#11900,#2578);
#1796=LINE('',#11901,#2579);
#1797=LINE('',#11907,#2580);
#1798=LINE('',#11910,#2581);
#1799=LINE('',#11912,#2582);
#1800=LINE('',#11913,#2583);
#1801=LINE('',#11919,#2584);
#1802=LINE('',#11922,#2585);
#1803=LINE('',#11924,#2586);
#1804=LINE('',#11925,#2587);
#1805=LINE('',#11931,#2588);
#1806=LINE('',#11934,#2589);
#1807=LINE('',#11936,#2590);
#1808=LINE('',#11937,#2591);
#1809=LINE('',#11944,#2592);
#1810=LINE('',#11946,#2593);
#1811=LINE('',#11948,#2594);
#1812=LINE('',#11949,#2595);
#1813=LINE('',#11955,#2596);
#1814=LINE('',#11958,#2597);
#1815=LINE('',#11960,#2598);
#1816=LINE('',#11961,#2599);
#1817=LINE('',#11967,#2600);
#1818=LINE('',#11970,#2601);
#1819=LINE('',#11972,#2602);
#1820=LINE('',#11973,#2603);
#1821=LINE('',#11979,#2604);
#1822=LINE('',#11982,#2605);
#1823=LINE('',#11984,#2606);
#1824=LINE('',#11985,#2607);
#1825=LINE('',#11992,#2608);
#1826=LINE('',#11994,#2609);
#1827=LINE('',#11996,#2610);
#1828=LINE('',#11997,#2611);
#1829=LINE('',#12003,#2612);
#1830=LINE('',#12006,#2613);
#1831=LINE('',#12008,#2614);
#1832=LINE('',#12009,#2615);
#1833=LINE('',#12015,#2616);
#1834=LINE('',#12018,#2617);
#1835=LINE('',#12020,#2618);
#1836=LINE('',#12021,#2619);
#1837=LINE('',#12027,#2620);
#1838=LINE('',#12030,#2621);
#1839=LINE('',#12032,#2622);
#1840=LINE('',#12033,#2623);
#1841=LINE('',#12041,#2624);
#1842=LINE('',#12047,#2625);
#1843=LINE('',#12052,#2626);
#1844=LINE('',#12054,#2627);
#1845=LINE('',#12056,#2628);
#1846=LINE('',#12057,#2629);
#1847=LINE('',#12063,#2630);
#1848=LINE('',#12066,#2631);
#1849=LINE('',#12068,#2632);
#1850=LINE('',#12069,#2633);
#1851=LINE('',#12075,#2634);
#1852=LINE('',#12078,#2635);
#1853=LINE('',#12080,#2636);
#1854=LINE('',#12081,#2637);
#1855=LINE('',#12087,#2638);
#1856=LINE('',#12090,#2639);
#1857=LINE('',#12092,#2640);
#1858=LINE('',#12093,#2641);
#1859=LINE('',#12100,#2642);
#1860=LINE('',#12102,#2643);
#1861=LINE('',#12104,#2644);
#1862=LINE('',#12105,#2645);
#1863=LINE('',#12111,#2646);
#1864=LINE('',#12114,#2647);
#1865=LINE('',#12116,#2648);
#1866=LINE('',#12117,#2649);
#1867=LINE('',#12123,#2650);
#1868=LINE('',#12126,#2651);
#1869=LINE('',#12128,#2652);
#1870=LINE('',#12129,#2653);
#1871=LINE('',#12135,#2654);
#1872=LINE('',#12138,#2655);
#1873=LINE('',#12140,#2656);
#1874=LINE('',#12141,#2657);
#1875=LINE('',#12148,#2658);
#1876=LINE('',#12150,#2659);
#1877=LINE('',#12152,#2660);
#1878=LINE('',#12153,#2661);
#1879=LINE('',#12159,#2662);
#1880=LINE('',#12162,#2663);
#1881=LINE('',#12164,#2664);
#1882=LINE('',#12165,#2665);
#1883=LINE('',#12171,#2666);
#1884=LINE('',#12174,#2667);
#1885=LINE('',#12176,#2668);
#1886=LINE('',#12177,#2669);
#1887=LINE('',#12183,#2670);
#1888=LINE('',#12186,#2671);
#1889=LINE('',#12188,#2672);
#1890=LINE('',#12189,#2673);
#1891=LINE('',#12196,#2674);
#1892=LINE('',#12198,#2675);
#1893=LINE('',#12200,#2676);
#1894=LINE('',#12201,#2677);
#1895=LINE('',#12207,#2678);
#1896=LINE('',#12210,#2679);
#1897=LINE('',#12212,#2680);
#1898=LINE('',#12213,#2681);
#1899=LINE('',#12219,#2682);
#1900=LINE('',#12222,#2683);
#1901=LINE('',#12224,#2684);
#1902=LINE('',#12225,#2685);
#1903=LINE('',#12231,#2686);
#1904=LINE('',#12234,#2687);
#1905=LINE('',#12236,#2688);
#1906=LINE('',#12237,#2689);
#1907=LINE('',#12244,#2690);
#1908=LINE('',#12246,#2691);
#1909=LINE('',#12248,#2692);
#1910=LINE('',#12249,#2693);
#1911=LINE('',#12255,#2694);
#1912=LINE('',#12258,#2695);
#1913=LINE('',#12260,#2696);
#1914=LINE('',#12261,#2697);
#1915=LINE('',#12267,#2698);
#1916=LINE('',#12270,#2699);
#1917=LINE('',#12272,#2700);
#1918=LINE('',#12273,#2701);
#1919=LINE('',#12279,#2702);
#1920=LINE('',#12282,#2703);
#1921=LINE('',#12284,#2704);
#1922=LINE('',#12285,#2705);
#1923=LINE('',#12293,#2706);
#1924=LINE('',#12298,#2707);
#1925=LINE('',#12300,#2708);
#1926=LINE('',#12302,#2709);
#1927=LINE('',#12303,#2710);
#1928=LINE('',#12309,#2711);
#1929=LINE('',#12312,#2712);
#1930=LINE('',#12314,#2713);
#1931=LINE('',#12315,#2714);
#1932=LINE('',#12321,#2715);
#1933=LINE('',#12324,#2716);
#1934=LINE('',#12326,#2717);
#1935=LINE('',#12327,#2718);
#1936=LINE('',#12333,#2719);
#1937=LINE('',#12336,#2720);
#1938=LINE('',#12338,#2721);
#1939=LINE('',#12339,#2722);
#1940=LINE('',#12346,#2723);
#1941=LINE('',#12348,#2724);
#1942=LINE('',#12350,#2725);
#1943=LINE('',#12351,#2726);
#1944=LINE('',#12357,#2727);
#1945=LINE('',#12360,#2728);
#1946=LINE('',#12362,#2729);
#1947=LINE('',#12363,#2730);
#1948=LINE('',#12369,#2731);
#1949=LINE('',#12372,#2732);
#1950=LINE('',#12374,#2733);
#1951=LINE('',#12375,#2734);
#1952=LINE('',#12381,#2735);
#1953=LINE('',#12384,#2736);
#1954=LINE('',#12386,#2737);
#1955=LINE('',#12387,#2738);
#1956=LINE('',#12395,#2739);
#1957=LINE('',#12400,#2740);
#1958=LINE('',#12402,#2741);
#1959=LINE('',#12404,#2742);
#1960=LINE('',#12405,#2743);
#1961=LINE('',#12411,#2744);
#1962=LINE('',#12414,#2745);
#1963=LINE('',#12416,#2746);
#1964=LINE('',#12417,#2747);
#1965=LINE('',#12423,#2748);
#1966=LINE('',#12426,#2749);
#1967=LINE('',#12428,#2750);
#1968=LINE('',#12429,#2751);
#1969=LINE('',#12435,#2752);
#1970=LINE('',#12438,#2753);
#1971=LINE('',#12440,#2754);
#1972=LINE('',#12441,#2755);
#1973=LINE('',#12448,#2756);
#1974=LINE('',#12450,#2757);
#1975=LINE('',#12452,#2758);
#1976=LINE('',#12453,#2759);
#1977=LINE('',#12459,#2760);
#1978=LINE('',#12462,#2761);
#1979=LINE('',#12464,#2762);
#1980=LINE('',#12465,#2763);
#1981=LINE('',#12471,#2764);
#1982=LINE('',#12474,#2765);
#1983=LINE('',#12476,#2766);
#1984=LINE('',#12477,#2767);
#1985=LINE('',#12483,#2768);
#1986=LINE('',#12486,#2769);
#1987=LINE('',#12488,#2770);
#1988=LINE('',#12489,#2771);
#1989=LINE('',#12496,#2772);
#1990=LINE('',#12498,#2773);
#1991=LINE('',#12500,#2774);
#1992=LINE('',#12501,#2775);
#1993=LINE('',#12507,#2776);
#1994=LINE('',#12510,#2777);
#1995=LINE('',#12512,#2778);
#1996=LINE('',#12513,#2779);
#1997=LINE('',#12519,#2780);
#1998=LINE('',#12522,#2781);
#1999=LINE('',#12524,#2782);
#2000=LINE('',#12525,#2783);
#2001=LINE('',#12531,#2784);
#2002=LINE('',#12534,#2785);
#2003=LINE('',#12536,#2786);
#2004=LINE('',#12537,#2787);
#2005=LINE('',#12544,#2788);
#2006=LINE('',#12546,#2789);
#2007=LINE('',#12548,#2790);
#2008=LINE('',#12549,#2791);
#2009=LINE('',#12555,#2792);
#2010=LINE('',#12558,#2793);
#2011=LINE('',#12560,#2794);
#2012=LINE('',#12561,#2795);
#2013=LINE('',#12567,#2796);
#2014=LINE('',#12570,#2797);
#2015=LINE('',#12572,#2798);
#2016=LINE('',#12573,#2799);
#2017=LINE('',#12579,#2800);
#2018=LINE('',#12582,#2801);
#2019=LINE('',#12584,#2802);
#2020=LINE('',#12585,#2803);
#2021=LINE('',#12592,#2804);
#2022=LINE('',#12594,#2805);
#2023=LINE('',#12596,#2806);
#2024=LINE('',#12597,#2807);
#2025=LINE('',#12603,#2808);
#2026=LINE('',#12606,#2809);
#2027=LINE('',#12608,#2810);
#2028=LINE('',#12609,#2811);
#2029=LINE('',#12615,#2812);
#2030=LINE('',#12618,#2813);
#2031=LINE('',#12620,#2814);
#2032=LINE('',#12621,#2815);
#2033=LINE('',#12627,#2816);
#2034=LINE('',#12630,#2817);
#2035=LINE('',#12632,#2818);
#2036=LINE('',#12633,#2819);
#2037=LINE('',#12640,#2820);
#2038=LINE('',#12642,#2821);
#2039=LINE('',#12644,#2822);
#2040=LINE('',#12645,#2823);
#2041=LINE('',#12651,#2824);
#2042=LINE('',#12654,#2825);
#2043=LINE('',#12656,#2826);
#2044=LINE('',#12657,#2827);
#2045=LINE('',#12663,#2828);
#2046=LINE('',#12666,#2829);
#2047=LINE('',#12668,#2830);
#2048=LINE('',#12669,#2831);
#2049=LINE('',#12675,#2832);
#2050=LINE('',#12678,#2833);
#2051=LINE('',#12680,#2834);
#2052=LINE('',#12681,#2835);
#2053=LINE('',#12689,#2836);
#2054=LINE('',#12694,#2837);
#2055=LINE('',#12696,#2838);
#2056=LINE('',#12698,#2839);
#2057=LINE('',#12699,#2840);
#2058=LINE('',#12705,#2841);
#2059=LINE('',#12708,#2842);
#2060=LINE('',#12710,#2843);
#2061=LINE('',#12711,#2844);
#2062=LINE('',#12717,#2845);
#2063=LINE('',#12720,#2846);
#2064=LINE('',#12722,#2847);
#2065=LINE('',#12723,#2848);
#2066=LINE('',#12729,#2849);
#2067=LINE('',#12732,#2850);
#2068=LINE('',#12734,#2851);
#2069=LINE('',#12735,#2852);
#2070=LINE('',#12742,#2853);
#2071=LINE('',#12744,#2854);
#2072=LINE('',#12746,#2855);
#2073=LINE('',#12747,#2856);
#2074=LINE('',#12753,#2857);
#2075=LINE('',#12756,#2858);
#2076=LINE('',#12758,#2859);
#2077=LINE('',#12759,#2860);
#2078=LINE('',#12765,#2861);
#2079=LINE('',#12768,#2862);
#2080=LINE('',#12770,#2863);
#2081=LINE('',#12771,#2864);
#2082=LINE('',#12777,#2865);
#2083=LINE('',#12780,#2866);
#2084=LINE('',#12782,#2867);
#2085=LINE('',#12783,#2868);
#2086=LINE('',#12790,#2869);
#2087=LINE('',#12792,#2870);
#2088=LINE('',#12794,#2871);
#2089=LINE('',#12795,#2872);
#2090=LINE('',#12801,#2873);
#2091=LINE('',#12804,#2874);
#2092=LINE('',#12806,#2875);
#2093=LINE('',#12807,#2876);
#2094=LINE('',#12813,#2877);
#2095=LINE('',#12816,#2878);
#2096=LINE('',#12818,#2879);
#2097=LINE('',#12819,#2880);
#2098=LINE('',#12825,#2881);
#2099=LINE('',#12828,#2882);
#2100=LINE('',#12830,#2883);
#2101=LINE('',#12831,#2884);
#2102=LINE('',#12838,#2885);
#2103=LINE('',#12840,#2886);
#2104=LINE('',#12842,#2887);
#2105=LINE('',#12843,#2888);
#2106=LINE('',#12849,#2889);
#2107=LINE('',#12852,#2890);
#2108=LINE('',#12854,#2891);
#2109=LINE('',#12855,#2892);
#2110=LINE('',#12861,#2893);
#2111=LINE('',#12864,#2894);
#2112=LINE('',#12866,#2895);
#2113=LINE('',#12867,#2896);
#2114=LINE('',#12873,#2897);
#2115=LINE('',#12876,#2898);
#2116=LINE('',#12878,#2899);
#2117=LINE('',#12879,#2900);
#2118=LINE('',#12886,#2901);
#2119=LINE('',#12888,#2902);
#2120=LINE('',#12890,#2903);
#2121=LINE('',#12891,#2904);
#2122=LINE('',#12897,#2905);
#2123=LINE('',#12900,#2906);
#2124=LINE('',#12902,#2907);
#2125=LINE('',#12903,#2908);
#2126=LINE('',#12909,#2909);
#2127=LINE('',#12912,#2910);
#2128=LINE('',#12914,#2911);
#2129=LINE('',#12915,#2912);
#2130=LINE('',#12921,#2913);
#2131=LINE('',#12924,#2914);
#2132=LINE('',#12926,#2915);
#2133=LINE('',#12927,#2916);
#2134=LINE('',#12936,#2917);
#2135=LINE('',#12939,#2918);
#2136=LINE('',#12942,#2919);
#2137=LINE('',#12944,#2920);
#2138=LINE('',#12945,#2921);
#2139=LINE('',#12951,#2922);
#2140=LINE('',#12954,#2923);
#2141=LINE('',#12956,#2924);
#2142=LINE('',#12957,#2925);
#2143=LINE('',#12963,#2926);
#2144=LINE('',#12966,#2927);
#2145=LINE('',#12968,#2928);
#2146=LINE('',#12969,#2929);
#2147=LINE('',#12975,#2930);
#2148=LINE('',#12978,#2931);
#2149=LINE('',#12980,#2932);
#2150=LINE('',#12981,#2933);
#2151=LINE('',#12987,#2934);
#2152=LINE('',#12990,#2935);
#2153=LINE('',#12992,#2936);
#2154=LINE('',#12993,#2937);
#2155=LINE('',#12999,#2938);
#2156=LINE('',#13002,#2939);
#2157=LINE('',#13004,#2940);
#2158=LINE('',#13005,#2941);
#2159=LINE('',#13011,#2942);
#2160=LINE('',#13014,#2943);
#2161=LINE('',#13016,#2944);
#2162=LINE('',#13017,#2945);
#2163=LINE('',#13023,#2946);
#2164=LINE('',#13026,#2947);
#2165=LINE('',#13028,#2948);
#2166=LINE('',#13029,#2949);
#2167=LINE('',#13035,#2950);
#2168=LINE('',#13038,#2951);
#2169=LINE('',#13040,#2952);
#2170=LINE('',#13041,#2953);
#2171=LINE('',#13047,#2954);
#2172=LINE('',#13050,#2955);
#2173=LINE('',#13052,#2956);
#2174=LINE('',#13053,#2957);
#2175=LINE('',#13059,#2958);
#2176=LINE('',#13062,#2959);
#2177=LINE('',#13064,#2960);
#2178=LINE('',#13065,#2961);
#2179=LINE('',#13071,#2962);
#2180=LINE('',#13074,#2963);
#2181=LINE('',#13076,#2964);
#2182=LINE('',#13077,#2965);
#2183=LINE('',#13083,#2966);
#2184=LINE('',#13086,#2967);
#2185=LINE('',#13088,#2968);
#2186=LINE('',#13089,#2969);
#2187=LINE('',#13095,#2970);
#2188=LINE('',#13098,#2971);
#2189=LINE('',#13100,#2972);
#2190=LINE('',#13101,#2973);
#2191=LINE('',#13107,#2974);
#2192=LINE('',#13110,#2975);
#2193=LINE('',#13112,#2976);
#2194=LINE('',#13113,#2977);
#2195=LINE('',#13116,#2978);
#2196=LINE('',#13118,#2979);
#2197=LINE('',#13119,#2980);
#2198=LINE('',#13122,#2981);
#2199=LINE('',#13124,#2982);
#2200=LINE('',#13125,#2983);
#2201=LINE('',#13131,#2984);
#2202=LINE('',#13134,#2985);
#2203=LINE('',#13136,#2986);
#2204=LINE('',#13137,#2987);
#2205=LINE('',#13143,#2988);
#2206=LINE('',#13146,#2989);
#2207=LINE('',#13148,#2990);
#2208=LINE('',#13149,#2991);
#2209=LINE('',#13155,#2992);
#2210=LINE('',#13158,#2993);
#2211=LINE('',#13160,#2994);
#2212=LINE('',#13161,#2995);
#2213=LINE('',#13167,#2996);
#2214=LINE('',#13170,#2997);
#2215=LINE('',#13172,#2998);
#2216=LINE('',#13173,#2999);
#2217=LINE('',#13179,#3000);
#2218=LINE('',#13182,#3001);
#2219=LINE('',#13184,#3002);
#2220=LINE('',#13185,#3003);
#2221=LINE('',#13191,#3004);
#2222=LINE('',#13194,#3005);
#2223=LINE('',#13196,#3006);
#2224=LINE('',#13197,#3007);
#2225=LINE('',#13203,#3008);
#2226=LINE('',#13206,#3009);
#2227=LINE('',#13208,#3010);
#2228=LINE('',#13209,#3011);
#2229=LINE('',#13215,#3012);
#2230=LINE('',#13218,#3013);
#2231=LINE('',#13220,#3014);
#2232=LINE('',#13221,#3015);
#2233=LINE('',#13227,#3016);
#2234=LINE('',#13230,#3017);
#2235=LINE('',#13232,#3018);
#2236=LINE('',#13233,#3019);
#2237=LINE('',#13239,#3020);
#2238=LINE('',#13242,#3021);
#2239=LINE('',#13244,#3022);
#2240=LINE('',#13245,#3023);
#2241=LINE('',#13251,#3024);
#2242=LINE('',#13254,#3025);
#2243=LINE('',#13256,#3026);
#2244=LINE('',#13257,#3027);
#2245=LINE('',#13263,#3028);
#2246=LINE('',#13266,#3029);
#2247=LINE('',#13268,#3030);
#2248=LINE('',#13269,#3031);
#2249=LINE('',#13275,#3032);
#2250=LINE('',#13278,#3033);
#2251=LINE('',#13280,#3034);
#2252=LINE('',#13281,#3035);
#2253=LINE('',#13287,#3036);
#2254=LINE('',#13290,#3037);
#2255=LINE('',#13292,#3038);
#2256=LINE('',#13293,#3039);
#2257=LINE('',#13299,#3040);
#2258=LINE('',#13302,#3041);
#2259=LINE('',#13304,#3042);
#2260=LINE('',#13305,#3043);
#2261=LINE('',#13311,#3044);
#2262=LINE('',#13314,#3045);
#2263=LINE('',#13316,#3046);
#2264=LINE('',#13317,#3047);
#2265=LINE('',#13323,#3048);
#2266=LINE('',#13326,#3049);
#2267=LINE('',#13328,#3050);
#2268=LINE('',#13329,#3051);
#2269=LINE('',#13335,#3052);
#2270=LINE('',#13338,#3053);
#2271=LINE('',#13340,#3054);
#2272=LINE('',#13341,#3055);
#2273=LINE('',#13347,#3056);
#2274=LINE('',#13350,#3057);
#2275=LINE('',#13352,#3058);
#2276=LINE('',#13353,#3059);
#2277=LINE('',#13359,#3060);
#2278=LINE('',#13362,#3061);
#2279=LINE('',#13364,#3062);
#2280=LINE('',#13365,#3063);
#2281=LINE('',#13371,#3064);
#2282=LINE('',#13374,#3065);
#2283=LINE('',#13376,#3066);
#2284=LINE('',#13377,#3067);
#2285=LINE('',#13383,#3068);
#2286=LINE('',#13386,#3069);
#2287=LINE('',#13388,#3070);
#2288=LINE('',#13389,#3071);
#2289=LINE('',#13395,#3072);
#2290=LINE('',#13398,#3073);
#2291=LINE('',#13400,#3074);
#2292=LINE('',#13401,#3075);
#2293=LINE('',#13407,#3076);
#2294=LINE('',#13410,#3077);
#2295=LINE('',#13412,#3078);
#2296=LINE('',#13413,#3079);
#2297=LINE('',#13419,#3080);
#2298=LINE('',#13422,#3081);
#2299=LINE('',#13424,#3082);
#2300=LINE('',#13425,#3083);
#2301=LINE('',#13431,#3084);
#2302=LINE('',#13434,#3085);
#2303=LINE('',#13436,#3086);
#2304=LINE('',#13437,#3087);
#2305=LINE('',#13443,#3088);
#2306=LINE('',#13446,#3089);
#2307=LINE('',#13448,#3090);
#2308=LINE('',#13449,#3091);
#2309=LINE('',#13455,#3092);
#2310=LINE('',#13458,#3093);
#2311=LINE('',#13460,#3094);
#2312=LINE('',#13461,#3095);
#2313=LINE('',#13467,#3096);
#2314=LINE('',#13470,#3097);
#2315=LINE('',#13472,#3098);
#2316=LINE('',#13473,#3099);
#2317=LINE('',#13479,#3100);
#2318=LINE('',#13482,#3101);
#2319=LINE('',#13484,#3102);
#2320=LINE('',#13485,#3103);
#2321=LINE('',#13491,#3104);
#2322=LINE('',#13494,#3105);
#2323=LINE('',#13496,#3106);
#2324=LINE('',#13497,#3107);
#2325=LINE('',#13503,#3108);
#2326=LINE('',#13506,#3109);
#2327=LINE('',#13508,#3110);
#2328=LINE('',#13509,#3111);
#2329=LINE('',#13515,#3112);
#2330=LINE('',#13518,#3113);
#2331=LINE('',#13520,#3114);
#2332=LINE('',#13521,#3115);
#2333=LINE('',#13527,#3116);
#2334=LINE('',#13530,#3117);
#2335=LINE('',#13532,#3118);
#2336=LINE('',#13533,#3119);
#2337=LINE('',#13539,#3120);
#2338=LINE('',#13542,#3121);
#2339=LINE('',#13544,#3122);
#2340=LINE('',#13545,#3123);
#2341=LINE('',#13551,#3124);
#2342=LINE('',#13554,#3125);
#2343=LINE('',#13556,#3126);
#2344=LINE('',#13557,#3127);
#2345=LINE('',#13560,#3128);
#2346=LINE('',#13562,#3129);
#2347=LINE('',#13563,#3130);
#2348=LINE('',#13565,#3131);
#2349=LINE('',#13566,#3132);
#2350=VECTOR('',#8845,10.);
#2351=VECTOR('',#8846,10.);
#2352=VECTOR('',#8847,10.);
#2353=VECTOR('',#8848,10.);
#2354=VECTOR('',#8855,10.);
#2355=VECTOR('',#8858,10.);
#2356=VECTOR('',#8859,10.);
#2357=VECTOR('',#8860,10.);
#2358=VECTOR('',#8867,10.);
#2359=VECTOR('',#8870,10.);
#2360=VECTOR('',#8871,10.);
#2361=VECTOR('',#8872,10.);
#2362=VECTOR('',#8879,10.);
#2363=VECTOR('',#8882,10.);
#2364=VECTOR('',#8883,10.);
#2365=VECTOR('',#8884,10.);
#2366=VECTOR('',#8895,10.);
#2367=VECTOR('',#8898,10.);
#2368=VECTOR('',#8901,10.);
#2369=VECTOR('',#8902,10.);
#2370=VECTOR('',#8903,10.);
#2371=VECTOR('',#8910,10.);
#2372=VECTOR('',#8913,10.);
#2373=VECTOR('',#8914,10.);
#2374=VECTOR('',#8915,10.);
#2375=VECTOR('',#8922,10.);
#2376=VECTOR('',#8925,10.);
#2377=VECTOR('',#8926,10.);
#2378=VECTOR('',#8927,10.);
#2379=VECTOR('',#8934,10.);
#2380=VECTOR('',#8937,10.);
#2381=VECTOR('',#8938,10.);
#2382=VECTOR('',#8941,10.);
#2383=VECTOR('',#8942,10.);
#2384=VECTOR('',#8943,10.);
#2385=VECTOR('',#8944,10.);
#2386=VECTOR('',#8951,10.);
#2387=VECTOR('',#8954,10.);
#2388=VECTOR('',#8955,10.);
#2389=VECTOR('',#8956,10.);
#2390=VECTOR('',#8963,10.);
#2391=VECTOR('',#8966,10.);
#2392=VECTOR('',#8967,10.);
#2393=VECTOR('',#8968,10.);
#2394=VECTOR('',#8975,10.);
#2395=VECTOR('',#8978,10.);
#2396=VECTOR('',#8979,10.);
#2397=VECTOR('',#8980,10.);
#2398=VECTOR('',#8989,10.);
#2399=VECTOR('',#8990,10.);
#2400=VECTOR('',#8991,10.);
#2401=VECTOR('',#8992,10.);
#2402=VECTOR('',#8999,10.);
#2403=VECTOR('',#9002,10.);
#2404=VECTOR('',#9003,10.);
#2405=VECTOR('',#9004,10.);
#2406=VECTOR('',#9011,10.);
#2407=VECTOR('',#9014,10.);
#2408=VECTOR('',#9015,10.);
#2409=VECTOR('',#9016,10.);
#2410=VECTOR('',#9023,10.);
#2411=VECTOR('',#9026,10.);
#2412=VECTOR('',#9027,10.);
#2413=VECTOR('',#9028,10.);
#2414=VECTOR('',#9037,10.);
#2415=VECTOR('',#9038,10.);
#2416=VECTOR('',#9039,10.);
#2417=VECTOR('',#9040,10.);
#2418=VECTOR('',#9047,10.);
#2419=VECTOR('',#9050,10.);
#2420=VECTOR('',#9051,10.);
#2421=VECTOR('',#9052,10.);
#2422=VECTOR('',#9059,10.);
#2423=VECTOR('',#9062,10.);
#2424=VECTOR('',#9063,10.);
#2425=VECTOR('',#9064,10.);
#2426=VECTOR('',#9071,10.);
#2427=VECTOR('',#9074,10.);
#2428=VECTOR('',#9075,10.);
#2429=VECTOR('',#9076,10.);
#2430=VECTOR('',#9085,10.);
#2431=VECTOR('',#9086,10.);
#2432=VECTOR('',#9087,10.);
#2433=VECTOR('',#9088,10.);
#2434=VECTOR('',#9095,10.);
#2435=VECTOR('',#9098,10.);
#2436=VECTOR('',#9099,10.);
#2437=VECTOR('',#9100,10.);
#2438=VECTOR('',#9107,10.);
#2439=VECTOR('',#9110,10.);
#2440=VECTOR('',#9111,10.);
#2441=VECTOR('',#9112,10.);
#2442=VECTOR('',#9119,10.);
#2443=VECTOR('',#9122,10.);
#2444=VECTOR('',#9123,10.);
#2445=VECTOR('',#9124,10.);
#2446=VECTOR('',#9133,10.);
#2447=VECTOR('',#9134,10.);
#2448=VECTOR('',#9135,10.);
#2449=VECTOR('',#9136,10.);
#2450=VECTOR('',#9143,10.);
#2451=VECTOR('',#9146,10.);
#2452=VECTOR('',#9147,10.);
#2453=VECTOR('',#9148,10.);
#2454=VECTOR('',#9155,10.);
#2455=VECTOR('',#9158,10.);
#2456=VECTOR('',#9159,10.);
#2457=VECTOR('',#9160,10.);
#2458=VECTOR('',#9167,10.);
#2459=VECTOR('',#9170,10.);
#2460=VECTOR('',#9171,10.);
#2461=VECTOR('',#9172,10.);
#2462=VECTOR('',#9181,10.);
#2463=VECTOR('',#9182,10.);
#2464=VECTOR('',#9183,10.);
#2465=VECTOR('',#9184,10.);
#2466=VECTOR('',#9191,10.);
#2467=VECTOR('',#9194,10.);
#2468=VECTOR('',#9195,10.);
#2469=VECTOR('',#9196,10.);
#2470=VECTOR('',#9203,10.);
#2471=VECTOR('',#9206,10.);
#2472=VECTOR('',#9207,10.);
#2473=VECTOR('',#9208,10.);
#2474=VECTOR('',#9215,10.);
#2475=VECTOR('',#9218,10.);
#2476=VECTOR('',#9219,10.);
#2477=VECTOR('',#9220,10.);
#2478=VECTOR('',#9229,10.);
#2479=VECTOR('',#9230,10.);
#2480=VECTOR('',#9231,10.);
#2481=VECTOR('',#9232,10.);
#2482=VECTOR('',#9239,10.);
#2483=VECTOR('',#9242,10.);
#2484=VECTOR('',#9243,10.);
#2485=VECTOR('',#9244,10.);
#2486=VECTOR('',#9251,10.);
#2487=VECTOR('',#9254,10.);
#2488=VECTOR('',#9255,10.);
#2489=VECTOR('',#9256,10.);
#2490=VECTOR('',#9263,10.);
#2491=VECTOR('',#9266,10.);
#2492=VECTOR('',#9267,10.);
#2493=VECTOR('',#9268,10.);
#2494=VECTOR('',#9279,2.);
#2495=VECTOR('',#9284,10.);
#2496=VECTOR('',#9285,10.);
#2497=VECTOR('',#9286,10.);
#2498=VECTOR('',#9287,10.);
#2499=VECTOR('',#9294,10.);
#2500=VECTOR('',#9297,10.);
#2501=VECTOR('',#9298,10.);
#2502=VECTOR('',#9299,10.);
#2503=VECTOR('',#9306,10.);
#2504=VECTOR('',#9309,10.);
#2505=VECTOR('',#9310,10.);
#2506=VECTOR('',#9311,10.);
#2507=VECTOR('',#9318,10.);
#2508=VECTOR('',#9321,10.);
#2509=VECTOR('',#9322,10.);
#2510=VECTOR('',#9323,10.);
#2511=VECTOR('',#9332,10.);
#2512=VECTOR('',#9333,10.);
#2513=VECTOR('',#9334,10.);
#2514=VECTOR('',#9335,10.);
#2515=VECTOR('',#9342,10.);
#2516=VECTOR('',#9345,10.);
#2517=VECTOR('',#9346,10.);
#2518=VECTOR('',#9347,10.);
#2519=VECTOR('',#9354,10.);
#2520=VECTOR('',#9357,10.);
#2521=VECTOR('',#9358,10.);
#2522=VECTOR('',#9359,10.);
#2523=VECTOR('',#9366,10.);
#2524=VECTOR('',#9369,10.);
#2525=VECTOR('',#9370,10.);
#2526=VECTOR('',#9371,10.);
#2527=VECTOR('',#9380,10.);
#2528=VECTOR('',#9381,10.);
#2529=VECTOR('',#9382,10.);
#2530=VECTOR('',#9383,10.);
#2531=VECTOR('',#9390,10.);
#2532=VECTOR('',#9393,10.);
#2533=VECTOR('',#9394,10.);
#2534=VECTOR('',#9395,10.);
#2535=VECTOR('',#9402,10.);
#2536=VECTOR('',#9405,10.);
#2537=VECTOR('',#9406,10.);
#2538=VECTOR('',#9407,10.);
#2539=VECTOR('',#9414,10.);
#2540=VECTOR('',#9417,10.);
#2541=VECTOR('',#9418,10.);
#2542=VECTOR('',#9419,10.);
#2543=VECTOR('',#9430,1.9);
#2544=VECTOR('',#9435,10.);
#2545=VECTOR('',#9436,10.);
#2546=VECTOR('',#9437,10.);
#2547=VECTOR('',#9438,10.);
#2548=VECTOR('',#9445,10.);
#2549=VECTOR('',#9448,10.);
#2550=VECTOR('',#9449,10.);
#2551=VECTOR('',#9450,10.);
#2552=VECTOR('',#9457,10.);
#2553=VECTOR('',#9460,10.);
#2554=VECTOR('',#9461,10.);
#2555=VECTOR('',#9462,10.);
#2556=VECTOR('',#9469,10.);
#2557=VECTOR('',#9472,10.);
#2558=VECTOR('',#9473,10.);
#2559=VECTOR('',#9474,10.);
#2560=VECTOR('',#9483,10.);
#2561=VECTOR('',#9484,10.);
#2562=VECTOR('',#9485,10.);
#2563=VECTOR('',#9486,10.);
#2564=VECTOR('',#9493,10.);
#2565=VECTOR('',#9496,10.);
#2566=VECTOR('',#9497,10.);
#2567=VECTOR('',#9498,10.);
#2568=VECTOR('',#9505,10.);
#2569=VECTOR('',#9508,10.);
#2570=VECTOR('',#9509,10.);
#2571=VECTOR('',#9510,10.);
#2572=VECTOR('',#9517,10.);
#2573=VECTOR('',#9520,10.);
#2574=VECTOR('',#9521,10.);
#2575=VECTOR('',#9522,10.);
#2576=VECTOR('',#9531,10.);
#2577=VECTOR('',#9532,10.);
#2578=VECTOR('',#9533,10.);
#2579=VECTOR('',#9534,10.);
#2580=VECTOR('',#9541,10.);
#2581=VECTOR('',#9544,10.);
#2582=VECTOR('',#9545,10.);
#2583=VECTOR('',#9546,10.);
#2584=VECTOR('',#9553,10.);
#2585=VECTOR('',#9556,10.);
#2586=VECTOR('',#9557,10.);
#2587=VECTOR('',#9558,10.);
#2588=VECTOR('',#9565,10.);
#2589=VECTOR('',#9568,10.);
#2590=VECTOR('',#9569,10.);
#2591=VECTOR('',#9570,10.);
#2592=VECTOR('',#9579,10.);
#2593=VECTOR('',#9580,10.);
#2594=VECTOR('',#9581,10.);
#2595=VECTOR('',#9582,10.);
#2596=VECTOR('',#9589,10.);
#2597=VECTOR('',#9592,10.);
#2598=VECTOR('',#9593,10.);
#2599=VECTOR('',#9594,10.);
#2600=VECTOR('',#9601,10.);
#2601=VECTOR('',#9604,10.);
#2602=VECTOR('',#9605,10.);
#2603=VECTOR('',#9606,10.);
#2604=VECTOR('',#9613,10.);
#2605=VECTOR('',#9616,10.);
#2606=VECTOR('',#9617,10.);
#2607=VECTOR('',#9618,10.);
#2608=VECTOR('',#9627,10.);
#2609=VECTOR('',#9628,10.);
#2610=VECTOR('',#9629,10.);
#2611=VECTOR('',#9630,10.);
#2612=VECTOR('',#9637,10.);
#2613=VECTOR('',#9640,10.);
#2614=VECTOR('',#9641,10.);
#2615=VECTOR('',#9642,10.);
#2616=VECTOR('',#9649,10.);
#2617=VECTOR('',#9652,10.);
#2618=VECTOR('',#9653,10.);
#2619=VECTOR('',#9654,10.);
#2620=VECTOR('',#9661,10.);
#2621=VECTOR('',#9664,10.);
#2622=VECTOR('',#9665,10.);
#2623=VECTOR('',#9666,10.);
#2624=VECTOR('',#9677,1.9);
#2625=VECTOR('',#9684,1.9);
#2626=VECTOR('',#9689,10.);
#2627=VECTOR('',#9690,10.);
#2628=VECTOR('',#9691,10.);
#2629=VECTOR('',#9692,10.);
#2630=VECTOR('',#9699,10.);
#2631=VECTOR('',#9702,10.);
#2632=VECTOR('',#9703,10.);
#2633=VECTOR('',#9704,10.);
#2634=VECTOR('',#9711,10.);
#2635=VECTOR('',#9714,10.);
#2636=VECTOR('',#9715,10.);
#2637=VECTOR('',#9716,10.);
#2638=VECTOR('',#9723,10.);
#2639=VECTOR('',#9726,10.);
#2640=VECTOR('',#9727,10.);
#2641=VECTOR('',#9728,10.);
#2642=VECTOR('',#9737,10.);
#2643=VECTOR('',#9738,10.);
#2644=VECTOR('',#9739,10.);
#2645=VECTOR('',#9740,10.);
#2646=VECTOR('',#9747,10.);
#2647=VECTOR('',#9750,10.);
#2648=VECTOR('',#9751,10.);
#2649=VECTOR('',#9752,10.);
#2650=VECTOR('',#9759,10.);
#2651=VECTOR('',#9762,10.);
#2652=VECTOR('',#9763,10.);
#2653=VECTOR('',#9764,10.);
#2654=VECTOR('',#9771,10.);
#2655=VECTOR('',#9774,10.);
#2656=VECTOR('',#9775,10.);
#2657=VECTOR('',#9776,10.);
#2658=VECTOR('',#9785,10.);
#2659=VECTOR('',#9786,10.);
#2660=VECTOR('',#9787,10.);
#2661=VECTOR('',#9788,10.);
#2662=VECTOR('',#9795,10.);
#2663=VECTOR('',#9798,10.);
#2664=VECTOR('',#9799,10.);
#2665=VECTOR('',#9800,10.);
#2666=VECTOR('',#9807,10.);
#2667=VECTOR('',#9810,10.);
#2668=VECTOR('',#9811,10.);
#2669=VECTOR('',#9812,10.);
#2670=VECTOR('',#9819,10.);
#2671=VECTOR('',#9822,10.);
#2672=VECTOR('',#9823,10.);
#2673=VECTOR('',#9824,10.);
#2674=VECTOR('',#9833,10.);
#2675=VECTOR('',#9834,10.);
#2676=VECTOR('',#9835,10.);
#2677=VECTOR('',#9836,10.);
#2678=VECTOR('',#9843,10.);
#2679=VECTOR('',#9846,10.);
#2680=VECTOR('',#9847,10.);
#2681=VECTOR('',#9848,10.);
#2682=VECTOR('',#9855,10.);
#2683=VECTOR('',#9858,10.);
#2684=VECTOR('',#9859,10.);
#2685=VECTOR('',#9860,10.);
#2686=VECTOR('',#9867,10.);
#2687=VECTOR('',#9870,10.);
#2688=VECTOR('',#9871,10.);
#2689=VECTOR('',#9872,10.);
#2690=VECTOR('',#9881,10.);
#2691=VECTOR('',#9882,10.);
#2692=VECTOR('',#9883,10.);
#2693=VECTOR('',#9884,10.);
#2694=VECTOR('',#9891,10.);
#2695=VECTOR('',#9894,10.);
#2696=VECTOR('',#9895,10.);
#2697=VECTOR('',#9896,10.);
#2698=VECTOR('',#9903,10.);
#2699=VECTOR('',#9906,10.);
#2700=VECTOR('',#9907,10.);
#2701=VECTOR('',#9908,10.);
#2702=VECTOR('',#9915,10.);
#2703=VECTOR('',#9918,10.);
#2704=VECTOR('',#9919,10.);
#2705=VECTOR('',#9920,10.);
#2706=VECTOR('',#9931,1.90000000000001);
#2707=VECTOR('',#9936,10.);
#2708=VECTOR('',#9937,10.);
#2709=VECTOR('',#9938,10.);
#2710=VECTOR('',#9939,10.);
#2711=VECTOR('',#9946,10.);
#2712=VECTOR('',#9949,10.);
#2713=VECTOR('',#9950,10.);
#2714=VECTOR('',#9951,10.);
#2715=VECTOR('',#9958,10.);
#2716=VECTOR('',#9961,10.);
#2717=VECTOR('',#9962,10.);
#2718=VECTOR('',#9963,10.);
#2719=VECTOR('',#9970,10.);
#2720=VECTOR('',#9973,10.);
#2721=VECTOR('',#9974,10.);
#2722=VECTOR('',#9975,10.);
#2723=VECTOR('',#9984,10.);
#2724=VECTOR('',#9985,10.);
#2725=VECTOR('',#9986,10.);
#2726=VECTOR('',#9987,10.);
#2727=VECTOR('',#9994,10.);
#2728=VECTOR('',#9997,10.);
#2729=VECTOR('',#9998,10.);
#2730=VECTOR('',#9999,10.);
#2731=VECTOR('',#10006,10.);
#2732=VECTOR('',#10009,10.);
#2733=VECTOR('',#10010,10.);
#2734=VECTOR('',#10011,10.);
#2735=VECTOR('',#10018,10.);
#2736=VECTOR('',#10021,10.);
#2737=VECTOR('',#10022,10.);
#2738=VECTOR('',#10023,10.);
#2739=VECTOR('',#10034,1.9);
#2740=VECTOR('',#10039,10.);
#2741=VECTOR('',#10040,10.);
#2742=VECTOR('',#10041,10.);
#2743=VECTOR('',#10042,10.);
#2744=VECTOR('',#10049,10.);
#2745=VECTOR('',#10052,10.);
#2746=VECTOR('',#10053,10.);
#2747=VECTOR('',#10054,10.);
#2748=VECTOR('',#10061,10.);
#2749=VECTOR('',#10064,10.);
#2750=VECTOR('',#10065,10.);
#2751=VECTOR('',#10066,10.);
#2752=VECTOR('',#10073,10.);
#2753=VECTOR('',#10076,10.);
#2754=VECTOR('',#10077,10.);
#2755=VECTOR('',#10078,10.);
#2756=VECTOR('',#10087,10.);
#2757=VECTOR('',#10088,10.);
#2758=VECTOR('',#10089,10.);
#2759=VECTOR('',#10090,10.);
#2760=VECTOR('',#10097,10.);
#2761=VECTOR('',#10100,10.);
#2762=VECTOR('',#10101,10.);
#2763=VECTOR('',#10102,10.);
#2764=VECTOR('',#10109,10.);
#2765=VECTOR('',#10112,10.);
#2766=VECTOR('',#10113,10.);
#2767=VECTOR('',#10114,10.);
#2768=VECTOR('',#10121,10.);
#2769=VECTOR('',#10124,10.);
#2770=VECTOR('',#10125,10.);
#2771=VECTOR('',#10126,10.);
#2772=VECTOR('',#10135,10.);
#2773=VECTOR('',#10136,10.);
#2774=VECTOR('',#10137,10.);
#2775=VECTOR('',#10138,10.);
#2776=VECTOR('',#10145,10.);
#2777=VECTOR('',#10148,10.);
#2778=VECTOR('',#10149,10.);
#2779=VECTOR('',#10150,10.);
#2780=VECTOR('',#10157,10.);
#2781=VECTOR('',#10160,10.);
#2782=VECTOR('',#10161,10.);
#2783=VECTOR('',#10162,10.);
#2784=VECTOR('',#10169,10.);
#2785=VECTOR('',#10172,10.);
#2786=VECTOR('',#10173,10.);
#2787=VECTOR('',#10174,10.);
#2788=VECTOR('',#10183,10.);
#2789=VECTOR('',#10184,10.);
#2790=VECTOR('',#10185,10.);
#2791=VECTOR('',#10186,10.);
#2792=VECTOR('',#10193,10.);
#2793=VECTOR('',#10196,10.);
#2794=VECTOR('',#10197,10.);
#2795=VECTOR('',#10198,10.);
#2796=VECTOR('',#10205,10.);
#2797=VECTOR('',#10208,10.);
#2798=VECTOR('',#10209,10.);
#2799=VECTOR('',#10210,10.);
#2800=VECTOR('',#10217,10.);
#2801=VECTOR('',#10220,10.);
#2802=VECTOR('',#10221,10.);
#2803=VECTOR('',#10222,10.);
#2804=VECTOR('',#10231,10.);
#2805=VECTOR('',#10232,10.);
#2806=VECTOR('',#10233,10.);
#2807=VECTOR('',#10234,10.);
#2808=VECTOR('',#10241,10.);
#2809=VECTOR('',#10244,10.);
#2810=VECTOR('',#10245,10.);
#2811=VECTOR('',#10246,10.);
#2812=VECTOR('',#10253,10.);
#2813=VECTOR('',#10256,10.);
#2814=VECTOR('',#10257,10.);
#2815=VECTOR('',#10258,10.);
#2816=VECTOR('',#10265,10.);
#2817=VECTOR('',#10268,10.);
#2818=VECTOR('',#10269,10.);
#2819=VECTOR('',#10270,10.);
#2820=VECTOR('',#10279,10.);
#2821=VECTOR('',#10280,10.);
#2822=VECTOR('',#10281,10.);
#2823=VECTOR('',#10282,10.);
#2824=VECTOR('',#10289,10.);
#2825=VECTOR('',#10292,10.);
#2826=VECTOR('',#10293,10.);
#2827=VECTOR('',#10294,10.);
#2828=VECTOR('',#10301,10.);
#2829=VECTOR('',#10304,10.);
#2830=VECTOR('',#10305,10.);
#2831=VECTOR('',#10306,10.);
#2832=VECTOR('',#10313,10.);
#2833=VECTOR('',#10316,10.);
#2834=VECTOR('',#10317,10.);
#2835=VECTOR('',#10318,10.);
#2836=VECTOR('',#10329,2.);
#2837=VECTOR('',#10334,10.);
#2838=VECTOR('',#10335,10.);
#2839=VECTOR('',#10336,10.);
#2840=VECTOR('',#10337,10.);
#2841=VECTOR('',#10344,10.);
#2842=VECTOR('',#10347,10.);
#2843=VECTOR('',#10348,10.);
#2844=VECTOR('',#10349,10.);
#2845=VECTOR('',#10356,10.);
#2846=VECTOR('',#10359,10.);
#2847=VECTOR('',#10360,10.);
#2848=VECTOR('',#10361,10.);
#2849=VECTOR('',#10368,10.);
#2850=VECTOR('',#10371,10.);
#2851=VECTOR('',#10372,10.);
#2852=VECTOR('',#10373,10.);
#2853=VECTOR('',#10382,10.);
#2854=VECTOR('',#10383,10.);
#2855=VECTOR('',#10384,10.);
#2856=VECTOR('',#10385,10.);
#2857=VECTOR('',#10392,10.);
#2858=VECTOR('',#10395,10.);
#2859=VECTOR('',#10396,10.);
#2860=VECTOR('',#10397,10.);
#2861=VECTOR('',#10404,10.);
#2862=VECTOR('',#10407,10.);
#2863=VECTOR('',#10408,10.);
#2864=VECTOR('',#10409,10.);
#2865=VECTOR('',#10416,10.);
#2866=VECTOR('',#10419,10.);
#2867=VECTOR('',#10420,10.);
#2868=VECTOR('',#10421,10.);
#2869=VECTOR('',#10430,10.);
#2870=VECTOR('',#10431,10.);
#2871=VECTOR('',#10432,10.);
#2872=VECTOR('',#10433,10.);
#2873=VECTOR('',#10440,10.);
#2874=VECTOR('',#10443,10.);
#2875=VECTOR('',#10444,10.);
#2876=VECTOR('',#10445,10.);
#2877=VECTOR('',#10452,10.);
#2878=VECTOR('',#10455,10.);
#2879=VECTOR('',#10456,10.);
#2880=VECTOR('',#10457,10.);
#2881=VECTOR('',#10464,10.);
#2882=VECTOR('',#10467,10.);
#2883=VECTOR('',#10468,10.);
#2884=VECTOR('',#10469,10.);
#2885=VECTOR('',#10478,10.);
#2886=VECTOR('',#10479,10.);
#2887=VECTOR('',#10480,10.);
#2888=VECTOR('',#10481,10.);
#2889=VECTOR('',#10488,10.);
#2890=VECTOR('',#10491,10.);
#2891=VECTOR('',#10492,10.);
#2892=VECTOR('',#10493,10.);
#2893=VECTOR('',#10500,10.);
#2894=VECTOR('',#10503,10.);
#2895=VECTOR('',#10504,10.);
#2896=VECTOR('',#10505,10.);
#2897=VECTOR('',#10512,10.);
#2898=VECTOR('',#10515,10.);
#2899=VECTOR('',#10516,10.);
#2900=VECTOR('',#10517,10.);
#2901=VECTOR('',#10526,10.);
#2902=VECTOR('',#10527,10.);
#2903=VECTOR('',#10528,10.);
#2904=VECTOR('',#10529,10.);
#2905=VECTOR('',#10536,10.);
#2906=VECTOR('',#10539,10.);
#2907=VECTOR('',#10540,10.);
#2908=VECTOR('',#10541,10.);
#2909=VECTOR('',#10548,10.);
#2910=VECTOR('',#10551,10.);
#2911=VECTOR('',#10552,10.);
#2912=VECTOR('',#10553,10.);
#2913=VECTOR('',#10560,10.);
#2914=VECTOR('',#10563,10.);
#2915=VECTOR('',#10564,10.);
#2916=VECTOR('',#10565,10.);
#2917=VECTOR('',#10576,10.);
#2918=VECTOR('',#10579,10.);
#2919=VECTOR('',#10582,10.);
#2920=VECTOR('',#10583,10.);
#2921=VECTOR('',#10584,10.);
#2922=VECTOR('',#10591,10.);
#2923=VECTOR('',#10594,10.);
#2924=VECTOR('',#10595,10.);
#2925=VECTOR('',#10596,10.);
#2926=VECTOR('',#10603,10.);
#2927=VECTOR('',#10606,10.);
#2928=VECTOR('',#10607,10.);
#2929=VECTOR('',#10608,10.);
#2930=VECTOR('',#10615,10.);
#2931=VECTOR('',#10618,10.);
#2932=VECTOR('',#10619,10.);
#2933=VECTOR('',#10620,10.);
#2934=VECTOR('',#10627,10.);
#2935=VECTOR('',#10630,10.);
#2936=VECTOR('',#10631,10.);
#2937=VECTOR('',#10632,10.);
#2938=VECTOR('',#10639,10.);
#2939=VECTOR('',#10642,10.);
#2940=VECTOR('',#10643,10.);
#2941=VECTOR('',#10644,10.);
#2942=VECTOR('',#10651,10.);
#2943=VECTOR('',#10654,10.);
#2944=VECTOR('',#10655,10.);
#2945=VECTOR('',#10656,10.);
#2946=VECTOR('',#10663,10.);
#2947=VECTOR('',#10666,10.);
#2948=VECTOR('',#10667,10.);
#2949=VECTOR('',#10668,10.);
#2950=VECTOR('',#10675,10.);
#2951=VECTOR('',#10678,10.);
#2952=VECTOR('',#10679,10.);
#2953=VECTOR('',#10680,10.);
#2954=VECTOR('',#10687,10.);
#2955=VECTOR('',#10690,10.);
#2956=VECTOR('',#10691,10.);
#2957=VECTOR('',#10692,10.);
#2958=VECTOR('',#10699,10.);
#2959=VECTOR('',#10702,10.);
#2960=VECTOR('',#10703,10.);
#2961=VECTOR('',#10704,10.);
#2962=VECTOR('',#10711,10.);
#2963=VECTOR('',#10714,10.);
#2964=VECTOR('',#10715,10.);
#2965=VECTOR('',#10716,10.);
#2966=VECTOR('',#10723,10.);
#2967=VECTOR('',#10726,10.);
#2968=VECTOR('',#10727,10.);
#2969=VECTOR('',#10728,10.);
#2970=VECTOR('',#10735,10.);
#2971=VECTOR('',#10738,10.);
#2972=VECTOR('',#10739,10.);
#2973=VECTOR('',#10740,10.);
#2974=VECTOR('',#10747,10.);
#2975=VECTOR('',#10750,10.);
#2976=VECTOR('',#10751,10.);
#2977=VECTOR('',#10752,10.);
#2978=VECTOR('',#10755,10.);
#2979=VECTOR('',#10756,10.);
#2980=VECTOR('',#10757,10.);
#2981=VECTOR('',#10760,10.);
#2982=VECTOR('',#10761,10.);
#2983=VECTOR('',#10762,10.);
#2984=VECTOR('',#10769,10.);
#2985=VECTOR('',#10772,10.);
#2986=VECTOR('',#10773,10.);
#2987=VECTOR('',#10774,10.);
#2988=VECTOR('',#10781,10.);
#2989=VECTOR('',#10784,10.);
#2990=VECTOR('',#10785,10.);
#2991=VECTOR('',#10786,10.);
#2992=VECTOR('',#10793,10.);
#2993=VECTOR('',#10796,10.);
#2994=VECTOR('',#10797,10.);
#2995=VECTOR('',#10798,10.);
#2996=VECTOR('',#10805,10.);
#2997=VECTOR('',#10808,10.);
#2998=VECTOR('',#10809,10.);
#2999=VECTOR('',#10810,10.);
#3000=VECTOR('',#10817,10.);
#3001=VECTOR('',#10820,10.);
#3002=VECTOR('',#10821,10.);
#3003=VECTOR('',#10822,10.);
#3004=VECTOR('',#10829,10.);
#3005=VECTOR('',#10832,10.);
#3006=VECTOR('',#10833,10.);
#3007=VECTOR('',#10834,10.);
#3008=VECTOR('',#10841,10.);
#3009=VECTOR('',#10844,10.);
#3010=VECTOR('',#10845,10.);
#3011=VECTOR('',#10846,10.);
#3012=VECTOR('',#10853,10.);
#3013=VECTOR('',#10856,10.);
#3014=VECTOR('',#10857,10.);
#3015=VECTOR('',#10858,10.);
#3016=VECTOR('',#10865,10.);
#3017=VECTOR('',#10868,10.);
#3018=VECTOR('',#10869,10.);
#3019=VECTOR('',#10870,10.);
#3020=VECTOR('',#10877,10.);
#3021=VECTOR('',#10880,10.);
#3022=VECTOR('',#10881,10.);
#3023=VECTOR('',#10882,10.);
#3024=VECTOR('',#10889,10.);
#3025=VECTOR('',#10892,10.);
#3026=VECTOR('',#10893,10.);
#3027=VECTOR('',#10894,10.);
#3028=VECTOR('',#10901,10.);
#3029=VECTOR('',#10904,10.);
#3030=VECTOR('',#10905,10.);
#3031=VECTOR('',#10906,10.);
#3032=VECTOR('',#10913,10.);
#3033=VECTOR('',#10916,10.);
#3034=VECTOR('',#10917,10.);
#3035=VECTOR('',#10918,10.);
#3036=VECTOR('',#10925,10.);
#3037=VECTOR('',#10928,10.);
#3038=VECTOR('',#10929,10.);
#3039=VECTOR('',#10930,10.);
#3040=VECTOR('',#10937,10.);
#3041=VECTOR('',#10940,10.);
#3042=VECTOR('',#10941,10.);
#3043=VECTOR('',#10942,10.);
#3044=VECTOR('',#10949,10.);
#3045=VECTOR('',#10952,10.);
#3046=VECTOR('',#10953,10.);
#3047=VECTOR('',#10954,10.);
#3048=VECTOR('',#10961,10.);
#3049=VECTOR('',#10964,10.);
#3050=VECTOR('',#10965,10.);
#3051=VECTOR('',#10966,10.);
#3052=VECTOR('',#10973,10.);
#3053=VECTOR('',#10976,10.);
#3054=VECTOR('',#10977,10.);
#3055=VECTOR('',#10978,10.);
#3056=VECTOR('',#10985,10.);
#3057=VECTOR('',#10988,10.);
#3058=VECTOR('',#10989,10.);
#3059=VECTOR('',#10990,10.);
#3060=VECTOR('',#10997,10.);
#3061=VECTOR('',#11000,10.);
#3062=VECTOR('',#11001,10.);
#3063=VECTOR('',#11002,10.);
#3064=VECTOR('',#11009,10.);
#3065=VECTOR('',#11012,10.);
#3066=VECTOR('',#11013,10.);
#3067=VECTOR('',#11014,10.);
#3068=VECTOR('',#11021,10.);
#3069=VECTOR('',#11024,10.);
#3070=VECTOR('',#11025,10.);
#3071=VECTOR('',#11026,10.);
#3072=VECTOR('',#11033,10.);
#3073=VECTOR('',#11036,10.);
#3074=VECTOR('',#11037,10.);
#3075=VECTOR('',#11038,10.);
#3076=VECTOR('',#11045,10.);
#3077=VECTOR('',#11048,10.);
#3078=VECTOR('',#11049,10.);
#3079=VECTOR('',#11050,10.);
#3080=VECTOR('',#11057,10.);
#3081=VECTOR('',#11060,10.);
#3082=VECTOR('',#11061,10.);
#3083=VECTOR('',#11062,10.);
#3084=VECTOR('',#11069,10.);
#3085=VECTOR('',#11072,10.);
#3086=VECTOR('',#11073,10.);
#3087=VECTOR('',#11074,10.);
#3088=VECTOR('',#11081,10.);
#3089=VECTOR('',#11084,10.);
#3090=VECTOR('',#11085,10.);
#3091=VECTOR('',#11086,10.);
#3092=VECTOR('',#11093,10.);
#3093=VECTOR('',#11096,10.);
#3094=VECTOR('',#11097,10.);
#3095=VECTOR('',#11098,10.);
#3096=VECTOR('',#11105,10.);
#3097=VECTOR('',#11108,10.);
#3098=VECTOR('',#11109,10.);
#3099=VECTOR('',#11110,10.);
#3100=VECTOR('',#11117,10.);
#3101=VECTOR('',#11120,10.);
#3102=VECTOR('',#11121,10.);
#3103=VECTOR('',#11122,10.);
#3104=VECTOR('',#11129,10.);
#3105=VECTOR('',#11132,10.);
#3106=VECTOR('',#11133,10.);
#3107=VECTOR('',#11134,10.);
#3108=VECTOR('',#11141,10.);
#3109=VECTOR('',#11144,10.);
#3110=VECTOR('',#11145,10.);
#3111=VECTOR('',#11146,10.);
#3112=VECTOR('',#11153,10.);
#3113=VECTOR('',#11156,10.);
#3114=VECTOR('',#11157,10.);
#3115=VECTOR('',#11158,10.);
#3116=VECTOR('',#11165,10.);
#3117=VECTOR('',#11168,10.);
#3118=VECTOR('',#11169,10.);
#3119=VECTOR('',#11170,10.);
#3120=VECTOR('',#11177,10.);
#3121=VECTOR('',#11180,10.);
#3122=VECTOR('',#11181,10.);
#3123=VECTOR('',#11182,10.);
#3124=VECTOR('',#11189,10.);
#3125=VECTOR('',#11192,10.);
#3126=VECTOR('',#11193,10.);
#3127=VECTOR('',#11194,10.);
#3128=VECTOR('',#11197,10.);
#3129=VECTOR('',#11198,10.);
#3130=VECTOR('',#11199,10.);
#3131=VECTOR('',#11202,10.);
#3132=VECTOR('',#11203,10.);
#3133=VERTEX_POINT('',#11210);
#3134=VERTEX_POINT('',#11211);
#3135=VERTEX_POINT('',#11213);
#3136=VERTEX_POINT('',#11215);
#3137=VERTEX_POINT('',#11219);
#3138=VERTEX_POINT('',#11221);
#3139=VERTEX_POINT('',#11225);
#3140=VERTEX_POINT('',#11227);
#3141=VERTEX_POINT('',#11231);
#3142=VERTEX_POINT('',#11233);
#3143=VERTEX_POINT('',#11237);
#3144=VERTEX_POINT('',#11239);
#3145=VERTEX_POINT('',#11243);
#3146=VERTEX_POINT('',#11245);
#3147=VERTEX_POINT('',#11249);
#3148=VERTEX_POINT('',#11251);
#3149=VERTEX_POINT('',#11258);
#3150=VERTEX_POINT('',#11259);
#3151=VERTEX_POINT('',#11261);
#3152=VERTEX_POINT('',#11263);
#3153=VERTEX_POINT('',#11267);
#3154=VERTEX_POINT('',#11269);
#3155=VERTEX_POINT('',#11273);
#3156=VERTEX_POINT('',#11275);
#3157=VERTEX_POINT('',#11279);
#3158=VERTEX_POINT('',#11281);
#3159=VERTEX_POINT('',#11285);
#3160=VERTEX_POINT('',#11287);
#3161=VERTEX_POINT('',#11291);
#3162=VERTEX_POINT('',#11293);
#3163=VERTEX_POINT('',#11297);
#3164=VERTEX_POINT('',#11299);
#3165=VERTEX_POINT('',#11306);
#3166=VERTEX_POINT('',#11307);
#3167=VERTEX_POINT('',#11309);
#3168=VERTEX_POINT('',#11311);
#3169=VERTEX_POINT('',#11315);
#3170=VERTEX_POINT('',#11317);
#3171=VERTEX_POINT('',#11321);
#3172=VERTEX_POINT('',#11323);
#3173=VERTEX_POINT('',#11327);
#3174=VERTEX_POINT('',#11329);
#3175=VERTEX_POINT('',#11333);
#3176=VERTEX_POINT('',#11335);
#3177=VERTEX_POINT('',#11339);
#3178=VERTEX_POINT('',#11341);
#3179=VERTEX_POINT('',#11345);
#3180=VERTEX_POINT('',#11347);
#3181=VERTEX_POINT('',#11354);
#3182=VERTEX_POINT('',#11355);
#3183=VERTEX_POINT('',#11357);
#3184=VERTEX_POINT('',#11359);
#3185=VERTEX_POINT('',#11363);
#3186=VERTEX_POINT('',#11365);
#3187=VERTEX_POINT('',#11369);
#3188=VERTEX_POINT('',#11371);
#3189=VERTEX_POINT('',#11375);
#3190=VERTEX_POINT('',#11377);
#3191=VERTEX_POINT('',#11381);
#3192=VERTEX_POINT('',#11383);
#3193=VERTEX_POINT('',#11387);
#3194=VERTEX_POINT('',#11389);
#3195=VERTEX_POINT('',#11393);
#3196=VERTEX_POINT('',#11395);
#3197=VERTEX_POINT('',#11402);
#3198=VERTEX_POINT('',#11403);
#3199=VERTEX_POINT('',#11405);
#3200=VERTEX_POINT('',#11407);
#3201=VERTEX_POINT('',#11411);
#3202=VERTEX_POINT('',#11413);
#3203=VERTEX_POINT('',#11417);
#3204=VERTEX_POINT('',#11419);
#3205=VERTEX_POINT('',#11423);
#3206=VERTEX_POINT('',#11425);
#3207=VERTEX_POINT('',#11429);
#3208=VERTEX_POINT('',#11431);
#3209=VERTEX_POINT('',#11435);
#3210=VERTEX_POINT('',#11437);
#3211=VERTEX_POINT('',#11441);
#3212=VERTEX_POINT('',#11443);
#3213=VERTEX_POINT('',#11450);
#3214=VERTEX_POINT('',#11451);
#3215=VERTEX_POINT('',#11453);
#3216=VERTEX_POINT('',#11455);
#3217=VERTEX_POINT('',#11459);
#3218=VERTEX_POINT('',#11461);
#3219=VERTEX_POINT('',#11465);
#3220=VERTEX_POINT('',#11467);
#3221=VERTEX_POINT('',#11471);
#3222=VERTEX_POINT('',#11473);
#3223=VERTEX_POINT('',#11477);
#3224=VERTEX_POINT('',#11479);
#3225=VERTEX_POINT('',#11483);
#3226=VERTEX_POINT('',#11485);
#3227=VERTEX_POINT('',#11489);
#3228=VERTEX_POINT('',#11491);
#3229=VERTEX_POINT('',#11498);
#3230=VERTEX_POINT('',#11499);
#3231=VERTEX_POINT('',#11501);
#3232=VERTEX_POINT('',#11503);
#3233=VERTEX_POINT('',#11507);
#3234=VERTEX_POINT('',#11509);
#3235=VERTEX_POINT('',#11513);
#3236=VERTEX_POINT('',#11515);
#3237=VERTEX_POINT('',#11519);
#3238=VERTEX_POINT('',#11521);
#3239=VERTEX_POINT('',#11525);
#3240=VERTEX_POINT('',#11527);
#3241=VERTEX_POINT('',#11531);
#3242=VERTEX_POINT('',#11533);
#3243=VERTEX_POINT('',#11537);
#3244=VERTEX_POINT('',#11539);
#3245=VERTEX_POINT('',#11546);
#3246=VERTEX_POINT('',#11547);
#3247=VERTEX_POINT('',#11549);
#3248=VERTEX_POINT('',#11551);
#3249=VERTEX_POINT('',#11555);
#3250=VERTEX_POINT('',#11557);
#3251=VERTEX_POINT('',#11561);
#3252=VERTEX_POINT('',#11563);
#3253=VERTEX_POINT('',#11567);
#3254=VERTEX_POINT('',#11569);
#3255=VERTEX_POINT('',#11573);
#3256=VERTEX_POINT('',#11575);
#3257=VERTEX_POINT('',#11579);
#3258=VERTEX_POINT('',#11581);
#3259=VERTEX_POINT('',#11585);
#3260=VERTEX_POINT('',#11587);
#3261=VERTEX_POINT('',#11594);
#3262=VERTEX_POINT('',#11595);
#3263=VERTEX_POINT('',#11597);
#3264=VERTEX_POINT('',#11599);
#3265=VERTEX_POINT('',#11603);
#3266=VERTEX_POINT('',#11605);
#3267=VERTEX_POINT('',#11609);
#3268=VERTEX_POINT('',#11611);
#3269=VERTEX_POINT('',#11615);
#3270=VERTEX_POINT('',#11617);
#3271=VERTEX_POINT('',#11621);
#3272=VERTEX_POINT('',#11623);
#3273=VERTEX_POINT('',#11627);
#3274=VERTEX_POINT('',#11629);
#3275=VERTEX_POINT('',#11633);
#3276=VERTEX_POINT('',#11635);
#3277=VERTEX_POINT('',#11642);
#3278=VERTEX_POINT('',#11644);
#3279=VERTEX_POINT('',#11648);
#3280=VERTEX_POINT('',#11649);
#3281=VERTEX_POINT('',#11651);
#3282=VERTEX_POINT('',#11653);
#3283=VERTEX_POINT('',#11657);
#3284=VERTEX_POINT('',#11659);
#3285=VERTEX_POINT('',#11663);
#3286=VERTEX_POINT('',#11665);
#3287=VERTEX_POINT('',#11669);
#3288=VERTEX_POINT('',#11671);
#3289=VERTEX_POINT('',#11675);
#3290=VERTEX_POINT('',#11677);
#3291=VERTEX_POINT('',#11681);
#3292=VERTEX_POINT('',#11683);
#3293=VERTEX_POINT('',#11687);
#3294=VERTEX_POINT('',#11689);
#3295=VERTEX_POINT('',#11696);
#3296=VERTEX_POINT('',#11697);
#3297=VERTEX_POINT('',#11699);
#3298=VERTEX_POINT('',#11701);
#3299=VERTEX_POINT('',#11705);
#3300=VERTEX_POINT('',#11707);
#3301=VERTEX_POINT('',#11711);
#3302=VERTEX_POINT('',#11713);
#3303=VERTEX_POINT('',#11717);
#3304=VERTEX_POINT('',#11719);
#3305=VERTEX_POINT('',#11723);
#3306=VERTEX_POINT('',#11725);
#3307=VERTEX_POINT('',#11729);
#3308=VERTEX_POINT('',#11731);
#3309=VERTEX_POINT('',#11735);
#3310=VERTEX_POINT('',#11737);
#3311=VERTEX_POINT('',#11744);
#3312=VERTEX_POINT('',#11745);
#3313=VERTEX_POINT('',#11747);
#3314=VERTEX_POINT('',#11749);
#3315=VERTEX_POINT('',#11753);
#3316=VERTEX_POINT('',#11755);
#3317=VERTEX_POINT('',#11759);
#3318=VERTEX_POINT('',#11761);
#3319=VERTEX_POINT('',#11765);
#3320=VERTEX_POINT('',#11767);
#3321=VERTEX_POINT('',#11771);
#3322=VERTEX_POINT('',#11773);
#3323=VERTEX_POINT('',#11777);
#3324=VERTEX_POINT('',#11779);
#3325=VERTEX_POINT('',#11783);
#3326=VERTEX_POINT('',#11785);
#3327=VERTEX_POINT('',#11792);
#3328=VERTEX_POINT('',#11794);
#3329=VERTEX_POINT('',#11798);
#3330=VERTEX_POINT('',#11799);
#3331=VERTEX_POINT('',#11801);
#3332=VERTEX_POINT('',#11803);
#3333=VERTEX_POINT('',#11807);
#3334=VERTEX_POINT('',#11809);
#3335=VERTEX_POINT('',#11813);
#3336=VERTEX_POINT('',#11815);
#3337=VERTEX_POINT('',#11819);
#3338=VERTEX_POINT('',#11821);
#3339=VERTEX_POINT('',#11825);
#3340=VERTEX_POINT('',#11827);
#3341=VERTEX_POINT('',#11831);
#3342=VERTEX_POINT('',#11833);
#3343=VERTEX_POINT('',#11837);
#3344=VERTEX_POINT('',#11839);
#3345=VERTEX_POINT('',#11846);
#3346=VERTEX_POINT('',#11847);
#3347=VERTEX_POINT('',#11849);
#3348=VERTEX_POINT('',#11851);
#3349=VERTEX_POINT('',#11855);
#3350=VERTEX_POINT('',#11857);
#3351=VERTEX_POINT('',#11861);
#3352=VERTEX_POINT('',#11863);
#3353=VERTEX_POINT('',#11867);
#3354=VERTEX_POINT('',#11869);
#3355=VERTEX_POINT('',#11873);
#3356=VERTEX_POINT('',#11875);
#3357=VERTEX_POINT('',#11879);
#3358=VERTEX_POINT('',#11881);
#3359=VERTEX_POINT('',#11885);
#3360=VERTEX_POINT('',#11887);
#3361=VERTEX_POINT('',#11894);
#3362=VERTEX_POINT('',#11895);
#3363=VERTEX_POINT('',#11897);
#3364=VERTEX_POINT('',#11899);
#3365=VERTEX_POINT('',#11903);
#3366=VERTEX_POINT('',#11905);
#3367=VERTEX_POINT('',#11909);
#3368=VERTEX_POINT('',#11911);
#3369=VERTEX_POINT('',#11915);
#3370=VERTEX_POINT('',#11917);
#3371=VERTEX_POINT('',#11921);
#3372=VERTEX_POINT('',#11923);
#3373=VERTEX_POINT('',#11927);
#3374=VERTEX_POINT('',#11929);
#3375=VERTEX_POINT('',#11933);
#3376=VERTEX_POINT('',#11935);
#3377=VERTEX_POINT('',#11942);
#3378=VERTEX_POINT('',#11943);
#3379=VERTEX_POINT('',#11945);
#3380=VERTEX_POINT('',#11947);
#3381=VERTEX_POINT('',#11951);
#3382=VERTEX_POINT('',#11953);
#3383=VERTEX_POINT('',#11957);
#3384=VERTEX_POINT('',#11959);
#3385=VERTEX_POINT('',#11963);
#3386=VERTEX_POINT('',#11965);
#3387=VERTEX_POINT('',#11969);
#3388=VERTEX_POINT('',#11971);
#3389=VERTEX_POINT('',#11975);
#3390=VERTEX_POINT('',#11977);
#3391=VERTEX_POINT('',#11981);
#3392=VERTEX_POINT('',#11983);
#3393=VERTEX_POINT('',#11990);
#3394=VERTEX_POINT('',#11991);
#3395=VERTEX_POINT('',#11993);
#3396=VERTEX_POINT('',#11995);
#3397=VERTEX_POINT('',#11999);
#3398=VERTEX_POINT('',#12001);
#3399=VERTEX_POINT('',#12005);
#3400=VERTEX_POINT('',#12007);
#3401=VERTEX_POINT('',#12011);
#3402=VERTEX_POINT('',#12013);
#3403=VERTEX_POINT('',#12017);
#3404=VERTEX_POINT('',#12019);
#3405=VERTEX_POINT('',#12023);
#3406=VERTEX_POINT('',#12025);
#3407=VERTEX_POINT('',#12029);
#3408=VERTEX_POINT('',#12031);
#3409=VERTEX_POINT('',#12038);
#3410=VERTEX_POINT('',#12040);
#3411=VERTEX_POINT('',#12044);
#3412=VERTEX_POINT('',#12046);
#3413=VERTEX_POINT('',#12050);
#3414=VERTEX_POINT('',#12051);
#3415=VERTEX_POINT('',#12053);
#3416=VERTEX_POINT('',#12055);
#3417=VERTEX_POINT('',#12059);
#3418=VERTEX_POINT('',#12061);
#3419=VERTEX_POINT('',#12065);
#3420=VERTEX_POINT('',#12067);
#3421=VERTEX_POINT('',#12071);
#3422=VERTEX_POINT('',#12073);
#3423=VERTEX_POINT('',#12077);
#3424=VERTEX_POINT('',#12079);
#3425=VERTEX_POINT('',#12083);
#3426=VERTEX_POINT('',#12085);
#3427=VERTEX_POINT('',#12089);
#3428=VERTEX_POINT('',#12091);
#3429=VERTEX_POINT('',#12098);
#3430=VERTEX_POINT('',#12099);
#3431=VERTEX_POINT('',#12101);
#3432=VERTEX_POINT('',#12103);
#3433=VERTEX_POINT('',#12107);
#3434=VERTEX_POINT('',#12109);
#3435=VERTEX_POINT('',#12113);
#3436=VERTEX_POINT('',#12115);
#3437=VERTEX_POINT('',#12119);
#3438=VERTEX_POINT('',#12121);
#3439=VERTEX_POINT('',#12125);
#3440=VERTEX_POINT('',#12127);
#3441=VERTEX_POINT('',#12131);
#3442=VERTEX_POINT('',#12133);
#3443=VERTEX_POINT('',#12137);
#3444=VERTEX_POINT('',#12139);
#3445=VERTEX_POINT('',#12146);
#3446=VERTEX_POINT('',#12147);
#3447=VERTEX_POINT('',#12149);
#3448=VERTEX_POINT('',#12151);
#3449=VERTEX_POINT('',#12155);
#3450=VERTEX_POINT('',#12157);
#3451=VERTEX_POINT('',#12161);
#3452=VERTEX_POINT('',#12163);
#3453=VERTEX_POINT('',#12167);
#3454=VERTEX_POINT('',#12169);
#3455=VERTEX_POINT('',#12173);
#3456=VERTEX_POINT('',#12175);
#3457=VERTEX_POINT('',#12179);
#3458=VERTEX_POINT('',#12181);
#3459=VERTEX_POINT('',#12185);
#3460=VERTEX_POINT('',#12187);
#3461=VERTEX_POINT('',#12194);
#3462=VERTEX_POINT('',#12195);
#3463=VERTEX_POINT('',#12197);
#3464=VERTEX_POINT('',#12199);
#3465=VERTEX_POINT('',#12203);
#3466=VERTEX_POINT('',#12205);
#3467=VERTEX_POINT('',#12209);
#3468=VERTEX_POINT('',#12211);
#3469=VERTEX_POINT('',#12215);
#3470=VERTEX_POINT('',#12217);
#3471=VERTEX_POINT('',#12221);
#3472=VERTEX_POINT('',#12223);
#3473=VERTEX_POINT('',#12227);
#3474=VERTEX_POINT('',#12229);
#3475=VERTEX_POINT('',#12233);
#3476=VERTEX_POINT('',#12235);
#3477=VERTEX_POINT('',#12242);
#3478=VERTEX_POINT('',#12243);
#3479=VERTEX_POINT('',#12245);
#3480=VERTEX_POINT('',#12247);
#3481=VERTEX_POINT('',#12251);
#3482=VERTEX_POINT('',#12253);
#3483=VERTEX_POINT('',#12257);
#3484=VERTEX_POINT('',#12259);
#3485=VERTEX_POINT('',#12263);
#3486=VERTEX_POINT('',#12265);
#3487=VERTEX_POINT('',#12269);
#3488=VERTEX_POINT('',#12271);
#3489=VERTEX_POINT('',#12275);
#3490=VERTEX_POINT('',#12277);
#3491=VERTEX_POINT('',#12281);
#3492=VERTEX_POINT('',#12283);
#3493=VERTEX_POINT('',#12290);
#3494=VERTEX_POINT('',#12292);
#3495=VERTEX_POINT('',#12296);
#3496=VERTEX_POINT('',#12297);
#3497=VERTEX_POINT('',#12299);
#3498=VERTEX_POINT('',#12301);
#3499=VERTEX_POINT('',#12305);
#3500=VERTEX_POINT('',#12307);
#3501=VERTEX_POINT('',#12311);
#3502=VERTEX_POINT('',#12313);
#3503=VERTEX_POINT('',#12317);
#3504=VERTEX_POINT('',#12319);
#3505=VERTEX_POINT('',#12323);
#3506=VERTEX_POINT('',#12325);
#3507=VERTEX_POINT('',#12329);
#3508=VERTEX_POINT('',#12331);
#3509=VERTEX_POINT('',#12335);
#3510=VERTEX_POINT('',#12337);
#3511=VERTEX_POINT('',#12344);
#3512=VERTEX_POINT('',#12345);
#3513=VERTEX_POINT('',#12347);
#3514=VERTEX_POINT('',#12349);
#3515=VERTEX_POINT('',#12353);
#3516=VERTEX_POINT('',#12355);
#3517=VERTEX_POINT('',#12359);
#3518=VERTEX_POINT('',#12361);
#3519=VERTEX_POINT('',#12365);
#3520=VERTEX_POINT('',#12367);
#3521=VERTEX_POINT('',#12371);
#3522=VERTEX_POINT('',#12373);
#3523=VERTEX_POINT('',#12377);
#3524=VERTEX_POINT('',#12379);
#3525=VERTEX_POINT('',#12383);
#3526=VERTEX_POINT('',#12385);
#3527=VERTEX_POINT('',#12392);
#3528=VERTEX_POINT('',#12394);
#3529=VERTEX_POINT('',#12398);
#3530=VERTEX_POINT('',#12399);
#3531=VERTEX_POINT('',#12401);
#3532=VERTEX_POINT('',#12403);
#3533=VERTEX_POINT('',#12407);
#3534=VERTEX_POINT('',#12409);
#3535=VERTEX_POINT('',#12413);
#3536=VERTEX_POINT('',#12415);
#3537=VERTEX_POINT('',#12419);
#3538=VERTEX_POINT('',#12421);
#3539=VERTEX_POINT('',#12425);
#3540=VERTEX_POINT('',#12427);
#3541=VERTEX_POINT('',#12431);
#3542=VERTEX_POINT('',#12433);
#3543=VERTEX_POINT('',#12437);
#3544=VERTEX_POINT('',#12439);
#3545=VERTEX_POINT('',#12446);
#3546=VERTEX_POINT('',#12447);
#3547=VERTEX_POINT('',#12449);
#3548=VERTEX_POINT('',#12451);
#3549=VERTEX_POINT('',#12455);
#3550=VERTEX_POINT('',#12457);
#3551=VERTEX_POINT('',#12461);
#3552=VERTEX_POINT('',#12463);
#3553=VERTEX_POINT('',#12467);
#3554=VERTEX_POINT('',#12469);
#3555=VERTEX_POINT('',#12473);
#3556=VERTEX_POINT('',#12475);
#3557=VERTEX_POINT('',#12479);
#3558=VERTEX_POINT('',#12481);
#3559=VERTEX_POINT('',#12485);
#3560=VERTEX_POINT('',#12487);
#3561=VERTEX_POINT('',#12494);
#3562=VERTEX_POINT('',#12495);
#3563=VERTEX_POINT('',#12497);
#3564=VERTEX_POINT('',#12499);
#3565=VERTEX_POINT('',#12503);
#3566=VERTEX_POINT('',#12505);
#3567=VERTEX_POINT('',#12509);
#3568=VERTEX_POINT('',#12511);
#3569=VERTEX_POINT('',#12515);
#3570=VERTEX_POINT('',#12517);
#3571=VERTEX_POINT('',#12521);
#3572=VERTEX_POINT('',#12523);
#3573=VERTEX_POINT('',#12527);
#3574=VERTEX_POINT('',#12529);
#3575=VERTEX_POINT('',#12533);
#3576=VERTEX_POINT('',#12535);
#3577=VERTEX_POINT('',#12542);
#3578=VERTEX_POINT('',#12543);
#3579=VERTEX_POINT('',#12545);
#3580=VERTEX_POINT('',#12547);
#3581=VERTEX_POINT('',#12551);
#3582=VERTEX_POINT('',#12553);
#3583=VERTEX_POINT('',#12557);
#3584=VERTEX_POINT('',#12559);
#3585=VERTEX_POINT('',#12563);
#3586=VERTEX_POINT('',#12565);
#3587=VERTEX_POINT('',#12569);
#3588=VERTEX_POINT('',#12571);
#3589=VERTEX_POINT('',#12575);
#3590=VERTEX_POINT('',#12577);
#3591=VERTEX_POINT('',#12581);
#3592=VERTEX_POINT('',#12583);
#3593=VERTEX_POINT('',#12590);
#3594=VERTEX_POINT('',#12591);
#3595=VERTEX_POINT('',#12593);
#3596=VERTEX_POINT('',#12595);
#3597=VERTEX_POINT('',#12599);
#3598=VERTEX_POINT('',#12601);
#3599=VERTEX_POINT('',#12605);
#3600=VERTEX_POINT('',#12607);
#3601=VERTEX_POINT('',#12611);
#3602=VERTEX_POINT('',#12613);
#3603=VERTEX_POINT('',#12617);
#3604=VERTEX_POINT('',#12619);
#3605=VERTEX_POINT('',#12623);
#3606=VERTEX_POINT('',#12625);
#3607=VERTEX_POINT('',#12629);
#3608=VERTEX_POINT('',#12631);
#3609=VERTEX_POINT('',#12638);
#3610=VERTEX_POINT('',#12639);
#3611=VERTEX_POINT('',#12641);
#3612=VERTEX_POINT('',#12643);
#3613=VERTEX_POINT('',#12647);
#3614=VERTEX_POINT('',#12649);
#3615=VERTEX_POINT('',#12653);
#3616=VERTEX_POINT('',#12655);
#3617=VERTEX_POINT('',#12659);
#3618=VERTEX_POINT('',#12661);
#3619=VERTEX_POINT('',#12665);
#3620=VERTEX_POINT('',#12667);
#3621=VERTEX_POINT('',#12671);
#3622=VERTEX_POINT('',#12673);
#3623=VERTEX_POINT('',#12677);
#3624=VERTEX_POINT('',#12679);
#3625=VERTEX_POINT('',#12686);
#3626=VERTEX_POINT('',#12688);
#3627=VERTEX_POINT('',#12692);
#3628=VERTEX_POINT('',#12693);
#3629=VERTEX_POINT('',#12695);
#3630=VERTEX_POINT('',#12697);
#3631=VERTEX_POINT('',#12701);
#3632=VERTEX_POINT('',#12703);
#3633=VERTEX_POINT('',#12707);
#3634=VERTEX_POINT('',#12709);
#3635=VERTEX_POINT('',#12713);
#3636=VERTEX_POINT('',#12715);
#3637=VERTEX_POINT('',#12719);
#3638=VERTEX_POINT('',#12721);
#3639=VERTEX_POINT('',#12725);
#3640=VERTEX_POINT('',#12727);
#3641=VERTEX_POINT('',#12731);
#3642=VERTEX_POINT('',#12733);
#3643=VERTEX_POINT('',#12740);
#3644=VERTEX_POINT('',#12741);
#3645=VERTEX_POINT('',#12743);
#3646=VERTEX_POINT('',#12745);
#3647=VERTEX_POINT('',#12749);
#3648=VERTEX_POINT('',#12751);
#3649=VERTEX_POINT('',#12755);
#3650=VERTEX_POINT('',#12757);
#3651=VERTEX_POINT('',#12761);
#3652=VERTEX_POINT('',#12763);
#3653=VERTEX_POINT('',#12767);
#3654=VERTEX_POINT('',#12769);
#3655=VERTEX_POINT('',#12773);
#3656=VERTEX_POINT('',#12775);
#3657=VERTEX_POINT('',#12779);
#3658=VERTEX_POINT('',#12781);
#3659=VERTEX_POINT('',#12788);
#3660=VERTEX_POINT('',#12789);
#3661=VERTEX_POINT('',#12791);
#3662=VERTEX_POINT('',#12793);
#3663=VERTEX_POINT('',#12797);
#3664=VERTEX_POINT('',#12799);
#3665=VERTEX_POINT('',#12803);
#3666=VERTEX_POINT('',#12805);
#3667=VERTEX_POINT('',#12809);
#3668=VERTEX_POINT('',#12811);
#3669=VERTEX_POINT('',#12815);
#3670=VERTEX_POINT('',#12817);
#3671=VERTEX_POINT('',#12821);
#3672=VERTEX_POINT('',#12823);
#3673=VERTEX_POINT('',#12827);
#3674=VERTEX_POINT('',#12829);
#3675=VERTEX_POINT('',#12836);
#3676=VERTEX_POINT('',#12837);
#3677=VERTEX_POINT('',#12839);
#3678=VERTEX_POINT('',#12841);
#3679=VERTEX_POINT('',#12845);
#3680=VERTEX_POINT('',#12847);
#3681=VERTEX_POINT('',#12851);
#3682=VERTEX_POINT('',#12853);
#3683=VERTEX_POINT('',#12857);
#3684=VERTEX_POINT('',#12859);
#3685=VERTEX_POINT('',#12863);
#3686=VERTEX_POINT('',#12865);
#3687=VERTEX_POINT('',#12869);
#3688=VERTEX_POINT('',#12871);
#3689=VERTEX_POINT('',#12875);
#3690=VERTEX_POINT('',#12877);
#3691=VERTEX_POINT('',#12884);
#3692=VERTEX_POINT('',#12885);
#3693=VERTEX_POINT('',#12887);
#3694=VERTEX_POINT('',#12889);
#3695=VERTEX_POINT('',#12893);
#3696=VERTEX_POINT('',#12895);
#3697=VERTEX_POINT('',#12899);
#3698=VERTEX_POINT('',#12901);
#3699=VERTEX_POINT('',#12905);
#3700=VERTEX_POINT('',#12907);
#3701=VERTEX_POINT('',#12911);
#3702=VERTEX_POINT('',#12913);
#3703=VERTEX_POINT('',#12917);
#3704=VERTEX_POINT('',#12919);
#3705=VERTEX_POINT('',#12923);
#3706=VERTEX_POINT('',#12925);
#3707=VERTEX_POINT('',#12932);
#3708=VERTEX_POINT('',#12933);
#3709=VERTEX_POINT('',#12935);
#3710=VERTEX_POINT('',#12937);
#3711=VERTEX_POINT('',#12941);
#3712=VERTEX_POINT('',#12943);
#3713=VERTEX_POINT('',#12947);
#3714=VERTEX_POINT('',#12949);
#3715=VERTEX_POINT('',#12953);
#3716=VERTEX_POINT('',#12955);
#3717=VERTEX_POINT('',#12959);
#3718=VERTEX_POINT('',#12961);
#3719=VERTEX_POINT('',#12965);
#3720=VERTEX_POINT('',#12967);
#3721=VERTEX_POINT('',#12971);
#3722=VERTEX_POINT('',#12973);
#3723=VERTEX_POINT('',#12977);
#3724=VERTEX_POINT('',#12979);
#3725=VERTEX_POINT('',#12983);
#3726=VERTEX_POINT('',#12985);
#3727=VERTEX_POINT('',#12989);
#3728=VERTEX_POINT('',#12991);
#3729=VERTEX_POINT('',#12995);
#3730=VERTEX_POINT('',#12997);
#3731=VERTEX_POINT('',#13001);
#3732=VERTEX_POINT('',#13003);
#3733=VERTEX_POINT('',#13007);
#3734=VERTEX_POINT('',#13009);
#3735=VERTEX_POINT('',#13013);
#3736=VERTEX_POINT('',#13015);
#3737=VERTEX_POINT('',#13019);
#3738=VERTEX_POINT('',#13021);
#3739=VERTEX_POINT('',#13025);
#3740=VERTEX_POINT('',#13027);
#3741=VERTEX_POINT('',#13031);
#3742=VERTEX_POINT('',#13033);
#3743=VERTEX_POINT('',#13037);
#3744=VERTEX_POINT('',#13039);
#3745=VERTEX_POINT('',#13043);
#3746=VERTEX_POINT('',#13045);
#3747=VERTEX_POINT('',#13049);
#3748=VERTEX_POINT('',#13051);
#3749=VERTEX_POINT('',#13055);
#3750=VERTEX_POINT('',#13057);
#3751=VERTEX_POINT('',#13061);
#3752=VERTEX_POINT('',#13063);
#3753=VERTEX_POINT('',#13067);
#3754=VERTEX_POINT('',#13069);
#3755=VERTEX_POINT('',#13073);
#3756=VERTEX_POINT('',#13075);
#3757=VERTEX_POINT('',#13079);
#3758=VERTEX_POINT('',#13081);
#3759=VERTEX_POINT('',#13085);
#3760=VERTEX_POINT('',#13087);
#3761=VERTEX_POINT('',#13091);
#3762=VERTEX_POINT('',#13093);
#3763=VERTEX_POINT('',#13097);
#3764=VERTEX_POINT('',#13099);
#3765=VERTEX_POINT('',#13103);
#3766=VERTEX_POINT('',#13105);
#3767=VERTEX_POINT('',#13109);
#3768=VERTEX_POINT('',#13111);
#3769=VERTEX_POINT('',#13115);
#3770=VERTEX_POINT('',#13117);
#3771=VERTEX_POINT('',#13121);
#3772=VERTEX_POINT('',#13123);
#3773=VERTEX_POINT('',#13127);
#3774=VERTEX_POINT('',#13129);
#3775=VERTEX_POINT('',#13133);
#3776=VERTEX_POINT('',#13135);
#3777=VERTEX_POINT('',#13139);
#3778=VERTEX_POINT('',#13141);
#3779=VERTEX_POINT('',#13145);
#3780=VERTEX_POINT('',#13147);
#3781=VERTEX_POINT('',#13151);
#3782=VERTEX_POINT('',#13153);
#3783=VERTEX_POINT('',#13157);
#3784=VERTEX_POINT('',#13159);
#3785=VERTEX_POINT('',#13163);
#3786=VERTEX_POINT('',#13165);
#3787=VERTEX_POINT('',#13169);
#3788=VERTEX_POINT('',#13171);
#3789=VERTEX_POINT('',#13175);
#3790=VERTEX_POINT('',#13177);
#3791=VERTEX_POINT('',#13181);
#3792=VERTEX_POINT('',#13183);
#3793=VERTEX_POINT('',#13187);
#3794=VERTEX_POINT('',#13189);
#3795=VERTEX_POINT('',#13193);
#3796=VERTEX_POINT('',#13195);
#3797=VERTEX_POINT('',#13199);
#3798=VERTEX_POINT('',#13201);
#3799=VERTEX_POINT('',#13205);
#3800=VERTEX_POINT('',#13207);
#3801=VERTEX_POINT('',#13211);
#3802=VERTEX_POINT('',#13213);
#3803=VERTEX_POINT('',#13217);
#3804=VERTEX_POINT('',#13219);
#3805=VERTEX_POINT('',#13223);
#3806=VERTEX_POINT('',#13225);
#3807=VERTEX_POINT('',#13229);
#3808=VERTEX_POINT('',#13231);
#3809=VERTEX_POINT('',#13235);
#3810=VERTEX_POINT('',#13237);
#3811=VERTEX_POINT('',#13241);
#3812=VERTEX_POINT('',#13243);
#3813=VERTEX_POINT('',#13247);
#3814=VERTEX_POINT('',#13249);
#3815=VERTEX_POINT('',#13253);
#3816=VERTEX_POINT('',#13255);
#3817=VERTEX_POINT('',#13259);
#3818=VERTEX_POINT('',#13261);
#3819=VERTEX_POINT('',#13265);
#3820=VERTEX_POINT('',#13267);
#3821=VERTEX_POINT('',#13271);
#3822=VERTEX_POINT('',#13273);
#3823=VERTEX_POINT('',#13277);
#3824=VERTEX_POINT('',#13279);
#3825=VERTEX_POINT('',#13283);
#3826=VERTEX_POINT('',#13285);
#3827=VERTEX_POINT('',#13289);
#3828=VERTEX_POINT('',#13291);
#3829=VERTEX_POINT('',#13295);
#3830=VERTEX_POINT('',#13297);
#3831=VERTEX_POINT('',#13301);
#3832=VERTEX_POINT('',#13303);
#3833=VERTEX_POINT('',#13307);
#3834=VERTEX_POINT('',#13309);
#3835=VERTEX_POINT('',#13313);
#3836=VERTEX_POINT('',#13315);
#3837=VERTEX_POINT('',#13319);
#3838=VERTEX_POINT('',#13321);
#3839=VERTEX_POINT('',#13325);
#3840=VERTEX_POINT('',#13327);
#3841=VERTEX_POINT('',#13331);
#3842=VERTEX_POINT('',#13333);
#3843=VERTEX_POINT('',#13337);
#3844=VERTEX_POINT('',#13339);
#3845=VERTEX_POINT('',#13343);
#3846=VERTEX_POINT('',#13345);
#3847=VERTEX_POINT('',#13349);
#3848=VERTEX_POINT('',#13351);
#3849=VERTEX_POINT('',#13355);
#3850=VERTEX_POINT('',#13357);
#3851=VERTEX_POINT('',#13361);
#3852=VERTEX_POINT('',#13363);
#3853=VERTEX_POINT('',#13367);
#3854=VERTEX_POINT('',#13369);
#3855=VERTEX_POINT('',#13373);
#3856=VERTEX_POINT('',#13375);
#3857=VERTEX_POINT('',#13379);
#3858=VERTEX_POINT('',#13381);
#3859=VERTEX_POINT('',#13385);
#3860=VERTEX_POINT('',#13387);
#3861=VERTEX_POINT('',#13391);
#3862=VERTEX_POINT('',#13393);
#3863=VERTEX_POINT('',#13397);
#3864=VERTEX_POINT('',#13399);
#3865=VERTEX_POINT('',#13403);
#3866=VERTEX_POINT('',#13405);
#3867=VERTEX_POINT('',#13409);
#3868=VERTEX_POINT('',#13411);
#3869=VERTEX_POINT('',#13415);
#3870=VERTEX_POINT('',#13417);
#3871=VERTEX_POINT('',#13421);
#3872=VERTEX_POINT('',#13423);
#3873=VERTEX_POINT('',#13427);
#3874=VERTEX_POINT('',#13429);
#3875=VERTEX_POINT('',#13433);
#3876=VERTEX_POINT('',#13435);
#3877=VERTEX_POINT('',#13439);
#3878=VERTEX_POINT('',#13441);
#3879=VERTEX_POINT('',#13445);
#3880=VERTEX_POINT('',#13447);
#3881=VERTEX_POINT('',#13451);
#3882=VERTEX_POINT('',#13453);
#3883=VERTEX_POINT('',#13457);
#3884=VERTEX_POINT('',#13459);
#3885=VERTEX_POINT('',#13463);
#3886=VERTEX_POINT('',#13465);
#3887=VERTEX_POINT('',#13469);
#3888=VERTEX_POINT('',#13471);
#3889=VERTEX_POINT('',#13475);
#3890=VERTEX_POINT('',#13477);
#3891=VERTEX_POINT('',#13481);
#3892=VERTEX_POINT('',#13483);
#3893=VERTEX_POINT('',#13487);
#3894=VERTEX_POINT('',#13489);
#3895=VERTEX_POINT('',#13493);
#3896=VERTEX_POINT('',#13495);
#3897=VERTEX_POINT('',#13499);
#3898=VERTEX_POINT('',#13501);
#3899=VERTEX_POINT('',#13505);
#3900=VERTEX_POINT('',#13507);
#3901=VERTEX_POINT('',#13511);
#3902=VERTEX_POINT('',#13513);
#3903=VERTEX_POINT('',#13517);
#3904=VERTEX_POINT('',#13519);
#3905=VERTEX_POINT('',#13523);
#3906=VERTEX_POINT('',#13525);
#3907=VERTEX_POINT('',#13529);
#3908=VERTEX_POINT('',#13531);
#3909=VERTEX_POINT('',#13535);
#3910=VERTEX_POINT('',#13537);
#3911=VERTEX_POINT('',#13541);
#3912=VERTEX_POINT('',#13543);
#3913=VERTEX_POINT('',#13547);
#3914=VERTEX_POINT('',#13549);
#3915=VERTEX_POINT('',#13553);
#3916=VERTEX_POINT('',#13555);
#3917=VERTEX_POINT('',#13559);
#3918=VERTEX_POINT('',#13561);
#3919=EDGE_CURVE('',#3133,#3134,#1567,.T.);
#3920=EDGE_CURVE('',#3133,#3135,#1568,.T.);
#3921=EDGE_CURVE('',#3136,#3135,#1569,.T.);
#3922=EDGE_CURVE('',#3134,#3136,#1570,.T.);
#3923=EDGE_CURVE('',#3134,#3137,#99,.T.);
#3924=EDGE_CURVE('',#3138,#3136,#100,.T.);
#3925=EDGE_CURVE('',#3137,#3138,#1571,.T.);
#3926=EDGE_CURVE('',#3137,#3139,#1572,.T.);
#3927=EDGE_CURVE('',#3140,#3138,#1573,.T.);
#3928=EDGE_CURVE('',#3139,#3140,#1574,.T.);
#3929=EDGE_CURVE('',#3139,#3141,#101,.T.);
#3930=EDGE_CURVE('',#3142,#3140,#102,.T.);
#3931=EDGE_CURVE('',#3141,#3142,#1575,.T.);
#3932=EDGE_CURVE('',#3141,#3143,#1576,.T.);
#3933=EDGE_CURVE('',#3144,#3142,#1577,.T.);
#3934=EDGE_CURVE('',#3143,#3144,#1578,.T.);
#3935=EDGE_CURVE('',#3143,#3145,#103,.T.);
#3936=EDGE_CURVE('',#3146,#3144,#104,.T.);
#3937=EDGE_CURVE('',#3145,#3146,#1579,.T.);
#3938=EDGE_CURVE('',#3145,#3147,#1580,.T.);
#3939=EDGE_CURVE('',#3148,#3146,#1581,.T.);
#3940=EDGE_CURVE('',#3147,#3148,#1582,.T.);
#3941=EDGE_CURVE('',#3147,#3133,#105,.T.);
#3942=EDGE_CURVE('',#3135,#3148,#106,.T.);
#3943=EDGE_CURVE('',#3149,#3150,#107,.T.);
#3944=EDGE_CURVE('',#3149,#3151,#1583,.T.);
#3945=EDGE_CURVE('',#3152,#3151,#108,.T.);
#3946=EDGE_CURVE('',#3150,#3152,#1584,.T.);
#3947=EDGE_CURVE('',#3150,#3153,#1585,.T.);
#3948=EDGE_CURVE('',#3154,#3152,#1586,.T.);
#3949=EDGE_CURVE('',#3153,#3154,#1587,.T.);
#3950=EDGE_CURVE('',#3153,#3155,#109,.T.);
#3951=EDGE_CURVE('',#3156,#3154,#110,.T.);
#3952=EDGE_CURVE('',#3155,#3156,#1588,.T.);
#3953=EDGE_CURVE('',#3155,#3157,#1589,.T.);
#3954=EDGE_CURVE('',#3158,#3156,#1590,.T.);
#3955=EDGE_CURVE('',#3157,#3158,#1591,.T.);
#3956=EDGE_CURVE('',#3157,#3159,#111,.T.);
#3957=EDGE_CURVE('',#3160,#3158,#112,.T.);
#3958=EDGE_CURVE('',#3159,#3160,#1592,.T.);
#3959=EDGE_CURVE('',#3159,#3161,#1593,.T.);
#3960=EDGE_CURVE('',#3162,#3160,#1594,.T.);
#3961=EDGE_CURVE('',#3161,#3162,#1595,.T.);
#3962=EDGE_CURVE('',#3161,#3163,#113,.T.);
#3963=EDGE_CURVE('',#3164,#3162,#114,.T.);
#3964=EDGE_CURVE('',#3163,#3164,#1596,.T.);
#3965=EDGE_CURVE('',#3163,#3149,#1597,.T.);
#3966=EDGE_CURVE('',#3151,#3164,#1598,.T.);
#3967=EDGE_CURVE('',#3165,#3166,#1599,.T.);
#3968=EDGE_CURVE('',#3165,#3167,#1600,.T.);
#3969=EDGE_CURVE('',#3168,#3167,#1601,.T.);
#3970=EDGE_CURVE('',#3166,#3168,#1602,.T.);
#3971=EDGE_CURVE('',#3166,#3169,#115,.T.);
#3972=EDGE_CURVE('',#3170,#3168,#116,.T.);
#3973=EDGE_CURVE('',#3169,#3170,#1603,.T.);
#3974=EDGE_CURVE('',#3169,#3171,#1604,.T.);
#3975=EDGE_CURVE('',#3172,#3170,#1605,.T.);
#3976=EDGE_CURVE('',#3171,#3172,#1606,.T.);
#3977=EDGE_CURVE('',#3171,#3173,#117,.T.);
#3978=EDGE_CURVE('',#3174,#3172,#118,.T.);
#3979=EDGE_CURVE('',#3173,#3174,#1607,.T.);
#3980=EDGE_CURVE('',#3173,#3175,#1608,.T.);
#3981=EDGE_CURVE('',#3176,#3174,#1609,.T.);
#3982=EDGE_CURVE('',#3175,#3176,#1610,.T.);
#3983=EDGE_CURVE('',#3175,#3177,#119,.T.);
#3984=EDGE_CURVE('',#3178,#3176,#120,.T.);
#3985=EDGE_CURVE('',#3177,#3178,#1611,.T.);
#3986=EDGE_CURVE('',#3177,#3179,#1612,.T.);
#3987=EDGE_CURVE('',#3180,#3178,#1613,.T.);
#3988=EDGE_CURVE('',#3179,#3180,#1614,.T.);
#3989=EDGE_CURVE('',#3179,#3165,#121,.T.);
#3990=EDGE_CURVE('',#3167,#3180,#122,.T.);
#3991=EDGE_CURVE('',#3181,#3182,#1615,.T.);
#3992=EDGE_CURVE('',#3181,#3183,#1616,.T.);
#3993=EDGE_CURVE('',#3184,#3183,#1617,.T.);
#3994=EDGE_CURVE('',#3182,#3184,#1618,.T.);
#3995=EDGE_CURVE('',#3182,#3185,#123,.T.);
#3996=EDGE_CURVE('',#3186,#3184,#124,.T.);
#3997=EDGE_CURVE('',#3185,#3186,#1619,.T.);
#3998=EDGE_CURVE('',#3185,#3187,#1620,.T.);
#3999=EDGE_CURVE('',#3188,#3186,#1621,.T.);
#4000=EDGE_CURVE('',#3187,#3188,#1622,.T.);
#4001=EDGE_CURVE('',#3187,#3189,#125,.T.);
#4002=EDGE_CURVE('',#3190,#3188,#126,.T.);
#4003=EDGE_CURVE('',#3189,#3190,#1623,.T.);
#4004=EDGE_CURVE('',#3189,#3191,#1624,.T.);
#4005=EDGE_CURVE('',#3192,#3190,#1625,.T.);
#4006=EDGE_CURVE('',#3191,#3192,#1626,.T.);
#4007=EDGE_CURVE('',#3191,#3193,#127,.T.);
#4008=EDGE_CURVE('',#3194,#3192,#128,.T.);
#4009=EDGE_CURVE('',#3193,#3194,#1627,.T.);
#4010=EDGE_CURVE('',#3193,#3195,#1628,.T.);
#4011=EDGE_CURVE('',#3196,#3194,#1629,.T.);
#4012=EDGE_CURVE('',#3195,#3196,#1630,.T.);
#4013=EDGE_CURVE('',#3195,#3181,#129,.T.);
#4014=EDGE_CURVE('',#3183,#3196,#130,.T.);
#4015=EDGE_CURVE('',#3197,#3198,#1631,.T.);
#4016=EDGE_CURVE('',#3197,#3199,#1632,.T.);
#4017=EDGE_CURVE('',#3200,#3199,#1633,.T.);
#4018=EDGE_CURVE('',#3198,#3200,#1634,.T.);
#4019=EDGE_CURVE('',#3198,#3201,#131,.T.);
#4020=EDGE_CURVE('',#3202,#3200,#132,.T.);
#4021=EDGE_CURVE('',#3201,#3202,#1635,.T.);
#4022=EDGE_CURVE('',#3201,#3203,#1636,.T.);
#4023=EDGE_CURVE('',#3204,#3202,#1637,.T.);
#4024=EDGE_CURVE('',#3203,#3204,#1638,.T.);
#4025=EDGE_CURVE('',#3203,#3205,#133,.T.);
#4026=EDGE_CURVE('',#3206,#3204,#134,.T.);
#4027=EDGE_CURVE('',#3205,#3206,#1639,.T.);
#4028=EDGE_CURVE('',#3205,#3207,#1640,.T.);
#4029=EDGE_CURVE('',#3208,#3206,#1641,.T.);
#4030=EDGE_CURVE('',#3207,#3208,#1642,.T.);
#4031=EDGE_CURVE('',#3207,#3209,#135,.T.);
#4032=EDGE_CURVE('',#3210,#3208,#136,.T.);
#4033=EDGE_CURVE('',#3209,#3210,#1643,.T.);
#4034=EDGE_CURVE('',#3209,#3211,#1644,.T.);
#4035=EDGE_CURVE('',#3212,#3210,#1645,.T.);
#4036=EDGE_CURVE('',#3211,#3212,#1646,.T.);
#4037=EDGE_CURVE('',#3211,#3197,#137,.T.);
#4038=EDGE_CURVE('',#3199,#3212,#138,.T.);
#4039=EDGE_CURVE('',#3213,#3214,#1647,.T.);
#4040=EDGE_CURVE('',#3213,#3215,#1648,.T.);
#4041=EDGE_CURVE('',#3216,#3215,#1649,.T.);
#4042=EDGE_CURVE('',#3214,#3216,#1650,.T.);
#4043=EDGE_CURVE('',#3214,#3217,#139,.T.);
#4044=EDGE_CURVE('',#3218,#3216,#140,.T.);
#4045=EDGE_CURVE('',#3217,#3218,#1651,.T.);
#4046=EDGE_CURVE('',#3217,#3219,#1652,.T.);
#4047=EDGE_CURVE('',#3220,#3218,#1653,.T.);
#4048=EDGE_CURVE('',#3219,#3220,#1654,.T.);
#4049=EDGE_CURVE('',#3219,#3221,#141,.T.);
#4050=EDGE_CURVE('',#3222,#3220,#142,.T.);
#4051=EDGE_CURVE('',#3221,#3222,#1655,.T.);
#4052=EDGE_CURVE('',#3221,#3223,#1656,.T.);
#4053=EDGE_CURVE('',#3224,#3222,#1657,.T.);
#4054=EDGE_CURVE('',#3223,#3224,#1658,.T.);
#4055=EDGE_CURVE('',#3223,#3225,#143,.T.);
#4056=EDGE_CURVE('',#3226,#3224,#144,.T.);
#4057=EDGE_CURVE('',#3225,#3226,#1659,.T.);
#4058=EDGE_CURVE('',#3225,#3227,#1660,.T.);
#4059=EDGE_CURVE('',#3228,#3226,#1661,.T.);
#4060=EDGE_CURVE('',#3227,#3228,#1662,.T.);
#4061=EDGE_CURVE('',#3227,#3213,#145,.T.);
#4062=EDGE_CURVE('',#3215,#3228,#146,.T.);
#4063=EDGE_CURVE('',#3229,#3230,#1663,.T.);
#4064=EDGE_CURVE('',#3229,#3231,#1664,.T.);
#4065=EDGE_CURVE('',#3232,#3231,#1665,.T.);
#4066=EDGE_CURVE('',#3230,#3232,#1666,.T.);
#4067=EDGE_CURVE('',#3230,#3233,#147,.T.);
#4068=EDGE_CURVE('',#3234,#3232,#148,.T.);
#4069=EDGE_CURVE('',#3233,#3234,#1667,.T.);
#4070=EDGE_CURVE('',#3233,#3235,#1668,.T.);
#4071=EDGE_CURVE('',#3236,#3234,#1669,.T.);
#4072=EDGE_CURVE('',#3235,#3236,#1670,.T.);
#4073=EDGE_CURVE('',#3235,#3237,#149,.T.);
#4074=EDGE_CURVE('',#3238,#3236,#150,.T.);
#4075=EDGE_CURVE('',#3237,#3238,#1671,.T.);
#4076=EDGE_CURVE('',#3237,#3239,#1672,.T.);
#4077=EDGE_CURVE('',#3240,#3238,#1673,.T.);
#4078=EDGE_CURVE('',#3239,#3240,#1674,.T.);
#4079=EDGE_CURVE('',#3239,#3241,#151,.T.);
#4080=EDGE_CURVE('',#3242,#3240,#152,.T.);
#4081=EDGE_CURVE('',#3241,#3242,#1675,.T.);
#4082=EDGE_CURVE('',#3241,#3243,#1676,.T.);
#4083=EDGE_CURVE('',#3244,#3242,#1677,.T.);
#4084=EDGE_CURVE('',#3243,#3244,#1678,.T.);
#4085=EDGE_CURVE('',#3243,#3229,#153,.T.);
#4086=EDGE_CURVE('',#3231,#3244,#154,.T.);
#4087=EDGE_CURVE('',#3245,#3246,#1679,.T.);
#4088=EDGE_CURVE('',#3245,#3247,#1680,.T.);
#4089=EDGE_CURVE('',#3248,#3247,#1681,.T.);
#4090=EDGE_CURVE('',#3246,#3248,#1682,.T.);
#4091=EDGE_CURVE('',#3246,#3249,#155,.T.);
#4092=EDGE_CURVE('',#3250,#3248,#156,.T.);
#4093=EDGE_CURVE('',#3249,#3250,#1683,.T.);
#4094=EDGE_CURVE('',#3249,#3251,#1684,.T.);
#4095=EDGE_CURVE('',#3252,#3250,#1685,.T.);
#4096=EDGE_CURVE('',#3251,#3252,#1686,.T.);
#4097=EDGE_CURVE('',#3251,#3253,#157,.T.);
#4098=EDGE_CURVE('',#3254,#3252,#158,.T.);
#4099=EDGE_CURVE('',#3253,#3254,#1687,.T.);
#4100=EDGE_CURVE('',#3253,#3255,#1688,.T.);
#4101=EDGE_CURVE('',#3256,#3254,#1689,.T.);
#4102=EDGE_CURVE('',#3255,#3256,#1690,.T.);
#4103=EDGE_CURVE('',#3255,#3257,#159,.T.);
#4104=EDGE_CURVE('',#3258,#3256,#160,.T.);
#4105=EDGE_CURVE('',#3257,#3258,#1691,.T.);
#4106=EDGE_CURVE('',#3257,#3259,#1692,.T.);
#4107=EDGE_CURVE('',#3260,#3258,#1693,.T.);
#4108=EDGE_CURVE('',#3259,#3260,#1694,.T.);
#4109=EDGE_CURVE('',#3259,#3245,#161,.T.);
#4110=EDGE_CURVE('',#3247,#3260,#162,.T.);
#4111=EDGE_CURVE('',#3261,#3262,#1695,.T.);
#4112=EDGE_CURVE('',#3261,#3263,#1696,.T.);
#4113=EDGE_CURVE('',#3264,#3263,#1697,.T.);
#4114=EDGE_CURVE('',#3262,#3264,#1698,.T.);
#4115=EDGE_CURVE('',#3262,#3265,#163,.T.);
#4116=EDGE_CURVE('',#3266,#3264,#164,.T.);
#4117=EDGE_CURVE('',#3265,#3266,#1699,.T.);
#4118=EDGE_CURVE('',#3265,#3267,#1700,.T.);
#4119=EDGE_CURVE('',#3268,#3266,#1701,.T.);
#4120=EDGE_CURVE('',#3267,#3268,#1702,.T.);
#4121=EDGE_CURVE('',#3267,#3269,#165,.T.);
#4122=EDGE_CURVE('',#3270,#3268,#166,.T.);
#4123=EDGE_CURVE('',#3269,#3270,#1703,.T.);
#4124=EDGE_CURVE('',#3269,#3271,#1704,.T.);
#4125=EDGE_CURVE('',#3272,#3270,#1705,.T.);
#4126=EDGE_CURVE('',#3271,#3272,#1706,.T.);
#4127=EDGE_CURVE('',#3271,#3273,#167,.T.);
#4128=EDGE_CURVE('',#3274,#3272,#168,.T.);
#4129=EDGE_CURVE('',#3273,#3274,#1707,.T.);
#4130=EDGE_CURVE('',#3273,#3275,#1708,.T.);
#4131=EDGE_CURVE('',#3276,#3274,#1709,.T.);
#4132=EDGE_CURVE('',#3275,#3276,#1710,.T.);
#4133=EDGE_CURVE('',#3275,#3261,#169,.T.);
#4134=EDGE_CURVE('',#3263,#3276,#170,.T.);
#4135=EDGE_CURVE('',#3277,#3277,#171,.T.);
#4136=EDGE_CURVE('',#3277,#3278,#1711,.T.);
#4137=EDGE_CURVE('',#3278,#3278,#172,.T.);
#4138=EDGE_CURVE('',#3279,#3280,#1712,.T.);
#4139=EDGE_CURVE('',#3279,#3281,#1713,.T.);
#4140=EDGE_CURVE('',#3282,#3281,#1714,.T.);
#4141=EDGE_CURVE('',#3280,#3282,#1715,.T.);
#4142=EDGE_CURVE('',#3280,#3283,#173,.T.);
#4143=EDGE_CURVE('',#3284,#3282,#174,.T.);
#4144=EDGE_CURVE('',#3283,#3284,#1716,.T.);
#4145=EDGE_CURVE('',#3283,#3285,#1717,.T.);
#4146=EDGE_CURVE('',#3286,#3284,#1718,.T.);
#4147=EDGE_CURVE('',#3285,#3286,#1719,.T.);
#4148=EDGE_CURVE('',#3285,#3287,#175,.T.);
#4149=EDGE_CURVE('',#3288,#3286,#176,.T.);
#4150=EDGE_CURVE('',#3287,#3288,#1720,.T.);
#4151=EDGE_CURVE('',#3287,#3289,#1721,.T.);
#4152=EDGE_CURVE('',#3290,#3288,#1722,.T.);
#4153=EDGE_CURVE('',#3289,#3290,#1723,.T.);
#4154=EDGE_CURVE('',#3289,#3291,#177,.T.);
#4155=EDGE_CURVE('',#3292,#3290,#178,.T.);
#4156=EDGE_CURVE('',#3291,#3292,#1724,.T.);
#4157=EDGE_CURVE('',#3291,#3293,#1725,.T.);
#4158=EDGE_CURVE('',#3294,#3292,#1726,.T.);
#4159=EDGE_CURVE('',#3293,#3294,#1727,.T.);
#4160=EDGE_CURVE('',#3293,#3279,#179,.T.);
#4161=EDGE_CURVE('',#3281,#3294,#180,.T.);
#4162=EDGE_CURVE('',#3295,#3296,#1728,.T.);
#4163=EDGE_CURVE('',#3295,#3297,#1729,.T.);
#4164=EDGE_CURVE('',#3298,#3297,#1730,.T.);
#4165=EDGE_CURVE('',#3296,#3298,#1731,.T.);
#4166=EDGE_CURVE('',#3296,#3299,#181,.T.);
#4167=EDGE_CURVE('',#3300,#3298,#182,.T.);
#4168=EDGE_CURVE('',#3299,#3300,#1732,.T.);
#4169=EDGE_CURVE('',#3299,#3301,#1733,.T.);
#4170=EDGE_CURVE('',#3302,#3300,#1734,.T.);
#4171=EDGE_CURVE('',#3301,#3302,#1735,.T.);
#4172=EDGE_CURVE('',#3301,#3303,#183,.T.);
#4173=EDGE_CURVE('',#3304,#3302,#184,.T.);
#4174=EDGE_CURVE('',#3303,#3304,#1736,.T.);
#4175=EDGE_CURVE('',#3303,#3305,#1737,.T.);
#4176=EDGE_CURVE('',#3306,#3304,#1738,.T.);
#4177=EDGE_CURVE('',#3305,#3306,#1739,.T.);
#4178=EDGE_CURVE('',#3305,#3307,#185,.T.);
#4179=EDGE_CURVE('',#3308,#3306,#186,.T.);
#4180=EDGE_CURVE('',#3307,#3308,#1740,.T.);
#4181=EDGE_CURVE('',#3307,#3309,#1741,.T.);
#4182=EDGE_CURVE('',#3310,#3308,#1742,.T.);
#4183=EDGE_CURVE('',#3309,#3310,#1743,.T.);
#4184=EDGE_CURVE('',#3309,#3295,#187,.T.);
#4185=EDGE_CURVE('',#3297,#3310,#188,.T.);
#4186=EDGE_CURVE('',#3311,#3312,#1744,.T.);
#4187=EDGE_CURVE('',#3311,#3313,#1745,.T.);
#4188=EDGE_CURVE('',#3314,#3313,#1746,.T.);
#4189=EDGE_CURVE('',#3312,#3314,#1747,.T.);
#4190=EDGE_CURVE('',#3312,#3315,#189,.T.);
#4191=EDGE_CURVE('',#3316,#3314,#190,.T.);
#4192=EDGE_CURVE('',#3315,#3316,#1748,.T.);
#4193=EDGE_CURVE('',#3315,#3317,#1749,.T.);
#4194=EDGE_CURVE('',#3318,#3316,#1750,.T.);
#4195=EDGE_CURVE('',#3317,#3318,#1751,.T.);
#4196=EDGE_CURVE('',#3317,#3319,#191,.T.);
#4197=EDGE_CURVE('',#3320,#3318,#192,.T.);
#4198=EDGE_CURVE('',#3319,#3320,#1752,.T.);
#4199=EDGE_CURVE('',#3319,#3321,#1753,.T.);
#4200=EDGE_CURVE('',#3322,#3320,#1754,.T.);
#4201=EDGE_CURVE('',#3321,#3322,#1755,.T.);
#4202=EDGE_CURVE('',#3321,#3323,#193,.T.);
#4203=EDGE_CURVE('',#3324,#3322,#194,.T.);
#4204=EDGE_CURVE('',#3323,#3324,#1756,.T.);
#4205=EDGE_CURVE('',#3323,#3325,#1757,.T.);
#4206=EDGE_CURVE('',#3326,#3324,#1758,.T.);
#4207=EDGE_CURVE('',#3325,#3326,#1759,.T.);
#4208=EDGE_CURVE('',#3325,#3311,#195,.T.);
#4209=EDGE_CURVE('',#3313,#3326,#196,.T.);
#4210=EDGE_CURVE('',#3327,#3327,#197,.T.);
#4211=EDGE_CURVE('',#3327,#3328,#1760,.T.);
#4212=EDGE_CURVE('',#3328,#3328,#198,.T.);
#4213=EDGE_CURVE('',#3329,#3330,#1761,.T.);
#4214=EDGE_CURVE('',#3329,#3331,#1762,.T.);
#4215=EDGE_CURVE('',#3332,#3331,#1763,.T.);
#4216=EDGE_CURVE('',#3330,#3332,#1764,.T.);
#4217=EDGE_CURVE('',#3330,#3333,#199,.T.);
#4218=EDGE_CURVE('',#3334,#3332,#200,.T.);
#4219=EDGE_CURVE('',#3333,#3334,#1765,.T.);
#4220=EDGE_CURVE('',#3333,#3335,#1766,.T.);
#4221=EDGE_CURVE('',#3336,#3334,#1767,.T.);
#4222=EDGE_CURVE('',#3335,#3336,#1768,.T.);
#4223=EDGE_CURVE('',#3335,#3337,#201,.T.);
#4224=EDGE_CURVE('',#3338,#3336,#202,.T.);
#4225=EDGE_CURVE('',#3337,#3338,#1769,.T.);
#4226=EDGE_CURVE('',#3337,#3339,#1770,.T.);
#4227=EDGE_CURVE('',#3340,#3338,#1771,.T.);
#4228=EDGE_CURVE('',#3339,#3340,#1772,.T.);
#4229=EDGE_CURVE('',#3339,#3341,#203,.T.);
#4230=EDGE_CURVE('',#3342,#3340,#204,.T.);
#4231=EDGE_CURVE('',#3341,#3342,#1773,.T.);
#4232=EDGE_CURVE('',#3341,#3343,#1774,.T.);
#4233=EDGE_CURVE('',#3344,#3342,#1775,.T.);
#4234=EDGE_CURVE('',#3343,#3344,#1776,.T.);
#4235=EDGE_CURVE('',#3343,#3329,#205,.T.);
#4236=EDGE_CURVE('',#3331,#3344,#206,.T.);
#4237=EDGE_CURVE('',#3345,#3346,#1777,.T.);
#4238=EDGE_CURVE('',#3345,#3347,#1778,.T.);
#4239=EDGE_CURVE('',#3348,#3347,#1779,.T.);
#4240=EDGE_CURVE('',#3346,#3348,#1780,.T.);
#4241=EDGE_CURVE('',#3346,#3349,#207,.T.);
#4242=EDGE_CURVE('',#3350,#3348,#208,.T.);
#4243=EDGE_CURVE('',#3349,#3350,#1781,.T.);
#4244=EDGE_CURVE('',#3349,#3351,#1782,.T.);
#4245=EDGE_CURVE('',#3352,#3350,#1783,.T.);
#4246=EDGE_CURVE('',#3351,#3352,#1784,.T.);
#4247=EDGE_CURVE('',#3351,#3353,#209,.T.);
#4248=EDGE_CURVE('',#3354,#3352,#210,.T.);
#4249=EDGE_CURVE('',#3353,#3354,#1785,.T.);
#4250=EDGE_CURVE('',#3353,#3355,#1786,.T.);
#4251=EDGE_CURVE('',#3356,#3354,#1787,.T.);
#4252=EDGE_CURVE('',#3355,#3356,#1788,.T.);
#4253=EDGE_CURVE('',#3355,#3357,#211,.T.);
#4254=EDGE_CURVE('',#3358,#3356,#212,.T.);
#4255=EDGE_CURVE('',#3357,#3358,#1789,.T.);
#4256=EDGE_CURVE('',#3357,#3359,#1790,.T.);
#4257=EDGE_CURVE('',#3360,#3358,#1791,.T.);
#4258=EDGE_CURVE('',#3359,#3360,#1792,.T.);
#4259=EDGE_CURVE('',#3359,#3345,#213,.T.);
#4260=EDGE_CURVE('',#3347,#3360,#214,.T.);
#4261=EDGE_CURVE('',#3361,#3362,#1793,.T.);
#4262=EDGE_CURVE('',#3361,#3363,#1794,.T.);
#4263=EDGE_CURVE('',#3364,#3363,#1795,.T.);
#4264=EDGE_CURVE('',#3362,#3364,#1796,.T.);
#4265=EDGE_CURVE('',#3362,#3365,#215,.T.);
#4266=EDGE_CURVE('',#3366,#3364,#216,.T.);
#4267=EDGE_CURVE('',#3365,#3366,#1797,.T.);
#4268=EDGE_CURVE('',#3365,#3367,#1798,.T.);
#4269=EDGE_CURVE('',#3368,#3366,#1799,.T.);
#4270=EDGE_CURVE('',#3367,#3368,#1800,.T.);
#4271=EDGE_CURVE('',#3367,#3369,#217,.T.);
#4272=EDGE_CURVE('',#3370,#3368,#218,.T.);
#4273=EDGE_CURVE('',#3369,#3370,#1801,.T.);
#4274=EDGE_CURVE('',#3369,#3371,#1802,.T.);
#4275=EDGE_CURVE('',#3372,#3370,#1803,.T.);
#4276=EDGE_CURVE('',#3371,#3372,#1804,.T.);
#4277=EDGE_CURVE('',#3371,#3373,#219,.T.);
#4278=EDGE_CURVE('',#3374,#3372,#220,.T.);
#4279=EDGE_CURVE('',#3373,#3374,#1805,.T.);
#4280=EDGE_CURVE('',#3373,#3375,#1806,.T.);
#4281=EDGE_CURVE('',#3376,#3374,#1807,.T.);
#4282=EDGE_CURVE('',#3375,#3376,#1808,.T.);
#4283=EDGE_CURVE('',#3375,#3361,#221,.T.);
#4284=EDGE_CURVE('',#3363,#3376,#222,.T.);
#4285=EDGE_CURVE('',#3377,#3378,#1809,.T.);
#4286=EDGE_CURVE('',#3377,#3379,#1810,.T.);
#4287=EDGE_CURVE('',#3380,#3379,#1811,.T.);
#4288=EDGE_CURVE('',#3378,#3380,#1812,.T.);
#4289=EDGE_CURVE('',#3378,#3381,#223,.T.);
#4290=EDGE_CURVE('',#3382,#3380,#224,.T.);
#4291=EDGE_CURVE('',#3381,#3382,#1813,.T.);
#4292=EDGE_CURVE('',#3381,#3383,#1814,.T.);
#4293=EDGE_CURVE('',#3384,#3382,#1815,.T.);
#4294=EDGE_CURVE('',#3383,#3384,#1816,.T.);
#4295=EDGE_CURVE('',#3383,#3385,#225,.T.);
#4296=EDGE_CURVE('',#3386,#3384,#226,.T.);
#4297=EDGE_CURVE('',#3385,#3386,#1817,.T.);
#4298=EDGE_CURVE('',#3385,#3387,#1818,.T.);
#4299=EDGE_CURVE('',#3388,#3386,#1819,.T.);
#4300=EDGE_CURVE('',#3387,#3388,#1820,.T.);
#4301=EDGE_CURVE('',#3387,#3389,#227,.T.);
#4302=EDGE_CURVE('',#3390,#3388,#228,.T.);
#4303=EDGE_CURVE('',#3389,#3390,#1821,.T.);
#4304=EDGE_CURVE('',#3389,#3391,#1822,.T.);
#4305=EDGE_CURVE('',#3392,#3390,#1823,.T.);
#4306=EDGE_CURVE('',#3391,#3392,#1824,.T.);
#4307=EDGE_CURVE('',#3391,#3377,#229,.T.);
#4308=EDGE_CURVE('',#3379,#3392,#230,.T.);
#4309=EDGE_CURVE('',#3393,#3394,#1825,.T.);
#4310=EDGE_CURVE('',#3393,#3395,#1826,.T.);
#4311=EDGE_CURVE('',#3396,#3395,#1827,.T.);
#4312=EDGE_CURVE('',#3394,#3396,#1828,.T.);
#4313=EDGE_CURVE('',#3394,#3397,#231,.T.);
#4314=EDGE_CURVE('',#3398,#3396,#232,.T.);
#4315=EDGE_CURVE('',#3397,#3398,#1829,.T.);
#4316=EDGE_CURVE('',#3397,#3399,#1830,.T.);
#4317=EDGE_CURVE('',#3400,#3398,#1831,.T.);
#4318=EDGE_CURVE('',#3399,#3400,#1832,.T.);
#4319=EDGE_CURVE('',#3399,#3401,#233,.T.);
#4320=EDGE_CURVE('',#3402,#3400,#234,.T.);
#4321=EDGE_CURVE('',#3401,#3402,#1833,.T.);
#4322=EDGE_CURVE('',#3401,#3403,#1834,.T.);
#4323=EDGE_CURVE('',#3404,#3402,#1835,.T.);
#4324=EDGE_CURVE('',#3403,#3404,#1836,.T.);
#4325=EDGE_CURVE('',#3403,#3405,#235,.T.);
#4326=EDGE_CURVE('',#3406,#3404,#236,.T.);
#4327=EDGE_CURVE('',#3405,#3406,#1837,.T.);
#4328=EDGE_CURVE('',#3405,#3407,#1838,.T.);
#4329=EDGE_CURVE('',#3408,#3406,#1839,.T.);
#4330=EDGE_CURVE('',#3407,#3408,#1840,.T.);
#4331=EDGE_CURVE('',#3407,#3393,#237,.T.);
#4332=EDGE_CURVE('',#3395,#3408,#238,.T.);
#4333=EDGE_CURVE('',#3409,#3409,#239,.T.);
#4334=EDGE_CURVE('',#3409,#3410,#1841,.T.);
#4335=EDGE_CURVE('',#3410,#3410,#240,.T.);
#4336=EDGE_CURVE('',#3411,#3411,#241,.T.);
#4337=EDGE_CURVE('',#3411,#3412,#1842,.T.);
#4338=EDGE_CURVE('',#3412,#3412,#242,.T.);
#4339=EDGE_CURVE('',#3413,#3414,#1843,.T.);
#4340=EDGE_CURVE('',#3413,#3415,#1844,.T.);
#4341=EDGE_CURVE('',#3416,#3415,#1845,.T.);
#4342=EDGE_CURVE('',#3414,#3416,#1846,.T.);
#4343=EDGE_CURVE('',#3414,#3417,#243,.T.);
#4344=EDGE_CURVE('',#3418,#3416,#244,.T.);
#4345=EDGE_CURVE('',#3417,#3418,#1847,.T.);
#4346=EDGE_CURVE('',#3417,#3419,#1848,.T.);
#4347=EDGE_CURVE('',#3420,#3418,#1849,.T.);
#4348=EDGE_CURVE('',#3419,#3420,#1850,.T.);
#4349=EDGE_CURVE('',#3419,#3421,#245,.T.);
#4350=EDGE_CURVE('',#3422,#3420,#246,.T.);
#4351=EDGE_CURVE('',#3421,#3422,#1851,.T.);
#4352=EDGE_CURVE('',#3421,#3423,#1852,.T.);
#4353=EDGE_CURVE('',#3424,#3422,#1853,.T.);
#4354=EDGE_CURVE('',#3423,#3424,#1854,.T.);
#4355=EDGE_CURVE('',#3423,#3425,#247,.T.);
#4356=EDGE_CURVE('',#3426,#3424,#248,.T.);
#4357=EDGE_CURVE('',#3425,#3426,#1855,.T.);
#4358=EDGE_CURVE('',#3425,#3427,#1856,.T.);
#4359=EDGE_CURVE('',#3428,#3426,#1857,.T.);
#4360=EDGE_CURVE('',#3427,#3428,#1858,.T.);
#4361=EDGE_CURVE('',#3427,#3413,#249,.T.);
#4362=EDGE_CURVE('',#3415,#3428,#250,.T.);
#4363=EDGE_CURVE('',#3429,#3430,#1859,.T.);
#4364=EDGE_CURVE('',#3429,#3431,#1860,.T.);
#4365=EDGE_CURVE('',#3432,#3431,#1861,.T.);
#4366=EDGE_CURVE('',#3430,#3432,#1862,.T.);
#4367=EDGE_CURVE('',#3430,#3433,#251,.T.);
#4368=EDGE_CURVE('',#3434,#3432,#252,.T.);
#4369=EDGE_CURVE('',#3433,#3434,#1863,.T.);
#4370=EDGE_CURVE('',#3433,#3435,#1864,.T.);
#4371=EDGE_CURVE('',#3436,#3434,#1865,.T.);
#4372=EDGE_CURVE('',#3435,#3436,#1866,.T.);
#4373=EDGE_CURVE('',#3435,#3437,#253,.T.);
#4374=EDGE_CURVE('',#3438,#3436,#254,.T.);
#4375=EDGE_CURVE('',#3437,#3438,#1867,.T.);
#4376=EDGE_CURVE('',#3437,#3439,#1868,.T.);
#4377=EDGE_CURVE('',#3440,#3438,#1869,.T.);
#4378=EDGE_CURVE('',#3439,#3440,#1870,.T.);
#4379=EDGE_CURVE('',#3439,#3441,#255,.T.);
#4380=EDGE_CURVE('',#3442,#3440,#256,.T.);
#4381=EDGE_CURVE('',#3441,#3442,#1871,.T.);
#4382=EDGE_CURVE('',#3441,#3443,#1872,.T.);
#4383=EDGE_CURVE('',#3444,#3442,#1873,.T.);
#4384=EDGE_CURVE('',#3443,#3444,#1874,.T.);
#4385=EDGE_CURVE('',#3443,#3429,#257,.T.);
#4386=EDGE_CURVE('',#3431,#3444,#258,.T.);
#4387=EDGE_CURVE('',#3445,#3446,#1875,.T.);
#4388=EDGE_CURVE('',#3445,#3447,#1876,.T.);
#4389=EDGE_CURVE('',#3448,#3447,#1877,.T.);
#4390=EDGE_CURVE('',#3446,#3448,#1878,.T.);
#4391=EDGE_CURVE('',#3446,#3449,#259,.T.);
#4392=EDGE_CURVE('',#3450,#3448,#260,.T.);
#4393=EDGE_CURVE('',#3449,#3450,#1879,.T.);
#4394=EDGE_CURVE('',#3449,#3451,#1880,.T.);
#4395=EDGE_CURVE('',#3452,#3450,#1881,.T.);
#4396=EDGE_CURVE('',#3451,#3452,#1882,.T.);
#4397=EDGE_CURVE('',#3451,#3453,#261,.T.);
#4398=EDGE_CURVE('',#3454,#3452,#262,.T.);
#4399=EDGE_CURVE('',#3453,#3454,#1883,.T.);
#4400=EDGE_CURVE('',#3453,#3455,#1884,.T.);
#4401=EDGE_CURVE('',#3456,#3454,#1885,.T.);
#4402=EDGE_CURVE('',#3455,#3456,#1886,.T.);
#4403=EDGE_CURVE('',#3455,#3457,#263,.T.);
#4404=EDGE_CURVE('',#3458,#3456,#264,.T.);
#4405=EDGE_CURVE('',#3457,#3458,#1887,.T.);
#4406=EDGE_CURVE('',#3457,#3459,#1888,.T.);
#4407=EDGE_CURVE('',#3460,#3458,#1889,.T.);
#4408=EDGE_CURVE('',#3459,#3460,#1890,.T.);
#4409=EDGE_CURVE('',#3459,#3445,#265,.T.);
#4410=EDGE_CURVE('',#3447,#3460,#266,.T.);
#4411=EDGE_CURVE('',#3461,#3462,#1891,.T.);
#4412=EDGE_CURVE('',#3461,#3463,#1892,.T.);
#4413=EDGE_CURVE('',#3464,#3463,#1893,.T.);
#4414=EDGE_CURVE('',#3462,#3464,#1894,.T.);
#4415=EDGE_CURVE('',#3462,#3465,#267,.T.);
#4416=EDGE_CURVE('',#3466,#3464,#268,.T.);
#4417=EDGE_CURVE('',#3465,#3466,#1895,.T.);
#4418=EDGE_CURVE('',#3465,#3467,#1896,.T.);
#4419=EDGE_CURVE('',#3468,#3466,#1897,.T.);
#4420=EDGE_CURVE('',#3467,#3468,#1898,.T.);
#4421=EDGE_CURVE('',#3467,#3469,#269,.T.);
#4422=EDGE_CURVE('',#3470,#3468,#270,.T.);
#4423=EDGE_CURVE('',#3469,#3470,#1899,.T.);
#4424=EDGE_CURVE('',#3469,#3471,#1900,.T.);
#4425=EDGE_CURVE('',#3472,#3470,#1901,.T.);
#4426=EDGE_CURVE('',#3471,#3472,#1902,.T.);
#4427=EDGE_CURVE('',#3471,#3473,#271,.T.);
#4428=EDGE_CURVE('',#3474,#3472,#272,.T.);
#4429=EDGE_CURVE('',#3473,#3474,#1903,.T.);
#4430=EDGE_CURVE('',#3473,#3475,#1904,.T.);
#4431=EDGE_CURVE('',#3476,#3474,#1905,.T.);
#4432=EDGE_CURVE('',#3475,#3476,#1906,.T.);
#4433=EDGE_CURVE('',#3475,#3461,#273,.T.);
#4434=EDGE_CURVE('',#3463,#3476,#274,.T.);
#4435=EDGE_CURVE('',#3477,#3478,#1907,.T.);
#4436=EDGE_CURVE('',#3477,#3479,#1908,.T.);
#4437=EDGE_CURVE('',#3480,#3479,#1909,.T.);
#4438=EDGE_CURVE('',#3478,#3480,#1910,.T.);
#4439=EDGE_CURVE('',#3478,#3481,#275,.T.);
#4440=EDGE_CURVE('',#3482,#3480,#276,.T.);
#4441=EDGE_CURVE('',#3481,#3482,#1911,.T.);
#4442=EDGE_CURVE('',#3481,#3483,#1912,.T.);
#4443=EDGE_CURVE('',#3484,#3482,#1913,.T.);
#4444=EDGE_CURVE('',#3483,#3484,#1914,.T.);
#4445=EDGE_CURVE('',#3483,#3485,#277,.T.);
#4446=EDGE_CURVE('',#3486,#3484,#278,.T.);
#4447=EDGE_CURVE('',#3485,#3486,#1915,.T.);
#4448=EDGE_CURVE('',#3485,#3487,#1916,.T.);
#4449=EDGE_CURVE('',#3488,#3486,#1917,.T.);
#4450=EDGE_CURVE('',#3487,#3488,#1918,.T.);
#4451=EDGE_CURVE('',#3487,#3489,#279,.T.);
#4452=EDGE_CURVE('',#3490,#3488,#280,.T.);
#4453=EDGE_CURVE('',#3489,#3490,#1919,.T.);
#4454=EDGE_CURVE('',#3489,#3491,#1920,.T.);
#4455=EDGE_CURVE('',#3492,#3490,#1921,.T.);
#4456=EDGE_CURVE('',#3491,#3492,#1922,.T.);
#4457=EDGE_CURVE('',#3491,#3477,#281,.T.);
#4458=EDGE_CURVE('',#3479,#3492,#282,.T.);
#4459=EDGE_CURVE('',#3493,#3493,#283,.T.);
#4460=EDGE_CURVE('',#3493,#3494,#1923,.T.);
#4461=EDGE_CURVE('',#3494,#3494,#284,.T.);
#4462=EDGE_CURVE('',#3495,#3496,#1924,.T.);
#4463=EDGE_CURVE('',#3495,#3497,#1925,.T.);
#4464=EDGE_CURVE('',#3498,#3497,#1926,.T.);
#4465=EDGE_CURVE('',#3496,#3498,#1927,.T.);
#4466=EDGE_CURVE('',#3496,#3499,#285,.T.);
#4467=EDGE_CURVE('',#3500,#3498,#286,.T.);
#4468=EDGE_CURVE('',#3499,#3500,#1928,.T.);
#4469=EDGE_CURVE('',#3499,#3501,#1929,.T.);
#4470=EDGE_CURVE('',#3502,#3500,#1930,.T.);
#4471=EDGE_CURVE('',#3501,#3502,#1931,.T.);
#4472=EDGE_CURVE('',#3501,#3503,#287,.T.);
#4473=EDGE_CURVE('',#3504,#3502,#288,.T.);
#4474=EDGE_CURVE('',#3503,#3504,#1932,.T.);
#4475=EDGE_CURVE('',#3503,#3505,#1933,.T.);
#4476=EDGE_CURVE('',#3506,#3504,#1934,.T.);
#4477=EDGE_CURVE('',#3505,#3506,#1935,.T.);
#4478=EDGE_CURVE('',#3505,#3507,#289,.T.);
#4479=EDGE_CURVE('',#3508,#3506,#290,.T.);
#4480=EDGE_CURVE('',#3507,#3508,#1936,.T.);
#4481=EDGE_CURVE('',#3507,#3509,#1937,.T.);
#4482=EDGE_CURVE('',#3510,#3508,#1938,.T.);
#4483=EDGE_CURVE('',#3509,#3510,#1939,.T.);
#4484=EDGE_CURVE('',#3509,#3495,#291,.T.);
#4485=EDGE_CURVE('',#3497,#3510,#292,.T.);
#4486=EDGE_CURVE('',#3511,#3512,#1940,.T.);
#4487=EDGE_CURVE('',#3511,#3513,#1941,.T.);
#4488=EDGE_CURVE('',#3514,#3513,#1942,.T.);
#4489=EDGE_CURVE('',#3512,#3514,#1943,.T.);
#4490=EDGE_CURVE('',#3512,#3515,#293,.T.);
#4491=EDGE_CURVE('',#3516,#3514,#294,.T.);
#4492=EDGE_CURVE('',#3515,#3516,#1944,.T.);
#4493=EDGE_CURVE('',#3515,#3517,#1945,.T.);
#4494=EDGE_CURVE('',#3518,#3516,#1946,.T.);
#4495=EDGE_CURVE('',#3517,#3518,#1947,.T.);
#4496=EDGE_CURVE('',#3517,#3519,#295,.T.);
#4497=EDGE_CURVE('',#3520,#3518,#296,.T.);
#4498=EDGE_CURVE('',#3519,#3520,#1948,.T.);
#4499=EDGE_CURVE('',#3519,#3521,#1949,.T.);
#4500=EDGE_CURVE('',#3522,#3520,#1950,.T.);
#4501=EDGE_CURVE('',#3521,#3522,#1951,.T.);
#4502=EDGE_CURVE('',#3521,#3523,#297,.T.);
#4503=EDGE_CURVE('',#3524,#3522,#298,.T.);
#4504=EDGE_CURVE('',#3523,#3524,#1952,.T.);
#4505=EDGE_CURVE('',#3523,#3525,#1953,.T.);
#4506=EDGE_CURVE('',#3526,#3524,#1954,.T.);
#4507=EDGE_CURVE('',#3525,#3526,#1955,.T.);
#4508=EDGE_CURVE('',#3525,#3511,#299,.T.);
#4509=EDGE_CURVE('',#3513,#3526,#300,.T.);
#4510=EDGE_CURVE('',#3527,#3527,#301,.T.);
#4511=EDGE_CURVE('',#3527,#3528,#1956,.T.);
#4512=EDGE_CURVE('',#3528,#3528,#302,.T.);
#4513=EDGE_CURVE('',#3529,#3530,#1957,.T.);
#4514=EDGE_CURVE('',#3529,#3531,#1958,.T.);
#4515=EDGE_CURVE('',#3532,#3531,#1959,.T.);
#4516=EDGE_CURVE('',#3530,#3532,#1960,.T.);
#4517=EDGE_CURVE('',#3530,#3533,#303,.T.);
#4518=EDGE_CURVE('',#3534,#3532,#304,.T.);
#4519=EDGE_CURVE('',#3533,#3534,#1961,.T.);
#4520=EDGE_CURVE('',#3533,#3535,#1962,.T.);
#4521=EDGE_CURVE('',#3536,#3534,#1963,.T.);
#4522=EDGE_CURVE('',#3535,#3536,#1964,.T.);
#4523=EDGE_CURVE('',#3535,#3537,#305,.T.);
#4524=EDGE_CURVE('',#3538,#3536,#306,.T.);
#4525=EDGE_CURVE('',#3537,#3538,#1965,.T.);
#4526=EDGE_CURVE('',#3537,#3539,#1966,.T.);
#4527=EDGE_CURVE('',#3540,#3538,#1967,.T.);
#4528=EDGE_CURVE('',#3539,#3540,#1968,.T.);
#4529=EDGE_CURVE('',#3539,#3541,#307,.T.);
#4530=EDGE_CURVE('',#3542,#3540,#308,.T.);
#4531=EDGE_CURVE('',#3541,#3542,#1969,.T.);
#4532=EDGE_CURVE('',#3541,#3543,#1970,.T.);
#4533=EDGE_CURVE('',#3544,#3542,#1971,.T.);
#4534=EDGE_CURVE('',#3543,#3544,#1972,.T.);
#4535=EDGE_CURVE('',#3543,#3529,#309,.T.);
#4536=EDGE_CURVE('',#3531,#3544,#310,.T.);
#4537=EDGE_CURVE('',#3545,#3546,#1973,.T.);
#4538=EDGE_CURVE('',#3545,#3547,#1974,.T.);
#4539=EDGE_CURVE('',#3548,#3547,#1975,.T.);
#4540=EDGE_CURVE('',#3546,#3548,#1976,.T.);
#4541=EDGE_CURVE('',#3546,#3549,#311,.T.);
#4542=EDGE_CURVE('',#3550,#3548,#312,.T.);
#4543=EDGE_CURVE('',#3549,#3550,#1977,.T.);
#4544=EDGE_CURVE('',#3549,#3551,#1978,.T.);
#4545=EDGE_CURVE('',#3552,#3550,#1979,.T.);
#4546=EDGE_CURVE('',#3551,#3552,#1980,.T.);
#4547=EDGE_CURVE('',#3551,#3553,#313,.T.);
#4548=EDGE_CURVE('',#3554,#3552,#314,.T.);
#4549=EDGE_CURVE('',#3553,#3554,#1981,.T.);
#4550=EDGE_CURVE('',#3553,#3555,#1982,.T.);
#4551=EDGE_CURVE('',#3556,#3554,#1983,.T.);
#4552=EDGE_CURVE('',#3555,#3556,#1984,.T.);
#4553=EDGE_CURVE('',#3555,#3557,#315,.T.);
#4554=EDGE_CURVE('',#3558,#3556,#316,.T.);
#4555=EDGE_CURVE('',#3557,#3558,#1985,.T.);
#4556=EDGE_CURVE('',#3557,#3559,#1986,.T.);
#4557=EDGE_CURVE('',#3560,#3558,#1987,.T.);
#4558=EDGE_CURVE('',#3559,#3560,#1988,.T.);
#4559=EDGE_CURVE('',#3559,#3545,#317,.T.);
#4560=EDGE_CURVE('',#3547,#3560,#318,.T.);
#4561=EDGE_CURVE('',#3561,#3562,#1989,.T.);
#4562=EDGE_CURVE('',#3561,#3563,#1990,.T.);
#4563=EDGE_CURVE('',#3564,#3563,#1991,.T.);
#4564=EDGE_CURVE('',#3562,#3564,#1992,.T.);
#4565=EDGE_CURVE('',#3562,#3565,#319,.T.);
#4566=EDGE_CURVE('',#3566,#3564,#320,.T.);
#4567=EDGE_CURVE('',#3565,#3566,#1993,.T.);
#4568=EDGE_CURVE('',#3565,#3567,#1994,.T.);
#4569=EDGE_CURVE('',#3568,#3566,#1995,.T.);
#4570=EDGE_CURVE('',#3567,#3568,#1996,.T.);
#4571=EDGE_CURVE('',#3567,#3569,#321,.T.);
#4572=EDGE_CURVE('',#3570,#3568,#322,.T.);
#4573=EDGE_CURVE('',#3569,#3570,#1997,.T.);
#4574=EDGE_CURVE('',#3569,#3571,#1998,.T.);
#4575=EDGE_CURVE('',#3572,#3570,#1999,.T.);
#4576=EDGE_CURVE('',#3571,#3572,#2000,.T.);
#4577=EDGE_CURVE('',#3571,#3573,#323,.T.);
#4578=EDGE_CURVE('',#3574,#3572,#324,.T.);
#4579=EDGE_CURVE('',#3573,#3574,#2001,.T.);
#4580=EDGE_CURVE('',#3573,#3575,#2002,.T.);
#4581=EDGE_CURVE('',#3576,#3574,#2003,.T.);
#4582=EDGE_CURVE('',#3575,#3576,#2004,.T.);
#4583=EDGE_CURVE('',#3575,#3561,#325,.T.);
#4584=EDGE_CURVE('',#3563,#3576,#326,.T.);
#4585=EDGE_CURVE('',#3577,#3578,#2005,.T.);
#4586=EDGE_CURVE('',#3577,#3579,#2006,.T.);
#4587=EDGE_CURVE('',#3580,#3579,#2007,.T.);
#4588=EDGE_CURVE('',#3578,#3580,#2008,.T.);
#4589=EDGE_CURVE('',#3578,#3581,#327,.T.);
#4590=EDGE_CURVE('',#3582,#3580,#328,.T.);
#4591=EDGE_CURVE('',#3581,#3582,#2009,.T.);
#4592=EDGE_CURVE('',#3581,#3583,#2010,.T.);
#4593=EDGE_CURVE('',#3584,#3582,#2011,.T.);
#4594=EDGE_CURVE('',#3583,#3584,#2012,.T.);
#4595=EDGE_CURVE('',#3583,#3585,#329,.T.);
#4596=EDGE_CURVE('',#3586,#3584,#330,.T.);
#4597=EDGE_CURVE('',#3585,#3586,#2013,.T.);
#4598=EDGE_CURVE('',#3585,#3587,#2014,.T.);
#4599=EDGE_CURVE('',#3588,#3586,#2015,.T.);
#4600=EDGE_CURVE('',#3587,#3588,#2016,.T.);
#4601=EDGE_CURVE('',#3587,#3589,#331,.T.);
#4602=EDGE_CURVE('',#3590,#3588,#332,.T.);
#4603=EDGE_CURVE('',#3589,#3590,#2017,.T.);
#4604=EDGE_CURVE('',#3589,#3591,#2018,.T.);
#4605=EDGE_CURVE('',#3592,#3590,#2019,.T.);
#4606=EDGE_CURVE('',#3591,#3592,#2020,.T.);
#4607=EDGE_CURVE('',#3591,#3577,#333,.T.);
#4608=EDGE_CURVE('',#3579,#3592,#334,.T.);
#4609=EDGE_CURVE('',#3593,#3594,#2021,.T.);
#4610=EDGE_CURVE('',#3593,#3595,#2022,.T.);
#4611=EDGE_CURVE('',#3596,#3595,#2023,.T.);
#4612=EDGE_CURVE('',#3594,#3596,#2024,.T.);
#4613=EDGE_CURVE('',#3594,#3597,#335,.T.);
#4614=EDGE_CURVE('',#3598,#3596,#336,.T.);
#4615=EDGE_CURVE('',#3597,#3598,#2025,.T.);
#4616=EDGE_CURVE('',#3597,#3599,#2026,.T.);
#4617=EDGE_CURVE('',#3600,#3598,#2027,.T.);
#4618=EDGE_CURVE('',#3599,#3600,#2028,.T.);
#4619=EDGE_CURVE('',#3599,#3601,#337,.T.);
#4620=EDGE_CURVE('',#3602,#3600,#338,.T.);
#4621=EDGE_CURVE('',#3601,#3602,#2029,.T.);
#4622=EDGE_CURVE('',#3601,#3603,#2030,.T.);
#4623=EDGE_CURVE('',#3604,#3602,#2031,.T.);
#4624=EDGE_CURVE('',#3603,#3604,#2032,.T.);
#4625=EDGE_CURVE('',#3603,#3605,#339,.T.);
#4626=EDGE_CURVE('',#3606,#3604,#340,.T.);
#4627=EDGE_CURVE('',#3605,#3606,#2033,.T.);
#4628=EDGE_CURVE('',#3605,#3607,#2034,.T.);
#4629=EDGE_CURVE('',#3608,#3606,#2035,.T.);
#4630=EDGE_CURVE('',#3607,#3608,#2036,.T.);
#4631=EDGE_CURVE('',#3607,#3593,#341,.T.);
#4632=EDGE_CURVE('',#3595,#3608,#342,.T.);
#4633=EDGE_CURVE('',#3609,#3610,#2037,.T.);
#4634=EDGE_CURVE('',#3609,#3611,#2038,.T.);
#4635=EDGE_CURVE('',#3612,#3611,#2039,.T.);
#4636=EDGE_CURVE('',#3610,#3612,#2040,.T.);
#4637=EDGE_CURVE('',#3610,#3613,#343,.T.);
#4638=EDGE_CURVE('',#3614,#3612,#344,.T.);
#4639=EDGE_CURVE('',#3613,#3614,#2041,.T.);
#4640=EDGE_CURVE('',#3613,#3615,#2042,.T.);
#4641=EDGE_CURVE('',#3616,#3614,#2043,.T.);
#4642=EDGE_CURVE('',#3615,#3616,#2044,.T.);
#4643=EDGE_CURVE('',#3615,#3617,#345,.T.);
#4644=EDGE_CURVE('',#3618,#3616,#346,.T.);
#4645=EDGE_CURVE('',#3617,#3618,#2045,.T.);
#4646=EDGE_CURVE('',#3617,#3619,#2046,.T.);
#4647=EDGE_CURVE('',#3620,#3618,#2047,.T.);
#4648=EDGE_CURVE('',#3619,#3620,#2048,.T.);
#4649=EDGE_CURVE('',#3619,#3621,#347,.T.);
#4650=EDGE_CURVE('',#3622,#3620,#348,.T.);
#4651=EDGE_CURVE('',#3621,#3622,#2049,.T.);
#4652=EDGE_CURVE('',#3621,#3623,#2050,.T.);
#4653=EDGE_CURVE('',#3624,#3622,#2051,.T.);
#4654=EDGE_CURVE('',#3623,#3624,#2052,.T.);
#4655=EDGE_CURVE('',#3623,#3609,#349,.T.);
#4656=EDGE_CURVE('',#3611,#3624,#350,.T.);
#4657=EDGE_CURVE('',#3625,#3625,#351,.T.);
#4658=EDGE_CURVE('',#3625,#3626,#2053,.T.);
#4659=EDGE_CURVE('',#3626,#3626,#352,.T.);
#4660=EDGE_CURVE('',#3627,#3628,#2054,.T.);
#4661=EDGE_CURVE('',#3627,#3629,#2055,.T.);
#4662=EDGE_CURVE('',#3630,#3629,#2056,.T.);
#4663=EDGE_CURVE('',#3628,#3630,#2057,.T.);
#4664=EDGE_CURVE('',#3628,#3631,#353,.T.);
#4665=EDGE_CURVE('',#3632,#3630,#354,.T.);
#4666=EDGE_CURVE('',#3631,#3632,#2058,.T.);
#4667=EDGE_CURVE('',#3631,#3633,#2059,.T.);
#4668=EDGE_CURVE('',#3634,#3632,#2060,.T.);
#4669=EDGE_CURVE('',#3633,#3634,#2061,.T.);
#4670=EDGE_CURVE('',#3633,#3635,#355,.T.);
#4671=EDGE_CURVE('',#3636,#3634,#356,.T.);
#4672=EDGE_CURVE('',#3635,#3636,#2062,.T.);
#4673=EDGE_CURVE('',#3635,#3637,#2063,.T.);
#4674=EDGE_CURVE('',#3638,#3636,#2064,.T.);
#4675=EDGE_CURVE('',#3637,#3638,#2065,.T.);
#4676=EDGE_CURVE('',#3637,#3639,#357,.T.);
#4677=EDGE_CURVE('',#3640,#3638,#358,.T.);
#4678=EDGE_CURVE('',#3639,#3640,#2066,.T.);
#4679=EDGE_CURVE('',#3639,#3641,#2067,.T.);
#4680=EDGE_CURVE('',#3642,#3640,#2068,.T.);
#4681=EDGE_CURVE('',#3641,#3642,#2069,.T.);
#4682=EDGE_CURVE('',#3641,#3627,#359,.T.);
#4683=EDGE_CURVE('',#3629,#3642,#360,.T.);
#4684=EDGE_CURVE('',#3643,#3644,#2070,.T.);
#4685=EDGE_CURVE('',#3643,#3645,#2071,.T.);
#4686=EDGE_CURVE('',#3646,#3645,#2072,.T.);
#4687=EDGE_CURVE('',#3644,#3646,#2073,.T.);
#4688=EDGE_CURVE('',#3644,#3647,#361,.T.);
#4689=EDGE_CURVE('',#3648,#3646,#362,.T.);
#4690=EDGE_CURVE('',#3647,#3648,#2074,.T.);
#4691=EDGE_CURVE('',#3647,#3649,#2075,.T.);
#4692=EDGE_CURVE('',#3650,#3648,#2076,.T.);
#4693=EDGE_CURVE('',#3649,#3650,#2077,.T.);
#4694=EDGE_CURVE('',#3649,#3651,#363,.T.);
#4695=EDGE_CURVE('',#3652,#3650,#364,.T.);
#4696=EDGE_CURVE('',#3651,#3652,#2078,.T.);
#4697=EDGE_CURVE('',#3651,#3653,#2079,.T.);
#4698=EDGE_CURVE('',#3654,#3652,#2080,.T.);
#4699=EDGE_CURVE('',#3653,#3654,#2081,.T.);
#4700=EDGE_CURVE('',#3653,#3655,#365,.T.);
#4701=EDGE_CURVE('',#3656,#3654,#366,.T.);
#4702=EDGE_CURVE('',#3655,#3656,#2082,.T.);
#4703=EDGE_CURVE('',#3655,#3657,#2083,.T.);
#4704=EDGE_CURVE('',#3658,#3656,#2084,.T.);
#4705=EDGE_CURVE('',#3657,#3658,#2085,.T.);
#4706=EDGE_CURVE('',#3657,#3643,#367,.T.);
#4707=EDGE_CURVE('',#3645,#3658,#368,.T.);
#4708=EDGE_CURVE('',#3659,#3660,#2086,.T.);
#4709=EDGE_CURVE('',#3659,#3661,#2087,.T.);
#4710=EDGE_CURVE('',#3662,#3661,#2088,.T.);
#4711=EDGE_CURVE('',#3660,#3662,#2089,.T.);
#4712=EDGE_CURVE('',#3660,#3663,#369,.T.);
#4713=EDGE_CURVE('',#3664,#3662,#370,.T.);
#4714=EDGE_CURVE('',#3663,#3664,#2090,.T.);
#4715=EDGE_CURVE('',#3663,#3665,#2091,.T.);
#4716=EDGE_CURVE('',#3666,#3664,#2092,.T.);
#4717=EDGE_CURVE('',#3665,#3666,#2093,.T.);
#4718=EDGE_CURVE('',#3665,#3667,#371,.T.);
#4719=EDGE_CURVE('',#3668,#3666,#372,.T.);
#4720=EDGE_CURVE('',#3667,#3668,#2094,.T.);
#4721=EDGE_CURVE('',#3667,#3669,#2095,.T.);
#4722=EDGE_CURVE('',#3670,#3668,#2096,.T.);
#4723=EDGE_CURVE('',#3669,#3670,#2097,.T.);
#4724=EDGE_CURVE('',#3669,#3671,#373,.T.);
#4725=EDGE_CURVE('',#3672,#3670,#374,.T.);
#4726=EDGE_CURVE('',#3671,#3672,#2098,.T.);
#4727=EDGE_CURVE('',#3671,#3673,#2099,.T.);
#4728=EDGE_CURVE('',#3674,#3672,#2100,.T.);
#4729=EDGE_CURVE('',#3673,#3674,#2101,.T.);
#4730=EDGE_CURVE('',#3673,#3659,#375,.T.);
#4731=EDGE_CURVE('',#3661,#3674,#376,.T.);
#4732=EDGE_CURVE('',#3675,#3676,#2102,.T.);
#4733=EDGE_CURVE('',#3675,#3677,#2103,.T.);
#4734=EDGE_CURVE('',#3678,#3677,#2104,.T.);
#4735=EDGE_CURVE('',#3676,#3678,#2105,.T.);
#4736=EDGE_CURVE('',#3676,#3679,#377,.T.);
#4737=EDGE_CURVE('',#3680,#3678,#378,.T.);
#4738=EDGE_CURVE('',#3679,#3680,#2106,.T.);
#4739=EDGE_CURVE('',#3679,#3681,#2107,.T.);
#4740=EDGE_CURVE('',#3682,#3680,#2108,.T.);
#4741=EDGE_CURVE('',#3681,#3682,#2109,.T.);
#4742=EDGE_CURVE('',#3681,#3683,#379,.T.);
#4743=EDGE_CURVE('',#3684,#3682,#380,.T.);
#4744=EDGE_CURVE('',#3683,#3684,#2110,.T.);
#4745=EDGE_CURVE('',#3683,#3685,#2111,.T.);
#4746=EDGE_CURVE('',#3686,#3684,#2112,.T.);
#4747=EDGE_CURVE('',#3685,#3686,#2113,.T.);
#4748=EDGE_CURVE('',#3685,#3687,#381,.T.);
#4749=EDGE_CURVE('',#3688,#3686,#382,.T.);
#4750=EDGE_CURVE('',#3687,#3688,#2114,.T.);
#4751=EDGE_CURVE('',#3687,#3689,#2115,.T.);
#4752=EDGE_CURVE('',#3690,#3688,#2116,.T.);
#4753=EDGE_CURVE('',#3689,#3690,#2117,.T.);
#4754=EDGE_CURVE('',#3689,#3675,#383,.T.);
#4755=EDGE_CURVE('',#3677,#3690,#384,.T.);
#4756=EDGE_CURVE('',#3691,#3692,#2118,.T.);
#4757=EDGE_CURVE('',#3691,#3693,#2119,.T.);
#4758=EDGE_CURVE('',#3694,#3693,#2120,.T.);
#4759=EDGE_CURVE('',#3692,#3694,#2121,.T.);
#4760=EDGE_CURVE('',#3692,#3695,#385,.T.);
#4761=EDGE_CURVE('',#3696,#3694,#386,.T.);
#4762=EDGE_CURVE('',#3695,#3696,#2122,.T.);
#4763=EDGE_CURVE('',#3695,#3697,#2123,.T.);
#4764=EDGE_CURVE('',#3698,#3696,#2124,.T.);
#4765=EDGE_CURVE('',#3697,#3698,#2125,.T.);
#4766=EDGE_CURVE('',#3697,#3699,#387,.T.);
#4767=EDGE_CURVE('',#3700,#3698,#388,.T.);
#4768=EDGE_CURVE('',#3699,#3700,#2126,.T.);
#4769=EDGE_CURVE('',#3699,#3701,#2127,.T.);
#4770=EDGE_CURVE('',#3702,#3700,#2128,.T.);
#4771=EDGE_CURVE('',#3701,#3702,#2129,.T.);
#4772=EDGE_CURVE('',#3701,#3703,#389,.T.);
#4773=EDGE_CURVE('',#3704,#3702,#390,.T.);
#4774=EDGE_CURVE('',#3703,#3704,#2130,.T.);
#4775=EDGE_CURVE('',#3703,#3705,#2131,.T.);
#4776=EDGE_CURVE('',#3706,#3704,#2132,.T.);
#4777=EDGE_CURVE('',#3705,#3706,#2133,.T.);
#4778=EDGE_CURVE('',#3705,#3691,#391,.T.);
#4779=EDGE_CURVE('',#3693,#3706,#392,.T.);
#4780=EDGE_CURVE('',#3707,#3708,#393,.T.);
#4781=EDGE_CURVE('',#3708,#3709,#2134,.T.);
#4782=EDGE_CURVE('',#3710,#3709,#394,.T.);
#4783=EDGE_CURVE('',#3707,#3710,#2135,.T.);
#4784=EDGE_CURVE('',#3711,#3707,#2136,.T.);
#4785=EDGE_CURVE('',#3712,#3710,#2137,.T.);
#4786=EDGE_CURVE('',#3711,#3712,#2138,.T.);
#4787=EDGE_CURVE('',#3713,#3711,#395,.T.);
#4788=EDGE_CURVE('',#3714,#3712,#396,.T.);
#4789=EDGE_CURVE('',#3713,#3714,#2139,.T.);
#4790=EDGE_CURVE('',#3715,#3713,#2140,.T.);
#4791=EDGE_CURVE('',#3716,#3714,#2141,.T.);
#4792=EDGE_CURVE('',#3715,#3716,#2142,.T.);
#4793=EDGE_CURVE('',#3717,#3715,#397,.T.);
#4794=EDGE_CURVE('',#3718,#3716,#398,.T.);
#4795=EDGE_CURVE('',#3717,#3718,#2143,.T.);
#4796=EDGE_CURVE('',#3717,#3719,#2144,.T.);
#4797=EDGE_CURVE('',#3720,#3718,#2145,.T.);
#4798=EDGE_CURVE('',#3719,#3720,#2146,.T.);
#4799=EDGE_CURVE('',#3721,#3719,#399,.T.);
#4800=EDGE_CURVE('',#3722,#3720,#400,.T.);
#4801=EDGE_CURVE('',#3721,#3722,#2147,.T.);
#4802=EDGE_CURVE('',#3721,#3723,#2148,.T.);
#4803=EDGE_CURVE('',#3724,#3722,#2149,.T.);
#4804=EDGE_CURVE('',#3723,#3724,#2150,.T.);
#4805=EDGE_CURVE('',#3725,#3723,#401,.T.);
#4806=EDGE_CURVE('',#3726,#3724,#402,.T.);
#4807=EDGE_CURVE('',#3725,#3726,#2151,.T.);
#4808=EDGE_CURVE('',#3725,#3727,#2152,.T.);
#4809=EDGE_CURVE('',#3728,#3726,#2153,.T.);
#4810=EDGE_CURVE('',#3727,#3728,#2154,.T.);
#4811=EDGE_CURVE('',#3729,#3727,#403,.T.);
#4812=EDGE_CURVE('',#3730,#3728,#404,.T.);
#4813=EDGE_CURVE('',#3729,#3730,#2155,.T.);
#4814=EDGE_CURVE('',#3729,#3731,#2156,.T.);
#4815=EDGE_CURVE('',#3732,#3730,#2157,.T.);
#4816=EDGE_CURVE('',#3731,#3732,#2158,.T.);
#4817=EDGE_CURVE('',#3733,#3731,#405,.T.);
#4818=EDGE_CURVE('',#3734,#3732,#406,.T.);
#4819=EDGE_CURVE('',#3733,#3734,#2159,.T.);
#4820=EDGE_CURVE('',#3735,#3733,#2160,.T.);
#4821=EDGE_CURVE('',#3736,#3734,#2161,.T.);
#4822=EDGE_CURVE('',#3735,#3736,#2162,.T.);
#4823=EDGE_CURVE('',#3737,#3735,#407,.T.);
#4824=EDGE_CURVE('',#3738,#3736,#408,.T.);
#4825=EDGE_CURVE('',#3737,#3738,#2163,.T.);
#4826=EDGE_CURVE('',#3739,#3737,#2164,.T.);
#4827=EDGE_CURVE('',#3740,#3738,#2165,.T.);
#4828=EDGE_CURVE('',#3739,#3740,#2166,.T.);
#4829=EDGE_CURVE('',#3741,#3739,#409,.T.);
#4830=EDGE_CURVE('',#3742,#3740,#410,.T.);
#4831=EDGE_CURVE('',#3741,#3742,#2167,.T.);
#4832=EDGE_CURVE('',#3741,#3743,#2168,.T.);
#4833=EDGE_CURVE('',#3744,#3742,#2169,.T.);
#4834=EDGE_CURVE('',#3743,#3744,#2170,.T.);
#4835=EDGE_CURVE('',#3745,#3743,#411,.T.);
#4836=EDGE_CURVE('',#3746,#3744,#412,.T.);
#4837=EDGE_CURVE('',#3745,#3746,#2171,.T.);
#4838=EDGE_CURVE('',#3745,#3747,#2172,.T.);
#4839=EDGE_CURVE('',#3748,#3746,#2173,.T.);
#4840=EDGE_CURVE('',#3747,#3748,#2174,.T.);
#4841=EDGE_CURVE('',#3749,#3747,#413,.T.);
#4842=EDGE_CURVE('',#3750,#3748,#414,.T.);
#4843=EDGE_CURVE('',#3749,#3750,#2175,.T.);
#4844=EDGE_CURVE('',#3751,#3749,#2176,.T.);
#4845=EDGE_CURVE('',#3752,#3750,#2177,.T.);
#4846=EDGE_CURVE('',#3751,#3752,#2178,.T.);
#4847=EDGE_CURVE('',#3753,#3751,#415,.T.);
#4848=EDGE_CURVE('',#3754,#3752,#416,.T.);
#4849=EDGE_CURVE('',#3753,#3754,#2179,.T.);
#4850=EDGE_CURVE('',#3753,#3755,#2180,.T.);
#4851=EDGE_CURVE('',#3756,#3754,#2181,.T.);
#4852=EDGE_CURVE('',#3755,#3756,#2182,.T.);
#4853=EDGE_CURVE('',#3757,#3755,#417,.T.);
#4854=EDGE_CURVE('',#3758,#3756,#418,.T.);
#4855=EDGE_CURVE('',#3757,#3758,#2183,.T.);
#4856=EDGE_CURVE('',#3757,#3759,#2184,.T.);
#4857=EDGE_CURVE('',#3760,#3758,#2185,.T.);
#4858=EDGE_CURVE('',#3759,#3760,#2186,.T.);
#4859=EDGE_CURVE('',#3761,#3759,#419,.T.);
#4860=EDGE_CURVE('',#3762,#3760,#420,.T.);
#4861=EDGE_CURVE('',#3761,#3762,#2187,.T.);
#4862=EDGE_CURVE('',#3763,#3761,#2188,.T.);
#4863=EDGE_CURVE('',#3764,#3762,#2189,.T.);
#4864=EDGE_CURVE('',#3763,#3764,#2190,.T.);
#4865=EDGE_CURVE('',#3765,#3763,#421,.T.);
#4866=EDGE_CURVE('',#3766,#3764,#422,.T.);
#4867=EDGE_CURVE('',#3765,#3766,#2191,.T.);
#4868=EDGE_CURVE('',#3765,#3767,#2192,.T.);
#4869=EDGE_CURVE('',#3768,#3766,#2193,.T.);
#4870=EDGE_CURVE('',#3767,#3768,#2194,.T.);
#4871=EDGE_CURVE('',#3767,#3769,#2195,.T.);
#4872=EDGE_CURVE('',#3770,#3768,#2196,.T.);
#4873=EDGE_CURVE('',#3769,#3770,#2197,.T.);
#4874=EDGE_CURVE('',#3771,#3769,#2198,.T.);
#4875=EDGE_CURVE('',#3772,#3770,#2199,.T.);
#4876=EDGE_CURVE('',#3771,#3772,#2200,.T.);
#4877=EDGE_CURVE('',#3773,#3771,#423,.T.);
#4878=EDGE_CURVE('',#3774,#3772,#424,.T.);
#4879=EDGE_CURVE('',#3773,#3774,#2201,.T.);
#4880=EDGE_CURVE('',#3773,#3775,#2202,.T.);
#4881=EDGE_CURVE('',#3776,#3774,#2203,.T.);
#4882=EDGE_CURVE('',#3775,#3776,#2204,.T.);
#4883=EDGE_CURVE('',#3777,#3775,#425,.T.);
#4884=EDGE_CURVE('',#3778,#3776,#426,.T.);
#4885=EDGE_CURVE('',#3777,#3778,#2205,.T.);
#4886=EDGE_CURVE('',#3777,#3779,#2206,.T.);
#4887=EDGE_CURVE('',#3780,#3778,#2207,.T.);
#4888=EDGE_CURVE('',#3779,#3780,#2208,.T.);
#4889=EDGE_CURVE('',#3781,#3779,#427,.T.);
#4890=EDGE_CURVE('',#3782,#3780,#428,.T.);
#4891=EDGE_CURVE('',#3781,#3782,#2209,.T.);
#4892=EDGE_CURVE('',#3783,#3781,#2210,.T.);
#4893=EDGE_CURVE('',#3784,#3782,#2211,.T.);
#4894=EDGE_CURVE('',#3783,#3784,#2212,.T.);
#4895=EDGE_CURVE('',#3785,#3783,#429,.T.);
#4896=EDGE_CURVE('',#3786,#3784,#430,.T.);
#4897=EDGE_CURVE('',#3785,#3786,#2213,.T.);
#4898=EDGE_CURVE('',#3787,#3785,#2214,.T.);
#4899=EDGE_CURVE('',#3788,#3786,#2215,.T.);
#4900=EDGE_CURVE('',#3787,#3788,#2216,.T.);
#4901=EDGE_CURVE('',#3789,#3787,#431,.T.);
#4902=EDGE_CURVE('',#3790,#3788,#432,.T.);
#4903=EDGE_CURVE('',#3789,#3790,#2217,.T.);
#4904=EDGE_CURVE('',#3789,#3791,#2218,.T.);
#4905=EDGE_CURVE('',#3792,#3790,#2219,.T.);
#4906=EDGE_CURVE('',#3791,#3792,#2220,.T.);
#4907=EDGE_CURVE('',#3793,#3791,#433,.T.);
#4908=EDGE_CURVE('',#3794,#3792,#434,.T.);
#4909=EDGE_CURVE('',#3793,#3794,#2221,.T.);
#4910=EDGE_CURVE('',#3795,#3793,#2222,.T.);
#4911=EDGE_CURVE('',#3796,#3794,#2223,.T.);
#4912=EDGE_CURVE('',#3795,#3796,#2224,.T.);
#4913=EDGE_CURVE('',#3797,#3795,#435,.T.);
#4914=EDGE_CURVE('',#3798,#3796,#436,.T.);
#4915=EDGE_CURVE('',#3797,#3798,#2225,.T.);
#4916=EDGE_CURVE('',#3799,#3797,#2226,.T.);
#4917=EDGE_CURVE('',#3800,#3798,#2227,.T.);
#4918=EDGE_CURVE('',#3799,#3800,#2228,.T.);
#4919=EDGE_CURVE('',#3801,#3799,#437,.T.);
#4920=EDGE_CURVE('',#3802,#3800,#438,.T.);
#4921=EDGE_CURVE('',#3801,#3802,#2229,.T.);
#4922=EDGE_CURVE('',#3801,#3803,#2230,.T.);
#4923=EDGE_CURVE('',#3804,#3802,#2231,.T.);
#4924=EDGE_CURVE('',#3803,#3804,#2232,.T.);
#4925=EDGE_CURVE('',#3805,#3803,#439,.T.);
#4926=EDGE_CURVE('',#3806,#3804,#440,.T.);
#4927=EDGE_CURVE('',#3805,#3806,#2233,.T.);
#4928=EDGE_CURVE('',#3807,#3805,#2234,.T.);
#4929=EDGE_CURVE('',#3808,#3806,#2235,.T.);
#4930=EDGE_CURVE('',#3807,#3808,#2236,.T.);
#4931=EDGE_CURVE('',#3809,#3807,#441,.T.);
#4932=EDGE_CURVE('',#3810,#3808,#442,.T.);
#4933=EDGE_CURVE('',#3809,#3810,#2237,.T.);
#4934=EDGE_CURVE('',#3809,#3811,#2238,.T.);
#4935=EDGE_CURVE('',#3812,#3810,#2239,.T.);
#4936=EDGE_CURVE('',#3811,#3812,#2240,.T.);
#4937=EDGE_CURVE('',#3813,#3811,#443,.T.);
#4938=EDGE_CURVE('',#3814,#3812,#444,.T.);
#4939=EDGE_CURVE('',#3813,#3814,#2241,.T.);
#4940=EDGE_CURVE('',#3813,#3815,#2242,.T.);
#4941=EDGE_CURVE('',#3816,#3814,#2243,.T.);
#4942=EDGE_CURVE('',#3815,#3816,#2244,.T.);
#4943=EDGE_CURVE('',#3817,#3815,#445,.T.);
#4944=EDGE_CURVE('',#3818,#3816,#446,.T.);
#4945=EDGE_CURVE('',#3817,#3818,#2245,.T.);
#4946=EDGE_CURVE('',#3819,#3817,#2246,.T.);
#4947=EDGE_CURVE('',#3820,#3818,#2247,.T.);
#4948=EDGE_CURVE('',#3819,#3820,#2248,.T.);
#4949=EDGE_CURVE('',#3821,#3819,#447,.T.);
#4950=EDGE_CURVE('',#3822,#3820,#448,.T.);
#4951=EDGE_CURVE('',#3821,#3822,#2249,.T.);
#4952=EDGE_CURVE('',#3823,#3821,#2250,.T.);
#4953=EDGE_CURVE('',#3824,#3822,#2251,.T.);
#4954=EDGE_CURVE('',#3823,#3824,#2252,.T.);
#4955=EDGE_CURVE('',#3825,#3823,#449,.T.);
#4956=EDGE_CURVE('',#3826,#3824,#450,.T.);
#4957=EDGE_CURVE('',#3825,#3826,#2253,.T.);
#4958=EDGE_CURVE('',#3825,#3827,#2254,.T.);
#4959=EDGE_CURVE('',#3828,#3826,#2255,.T.);
#4960=EDGE_CURVE('',#3827,#3828,#2256,.T.);
#4961=EDGE_CURVE('',#3829,#3827,#451,.T.);
#4962=EDGE_CURVE('',#3830,#3828,#452,.T.);
#4963=EDGE_CURVE('',#3829,#3830,#2257,.T.);
#4964=EDGE_CURVE('',#3831,#3829,#2258,.T.);
#4965=EDGE_CURVE('',#3832,#3830,#2259,.T.);
#4966=EDGE_CURVE('',#3831,#3832,#2260,.T.);
#4967=EDGE_CURVE('',#3833,#3831,#453,.T.);
#4968=EDGE_CURVE('',#3834,#3832,#454,.T.);
#4969=EDGE_CURVE('',#3833,#3834,#2261,.T.);
#4970=EDGE_CURVE('',#3835,#3833,#2262,.T.);
#4971=EDGE_CURVE('',#3836,#3834,#2263,.T.);
#4972=EDGE_CURVE('',#3835,#3836,#2264,.T.);
#4973=EDGE_CURVE('',#3837,#3835,#455,.T.);
#4974=EDGE_CURVE('',#3838,#3836,#456,.T.);
#4975=EDGE_CURVE('',#3837,#3838,#2265,.T.);
#4976=EDGE_CURVE('',#3837,#3839,#2266,.T.);
#4977=EDGE_CURVE('',#3840,#3838,#2267,.T.);
#4978=EDGE_CURVE('',#3839,#3840,#2268,.T.);
#4979=EDGE_CURVE('',#3841,#3839,#457,.T.);
#4980=EDGE_CURVE('',#3842,#3840,#458,.T.);
#4981=EDGE_CURVE('',#3841,#3842,#2269,.T.);
#4982=EDGE_CURVE('',#3843,#3841,#2270,.T.);
#4983=EDGE_CURVE('',#3844,#3842,#2271,.T.);
#4984=EDGE_CURVE('',#3843,#3844,#2272,.T.);
#4985=EDGE_CURVE('',#3845,#3843,#459,.T.);
#4986=EDGE_CURVE('',#3846,#3844,#460,.T.);
#4987=EDGE_CURVE('',#3845,#3846,#2273,.T.);
#4988=EDGE_CURVE('',#3845,#3847,#2274,.T.);
#4989=EDGE_CURVE('',#3848,#3846,#2275,.T.);
#4990=EDGE_CURVE('',#3847,#3848,#2276,.T.);
#4991=EDGE_CURVE('',#3849,#3847,#461,.T.);
#4992=EDGE_CURVE('',#3850,#3848,#462,.T.);
#4993=EDGE_CURVE('',#3849,#3850,#2277,.T.);
#4994=EDGE_CURVE('',#3849,#3851,#2278,.T.);
#4995=EDGE_CURVE('',#3852,#3850,#2279,.T.);
#4996=EDGE_CURVE('',#3851,#3852,#2280,.T.);
#4997=EDGE_CURVE('',#3853,#3851,#463,.T.);
#4998=EDGE_CURVE('',#3854,#3852,#464,.T.);
#4999=EDGE_CURVE('',#3853,#3854,#2281,.T.);
#5000=EDGE_CURVE('',#3855,#3853,#2282,.T.);
#5001=EDGE_CURVE('',#3856,#3854,#2283,.T.);
#5002=EDGE_CURVE('',#3855,#3856,#2284,.T.);
#5003=EDGE_CURVE('',#3857,#3855,#465,.T.);
#5004=EDGE_CURVE('',#3858,#3856,#466,.T.);
#5005=EDGE_CURVE('',#3857,#3858,#2285,.T.);
#5006=EDGE_CURVE('',#3859,#3857,#2286,.T.);
#5007=EDGE_CURVE('',#3860,#3858,#2287,.T.);
#5008=EDGE_CURVE('',#3859,#3860,#2288,.T.);
#5009=EDGE_CURVE('',#3861,#3859,#467,.T.);
#5010=EDGE_CURVE('',#3862,#3860,#468,.T.);
#5011=EDGE_CURVE('',#3861,#3862,#2289,.T.);
#5012=EDGE_CURVE('',#3861,#3863,#2290,.T.);
#5013=EDGE_CURVE('',#3864,#3862,#2291,.T.);
#5014=EDGE_CURVE('',#3863,#3864,#2292,.T.);
#5015=EDGE_CURVE('',#3865,#3863,#469,.T.);
#5016=EDGE_CURVE('',#3866,#3864,#470,.T.);
#5017=EDGE_CURVE('',#3865,#3866,#2293,.T.);
#5018=EDGE_CURVE('',#3867,#3865,#2294,.T.);
#5019=EDGE_CURVE('',#3868,#3866,#2295,.T.);
#5020=EDGE_CURVE('',#3867,#3868,#2296,.T.);
#5021=EDGE_CURVE('',#3869,#3867,#471,.T.);
#5022=EDGE_CURVE('',#3870,#3868,#472,.T.);
#5023=EDGE_CURVE('',#3869,#3870,#2297,.T.);
#5024=EDGE_CURVE('',#3871,#3869,#2298,.T.);
#5025=EDGE_CURVE('',#3872,#3870,#2299,.T.);
#5026=EDGE_CURVE('',#3871,#3872,#2300,.T.);
#5027=EDGE_CURVE('',#3873,#3871,#473,.T.);
#5028=EDGE_CURVE('',#3874,#3872,#474,.T.);
#5029=EDGE_CURVE('',#3873,#3874,#2301,.T.);
#5030=EDGE_CURVE('',#3873,#3875,#2302,.T.);
#5031=EDGE_CURVE('',#3876,#3874,#2303,.T.);
#5032=EDGE_CURVE('',#3875,#3876,#2304,.T.);
#5033=EDGE_CURVE('',#3877,#3875,#475,.T.);
#5034=EDGE_CURVE('',#3878,#3876,#476,.T.);
#5035=EDGE_CURVE('',#3877,#3878,#2305,.T.);
#5036=EDGE_CURVE('',#3879,#3877,#2306,.T.);
#5037=EDGE_CURVE('',#3880,#3878,#2307,.T.);
#5038=EDGE_CURVE('',#3879,#3880,#2308,.T.);
#5039=EDGE_CURVE('',#3881,#3879,#477,.T.);
#5040=EDGE_CURVE('',#3882,#3880,#478,.T.);
#5041=EDGE_CURVE('',#3881,#3882,#2309,.T.);
#5042=EDGE_CURVE('',#3881,#3883,#2310,.T.);
#5043=EDGE_CURVE('',#3884,#3882,#2311,.T.);
#5044=EDGE_CURVE('',#3883,#3884,#2312,.T.);
#5045=EDGE_CURVE('',#3885,#3883,#479,.T.);
#5046=EDGE_CURVE('',#3886,#3884,#480,.T.);
#5047=EDGE_CURVE('',#3885,#3886,#2313,.T.);
#5048=EDGE_CURVE('',#3885,#3887,#2314,.T.);
#5049=EDGE_CURVE('',#3888,#3886,#2315,.T.);
#5050=EDGE_CURVE('',#3887,#3888,#2316,.T.);
#5051=EDGE_CURVE('',#3889,#3887,#481,.T.);
#5052=EDGE_CURVE('',#3890,#3888,#482,.T.);
#5053=EDGE_CURVE('',#3889,#3890,#2317,.T.);
#5054=EDGE_CURVE('',#3891,#3889,#2318,.T.);
#5055=EDGE_CURVE('',#3892,#3890,#2319,.T.);
#5056=EDGE_CURVE('',#3891,#3892,#2320,.T.);
#5057=EDGE_CURVE('',#3893,#3891,#483,.T.);
#5058=EDGE_CURVE('',#3894,#3892,#484,.T.);
#5059=EDGE_CURVE('',#3893,#3894,#2321,.T.);
#5060=EDGE_CURVE('',#3895,#3893,#2322,.T.);
#5061=EDGE_CURVE('',#3896,#3894,#2323,.T.);
#5062=EDGE_CURVE('',#3895,#3896,#2324,.T.);
#5063=EDGE_CURVE('',#3897,#3895,#485,.T.);
#5064=EDGE_CURVE('',#3898,#3896,#486,.T.);
#5065=EDGE_CURVE('',#3897,#3898,#2325,.T.);
#5066=EDGE_CURVE('',#3897,#3899,#2326,.T.);
#5067=EDGE_CURVE('',#3900,#3898,#2327,.T.);
#5068=EDGE_CURVE('',#3899,#3900,#2328,.T.);
#5069=EDGE_CURVE('',#3901,#3899,#487,.T.);
#5070=EDGE_CURVE('',#3902,#3900,#488,.T.);
#5071=EDGE_CURVE('',#3901,#3902,#2329,.T.);
#5072=EDGE_CURVE('',#3903,#3901,#2330,.T.);
#5073=EDGE_CURVE('',#3904,#3902,#2331,.T.);
#5074=EDGE_CURVE('',#3903,#3904,#2332,.T.);
#5075=EDGE_CURVE('',#3905,#3903,#489,.T.);
#5076=EDGE_CURVE('',#3906,#3904,#490,.T.);
#5077=EDGE_CURVE('',#3905,#3906,#2333,.T.);
#5078=EDGE_CURVE('',#3907,#3905,#2334,.T.);
#5079=EDGE_CURVE('',#3908,#3906,#2335,.T.);
#5080=EDGE_CURVE('',#3907,#3908,#2336,.T.);
#5081=EDGE_CURVE('',#3909,#3907,#491,.T.);
#5082=EDGE_CURVE('',#3910,#3908,#492,.T.);
#5083=EDGE_CURVE('',#3909,#3910,#2337,.T.);
#5084=EDGE_CURVE('',#3909,#3911,#2338,.T.);
#5085=EDGE_CURVE('',#3912,#3910,#2339,.T.);
#5086=EDGE_CURVE('',#3911,#3912,#2340,.T.);
#5087=EDGE_CURVE('',#3913,#3911,#493,.T.);
#5088=EDGE_CURVE('',#3914,#3912,#494,.T.);
#5089=EDGE_CURVE('',#3913,#3914,#2341,.T.);
#5090=EDGE_CURVE('',#3915,#3913,#2342,.T.);
#5091=EDGE_CURVE('',#3916,#3914,#2343,.T.);
#5092=EDGE_CURVE('',#3915,#3916,#2344,.T.);
#5093=EDGE_CURVE('',#3917,#3915,#2345,.T.);
#5094=EDGE_CURVE('',#3918,#3916,#2346,.T.);
#5095=EDGE_CURVE('',#3917,#3918,#2347,.T.);
#5096=EDGE_CURVE('',#3917,#3708,#2348,.T.);
#5097=EDGE_CURVE('',#3709,#3918,#2349,.T.);
#5098=ORIENTED_EDGE('',*,*,#3919,.F.);
#5099=ORIENTED_EDGE('',*,*,#3920,.T.);
#5100=ORIENTED_EDGE('',*,*,#3921,.F.);
#5101=ORIENTED_EDGE('',*,*,#3922,.F.);
#5102=ORIENTED_EDGE('',*,*,#3923,.F.);
#5103=ORIENTED_EDGE('',*,*,#3922,.T.);
#5104=ORIENTED_EDGE('',*,*,#3924,.F.);
#5105=ORIENTED_EDGE('',*,*,#3925,.F.);
#5106=ORIENTED_EDGE('',*,*,#3926,.F.);
#5107=ORIENTED_EDGE('',*,*,#3925,.T.);
#5108=ORIENTED_EDGE('',*,*,#3927,.F.);
#5109=ORIENTED_EDGE('',*,*,#3928,.F.);
#5110=ORIENTED_EDGE('',*,*,#3929,.F.);
#5111=ORIENTED_EDGE('',*,*,#3928,.T.);
#5112=ORIENTED_EDGE('',*,*,#3930,.F.);
#5113=ORIENTED_EDGE('',*,*,#3931,.F.);
#5114=ORIENTED_EDGE('',*,*,#3932,.F.);
#5115=ORIENTED_EDGE('',*,*,#3931,.T.);
#5116=ORIENTED_EDGE('',*,*,#3933,.F.);
#5117=ORIENTED_EDGE('',*,*,#3934,.F.);
#5118=ORIENTED_EDGE('',*,*,#3935,.F.);
#5119=ORIENTED_EDGE('',*,*,#3934,.T.);
#5120=ORIENTED_EDGE('',*,*,#3936,.F.);
#5121=ORIENTED_EDGE('',*,*,#3937,.F.);
#5122=ORIENTED_EDGE('',*,*,#3938,.F.);
#5123=ORIENTED_EDGE('',*,*,#3937,.T.);
#5124=ORIENTED_EDGE('',*,*,#3939,.F.);
#5125=ORIENTED_EDGE('',*,*,#3940,.F.);
#5126=ORIENTED_EDGE('',*,*,#3941,.F.);
#5127=ORIENTED_EDGE('',*,*,#3940,.T.);
#5128=ORIENTED_EDGE('',*,*,#3942,.F.);
#5129=ORIENTED_EDGE('',*,*,#3920,.F.);
#5130=ORIENTED_EDGE('',*,*,#3943,.F.);
#5131=ORIENTED_EDGE('',*,*,#3944,.T.);
#5132=ORIENTED_EDGE('',*,*,#3945,.F.);
#5133=ORIENTED_EDGE('',*,*,#3946,.F.);
#5134=ORIENTED_EDGE('',*,*,#3947,.F.);
#5135=ORIENTED_EDGE('',*,*,#3946,.T.);
#5136=ORIENTED_EDGE('',*,*,#3948,.F.);
#5137=ORIENTED_EDGE('',*,*,#3949,.F.);
#5138=ORIENTED_EDGE('',*,*,#3950,.F.);
#5139=ORIENTED_EDGE('',*,*,#3949,.T.);
#5140=ORIENTED_EDGE('',*,*,#3951,.F.);
#5141=ORIENTED_EDGE('',*,*,#3952,.F.);
#5142=ORIENTED_EDGE('',*,*,#3953,.F.);
#5143=ORIENTED_EDGE('',*,*,#3952,.T.);
#5144=ORIENTED_EDGE('',*,*,#3954,.F.);
#5145=ORIENTED_EDGE('',*,*,#3955,.F.);
#5146=ORIENTED_EDGE('',*,*,#3956,.F.);
#5147=ORIENTED_EDGE('',*,*,#3955,.T.);
#5148=ORIENTED_EDGE('',*,*,#3957,.F.);
#5149=ORIENTED_EDGE('',*,*,#3958,.F.);
#5150=ORIENTED_EDGE('',*,*,#3959,.F.);
#5151=ORIENTED_EDGE('',*,*,#3958,.T.);
#5152=ORIENTED_EDGE('',*,*,#3960,.F.);
#5153=ORIENTED_EDGE('',*,*,#3961,.F.);
#5154=ORIENTED_EDGE('',*,*,#3962,.F.);
#5155=ORIENTED_EDGE('',*,*,#3961,.T.);
#5156=ORIENTED_EDGE('',*,*,#3963,.F.);
#5157=ORIENTED_EDGE('',*,*,#3964,.F.);
#5158=ORIENTED_EDGE('',*,*,#3965,.F.);
#5159=ORIENTED_EDGE('',*,*,#3964,.T.);
#5160=ORIENTED_EDGE('',*,*,#3966,.F.);
#5161=ORIENTED_EDGE('',*,*,#3944,.F.);
#5162=ORIENTED_EDGE('',*,*,#3967,.F.);
#5163=ORIENTED_EDGE('',*,*,#3968,.T.);
#5164=ORIENTED_EDGE('',*,*,#3969,.F.);
#5165=ORIENTED_EDGE('',*,*,#3970,.F.);
#5166=ORIENTED_EDGE('',*,*,#3971,.F.);
#5167=ORIENTED_EDGE('',*,*,#3970,.T.);
#5168=ORIENTED_EDGE('',*,*,#3972,.F.);
#5169=ORIENTED_EDGE('',*,*,#3973,.F.);
#5170=ORIENTED_EDGE('',*,*,#3974,.F.);
#5171=ORIENTED_EDGE('',*,*,#3973,.T.);
#5172=ORIENTED_EDGE('',*,*,#3975,.F.);
#5173=ORIENTED_EDGE('',*,*,#3976,.F.);
#5174=ORIENTED_EDGE('',*,*,#3977,.F.);
#5175=ORIENTED_EDGE('',*,*,#3976,.T.);
#5176=ORIENTED_EDGE('',*,*,#3978,.F.);
#5177=ORIENTED_EDGE('',*,*,#3979,.F.);
#5178=ORIENTED_EDGE('',*,*,#3980,.F.);
#5179=ORIENTED_EDGE('',*,*,#3979,.T.);
#5180=ORIENTED_EDGE('',*,*,#3981,.F.);
#5181=ORIENTED_EDGE('',*,*,#3982,.F.);
#5182=ORIENTED_EDGE('',*,*,#3983,.F.);
#5183=ORIENTED_EDGE('',*,*,#3982,.T.);
#5184=ORIENTED_EDGE('',*,*,#3984,.F.);
#5185=ORIENTED_EDGE('',*,*,#3985,.F.);
#5186=ORIENTED_EDGE('',*,*,#3986,.F.);
#5187=ORIENTED_EDGE('',*,*,#3985,.T.);
#5188=ORIENTED_EDGE('',*,*,#3987,.F.);
#5189=ORIENTED_EDGE('',*,*,#3988,.F.);
#5190=ORIENTED_EDGE('',*,*,#3989,.F.);
#5191=ORIENTED_EDGE('',*,*,#3988,.T.);
#5192=ORIENTED_EDGE('',*,*,#3990,.F.);
#5193=ORIENTED_EDGE('',*,*,#3968,.F.);
#5194=ORIENTED_EDGE('',*,*,#3991,.F.);
#5195=ORIENTED_EDGE('',*,*,#3992,.T.);
#5196=ORIENTED_EDGE('',*,*,#3993,.F.);
#5197=ORIENTED_EDGE('',*,*,#3994,.F.);
#5198=ORIENTED_EDGE('',*,*,#3995,.F.);
#5199=ORIENTED_EDGE('',*,*,#3994,.T.);
#5200=ORIENTED_EDGE('',*,*,#3996,.F.);
#5201=ORIENTED_EDGE('',*,*,#3997,.F.);
#5202=ORIENTED_EDGE('',*,*,#3998,.F.);
#5203=ORIENTED_EDGE('',*,*,#3997,.T.);
#5204=ORIENTED_EDGE('',*,*,#3999,.F.);
#5205=ORIENTED_EDGE('',*,*,#4000,.F.);
#5206=ORIENTED_EDGE('',*,*,#4001,.F.);
#5207=ORIENTED_EDGE('',*,*,#4000,.T.);
#5208=ORIENTED_EDGE('',*,*,#4002,.F.);
#5209=ORIENTED_EDGE('',*,*,#4003,.F.);
#5210=ORIENTED_EDGE('',*,*,#4004,.F.);
#5211=ORIENTED_EDGE('',*,*,#4003,.T.);
#5212=ORIENTED_EDGE('',*,*,#4005,.F.);
#5213=ORIENTED_EDGE('',*,*,#4006,.F.);
#5214=ORIENTED_EDGE('',*,*,#4007,.F.);
#5215=ORIENTED_EDGE('',*,*,#4006,.T.);
#5216=ORIENTED_EDGE('',*,*,#4008,.F.);
#5217=ORIENTED_EDGE('',*,*,#4009,.F.);
#5218=ORIENTED_EDGE('',*,*,#4010,.F.);
#5219=ORIENTED_EDGE('',*,*,#4009,.T.);
#5220=ORIENTED_EDGE('',*,*,#4011,.F.);
#5221=ORIENTED_EDGE('',*,*,#4012,.F.);
#5222=ORIENTED_EDGE('',*,*,#4013,.F.);
#5223=ORIENTED_EDGE('',*,*,#4012,.T.);
#5224=ORIENTED_EDGE('',*,*,#4014,.F.);
#5225=ORIENTED_EDGE('',*,*,#3992,.F.);
#5226=ORIENTED_EDGE('',*,*,#4015,.F.);
#5227=ORIENTED_EDGE('',*,*,#4016,.T.);
#5228=ORIENTED_EDGE('',*,*,#4017,.F.);
#5229=ORIENTED_EDGE('',*,*,#4018,.F.);
#5230=ORIENTED_EDGE('',*,*,#4019,.F.);
#5231=ORIENTED_EDGE('',*,*,#4018,.T.);
#5232=ORIENTED_EDGE('',*,*,#4020,.F.);
#5233=ORIENTED_EDGE('',*,*,#4021,.F.);
#5234=ORIENTED_EDGE('',*,*,#4022,.F.);
#5235=ORIENTED_EDGE('',*,*,#4021,.T.);
#5236=ORIENTED_EDGE('',*,*,#4023,.F.);
#5237=ORIENTED_EDGE('',*,*,#4024,.F.);
#5238=ORIENTED_EDGE('',*,*,#4025,.F.);
#5239=ORIENTED_EDGE('',*,*,#4024,.T.);
#5240=ORIENTED_EDGE('',*,*,#4026,.F.);
#5241=ORIENTED_EDGE('',*,*,#4027,.F.);
#5242=ORIENTED_EDGE('',*,*,#4028,.F.);
#5243=ORIENTED_EDGE('',*,*,#4027,.T.);
#5244=ORIENTED_EDGE('',*,*,#4029,.F.);
#5245=ORIENTED_EDGE('',*,*,#4030,.F.);
#5246=ORIENTED_EDGE('',*,*,#4031,.F.);
#5247=ORIENTED_EDGE('',*,*,#4030,.T.);
#5248=ORIENTED_EDGE('',*,*,#4032,.F.);
#5249=ORIENTED_EDGE('',*,*,#4033,.F.);
#5250=ORIENTED_EDGE('',*,*,#4034,.F.);
#5251=ORIENTED_EDGE('',*,*,#4033,.T.);
#5252=ORIENTED_EDGE('',*,*,#4035,.F.);
#5253=ORIENTED_EDGE('',*,*,#4036,.F.);
#5254=ORIENTED_EDGE('',*,*,#4037,.F.);
#5255=ORIENTED_EDGE('',*,*,#4036,.T.);
#5256=ORIENTED_EDGE('',*,*,#4038,.F.);
#5257=ORIENTED_EDGE('',*,*,#4016,.F.);
#5258=ORIENTED_EDGE('',*,*,#4039,.F.);
#5259=ORIENTED_EDGE('',*,*,#4040,.T.);
#5260=ORIENTED_EDGE('',*,*,#4041,.F.);
#5261=ORIENTED_EDGE('',*,*,#4042,.F.);
#5262=ORIENTED_EDGE('',*,*,#4043,.F.);
#5263=ORIENTED_EDGE('',*,*,#4042,.T.);
#5264=ORIENTED_EDGE('',*,*,#4044,.F.);
#5265=ORIENTED_EDGE('',*,*,#4045,.F.);
#5266=ORIENTED_EDGE('',*,*,#4046,.F.);
#5267=ORIENTED_EDGE('',*,*,#4045,.T.);
#5268=ORIENTED_EDGE('',*,*,#4047,.F.);
#5269=ORIENTED_EDGE('',*,*,#4048,.F.);
#5270=ORIENTED_EDGE('',*,*,#4049,.F.);
#5271=ORIENTED_EDGE('',*,*,#4048,.T.);
#5272=ORIENTED_EDGE('',*,*,#4050,.F.);
#5273=ORIENTED_EDGE('',*,*,#4051,.F.);
#5274=ORIENTED_EDGE('',*,*,#4052,.F.);
#5275=ORIENTED_EDGE('',*,*,#4051,.T.);
#5276=ORIENTED_EDGE('',*,*,#4053,.F.);
#5277=ORIENTED_EDGE('',*,*,#4054,.F.);
#5278=ORIENTED_EDGE('',*,*,#4055,.F.);
#5279=ORIENTED_EDGE('',*,*,#4054,.T.);
#5280=ORIENTED_EDGE('',*,*,#4056,.F.);
#5281=ORIENTED_EDGE('',*,*,#4057,.F.);
#5282=ORIENTED_EDGE('',*,*,#4058,.F.);
#5283=ORIENTED_EDGE('',*,*,#4057,.T.);
#5284=ORIENTED_EDGE('',*,*,#4059,.F.);
#5285=ORIENTED_EDGE('',*,*,#4060,.F.);
#5286=ORIENTED_EDGE('',*,*,#4061,.F.);
#5287=ORIENTED_EDGE('',*,*,#4060,.T.);
#5288=ORIENTED_EDGE('',*,*,#4062,.F.);
#5289=ORIENTED_EDGE('',*,*,#4040,.F.);
#5290=ORIENTED_EDGE('',*,*,#4063,.F.);
#5291=ORIENTED_EDGE('',*,*,#4064,.T.);
#5292=ORIENTED_EDGE('',*,*,#4065,.F.);
#5293=ORIENTED_EDGE('',*,*,#4066,.F.);
#5294=ORIENTED_EDGE('',*,*,#4067,.F.);
#5295=ORIENTED_EDGE('',*,*,#4066,.T.);
#5296=ORIENTED_EDGE('',*,*,#4068,.F.);
#5297=ORIENTED_EDGE('',*,*,#4069,.F.);
#5298=ORIENTED_EDGE('',*,*,#4070,.F.);
#5299=ORIENTED_EDGE('',*,*,#4069,.T.);
#5300=ORIENTED_EDGE('',*,*,#4071,.F.);
#5301=ORIENTED_EDGE('',*,*,#4072,.F.);
#5302=ORIENTED_EDGE('',*,*,#4073,.F.);
#5303=ORIENTED_EDGE('',*,*,#4072,.T.);
#5304=ORIENTED_EDGE('',*,*,#4074,.F.);
#5305=ORIENTED_EDGE('',*,*,#4075,.F.);
#5306=ORIENTED_EDGE('',*,*,#4076,.F.);
#5307=ORIENTED_EDGE('',*,*,#4075,.T.);
#5308=ORIENTED_EDGE('',*,*,#4077,.F.);
#5309=ORIENTED_EDGE('',*,*,#4078,.F.);
#5310=ORIENTED_EDGE('',*,*,#4079,.F.);
#5311=ORIENTED_EDGE('',*,*,#4078,.T.);
#5312=ORIENTED_EDGE('',*,*,#4080,.F.);
#5313=ORIENTED_EDGE('',*,*,#4081,.F.);
#5314=ORIENTED_EDGE('',*,*,#4082,.F.);
#5315=ORIENTED_EDGE('',*,*,#4081,.T.);
#5316=ORIENTED_EDGE('',*,*,#4083,.F.);
#5317=ORIENTED_EDGE('',*,*,#4084,.F.);
#5318=ORIENTED_EDGE('',*,*,#4085,.F.);
#5319=ORIENTED_EDGE('',*,*,#4084,.T.);
#5320=ORIENTED_EDGE('',*,*,#4086,.F.);
#5321=ORIENTED_EDGE('',*,*,#4064,.F.);
#5322=ORIENTED_EDGE('',*,*,#4087,.F.);
#5323=ORIENTED_EDGE('',*,*,#4088,.T.);
#5324=ORIENTED_EDGE('',*,*,#4089,.F.);
#5325=ORIENTED_EDGE('',*,*,#4090,.F.);
#5326=ORIENTED_EDGE('',*,*,#4091,.F.);
#5327=ORIENTED_EDGE('',*,*,#4090,.T.);
#5328=ORIENTED_EDGE('',*,*,#4092,.F.);
#5329=ORIENTED_EDGE('',*,*,#4093,.F.);
#5330=ORIENTED_EDGE('',*,*,#4094,.F.);
#5331=ORIENTED_EDGE('',*,*,#4093,.T.);
#5332=ORIENTED_EDGE('',*,*,#4095,.F.);
#5333=ORIENTED_EDGE('',*,*,#4096,.F.);
#5334=ORIENTED_EDGE('',*,*,#4097,.F.);
#5335=ORIENTED_EDGE('',*,*,#4096,.T.);
#5336=ORIENTED_EDGE('',*,*,#4098,.F.);
#5337=ORIENTED_EDGE('',*,*,#4099,.F.);
#5338=ORIENTED_EDGE('',*,*,#4100,.F.);
#5339=ORIENTED_EDGE('',*,*,#4099,.T.);
#5340=ORIENTED_EDGE('',*,*,#4101,.F.);
#5341=ORIENTED_EDGE('',*,*,#4102,.F.);
#5342=ORIENTED_EDGE('',*,*,#4103,.F.);
#5343=ORIENTED_EDGE('',*,*,#4102,.T.);
#5344=ORIENTED_EDGE('',*,*,#4104,.F.);
#5345=ORIENTED_EDGE('',*,*,#4105,.F.);
#5346=ORIENTED_EDGE('',*,*,#4106,.F.);
#5347=ORIENTED_EDGE('',*,*,#4105,.T.);
#5348=ORIENTED_EDGE('',*,*,#4107,.F.);
#5349=ORIENTED_EDGE('',*,*,#4108,.F.);
#5350=ORIENTED_EDGE('',*,*,#4109,.F.);
#5351=ORIENTED_EDGE('',*,*,#4108,.T.);
#5352=ORIENTED_EDGE('',*,*,#4110,.F.);
#5353=ORIENTED_EDGE('',*,*,#4088,.F.);
#5354=ORIENTED_EDGE('',*,*,#4111,.F.);
#5355=ORIENTED_EDGE('',*,*,#4112,.T.);
#5356=ORIENTED_EDGE('',*,*,#4113,.F.);
#5357=ORIENTED_EDGE('',*,*,#4114,.F.);
#5358=ORIENTED_EDGE('',*,*,#4115,.F.);
#5359=ORIENTED_EDGE('',*,*,#4114,.T.);
#5360=ORIENTED_EDGE('',*,*,#4116,.F.);
#5361=ORIENTED_EDGE('',*,*,#4117,.F.);
#5362=ORIENTED_EDGE('',*,*,#4118,.F.);
#5363=ORIENTED_EDGE('',*,*,#4117,.T.);
#5364=ORIENTED_EDGE('',*,*,#4119,.F.);
#5365=ORIENTED_EDGE('',*,*,#4120,.F.);
#5366=ORIENTED_EDGE('',*,*,#4121,.F.);
#5367=ORIENTED_EDGE('',*,*,#4120,.T.);
#5368=ORIENTED_EDGE('',*,*,#4122,.F.);
#5369=ORIENTED_EDGE('',*,*,#4123,.F.);
#5370=ORIENTED_EDGE('',*,*,#4124,.F.);
#5371=ORIENTED_EDGE('',*,*,#4123,.T.);
#5372=ORIENTED_EDGE('',*,*,#4125,.F.);
#5373=ORIENTED_EDGE('',*,*,#4126,.F.);
#5374=ORIENTED_EDGE('',*,*,#4127,.F.);
#5375=ORIENTED_EDGE('',*,*,#4126,.T.);
#5376=ORIENTED_EDGE('',*,*,#4128,.F.);
#5377=ORIENTED_EDGE('',*,*,#4129,.F.);
#5378=ORIENTED_EDGE('',*,*,#4130,.F.);
#5379=ORIENTED_EDGE('',*,*,#4129,.T.);
#5380=ORIENTED_EDGE('',*,*,#4131,.F.);
#5381=ORIENTED_EDGE('',*,*,#4132,.F.);
#5382=ORIENTED_EDGE('',*,*,#4133,.F.);
#5383=ORIENTED_EDGE('',*,*,#4132,.T.);
#5384=ORIENTED_EDGE('',*,*,#4134,.F.);
#5385=ORIENTED_EDGE('',*,*,#4112,.F.);
#5386=ORIENTED_EDGE('',*,*,#4135,.F.);
#5387=ORIENTED_EDGE('',*,*,#4136,.T.);
#5388=ORIENTED_EDGE('',*,*,#4137,.F.);
#5389=ORIENTED_EDGE('',*,*,#4136,.F.);
#5390=ORIENTED_EDGE('',*,*,#4138,.F.);
#5391=ORIENTED_EDGE('',*,*,#4139,.T.);
#5392=ORIENTED_EDGE('',*,*,#4140,.F.);
#5393=ORIENTED_EDGE('',*,*,#4141,.F.);
#5394=ORIENTED_EDGE('',*,*,#4142,.F.);
#5395=ORIENTED_EDGE('',*,*,#4141,.T.);
#5396=ORIENTED_EDGE('',*,*,#4143,.F.);
#5397=ORIENTED_EDGE('',*,*,#4144,.F.);
#5398=ORIENTED_EDGE('',*,*,#4145,.F.);
#5399=ORIENTED_EDGE('',*,*,#4144,.T.);
#5400=ORIENTED_EDGE('',*,*,#4146,.F.);
#5401=ORIENTED_EDGE('',*,*,#4147,.F.);
#5402=ORIENTED_EDGE('',*,*,#4148,.F.);
#5403=ORIENTED_EDGE('',*,*,#4147,.T.);
#5404=ORIENTED_EDGE('',*,*,#4149,.F.);
#5405=ORIENTED_EDGE('',*,*,#4150,.F.);
#5406=ORIENTED_EDGE('',*,*,#4151,.F.);
#5407=ORIENTED_EDGE('',*,*,#4150,.T.);
#5408=ORIENTED_EDGE('',*,*,#4152,.F.);
#5409=ORIENTED_EDGE('',*,*,#4153,.F.);
#5410=ORIENTED_EDGE('',*,*,#4154,.F.);
#5411=ORIENTED_EDGE('',*,*,#4153,.T.);
#5412=ORIENTED_EDGE('',*,*,#4155,.F.);
#5413=ORIENTED_EDGE('',*,*,#4156,.F.);
#5414=ORIENTED_EDGE('',*,*,#4157,.F.);
#5415=ORIENTED_EDGE('',*,*,#4156,.T.);
#5416=ORIENTED_EDGE('',*,*,#4158,.F.);
#5417=ORIENTED_EDGE('',*,*,#4159,.F.);
#5418=ORIENTED_EDGE('',*,*,#4160,.F.);
#5419=ORIENTED_EDGE('',*,*,#4159,.T.);
#5420=ORIENTED_EDGE('',*,*,#4161,.F.);
#5421=ORIENTED_EDGE('',*,*,#4139,.F.);
#5422=ORIENTED_EDGE('',*,*,#4162,.F.);
#5423=ORIENTED_EDGE('',*,*,#4163,.T.);
#5424=ORIENTED_EDGE('',*,*,#4164,.F.);
#5425=ORIENTED_EDGE('',*,*,#4165,.F.);
#5426=ORIENTED_EDGE('',*,*,#4166,.F.);
#5427=ORIENTED_EDGE('',*,*,#4165,.T.);
#5428=ORIENTED_EDGE('',*,*,#4167,.F.);
#5429=ORIENTED_EDGE('',*,*,#4168,.F.);
#5430=ORIENTED_EDGE('',*,*,#4169,.F.);
#5431=ORIENTED_EDGE('',*,*,#4168,.T.);
#5432=ORIENTED_EDGE('',*,*,#4170,.F.);
#5433=ORIENTED_EDGE('',*,*,#4171,.F.);
#5434=ORIENTED_EDGE('',*,*,#4172,.F.);
#5435=ORIENTED_EDGE('',*,*,#4171,.T.);
#5436=ORIENTED_EDGE('',*,*,#4173,.F.);
#5437=ORIENTED_EDGE('',*,*,#4174,.F.);
#5438=ORIENTED_EDGE('',*,*,#4175,.F.);
#5439=ORIENTED_EDGE('',*,*,#4174,.T.);
#5440=ORIENTED_EDGE('',*,*,#4176,.F.);
#5441=ORIENTED_EDGE('',*,*,#4177,.F.);
#5442=ORIENTED_EDGE('',*,*,#4178,.F.);
#5443=ORIENTED_EDGE('',*,*,#4177,.T.);
#5444=ORIENTED_EDGE('',*,*,#4179,.F.);
#5445=ORIENTED_EDGE('',*,*,#4180,.F.);
#5446=ORIENTED_EDGE('',*,*,#4181,.F.);
#5447=ORIENTED_EDGE('',*,*,#4180,.T.);
#5448=ORIENTED_EDGE('',*,*,#4182,.F.);
#5449=ORIENTED_EDGE('',*,*,#4183,.F.);
#5450=ORIENTED_EDGE('',*,*,#4184,.F.);
#5451=ORIENTED_EDGE('',*,*,#4183,.T.);
#5452=ORIENTED_EDGE('',*,*,#4185,.F.);
#5453=ORIENTED_EDGE('',*,*,#4163,.F.);
#5454=ORIENTED_EDGE('',*,*,#4186,.F.);
#5455=ORIENTED_EDGE('',*,*,#4187,.T.);
#5456=ORIENTED_EDGE('',*,*,#4188,.F.);
#5457=ORIENTED_EDGE('',*,*,#4189,.F.);
#5458=ORIENTED_EDGE('',*,*,#4190,.F.);
#5459=ORIENTED_EDGE('',*,*,#4189,.T.);
#5460=ORIENTED_EDGE('',*,*,#4191,.F.);
#5461=ORIENTED_EDGE('',*,*,#4192,.F.);
#5462=ORIENTED_EDGE('',*,*,#4193,.F.);
#5463=ORIENTED_EDGE('',*,*,#4192,.T.);
#5464=ORIENTED_EDGE('',*,*,#4194,.F.);
#5465=ORIENTED_EDGE('',*,*,#4195,.F.);
#5466=ORIENTED_EDGE('',*,*,#4196,.F.);
#5467=ORIENTED_EDGE('',*,*,#4195,.T.);
#5468=ORIENTED_EDGE('',*,*,#4197,.F.);
#5469=ORIENTED_EDGE('',*,*,#4198,.F.);
#5470=ORIENTED_EDGE('',*,*,#4199,.F.);
#5471=ORIENTED_EDGE('',*,*,#4198,.T.);
#5472=ORIENTED_EDGE('',*,*,#4200,.F.);
#5473=ORIENTED_EDGE('',*,*,#4201,.F.);
#5474=ORIENTED_EDGE('',*,*,#4202,.F.);
#5475=ORIENTED_EDGE('',*,*,#4201,.T.);
#5476=ORIENTED_EDGE('',*,*,#4203,.F.);
#5477=ORIENTED_EDGE('',*,*,#4204,.F.);
#5478=ORIENTED_EDGE('',*,*,#4205,.F.);
#5479=ORIENTED_EDGE('',*,*,#4204,.T.);
#5480=ORIENTED_EDGE('',*,*,#4206,.F.);
#5481=ORIENTED_EDGE('',*,*,#4207,.F.);
#5482=ORIENTED_EDGE('',*,*,#4208,.F.);
#5483=ORIENTED_EDGE('',*,*,#4207,.T.);
#5484=ORIENTED_EDGE('',*,*,#4209,.F.);
#5485=ORIENTED_EDGE('',*,*,#4187,.F.);
#5486=ORIENTED_EDGE('',*,*,#4210,.F.);
#5487=ORIENTED_EDGE('',*,*,#4211,.T.);
#5488=ORIENTED_EDGE('',*,*,#4212,.F.);
#5489=ORIENTED_EDGE('',*,*,#4211,.F.);
#5490=ORIENTED_EDGE('',*,*,#4213,.F.);
#5491=ORIENTED_EDGE('',*,*,#4214,.T.);
#5492=ORIENTED_EDGE('',*,*,#4215,.F.);
#5493=ORIENTED_EDGE('',*,*,#4216,.F.);
#5494=ORIENTED_EDGE('',*,*,#4217,.F.);
#5495=ORIENTED_EDGE('',*,*,#4216,.T.);
#5496=ORIENTED_EDGE('',*,*,#4218,.F.);
#5497=ORIENTED_EDGE('',*,*,#4219,.F.);
#5498=ORIENTED_EDGE('',*,*,#4220,.F.);
#5499=ORIENTED_EDGE('',*,*,#4219,.T.);
#5500=ORIENTED_EDGE('',*,*,#4221,.F.);
#5501=ORIENTED_EDGE('',*,*,#4222,.F.);
#5502=ORIENTED_EDGE('',*,*,#4223,.F.);
#5503=ORIENTED_EDGE('',*,*,#4222,.T.);
#5504=ORIENTED_EDGE('',*,*,#4224,.F.);
#5505=ORIENTED_EDGE('',*,*,#4225,.F.);
#5506=ORIENTED_EDGE('',*,*,#4226,.F.);
#5507=ORIENTED_EDGE('',*,*,#4225,.T.);
#5508=ORIENTED_EDGE('',*,*,#4227,.F.);
#5509=ORIENTED_EDGE('',*,*,#4228,.F.);
#5510=ORIENTED_EDGE('',*,*,#4229,.F.);
#5511=ORIENTED_EDGE('',*,*,#4228,.T.);
#5512=ORIENTED_EDGE('',*,*,#4230,.F.);
#5513=ORIENTED_EDGE('',*,*,#4231,.F.);
#5514=ORIENTED_EDGE('',*,*,#4232,.F.);
#5515=ORIENTED_EDGE('',*,*,#4231,.T.);
#5516=ORIENTED_EDGE('',*,*,#4233,.F.);
#5517=ORIENTED_EDGE('',*,*,#4234,.F.);
#5518=ORIENTED_EDGE('',*,*,#4235,.F.);
#5519=ORIENTED_EDGE('',*,*,#4234,.T.);
#5520=ORIENTED_EDGE('',*,*,#4236,.F.);
#5521=ORIENTED_EDGE('',*,*,#4214,.F.);
#5522=ORIENTED_EDGE('',*,*,#4237,.F.);
#5523=ORIENTED_EDGE('',*,*,#4238,.T.);
#5524=ORIENTED_EDGE('',*,*,#4239,.F.);
#5525=ORIENTED_EDGE('',*,*,#4240,.F.);
#5526=ORIENTED_EDGE('',*,*,#4241,.F.);
#5527=ORIENTED_EDGE('',*,*,#4240,.T.);
#5528=ORIENTED_EDGE('',*,*,#4242,.F.);
#5529=ORIENTED_EDGE('',*,*,#4243,.F.);
#5530=ORIENTED_EDGE('',*,*,#4244,.F.);
#5531=ORIENTED_EDGE('',*,*,#4243,.T.);
#5532=ORIENTED_EDGE('',*,*,#4245,.F.);
#5533=ORIENTED_EDGE('',*,*,#4246,.F.);
#5534=ORIENTED_EDGE('',*,*,#4247,.F.);
#5535=ORIENTED_EDGE('',*,*,#4246,.T.);
#5536=ORIENTED_EDGE('',*,*,#4248,.F.);
#5537=ORIENTED_EDGE('',*,*,#4249,.F.);
#5538=ORIENTED_EDGE('',*,*,#4250,.F.);
#5539=ORIENTED_EDGE('',*,*,#4249,.T.);
#5540=ORIENTED_EDGE('',*,*,#4251,.F.);
#5541=ORIENTED_EDGE('',*,*,#4252,.F.);
#5542=ORIENTED_EDGE('',*,*,#4253,.F.);
#5543=ORIENTED_EDGE('',*,*,#4252,.T.);
#5544=ORIENTED_EDGE('',*,*,#4254,.F.);
#5545=ORIENTED_EDGE('',*,*,#4255,.F.);
#5546=ORIENTED_EDGE('',*,*,#4256,.F.);
#5547=ORIENTED_EDGE('',*,*,#4255,.T.);
#5548=ORIENTED_EDGE('',*,*,#4257,.F.);
#5549=ORIENTED_EDGE('',*,*,#4258,.F.);
#5550=ORIENTED_EDGE('',*,*,#4259,.F.);
#5551=ORIENTED_EDGE('',*,*,#4258,.T.);
#5552=ORIENTED_EDGE('',*,*,#4260,.F.);
#5553=ORIENTED_EDGE('',*,*,#4238,.F.);
#5554=ORIENTED_EDGE('',*,*,#4261,.F.);
#5555=ORIENTED_EDGE('',*,*,#4262,.T.);
#5556=ORIENTED_EDGE('',*,*,#4263,.F.);
#5557=ORIENTED_EDGE('',*,*,#4264,.F.);
#5558=ORIENTED_EDGE('',*,*,#4265,.F.);
#5559=ORIENTED_EDGE('',*,*,#4264,.T.);
#5560=ORIENTED_EDGE('',*,*,#4266,.F.);
#5561=ORIENTED_EDGE('',*,*,#4267,.F.);
#5562=ORIENTED_EDGE('',*,*,#4268,.F.);
#5563=ORIENTED_EDGE('',*,*,#4267,.T.);
#5564=ORIENTED_EDGE('',*,*,#4269,.F.);
#5565=ORIENTED_EDGE('',*,*,#4270,.F.);
#5566=ORIENTED_EDGE('',*,*,#4271,.F.);
#5567=ORIENTED_EDGE('',*,*,#4270,.T.);
#5568=ORIENTED_EDGE('',*,*,#4272,.F.);
#5569=ORIENTED_EDGE('',*,*,#4273,.F.);
#5570=ORIENTED_EDGE('',*,*,#4274,.F.);
#5571=ORIENTED_EDGE('',*,*,#4273,.T.);
#5572=ORIENTED_EDGE('',*,*,#4275,.F.);
#5573=ORIENTED_EDGE('',*,*,#4276,.F.);
#5574=ORIENTED_EDGE('',*,*,#4277,.F.);
#5575=ORIENTED_EDGE('',*,*,#4276,.T.);
#5576=ORIENTED_EDGE('',*,*,#4278,.F.);
#5577=ORIENTED_EDGE('',*,*,#4279,.F.);
#5578=ORIENTED_EDGE('',*,*,#4280,.F.);
#5579=ORIENTED_EDGE('',*,*,#4279,.T.);
#5580=ORIENTED_EDGE('',*,*,#4281,.F.);
#5581=ORIENTED_EDGE('',*,*,#4282,.F.);
#5582=ORIENTED_EDGE('',*,*,#4283,.F.);
#5583=ORIENTED_EDGE('',*,*,#4282,.T.);
#5584=ORIENTED_EDGE('',*,*,#4284,.F.);
#5585=ORIENTED_EDGE('',*,*,#4262,.F.);
#5586=ORIENTED_EDGE('',*,*,#4285,.F.);
#5587=ORIENTED_EDGE('',*,*,#4286,.T.);
#5588=ORIENTED_EDGE('',*,*,#4287,.F.);
#5589=ORIENTED_EDGE('',*,*,#4288,.F.);
#5590=ORIENTED_EDGE('',*,*,#4289,.F.);
#5591=ORIENTED_EDGE('',*,*,#4288,.T.);
#5592=ORIENTED_EDGE('',*,*,#4290,.F.);
#5593=ORIENTED_EDGE('',*,*,#4291,.F.);
#5594=ORIENTED_EDGE('',*,*,#4292,.F.);
#5595=ORIENTED_EDGE('',*,*,#4291,.T.);
#5596=ORIENTED_EDGE('',*,*,#4293,.F.);
#5597=ORIENTED_EDGE('',*,*,#4294,.F.);
#5598=ORIENTED_EDGE('',*,*,#4295,.F.);
#5599=ORIENTED_EDGE('',*,*,#4294,.T.);
#5600=ORIENTED_EDGE('',*,*,#4296,.F.);
#5601=ORIENTED_EDGE('',*,*,#4297,.F.);
#5602=ORIENTED_EDGE('',*,*,#4298,.F.);
#5603=ORIENTED_EDGE('',*,*,#4297,.T.);
#5604=ORIENTED_EDGE('',*,*,#4299,.F.);
#5605=ORIENTED_EDGE('',*,*,#4300,.F.);
#5606=ORIENTED_EDGE('',*,*,#4301,.F.);
#5607=ORIENTED_EDGE('',*,*,#4300,.T.);
#5608=ORIENTED_EDGE('',*,*,#4302,.F.);
#5609=ORIENTED_EDGE('',*,*,#4303,.F.);
#5610=ORIENTED_EDGE('',*,*,#4304,.F.);
#5611=ORIENTED_EDGE('',*,*,#4303,.T.);
#5612=ORIENTED_EDGE('',*,*,#4305,.F.);
#5613=ORIENTED_EDGE('',*,*,#4306,.F.);
#5614=ORIENTED_EDGE('',*,*,#4307,.F.);
#5615=ORIENTED_EDGE('',*,*,#4306,.T.);
#5616=ORIENTED_EDGE('',*,*,#4308,.F.);
#5617=ORIENTED_EDGE('',*,*,#4286,.F.);
#5618=ORIENTED_EDGE('',*,*,#4309,.F.);
#5619=ORIENTED_EDGE('',*,*,#4310,.T.);
#5620=ORIENTED_EDGE('',*,*,#4311,.F.);
#5621=ORIENTED_EDGE('',*,*,#4312,.F.);
#5622=ORIENTED_EDGE('',*,*,#4313,.F.);
#5623=ORIENTED_EDGE('',*,*,#4312,.T.);
#5624=ORIENTED_EDGE('',*,*,#4314,.F.);
#5625=ORIENTED_EDGE('',*,*,#4315,.F.);
#5626=ORIENTED_EDGE('',*,*,#4316,.F.);
#5627=ORIENTED_EDGE('',*,*,#4315,.T.);
#5628=ORIENTED_EDGE('',*,*,#4317,.F.);
#5629=ORIENTED_EDGE('',*,*,#4318,.F.);
#5630=ORIENTED_EDGE('',*,*,#4319,.F.);
#5631=ORIENTED_EDGE('',*,*,#4318,.T.);
#5632=ORIENTED_EDGE('',*,*,#4320,.F.);
#5633=ORIENTED_EDGE('',*,*,#4321,.F.);
#5634=ORIENTED_EDGE('',*,*,#4322,.F.);
#5635=ORIENTED_EDGE('',*,*,#4321,.T.);
#5636=ORIENTED_EDGE('',*,*,#4323,.F.);
#5637=ORIENTED_EDGE('',*,*,#4324,.F.);
#5638=ORIENTED_EDGE('',*,*,#4325,.F.);
#5639=ORIENTED_EDGE('',*,*,#4324,.T.);
#5640=ORIENTED_EDGE('',*,*,#4326,.F.);
#5641=ORIENTED_EDGE('',*,*,#4327,.F.);
#5642=ORIENTED_EDGE('',*,*,#4328,.F.);
#5643=ORIENTED_EDGE('',*,*,#4327,.T.);
#5644=ORIENTED_EDGE('',*,*,#4329,.F.);
#5645=ORIENTED_EDGE('',*,*,#4330,.F.);
#5646=ORIENTED_EDGE('',*,*,#4331,.F.);
#5647=ORIENTED_EDGE('',*,*,#4330,.T.);
#5648=ORIENTED_EDGE('',*,*,#4332,.F.);
#5649=ORIENTED_EDGE('',*,*,#4310,.F.);
#5650=ORIENTED_EDGE('',*,*,#4333,.F.);
#5651=ORIENTED_EDGE('',*,*,#4334,.T.);
#5652=ORIENTED_EDGE('',*,*,#4335,.F.);
#5653=ORIENTED_EDGE('',*,*,#4334,.F.);
#5654=ORIENTED_EDGE('',*,*,#4336,.F.);
#5655=ORIENTED_EDGE('',*,*,#4337,.T.);
#5656=ORIENTED_EDGE('',*,*,#4338,.F.);
#5657=ORIENTED_EDGE('',*,*,#4337,.F.);
#5658=ORIENTED_EDGE('',*,*,#4339,.F.);
#5659=ORIENTED_EDGE('',*,*,#4340,.T.);
#5660=ORIENTED_EDGE('',*,*,#4341,.F.);
#5661=ORIENTED_EDGE('',*,*,#4342,.F.);
#5662=ORIENTED_EDGE('',*,*,#4343,.F.);
#5663=ORIENTED_EDGE('',*,*,#4342,.T.);
#5664=ORIENTED_EDGE('',*,*,#4344,.F.);
#5665=ORIENTED_EDGE('',*,*,#4345,.F.);
#5666=ORIENTED_EDGE('',*,*,#4346,.F.);
#5667=ORIENTED_EDGE('',*,*,#4345,.T.);
#5668=ORIENTED_EDGE('',*,*,#4347,.F.);
#5669=ORIENTED_EDGE('',*,*,#4348,.F.);
#5670=ORIENTED_EDGE('',*,*,#4349,.F.);
#5671=ORIENTED_EDGE('',*,*,#4348,.T.);
#5672=ORIENTED_EDGE('',*,*,#4350,.F.);
#5673=ORIENTED_EDGE('',*,*,#4351,.F.);
#5674=ORIENTED_EDGE('',*,*,#4352,.F.);
#5675=ORIENTED_EDGE('',*,*,#4351,.T.);
#5676=ORIENTED_EDGE('',*,*,#4353,.F.);
#5677=ORIENTED_EDGE('',*,*,#4354,.F.);
#5678=ORIENTED_EDGE('',*,*,#4355,.F.);
#5679=ORIENTED_EDGE('',*,*,#4354,.T.);
#5680=ORIENTED_EDGE('',*,*,#4356,.F.);
#5681=ORIENTED_EDGE('',*,*,#4357,.F.);
#5682=ORIENTED_EDGE('',*,*,#4358,.F.);
#5683=ORIENTED_EDGE('',*,*,#4357,.T.);
#5684=ORIENTED_EDGE('',*,*,#4359,.F.);
#5685=ORIENTED_EDGE('',*,*,#4360,.F.);
#5686=ORIENTED_EDGE('',*,*,#4361,.F.);
#5687=ORIENTED_EDGE('',*,*,#4360,.T.);
#5688=ORIENTED_EDGE('',*,*,#4362,.F.);
#5689=ORIENTED_EDGE('',*,*,#4340,.F.);
#5690=ORIENTED_EDGE('',*,*,#4363,.F.);
#5691=ORIENTED_EDGE('',*,*,#4364,.T.);
#5692=ORIENTED_EDGE('',*,*,#4365,.F.);
#5693=ORIENTED_EDGE('',*,*,#4366,.F.);
#5694=ORIENTED_EDGE('',*,*,#4367,.F.);
#5695=ORIENTED_EDGE('',*,*,#4366,.T.);
#5696=ORIENTED_EDGE('',*,*,#4368,.F.);
#5697=ORIENTED_EDGE('',*,*,#4369,.F.);
#5698=ORIENTED_EDGE('',*,*,#4370,.F.);
#5699=ORIENTED_EDGE('',*,*,#4369,.T.);
#5700=ORIENTED_EDGE('',*,*,#4371,.F.);
#5701=ORIENTED_EDGE('',*,*,#4372,.F.);
#5702=ORIENTED_EDGE('',*,*,#4373,.F.);
#5703=ORIENTED_EDGE('',*,*,#4372,.T.);
#5704=ORIENTED_EDGE('',*,*,#4374,.F.);
#5705=ORIENTED_EDGE('',*,*,#4375,.F.);
#5706=ORIENTED_EDGE('',*,*,#4376,.F.);
#5707=ORIENTED_EDGE('',*,*,#4375,.T.);
#5708=ORIENTED_EDGE('',*,*,#4377,.F.);
#5709=ORIENTED_EDGE('',*,*,#4378,.F.);
#5710=ORIENTED_EDGE('',*,*,#4379,.F.);
#5711=ORIENTED_EDGE('',*,*,#4378,.T.);
#5712=ORIENTED_EDGE('',*,*,#4380,.F.);
#5713=ORIENTED_EDGE('',*,*,#4381,.F.);
#5714=ORIENTED_EDGE('',*,*,#4382,.F.);
#5715=ORIENTED_EDGE('',*,*,#4381,.T.);
#5716=ORIENTED_EDGE('',*,*,#4383,.F.);
#5717=ORIENTED_EDGE('',*,*,#4384,.F.);
#5718=ORIENTED_EDGE('',*,*,#4385,.F.);
#5719=ORIENTED_EDGE('',*,*,#4384,.T.);
#5720=ORIENTED_EDGE('',*,*,#4386,.F.);
#5721=ORIENTED_EDGE('',*,*,#4364,.F.);
#5722=ORIENTED_EDGE('',*,*,#4387,.F.);
#5723=ORIENTED_EDGE('',*,*,#4388,.T.);
#5724=ORIENTED_EDGE('',*,*,#4389,.F.);
#5725=ORIENTED_EDGE('',*,*,#4390,.F.);
#5726=ORIENTED_EDGE('',*,*,#4391,.F.);
#5727=ORIENTED_EDGE('',*,*,#4390,.T.);
#5728=ORIENTED_EDGE('',*,*,#4392,.F.);
#5729=ORIENTED_EDGE('',*,*,#4393,.F.);
#5730=ORIENTED_EDGE('',*,*,#4394,.F.);
#5731=ORIENTED_EDGE('',*,*,#4393,.T.);
#5732=ORIENTED_EDGE('',*,*,#4395,.F.);
#5733=ORIENTED_EDGE('',*,*,#4396,.F.);
#5734=ORIENTED_EDGE('',*,*,#4397,.F.);
#5735=ORIENTED_EDGE('',*,*,#4396,.T.);
#5736=ORIENTED_EDGE('',*,*,#4398,.F.);
#5737=ORIENTED_EDGE('',*,*,#4399,.F.);
#5738=ORIENTED_EDGE('',*,*,#4400,.F.);
#5739=ORIENTED_EDGE('',*,*,#4399,.T.);
#5740=ORIENTED_EDGE('',*,*,#4401,.F.);
#5741=ORIENTED_EDGE('',*,*,#4402,.F.);
#5742=ORIENTED_EDGE('',*,*,#4403,.F.);
#5743=ORIENTED_EDGE('',*,*,#4402,.T.);
#5744=ORIENTED_EDGE('',*,*,#4404,.F.);
#5745=ORIENTED_EDGE('',*,*,#4405,.F.);
#5746=ORIENTED_EDGE('',*,*,#4406,.F.);
#5747=ORIENTED_EDGE('',*,*,#4405,.T.);
#5748=ORIENTED_EDGE('',*,*,#4407,.F.);
#5749=ORIENTED_EDGE('',*,*,#4408,.F.);
#5750=ORIENTED_EDGE('',*,*,#4409,.F.);
#5751=ORIENTED_EDGE('',*,*,#4408,.T.);
#5752=ORIENTED_EDGE('',*,*,#4410,.F.);
#5753=ORIENTED_EDGE('',*,*,#4388,.F.);
#5754=ORIENTED_EDGE('',*,*,#4411,.F.);
#5755=ORIENTED_EDGE('',*,*,#4412,.T.);
#5756=ORIENTED_EDGE('',*,*,#4413,.F.);
#5757=ORIENTED_EDGE('',*,*,#4414,.F.);
#5758=ORIENTED_EDGE('',*,*,#4415,.F.);
#5759=ORIENTED_EDGE('',*,*,#4414,.T.);
#5760=ORIENTED_EDGE('',*,*,#4416,.F.);
#5761=ORIENTED_EDGE('',*,*,#4417,.F.);
#5762=ORIENTED_EDGE('',*,*,#4418,.F.);
#5763=ORIENTED_EDGE('',*,*,#4417,.T.);
#5764=ORIENTED_EDGE('',*,*,#4419,.F.);
#5765=ORIENTED_EDGE('',*,*,#4420,.F.);
#5766=ORIENTED_EDGE('',*,*,#4421,.F.);
#5767=ORIENTED_EDGE('',*,*,#4420,.T.);
#5768=ORIENTED_EDGE('',*,*,#4422,.F.);
#5769=ORIENTED_EDGE('',*,*,#4423,.F.);
#5770=ORIENTED_EDGE('',*,*,#4424,.F.);
#5771=ORIENTED_EDGE('',*,*,#4423,.T.);
#5772=ORIENTED_EDGE('',*,*,#4425,.F.);
#5773=ORIENTED_EDGE('',*,*,#4426,.F.);
#5774=ORIENTED_EDGE('',*,*,#4427,.F.);
#5775=ORIENTED_EDGE('',*,*,#4426,.T.);
#5776=ORIENTED_EDGE('',*,*,#4428,.F.);
#5777=ORIENTED_EDGE('',*,*,#4429,.F.);
#5778=ORIENTED_EDGE('',*,*,#4430,.F.);
#5779=ORIENTED_EDGE('',*,*,#4429,.T.);
#5780=ORIENTED_EDGE('',*,*,#4431,.F.);
#5781=ORIENTED_EDGE('',*,*,#4432,.F.);
#5782=ORIENTED_EDGE('',*,*,#4433,.F.);
#5783=ORIENTED_EDGE('',*,*,#4432,.T.);
#5784=ORIENTED_EDGE('',*,*,#4434,.F.);
#5785=ORIENTED_EDGE('',*,*,#4412,.F.);
#5786=ORIENTED_EDGE('',*,*,#4435,.F.);
#5787=ORIENTED_EDGE('',*,*,#4436,.T.);
#5788=ORIENTED_EDGE('',*,*,#4437,.F.);
#5789=ORIENTED_EDGE('',*,*,#4438,.F.);
#5790=ORIENTED_EDGE('',*,*,#4439,.F.);
#5791=ORIENTED_EDGE('',*,*,#4438,.T.);
#5792=ORIENTED_EDGE('',*,*,#4440,.F.);
#5793=ORIENTED_EDGE('',*,*,#4441,.F.);
#5794=ORIENTED_EDGE('',*,*,#4442,.F.);
#5795=ORIENTED_EDGE('',*,*,#4441,.T.);
#5796=ORIENTED_EDGE('',*,*,#4443,.F.);
#5797=ORIENTED_EDGE('',*,*,#4444,.F.);
#5798=ORIENTED_EDGE('',*,*,#4445,.F.);
#5799=ORIENTED_EDGE('',*,*,#4444,.T.);
#5800=ORIENTED_EDGE('',*,*,#4446,.F.);
#5801=ORIENTED_EDGE('',*,*,#4447,.F.);
#5802=ORIENTED_EDGE('',*,*,#4448,.F.);
#5803=ORIENTED_EDGE('',*,*,#4447,.T.);
#5804=ORIENTED_EDGE('',*,*,#4449,.F.);
#5805=ORIENTED_EDGE('',*,*,#4450,.F.);
#5806=ORIENTED_EDGE('',*,*,#4451,.F.);
#5807=ORIENTED_EDGE('',*,*,#4450,.T.);
#5808=ORIENTED_EDGE('',*,*,#4452,.F.);
#5809=ORIENTED_EDGE('',*,*,#4453,.F.);
#5810=ORIENTED_EDGE('',*,*,#4454,.F.);
#5811=ORIENTED_EDGE('',*,*,#4453,.T.);
#5812=ORIENTED_EDGE('',*,*,#4455,.F.);
#5813=ORIENTED_EDGE('',*,*,#4456,.F.);
#5814=ORIENTED_EDGE('',*,*,#4457,.F.);
#5815=ORIENTED_EDGE('',*,*,#4456,.T.);
#5816=ORIENTED_EDGE('',*,*,#4458,.F.);
#5817=ORIENTED_EDGE('',*,*,#4436,.F.);
#5818=ORIENTED_EDGE('',*,*,#4459,.F.);
#5819=ORIENTED_EDGE('',*,*,#4460,.T.);
#5820=ORIENTED_EDGE('',*,*,#4461,.F.);
#5821=ORIENTED_EDGE('',*,*,#4460,.F.);
#5822=ORIENTED_EDGE('',*,*,#4462,.F.);
#5823=ORIENTED_EDGE('',*,*,#4463,.T.);
#5824=ORIENTED_EDGE('',*,*,#4464,.F.);
#5825=ORIENTED_EDGE('',*,*,#4465,.F.);
#5826=ORIENTED_EDGE('',*,*,#4466,.F.);
#5827=ORIENTED_EDGE('',*,*,#4465,.T.);
#5828=ORIENTED_EDGE('',*,*,#4467,.F.);
#5829=ORIENTED_EDGE('',*,*,#4468,.F.);
#5830=ORIENTED_EDGE('',*,*,#4469,.F.);
#5831=ORIENTED_EDGE('',*,*,#4468,.T.);
#5832=ORIENTED_EDGE('',*,*,#4470,.F.);
#5833=ORIENTED_EDGE('',*,*,#4471,.F.);
#5834=ORIENTED_EDGE('',*,*,#4472,.F.);
#5835=ORIENTED_EDGE('',*,*,#4471,.T.);
#5836=ORIENTED_EDGE('',*,*,#4473,.F.);
#5837=ORIENTED_EDGE('',*,*,#4474,.F.);
#5838=ORIENTED_EDGE('',*,*,#4475,.F.);
#5839=ORIENTED_EDGE('',*,*,#4474,.T.);
#5840=ORIENTED_EDGE('',*,*,#4476,.F.);
#5841=ORIENTED_EDGE('',*,*,#4477,.F.);
#5842=ORIENTED_EDGE('',*,*,#4478,.F.);
#5843=ORIENTED_EDGE('',*,*,#4477,.T.);
#5844=ORIENTED_EDGE('',*,*,#4479,.F.);
#5845=ORIENTED_EDGE('',*,*,#4480,.F.);
#5846=ORIENTED_EDGE('',*,*,#4481,.F.);
#5847=ORIENTED_EDGE('',*,*,#4480,.T.);
#5848=ORIENTED_EDGE('',*,*,#4482,.F.);
#5849=ORIENTED_EDGE('',*,*,#4483,.F.);
#5850=ORIENTED_EDGE('',*,*,#4484,.F.);
#5851=ORIENTED_EDGE('',*,*,#4483,.T.);
#5852=ORIENTED_EDGE('',*,*,#4485,.F.);
#5853=ORIENTED_EDGE('',*,*,#4463,.F.);
#5854=ORIENTED_EDGE('',*,*,#4486,.F.);
#5855=ORIENTED_EDGE('',*,*,#4487,.T.);
#5856=ORIENTED_EDGE('',*,*,#4488,.F.);
#5857=ORIENTED_EDGE('',*,*,#4489,.F.);
#5858=ORIENTED_EDGE('',*,*,#4490,.F.);
#5859=ORIENTED_EDGE('',*,*,#4489,.T.);
#5860=ORIENTED_EDGE('',*,*,#4491,.F.);
#5861=ORIENTED_EDGE('',*,*,#4492,.F.);
#5862=ORIENTED_EDGE('',*,*,#4493,.F.);
#5863=ORIENTED_EDGE('',*,*,#4492,.T.);
#5864=ORIENTED_EDGE('',*,*,#4494,.F.);
#5865=ORIENTED_EDGE('',*,*,#4495,.F.);
#5866=ORIENTED_EDGE('',*,*,#4496,.F.);
#5867=ORIENTED_EDGE('',*,*,#4495,.T.);
#5868=ORIENTED_EDGE('',*,*,#4497,.F.);
#5869=ORIENTED_EDGE('',*,*,#4498,.F.);
#5870=ORIENTED_EDGE('',*,*,#4499,.F.);
#5871=ORIENTED_EDGE('',*,*,#4498,.T.);
#5872=ORIENTED_EDGE('',*,*,#4500,.F.);
#5873=ORIENTED_EDGE('',*,*,#4501,.F.);
#5874=ORIENTED_EDGE('',*,*,#4502,.F.);
#5875=ORIENTED_EDGE('',*,*,#4501,.T.);
#5876=ORIENTED_EDGE('',*,*,#4503,.F.);
#5877=ORIENTED_EDGE('',*,*,#4504,.F.);
#5878=ORIENTED_EDGE('',*,*,#4505,.F.);
#5879=ORIENTED_EDGE('',*,*,#4504,.T.);
#5880=ORIENTED_EDGE('',*,*,#4506,.F.);
#5881=ORIENTED_EDGE('',*,*,#4507,.F.);
#5882=ORIENTED_EDGE('',*,*,#4508,.F.);
#5883=ORIENTED_EDGE('',*,*,#4507,.T.);
#5884=ORIENTED_EDGE('',*,*,#4509,.F.);
#5885=ORIENTED_EDGE('',*,*,#4487,.F.);
#5886=ORIENTED_EDGE('',*,*,#4510,.F.);
#5887=ORIENTED_EDGE('',*,*,#4511,.T.);
#5888=ORIENTED_EDGE('',*,*,#4512,.F.);
#5889=ORIENTED_EDGE('',*,*,#4511,.F.);
#5890=ORIENTED_EDGE('',*,*,#4513,.F.);
#5891=ORIENTED_EDGE('',*,*,#4514,.T.);
#5892=ORIENTED_EDGE('',*,*,#4515,.F.);
#5893=ORIENTED_EDGE('',*,*,#4516,.F.);
#5894=ORIENTED_EDGE('',*,*,#4517,.F.);
#5895=ORIENTED_EDGE('',*,*,#4516,.T.);
#5896=ORIENTED_EDGE('',*,*,#4518,.F.);
#5897=ORIENTED_EDGE('',*,*,#4519,.F.);
#5898=ORIENTED_EDGE('',*,*,#4520,.F.);
#5899=ORIENTED_EDGE('',*,*,#4519,.T.);
#5900=ORIENTED_EDGE('',*,*,#4521,.F.);
#5901=ORIENTED_EDGE('',*,*,#4522,.F.);
#5902=ORIENTED_EDGE('',*,*,#4523,.F.);
#5903=ORIENTED_EDGE('',*,*,#4522,.T.);
#5904=ORIENTED_EDGE('',*,*,#4524,.F.);
#5905=ORIENTED_EDGE('',*,*,#4525,.F.);
#5906=ORIENTED_EDGE('',*,*,#4526,.F.);
#5907=ORIENTED_EDGE('',*,*,#4525,.T.);
#5908=ORIENTED_EDGE('',*,*,#4527,.F.);
#5909=ORIENTED_EDGE('',*,*,#4528,.F.);
#5910=ORIENTED_EDGE('',*,*,#4529,.F.);
#5911=ORIENTED_EDGE('',*,*,#4528,.T.);
#5912=ORIENTED_EDGE('',*,*,#4530,.F.);
#5913=ORIENTED_EDGE('',*,*,#4531,.F.);
#5914=ORIENTED_EDGE('',*,*,#4532,.F.);
#5915=ORIENTED_EDGE('',*,*,#4531,.T.);
#5916=ORIENTED_EDGE('',*,*,#4533,.F.);
#5917=ORIENTED_EDGE('',*,*,#4534,.F.);
#5918=ORIENTED_EDGE('',*,*,#4535,.F.);
#5919=ORIENTED_EDGE('',*,*,#4534,.T.);
#5920=ORIENTED_EDGE('',*,*,#4536,.F.);
#5921=ORIENTED_EDGE('',*,*,#4514,.F.);
#5922=ORIENTED_EDGE('',*,*,#4537,.F.);
#5923=ORIENTED_EDGE('',*,*,#4538,.T.);
#5924=ORIENTED_EDGE('',*,*,#4539,.F.);
#5925=ORIENTED_EDGE('',*,*,#4540,.F.);
#5926=ORIENTED_EDGE('',*,*,#4541,.F.);
#5927=ORIENTED_EDGE('',*,*,#4540,.T.);
#5928=ORIENTED_EDGE('',*,*,#4542,.F.);
#5929=ORIENTED_EDGE('',*,*,#4543,.F.);
#5930=ORIENTED_EDGE('',*,*,#4544,.F.);
#5931=ORIENTED_EDGE('',*,*,#4543,.T.);
#5932=ORIENTED_EDGE('',*,*,#4545,.F.);
#5933=ORIENTED_EDGE('',*,*,#4546,.F.);
#5934=ORIENTED_EDGE('',*,*,#4547,.F.);
#5935=ORIENTED_EDGE('',*,*,#4546,.T.);
#5936=ORIENTED_EDGE('',*,*,#4548,.F.);
#5937=ORIENTED_EDGE('',*,*,#4549,.F.);
#5938=ORIENTED_EDGE('',*,*,#4550,.F.);
#5939=ORIENTED_EDGE('',*,*,#4549,.T.);
#5940=ORIENTED_EDGE('',*,*,#4551,.F.);
#5941=ORIENTED_EDGE('',*,*,#4552,.F.);
#5942=ORIENTED_EDGE('',*,*,#4553,.F.);
#5943=ORIENTED_EDGE('',*,*,#4552,.T.);
#5944=ORIENTED_EDGE('',*,*,#4554,.F.);
#5945=ORIENTED_EDGE('',*,*,#4555,.F.);
#5946=ORIENTED_EDGE('',*,*,#4556,.F.);
#5947=ORIENTED_EDGE('',*,*,#4555,.T.);
#5948=ORIENTED_EDGE('',*,*,#4557,.F.);
#5949=ORIENTED_EDGE('',*,*,#4558,.F.);
#5950=ORIENTED_EDGE('',*,*,#4559,.F.);
#5951=ORIENTED_EDGE('',*,*,#4558,.T.);
#5952=ORIENTED_EDGE('',*,*,#4560,.F.);
#5953=ORIENTED_EDGE('',*,*,#4538,.F.);
#5954=ORIENTED_EDGE('',*,*,#4561,.F.);
#5955=ORIENTED_EDGE('',*,*,#4562,.T.);
#5956=ORIENTED_EDGE('',*,*,#4563,.F.);
#5957=ORIENTED_EDGE('',*,*,#4564,.F.);
#5958=ORIENTED_EDGE('',*,*,#4565,.F.);
#5959=ORIENTED_EDGE('',*,*,#4564,.T.);
#5960=ORIENTED_EDGE('',*,*,#4566,.F.);
#5961=ORIENTED_EDGE('',*,*,#4567,.F.);
#5962=ORIENTED_EDGE('',*,*,#4568,.F.);
#5963=ORIENTED_EDGE('',*,*,#4567,.T.);
#5964=ORIENTED_EDGE('',*,*,#4569,.F.);
#5965=ORIENTED_EDGE('',*,*,#4570,.F.);
#5966=ORIENTED_EDGE('',*,*,#4571,.F.);
#5967=ORIENTED_EDGE('',*,*,#4570,.T.);
#5968=ORIENTED_EDGE('',*,*,#4572,.F.);
#5969=ORIENTED_EDGE('',*,*,#4573,.F.);
#5970=ORIENTED_EDGE('',*,*,#4574,.F.);
#5971=ORIENTED_EDGE('',*,*,#4573,.T.);
#5972=ORIENTED_EDGE('',*,*,#4575,.F.);
#5973=ORIENTED_EDGE('',*,*,#4576,.F.);
#5974=ORIENTED_EDGE('',*,*,#4577,.F.);
#5975=ORIENTED_EDGE('',*,*,#4576,.T.);
#5976=ORIENTED_EDGE('',*,*,#4578,.F.);
#5977=ORIENTED_EDGE('',*,*,#4579,.F.);
#5978=ORIENTED_EDGE('',*,*,#4580,.F.);
#5979=ORIENTED_EDGE('',*,*,#4579,.T.);
#5980=ORIENTED_EDGE('',*,*,#4581,.F.);
#5981=ORIENTED_EDGE('',*,*,#4582,.F.);
#5982=ORIENTED_EDGE('',*,*,#4583,.F.);
#5983=ORIENTED_EDGE('',*,*,#4582,.T.);
#5984=ORIENTED_EDGE('',*,*,#4584,.F.);
#5985=ORIENTED_EDGE('',*,*,#4562,.F.);
#5986=ORIENTED_EDGE('',*,*,#4585,.F.);
#5987=ORIENTED_EDGE('',*,*,#4586,.T.);
#5988=ORIENTED_EDGE('',*,*,#4587,.F.);
#5989=ORIENTED_EDGE('',*,*,#4588,.F.);
#5990=ORIENTED_EDGE('',*,*,#4589,.F.);
#5991=ORIENTED_EDGE('',*,*,#4588,.T.);
#5992=ORIENTED_EDGE('',*,*,#4590,.F.);
#5993=ORIENTED_EDGE('',*,*,#4591,.F.);
#5994=ORIENTED_EDGE('',*,*,#4592,.F.);
#5995=ORIENTED_EDGE('',*,*,#4591,.T.);
#5996=ORIENTED_EDGE('',*,*,#4593,.F.);
#5997=ORIENTED_EDGE('',*,*,#4594,.F.);
#5998=ORIENTED_EDGE('',*,*,#4595,.F.);
#5999=ORIENTED_EDGE('',*,*,#4594,.T.);
#6000=ORIENTED_EDGE('',*,*,#4596,.F.);
#6001=ORIENTED_EDGE('',*,*,#4597,.F.);
#6002=ORIENTED_EDGE('',*,*,#4598,.F.);
#6003=ORIENTED_EDGE('',*,*,#4597,.T.);
#6004=ORIENTED_EDGE('',*,*,#4599,.F.);
#6005=ORIENTED_EDGE('',*,*,#4600,.F.);
#6006=ORIENTED_EDGE('',*,*,#4601,.F.);
#6007=ORIENTED_EDGE('',*,*,#4600,.T.);
#6008=ORIENTED_EDGE('',*,*,#4602,.F.);
#6009=ORIENTED_EDGE('',*,*,#4603,.F.);
#6010=ORIENTED_EDGE('',*,*,#4604,.F.);
#6011=ORIENTED_EDGE('',*,*,#4603,.T.);
#6012=ORIENTED_EDGE('',*,*,#4605,.F.);
#6013=ORIENTED_EDGE('',*,*,#4606,.F.);
#6014=ORIENTED_EDGE('',*,*,#4607,.F.);
#6015=ORIENTED_EDGE('',*,*,#4606,.T.);
#6016=ORIENTED_EDGE('',*,*,#4608,.F.);
#6017=ORIENTED_EDGE('',*,*,#4586,.F.);
#6018=ORIENTED_EDGE('',*,*,#4609,.F.);
#6019=ORIENTED_EDGE('',*,*,#4610,.T.);
#6020=ORIENTED_EDGE('',*,*,#4611,.F.);
#6021=ORIENTED_EDGE('',*,*,#4612,.F.);
#6022=ORIENTED_EDGE('',*,*,#4613,.F.);
#6023=ORIENTED_EDGE('',*,*,#4612,.T.);
#6024=ORIENTED_EDGE('',*,*,#4614,.F.);
#6025=ORIENTED_EDGE('',*,*,#4615,.F.);
#6026=ORIENTED_EDGE('',*,*,#4616,.F.);
#6027=ORIENTED_EDGE('',*,*,#4615,.T.);
#6028=ORIENTED_EDGE('',*,*,#4617,.F.);
#6029=ORIENTED_EDGE('',*,*,#4618,.F.);
#6030=ORIENTED_EDGE('',*,*,#4619,.F.);
#6031=ORIENTED_EDGE('',*,*,#4618,.T.);
#6032=ORIENTED_EDGE('',*,*,#4620,.F.);
#6033=ORIENTED_EDGE('',*,*,#4621,.F.);
#6034=ORIENTED_EDGE('',*,*,#4622,.F.);
#6035=ORIENTED_EDGE('',*,*,#4621,.T.);
#6036=ORIENTED_EDGE('',*,*,#4623,.F.);
#6037=ORIENTED_EDGE('',*,*,#4624,.F.);
#6038=ORIENTED_EDGE('',*,*,#4625,.F.);
#6039=ORIENTED_EDGE('',*,*,#4624,.T.);
#6040=ORIENTED_EDGE('',*,*,#4626,.F.);
#6041=ORIENTED_EDGE('',*,*,#4627,.F.);
#6042=ORIENTED_EDGE('',*,*,#4628,.F.);
#6043=ORIENTED_EDGE('',*,*,#4627,.T.);
#6044=ORIENTED_EDGE('',*,*,#4629,.F.);
#6045=ORIENTED_EDGE('',*,*,#4630,.F.);
#6046=ORIENTED_EDGE('',*,*,#4631,.F.);
#6047=ORIENTED_EDGE('',*,*,#4630,.T.);
#6048=ORIENTED_EDGE('',*,*,#4632,.F.);
#6049=ORIENTED_EDGE('',*,*,#4610,.F.);
#6050=ORIENTED_EDGE('',*,*,#4633,.F.);
#6051=ORIENTED_EDGE('',*,*,#4634,.T.);
#6052=ORIENTED_EDGE('',*,*,#4635,.F.);
#6053=ORIENTED_EDGE('',*,*,#4636,.F.);
#6054=ORIENTED_EDGE('',*,*,#4637,.F.);
#6055=ORIENTED_EDGE('',*,*,#4636,.T.);
#6056=ORIENTED_EDGE('',*,*,#4638,.F.);
#6057=ORIENTED_EDGE('',*,*,#4639,.F.);
#6058=ORIENTED_EDGE('',*,*,#4640,.F.);
#6059=ORIENTED_EDGE('',*,*,#4639,.T.);
#6060=ORIENTED_EDGE('',*,*,#4641,.F.);
#6061=ORIENTED_EDGE('',*,*,#4642,.F.);
#6062=ORIENTED_EDGE('',*,*,#4643,.F.);
#6063=ORIENTED_EDGE('',*,*,#4642,.T.);
#6064=ORIENTED_EDGE('',*,*,#4644,.F.);
#6065=ORIENTED_EDGE('',*,*,#4645,.F.);
#6066=ORIENTED_EDGE('',*,*,#4646,.F.);
#6067=ORIENTED_EDGE('',*,*,#4645,.T.);
#6068=ORIENTED_EDGE('',*,*,#4647,.F.);
#6069=ORIENTED_EDGE('',*,*,#4648,.F.);
#6070=ORIENTED_EDGE('',*,*,#4649,.F.);
#6071=ORIENTED_EDGE('',*,*,#4648,.T.);
#6072=ORIENTED_EDGE('',*,*,#4650,.F.);
#6073=ORIENTED_EDGE('',*,*,#4651,.F.);
#6074=ORIENTED_EDGE('',*,*,#4652,.F.);
#6075=ORIENTED_EDGE('',*,*,#4651,.T.);
#6076=ORIENTED_EDGE('',*,*,#4653,.F.);
#6077=ORIENTED_EDGE('',*,*,#4654,.F.);
#6078=ORIENTED_EDGE('',*,*,#4655,.F.);
#6079=ORIENTED_EDGE('',*,*,#4654,.T.);
#6080=ORIENTED_EDGE('',*,*,#4656,.F.);
#6081=ORIENTED_EDGE('',*,*,#4634,.F.);
#6082=ORIENTED_EDGE('',*,*,#4657,.F.);
#6083=ORIENTED_EDGE('',*,*,#4658,.T.);
#6084=ORIENTED_EDGE('',*,*,#4659,.F.);
#6085=ORIENTED_EDGE('',*,*,#4658,.F.);
#6086=ORIENTED_EDGE('',*,*,#4660,.F.);
#6087=ORIENTED_EDGE('',*,*,#4661,.T.);
#6088=ORIENTED_EDGE('',*,*,#4662,.F.);
#6089=ORIENTED_EDGE('',*,*,#4663,.F.);
#6090=ORIENTED_EDGE('',*,*,#4664,.F.);
#6091=ORIENTED_EDGE('',*,*,#4663,.T.);
#6092=ORIENTED_EDGE('',*,*,#4665,.F.);
#6093=ORIENTED_EDGE('',*,*,#4666,.F.);
#6094=ORIENTED_EDGE('',*,*,#4667,.F.);
#6095=ORIENTED_EDGE('',*,*,#4666,.T.);
#6096=ORIENTED_EDGE('',*,*,#4668,.F.);
#6097=ORIENTED_EDGE('',*,*,#4669,.F.);
#6098=ORIENTED_EDGE('',*,*,#4670,.F.);
#6099=ORIENTED_EDGE('',*,*,#4669,.T.);
#6100=ORIENTED_EDGE('',*,*,#4671,.F.);
#6101=ORIENTED_EDGE('',*,*,#4672,.F.);
#6102=ORIENTED_EDGE('',*,*,#4673,.F.);
#6103=ORIENTED_EDGE('',*,*,#4672,.T.);
#6104=ORIENTED_EDGE('',*,*,#4674,.F.);
#6105=ORIENTED_EDGE('',*,*,#4675,.F.);
#6106=ORIENTED_EDGE('',*,*,#4676,.F.);
#6107=ORIENTED_EDGE('',*,*,#4675,.T.);
#6108=ORIENTED_EDGE('',*,*,#4677,.F.);
#6109=ORIENTED_EDGE('',*,*,#4678,.F.);
#6110=ORIENTED_EDGE('',*,*,#4679,.F.);
#6111=ORIENTED_EDGE('',*,*,#4678,.T.);
#6112=ORIENTED_EDGE('',*,*,#4680,.F.);
#6113=ORIENTED_EDGE('',*,*,#4681,.F.);
#6114=ORIENTED_EDGE('',*,*,#4682,.F.);
#6115=ORIENTED_EDGE('',*,*,#4681,.T.);
#6116=ORIENTED_EDGE('',*,*,#4683,.F.);
#6117=ORIENTED_EDGE('',*,*,#4661,.F.);
#6118=ORIENTED_EDGE('',*,*,#4684,.F.);
#6119=ORIENTED_EDGE('',*,*,#4685,.T.);
#6120=ORIENTED_EDGE('',*,*,#4686,.F.);
#6121=ORIENTED_EDGE('',*,*,#4687,.F.);
#6122=ORIENTED_EDGE('',*,*,#4688,.F.);
#6123=ORIENTED_EDGE('',*,*,#4687,.T.);
#6124=ORIENTED_EDGE('',*,*,#4689,.F.);
#6125=ORIENTED_EDGE('',*,*,#4690,.F.);
#6126=ORIENTED_EDGE('',*,*,#4691,.F.);
#6127=ORIENTED_EDGE('',*,*,#4690,.T.);
#6128=ORIENTED_EDGE('',*,*,#4692,.F.);
#6129=ORIENTED_EDGE('',*,*,#4693,.F.);
#6130=ORIENTED_EDGE('',*,*,#4694,.F.);
#6131=ORIENTED_EDGE('',*,*,#4693,.T.);
#6132=ORIENTED_EDGE('',*,*,#4695,.F.);
#6133=ORIENTED_EDGE('',*,*,#4696,.F.);
#6134=ORIENTED_EDGE('',*,*,#4697,.F.);
#6135=ORIENTED_EDGE('',*,*,#4696,.T.);
#6136=ORIENTED_EDGE('',*,*,#4698,.F.);
#6137=ORIENTED_EDGE('',*,*,#4699,.F.);
#6138=ORIENTED_EDGE('',*,*,#4700,.F.);
#6139=ORIENTED_EDGE('',*,*,#4699,.T.);
#6140=ORIENTED_EDGE('',*,*,#4701,.F.);
#6141=ORIENTED_EDGE('',*,*,#4702,.F.);
#6142=ORIENTED_EDGE('',*,*,#4703,.F.);
#6143=ORIENTED_EDGE('',*,*,#4702,.T.);
#6144=ORIENTED_EDGE('',*,*,#4704,.F.);
#6145=ORIENTED_EDGE('',*,*,#4705,.F.);
#6146=ORIENTED_EDGE('',*,*,#4706,.F.);
#6147=ORIENTED_EDGE('',*,*,#4705,.T.);
#6148=ORIENTED_EDGE('',*,*,#4707,.F.);
#6149=ORIENTED_EDGE('',*,*,#4685,.F.);
#6150=ORIENTED_EDGE('',*,*,#4708,.F.);
#6151=ORIENTED_EDGE('',*,*,#4709,.T.);
#6152=ORIENTED_EDGE('',*,*,#4710,.F.);
#6153=ORIENTED_EDGE('',*,*,#4711,.F.);
#6154=ORIENTED_EDGE('',*,*,#4712,.F.);
#6155=ORIENTED_EDGE('',*,*,#4711,.T.);
#6156=ORIENTED_EDGE('',*,*,#4713,.F.);
#6157=ORIENTED_EDGE('',*,*,#4714,.F.);
#6158=ORIENTED_EDGE('',*,*,#4715,.F.);
#6159=ORIENTED_EDGE('',*,*,#4714,.T.);
#6160=ORIENTED_EDGE('',*,*,#4716,.F.);
#6161=ORIENTED_EDGE('',*,*,#4717,.F.);
#6162=ORIENTED_EDGE('',*,*,#4718,.F.);
#6163=ORIENTED_EDGE('',*,*,#4717,.T.);
#6164=ORIENTED_EDGE('',*,*,#4719,.F.);
#6165=ORIENTED_EDGE('',*,*,#4720,.F.);
#6166=ORIENTED_EDGE('',*,*,#4721,.F.);
#6167=ORIENTED_EDGE('',*,*,#4720,.T.);
#6168=ORIENTED_EDGE('',*,*,#4722,.F.);
#6169=ORIENTED_EDGE('',*,*,#4723,.F.);
#6170=ORIENTED_EDGE('',*,*,#4724,.F.);
#6171=ORIENTED_EDGE('',*,*,#4723,.T.);
#6172=ORIENTED_EDGE('',*,*,#4725,.F.);
#6173=ORIENTED_EDGE('',*,*,#4726,.F.);
#6174=ORIENTED_EDGE('',*,*,#4727,.F.);
#6175=ORIENTED_EDGE('',*,*,#4726,.T.);
#6176=ORIENTED_EDGE('',*,*,#4728,.F.);
#6177=ORIENTED_EDGE('',*,*,#4729,.F.);
#6178=ORIENTED_EDGE('',*,*,#4730,.F.);
#6179=ORIENTED_EDGE('',*,*,#4729,.T.);
#6180=ORIENTED_EDGE('',*,*,#4731,.F.);
#6181=ORIENTED_EDGE('',*,*,#4709,.F.);
#6182=ORIENTED_EDGE('',*,*,#4732,.F.);
#6183=ORIENTED_EDGE('',*,*,#4733,.T.);
#6184=ORIENTED_EDGE('',*,*,#4734,.F.);
#6185=ORIENTED_EDGE('',*,*,#4735,.F.);
#6186=ORIENTED_EDGE('',*,*,#4736,.F.);
#6187=ORIENTED_EDGE('',*,*,#4735,.T.);
#6188=ORIENTED_EDGE('',*,*,#4737,.F.);
#6189=ORIENTED_EDGE('',*,*,#4738,.F.);
#6190=ORIENTED_EDGE('',*,*,#4739,.F.);
#6191=ORIENTED_EDGE('',*,*,#4738,.T.);
#6192=ORIENTED_EDGE('',*,*,#4740,.F.);
#6193=ORIENTED_EDGE('',*,*,#4741,.F.);
#6194=ORIENTED_EDGE('',*,*,#4742,.F.);
#6195=ORIENTED_EDGE('',*,*,#4741,.T.);
#6196=ORIENTED_EDGE('',*,*,#4743,.F.);
#6197=ORIENTED_EDGE('',*,*,#4744,.F.);
#6198=ORIENTED_EDGE('',*,*,#4745,.F.);
#6199=ORIENTED_EDGE('',*,*,#4744,.T.);
#6200=ORIENTED_EDGE('',*,*,#4746,.F.);
#6201=ORIENTED_EDGE('',*,*,#4747,.F.);
#6202=ORIENTED_EDGE('',*,*,#4748,.F.);
#6203=ORIENTED_EDGE('',*,*,#4747,.T.);
#6204=ORIENTED_EDGE('',*,*,#4749,.F.);
#6205=ORIENTED_EDGE('',*,*,#4750,.F.);
#6206=ORIENTED_EDGE('',*,*,#4751,.F.);
#6207=ORIENTED_EDGE('',*,*,#4750,.T.);
#6208=ORIENTED_EDGE('',*,*,#4752,.F.);
#6209=ORIENTED_EDGE('',*,*,#4753,.F.);
#6210=ORIENTED_EDGE('',*,*,#4754,.F.);
#6211=ORIENTED_EDGE('',*,*,#4753,.T.);
#6212=ORIENTED_EDGE('',*,*,#4755,.F.);
#6213=ORIENTED_EDGE('',*,*,#4733,.F.);
#6214=ORIENTED_EDGE('',*,*,#4756,.F.);
#6215=ORIENTED_EDGE('',*,*,#4757,.T.);
#6216=ORIENTED_EDGE('',*,*,#4758,.F.);
#6217=ORIENTED_EDGE('',*,*,#4759,.F.);
#6218=ORIENTED_EDGE('',*,*,#4760,.F.);
#6219=ORIENTED_EDGE('',*,*,#4759,.T.);
#6220=ORIENTED_EDGE('',*,*,#4761,.F.);
#6221=ORIENTED_EDGE('',*,*,#4762,.F.);
#6222=ORIENTED_EDGE('',*,*,#4763,.F.);
#6223=ORIENTED_EDGE('',*,*,#4762,.T.);
#6224=ORIENTED_EDGE('',*,*,#4764,.F.);
#6225=ORIENTED_EDGE('',*,*,#4765,.F.);
#6226=ORIENTED_EDGE('',*,*,#4766,.F.);
#6227=ORIENTED_EDGE('',*,*,#4765,.T.);
#6228=ORIENTED_EDGE('',*,*,#4767,.F.);
#6229=ORIENTED_EDGE('',*,*,#4768,.F.);
#6230=ORIENTED_EDGE('',*,*,#4769,.F.);
#6231=ORIENTED_EDGE('',*,*,#4768,.T.);
#6232=ORIENTED_EDGE('',*,*,#4770,.F.);
#6233=ORIENTED_EDGE('',*,*,#4771,.F.);
#6234=ORIENTED_EDGE('',*,*,#4772,.F.);
#6235=ORIENTED_EDGE('',*,*,#4771,.T.);
#6236=ORIENTED_EDGE('',*,*,#4773,.F.);
#6237=ORIENTED_EDGE('',*,*,#4774,.F.);
#6238=ORIENTED_EDGE('',*,*,#4775,.F.);
#6239=ORIENTED_EDGE('',*,*,#4774,.T.);
#6240=ORIENTED_EDGE('',*,*,#4776,.F.);
#6241=ORIENTED_EDGE('',*,*,#4777,.F.);
#6242=ORIENTED_EDGE('',*,*,#4778,.F.);
#6243=ORIENTED_EDGE('',*,*,#4777,.T.);
#6244=ORIENTED_EDGE('',*,*,#4779,.F.);
#6245=ORIENTED_EDGE('',*,*,#4757,.F.);
#6246=ORIENTED_EDGE('',*,*,#4780,.T.);
#6247=ORIENTED_EDGE('',*,*,#4781,.T.);
#6248=ORIENTED_EDGE('',*,*,#4782,.F.);
#6249=ORIENTED_EDGE('',*,*,#4783,.F.);
#6250=ORIENTED_EDGE('',*,*,#4784,.T.);
#6251=ORIENTED_EDGE('',*,*,#4783,.T.);
#6252=ORIENTED_EDGE('',*,*,#4785,.F.);
#6253=ORIENTED_EDGE('',*,*,#4786,.F.);
#6254=ORIENTED_EDGE('',*,*,#4787,.T.);
#6255=ORIENTED_EDGE('',*,*,#4786,.T.);
#6256=ORIENTED_EDGE('',*,*,#4788,.F.);
#6257=ORIENTED_EDGE('',*,*,#4789,.F.);
#6258=ORIENTED_EDGE('',*,*,#4790,.T.);
#6259=ORIENTED_EDGE('',*,*,#4789,.T.);
#6260=ORIENTED_EDGE('',*,*,#4791,.F.);
#6261=ORIENTED_EDGE('',*,*,#4792,.F.);
#6262=ORIENTED_EDGE('',*,*,#4793,.T.);
#6263=ORIENTED_EDGE('',*,*,#4792,.T.);
#6264=ORIENTED_EDGE('',*,*,#4794,.F.);
#6265=ORIENTED_EDGE('',*,*,#4795,.F.);
#6266=ORIENTED_EDGE('',*,*,#4796,.F.);
#6267=ORIENTED_EDGE('',*,*,#4795,.T.);
#6268=ORIENTED_EDGE('',*,*,#4797,.F.);
#6269=ORIENTED_EDGE('',*,*,#4798,.F.);
#6270=ORIENTED_EDGE('',*,*,#4799,.T.);
#6271=ORIENTED_EDGE('',*,*,#4798,.T.);
#6272=ORIENTED_EDGE('',*,*,#4800,.F.);
#6273=ORIENTED_EDGE('',*,*,#4801,.F.);
#6274=ORIENTED_EDGE('',*,*,#4802,.F.);
#6275=ORIENTED_EDGE('',*,*,#4801,.T.);
#6276=ORIENTED_EDGE('',*,*,#4803,.F.);
#6277=ORIENTED_EDGE('',*,*,#4804,.F.);
#6278=ORIENTED_EDGE('',*,*,#4805,.T.);
#6279=ORIENTED_EDGE('',*,*,#4804,.T.);
#6280=ORIENTED_EDGE('',*,*,#4806,.F.);
#6281=ORIENTED_EDGE('',*,*,#4807,.F.);
#6282=ORIENTED_EDGE('',*,*,#4808,.F.);
#6283=ORIENTED_EDGE('',*,*,#4807,.T.);
#6284=ORIENTED_EDGE('',*,*,#4809,.F.);
#6285=ORIENTED_EDGE('',*,*,#4810,.F.);
#6286=ORIENTED_EDGE('',*,*,#4811,.T.);
#6287=ORIENTED_EDGE('',*,*,#4810,.T.);
#6288=ORIENTED_EDGE('',*,*,#4812,.F.);
#6289=ORIENTED_EDGE('',*,*,#4813,.F.);
#6290=ORIENTED_EDGE('',*,*,#4814,.F.);
#6291=ORIENTED_EDGE('',*,*,#4813,.T.);
#6292=ORIENTED_EDGE('',*,*,#4815,.F.);
#6293=ORIENTED_EDGE('',*,*,#4816,.F.);
#6294=ORIENTED_EDGE('',*,*,#4817,.T.);
#6295=ORIENTED_EDGE('',*,*,#4816,.T.);
#6296=ORIENTED_EDGE('',*,*,#4818,.F.);
#6297=ORIENTED_EDGE('',*,*,#4819,.F.);
#6298=ORIENTED_EDGE('',*,*,#4820,.T.);
#6299=ORIENTED_EDGE('',*,*,#4819,.T.);
#6300=ORIENTED_EDGE('',*,*,#4821,.F.);
#6301=ORIENTED_EDGE('',*,*,#4822,.F.);
#6302=ORIENTED_EDGE('',*,*,#4823,.T.);
#6303=ORIENTED_EDGE('',*,*,#4822,.T.);
#6304=ORIENTED_EDGE('',*,*,#4824,.F.);
#6305=ORIENTED_EDGE('',*,*,#4825,.F.);
#6306=ORIENTED_EDGE('',*,*,#4826,.T.);
#6307=ORIENTED_EDGE('',*,*,#4825,.T.);
#6308=ORIENTED_EDGE('',*,*,#4827,.F.);
#6309=ORIENTED_EDGE('',*,*,#4828,.F.);
#6310=ORIENTED_EDGE('',*,*,#4829,.T.);
#6311=ORIENTED_EDGE('',*,*,#4828,.T.);
#6312=ORIENTED_EDGE('',*,*,#4830,.F.);
#6313=ORIENTED_EDGE('',*,*,#4831,.F.);
#6314=ORIENTED_EDGE('',*,*,#4832,.F.);
#6315=ORIENTED_EDGE('',*,*,#4831,.T.);
#6316=ORIENTED_EDGE('',*,*,#4833,.F.);
#6317=ORIENTED_EDGE('',*,*,#4834,.F.);
#6318=ORIENTED_EDGE('',*,*,#4835,.T.);
#6319=ORIENTED_EDGE('',*,*,#4834,.T.);
#6320=ORIENTED_EDGE('',*,*,#4836,.F.);
#6321=ORIENTED_EDGE('',*,*,#4837,.F.);
#6322=ORIENTED_EDGE('',*,*,#4838,.F.);
#6323=ORIENTED_EDGE('',*,*,#4837,.T.);
#6324=ORIENTED_EDGE('',*,*,#4839,.F.);
#6325=ORIENTED_EDGE('',*,*,#4840,.F.);
#6326=ORIENTED_EDGE('',*,*,#4841,.T.);
#6327=ORIENTED_EDGE('',*,*,#4840,.T.);
#6328=ORIENTED_EDGE('',*,*,#4842,.F.);
#6329=ORIENTED_EDGE('',*,*,#4843,.F.);
#6330=ORIENTED_EDGE('',*,*,#4844,.T.);
#6331=ORIENTED_EDGE('',*,*,#4843,.T.);
#6332=ORIENTED_EDGE('',*,*,#4845,.F.);
#6333=ORIENTED_EDGE('',*,*,#4846,.F.);
#6334=ORIENTED_EDGE('',*,*,#4847,.T.);
#6335=ORIENTED_EDGE('',*,*,#4846,.T.);
#6336=ORIENTED_EDGE('',*,*,#4848,.F.);
#6337=ORIENTED_EDGE('',*,*,#4849,.F.);
#6338=ORIENTED_EDGE('',*,*,#4850,.F.);
#6339=ORIENTED_EDGE('',*,*,#4849,.T.);
#6340=ORIENTED_EDGE('',*,*,#4851,.F.);
#6341=ORIENTED_EDGE('',*,*,#4852,.F.);
#6342=ORIENTED_EDGE('',*,*,#4853,.T.);
#6343=ORIENTED_EDGE('',*,*,#4852,.T.);
#6344=ORIENTED_EDGE('',*,*,#4854,.F.);
#6345=ORIENTED_EDGE('',*,*,#4855,.F.);
#6346=ORIENTED_EDGE('',*,*,#4856,.F.);
#6347=ORIENTED_EDGE('',*,*,#4855,.T.);
#6348=ORIENTED_EDGE('',*,*,#4857,.F.);
#6349=ORIENTED_EDGE('',*,*,#4858,.F.);
#6350=ORIENTED_EDGE('',*,*,#4859,.T.);
#6351=ORIENTED_EDGE('',*,*,#4858,.T.);
#6352=ORIENTED_EDGE('',*,*,#4860,.F.);
#6353=ORIENTED_EDGE('',*,*,#4861,.F.);
#6354=ORIENTED_EDGE('',*,*,#4862,.T.);
#6355=ORIENTED_EDGE('',*,*,#4861,.T.);
#6356=ORIENTED_EDGE('',*,*,#4863,.F.);
#6357=ORIENTED_EDGE('',*,*,#4864,.F.);
#6358=ORIENTED_EDGE('',*,*,#4865,.T.);
#6359=ORIENTED_EDGE('',*,*,#4864,.T.);
#6360=ORIENTED_EDGE('',*,*,#4866,.F.);
#6361=ORIENTED_EDGE('',*,*,#4867,.F.);
#6362=ORIENTED_EDGE('',*,*,#4868,.F.);
#6363=ORIENTED_EDGE('',*,*,#4867,.T.);
#6364=ORIENTED_EDGE('',*,*,#4869,.F.);
#6365=ORIENTED_EDGE('',*,*,#4870,.F.);
#6366=ORIENTED_EDGE('',*,*,#4871,.F.);
#6367=ORIENTED_EDGE('',*,*,#4870,.T.);
#6368=ORIENTED_EDGE('',*,*,#4872,.F.);
#6369=ORIENTED_EDGE('',*,*,#4873,.F.);
#6370=ORIENTED_EDGE('',*,*,#4874,.T.);
#6371=ORIENTED_EDGE('',*,*,#4873,.T.);
#6372=ORIENTED_EDGE('',*,*,#4875,.F.);
#6373=ORIENTED_EDGE('',*,*,#4876,.F.);
#6374=ORIENTED_EDGE('',*,*,#4877,.T.);
#6375=ORIENTED_EDGE('',*,*,#4876,.T.);
#6376=ORIENTED_EDGE('',*,*,#4878,.F.);
#6377=ORIENTED_EDGE('',*,*,#4879,.F.);
#6378=ORIENTED_EDGE('',*,*,#4880,.F.);
#6379=ORIENTED_EDGE('',*,*,#4879,.T.);
#6380=ORIENTED_EDGE('',*,*,#4881,.F.);
#6381=ORIENTED_EDGE('',*,*,#4882,.F.);
#6382=ORIENTED_EDGE('',*,*,#4883,.T.);
#6383=ORIENTED_EDGE('',*,*,#4882,.T.);
#6384=ORIENTED_EDGE('',*,*,#4884,.F.);
#6385=ORIENTED_EDGE('',*,*,#4885,.F.);
#6386=ORIENTED_EDGE('',*,*,#4886,.F.);
#6387=ORIENTED_EDGE('',*,*,#4885,.T.);
#6388=ORIENTED_EDGE('',*,*,#4887,.F.);
#6389=ORIENTED_EDGE('',*,*,#4888,.F.);
#6390=ORIENTED_EDGE('',*,*,#4889,.T.);
#6391=ORIENTED_EDGE('',*,*,#4888,.T.);
#6392=ORIENTED_EDGE('',*,*,#4890,.F.);
#6393=ORIENTED_EDGE('',*,*,#4891,.F.);
#6394=ORIENTED_EDGE('',*,*,#4892,.T.);
#6395=ORIENTED_EDGE('',*,*,#4891,.T.);
#6396=ORIENTED_EDGE('',*,*,#4893,.F.);
#6397=ORIENTED_EDGE('',*,*,#4894,.F.);
#6398=ORIENTED_EDGE('',*,*,#4895,.T.);
#6399=ORIENTED_EDGE('',*,*,#4894,.T.);
#6400=ORIENTED_EDGE('',*,*,#4896,.F.);
#6401=ORIENTED_EDGE('',*,*,#4897,.F.);
#6402=ORIENTED_EDGE('',*,*,#4898,.T.);
#6403=ORIENTED_EDGE('',*,*,#4897,.T.);
#6404=ORIENTED_EDGE('',*,*,#4899,.F.);
#6405=ORIENTED_EDGE('',*,*,#4900,.F.);
#6406=ORIENTED_EDGE('',*,*,#4901,.T.);
#6407=ORIENTED_EDGE('',*,*,#4900,.T.);
#6408=ORIENTED_EDGE('',*,*,#4902,.F.);
#6409=ORIENTED_EDGE('',*,*,#4903,.F.);
#6410=ORIENTED_EDGE('',*,*,#4904,.F.);
#6411=ORIENTED_EDGE('',*,*,#4903,.T.);
#6412=ORIENTED_EDGE('',*,*,#4905,.F.);
#6413=ORIENTED_EDGE('',*,*,#4906,.F.);
#6414=ORIENTED_EDGE('',*,*,#4907,.T.);
#6415=ORIENTED_EDGE('',*,*,#4906,.T.);
#6416=ORIENTED_EDGE('',*,*,#4908,.F.);
#6417=ORIENTED_EDGE('',*,*,#4909,.F.);
#6418=ORIENTED_EDGE('',*,*,#4910,.T.);
#6419=ORIENTED_EDGE('',*,*,#4909,.T.);
#6420=ORIENTED_EDGE('',*,*,#4911,.F.);
#6421=ORIENTED_EDGE('',*,*,#4912,.F.);
#6422=ORIENTED_EDGE('',*,*,#4913,.T.);
#6423=ORIENTED_EDGE('',*,*,#4912,.T.);
#6424=ORIENTED_EDGE('',*,*,#4914,.F.);
#6425=ORIENTED_EDGE('',*,*,#4915,.F.);
#6426=ORIENTED_EDGE('',*,*,#4916,.T.);
#6427=ORIENTED_EDGE('',*,*,#4915,.T.);
#6428=ORIENTED_EDGE('',*,*,#4917,.F.);
#6429=ORIENTED_EDGE('',*,*,#4918,.F.);
#6430=ORIENTED_EDGE('',*,*,#4919,.T.);
#6431=ORIENTED_EDGE('',*,*,#4918,.T.);
#6432=ORIENTED_EDGE('',*,*,#4920,.F.);
#6433=ORIENTED_EDGE('',*,*,#4921,.F.);
#6434=ORIENTED_EDGE('',*,*,#4922,.F.);
#6435=ORIENTED_EDGE('',*,*,#4921,.T.);
#6436=ORIENTED_EDGE('',*,*,#4923,.F.);
#6437=ORIENTED_EDGE('',*,*,#4924,.F.);
#6438=ORIENTED_EDGE('',*,*,#4925,.T.);
#6439=ORIENTED_EDGE('',*,*,#4924,.T.);
#6440=ORIENTED_EDGE('',*,*,#4926,.F.);
#6441=ORIENTED_EDGE('',*,*,#4927,.F.);
#6442=ORIENTED_EDGE('',*,*,#4928,.T.);
#6443=ORIENTED_EDGE('',*,*,#4927,.T.);
#6444=ORIENTED_EDGE('',*,*,#4929,.F.);
#6445=ORIENTED_EDGE('',*,*,#4930,.F.);
#6446=ORIENTED_EDGE('',*,*,#4931,.T.);
#6447=ORIENTED_EDGE('',*,*,#4930,.T.);
#6448=ORIENTED_EDGE('',*,*,#4932,.F.);
#6449=ORIENTED_EDGE('',*,*,#4933,.F.);
#6450=ORIENTED_EDGE('',*,*,#4934,.F.);
#6451=ORIENTED_EDGE('',*,*,#4933,.T.);
#6452=ORIENTED_EDGE('',*,*,#4935,.F.);
#6453=ORIENTED_EDGE('',*,*,#4936,.F.);
#6454=ORIENTED_EDGE('',*,*,#4937,.T.);
#6455=ORIENTED_EDGE('',*,*,#4936,.T.);
#6456=ORIENTED_EDGE('',*,*,#4938,.F.);
#6457=ORIENTED_EDGE('',*,*,#4939,.F.);
#6458=ORIENTED_EDGE('',*,*,#4940,.F.);
#6459=ORIENTED_EDGE('',*,*,#4939,.T.);
#6460=ORIENTED_EDGE('',*,*,#4941,.F.);
#6461=ORIENTED_EDGE('',*,*,#4942,.F.);
#6462=ORIENTED_EDGE('',*,*,#4943,.T.);
#6463=ORIENTED_EDGE('',*,*,#4942,.T.);
#6464=ORIENTED_EDGE('',*,*,#4944,.F.);
#6465=ORIENTED_EDGE('',*,*,#4945,.F.);
#6466=ORIENTED_EDGE('',*,*,#4946,.T.);
#6467=ORIENTED_EDGE('',*,*,#4945,.T.);
#6468=ORIENTED_EDGE('',*,*,#4947,.F.);
#6469=ORIENTED_EDGE('',*,*,#4948,.F.);
#6470=ORIENTED_EDGE('',*,*,#4949,.T.);
#6471=ORIENTED_EDGE('',*,*,#4948,.T.);
#6472=ORIENTED_EDGE('',*,*,#4950,.F.);
#6473=ORIENTED_EDGE('',*,*,#4951,.F.);
#6474=ORIENTED_EDGE('',*,*,#4952,.T.);
#6475=ORIENTED_EDGE('',*,*,#4951,.T.);
#6476=ORIENTED_EDGE('',*,*,#4953,.F.);
#6477=ORIENTED_EDGE('',*,*,#4954,.F.);
#6478=ORIENTED_EDGE('',*,*,#4955,.T.);
#6479=ORIENTED_EDGE('',*,*,#4954,.T.);
#6480=ORIENTED_EDGE('',*,*,#4956,.F.);
#6481=ORIENTED_EDGE('',*,*,#4957,.F.);
#6482=ORIENTED_EDGE('',*,*,#4958,.F.);
#6483=ORIENTED_EDGE('',*,*,#4957,.T.);
#6484=ORIENTED_EDGE('',*,*,#4959,.F.);
#6485=ORIENTED_EDGE('',*,*,#4960,.F.);
#6486=ORIENTED_EDGE('',*,*,#4961,.T.);
#6487=ORIENTED_EDGE('',*,*,#4960,.T.);
#6488=ORIENTED_EDGE('',*,*,#4962,.F.);
#6489=ORIENTED_EDGE('',*,*,#4963,.F.);
#6490=ORIENTED_EDGE('',*,*,#4964,.T.);
#6491=ORIENTED_EDGE('',*,*,#4963,.T.);
#6492=ORIENTED_EDGE('',*,*,#4965,.F.);
#6493=ORIENTED_EDGE('',*,*,#4966,.F.);
#6494=ORIENTED_EDGE('',*,*,#4967,.T.);
#6495=ORIENTED_EDGE('',*,*,#4966,.T.);
#6496=ORIENTED_EDGE('',*,*,#4968,.F.);
#6497=ORIENTED_EDGE('',*,*,#4969,.F.);
#6498=ORIENTED_EDGE('',*,*,#4970,.T.);
#6499=ORIENTED_EDGE('',*,*,#4969,.T.);
#6500=ORIENTED_EDGE('',*,*,#4971,.F.);
#6501=ORIENTED_EDGE('',*,*,#4972,.F.);
#6502=ORIENTED_EDGE('',*,*,#4973,.T.);
#6503=ORIENTED_EDGE('',*,*,#4972,.T.);
#6504=ORIENTED_EDGE('',*,*,#4974,.F.);
#6505=ORIENTED_EDGE('',*,*,#4975,.F.);
#6506=ORIENTED_EDGE('',*,*,#4976,.F.);
#6507=ORIENTED_EDGE('',*,*,#4975,.T.);
#6508=ORIENTED_EDGE('',*,*,#4977,.F.);
#6509=ORIENTED_EDGE('',*,*,#4978,.F.);
#6510=ORIENTED_EDGE('',*,*,#4979,.T.);
#6511=ORIENTED_EDGE('',*,*,#4978,.T.);
#6512=ORIENTED_EDGE('',*,*,#4980,.F.);
#6513=ORIENTED_EDGE('',*,*,#4981,.F.);
#6514=ORIENTED_EDGE('',*,*,#4982,.T.);
#6515=ORIENTED_EDGE('',*,*,#4981,.T.);
#6516=ORIENTED_EDGE('',*,*,#4983,.F.);
#6517=ORIENTED_EDGE('',*,*,#4984,.F.);
#6518=ORIENTED_EDGE('',*,*,#4985,.T.);
#6519=ORIENTED_EDGE('',*,*,#4984,.T.);
#6520=ORIENTED_EDGE('',*,*,#4986,.F.);
#6521=ORIENTED_EDGE('',*,*,#4987,.F.);
#6522=ORIENTED_EDGE('',*,*,#4988,.F.);
#6523=ORIENTED_EDGE('',*,*,#4987,.T.);
#6524=ORIENTED_EDGE('',*,*,#4989,.F.);
#6525=ORIENTED_EDGE('',*,*,#4990,.F.);
#6526=ORIENTED_EDGE('',*,*,#4991,.T.);
#6527=ORIENTED_EDGE('',*,*,#4990,.T.);
#6528=ORIENTED_EDGE('',*,*,#4992,.F.);
#6529=ORIENTED_EDGE('',*,*,#4993,.F.);
#6530=ORIENTED_EDGE('',*,*,#4994,.F.);
#6531=ORIENTED_EDGE('',*,*,#4993,.T.);
#6532=ORIENTED_EDGE('',*,*,#4995,.F.);
#6533=ORIENTED_EDGE('',*,*,#4996,.F.);
#6534=ORIENTED_EDGE('',*,*,#4997,.T.);
#6535=ORIENTED_EDGE('',*,*,#4996,.T.);
#6536=ORIENTED_EDGE('',*,*,#4998,.F.);
#6537=ORIENTED_EDGE('',*,*,#4999,.F.);
#6538=ORIENTED_EDGE('',*,*,#5000,.T.);
#6539=ORIENTED_EDGE('',*,*,#4999,.T.);
#6540=ORIENTED_EDGE('',*,*,#5001,.F.);
#6541=ORIENTED_EDGE('',*,*,#5002,.F.);
#6542=ORIENTED_EDGE('',*,*,#5003,.T.);
#6543=ORIENTED_EDGE('',*,*,#5002,.T.);
#6544=ORIENTED_EDGE('',*,*,#5004,.F.);
#6545=ORIENTED_EDGE('',*,*,#5005,.F.);
#6546=ORIENTED_EDGE('',*,*,#5006,.T.);
#6547=ORIENTED_EDGE('',*,*,#5005,.T.);
#6548=ORIENTED_EDGE('',*,*,#5007,.F.);
#6549=ORIENTED_EDGE('',*,*,#5008,.F.);
#6550=ORIENTED_EDGE('',*,*,#5009,.T.);
#6551=ORIENTED_EDGE('',*,*,#5008,.T.);
#6552=ORIENTED_EDGE('',*,*,#5010,.F.);
#6553=ORIENTED_EDGE('',*,*,#5011,.F.);
#6554=ORIENTED_EDGE('',*,*,#5012,.F.);
#6555=ORIENTED_EDGE('',*,*,#5011,.T.);
#6556=ORIENTED_EDGE('',*,*,#5013,.F.);
#6557=ORIENTED_EDGE('',*,*,#5014,.F.);
#6558=ORIENTED_EDGE('',*,*,#5015,.T.);
#6559=ORIENTED_EDGE('',*,*,#5014,.T.);
#6560=ORIENTED_EDGE('',*,*,#5016,.F.);
#6561=ORIENTED_EDGE('',*,*,#5017,.F.);
#6562=ORIENTED_EDGE('',*,*,#5018,.T.);
#6563=ORIENTED_EDGE('',*,*,#5017,.T.);
#6564=ORIENTED_EDGE('',*,*,#5019,.F.);
#6565=ORIENTED_EDGE('',*,*,#5020,.F.);
#6566=ORIENTED_EDGE('',*,*,#5021,.T.);
#6567=ORIENTED_EDGE('',*,*,#5020,.T.);
#6568=ORIENTED_EDGE('',*,*,#5022,.F.);
#6569=ORIENTED_EDGE('',*,*,#5023,.F.);
#6570=ORIENTED_EDGE('',*,*,#5024,.T.);
#6571=ORIENTED_EDGE('',*,*,#5023,.T.);
#6572=ORIENTED_EDGE('',*,*,#5025,.F.);
#6573=ORIENTED_EDGE('',*,*,#5026,.F.);
#6574=ORIENTED_EDGE('',*,*,#5027,.T.);
#6575=ORIENTED_EDGE('',*,*,#5026,.T.);
#6576=ORIENTED_EDGE('',*,*,#5028,.F.);
#6577=ORIENTED_EDGE('',*,*,#5029,.F.);
#6578=ORIENTED_EDGE('',*,*,#5030,.F.);
#6579=ORIENTED_EDGE('',*,*,#5029,.T.);
#6580=ORIENTED_EDGE('',*,*,#5031,.F.);
#6581=ORIENTED_EDGE('',*,*,#5032,.F.);
#6582=ORIENTED_EDGE('',*,*,#5033,.T.);
#6583=ORIENTED_EDGE('',*,*,#5032,.T.);
#6584=ORIENTED_EDGE('',*,*,#5034,.F.);
#6585=ORIENTED_EDGE('',*,*,#5035,.F.);
#6586=ORIENTED_EDGE('',*,*,#5036,.T.);
#6587=ORIENTED_EDGE('',*,*,#5035,.T.);
#6588=ORIENTED_EDGE('',*,*,#5037,.F.);
#6589=ORIENTED_EDGE('',*,*,#5038,.F.);
#6590=ORIENTED_EDGE('',*,*,#5039,.T.);
#6591=ORIENTED_EDGE('',*,*,#5038,.T.);
#6592=ORIENTED_EDGE('',*,*,#5040,.F.);
#6593=ORIENTED_EDGE('',*,*,#5041,.F.);
#6594=ORIENTED_EDGE('',*,*,#5042,.F.);
#6595=ORIENTED_EDGE('',*,*,#5041,.T.);
#6596=ORIENTED_EDGE('',*,*,#5043,.F.);
#6597=ORIENTED_EDGE('',*,*,#5044,.F.);
#6598=ORIENTED_EDGE('',*,*,#5045,.T.);
#6599=ORIENTED_EDGE('',*,*,#5044,.T.);
#6600=ORIENTED_EDGE('',*,*,#5046,.F.);
#6601=ORIENTED_EDGE('',*,*,#5047,.F.);
#6602=ORIENTED_EDGE('',*,*,#5048,.F.);
#6603=ORIENTED_EDGE('',*,*,#5047,.T.);
#6604=ORIENTED_EDGE('',*,*,#5049,.F.);
#6605=ORIENTED_EDGE('',*,*,#5050,.F.);
#6606=ORIENTED_EDGE('',*,*,#5051,.T.);
#6607=ORIENTED_EDGE('',*,*,#5050,.T.);
#6608=ORIENTED_EDGE('',*,*,#5052,.F.);
#6609=ORIENTED_EDGE('',*,*,#5053,.F.);
#6610=ORIENTED_EDGE('',*,*,#5054,.T.);
#6611=ORIENTED_EDGE('',*,*,#5053,.T.);
#6612=ORIENTED_EDGE('',*,*,#5055,.F.);
#6613=ORIENTED_EDGE('',*,*,#5056,.F.);
#6614=ORIENTED_EDGE('',*,*,#5057,.T.);
#6615=ORIENTED_EDGE('',*,*,#5056,.T.);
#6616=ORIENTED_EDGE('',*,*,#5058,.F.);
#6617=ORIENTED_EDGE('',*,*,#5059,.F.);
#6618=ORIENTED_EDGE('',*,*,#5060,.T.);
#6619=ORIENTED_EDGE('',*,*,#5059,.T.);
#6620=ORIENTED_EDGE('',*,*,#5061,.F.);
#6621=ORIENTED_EDGE('',*,*,#5062,.F.);
#6622=ORIENTED_EDGE('',*,*,#5063,.T.);
#6623=ORIENTED_EDGE('',*,*,#5062,.T.);
#6624=ORIENTED_EDGE('',*,*,#5064,.F.);
#6625=ORIENTED_EDGE('',*,*,#5065,.F.);
#6626=ORIENTED_EDGE('',*,*,#5066,.F.);
#6627=ORIENTED_EDGE('',*,*,#5065,.T.);
#6628=ORIENTED_EDGE('',*,*,#5067,.F.);
#6629=ORIENTED_EDGE('',*,*,#5068,.F.);
#6630=ORIENTED_EDGE('',*,*,#5069,.T.);
#6631=ORIENTED_EDGE('',*,*,#5068,.T.);
#6632=ORIENTED_EDGE('',*,*,#5070,.F.);
#6633=ORIENTED_EDGE('',*,*,#5071,.F.);
#6634=ORIENTED_EDGE('',*,*,#5072,.T.);
#6635=ORIENTED_EDGE('',*,*,#5071,.T.);
#6636=ORIENTED_EDGE('',*,*,#5073,.F.);
#6637=ORIENTED_EDGE('',*,*,#5074,.F.);
#6638=ORIENTED_EDGE('',*,*,#5075,.T.);
#6639=ORIENTED_EDGE('',*,*,#5074,.T.);
#6640=ORIENTED_EDGE('',*,*,#5076,.F.);
#6641=ORIENTED_EDGE('',*,*,#5077,.F.);
#6642=ORIENTED_EDGE('',*,*,#5078,.T.);
#6643=ORIENTED_EDGE('',*,*,#5077,.T.);
#6644=ORIENTED_EDGE('',*,*,#5079,.F.);
#6645=ORIENTED_EDGE('',*,*,#5080,.F.);
#6646=ORIENTED_EDGE('',*,*,#5081,.T.);
#6647=ORIENTED_EDGE('',*,*,#5080,.T.);
#6648=ORIENTED_EDGE('',*,*,#5082,.F.);
#6649=ORIENTED_EDGE('',*,*,#5083,.F.);
#6650=ORIENTED_EDGE('',*,*,#5084,.F.);
#6651=ORIENTED_EDGE('',*,*,#5083,.T.);
#6652=ORIENTED_EDGE('',*,*,#5085,.F.);
#6653=ORIENTED_EDGE('',*,*,#5086,.F.);
#6654=ORIENTED_EDGE('',*,*,#5087,.T.);
#6655=ORIENTED_EDGE('',*,*,#5086,.T.);
#6656=ORIENTED_EDGE('',*,*,#5088,.F.);
#6657=ORIENTED_EDGE('',*,*,#5089,.F.);
#6658=ORIENTED_EDGE('',*,*,#5090,.T.);
#6659=ORIENTED_EDGE('',*,*,#5089,.T.);
#6660=ORIENTED_EDGE('',*,*,#5091,.F.);
#6661=ORIENTED_EDGE('',*,*,#5092,.F.);
#6662=ORIENTED_EDGE('',*,*,#5093,.T.);
#6663=ORIENTED_EDGE('',*,*,#5092,.T.);
#6664=ORIENTED_EDGE('',*,*,#5094,.F.);
#6665=ORIENTED_EDGE('',*,*,#5095,.F.);
#6666=ORIENTED_EDGE('',*,*,#5096,.F.);
#6667=ORIENTED_EDGE('',*,*,#5095,.T.);
#6668=ORIENTED_EDGE('',*,*,#5097,.F.);
#6669=ORIENTED_EDGE('',*,*,#4781,.F.);
#6670=ORIENTED_EDGE('',*,*,#5096,.T.);
#6671=ORIENTED_EDGE('',*,*,#4780,.F.);
#6672=ORIENTED_EDGE('',*,*,#4784,.F.);
#6673=ORIENTED_EDGE('',*,*,#4787,.F.);
#6674=ORIENTED_EDGE('',*,*,#4790,.F.);
#6675=ORIENTED_EDGE('',*,*,#4793,.F.);
#6676=ORIENTED_EDGE('',*,*,#4796,.T.);
#6677=ORIENTED_EDGE('',*,*,#4799,.F.);
#6678=ORIENTED_EDGE('',*,*,#4802,.T.);
#6679=ORIENTED_EDGE('',*,*,#4805,.F.);
#6680=ORIENTED_EDGE('',*,*,#4808,.T.);
#6681=ORIENTED_EDGE('',*,*,#4811,.F.);
#6682=ORIENTED_EDGE('',*,*,#4814,.T.);
#6683=ORIENTED_EDGE('',*,*,#4817,.F.);
#6684=ORIENTED_EDGE('',*,*,#4820,.F.);
#6685=ORIENTED_EDGE('',*,*,#4823,.F.);
#6686=ORIENTED_EDGE('',*,*,#4826,.F.);
#6687=ORIENTED_EDGE('',*,*,#4829,.F.);
#6688=ORIENTED_EDGE('',*,*,#4832,.T.);
#6689=ORIENTED_EDGE('',*,*,#4835,.F.);
#6690=ORIENTED_EDGE('',*,*,#4838,.T.);
#6691=ORIENTED_EDGE('',*,*,#4841,.F.);
#6692=ORIENTED_EDGE('',*,*,#4844,.F.);
#6693=ORIENTED_EDGE('',*,*,#4847,.F.);
#6694=ORIENTED_EDGE('',*,*,#4850,.T.);
#6695=ORIENTED_EDGE('',*,*,#4853,.F.);
#6696=ORIENTED_EDGE('',*,*,#4856,.T.);
#6697=ORIENTED_EDGE('',*,*,#4859,.F.);
#6698=ORIENTED_EDGE('',*,*,#4862,.F.);
#6699=ORIENTED_EDGE('',*,*,#4865,.F.);
#6700=ORIENTED_EDGE('',*,*,#4868,.T.);
#6701=ORIENTED_EDGE('',*,*,#4871,.T.);
#6702=ORIENTED_EDGE('',*,*,#4874,.F.);
#6703=ORIENTED_EDGE('',*,*,#4877,.F.);
#6704=ORIENTED_EDGE('',*,*,#4880,.T.);
#6705=ORIENTED_EDGE('',*,*,#4883,.F.);
#6706=ORIENTED_EDGE('',*,*,#4886,.T.);
#6707=ORIENTED_EDGE('',*,*,#4889,.F.);
#6708=ORIENTED_EDGE('',*,*,#4892,.F.);
#6709=ORIENTED_EDGE('',*,*,#4895,.F.);
#6710=ORIENTED_EDGE('',*,*,#4898,.F.);
#6711=ORIENTED_EDGE('',*,*,#4901,.F.);
#6712=ORIENTED_EDGE('',*,*,#4904,.T.);
#6713=ORIENTED_EDGE('',*,*,#4907,.F.);
#6714=ORIENTED_EDGE('',*,*,#4910,.F.);
#6715=ORIENTED_EDGE('',*,*,#4913,.F.);
#6716=ORIENTED_EDGE('',*,*,#4916,.F.);
#6717=ORIENTED_EDGE('',*,*,#4919,.F.);
#6718=ORIENTED_EDGE('',*,*,#4922,.T.);
#6719=ORIENTED_EDGE('',*,*,#4925,.F.);
#6720=ORIENTED_EDGE('',*,*,#4928,.F.);
#6721=ORIENTED_EDGE('',*,*,#4931,.F.);
#6722=ORIENTED_EDGE('',*,*,#4934,.T.);
#6723=ORIENTED_EDGE('',*,*,#4937,.F.);
#6724=ORIENTED_EDGE('',*,*,#4940,.T.);
#6725=ORIENTED_EDGE('',*,*,#4943,.F.);
#6726=ORIENTED_EDGE('',*,*,#4946,.F.);
#6727=ORIENTED_EDGE('',*,*,#4949,.F.);
#6728=ORIENTED_EDGE('',*,*,#4952,.F.);
#6729=ORIENTED_EDGE('',*,*,#4955,.F.);
#6730=ORIENTED_EDGE('',*,*,#4958,.T.);
#6731=ORIENTED_EDGE('',*,*,#4961,.F.);
#6732=ORIENTED_EDGE('',*,*,#4964,.F.);
#6733=ORIENTED_EDGE('',*,*,#4967,.F.);
#6734=ORIENTED_EDGE('',*,*,#4970,.F.);
#6735=ORIENTED_EDGE('',*,*,#4973,.F.);
#6736=ORIENTED_EDGE('',*,*,#4976,.T.);
#6737=ORIENTED_EDGE('',*,*,#4979,.F.);
#6738=ORIENTED_EDGE('',*,*,#4982,.F.);
#6739=ORIENTED_EDGE('',*,*,#4985,.F.);
#6740=ORIENTED_EDGE('',*,*,#4988,.T.);
#6741=ORIENTED_EDGE('',*,*,#4991,.F.);
#6742=ORIENTED_EDGE('',*,*,#4994,.T.);
#6743=ORIENTED_EDGE('',*,*,#4997,.F.);
#6744=ORIENTED_EDGE('',*,*,#5000,.F.);
#6745=ORIENTED_EDGE('',*,*,#5003,.F.);
#6746=ORIENTED_EDGE('',*,*,#5006,.F.);
#6747=ORIENTED_EDGE('',*,*,#5009,.F.);
#6748=ORIENTED_EDGE('',*,*,#5012,.T.);
#6749=ORIENTED_EDGE('',*,*,#5015,.F.);
#6750=ORIENTED_EDGE('',*,*,#5018,.F.);
#6751=ORIENTED_EDGE('',*,*,#5021,.F.);
#6752=ORIENTED_EDGE('',*,*,#5024,.F.);
#6753=ORIENTED_EDGE('',*,*,#5027,.F.);
#6754=ORIENTED_EDGE('',*,*,#5030,.T.);
#6755=ORIENTED_EDGE('',*,*,#5033,.F.);
#6756=ORIENTED_EDGE('',*,*,#5036,.F.);
#6757=ORIENTED_EDGE('',*,*,#5039,.F.);
#6758=ORIENTED_EDGE('',*,*,#5042,.T.);
#6759=ORIENTED_EDGE('',*,*,#5045,.F.);
#6760=ORIENTED_EDGE('',*,*,#5048,.T.);
#6761=ORIENTED_EDGE('',*,*,#5051,.F.);
#6762=ORIENTED_EDGE('',*,*,#5054,.F.);
#6763=ORIENTED_EDGE('',*,*,#5057,.F.);
#6764=ORIENTED_EDGE('',*,*,#5060,.F.);
#6765=ORIENTED_EDGE('',*,*,#5063,.F.);
#6766=ORIENTED_EDGE('',*,*,#5066,.T.);
#6767=ORIENTED_EDGE('',*,*,#5069,.F.);
#6768=ORIENTED_EDGE('',*,*,#5072,.F.);
#6769=ORIENTED_EDGE('',*,*,#5075,.F.);
#6770=ORIENTED_EDGE('',*,*,#5078,.F.);
#6771=ORIENTED_EDGE('',*,*,#5081,.F.);
#6772=ORIENTED_EDGE('',*,*,#5084,.T.);
#6773=ORIENTED_EDGE('',*,*,#5087,.F.);
#6774=ORIENTED_EDGE('',*,*,#5090,.F.);
#6775=ORIENTED_EDGE('',*,*,#5093,.F.);
#6776=ORIENTED_EDGE('',*,*,#4778,.T.);
#6777=ORIENTED_EDGE('',*,*,#4756,.T.);
#6778=ORIENTED_EDGE('',*,*,#4760,.T.);
#6779=ORIENTED_EDGE('',*,*,#4763,.T.);
#6780=ORIENTED_EDGE('',*,*,#4766,.T.);
#6781=ORIENTED_EDGE('',*,*,#4769,.T.);
#6782=ORIENTED_EDGE('',*,*,#4772,.T.);
#6783=ORIENTED_EDGE('',*,*,#4775,.T.);
#6784=ORIENTED_EDGE('',*,*,#4754,.T.);
#6785=ORIENTED_EDGE('',*,*,#4732,.T.);
#6786=ORIENTED_EDGE('',*,*,#4736,.T.);
#6787=ORIENTED_EDGE('',*,*,#4739,.T.);
#6788=ORIENTED_EDGE('',*,*,#4742,.T.);
#6789=ORIENTED_EDGE('',*,*,#4745,.T.);
#6790=ORIENTED_EDGE('',*,*,#4748,.T.);
#6791=ORIENTED_EDGE('',*,*,#4751,.T.);
#6792=ORIENTED_EDGE('',*,*,#4730,.T.);
#6793=ORIENTED_EDGE('',*,*,#4708,.T.);
#6794=ORIENTED_EDGE('',*,*,#4712,.T.);
#6795=ORIENTED_EDGE('',*,*,#4715,.T.);
#6796=ORIENTED_EDGE('',*,*,#4718,.T.);
#6797=ORIENTED_EDGE('',*,*,#4721,.T.);
#6798=ORIENTED_EDGE('',*,*,#4724,.T.);
#6799=ORIENTED_EDGE('',*,*,#4727,.T.);
#6800=ORIENTED_EDGE('',*,*,#4706,.T.);
#6801=ORIENTED_EDGE('',*,*,#4684,.T.);
#6802=ORIENTED_EDGE('',*,*,#4688,.T.);
#6803=ORIENTED_EDGE('',*,*,#4691,.T.);
#6804=ORIENTED_EDGE('',*,*,#4694,.T.);
#6805=ORIENTED_EDGE('',*,*,#4697,.T.);
#6806=ORIENTED_EDGE('',*,*,#4700,.T.);
#6807=ORIENTED_EDGE('',*,*,#4703,.T.);
#6808=ORIENTED_EDGE('',*,*,#4682,.T.);
#6809=ORIENTED_EDGE('',*,*,#4660,.T.);
#6810=ORIENTED_EDGE('',*,*,#4664,.T.);
#6811=ORIENTED_EDGE('',*,*,#4667,.T.);
#6812=ORIENTED_EDGE('',*,*,#4670,.T.);
#6813=ORIENTED_EDGE('',*,*,#4673,.T.);
#6814=ORIENTED_EDGE('',*,*,#4676,.T.);
#6815=ORIENTED_EDGE('',*,*,#4679,.T.);
#6816=ORIENTED_EDGE('',*,*,#4659,.T.);
#6817=ORIENTED_EDGE('',*,*,#4655,.T.);
#6818=ORIENTED_EDGE('',*,*,#4633,.T.);
#6819=ORIENTED_EDGE('',*,*,#4637,.T.);
#6820=ORIENTED_EDGE('',*,*,#4640,.T.);
#6821=ORIENTED_EDGE('',*,*,#4643,.T.);
#6822=ORIENTED_EDGE('',*,*,#4646,.T.);
#6823=ORIENTED_EDGE('',*,*,#4649,.T.);
#6824=ORIENTED_EDGE('',*,*,#4652,.T.);
#6825=ORIENTED_EDGE('',*,*,#4631,.T.);
#6826=ORIENTED_EDGE('',*,*,#4609,.T.);
#6827=ORIENTED_EDGE('',*,*,#4613,.T.);
#6828=ORIENTED_EDGE('',*,*,#4616,.T.);
#6829=ORIENTED_EDGE('',*,*,#4619,.T.);
#6830=ORIENTED_EDGE('',*,*,#4622,.T.);
#6831=ORIENTED_EDGE('',*,*,#4625,.T.);
#6832=ORIENTED_EDGE('',*,*,#4628,.T.);
#6833=ORIENTED_EDGE('',*,*,#4607,.T.);
#6834=ORIENTED_EDGE('',*,*,#4585,.T.);
#6835=ORIENTED_EDGE('',*,*,#4589,.T.);
#6836=ORIENTED_EDGE('',*,*,#4592,.T.);
#6837=ORIENTED_EDGE('',*,*,#4595,.T.);
#6838=ORIENTED_EDGE('',*,*,#4598,.T.);
#6839=ORIENTED_EDGE('',*,*,#4601,.T.);
#6840=ORIENTED_EDGE('',*,*,#4604,.T.);
#6841=ORIENTED_EDGE('',*,*,#4583,.T.);
#6842=ORIENTED_EDGE('',*,*,#4561,.T.);
#6843=ORIENTED_EDGE('',*,*,#4565,.T.);
#6844=ORIENTED_EDGE('',*,*,#4568,.T.);
#6845=ORIENTED_EDGE('',*,*,#4571,.T.);
#6846=ORIENTED_EDGE('',*,*,#4574,.T.);
#6847=ORIENTED_EDGE('',*,*,#4577,.T.);
#6848=ORIENTED_EDGE('',*,*,#4580,.T.);
#6849=ORIENTED_EDGE('',*,*,#4559,.T.);
#6850=ORIENTED_EDGE('',*,*,#4537,.T.);
#6851=ORIENTED_EDGE('',*,*,#4541,.T.);
#6852=ORIENTED_EDGE('',*,*,#4544,.T.);
#6853=ORIENTED_EDGE('',*,*,#4547,.T.);
#6854=ORIENTED_EDGE('',*,*,#4550,.T.);
#6855=ORIENTED_EDGE('',*,*,#4553,.T.);
#6856=ORIENTED_EDGE('',*,*,#4556,.T.);
#6857=ORIENTED_EDGE('',*,*,#4535,.T.);
#6858=ORIENTED_EDGE('',*,*,#4513,.T.);
#6859=ORIENTED_EDGE('',*,*,#4517,.T.);
#6860=ORIENTED_EDGE('',*,*,#4520,.T.);
#6861=ORIENTED_EDGE('',*,*,#4523,.T.);
#6862=ORIENTED_EDGE('',*,*,#4526,.T.);
#6863=ORIENTED_EDGE('',*,*,#4529,.T.);
#6864=ORIENTED_EDGE('',*,*,#4532,.T.);
#6865=ORIENTED_EDGE('',*,*,#4512,.T.);
#6866=ORIENTED_EDGE('',*,*,#4508,.T.);
#6867=ORIENTED_EDGE('',*,*,#4486,.T.);
#6868=ORIENTED_EDGE('',*,*,#4490,.T.);
#6869=ORIENTED_EDGE('',*,*,#4493,.T.);
#6870=ORIENTED_EDGE('',*,*,#4496,.T.);
#6871=ORIENTED_EDGE('',*,*,#4499,.T.);
#6872=ORIENTED_EDGE('',*,*,#4502,.T.);
#6873=ORIENTED_EDGE('',*,*,#4505,.T.);
#6874=ORIENTED_EDGE('',*,*,#4484,.T.);
#6875=ORIENTED_EDGE('',*,*,#4462,.T.);
#6876=ORIENTED_EDGE('',*,*,#4466,.T.);
#6877=ORIENTED_EDGE('',*,*,#4469,.T.);
#6878=ORIENTED_EDGE('',*,*,#4472,.T.);
#6879=ORIENTED_EDGE('',*,*,#4475,.T.);
#6880=ORIENTED_EDGE('',*,*,#4478,.T.);
#6881=ORIENTED_EDGE('',*,*,#4481,.T.);
#6882=ORIENTED_EDGE('',*,*,#4461,.T.);
#6883=ORIENTED_EDGE('',*,*,#4457,.T.);
#6884=ORIENTED_EDGE('',*,*,#4435,.T.);
#6885=ORIENTED_EDGE('',*,*,#4439,.T.);
#6886=ORIENTED_EDGE('',*,*,#4442,.T.);
#6887=ORIENTED_EDGE('',*,*,#4445,.T.);
#6888=ORIENTED_EDGE('',*,*,#4448,.T.);
#6889=ORIENTED_EDGE('',*,*,#4451,.T.);
#6890=ORIENTED_EDGE('',*,*,#4454,.T.);
#6891=ORIENTED_EDGE('',*,*,#4433,.T.);
#6892=ORIENTED_EDGE('',*,*,#4411,.T.);
#6893=ORIENTED_EDGE('',*,*,#4415,.T.);
#6894=ORIENTED_EDGE('',*,*,#4418,.T.);
#6895=ORIENTED_EDGE('',*,*,#4421,.T.);
#6896=ORIENTED_EDGE('',*,*,#4424,.T.);
#6897=ORIENTED_EDGE('',*,*,#4427,.T.);
#6898=ORIENTED_EDGE('',*,*,#4430,.T.);
#6899=ORIENTED_EDGE('',*,*,#4409,.T.);
#6900=ORIENTED_EDGE('',*,*,#4387,.T.);
#6901=ORIENTED_EDGE('',*,*,#4391,.T.);
#6902=ORIENTED_EDGE('',*,*,#4394,.T.);
#6903=ORIENTED_EDGE('',*,*,#4397,.T.);
#6904=ORIENTED_EDGE('',*,*,#4400,.T.);
#6905=ORIENTED_EDGE('',*,*,#4403,.T.);
#6906=ORIENTED_EDGE('',*,*,#4406,.T.);
#6907=ORIENTED_EDGE('',*,*,#4385,.T.);
#6908=ORIENTED_EDGE('',*,*,#4363,.T.);
#6909=ORIENTED_EDGE('',*,*,#4367,.T.);
#6910=ORIENTED_EDGE('',*,*,#4370,.T.);
#6911=ORIENTED_EDGE('',*,*,#4373,.T.);
#6912=ORIENTED_EDGE('',*,*,#4376,.T.);
#6913=ORIENTED_EDGE('',*,*,#4379,.T.);
#6914=ORIENTED_EDGE('',*,*,#4382,.T.);
#6915=ORIENTED_EDGE('',*,*,#4361,.T.);
#6916=ORIENTED_EDGE('',*,*,#4339,.T.);
#6917=ORIENTED_EDGE('',*,*,#4343,.T.);
#6918=ORIENTED_EDGE('',*,*,#4346,.T.);
#6919=ORIENTED_EDGE('',*,*,#4349,.T.);
#6920=ORIENTED_EDGE('',*,*,#4352,.T.);
#6921=ORIENTED_EDGE('',*,*,#4355,.T.);
#6922=ORIENTED_EDGE('',*,*,#4358,.T.);
#6923=ORIENTED_EDGE('',*,*,#4338,.T.);
#6924=ORIENTED_EDGE('',*,*,#4335,.T.);
#6925=ORIENTED_EDGE('',*,*,#4331,.T.);
#6926=ORIENTED_EDGE('',*,*,#4309,.T.);
#6927=ORIENTED_EDGE('',*,*,#4313,.T.);
#6928=ORIENTED_EDGE('',*,*,#4316,.T.);
#6929=ORIENTED_EDGE('',*,*,#4319,.T.);
#6930=ORIENTED_EDGE('',*,*,#4322,.T.);
#6931=ORIENTED_EDGE('',*,*,#4325,.T.);
#6932=ORIENTED_EDGE('',*,*,#4328,.T.);
#6933=ORIENTED_EDGE('',*,*,#4307,.T.);
#6934=ORIENTED_EDGE('',*,*,#4285,.T.);
#6935=ORIENTED_EDGE('',*,*,#4289,.T.);
#6936=ORIENTED_EDGE('',*,*,#4292,.T.);
#6937=ORIENTED_EDGE('',*,*,#4295,.T.);
#6938=ORIENTED_EDGE('',*,*,#4298,.T.);
#6939=ORIENTED_EDGE('',*,*,#4301,.T.);
#6940=ORIENTED_EDGE('',*,*,#4304,.T.);
#6941=ORIENTED_EDGE('',*,*,#4283,.T.);
#6942=ORIENTED_EDGE('',*,*,#4261,.T.);
#6943=ORIENTED_EDGE('',*,*,#4265,.T.);
#6944=ORIENTED_EDGE('',*,*,#4268,.T.);
#6945=ORIENTED_EDGE('',*,*,#4271,.T.);
#6946=ORIENTED_EDGE('',*,*,#4274,.T.);
#6947=ORIENTED_EDGE('',*,*,#4277,.T.);
#6948=ORIENTED_EDGE('',*,*,#4280,.T.);
#6949=ORIENTED_EDGE('',*,*,#4259,.T.);
#6950=ORIENTED_EDGE('',*,*,#4237,.T.);
#6951=ORIENTED_EDGE('',*,*,#4241,.T.);
#6952=ORIENTED_EDGE('',*,*,#4244,.T.);
#6953=ORIENTED_EDGE('',*,*,#4247,.T.);
#6954=ORIENTED_EDGE('',*,*,#4250,.T.);
#6955=ORIENTED_EDGE('',*,*,#4253,.T.);
#6956=ORIENTED_EDGE('',*,*,#4256,.T.);
#6957=ORIENTED_EDGE('',*,*,#4235,.T.);
#6958=ORIENTED_EDGE('',*,*,#4213,.T.);
#6959=ORIENTED_EDGE('',*,*,#4217,.T.);
#6960=ORIENTED_EDGE('',*,*,#4220,.T.);
#6961=ORIENTED_EDGE('',*,*,#4223,.T.);
#6962=ORIENTED_EDGE('',*,*,#4226,.T.);
#6963=ORIENTED_EDGE('',*,*,#4229,.T.);
#6964=ORIENTED_EDGE('',*,*,#4232,.T.);
#6965=ORIENTED_EDGE('',*,*,#4212,.T.);
#6966=ORIENTED_EDGE('',*,*,#4208,.T.);
#6967=ORIENTED_EDGE('',*,*,#4186,.T.);
#6968=ORIENTED_EDGE('',*,*,#4190,.T.);
#6969=ORIENTED_EDGE('',*,*,#4193,.T.);
#6970=ORIENTED_EDGE('',*,*,#4196,.T.);
#6971=ORIENTED_EDGE('',*,*,#4199,.T.);
#6972=ORIENTED_EDGE('',*,*,#4202,.T.);
#6973=ORIENTED_EDGE('',*,*,#4205,.T.);
#6974=ORIENTED_EDGE('',*,*,#4184,.T.);
#6975=ORIENTED_EDGE('',*,*,#4162,.T.);
#6976=ORIENTED_EDGE('',*,*,#4166,.T.);
#6977=ORIENTED_EDGE('',*,*,#4169,.T.);
#6978=ORIENTED_EDGE('',*,*,#4172,.T.);
#6979=ORIENTED_EDGE('',*,*,#4175,.T.);
#6980=ORIENTED_EDGE('',*,*,#4178,.T.);
#6981=ORIENTED_EDGE('',*,*,#4181,.T.);
#6982=ORIENTED_EDGE('',*,*,#4160,.T.);
#6983=ORIENTED_EDGE('',*,*,#4138,.T.);
#6984=ORIENTED_EDGE('',*,*,#4142,.T.);
#6985=ORIENTED_EDGE('',*,*,#4145,.T.);
#6986=ORIENTED_EDGE('',*,*,#4148,.T.);
#6987=ORIENTED_EDGE('',*,*,#4151,.T.);
#6988=ORIENTED_EDGE('',*,*,#4154,.T.);
#6989=ORIENTED_EDGE('',*,*,#4157,.T.);
#6990=ORIENTED_EDGE('',*,*,#4137,.T.);
#6991=ORIENTED_EDGE('',*,*,#4133,.T.);
#6992=ORIENTED_EDGE('',*,*,#4111,.T.);
#6993=ORIENTED_EDGE('',*,*,#4115,.T.);
#6994=ORIENTED_EDGE('',*,*,#4118,.T.);
#6995=ORIENTED_EDGE('',*,*,#4121,.T.);
#6996=ORIENTED_EDGE('',*,*,#4124,.T.);
#6997=ORIENTED_EDGE('',*,*,#4127,.T.);
#6998=ORIENTED_EDGE('',*,*,#4130,.T.);
#6999=ORIENTED_EDGE('',*,*,#4109,.T.);
#7000=ORIENTED_EDGE('',*,*,#4087,.T.);
#7001=ORIENTED_EDGE('',*,*,#4091,.T.);
#7002=ORIENTED_EDGE('',*,*,#4094,.T.);
#7003=ORIENTED_EDGE('',*,*,#4097,.T.);
#7004=ORIENTED_EDGE('',*,*,#4100,.T.);
#7005=ORIENTED_EDGE('',*,*,#4103,.T.);
#7006=ORIENTED_EDGE('',*,*,#4106,.T.);
#7007=ORIENTED_EDGE('',*,*,#4085,.T.);
#7008=ORIENTED_EDGE('',*,*,#4063,.T.);
#7009=ORIENTED_EDGE('',*,*,#4067,.T.);
#7010=ORIENTED_EDGE('',*,*,#4070,.T.);
#7011=ORIENTED_EDGE('',*,*,#4073,.T.);
#7012=ORIENTED_EDGE('',*,*,#4076,.T.);
#7013=ORIENTED_EDGE('',*,*,#4079,.T.);
#7014=ORIENTED_EDGE('',*,*,#4082,.T.);
#7015=ORIENTED_EDGE('',*,*,#4061,.T.);
#7016=ORIENTED_EDGE('',*,*,#4039,.T.);
#7017=ORIENTED_EDGE('',*,*,#4043,.T.);
#7018=ORIENTED_EDGE('',*,*,#4046,.T.);
#7019=ORIENTED_EDGE('',*,*,#4049,.T.);
#7020=ORIENTED_EDGE('',*,*,#4052,.T.);
#7021=ORIENTED_EDGE('',*,*,#4055,.T.);
#7022=ORIENTED_EDGE('',*,*,#4058,.T.);
#7023=ORIENTED_EDGE('',*,*,#4037,.T.);
#7024=ORIENTED_EDGE('',*,*,#4015,.T.);
#7025=ORIENTED_EDGE('',*,*,#4019,.T.);
#7026=ORIENTED_EDGE('',*,*,#4022,.T.);
#7027=ORIENTED_EDGE('',*,*,#4025,.T.);
#7028=ORIENTED_EDGE('',*,*,#4028,.T.);
#7029=ORIENTED_EDGE('',*,*,#4031,.T.);
#7030=ORIENTED_EDGE('',*,*,#4034,.T.);
#7031=ORIENTED_EDGE('',*,*,#4013,.T.);
#7032=ORIENTED_EDGE('',*,*,#3991,.T.);
#7033=ORIENTED_EDGE('',*,*,#3995,.T.);
#7034=ORIENTED_EDGE('',*,*,#3998,.T.);
#7035=ORIENTED_EDGE('',*,*,#4001,.T.);
#7036=ORIENTED_EDGE('',*,*,#4004,.T.);
#7037=ORIENTED_EDGE('',*,*,#4007,.T.);
#7038=ORIENTED_EDGE('',*,*,#4010,.T.);
#7039=ORIENTED_EDGE('',*,*,#3989,.T.);
#7040=ORIENTED_EDGE('',*,*,#3967,.T.);
#7041=ORIENTED_EDGE('',*,*,#3971,.T.);
#7042=ORIENTED_EDGE('',*,*,#3974,.T.);
#7043=ORIENTED_EDGE('',*,*,#3977,.T.);
#7044=ORIENTED_EDGE('',*,*,#3980,.T.);
#7045=ORIENTED_EDGE('',*,*,#3983,.T.);
#7046=ORIENTED_EDGE('',*,*,#3986,.T.);
#7047=ORIENTED_EDGE('',*,*,#3965,.T.);
#7048=ORIENTED_EDGE('',*,*,#3943,.T.);
#7049=ORIENTED_EDGE('',*,*,#3947,.T.);
#7050=ORIENTED_EDGE('',*,*,#3950,.T.);
#7051=ORIENTED_EDGE('',*,*,#3953,.T.);
#7052=ORIENTED_EDGE('',*,*,#3956,.T.);
#7053=ORIENTED_EDGE('',*,*,#3959,.T.);
#7054=ORIENTED_EDGE('',*,*,#3962,.T.);
#7055=ORIENTED_EDGE('',*,*,#3941,.T.);
#7056=ORIENTED_EDGE('',*,*,#3919,.T.);
#7057=ORIENTED_EDGE('',*,*,#3923,.T.);
#7058=ORIENTED_EDGE('',*,*,#3926,.T.);
#7059=ORIENTED_EDGE('',*,*,#3929,.T.);
#7060=ORIENTED_EDGE('',*,*,#3932,.T.);
#7061=ORIENTED_EDGE('',*,*,#3935,.T.);
#7062=ORIENTED_EDGE('',*,*,#3938,.T.);
#7063=ORIENTED_EDGE('',*,*,#5097,.T.);
#7064=ORIENTED_EDGE('',*,*,#5094,.T.);
#7065=ORIENTED_EDGE('',*,*,#5091,.T.);
#7066=ORIENTED_EDGE('',*,*,#5088,.T.);
#7067=ORIENTED_EDGE('',*,*,#5085,.T.);
#7068=ORIENTED_EDGE('',*,*,#5082,.T.);
#7069=ORIENTED_EDGE('',*,*,#5079,.T.);
#7070=ORIENTED_EDGE('',*,*,#5076,.T.);
#7071=ORIENTED_EDGE('',*,*,#5073,.T.);
#7072=ORIENTED_EDGE('',*,*,#5070,.T.);
#7073=ORIENTED_EDGE('',*,*,#5067,.T.);
#7074=ORIENTED_EDGE('',*,*,#5064,.T.);
#7075=ORIENTED_EDGE('',*,*,#5061,.T.);
#7076=ORIENTED_EDGE('',*,*,#5058,.T.);
#7077=ORIENTED_EDGE('',*,*,#5055,.T.);
#7078=ORIENTED_EDGE('',*,*,#5052,.T.);
#7079=ORIENTED_EDGE('',*,*,#5049,.T.);
#7080=ORIENTED_EDGE('',*,*,#5046,.T.);
#7081=ORIENTED_EDGE('',*,*,#5043,.T.);
#7082=ORIENTED_EDGE('',*,*,#5040,.T.);
#7083=ORIENTED_EDGE('',*,*,#5037,.T.);
#7084=ORIENTED_EDGE('',*,*,#5034,.T.);
#7085=ORIENTED_EDGE('',*,*,#5031,.T.);
#7086=ORIENTED_EDGE('',*,*,#5028,.T.);
#7087=ORIENTED_EDGE('',*,*,#5025,.T.);
#7088=ORIENTED_EDGE('',*,*,#5022,.T.);
#7089=ORIENTED_EDGE('',*,*,#5019,.T.);
#7090=ORIENTED_EDGE('',*,*,#5016,.T.);
#7091=ORIENTED_EDGE('',*,*,#5013,.T.);
#7092=ORIENTED_EDGE('',*,*,#5010,.T.);
#7093=ORIENTED_EDGE('',*,*,#5007,.T.);
#7094=ORIENTED_EDGE('',*,*,#5004,.T.);
#7095=ORIENTED_EDGE('',*,*,#5001,.T.);
#7096=ORIENTED_EDGE('',*,*,#4998,.T.);
#7097=ORIENTED_EDGE('',*,*,#4995,.T.);
#7098=ORIENTED_EDGE('',*,*,#4992,.T.);
#7099=ORIENTED_EDGE('',*,*,#4989,.T.);
#7100=ORIENTED_EDGE('',*,*,#4986,.T.);
#7101=ORIENTED_EDGE('',*,*,#4983,.T.);
#7102=ORIENTED_EDGE('',*,*,#4980,.T.);
#7103=ORIENTED_EDGE('',*,*,#4977,.T.);
#7104=ORIENTED_EDGE('',*,*,#4974,.T.);
#7105=ORIENTED_EDGE('',*,*,#4971,.T.);
#7106=ORIENTED_EDGE('',*,*,#4968,.T.);
#7107=ORIENTED_EDGE('',*,*,#4965,.T.);
#7108=ORIENTED_EDGE('',*,*,#4962,.T.);
#7109=ORIENTED_EDGE('',*,*,#4959,.T.);
#7110=ORIENTED_EDGE('',*,*,#4956,.T.);
#7111=ORIENTED_EDGE('',*,*,#4953,.T.);
#7112=ORIENTED_EDGE('',*,*,#4950,.T.);
#7113=ORIENTED_EDGE('',*,*,#4947,.T.);
#7114=ORIENTED_EDGE('',*,*,#4944,.T.);
#7115=ORIENTED_EDGE('',*,*,#4941,.T.);
#7116=ORIENTED_EDGE('',*,*,#4938,.T.);
#7117=ORIENTED_EDGE('',*,*,#4935,.T.);
#7118=ORIENTED_EDGE('',*,*,#4932,.T.);
#7119=ORIENTED_EDGE('',*,*,#4929,.T.);
#7120=ORIENTED_EDGE('',*,*,#4926,.T.);
#7121=ORIENTED_EDGE('',*,*,#4923,.T.);
#7122=ORIENTED_EDGE('',*,*,#4920,.T.);
#7123=ORIENTED_EDGE('',*,*,#4917,.T.);
#7124=ORIENTED_EDGE('',*,*,#4914,.T.);
#7125=ORIENTED_EDGE('',*,*,#4911,.T.);
#7126=ORIENTED_EDGE('',*,*,#4908,.T.);
#7127=ORIENTED_EDGE('',*,*,#4905,.T.);
#7128=ORIENTED_EDGE('',*,*,#4902,.T.);
#7129=ORIENTED_EDGE('',*,*,#4899,.T.);
#7130=ORIENTED_EDGE('',*,*,#4896,.T.);
#7131=ORIENTED_EDGE('',*,*,#4893,.T.);
#7132=ORIENTED_EDGE('',*,*,#4890,.T.);
#7133=ORIENTED_EDGE('',*,*,#4887,.T.);
#7134=ORIENTED_EDGE('',*,*,#4884,.T.);
#7135=ORIENTED_EDGE('',*,*,#4881,.T.);
#7136=ORIENTED_EDGE('',*,*,#4878,.T.);
#7137=ORIENTED_EDGE('',*,*,#4875,.T.);
#7138=ORIENTED_EDGE('',*,*,#4872,.T.);
#7139=ORIENTED_EDGE('',*,*,#4869,.T.);
#7140=ORIENTED_EDGE('',*,*,#4866,.T.);
#7141=ORIENTED_EDGE('',*,*,#4863,.T.);
#7142=ORIENTED_EDGE('',*,*,#4860,.T.);
#7143=ORIENTED_EDGE('',*,*,#4857,.T.);
#7144=ORIENTED_EDGE('',*,*,#4854,.T.);
#7145=ORIENTED_EDGE('',*,*,#4851,.T.);
#7146=ORIENTED_EDGE('',*,*,#4848,.T.);
#7147=ORIENTED_EDGE('',*,*,#4845,.T.);
#7148=ORIENTED_EDGE('',*,*,#4842,.T.);
#7149=ORIENTED_EDGE('',*,*,#4839,.T.);
#7150=ORIENTED_EDGE('',*,*,#4836,.T.);
#7151=ORIENTED_EDGE('',*,*,#4833,.T.);
#7152=ORIENTED_EDGE('',*,*,#4830,.T.);
#7153=ORIENTED_EDGE('',*,*,#4827,.T.);
#7154=ORIENTED_EDGE('',*,*,#4824,.T.);
#7155=ORIENTED_EDGE('',*,*,#4821,.T.);
#7156=ORIENTED_EDGE('',*,*,#4818,.T.);
#7157=ORIENTED_EDGE('',*,*,#4815,.T.);
#7158=ORIENTED_EDGE('',*,*,#4812,.T.);
#7159=ORIENTED_EDGE('',*,*,#4809,.T.);
#7160=ORIENTED_EDGE('',*,*,#4806,.T.);
#7161=ORIENTED_EDGE('',*,*,#4803,.T.);
#7162=ORIENTED_EDGE('',*,*,#4800,.T.);
#7163=ORIENTED_EDGE('',*,*,#4797,.T.);
#7164=ORIENTED_EDGE('',*,*,#4794,.T.);
#7165=ORIENTED_EDGE('',*,*,#4791,.T.);
#7166=ORIENTED_EDGE('',*,*,#4788,.T.);
#7167=ORIENTED_EDGE('',*,*,#4785,.T.);
#7168=ORIENTED_EDGE('',*,*,#4782,.T.);
#7169=ORIENTED_EDGE('',*,*,#4779,.T.);
#7170=ORIENTED_EDGE('',*,*,#4776,.T.);
#7171=ORIENTED_EDGE('',*,*,#4773,.T.);
#7172=ORIENTED_EDGE('',*,*,#4770,.T.);
#7173=ORIENTED_EDGE('',*,*,#4767,.T.);
#7174=ORIENTED_EDGE('',*,*,#4764,.T.);
#7175=ORIENTED_EDGE('',*,*,#4761,.T.);
#7176=ORIENTED_EDGE('',*,*,#4758,.T.);
#7177=ORIENTED_EDGE('',*,*,#4755,.T.);
#7178=ORIENTED_EDGE('',*,*,#4752,.T.);
#7179=ORIENTED_EDGE('',*,*,#4749,.T.);
#7180=ORIENTED_EDGE('',*,*,#4746,.T.);
#7181=ORIENTED_EDGE('',*,*,#4743,.T.);
#7182=ORIENTED_EDGE('',*,*,#4740,.T.);
#7183=ORIENTED_EDGE('',*,*,#4737,.T.);
#7184=ORIENTED_EDGE('',*,*,#4734,.T.);
#7185=ORIENTED_EDGE('',*,*,#4731,.T.);
#7186=ORIENTED_EDGE('',*,*,#4728,.T.);
#7187=ORIENTED_EDGE('',*,*,#4725,.T.);
#7188=ORIENTED_EDGE('',*,*,#4722,.T.);
#7189=ORIENTED_EDGE('',*,*,#4719,.T.);
#7190=ORIENTED_EDGE('',*,*,#4716,.T.);
#7191=ORIENTED_EDGE('',*,*,#4713,.T.);
#7192=ORIENTED_EDGE('',*,*,#4710,.T.);
#7193=ORIENTED_EDGE('',*,*,#4707,.T.);
#7194=ORIENTED_EDGE('',*,*,#4704,.T.);
#7195=ORIENTED_EDGE('',*,*,#4701,.T.);
#7196=ORIENTED_EDGE('',*,*,#4698,.T.);
#7197=ORIENTED_EDGE('',*,*,#4695,.T.);
#7198=ORIENTED_EDGE('',*,*,#4692,.T.);
#7199=ORIENTED_EDGE('',*,*,#4689,.T.);
#7200=ORIENTED_EDGE('',*,*,#4686,.T.);
#7201=ORIENTED_EDGE('',*,*,#4683,.T.);
#7202=ORIENTED_EDGE('',*,*,#4680,.T.);
#7203=ORIENTED_EDGE('',*,*,#4677,.T.);
#7204=ORIENTED_EDGE('',*,*,#4674,.T.);
#7205=ORIENTED_EDGE('',*,*,#4671,.T.);
#7206=ORIENTED_EDGE('',*,*,#4668,.T.);
#7207=ORIENTED_EDGE('',*,*,#4665,.T.);
#7208=ORIENTED_EDGE('',*,*,#4662,.T.);
#7209=ORIENTED_EDGE('',*,*,#4657,.T.);
#7210=ORIENTED_EDGE('',*,*,#4656,.T.);
#7211=ORIENTED_EDGE('',*,*,#4653,.T.);
#7212=ORIENTED_EDGE('',*,*,#4650,.T.);
#7213=ORIENTED_EDGE('',*,*,#4647,.T.);
#7214=ORIENTED_EDGE('',*,*,#4644,.T.);
#7215=ORIENTED_EDGE('',*,*,#4641,.T.);
#7216=ORIENTED_EDGE('',*,*,#4638,.T.);
#7217=ORIENTED_EDGE('',*,*,#4635,.T.);
#7218=ORIENTED_EDGE('',*,*,#4632,.T.);
#7219=ORIENTED_EDGE('',*,*,#4629,.T.);
#7220=ORIENTED_EDGE('',*,*,#4626,.T.);
#7221=ORIENTED_EDGE('',*,*,#4623,.T.);
#7222=ORIENTED_EDGE('',*,*,#4620,.T.);
#7223=ORIENTED_EDGE('',*,*,#4617,.T.);
#7224=ORIENTED_EDGE('',*,*,#4614,.T.);
#7225=ORIENTED_EDGE('',*,*,#4611,.T.);
#7226=ORIENTED_EDGE('',*,*,#4608,.T.);
#7227=ORIENTED_EDGE('',*,*,#4605,.T.);
#7228=ORIENTED_EDGE('',*,*,#4602,.T.);
#7229=ORIENTED_EDGE('',*,*,#4599,.T.);
#7230=ORIENTED_EDGE('',*,*,#4596,.T.);
#7231=ORIENTED_EDGE('',*,*,#4593,.T.);
#7232=ORIENTED_EDGE('',*,*,#4590,.T.);
#7233=ORIENTED_EDGE('',*,*,#4587,.T.);
#7234=ORIENTED_EDGE('',*,*,#4584,.T.);
#7235=ORIENTED_EDGE('',*,*,#4581,.T.);
#7236=ORIENTED_EDGE('',*,*,#4578,.T.);
#7237=ORIENTED_EDGE('',*,*,#4575,.T.);
#7238=ORIENTED_EDGE('',*,*,#4572,.T.);
#7239=ORIENTED_EDGE('',*,*,#4569,.T.);
#7240=ORIENTED_EDGE('',*,*,#4566,.T.);
#7241=ORIENTED_EDGE('',*,*,#4563,.T.);
#7242=ORIENTED_EDGE('',*,*,#4560,.T.);
#7243=ORIENTED_EDGE('',*,*,#4557,.T.);
#7244=ORIENTED_EDGE('',*,*,#4554,.T.);
#7245=ORIENTED_EDGE('',*,*,#4551,.T.);
#7246=ORIENTED_EDGE('',*,*,#4548,.T.);
#7247=ORIENTED_EDGE('',*,*,#4545,.T.);
#7248=ORIENTED_EDGE('',*,*,#4542,.T.);
#7249=ORIENTED_EDGE('',*,*,#4539,.T.);
#7250=ORIENTED_EDGE('',*,*,#4536,.T.);
#7251=ORIENTED_EDGE('',*,*,#4533,.T.);
#7252=ORIENTED_EDGE('',*,*,#4530,.T.);
#7253=ORIENTED_EDGE('',*,*,#4527,.T.);
#7254=ORIENTED_EDGE('',*,*,#4524,.T.);
#7255=ORIENTED_EDGE('',*,*,#4521,.T.);
#7256=ORIENTED_EDGE('',*,*,#4518,.T.);
#7257=ORIENTED_EDGE('',*,*,#4515,.T.);
#7258=ORIENTED_EDGE('',*,*,#4510,.T.);
#7259=ORIENTED_EDGE('',*,*,#4509,.T.);
#7260=ORIENTED_EDGE('',*,*,#4506,.T.);
#7261=ORIENTED_EDGE('',*,*,#4503,.T.);
#7262=ORIENTED_EDGE('',*,*,#4500,.T.);
#7263=ORIENTED_EDGE('',*,*,#4497,.T.);
#7264=ORIENTED_EDGE('',*,*,#4494,.T.);
#7265=ORIENTED_EDGE('',*,*,#4491,.T.);
#7266=ORIENTED_EDGE('',*,*,#4488,.T.);
#7267=ORIENTED_EDGE('',*,*,#4485,.T.);
#7268=ORIENTED_EDGE('',*,*,#4482,.T.);
#7269=ORIENTED_EDGE('',*,*,#4479,.T.);
#7270=ORIENTED_EDGE('',*,*,#4476,.T.);
#7271=ORIENTED_EDGE('',*,*,#4473,.T.);
#7272=ORIENTED_EDGE('',*,*,#4470,.T.);
#7273=ORIENTED_EDGE('',*,*,#4467,.T.);
#7274=ORIENTED_EDGE('',*,*,#4464,.T.);
#7275=ORIENTED_EDGE('',*,*,#4459,.T.);
#7276=ORIENTED_EDGE('',*,*,#4458,.T.);
#7277=ORIENTED_EDGE('',*,*,#4455,.T.);
#7278=ORIENTED_EDGE('',*,*,#4452,.T.);
#7279=ORIENTED_EDGE('',*,*,#4449,.T.);
#7280=ORIENTED_EDGE('',*,*,#4446,.T.);
#7281=ORIENTED_EDGE('',*,*,#4443,.T.);
#7282=ORIENTED_EDGE('',*,*,#4440,.T.);
#7283=ORIENTED_EDGE('',*,*,#4437,.T.);
#7284=ORIENTED_EDGE('',*,*,#4434,.T.);
#7285=ORIENTED_EDGE('',*,*,#4431,.T.);
#7286=ORIENTED_EDGE('',*,*,#4428,.T.);
#7287=ORIENTED_EDGE('',*,*,#4425,.T.);
#7288=ORIENTED_EDGE('',*,*,#4422,.T.);
#7289=ORIENTED_EDGE('',*,*,#4419,.T.);
#7290=ORIENTED_EDGE('',*,*,#4416,.T.);
#7291=ORIENTED_EDGE('',*,*,#4413,.T.);
#7292=ORIENTED_EDGE('',*,*,#4410,.T.);
#7293=ORIENTED_EDGE('',*,*,#4407,.T.);
#7294=ORIENTED_EDGE('',*,*,#4404,.T.);
#7295=ORIENTED_EDGE('',*,*,#4401,.T.);
#7296=ORIENTED_EDGE('',*,*,#4398,.T.);
#7297=ORIENTED_EDGE('',*,*,#4395,.T.);
#7298=ORIENTED_EDGE('',*,*,#4392,.T.);
#7299=ORIENTED_EDGE('',*,*,#4389,.T.);
#7300=ORIENTED_EDGE('',*,*,#4386,.T.);
#7301=ORIENTED_EDGE('',*,*,#4383,.T.);
#7302=ORIENTED_EDGE('',*,*,#4380,.T.);
#7303=ORIENTED_EDGE('',*,*,#4377,.T.);
#7304=ORIENTED_EDGE('',*,*,#4374,.T.);
#7305=ORIENTED_EDGE('',*,*,#4371,.T.);
#7306=ORIENTED_EDGE('',*,*,#4368,.T.);
#7307=ORIENTED_EDGE('',*,*,#4365,.T.);
#7308=ORIENTED_EDGE('',*,*,#4362,.T.);
#7309=ORIENTED_EDGE('',*,*,#4359,.T.);
#7310=ORIENTED_EDGE('',*,*,#4356,.T.);
#7311=ORIENTED_EDGE('',*,*,#4353,.T.);
#7312=ORIENTED_EDGE('',*,*,#4350,.T.);
#7313=ORIENTED_EDGE('',*,*,#4347,.T.);
#7314=ORIENTED_EDGE('',*,*,#4344,.T.);
#7315=ORIENTED_EDGE('',*,*,#4341,.T.);
#7316=ORIENTED_EDGE('',*,*,#4336,.T.);
#7317=ORIENTED_EDGE('',*,*,#4333,.T.);
#7318=ORIENTED_EDGE('',*,*,#4332,.T.);
#7319=ORIENTED_EDGE('',*,*,#4329,.T.);
#7320=ORIENTED_EDGE('',*,*,#4326,.T.);
#7321=ORIENTED_EDGE('',*,*,#4323,.T.);
#7322=ORIENTED_EDGE('',*,*,#4320,.T.);
#7323=ORIENTED_EDGE('',*,*,#4317,.T.);
#7324=ORIENTED_EDGE('',*,*,#4314,.T.);
#7325=ORIENTED_EDGE('',*,*,#4311,.T.);
#7326=ORIENTED_EDGE('',*,*,#4308,.T.);
#7327=ORIENTED_EDGE('',*,*,#4305,.T.);
#7328=ORIENTED_EDGE('',*,*,#4302,.T.);
#7329=ORIENTED_EDGE('',*,*,#4299,.T.);
#7330=ORIENTED_EDGE('',*,*,#4296,.T.);
#7331=ORIENTED_EDGE('',*,*,#4293,.T.);
#7332=ORIENTED_EDGE('',*,*,#4290,.T.);
#7333=ORIENTED_EDGE('',*,*,#4287,.T.);
#7334=ORIENTED_EDGE('',*,*,#4284,.T.);
#7335=ORIENTED_EDGE('',*,*,#4281,.T.);
#7336=ORIENTED_EDGE('',*,*,#4278,.T.);
#7337=ORIENTED_EDGE('',*,*,#4275,.T.);
#7338=ORIENTED_EDGE('',*,*,#4272,.T.);
#7339=ORIENTED_EDGE('',*,*,#4269,.T.);
#7340=ORIENTED_EDGE('',*,*,#4266,.T.);
#7341=ORIENTED_EDGE('',*,*,#4263,.T.);
#7342=ORIENTED_EDGE('',*,*,#4260,.T.);
#7343=ORIENTED_EDGE('',*,*,#4257,.T.);
#7344=ORIENTED_EDGE('',*,*,#4254,.T.);
#7345=ORIENTED_EDGE('',*,*,#4251,.T.);
#7346=ORIENTED_EDGE('',*,*,#4248,.T.);
#7347=ORIENTED_EDGE('',*,*,#4245,.T.);
#7348=ORIENTED_EDGE('',*,*,#4242,.T.);
#7349=ORIENTED_EDGE('',*,*,#4239,.T.);
#7350=ORIENTED_EDGE('',*,*,#4236,.T.);
#7351=ORIENTED_EDGE('',*,*,#4233,.T.);
#7352=ORIENTED_EDGE('',*,*,#4230,.T.);
#7353=ORIENTED_EDGE('',*,*,#4227,.T.);
#7354=ORIENTED_EDGE('',*,*,#4224,.T.);
#7355=ORIENTED_EDGE('',*,*,#4221,.T.);
#7356=ORIENTED_EDGE('',*,*,#4218,.T.);
#7357=ORIENTED_EDGE('',*,*,#4215,.T.);
#7358=ORIENTED_EDGE('',*,*,#4210,.T.);
#7359=ORIENTED_EDGE('',*,*,#4209,.T.);
#7360=ORIENTED_EDGE('',*,*,#4206,.T.);
#7361=ORIENTED_EDGE('',*,*,#4203,.T.);
#7362=ORIENTED_EDGE('',*,*,#4200,.T.);
#7363=ORIENTED_EDGE('',*,*,#4197,.T.);
#7364=ORIENTED_EDGE('',*,*,#4194,.T.);
#7365=ORIENTED_EDGE('',*,*,#4191,.T.);
#7366=ORIENTED_EDGE('',*,*,#4188,.T.);
#7367=ORIENTED_EDGE('',*,*,#4185,.T.);
#7368=ORIENTED_EDGE('',*,*,#4182,.T.);
#7369=ORIENTED_EDGE('',*,*,#4179,.T.);
#7370=ORIENTED_EDGE('',*,*,#4176,.T.);
#7371=ORIENTED_EDGE('',*,*,#4173,.T.);
#7372=ORIENTED_EDGE('',*,*,#4170,.T.);
#7373=ORIENTED_EDGE('',*,*,#4167,.T.);
#7374=ORIENTED_EDGE('',*,*,#4164,.T.);
#7375=ORIENTED_EDGE('',*,*,#4161,.T.);
#7376=ORIENTED_EDGE('',*,*,#4158,.T.);
#7377=ORIENTED_EDGE('',*,*,#4155,.T.);
#7378=ORIENTED_EDGE('',*,*,#4152,.T.);
#7379=ORIENTED_EDGE('',*,*,#4149,.T.);
#7380=ORIENTED_EDGE('',*,*,#4146,.T.);
#7381=ORIENTED_EDGE('',*,*,#4143,.T.);
#7382=ORIENTED_EDGE('',*,*,#4140,.T.);
#7383=ORIENTED_EDGE('',*,*,#4135,.T.);
#7384=ORIENTED_EDGE('',*,*,#4134,.T.);
#7385=ORIENTED_EDGE('',*,*,#4131,.T.);
#7386=ORIENTED_EDGE('',*,*,#4128,.T.);
#7387=ORIENTED_EDGE('',*,*,#4125,.T.);
#7388=ORIENTED_EDGE('',*,*,#4122,.T.);
#7389=ORIENTED_EDGE('',*,*,#4119,.T.);
#7390=ORIENTED_EDGE('',*,*,#4116,.T.);
#7391=ORIENTED_EDGE('',*,*,#4113,.T.);
#7392=ORIENTED_EDGE('',*,*,#4110,.T.);
#7393=ORIENTED_EDGE('',*,*,#4107,.T.);
#7394=ORIENTED_EDGE('',*,*,#4104,.T.);
#7395=ORIENTED_EDGE('',*,*,#4101,.T.);
#7396=ORIENTED_EDGE('',*,*,#4098,.T.);
#7397=ORIENTED_EDGE('',*,*,#4095,.T.);
#7398=ORIENTED_EDGE('',*,*,#4092,.T.);
#7399=ORIENTED_EDGE('',*,*,#4089,.T.);
#7400=ORIENTED_EDGE('',*,*,#4086,.T.);
#7401=ORIENTED_EDGE('',*,*,#4083,.T.);
#7402=ORIENTED_EDGE('',*,*,#4080,.T.);
#7403=ORIENTED_EDGE('',*,*,#4077,.T.);
#7404=ORIENTED_EDGE('',*,*,#4074,.T.);
#7405=ORIENTED_EDGE('',*,*,#4071,.T.);
#7406=ORIENTED_EDGE('',*,*,#4068,.T.);
#7407=ORIENTED_EDGE('',*,*,#4065,.T.);
#7408=ORIENTED_EDGE('',*,*,#4062,.T.);
#7409=ORIENTED_EDGE('',*,*,#4059,.T.);
#7410=ORIENTED_EDGE('',*,*,#4056,.T.);
#7411=ORIENTED_EDGE('',*,*,#4053,.T.);
#7412=ORIENTED_EDGE('',*,*,#4050,.T.);
#7413=ORIENTED_EDGE('',*,*,#4047,.T.);
#7414=ORIENTED_EDGE('',*,*,#4044,.T.);
#7415=ORIENTED_EDGE('',*,*,#4041,.T.);
#7416=ORIENTED_EDGE('',*,*,#4038,.T.);
#7417=ORIENTED_EDGE('',*,*,#4035,.T.);
#7418=ORIENTED_EDGE('',*,*,#4032,.T.);
#7419=ORIENTED_EDGE('',*,*,#4029,.T.);
#7420=ORIENTED_EDGE('',*,*,#4026,.T.);
#7421=ORIENTED_EDGE('',*,*,#4023,.T.);
#7422=ORIENTED_EDGE('',*,*,#4020,.T.);
#7423=ORIENTED_EDGE('',*,*,#4017,.T.);
#7424=ORIENTED_EDGE('',*,*,#4014,.T.);
#7425=ORIENTED_EDGE('',*,*,#4011,.T.);
#7426=ORIENTED_EDGE('',*,*,#4008,.T.);
#7427=ORIENTED_EDGE('',*,*,#4005,.T.);
#7428=ORIENTED_EDGE('',*,*,#4002,.T.);
#7429=ORIENTED_EDGE('',*,*,#3999,.T.);
#7430=ORIENTED_EDGE('',*,*,#3996,.T.);
#7431=ORIENTED_EDGE('',*,*,#3993,.T.);
#7432=ORIENTED_EDGE('',*,*,#3990,.T.);
#7433=ORIENTED_EDGE('',*,*,#3987,.T.);
#7434=ORIENTED_EDGE('',*,*,#3984,.T.);
#7435=ORIENTED_EDGE('',*,*,#3981,.T.);
#7436=ORIENTED_EDGE('',*,*,#3978,.T.);
#7437=ORIENTED_EDGE('',*,*,#3975,.T.);
#7438=ORIENTED_EDGE('',*,*,#3972,.T.);
#7439=ORIENTED_EDGE('',*,*,#3969,.T.);
#7440=ORIENTED_EDGE('',*,*,#3966,.T.);
#7441=ORIENTED_EDGE('',*,*,#3963,.T.);
#7442=ORIENTED_EDGE('',*,*,#3960,.T.);
#7443=ORIENTED_EDGE('',*,*,#3957,.T.);
#7444=ORIENTED_EDGE('',*,*,#3954,.T.);
#7445=ORIENTED_EDGE('',*,*,#3951,.T.);
#7446=ORIENTED_EDGE('',*,*,#3948,.T.);
#7447=ORIENTED_EDGE('',*,*,#3945,.T.);
#7448=ORIENTED_EDGE('',*,*,#3942,.T.);
#7449=ORIENTED_EDGE('',*,*,#3939,.T.);
#7450=ORIENTED_EDGE('',*,*,#3936,.T.);
#7451=ORIENTED_EDGE('',*,*,#3933,.T.);
#7452=ORIENTED_EDGE('',*,*,#3930,.T.);
#7453=ORIENTED_EDGE('',*,*,#3927,.T.);
#7454=ORIENTED_EDGE('',*,*,#3924,.T.);
#7455=ORIENTED_EDGE('',*,*,#3921,.T.);
#7456=PLANE('',#8050);
#7457=PLANE('',#8054);
#7458=PLANE('',#8058);
#7459=PLANE('',#8062);
#7460=PLANE('',#8069);
#7461=PLANE('',#8073);
#7462=PLANE('',#8077);
#7463=PLANE('',#8081);
#7464=PLANE('',#8082);
#7465=PLANE('',#8086);
#7466=PLANE('',#8090);
#7467=PLANE('',#8094);
#7468=PLANE('',#8098);
#7469=PLANE('',#8102);
#7470=PLANE('',#8106);
#7471=PLANE('',#8110);
#7472=PLANE('',#8114);
#7473=PLANE('',#8118);
#7474=PLANE('',#8122);
#7475=PLANE('',#8126);
#7476=PLANE('',#8130);
#7477=PLANE('',#8134);
#7478=PLANE('',#8138);
#7479=PLANE('',#8142);
#7480=PLANE('',#8146);
#7481=PLANE('',#8150);
#7482=PLANE('',#8154);
#7483=PLANE('',#8158);
#7484=PLANE('',#8162);
#7485=PLANE('',#8166);
#7486=PLANE('',#8170);
#7487=PLANE('',#8174);
#7488=PLANE('',#8178);
#7489=PLANE('',#8182);
#7490=PLANE('',#8186);
#7491=PLANE('',#8190);
#7492=PLANE('',#8197);
#7493=PLANE('',#8201);
#7494=PLANE('',#8205);
#7495=PLANE('',#8209);
#7496=PLANE('',#8213);
#7497=PLANE('',#8217);
#7498=PLANE('',#8221);
#7499=PLANE('',#8225);
#7500=PLANE('',#8229);
#7501=PLANE('',#8233);
#7502=PLANE('',#8237);
#7503=PLANE('',#8241);
#7504=PLANE('',#8248);
#7505=PLANE('',#8252);
#7506=PLANE('',#8256);
#7507=PLANE('',#8260);
#7508=PLANE('',#8264);
#7509=PLANE('',#8268);
#7510=PLANE('',#8272);
#7511=PLANE('',#8276);
#7512=PLANE('',#8280);
#7513=PLANE('',#8284);
#7514=PLANE('',#8288);
#7515=PLANE('',#8292);
#7516=PLANE('',#8296);
#7517=PLANE('',#8300);
#7518=PLANE('',#8304);
#7519=PLANE('',#8308);
#7520=PLANE('',#8312);
#7521=PLANE('',#8316);
#7522=PLANE('',#8320);
#7523=PLANE('',#8324);
#7524=PLANE('',#8334);
#7525=PLANE('',#8338);
#7526=PLANE('',#8342);
#7527=PLANE('',#8346);
#7528=PLANE('',#8350);
#7529=PLANE('',#8354);
#7530=PLANE('',#8358);
#7531=PLANE('',#8362);
#7532=PLANE('',#8366);
#7533=PLANE('',#8370);
#7534=PLANE('',#8374);
#7535=PLANE('',#8378);
#7536=PLANE('',#8382);
#7537=PLANE('',#8386);
#7538=PLANE('',#8390);
#7539=PLANE('',#8394);
#7540=PLANE('',#8398);
#7541=PLANE('',#8402);
#7542=PLANE('',#8406);
#7543=PLANE('',#8410);
#7544=PLANE('',#8417);
#7545=PLANE('',#8421);
#7546=PLANE('',#8425);
#7547=PLANE('',#8429);
#7548=PLANE('',#8433);
#7549=PLANE('',#8437);
#7550=PLANE('',#8441);
#7551=PLANE('',#8445);
#7552=PLANE('',#8452);
#7553=PLANE('',#8456);
#7554=PLANE('',#8460);
#7555=PLANE('',#8464);
#7556=PLANE('',#8468);
#7557=PLANE('',#8472);
#7558=PLANE('',#8476);
#7559=PLANE('',#8480);
#7560=PLANE('',#8484);
#7561=PLANE('',#8488);
#7562=PLANE('',#8492);
#7563=PLANE('',#8496);
#7564=PLANE('',#8500);
#7565=PLANE('',#8504);
#7566=PLANE('',#8508);
#7567=PLANE('',#8512);
#7568=PLANE('',#8516);
#7569=PLANE('',#8520);
#7570=PLANE('',#8524);
#7571=PLANE('',#8528);
#7572=PLANE('',#8532);
#7573=PLANE('',#8536);
#7574=PLANE('',#8540);
#7575=PLANE('',#8544);
#7576=PLANE('',#8551);
#7577=PLANE('',#8555);
#7578=PLANE('',#8559);
#7579=PLANE('',#8563);
#7580=PLANE('',#8567);
#7581=PLANE('',#8571);
#7582=PLANE('',#8575);
#7583=PLANE('',#8579);
#7584=PLANE('',#8583);
#7585=PLANE('',#8587);
#7586=PLANE('',#8591);
#7587=PLANE('',#8595);
#7588=PLANE('',#8599);
#7589=PLANE('',#8603);
#7590=PLANE('',#8607);
#7591=PLANE('',#8611);
#7592=PLANE('',#8615);
#7593=PLANE('',#8619);
#7594=PLANE('',#8623);
#7595=PLANE('',#8627);
#7596=PLANE('',#8634);
#7597=PLANE('',#8638);
#7598=PLANE('',#8642);
#7599=PLANE('',#8646);
#7600=PLANE('',#8650);
#7601=PLANE('',#8654);
#7602=PLANE('',#8658);
#7603=PLANE('',#8662);
#7604=PLANE('',#8666);
#7605=PLANE('',#8670);
#7606=PLANE('',#8674);
#7607=PLANE('',#8678);
#7608=PLANE('',#8682);
#7609=PLANE('',#8686);
#7610=PLANE('',#8690);
#7611=PLANE('',#8691);
#7612=PLANE('',#8692);
#7613=PLANE('',#8696);
#7614=PLANE('',#8700);
#7615=PLANE('',#8704);
#7616=PLANE('',#8708);
#7617=PLANE('',#8712);
#7618=PLANE('',#8716);
#7619=PLANE('',#8720);
#7620=PLANE('',#8724);
#7621=PLANE('',#8728);
#7622=PLANE('',#8732);
#7623=PLANE('',#8736);
#7624=PLANE('',#8740);
#7625=PLANE('',#8744);
#7626=PLANE('',#8748);
#7627=PLANE('',#8752);
#7628=PLANE('',#8756);
#7629=PLANE('',#8760);
#7630=PLANE('',#8764);
#7631=PLANE('',#8768);
#7632=PLANE('',#8772);
#7633=PLANE('',#8776);
#7634=PLANE('',#8780);
#7635=PLANE('',#8784);
#7636=PLANE('',#8788);
#7637=PLANE('',#8792);
#7638=PLANE('',#8796);
#7639=PLANE('',#8800);
#7640=PLANE('',#8804);
#7641=PLANE('',#8808);
#7642=PLANE('',#8812);
#7643=PLANE('',#8816);
#7644=PLANE('',#8820);
#7645=PLANE('',#8824);
#7646=PLANE('',#8828);
#7647=PLANE('',#8832);
#7648=PLANE('',#8836);
#7649=PLANE('',#8837);
#7650=PLANE('',#8838);
#7651=PLANE('',#8839);
#7652=PLANE('',#8840);
#7653=ADVANCED_FACE('',(#693),#7456,.T.);
#7654=ADVANCED_FACE('',(#694),#495,.F.);
#7655=ADVANCED_FACE('',(#695),#7457,.T.);
#7656=ADVANCED_FACE('',(#696),#496,.F.);
#7657=ADVANCED_FACE('',(#697),#7458,.T.);
#7658=ADVANCED_FACE('',(#698),#497,.F.);
#7659=ADVANCED_FACE('',(#699),#7459,.T.);
#7660=ADVANCED_FACE('',(#700),#498,.F.);
#7661=ADVANCED_FACE('',(#701),#499,.F.);
#7662=ADVANCED_FACE('',(#702),#7460,.T.);
#7663=ADVANCED_FACE('',(#703),#500,.F.);
#7664=ADVANCED_FACE('',(#704),#7461,.T.);
#7665=ADVANCED_FACE('',(#705),#501,.F.);
#7666=ADVANCED_FACE('',(#706),#7462,.T.);
#7667=ADVANCED_FACE('',(#707),#502,.F.);
#7668=ADVANCED_FACE('',(#708),#7463,.T.);
#7669=ADVANCED_FACE('',(#709),#7464,.T.);
#7670=ADVANCED_FACE('',(#710),#503,.F.);
#7671=ADVANCED_FACE('',(#711),#7465,.T.);
#7672=ADVANCED_FACE('',(#712),#504,.F.);
#7673=ADVANCED_FACE('',(#713),#7466,.T.);
#7674=ADVANCED_FACE('',(#714),#505,.F.);
#7675=ADVANCED_FACE('',(#715),#7467,.T.);
#7676=ADVANCED_FACE('',(#716),#506,.F.);
#7677=ADVANCED_FACE('',(#717),#7468,.T.);
#7678=ADVANCED_FACE('',(#718),#507,.F.);
#7679=ADVANCED_FACE('',(#719),#7469,.T.);
#7680=ADVANCED_FACE('',(#720),#508,.F.);
#7681=ADVANCED_FACE('',(#721),#7470,.T.);
#7682=ADVANCED_FACE('',(#722),#509,.F.);
#7683=ADVANCED_FACE('',(#723),#7471,.T.);
#7684=ADVANCED_FACE('',(#724),#510,.F.);
#7685=ADVANCED_FACE('',(#725),#7472,.T.);
#7686=ADVANCED_FACE('',(#726),#511,.F.);
#7687=ADVANCED_FACE('',(#727),#7473,.T.);
#7688=ADVANCED_FACE('',(#728),#512,.F.);
#7689=ADVANCED_FACE('',(#729),#7474,.T.);
#7690=ADVANCED_FACE('',(#730),#513,.F.);
#7691=ADVANCED_FACE('',(#731),#7475,.T.);
#7692=ADVANCED_FACE('',(#732),#514,.F.);
#7693=ADVANCED_FACE('',(#733),#7476,.T.);
#7694=ADVANCED_FACE('',(#734),#515,.F.);
#7695=ADVANCED_FACE('',(#735),#7477,.T.);
#7696=ADVANCED_FACE('',(#736),#516,.F.);
#7697=ADVANCED_FACE('',(#737),#7478,.T.);
#7698=ADVANCED_FACE('',(#738),#517,.F.);
#7699=ADVANCED_FACE('',(#739),#7479,.T.);
#7700=ADVANCED_FACE('',(#740),#518,.F.);
#7701=ADVANCED_FACE('',(#741),#7480,.T.);
#7702=ADVANCED_FACE('',(#742),#519,.F.);
#7703=ADVANCED_FACE('',(#743),#7481,.T.);
#7704=ADVANCED_FACE('',(#744),#520,.F.);
#7705=ADVANCED_FACE('',(#745),#7482,.T.);
#7706=ADVANCED_FACE('',(#746),#521,.F.);
#7707=ADVANCED_FACE('',(#747),#7483,.T.);
#7708=ADVANCED_FACE('',(#748),#522,.F.);
#7709=ADVANCED_FACE('',(#749),#7484,.T.);
#7710=ADVANCED_FACE('',(#750),#523,.F.);
#7711=ADVANCED_FACE('',(#751),#7485,.T.);
#7712=ADVANCED_FACE('',(#752),#524,.F.);
#7713=ADVANCED_FACE('',(#753),#7486,.T.);
#7714=ADVANCED_FACE('',(#754),#525,.F.);
#7715=ADVANCED_FACE('',(#755),#7487,.T.);
#7716=ADVANCED_FACE('',(#756),#526,.F.);
#7717=ADVANCED_FACE('',(#757),#7488,.T.);
#7718=ADVANCED_FACE('',(#758),#527,.F.);
#7719=ADVANCED_FACE('',(#759),#7489,.T.);
#7720=ADVANCED_FACE('',(#760),#528,.F.);
#7721=ADVANCED_FACE('',(#761),#7490,.T.);
#7722=ADVANCED_FACE('',(#762),#529,.F.);
#7723=ADVANCED_FACE('',(#763),#7491,.T.);
#7724=ADVANCED_FACE('',(#764),#530,.F.);
#7725=ADVANCED_FACE('',(#765),#531,.F.);
#7726=ADVANCED_FACE('',(#766),#7492,.T.);
#7727=ADVANCED_FACE('',(#767),#532,.F.);
#7728=ADVANCED_FACE('',(#768),#7493,.T.);
#7729=ADVANCED_FACE('',(#769),#533,.F.);
#7730=ADVANCED_FACE('',(#770),#7494,.T.);
#7731=ADVANCED_FACE('',(#771),#534,.F.);
#7732=ADVANCED_FACE('',(#772),#7495,.T.);
#7733=ADVANCED_FACE('',(#773),#535,.F.);
#7734=ADVANCED_FACE('',(#774),#7496,.T.);
#7735=ADVANCED_FACE('',(#775),#536,.F.);
#7736=ADVANCED_FACE('',(#776),#7497,.T.);
#7737=ADVANCED_FACE('',(#777),#537,.F.);
#7738=ADVANCED_FACE('',(#778),#7498,.T.);
#7739=ADVANCED_FACE('',(#779),#538,.F.);
#7740=ADVANCED_FACE('',(#780),#7499,.T.);
#7741=ADVANCED_FACE('',(#781),#539,.F.);
#7742=ADVANCED_FACE('',(#782),#7500,.T.);
#7743=ADVANCED_FACE('',(#783),#540,.F.);
#7744=ADVANCED_FACE('',(#784),#7501,.T.);
#7745=ADVANCED_FACE('',(#785),#541,.F.);
#7746=ADVANCED_FACE('',(#786),#7502,.T.);
#7747=ADVANCED_FACE('',(#787),#542,.F.);
#7748=ADVANCED_FACE('',(#788),#7503,.T.);
#7749=ADVANCED_FACE('',(#789),#543,.F.);
#7750=ADVANCED_FACE('',(#790),#544,.F.);
#7751=ADVANCED_FACE('',(#791),#7504,.T.);
#7752=ADVANCED_FACE('',(#792),#545,.F.);
#7753=ADVANCED_FACE('',(#793),#7505,.T.);
#7754=ADVANCED_FACE('',(#794),#546,.F.);
#7755=ADVANCED_FACE('',(#795),#7506,.T.);
#7756=ADVANCED_FACE('',(#796),#547,.F.);
#7757=ADVANCED_FACE('',(#797),#7507,.T.);
#7758=ADVANCED_FACE('',(#798),#548,.F.);
#7759=ADVANCED_FACE('',(#799),#7508,.T.);
#7760=ADVANCED_FACE('',(#800),#549,.F.);
#7761=ADVANCED_FACE('',(#801),#7509,.T.);
#7762=ADVANCED_FACE('',(#802),#550,.F.);
#7763=ADVANCED_FACE('',(#803),#7510,.T.);
#7764=ADVANCED_FACE('',(#804),#551,.F.);
#7765=ADVANCED_FACE('',(#805),#7511,.T.);
#7766=ADVANCED_FACE('',(#806),#552,.F.);
#7767=ADVANCED_FACE('',(#807),#7512,.T.);
#7768=ADVANCED_FACE('',(#808),#553,.F.);
#7769=ADVANCED_FACE('',(#809),#7513,.T.);
#7770=ADVANCED_FACE('',(#810),#554,.F.);
#7771=ADVANCED_FACE('',(#811),#7514,.T.);
#7772=ADVANCED_FACE('',(#812),#555,.F.);
#7773=ADVANCED_FACE('',(#813),#7515,.T.);
#7774=ADVANCED_FACE('',(#814),#556,.F.);
#7775=ADVANCED_FACE('',(#815),#7516,.T.);
#7776=ADVANCED_FACE('',(#816),#557,.F.);
#7777=ADVANCED_FACE('',(#817),#7517,.T.);
#7778=ADVANCED_FACE('',(#818),#558,.F.);
#7779=ADVANCED_FACE('',(#819),#7518,.T.);
#7780=ADVANCED_FACE('',(#820),#559,.F.);
#7781=ADVANCED_FACE('',(#821),#7519,.T.);
#7782=ADVANCED_FACE('',(#822),#560,.F.);
#7783=ADVANCED_FACE('',(#823),#7520,.T.);
#7784=ADVANCED_FACE('',(#824),#561,.F.);
#7785=ADVANCED_FACE('',(#825),#7521,.T.);
#7786=ADVANCED_FACE('',(#826),#562,.F.);
#7787=ADVANCED_FACE('',(#827),#7522,.T.);
#7788=ADVANCED_FACE('',(#828),#563,.F.);
#7789=ADVANCED_FACE('',(#829),#7523,.T.);
#7790=ADVANCED_FACE('',(#830),#564,.F.);
#7791=ADVANCED_FACE('',(#831),#565,.F.);
#7792=ADVANCED_FACE('',(#832),#566,.F.);
#7793=ADVANCED_FACE('',(#833),#7524,.T.);
#7794=ADVANCED_FACE('',(#834),#567,.F.);
#7795=ADVANCED_FACE('',(#835),#7525,.T.);
#7796=ADVANCED_FACE('',(#836),#568,.F.);
#7797=ADVANCED_FACE('',(#837),#7526,.T.);
#7798=ADVANCED_FACE('',(#838),#569,.F.);
#7799=ADVANCED_FACE('',(#839),#7527,.T.);
#7800=ADVANCED_FACE('',(#840),#570,.F.);
#7801=ADVANCED_FACE('',(#841),#7528,.T.);
#7802=ADVANCED_FACE('',(#842),#571,.F.);
#7803=ADVANCED_FACE('',(#843),#7529,.T.);
#7804=ADVANCED_FACE('',(#844),#572,.F.);
#7805=ADVANCED_FACE('',(#845),#7530,.T.);
#7806=ADVANCED_FACE('',(#846),#573,.F.);
#7807=ADVANCED_FACE('',(#847),#7531,.T.);
#7808=ADVANCED_FACE('',(#848),#574,.F.);
#7809=ADVANCED_FACE('',(#849),#7532,.T.);
#7810=ADVANCED_FACE('',(#850),#575,.F.);
#7811=ADVANCED_FACE('',(#851),#7533,.T.);
#7812=ADVANCED_FACE('',(#852),#576,.F.);
#7813=ADVANCED_FACE('',(#853),#7534,.T.);
#7814=ADVANCED_FACE('',(#854),#577,.F.);
#7815=ADVANCED_FACE('',(#855),#7535,.T.);
#7816=ADVANCED_FACE('',(#856),#578,.F.);
#7817=ADVANCED_FACE('',(#857),#7536,.T.);
#7818=ADVANCED_FACE('',(#858),#579,.F.);
#7819=ADVANCED_FACE('',(#859),#7537,.T.);
#7820=ADVANCED_FACE('',(#860),#580,.F.);
#7821=ADVANCED_FACE('',(#861),#7538,.T.);
#7822=ADVANCED_FACE('',(#862),#581,.F.);
#7823=ADVANCED_FACE('',(#863),#7539,.T.);
#7824=ADVANCED_FACE('',(#864),#582,.F.);
#7825=ADVANCED_FACE('',(#865),#7540,.T.);
#7826=ADVANCED_FACE('',(#866),#583,.F.);
#7827=ADVANCED_FACE('',(#867),#7541,.T.);
#7828=ADVANCED_FACE('',(#868),#584,.F.);
#7829=ADVANCED_FACE('',(#869),#7542,.T.);
#7830=ADVANCED_FACE('',(#870),#585,.F.);
#7831=ADVANCED_FACE('',(#871),#7543,.T.);
#7832=ADVANCED_FACE('',(#872),#586,.F.);
#7833=ADVANCED_FACE('',(#873),#587,.F.);
#7834=ADVANCED_FACE('',(#874),#7544,.T.);
#7835=ADVANCED_FACE('',(#875),#588,.F.);
#7836=ADVANCED_FACE('',(#876),#7545,.T.);
#7837=ADVANCED_FACE('',(#877),#589,.F.);
#7838=ADVANCED_FACE('',(#878),#7546,.T.);
#7839=ADVANCED_FACE('',(#879),#590,.F.);
#7840=ADVANCED_FACE('',(#880),#7547,.T.);
#7841=ADVANCED_FACE('',(#881),#591,.F.);
#7842=ADVANCED_FACE('',(#882),#7548,.T.);
#7843=ADVANCED_FACE('',(#883),#592,.F.);
#7844=ADVANCED_FACE('',(#884),#7549,.T.);
#7845=ADVANCED_FACE('',(#885),#593,.F.);
#7846=ADVANCED_FACE('',(#886),#7550,.T.);
#7847=ADVANCED_FACE('',(#887),#594,.F.);
#7848=ADVANCED_FACE('',(#888),#7551,.T.);
#7849=ADVANCED_FACE('',(#889),#595,.F.);
#7850=ADVANCED_FACE('',(#890),#596,.F.);
#7851=ADVANCED_FACE('',(#891),#7552,.T.);
#7852=ADVANCED_FACE('',(#892),#597,.F.);
#7853=ADVANCED_FACE('',(#893),#7553,.T.);
#7854=ADVANCED_FACE('',(#894),#598,.F.);
#7855=ADVANCED_FACE('',(#895),#7554,.T.);
#7856=ADVANCED_FACE('',(#896),#599,.F.);
#7857=ADVANCED_FACE('',(#897),#7555,.T.);
#7858=ADVANCED_FACE('',(#898),#600,.F.);
#7859=ADVANCED_FACE('',(#899),#7556,.T.);
#7860=ADVANCED_FACE('',(#900),#601,.F.);
#7861=ADVANCED_FACE('',(#901),#7557,.T.);
#7862=ADVANCED_FACE('',(#902),#602,.F.);
#7863=ADVANCED_FACE('',(#903),#7558,.T.);
#7864=ADVANCED_FACE('',(#904),#603,.F.);
#7865=ADVANCED_FACE('',(#905),#7559,.T.);
#7866=ADVANCED_FACE('',(#906),#604,.F.);
#7867=ADVANCED_FACE('',(#907),#7560,.T.);
#7868=ADVANCED_FACE('',(#908),#605,.F.);
#7869=ADVANCED_FACE('',(#909),#7561,.T.);
#7870=ADVANCED_FACE('',(#910),#606,.F.);
#7871=ADVANCED_FACE('',(#911),#7562,.T.);
#7872=ADVANCED_FACE('',(#912),#607,.F.);
#7873=ADVANCED_FACE('',(#913),#7563,.T.);
#7874=ADVANCED_FACE('',(#914),#608,.F.);
#7875=ADVANCED_FACE('',(#915),#7564,.T.);
#7876=ADVANCED_FACE('',(#916),#609,.F.);
#7877=ADVANCED_FACE('',(#917),#7565,.T.);
#7878=ADVANCED_FACE('',(#918),#610,.F.);
#7879=ADVANCED_FACE('',(#919),#7566,.T.);
#7880=ADVANCED_FACE('',(#920),#611,.F.);
#7881=ADVANCED_FACE('',(#921),#7567,.T.);
#7882=ADVANCED_FACE('',(#922),#612,.F.);
#7883=ADVANCED_FACE('',(#923),#7568,.T.);
#7884=ADVANCED_FACE('',(#924),#613,.F.);
#7885=ADVANCED_FACE('',(#925),#7569,.T.);
#7886=ADVANCED_FACE('',(#926),#614,.F.);
#7887=ADVANCED_FACE('',(#927),#7570,.T.);
#7888=ADVANCED_FACE('',(#928),#615,.F.);
#7889=ADVANCED_FACE('',(#929),#7571,.T.);
#7890=ADVANCED_FACE('',(#930),#616,.F.);
#7891=ADVANCED_FACE('',(#931),#7572,.T.);
#7892=ADVANCED_FACE('',(#932),#617,.F.);
#7893=ADVANCED_FACE('',(#933),#7573,.T.);
#7894=ADVANCED_FACE('',(#934),#618,.F.);
#7895=ADVANCED_FACE('',(#935),#7574,.T.);
#7896=ADVANCED_FACE('',(#936),#619,.F.);
#7897=ADVANCED_FACE('',(#937),#7575,.T.);
#7898=ADVANCED_FACE('',(#938),#620,.F.);
#7899=ADVANCED_FACE('',(#939),#621,.F.);
#7900=ADVANCED_FACE('',(#940),#7576,.T.);
#7901=ADVANCED_FACE('',(#941),#622,.F.);
#7902=ADVANCED_FACE('',(#942),#7577,.T.);
#7903=ADVANCED_FACE('',(#943),#623,.F.);
#7904=ADVANCED_FACE('',(#944),#7578,.T.);
#7905=ADVANCED_FACE('',(#945),#624,.F.);
#7906=ADVANCED_FACE('',(#946),#7579,.T.);
#7907=ADVANCED_FACE('',(#947),#625,.F.);
#7908=ADVANCED_FACE('',(#948),#7580,.T.);
#7909=ADVANCED_FACE('',(#949),#626,.F.);
#7910=ADVANCED_FACE('',(#950),#7581,.T.);
#7911=ADVANCED_FACE('',(#951),#627,.F.);
#7912=ADVANCED_FACE('',(#952),#7582,.T.);
#7913=ADVANCED_FACE('',(#953),#628,.F.);
#7914=ADVANCED_FACE('',(#954),#7583,.T.);
#7915=ADVANCED_FACE('',(#955),#629,.F.);
#7916=ADVANCED_FACE('',(#956),#7584,.T.);
#7917=ADVANCED_FACE('',(#957),#630,.F.);
#7918=ADVANCED_FACE('',(#958),#7585,.T.);
#7919=ADVANCED_FACE('',(#959),#631,.F.);
#7920=ADVANCED_FACE('',(#960),#7586,.T.);
#7921=ADVANCED_FACE('',(#961),#632,.F.);
#7922=ADVANCED_FACE('',(#962),#7587,.T.);
#7923=ADVANCED_FACE('',(#963),#633,.F.);
#7924=ADVANCED_FACE('',(#964),#7588,.T.);
#7925=ADVANCED_FACE('',(#965),#634,.F.);
#7926=ADVANCED_FACE('',(#966),#7589,.T.);
#7927=ADVANCED_FACE('',(#967),#635,.F.);
#7928=ADVANCED_FACE('',(#968),#7590,.T.);
#7929=ADVANCED_FACE('',(#969),#636,.F.);
#7930=ADVANCED_FACE('',(#970),#7591,.T.);
#7931=ADVANCED_FACE('',(#971),#637,.F.);
#7932=ADVANCED_FACE('',(#972),#7592,.T.);
#7933=ADVANCED_FACE('',(#973),#638,.F.);
#7934=ADVANCED_FACE('',(#974),#7593,.T.);
#7935=ADVANCED_FACE('',(#975),#639,.F.);
#7936=ADVANCED_FACE('',(#976),#7594,.T.);
#7937=ADVANCED_FACE('',(#977),#640,.F.);
#7938=ADVANCED_FACE('',(#978),#7595,.T.);
#7939=ADVANCED_FACE('',(#979),#641,.F.);
#7940=ADVANCED_FACE('',(#980),#642,.F.);
#7941=ADVANCED_FACE('',(#981),#7596,.T.);
#7942=ADVANCED_FACE('',(#982),#643,.F.);
#7943=ADVANCED_FACE('',(#983),#7597,.T.);
#7944=ADVANCED_FACE('',(#984),#644,.F.);
#7945=ADVANCED_FACE('',(#985),#7598,.T.);
#7946=ADVANCED_FACE('',(#986),#645,.F.);
#7947=ADVANCED_FACE('',(#987),#7599,.T.);
#7948=ADVANCED_FACE('',(#988),#646,.F.);
#7949=ADVANCED_FACE('',(#989),#7600,.T.);
#7950=ADVANCED_FACE('',(#990),#647,.F.);
#7951=ADVANCED_FACE('',(#991),#7601,.T.);
#7952=ADVANCED_FACE('',(#992),#648,.F.);
#7953=ADVANCED_FACE('',(#993),#7602,.T.);
#7954=ADVANCED_FACE('',(#994),#649,.F.);
#7955=ADVANCED_FACE('',(#995),#7603,.T.);
#7956=ADVANCED_FACE('',(#996),#650,.F.);
#7957=ADVANCED_FACE('',(#997),#7604,.T.);
#7958=ADVANCED_FACE('',(#998),#651,.F.);
#7959=ADVANCED_FACE('',(#999),#7605,.T.);
#7960=ADVANCED_FACE('',(#1000),#652,.F.);
#7961=ADVANCED_FACE('',(#1001),#7606,.T.);
#7962=ADVANCED_FACE('',(#1002),#653,.F.);
#7963=ADVANCED_FACE('',(#1003),#7607,.T.);
#7964=ADVANCED_FACE('',(#1004),#654,.F.);
#7965=ADVANCED_FACE('',(#1005),#7608,.T.);
#7966=ADVANCED_FACE('',(#1006),#655,.F.);
#7967=ADVANCED_FACE('',(#1007),#7609,.T.);
#7968=ADVANCED_FACE('',(#1008),#656,.F.);
#7969=ADVANCED_FACE('',(#1009),#7610,.T.);
#7970=ADVANCED_FACE('',(#1010),#7611,.T.);
#7971=ADVANCED_FACE('',(#1011),#7612,.T.);
#7972=ADVANCED_FACE('',(#1012),#657,.F.);
#7973=ADVANCED_FACE('',(#1013),#7613,.T.);
#7974=ADVANCED_FACE('',(#1014),#658,.F.);
#7975=ADVANCED_FACE('',(#1015),#7614,.T.);
#7976=ADVANCED_FACE('',(#1016),#659,.F.);
#7977=ADVANCED_FACE('',(#1017),#7615,.T.);
#7978=ADVANCED_FACE('',(#1018),#660,.F.);
#7979=ADVANCED_FACE('',(#1019),#7616,.T.);
#7980=ADVANCED_FACE('',(#1020),#661,.F.);
#7981=ADVANCED_FACE('',(#1021),#7617,.T.);
#7982=ADVANCED_FACE('',(#1022),#662,.F.);
#7983=ADVANCED_FACE('',(#1023),#7618,.T.);
#7984=ADVANCED_FACE('',(#1024),#663,.F.);
#7985=ADVANCED_FACE('',(#1025),#7619,.T.);
#7986=ADVANCED_FACE('',(#1026),#664,.F.);
#7987=ADVANCED_FACE('',(#1027),#7620,.T.);
#7988=ADVANCED_FACE('',(#1028),#665,.F.);
#7989=ADVANCED_FACE('',(#1029),#7621,.T.);
#7990=ADVANCED_FACE('',(#1030),#666,.F.);
#7991=ADVANCED_FACE('',(#1031),#7622,.T.);
#7992=ADVANCED_FACE('',(#1032),#667,.F.);
#7993=ADVANCED_FACE('',(#1033),#7623,.T.);
#7994=ADVANCED_FACE('',(#1034),#668,.F.);
#7995=ADVANCED_FACE('',(#1035),#7624,.T.);
#7996=ADVANCED_FACE('',(#1036),#669,.F.);
#7997=ADVANCED_FACE('',(#1037),#7625,.T.);
#7998=ADVANCED_FACE('',(#1038),#670,.F.);
#7999=ADVANCED_FACE('',(#1039),#7626,.T.);
#8000=ADVANCED_FACE('',(#1040),#671,.F.);
#8001=ADVANCED_FACE('',(#1041),#7627,.T.);
#8002=ADVANCED_FACE('',(#1042),#672,.F.);
#8003=ADVANCED_FACE('',(#1043),#7628,.T.);
#8004=ADVANCED_FACE('',(#1044),#673,.F.);
#8005=ADVANCED_FACE('',(#1045),#7629,.T.);
#8006=ADVANCED_FACE('',(#1046),#674,.F.);
#8007=ADVANCED_FACE('',(#1047),#7630,.T.);
#8008=ADVANCED_FACE('',(#1048),#675,.F.);
#8009=ADVANCED_FACE('',(#1049),#7631,.T.);
#8010=ADVANCED_FACE('',(#1050),#676,.F.);
#8011=ADVANCED_FACE('',(#1051),#7632,.T.);
#8012=ADVANCED_FACE('',(#1052),#677,.F.);
#8013=ADVANCED_FACE('',(#1053),#7633,.T.);
#8014=ADVANCED_FACE('',(#1054),#678,.F.);
#8015=ADVANCED_FACE('',(#1055),#7634,.T.);
#8016=ADVANCED_FACE('',(#1056),#679,.F.);
#8017=ADVANCED_FACE('',(#1057),#7635,.T.);
#8018=ADVANCED_FACE('',(#1058),#680,.F.);
#8019=ADVANCED_FACE('',(#1059),#7636,.T.);
#8020=ADVANCED_FACE('',(#1060),#681,.F.);
#8021=ADVANCED_FACE('',(#1061),#7637,.T.);
#8022=ADVANCED_FACE('',(#1062),#682,.F.);
#8023=ADVANCED_FACE('',(#1063),#7638,.T.);
#8024=ADVANCED_FACE('',(#1064),#683,.F.);
#8025=ADVANCED_FACE('',(#1065),#7639,.T.);
#8026=ADVANCED_FACE('',(#1066),#684,.F.);
#8027=ADVANCED_FACE('',(#1067),#7640,.T.);
#8028=ADVANCED_FACE('',(#1068),#685,.F.);
#8029=ADVANCED_FACE('',(#1069),#7641,.T.);
#8030=ADVANCED_FACE('',(#1070),#686,.F.);
#8031=ADVANCED_FACE('',(#1071),#7642,.T.);
#8032=ADVANCED_FACE('',(#1072),#687,.F.);
#8033=ADVANCED_FACE('',(#1073),#7643,.T.);
#8034=ADVANCED_FACE('',(#1074),#688,.F.);
#8035=ADVANCED_FACE('',(#1075),#7644,.T.);
#8036=ADVANCED_FACE('',(#1076),#689,.F.);
#8037=ADVANCED_FACE('',(#1077),#7645,.T.);
#8038=ADVANCED_FACE('',(#1078),#690,.F.);
#8039=ADVANCED_FACE('',(#1079),#7646,.T.);
#8040=ADVANCED_FACE('',(#1080),#691,.F.);
#8041=ADVANCED_FACE('',(#1081),#7647,.T.);
#8042=ADVANCED_FACE('',(#1082),#692,.F.);
#8043=ADVANCED_FACE('',(#1083),#7648,.T.);
#8044=ADVANCED_FACE('',(#1084),#7649,.T.);
#8045=ADVANCED_FACE('',(#1085),#7650,.T.);
#8046=ADVANCED_FACE('',(#1086,#15,#16,#17,#18,#19,#20,#21,#22,#23,#24,#25,
#26,#27,#28,#29,#30,#31,#32,#33,#34,#35,#36,#37,#38,#39,#40,#41,#42,#43,
#44,#45,#46,#47,#48,#49,#50,#51,#52,#53,#54,#55,#56),#7651,.T.);
#8047=ADVANCED_FACE('',(#1087,#57,#58,#59,#60,#61,#62,#63,#64,#65,#66,#67,
#68,#69,#70,#71,#72,#73,#74,#75,#76,#77,#78,#79,#80,#81,#82,#83,#84,#85,
#86,#87,#88,#89,#90,#91,#92,#93,#94,#95,#96,#97,#98),#7652,.F.);
#8048=CLOSED_SHELL('',(#7653,#7654,#7655,#7656,#7657,#7658,#7659,#7660,
#7661,#7662,#7663,#7664,#7665,#7666,#7667,#7668,#7669,#7670,#7671,#7672,
#7673,#7674,#7675,#7676,#7677,#7678,#7679,#7680,#7681,#7682,#7683,#7684,
#7685,#7686,#7687,#7688,#7689,#7690,#7691,#7692,#7693,#7694,#7695,#7696,
#7697,#7698,#7699,#7700,#7701,#7702,#7703,#7704,#7705,#7706,#7707,#7708,
#7709,#7710,#7711,#7712,#7713,#7714,#7715,#7716,#7717,#7718,#7719,#7720,
#7721,#7722,#7723,#7724,#7725,#7726,#7727,#7728,#7729,#7730,#7731,#7732,
#7733,#7734,#7735,#7736,#7737,#7738,#7739,#7740,#7741,#7742,#7743,#7744,
#7745,#7746,#7747,#7748,#7749,#7750,#7751,#7752,#7753,#7754,#7755,#7756,
#7757,#7758,#7759,#7760,#7761,#7762,#7763,#7764,#7765,#7766,#7767,#7768,
#7769,#7770,#7771,#7772,#7773,#7774,#7775,#7776,#7777,#7778,#7779,#7780,
#7781,#7782,#7783,#7784,#7785,#7786,#7787,#7788,#7789,#7790,#7791,#7792,
#7793,#7794,#7795,#7796,#7797,#7798,#7799,#7800,#7801,#7802,#7803,#7804,
#7805,#7806,#7807,#7808,#7809,#7810,#7811,#7812,#7813,#7814,#7815,#7816,
#7817,#7818,#7819,#7820,#7821,#7822,#7823,#7824,#7825,#7826,#7827,#7828,
#7829,#7830,#7831,#7832,#7833,#7834,#7835,#7836,#7837,#7838,#7839,#7840,
#7841,#7842,#7843,#7844,#7845,#7846,#7847,#7848,#7849,#7850,#7851,#7852,
#7853,#7854,#7855,#7856,#7857,#7858,#7859,#7860,#7861,#7862,#7863,#7864,
#7865,#7866,#7867,#7868,#7869,#7870,#7871,#7872,#7873,#7874,#7875,#7876,
#7877,#7878,#7879,#7880,#7881,#7882,#7883,#7884,#7885,#7886,#7887,#7888,
#7889,#7890,#7891,#7892,#7893,#7894,#7895,#7896,#7897,#7898,#7899,#7900,
#7901,#7902,#7903,#7904,#7905,#7906,#7907,#7908,#7909,#7910,#7911,#7912,
#7913,#7914,#7915,#7916,#7917,#7918,#7919,#7920,#7921,#7922,#7923,#7924,
#7925,#7926,#7927,#7928,#7929,#7930,#7931,#7932,#7933,#7934,#7935,#7936,
#7937,#7938,#7939,#7940,#7941,#7942,#7943,#7944,#7945,#7946,#7947,#7948,
#7949,#7950,#7951,#7952,#7953,#7954,#7955,#7956,#7957,#7958,#7959,#7960,
#7961,#7962,#7963,#7964,#7965,#7966,#7967,#7968,#7969,#7970,#7971,#7972,
#7973,#7974,#7975,#7976,#7977,#7978,#7979,#7980,#7981,#7982,#7983,#7984,
#7985,#7986,#7987,#7988,#7989,#7990,#7991,#7992,#7993,#7994,#7995,#7996,
#7997,#7998,#7999,#8000,#8001,#8002,#8003,#8004,#8005,#8006,#8007,#8008,
#8009,#8010,#8011,#8012,#8013,#8014,#8015,#8016,#8017,#8018,#8019,#8020,
#8021,#8022,#8023,#8024,#8025,#8026,#8027,#8028,#8029,#8030,#8031,#8032,
#8033,#8034,#8035,#8036,#8037,#8038,#8039,#8040,#8041,#8042,#8043,#8044,
#8045,#8046,#8047));
#8049=AXIS2_PLACEMENT_3D('',#11208,#8841,#8842);
#8050=AXIS2_PLACEMENT_3D('',#11209,#8843,#8844);
#8051=AXIS2_PLACEMENT_3D('',#11218,#8849,#8850);
#8052=AXIS2_PLACEMENT_3D('',#11220,#8851,#8852);
#8053=AXIS2_PLACEMENT_3D('',#11222,#8853,#8854);
#8054=AXIS2_PLACEMENT_3D('',#11224,#8856,#8857);
#8055=AXIS2_PLACEMENT_3D('',#11230,#8861,#8862);
#8056=AXIS2_PLACEMENT_3D('',#11232,#8863,#8864);
#8057=AXIS2_PLACEMENT_3D('',#11234,#8865,#8866);
#8058=AXIS2_PLACEMENT_3D('',#11236,#8868,#8869);
#8059=AXIS2_PLACEMENT_3D('',#11242,#8873,#8874);
#8060=AXIS2_PLACEMENT_3D('',#11244,#8875,#8876);
#8061=AXIS2_PLACEMENT_3D('',#11246,#8877,#8878);
#8062=AXIS2_PLACEMENT_3D('',#11248,#8880,#8881);
#8063=AXIS2_PLACEMENT_3D('',#11254,#8885,#8886);
#8064=AXIS2_PLACEMENT_3D('',#11255,#8887,#8888);
#8065=AXIS2_PLACEMENT_3D('',#11256,#8889,#8890);
#8066=AXIS2_PLACEMENT_3D('',#11257,#8891,#8892);
#8067=AXIS2_PLACEMENT_3D('',#11260,#8893,#8894);
#8068=AXIS2_PLACEMENT_3D('',#11264,#8896,#8897);
#8069=AXIS2_PLACEMENT_3D('',#11266,#8899,#8900);
#8070=AXIS2_PLACEMENT_3D('',#11272,#8904,#8905);
#8071=AXIS2_PLACEMENT_3D('',#11274,#8906,#8907);
#8072=AXIS2_PLACEMENT_3D('',#11276,#8908,#8909);
#8073=AXIS2_PLACEMENT_3D('',#11278,#8911,#8912);
#8074=AXIS2_PLACEMENT_3D('',#11284,#8916,#8917);
#8075=AXIS2_PLACEMENT_3D('',#11286,#8918,#8919);
#8076=AXIS2_PLACEMENT_3D('',#11288,#8920,#8921);
#8077=AXIS2_PLACEMENT_3D('',#11290,#8923,#8924);
#8078=AXIS2_PLACEMENT_3D('',#11296,#8928,#8929);
#8079=AXIS2_PLACEMENT_3D('',#11298,#8930,#8931);
#8080=AXIS2_PLACEMENT_3D('',#11300,#8932,#8933);
#8081=AXIS2_PLACEMENT_3D('',#11302,#8935,#8936);
#8082=AXIS2_PLACEMENT_3D('',#11305,#8939,#8940);
#8083=AXIS2_PLACEMENT_3D('',#11314,#8945,#8946);
#8084=AXIS2_PLACEMENT_3D('',#11316,#8947,#8948);
#8085=AXIS2_PLACEMENT_3D('',#11318,#8949,#8950);
#8086=AXIS2_PLACEMENT_3D('',#11320,#8952,#8953);
#8087=AXIS2_PLACEMENT_3D('',#11326,#8957,#8958);
#8088=AXIS2_PLACEMENT_3D('',#11328,#8959,#8960);
#8089=AXIS2_PLACEMENT_3D('',#11330,#8961,#8962);
#8090=AXIS2_PLACEMENT_3D('',#11332,#8964,#8965);
#8091=AXIS2_PLACEMENT_3D('',#11338,#8969,#8970);
#8092=AXIS2_PLACEMENT_3D('',#11340,#8971,#8972);
#8093=AXIS2_PLACEMENT_3D('',#11342,#8973,#8974);
#8094=AXIS2_PLACEMENT_3D('',#11344,#8976,#8977);
#8095=AXIS2_PLACEMENT_3D('',#11350,#8981,#8982);
#8096=AXIS2_PLACEMENT_3D('',#11351,#8983,#8984);
#8097=AXIS2_PLACEMENT_3D('',#11352,#8985,#8986);
#8098=AXIS2_PLACEMENT_3D('',#11353,#8987,#8988);
#8099=AXIS2_PLACEMENT_3D('',#11362,#8993,#8994);
#8100=AXIS2_PLACEMENT_3D('',#11364,#8995,#8996);
#8101=AXIS2_PLACEMENT_3D('',#11366,#8997,#8998);
#8102=AXIS2_PLACEMENT_3D('',#11368,#9000,#9001);
#8103=AXIS2_PLACEMENT_3D('',#11374,#9005,#9006);
#8104=AXIS2_PLACEMENT_3D('',#11376,#9007,#9008);
#8105=AXIS2_PLACEMENT_3D('',#11378,#9009,#9010);
#8106=AXIS2_PLACEMENT_3D('',#11380,#9012,#9013);
#8107=AXIS2_PLACEMENT_3D('',#11386,#9017,#9018);
#8108=AXIS2_PLACEMENT_3D('',#11388,#9019,#9020);
#8109=AXIS2_PLACEMENT_3D('',#11390,#9021,#9022);
#8110=AXIS2_PLACEMENT_3D('',#11392,#9024,#9025);
#8111=AXIS2_PLACEMENT_3D('',#11398,#9029,#9030);
#8112=AXIS2_PLACEMENT_3D('',#11399,#9031,#9032);
#8113=AXIS2_PLACEMENT_3D('',#11400,#9033,#9034);
#8114=AXIS2_PLACEMENT_3D('',#11401,#9035,#9036);
#8115=AXIS2_PLACEMENT_3D('',#11410,#9041,#9042);
#8116=AXIS2_PLACEMENT_3D('',#11412,#9043,#9044);
#8117=AXIS2_PLACEMENT_3D('',#11414,#9045,#9046);
#8118=AXIS2_PLACEMENT_3D('',#11416,#9048,#9049);
#8119=AXIS2_PLACEMENT_3D('',#11422,#9053,#9054);
#8120=AXIS2_PLACEMENT_3D('',#11424,#9055,#9056);
#8121=AXIS2_PLACEMENT_3D('',#11426,#9057,#9058);
#8122=AXIS2_PLACEMENT_3D('',#11428,#9060,#9061);
#8123=AXIS2_PLACEMENT_3D('',#11434,#9065,#9066);
#8124=AXIS2_PLACEMENT_3D('',#11436,#9067,#9068);
#8125=AXIS2_PLACEMENT_3D('',#11438,#9069,#9070);
#8126=AXIS2_PLACEMENT_3D('',#11440,#9072,#9073);
#8127=AXIS2_PLACEMENT_3D('',#11446,#9077,#9078);
#8128=AXIS2_PLACEMENT_3D('',#11447,#9079,#9080);
#8129=AXIS2_PLACEMENT_3D('',#11448,#9081,#9082);
#8130=AXIS2_PLACEMENT_3D('',#11449,#9083,#9084);
#8131=AXIS2_PLACEMENT_3D('',#11458,#9089,#9090);
#8132=AXIS2_PLACEMENT_3D('',#11460,#9091,#9092);
#8133=AXIS2_PLACEMENT_3D('',#11462,#9093,#9094);
#8134=AXIS2_PLACEMENT_3D('',#11464,#9096,#9097);
#8135=AXIS2_PLACEMENT_3D('',#11470,#9101,#9102);
#8136=AXIS2_PLACEMENT_3D('',#11472,#9103,#9104);
#8137=AXIS2_PLACEMENT_3D('',#11474,#9105,#9106);
#8138=AXIS2_PLACEMENT_3D('',#11476,#9108,#9109);
#8139=AXIS2_PLACEMENT_3D('',#11482,#9113,#9114);
#8140=AXIS2_PLACEMENT_3D('',#11484,#9115,#9116);
#8141=AXIS2_PLACEMENT_3D('',#11486,#9117,#9118);
#8142=AXIS2_PLACEMENT_3D('',#11488,#9120,#9121);
#8143=AXIS2_PLACEMENT_3D('',#11494,#9125,#9126);
#8144=AXIS2_PLACEMENT_3D('',#11495,#9127,#9128);
#8145=AXIS2_PLACEMENT_3D('',#11496,#9129,#9130);
#8146=AXIS2_PLACEMENT_3D('',#11497,#9131,#9132);
#8147=AXIS2_PLACEMENT_3D('',#11506,#9137,#9138);
#8148=AXIS2_PLACEMENT_3D('',#11508,#9139,#9140);
#8149=AXIS2_PLACEMENT_3D('',#11510,#9141,#9142);
#8150=AXIS2_PLACEMENT_3D('',#11512,#9144,#9145);
#8151=AXIS2_PLACEMENT_3D('',#11518,#9149,#9150);
#8152=AXIS2_PLACEMENT_3D('',#11520,#9151,#9152);
#8153=AXIS2_PLACEMENT_3D('',#11522,#9153,#9154);
#8154=AXIS2_PLACEMENT_3D('',#11524,#9156,#9157);
#8155=AXIS2_PLACEMENT_3D('',#11530,#9161,#9162);
#8156=AXIS2_PLACEMENT_3D('',#11532,#9163,#9164);
#8157=AXIS2_PLACEMENT_3D('',#11534,#9165,#9166);
#8158=AXIS2_PLACEMENT_3D('',#11536,#9168,#9169);
#8159=AXIS2_PLACEMENT_3D('',#11542,#9173,#9174);
#8160=AXIS2_PLACEMENT_3D('',#11543,#9175,#9176);
#8161=AXIS2_PLACEMENT_3D('',#11544,#9177,#9178);
#8162=AXIS2_PLACEMENT_3D('',#11545,#9179,#9180);
#8163=AXIS2_PLACEMENT_3D('',#11554,#9185,#9186);
#8164=AXIS2_PLACEMENT_3D('',#11556,#9187,#9188);
#8165=AXIS2_PLACEMENT_3D('',#11558,#9189,#9190);
#8166=AXIS2_PLACEMENT_3D('',#11560,#9192,#9193);
#8167=AXIS2_PLACEMENT_3D('',#11566,#9197,#9198);
#8168=AXIS2_PLACEMENT_3D('',#11568,#9199,#9200);
#8169=AXIS2_PLACEMENT_3D('',#11570,#9201,#9202);
#8170=AXIS2_PLACEMENT_3D('',#11572,#9204,#9205);
#8171=AXIS2_PLACEMENT_3D('',#11578,#9209,#9210);
#8172=AXIS2_PLACEMENT_3D('',#11580,#9211,#9212);
#8173=AXIS2_PLACEMENT_3D('',#11582,#9213,#9214);
#8174=AXIS2_PLACEMENT_3D('',#11584,#9216,#9217);
#8175=AXIS2_PLACEMENT_3D('',#11590,#9221,#9222);
#8176=AXIS2_PLACEMENT_3D('',#11591,#9223,#9224);
#8177=AXIS2_PLACEMENT_3D('',#11592,#9225,#9226);
#8178=AXIS2_PLACEMENT_3D('',#11593,#9227,#9228);
#8179=AXIS2_PLACEMENT_3D('',#11602,#9233,#9234);
#8180=AXIS2_PLACEMENT_3D('',#11604,#9235,#9236);
#8181=AXIS2_PLACEMENT_3D('',#11606,#9237,#9238);
#8182=AXIS2_PLACEMENT_3D('',#11608,#9240,#9241);
#8183=AXIS2_PLACEMENT_3D('',#11614,#9245,#9246);
#8184=AXIS2_PLACEMENT_3D('',#11616,#9247,#9248);
#8185=AXIS2_PLACEMENT_3D('',#11618,#9249,#9250);
#8186=AXIS2_PLACEMENT_3D('',#11620,#9252,#9253);
#8187=AXIS2_PLACEMENT_3D('',#11626,#9257,#9258);
#8188=AXIS2_PLACEMENT_3D('',#11628,#9259,#9260);
#8189=AXIS2_PLACEMENT_3D('',#11630,#9261,#9262);
#8190=AXIS2_PLACEMENT_3D('',#11632,#9264,#9265);
#8191=AXIS2_PLACEMENT_3D('',#11638,#9269,#9270);
#8192=AXIS2_PLACEMENT_3D('',#11639,#9271,#9272);
#8193=AXIS2_PLACEMENT_3D('',#11640,#9273,#9274);
#8194=AXIS2_PLACEMENT_3D('',#11641,#9275,#9276);
#8195=AXIS2_PLACEMENT_3D('',#11643,#9277,#9278);
#8196=AXIS2_PLACEMENT_3D('',#11646,#9280,#9281);
#8197=AXIS2_PLACEMENT_3D('',#11647,#9282,#9283);
#8198=AXIS2_PLACEMENT_3D('',#11656,#9288,#9289);
#8199=AXIS2_PLACEMENT_3D('',#11658,#9290,#9291);
#8200=AXIS2_PLACEMENT_3D('',#11660,#9292,#9293);
#8201=AXIS2_PLACEMENT_3D('',#11662,#9295,#9296);
#8202=AXIS2_PLACEMENT_3D('',#11668,#9300,#9301);
#8203=AXIS2_PLACEMENT_3D('',#11670,#9302,#9303);
#8204=AXIS2_PLACEMENT_3D('',#11672,#9304,#9305);
#8205=AXIS2_PLACEMENT_3D('',#11674,#9307,#9308);
#8206=AXIS2_PLACEMENT_3D('',#11680,#9312,#9313);
#8207=AXIS2_PLACEMENT_3D('',#11682,#9314,#9315);
#8208=AXIS2_PLACEMENT_3D('',#11684,#9316,#9317);
#8209=AXIS2_PLACEMENT_3D('',#11686,#9319,#9320);
#8210=AXIS2_PLACEMENT_3D('',#11692,#9324,#9325);
#8211=AXIS2_PLACEMENT_3D('',#11693,#9326,#9327);
#8212=AXIS2_PLACEMENT_3D('',#11694,#9328,#9329);
#8213=AXIS2_PLACEMENT_3D('',#11695,#9330,#9331);
#8214=AXIS2_PLACEMENT_3D('',#11704,#9336,#9337);
#8215=AXIS2_PLACEMENT_3D('',#11706,#9338,#9339);
#8216=AXIS2_PLACEMENT_3D('',#11708,#9340,#9341);
#8217=AXIS2_PLACEMENT_3D('',#11710,#9343,#9344);
#8218=AXIS2_PLACEMENT_3D('',#11716,#9348,#9349);
#8219=AXIS2_PLACEMENT_3D('',#11718,#9350,#9351);
#8220=AXIS2_PLACEMENT_3D('',#11720,#9352,#9353);
#8221=AXIS2_PLACEMENT_3D('',#11722,#9355,#9356);
#8222=AXIS2_PLACEMENT_3D('',#11728,#9360,#9361);
#8223=AXIS2_PLACEMENT_3D('',#11730,#9362,#9363);
#8224=AXIS2_PLACEMENT_3D('',#11732,#9364,#9365);
#8225=AXIS2_PLACEMENT_3D('',#11734,#9367,#9368);
#8226=AXIS2_PLACEMENT_3D('',#11740,#9372,#9373);
#8227=AXIS2_PLACEMENT_3D('',#11741,#9374,#9375);
#8228=AXIS2_PLACEMENT_3D('',#11742,#9376,#9377);
#8229=AXIS2_PLACEMENT_3D('',#11743,#9378,#9379);
#8230=AXIS2_PLACEMENT_3D('',#11752,#9384,#9385);
#8231=AXIS2_PLACEMENT_3D('',#11754,#9386,#9387);
#8232=AXIS2_PLACEMENT_3D('',#11756,#9388,#9389);
#8233=AXIS2_PLACEMENT_3D('',#11758,#9391,#9392);
#8234=AXIS2_PLACEMENT_3D('',#11764,#9396,#9397);
#8235=AXIS2_PLACEMENT_3D('',#11766,#9398,#9399);
#8236=AXIS2_PLACEMENT_3D('',#11768,#9400,#9401);
#8237=AXIS2_PLACEMENT_3D('',#11770,#9403,#9404);
#8238=AXIS2_PLACEMENT_3D('',#11776,#9408,#9409);
#8239=AXIS2_PLACEMENT_3D('',#11778,#9410,#9411);
#8240=AXIS2_PLACEMENT_3D('',#11780,#9412,#9413);
#8241=AXIS2_PLACEMENT_3D('',#11782,#9415,#9416);
#8242=AXIS2_PLACEMENT_3D('',#11788,#9420,#9421);
#8243=AXIS2_PLACEMENT_3D('',#11789,#9422,#9423);
#8244=AXIS2_PLACEMENT_3D('',#11790,#9424,#9425);
#8245=AXIS2_PLACEMENT_3D('',#11791,#9426,#9427);
#8246=AXIS2_PLACEMENT_3D('',#11793,#9428,#9429);
#8247=AXIS2_PLACEMENT_3D('',#11796,#9431,#9432);
#8248=AXIS2_PLACEMENT_3D('',#11797,#9433,#9434);
#8249=AXIS2_PLACEMENT_3D('',#11806,#9439,#9440);
#8250=AXIS2_PLACEMENT_3D('',#11808,#9441,#9442);
#8251=AXIS2_PLACEMENT_3D('',#11810,#9443,#9444);
#8252=AXIS2_PLACEMENT_3D('',#11812,#9446,#9447);
#8253=AXIS2_PLACEMENT_3D('',#11818,#9451,#9452);
#8254=AXIS2_PLACEMENT_3D('',#11820,#9453,#9454);
#8255=AXIS2_PLACEMENT_3D('',#11822,#9455,#9456);
#8256=AXIS2_PLACEMENT_3D('',#11824,#9458,#9459);
#8257=AXIS2_PLACEMENT_3D('',#11830,#9463,#9464);
#8258=AXIS2_PLACEMENT_3D('',#11832,#9465,#9466);
#8259=AXIS2_PLACEMENT_3D('',#11834,#9467,#9468);
#8260=AXIS2_PLACEMENT_3D('',#11836,#9470,#9471);
#8261=AXIS2_PLACEMENT_3D('',#11842,#9475,#9476);
#8262=AXIS2_PLACEMENT_3D('',#11843,#9477,#9478);
#8263=AXIS2_PLACEMENT_3D('',#11844,#9479,#9480);
#8264=AXIS2_PLACEMENT_3D('',#11845,#9481,#9482);
#8265=AXIS2_PLACEMENT_3D('',#11854,#9487,#9488);
#8266=AXIS2_PLACEMENT_3D('',#11856,#9489,#9490);
#8267=AXIS2_PLACEMENT_3D('',#11858,#9491,#9492);
#8268=AXIS2_PLACEMENT_3D('',#11860,#9494,#9495);
#8269=AXIS2_PLACEMENT_3D('',#11866,#9499,#9500);
#8270=AXIS2_PLACEMENT_3D('',#11868,#9501,#9502);
#8271=AXIS2_PLACEMENT_3D('',#11870,#9503,#9504);
#8272=AXIS2_PLACEMENT_3D('',#11872,#9506,#9507);
#8273=AXIS2_PLACEMENT_3D('',#11878,#9511,#9512);
#8274=AXIS2_PLACEMENT_3D('',#11880,#9513,#9514);
#8275=AXIS2_PLACEMENT_3D('',#11882,#9515,#9516);
#8276=AXIS2_PLACEMENT_3D('',#11884,#9518,#9519);
#8277=AXIS2_PLACEMENT_3D('',#11890,#9523,#9524);
#8278=AXIS2_PLACEMENT_3D('',#11891,#9525,#9526);
#8279=AXIS2_PLACEMENT_3D('',#11892,#9527,#9528);
#8280=AXIS2_PLACEMENT_3D('',#11893,#9529,#9530);
#8281=AXIS2_PLACEMENT_3D('',#11902,#9535,#9536);
#8282=AXIS2_PLACEMENT_3D('',#11904,#9537,#9538);
#8283=AXIS2_PLACEMENT_3D('',#11906,#9539,#9540);
#8284=AXIS2_PLACEMENT_3D('',#11908,#9542,#9543);
#8285=AXIS2_PLACEMENT_3D('',#11914,#9547,#9548);
#8286=AXIS2_PLACEMENT_3D('',#11916,#9549,#9550);
#8287=AXIS2_PLACEMENT_3D('',#11918,#9551,#9552);
#8288=AXIS2_PLACEMENT_3D('',#11920,#9554,#9555);
#8289=AXIS2_PLACEMENT_3D('',#11926,#9559,#9560);
#8290=AXIS2_PLACEMENT_3D('',#11928,#9561,#9562);
#8291=AXIS2_PLACEMENT_3D('',#11930,#9563,#9564);
#8292=AXIS2_PLACEMENT_3D('',#11932,#9566,#9567);
#8293=AXIS2_PLACEMENT_3D('',#11938,#9571,#9572);
#8294=AXIS2_PLACEMENT_3D('',#11939,#9573,#9574);
#8295=AXIS2_PLACEMENT_3D('',#11940,#9575,#9576);
#8296=AXIS2_PLACEMENT_3D('',#11941,#9577,#9578);
#8297=AXIS2_PLACEMENT_3D('',#11950,#9583,#9584);
#8298=AXIS2_PLACEMENT_3D('',#11952,#9585,#9586);
#8299=AXIS2_PLACEMENT_3D('',#11954,#9587,#9588);
#8300=AXIS2_PLACEMENT_3D('',#11956,#9590,#9591);
#8301=AXIS2_PLACEMENT_3D('',#11962,#9595,#9596);
#8302=AXIS2_PLACEMENT_3D('',#11964,#9597,#9598);
#8303=AXIS2_PLACEMENT_3D('',#11966,#9599,#9600);
#8304=AXIS2_PLACEMENT_3D('',#11968,#9602,#9603);
#8305=AXIS2_PLACEMENT_3D('',#11974,#9607,#9608);
#8306=AXIS2_PLACEMENT_3D('',#11976,#9609,#9610);
#8307=AXIS2_PLACEMENT_3D('',#11978,#9611,#9612);
#8308=AXIS2_PLACEMENT_3D('',#11980,#9614,#9615);
#8309=AXIS2_PLACEMENT_3D('',#11986,#9619,#9620);
#8310=AXIS2_PLACEMENT_3D('',#11987,#9621,#9622);
#8311=AXIS2_PLACEMENT_3D('',#11988,#9623,#9624);
#8312=AXIS2_PLACEMENT_3D('',#11989,#9625,#9626);
#8313=AXIS2_PLACEMENT_3D('',#11998,#9631,#9632);
#8314=AXIS2_PLACEMENT_3D('',#12000,#9633,#9634);
#8315=AXIS2_PLACEMENT_3D('',#12002,#9635,#9636);
#8316=AXIS2_PLACEMENT_3D('',#12004,#9638,#9639);
#8317=AXIS2_PLACEMENT_3D('',#12010,#9643,#9644);
#8318=AXIS2_PLACEMENT_3D('',#12012,#9645,#9646);
#8319=AXIS2_PLACEMENT_3D('',#12014,#9647,#9648);
#8320=AXIS2_PLACEMENT_3D('',#12016,#9650,#9651);
#8321=AXIS2_PLACEMENT_3D('',#12022,#9655,#9656);
#8322=AXIS2_PLACEMENT_3D('',#12024,#9657,#9658);
#8323=AXIS2_PLACEMENT_3D('',#12026,#9659,#9660);
#8324=AXIS2_PLACEMENT_3D('',#12028,#9662,#9663);
#8325=AXIS2_PLACEMENT_3D('',#12034,#9667,#9668);
#8326=AXIS2_PLACEMENT_3D('',#12035,#9669,#9670);
#8327=AXIS2_PLACEMENT_3D('',#12036,#9671,#9672);
#8328=AXIS2_PLACEMENT_3D('',#12037,#9673,#9674);
#8329=AXIS2_PLACEMENT_3D('',#12039,#9675,#9676);
#8330=AXIS2_PLACEMENT_3D('',#12042,#9678,#9679);
#8331=AXIS2_PLACEMENT_3D('',#12043,#9680,#9681);
#8332=AXIS2_PLACEMENT_3D('',#12045,#9682,#9683);
#8333=AXIS2_PLACEMENT_3D('',#12048,#9685,#9686);
#8334=AXIS2_PLACEMENT_3D('',#12049,#9687,#9688);
#8335=AXIS2_PLACEMENT_3D('',#12058,#9693,#9694);
#8336=AXIS2_PLACEMENT_3D('',#12060,#9695,#9696);
#8337=AXIS2_PLACEMENT_3D('',#12062,#9697,#9698);
#8338=AXIS2_PLACEMENT_3D('',#12064,#9700,#9701);
#8339=AXIS2_PLACEMENT_3D('',#12070,#9705,#9706);
#8340=AXIS2_PLACEMENT_3D('',#12072,#9707,#9708);
#8341=AXIS2_PLACEMENT_3D('',#12074,#9709,#9710);
#8342=AXIS2_PLACEMENT_3D('',#12076,#9712,#9713);
#8343=AXIS2_PLACEMENT_3D('',#12082,#9717,#9718);
#8344=AXIS2_PLACEMENT_3D('',#12084,#9719,#9720);
#8345=AXIS2_PLACEMENT_3D('',#12086,#9721,#9722);
#8346=AXIS2_PLACEMENT_3D('',#12088,#9724,#9725);
#8347=AXIS2_PLACEMENT_3D('',#12094,#9729,#9730);
#8348=AXIS2_PLACEMENT_3D('',#12095,#9731,#9732);
#8349=AXIS2_PLACEMENT_3D('',#12096,#9733,#9734);
#8350=AXIS2_PLACEMENT_3D('',#12097,#9735,#9736);
#8351=AXIS2_PLACEMENT_3D('',#12106,#9741,#9742);
#8352=AXIS2_PLACEMENT_3D('',#12108,#9743,#9744);
#8353=AXIS2_PLACEMENT_3D('',#12110,#9745,#9746);
#8354=AXIS2_PLACEMENT_3D('',#12112,#9748,#9749);
#8355=AXIS2_PLACEMENT_3D('',#12118,#9753,#9754);
#8356=AXIS2_PLACEMENT_3D('',#12120,#9755,#9756);
#8357=AXIS2_PLACEMENT_3D('',#12122,#9757,#9758);
#8358=AXIS2_PLACEMENT_3D('',#12124,#9760,#9761);
#8359=AXIS2_PLACEMENT_3D('',#12130,#9765,#9766);
#8360=AXIS2_PLACEMENT_3D('',#12132,#9767,#9768);
#8361=AXIS2_PLACEMENT_3D('',#12134,#9769,#9770);
#8362=AXIS2_PLACEMENT_3D('',#12136,#9772,#9773);
#8363=AXIS2_PLACEMENT_3D('',#12142,#9777,#9778);
#8364=AXIS2_PLACEMENT_3D('',#12143,#9779,#9780);
#8365=AXIS2_PLACEMENT_3D('',#12144,#9781,#9782);
#8366=AXIS2_PLACEMENT_3D('',#12145,#9783,#9784);
#8367=AXIS2_PLACEMENT_3D('',#12154,#9789,#9790);
#8368=AXIS2_PLACEMENT_3D('',#12156,#9791,#9792);
#8369=AXIS2_PLACEMENT_3D('',#12158,#9793,#9794);
#8370=AXIS2_PLACEMENT_3D('',#12160,#9796,#9797);
#8371=AXIS2_PLACEMENT_3D('',#12166,#9801,#9802);
#8372=AXIS2_PLACEMENT_3D('',#12168,#9803,#9804);
#8373=AXIS2_PLACEMENT_3D('',#12170,#9805,#9806);
#8374=AXIS2_PLACEMENT_3D('',#12172,#9808,#9809);
#8375=AXIS2_PLACEMENT_3D('',#12178,#9813,#9814);
#8376=AXIS2_PLACEMENT_3D('',#12180,#9815,#9816);
#8377=AXIS2_PLACEMENT_3D('',#12182,#9817,#9818);
#8378=AXIS2_PLACEMENT_3D('',#12184,#9820,#9821);
#8379=AXIS2_PLACEMENT_3D('',#12190,#9825,#9826);
#8380=AXIS2_PLACEMENT_3D('',#12191,#9827,#9828);
#8381=AXIS2_PLACEMENT_3D('',#12192,#9829,#9830);
#8382=AXIS2_PLACEMENT_3D('',#12193,#9831,#9832);
#8383=AXIS2_PLACEMENT_3D('',#12202,#9837,#9838);
#8384=AXIS2_PLACEMENT_3D('',#12204,#9839,#9840);
#8385=AXIS2_PLACEMENT_3D('',#12206,#9841,#9842);
#8386=AXIS2_PLACEMENT_3D('',#12208,#9844,#9845);
#8387=AXIS2_PLACEMENT_3D('',#12214,#9849,#9850);
#8388=AXIS2_PLACEMENT_3D('',#12216,#9851,#9852);
#8389=AXIS2_PLACEMENT_3D('',#12218,#9853,#9854);
#8390=AXIS2_PLACEMENT_3D('',#12220,#9856,#9857);
#8391=AXIS2_PLACEMENT_3D('',#12226,#9861,#9862);
#8392=AXIS2_PLACEMENT_3D('',#12228,#9863,#9864);
#8393=AXIS2_PLACEMENT_3D('',#12230,#9865,#9866);
#8394=AXIS2_PLACEMENT_3D('',#12232,#9868,#9869);
#8395=AXIS2_PLACEMENT_3D('',#12238,#9873,#9874);
#8396=AXIS2_PLACEMENT_3D('',#12239,#9875,#9876);
#8397=AXIS2_PLACEMENT_3D('',#12240,#9877,#9878);
#8398=AXIS2_PLACEMENT_3D('',#12241,#9879,#9880);
#8399=AXIS2_PLACEMENT_3D('',#12250,#9885,#9886);
#8400=AXIS2_PLACEMENT_3D('',#12252,#9887,#9888);
#8401=AXIS2_PLACEMENT_3D('',#12254,#9889,#9890);
#8402=AXIS2_PLACEMENT_3D('',#12256,#9892,#9893);
#8403=AXIS2_PLACEMENT_3D('',#12262,#9897,#9898);
#8404=AXIS2_PLACEMENT_3D('',#12264,#9899,#9900);
#8405=AXIS2_PLACEMENT_3D('',#12266,#9901,#9902);
#8406=AXIS2_PLACEMENT_3D('',#12268,#9904,#9905);
#8407=AXIS2_PLACEMENT_3D('',#12274,#9909,#9910);
#8408=AXIS2_PLACEMENT_3D('',#12276,#9911,#9912);
#8409=AXIS2_PLACEMENT_3D('',#12278,#9913,#9914);
#8410=AXIS2_PLACEMENT_3D('',#12280,#9916,#9917);
#8411=AXIS2_PLACEMENT_3D('',#12286,#9921,#9922);
#8412=AXIS2_PLACEMENT_3D('',#12287,#9923,#9924);
#8413=AXIS2_PLACEMENT_3D('',#12288,#9925,#9926);
#8414=AXIS2_PLACEMENT_3D('',#12289,#9927,#9928);
#8415=AXIS2_PLACEMENT_3D('',#12291,#9929,#9930);
#8416=AXIS2_PLACEMENT_3D('',#12294,#9932,#9933);
#8417=AXIS2_PLACEMENT_3D('',#12295,#9934,#9935);
#8418=AXIS2_PLACEMENT_3D('',#12304,#9940,#9941);
#8419=AXIS2_PLACEMENT_3D('',#12306,#9942,#9943);
#8420=AXIS2_PLACEMENT_3D('',#12308,#9944,#9945);
#8421=AXIS2_PLACEMENT_3D('',#12310,#9947,#9948);
#8422=AXIS2_PLACEMENT_3D('',#12316,#9952,#9953);
#8423=AXIS2_PLACEMENT_3D('',#12318,#9954,#9955);
#8424=AXIS2_PLACEMENT_3D('',#12320,#9956,#9957);
#8425=AXIS2_PLACEMENT_3D('',#12322,#9959,#9960);
#8426=AXIS2_PLACEMENT_3D('',#12328,#9964,#9965);
#8427=AXIS2_PLACEMENT_3D('',#12330,#9966,#9967);
#8428=AXIS2_PLACEMENT_3D('',#12332,#9968,#9969);
#8429=AXIS2_PLACEMENT_3D('',#12334,#9971,#9972);
#8430=AXIS2_PLACEMENT_3D('',#12340,#9976,#9977);
#8431=AXIS2_PLACEMENT_3D('',#12341,#9978,#9979);
#8432=AXIS2_PLACEMENT_3D('',#12342,#9980,#9981);
#8433=AXIS2_PLACEMENT_3D('',#12343,#9982,#9983);
#8434=AXIS2_PLACEMENT_3D('',#12352,#9988,#9989);
#8435=AXIS2_PLACEMENT_3D('',#12354,#9990,#9991);
#8436=AXIS2_PLACEMENT_3D('',#12356,#9992,#9993);
#8437=AXIS2_PLACEMENT_3D('',#12358,#9995,#9996);
#8438=AXIS2_PLACEMENT_3D('',#12364,#10000,#10001);
#8439=AXIS2_PLACEMENT_3D('',#12366,#10002,#10003);
#8440=AXIS2_PLACEMENT_3D('',#12368,#10004,#10005);
#8441=AXIS2_PLACEMENT_3D('',#12370,#10007,#10008);
#8442=AXIS2_PLACEMENT_3D('',#12376,#10012,#10013);
#8443=AXIS2_PLACEMENT_3D('',#12378,#10014,#10015);
#8444=AXIS2_PLACEMENT_3D('',#12380,#10016,#10017);
#8445=AXIS2_PLACEMENT_3D('',#12382,#10019,#10020);
#8446=AXIS2_PLACEMENT_3D('',#12388,#10024,#10025);
#8447=AXIS2_PLACEMENT_3D('',#12389,#10026,#10027);
#8448=AXIS2_PLACEMENT_3D('',#12390,#10028,#10029);
#8449=AXIS2_PLACEMENT_3D('',#12391,#10030,#10031);
#8450=AXIS2_PLACEMENT_3D('',#12393,#10032,#10033);
#8451=AXIS2_PLACEMENT_3D('',#12396,#10035,#10036);
#8452=AXIS2_PLACEMENT_3D('',#12397,#10037,#10038);
#8453=AXIS2_PLACEMENT_3D('',#12406,#10043,#10044);
#8454=AXIS2_PLACEMENT_3D('',#12408,#10045,#10046);
#8455=AXIS2_PLACEMENT_3D('',#12410,#10047,#10048);
#8456=AXIS2_PLACEMENT_3D('',#12412,#10050,#10051);
#8457=AXIS2_PLACEMENT_3D('',#12418,#10055,#10056);
#8458=AXIS2_PLACEMENT_3D('',#12420,#10057,#10058);
#8459=AXIS2_PLACEMENT_3D('',#12422,#10059,#10060);
#8460=AXIS2_PLACEMENT_3D('',#12424,#10062,#10063);
#8461=AXIS2_PLACEMENT_3D('',#12430,#10067,#10068);
#8462=AXIS2_PLACEMENT_3D('',#12432,#10069,#10070);
#8463=AXIS2_PLACEMENT_3D('',#12434,#10071,#10072);
#8464=AXIS2_PLACEMENT_3D('',#12436,#10074,#10075);
#8465=AXIS2_PLACEMENT_3D('',#12442,#10079,#10080);
#8466=AXIS2_PLACEMENT_3D('',#12443,#10081,#10082);
#8467=AXIS2_PLACEMENT_3D('',#12444,#10083,#10084);
#8468=AXIS2_PLACEMENT_3D('',#12445,#10085,#10086);
#8469=AXIS2_PLACEMENT_3D('',#12454,#10091,#10092);
#8470=AXIS2_PLACEMENT_3D('',#12456,#10093,#10094);
#8471=AXIS2_PLACEMENT_3D('',#12458,#10095,#10096);
#8472=AXIS2_PLACEMENT_3D('',#12460,#10098,#10099);
#8473=AXIS2_PLACEMENT_3D('',#12466,#10103,#10104);
#8474=AXIS2_PLACEMENT_3D('',#12468,#10105,#10106);
#8475=AXIS2_PLACEMENT_3D('',#12470,#10107,#10108);
#8476=AXIS2_PLACEMENT_3D('',#12472,#10110,#10111);
#8477=AXIS2_PLACEMENT_3D('',#12478,#10115,#10116);
#8478=AXIS2_PLACEMENT_3D('',#12480,#10117,#10118);
#8479=AXIS2_PLACEMENT_3D('',#12482,#10119,#10120);
#8480=AXIS2_PLACEMENT_3D('',#12484,#10122,#10123);
#8481=AXIS2_PLACEMENT_3D('',#12490,#10127,#10128);
#8482=AXIS2_PLACEMENT_3D('',#12491,#10129,#10130);
#8483=AXIS2_PLACEMENT_3D('',#12492,#10131,#10132);
#8484=AXIS2_PLACEMENT_3D('',#12493,#10133,#10134);
#8485=AXIS2_PLACEMENT_3D('',#12502,#10139,#10140);
#8486=AXIS2_PLACEMENT_3D('',#12504,#10141,#10142);
#8487=AXIS2_PLACEMENT_3D('',#12506,#10143,#10144);
#8488=AXIS2_PLACEMENT_3D('',#12508,#10146,#10147);
#8489=AXIS2_PLACEMENT_3D('',#12514,#10151,#10152);
#8490=AXIS2_PLACEMENT_3D('',#12516,#10153,#10154);
#8491=AXIS2_PLACEMENT_3D('',#12518,#10155,#10156);
#8492=AXIS2_PLACEMENT_3D('',#12520,#10158,#10159);
#8493=AXIS2_PLACEMENT_3D('',#12526,#10163,#10164);
#8494=AXIS2_PLACEMENT_3D('',#12528,#10165,#10166);
#8495=AXIS2_PLACEMENT_3D('',#12530,#10167,#10168);
#8496=AXIS2_PLACEMENT_3D('',#12532,#10170,#10171);
#8497=AXIS2_PLACEMENT_3D('',#12538,#10175,#10176);
#8498=AXIS2_PLACEMENT_3D('',#12539,#10177,#10178);
#8499=AXIS2_PLACEMENT_3D('',#12540,#10179,#10180);
#8500=AXIS2_PLACEMENT_3D('',#12541,#10181,#10182);
#8501=AXIS2_PLACEMENT_3D('',#12550,#10187,#10188);
#8502=AXIS2_PLACEMENT_3D('',#12552,#10189,#10190);
#8503=AXIS2_PLACEMENT_3D('',#12554,#10191,#10192);
#8504=AXIS2_PLACEMENT_3D('',#12556,#10194,#10195);
#8505=AXIS2_PLACEMENT_3D('',#12562,#10199,#10200);
#8506=AXIS2_PLACEMENT_3D('',#12564,#10201,#10202);
#8507=AXIS2_PLACEMENT_3D('',#12566,#10203,#10204);
#8508=AXIS2_PLACEMENT_3D('',#12568,#10206,#10207);
#8509=AXIS2_PLACEMENT_3D('',#12574,#10211,#10212);
#8510=AXIS2_PLACEMENT_3D('',#12576,#10213,#10214);
#8511=AXIS2_PLACEMENT_3D('',#12578,#10215,#10216);
#8512=AXIS2_PLACEMENT_3D('',#12580,#10218,#10219);
#8513=AXIS2_PLACEMENT_3D('',#12586,#10223,#10224);
#8514=AXIS2_PLACEMENT_3D('',#12587,#10225,#10226);
#8515=AXIS2_PLACEMENT_3D('',#12588,#10227,#10228);
#8516=AXIS2_PLACEMENT_3D('',#12589,#10229,#10230);
#8517=AXIS2_PLACEMENT_3D('',#12598,#10235,#10236);
#8518=AXIS2_PLACEMENT_3D('',#12600,#10237,#10238);
#8519=AXIS2_PLACEMENT_3D('',#12602,#10239,#10240);
#8520=AXIS2_PLACEMENT_3D('',#12604,#10242,#10243);
#8521=AXIS2_PLACEMENT_3D('',#12610,#10247,#10248);
#8522=AXIS2_PLACEMENT_3D('',#12612,#10249,#10250);
#8523=AXIS2_PLACEMENT_3D('',#12614,#10251,#10252);
#8524=AXIS2_PLACEMENT_3D('',#12616,#10254,#10255);
#8525=AXIS2_PLACEMENT_3D('',#12622,#10259,#10260);
#8526=AXIS2_PLACEMENT_3D('',#12624,#10261,#10262);
#8527=AXIS2_PLACEMENT_3D('',#12626,#10263,#10264);
#8528=AXIS2_PLACEMENT_3D('',#12628,#10266,#10267);
#8529=AXIS2_PLACEMENT_3D('',#12634,#10271,#10272);
#8530=AXIS2_PLACEMENT_3D('',#12635,#10273,#10274);
#8531=AXIS2_PLACEMENT_3D('',#12636,#10275,#10276);
#8532=AXIS2_PLACEMENT_3D('',#12637,#10277,#10278);
#8533=AXIS2_PLACEMENT_3D('',#12646,#10283,#10284);
#8534=AXIS2_PLACEMENT_3D('',#12648,#10285,#10286);
#8535=AXIS2_PLACEMENT_3D('',#12650,#10287,#10288);
#8536=AXIS2_PLACEMENT_3D('',#12652,#10290,#10291);
#8537=AXIS2_PLACEMENT_3D('',#12658,#10295,#10296);
#8538=AXIS2_PLACEMENT_3D('',#12660,#10297,#10298);
#8539=AXIS2_PLACEMENT_3D('',#12662,#10299,#10300);
#8540=AXIS2_PLACEMENT_3D('',#12664,#10302,#10303);
#8541=AXIS2_PLACEMENT_3D('',#12670,#10307,#10308);
#8542=AXIS2_PLACEMENT_3D('',#12672,#10309,#10310);
#8543=AXIS2_PLACEMENT_3D('',#12674,#10311,#10312);
#8544=AXIS2_PLACEMENT_3D('',#12676,#10314,#10315);
#8545=AXIS2_PLACEMENT_3D('',#12682,#10319,#10320);
#8546=AXIS2_PLACEMENT_3D('',#12683,#10321,#10322);
#8547=AXIS2_PLACEMENT_3D('',#12684,#10323,#10324);
#8548=AXIS2_PLACEMENT_3D('',#12685,#10325,#10326);
#8549=AXIS2_PLACEMENT_3D('',#12687,#10327,#10328);
#8550=AXIS2_PLACEMENT_3D('',#12690,#10330,#10331);
#8551=AXIS2_PLACEMENT_3D('',#12691,#10332,#10333);
#8552=AXIS2_PLACEMENT_3D('',#12700,#10338,#10339);
#8553=AXIS2_PLACEMENT_3D('',#12702,#10340,#10341);
#8554=AXIS2_PLACEMENT_3D('',#12704,#10342,#10343);
#8555=AXIS2_PLACEMENT_3D('',#12706,#10345,#10346);
#8556=AXIS2_PLACEMENT_3D('',#12712,#10350,#10351);
#8557=AXIS2_PLACEMENT_3D('',#12714,#10352,#10353);
#8558=AXIS2_PLACEMENT_3D('',#12716,#10354,#10355);
#8559=AXIS2_PLACEMENT_3D('',#12718,#10357,#10358);
#8560=AXIS2_PLACEMENT_3D('',#12724,#10362,#10363);
#8561=AXIS2_PLACEMENT_3D('',#12726,#10364,#10365);
#8562=AXIS2_PLACEMENT_3D('',#12728,#10366,#10367);
#8563=AXIS2_PLACEMENT_3D('',#12730,#10369,#10370);
#8564=AXIS2_PLACEMENT_3D('',#12736,#10374,#10375);
#8565=AXIS2_PLACEMENT_3D('',#12737,#10376,#10377);
#8566=AXIS2_PLACEMENT_3D('',#12738,#10378,#10379);
#8567=AXIS2_PLACEMENT_3D('',#12739,#10380,#10381);
#8568=AXIS2_PLACEMENT_3D('',#12748,#10386,#10387);
#8569=AXIS2_PLACEMENT_3D('',#12750,#10388,#10389);
#8570=AXIS2_PLACEMENT_3D('',#12752,#10390,#10391);
#8571=AXIS2_PLACEMENT_3D('',#12754,#10393,#10394);
#8572=AXIS2_PLACEMENT_3D('',#12760,#10398,#10399);
#8573=AXIS2_PLACEMENT_3D('',#12762,#10400,#10401);
#8574=AXIS2_PLACEMENT_3D('',#12764,#10402,#10403);
#8575=AXIS2_PLACEMENT_3D('',#12766,#10405,#10406);
#8576=AXIS2_PLACEMENT_3D('',#12772,#10410,#10411);
#8577=AXIS2_PLACEMENT_3D('',#12774,#10412,#10413);
#8578=AXIS2_PLACEMENT_3D('',#12776,#10414,#10415);
#8579=AXIS2_PLACEMENT_3D('',#12778,#10417,#10418);
#8580=AXIS2_PLACEMENT_3D('',#12784,#10422,#10423);
#8581=AXIS2_PLACEMENT_3D('',#12785,#10424,#10425);
#8582=AXIS2_PLACEMENT_3D('',#12786,#10426,#10427);
#8583=AXIS2_PLACEMENT_3D('',#12787,#10428,#10429);
#8584=AXIS2_PLACEMENT_3D('',#12796,#10434,#10435);
#8585=AXIS2_PLACEMENT_3D('',#12798,#10436,#10437);
#8586=AXIS2_PLACEMENT_3D('',#12800,#10438,#10439);
#8587=AXIS2_PLACEMENT_3D('',#12802,#10441,#10442);
#8588=AXIS2_PLACEMENT_3D('',#12808,#10446,#10447);
#8589=AXIS2_PLACEMENT_3D('',#12810,#10448,#10449);
#8590=AXIS2_PLACEMENT_3D('',#12812,#10450,#10451);
#8591=AXIS2_PLACEMENT_3D('',#12814,#10453,#10454);
#8592=AXIS2_PLACEMENT_3D('',#12820,#10458,#10459);
#8593=AXIS2_PLACEMENT_3D('',#12822,#10460,#10461);
#8594=AXIS2_PLACEMENT_3D('',#12824,#10462,#10463);
#8595=AXIS2_PLACEMENT_3D('',#12826,#10465,#10466);
#8596=AXIS2_PLACEMENT_3D('',#12832,#10470,#10471);
#8597=AXIS2_PLACEMENT_3D('',#12833,#10472,#10473);
#8598=AXIS2_PLACEMENT_3D('',#12834,#10474,#10475);
#8599=AXIS2_PLACEMENT_3D('',#12835,#10476,#10477);
#8600=AXIS2_PLACEMENT_3D('',#12844,#10482,#10483);
#8601=AXIS2_PLACEMENT_3D('',#12846,#10484,#10485);
#8602=AXIS2_PLACEMENT_3D('',#12848,#10486,#10487);
#8603=AXIS2_PLACEMENT_3D('',#12850,#10489,#10490);
#8604=AXIS2_PLACEMENT_3D('',#12856,#10494,#10495);
#8605=AXIS2_PLACEMENT_3D('',#12858,#10496,#10497);
#8606=AXIS2_PLACEMENT_3D('',#12860,#10498,#10499);
#8607=AXIS2_PLACEMENT_3D('',#12862,#10501,#10502);
#8608=AXIS2_PLACEMENT_3D('',#12868,#10506,#10507);
#8609=AXIS2_PLACEMENT_3D('',#12870,#10508,#10509);
#8610=AXIS2_PLACEMENT_3D('',#12872,#10510,#10511);
#8611=AXIS2_PLACEMENT_3D('',#12874,#10513,#10514);
#8612=AXIS2_PLACEMENT_3D('',#12880,#10518,#10519);
#8613=AXIS2_PLACEMENT_3D('',#12881,#10520,#10521);
#8614=AXIS2_PLACEMENT_3D('',#12882,#10522,#10523);
#8615=AXIS2_PLACEMENT_3D('',#12883,#10524,#10525);
#8616=AXIS2_PLACEMENT_3D('',#12892,#10530,#10531);
#8617=AXIS2_PLACEMENT_3D('',#12894,#10532,#10533);
#8618=AXIS2_PLACEMENT_3D('',#12896,#10534,#10535);
#8619=AXIS2_PLACEMENT_3D('',#12898,#10537,#10538);
#8620=AXIS2_PLACEMENT_3D('',#12904,#10542,#10543);
#8621=AXIS2_PLACEMENT_3D('',#12906,#10544,#10545);
#8622=AXIS2_PLACEMENT_3D('',#12908,#10546,#10547);
#8623=AXIS2_PLACEMENT_3D('',#12910,#10549,#10550);
#8624=AXIS2_PLACEMENT_3D('',#12916,#10554,#10555);
#8625=AXIS2_PLACEMENT_3D('',#12918,#10556,#10557);
#8626=AXIS2_PLACEMENT_3D('',#12920,#10558,#10559);
#8627=AXIS2_PLACEMENT_3D('',#12922,#10561,#10562);
#8628=AXIS2_PLACEMENT_3D('',#12928,#10566,#10567);
#8629=AXIS2_PLACEMENT_3D('',#12929,#10568,#10569);
#8630=AXIS2_PLACEMENT_3D('',#12930,#10570,#10571);
#8631=AXIS2_PLACEMENT_3D('',#12931,#10572,#10573);
#8632=AXIS2_PLACEMENT_3D('',#12934,#10574,#10575);
#8633=AXIS2_PLACEMENT_3D('',#12938,#10577,#10578);
#8634=AXIS2_PLACEMENT_3D('',#12940,#10580,#10581);
#8635=AXIS2_PLACEMENT_3D('',#12946,#10585,#10586);
#8636=AXIS2_PLACEMENT_3D('',#12948,#10587,#10588);
#8637=AXIS2_PLACEMENT_3D('',#12950,#10589,#10590);
#8638=AXIS2_PLACEMENT_3D('',#12952,#10592,#10593);
#8639=AXIS2_PLACEMENT_3D('',#12958,#10597,#10598);
#8640=AXIS2_PLACEMENT_3D('',#12960,#10599,#10600);
#8641=AXIS2_PLACEMENT_3D('',#12962,#10601,#10602);
#8642=AXIS2_PLACEMENT_3D('',#12964,#10604,#10605);
#8643=AXIS2_PLACEMENT_3D('',#12970,#10609,#10610);
#8644=AXIS2_PLACEMENT_3D('',#12972,#10611,#10612);
#8645=AXIS2_PLACEMENT_3D('',#12974,#10613,#10614);
#8646=AXIS2_PLACEMENT_3D('',#12976,#10616,#10617);
#8647=AXIS2_PLACEMENT_3D('',#12982,#10621,#10622);
#8648=AXIS2_PLACEMENT_3D('',#12984,#10623,#10624);
#8649=AXIS2_PLACEMENT_3D('',#12986,#10625,#10626);
#8650=AXIS2_PLACEMENT_3D('',#12988,#10628,#10629);
#8651=AXIS2_PLACEMENT_3D('',#12994,#10633,#10634);
#8652=AXIS2_PLACEMENT_3D('',#12996,#10635,#10636);
#8653=AXIS2_PLACEMENT_3D('',#12998,#10637,#10638);
#8654=AXIS2_PLACEMENT_3D('',#13000,#10640,#10641);
#8655=AXIS2_PLACEMENT_3D('',#13006,#10645,#10646);
#8656=AXIS2_PLACEMENT_3D('',#13008,#10647,#10648);
#8657=AXIS2_PLACEMENT_3D('',#13010,#10649,#10650);
#8658=AXIS2_PLACEMENT_3D('',#13012,#10652,#10653);
#8659=AXIS2_PLACEMENT_3D('',#13018,#10657,#10658);
#8660=AXIS2_PLACEMENT_3D('',#13020,#10659,#10660);
#8661=AXIS2_PLACEMENT_3D('',#13022,#10661,#10662);
#8662=AXIS2_PLACEMENT_3D('',#13024,#10664,#10665);
#8663=AXIS2_PLACEMENT_3D('',#13030,#10669,#10670);
#8664=AXIS2_PLACEMENT_3D('',#13032,#10671,#10672);
#8665=AXIS2_PLACEMENT_3D('',#13034,#10673,#10674);
#8666=AXIS2_PLACEMENT_3D('',#13036,#10676,#10677);
#8667=AXIS2_PLACEMENT_3D('',#13042,#10681,#10682);
#8668=AXIS2_PLACEMENT_3D('',#13044,#10683,#10684);
#8669=AXIS2_PLACEMENT_3D('',#13046,#10685,#10686);
#8670=AXIS2_PLACEMENT_3D('',#13048,#10688,#10689);
#8671=AXIS2_PLACEMENT_3D('',#13054,#10693,#10694);
#8672=AXIS2_PLACEMENT_3D('',#13056,#10695,#10696);
#8673=AXIS2_PLACEMENT_3D('',#13058,#10697,#10698);
#8674=AXIS2_PLACEMENT_3D('',#13060,#10700,#10701);
#8675=AXIS2_PLACEMENT_3D('',#13066,#10705,#10706);
#8676=AXIS2_PLACEMENT_3D('',#13068,#10707,#10708);
#8677=AXIS2_PLACEMENT_3D('',#13070,#10709,#10710);
#8678=AXIS2_PLACEMENT_3D('',#13072,#10712,#10713);
#8679=AXIS2_PLACEMENT_3D('',#13078,#10717,#10718);
#8680=AXIS2_PLACEMENT_3D('',#13080,#10719,#10720);
#8681=AXIS2_PLACEMENT_3D('',#13082,#10721,#10722);
#8682=AXIS2_PLACEMENT_3D('',#13084,#10724,#10725);
#8683=AXIS2_PLACEMENT_3D('',#13090,#10729,#10730);
#8684=AXIS2_PLACEMENT_3D('',#13092,#10731,#10732);
#8685=AXIS2_PLACEMENT_3D('',#13094,#10733,#10734);
#8686=AXIS2_PLACEMENT_3D('',#13096,#10736,#10737);
#8687=AXIS2_PLACEMENT_3D('',#13102,#10741,#10742);
#8688=AXIS2_PLACEMENT_3D('',#13104,#10743,#10744);
#8689=AXIS2_PLACEMENT_3D('',#13106,#10745,#10746);
#8690=AXIS2_PLACEMENT_3D('',#13108,#10748,#10749);
#8691=AXIS2_PLACEMENT_3D('',#13114,#10753,#10754);
#8692=AXIS2_PLACEMENT_3D('',#13120,#10758,#10759);
#8693=AXIS2_PLACEMENT_3D('',#13126,#10763,#10764);
#8694=AXIS2_PLACEMENT_3D('',#13128,#10765,#10766);
#8695=AXIS2_PLACEMENT_3D('',#13130,#10767,#10768);
#8696=AXIS2_PLACEMENT_3D('',#13132,#10770,#10771);
#8697=AXIS2_PLACEMENT_3D('',#13138,#10775,#10776);
#8698=AXIS2_PLACEMENT_3D('',#13140,#10777,#10778);
#8699=AXIS2_PLACEMENT_3D('',#13142,#10779,#10780);
#8700=AXIS2_PLACEMENT_3D('',#13144,#10782,#10783);
#8701=AXIS2_PLACEMENT_3D('',#13150,#10787,#10788);
#8702=AXIS2_PLACEMENT_3D('',#13152,#10789,#10790);
#8703=AXIS2_PLACEMENT_3D('',#13154,#10791,#10792);
#8704=AXIS2_PLACEMENT_3D('',#13156,#10794,#10795);
#8705=AXIS2_PLACEMENT_3D('',#13162,#10799,#10800);
#8706=AXIS2_PLACEMENT_3D('',#13164,#10801,#10802);
#8707=AXIS2_PLACEMENT_3D('',#13166,#10803,#10804);
#8708=AXIS2_PLACEMENT_3D('',#13168,#10806,#10807);
#8709=AXIS2_PLACEMENT_3D('',#13174,#10811,#10812);
#8710=AXIS2_PLACEMENT_3D('',#13176,#10813,#10814);
#8711=AXIS2_PLACEMENT_3D('',#13178,#10815,#10816);
#8712=AXIS2_PLACEMENT_3D('',#13180,#10818,#10819);
#8713=AXIS2_PLACEMENT_3D('',#13186,#10823,#10824);
#8714=AXIS2_PLACEMENT_3D('',#13188,#10825,#10826);
#8715=AXIS2_PLACEMENT_3D('',#13190,#10827,#10828);
#8716=AXIS2_PLACEMENT_3D('',#13192,#10830,#10831);
#8717=AXIS2_PLACEMENT_3D('',#13198,#10835,#10836);
#8718=AXIS2_PLACEMENT_3D('',#13200,#10837,#10838);
#8719=AXIS2_PLACEMENT_3D('',#13202,#10839,#10840);
#8720=AXIS2_PLACEMENT_3D('',#13204,#10842,#10843);
#8721=AXIS2_PLACEMENT_3D('',#13210,#10847,#10848);
#8722=AXIS2_PLACEMENT_3D('',#13212,#10849,#10850);
#8723=AXIS2_PLACEMENT_3D('',#13214,#10851,#10852);
#8724=AXIS2_PLACEMENT_3D('',#13216,#10854,#10855);
#8725=AXIS2_PLACEMENT_3D('',#13222,#10859,#10860);
#8726=AXIS2_PLACEMENT_3D('',#13224,#10861,#10862);
#8727=AXIS2_PLACEMENT_3D('',#13226,#10863,#10864);
#8728=AXIS2_PLACEMENT_3D('',#13228,#10866,#10867);
#8729=AXIS2_PLACEMENT_3D('',#13234,#10871,#10872);
#8730=AXIS2_PLACEMENT_3D('',#13236,#10873,#10874);
#8731=AXIS2_PLACEMENT_3D('',#13238,#10875,#10876);
#8732=AXIS2_PLACEMENT_3D('',#13240,#10878,#10879);
#8733=AXIS2_PLACEMENT_3D('',#13246,#10883,#10884);
#8734=AXIS2_PLACEMENT_3D('',#13248,#10885,#10886);
#8735=AXIS2_PLACEMENT_3D('',#13250,#10887,#10888);
#8736=AXIS2_PLACEMENT_3D('',#13252,#10890,#10891);
#8737=AXIS2_PLACEMENT_3D('',#13258,#10895,#10896);
#8738=AXIS2_PLACEMENT_3D('',#13260,#10897,#10898);
#8739=AXIS2_PLACEMENT_3D('',#13262,#10899,#10900);
#8740=AXIS2_PLACEMENT_3D('',#13264,#10902,#10903);
#8741=AXIS2_PLACEMENT_3D('',#13270,#10907,#10908);
#8742=AXIS2_PLACEMENT_3D('',#13272,#10909,#10910);
#8743=AXIS2_PLACEMENT_3D('',#13274,#10911,#10912);
#8744=AXIS2_PLACEMENT_3D('',#13276,#10914,#10915);
#8745=AXIS2_PLACEMENT_3D('',#13282,#10919,#10920);
#8746=AXIS2_PLACEMENT_3D('',#13284,#10921,#10922);
#8747=AXIS2_PLACEMENT_3D('',#13286,#10923,#10924);
#8748=AXIS2_PLACEMENT_3D('',#13288,#10926,#10927);
#8749=AXIS2_PLACEMENT_3D('',#13294,#10931,#10932);
#8750=AXIS2_PLACEMENT_3D('',#13296,#10933,#10934);
#8751=AXIS2_PLACEMENT_3D('',#13298,#10935,#10936);
#8752=AXIS2_PLACEMENT_3D('',#13300,#10938,#10939);
#8753=AXIS2_PLACEMENT_3D('',#13306,#10943,#10944);
#8754=AXIS2_PLACEMENT_3D('',#13308,#10945,#10946);
#8755=AXIS2_PLACEMENT_3D('',#13310,#10947,#10948);
#8756=AXIS2_PLACEMENT_3D('',#13312,#10950,#10951);
#8757=AXIS2_PLACEMENT_3D('',#13318,#10955,#10956);
#8758=AXIS2_PLACEMENT_3D('',#13320,#10957,#10958);
#8759=AXIS2_PLACEMENT_3D('',#13322,#10959,#10960);
#8760=AXIS2_PLACEMENT_3D('',#13324,#10962,#10963);
#8761=AXIS2_PLACEMENT_3D('',#13330,#10967,#10968);
#8762=AXIS2_PLACEMENT_3D('',#13332,#10969,#10970);
#8763=AXIS2_PLACEMENT_3D('',#13334,#10971,#10972);
#8764=AXIS2_PLACEMENT_3D('',#13336,#10974,#10975);
#8765=AXIS2_PLACEMENT_3D('',#13342,#10979,#10980);
#8766=AXIS2_PLACEMENT_3D('',#13344,#10981,#10982);
#8767=AXIS2_PLACEMENT_3D('',#13346,#10983,#10984);
#8768=AXIS2_PLACEMENT_3D('',#13348,#10986,#10987);
#8769=AXIS2_PLACEMENT_3D('',#13354,#10991,#10992);
#8770=AXIS2_PLACEMENT_3D('',#13356,#10993,#10994);
#8771=AXIS2_PLACEMENT_3D('',#13358,#10995,#10996);
#8772=AXIS2_PLACEMENT_3D('',#13360,#10998,#10999);
#8773=AXIS2_PLACEMENT_3D('',#13366,#11003,#11004);
#8774=AXIS2_PLACEMENT_3D('',#13368,#11005,#11006);
#8775=AXIS2_PLACEMENT_3D('',#13370,#11007,#11008);
#8776=AXIS2_PLACEMENT_3D('',#13372,#11010,#11011);
#8777=AXIS2_PLACEMENT_3D('',#13378,#11015,#11016);
#8778=AXIS2_PLACEMENT_3D('',#13380,#11017,#11018);
#8779=AXIS2_PLACEMENT_3D('',#13382,#11019,#11020);
#8780=AXIS2_PLACEMENT_3D('',#13384,#11022,#11023);
#8781=AXIS2_PLACEMENT_3D('',#13390,#11027,#11028);
#8782=AXIS2_PLACEMENT_3D('',#13392,#11029,#11030);
#8783=AXIS2_PLACEMENT_3D('',#13394,#11031,#11032);
#8784=AXIS2_PLACEMENT_3D('',#13396,#11034,#11035);
#8785=AXIS2_PLACEMENT_3D('',#13402,#11039,#11040);
#8786=AXIS2_PLACEMENT_3D('',#13404,#11041,#11042);
#8787=AXIS2_PLACEMENT_3D('',#13406,#11043,#11044);
#8788=AXIS2_PLACEMENT_3D('',#13408,#11046,#11047);
#8789=AXIS2_PLACEMENT_3D('',#13414,#11051,#11052);
#8790=AXIS2_PLACEMENT_3D('',#13416,#11053,#11054);
#8791=AXIS2_PLACEMENT_3D('',#13418,#11055,#11056);
#8792=AXIS2_PLACEMENT_3D('',#13420,#11058,#11059);
#8793=AXIS2_PLACEMENT_3D('',#13426,#11063,#11064);
#8794=AXIS2_PLACEMENT_3D('',#13428,#11065,#11066);
#8795=AXIS2_PLACEMENT_3D('',#13430,#11067,#11068);
#8796=AXIS2_PLACEMENT_3D('',#13432,#11070,#11071);
#8797=AXIS2_PLACEMENT_3D('',#13438,#11075,#11076);
#8798=AXIS2_PLACEMENT_3D('',#13440,#11077,#11078);
#8799=AXIS2_PLACEMENT_3D('',#13442,#11079,#11080);
#8800=AXIS2_PLACEMENT_3D('',#13444,#11082,#11083);
#8801=AXIS2_PLACEMENT_3D('',#13450,#11087,#11088);
#8802=AXIS2_PLACEMENT_3D('',#13452,#11089,#11090);
#8803=AXIS2_PLACEMENT_3D('',#13454,#11091,#11092);
#8804=AXIS2_PLACEMENT_3D('',#13456,#11094,#11095);
#8805=AXIS2_PLACEMENT_3D('',#13462,#11099,#11100);
#8806=AXIS2_PLACEMENT_3D('',#13464,#11101,#11102);
#8807=AXIS2_PLACEMENT_3D('',#13466,#11103,#11104);
#8808=AXIS2_PLACEMENT_3D('',#13468,#11106,#11107);
#8809=AXIS2_PLACEMENT_3D('',#13474,#11111,#11112);
#8810=AXIS2_PLACEMENT_3D('',#13476,#11113,#11114);
#8811=AXIS2_PLACEMENT_3D('',#13478,#11115,#11116);
#8812=AXIS2_PLACEMENT_3D('',#13480,#11118,#11119);
#8813=AXIS2_PLACEMENT_3D('',#13486,#11123,#11124);
#8814=AXIS2_PLACEMENT_3D('',#13488,#11125,#11126);
#8815=AXIS2_PLACEMENT_3D('',#13490,#11127,#11128);
#8816=AXIS2_PLACEMENT_3D('',#13492,#11130,#11131);
#8817=AXIS2_PLACEMENT_3D('',#13498,#11135,#11136);
#8818=AXIS2_PLACEMENT_3D('',#13500,#11137,#11138);
#8819=AXIS2_PLACEMENT_3D('',#13502,#11139,#11140);
#8820=AXIS2_PLACEMENT_3D('',#13504,#11142,#11143);
#8821=AXIS2_PLACEMENT_3D('',#13510,#11147,#11148);
#8822=AXIS2_PLACEMENT_3D('',#13512,#11149,#11150);
#8823=AXIS2_PLACEMENT_3D('',#13514,#11151,#11152);
#8824=AXIS2_PLACEMENT_3D('',#13516,#11154,#11155);
#8825=AXIS2_PLACEMENT_3D('',#13522,#11159,#11160);
#8826=AXIS2_PLACEMENT_3D('',#13524,#11161,#11162);
#8827=AXIS2_PLACEMENT_3D('',#13526,#11163,#11164);
#8828=AXIS2_PLACEMENT_3D('',#13528,#11166,#11167);
#8829=AXIS2_PLACEMENT_3D('',#13534,#11171,#11172);
#8830=AXIS2_PLACEMENT_3D('',#13536,#11173,#11174);
#8831=AXIS2_PLACEMENT_3D('',#13538,#11175,#11176);
#8832=AXIS2_PLACEMENT_3D('',#13540,#11178,#11179);
#8833=AXIS2_PLACEMENT_3D('',#13546,#11183,#11184);
#8834=AXIS2_PLACEMENT_3D('',#13548,#11185,#11186);
#8835=AXIS2_PLACEMENT_3D('',#13550,#11187,#11188);
#8836=AXIS2_PLACEMENT_3D('',#13552,#11190,#11191);
#8837=AXIS2_PLACEMENT_3D('',#13558,#11195,#11196);
#8838=AXIS2_PLACEMENT_3D('',#13564,#11200,#11201);
#8839=AXIS2_PLACEMENT_3D('',#13567,#11204,#11205);
#8840=AXIS2_PLACEMENT_3D('',#13568,#11206,#11207);
#8841=DIRECTION('axis',(0.,0.,1.));
#8842=DIRECTION('refdir',(1.,0.,0.));
#8843=DIRECTION('center_axis',(0.,-1.,0.));
#8844=DIRECTION('ref_axis',(-1.,0.,0.));
#8845=DIRECTION('',(1.,0.,0.));
#8846=DIRECTION('',(0.,0.,-1.));
#8847=DIRECTION('',(-1.,0.,0.));
#8848=DIRECTION('',(0.,0.,-1.));
#8849=DIRECTION('center_axis',(0.,0.,-1.));
#8850=DIRECTION('ref_axis',(1.,0.,0.));
#8851=DIRECTION('center_axis',(0.,0.,-1.));
#8852=DIRECTION('ref_axis',(1.,0.,0.));
#8853=DIRECTION('center_axis',(0.,0.,1.));
#8854=DIRECTION('ref_axis',(1.,0.,0.));
#8855=DIRECTION('',(0.,0.,-1.));
#8856=DIRECTION('center_axis',(-1.,0.,0.));
#8857=DIRECTION('ref_axis',(0.,1.,0.));
#8858=DIRECTION('',(0.,-1.,0.));
#8859=DIRECTION('',(0.,1.,0.));
#8860=DIRECTION('',(0.,0.,-1.));
#8861=DIRECTION('center_axis',(0.,0.,-1.));
#8862=DIRECTION('ref_axis',(0.,-1.,0.));
#8863=DIRECTION('center_axis',(0.,0.,-1.));
#8864=DIRECTION('ref_axis',(0.,-1.,0.));
#8865=DIRECTION('center_axis',(0.,0.,1.));
#8866=DIRECTION('ref_axis',(0.,-1.,0.));
#8867=DIRECTION('',(0.,0.,-1.));
#8868=DIRECTION('center_axis',(0.,1.,0.));
#8869=DIRECTION('ref_axis',(1.,0.,0.));
#8870=DIRECTION('',(-1.,0.,0.));
#8871=DIRECTION('',(1.,0.,0.));
#8872=DIRECTION('',(0.,0.,-1.));
#8873=DIRECTION('center_axis',(0.,0.,-1.));
#8874=DIRECTION('ref_axis',(-1.,0.,0.));
#8875=DIRECTION('center_axis',(0.,0.,-1.));
#8876=DIRECTION('ref_axis',(-1.,0.,0.));
#8877=DIRECTION('center_axis',(0.,0.,1.));
#8878=DIRECTION('ref_axis',(-1.,0.,0.));
#8879=DIRECTION('',(0.,0.,-1.));
#8880=DIRECTION('center_axis',(1.,0.,0.));
#8881=DIRECTION('ref_axis',(0.,-1.,0.));
#8882=DIRECTION('',(0.,1.,0.));
#8883=DIRECTION('',(0.,-1.,0.));
#8884=DIRECTION('',(0.,0.,-1.));
#8885=DIRECTION('center_axis',(0.,0.,-1.));
#8886=DIRECTION('ref_axis',(0.,1.,0.));
#8887=DIRECTION('center_axis',(0.,0.,-1.));
#8888=DIRECTION('ref_axis',(0.,1.,0.));
#8889=DIRECTION('center_axis',(0.,0.,1.));
#8890=DIRECTION('ref_axis',(0.,1.,0.));
#8891=DIRECTION('center_axis',(0.,0.,-1.));
#8892=DIRECTION('ref_axis',(1.,0.,0.));
#8893=DIRECTION('center_axis',(0.,0.,-1.));
#8894=DIRECTION('ref_axis',(1.,0.,0.));
#8895=DIRECTION('',(0.,0.,-1.));
#8896=DIRECTION('center_axis',(0.,0.,1.));
#8897=DIRECTION('ref_axis',(1.,0.,0.));
#8898=DIRECTION('',(0.,0.,-1.));
#8899=DIRECTION('center_axis',(-1.,0.,0.));
#8900=DIRECTION('ref_axis',(0.,1.,0.));
#8901=DIRECTION('',(0.,-1.,0.));
#8902=DIRECTION('',(0.,1.,0.));
#8903=DIRECTION('',(0.,0.,-1.));
#8904=DIRECTION('center_axis',(0.,0.,-1.));
#8905=DIRECTION('ref_axis',(0.,-1.,0.));
#8906=DIRECTION('center_axis',(0.,0.,-1.));
#8907=DIRECTION('ref_axis',(0.,-1.,0.));
#8908=DIRECTION('center_axis',(0.,0.,1.));
#8909=DIRECTION('ref_axis',(0.,-1.,0.));
#8910=DIRECTION('',(0.,0.,-1.));
#8911=DIRECTION('center_axis',(0.,1.,0.));
#8912=DIRECTION('ref_axis',(1.,0.,0.));
#8913=DIRECTION('',(-1.,0.,0.));
#8914=DIRECTION('',(1.,0.,0.));
#8915=DIRECTION('',(0.,0.,-1.));
#8916=DIRECTION('center_axis',(0.,0.,-1.));
#8917=DIRECTION('ref_axis',(-1.,0.,0.));
#8918=DIRECTION('center_axis',(0.,0.,-1.));
#8919=DIRECTION('ref_axis',(-1.,0.,0.));
#8920=DIRECTION('center_axis',(0.,0.,1.));
#8921=DIRECTION('ref_axis',(-1.,0.,0.));
#8922=DIRECTION('',(0.,0.,-1.));
#8923=DIRECTION('center_axis',(1.,0.,0.));
#8924=DIRECTION('ref_axis',(0.,-1.,0.));
#8925=DIRECTION('',(0.,1.,0.));
#8926=DIRECTION('',(0.,-1.,0.));
#8927=DIRECTION('',(0.,0.,-1.));
#8928=DIRECTION('center_axis',(0.,0.,-1.));
#8929=DIRECTION('ref_axis',(0.,1.,0.));
#8930=DIRECTION('center_axis',(0.,0.,-1.));
#8931=DIRECTION('ref_axis',(0.,1.,0.));
#8932=DIRECTION('center_axis',(0.,0.,1.));
#8933=DIRECTION('ref_axis',(0.,1.,0.));
#8934=DIRECTION('',(0.,0.,-1.));
#8935=DIRECTION('center_axis',(0.,-1.,0.));
#8936=DIRECTION('ref_axis',(-1.,0.,0.));
#8937=DIRECTION('',(1.,0.,0.));
#8938=DIRECTION('',(-1.,0.,0.));
#8939=DIRECTION('center_axis',(0.,-1.,0.));
#8940=DIRECTION('ref_axis',(-1.,0.,0.));
#8941=DIRECTION('',(1.,0.,0.));
#8942=DIRECTION('',(0.,0.,-1.));
#8943=DIRECTION('',(-1.,0.,0.));
#8944=DIRECTION('',(0.,0.,-1.));
#8945=DIRECTION('center_axis',(0.,0.,-1.));
#8946=DIRECTION('ref_axis',(1.,0.,0.));
#8947=DIRECTION('center_axis',(0.,0.,-1.));
#8948=DIRECTION('ref_axis',(1.,0.,0.));
#8949=DIRECTION('center_axis',(0.,0.,1.));
#8950=DIRECTION('ref_axis',(1.,0.,0.));
#8951=DIRECTION('',(0.,0.,-1.));
#8952=DIRECTION('center_axis',(-1.,0.,0.));
#8953=DIRECTION('ref_axis',(0.,1.,0.));
#8954=DIRECTION('',(0.,-1.,0.));
#8955=DIRECTION('',(0.,1.,0.));
#8956=DIRECTION('',(0.,0.,-1.));
#8957=DIRECTION('center_axis',(0.,0.,-1.));
#8958=DIRECTION('ref_axis',(0.,-1.,0.));
#8959=DIRECTION('center_axis',(0.,0.,-1.));
#8960=DIRECTION('ref_axis',(0.,-1.,0.));
#8961=DIRECTION('center_axis',(0.,0.,1.));
#8962=DIRECTION('ref_axis',(0.,-1.,0.));
#8963=DIRECTION('',(0.,0.,-1.));
#8964=DIRECTION('center_axis',(0.,1.,0.));
#8965=DIRECTION('ref_axis',(1.,0.,0.));
#8966=DIRECTION('',(-1.,0.,0.));
#8967=DIRECTION('',(1.,0.,0.));
#8968=DIRECTION('',(0.,0.,-1.));
#8969=DIRECTION('center_axis',(0.,0.,-1.));
#8970=DIRECTION('ref_axis',(-1.,0.,0.));
#8971=DIRECTION('center_axis',(0.,0.,-1.));
#8972=DIRECTION('ref_axis',(-1.,0.,0.));
#8973=DIRECTION('center_axis',(0.,0.,1.));
#8974=DIRECTION('ref_axis',(-1.,0.,0.));
#8975=DIRECTION('',(0.,0.,-1.));
#8976=DIRECTION('center_axis',(1.,0.,0.));
#8977=DIRECTION('ref_axis',(0.,-1.,0.));
#8978=DIRECTION('',(0.,1.,0.));
#8979=DIRECTION('',(0.,-1.,0.));
#8980=DIRECTION('',(0.,0.,-1.));
#8981=DIRECTION('center_axis',(0.,0.,-1.));
#8982=DIRECTION('ref_axis',(0.,1.,0.));
#8983=DIRECTION('center_axis',(0.,0.,-1.));
#8984=DIRECTION('ref_axis',(0.,1.,0.));
#8985=DIRECTION('center_axis',(0.,0.,1.));
#8986=DIRECTION('ref_axis',(0.,1.,0.));
#8987=DIRECTION('center_axis',(0.,-1.,0.));
#8988=DIRECTION('ref_axis',(-1.,0.,0.));
#8989=DIRECTION('',(1.,0.,0.));
#8990=DIRECTION('',(0.,0.,-1.));
#8991=DIRECTION('',(-1.,0.,0.));
#8992=DIRECTION('',(0.,0.,-1.));
#8993=DIRECTION('center_axis',(0.,0.,-1.));
#8994=DIRECTION('ref_axis',(1.,0.,0.));
#8995=DIRECTION('center_axis',(0.,0.,-1.));
#8996=DIRECTION('ref_axis',(1.,0.,0.));
#8997=DIRECTION('center_axis',(0.,0.,1.));
#8998=DIRECTION('ref_axis',(1.,0.,0.));
#8999=DIRECTION('',(0.,0.,-1.));
#9000=DIRECTION('center_axis',(-1.,0.,0.));
#9001=DIRECTION('ref_axis',(0.,1.,0.));
#9002=DIRECTION('',(0.,-1.,0.));
#9003=DIRECTION('',(0.,1.,0.));
#9004=DIRECTION('',(0.,0.,-1.));
#9005=DIRECTION('center_axis',(0.,0.,-1.));
#9006=DIRECTION('ref_axis',(0.,-1.,0.));
#9007=DIRECTION('center_axis',(0.,0.,-1.));
#9008=DIRECTION('ref_axis',(0.,-1.,0.));
#9009=DIRECTION('center_axis',(0.,0.,1.));
#9010=DIRECTION('ref_axis',(0.,-1.,0.));
#9011=DIRECTION('',(0.,0.,-1.));
#9012=DIRECTION('center_axis',(0.,1.,0.));
#9013=DIRECTION('ref_axis',(1.,0.,0.));
#9014=DIRECTION('',(-1.,0.,0.));
#9015=DIRECTION('',(1.,0.,0.));
#9016=DIRECTION('',(0.,0.,-1.));
#9017=DIRECTION('center_axis',(0.,0.,-1.));
#9018=DIRECTION('ref_axis',(-1.,0.,0.));
#9019=DIRECTION('center_axis',(0.,0.,-1.));
#9020=DIRECTION('ref_axis',(-1.,0.,0.));
#9021=DIRECTION('center_axis',(0.,0.,1.));
#9022=DIRECTION('ref_axis',(-1.,0.,0.));
#9023=DIRECTION('',(0.,0.,-1.));
#9024=DIRECTION('center_axis',(1.,0.,0.));
#9025=DIRECTION('ref_axis',(0.,-1.,0.));
#9026=DIRECTION('',(0.,1.,0.));
#9027=DIRECTION('',(0.,-1.,0.));
#9028=DIRECTION('',(0.,0.,-1.));
#9029=DIRECTION('center_axis',(0.,0.,-1.));
#9030=DIRECTION('ref_axis',(0.,1.,0.));
#9031=DIRECTION('center_axis',(0.,0.,-1.));
#9032=DIRECTION('ref_axis',(0.,1.,0.));
#9033=DIRECTION('center_axis',(0.,0.,1.));
#9034=DIRECTION('ref_axis',(0.,1.,0.));
#9035=DIRECTION('center_axis',(0.,-1.,0.));
#9036=DIRECTION('ref_axis',(-1.,0.,0.));
#9037=DIRECTION('',(1.,0.,0.));
#9038=DIRECTION('',(0.,0.,-1.));
#9039=DIRECTION('',(-1.,0.,0.));
#9040=DIRECTION('',(0.,0.,-1.));
#9041=DIRECTION('center_axis',(0.,0.,-1.));
#9042=DIRECTION('ref_axis',(1.,0.,0.));
#9043=DIRECTION('center_axis',(0.,0.,-1.));
#9044=DIRECTION('ref_axis',(1.,0.,0.));
#9045=DIRECTION('center_axis',(0.,0.,1.));
#9046=DIRECTION('ref_axis',(1.,0.,0.));
#9047=DIRECTION('',(0.,0.,-1.));
#9048=DIRECTION('center_axis',(-1.,0.,0.));
#9049=DIRECTION('ref_axis',(0.,1.,0.));
#9050=DIRECTION('',(0.,-1.,0.));
#9051=DIRECTION('',(0.,1.,0.));
#9052=DIRECTION('',(0.,0.,-1.));
#9053=DIRECTION('center_axis',(0.,0.,-1.));
#9054=DIRECTION('ref_axis',(0.,-1.,0.));
#9055=DIRECTION('center_axis',(0.,0.,-1.));
#9056=DIRECTION('ref_axis',(0.,-1.,0.));
#9057=DIRECTION('center_axis',(0.,0.,1.));
#9058=DIRECTION('ref_axis',(0.,-1.,0.));
#9059=DIRECTION('',(0.,0.,-1.));
#9060=DIRECTION('center_axis',(0.,1.,0.));
#9061=DIRECTION('ref_axis',(1.,0.,0.));
#9062=DIRECTION('',(-1.,0.,0.));
#9063=DIRECTION('',(1.,0.,0.));
#9064=DIRECTION('',(0.,0.,-1.));
#9065=DIRECTION('center_axis',(0.,0.,-1.));
#9066=DIRECTION('ref_axis',(-1.,0.,0.));
#9067=DIRECTION('center_axis',(0.,0.,-1.));
#9068=DIRECTION('ref_axis',(-1.,0.,0.));
#9069=DIRECTION('center_axis',(0.,0.,1.));
#9070=DIRECTION('ref_axis',(-1.,0.,0.));
#9071=DIRECTION('',(0.,0.,-1.));
#9072=DIRECTION('center_axis',(1.,0.,0.));
#9073=DIRECTION('ref_axis',(0.,-1.,0.));
#9074=DIRECTION('',(0.,1.,0.));
#9075=DIRECTION('',(0.,-1.,0.));
#9076=DIRECTION('',(0.,0.,-1.));
#9077=DIRECTION('center_axis',(0.,0.,-1.));
#9078=DIRECTION('ref_axis',(0.,1.,0.));
#9079=DIRECTION('center_axis',(0.,0.,-1.));
#9080=DIRECTION('ref_axis',(0.,1.,0.));
#9081=DIRECTION('center_axis',(0.,0.,1.));
#9082=DIRECTION('ref_axis',(0.,1.,0.));
#9083=DIRECTION('center_axis',(0.,-1.,0.));
#9084=DIRECTION('ref_axis',(-1.,0.,0.));
#9085=DIRECTION('',(1.,0.,0.));
#9086=DIRECTION('',(0.,0.,-1.));
#9087=DIRECTION('',(-1.,0.,0.));
#9088=DIRECTION('',(0.,0.,-1.));
#9089=DIRECTION('center_axis',(0.,0.,-1.));
#9090=DIRECTION('ref_axis',(1.,0.,0.));
#9091=DIRECTION('center_axis',(0.,0.,-1.));
#9092=DIRECTION('ref_axis',(1.,0.,0.));
#9093=DIRECTION('center_axis',(0.,0.,1.));
#9094=DIRECTION('ref_axis',(1.,0.,0.));
#9095=DIRECTION('',(0.,0.,-1.));
#9096=DIRECTION('center_axis',(-1.,0.,0.));
#9097=DIRECTION('ref_axis',(0.,1.,0.));
#9098=DIRECTION('',(0.,-1.,0.));
#9099=DIRECTION('',(0.,1.,0.));
#9100=DIRECTION('',(0.,0.,-1.));
#9101=DIRECTION('center_axis',(0.,0.,-1.));
#9102=DIRECTION('ref_axis',(0.,-1.,0.));
#9103=DIRECTION('center_axis',(0.,0.,-1.));
#9104=DIRECTION('ref_axis',(0.,-1.,0.));
#9105=DIRECTION('center_axis',(0.,0.,1.));
#9106=DIRECTION('ref_axis',(0.,-1.,0.));
#9107=DIRECTION('',(0.,0.,-1.));
#9108=DIRECTION('center_axis',(0.,1.,0.));
#9109=DIRECTION('ref_axis',(1.,0.,0.));
#9110=DIRECTION('',(-1.,0.,0.));
#9111=DIRECTION('',(1.,0.,0.));
#9112=DIRECTION('',(0.,0.,-1.));
#9113=DIRECTION('center_axis',(0.,0.,-1.));
#9114=DIRECTION('ref_axis',(-1.,0.,0.));
#9115=DIRECTION('center_axis',(0.,0.,-1.));
#9116=DIRECTION('ref_axis',(-1.,0.,0.));
#9117=DIRECTION('center_axis',(0.,0.,1.));
#9118=DIRECTION('ref_axis',(-1.,0.,0.));
#9119=DIRECTION('',(0.,0.,-1.));
#9120=DIRECTION('center_axis',(1.,0.,0.));
#9121=DIRECTION('ref_axis',(0.,-1.,0.));
#9122=DIRECTION('',(0.,1.,0.));
#9123=DIRECTION('',(0.,-1.,0.));
#9124=DIRECTION('',(0.,0.,-1.));
#9125=DIRECTION('center_axis',(0.,0.,-1.));
#9126=DIRECTION('ref_axis',(0.,1.,0.));
#9127=DIRECTION('center_axis',(0.,0.,-1.));
#9128=DIRECTION('ref_axis',(0.,1.,0.));
#9129=DIRECTION('center_axis',(0.,0.,1.));
#9130=DIRECTION('ref_axis',(0.,1.,0.));
#9131=DIRECTION('center_axis',(0.,-1.,0.));
#9132=DIRECTION('ref_axis',(-1.,0.,0.));
#9133=DIRECTION('',(1.,0.,0.));
#9134=DIRECTION('',(0.,0.,-1.));
#9135=DIRECTION('',(-1.,0.,0.));
#9136=DIRECTION('',(0.,0.,-1.));
#9137=DIRECTION('center_axis',(0.,0.,-1.));
#9138=DIRECTION('ref_axis',(1.,0.,0.));
#9139=DIRECTION('center_axis',(0.,0.,-1.));
#9140=DIRECTION('ref_axis',(1.,0.,0.));
#9141=DIRECTION('center_axis',(0.,0.,1.));
#9142=DIRECTION('ref_axis',(1.,0.,0.));
#9143=DIRECTION('',(0.,0.,-1.));
#9144=DIRECTION('center_axis',(-1.,0.,0.));
#9145=DIRECTION('ref_axis',(0.,1.,0.));
#9146=DIRECTION('',(0.,-1.,0.));
#9147=DIRECTION('',(0.,1.,0.));
#9148=DIRECTION('',(0.,0.,-1.));
#9149=DIRECTION('center_axis',(0.,0.,-1.));
#9150=DIRECTION('ref_axis',(0.,-1.,0.));
#9151=DIRECTION('center_axis',(0.,0.,-1.));
#9152=DIRECTION('ref_axis',(0.,-1.,0.));
#9153=DIRECTION('center_axis',(0.,0.,1.));
#9154=DIRECTION('ref_axis',(0.,-1.,0.));
#9155=DIRECTION('',(0.,0.,-1.));
#9156=DIRECTION('center_axis',(0.,1.,0.));
#9157=DIRECTION('ref_axis',(1.,0.,0.));
#9158=DIRECTION('',(-1.,0.,0.));
#9159=DIRECTION('',(1.,0.,0.));
#9160=DIRECTION('',(0.,0.,-1.));
#9161=DIRECTION('center_axis',(0.,0.,-1.));
#9162=DIRECTION('ref_axis',(-1.,0.,0.));
#9163=DIRECTION('center_axis',(0.,0.,-1.));
#9164=DIRECTION('ref_axis',(-1.,0.,0.));
#9165=DIRECTION('center_axis',(0.,0.,1.));
#9166=DIRECTION('ref_axis',(-1.,0.,0.));
#9167=DIRECTION('',(0.,0.,-1.));
#9168=DIRECTION('center_axis',(1.,0.,0.));
#9169=DIRECTION('ref_axis',(0.,-1.,0.));
#9170=DIRECTION('',(0.,1.,0.));
#9171=DIRECTION('',(0.,-1.,0.));
#9172=DIRECTION('',(0.,0.,-1.));
#9173=DIRECTION('center_axis',(0.,0.,-1.));
#9174=DIRECTION('ref_axis',(0.,1.,0.));
#9175=DIRECTION('center_axis',(0.,0.,-1.));
#9176=DIRECTION('ref_axis',(0.,1.,0.));
#9177=DIRECTION('center_axis',(0.,0.,1.));
#9178=DIRECTION('ref_axis',(0.,1.,0.));
#9179=DIRECTION('center_axis',(0.,-1.,0.));
#9180=DIRECTION('ref_axis',(-1.,0.,0.));
#9181=DIRECTION('',(1.,0.,0.));
#9182=DIRECTION('',(0.,0.,-1.));
#9183=DIRECTION('',(-1.,0.,0.));
#9184=DIRECTION('',(0.,0.,-1.));
#9185=DIRECTION('center_axis',(0.,0.,-1.));
#9186=DIRECTION('ref_axis',(1.,0.,0.));
#9187=DIRECTION('center_axis',(0.,0.,-1.));
#9188=DIRECTION('ref_axis',(1.,0.,0.));
#9189=DIRECTION('center_axis',(0.,0.,1.));
#9190=DIRECTION('ref_axis',(1.,0.,0.));
#9191=DIRECTION('',(0.,0.,-1.));
#9192=DIRECTION('center_axis',(-1.,0.,0.));
#9193=DIRECTION('ref_axis',(0.,1.,0.));
#9194=DIRECTION('',(0.,-1.,0.));
#9195=DIRECTION('',(0.,1.,0.));
#9196=DIRECTION('',(0.,0.,-1.));
#9197=DIRECTION('center_axis',(0.,0.,-1.));
#9198=DIRECTION('ref_axis',(3.55271367880048E-14,-1.,0.));
#9199=DIRECTION('center_axis',(0.,0.,-1.));
#9200=DIRECTION('ref_axis',(3.55271367880048E-14,-1.,0.));
#9201=DIRECTION('center_axis',(0.,0.,1.));
#9202=DIRECTION('ref_axis',(3.55271367880048E-14,-1.,0.));
#9203=DIRECTION('',(0.,0.,-1.));
#9204=DIRECTION('center_axis',(0.,1.,0.));
#9205=DIRECTION('ref_axis',(1.,0.,0.));
#9206=DIRECTION('',(-1.,0.,0.));
#9207=DIRECTION('',(1.,0.,0.));
#9208=DIRECTION('',(0.,0.,-1.));
#9209=DIRECTION('center_axis',(0.,0.,-1.));
#9210=DIRECTION('ref_axis',(-1.,0.,0.));
#9211=DIRECTION('center_axis',(0.,0.,-1.));
#9212=DIRECTION('ref_axis',(-1.,0.,0.));
#9213=DIRECTION('center_axis',(0.,0.,1.));
#9214=DIRECTION('ref_axis',(-1.,0.,0.));
#9215=DIRECTION('',(0.,0.,-1.));
#9216=DIRECTION('center_axis',(1.,0.,0.));
#9217=DIRECTION('ref_axis',(0.,-1.,0.));
#9218=DIRECTION('',(0.,1.,0.));
#9219=DIRECTION('',(0.,-1.,0.));
#9220=DIRECTION('',(0.,0.,-1.));
#9221=DIRECTION('center_axis',(0.,0.,-1.));
#9222=DIRECTION('ref_axis',(0.,1.,0.));
#9223=DIRECTION('center_axis',(0.,0.,-1.));
#9224=DIRECTION('ref_axis',(0.,1.,0.));
#9225=DIRECTION('center_axis',(0.,0.,1.));
#9226=DIRECTION('ref_axis',(0.,1.,0.));
#9227=DIRECTION('center_axis',(0.,-1.,0.));
#9228=DIRECTION('ref_axis',(-1.,0.,0.));
#9229=DIRECTION('',(1.,0.,0.));
#9230=DIRECTION('',(0.,0.,-1.));
#9231=DIRECTION('',(-1.,0.,0.));
#9232=DIRECTION('',(0.,0.,-1.));
#9233=DIRECTION('center_axis',(0.,0.,-1.));
#9234=DIRECTION('ref_axis',(1.,0.,0.));
#9235=DIRECTION('center_axis',(0.,0.,-1.));
#9236=DIRECTION('ref_axis',(1.,0.,0.));
#9237=DIRECTION('center_axis',(0.,0.,1.));
#9238=DIRECTION('ref_axis',(1.,0.,0.));
#9239=DIRECTION('',(0.,0.,-1.));
#9240=DIRECTION('center_axis',(-1.,0.,0.));
#9241=DIRECTION('ref_axis',(0.,1.,0.));
#9242=DIRECTION('',(0.,-1.,0.));
#9243=DIRECTION('',(0.,1.,0.));
#9244=DIRECTION('',(0.,0.,-1.));
#9245=DIRECTION('center_axis',(0.,0.,-1.));
#9246=DIRECTION('ref_axis',(0.,-1.,0.));
#9247=DIRECTION('center_axis',(0.,0.,-1.));
#9248=DIRECTION('ref_axis',(0.,-1.,0.));
#9249=DIRECTION('center_axis',(0.,0.,1.));
#9250=DIRECTION('ref_axis',(0.,-1.,0.));
#9251=DIRECTION('',(0.,0.,-1.));
#9252=DIRECTION('center_axis',(0.,1.,0.));
#9253=DIRECTION('ref_axis',(1.,0.,0.));
#9254=DIRECTION('',(-1.,0.,0.));
#9255=DIRECTION('',(1.,0.,0.));
#9256=DIRECTION('',(0.,0.,-1.));
#9257=DIRECTION('center_axis',(0.,0.,-1.));
#9258=DIRECTION('ref_axis',(-1.,0.,0.));
#9259=DIRECTION('center_axis',(0.,0.,-1.));
#9260=DIRECTION('ref_axis',(-1.,0.,0.));
#9261=DIRECTION('center_axis',(0.,0.,1.));
#9262=DIRECTION('ref_axis',(-1.,0.,0.));
#9263=DIRECTION('',(0.,0.,-1.));
#9264=DIRECTION('center_axis',(1.,0.,0.));
#9265=DIRECTION('ref_axis',(0.,-1.,0.));
#9266=DIRECTION('',(0.,1.,0.));
#9267=DIRECTION('',(0.,-1.,0.));
#9268=DIRECTION('',(0.,0.,-1.));
#9269=DIRECTION('center_axis',(0.,0.,-1.));
#9270=DIRECTION('ref_axis',(0.,1.,0.));
#9271=DIRECTION('center_axis',(0.,0.,-1.));
#9272=DIRECTION('ref_axis',(0.,1.,0.));
#9273=DIRECTION('center_axis',(0.,0.,1.));
#9274=DIRECTION('ref_axis',(0.,1.,0.));
#9275=DIRECTION('center_axis',(0.,0.,-1.));
#9276=DIRECTION('ref_axis',(1.,0.,0.));
#9277=DIRECTION('center_axis',(0.,0.,1.));
#9278=DIRECTION('ref_axis',(1.,0.,0.));
#9279=DIRECTION('',(0.,0.,1.));
#9280=DIRECTION('center_axis',(0.,0.,-1.));
#9281=DIRECTION('ref_axis',(1.,0.,0.));
#9282=DIRECTION('center_axis',(0.,-1.,0.));
#9283=DIRECTION('ref_axis',(-1.,0.,0.));
#9284=DIRECTION('',(1.,0.,0.));
#9285=DIRECTION('',(0.,0.,-1.));
#9286=DIRECTION('',(-1.,0.,0.));
#9287=DIRECTION('',(0.,0.,-1.));
#9288=DIRECTION('center_axis',(0.,0.,-1.));
#9289=DIRECTION('ref_axis',(1.,0.,0.));
#9290=DIRECTION('center_axis',(0.,0.,-1.));
#9291=DIRECTION('ref_axis',(1.,0.,0.));
#9292=DIRECTION('center_axis',(0.,0.,1.));
#9293=DIRECTION('ref_axis',(1.,0.,0.));
#9294=DIRECTION('',(0.,0.,-1.));
#9295=DIRECTION('center_axis',(-1.,0.,0.));
#9296=DIRECTION('ref_axis',(0.,1.,0.));
#9297=DIRECTION('',(0.,-1.,0.));
#9298=DIRECTION('',(0.,1.,0.));
#9299=DIRECTION('',(0.,0.,-1.));
#9300=DIRECTION('center_axis',(0.,0.,-1.));
#9301=DIRECTION('ref_axis',(0.,-1.,0.));
#9302=DIRECTION('center_axis',(0.,0.,-1.));
#9303=DIRECTION('ref_axis',(0.,-1.,0.));
#9304=DIRECTION('center_axis',(0.,0.,1.));
#9305=DIRECTION('ref_axis',(0.,-1.,0.));
#9306=DIRECTION('',(0.,0.,-1.));
#9307=DIRECTION('center_axis',(0.,1.,0.));
#9308=DIRECTION('ref_axis',(1.,0.,0.));
#9309=DIRECTION('',(-1.,0.,0.));
#9310=DIRECTION('',(1.,0.,0.));
#9311=DIRECTION('',(0.,0.,-1.));
#9312=DIRECTION('center_axis',(0.,0.,-1.));
#9313=DIRECTION('ref_axis',(-1.,0.,0.));
#9314=DIRECTION('center_axis',(0.,0.,-1.));
#9315=DIRECTION('ref_axis',(-1.,0.,0.));
#9316=DIRECTION('center_axis',(0.,0.,1.));
#9317=DIRECTION('ref_axis',(-1.,0.,0.));
#9318=DIRECTION('',(0.,0.,-1.));
#9319=DIRECTION('center_axis',(1.,0.,0.));
#9320=DIRECTION('ref_axis',(0.,-1.,0.));
#9321=DIRECTION('',(0.,1.,0.));
#9322=DIRECTION('',(0.,-1.,0.));
#9323=DIRECTION('',(0.,0.,-1.));
#9324=DIRECTION('center_axis',(0.,0.,-1.));
#9325=DIRECTION('ref_axis',(0.,1.,0.));
#9326=DIRECTION('center_axis',(0.,0.,-1.));
#9327=DIRECTION('ref_axis',(0.,1.,0.));
#9328=DIRECTION('center_axis',(0.,0.,1.));
#9329=DIRECTION('ref_axis',(0.,1.,0.));
#9330=DIRECTION('center_axis',(1.,0.,0.));
#9331=DIRECTION('ref_axis',(0.,-1.,0.));
#9332=DIRECTION('',(0.,1.,0.));
#9333=DIRECTION('',(0.,0.,-1.));
#9334=DIRECTION('',(0.,-1.,0.));
#9335=DIRECTION('',(0.,0.,-1.));
#9336=DIRECTION('center_axis',(0.,0.,-1.));
#9337=DIRECTION('ref_axis',(0.,1.,0.));
#9338=DIRECTION('center_axis',(0.,0.,-1.));
#9339=DIRECTION('ref_axis',(0.,1.,0.));
#9340=DIRECTION('center_axis',(0.,0.,1.));
#9341=DIRECTION('ref_axis',(0.,1.,0.));
#9342=DIRECTION('',(0.,0.,-1.));
#9343=DIRECTION('center_axis',(0.,-1.,0.));
#9344=DIRECTION('ref_axis',(-1.,0.,0.));
#9345=DIRECTION('',(1.,0.,0.));
#9346=DIRECTION('',(-1.,0.,0.));
#9347=DIRECTION('',(0.,0.,-1.));
#9348=DIRECTION('center_axis',(0.,0.,-1.));
#9349=DIRECTION('ref_axis',(1.,0.,0.));
#9350=DIRECTION('center_axis',(0.,0.,-1.));
#9351=DIRECTION('ref_axis',(1.,0.,0.));
#9352=DIRECTION('center_axis',(0.,0.,1.));
#9353=DIRECTION('ref_axis',(1.,0.,0.));
#9354=DIRECTION('',(0.,0.,-1.));
#9355=DIRECTION('center_axis',(-1.,0.,0.));
#9356=DIRECTION('ref_axis',(0.,1.,0.));
#9357=DIRECTION('',(0.,-1.,0.));
#9358=DIRECTION('',(0.,1.,0.));
#9359=DIRECTION('',(0.,0.,-1.));
#9360=DIRECTION('center_axis',(0.,0.,-1.));
#9361=DIRECTION('ref_axis',(0.,-1.,0.));
#9362=DIRECTION('center_axis',(0.,0.,-1.));
#9363=DIRECTION('ref_axis',(0.,-1.,0.));
#9364=DIRECTION('center_axis',(0.,0.,1.));
#9365=DIRECTION('ref_axis',(0.,-1.,0.));
#9366=DIRECTION('',(0.,0.,-1.));
#9367=DIRECTION('center_axis',(0.,1.,0.));
#9368=DIRECTION('ref_axis',(1.,0.,0.));
#9369=DIRECTION('',(-1.,0.,0.));
#9370=DIRECTION('',(1.,0.,0.));
#9371=DIRECTION('',(0.,0.,-1.));
#9372=DIRECTION('center_axis',(0.,0.,-1.));
#9373=DIRECTION('ref_axis',(-1.,0.,0.));
#9374=DIRECTION('center_axis',(0.,0.,-1.));
#9375=DIRECTION('ref_axis',(-1.,0.,0.));
#9376=DIRECTION('center_axis',(0.,0.,1.));
#9377=DIRECTION('ref_axis',(-1.,0.,0.));
#9378=DIRECTION('center_axis',(0.,-1.,0.));
#9379=DIRECTION('ref_axis',(-1.,0.,0.));
#9380=DIRECTION('',(1.,0.,0.));
#9381=DIRECTION('',(0.,0.,-1.));
#9382=DIRECTION('',(-1.,0.,0.));
#9383=DIRECTION('',(0.,0.,-1.));
#9384=DIRECTION('center_axis',(0.,0.,-1.));
#9385=DIRECTION('ref_axis',(1.,0.,0.));
#9386=DIRECTION('center_axis',(0.,0.,-1.));
#9387=DIRECTION('ref_axis',(1.,0.,0.));
#9388=DIRECTION('center_axis',(0.,0.,1.));
#9389=DIRECTION('ref_axis',(1.,0.,0.));
#9390=DIRECTION('',(0.,0.,-1.));
#9391=DIRECTION('center_axis',(-1.,0.,0.));
#9392=DIRECTION('ref_axis',(0.,1.,0.));
#9393=DIRECTION('',(0.,-1.,0.));
#9394=DIRECTION('',(0.,1.,0.));
#9395=DIRECTION('',(0.,0.,-1.));
#9396=DIRECTION('center_axis',(0.,0.,-1.));
#9397=DIRECTION('ref_axis',(0.,-1.,0.));
#9398=DIRECTION('center_axis',(0.,0.,-1.));
#9399=DIRECTION('ref_axis',(0.,-1.,0.));
#9400=DIRECTION('center_axis',(0.,0.,1.));
#9401=DIRECTION('ref_axis',(0.,-1.,0.));
#9402=DIRECTION('',(0.,0.,-1.));
#9403=DIRECTION('center_axis',(0.,1.,0.));
#9404=DIRECTION('ref_axis',(1.,0.,0.));
#9405=DIRECTION('',(-1.,0.,0.));
#9406=DIRECTION('',(1.,0.,0.));
#9407=DIRECTION('',(0.,0.,-1.));
#9408=DIRECTION('center_axis',(0.,0.,-1.));
#9409=DIRECTION('ref_axis',(-1.,0.,0.));
#9410=DIRECTION('center_axis',(0.,0.,-1.));
#9411=DIRECTION('ref_axis',(-1.,0.,0.));
#9412=DIRECTION('center_axis',(0.,0.,1.));
#9413=DIRECTION('ref_axis',(-1.,0.,0.));
#9414=DIRECTION('',(0.,0.,-1.));
#9415=DIRECTION('center_axis',(1.,0.,0.));
#9416=DIRECTION('ref_axis',(0.,-1.,0.));
#9417=DIRECTION('',(0.,1.,0.));
#9418=DIRECTION('',(0.,-1.,0.));
#9419=DIRECTION('',(0.,0.,-1.));
#9420=DIRECTION('center_axis',(0.,0.,-1.));
#9421=DIRECTION('ref_axis',(0.,1.,0.));
#9422=DIRECTION('center_axis',(0.,0.,-1.));
#9423=DIRECTION('ref_axis',(0.,1.,0.));
#9424=DIRECTION('center_axis',(0.,0.,1.));
#9425=DIRECTION('ref_axis',(0.,1.,0.));
#9426=DIRECTION('center_axis',(0.,0.,-1.));
#9427=DIRECTION('ref_axis',(1.,0.,0.));
#9428=DIRECTION('center_axis',(0.,0.,1.));
#9429=DIRECTION('ref_axis',(1.,0.,0.));
#9430=DIRECTION('',(0.,0.,1.));
#9431=DIRECTION('center_axis',(0.,0.,-1.));
#9432=DIRECTION('ref_axis',(1.,0.,0.));
#9433=DIRECTION('center_axis',(0.,-1.,0.));
#9434=DIRECTION('ref_axis',(-1.,0.,0.));
#9435=DIRECTION('',(1.,0.,0.));
#9436=DIRECTION('',(0.,0.,-1.));
#9437=DIRECTION('',(-1.,0.,0.));
#9438=DIRECTION('',(0.,0.,-1.));
#9439=DIRECTION('center_axis',(0.,0.,-1.));
#9440=DIRECTION('ref_axis',(1.,0.,0.));
#9441=DIRECTION('center_axis',(0.,0.,-1.));
#9442=DIRECTION('ref_axis',(1.,0.,0.));
#9443=DIRECTION('center_axis',(0.,0.,1.));
#9444=DIRECTION('ref_axis',(1.,0.,0.));
#9445=DIRECTION('',(0.,0.,-1.));
#9446=DIRECTION('center_axis',(-1.,0.,0.));
#9447=DIRECTION('ref_axis',(0.,1.,0.));
#9448=DIRECTION('',(0.,-1.,0.));
#9449=DIRECTION('',(0.,1.,0.));
#9450=DIRECTION('',(0.,0.,-1.));
#9451=DIRECTION('center_axis',(0.,0.,-1.));
#9452=DIRECTION('ref_axis',(0.,-1.,0.));
#9453=DIRECTION('center_axis',(0.,0.,-1.));
#9454=DIRECTION('ref_axis',(0.,-1.,0.));
#9455=DIRECTION('center_axis',(0.,0.,1.));
#9456=DIRECTION('ref_axis',(0.,-1.,0.));
#9457=DIRECTION('',(0.,0.,-1.));
#9458=DIRECTION('center_axis',(0.,1.,0.));
#9459=DIRECTION('ref_axis',(1.,0.,0.));
#9460=DIRECTION('',(-1.,0.,0.));
#9461=DIRECTION('',(1.,0.,0.));
#9462=DIRECTION('',(0.,0.,-1.));
#9463=DIRECTION('center_axis',(0.,0.,-1.));
#9464=DIRECTION('ref_axis',(-1.,0.,0.));
#9465=DIRECTION('center_axis',(0.,0.,-1.));
#9466=DIRECTION('ref_axis',(-1.,0.,0.));
#9467=DIRECTION('center_axis',(0.,0.,1.));
#9468=DIRECTION('ref_axis',(-1.,0.,0.));
#9469=DIRECTION('',(0.,0.,-1.));
#9470=DIRECTION('center_axis',(1.,0.,0.));
#9471=DIRECTION('ref_axis',(0.,-1.,0.));
#9472=DIRECTION('',(0.,1.,0.));
#9473=DIRECTION('',(0.,-1.,0.));
#9474=DIRECTION('',(0.,0.,-1.));
#9475=DIRECTION('center_axis',(0.,0.,-1.));
#9476=DIRECTION('ref_axis',(0.,1.,0.));
#9477=DIRECTION('center_axis',(0.,0.,-1.));
#9478=DIRECTION('ref_axis',(0.,1.,0.));
#9479=DIRECTION('center_axis',(0.,0.,1.));
#9480=DIRECTION('ref_axis',(0.,1.,0.));
#9481=DIRECTION('center_axis',(0.,-1.,0.));
#9482=DIRECTION('ref_axis',(-1.,0.,0.));
#9483=DIRECTION('',(1.,0.,0.));
#9484=DIRECTION('',(0.,0.,-1.));
#9485=DIRECTION('',(-1.,0.,0.));
#9486=DIRECTION('',(0.,0.,-1.));
#9487=DIRECTION('center_axis',(0.,0.,-1.));
#9488=DIRECTION('ref_axis',(1.,0.,0.));
#9489=DIRECTION('center_axis',(0.,0.,-1.));
#9490=DIRECTION('ref_axis',(1.,0.,0.));
#9491=DIRECTION('center_axis',(0.,0.,1.));
#9492=DIRECTION('ref_axis',(1.,0.,0.));
#9493=DIRECTION('',(0.,0.,-1.));
#9494=DIRECTION('center_axis',(-1.,0.,0.));
#9495=DIRECTION('ref_axis',(0.,1.,0.));
#9496=DIRECTION('',(0.,-1.,0.));
#9497=DIRECTION('',(0.,1.,0.));
#9498=DIRECTION('',(0.,0.,-1.));
#9499=DIRECTION('center_axis',(0.,0.,-1.));
#9500=DIRECTION('ref_axis',(0.,-1.,0.));
#9501=DIRECTION('center_axis',(0.,0.,-1.));
#9502=DIRECTION('ref_axis',(0.,-1.,0.));
#9503=DIRECTION('center_axis',(0.,0.,1.));
#9504=DIRECTION('ref_axis',(0.,-1.,0.));
#9505=DIRECTION('',(0.,0.,-1.));
#9506=DIRECTION('center_axis',(0.,1.,0.));
#9507=DIRECTION('ref_axis',(1.,0.,0.));
#9508=DIRECTION('',(-1.,0.,0.));
#9509=DIRECTION('',(1.,0.,0.));
#9510=DIRECTION('',(0.,0.,-1.));
#9511=DIRECTION('center_axis',(0.,0.,-1.));
#9512=DIRECTION('ref_axis',(-1.,0.,0.));
#9513=DIRECTION('center_axis',(0.,0.,-1.));
#9514=DIRECTION('ref_axis',(-1.,0.,0.));
#9515=DIRECTION('center_axis',(0.,0.,1.));
#9516=DIRECTION('ref_axis',(-1.,0.,0.));
#9517=DIRECTION('',(0.,0.,-1.));
#9518=DIRECTION('center_axis',(1.,0.,0.));
#9519=DIRECTION('ref_axis',(0.,-1.,0.));
#9520=DIRECTION('',(0.,1.,0.));
#9521=DIRECTION('',(0.,-1.,0.));
#9522=DIRECTION('',(0.,0.,-1.));
#9523=DIRECTION('center_axis',(0.,0.,-1.));
#9524=DIRECTION('ref_axis',(0.,1.,0.));
#9525=DIRECTION('center_axis',(0.,0.,-1.));
#9526=DIRECTION('ref_axis',(0.,1.,0.));
#9527=DIRECTION('center_axis',(0.,0.,1.));
#9528=DIRECTION('ref_axis',(0.,1.,0.));
#9529=DIRECTION('center_axis',(0.,-1.,0.));
#9530=DIRECTION('ref_axis',(-1.,0.,0.));
#9531=DIRECTION('',(1.,0.,0.));
#9532=DIRECTION('',(0.,0.,-1.));
#9533=DIRECTION('',(-1.,0.,0.));
#9534=DIRECTION('',(0.,0.,-1.));
#9535=DIRECTION('center_axis',(0.,0.,-1.));
#9536=DIRECTION('ref_axis',(1.,0.,0.));
#9537=DIRECTION('center_axis',(0.,0.,-1.));
#9538=DIRECTION('ref_axis',(1.,0.,0.));
#9539=DIRECTION('center_axis',(0.,0.,1.));
#9540=DIRECTION('ref_axis',(1.,0.,0.));
#9541=DIRECTION('',(0.,0.,-1.));
#9542=DIRECTION('center_axis',(-1.,0.,0.));
#9543=DIRECTION('ref_axis',(0.,1.,0.));
#9544=DIRECTION('',(0.,-1.,0.));
#9545=DIRECTION('',(0.,1.,0.));
#9546=DIRECTION('',(0.,0.,-1.));
#9547=DIRECTION('center_axis',(0.,0.,-1.));
#9548=DIRECTION('ref_axis',(0.,-1.,0.));
#9549=DIRECTION('center_axis',(0.,0.,-1.));
#9550=DIRECTION('ref_axis',(0.,-1.,0.));
#9551=DIRECTION('center_axis',(0.,0.,1.));
#9552=DIRECTION('ref_axis',(0.,-1.,0.));
#9553=DIRECTION('',(0.,0.,-1.));
#9554=DIRECTION('center_axis',(0.,1.,0.));
#9555=DIRECTION('ref_axis',(1.,0.,0.));
#9556=DIRECTION('',(-1.,0.,0.));
#9557=DIRECTION('',(1.,0.,0.));
#9558=DIRECTION('',(0.,0.,-1.));
#9559=DIRECTION('center_axis',(0.,0.,-1.));
#9560=DIRECTION('ref_axis',(-1.,0.,0.));
#9561=DIRECTION('center_axis',(0.,0.,-1.));
#9562=DIRECTION('ref_axis',(-1.,0.,0.));
#9563=DIRECTION('center_axis',(0.,0.,1.));
#9564=DIRECTION('ref_axis',(-1.,0.,0.));
#9565=DIRECTION('',(0.,0.,-1.));
#9566=DIRECTION('center_axis',(1.,0.,0.));
#9567=DIRECTION('ref_axis',(0.,-1.,0.));
#9568=DIRECTION('',(0.,1.,0.));
#9569=DIRECTION('',(0.,-1.,0.));
#9570=DIRECTION('',(0.,0.,-1.));
#9571=DIRECTION('center_axis',(0.,0.,-1.));
#9572=DIRECTION('ref_axis',(0.,1.,0.));
#9573=DIRECTION('center_axis',(0.,0.,-1.));
#9574=DIRECTION('ref_axis',(0.,1.,0.));
#9575=DIRECTION('center_axis',(0.,0.,1.));
#9576=DIRECTION('ref_axis',(0.,1.,0.));
#9577=DIRECTION('center_axis',(0.,-1.,0.));
#9578=DIRECTION('ref_axis',(-1.,0.,0.));
#9579=DIRECTION('',(1.,0.,0.));
#9580=DIRECTION('',(0.,0.,-1.));
#9581=DIRECTION('',(-1.,0.,0.));
#9582=DIRECTION('',(0.,0.,-1.));
#9583=DIRECTION('center_axis',(0.,0.,-1.));
#9584=DIRECTION('ref_axis',(1.,0.,0.));
#9585=DIRECTION('center_axis',(0.,0.,-1.));
#9586=DIRECTION('ref_axis',(1.,0.,0.));
#9587=DIRECTION('center_axis',(0.,0.,1.));
#9588=DIRECTION('ref_axis',(1.,0.,0.));
#9589=DIRECTION('',(0.,0.,-1.));
#9590=DIRECTION('center_axis',(-1.,0.,0.));
#9591=DIRECTION('ref_axis',(0.,1.,0.));
#9592=DIRECTION('',(0.,-1.,0.));
#9593=DIRECTION('',(0.,1.,0.));
#9594=DIRECTION('',(0.,0.,-1.));
#9595=DIRECTION('center_axis',(0.,0.,-1.));
#9596=DIRECTION('ref_axis',(0.,-1.,0.));
#9597=DIRECTION('center_axis',(0.,0.,-1.));
#9598=DIRECTION('ref_axis',(0.,-1.,0.));
#9599=DIRECTION('center_axis',(0.,0.,1.));
#9600=DIRECTION('ref_axis',(0.,-1.,0.));
#9601=DIRECTION('',(0.,0.,-1.));
#9602=DIRECTION('center_axis',(0.,1.,0.));
#9603=DIRECTION('ref_axis',(1.,0.,0.));
#9604=DIRECTION('',(-1.,0.,0.));
#9605=DIRECTION('',(1.,0.,0.));
#9606=DIRECTION('',(0.,0.,-1.));
#9607=DIRECTION('center_axis',(0.,0.,-1.));
#9608=DIRECTION('ref_axis',(-1.,0.,0.));
#9609=DIRECTION('center_axis',(0.,0.,-1.));
#9610=DIRECTION('ref_axis',(-1.,0.,0.));
#9611=DIRECTION('center_axis',(0.,0.,1.));
#9612=DIRECTION('ref_axis',(-1.,0.,0.));
#9613=DIRECTION('',(0.,0.,-1.));
#9614=DIRECTION('center_axis',(1.,0.,0.));
#9615=DIRECTION('ref_axis',(0.,-1.,0.));
#9616=DIRECTION('',(0.,1.,0.));
#9617=DIRECTION('',(0.,-1.,0.));
#9618=DIRECTION('',(0.,0.,-1.));
#9619=DIRECTION('center_axis',(0.,0.,-1.));
#9620=DIRECTION('ref_axis',(0.,1.,0.));
#9621=DIRECTION('center_axis',(0.,0.,-1.));
#9622=DIRECTION('ref_axis',(0.,1.,0.));
#9623=DIRECTION('center_axis',(0.,0.,1.));
#9624=DIRECTION('ref_axis',(0.,1.,0.));
#9625=DIRECTION('center_axis',(0.,-1.,0.));
#9626=DIRECTION('ref_axis',(-1.,0.,0.));
#9627=DIRECTION('',(1.,0.,0.));
#9628=DIRECTION('',(0.,0.,-1.));
#9629=DIRECTION('',(-1.,0.,0.));
#9630=DIRECTION('',(0.,0.,-1.));
#9631=DIRECTION('center_axis',(0.,0.,-1.));
#9632=DIRECTION('ref_axis',(1.,0.,0.));
#9633=DIRECTION('center_axis',(0.,0.,-1.));
#9634=DIRECTION('ref_axis',(1.,0.,0.));
#9635=DIRECTION('center_axis',(0.,0.,1.));
#9636=DIRECTION('ref_axis',(1.,0.,0.));
#9637=DIRECTION('',(0.,0.,-1.));
#9638=DIRECTION('center_axis',(-1.,0.,0.));
#9639=DIRECTION('ref_axis',(0.,1.,0.));
#9640=DIRECTION('',(0.,-1.,0.));
#9641=DIRECTION('',(0.,1.,0.));
#9642=DIRECTION('',(0.,0.,-1.));
#9643=DIRECTION('center_axis',(0.,0.,-1.));
#9644=DIRECTION('ref_axis',(0.,-1.,0.));
#9645=DIRECTION('center_axis',(0.,0.,-1.));
#9646=DIRECTION('ref_axis',(0.,-1.,0.));
#9647=DIRECTION('center_axis',(0.,0.,1.));
#9648=DIRECTION('ref_axis',(0.,-1.,0.));
#9649=DIRECTION('',(0.,0.,-1.));
#9650=DIRECTION('center_axis',(0.,1.,0.));
#9651=DIRECTION('ref_axis',(1.,0.,0.));
#9652=DIRECTION('',(-1.,0.,0.));
#9653=DIRECTION('',(1.,0.,0.));
#9654=DIRECTION('',(0.,0.,-1.));
#9655=DIRECTION('center_axis',(0.,0.,-1.));
#9656=DIRECTION('ref_axis',(-1.,0.,0.));
#9657=DIRECTION('center_axis',(0.,0.,-1.));
#9658=DIRECTION('ref_axis',(-1.,0.,0.));
#9659=DIRECTION('center_axis',(0.,0.,1.));
#9660=DIRECTION('ref_axis',(-1.,0.,0.));
#9661=DIRECTION('',(0.,0.,-1.));
#9662=DIRECTION('center_axis',(1.,0.,0.));
#9663=DIRECTION('ref_axis',(0.,-1.,0.));
#9664=DIRECTION('',(0.,1.,0.));
#9665=DIRECTION('',(0.,-1.,0.));
#9666=DIRECTION('',(0.,0.,-1.));
#9667=DIRECTION('center_axis',(0.,0.,-1.));
#9668=DIRECTION('ref_axis',(0.,1.,0.));
#9669=DIRECTION('center_axis',(0.,0.,-1.));
#9670=DIRECTION('ref_axis',(0.,1.,0.));
#9671=DIRECTION('center_axis',(0.,0.,1.));
#9672=DIRECTION('ref_axis',(0.,1.,0.));
#9673=DIRECTION('center_axis',(0.,0.,-1.));
#9674=DIRECTION('ref_axis',(1.,0.,0.));
#9675=DIRECTION('center_axis',(0.,0.,1.));
#9676=DIRECTION('ref_axis',(1.,0.,0.));
#9677=DIRECTION('',(0.,0.,1.));
#9678=DIRECTION('center_axis',(0.,0.,-1.));
#9679=DIRECTION('ref_axis',(1.,0.,0.));
#9680=DIRECTION('center_axis',(0.,0.,-1.));
#9681=DIRECTION('ref_axis',(1.,0.,0.));
#9682=DIRECTION('center_axis',(0.,0.,1.));
#9683=DIRECTION('ref_axis',(1.,0.,0.));
#9684=DIRECTION('',(0.,0.,1.));
#9685=DIRECTION('center_axis',(0.,0.,-1.));
#9686=DIRECTION('ref_axis',(1.,0.,0.));
#9687=DIRECTION('center_axis',(0.,-1.,0.));
#9688=DIRECTION('ref_axis',(-1.,0.,0.));
#9689=DIRECTION('',(1.,0.,0.));
#9690=DIRECTION('',(0.,0.,-1.));
#9691=DIRECTION('',(-1.,0.,0.));
#9692=DIRECTION('',(0.,0.,-1.));
#9693=DIRECTION('center_axis',(0.,0.,-1.));
#9694=DIRECTION('ref_axis',(1.,0.,0.));
#9695=DIRECTION('center_axis',(0.,0.,-1.));
#9696=DIRECTION('ref_axis',(1.,0.,0.));
#9697=DIRECTION('center_axis',(0.,0.,1.));
#9698=DIRECTION('ref_axis',(1.,0.,0.));
#9699=DIRECTION('',(0.,0.,-1.));
#9700=DIRECTION('center_axis',(-1.,0.,0.));
#9701=DIRECTION('ref_axis',(0.,1.,0.));
#9702=DIRECTION('',(0.,-1.,0.));
#9703=DIRECTION('',(0.,1.,0.));
#9704=DIRECTION('',(0.,0.,-1.));
#9705=DIRECTION('center_axis',(0.,0.,-1.));
#9706=DIRECTION('ref_axis',(0.,-1.,0.));
#9707=DIRECTION('center_axis',(0.,0.,-1.));
#9708=DIRECTION('ref_axis',(0.,-1.,0.));
#9709=DIRECTION('center_axis',(0.,0.,1.));
#9710=DIRECTION('ref_axis',(0.,-1.,0.));
#9711=DIRECTION('',(0.,0.,-1.));
#9712=DIRECTION('center_axis',(0.,1.,0.));
#9713=DIRECTION('ref_axis',(1.,0.,0.));
#9714=DIRECTION('',(-1.,0.,0.));
#9715=DIRECTION('',(1.,0.,0.));
#9716=DIRECTION('',(0.,0.,-1.));
#9717=DIRECTION('center_axis',(0.,0.,-1.));
#9718=DIRECTION('ref_axis',(-1.,0.,0.));
#9719=DIRECTION('center_axis',(0.,0.,-1.));
#9720=DIRECTION('ref_axis',(-1.,0.,0.));
#9721=DIRECTION('center_axis',(0.,0.,1.));
#9722=DIRECTION('ref_axis',(-1.,0.,0.));
#9723=DIRECTION('',(0.,0.,-1.));
#9724=DIRECTION('center_axis',(1.,0.,0.));
#9725=DIRECTION('ref_axis',(0.,-1.,0.));
#9726=DIRECTION('',(0.,1.,0.));
#9727=DIRECTION('',(0.,-1.,0.));
#9728=DIRECTION('',(0.,0.,-1.));
#9729=DIRECTION('center_axis',(0.,0.,-1.));
#9730=DIRECTION('ref_axis',(0.,1.,0.));
#9731=DIRECTION('center_axis',(0.,0.,-1.));
#9732=DIRECTION('ref_axis',(0.,1.,0.));
#9733=DIRECTION('center_axis',(0.,0.,1.));
#9734=DIRECTION('ref_axis',(0.,1.,0.));
#9735=DIRECTION('center_axis',(0.,-1.,0.));
#9736=DIRECTION('ref_axis',(-1.,0.,0.));
#9737=DIRECTION('',(1.,0.,0.));
#9738=DIRECTION('',(0.,0.,-1.));
#9739=DIRECTION('',(-1.,0.,0.));
#9740=DIRECTION('',(0.,0.,-1.));
#9741=DIRECTION('center_axis',(0.,0.,-1.));
#9742=DIRECTION('ref_axis',(1.,0.,0.));
#9743=DIRECTION('center_axis',(0.,0.,-1.));
#9744=DIRECTION('ref_axis',(1.,0.,0.));
#9745=DIRECTION('center_axis',(0.,0.,1.));
#9746=DIRECTION('ref_axis',(1.,0.,0.));
#9747=DIRECTION('',(0.,0.,-1.));
#9748=DIRECTION('center_axis',(-1.,0.,0.));
#9749=DIRECTION('ref_axis',(0.,1.,0.));
#9750=DIRECTION('',(0.,-1.,0.));
#9751=DIRECTION('',(0.,1.,0.));
#9752=DIRECTION('',(0.,0.,-1.));
#9753=DIRECTION('center_axis',(0.,0.,-1.));
#9754=DIRECTION('ref_axis',(0.,-1.,0.));
#9755=DIRECTION('center_axis',(0.,0.,-1.));
#9756=DIRECTION('ref_axis',(0.,-1.,0.));
#9757=DIRECTION('center_axis',(0.,0.,1.));
#9758=DIRECTION('ref_axis',(0.,-1.,0.));
#9759=DIRECTION('',(0.,0.,-1.));
#9760=DIRECTION('center_axis',(0.,1.,0.));
#9761=DIRECTION('ref_axis',(1.,0.,0.));
#9762=DIRECTION('',(-1.,0.,0.));
#9763=DIRECTION('',(1.,0.,0.));
#9764=DIRECTION('',(0.,0.,-1.));
#9765=DIRECTION('center_axis',(0.,0.,-1.));
#9766=DIRECTION('ref_axis',(-1.,0.,0.));
#9767=DIRECTION('center_axis',(0.,0.,-1.));
#9768=DIRECTION('ref_axis',(-1.,0.,0.));
#9769=DIRECTION('center_axis',(0.,0.,1.));
#9770=DIRECTION('ref_axis',(-1.,0.,0.));
#9771=DIRECTION('',(0.,0.,-1.));
#9772=DIRECTION('center_axis',(1.,0.,0.));
#9773=DIRECTION('ref_axis',(0.,-1.,0.));
#9774=DIRECTION('',(0.,1.,0.));
#9775=DIRECTION('',(0.,-1.,0.));
#9776=DIRECTION('',(0.,0.,-1.));
#9777=DIRECTION('center_axis',(0.,0.,-1.));
#9778=DIRECTION('ref_axis',(0.,1.,0.));
#9779=DIRECTION('center_axis',(0.,0.,-1.));
#9780=DIRECTION('ref_axis',(0.,1.,0.));
#9781=DIRECTION('center_axis',(0.,0.,1.));
#9782=DIRECTION('ref_axis',(0.,1.,0.));
#9783=DIRECTION('center_axis',(0.,-1.,0.));
#9784=DIRECTION('ref_axis',(-1.,0.,0.));
#9785=DIRECTION('',(1.,0.,0.));
#9786=DIRECTION('',(0.,0.,-1.));
#9787=DIRECTION('',(-1.,0.,0.));
#9788=DIRECTION('',(0.,0.,-1.));
#9789=DIRECTION('center_axis',(0.,0.,-1.));
#9790=DIRECTION('ref_axis',(1.,0.,0.));
#9791=DIRECTION('center_axis',(0.,0.,-1.));
#9792=DIRECTION('ref_axis',(1.,0.,0.));
#9793=DIRECTION('center_axis',(0.,0.,1.));
#9794=DIRECTION('ref_axis',(1.,0.,0.));
#9795=DIRECTION('',(0.,0.,-1.));
#9796=DIRECTION('center_axis',(-1.,0.,0.));
#9797=DIRECTION('ref_axis',(0.,1.,0.));
#9798=DIRECTION('',(0.,-1.,0.));
#9799=DIRECTION('',(0.,1.,0.));
#9800=DIRECTION('',(0.,0.,-1.));
#9801=DIRECTION('center_axis',(0.,0.,-1.));
#9802=DIRECTION('ref_axis',(0.,-1.,0.));
#9803=DIRECTION('center_axis',(0.,0.,-1.));
#9804=DIRECTION('ref_axis',(0.,-1.,0.));
#9805=DIRECTION('center_axis',(0.,0.,1.));
#9806=DIRECTION('ref_axis',(0.,-1.,0.));
#9807=DIRECTION('',(0.,0.,-1.));
#9808=DIRECTION('center_axis',(0.,1.,0.));
#9809=DIRECTION('ref_axis',(1.,0.,0.));
#9810=DIRECTION('',(-1.,0.,0.));
#9811=DIRECTION('',(1.,0.,0.));
#9812=DIRECTION('',(0.,0.,-1.));
#9813=DIRECTION('center_axis',(0.,0.,-1.));
#9814=DIRECTION('ref_axis',(-1.,0.,0.));
#9815=DIRECTION('center_axis',(0.,0.,-1.));
#9816=DIRECTION('ref_axis',(-1.,0.,0.));
#9817=DIRECTION('center_axis',(0.,0.,1.));
#9818=DIRECTION('ref_axis',(-1.,0.,0.));
#9819=DIRECTION('',(0.,0.,-1.));
#9820=DIRECTION('center_axis',(1.,0.,0.));
#9821=DIRECTION('ref_axis',(0.,-1.,0.));
#9822=DIRECTION('',(0.,1.,0.));
#9823=DIRECTION('',(0.,-1.,0.));
#9824=DIRECTION('',(0.,0.,-1.));
#9825=DIRECTION('center_axis',(0.,0.,-1.));
#9826=DIRECTION('ref_axis',(0.,1.,0.));
#9827=DIRECTION('center_axis',(0.,0.,-1.));
#9828=DIRECTION('ref_axis',(0.,1.,0.));
#9829=DIRECTION('center_axis',(0.,0.,1.));
#9830=DIRECTION('ref_axis',(0.,1.,0.));
#9831=DIRECTION('center_axis',(0.,-1.,0.));
#9832=DIRECTION('ref_axis',(-1.,0.,0.));
#9833=DIRECTION('',(1.,0.,0.));
#9834=DIRECTION('',(0.,0.,-1.));
#9835=DIRECTION('',(-1.,0.,0.));
#9836=DIRECTION('',(0.,0.,-1.));
#9837=DIRECTION('center_axis',(0.,0.,-1.));
#9838=DIRECTION('ref_axis',(1.,0.,0.));
#9839=DIRECTION('center_axis',(0.,0.,-1.));
#9840=DIRECTION('ref_axis',(1.,0.,0.));
#9841=DIRECTION('center_axis',(0.,0.,1.));
#9842=DIRECTION('ref_axis',(1.,0.,0.));
#9843=DIRECTION('',(0.,0.,-1.));
#9844=DIRECTION('center_axis',(-1.,0.,0.));
#9845=DIRECTION('ref_axis',(0.,1.,0.));
#9846=DIRECTION('',(0.,-1.,0.));
#9847=DIRECTION('',(0.,1.,0.));
#9848=DIRECTION('',(0.,0.,-1.));
#9849=DIRECTION('center_axis',(0.,0.,-1.));
#9850=DIRECTION('ref_axis',(0.,-1.,0.));
#9851=DIRECTION('center_axis',(0.,0.,-1.));
#9852=DIRECTION('ref_axis',(0.,-1.,0.));
#9853=DIRECTION('center_axis',(0.,0.,1.));
#9854=DIRECTION('ref_axis',(0.,-1.,0.));
#9855=DIRECTION('',(0.,0.,-1.));
#9856=DIRECTION('center_axis',(0.,1.,0.));
#9857=DIRECTION('ref_axis',(1.,0.,0.));
#9858=DIRECTION('',(-1.,0.,0.));
#9859=DIRECTION('',(1.,0.,0.));
#9860=DIRECTION('',(0.,0.,-1.));
#9861=DIRECTION('center_axis',(0.,0.,-1.));
#9862=DIRECTION('ref_axis',(-1.,0.,0.));
#9863=DIRECTION('center_axis',(0.,0.,-1.));
#9864=DIRECTION('ref_axis',(-1.,0.,0.));
#9865=DIRECTION('center_axis',(0.,0.,1.));
#9866=DIRECTION('ref_axis',(-1.,0.,0.));
#9867=DIRECTION('',(0.,0.,-1.));
#9868=DIRECTION('center_axis',(1.,0.,0.));
#9869=DIRECTION('ref_axis',(0.,-1.,0.));
#9870=DIRECTION('',(0.,1.,0.));
#9871=DIRECTION('',(0.,-1.,0.));
#9872=DIRECTION('',(0.,0.,-1.));
#9873=DIRECTION('center_axis',(0.,0.,-1.));
#9874=DIRECTION('ref_axis',(0.,1.,0.));
#9875=DIRECTION('center_axis',(0.,0.,-1.));
#9876=DIRECTION('ref_axis',(0.,1.,0.));
#9877=DIRECTION('center_axis',(0.,0.,1.));
#9878=DIRECTION('ref_axis',(0.,1.,0.));
#9879=DIRECTION('center_axis',(0.,-1.,0.));
#9880=DIRECTION('ref_axis',(-1.,0.,0.));
#9881=DIRECTION('',(1.,0.,0.));
#9882=DIRECTION('',(0.,0.,-1.));
#9883=DIRECTION('',(-1.,0.,0.));
#9884=DIRECTION('',(0.,0.,-1.));
#9885=DIRECTION('center_axis',(0.,0.,-1.));
#9886=DIRECTION('ref_axis',(1.,0.,0.));
#9887=DIRECTION('center_axis',(0.,0.,-1.));
#9888=DIRECTION('ref_axis',(1.,0.,0.));
#9889=DIRECTION('center_axis',(0.,0.,1.));
#9890=DIRECTION('ref_axis',(1.,0.,0.));
#9891=DIRECTION('',(0.,0.,-1.));
#9892=DIRECTION('center_axis',(-1.,0.,0.));
#9893=DIRECTION('ref_axis',(0.,1.,0.));
#9894=DIRECTION('',(0.,-1.,0.));
#9895=DIRECTION('',(0.,1.,0.));
#9896=DIRECTION('',(0.,0.,-1.));
#9897=DIRECTION('center_axis',(0.,0.,-1.));
#9898=DIRECTION('ref_axis',(0.,-1.,0.));
#9899=DIRECTION('center_axis',(0.,0.,-1.));
#9900=DIRECTION('ref_axis',(0.,-1.,0.));
#9901=DIRECTION('center_axis',(0.,0.,1.));
#9902=DIRECTION('ref_axis',(0.,-1.,0.));
#9903=DIRECTION('',(0.,0.,-1.));
#9904=DIRECTION('center_axis',(0.,1.,0.));
#9905=DIRECTION('ref_axis',(1.,0.,0.));
#9906=DIRECTION('',(-1.,0.,0.));
#9907=DIRECTION('',(1.,0.,0.));
#9908=DIRECTION('',(0.,0.,-1.));
#9909=DIRECTION('center_axis',(0.,0.,-1.));
#9910=DIRECTION('ref_axis',(-1.,0.,0.));
#9911=DIRECTION('center_axis',(0.,0.,-1.));
#9912=DIRECTION('ref_axis',(-1.,0.,0.));
#9913=DIRECTION('center_axis',(0.,0.,1.));
#9914=DIRECTION('ref_axis',(-1.,0.,0.));
#9915=DIRECTION('',(0.,0.,-1.));
#9916=DIRECTION('center_axis',(1.,0.,0.));
#9917=DIRECTION('ref_axis',(0.,-1.,0.));
#9918=DIRECTION('',(0.,1.,0.));
#9919=DIRECTION('',(0.,-1.,0.));
#9920=DIRECTION('',(0.,0.,-1.));
#9921=DIRECTION('center_axis',(0.,0.,-1.));
#9922=DIRECTION('ref_axis',(0.,1.,0.));
#9923=DIRECTION('center_axis',(0.,0.,-1.));
#9924=DIRECTION('ref_axis',(0.,1.,0.));
#9925=DIRECTION('center_axis',(0.,0.,1.));
#9926=DIRECTION('ref_axis',(0.,1.,0.));
#9927=DIRECTION('center_axis',(0.,0.,-1.));
#9928=DIRECTION('ref_axis',(1.,0.,0.));
#9929=DIRECTION('center_axis',(0.,0.,1.));
#9930=DIRECTION('ref_axis',(1.,0.,0.));
#9931=DIRECTION('',(0.,0.,1.));
#9932=DIRECTION('center_axis',(0.,0.,-1.));
#9933=DIRECTION('ref_axis',(1.,0.,0.));
#9934=DIRECTION('center_axis',(0.,-1.,0.));
#9935=DIRECTION('ref_axis',(-1.,0.,0.));
#9936=DIRECTION('',(1.,0.,0.));
#9937=DIRECTION('',(0.,0.,-1.));
#9938=DIRECTION('',(-1.,0.,0.));
#9939=DIRECTION('',(0.,0.,-1.));
#9940=DIRECTION('center_axis',(0.,0.,-1.));
#9941=DIRECTION('ref_axis',(1.,0.,0.));
#9942=DIRECTION('center_axis',(0.,0.,-1.));
#9943=DIRECTION('ref_axis',(1.,0.,0.));
#9944=DIRECTION('center_axis',(0.,0.,1.));
#9945=DIRECTION('ref_axis',(1.,0.,0.));
#9946=DIRECTION('',(0.,0.,-1.));
#9947=DIRECTION('center_axis',(-1.,0.,0.));
#9948=DIRECTION('ref_axis',(0.,1.,0.));
#9949=DIRECTION('',(0.,-1.,0.));
#9950=DIRECTION('',(0.,1.,0.));
#9951=DIRECTION('',(0.,0.,-1.));
#9952=DIRECTION('center_axis',(0.,0.,-1.));
#9953=DIRECTION('ref_axis',(0.,-1.,0.));
#9954=DIRECTION('center_axis',(0.,0.,-1.));
#9955=DIRECTION('ref_axis',(0.,-1.,0.));
#9956=DIRECTION('center_axis',(0.,0.,1.));
#9957=DIRECTION('ref_axis',(0.,-1.,0.));
#9958=DIRECTION('',(0.,0.,-1.));
#9959=DIRECTION('center_axis',(0.,1.,0.));
#9960=DIRECTION('ref_axis',(1.,0.,0.));
#9961=DIRECTION('',(-1.,0.,0.));
#9962=DIRECTION('',(1.,0.,0.));
#9963=DIRECTION('',(0.,0.,-1.));
#9964=DIRECTION('center_axis',(0.,0.,-1.));
#9965=DIRECTION('ref_axis',(-1.,0.,0.));
#9966=DIRECTION('center_axis',(0.,0.,-1.));
#9967=DIRECTION('ref_axis',(-1.,0.,0.));
#9968=DIRECTION('center_axis',(0.,0.,1.));
#9969=DIRECTION('ref_axis',(-1.,0.,0.));
#9970=DIRECTION('',(0.,0.,-1.));
#9971=DIRECTION('center_axis',(1.,0.,0.));
#9972=DIRECTION('ref_axis',(0.,-1.,0.));
#9973=DIRECTION('',(0.,1.,0.));
#9974=DIRECTION('',(0.,-1.,0.));
#9975=DIRECTION('',(0.,0.,-1.));
#9976=DIRECTION('center_axis',(0.,0.,-1.));
#9977=DIRECTION('ref_axis',(0.,1.,0.));
#9978=DIRECTION('center_axis',(0.,0.,-1.));
#9979=DIRECTION('ref_axis',(0.,1.,0.));
#9980=DIRECTION('center_axis',(0.,0.,1.));
#9981=DIRECTION('ref_axis',(0.,1.,0.));
#9982=DIRECTION('center_axis',(0.,-1.,0.));
#9983=DIRECTION('ref_axis',(-1.,0.,0.));
#9984=DIRECTION('',(1.,0.,0.));
#9985=DIRECTION('',(0.,0.,-1.));
#9986=DIRECTION('',(-1.,0.,0.));
#9987=DIRECTION('',(0.,0.,-1.));
#9988=DIRECTION('center_axis',(0.,0.,-1.));
#9989=DIRECTION('ref_axis',(1.,0.,0.));
#9990=DIRECTION('center_axis',(0.,0.,-1.));
#9991=DIRECTION('ref_axis',(1.,0.,0.));
#9992=DIRECTION('center_axis',(0.,0.,1.));
#9993=DIRECTION('ref_axis',(1.,0.,0.));
#9994=DIRECTION('',(0.,0.,-1.));
#9995=DIRECTION('center_axis',(-1.,0.,0.));
#9996=DIRECTION('ref_axis',(0.,1.,0.));
#9997=DIRECTION('',(0.,-1.,0.));
#9998=DIRECTION('',(0.,1.,0.));
#9999=DIRECTION('',(0.,0.,-1.));
#10000=DIRECTION('center_axis',(0.,0.,-1.));
#10001=DIRECTION('ref_axis',(0.,-1.,0.));
#10002=DIRECTION('center_axis',(0.,0.,-1.));
#10003=DIRECTION('ref_axis',(0.,-1.,0.));
#10004=DIRECTION('center_axis',(0.,0.,1.));
#10005=DIRECTION('ref_axis',(0.,-1.,0.));
#10006=DIRECTION('',(0.,0.,-1.));
#10007=DIRECTION('center_axis',(0.,1.,0.));
#10008=DIRECTION('ref_axis',(1.,0.,0.));
#10009=DIRECTION('',(-1.,0.,0.));
#10010=DIRECTION('',(1.,0.,0.));
#10011=DIRECTION('',(0.,0.,-1.));
#10012=DIRECTION('center_axis',(0.,0.,-1.));
#10013=DIRECTION('ref_axis',(-1.,0.,0.));
#10014=DIRECTION('center_axis',(0.,0.,-1.));
#10015=DIRECTION('ref_axis',(-1.,0.,0.));
#10016=DIRECTION('center_axis',(0.,0.,1.));
#10017=DIRECTION('ref_axis',(-1.,0.,0.));
#10018=DIRECTION('',(0.,0.,-1.));
#10019=DIRECTION('center_axis',(1.,0.,0.));
#10020=DIRECTION('ref_axis',(0.,-1.,0.));
#10021=DIRECTION('',(0.,1.,0.));
#10022=DIRECTION('',(0.,-1.,0.));
#10023=DIRECTION('',(0.,0.,-1.));
#10024=DIRECTION('center_axis',(0.,0.,-1.));
#10025=DIRECTION('ref_axis',(0.,1.,0.));
#10026=DIRECTION('center_axis',(0.,0.,-1.));
#10027=DIRECTION('ref_axis',(0.,1.,0.));
#10028=DIRECTION('center_axis',(0.,0.,1.));
#10029=DIRECTION('ref_axis',(0.,1.,0.));
#10030=DIRECTION('center_axis',(0.,0.,-1.));
#10031=DIRECTION('ref_axis',(1.,0.,0.));
#10032=DIRECTION('center_axis',(0.,0.,1.));
#10033=DIRECTION('ref_axis',(1.,0.,0.));
#10034=DIRECTION('',(0.,0.,1.));
#10035=DIRECTION('center_axis',(0.,0.,-1.));
#10036=DIRECTION('ref_axis',(1.,0.,0.));
#10037=DIRECTION('center_axis',(0.,-1.,0.));
#10038=DIRECTION('ref_axis',(-1.,0.,0.));
#10039=DIRECTION('',(1.,0.,0.));
#10040=DIRECTION('',(0.,0.,-1.));
#10041=DIRECTION('',(-1.,0.,0.));
#10042=DIRECTION('',(0.,0.,-1.));
#10043=DIRECTION('center_axis',(0.,0.,-1.));
#10044=DIRECTION('ref_axis',(1.,0.,0.));
#10045=DIRECTION('center_axis',(0.,0.,-1.));
#10046=DIRECTION('ref_axis',(1.,0.,0.));
#10047=DIRECTION('center_axis',(0.,0.,1.));
#10048=DIRECTION('ref_axis',(1.,0.,0.));
#10049=DIRECTION('',(0.,0.,-1.));
#10050=DIRECTION('center_axis',(-1.,0.,0.));
#10051=DIRECTION('ref_axis',(0.,1.,0.));
#10052=DIRECTION('',(0.,-1.,0.));
#10053=DIRECTION('',(0.,1.,0.));
#10054=DIRECTION('',(0.,0.,-1.));
#10055=DIRECTION('center_axis',(0.,0.,-1.));
#10056=DIRECTION('ref_axis',(0.,-1.,0.));
#10057=DIRECTION('center_axis',(0.,0.,-1.));
#10058=DIRECTION('ref_axis',(0.,-1.,0.));
#10059=DIRECTION('center_axis',(0.,0.,1.));
#10060=DIRECTION('ref_axis',(0.,-1.,0.));
#10061=DIRECTION('',(0.,0.,-1.));
#10062=DIRECTION('center_axis',(0.,1.,0.));
#10063=DIRECTION('ref_axis',(1.,0.,0.));
#10064=DIRECTION('',(-1.,0.,0.));
#10065=DIRECTION('',(1.,0.,0.));
#10066=DIRECTION('',(0.,0.,-1.));
#10067=DIRECTION('center_axis',(0.,0.,-1.));
#10068=DIRECTION('ref_axis',(-1.,0.,0.));
#10069=DIRECTION('center_axis',(0.,0.,-1.));
#10070=DIRECTION('ref_axis',(-1.,0.,0.));
#10071=DIRECTION('center_axis',(0.,0.,1.));
#10072=DIRECTION('ref_axis',(-1.,0.,0.));
#10073=DIRECTION('',(0.,0.,-1.));
#10074=DIRECTION('center_axis',(1.,0.,0.));
#10075=DIRECTION('ref_axis',(0.,-1.,0.));
#10076=DIRECTION('',(0.,1.,0.));
#10077=DIRECTION('',(0.,-1.,0.));
#10078=DIRECTION('',(0.,0.,-1.));
#10079=DIRECTION('center_axis',(0.,0.,-1.));
#10080=DIRECTION('ref_axis',(0.,1.,0.));
#10081=DIRECTION('center_axis',(0.,0.,-1.));
#10082=DIRECTION('ref_axis',(0.,1.,0.));
#10083=DIRECTION('center_axis',(0.,0.,1.));
#10084=DIRECTION('ref_axis',(0.,1.,0.));
#10085=DIRECTION('center_axis',(1.,0.,0.));
#10086=DIRECTION('ref_axis',(0.,-1.,0.));
#10087=DIRECTION('',(0.,1.,0.));
#10088=DIRECTION('',(0.,0.,-1.));
#10089=DIRECTION('',(0.,-1.,0.));
#10090=DIRECTION('',(0.,0.,-1.));
#10091=DIRECTION('center_axis',(0.,0.,-1.));
#10092=DIRECTION('ref_axis',(0.,1.,0.));
#10093=DIRECTION('center_axis',(0.,0.,-1.));
#10094=DIRECTION('ref_axis',(0.,1.,0.));
#10095=DIRECTION('center_axis',(0.,0.,1.));
#10096=DIRECTION('ref_axis',(0.,1.,0.));
#10097=DIRECTION('',(0.,0.,-1.));
#10098=DIRECTION('center_axis',(0.,-1.,0.));
#10099=DIRECTION('ref_axis',(-1.,0.,0.));
#10100=DIRECTION('',(1.,0.,0.));
#10101=DIRECTION('',(-1.,0.,0.));
#10102=DIRECTION('',(0.,0.,-1.));
#10103=DIRECTION('center_axis',(0.,0.,-1.));
#10104=DIRECTION('ref_axis',(1.,0.,0.));
#10105=DIRECTION('center_axis',(0.,0.,-1.));
#10106=DIRECTION('ref_axis',(1.,0.,0.));
#10107=DIRECTION('center_axis',(0.,0.,1.));
#10108=DIRECTION('ref_axis',(1.,0.,0.));
#10109=DIRECTION('',(0.,0.,-1.));
#10110=DIRECTION('center_axis',(-1.,0.,0.));
#10111=DIRECTION('ref_axis',(0.,1.,0.));
#10112=DIRECTION('',(0.,-1.,0.));
#10113=DIRECTION('',(0.,1.,0.));
#10114=DIRECTION('',(0.,0.,-1.));
#10115=DIRECTION('center_axis',(0.,0.,-1.));
#10116=DIRECTION('ref_axis',(0.,-1.,0.));
#10117=DIRECTION('center_axis',(0.,0.,-1.));
#10118=DIRECTION('ref_axis',(0.,-1.,0.));
#10119=DIRECTION('center_axis',(0.,0.,1.));
#10120=DIRECTION('ref_axis',(0.,-1.,0.));
#10121=DIRECTION('',(0.,0.,-1.));
#10122=DIRECTION('center_axis',(0.,1.,0.));
#10123=DIRECTION('ref_axis',(1.,0.,0.));
#10124=DIRECTION('',(-1.,0.,0.));
#10125=DIRECTION('',(1.,0.,0.));
#10126=DIRECTION('',(0.,0.,-1.));
#10127=DIRECTION('center_axis',(0.,0.,-1.));
#10128=DIRECTION('ref_axis',(-1.,0.,0.));
#10129=DIRECTION('center_axis',(0.,0.,-1.));
#10130=DIRECTION('ref_axis',(-1.,0.,0.));
#10131=DIRECTION('center_axis',(0.,0.,1.));
#10132=DIRECTION('ref_axis',(-1.,0.,0.));
#10133=DIRECTION('center_axis',(0.,-1.,0.));
#10134=DIRECTION('ref_axis',(-1.,0.,0.));
#10135=DIRECTION('',(1.,0.,0.));
#10136=DIRECTION('',(0.,0.,-1.));
#10137=DIRECTION('',(-1.,0.,0.));
#10138=DIRECTION('',(0.,0.,-1.));
#10139=DIRECTION('center_axis',(0.,0.,-1.));
#10140=DIRECTION('ref_axis',(1.,0.,0.));
#10141=DIRECTION('center_axis',(0.,0.,-1.));
#10142=DIRECTION('ref_axis',(1.,0.,0.));
#10143=DIRECTION('center_axis',(0.,0.,1.));
#10144=DIRECTION('ref_axis',(1.,0.,0.));
#10145=DIRECTION('',(0.,0.,-1.));
#10146=DIRECTION('center_axis',(-1.,0.,0.));
#10147=DIRECTION('ref_axis',(0.,1.,0.));
#10148=DIRECTION('',(0.,-1.,0.));
#10149=DIRECTION('',(0.,1.,0.));
#10150=DIRECTION('',(0.,0.,-1.));
#10151=DIRECTION('center_axis',(0.,0.,-1.));
#10152=DIRECTION('ref_axis',(0.,-1.,0.));
#10153=DIRECTION('center_axis',(0.,0.,-1.));
#10154=DIRECTION('ref_axis',(0.,-1.,0.));
#10155=DIRECTION('center_axis',(0.,0.,1.));
#10156=DIRECTION('ref_axis',(0.,-1.,0.));
#10157=DIRECTION('',(0.,0.,-1.));
#10158=DIRECTION('center_axis',(0.,1.,0.));
#10159=DIRECTION('ref_axis',(1.,0.,0.));
#10160=DIRECTION('',(-1.,0.,0.));
#10161=DIRECTION('',(1.,0.,0.));
#10162=DIRECTION('',(0.,0.,-1.));
#10163=DIRECTION('center_axis',(0.,0.,-1.));
#10164=DIRECTION('ref_axis',(-1.,0.,0.));
#10165=DIRECTION('center_axis',(0.,0.,-1.));
#10166=DIRECTION('ref_axis',(-1.,0.,0.));
#10167=DIRECTION('center_axis',(0.,0.,1.));
#10168=DIRECTION('ref_axis',(-1.,0.,0.));
#10169=DIRECTION('',(0.,0.,-1.));
#10170=DIRECTION('center_axis',(1.,0.,0.));
#10171=DIRECTION('ref_axis',(0.,-1.,0.));
#10172=DIRECTION('',(0.,1.,0.));
#10173=DIRECTION('',(0.,-1.,0.));
#10174=DIRECTION('',(0.,0.,-1.));
#10175=DIRECTION('center_axis',(0.,0.,-1.));
#10176=DIRECTION('ref_axis',(0.,1.,0.));
#10177=DIRECTION('center_axis',(0.,0.,-1.));
#10178=DIRECTION('ref_axis',(0.,1.,0.));
#10179=DIRECTION('center_axis',(0.,0.,1.));
#10180=DIRECTION('ref_axis',(0.,1.,0.));
#10181=DIRECTION('center_axis',(0.,-1.,0.));
#10182=DIRECTION('ref_axis',(-1.,0.,0.));
#10183=DIRECTION('',(1.,0.,0.));
#10184=DIRECTION('',(0.,0.,-1.));
#10185=DIRECTION('',(-1.,0.,0.));
#10186=DIRECTION('',(0.,0.,-1.));
#10187=DIRECTION('center_axis',(0.,0.,-1.));
#10188=DIRECTION('ref_axis',(1.,0.,0.));
#10189=DIRECTION('center_axis',(0.,0.,-1.));
#10190=DIRECTION('ref_axis',(1.,0.,0.));
#10191=DIRECTION('center_axis',(0.,0.,1.));
#10192=DIRECTION('ref_axis',(1.,0.,0.));
#10193=DIRECTION('',(0.,0.,-1.));
#10194=DIRECTION('center_axis',(-1.,0.,0.));
#10195=DIRECTION('ref_axis',(0.,1.,0.));
#10196=DIRECTION('',(0.,-1.,0.));
#10197=DIRECTION('',(0.,1.,0.));
#10198=DIRECTION('',(0.,0.,-1.));
#10199=DIRECTION('center_axis',(0.,0.,-1.));
#10200=DIRECTION('ref_axis',(0.,-1.,0.));
#10201=DIRECTION('center_axis',(0.,0.,-1.));
#10202=DIRECTION('ref_axis',(0.,-1.,0.));
#10203=DIRECTION('center_axis',(0.,0.,1.));
#10204=DIRECTION('ref_axis',(0.,-1.,0.));
#10205=DIRECTION('',(0.,0.,-1.));
#10206=DIRECTION('center_axis',(0.,1.,0.));
#10207=DIRECTION('ref_axis',(1.,0.,0.));
#10208=DIRECTION('',(-1.,0.,0.));
#10209=DIRECTION('',(1.,0.,0.));
#10210=DIRECTION('',(0.,0.,-1.));
#10211=DIRECTION('center_axis',(0.,0.,-1.));
#10212=DIRECTION('ref_axis',(-1.,0.,0.));
#10213=DIRECTION('center_axis',(0.,0.,-1.));
#10214=DIRECTION('ref_axis',(-1.,0.,0.));
#10215=DIRECTION('center_axis',(0.,0.,1.));
#10216=DIRECTION('ref_axis',(-1.,0.,0.));
#10217=DIRECTION('',(0.,0.,-1.));
#10218=DIRECTION('center_axis',(1.,0.,0.));
#10219=DIRECTION('ref_axis',(0.,-1.,0.));
#10220=DIRECTION('',(0.,1.,0.));
#10221=DIRECTION('',(0.,-1.,0.));
#10222=DIRECTION('',(0.,0.,-1.));
#10223=DIRECTION('center_axis',(0.,0.,-1.));
#10224=DIRECTION('ref_axis',(0.,1.,0.));
#10225=DIRECTION('center_axis',(0.,0.,-1.));
#10226=DIRECTION('ref_axis',(0.,1.,0.));
#10227=DIRECTION('center_axis',(0.,0.,1.));
#10228=DIRECTION('ref_axis',(0.,1.,0.));
#10229=DIRECTION('center_axis',(0.,-1.,0.));
#10230=DIRECTION('ref_axis',(-1.,0.,0.));
#10231=DIRECTION('',(1.,0.,0.));
#10232=DIRECTION('',(0.,0.,-1.));
#10233=DIRECTION('',(-1.,0.,0.));
#10234=DIRECTION('',(0.,0.,-1.));
#10235=DIRECTION('center_axis',(0.,0.,-1.));
#10236=DIRECTION('ref_axis',(1.,0.,0.));
#10237=DIRECTION('center_axis',(0.,0.,-1.));
#10238=DIRECTION('ref_axis',(1.,0.,0.));
#10239=DIRECTION('center_axis',(0.,0.,1.));
#10240=DIRECTION('ref_axis',(1.,0.,0.));
#10241=DIRECTION('',(0.,0.,-1.));
#10242=DIRECTION('center_axis',(-1.,0.,0.));
#10243=DIRECTION('ref_axis',(0.,1.,0.));
#10244=DIRECTION('',(0.,-1.,0.));
#10245=DIRECTION('',(0.,1.,0.));
#10246=DIRECTION('',(0.,0.,-1.));
#10247=DIRECTION('center_axis',(0.,0.,-1.));
#10248=DIRECTION('ref_axis',(0.,-1.,0.));
#10249=DIRECTION('center_axis',(0.,0.,-1.));
#10250=DIRECTION('ref_axis',(0.,-1.,0.));
#10251=DIRECTION('center_axis',(0.,0.,1.));
#10252=DIRECTION('ref_axis',(0.,-1.,0.));
#10253=DIRECTION('',(0.,0.,-1.));
#10254=DIRECTION('center_axis',(0.,1.,0.));
#10255=DIRECTION('ref_axis',(1.,0.,0.));
#10256=DIRECTION('',(-1.,0.,0.));
#10257=DIRECTION('',(1.,0.,0.));
#10258=DIRECTION('',(0.,0.,-1.));
#10259=DIRECTION('center_axis',(0.,0.,-1.));
#10260=DIRECTION('ref_axis',(-1.,0.,0.));
#10261=DIRECTION('center_axis',(0.,0.,-1.));
#10262=DIRECTION('ref_axis',(-1.,0.,0.));
#10263=DIRECTION('center_axis',(0.,0.,1.));
#10264=DIRECTION('ref_axis',(-1.,0.,0.));
#10265=DIRECTION('',(0.,0.,-1.));
#10266=DIRECTION('center_axis',(1.,0.,0.));
#10267=DIRECTION('ref_axis',(0.,-1.,0.));
#10268=DIRECTION('',(0.,1.,0.));
#10269=DIRECTION('',(0.,-1.,0.));
#10270=DIRECTION('',(0.,0.,-1.));
#10271=DIRECTION('center_axis',(0.,0.,-1.));
#10272=DIRECTION('ref_axis',(0.,1.,0.));
#10273=DIRECTION('center_axis',(0.,0.,-1.));
#10274=DIRECTION('ref_axis',(0.,1.,0.));
#10275=DIRECTION('center_axis',(0.,0.,1.));
#10276=DIRECTION('ref_axis',(0.,1.,0.));
#10277=DIRECTION('center_axis',(0.,-1.,0.));
#10278=DIRECTION('ref_axis',(-1.,0.,0.));
#10279=DIRECTION('',(1.,0.,0.));
#10280=DIRECTION('',(0.,0.,-1.));
#10281=DIRECTION('',(-1.,0.,0.));
#10282=DIRECTION('',(0.,0.,-1.));
#10283=DIRECTION('center_axis',(0.,0.,-1.));
#10284=DIRECTION('ref_axis',(1.,0.,0.));
#10285=DIRECTION('center_axis',(0.,0.,-1.));
#10286=DIRECTION('ref_axis',(1.,0.,0.));
#10287=DIRECTION('center_axis',(0.,0.,1.));
#10288=DIRECTION('ref_axis',(1.,0.,0.));
#10289=DIRECTION('',(0.,0.,-1.));
#10290=DIRECTION('center_axis',(-1.,0.,0.));
#10291=DIRECTION('ref_axis',(0.,1.,0.));
#10292=DIRECTION('',(0.,-1.,0.));
#10293=DIRECTION('',(0.,1.,0.));
#10294=DIRECTION('',(0.,0.,-1.));
#10295=DIRECTION('center_axis',(0.,0.,-1.));
#10296=DIRECTION('ref_axis',(3.55271367880051E-14,-1.,0.));
#10297=DIRECTION('center_axis',(0.,0.,-1.));
#10298=DIRECTION('ref_axis',(3.55271367880051E-14,-1.,0.));
#10299=DIRECTION('center_axis',(0.,0.,1.));
#10300=DIRECTION('ref_axis',(3.55271367880051E-14,-1.,0.));
#10301=DIRECTION('',(0.,0.,-1.));
#10302=DIRECTION('center_axis',(0.,1.,0.));
#10303=DIRECTION('ref_axis',(1.,0.,0.));
#10304=DIRECTION('',(-1.,0.,0.));
#10305=DIRECTION('',(1.,0.,0.));
#10306=DIRECTION('',(0.,0.,-1.));
#10307=DIRECTION('center_axis',(0.,0.,-1.));
#10308=DIRECTION('ref_axis',(-1.,0.,0.));
#10309=DIRECTION('center_axis',(0.,0.,-1.));
#10310=DIRECTION('ref_axis',(-1.,0.,0.));
#10311=DIRECTION('center_axis',(0.,0.,1.));
#10312=DIRECTION('ref_axis',(-1.,0.,0.));
#10313=DIRECTION('',(0.,0.,-1.));
#10314=DIRECTION('center_axis',(1.,0.,0.));
#10315=DIRECTION('ref_axis',(0.,-1.,0.));
#10316=DIRECTION('',(0.,1.,0.));
#10317=DIRECTION('',(0.,-1.,0.));
#10318=DIRECTION('',(0.,0.,-1.));
#10319=DIRECTION('center_axis',(0.,0.,-1.));
#10320=DIRECTION('ref_axis',(0.,1.,0.));
#10321=DIRECTION('center_axis',(0.,0.,-1.));
#10322=DIRECTION('ref_axis',(0.,1.,0.));
#10323=DIRECTION('center_axis',(0.,0.,1.));
#10324=DIRECTION('ref_axis',(0.,1.,0.));
#10325=DIRECTION('center_axis',(0.,0.,-1.));
#10326=DIRECTION('ref_axis',(1.,0.,0.));
#10327=DIRECTION('center_axis',(0.,0.,1.));
#10328=DIRECTION('ref_axis',(1.,0.,0.));
#10329=DIRECTION('',(0.,0.,1.));
#10330=DIRECTION('center_axis',(0.,0.,-1.));
#10331=DIRECTION('ref_axis',(1.,0.,0.));
#10332=DIRECTION('center_axis',(1.,-7.31441066748254E-15,0.));
#10333=DIRECTION('ref_axis',(-7.31441066748254E-15,-1.,0.));
#10334=DIRECTION('',(7.31441066748254E-15,1.,0.));
#10335=DIRECTION('',(0.,0.,-1.));
#10336=DIRECTION('',(-7.31441066748254E-15,-1.,0.));
#10337=DIRECTION('',(0.,0.,-1.));
#10338=DIRECTION('center_axis',(0.,0.,-1.));
#10339=DIRECTION('ref_axis',(0.,1.,0.));
#10340=DIRECTION('center_axis',(0.,0.,-1.));
#10341=DIRECTION('ref_axis',(0.,1.,0.));
#10342=DIRECTION('center_axis',(0.,0.,1.));
#10343=DIRECTION('ref_axis',(0.,1.,0.));
#10344=DIRECTION('',(0.,0.,-1.));
#10345=DIRECTION('center_axis',(0.,-1.,0.));
#10346=DIRECTION('ref_axis',(-1.,0.,0.));
#10347=DIRECTION('',(1.,0.,0.));
#10348=DIRECTION('',(-1.,0.,0.));
#10349=DIRECTION('',(0.,0.,-1.));
#10350=DIRECTION('center_axis',(0.,0.,-1.));
#10351=DIRECTION('ref_axis',(1.,0.,0.));
#10352=DIRECTION('center_axis',(0.,0.,-1.));
#10353=DIRECTION('ref_axis',(1.,0.,0.));
#10354=DIRECTION('center_axis',(0.,0.,1.));
#10355=DIRECTION('ref_axis',(1.,0.,0.));
#10356=DIRECTION('',(0.,0.,-1.));
#10357=DIRECTION('center_axis',(-1.,0.,0.));
#10358=DIRECTION('ref_axis',(0.,1.,0.));
#10359=DIRECTION('',(0.,-1.,0.));
#10360=DIRECTION('',(0.,1.,0.));
#10361=DIRECTION('',(0.,0.,-1.));
#10362=DIRECTION('center_axis',(0.,0.,-1.));
#10363=DIRECTION('ref_axis',(0.,-1.,0.));
#10364=DIRECTION('center_axis',(0.,0.,-1.));
#10365=DIRECTION('ref_axis',(0.,-1.,0.));
#10366=DIRECTION('center_axis',(0.,0.,1.));
#10367=DIRECTION('ref_axis',(0.,-1.,0.));
#10368=DIRECTION('',(0.,0.,-1.));
#10369=DIRECTION('center_axis',(0.,1.,0.));
#10370=DIRECTION('ref_axis',(1.,0.,0.));
#10371=DIRECTION('',(-1.,0.,0.));
#10372=DIRECTION('',(1.,0.,0.));
#10373=DIRECTION('',(0.,0.,-1.));
#10374=DIRECTION('center_axis',(0.,0.,-1.));
#10375=DIRECTION('ref_axis',(-1.,0.,0.));
#10376=DIRECTION('center_axis',(0.,0.,-1.));
#10377=DIRECTION('ref_axis',(-1.,0.,0.));
#10378=DIRECTION('center_axis',(0.,0.,1.));
#10379=DIRECTION('ref_axis',(-1.,0.,0.));
#10380=DIRECTION('center_axis',(0.,-1.,0.));
#10381=DIRECTION('ref_axis',(-1.,0.,0.));
#10382=DIRECTION('',(1.,0.,0.));
#10383=DIRECTION('',(0.,0.,-1.));
#10384=DIRECTION('',(-1.,0.,0.));
#10385=DIRECTION('',(0.,0.,-1.));
#10386=DIRECTION('center_axis',(0.,0.,-1.));
#10387=DIRECTION('ref_axis',(1.,0.,0.));
#10388=DIRECTION('center_axis',(0.,0.,-1.));
#10389=DIRECTION('ref_axis',(1.,0.,0.));
#10390=DIRECTION('center_axis',(0.,0.,1.));
#10391=DIRECTION('ref_axis',(1.,0.,0.));
#10392=DIRECTION('',(0.,0.,-1.));
#10393=DIRECTION('center_axis',(-1.,0.,0.));
#10394=DIRECTION('ref_axis',(0.,1.,0.));
#10395=DIRECTION('',(0.,-1.,0.));
#10396=DIRECTION('',(0.,1.,0.));
#10397=DIRECTION('',(0.,0.,-1.));
#10398=DIRECTION('center_axis',(0.,0.,-1.));
#10399=DIRECTION('ref_axis',(0.,-1.,0.));
#10400=DIRECTION('center_axis',(0.,0.,-1.));
#10401=DIRECTION('ref_axis',(0.,-1.,0.));
#10402=DIRECTION('center_axis',(0.,0.,1.));
#10403=DIRECTION('ref_axis',(0.,-1.,0.));
#10404=DIRECTION('',(0.,0.,-1.));
#10405=DIRECTION('center_axis',(0.,1.,0.));
#10406=DIRECTION('ref_axis',(1.,0.,0.));
#10407=DIRECTION('',(-1.,0.,0.));
#10408=DIRECTION('',(1.,0.,0.));
#10409=DIRECTION('',(0.,0.,-1.));
#10410=DIRECTION('center_axis',(0.,0.,-1.));
#10411=DIRECTION('ref_axis',(-1.,0.,0.));
#10412=DIRECTION('center_axis',(0.,0.,-1.));
#10413=DIRECTION('ref_axis',(-1.,0.,0.));
#10414=DIRECTION('center_axis',(0.,0.,1.));
#10415=DIRECTION('ref_axis',(-1.,0.,0.));
#10416=DIRECTION('',(0.,0.,-1.));
#10417=DIRECTION('center_axis',(1.,0.,0.));
#10418=DIRECTION('ref_axis',(0.,-1.,0.));
#10419=DIRECTION('',(0.,1.,0.));
#10420=DIRECTION('',(0.,-1.,0.));
#10421=DIRECTION('',(0.,0.,-1.));
#10422=DIRECTION('center_axis',(0.,0.,-1.));
#10423=DIRECTION('ref_axis',(0.,1.,0.));
#10424=DIRECTION('center_axis',(0.,0.,-1.));
#10425=DIRECTION('ref_axis',(0.,1.,0.));
#10426=DIRECTION('center_axis',(0.,0.,1.));
#10427=DIRECTION('ref_axis',(0.,1.,0.));
#10428=DIRECTION('center_axis',(0.,-1.,0.));
#10429=DIRECTION('ref_axis',(-1.,0.,0.));
#10430=DIRECTION('',(1.,0.,0.));
#10431=DIRECTION('',(0.,0.,-1.));
#10432=DIRECTION('',(-1.,0.,0.));
#10433=DIRECTION('',(0.,0.,-1.));
#10434=DIRECTION('center_axis',(0.,0.,-1.));
#10435=DIRECTION('ref_axis',(1.,0.,0.));
#10436=DIRECTION('center_axis',(0.,0.,-1.));
#10437=DIRECTION('ref_axis',(1.,0.,0.));
#10438=DIRECTION('center_axis',(0.,0.,1.));
#10439=DIRECTION('ref_axis',(1.,0.,0.));
#10440=DIRECTION('',(0.,0.,-1.));
#10441=DIRECTION('center_axis',(-1.,0.,0.));
#10442=DIRECTION('ref_axis',(0.,1.,0.));
#10443=DIRECTION('',(0.,-1.,0.));
#10444=DIRECTION('',(0.,1.,0.));
#10445=DIRECTION('',(0.,0.,-1.));
#10446=DIRECTION('center_axis',(0.,0.,-1.));
#10447=DIRECTION('ref_axis',(1.77635683940026E-14,-1.,0.));
#10448=DIRECTION('center_axis',(0.,0.,-1.));
#10449=DIRECTION('ref_axis',(1.77635683940026E-14,-1.,0.));
#10450=DIRECTION('center_axis',(0.,0.,1.));
#10451=DIRECTION('ref_axis',(1.77635683940026E-14,-1.,0.));
#10452=DIRECTION('',(0.,0.,-1.));
#10453=DIRECTION('center_axis',(0.,1.,0.));
#10454=DIRECTION('ref_axis',(1.,0.,0.));
#10455=DIRECTION('',(-1.,0.,0.));
#10456=DIRECTION('',(1.,0.,0.));
#10457=DIRECTION('',(0.,0.,-1.));
#10458=DIRECTION('center_axis',(0.,0.,-1.));
#10459=DIRECTION('ref_axis',(-1.,0.,0.));
#10460=DIRECTION('center_axis',(0.,0.,-1.));
#10461=DIRECTION('ref_axis',(-1.,0.,0.));
#10462=DIRECTION('center_axis',(0.,0.,1.));
#10463=DIRECTION('ref_axis',(-1.,0.,0.));
#10464=DIRECTION('',(0.,0.,-1.));
#10465=DIRECTION('center_axis',(1.,0.,0.));
#10466=DIRECTION('ref_axis',(0.,-1.,0.));
#10467=DIRECTION('',(0.,1.,0.));
#10468=DIRECTION('',(0.,-1.,0.));
#10469=DIRECTION('',(0.,0.,-1.));
#10470=DIRECTION('center_axis',(0.,0.,-1.));
#10471=DIRECTION('ref_axis',(0.,1.,0.));
#10472=DIRECTION('center_axis',(0.,0.,-1.));
#10473=DIRECTION('ref_axis',(0.,1.,0.));
#10474=DIRECTION('center_axis',(0.,0.,1.));
#10475=DIRECTION('ref_axis',(0.,1.,0.));
#10476=DIRECTION('center_axis',(0.,-1.,0.));
#10477=DIRECTION('ref_axis',(-1.,0.,0.));
#10478=DIRECTION('',(1.,0.,0.));
#10479=DIRECTION('',(0.,0.,-1.));
#10480=DIRECTION('',(-1.,0.,0.));
#10481=DIRECTION('',(0.,0.,-1.));
#10482=DIRECTION('center_axis',(0.,0.,-1.));
#10483=DIRECTION('ref_axis',(1.,0.,0.));
#10484=DIRECTION('center_axis',(0.,0.,-1.));
#10485=DIRECTION('ref_axis',(1.,0.,0.));
#10486=DIRECTION('center_axis',(0.,0.,1.));
#10487=DIRECTION('ref_axis',(1.,0.,0.));
#10488=DIRECTION('',(0.,0.,-1.));
#10489=DIRECTION('center_axis',(-1.,0.,0.));
#10490=DIRECTION('ref_axis',(0.,1.,0.));
#10491=DIRECTION('',(0.,-1.,0.));
#10492=DIRECTION('',(0.,1.,0.));
#10493=DIRECTION('',(0.,0.,-1.));
#10494=DIRECTION('center_axis',(0.,0.,-1.));
#10495=DIRECTION('ref_axis',(0.,-1.,0.));
#10496=DIRECTION('center_axis',(0.,0.,-1.));
#10497=DIRECTION('ref_axis',(0.,-1.,0.));
#10498=DIRECTION('center_axis',(0.,0.,1.));
#10499=DIRECTION('ref_axis',(0.,-1.,0.));
#10500=DIRECTION('',(0.,0.,-1.));
#10501=DIRECTION('center_axis',(0.,1.,0.));
#10502=DIRECTION('ref_axis',(1.,0.,0.));
#10503=DIRECTION('',(-1.,0.,0.));
#10504=DIRECTION('',(1.,0.,0.));
#10505=DIRECTION('',(0.,0.,-1.));
#10506=DIRECTION('center_axis',(0.,0.,-1.));
#10507=DIRECTION('ref_axis',(-1.,0.,0.));
#10508=DIRECTION('center_axis',(0.,0.,-1.));
#10509=DIRECTION('ref_axis',(-1.,0.,0.));
#10510=DIRECTION('center_axis',(0.,0.,1.));
#10511=DIRECTION('ref_axis',(-1.,0.,0.));
#10512=DIRECTION('',(0.,0.,-1.));
#10513=DIRECTION('center_axis',(1.,0.,0.));
#10514=DIRECTION('ref_axis',(0.,-1.,0.));
#10515=DIRECTION('',(0.,1.,0.));
#10516=DIRECTION('',(0.,-1.,0.));
#10517=DIRECTION('',(0.,0.,-1.));
#10518=DIRECTION('center_axis',(0.,0.,-1.));
#10519=DIRECTION('ref_axis',(0.,1.,0.));
#10520=DIRECTION('center_axis',(0.,0.,-1.));
#10521=DIRECTION('ref_axis',(0.,1.,0.));
#10522=DIRECTION('center_axis',(0.,0.,1.));
#10523=DIRECTION('ref_axis',(0.,1.,0.));
#10524=DIRECTION('center_axis',(0.,-1.,0.));
#10525=DIRECTION('ref_axis',(-1.,0.,0.));
#10526=DIRECTION('',(1.,0.,0.));
#10527=DIRECTION('',(0.,0.,-1.));
#10528=DIRECTION('',(-1.,0.,0.));
#10529=DIRECTION('',(0.,0.,-1.));
#10530=DIRECTION('center_axis',(0.,0.,-1.));
#10531=DIRECTION('ref_axis',(1.,0.,0.));
#10532=DIRECTION('center_axis',(0.,0.,-1.));
#10533=DIRECTION('ref_axis',(1.,0.,0.));
#10534=DIRECTION('center_axis',(0.,0.,1.));
#10535=DIRECTION('ref_axis',(1.,0.,0.));
#10536=DIRECTION('',(0.,0.,-1.));
#10537=DIRECTION('center_axis',(-1.,0.,0.));
#10538=DIRECTION('ref_axis',(0.,1.,0.));
#10539=DIRECTION('',(0.,-1.,0.));
#10540=DIRECTION('',(0.,1.,0.));
#10541=DIRECTION('',(0.,0.,-1.));
#10542=DIRECTION('center_axis',(0.,0.,-1.));
#10543=DIRECTION('ref_axis',(0.,-1.,0.));
#10544=DIRECTION('center_axis',(0.,0.,-1.));
#10545=DIRECTION('ref_axis',(0.,-1.,0.));
#10546=DIRECTION('center_axis',(0.,0.,1.));
#10547=DIRECTION('ref_axis',(0.,-1.,0.));
#10548=DIRECTION('',(0.,0.,-1.));
#10549=DIRECTION('center_axis',(0.,1.,0.));
#10550=DIRECTION('ref_axis',(1.,0.,0.));
#10551=DIRECTION('',(-1.,0.,0.));
#10552=DIRECTION('',(1.,0.,0.));
#10553=DIRECTION('',(0.,0.,-1.));
#10554=DIRECTION('center_axis',(0.,0.,-1.));
#10555=DIRECTION('ref_axis',(-1.,0.,0.));
#10556=DIRECTION('center_axis',(0.,0.,-1.));
#10557=DIRECTION('ref_axis',(-1.,0.,0.));
#10558=DIRECTION('center_axis',(0.,0.,1.));
#10559=DIRECTION('ref_axis',(-1.,0.,0.));
#10560=DIRECTION('',(0.,0.,-1.));
#10561=DIRECTION('center_axis',(1.,0.,0.));
#10562=DIRECTION('ref_axis',(0.,-1.,0.));
#10563=DIRECTION('',(0.,1.,0.));
#10564=DIRECTION('',(0.,-1.,0.));
#10565=DIRECTION('',(0.,0.,-1.));
#10566=DIRECTION('center_axis',(0.,0.,-1.));
#10567=DIRECTION('ref_axis',(0.,1.,0.));
#10568=DIRECTION('center_axis',(0.,0.,-1.));
#10569=DIRECTION('ref_axis',(0.,1.,0.));
#10570=DIRECTION('center_axis',(0.,0.,1.));
#10571=DIRECTION('ref_axis',(0.,1.,0.));
#10572=DIRECTION('center_axis',(0.,0.,-1.));
#10573=DIRECTION('ref_axis',(-0.965173380166936,0.261611059049747,0.));
#10574=DIRECTION('center_axis',(0.,0.,1.));
#10575=DIRECTION('ref_axis',(1.,0.,0.));
#10576=DIRECTION('',(0.,0.,-1.));
#10577=DIRECTION('center_axis',(0.,0.,1.));
#10578=DIRECTION('ref_axis',(1.,0.,0.));
#10579=DIRECTION('',(0.,0.,-1.));
#10580=DIRECTION('center_axis',(0.,1.,0.));
#10581=DIRECTION('ref_axis',(1.,0.,0.));
#10582=DIRECTION('',(1.,0.,0.));
#10583=DIRECTION('',(1.,0.,0.));
#10584=DIRECTION('',(0.,0.,-1.));
#10585=DIRECTION('center_axis',(0.,0.,-1.));
#10586=DIRECTION('ref_axis',(-1.,0.,0.));
#10587=DIRECTION('center_axis',(0.,0.,1.));
#10588=DIRECTION('ref_axis',(-1.,0.,0.));
#10589=DIRECTION('center_axis',(0.,0.,1.));
#10590=DIRECTION('ref_axis',(-1.,0.,0.));
#10591=DIRECTION('',(0.,0.,-1.));
#10592=DIRECTION('center_axis',(1.,0.,0.));
#10593=DIRECTION('ref_axis',(0.,-1.,0.));
#10594=DIRECTION('',(0.,-1.,0.));
#10595=DIRECTION('',(0.,-1.,0.));
#10596=DIRECTION('',(0.,0.,-1.));
#10597=DIRECTION('center_axis',(0.,0.,-1.));
#10598=DIRECTION('ref_axis',(0.,1.,0.));
#10599=DIRECTION('center_axis',(0.,0.,1.));
#10600=DIRECTION('ref_axis',(0.,1.,0.));
#10601=DIRECTION('center_axis',(0.,0.,1.));
#10602=DIRECTION('ref_axis',(0.,1.,0.));
#10603=DIRECTION('',(0.,0.,-1.));
#10604=DIRECTION('center_axis',(0.,-1.,0.));
#10605=DIRECTION('ref_axis',(-1.,0.,0.));
#10606=DIRECTION('',(1.,0.,0.));
#10607=DIRECTION('',(-1.,0.,0.));
#10608=DIRECTION('',(0.,0.,-1.));
#10609=DIRECTION('center_axis',(0.,0.,-1.));
#10610=DIRECTION('ref_axis',(1.,0.,0.));
#10611=DIRECTION('center_axis',(0.,0.,1.));
#10612=DIRECTION('ref_axis',(1.,0.,0.));
#10613=DIRECTION('center_axis',(0.,0.,1.));
#10614=DIRECTION('ref_axis',(1.,0.,0.));
#10615=DIRECTION('',(0.,0.,-1.));
#10616=DIRECTION('center_axis',(-1.,0.,0.));
#10617=DIRECTION('ref_axis',(0.,1.,0.));
#10618=DIRECTION('',(0.,-1.,0.));
#10619=DIRECTION('',(0.,1.,0.));
#10620=DIRECTION('',(0.,0.,-1.));
#10621=DIRECTION('center_axis',(0.,0.,-1.));
#10622=DIRECTION('ref_axis',(1.,0.,0.));
#10623=DIRECTION('center_axis',(0.,0.,1.));
#10624=DIRECTION('ref_axis',(1.,0.,0.));
#10625=DIRECTION('center_axis',(0.,0.,1.));
#10626=DIRECTION('ref_axis',(1.,0.,0.));
#10627=DIRECTION('',(0.,0.,-1.));
#10628=DIRECTION('center_axis',(4.07443129881504E-8,-0.999999999999999,
0.));
#10629=DIRECTION('ref_axis',(-0.999999999999999,-4.07443129881504E-8,0.));
#10630=DIRECTION('',(0.999999999999999,4.07443129881504E-8,0.));
#10631=DIRECTION('',(-0.999999999999999,-4.07443129881504E-8,0.));
#10632=DIRECTION('',(0.,0.,-1.));
#10633=DIRECTION('center_axis',(0.,0.,-1.));
#10634=DIRECTION('ref_axis',(-4.07443129962321E-8,0.999999999999999,0.));
#10635=DIRECTION('center_axis',(0.,0.,1.));
#10636=DIRECTION('ref_axis',(1.,0.,0.));
#10637=DIRECTION('center_axis',(0.,0.,1.));
#10638=DIRECTION('ref_axis',(1.,0.,0.));
#10639=DIRECTION('',(0.,0.,-1.));
#10640=DIRECTION('center_axis',(4.07443129881504E-8,-0.999999999999999,
0.));
#10641=DIRECTION('ref_axis',(-0.999999999999999,-4.07443129881504E-8,0.));
#10642=DIRECTION('',(0.999999999999999,4.07443129881504E-8,0.));
#10643=DIRECTION('',(-0.999999999999999,-4.07443129881504E-8,0.));
#10644=DIRECTION('',(0.,0.,-1.));
#10645=DIRECTION('center_axis',(0.,0.,-1.));
#10646=DIRECTION('ref_axis',(-0.965173612485244,0.261610201945917,0.));
#10647=DIRECTION('center_axis',(0.,0.,1.));
#10648=DIRECTION('ref_axis',(1.,0.,0.));
#10649=DIRECTION('center_axis',(0.,0.,1.));
#10650=DIRECTION('ref_axis',(1.,0.,0.));
#10651=DIRECTION('',(0.,0.,-1.));
#10652=DIRECTION('center_axis',(0.,1.,0.));
#10653=DIRECTION('ref_axis',(1.,0.,0.));
#10654=DIRECTION('',(1.,0.,0.));
#10655=DIRECTION('',(1.,0.,0.));
#10656=DIRECTION('',(0.,0.,-1.));
#10657=DIRECTION('center_axis',(0.,0.,-1.));
#10658=DIRECTION('ref_axis',(-1.,0.,0.));
#10659=DIRECTION('center_axis',(0.,0.,1.));
#10660=DIRECTION('ref_axis',(-1.,0.,0.));
#10661=DIRECTION('center_axis',(0.,0.,1.));
#10662=DIRECTION('ref_axis',(-1.,0.,0.));
#10663=DIRECTION('',(0.,0.,-1.));
#10664=DIRECTION('center_axis',(1.,0.,0.));
#10665=DIRECTION('ref_axis',(0.,-1.,0.));
#10666=DIRECTION('',(0.,-1.,0.));
#10667=DIRECTION('',(0.,-1.,0.));
#10668=DIRECTION('',(0.,0.,-1.));
#10669=DIRECTION('center_axis',(0.,0.,-1.));
#10670=DIRECTION('ref_axis',(0.,1.,0.));
#10671=DIRECTION('center_axis',(0.,0.,1.));
#10672=DIRECTION('ref_axis',(0.,1.,0.));
#10673=DIRECTION('center_axis',(0.,0.,1.));
#10674=DIRECTION('ref_axis',(0.,1.,0.));
#10675=DIRECTION('',(0.,0.,-1.));
#10676=DIRECTION('center_axis',(0.,-1.,0.));
#10677=DIRECTION('ref_axis',(-1.,0.,0.));
#10678=DIRECTION('',(1.,0.,0.));
#10679=DIRECTION('',(-1.,0.,0.));
#10680=DIRECTION('',(0.,0.,-1.));
#10681=DIRECTION('center_axis',(0.,0.,-1.));
#10682=DIRECTION('ref_axis',(1.,0.,0.));
#10683=DIRECTION('center_axis',(0.,0.,1.));
#10684=DIRECTION('ref_axis',(1.,0.,0.));
#10685=DIRECTION('center_axis',(0.,0.,1.));
#10686=DIRECTION('ref_axis',(1.,0.,0.));
#10687=DIRECTION('',(0.,0.,-1.));
#10688=DIRECTION('center_axis',(-1.,0.,0.));
#10689=DIRECTION('ref_axis',(0.,1.,0.));
#10690=DIRECTION('',(0.,-1.,0.));
#10691=DIRECTION('',(0.,1.,0.));
#10692=DIRECTION('',(0.,0.,-1.));
#10693=DIRECTION('center_axis',(0.,0.,-1.));
#10694=DIRECTION('ref_axis',(1.,0.,0.));
#10695=DIRECTION('center_axis',(0.,0.,1.));
#10696=DIRECTION('ref_axis',(1.,0.,0.));
#10697=DIRECTION('center_axis',(0.,0.,1.));
#10698=DIRECTION('ref_axis',(1.,0.,0.));
#10699=DIRECTION('',(0.,0.,-1.));
#10700=DIRECTION('center_axis',(1.,0.,0.));
#10701=DIRECTION('ref_axis',(0.,-1.,0.));
#10702=DIRECTION('',(0.,-1.,0.));
#10703=DIRECTION('',(0.,-1.,0.));
#10704=DIRECTION('',(0.,0.,-1.));
#10705=DIRECTION('center_axis',(0.,0.,-1.));
#10706=DIRECTION('ref_axis',(0.,1.,0.));
#10707=DIRECTION('center_axis',(0.,0.,1.));
#10708=DIRECTION('ref_axis',(0.,1.,0.));
#10709=DIRECTION('center_axis',(0.,0.,1.));
#10710=DIRECTION('ref_axis',(0.,1.,0.));
#10711=DIRECTION('',(0.,0.,-1.));
#10712=DIRECTION('center_axis',(0.,-1.,0.));
#10713=DIRECTION('ref_axis',(-1.,0.,0.));
#10714=DIRECTION('',(1.,0.,0.));
#10715=DIRECTION('',(-1.,0.,0.));
#10716=DIRECTION('',(0.,0.,-1.));
#10717=DIRECTION('center_axis',(0.,0.,-1.));
#10718=DIRECTION('ref_axis',(1.,0.,0.));
#10719=DIRECTION('center_axis',(0.,0.,1.));
#10720=DIRECTION('ref_axis',(1.,0.,0.));
#10721=DIRECTION('center_axis',(0.,0.,1.));
#10722=DIRECTION('ref_axis',(1.,0.,0.));
#10723=DIRECTION('',(0.,0.,-1.));
#10724=DIRECTION('center_axis',(-1.,0.,0.));
#10725=DIRECTION('ref_axis',(0.,1.,0.));
#10726=DIRECTION('',(0.,-1.,0.));
#10727=DIRECTION('',(0.,1.,0.));
#10728=DIRECTION('',(0.,0.,-1.));
#10729=DIRECTION('center_axis',(0.,0.,-1.));
#10730=DIRECTION('ref_axis',(0.,-1.,0.));
#10731=DIRECTION('center_axis',(0.,0.,1.));
#10732=DIRECTION('ref_axis',(0.,-1.,0.));
#10733=DIRECTION('center_axis',(0.,0.,1.));
#10734=DIRECTION('ref_axis',(0.,-1.,0.));
#10735=DIRECTION('',(0.,0.,-1.));
#10736=DIRECTION('center_axis',(0.,1.,0.));
#10737=DIRECTION('ref_axis',(1.,0.,0.));
#10738=DIRECTION('',(1.,0.,0.));
#10739=DIRECTION('',(1.,0.,0.));
#10740=DIRECTION('',(0.,0.,-1.));
#10741=DIRECTION('center_axis',(0.,0.,-1.));
#10742=DIRECTION('ref_axis',(1.,0.,0.));
#10743=DIRECTION('center_axis',(0.,0.,1.));
#10744=DIRECTION('ref_axis',(1.,0.,0.));
#10745=DIRECTION('center_axis',(0.,0.,1.));
#10746=DIRECTION('ref_axis',(1.,0.,0.));
#10747=DIRECTION('',(0.,0.,-1.));
#10748=DIRECTION('center_axis',(4.07443129881504E-8,-0.999999999999999,
0.));
#10749=DIRECTION('ref_axis',(-0.999999999999999,-4.07443129881504E-8,0.));
#10750=DIRECTION('',(0.999999999999999,4.07443129881504E-8,0.));
#10751=DIRECTION('',(-0.999999999999999,-4.07443129881504E-8,0.));
#10752=DIRECTION('',(0.,0.,-1.));
#10753=DIRECTION('center_axis',(0.999999999999999,4.07443128876509E-8,0.));
#10754=DIRECTION('ref_axis',(4.07443128876509E-8,-0.999999999999999,0.));
#10755=DIRECTION('',(-4.07443128876509E-8,0.999999999999999,0.));
#10756=DIRECTION('',(4.07443128876509E-8,-0.999999999999999,0.));
#10757=DIRECTION('',(0.,0.,-1.));
#10758=DIRECTION('center_axis',(-4.07443129881504E-8,0.999999999999999,
0.));
#10759=DIRECTION('ref_axis',(0.999999999999999,4.07443129881504E-8,0.));
#10760=DIRECTION('',(0.999999999999999,4.07443129881504E-8,0.));
#10761=DIRECTION('',(0.999999999999999,4.07443129881504E-8,0.));
#10762=DIRECTION('',(0.,0.,-1.));
#10763=DIRECTION('center_axis',(0.,0.,-1.));
#10764=DIRECTION('ref_axis',(1.,0.,0.));
#10765=DIRECTION('center_axis',(0.,0.,1.));
#10766=DIRECTION('ref_axis',(1.,0.,0.));
#10767=DIRECTION('center_axis',(0.,0.,1.));
#10768=DIRECTION('ref_axis',(1.,0.,0.));
#10769=DIRECTION('',(0.,0.,-1.));
#10770=DIRECTION('center_axis',(0.,-1.,0.));
#10771=DIRECTION('ref_axis',(-1.,0.,0.));
#10772=DIRECTION('',(1.,0.,0.));
#10773=DIRECTION('',(-1.,0.,0.));
#10774=DIRECTION('',(0.,0.,-1.));
#10775=DIRECTION('center_axis',(0.,0.,-1.));
#10776=DIRECTION('ref_axis',(1.,0.,0.));
#10777=DIRECTION('center_axis',(0.,0.,1.));
#10778=DIRECTION('ref_axis',(1.,0.,0.));
#10779=DIRECTION('center_axis',(0.,0.,1.));
#10780=DIRECTION('ref_axis',(1.,0.,0.));
#10781=DIRECTION('',(0.,0.,-1.));
#10782=DIRECTION('center_axis',(-1.,0.,0.));
#10783=DIRECTION('ref_axis',(0.,1.,0.));
#10784=DIRECTION('',(0.,-1.,0.));
#10785=DIRECTION('',(0.,1.,0.));
#10786=DIRECTION('',(0.,0.,-1.));
#10787=DIRECTION('center_axis',(0.,0.,-1.));
#10788=DIRECTION('ref_axis',(0.,-1.,0.));
#10789=DIRECTION('center_axis',(0.,0.,1.));
#10790=DIRECTION('ref_axis',(0.,-1.,0.));
#10791=DIRECTION('center_axis',(0.,0.,1.));
#10792=DIRECTION('ref_axis',(0.,-1.,0.));
#10793=DIRECTION('',(0.,0.,-1.));
#10794=DIRECTION('center_axis',(0.,1.,0.));
#10795=DIRECTION('ref_axis',(1.,0.,0.));
#10796=DIRECTION('',(1.,0.,0.));
#10797=DIRECTION('',(1.,0.,0.));
#10798=DIRECTION('',(0.,0.,-1.));
#10799=DIRECTION('center_axis',(0.,0.,-1.));
#10800=DIRECTION('ref_axis',(-1.,0.,0.));
#10801=DIRECTION('center_axis',(0.,0.,1.));
#10802=DIRECTION('ref_axis',(-1.,0.,0.));
#10803=DIRECTION('center_axis',(0.,0.,1.));
#10804=DIRECTION('ref_axis',(-1.,0.,0.));
#10805=DIRECTION('',(0.,0.,-1.));
#10806=DIRECTION('center_axis',(1.,0.,0.));
#10807=DIRECTION('ref_axis',(0.,-1.,0.));
#10808=DIRECTION('',(0.,-1.,0.));
#10809=DIRECTION('',(0.,-1.,0.));
#10810=DIRECTION('',(0.,0.,-1.));
#10811=DIRECTION('center_axis',(0.,0.,-1.));
#10812=DIRECTION('ref_axis',(1.,0.,0.));
#10813=DIRECTION('center_axis',(0.,0.,1.));
#10814=DIRECTION('ref_axis',(1.,0.,0.));
#10815=DIRECTION('center_axis',(0.,0.,1.));
#10816=DIRECTION('ref_axis',(1.,0.,0.));
#10817=DIRECTION('',(0.,0.,-1.));
#10818=DIRECTION('center_axis',(-1.,0.,0.));
#10819=DIRECTION('ref_axis',(0.,1.,0.));
#10820=DIRECTION('',(0.,-1.,0.));
#10821=DIRECTION('',(0.,1.,0.));
#10822=DIRECTION('',(0.,0.,-1.));
#10823=DIRECTION('center_axis',(0.,0.,-1.));
#10824=DIRECTION('ref_axis',(0.,-1.,0.));
#10825=DIRECTION('center_axis',(0.,0.,1.));
#10826=DIRECTION('ref_axis',(0.,-1.,0.));
#10827=DIRECTION('center_axis',(0.,0.,1.));
#10828=DIRECTION('ref_axis',(0.,-1.,0.));
#10829=DIRECTION('',(0.,0.,-1.));
#10830=DIRECTION('center_axis',(0.,1.,0.));
#10831=DIRECTION('ref_axis',(1.,0.,0.));
#10832=DIRECTION('',(1.,0.,0.));
#10833=DIRECTION('',(1.,0.,0.));
#10834=DIRECTION('',(0.,0.,-1.));
#10835=DIRECTION('center_axis',(0.,0.,-1.));
#10836=DIRECTION('ref_axis',(-1.,0.,0.));
#10837=DIRECTION('center_axis',(0.,0.,1.));
#10838=DIRECTION('ref_axis',(-1.,0.,0.));
#10839=DIRECTION('center_axis',(0.,0.,1.));
#10840=DIRECTION('ref_axis',(-1.,0.,0.));
#10841=DIRECTION('',(0.,0.,-1.));
#10842=DIRECTION('center_axis',(1.,0.,0.));
#10843=DIRECTION('ref_axis',(0.,-1.,0.));
#10844=DIRECTION('',(0.,-1.,0.));
#10845=DIRECTION('',(0.,-1.,0.));
#10846=DIRECTION('',(0.,0.,-1.));
#10847=DIRECTION('center_axis',(0.,0.,-1.));
#10848=DIRECTION('ref_axis',(0.,1.,0.));
#10849=DIRECTION('center_axis',(0.,0.,1.));
#10850=DIRECTION('ref_axis',(0.,1.,0.));
#10851=DIRECTION('center_axis',(0.,0.,1.));
#10852=DIRECTION('ref_axis',(0.,1.,0.));
#10853=DIRECTION('',(0.,0.,-1.));
#10854=DIRECTION('center_axis',(0.,-1.,0.));
#10855=DIRECTION('ref_axis',(-1.,0.,0.));
#10856=DIRECTION('',(1.,0.,0.));
#10857=DIRECTION('',(-1.,0.,0.));
#10858=DIRECTION('',(0.,0.,-1.));
#10859=DIRECTION('center_axis',(0.,0.,-1.));
#10860=DIRECTION('ref_axis',(1.,0.,0.));
#10861=DIRECTION('center_axis',(0.,0.,1.));
#10862=DIRECTION('ref_axis',(1.,0.,0.));
#10863=DIRECTION('center_axis',(0.,0.,1.));
#10864=DIRECTION('ref_axis',(1.,0.,0.));
#10865=DIRECTION('',(0.,0.,-1.));
#10866=DIRECTION('center_axis',(-4.07443129881504E-8,0.999999999999999,
0.));
#10867=DIRECTION('ref_axis',(0.999999999999999,4.07443129881504E-8,0.));
#10868=DIRECTION('',(0.999999999999999,4.07443129881504E-8,0.));
#10869=DIRECTION('',(0.999999999999999,4.07443129881504E-8,0.));
#10870=DIRECTION('',(0.,0.,-1.));
#10871=DIRECTION('center_axis',(0.,0.,-1.));
#10872=DIRECTION('ref_axis',(1.,0.,0.));
#10873=DIRECTION('center_axis',(0.,0.,1.));
#10874=DIRECTION('ref_axis',(1.,0.,0.));
#10875=DIRECTION('center_axis',(0.,0.,1.));
#10876=DIRECTION('ref_axis',(1.,0.,0.));
#10877=DIRECTION('',(0.,0.,-1.));
#10878=DIRECTION('center_axis',(0.,-1.,0.));
#10879=DIRECTION('ref_axis',(-1.,0.,0.));
#10880=DIRECTION('',(1.,0.,0.));
#10881=DIRECTION('',(-1.,0.,0.));
#10882=DIRECTION('',(0.,0.,-1.));
#10883=DIRECTION('center_axis',(0.,0.,-1.));
#10884=DIRECTION('ref_axis',(1.,0.,0.));
#10885=DIRECTION('center_axis',(0.,0.,1.));
#10886=DIRECTION('ref_axis',(1.,0.,0.));
#10887=DIRECTION('center_axis',(0.,0.,1.));
#10888=DIRECTION('ref_axis',(1.,0.,0.));
#10889=DIRECTION('',(0.,0.,-1.));
#10890=DIRECTION('center_axis',(-1.,0.,0.));
#10891=DIRECTION('ref_axis',(0.,1.,0.));
#10892=DIRECTION('',(0.,-1.,0.));
#10893=DIRECTION('',(0.,1.,0.));
#10894=DIRECTION('',(0.,0.,-1.));
#10895=DIRECTION('center_axis',(0.,0.,-1.));
#10896=DIRECTION('ref_axis',(0.,-1.,0.));
#10897=DIRECTION('center_axis',(0.,0.,1.));
#10898=DIRECTION('ref_axis',(0.,-1.,0.));
#10899=DIRECTION('center_axis',(0.,0.,1.));
#10900=DIRECTION('ref_axis',(0.,-1.,0.));
#10901=DIRECTION('',(0.,0.,-1.));
#10902=DIRECTION('center_axis',(0.,1.,0.));
#10903=DIRECTION('ref_axis',(1.,0.,0.));
#10904=DIRECTION('',(1.,0.,0.));
#10905=DIRECTION('',(1.,0.,0.));
#10906=DIRECTION('',(0.,0.,-1.));
#10907=DIRECTION('center_axis',(0.,0.,-1.));
#10908=DIRECTION('ref_axis',(-1.,0.,0.));
#10909=DIRECTION('center_axis',(0.,0.,1.));
#10910=DIRECTION('ref_axis',(-1.,0.,0.));
#10911=DIRECTION('center_axis',(0.,0.,1.));
#10912=DIRECTION('ref_axis',(-1.,0.,0.));
#10913=DIRECTION('',(0.,0.,-1.));
#10914=DIRECTION('center_axis',(1.,0.,0.));
#10915=DIRECTION('ref_axis',(0.,-1.,0.));
#10916=DIRECTION('',(0.,-1.,0.));
#10917=DIRECTION('',(0.,-1.,0.));
#10918=DIRECTION('',(0.,0.,-1.));
#10919=DIRECTION('center_axis',(0.,0.,-1.));
#10920=DIRECTION('ref_axis',(1.,0.,0.));
#10921=DIRECTION('center_axis',(0.,0.,1.));
#10922=DIRECTION('ref_axis',(1.,0.,0.));
#10923=DIRECTION('center_axis',(0.,0.,1.));
#10924=DIRECTION('ref_axis',(1.,0.,0.));
#10925=DIRECTION('',(0.,0.,-1.));
#10926=DIRECTION('center_axis',(-1.,0.,0.));
#10927=DIRECTION('ref_axis',(0.,1.,0.));
#10928=DIRECTION('',(0.,-1.,0.));
#10929=DIRECTION('',(0.,1.,0.));
#10930=DIRECTION('',(0.,0.,-1.));
#10931=DIRECTION('center_axis',(0.,0.,-1.));
#10932=DIRECTION('ref_axis',(0.,-1.,0.));
#10933=DIRECTION('center_axis',(0.,0.,1.));
#10934=DIRECTION('ref_axis',(0.,-1.,0.));
#10935=DIRECTION('center_axis',(0.,0.,1.));
#10936=DIRECTION('ref_axis',(0.,-1.,0.));
#10937=DIRECTION('',(0.,0.,-1.));
#10938=DIRECTION('center_axis',(0.,1.,0.));
#10939=DIRECTION('ref_axis',(1.,0.,0.));
#10940=DIRECTION('',(1.,0.,0.));
#10941=DIRECTION('',(1.,0.,0.));
#10942=DIRECTION('',(0.,0.,-1.));
#10943=DIRECTION('center_axis',(0.,0.,-1.));
#10944=DIRECTION('ref_axis',(-1.,0.,0.));
#10945=DIRECTION('center_axis',(0.,0.,1.));
#10946=DIRECTION('ref_axis',(-1.,0.,0.));
#10947=DIRECTION('center_axis',(0.,0.,1.));
#10948=DIRECTION('ref_axis',(-1.,0.,0.));
#10949=DIRECTION('',(0.,0.,-1.));
#10950=DIRECTION('center_axis',(1.,0.,0.));
#10951=DIRECTION('ref_axis',(0.,-1.,0.));
#10952=DIRECTION('',(0.,-1.,0.));
#10953=DIRECTION('',(0.,-1.,0.));
#10954=DIRECTION('',(0.,0.,-1.));
#10955=DIRECTION('center_axis',(0.,0.,-1.));
#10956=DIRECTION('ref_axis',(0.,1.,0.));
#10957=DIRECTION('center_axis',(0.,0.,1.));
#10958=DIRECTION('ref_axis',(0.,1.,0.));
#10959=DIRECTION('center_axis',(0.,0.,1.));
#10960=DIRECTION('ref_axis',(0.,1.,0.));
#10961=DIRECTION('',(0.,0.,-1.));
#10962=DIRECTION('center_axis',(0.,-1.,0.));
#10963=DIRECTION('ref_axis',(-1.,0.,0.));
#10964=DIRECTION('',(1.,0.,0.));
#10965=DIRECTION('',(-1.,0.,0.));
#10966=DIRECTION('',(0.,0.,-1.));
#10967=DIRECTION('center_axis',(0.,0.,-1.));
#10968=DIRECTION('ref_axis',(1.,0.,0.));
#10969=DIRECTION('center_axis',(0.,0.,1.));
#10970=DIRECTION('ref_axis',(1.,0.,0.));
#10971=DIRECTION('center_axis',(0.,0.,1.));
#10972=DIRECTION('ref_axis',(1.,0.,0.));
#10973=DIRECTION('',(0.,0.,-1.));
#10974=DIRECTION('center_axis',(-4.07443129881504E-8,0.999999999999999,
0.));
#10975=DIRECTION('ref_axis',(0.999999999999999,4.07443129881504E-8,0.));
#10976=DIRECTION('',(0.999999999999999,4.07443129881504E-8,0.));
#10977=DIRECTION('',(0.999999999999999,4.07443129881504E-8,0.));
#10978=DIRECTION('',(0.,0.,-1.));
#10979=DIRECTION('center_axis',(0.,0.,-1.));
#10980=DIRECTION('ref_axis',(1.,0.,0.));
#10981=DIRECTION('center_axis',(0.,0.,1.));
#10982=DIRECTION('ref_axis',(1.,0.,0.));
#10983=DIRECTION('center_axis',(0.,0.,1.));
#10984=DIRECTION('ref_axis',(1.,0.,0.));
#10985=DIRECTION('',(0.,0.,-1.));
#10986=DIRECTION('center_axis',(0.,-1.,0.));
#10987=DIRECTION('ref_axis',(-1.,0.,0.));
#10988=DIRECTION('',(1.,0.,0.));
#10989=DIRECTION('',(-1.,0.,0.));
#10990=DIRECTION('',(0.,0.,-1.));
#10991=DIRECTION('center_axis',(0.,0.,-1.));
#10992=DIRECTION('ref_axis',(1.,0.,0.));
#10993=DIRECTION('center_axis',(0.,0.,1.));
#10994=DIRECTION('ref_axis',(1.,0.,0.));
#10995=DIRECTION('center_axis',(0.,0.,1.));
#10996=DIRECTION('ref_axis',(1.,0.,0.));
#10997=DIRECTION('',(0.,0.,-1.));
#10998=DIRECTION('center_axis',(-1.,0.,0.));
#10999=DIRECTION('ref_axis',(0.,1.,0.));
#11000=DIRECTION('',(0.,-1.,0.));
#11001=DIRECTION('',(0.,1.,0.));
#11002=DIRECTION('',(0.,0.,-1.));
#11003=DIRECTION('center_axis',(0.,0.,-1.));
#11004=DIRECTION('ref_axis',(0.,-1.,0.));
#11005=DIRECTION('center_axis',(0.,0.,1.));
#11006=DIRECTION('ref_axis',(0.,-1.,0.));
#11007=DIRECTION('center_axis',(0.,0.,1.));
#11008=DIRECTION('ref_axis',(0.,-1.,0.));
#11009=DIRECTION('',(0.,0.,-1.));
#11010=DIRECTION('center_axis',(0.,1.,0.));
#11011=DIRECTION('ref_axis',(1.,0.,0.));
#11012=DIRECTION('',(1.,0.,0.));
#11013=DIRECTION('',(1.,0.,0.));
#11014=DIRECTION('',(0.,0.,-1.));
#11015=DIRECTION('center_axis',(0.,0.,-1.));
#11016=DIRECTION('ref_axis',(-1.,0.,0.));
#11017=DIRECTION('center_axis',(0.,0.,1.));
#11018=DIRECTION('ref_axis',(-1.,0.,0.));
#11019=DIRECTION('center_axis',(0.,0.,1.));
#11020=DIRECTION('ref_axis',(-1.,0.,0.));
#11021=DIRECTION('',(0.,0.,-1.));
#11022=DIRECTION('center_axis',(1.,0.,0.));
#11023=DIRECTION('ref_axis',(0.,-1.,0.));
#11024=DIRECTION('',(0.,-1.,0.));
#11025=DIRECTION('',(0.,-1.,0.));
#11026=DIRECTION('',(0.,0.,-1.));
#11027=DIRECTION('center_axis',(0.,0.,-1.));
#11028=DIRECTION('ref_axis',(1.,0.,0.));
#11029=DIRECTION('center_axis',(0.,0.,1.));
#11030=DIRECTION('ref_axis',(1.,0.,0.));
#11031=DIRECTION('center_axis',(0.,0.,1.));
#11032=DIRECTION('ref_axis',(1.,0.,0.));
#11033=DIRECTION('',(0.,0.,-1.));
#11034=DIRECTION('center_axis',(-1.,0.,0.));
#11035=DIRECTION('ref_axis',(0.,1.,0.));
#11036=DIRECTION('',(0.,-1.,0.));
#11037=DIRECTION('',(0.,1.,0.));
#11038=DIRECTION('',(0.,0.,-1.));
#11039=DIRECTION('center_axis',(0.,0.,-1.));
#11040=DIRECTION('ref_axis',(0.,-1.,0.));
#11041=DIRECTION('center_axis',(0.,0.,1.));
#11042=DIRECTION('ref_axis',(0.,-1.,0.));
#11043=DIRECTION('center_axis',(0.,0.,1.));
#11044=DIRECTION('ref_axis',(0.,-1.,0.));
#11045=DIRECTION('',(0.,0.,-1.));
#11046=DIRECTION('center_axis',(0.,1.,0.));
#11047=DIRECTION('ref_axis',(1.,0.,0.));
#11048=DIRECTION('',(1.,0.,0.));
#11049=DIRECTION('',(1.,0.,0.));
#11050=DIRECTION('',(0.,0.,-1.));
#11051=DIRECTION('center_axis',(0.,0.,-1.));
#11052=DIRECTION('ref_axis',(-1.,0.,0.));
#11053=DIRECTION('center_axis',(0.,0.,1.));
#11054=DIRECTION('ref_axis',(-1.,0.,0.));
#11055=DIRECTION('center_axis',(0.,0.,1.));
#11056=DIRECTION('ref_axis',(-1.,0.,0.));
#11057=DIRECTION('',(0.,0.,-1.));
#11058=DIRECTION('center_axis',(1.,0.,0.));
#11059=DIRECTION('ref_axis',(0.,-1.,0.));
#11060=DIRECTION('',(0.,-1.,0.));
#11061=DIRECTION('',(0.,-1.,0.));
#11062=DIRECTION('',(0.,0.,-1.));
#11063=DIRECTION('center_axis',(0.,0.,-1.));
#11064=DIRECTION('ref_axis',(0.,1.,0.));
#11065=DIRECTION('center_axis',(0.,0.,1.));
#11066=DIRECTION('ref_axis',(0.,1.,0.));
#11067=DIRECTION('center_axis',(0.,0.,1.));
#11068=DIRECTION('ref_axis',(0.,1.,0.));
#11069=DIRECTION('',(0.,0.,-1.));
#11070=DIRECTION('center_axis',(0.,-1.,0.));
#11071=DIRECTION('ref_axis',(-1.,0.,0.));
#11072=DIRECTION('',(1.,0.,0.));
#11073=DIRECTION('',(-1.,0.,0.));
#11074=DIRECTION('',(0.,0.,-1.));
#11075=DIRECTION('center_axis',(0.,0.,-1.));
#11076=DIRECTION('ref_axis',(1.,0.,0.));
#11077=DIRECTION('center_axis',(0.,0.,1.));
#11078=DIRECTION('ref_axis',(1.,0.,0.));
#11079=DIRECTION('center_axis',(0.,0.,1.));
#11080=DIRECTION('ref_axis',(1.,0.,0.));
#11081=DIRECTION('',(0.,0.,-1.));
#11082=DIRECTION('center_axis',(-4.07443129881504E-8,0.999999999999999,
0.));
#11083=DIRECTION('ref_axis',(0.999999999999999,4.07443129881504E-8,0.));
#11084=DIRECTION('',(0.999999999999999,4.07443129881504E-8,0.));
#11085=DIRECTION('',(0.999999999999999,4.07443129881504E-8,0.));
#11086=DIRECTION('',(0.,0.,-1.));
#11087=DIRECTION('center_axis',(0.,0.,-1.));
#11088=DIRECTION('ref_axis',(1.,0.,0.));
#11089=DIRECTION('center_axis',(0.,0.,1.));
#11090=DIRECTION('ref_axis',(1.,0.,0.));
#11091=DIRECTION('center_axis',(0.,0.,1.));
#11092=DIRECTION('ref_axis',(1.,0.,0.));
#11093=DIRECTION('',(0.,0.,-1.));
#11094=DIRECTION('center_axis',(0.,-1.,0.));
#11095=DIRECTION('ref_axis',(-1.,0.,0.));
#11096=DIRECTION('',(1.,0.,0.));
#11097=DIRECTION('',(-1.,0.,0.));
#11098=DIRECTION('',(0.,0.,-1.));
#11099=DIRECTION('center_axis',(0.,0.,-1.));
#11100=DIRECTION('ref_axis',(1.,0.,0.));
#11101=DIRECTION('center_axis',(0.,0.,1.));
#11102=DIRECTION('ref_axis',(1.,0.,0.));
#11103=DIRECTION('center_axis',(0.,0.,1.));
#11104=DIRECTION('ref_axis',(1.,0.,0.));
#11105=DIRECTION('',(0.,0.,-1.));
#11106=DIRECTION('center_axis',(-1.,0.,0.));
#11107=DIRECTION('ref_axis',(0.,1.,0.));
#11108=DIRECTION('',(0.,-1.,0.));
#11109=DIRECTION('',(0.,1.,0.));
#11110=DIRECTION('',(0.,0.,-1.));
#11111=DIRECTION('center_axis',(0.,0.,-1.));
#11112=DIRECTION('ref_axis',(0.,-1.,0.));
#11113=DIRECTION('center_axis',(0.,0.,1.));
#11114=DIRECTION('ref_axis',(0.,-1.,0.));
#11115=DIRECTION('center_axis',(0.,0.,1.));
#11116=DIRECTION('ref_axis',(0.,-1.,0.));
#11117=DIRECTION('',(0.,0.,-1.));
#11118=DIRECTION('center_axis',(0.,1.,0.));
#11119=DIRECTION('ref_axis',(1.,0.,0.));
#11120=DIRECTION('',(1.,0.,0.));
#11121=DIRECTION('',(1.,0.,0.));
#11122=DIRECTION('',(0.,0.,-1.));
#11123=DIRECTION('center_axis',(0.,0.,-1.));
#11124=DIRECTION('ref_axis',(-1.,0.,0.));
#11125=DIRECTION('center_axis',(0.,0.,1.));
#11126=DIRECTION('ref_axis',(-1.,0.,0.));
#11127=DIRECTION('center_axis',(0.,0.,1.));
#11128=DIRECTION('ref_axis',(-1.,0.,0.));
#11129=DIRECTION('',(0.,0.,-1.));
#11130=DIRECTION('center_axis',(1.,0.,0.));
#11131=DIRECTION('ref_axis',(0.,-1.,0.));
#11132=DIRECTION('',(0.,-1.,0.));
#11133=DIRECTION('',(0.,-1.,0.));
#11134=DIRECTION('',(0.,0.,-1.));
#11135=DIRECTION('center_axis',(0.,0.,-1.));
#11136=DIRECTION('ref_axis',(1.,0.,0.));
#11137=DIRECTION('center_axis',(0.,0.,1.));
#11138=DIRECTION('ref_axis',(1.,0.,0.));
#11139=DIRECTION('center_axis',(0.,0.,1.));
#11140=DIRECTION('ref_axis',(1.,0.,0.));
#11141=DIRECTION('',(0.,0.,-1.));
#11142=DIRECTION('center_axis',(-1.,0.,0.));
#11143=DIRECTION('ref_axis',(0.,1.,0.));
#11144=DIRECTION('',(0.,-1.,0.));
#11145=DIRECTION('',(0.,1.,0.));
#11146=DIRECTION('',(0.,0.,-1.));
#11147=DIRECTION('center_axis',(0.,0.,-1.));
#11148=DIRECTION('ref_axis',(3.55271367880051E-14,-1.,0.));
#11149=DIRECTION('center_axis',(0.,0.,1.));
#11150=DIRECTION('ref_axis',(3.55271367880051E-14,-1.,0.));
#11151=DIRECTION('center_axis',(0.,0.,1.));
#11152=DIRECTION('ref_axis',(3.55271367880051E-14,-1.,0.));
#11153=DIRECTION('',(0.,0.,-1.));
#11154=DIRECTION('center_axis',(0.,1.,0.));
#11155=DIRECTION('ref_axis',(1.,0.,0.));
#11156=DIRECTION('',(1.,0.,0.));
#11157=DIRECTION('',(1.,0.,0.));
#11158=DIRECTION('',(0.,0.,-1.));
#11159=DIRECTION('center_axis',(0.,0.,-1.));
#11160=DIRECTION('ref_axis',(-1.,0.,0.));
#11161=DIRECTION('center_axis',(0.,0.,1.));
#11162=DIRECTION('ref_axis',(-1.,0.,0.));
#11163=DIRECTION('center_axis',(0.,0.,1.));
#11164=DIRECTION('ref_axis',(-1.,0.,0.));
#11165=DIRECTION('',(0.,0.,-1.));
#11166=DIRECTION('center_axis',(1.,0.,0.));
#11167=DIRECTION('ref_axis',(0.,-1.,0.));
#11168=DIRECTION('',(0.,-1.,0.));
#11169=DIRECTION('',(0.,-1.,0.));
#11170=DIRECTION('',(0.,0.,-1.));
#11171=DIRECTION('center_axis',(0.,0.,-1.));
#11172=DIRECTION('ref_axis',(0.,1.,0.));
#11173=DIRECTION('center_axis',(0.,0.,1.));
#11174=DIRECTION('ref_axis',(0.,1.,0.));
#11175=DIRECTION('center_axis',(0.,0.,1.));
#11176=DIRECTION('ref_axis',(0.,1.,0.));
#11177=DIRECTION('',(0.,0.,-1.));
#11178=DIRECTION('center_axis',(0.,-1.,0.));
#11179=DIRECTION('ref_axis',(-1.,0.,0.));
#11180=DIRECTION('',(1.,0.,0.));
#11181=DIRECTION('',(-1.,0.,0.));
#11182=DIRECTION('',(0.,0.,-1.));
#11183=DIRECTION('center_axis',(0.,0.,-1.));
#11184=DIRECTION('ref_axis',(1.,0.,0.));
#11185=DIRECTION('center_axis',(0.,0.,1.));
#11186=DIRECTION('ref_axis',(1.,0.,0.));
#11187=DIRECTION('center_axis',(0.,0.,1.));
#11188=DIRECTION('ref_axis',(1.,0.,0.));
#11189=DIRECTION('',(0.,0.,-1.));
#11190=DIRECTION('center_axis',(-4.07443129881504E-8,0.999999999999999,
0.));
#11191=DIRECTION('ref_axis',(0.999999999999999,4.07443129881504E-8,0.));
#11192=DIRECTION('',(0.999999999999999,4.07443129881504E-8,0.));
#11193=DIRECTION('',(0.999999999999999,4.07443129881504E-8,0.));
#11194=DIRECTION('',(0.,0.,-1.));
#11195=DIRECTION('center_axis',(-0.999999999999999,-4.07443131207686E-8,
0.));
#11196=DIRECTION('ref_axis',(-4.07443131207686E-8,0.999999999999999,0.));
#11197=DIRECTION('',(-4.07443131207686E-8,0.999999999999999,0.));
#11198=DIRECTION('',(-4.07443131207686E-8,0.999999999999999,0.));
#11199=DIRECTION('',(0.,0.,-1.));
#11200=DIRECTION('center_axis',(4.07443129881504E-8,-0.999999999999999,
0.));
#11201=DIRECTION('ref_axis',(-0.999999999999999,-4.07443129881504E-8,0.));
#11202=DIRECTION('',(0.999999999999999,4.07443129881504E-8,0.));
#11203=DIRECTION('',(-0.999999999999999,-4.07443129881504E-8,0.));
#11204=DIRECTION('center_axis',(0.,0.,1.));
#11205=DIRECTION('ref_axis',(1.,0.,0.));
#11206=DIRECTION('center_axis',(0.,0.,1.));
#11207=DIRECTION('ref_axis',(1.,0.,0.));
#11208=CARTESIAN_POINT('',(0.,0.,0.));
#11209=CARTESIAN_POINT('Origin',(20.7875,16.525,-1.5));
#11210=CARTESIAN_POINT('',(7.78750000000002,16.525,-1.5));
#11211=CARTESIAN_POINT('',(20.7875,16.525,-1.5));
#11212=CARTESIAN_POINT('',(7.78750000000002,16.525,-1.5));
#11213=CARTESIAN_POINT('',(7.78750000000002,16.525,-5.));
#11214=CARTESIAN_POINT('',(7.78750000000002,16.525,-1.5));
#11215=CARTESIAN_POINT('',(20.7875,16.525,-5.));
#11216=CARTESIAN_POINT('',(7.78750000000002,16.525,-5.));
#11217=CARTESIAN_POINT('',(20.7875,16.525,-1.5));
#11218=CARTESIAN_POINT('Origin',(20.7875,16.025,-1.5));
#11219=CARTESIAN_POINT('',(21.2875,16.025,-1.5));
#11220=CARTESIAN_POINT('Origin',(20.7875,16.025,-1.5));
#11221=CARTESIAN_POINT('',(21.2875,16.025,-5.));
#11222=CARTESIAN_POINT('Origin',(20.7875,16.025,-5.));
#11223=CARTESIAN_POINT('',(21.2875,16.025,-1.5));
#11224=CARTESIAN_POINT('Origin',(21.2875,3.025,-1.5));
#11225=CARTESIAN_POINT('',(21.2875,3.025,-1.5));
#11226=CARTESIAN_POINT('',(21.2875,16.025,-1.5));
#11227=CARTESIAN_POINT('',(21.2875,3.025,-5.));
#11228=CARTESIAN_POINT('',(21.2875,16.025,-5.));
#11229=CARTESIAN_POINT('',(21.2875,3.025,-1.5));
#11230=CARTESIAN_POINT('Origin',(20.7875,3.025,-1.5));
#11231=CARTESIAN_POINT('',(20.7875,2.525,-1.5));
#11232=CARTESIAN_POINT('Origin',(20.7875,3.025,-1.5));
#11233=CARTESIAN_POINT('',(20.7875,2.525,-5.));
#11234=CARTESIAN_POINT('Origin',(20.7875,3.025,-5.));
#11235=CARTESIAN_POINT('',(20.7875,2.525,-1.5));
#11236=CARTESIAN_POINT('Origin',(7.78750000000002,2.525,-1.5));
#11237=CARTESIAN_POINT('',(7.78750000000002,2.525,-1.5));
#11238=CARTESIAN_POINT('',(7.78750000000002,2.525,-1.5));
#11239=CARTESIAN_POINT('',(7.78750000000002,2.525,-5.));
#11240=CARTESIAN_POINT('',(7.78750000000002,2.525,-5.));
#11241=CARTESIAN_POINT('',(7.78750000000002,2.525,-1.5));
#11242=CARTESIAN_POINT('Origin',(7.78750000000002,3.025,-1.5));
#11243=CARTESIAN_POINT('',(7.28750000000002,3.025,-1.5));
#11244=CARTESIAN_POINT('Origin',(7.78750000000002,3.025,-1.5));
#11245=CARTESIAN_POINT('',(7.28750000000002,3.025,-5.));
#11246=CARTESIAN_POINT('Origin',(7.78750000000002,3.025,-5.));
#11247=CARTESIAN_POINT('',(7.28750000000002,3.025,-1.5));
#11248=CARTESIAN_POINT('Origin',(7.28750000000002,16.025,-1.5));
#11249=CARTESIAN_POINT('',(7.28750000000002,16.025,-1.5));
#11250=CARTESIAN_POINT('',(7.28750000000002,16.025,-1.5));
#11251=CARTESIAN_POINT('',(7.28750000000002,16.025,-5.));
#11252=CARTESIAN_POINT('',(7.28750000000002,16.025,-5.));
#11253=CARTESIAN_POINT('',(7.28750000000002,16.025,-1.5));
#11254=CARTESIAN_POINT('Origin',(7.78750000000002,16.025,-1.5));
#11255=CARTESIAN_POINT('Origin',(7.78750000000002,16.025,-1.5));
#11256=CARTESIAN_POINT('Origin',(7.78750000000002,16.025,-5.));
#11257=CARTESIAN_POINT('Origin',(-11.25575,-20.075,-1.5));
#11258=CARTESIAN_POINT('',(-11.25575,-19.575,-1.5));
#11259=CARTESIAN_POINT('',(-10.75575,-20.075,-1.5));
#11260=CARTESIAN_POINT('Origin',(-11.25575,-20.075,-1.5));
#11261=CARTESIAN_POINT('',(-11.25575,-19.575,-5.));
#11262=CARTESIAN_POINT('',(-11.25575,-19.575,-1.5));
#11263=CARTESIAN_POINT('',(-10.75575,-20.075,-5.));
#11264=CARTESIAN_POINT('Origin',(-11.25575,-20.075,-5.));
#11265=CARTESIAN_POINT('',(-10.75575,-20.075,-1.5));
#11266=CARTESIAN_POINT('Origin',(-10.75575,-37.075,-1.5));
#11267=CARTESIAN_POINT('',(-10.75575,-37.075,-1.5));
#11268=CARTESIAN_POINT('',(-10.75575,-20.075,-1.5));
#11269=CARTESIAN_POINT('',(-10.75575,-37.075,-5.));
#11270=CARTESIAN_POINT('',(-10.75575,-20.075,-5.));
#11271=CARTESIAN_POINT('',(-10.75575,-37.075,-1.5));
#11272=CARTESIAN_POINT('Origin',(-11.25575,-37.075,-1.5));
#11273=CARTESIAN_POINT('',(-11.25575,-37.575,-1.5));
#11274=CARTESIAN_POINT('Origin',(-11.25575,-37.075,-1.5));
#11275=CARTESIAN_POINT('',(-11.25575,-37.575,-5.));
#11276=CARTESIAN_POINT('Origin',(-11.25575,-37.075,-5.));
#11277=CARTESIAN_POINT('',(-11.25575,-37.575,-1.5));
#11278=CARTESIAN_POINT('Origin',(-17.25575,-37.575,-1.5));
#11279=CARTESIAN_POINT('',(-17.25575,-37.575,-1.5));
#11280=CARTESIAN_POINT('',(-17.25575,-37.575,-1.5));
#11281=CARTESIAN_POINT('',(-17.25575,-37.575,-5.));
#11282=CARTESIAN_POINT('',(-17.25575,-37.575,-5.));
#11283=CARTESIAN_POINT('',(-17.25575,-37.575,-1.5));
#11284=CARTESIAN_POINT('Origin',(-17.25575,-37.075,-1.5));
#11285=CARTESIAN_POINT('',(-17.75575,-37.075,-1.5));
#11286=CARTESIAN_POINT('Origin',(-17.25575,-37.075,-1.5));
#11287=CARTESIAN_POINT('',(-17.75575,-37.075,-5.));
#11288=CARTESIAN_POINT('Origin',(-17.25575,-37.075,-5.));
#11289=CARTESIAN_POINT('',(-17.75575,-37.075,-1.5));
#11290=CARTESIAN_POINT('Origin',(-17.75575,-20.075,-1.5));
#11291=CARTESIAN_POINT('',(-17.75575,-20.075,-1.5));
#11292=CARTESIAN_POINT('',(-17.75575,-20.075,-1.5));
#11293=CARTESIAN_POINT('',(-17.75575,-20.075,-5.));
#11294=CARTESIAN_POINT('',(-17.75575,-20.075,-5.));
#11295=CARTESIAN_POINT('',(-17.75575,-20.075,-1.5));
#11296=CARTESIAN_POINT('Origin',(-17.25575,-20.075,-1.5));
#11297=CARTESIAN_POINT('',(-17.25575,-19.575,-1.5));
#11298=CARTESIAN_POINT('Origin',(-17.25575,-20.075,-1.5));
#11299=CARTESIAN_POINT('',(-17.25575,-19.575,-5.));
#11300=CARTESIAN_POINT('Origin',(-17.25575,-20.075,-5.));
#11301=CARTESIAN_POINT('',(-17.25575,-19.575,-1.5));
#11302=CARTESIAN_POINT('Origin',(-11.25575,-19.575,-1.5));
#11303=CARTESIAN_POINT('',(-11.25575,-19.575,-1.5));
#11304=CARTESIAN_POINT('',(-11.25575,-19.575,-5.));
#11305=CARTESIAN_POINT('Origin',(-17.3125,16.525,-1.5));
#11306=CARTESIAN_POINT('',(-30.3125,16.525,-1.5));
#11307=CARTESIAN_POINT('',(-17.3125,16.525,-1.5));
#11308=CARTESIAN_POINT('',(-30.3125,16.525,-1.5));
#11309=CARTESIAN_POINT('',(-30.3125,16.525,-5.));
#11310=CARTESIAN_POINT('',(-30.3125,16.525,-1.5));
#11311=CARTESIAN_POINT('',(-17.3125,16.525,-5.));
#11312=CARTESIAN_POINT('',(-30.3125,16.525,-5.));
#11313=CARTESIAN_POINT('',(-17.3125,16.525,-1.5));
#11314=CARTESIAN_POINT('Origin',(-17.3125,16.025,-1.5));
#11315=CARTESIAN_POINT('',(-16.8125,16.025,-1.5));
#11316=CARTESIAN_POINT('Origin',(-17.3125,16.025,-1.5));
#11317=CARTESIAN_POINT('',(-16.8125,16.025,-5.));
#11318=CARTESIAN_POINT('Origin',(-17.3125,16.025,-5.));
#11319=CARTESIAN_POINT('',(-16.8125,16.025,-1.5));
#11320=CARTESIAN_POINT('Origin',(-16.8125,3.025,-1.5));
#11321=CARTESIAN_POINT('',(-16.8125,3.025,-1.5));
#11322=CARTESIAN_POINT('',(-16.8125,16.025,-1.5));
#11323=CARTESIAN_POINT('',(-16.8125,3.025,-5.));
#11324=CARTESIAN_POINT('',(-16.8125,16.025,-5.));
#11325=CARTESIAN_POINT('',(-16.8125,3.025,-1.5));
#11326=CARTESIAN_POINT('Origin',(-17.3125,3.025,-1.5));
#11327=CARTESIAN_POINT('',(-17.3125,2.525,-1.5));
#11328=CARTESIAN_POINT('Origin',(-17.3125,3.025,-1.5));
#11329=CARTESIAN_POINT('',(-17.3125,2.525,-5.));
#11330=CARTESIAN_POINT('Origin',(-17.3125,3.025,-5.));
#11331=CARTESIAN_POINT('',(-17.3125,2.525,-1.5));
#11332=CARTESIAN_POINT('Origin',(-30.3125,2.525,-1.5));
#11333=CARTESIAN_POINT('',(-30.3125,2.52500000000001,-1.5));
#11334=CARTESIAN_POINT('',(-30.3125,2.525,-1.5));
#11335=CARTESIAN_POINT('',(-30.3125,2.52500000000001,-5.));
#11336=CARTESIAN_POINT('',(-30.3125,2.525,-5.));
#11337=CARTESIAN_POINT('',(-30.3125,2.52500000000001,-1.5));
#11338=CARTESIAN_POINT('Origin',(-30.3125,3.025,-1.5));
#11339=CARTESIAN_POINT('',(-30.8125,3.025,-1.5));
#11340=CARTESIAN_POINT('Origin',(-30.3125,3.025,-1.5));
#11341=CARTESIAN_POINT('',(-30.8125,3.025,-5.));
#11342=CARTESIAN_POINT('Origin',(-30.3125,3.025,-5.));
#11343=CARTESIAN_POINT('',(-30.8125,3.025,-1.5));
#11344=CARTESIAN_POINT('Origin',(-30.8125,16.025,-1.5));
#11345=CARTESIAN_POINT('',(-30.8125,16.025,-1.5));
#11346=CARTESIAN_POINT('',(-30.8125,16.025,-1.5));
#11347=CARTESIAN_POINT('',(-30.8125,16.025,-5.));
#11348=CARTESIAN_POINT('',(-30.8125,16.025,-5.));
#11349=CARTESIAN_POINT('',(-30.8125,16.025,-1.5));
#11350=CARTESIAN_POINT('Origin',(-30.3125,16.025,-1.5));
#11351=CARTESIAN_POINT('Origin',(-30.3125,16.025,-1.5));
#11352=CARTESIAN_POINT('Origin',(-30.3125,16.025,-5.));
#11353=CARTESIAN_POINT('Origin',(70.79375,-2.525,-1.5));
#11354=CARTESIAN_POINT('',(57.79375,-2.525,-1.5));
#11355=CARTESIAN_POINT('',(70.79375,-2.52500000000002,-1.5));
#11356=CARTESIAN_POINT('',(57.79375,-2.525,-1.5));
#11357=CARTESIAN_POINT('',(57.79375,-2.525,-5.));
#11358=CARTESIAN_POINT('',(57.79375,-2.525,-1.5));
#11359=CARTESIAN_POINT('',(70.79375,-2.52500000000002,-5.));
#11360=CARTESIAN_POINT('',(57.79375,-2.525,-5.));
#11361=CARTESIAN_POINT('',(70.79375,-2.52500000000002,-1.5));
#11362=CARTESIAN_POINT('Origin',(70.79375,-3.02499999999999,-1.5));
#11363=CARTESIAN_POINT('',(71.29375,-3.02499999999999,-1.5));
#11364=CARTESIAN_POINT('Origin',(70.79375,-3.02499999999999,-1.5));
#11365=CARTESIAN_POINT('',(71.29375,-3.02499999999999,-5.));
#11366=CARTESIAN_POINT('Origin',(70.79375,-3.02499999999999,-5.));
#11367=CARTESIAN_POINT('',(71.29375,-3.02499999999999,-1.5));
#11368=CARTESIAN_POINT('Origin',(71.29375,-16.025,-1.5));
#11369=CARTESIAN_POINT('',(71.29375,-16.025,-1.5));
#11370=CARTESIAN_POINT('',(71.29375,-3.02499999999999,-1.5));
#11371=CARTESIAN_POINT('',(71.29375,-16.025,-5.));
#11372=CARTESIAN_POINT('',(71.29375,-3.02499999999999,-5.));
#11373=CARTESIAN_POINT('',(71.29375,-16.025,-1.5));
#11374=CARTESIAN_POINT('Origin',(70.79375,-16.025,-1.5));
#11375=CARTESIAN_POINT('',(70.79375,-16.525,-1.5));
#11376=CARTESIAN_POINT('Origin',(70.79375,-16.025,-1.5));
#11377=CARTESIAN_POINT('',(70.79375,-16.525,-5.));
#11378=CARTESIAN_POINT('Origin',(70.79375,-16.025,-5.));
#11379=CARTESIAN_POINT('',(70.79375,-16.525,-1.5));
#11380=CARTESIAN_POINT('Origin',(57.79375,-16.525,-1.5));
#11381=CARTESIAN_POINT('',(57.79375,-16.525,-1.5));
#11382=CARTESIAN_POINT('',(57.79375,-16.525,-1.5));
#11383=CARTESIAN_POINT('',(57.79375,-16.525,-5.));
#11384=CARTESIAN_POINT('',(57.79375,-16.525,-5.));
#11385=CARTESIAN_POINT('',(57.79375,-16.525,-1.5));
#11386=CARTESIAN_POINT('Origin',(57.79375,-16.025,-1.5));
#11387=CARTESIAN_POINT('',(57.29375,-16.025,-1.5));
#11388=CARTESIAN_POINT('Origin',(57.79375,-16.025,-1.5));
#11389=CARTESIAN_POINT('',(57.29375,-16.025,-5.));
#11390=CARTESIAN_POINT('Origin',(57.79375,-16.025,-5.));
#11391=CARTESIAN_POINT('',(57.29375,-16.025,-1.5));
#11392=CARTESIAN_POINT('Origin',(57.29375,-3.02499999999999,-1.5));
#11393=CARTESIAN_POINT('',(57.29375,-3.02499999999999,-1.5));
#11394=CARTESIAN_POINT('',(57.29375,-3.02499999999999,-1.5));
#11395=CARTESIAN_POINT('',(57.29375,-3.02499999999999,-5.));
#11396=CARTESIAN_POINT('',(57.29375,-3.02499999999999,-5.));
#11397=CARTESIAN_POINT('',(57.29375,-3.02499999999999,-1.5));
#11398=CARTESIAN_POINT('Origin',(57.79375,-3.02499999999999,-1.5));
#11399=CARTESIAN_POINT('Origin',(57.79375,-3.02499999999999,-1.5));
#11400=CARTESIAN_POINT('Origin',(57.79375,-3.02499999999999,-5.));
#11401=CARTESIAN_POINT('Origin',(27.93125,-21.575,-1.5));
#11402=CARTESIAN_POINT('',(14.93125,-21.575,-1.5));
#11403=CARTESIAN_POINT('',(27.93125,-21.575,-1.5));
#11404=CARTESIAN_POINT('',(14.93125,-21.575,-1.5));
#11405=CARTESIAN_POINT('',(14.93125,-21.575,-5.));
#11406=CARTESIAN_POINT('',(14.93125,-21.575,-1.5));
#11407=CARTESIAN_POINT('',(27.93125,-21.575,-5.));
#11408=CARTESIAN_POINT('',(14.93125,-21.575,-5.));
#11409=CARTESIAN_POINT('',(27.93125,-21.575,-1.5));
#11410=CARTESIAN_POINT('Origin',(27.93125,-22.075,-1.5));
#11411=CARTESIAN_POINT('',(28.43125,-22.075,-1.5));
#11412=CARTESIAN_POINT('Origin',(27.93125,-22.075,-1.5));
#11413=CARTESIAN_POINT('',(28.43125,-22.075,-5.));
#11414=CARTESIAN_POINT('Origin',(27.93125,-22.075,-5.));
#11415=CARTESIAN_POINT('',(28.43125,-22.075,-1.5));
#11416=CARTESIAN_POINT('Origin',(28.43125,-35.075,-1.5));
#11417=CARTESIAN_POINT('',(28.43125,-35.075,-1.5));
#11418=CARTESIAN_POINT('',(28.43125,-22.075,-1.5));
#11419=CARTESIAN_POINT('',(28.43125,-35.075,-5.));
#11420=CARTESIAN_POINT('',(28.43125,-22.075,-5.));
#11421=CARTESIAN_POINT('',(28.43125,-35.075,-1.5));
#11422=CARTESIAN_POINT('Origin',(27.93125,-35.075,-1.5));
#11423=CARTESIAN_POINT('',(27.93125,-35.575,-1.5));
#11424=CARTESIAN_POINT('Origin',(27.93125,-35.075,-1.5));
#11425=CARTESIAN_POINT('',(27.93125,-35.575,-5.));
#11426=CARTESIAN_POINT('Origin',(27.93125,-35.075,-5.));
#11427=CARTESIAN_POINT('',(27.93125,-35.575,-1.5));
#11428=CARTESIAN_POINT('Origin',(14.93125,-35.575,-1.5));
#11429=CARTESIAN_POINT('',(14.93125,-35.575,-1.5));
#11430=CARTESIAN_POINT('',(14.93125,-35.575,-1.5));
#11431=CARTESIAN_POINT('',(14.93125,-35.575,-5.));
#11432=CARTESIAN_POINT('',(14.93125,-35.575,-5.));
#11433=CARTESIAN_POINT('',(14.93125,-35.575,-1.5));
#11434=CARTESIAN_POINT('Origin',(14.93125,-35.075,-1.5));
#11435=CARTESIAN_POINT('',(14.43125,-35.075,-1.5));
#11436=CARTESIAN_POINT('Origin',(14.93125,-35.075,-1.5));
#11437=CARTESIAN_POINT('',(14.43125,-35.075,-5.));
#11438=CARTESIAN_POINT('Origin',(14.93125,-35.075,-5.));
#11439=CARTESIAN_POINT('',(14.43125,-35.075,-1.5));
#11440=CARTESIAN_POINT('Origin',(14.43125,-22.075,-1.5));
#11441=CARTESIAN_POINT('',(14.43125,-22.075,-1.5));
#11442=CARTESIAN_POINT('',(14.43125,-22.075,-1.5));
#11443=CARTESIAN_POINT('',(14.43125,-22.075,-5.));
#11444=CARTESIAN_POINT('',(14.43125,-22.075,-5.));
#11445=CARTESIAN_POINT('',(14.43125,-22.075,-1.5));
#11446=CARTESIAN_POINT('Origin',(14.93125,-22.075,-1.5));
#11447=CARTESIAN_POINT('Origin',(14.93125,-22.075,-1.5));
#11448=CARTESIAN_POINT('Origin',(14.93125,-22.075,-5.));
#11449=CARTESIAN_POINT('Origin',(-74.4625,16.525,-1.5));
#11450=CARTESIAN_POINT('',(-87.4625,16.525,-1.5));
#11451=CARTESIAN_POINT('',(-74.4625,16.525,-1.5));
#11452=CARTESIAN_POINT('',(-87.4625,16.525,-1.5));
#11453=CARTESIAN_POINT('',(-87.4625,16.525,-5.));
#11454=CARTESIAN_POINT('',(-87.4625,16.525,-1.5));
#11455=CARTESIAN_POINT('',(-74.4625,16.525,-5.));
#11456=CARTESIAN_POINT('',(-87.4625,16.525,-5.));
#11457=CARTESIAN_POINT('',(-74.4625,16.525,-1.5));
#11458=CARTESIAN_POINT('Origin',(-74.4625,16.025,-1.5));
#11459=CARTESIAN_POINT('',(-73.9625,16.025,-1.5));
#11460=CARTESIAN_POINT('Origin',(-74.4625,16.025,-1.5));
#11461=CARTESIAN_POINT('',(-73.9625,16.025,-5.));
#11462=CARTESIAN_POINT('Origin',(-74.4625,16.025,-5.));
#11463=CARTESIAN_POINT('',(-73.9625,16.025,-1.5));
#11464=CARTESIAN_POINT('Origin',(-73.9625,3.025,-1.5));
#11465=CARTESIAN_POINT('',(-73.9625,3.025,-1.5));
#11466=CARTESIAN_POINT('',(-73.9625,16.025,-1.5));
#11467=CARTESIAN_POINT('',(-73.9625,3.025,-5.));
#11468=CARTESIAN_POINT('',(-73.9625,16.025,-5.));
#11469=CARTESIAN_POINT('',(-73.9625,3.025,-1.5));
#11470=CARTESIAN_POINT('Origin',(-74.4625,3.025,-1.5));
#11471=CARTESIAN_POINT('',(-74.4625,2.525,-1.5));
#11472=CARTESIAN_POINT('Origin',(-74.4625,3.025,-1.5));
#11473=CARTESIAN_POINT('',(-74.4625,2.525,-5.));
#11474=CARTESIAN_POINT('Origin',(-74.4625,3.025,-5.));
#11475=CARTESIAN_POINT('',(-74.4625,2.525,-1.5));
#11476=CARTESIAN_POINT('Origin',(-87.4625,2.525,-1.5));
#11477=CARTESIAN_POINT('',(-87.4625,2.525,-1.5));
#11478=CARTESIAN_POINT('',(-87.4625,2.525,-1.5));
#11479=CARTESIAN_POINT('',(-87.4625,2.525,-5.));
#11480=CARTESIAN_POINT('',(-87.4625,2.525,-5.));
#11481=CARTESIAN_POINT('',(-87.4625,2.525,-1.5));
#11482=CARTESIAN_POINT('Origin',(-87.4625,3.025,-1.5));
#11483=CARTESIAN_POINT('',(-87.9625,3.025,-1.5));
#11484=CARTESIAN_POINT('Origin',(-87.4625,3.025,-1.5));
#11485=CARTESIAN_POINT('',(-87.9625,3.025,-5.));
#11486=CARTESIAN_POINT('Origin',(-87.4625,3.025,-5.));
#11487=CARTESIAN_POINT('',(-87.9625,3.025,-1.5));
#11488=CARTESIAN_POINT('Origin',(-87.9625,16.025,-1.5));
#11489=CARTESIAN_POINT('',(-87.9625,16.025,-1.5));
#11490=CARTESIAN_POINT('',(-87.9625,16.025,-1.5));
#11491=CARTESIAN_POINT('',(-87.9625,16.025,-5.));
#11492=CARTESIAN_POINT('',(-87.9625,16.025,-5.));
#11493=CARTESIAN_POINT('',(-87.9625,16.025,-1.5));
#11494=CARTESIAN_POINT('Origin',(-87.4625,16.025,-1.5));
#11495=CARTESIAN_POINT('Origin',(-87.4625,16.025,-1.5));
#11496=CARTESIAN_POINT('Origin',(-87.4625,16.025,-5.));
#11497=CARTESIAN_POINT('Origin',(-60.175,35.575,-1.5));
#11498=CARTESIAN_POINT('',(-73.175,35.575,-1.5));
#11499=CARTESIAN_POINT('',(-60.175,35.575,-1.5));
#11500=CARTESIAN_POINT('',(-73.175,35.575,-1.5));
#11501=CARTESIAN_POINT('',(-73.175,35.575,-5.));
#11502=CARTESIAN_POINT('',(-73.175,35.575,-1.5));
#11503=CARTESIAN_POINT('',(-60.175,35.575,-5.));
#11504=CARTESIAN_POINT('',(-73.175,35.575,-5.));
#11505=CARTESIAN_POINT('',(-60.175,35.575,-1.5));
#11506=CARTESIAN_POINT('Origin',(-60.175,35.075,-1.5));
#11507=CARTESIAN_POINT('',(-59.675,35.075,-1.5));
#11508=CARTESIAN_POINT('Origin',(-60.175,35.075,-1.5));
#11509=CARTESIAN_POINT('',(-59.675,35.075,-5.));
#11510=CARTESIAN_POINT('Origin',(-60.175,35.075,-5.));
#11511=CARTESIAN_POINT('',(-59.675,35.075,-1.5));
#11512=CARTESIAN_POINT('Origin',(-59.675,22.075,-1.5));
#11513=CARTESIAN_POINT('',(-59.675,22.075,-1.5));
#11514=CARTESIAN_POINT('',(-59.675,35.075,-1.5));
#11515=CARTESIAN_POINT('',(-59.675,22.075,-5.));
#11516=CARTESIAN_POINT('',(-59.675,35.075,-5.));
#11517=CARTESIAN_POINT('',(-59.675,22.075,-1.5));
#11518=CARTESIAN_POINT('Origin',(-60.175,22.075,-1.5));
#11519=CARTESIAN_POINT('',(-60.175,21.575,-1.5));
#11520=CARTESIAN_POINT('Origin',(-60.175,22.075,-1.5));
#11521=CARTESIAN_POINT('',(-60.175,21.575,-5.));
#11522=CARTESIAN_POINT('Origin',(-60.175,22.075,-5.));
#11523=CARTESIAN_POINT('',(-60.175,21.575,-1.5));
#11524=CARTESIAN_POINT('Origin',(-73.175,21.575,-1.5));
#11525=CARTESIAN_POINT('',(-73.175,21.575,-1.5));
#11526=CARTESIAN_POINT('',(-73.175,21.575,-1.5));
#11527=CARTESIAN_POINT('',(-73.175,21.575,-5.));
#11528=CARTESIAN_POINT('',(-73.175,21.575,-5.));
#11529=CARTESIAN_POINT('',(-73.175,21.575,-1.5));
#11530=CARTESIAN_POINT('Origin',(-73.175,22.075,-1.5));
#11531=CARTESIAN_POINT('',(-73.675,22.075,-1.5));
#11532=CARTESIAN_POINT('Origin',(-73.175,22.075,-1.5));
#11533=CARTESIAN_POINT('',(-73.675,22.075,-5.));
#11534=CARTESIAN_POINT('Origin',(-73.175,22.075,-5.));
#11535=CARTESIAN_POINT('',(-73.675,22.075,-1.5));
#11536=CARTESIAN_POINT('Origin',(-73.675,35.075,-1.5));
#11537=CARTESIAN_POINT('',(-73.675,35.075,-1.5));
#11538=CARTESIAN_POINT('',(-73.675,35.075,-1.5));
#11539=CARTESIAN_POINT('',(-73.675,35.075,-5.));
#11540=CARTESIAN_POINT('',(-73.675,35.075,-5.));
#11541=CARTESIAN_POINT('',(-73.675,35.075,-1.5));
#11542=CARTESIAN_POINT('Origin',(-73.175,35.075,-1.5));
#11543=CARTESIAN_POINT('Origin',(-73.175,35.075,-1.5));
#11544=CARTESIAN_POINT('Origin',(-73.175,35.075,-5.));
#11545=CARTESIAN_POINT('Origin',(-95.89375,16.525,-1.5));
#11546=CARTESIAN_POINT('',(-108.89375,16.525,-1.5));
#11547=CARTESIAN_POINT('',(-95.89375,16.525,-1.5));
#11548=CARTESIAN_POINT('',(-108.89375,16.525,-1.5));
#11549=CARTESIAN_POINT('',(-108.89375,16.525,-5.));
#11550=CARTESIAN_POINT('',(-108.89375,16.525,-1.5));
#11551=CARTESIAN_POINT('',(-95.89375,16.525,-5.));
#11552=CARTESIAN_POINT('',(-108.89375,16.525,-5.));
#11553=CARTESIAN_POINT('',(-95.89375,16.525,-1.5));
#11554=CARTESIAN_POINT('Origin',(-95.89375,16.025,-1.5));
#11555=CARTESIAN_POINT('',(-95.39375,16.025,-1.5));
#11556=CARTESIAN_POINT('Origin',(-95.89375,16.025,-1.5));
#11557=CARTESIAN_POINT('',(-95.39375,16.025,-5.));
#11558=CARTESIAN_POINT('Origin',(-95.89375,16.025,-5.));
#11559=CARTESIAN_POINT('',(-95.39375,16.025,-1.5));
#11560=CARTESIAN_POINT('Origin',(-95.39375,3.025,-1.5));
#11561=CARTESIAN_POINT('',(-95.39375,3.025,-1.5));
#11562=CARTESIAN_POINT('',(-95.39375,16.025,-1.5));
#11563=CARTESIAN_POINT('',(-95.39375,3.025,-5.));
#11564=CARTESIAN_POINT('',(-95.39375,16.025,-5.));
#11565=CARTESIAN_POINT('',(-95.39375,3.025,-1.5));
#11566=CARTESIAN_POINT('Origin',(-95.89375,3.025,-1.5));
#11567=CARTESIAN_POINT('',(-95.89375,2.525,-1.5));
#11568=CARTESIAN_POINT('Origin',(-95.89375,3.025,-1.5));
#11569=CARTESIAN_POINT('',(-95.89375,2.525,-5.));
#11570=CARTESIAN_POINT('Origin',(-95.89375,3.025,-5.));
#11571=CARTESIAN_POINT('',(-95.89375,2.525,-1.5));
#11572=CARTESIAN_POINT('Origin',(-108.89375,2.525,-1.5));
#11573=CARTESIAN_POINT('',(-108.89375,2.525,-1.5));
#11574=CARTESIAN_POINT('',(-108.89375,2.525,-1.5));
#11575=CARTESIAN_POINT('',(-108.89375,2.525,-5.));
#11576=CARTESIAN_POINT('',(-108.89375,2.525,-5.));
#11577=CARTESIAN_POINT('',(-108.89375,2.525,-1.5));
#11578=CARTESIAN_POINT('Origin',(-108.89375,3.025,-1.5));
#11579=CARTESIAN_POINT('',(-109.39375,3.025,-1.5));
#11580=CARTESIAN_POINT('Origin',(-108.89375,3.025,-1.5));
#11581=CARTESIAN_POINT('',(-109.39375,3.025,-5.));
#11582=CARTESIAN_POINT('Origin',(-108.89375,3.025,-5.));
#11583=CARTESIAN_POINT('',(-109.39375,3.025,-1.5));
#11584=CARTESIAN_POINT('Origin',(-109.39375,16.025,-1.5));
#11585=CARTESIAN_POINT('',(-109.39375,16.025,-1.5));
#11586=CARTESIAN_POINT('',(-109.39375,16.025,-1.5));
#11587=CARTESIAN_POINT('',(-109.39375,16.025,-5.));
#11588=CARTESIAN_POINT('',(-109.39375,16.025,-5.));
#11589=CARTESIAN_POINT('',(-109.39375,16.025,-1.5));
#11590=CARTESIAN_POINT('Origin',(-108.89375,16.025,-1.5));
#11591=CARTESIAN_POINT('Origin',(-108.89375,16.025,-1.5));
#11592=CARTESIAN_POINT('Origin',(-108.89375,16.025,-5.));
#11593=CARTESIAN_POINT('Origin',(11.2625,-2.525,-1.5));
#11594=CARTESIAN_POINT('',(-1.73749999999998,-2.525,-1.5));
#11595=CARTESIAN_POINT('',(11.2625,-2.52499999999999,-1.5));
#11596=CARTESIAN_POINT('',(-1.73749999999998,-2.525,-1.5));
#11597=CARTESIAN_POINT('',(-1.73749999999998,-2.525,-5.));
#11598=CARTESIAN_POINT('',(-1.73749999999998,-2.525,-1.5));
#11599=CARTESIAN_POINT('',(11.2625,-2.52499999999999,-5.));
#11600=CARTESIAN_POINT('',(-1.73749999999998,-2.525,-5.));
#11601=CARTESIAN_POINT('',(11.2625,-2.52499999999999,-1.5));
#11602=CARTESIAN_POINT('Origin',(11.2625,-3.02499999999999,-1.5));
#11603=CARTESIAN_POINT('',(11.7625,-3.02499999999999,-1.5));
#11604=CARTESIAN_POINT('Origin',(11.2625,-3.02499999999999,-1.5));
#11605=CARTESIAN_POINT('',(11.7625,-3.02499999999999,-5.));
#11606=CARTESIAN_POINT('Origin',(11.2625,-3.02499999999999,-5.));
#11607=CARTESIAN_POINT('',(11.7625,-3.02499999999999,-1.5));
#11608=CARTESIAN_POINT('Origin',(11.7625,-16.025,-1.5));
#11609=CARTESIAN_POINT('',(11.7625,-16.025,-1.5));
#11610=CARTESIAN_POINT('',(11.7625,-3.02499999999999,-1.5));
#11611=CARTESIAN_POINT('',(11.7625,-16.025,-5.));
#11612=CARTESIAN_POINT('',(11.7625,-3.02499999999999,-5.));
#11613=CARTESIAN_POINT('',(11.7625,-16.025,-1.5));
#11614=CARTESIAN_POINT('Origin',(11.2625,-16.025,-1.5));
#11615=CARTESIAN_POINT('',(11.2625,-16.525,-1.5));
#11616=CARTESIAN_POINT('Origin',(11.2625,-16.025,-1.5));
#11617=CARTESIAN_POINT('',(11.2625,-16.525,-5.));
#11618=CARTESIAN_POINT('Origin',(11.2625,-16.025,-5.));
#11619=CARTESIAN_POINT('',(11.2625,-16.525,-1.5));
#11620=CARTESIAN_POINT('Origin',(-1.73749999999998,-16.525,-1.5));
#11621=CARTESIAN_POINT('',(-1.73749999999998,-16.525,-1.5));
#11622=CARTESIAN_POINT('',(-1.73749999999998,-16.525,-1.5));
#11623=CARTESIAN_POINT('',(-1.73749999999998,-16.525,-5.));
#11624=CARTESIAN_POINT('',(-1.73749999999998,-16.525,-5.));
#11625=CARTESIAN_POINT('',(-1.73749999999998,-16.525,-1.5));
#11626=CARTESIAN_POINT('Origin',(-1.73749999999998,-16.025,-1.5));
#11627=CARTESIAN_POINT('',(-2.23749999999999,-16.025,-1.5));
#11628=CARTESIAN_POINT('Origin',(-1.73749999999998,-16.025,-1.5));
#11629=CARTESIAN_POINT('',(-2.23749999999999,-16.025,-5.));
#11630=CARTESIAN_POINT('Origin',(-1.73749999999998,-16.025,-5.));
#11631=CARTESIAN_POINT('',(-2.23749999999999,-16.025,-1.5));
#11632=CARTESIAN_POINT('Origin',(-2.23749999999999,-3.02499999999999,-1.5));
#11633=CARTESIAN_POINT('',(-2.23749999999998,-3.02499999999999,-1.5));
#11634=CARTESIAN_POINT('',(-2.23749999999999,-3.02499999999999,-1.5));
#11635=CARTESIAN_POINT('',(-2.23749999999999,-3.02499999999999,-5.));
#11636=CARTESIAN_POINT('',(-2.23749999999999,-3.02499999999999,-5.));
#11637=CARTESIAN_POINT('',(-2.23749999999998,-3.02499999999999,-1.5));
#11638=CARTESIAN_POINT('Origin',(-1.73749999999998,-3.02499999999999,-1.5));
#11639=CARTESIAN_POINT('Origin',(-1.73749999999998,-3.02499999999999,-1.5));
#11640=CARTESIAN_POINT('Origin',(-1.73749999999998,-3.02499999999999,-5.));
#11641=CARTESIAN_POINT('Origin',(52.3875,-31.75254,-1.5));
#11642=CARTESIAN_POINT('',(50.3875,-31.75254,-5.));
#11643=CARTESIAN_POINT('Origin',(52.3875,-31.75254,-5.));
#11644=CARTESIAN_POINT('',(50.3875,-31.75254,-1.5));
#11645=CARTESIAN_POINT('',(50.3875,-31.75254,-1.5));
#11646=CARTESIAN_POINT('Origin',(52.3875,-31.75254,-1.5));
#11647=CARTESIAN_POINT('Origin',(77.9375,16.525,-1.5));
#11648=CARTESIAN_POINT('',(64.9375,16.525,-1.5));
#11649=CARTESIAN_POINT('',(77.9375,16.525,-1.5));
#11650=CARTESIAN_POINT('',(64.9375,16.525,-1.5));
#11651=CARTESIAN_POINT('',(64.9375,16.525,-5.));
#11652=CARTESIAN_POINT('',(64.9375,16.525,-1.5));
#11653=CARTESIAN_POINT('',(77.9375,16.525,-5.));
#11654=CARTESIAN_POINT('',(64.9375,16.525,-5.));
#11655=CARTESIAN_POINT('',(77.9375,16.525,-1.5));
#11656=CARTESIAN_POINT('Origin',(77.9375,16.025,-1.5));
#11657=CARTESIAN_POINT('',(78.4375,16.025,-1.5));
#11658=CARTESIAN_POINT('Origin',(77.9375,16.025,-1.5));
#11659=CARTESIAN_POINT('',(78.4375,16.025,-5.));
#11660=CARTESIAN_POINT('Origin',(77.9375,16.025,-5.));
#11661=CARTESIAN_POINT('',(78.4375,16.025,-1.5));
#11662=CARTESIAN_POINT('Origin',(78.4375,3.025,-1.5));
#11663=CARTESIAN_POINT('',(78.4375,3.025,-1.5));
#11664=CARTESIAN_POINT('',(78.4375,16.025,-1.5));
#11665=CARTESIAN_POINT('',(78.4375,3.025,-5.));
#11666=CARTESIAN_POINT('',(78.4375,16.025,-5.));
#11667=CARTESIAN_POINT('',(78.4375,3.025,-1.5));
#11668=CARTESIAN_POINT('Origin',(77.9375,3.025,-1.5));
#11669=CARTESIAN_POINT('',(77.9375,2.525,-1.5));
#11670=CARTESIAN_POINT('Origin',(77.9375,3.025,-1.5));
#11671=CARTESIAN_POINT('',(77.9375,2.525,-5.));
#11672=CARTESIAN_POINT('Origin',(77.9375,3.025,-5.));
#11673=CARTESIAN_POINT('',(77.9375,2.525,-1.5));
#11674=CARTESIAN_POINT('Origin',(64.9375,2.525,-1.5));
#11675=CARTESIAN_POINT('',(64.9375,2.525,-1.5));
#11676=CARTESIAN_POINT('',(64.9375,2.525,-1.5));
#11677=CARTESIAN_POINT('',(64.9375,2.525,-5.));
#11678=CARTESIAN_POINT('',(64.9375,2.525,-5.));
#11679=CARTESIAN_POINT('',(64.9375,2.525,-1.5));
#11680=CARTESIAN_POINT('Origin',(64.9375,3.025,-1.5));
#11681=CARTESIAN_POINT('',(64.4375,3.025,-1.5));
#11682=CARTESIAN_POINT('Origin',(64.9375,3.025,-1.5));
#11683=CARTESIAN_POINT('',(64.4375,3.025,-5.));
#11684=CARTESIAN_POINT('Origin',(64.9375,3.025,-5.));
#11685=CARTESIAN_POINT('',(64.4375,3.025,-1.5));
#11686=CARTESIAN_POINT('Origin',(64.4375,16.025,-1.5));
#11687=CARTESIAN_POINT('',(64.4375,16.025,-1.5));
#11688=CARTESIAN_POINT('',(64.4375,16.025,-1.5));
#11689=CARTESIAN_POINT('',(64.4375,16.025,-5.));
#11690=CARTESIAN_POINT('',(64.4375,16.025,-5.));
#11691=CARTESIAN_POINT('',(64.4375,16.025,-1.5));
#11692=CARTESIAN_POINT('Origin',(64.9375,16.025,-1.5));
#11693=CARTESIAN_POINT('Origin',(64.9375,16.025,-1.5));
#11694=CARTESIAN_POINT('Origin',(64.9375,16.025,-5.));
#11695=CARTESIAN_POINT('Origin',(29.86925,-20.075,-1.5));
#11696=CARTESIAN_POINT('',(29.86925,-37.075,-1.5));
#11697=CARTESIAN_POINT('',(29.86925,-20.075,-1.5));
#11698=CARTESIAN_POINT('',(29.86925,-37.075,-1.5));
#11699=CARTESIAN_POINT('',(29.86925,-37.075,-5.));
#11700=CARTESIAN_POINT('',(29.86925,-37.075,-1.5));
#11701=CARTESIAN_POINT('',(29.86925,-20.075,-5.));
#11702=CARTESIAN_POINT('',(29.86925,-37.075,-5.));
#11703=CARTESIAN_POINT('',(29.86925,-20.075,-1.5));
#11704=CARTESIAN_POINT('Origin',(30.36925,-20.075,-1.5));
#11705=CARTESIAN_POINT('',(30.36925,-19.575,-1.5));
#11706=CARTESIAN_POINT('Origin',(30.36925,-20.075,-1.5));
#11707=CARTESIAN_POINT('',(30.36925,-19.575,-5.));
#11708=CARTESIAN_POINT('Origin',(30.36925,-20.075,-5.));
#11709=CARTESIAN_POINT('',(30.36925,-19.575,-1.5));
#11710=CARTESIAN_POINT('Origin',(36.36925,-19.575,-1.5));
#11711=CARTESIAN_POINT('',(36.36925,-19.575,-1.5));
#11712=CARTESIAN_POINT('',(36.36925,-19.575,-1.5));
#11713=CARTESIAN_POINT('',(36.36925,-19.575,-5.));
#11714=CARTESIAN_POINT('',(36.36925,-19.575,-5.));
#11715=CARTESIAN_POINT('',(36.36925,-19.575,-1.5));
#11716=CARTESIAN_POINT('Origin',(36.36925,-20.075,-1.5));
#11717=CARTESIAN_POINT('',(36.86925,-20.075,-1.5));
#11718=CARTESIAN_POINT('Origin',(36.36925,-20.075,-1.5));
#11719=CARTESIAN_POINT('',(36.86925,-20.075,-5.));
#11720=CARTESIAN_POINT('Origin',(36.36925,-20.075,-5.));
#11721=CARTESIAN_POINT('',(36.86925,-20.075,-1.5));
#11722=CARTESIAN_POINT('Origin',(36.86925,-37.075,-1.5));
#11723=CARTESIAN_POINT('',(36.86925,-37.075,-1.5));
#11724=CARTESIAN_POINT('',(36.86925,-37.075,-1.5));
#11725=CARTESIAN_POINT('',(36.86925,-37.075,-5.));
#11726=CARTESIAN_POINT('',(36.86925,-37.075,-5.));
#11727=CARTESIAN_POINT('',(36.86925,-37.075,-1.5));
#11728=CARTESIAN_POINT('Origin',(36.36925,-37.075,-1.5));
#11729=CARTESIAN_POINT('',(36.36925,-37.575,-1.5));
#11730=CARTESIAN_POINT('Origin',(36.36925,-37.075,-1.5));
#11731=CARTESIAN_POINT('',(36.36925,-37.575,-5.));
#11732=CARTESIAN_POINT('Origin',(36.36925,-37.075,-5.));
#11733=CARTESIAN_POINT('',(36.36925,-37.575,-1.5));
#11734=CARTESIAN_POINT('Origin',(30.36925,-37.575,-1.5));
#11735=CARTESIAN_POINT('',(30.36925,-37.575,-1.5));
#11736=CARTESIAN_POINT('',(30.36925,-37.575,-1.5));
#11737=CARTESIAN_POINT('',(30.36925,-37.575,-5.));
#11738=CARTESIAN_POINT('',(30.36925,-37.575,-5.));
#11739=CARTESIAN_POINT('',(30.36925,-37.575,-1.5));
#11740=CARTESIAN_POINT('Origin',(30.36925,-37.075,-1.5));
#11741=CARTESIAN_POINT('Origin',(30.36925,-37.075,-1.5));
#11742=CARTESIAN_POINT('Origin',(30.36925,-37.075,-5.));
#11743=CARTESIAN_POINT('Origin',(-53.03125,-21.575,-1.5));
#11744=CARTESIAN_POINT('',(-66.03125,-21.575,-1.5));
#11745=CARTESIAN_POINT('',(-53.03125,-21.575,-1.5));
#11746=CARTESIAN_POINT('',(-66.03125,-21.575,-1.5));
#11747=CARTESIAN_POINT('',(-66.03125,-21.575,-5.));
#11748=CARTESIAN_POINT('',(-66.03125,-21.575,-1.5));
#11749=CARTESIAN_POINT('',(-53.03125,-21.575,-5.));
#11750=CARTESIAN_POINT('',(-66.03125,-21.575,-5.));
#11751=CARTESIAN_POINT('',(-53.03125,-21.575,-1.5));
#11752=CARTESIAN_POINT('Origin',(-53.03125,-22.075,-1.5));
#11753=CARTESIAN_POINT('',(-52.53125,-22.075,-1.5));
#11754=CARTESIAN_POINT('Origin',(-53.03125,-22.075,-1.5));
#11755=CARTESIAN_POINT('',(-52.53125,-22.075,-5.));
#11756=CARTESIAN_POINT('Origin',(-53.03125,-22.075,-5.));
#11757=CARTESIAN_POINT('',(-52.53125,-22.075,-1.5));
#11758=CARTESIAN_POINT('Origin',(-52.53125,-35.075,-1.5));
#11759=CARTESIAN_POINT('',(-52.53125,-35.075,-1.5));
#11760=CARTESIAN_POINT('',(-52.53125,-22.075,-1.5));
#11761=CARTESIAN_POINT('',(-52.53125,-35.075,-5.));
#11762=CARTESIAN_POINT('',(-52.53125,-22.075,-5.));
#11763=CARTESIAN_POINT('',(-52.53125,-35.075,-1.5));
#11764=CARTESIAN_POINT('Origin',(-53.03125,-35.075,-1.5));
#11765=CARTESIAN_POINT('',(-53.03125,-35.575,-1.5));
#11766=CARTESIAN_POINT('Origin',(-53.03125,-35.075,-1.5));
#11767=CARTESIAN_POINT('',(-53.03125,-35.575,-5.));
#11768=CARTESIAN_POINT('Origin',(-53.03125,-35.075,-5.));
#11769=CARTESIAN_POINT('',(-53.03125,-35.575,-1.5));
#11770=CARTESIAN_POINT('Origin',(-66.03125,-35.575,-1.5));
#11771=CARTESIAN_POINT('',(-66.03125,-35.575,-1.5));
#11772=CARTESIAN_POINT('',(-66.03125,-35.575,-1.5));
#11773=CARTESIAN_POINT('',(-66.03125,-35.575,-5.));
#11774=CARTESIAN_POINT('',(-66.03125,-35.575,-5.));
#11775=CARTESIAN_POINT('',(-66.03125,-35.575,-1.5));
#11776=CARTESIAN_POINT('Origin',(-66.03125,-35.075,-1.5));
#11777=CARTESIAN_POINT('',(-66.53125,-35.075,-1.5));
#11778=CARTESIAN_POINT('Origin',(-66.03125,-35.075,-1.5));
#11779=CARTESIAN_POINT('',(-66.53125,-35.075,-5.));
#11780=CARTESIAN_POINT('Origin',(-66.03125,-35.075,-5.));
#11781=CARTESIAN_POINT('',(-66.53125,-35.075,-1.5));
#11782=CARTESIAN_POINT('Origin',(-66.53125,-22.075,-1.5));
#11783=CARTESIAN_POINT('',(-66.53125,-22.075,-1.5));
#11784=CARTESIAN_POINT('',(-66.53125,-22.075,-1.5));
#11785=CARTESIAN_POINT('',(-66.53125,-22.075,-5.));
#11786=CARTESIAN_POINT('',(-66.53125,-22.075,-5.));
#11787=CARTESIAN_POINT('',(-66.53125,-22.075,-1.5));
#11788=CARTESIAN_POINT('Origin',(-66.03125,-22.075,-1.5));
#11789=CARTESIAN_POINT('Origin',(-66.03125,-22.075,-1.5));
#11790=CARTESIAN_POINT('Origin',(-66.03125,-22.075,-5.));
#11791=CARTESIAN_POINT('Origin',(-95.2500045241322,-19.0500009048264,-1.5));
#11792=CARTESIAN_POINT('',(-97.1500045241322,-19.0500009048264,-5.));
#11793=CARTESIAN_POINT('Origin',(-95.2500045241322,-19.0500009048264,-5.));
#11794=CARTESIAN_POINT('',(-97.1500045241322,-19.0500009048264,-1.5));
#11795=CARTESIAN_POINT('',(-97.1500045241322,-19.0500009048264,-1.5));
#11796=CARTESIAN_POINT('Origin',(-95.2500045241322,-19.0500009048264,-1.5));
#11797=CARTESIAN_POINT('Origin',(-74.4625,-21.575,-1.5));
#11798=CARTESIAN_POINT('',(-87.4625,-21.575,-1.5));
#11799=CARTESIAN_POINT('',(-74.4625,-21.575,-1.5));
#11800=CARTESIAN_POINT('',(-87.4625,-21.575,-1.5));
#11801=CARTESIAN_POINT('',(-87.4625,-21.575,-5.));
#11802=CARTESIAN_POINT('',(-87.4625,-21.575,-1.5));
#11803=CARTESIAN_POINT('',(-74.4625,-21.575,-5.));
#11804=CARTESIAN_POINT('',(-87.4625,-21.575,-5.));
#11805=CARTESIAN_POINT('',(-74.4625,-21.575,-1.5));
#11806=CARTESIAN_POINT('Origin',(-74.4625,-22.075,-1.5));
#11807=CARTESIAN_POINT('',(-73.9625,-22.075,-1.5));
#11808=CARTESIAN_POINT('Origin',(-74.4625,-22.075,-1.5));
#11809=CARTESIAN_POINT('',(-73.9625,-22.075,-5.));
#11810=CARTESIAN_POINT('Origin',(-74.4625,-22.075,-5.));
#11811=CARTESIAN_POINT('',(-73.9625,-22.075,-1.5));
#11812=CARTESIAN_POINT('Origin',(-73.9625,-35.075,-1.5));
#11813=CARTESIAN_POINT('',(-73.9625,-35.075,-1.5));
#11814=CARTESIAN_POINT('',(-73.9625,-22.075,-1.5));
#11815=CARTESIAN_POINT('',(-73.9625,-35.075,-5.));
#11816=CARTESIAN_POINT('',(-73.9625,-22.075,-5.));
#11817=CARTESIAN_POINT('',(-73.9625,-35.075,-1.5));
#11818=CARTESIAN_POINT('Origin',(-74.4625,-35.075,-1.5));
#11819=CARTESIAN_POINT('',(-74.4625,-35.575,-1.5));
#11820=CARTESIAN_POINT('Origin',(-74.4625,-35.075,-1.5));
#11821=CARTESIAN_POINT('',(-74.4625,-35.575,-5.));
#11822=CARTESIAN_POINT('Origin',(-74.4625,-35.075,-5.));
#11823=CARTESIAN_POINT('',(-74.4625,-35.575,-1.5));
#11824=CARTESIAN_POINT('Origin',(-87.4625,-35.575,-1.5));
#11825=CARTESIAN_POINT('',(-87.4625,-35.575,-1.5));
#11826=CARTESIAN_POINT('',(-87.4625,-35.575,-1.5));
#11827=CARTESIAN_POINT('',(-87.4625,-35.575,-5.));
#11828=CARTESIAN_POINT('',(-87.4625,-35.575,-5.));
#11829=CARTESIAN_POINT('',(-87.4625,-35.575,-1.5));
#11830=CARTESIAN_POINT('Origin',(-87.4625,-35.075,-1.5));
#11831=CARTESIAN_POINT('',(-87.9625,-35.075,-1.5));
#11832=CARTESIAN_POINT('Origin',(-87.4625,-35.075,-1.5));
#11833=CARTESIAN_POINT('',(-87.9625,-35.075,-5.));
#11834=CARTESIAN_POINT('Origin',(-87.4625,-35.075,-5.));
#11835=CARTESIAN_POINT('',(-87.9625,-35.075,-1.5));
#11836=CARTESIAN_POINT('Origin',(-87.9625,-22.075,-1.5));
#11837=CARTESIAN_POINT('',(-87.9625,-22.075,-1.5));
#11838=CARTESIAN_POINT('',(-87.9625,-22.075,-1.5));
#11839=CARTESIAN_POINT('',(-87.9625,-22.075,-5.));
#11840=CARTESIAN_POINT('',(-87.9625,-22.075,-5.));
#11841=CARTESIAN_POINT('',(-87.9625,-22.075,-1.5));
#11842=CARTESIAN_POINT('Origin',(-87.4625,-22.075,-1.5));
#11843=CARTESIAN_POINT('Origin',(-87.4625,-22.075,-1.5));
#11844=CARTESIAN_POINT('Origin',(-87.4625,-22.075,-5.));
#11845=CARTESIAN_POINT('Origin',(-26.8375,-2.525,-1.5));
#11846=CARTESIAN_POINT('',(-39.8375,-2.525,-1.5));
#11847=CARTESIAN_POINT('',(-26.8375,-2.525,-1.5));
#11848=CARTESIAN_POINT('',(-39.8375,-2.525,-1.5));
#11849=CARTESIAN_POINT('',(-39.8375,-2.525,-5.));
#11850=CARTESIAN_POINT('',(-39.8375,-2.525,-1.5));
#11851=CARTESIAN_POINT('',(-26.8375,-2.525,-5.));
#11852=CARTESIAN_POINT('',(-39.8375,-2.525,-5.));
#11853=CARTESIAN_POINT('',(-26.8375,-2.525,-1.5));
#11854=CARTESIAN_POINT('Origin',(-26.8375,-3.02499999999999,-1.5));
#11855=CARTESIAN_POINT('',(-26.3375,-3.02499999999999,-1.5));
#11856=CARTESIAN_POINT('Origin',(-26.8375,-3.02499999999999,-1.5));
#11857=CARTESIAN_POINT('',(-26.3375,-3.02499999999999,-5.));
#11858=CARTESIAN_POINT('Origin',(-26.8375,-3.02499999999999,-5.));
#11859=CARTESIAN_POINT('',(-26.3375,-3.02499999999999,-1.5));
#11860=CARTESIAN_POINT('Origin',(-26.3375,-16.025,-1.5));
#11861=CARTESIAN_POINT('',(-26.3375,-16.025,-1.5));
#11862=CARTESIAN_POINT('',(-26.3375,-3.02499999999999,-1.5));
#11863=CARTESIAN_POINT('',(-26.3375,-16.025,-5.));
#11864=CARTESIAN_POINT('',(-26.3375,-3.02499999999999,-5.));
#11865=CARTESIAN_POINT('',(-26.3375,-16.025,-1.5));
#11866=CARTESIAN_POINT('Origin',(-26.8375,-16.025,-1.5));
#11867=CARTESIAN_POINT('',(-26.8375,-16.525,-1.5));
#11868=CARTESIAN_POINT('Origin',(-26.8375,-16.025,-1.5));
#11869=CARTESIAN_POINT('',(-26.8375,-16.525,-5.));
#11870=CARTESIAN_POINT('Origin',(-26.8375,-16.025,-5.));
#11871=CARTESIAN_POINT('',(-26.8375,-16.525,-1.5));
#11872=CARTESIAN_POINT('Origin',(-39.8375,-16.525,-1.5));
#11873=CARTESIAN_POINT('',(-39.8375,-16.525,-1.5));
#11874=CARTESIAN_POINT('',(-39.8375,-16.525,-1.5));
#11875=CARTESIAN_POINT('',(-39.8375,-16.525,-5.));
#11876=CARTESIAN_POINT('',(-39.8375,-16.525,-5.));
#11877=CARTESIAN_POINT('',(-39.8375,-16.525,-1.5));
#11878=CARTESIAN_POINT('Origin',(-39.8375,-16.025,-1.5));
#11879=CARTESIAN_POINT('',(-40.3375,-16.025,-1.5));
#11880=CARTESIAN_POINT('Origin',(-39.8375,-16.025,-1.5));
#11881=CARTESIAN_POINT('',(-40.3375,-16.025,-5.));
#11882=CARTESIAN_POINT('Origin',(-39.8375,-16.025,-5.));
#11883=CARTESIAN_POINT('',(-40.3375,-16.025,-1.5));
#11884=CARTESIAN_POINT('Origin',(-40.3375,-3.02499999999999,-1.5));
#11885=CARTESIAN_POINT('',(-40.3375,-3.02499999999999,-1.5));
#11886=CARTESIAN_POINT('',(-40.3375,-3.02499999999999,-1.5));
#11887=CARTESIAN_POINT('',(-40.3375,-3.02499999999999,-5.));
#11888=CARTESIAN_POINT('',(-40.3375,-3.02499999999999,-5.));
#11889=CARTESIAN_POINT('',(-40.3375,-3.02499999999999,-1.5));
#11890=CARTESIAN_POINT('Origin',(-39.8375,-3.02499999999999,-1.5));
#11891=CARTESIAN_POINT('Origin',(-39.8375,-3.02499999999999,-1.5));
#11892=CARTESIAN_POINT('Origin',(-39.8375,-3.02499999999999,-5.));
#11893=CARTESIAN_POINT('Origin',(73.175,35.575,-1.5));
#11894=CARTESIAN_POINT('',(60.175,35.575,-1.5));
#11895=CARTESIAN_POINT('',(73.175,35.575,-1.5));
#11896=CARTESIAN_POINT('',(60.175,35.575,-1.5));
#11897=CARTESIAN_POINT('',(60.175,35.575,-5.));
#11898=CARTESIAN_POINT('',(60.175,35.575,-1.5));
#11899=CARTESIAN_POINT('',(73.175,35.575,-5.));
#11900=CARTESIAN_POINT('',(60.175,35.575,-5.));
#11901=CARTESIAN_POINT('',(73.175,35.575,-1.5));
#11902=CARTESIAN_POINT('Origin',(73.175,35.075,-1.5));
#11903=CARTESIAN_POINT('',(73.675,35.075,-1.5));
#11904=CARTESIAN_POINT('Origin',(73.175,35.075,-1.5));
#11905=CARTESIAN_POINT('',(73.675,35.075,-5.));
#11906=CARTESIAN_POINT('Origin',(73.175,35.075,-5.));
#11907=CARTESIAN_POINT('',(73.675,35.075,-1.5));
#11908=CARTESIAN_POINT('Origin',(73.675,22.075,-1.5));
#11909=CARTESIAN_POINT('',(73.675,22.075,-1.5));
#11910=CARTESIAN_POINT('',(73.675,35.075,-1.5));
#11911=CARTESIAN_POINT('',(73.675,22.075,-5.));
#11912=CARTESIAN_POINT('',(73.675,35.075,-5.));
#11913=CARTESIAN_POINT('',(73.675,22.075,-1.5));
#11914=CARTESIAN_POINT('Origin',(73.175,22.075,-1.5));
#11915=CARTESIAN_POINT('',(73.175,21.575,-1.5));
#11916=CARTESIAN_POINT('Origin',(73.175,22.075,-1.5));
#11917=CARTESIAN_POINT('',(73.175,21.575,-5.));
#11918=CARTESIAN_POINT('Origin',(73.175,22.075,-5.));
#11919=CARTESIAN_POINT('',(73.175,21.575,-1.5));
#11920=CARTESIAN_POINT('Origin',(60.175,21.575,-1.5));
#11921=CARTESIAN_POINT('',(60.175,21.575,-1.5));
#11922=CARTESIAN_POINT('',(60.175,21.575,-1.5));
#11923=CARTESIAN_POINT('',(60.175,21.575,-5.));
#11924=CARTESIAN_POINT('',(60.175,21.575,-5.));
#11925=CARTESIAN_POINT('',(60.175,21.575,-1.5));
#11926=CARTESIAN_POINT('Origin',(60.175,22.075,-1.5));
#11927=CARTESIAN_POINT('',(59.675,22.075,-1.5));
#11928=CARTESIAN_POINT('Origin',(60.175,22.075,-1.5));
#11929=CARTESIAN_POINT('',(59.675,22.075,-5.));
#11930=CARTESIAN_POINT('Origin',(60.175,22.075,-5.));
#11931=CARTESIAN_POINT('',(59.675,22.075,-1.5));
#11932=CARTESIAN_POINT('Origin',(59.675,35.075,-1.5));
#11933=CARTESIAN_POINT('',(59.675,35.075,-1.5));
#11934=CARTESIAN_POINT('',(59.675,35.075,-1.5));
#11935=CARTESIAN_POINT('',(59.675,35.075,-5.));
#11936=CARTESIAN_POINT('',(59.675,35.075,-5.));
#11937=CARTESIAN_POINT('',(59.675,35.075,-1.5));
#11938=CARTESIAN_POINT('Origin',(60.175,35.075,-1.5));
#11939=CARTESIAN_POINT('Origin',(60.175,35.075,-1.5));
#11940=CARTESIAN_POINT('Origin',(60.175,35.075,-5.));
#11941=CARTESIAN_POINT('Origin',(92.225,-2.525,-1.5));
#11942=CARTESIAN_POINT('',(79.225,-2.525,-1.5));
#11943=CARTESIAN_POINT('',(92.225,-2.52500000000002,-1.5));
#11944=CARTESIAN_POINT('',(79.225,-2.525,-1.5));
#11945=CARTESIAN_POINT('',(79.225,-2.525,-5.));
#11946=CARTESIAN_POINT('',(79.225,-2.525,-1.5));
#11947=CARTESIAN_POINT('',(92.225,-2.52500000000002,-5.));
#11948=CARTESIAN_POINT('',(79.225,-2.525,-5.));
#11949=CARTESIAN_POINT('',(92.225,-2.52500000000002,-1.5));
#11950=CARTESIAN_POINT('Origin',(92.225,-3.02499999999999,-1.5));
#11951=CARTESIAN_POINT('',(92.725,-3.02499999999999,-1.5));
#11952=CARTESIAN_POINT('Origin',(92.225,-3.02499999999999,-1.5));
#11953=CARTESIAN_POINT('',(92.725,-3.02499999999999,-5.));
#11954=CARTESIAN_POINT('Origin',(92.225,-3.02499999999999,-5.));
#11955=CARTESIAN_POINT('',(92.725,-3.02499999999999,-1.5));
#11956=CARTESIAN_POINT('Origin',(92.725,-16.025,-1.5));
#11957=CARTESIAN_POINT('',(92.7250000000001,-16.025,-1.5));
#11958=CARTESIAN_POINT('',(92.725,-3.02499999999999,-1.5));
#11959=CARTESIAN_POINT('',(92.7250000000001,-16.025,-5.));
#11960=CARTESIAN_POINT('',(92.725,-3.02499999999999,-5.));
#11961=CARTESIAN_POINT('',(92.7250000000001,-16.025,-1.5));
#11962=CARTESIAN_POINT('Origin',(92.225,-16.025,-1.5));
#11963=CARTESIAN_POINT('',(92.225,-16.525,-1.5));
#11964=CARTESIAN_POINT('Origin',(92.225,-16.025,-1.5));
#11965=CARTESIAN_POINT('',(92.225,-16.525,-5.));
#11966=CARTESIAN_POINT('Origin',(92.225,-16.025,-5.));
#11967=CARTESIAN_POINT('',(92.225,-16.525,-1.5));
#11968=CARTESIAN_POINT('Origin',(79.225,-16.525,-1.5));
#11969=CARTESIAN_POINT('',(79.225,-16.525,-1.5));
#11970=CARTESIAN_POINT('',(79.225,-16.525,-1.5));
#11971=CARTESIAN_POINT('',(79.225,-16.525,-5.));
#11972=CARTESIAN_POINT('',(79.225,-16.525,-5.));
#11973=CARTESIAN_POINT('',(79.225,-16.525,-1.5));
#11974=CARTESIAN_POINT('Origin',(79.225,-16.025,-1.5));
#11975=CARTESIAN_POINT('',(78.725,-16.025,-1.5));
#11976=CARTESIAN_POINT('Origin',(79.225,-16.025,-1.5));
#11977=CARTESIAN_POINT('',(78.725,-16.025,-5.));
#11978=CARTESIAN_POINT('Origin',(79.225,-16.025,-5.));
#11979=CARTESIAN_POINT('',(78.725,-16.025,-1.5));
#11980=CARTESIAN_POINT('Origin',(78.725,-3.02499999999999,-1.5));
#11981=CARTESIAN_POINT('',(78.725,-3.02499999999999,-1.5));
#11982=CARTESIAN_POINT('',(78.725,-3.02499999999999,-1.5));
#11983=CARTESIAN_POINT('',(78.725,-3.02499999999999,-5.));
#11984=CARTESIAN_POINT('',(78.725,-3.02499999999999,-5.));
#11985=CARTESIAN_POINT('',(78.725,-3.02499999999999,-1.5));
#11986=CARTESIAN_POINT('Origin',(79.225,-3.02499999999999,-1.5));
#11987=CARTESIAN_POINT('Origin',(79.225,-3.02499999999999,-1.5));
#11988=CARTESIAN_POINT('Origin',(79.225,-3.02499999999999,-5.));
#11989=CARTESIAN_POINT('Origin',(-7.78749999999999,-2.525,-1.5));
#11990=CARTESIAN_POINT('',(-20.7875,-2.525,-1.5));
#11991=CARTESIAN_POINT('',(-7.78749999999999,-2.52499999999999,-1.5));
#11992=CARTESIAN_POINT('',(-20.7875,-2.525,-1.5));
#11993=CARTESIAN_POINT('',(-20.7875,-2.525,-5.));
#11994=CARTESIAN_POINT('',(-20.7875,-2.525,-1.5));
#11995=CARTESIAN_POINT('',(-7.78749999999999,-2.52499999999999,-5.));
#11996=CARTESIAN_POINT('',(-20.7875,-2.525,-5.));
#11997=CARTESIAN_POINT('',(-7.78749999999999,-2.52499999999999,-1.5));
#11998=CARTESIAN_POINT('Origin',(-7.78749999999999,-3.02499999999999,-1.5));
#11999=CARTESIAN_POINT('',(-7.28749999999998,-3.02499999999999,-1.5));
#12000=CARTESIAN_POINT('Origin',(-7.78749999999999,-3.02499999999999,-1.5));
#12001=CARTESIAN_POINT('',(-7.28749999999998,-3.02499999999999,-5.));
#12002=CARTESIAN_POINT('Origin',(-7.78749999999999,-3.02499999999999,-5.));
#12003=CARTESIAN_POINT('',(-7.28749999999998,-3.02499999999999,-1.5));
#12004=CARTESIAN_POINT('Origin',(-7.28749999999998,-16.025,-1.5));
#12005=CARTESIAN_POINT('',(-7.28749999999999,-16.025,-1.5));
#12006=CARTESIAN_POINT('',(-7.28749999999998,-3.02499999999999,-1.5));
#12007=CARTESIAN_POINT('',(-7.28749999999998,-16.025,-5.));
#12008=CARTESIAN_POINT('',(-7.28749999999998,-3.02499999999999,-5.));
#12009=CARTESIAN_POINT('',(-7.28749999999999,-16.025,-1.5));
#12010=CARTESIAN_POINT('Origin',(-7.78749999999999,-16.025,-1.5));
#12011=CARTESIAN_POINT('',(-7.78749999999999,-16.525,-1.5));
#12012=CARTESIAN_POINT('Origin',(-7.78749999999999,-16.025,-1.5));
#12013=CARTESIAN_POINT('',(-7.78749999999999,-16.525,-5.));
#12014=CARTESIAN_POINT('Origin',(-7.78749999999999,-16.025,-5.));
#12015=CARTESIAN_POINT('',(-7.78749999999999,-16.525,-1.5));
#12016=CARTESIAN_POINT('Origin',(-20.7875,-16.525,-1.5));
#12017=CARTESIAN_POINT('',(-20.7875,-16.525,-1.5));
#12018=CARTESIAN_POINT('',(-20.7875,-16.525,-1.5));
#12019=CARTESIAN_POINT('',(-20.7875,-16.525,-5.));
#12020=CARTESIAN_POINT('',(-20.7875,-16.525,-5.));
#12021=CARTESIAN_POINT('',(-20.7875,-16.525,-1.5));
#12022=CARTESIAN_POINT('Origin',(-20.7875,-16.025,-1.5));
#12023=CARTESIAN_POINT('',(-21.2875,-16.025,-1.5));
#12024=CARTESIAN_POINT('Origin',(-20.7875,-16.025,-1.5));
#12025=CARTESIAN_POINT('',(-21.2875,-16.025,-5.));
#12026=CARTESIAN_POINT('Origin',(-20.7875,-16.025,-5.));
#12027=CARTESIAN_POINT('',(-21.2875,-16.025,-1.5));
#12028=CARTESIAN_POINT('Origin',(-21.2875,-3.02499999999999,-1.5));
#12029=CARTESIAN_POINT('',(-21.2875,-3.02499999999999,-1.5));
#12030=CARTESIAN_POINT('',(-21.2875,-3.02499999999999,-1.5));
#12031=CARTESIAN_POINT('',(-21.2875,-3.02499999999999,-5.));
#12032=CARTESIAN_POINT('',(-21.2875,-3.02499999999999,-5.));
#12033=CARTESIAN_POINT('',(-21.2875,-3.02499999999999,-1.5));
#12034=CARTESIAN_POINT('Origin',(-20.7875,-3.02499999999999,-1.5));
#12035=CARTESIAN_POINT('Origin',(-20.7875,-3.02499999999999,-1.5));
#12036=CARTESIAN_POINT('Origin',(-20.7875,-3.02499999999999,-5.));
#12037=CARTESIAN_POINT('Origin',(0.,0.,-1.5));
#12038=CARTESIAN_POINT('',(-1.9,0.,-5.));
#12039=CARTESIAN_POINT('Origin',(0.,0.,-5.));
#12040=CARTESIAN_POINT('',(-1.9,-2.32682891837997E-16,-1.5));
#12041=CARTESIAN_POINT('',(-1.9,2.32682891837997E-16,-1.5));
#12042=CARTESIAN_POINT('Origin',(0.,0.,-1.5));
#12043=CARTESIAN_POINT('Origin',(95.2500045241322,19.0500009048264,-1.5));
#12044=CARTESIAN_POINT('',(93.3500045241322,19.0500009048264,-5.));
#12045=CARTESIAN_POINT('Origin',(95.2500045241322,19.0500009048264,-5.));
#12046=CARTESIAN_POINT('',(93.3500045241322,19.0500009048264,-1.5));
#12047=CARTESIAN_POINT('',(93.3500045241322,19.0500009048264,-1.5));
#12048=CARTESIAN_POINT('Origin',(95.2500045241322,19.0500009048264,-1.5));
#12049=CARTESIAN_POINT('Origin',(73.175,-21.575,-1.5));
#12050=CARTESIAN_POINT('',(60.175,-21.575,-1.5));
#12051=CARTESIAN_POINT('',(73.175,-21.575,-1.5));
#12052=CARTESIAN_POINT('',(60.175,-21.575,-1.5));
#12053=CARTESIAN_POINT('',(60.175,-21.575,-5.));
#12054=CARTESIAN_POINT('',(60.175,-21.575,-1.5));
#12055=CARTESIAN_POINT('',(73.175,-21.575,-5.));
#12056=CARTESIAN_POINT('',(60.175,-21.575,-5.));
#12057=CARTESIAN_POINT('',(73.175,-21.575,-1.5));
#12058=CARTESIAN_POINT('Origin',(73.175,-22.075,-1.5));
#12059=CARTESIAN_POINT('',(73.675,-22.075,-1.5));
#12060=CARTESIAN_POINT('Origin',(73.175,-22.075,-1.5));
#12061=CARTESIAN_POINT('',(73.675,-22.075,-5.));
#12062=CARTESIAN_POINT('Origin',(73.175,-22.075,-5.));
#12063=CARTESIAN_POINT('',(73.675,-22.075,-1.5));
#12064=CARTESIAN_POINT('Origin',(73.675,-35.075,-1.5));
#12065=CARTESIAN_POINT('',(73.675,-35.075,-1.5));
#12066=CARTESIAN_POINT('',(73.675,-22.075,-1.5));
#12067=CARTESIAN_POINT('',(73.675,-35.075,-5.));
#12068=CARTESIAN_POINT('',(73.675,-22.075,-5.));
#12069=CARTESIAN_POINT('',(73.675,-35.075,-1.5));
#12070=CARTESIAN_POINT('Origin',(73.175,-35.075,-1.5));
#12071=CARTESIAN_POINT('',(73.175,-35.575,-1.5));
#12072=CARTESIAN_POINT('Origin',(73.175,-35.075,-1.5));
#12073=CARTESIAN_POINT('',(73.175,-35.575,-5.));
#12074=CARTESIAN_POINT('Origin',(73.175,-35.075,-5.));
#12075=CARTESIAN_POINT('',(73.175,-35.575,-1.5));
#12076=CARTESIAN_POINT('Origin',(60.175,-35.575,-1.5));
#12077=CARTESIAN_POINT('',(60.175,-35.575,-1.5));
#12078=CARTESIAN_POINT('',(60.175,-35.575,-1.5));
#12079=CARTESIAN_POINT('',(60.175,-35.575,-5.));
#12080=CARTESIAN_POINT('',(60.175,-35.575,-5.));
#12081=CARTESIAN_POINT('',(60.175,-35.575,-1.5));
#12082=CARTESIAN_POINT('Origin',(60.175,-35.075,-1.5));
#12083=CARTESIAN_POINT('',(59.675,-35.075,-1.5));
#12084=CARTESIAN_POINT('Origin',(60.175,-35.075,-1.5));
#12085=CARTESIAN_POINT('',(59.675,-35.075,-5.));
#12086=CARTESIAN_POINT('Origin',(60.175,-35.075,-5.));
#12087=CARTESIAN_POINT('',(59.675,-35.075,-1.5));
#12088=CARTESIAN_POINT('Origin',(59.675,-22.075,-1.5));
#12089=CARTESIAN_POINT('',(59.675,-22.075,-1.5));
#12090=CARTESIAN_POINT('',(59.675,-22.075,-1.5));
#12091=CARTESIAN_POINT('',(59.675,-22.075,-5.));
#12092=CARTESIAN_POINT('',(59.675,-22.075,-5.));
#12093=CARTESIAN_POINT('',(59.675,-22.075,-1.5));
#12094=CARTESIAN_POINT('Origin',(60.175,-22.075,-1.5));
#12095=CARTESIAN_POINT('Origin',(60.175,-22.075,-1.5));
#12096=CARTESIAN_POINT('Origin',(60.175,-22.075,-5.));
#12097=CARTESIAN_POINT('Origin',(49.3625,-2.525,-1.5));
#12098=CARTESIAN_POINT('',(36.3625,-2.525,-1.5));
#12099=CARTESIAN_POINT('',(49.3625,-2.52499999999999,-1.5));
#12100=CARTESIAN_POINT('',(36.3625,-2.525,-1.5));
#12101=CARTESIAN_POINT('',(36.3625,-2.525,-5.));
#12102=CARTESIAN_POINT('',(36.3625,-2.525,-1.5));
#12103=CARTESIAN_POINT('',(49.3625,-2.52499999999999,-5.));
#12104=CARTESIAN_POINT('',(36.3625,-2.525,-5.));
#12105=CARTESIAN_POINT('',(49.3625,-2.52499999999999,-1.5));
#12106=CARTESIAN_POINT('Origin',(49.3625,-3.02499999999999,-1.5));
#12107=CARTESIAN_POINT('',(49.8625,-3.02499999999999,-1.5));
#12108=CARTESIAN_POINT('Origin',(49.3625,-3.02499999999999,-1.5));
#12109=CARTESIAN_POINT('',(49.8625,-3.02499999999999,-5.));
#12110=CARTESIAN_POINT('Origin',(49.3625,-3.02499999999999,-5.));
#12111=CARTESIAN_POINT('',(49.8625,-3.02499999999999,-1.5));
#12112=CARTESIAN_POINT('Origin',(49.8625,-16.025,-1.5));
#12113=CARTESIAN_POINT('',(49.8625,-16.025,-1.5));
#12114=CARTESIAN_POINT('',(49.8625,-3.02499999999999,-1.5));
#12115=CARTESIAN_POINT('',(49.8625,-16.025,-5.));
#12116=CARTESIAN_POINT('',(49.8625,-3.02499999999999,-5.));
#12117=CARTESIAN_POINT('',(49.8625,-16.025,-1.5));
#12118=CARTESIAN_POINT('Origin',(49.3625,-16.025,-1.5));
#12119=CARTESIAN_POINT('',(49.3625,-16.525,-1.5));
#12120=CARTESIAN_POINT('Origin',(49.3625,-16.025,-1.5));
#12121=CARTESIAN_POINT('',(49.3625,-16.525,-5.));
#12122=CARTESIAN_POINT('Origin',(49.3625,-16.025,-5.));
#12123=CARTESIAN_POINT('',(49.3625,-16.525,-1.5));
#12124=CARTESIAN_POINT('Origin',(36.3625,-16.525,-1.5));
#12125=CARTESIAN_POINT('',(36.3625,-16.525,-1.5));
#12126=CARTESIAN_POINT('',(36.3625,-16.525,-1.5));
#12127=CARTESIAN_POINT('',(36.3625,-16.525,-5.));
#12128=CARTESIAN_POINT('',(36.3625,-16.525,-5.));
#12129=CARTESIAN_POINT('',(36.3625,-16.525,-1.5));
#12130=CARTESIAN_POINT('Origin',(36.3625,-16.025,-1.5));
#12131=CARTESIAN_POINT('',(35.8625,-16.025,-1.5));
#12132=CARTESIAN_POINT('Origin',(36.3625,-16.025,-1.5));
#12133=CARTESIAN_POINT('',(35.8625,-16.025,-5.));
#12134=CARTESIAN_POINT('Origin',(36.3625,-16.025,-5.));
#12135=CARTESIAN_POINT('',(35.8625,-16.025,-1.5));
#12136=CARTESIAN_POINT('Origin',(35.8625,-3.02499999999999,-1.5));
#12137=CARTESIAN_POINT('',(35.8625,-3.02499999999999,-1.5));
#12138=CARTESIAN_POINT('',(35.8625,-3.02499999999999,-1.5));
#12139=CARTESIAN_POINT('',(35.8625,-3.02499999999999,-5.));
#12140=CARTESIAN_POINT('',(35.8625,-3.02499999999999,-5.));
#12141=CARTESIAN_POINT('',(35.8625,-3.02499999999999,-1.5));
#12142=CARTESIAN_POINT('Origin',(36.3625,-3.02499999999999,-1.5));
#12143=CARTESIAN_POINT('Origin',(36.3625,-3.02499999999999,-1.5));
#12144=CARTESIAN_POINT('Origin',(36.3625,-3.02499999999999,-5.));
#12145=CARTESIAN_POINT('Origin',(54.125,35.575,-1.5));
#12146=CARTESIAN_POINT('',(41.125,35.575,-1.5));
#12147=CARTESIAN_POINT('',(54.125,35.575,-1.5));
#12148=CARTESIAN_POINT('',(41.125,35.575,-1.5));
#12149=CARTESIAN_POINT('',(41.125,35.575,-5.));
#12150=CARTESIAN_POINT('',(41.125,35.575,-1.5));
#12151=CARTESIAN_POINT('',(54.125,35.575,-5.));
#12152=CARTESIAN_POINT('',(41.125,35.575,-5.));
#12153=CARTESIAN_POINT('',(54.125,35.575,-1.5));
#12154=CARTESIAN_POINT('Origin',(54.125,35.075,-1.5));
#12155=CARTESIAN_POINT('',(54.625,35.075,-1.5));
#12156=CARTESIAN_POINT('Origin',(54.125,35.075,-1.5));
#12157=CARTESIAN_POINT('',(54.625,35.075,-5.));
#12158=CARTESIAN_POINT('Origin',(54.125,35.075,-5.));
#12159=CARTESIAN_POINT('',(54.625,35.075,-1.5));
#12160=CARTESIAN_POINT('Origin',(54.625,22.075,-1.5));
#12161=CARTESIAN_POINT('',(54.625,22.075,-1.5));
#12162=CARTESIAN_POINT('',(54.625,35.075,-1.5));
#12163=CARTESIAN_POINT('',(54.625,22.075,-5.));
#12164=CARTESIAN_POINT('',(54.625,35.075,-5.));
#12165=CARTESIAN_POINT('',(54.625,22.075,-1.5));
#12166=CARTESIAN_POINT('Origin',(54.125,22.075,-1.5));
#12167=CARTESIAN_POINT('',(54.125,21.575,-1.5));
#12168=CARTESIAN_POINT('Origin',(54.125,22.075,-1.5));
#12169=CARTESIAN_POINT('',(54.125,21.575,-5.));
#12170=CARTESIAN_POINT('Origin',(54.125,22.075,-5.));
#12171=CARTESIAN_POINT('',(54.125,21.575,-1.5));
#12172=CARTESIAN_POINT('Origin',(41.125,21.575,-1.5));
#12173=CARTESIAN_POINT('',(41.125,21.575,-1.5));
#12174=CARTESIAN_POINT('',(41.125,21.575,-1.5));
#12175=CARTESIAN_POINT('',(41.125,21.575,-5.));
#12176=CARTESIAN_POINT('',(41.125,21.575,-5.));
#12177=CARTESIAN_POINT('',(41.125,21.575,-1.5));
#12178=CARTESIAN_POINT('Origin',(41.125,22.075,-1.5));
#12179=CARTESIAN_POINT('',(40.625,22.075,-1.5));
#12180=CARTESIAN_POINT('Origin',(41.125,22.075,-1.5));
#12181=CARTESIAN_POINT('',(40.625,22.075,-5.));
#12182=CARTESIAN_POINT('Origin',(41.125,22.075,-5.));
#12183=CARTESIAN_POINT('',(40.625,22.075,-1.5));
#12184=CARTESIAN_POINT('Origin',(40.625,35.075,-1.5));
#12185=CARTESIAN_POINT('',(40.625,35.075,-1.5));
#12186=CARTESIAN_POINT('',(40.625,35.075,-1.5));
#12187=CARTESIAN_POINT('',(40.625,35.075,-5.));
#12188=CARTESIAN_POINT('',(40.625,35.075,-5.));
#12189=CARTESIAN_POINT('',(40.625,35.075,-1.5));
#12190=CARTESIAN_POINT('Origin',(41.125,35.075,-1.5));
#12191=CARTESIAN_POINT('Origin',(41.125,35.075,-1.5));
#12192=CARTESIAN_POINT('Origin',(41.125,35.075,-5.));
#12193=CARTESIAN_POINT('Origin',(58.8875,16.525,-1.5));
#12194=CARTESIAN_POINT('',(45.8875,16.525,-1.5));
#12195=CARTESIAN_POINT('',(58.8875,16.525,-1.5));
#12196=CARTESIAN_POINT('',(45.8875,16.525,-1.5));
#12197=CARTESIAN_POINT('',(45.8875,16.525,-5.));
#12198=CARTESIAN_POINT('',(45.8875,16.525,-1.5));
#12199=CARTESIAN_POINT('',(58.8875,16.525,-5.));
#12200=CARTESIAN_POINT('',(45.8875,16.525,-5.));
#12201=CARTESIAN_POINT('',(58.8875,16.525,-1.5));
#12202=CARTESIAN_POINT('Origin',(58.8875,16.025,-1.5));
#12203=CARTESIAN_POINT('',(59.3875,16.025,-1.5));
#12204=CARTESIAN_POINT('Origin',(58.8875,16.025,-1.5));
#12205=CARTESIAN_POINT('',(59.3875,16.025,-5.));
#12206=CARTESIAN_POINT('Origin',(58.8875,16.025,-5.));
#12207=CARTESIAN_POINT('',(59.3875,16.025,-1.5));
#12208=CARTESIAN_POINT('Origin',(59.3875,3.025,-1.5));
#12209=CARTESIAN_POINT('',(59.3875,3.025,-1.5));
#12210=CARTESIAN_POINT('',(59.3875,16.025,-1.5));
#12211=CARTESIAN_POINT('',(59.3875,3.025,-5.));
#12212=CARTESIAN_POINT('',(59.3875,16.025,-5.));
#12213=CARTESIAN_POINT('',(59.3875,3.025,-1.5));
#12214=CARTESIAN_POINT('Origin',(58.8875,3.025,-1.5));
#12215=CARTESIAN_POINT('',(58.8875,2.525,-1.5));
#12216=CARTESIAN_POINT('Origin',(58.8875,3.025,-1.5));
#12217=CARTESIAN_POINT('',(58.8875,2.525,-5.));
#12218=CARTESIAN_POINT('Origin',(58.8875,3.025,-5.));
#12219=CARTESIAN_POINT('',(58.8875,2.525,-1.5));
#12220=CARTESIAN_POINT('Origin',(45.8875,2.525,-1.5));
#12221=CARTESIAN_POINT('',(45.8875,2.525,-1.5));
#12222=CARTESIAN_POINT('',(45.8875,2.525,-1.5));
#12223=CARTESIAN_POINT('',(45.8875,2.525,-5.));
#12224=CARTESIAN_POINT('',(45.8875,2.525,-5.));
#12225=CARTESIAN_POINT('',(45.8875,2.525,-1.5));
#12226=CARTESIAN_POINT('Origin',(45.8875,3.025,-1.5));
#12227=CARTESIAN_POINT('',(45.3875,3.025,-1.5));
#12228=CARTESIAN_POINT('Origin',(45.8875,3.025,-1.5));
#12229=CARTESIAN_POINT('',(45.3875,3.025,-5.));
#12230=CARTESIAN_POINT('Origin',(45.8875,3.025,-5.));
#12231=CARTESIAN_POINT('',(45.3875,3.025,-1.5));
#12232=CARTESIAN_POINT('Origin',(45.3875,16.025,-1.5));
#12233=CARTESIAN_POINT('',(45.3875,16.025,-1.5));
#12234=CARTESIAN_POINT('',(45.3875,16.025,-1.5));
#12235=CARTESIAN_POINT('',(45.3875,16.025,-5.));
#12236=CARTESIAN_POINT('',(45.3875,16.025,-5.));
#12237=CARTESIAN_POINT('',(45.3875,16.025,-1.5));
#12238=CARTESIAN_POINT('Origin',(45.8875,16.025,-1.5));
#12239=CARTESIAN_POINT('Origin',(45.8875,16.025,-1.5));
#12240=CARTESIAN_POINT('Origin',(45.8875,16.025,-5.));
#12241=CARTESIAN_POINT('Origin',(-45.8875,-2.525,-1.5));
#12242=CARTESIAN_POINT('',(-58.8875,-2.525,-1.5));
#12243=CARTESIAN_POINT('',(-45.8875,-2.525,-1.5));
#12244=CARTESIAN_POINT('',(-58.8875,-2.525,-1.5));
#12245=CARTESIAN_POINT('',(-58.8875,-2.525,-5.));
#12246=CARTESIAN_POINT('',(-58.8875,-2.525,-1.5));
#12247=CARTESIAN_POINT('',(-45.8875,-2.525,-5.));
#12248=CARTESIAN_POINT('',(-58.8875,-2.525,-5.));
#12249=CARTESIAN_POINT('',(-45.8875,-2.525,-1.5));
#12250=CARTESIAN_POINT('Origin',(-45.8875,-3.02499999999999,-1.5));
#12251=CARTESIAN_POINT('',(-45.3875,-3.02499999999999,-1.5));
#12252=CARTESIAN_POINT('Origin',(-45.8875,-3.02499999999999,-1.5));
#12253=CARTESIAN_POINT('',(-45.3875,-3.02499999999999,-5.));
#12254=CARTESIAN_POINT('Origin',(-45.8875,-3.02499999999999,-5.));
#12255=CARTESIAN_POINT('',(-45.3875,-3.02499999999999,-1.5));
#12256=CARTESIAN_POINT('Origin',(-45.3875,-16.025,-1.5));
#12257=CARTESIAN_POINT('',(-45.3875,-16.025,-1.5));
#12258=CARTESIAN_POINT('',(-45.3875,-3.02499999999999,-1.5));
#12259=CARTESIAN_POINT('',(-45.3875,-16.025,-5.));
#12260=CARTESIAN_POINT('',(-45.3875,-3.02499999999999,-5.));
#12261=CARTESIAN_POINT('',(-45.3875,-16.025,-1.5));
#12262=CARTESIAN_POINT('Origin',(-45.8875,-16.025,-1.5));
#12263=CARTESIAN_POINT('',(-45.8875,-16.525,-1.5));
#12264=CARTESIAN_POINT('Origin',(-45.8875,-16.025,-1.5));
#12265=CARTESIAN_POINT('',(-45.8875,-16.525,-5.));
#12266=CARTESIAN_POINT('Origin',(-45.8875,-16.025,-5.));
#12267=CARTESIAN_POINT('',(-45.8875,-16.525,-1.5));
#12268=CARTESIAN_POINT('Origin',(-58.8875,-16.525,-1.5));
#12269=CARTESIAN_POINT('',(-58.8875,-16.525,-1.5));
#12270=CARTESIAN_POINT('',(-58.8875,-16.525,-1.5));
#12271=CARTESIAN_POINT('',(-58.8875,-16.525,-5.));
#12272=CARTESIAN_POINT('',(-58.8875,-16.525,-5.));
#12273=CARTESIAN_POINT('',(-58.8875,-16.525,-1.5));
#12274=CARTESIAN_POINT('Origin',(-58.8875,-16.025,-1.5));
#12275=CARTESIAN_POINT('',(-59.3875,-16.025,-1.5));
#12276=CARTESIAN_POINT('Origin',(-58.8875,-16.025,-1.5));
#12277=CARTESIAN_POINT('',(-59.3875,-16.025,-5.));
#12278=CARTESIAN_POINT('Origin',(-58.8875,-16.025,-5.));
#12279=CARTESIAN_POINT('',(-59.3875,-16.025,-1.5));
#12280=CARTESIAN_POINT('Origin',(-59.3875,-3.02499999999999,-1.5));
#12281=CARTESIAN_POINT('',(-59.3875,-3.02499999999999,-1.5));
#12282=CARTESIAN_POINT('',(-59.3875,-3.02499999999999,-1.5));
#12283=CARTESIAN_POINT('',(-59.3875,-3.02499999999999,-5.));
#12284=CARTESIAN_POINT('',(-59.3875,-3.02499999999999,-5.));
#12285=CARTESIAN_POINT('',(-59.3875,-3.02499999999999,-1.5));
#12286=CARTESIAN_POINT('Origin',(-58.8875,-3.02499999999999,-1.5));
#12287=CARTESIAN_POINT('Origin',(-58.8875,-3.02499999999999,-1.5));
#12288=CARTESIAN_POINT('Origin',(-58.8875,-3.02499999999999,-5.));
#12289=CARTESIAN_POINT('Origin',(95.2500045241322,-19.0500009048264,-1.5));
#12290=CARTESIAN_POINT('',(93.3500045241322,-19.0500009048264,-5.));
#12291=CARTESIAN_POINT('Origin',(95.2500045241322,-19.0500009048264,-5.));
#12292=CARTESIAN_POINT('',(93.3500045241322,-19.0500009048264,-1.5));
#12293=CARTESIAN_POINT('',(93.3500045241322,-19.0500009048264,-1.5));
#12294=CARTESIAN_POINT('Origin',(95.2500045241322,-19.0500009048264,-1.5));
#12295=CARTESIAN_POINT('Origin',(39.8375,16.525,-1.5));
#12296=CARTESIAN_POINT('',(26.8375,16.525,-1.5));
#12297=CARTESIAN_POINT('',(39.8375,16.525,-1.5));
#12298=CARTESIAN_POINT('',(26.8375,16.525,-1.5));
#12299=CARTESIAN_POINT('',(26.8375,16.525,-5.));
#12300=CARTESIAN_POINT('',(26.8375,16.525,-1.5));
#12301=CARTESIAN_POINT('',(39.8375,16.525,-5.));
#12302=CARTESIAN_POINT('',(26.8375,16.525,-5.));
#12303=CARTESIAN_POINT('',(39.8375,16.525,-1.5));
#12304=CARTESIAN_POINT('Origin',(39.8375,16.025,-1.5));
#12305=CARTESIAN_POINT('',(40.3375,16.025,-1.5));
#12306=CARTESIAN_POINT('Origin',(39.8375,16.025,-1.5));
#12307=CARTESIAN_POINT('',(40.3375,16.025,-5.));
#12308=CARTESIAN_POINT('Origin',(39.8375,16.025,-5.));
#12309=CARTESIAN_POINT('',(40.3375,16.025,-1.5));
#12310=CARTESIAN_POINT('Origin',(40.3375,3.025,-1.5));
#12311=CARTESIAN_POINT('',(40.3375,3.025,-1.5));
#12312=CARTESIAN_POINT('',(40.3375,16.025,-1.5));
#12313=CARTESIAN_POINT('',(40.3375,3.025,-5.));
#12314=CARTESIAN_POINT('',(40.3375,16.025,-5.));
#12315=CARTESIAN_POINT('',(40.3375,3.025,-1.5));
#12316=CARTESIAN_POINT('Origin',(39.8375,3.025,-1.5));
#12317=CARTESIAN_POINT('',(39.8375,2.525,-1.5));
#12318=CARTESIAN_POINT('Origin',(39.8375,3.025,-1.5));
#12319=CARTESIAN_POINT('',(39.8375,2.525,-5.));
#12320=CARTESIAN_POINT('Origin',(39.8375,3.025,-5.));
#12321=CARTESIAN_POINT('',(39.8375,2.525,-1.5));
#12322=CARTESIAN_POINT('Origin',(26.8375,2.525,-1.5));
#12323=CARTESIAN_POINT('',(26.8375,2.525,-1.5));
#12324=CARTESIAN_POINT('',(26.8375,2.525,-1.5));
#12325=CARTESIAN_POINT('',(26.8375,2.525,-5.));
#12326=CARTESIAN_POINT('',(26.8375,2.525,-5.));
#12327=CARTESIAN_POINT('',(26.8375,2.525,-1.5));
#12328=CARTESIAN_POINT('Origin',(26.8375,3.025,-1.5));
#12329=CARTESIAN_POINT('',(26.3375,3.025,-1.5));
#12330=CARTESIAN_POINT('Origin',(26.8375,3.025,-1.5));
#12331=CARTESIAN_POINT('',(26.3375,3.025,-5.));
#12332=CARTESIAN_POINT('Origin',(26.8375,3.025,-5.));
#12333=CARTESIAN_POINT('',(26.3375,3.025,-1.5));
#12334=CARTESIAN_POINT('Origin',(26.3375,16.025,-1.5));
#12335=CARTESIAN_POINT('',(26.3375,16.025,-1.5));
#12336=CARTESIAN_POINT('',(26.3375,16.025,-1.5));
#12337=CARTESIAN_POINT('',(26.3375,16.025,-5.));
#12338=CARTESIAN_POINT('',(26.3375,16.025,-5.));
#12339=CARTESIAN_POINT('',(26.3375,16.025,-1.5));
#12340=CARTESIAN_POINT('Origin',(26.8375,16.025,-1.5));
#12341=CARTESIAN_POINT('Origin',(26.8375,16.025,-1.5));
#12342=CARTESIAN_POINT('Origin',(26.8375,16.025,-5.));
#12343=CARTESIAN_POINT('Origin',(30.3125,-2.525,-1.5));
#12344=CARTESIAN_POINT('',(17.3125,-2.525,-1.5));
#12345=CARTESIAN_POINT('',(30.3125,-2.52499999999999,-1.5));
#12346=CARTESIAN_POINT('',(17.3125,-2.525,-1.5));
#12347=CARTESIAN_POINT('',(17.3125,-2.525,-5.));
#12348=CARTESIAN_POINT('',(17.3125,-2.525,-1.5));
#12349=CARTESIAN_POINT('',(30.3125,-2.52499999999999,-5.));
#12350=CARTESIAN_POINT('',(17.3125,-2.525,-5.));
#12351=CARTESIAN_POINT('',(30.3125,-2.52499999999999,-1.5));
#12352=CARTESIAN_POINT('Origin',(30.3125,-3.02499999999999,-1.5));
#12353=CARTESIAN_POINT('',(30.8125,-3.02499999999999,-1.5));
#12354=CARTESIAN_POINT('Origin',(30.3125,-3.02499999999999,-1.5));
#12355=CARTESIAN_POINT('',(30.8125,-3.02499999999999,-5.));
#12356=CARTESIAN_POINT('Origin',(30.3125,-3.02499999999999,-5.));
#12357=CARTESIAN_POINT('',(30.8125,-3.02499999999999,-1.5));
#12358=CARTESIAN_POINT('Origin',(30.8125,-16.025,-1.5));
#12359=CARTESIAN_POINT('',(30.8125,-16.025,-1.5));
#12360=CARTESIAN_POINT('',(30.8125,-3.02499999999999,-1.5));
#12361=CARTESIAN_POINT('',(30.8125,-16.025,-5.));
#12362=CARTESIAN_POINT('',(30.8125,-3.02499999999999,-5.));
#12363=CARTESIAN_POINT('',(30.8125,-16.025,-1.5));
#12364=CARTESIAN_POINT('Origin',(30.3125,-16.025,-1.5));
#12365=CARTESIAN_POINT('',(30.3125,-16.525,-1.5));
#12366=CARTESIAN_POINT('Origin',(30.3125,-16.025,-1.5));
#12367=CARTESIAN_POINT('',(30.3125,-16.525,-5.));
#12368=CARTESIAN_POINT('Origin',(30.3125,-16.025,-5.));
#12369=CARTESIAN_POINT('',(30.3125,-16.525,-1.5));
#12370=CARTESIAN_POINT('Origin',(17.3125,-16.525,-1.5));
#12371=CARTESIAN_POINT('',(17.3125,-16.525,-1.5));
#12372=CARTESIAN_POINT('',(17.3125,-16.525,-1.5));
#12373=CARTESIAN_POINT('',(17.3125,-16.525,-5.));
#12374=CARTESIAN_POINT('',(17.3125,-16.525,-5.));
#12375=CARTESIAN_POINT('',(17.3125,-16.525,-1.5));
#12376=CARTESIAN_POINT('Origin',(17.3125,-16.025,-1.5));
#12377=CARTESIAN_POINT('',(16.8125,-16.025,-1.5));
#12378=CARTESIAN_POINT('Origin',(17.3125,-16.025,-1.5));
#12379=CARTESIAN_POINT('',(16.8125,-16.025,-5.));
#12380=CARTESIAN_POINT('Origin',(17.3125,-16.025,-5.));
#12381=CARTESIAN_POINT('',(16.8125,-16.025,-1.5));
#12382=CARTESIAN_POINT('Origin',(16.8125,-3.02499999999999,-1.5));
#12383=CARTESIAN_POINT('',(16.8125,-3.02499999999999,-1.5));
#12384=CARTESIAN_POINT('',(16.8125,-3.02499999999999,-1.5));
#12385=CARTESIAN_POINT('',(16.8125,-3.02499999999999,-5.));
#12386=CARTESIAN_POINT('',(16.8125,-3.02499999999999,-5.));
#12387=CARTESIAN_POINT('',(16.8125,-3.02499999999999,-1.5));
#12388=CARTESIAN_POINT('Origin',(17.3125,-3.02499999999999,-1.5));
#12389=CARTESIAN_POINT('Origin',(17.3125,-3.02499999999999,-1.5));
#12390=CARTESIAN_POINT('Origin',(17.3125,-3.02499999999999,-5.));
#12391=CARTESIAN_POINT('Origin',(-95.2500045241322,19.0500009048264,-1.5));
#12392=CARTESIAN_POINT('',(-97.1500045241322,19.0500009048264,-5.));
#12393=CARTESIAN_POINT('Origin',(-95.2500045241322,19.0500009048264,-5.));
#12394=CARTESIAN_POINT('',(-97.1500045241322,19.0500009048264,-1.5));
#12395=CARTESIAN_POINT('',(-97.1500045241322,19.0500009048264,-1.5));
#12396=CARTESIAN_POINT('Origin',(-95.2500045241322,19.0500009048264,-1.5));
#12397=CARTESIAN_POINT('Origin',(-55.4125,16.525,-1.5));
#12398=CARTESIAN_POINT('',(-68.4125,16.525,-1.5));
#12399=CARTESIAN_POINT('',(-55.4125,16.525,-1.5));
#12400=CARTESIAN_POINT('',(-68.4125,16.525,-1.5));
#12401=CARTESIAN_POINT('',(-68.4125,16.525,-5.));
#12402=CARTESIAN_POINT('',(-68.4125,16.525,-1.5));
#12403=CARTESIAN_POINT('',(-55.4125,16.525,-5.));
#12404=CARTESIAN_POINT('',(-68.4125,16.525,-5.));
#12405=CARTESIAN_POINT('',(-55.4125,16.525,-1.5));
#12406=CARTESIAN_POINT('Origin',(-55.4125,16.025,-1.5));
#12407=CARTESIAN_POINT('',(-54.9125,16.025,-1.5));
#12408=CARTESIAN_POINT('Origin',(-55.4125,16.025,-1.5));
#12409=CARTESIAN_POINT('',(-54.9125,16.025,-5.));
#12410=CARTESIAN_POINT('Origin',(-55.4125,16.025,-5.));
#12411=CARTESIAN_POINT('',(-54.9125,16.025,-1.5));
#12412=CARTESIAN_POINT('Origin',(-54.9125,3.025,-1.5));
#12413=CARTESIAN_POINT('',(-54.9125,3.025,-1.5));
#12414=CARTESIAN_POINT('',(-54.9125,16.025,-1.5));
#12415=CARTESIAN_POINT('',(-54.9125,3.025,-5.));
#12416=CARTESIAN_POINT('',(-54.9125,16.025,-5.));
#12417=CARTESIAN_POINT('',(-54.9125,3.025,-1.5));
#12418=CARTESIAN_POINT('Origin',(-55.4125,3.025,-1.5));
#12419=CARTESIAN_POINT('',(-55.4125,2.525,-1.5));
#12420=CARTESIAN_POINT('Origin',(-55.4125,3.025,-1.5));
#12421=CARTESIAN_POINT('',(-55.4125,2.525,-5.));
#12422=CARTESIAN_POINT('Origin',(-55.4125,3.025,-5.));
#12423=CARTESIAN_POINT('',(-55.4125,2.525,-1.5));
#12424=CARTESIAN_POINT('Origin',(-68.4125,2.525,-1.5));
#12425=CARTESIAN_POINT('',(-68.4125,2.525,-1.5));
#12426=CARTESIAN_POINT('',(-68.4125,2.525,-1.5));
#12427=CARTESIAN_POINT('',(-68.4125,2.525,-5.));
#12428=CARTESIAN_POINT('',(-68.4125,2.525,-5.));
#12429=CARTESIAN_POINT('',(-68.4125,2.525,-1.5));
#12430=CARTESIAN_POINT('Origin',(-68.4125,3.025,-1.5));
#12431=CARTESIAN_POINT('',(-68.9125,3.025,-1.5));
#12432=CARTESIAN_POINT('Origin',(-68.4125,3.025,-1.5));
#12433=CARTESIAN_POINT('',(-68.9125,3.025,-5.));
#12434=CARTESIAN_POINT('Origin',(-68.4125,3.025,-5.));
#12435=CARTESIAN_POINT('',(-68.9125,3.025,-1.5));
#12436=CARTESIAN_POINT('Origin',(-68.9125,16.025,-1.5));
#12437=CARTESIAN_POINT('',(-68.9125,16.025,-1.5));
#12438=CARTESIAN_POINT('',(-68.9125,16.025,-1.5));
#12439=CARTESIAN_POINT('',(-68.9125,16.025,-5.));
#12440=CARTESIAN_POINT('',(-68.9125,16.025,-5.));
#12441=CARTESIAN_POINT('',(-68.9125,16.025,-1.5));
#12442=CARTESIAN_POINT('Origin',(-68.4125,16.025,-1.5));
#12443=CARTESIAN_POINT('Origin',(-68.4125,16.025,-1.5));
#12444=CARTESIAN_POINT('Origin',(-68.4125,16.025,-5.));
#12445=CARTESIAN_POINT('Origin',(5.99325,-20.075,-1.5));
#12446=CARTESIAN_POINT('',(5.99325,-37.075,-1.5));
#12447=CARTESIAN_POINT('',(5.99325000000001,-20.075,-1.5));
#12448=CARTESIAN_POINT('',(5.99325,-37.075,-1.5));
#12449=CARTESIAN_POINT('',(5.99325,-37.075,-5.));
#12450=CARTESIAN_POINT('',(5.99325,-37.075,-1.5));
#12451=CARTESIAN_POINT('',(5.99325,-20.075,-5.));
#12452=CARTESIAN_POINT('',(5.99325,-37.075,-5.));
#12453=CARTESIAN_POINT('',(5.99325000000001,-20.075,-1.5));
#12454=CARTESIAN_POINT('Origin',(6.49325000000001,-20.075,-1.5));
#12455=CARTESIAN_POINT('',(6.49325000000001,-19.575,-1.5));
#12456=CARTESIAN_POINT('Origin',(6.49325000000001,-20.075,-1.5));
#12457=CARTESIAN_POINT('',(6.49325000000001,-19.575,-5.));
#12458=CARTESIAN_POINT('Origin',(6.49325000000001,-20.075,-5.));
#12459=CARTESIAN_POINT('',(6.49325000000001,-19.575,-1.5));
#12460=CARTESIAN_POINT('Origin',(12.49325,-19.575,-1.5));
#12461=CARTESIAN_POINT('',(12.49325,-19.575,-1.5));
#12462=CARTESIAN_POINT('',(12.49325,-19.575,-1.5));
#12463=CARTESIAN_POINT('',(12.49325,-19.575,-5.));
#12464=CARTESIAN_POINT('',(12.49325,-19.575,-5.));
#12465=CARTESIAN_POINT('',(12.49325,-19.575,-1.5));
#12466=CARTESIAN_POINT('Origin',(12.49325,-20.075,-1.5));
#12467=CARTESIAN_POINT('',(12.99325,-20.075,-1.5));
#12468=CARTESIAN_POINT('Origin',(12.49325,-20.075,-1.5));
#12469=CARTESIAN_POINT('',(12.99325,-20.075,-5.));
#12470=CARTESIAN_POINT('Origin',(12.49325,-20.075,-5.));
#12471=CARTESIAN_POINT('',(12.99325,-20.075,-1.5));
#12472=CARTESIAN_POINT('Origin',(12.99325,-37.075,-1.5));
#12473=CARTESIAN_POINT('',(12.99325,-37.075,-1.5));
#12474=CARTESIAN_POINT('',(12.99325,-37.075,-1.5));
#12475=CARTESIAN_POINT('',(12.99325,-37.075,-5.));
#12476=CARTESIAN_POINT('',(12.99325,-37.075,-5.));
#12477=CARTESIAN_POINT('',(12.99325,-37.075,-1.5));
#12478=CARTESIAN_POINT('Origin',(12.49325,-37.075,-1.5));
#12479=CARTESIAN_POINT('',(12.49325,-37.575,-1.5));
#12480=CARTESIAN_POINT('Origin',(12.49325,-37.075,-1.5));
#12481=CARTESIAN_POINT('',(12.49325,-37.575,-5.));
#12482=CARTESIAN_POINT('Origin',(12.49325,-37.075,-5.));
#12483=CARTESIAN_POINT('',(12.49325,-37.575,-1.5));
#12484=CARTESIAN_POINT('Origin',(6.49325000000001,-37.575,-1.5));
#12485=CARTESIAN_POINT('',(6.49325000000001,-37.575,-1.5));
#12486=CARTESIAN_POINT('',(6.49325000000001,-37.575,-1.5));
#12487=CARTESIAN_POINT('',(6.49325000000001,-37.575,-5.));
#12488=CARTESIAN_POINT('',(6.49325000000001,-37.575,-5.));
#12489=CARTESIAN_POINT('',(6.49325000000001,-37.575,-1.5));
#12490=CARTESIAN_POINT('Origin',(6.49325000000001,-37.075,-1.5));
#12491=CARTESIAN_POINT('Origin',(6.49325000000001,-37.075,-1.5));
#12492=CARTESIAN_POINT('Origin',(6.49325000000001,-37.075,-5.));
#12493=CARTESIAN_POINT('Origin',(111.275,-2.525,-1.5));
#12494=CARTESIAN_POINT('',(98.275,-2.525,-1.5));
#12495=CARTESIAN_POINT('',(111.275,-2.52499999999999,-1.5));
#12496=CARTESIAN_POINT('',(98.275,-2.525,-1.5));
#12497=CARTESIAN_POINT('',(98.275,-2.525,-5.));
#12498=CARTESIAN_POINT('',(98.275,-2.525,-1.5));
#12499=CARTESIAN_POINT('',(111.275,-2.52499999999999,-5.));
#12500=CARTESIAN_POINT('',(98.275,-2.525,-5.));
#12501=CARTESIAN_POINT('',(111.275,-2.52499999999999,-1.5));
#12502=CARTESIAN_POINT('Origin',(111.275,-3.02499999999999,-1.5));
#12503=CARTESIAN_POINT('',(111.775,-3.02499999999999,-1.5));
#12504=CARTESIAN_POINT('Origin',(111.275,-3.02499999999999,-1.5));
#12505=CARTESIAN_POINT('',(111.775,-3.02499999999999,-5.));
#12506=CARTESIAN_POINT('Origin',(111.275,-3.02499999999999,-5.));
#12507=CARTESIAN_POINT('',(111.775,-3.02499999999999,-1.5));
#12508=CARTESIAN_POINT('Origin',(111.775,-16.025,-1.5));
#12509=CARTESIAN_POINT('',(111.775,-16.025,-1.5));
#12510=CARTESIAN_POINT('',(111.775,-3.02499999999999,-1.5));
#12511=CARTESIAN_POINT('',(111.775,-16.025,-5.));
#12512=CARTESIAN_POINT('',(111.775,-3.02499999999999,-5.));
#12513=CARTESIAN_POINT('',(111.775,-16.025,-1.5));
#12514=CARTESIAN_POINT('Origin',(111.275,-16.025,-1.5));
#12515=CARTESIAN_POINT('',(111.275,-16.525,-1.5));
#12516=CARTESIAN_POINT('Origin',(111.275,-16.025,-1.5));
#12517=CARTESIAN_POINT('',(111.275,-16.525,-5.));
#12518=CARTESIAN_POINT('Origin',(111.275,-16.025,-5.));
#12519=CARTESIAN_POINT('',(111.275,-16.525,-1.5));
#12520=CARTESIAN_POINT('Origin',(98.275,-16.525,-1.5));
#12521=CARTESIAN_POINT('',(98.275,-16.525,-1.5));
#12522=CARTESIAN_POINT('',(98.275,-16.525,-1.5));
#12523=CARTESIAN_POINT('',(98.275,-16.525,-5.));
#12524=CARTESIAN_POINT('',(98.275,-16.525,-5.));
#12525=CARTESIAN_POINT('',(98.275,-16.525,-1.5));
#12526=CARTESIAN_POINT('Origin',(98.275,-16.025,-1.5));
#12527=CARTESIAN_POINT('',(97.775,-16.025,-1.5));
#12528=CARTESIAN_POINT('Origin',(98.275,-16.025,-1.5));
#12529=CARTESIAN_POINT('',(97.775,-16.025,-5.));
#12530=CARTESIAN_POINT('Origin',(98.275,-16.025,-5.));
#12531=CARTESIAN_POINT('',(97.775,-16.025,-1.5));
#12532=CARTESIAN_POINT('Origin',(97.775,-3.02499999999999,-1.5));
#12533=CARTESIAN_POINT('',(97.775,-3.02499999999999,-1.5));
#12534=CARTESIAN_POINT('',(97.775,-3.02499999999999,-1.5));
#12535=CARTESIAN_POINT('',(97.775,-3.02499999999999,-5.));
#12536=CARTESIAN_POINT('',(97.775,-3.02499999999999,-5.));
#12537=CARTESIAN_POINT('',(97.775,-3.02499999999999,-1.5));
#12538=CARTESIAN_POINT('Origin',(98.275,-3.02499999999999,-1.5));
#12539=CARTESIAN_POINT('Origin',(98.275,-3.02499999999999,-1.5));
#12540=CARTESIAN_POINT('Origin',(98.275,-3.02499999999999,-5.));
#12541=CARTESIAN_POINT('Origin',(-19.69375,-21.575,-1.5));
#12542=CARTESIAN_POINT('',(-32.69375,-21.575,-1.5));
#12543=CARTESIAN_POINT('',(-19.69375,-21.575,-1.5));
#12544=CARTESIAN_POINT('',(-32.69375,-21.575,-1.5));
#12545=CARTESIAN_POINT('',(-32.69375,-21.575,-5.));
#12546=CARTESIAN_POINT('',(-32.69375,-21.575,-1.5));
#12547=CARTESIAN_POINT('',(-19.69375,-21.575,-5.));
#12548=CARTESIAN_POINT('',(-32.69375,-21.575,-5.));
#12549=CARTESIAN_POINT('',(-19.69375,-21.575,-1.5));
#12550=CARTESIAN_POINT('Origin',(-19.69375,-22.075,-1.5));
#12551=CARTESIAN_POINT('',(-19.19375,-22.075,-1.5));
#12552=CARTESIAN_POINT('Origin',(-19.69375,-22.075,-1.5));
#12553=CARTESIAN_POINT('',(-19.19375,-22.075,-5.));
#12554=CARTESIAN_POINT('Origin',(-19.69375,-22.075,-5.));
#12555=CARTESIAN_POINT('',(-19.19375,-22.075,-1.5));
#12556=CARTESIAN_POINT('Origin',(-19.19375,-35.075,-1.5));
#12557=CARTESIAN_POINT('',(-19.19375,-35.075,-1.5));
#12558=CARTESIAN_POINT('',(-19.19375,-22.075,-1.5));
#12559=CARTESIAN_POINT('',(-19.19375,-35.075,-5.));
#12560=CARTESIAN_POINT('',(-19.19375,-22.075,-5.));
#12561=CARTESIAN_POINT('',(-19.19375,-35.075,-1.5));
#12562=CARTESIAN_POINT('Origin',(-19.69375,-35.075,-1.5));
#12563=CARTESIAN_POINT('',(-19.69375,-35.575,-1.5));
#12564=CARTESIAN_POINT('Origin',(-19.69375,-35.075,-1.5));
#12565=CARTESIAN_POINT('',(-19.69375,-35.575,-5.));
#12566=CARTESIAN_POINT('Origin',(-19.69375,-35.075,-5.));
#12567=CARTESIAN_POINT('',(-19.69375,-35.575,-1.5));
#12568=CARTESIAN_POINT('Origin',(-32.69375,-35.575,-1.5));
#12569=CARTESIAN_POINT('',(-32.69375,-35.575,-1.5));
#12570=CARTESIAN_POINT('',(-32.69375,-35.575,-1.5));
#12571=CARTESIAN_POINT('',(-32.69375,-35.575,-5.));
#12572=CARTESIAN_POINT('',(-32.69375,-35.575,-5.));
#12573=CARTESIAN_POINT('',(-32.69375,-35.575,-1.5));
#12574=CARTESIAN_POINT('Origin',(-32.69375,-35.075,-1.5));
#12575=CARTESIAN_POINT('',(-33.19375,-35.075,-1.5));
#12576=CARTESIAN_POINT('Origin',(-32.69375,-35.075,-1.5));
#12577=CARTESIAN_POINT('',(-33.19375,-35.075,-5.));
#12578=CARTESIAN_POINT('Origin',(-32.69375,-35.075,-5.));
#12579=CARTESIAN_POINT('',(-33.19375,-35.075,-1.5));
#12580=CARTESIAN_POINT('Origin',(-33.19375,-22.075,-1.5));
#12581=CARTESIAN_POINT('',(-33.19375,-22.075,-1.5));
#12582=CARTESIAN_POINT('',(-33.19375,-22.075,-1.5));
#12583=CARTESIAN_POINT('',(-33.19375,-22.075,-5.));
#12584=CARTESIAN_POINT('',(-33.19375,-22.075,-5.));
#12585=CARTESIAN_POINT('',(-33.19375,-22.075,-1.5));
#12586=CARTESIAN_POINT('Origin',(-32.69375,-22.075,-1.5));
#12587=CARTESIAN_POINT('Origin',(-32.69375,-22.075,-1.5));
#12588=CARTESIAN_POINT('Origin',(-32.69375,-22.075,-5.));
#12589=CARTESIAN_POINT('Origin',(-36.3625,16.525,-1.5));
#12590=CARTESIAN_POINT('',(-49.3625,16.525,-1.5));
#12591=CARTESIAN_POINT('',(-36.3625,16.525,-1.5));
#12592=CARTESIAN_POINT('',(-49.3625,16.525,-1.5));
#12593=CARTESIAN_POINT('',(-49.3625,16.525,-5.));
#12594=CARTESIAN_POINT('',(-49.3625,16.525,-1.5));
#12595=CARTESIAN_POINT('',(-36.3625,16.525,-5.));
#12596=CARTESIAN_POINT('',(-49.3625,16.525,-5.));
#12597=CARTESIAN_POINT('',(-36.3625,16.525,-1.5));
#12598=CARTESIAN_POINT('Origin',(-36.3625,16.025,-1.5));
#12599=CARTESIAN_POINT('',(-35.8625,16.025,-1.5));
#12600=CARTESIAN_POINT('Origin',(-36.3625,16.025,-1.5));
#12601=CARTESIAN_POINT('',(-35.8625,16.025,-5.));
#12602=CARTESIAN_POINT('Origin',(-36.3625,16.025,-5.));
#12603=CARTESIAN_POINT('',(-35.8625,16.025,-1.5));
#12604=CARTESIAN_POINT('Origin',(-35.8625,3.025,-1.5));
#12605=CARTESIAN_POINT('',(-35.8625,3.025,-1.5));
#12606=CARTESIAN_POINT('',(-35.8625,16.025,-1.5));
#12607=CARTESIAN_POINT('',(-35.8625,3.025,-5.));
#12608=CARTESIAN_POINT('',(-35.8625,16.025,-5.));
#12609=CARTESIAN_POINT('',(-35.8625,3.025,-1.5));
#12610=CARTESIAN_POINT('Origin',(-36.3625,3.025,-1.5));
#12611=CARTESIAN_POINT('',(-36.3625,2.525,-1.5));
#12612=CARTESIAN_POINT('Origin',(-36.3625,3.025,-1.5));
#12613=CARTESIAN_POINT('',(-36.3625,2.525,-5.));
#12614=CARTESIAN_POINT('Origin',(-36.3625,3.025,-5.));
#12615=CARTESIAN_POINT('',(-36.3625,2.525,-1.5));
#12616=CARTESIAN_POINT('Origin',(-49.3625,2.525,-1.5));
#12617=CARTESIAN_POINT('',(-49.3625,2.525,-1.5));
#12618=CARTESIAN_POINT('',(-49.3625,2.525,-1.5));
#12619=CARTESIAN_POINT('',(-49.3625,2.525,-5.));
#12620=CARTESIAN_POINT('',(-49.3625,2.525,-5.));
#12621=CARTESIAN_POINT('',(-49.3625,2.525,-1.5));
#12622=CARTESIAN_POINT('Origin',(-49.3625,3.025,-1.5));
#12623=CARTESIAN_POINT('',(-49.8625,3.025,-1.5));
#12624=CARTESIAN_POINT('Origin',(-49.3625,3.025,-1.5));
#12625=CARTESIAN_POINT('',(-49.8625,3.025,-5.));
#12626=CARTESIAN_POINT('Origin',(-49.3625,3.025,-5.));
#12627=CARTESIAN_POINT('',(-49.8625,3.025,-1.5));
#12628=CARTESIAN_POINT('Origin',(-49.8625,16.025,-1.5));
#12629=CARTESIAN_POINT('',(-49.8625,16.025,-1.5));
#12630=CARTESIAN_POINT('',(-49.8625,16.025,-1.5));
#12631=CARTESIAN_POINT('',(-49.8625,16.025,-5.));
#12632=CARTESIAN_POINT('',(-49.8625,16.025,-5.));
#12633=CARTESIAN_POINT('',(-49.8625,16.025,-1.5));
#12634=CARTESIAN_POINT('Origin',(-49.3625,16.025,-1.5));
#12635=CARTESIAN_POINT('Origin',(-49.3625,16.025,-1.5));
#12636=CARTESIAN_POINT('Origin',(-49.3625,16.025,-5.));
#12637=CARTESIAN_POINT('Origin',(-91.13125,-2.525,-1.5));
#12638=CARTESIAN_POINT('',(-104.13125,-2.525,-1.5));
#12639=CARTESIAN_POINT('',(-91.13125,-2.52499999999999,-1.5));
#12640=CARTESIAN_POINT('',(-104.13125,-2.525,-1.5));
#12641=CARTESIAN_POINT('',(-104.13125,-2.525,-5.));
#12642=CARTESIAN_POINT('',(-104.13125,-2.525,-1.5));
#12643=CARTESIAN_POINT('',(-91.13125,-2.52499999999999,-5.));
#12644=CARTESIAN_POINT('',(-104.13125,-2.525,-5.));
#12645=CARTESIAN_POINT('',(-91.13125,-2.52499999999999,-1.5));
#12646=CARTESIAN_POINT('Origin',(-91.13125,-3.02499999999999,-1.5));
#12647=CARTESIAN_POINT('',(-90.63125,-3.02499999999999,-1.5));
#12648=CARTESIAN_POINT('Origin',(-91.13125,-3.02499999999999,-1.5));
#12649=CARTESIAN_POINT('',(-90.63125,-3.02499999999999,-5.));
#12650=CARTESIAN_POINT('Origin',(-91.13125,-3.02499999999999,-5.));
#12651=CARTESIAN_POINT('',(-90.63125,-3.02499999999999,-1.5));
#12652=CARTESIAN_POINT('Origin',(-90.63125,-16.025,-1.5));
#12653=CARTESIAN_POINT('',(-90.63125,-16.025,-1.5));
#12654=CARTESIAN_POINT('',(-90.63125,-3.02499999999999,-1.5));
#12655=CARTESIAN_POINT('',(-90.63125,-16.025,-5.));
#12656=CARTESIAN_POINT('',(-90.63125,-3.02499999999999,-5.));
#12657=CARTESIAN_POINT('',(-90.63125,-16.025,-1.5));
#12658=CARTESIAN_POINT('Origin',(-91.13125,-16.025,-1.5));
#12659=CARTESIAN_POINT('',(-91.13125,-16.525,-1.5));
#12660=CARTESIAN_POINT('Origin',(-91.13125,-16.025,-1.5));
#12661=CARTESIAN_POINT('',(-91.13125,-16.525,-5.));
#12662=CARTESIAN_POINT('Origin',(-91.13125,-16.025,-5.));
#12663=CARTESIAN_POINT('',(-91.13125,-16.525,-1.5));
#12664=CARTESIAN_POINT('Origin',(-104.13125,-16.525,-1.5));
#12665=CARTESIAN_POINT('',(-104.13125,-16.525,-1.5));
#12666=CARTESIAN_POINT('',(-104.13125,-16.525,-1.5));
#12667=CARTESIAN_POINT('',(-104.13125,-16.525,-5.));
#12668=CARTESIAN_POINT('',(-104.13125,-16.525,-5.));
#12669=CARTESIAN_POINT('',(-104.13125,-16.525,-1.5));
#12670=CARTESIAN_POINT('Origin',(-104.13125,-16.025,-1.5));
#12671=CARTESIAN_POINT('',(-104.63125,-16.025,-1.5));
#12672=CARTESIAN_POINT('Origin',(-104.13125,-16.025,-1.5));
#12673=CARTESIAN_POINT('',(-104.63125,-16.025,-5.));
#12674=CARTESIAN_POINT('Origin',(-104.13125,-16.025,-5.));
#12675=CARTESIAN_POINT('',(-104.63125,-16.025,-1.5));
#12676=CARTESIAN_POINT('Origin',(-104.63125,-3.02499999999999,-1.5));
#12677=CARTESIAN_POINT('',(-104.63125,-3.02499999999999,-1.5));
#12678=CARTESIAN_POINT('',(-104.63125,-3.02499999999999,-1.5));
#12679=CARTESIAN_POINT('',(-104.63125,-3.02499999999999,-5.));
#12680=CARTESIAN_POINT('',(-104.63125,-3.02499999999999,-5.));
#12681=CARTESIAN_POINT('',(-104.63125,-3.02499999999999,-1.5));
#12682=CARTESIAN_POINT('Origin',(-104.13125,-3.02499999999999,-1.5));
#12683=CARTESIAN_POINT('Origin',(-104.13125,-3.02499999999999,-1.5));
#12684=CARTESIAN_POINT('Origin',(-104.13125,-3.02499999999999,-5.));
#12685=CARTESIAN_POINT('Origin',(52.3875,-25.40127,-1.5));
#12686=CARTESIAN_POINT('',(50.3875,-25.40127,-5.));
#12687=CARTESIAN_POINT('Origin',(52.3875,-25.40127,-5.));
#12688=CARTESIAN_POINT('',(50.3875,-25.40127,-1.5));
#12689=CARTESIAN_POINT('',(50.3875,-25.40127,-1.5));
#12690=CARTESIAN_POINT('Origin',(52.3875,-25.40127,-1.5));
#12691=CARTESIAN_POINT('Origin',(-41.6317499999999,-20.0750003539842,-1.5));
#12692=CARTESIAN_POINT('',(-41.63175,-37.075,-1.5));
#12693=CARTESIAN_POINT('',(-41.6317499999999,-20.0750003539842,-1.5));
#12694=CARTESIAN_POINT('',(-41.63175,-37.075,-1.5));
#12695=CARTESIAN_POINT('',(-41.63175,-37.075,-5.));
#12696=CARTESIAN_POINT('',(-41.63175,-37.075,-1.5));
#12697=CARTESIAN_POINT('',(-41.6317499999999,-20.0750003539842,-5.));
#12698=CARTESIAN_POINT('',(-41.63175,-37.075,-5.));
#12699=CARTESIAN_POINT('',(-41.6317499999999,-20.0750003539842,-1.5));
#12700=CARTESIAN_POINT('Origin',(-41.13175,-20.075,-1.5));
#12701=CARTESIAN_POINT('',(-41.13175,-19.575,-1.5));
#12702=CARTESIAN_POINT('Origin',(-41.13175,-20.075,-1.5));
#12703=CARTESIAN_POINT('',(-41.13175,-19.575,-5.));
#12704=CARTESIAN_POINT('Origin',(-41.13175,-20.075,-5.));
#12705=CARTESIAN_POINT('',(-41.13175,-19.575,-1.5));
#12706=CARTESIAN_POINT('Origin',(-35.13175,-19.575,-1.5));
#12707=CARTESIAN_POINT('',(-35.13175,-19.575,-1.5));
#12708=CARTESIAN_POINT('',(-35.13175,-19.575,-1.5));
#12709=CARTESIAN_POINT('',(-35.13175,-19.575,-5.));
#12710=CARTESIAN_POINT('',(-35.13175,-19.575,-5.));
#12711=CARTESIAN_POINT('',(-35.13175,-19.575,-1.5));
#12712=CARTESIAN_POINT('Origin',(-35.13175,-20.075,-1.5));
#12713=CARTESIAN_POINT('',(-34.63175,-20.075,-1.5));
#12714=CARTESIAN_POINT('Origin',(-35.13175,-20.075,-1.5));
#12715=CARTESIAN_POINT('',(-34.63175,-20.075,-5.));
#12716=CARTESIAN_POINT('Origin',(-35.13175,-20.075,-5.));
#12717=CARTESIAN_POINT('',(-34.63175,-20.075,-1.5));
#12718=CARTESIAN_POINT('Origin',(-34.63175,-37.075,-1.5));
#12719=CARTESIAN_POINT('',(-34.63175,-37.075,-1.5));
#12720=CARTESIAN_POINT('',(-34.63175,-37.075,-1.5));
#12721=CARTESIAN_POINT('',(-34.63175,-37.075,-5.));
#12722=CARTESIAN_POINT('',(-34.63175,-37.075,-5.));
#12723=CARTESIAN_POINT('',(-34.63175,-37.075,-1.5));
#12724=CARTESIAN_POINT('Origin',(-35.13175,-37.075,-1.5));
#12725=CARTESIAN_POINT('',(-35.13175,-37.575,-1.5));
#12726=CARTESIAN_POINT('Origin',(-35.13175,-37.075,-1.5));
#12727=CARTESIAN_POINT('',(-35.13175,-37.575,-5.));
#12728=CARTESIAN_POINT('Origin',(-35.13175,-37.075,-5.));
#12729=CARTESIAN_POINT('',(-35.13175,-37.575,-1.5));
#12730=CARTESIAN_POINT('Origin',(-41.13175,-37.575,-1.5));
#12731=CARTESIAN_POINT('',(-41.13175,-37.575,-1.5));
#12732=CARTESIAN_POINT('',(-41.13175,-37.575,-1.5));
#12733=CARTESIAN_POINT('',(-41.13175,-37.575,-5.));
#12734=CARTESIAN_POINT('',(-41.13175,-37.575,-5.));
#12735=CARTESIAN_POINT('',(-41.13175,-37.575,-1.5));
#12736=CARTESIAN_POINT('Origin',(-41.13175,-37.075,-1.5));
#12737=CARTESIAN_POINT('Origin',(-41.13175,-37.075,-1.5));
#12738=CARTESIAN_POINT('Origin',(-41.13175,-37.075,-5.));
#12739=CARTESIAN_POINT('Origin',(-41.125,35.575,-1.5));
#12740=CARTESIAN_POINT('',(-54.125,35.575,-1.5));
#12741=CARTESIAN_POINT('',(-41.125,35.575,-1.5));
#12742=CARTESIAN_POINT('',(-54.125,35.575,-1.5));
#12743=CARTESIAN_POINT('',(-54.125,35.575,-5.));
#12744=CARTESIAN_POINT('',(-54.125,35.575,-1.5));
#12745=CARTESIAN_POINT('',(-41.125,35.575,-5.));
#12746=CARTESIAN_POINT('',(-54.125,35.575,-5.));
#12747=CARTESIAN_POINT('',(-41.125,35.575,-1.5));
#12748=CARTESIAN_POINT('Origin',(-41.125,35.075,-1.5));
#12749=CARTESIAN_POINT('',(-40.625,35.075,-1.5));
#12750=CARTESIAN_POINT('Origin',(-41.125,35.075,-1.5));
#12751=CARTESIAN_POINT('',(-40.625,35.075,-5.));
#12752=CARTESIAN_POINT('Origin',(-41.125,35.075,-5.));
#12753=CARTESIAN_POINT('',(-40.625,35.075,-1.5));
#12754=CARTESIAN_POINT('Origin',(-40.625,22.075,-1.5));
#12755=CARTESIAN_POINT('',(-40.625,22.075,-1.5));
#12756=CARTESIAN_POINT('',(-40.625,35.075,-1.5));
#12757=CARTESIAN_POINT('',(-40.625,22.075,-5.));
#12758=CARTESIAN_POINT('',(-40.625,35.075,-5.));
#12759=CARTESIAN_POINT('',(-40.625,22.075,-1.5));
#12760=CARTESIAN_POINT('Origin',(-41.125,22.075,-1.5));
#12761=CARTESIAN_POINT('',(-41.125,21.575,-1.5));
#12762=CARTESIAN_POINT('Origin',(-41.125,22.075,-1.5));
#12763=CARTESIAN_POINT('',(-41.125,21.575,-5.));
#12764=CARTESIAN_POINT('Origin',(-41.125,22.075,-5.));
#12765=CARTESIAN_POINT('',(-41.125,21.575,-1.5));
#12766=CARTESIAN_POINT('Origin',(-54.125,21.575,-1.5));
#12767=CARTESIAN_POINT('',(-54.125,21.575,-1.5));
#12768=CARTESIAN_POINT('',(-54.125,21.575,-1.5));
#12769=CARTESIAN_POINT('',(-54.125,21.575,-5.));
#12770=CARTESIAN_POINT('',(-54.125,21.575,-5.));
#12771=CARTESIAN_POINT('',(-54.125,21.575,-1.5));
#12772=CARTESIAN_POINT('Origin',(-54.125,22.075,-1.5));
#12773=CARTESIAN_POINT('',(-54.625,22.075,-1.5));
#12774=CARTESIAN_POINT('Origin',(-54.125,22.075,-1.5));
#12775=CARTESIAN_POINT('',(-54.625,22.075,-5.));
#12776=CARTESIAN_POINT('Origin',(-54.125,22.075,-5.));
#12777=CARTESIAN_POINT('',(-54.625,22.075,-1.5));
#12778=CARTESIAN_POINT('Origin',(-54.625,35.075,-1.5));
#12779=CARTESIAN_POINT('',(-54.625,35.075,-1.5));
#12780=CARTESIAN_POINT('',(-54.625,35.075,-1.5));
#12781=CARTESIAN_POINT('',(-54.625,35.075,-5.));
#12782=CARTESIAN_POINT('',(-54.625,35.075,-5.));
#12783=CARTESIAN_POINT('',(-54.625,35.075,-1.5));
#12784=CARTESIAN_POINT('Origin',(-54.125,35.075,-1.5));
#12785=CARTESIAN_POINT('Origin',(-54.125,35.075,-1.5));
#12786=CARTESIAN_POINT('Origin',(-54.125,35.075,-5.));
#12787=CARTESIAN_POINT('Origin',(-64.9375,-2.525,-1.5));
#12788=CARTESIAN_POINT('',(-77.9375,-2.525,-1.5));
#12789=CARTESIAN_POINT('',(-64.9375,-2.525,-1.5));
#12790=CARTESIAN_POINT('',(-77.9375,-2.525,-1.5));
#12791=CARTESIAN_POINT('',(-77.9375,-2.525,-5.));
#12792=CARTESIAN_POINT('',(-77.9375,-2.525,-1.5));
#12793=CARTESIAN_POINT('',(-64.9375,-2.525,-5.));
#12794=CARTESIAN_POINT('',(-77.9375,-2.525,-5.));
#12795=CARTESIAN_POINT('',(-64.9375,-2.525,-1.5));
#12796=CARTESIAN_POINT('Origin',(-64.9375,-3.02499999999999,-1.5));
#12797=CARTESIAN_POINT('',(-64.4375,-3.02499999999999,-1.5));
#12798=CARTESIAN_POINT('Origin',(-64.9375,-3.02499999999999,-1.5));
#12799=CARTESIAN_POINT('',(-64.4375,-3.02499999999999,-5.));
#12800=CARTESIAN_POINT('Origin',(-64.9375,-3.02499999999999,-5.));
#12801=CARTESIAN_POINT('',(-64.4375,-3.02499999999999,-1.5));
#12802=CARTESIAN_POINT('Origin',(-64.4375,-16.025,-1.5));
#12803=CARTESIAN_POINT('',(-64.4375,-16.025,-1.5));
#12804=CARTESIAN_POINT('',(-64.4375,-3.02499999999999,-1.5));
#12805=CARTESIAN_POINT('',(-64.4375,-16.025,-5.));
#12806=CARTESIAN_POINT('',(-64.4375,-3.02499999999999,-5.));
#12807=CARTESIAN_POINT('',(-64.4375,-16.025,-1.5));
#12808=CARTESIAN_POINT('Origin',(-64.9375,-16.025,-1.5));
#12809=CARTESIAN_POINT('',(-64.9375,-16.525,-1.5));
#12810=CARTESIAN_POINT('Origin',(-64.9375,-16.025,-1.5));
#12811=CARTESIAN_POINT('',(-64.9375,-16.525,-5.));
#12812=CARTESIAN_POINT('Origin',(-64.9375,-16.025,-5.));
#12813=CARTESIAN_POINT('',(-64.9375,-16.525,-1.5));
#12814=CARTESIAN_POINT('Origin',(-77.9375,-16.525,-1.5));
#12815=CARTESIAN_POINT('',(-77.9375,-16.525,-1.5));
#12816=CARTESIAN_POINT('',(-77.9375,-16.525,-1.5));
#12817=CARTESIAN_POINT('',(-77.9375,-16.525,-5.));
#12818=CARTESIAN_POINT('',(-77.9375,-16.525,-5.));
#12819=CARTESIAN_POINT('',(-77.9375,-16.525,-1.5));
#12820=CARTESIAN_POINT('Origin',(-77.9375,-16.025,-1.5));
#12821=CARTESIAN_POINT('',(-78.4375,-16.025,-1.5));
#12822=CARTESIAN_POINT('Origin',(-77.9375,-16.025,-1.5));
#12823=CARTESIAN_POINT('',(-78.4375,-16.025,-5.));
#12824=CARTESIAN_POINT('Origin',(-77.9375,-16.025,-5.));
#12825=CARTESIAN_POINT('',(-78.4375,-16.025,-1.5));
#12826=CARTESIAN_POINT('Origin',(-78.4375,-3.02499999999999,-1.5));
#12827=CARTESIAN_POINT('',(-78.4375,-3.02499999999999,-1.5));
#12828=CARTESIAN_POINT('',(-78.4375,-3.02499999999999,-1.5));
#12829=CARTESIAN_POINT('',(-78.4375,-3.02499999999999,-5.));
#12830=CARTESIAN_POINT('',(-78.4375,-3.02499999999999,-5.));
#12831=CARTESIAN_POINT('',(-78.4375,-3.02499999999999,-1.5));
#12832=CARTESIAN_POINT('Origin',(-77.9375,-3.02499999999999,-1.5));
#12833=CARTESIAN_POINT('Origin',(-77.9375,-3.02499999999999,-1.5));
#12834=CARTESIAN_POINT('Origin',(-77.9375,-3.02499999999999,-5.));
#12835=CARTESIAN_POINT('Origin',(1.7375,16.525,-1.5));
#12836=CARTESIAN_POINT('',(-11.2625,16.525,-1.5));
#12837=CARTESIAN_POINT('',(1.7375,16.525,-1.5));
#12838=CARTESIAN_POINT('',(-11.2625,16.525,-1.5));
#12839=CARTESIAN_POINT('',(-11.2625,16.525,-5.));
#12840=CARTESIAN_POINT('',(-11.2625,16.525,-1.5));
#12841=CARTESIAN_POINT('',(1.7375,16.525,-5.));
#12842=CARTESIAN_POINT('',(-11.2625,16.525,-5.));
#12843=CARTESIAN_POINT('',(1.7375,16.525,-1.5));
#12844=CARTESIAN_POINT('Origin',(1.7375,16.025,-1.5));
#12845=CARTESIAN_POINT('',(2.23750000000001,16.025,-1.5));
#12846=CARTESIAN_POINT('Origin',(1.7375,16.025,-1.5));
#12847=CARTESIAN_POINT('',(2.23750000000001,16.025,-5.));
#12848=CARTESIAN_POINT('Origin',(1.7375,16.025,-5.));
#12849=CARTESIAN_POINT('',(2.23750000000001,16.025,-1.5));
#12850=CARTESIAN_POINT('Origin',(2.23750000000001,3.025,-1.5));
#12851=CARTESIAN_POINT('',(2.2375,3.025,-1.5));
#12852=CARTESIAN_POINT('',(2.23750000000001,16.025,-1.5));
#12853=CARTESIAN_POINT('',(2.23750000000001,3.025,-5.));
#12854=CARTESIAN_POINT('',(2.23750000000001,16.025,-5.));
#12855=CARTESIAN_POINT('',(2.2375,3.025,-1.5));
#12856=CARTESIAN_POINT('Origin',(1.7375,3.025,-1.5));
#12857=CARTESIAN_POINT('',(1.7375,2.525,-1.5));
#12858=CARTESIAN_POINT('Origin',(1.7375,3.025,-1.5));
#12859=CARTESIAN_POINT('',(1.7375,2.525,-5.));
#12860=CARTESIAN_POINT('Origin',(1.7375,3.025,-5.));
#12861=CARTESIAN_POINT('',(1.7375,2.525,-1.5));
#12862=CARTESIAN_POINT('Origin',(-11.2625,2.525,-1.5));
#12863=CARTESIAN_POINT('',(-11.2625,2.525,-1.5));
#12864=CARTESIAN_POINT('',(-11.2625,2.525,-1.5));
#12865=CARTESIAN_POINT('',(-11.2625,2.525,-5.));
#12866=CARTESIAN_POINT('',(-11.2625,2.525,-5.));
#12867=CARTESIAN_POINT('',(-11.2625,2.525,-1.5));
#12868=CARTESIAN_POINT('Origin',(-11.2625,3.025,-1.5));
#12869=CARTESIAN_POINT('',(-11.7625,3.025,-1.5));
#12870=CARTESIAN_POINT('Origin',(-11.2625,3.025,-1.5));
#12871=CARTESIAN_POINT('',(-11.7625,3.025,-5.));
#12872=CARTESIAN_POINT('Origin',(-11.2625,3.025,-5.));
#12873=CARTESIAN_POINT('',(-11.7625,3.025,-1.5));
#12874=CARTESIAN_POINT('Origin',(-11.7625,16.025,-1.5));
#12875=CARTESIAN_POINT('',(-11.7625,16.025,-1.5));
#12876=CARTESIAN_POINT('',(-11.7625,16.025,-1.5));
#12877=CARTESIAN_POINT('',(-11.7625,16.025,-5.));
#12878=CARTESIAN_POINT('',(-11.7625,16.025,-5.));
#12879=CARTESIAN_POINT('',(-11.7625,16.025,-1.5));
#12880=CARTESIAN_POINT('Origin',(-11.2625,16.025,-1.5));
#12881=CARTESIAN_POINT('Origin',(-11.2625,16.025,-1.5));
#12882=CARTESIAN_POINT('Origin',(-11.2625,16.025,-5.));
#12883=CARTESIAN_POINT('Origin',(104.13125,16.525,-1.5));
#12884=CARTESIAN_POINT('',(91.13125,16.525,-1.5));
#12885=CARTESIAN_POINT('',(104.13125,16.525,-1.5));
#12886=CARTESIAN_POINT('',(91.13125,16.525,-1.5));
#12887=CARTESIAN_POINT('',(91.13125,16.525,-5.));
#12888=CARTESIAN_POINT('',(91.13125,16.525,-1.5));
#12889=CARTESIAN_POINT('',(104.13125,16.525,-5.));
#12890=CARTESIAN_POINT('',(91.13125,16.525,-5.));
#12891=CARTESIAN_POINT('',(104.13125,16.525,-1.5));
#12892=CARTESIAN_POINT('Origin',(104.13125,16.025,-1.5));
#12893=CARTESIAN_POINT('',(104.63125,16.025,-1.5));
#12894=CARTESIAN_POINT('Origin',(104.13125,16.025,-1.5));
#12895=CARTESIAN_POINT('',(104.63125,16.025,-5.));
#12896=CARTESIAN_POINT('Origin',(104.13125,16.025,-5.));
#12897=CARTESIAN_POINT('',(104.63125,16.025,-1.5));
#12898=CARTESIAN_POINT('Origin',(104.63125,3.025,-1.5));
#12899=CARTESIAN_POINT('',(104.63125,3.025,-1.5));
#12900=CARTESIAN_POINT('',(104.63125,16.025,-1.5));
#12901=CARTESIAN_POINT('',(104.63125,3.025,-5.));
#12902=CARTESIAN_POINT('',(104.63125,16.025,-5.));
#12903=CARTESIAN_POINT('',(104.63125,3.025,-1.5));
#12904=CARTESIAN_POINT('Origin',(104.13125,3.025,-1.5));
#12905=CARTESIAN_POINT('',(104.13125,2.525,-1.5));
#12906=CARTESIAN_POINT('Origin',(104.13125,3.025,-1.5));
#12907=CARTESIAN_POINT('',(104.13125,2.525,-5.));
#12908=CARTESIAN_POINT('Origin',(104.13125,3.025,-5.));
#12909=CARTESIAN_POINT('',(104.13125,2.525,-1.5));
#12910=CARTESIAN_POINT('Origin',(91.13125,2.525,-1.5));
#12911=CARTESIAN_POINT('',(91.13125,2.525,-1.5));
#12912=CARTESIAN_POINT('',(91.13125,2.525,-1.5));
#12913=CARTESIAN_POINT('',(91.13125,2.525,-5.));
#12914=CARTESIAN_POINT('',(91.13125,2.525,-5.));
#12915=CARTESIAN_POINT('',(91.13125,2.525,-1.5));
#12916=CARTESIAN_POINT('Origin',(91.13125,3.025,-1.5));
#12917=CARTESIAN_POINT('',(90.63125,3.025,-1.5));
#12918=CARTESIAN_POINT('Origin',(91.13125,3.025,-1.5));
#12919=CARTESIAN_POINT('',(90.63125,3.025,-5.));
#12920=CARTESIAN_POINT('Origin',(91.13125,3.025,-5.));
#12921=CARTESIAN_POINT('',(90.63125,3.025,-1.5));
#12922=CARTESIAN_POINT('Origin',(90.63125,16.025,-1.5));
#12923=CARTESIAN_POINT('',(90.63125,16.025,-1.5));
#12924=CARTESIAN_POINT('',(90.63125,16.025,-1.5));
#12925=CARTESIAN_POINT('',(90.63125,16.025,-5.));
#12926=CARTESIAN_POINT('',(90.63125,16.025,-5.));
#12927=CARTESIAN_POINT('',(90.63125,16.025,-1.5));
#12928=CARTESIAN_POINT('Origin',(91.13125,16.025,-1.5));
#12929=CARTESIAN_POINT('Origin',(91.13125,16.025,-1.5));
#12930=CARTESIAN_POINT('Origin',(91.13125,16.025,-5.));
#12931=CARTESIAN_POINT('Origin',(-92.86875,-38.100000477357,-1.5));
#12932=CARTESIAN_POINT('',(-97.1843464349493,-35.575,-1.5));
#12933=CARTESIAN_POINT('',(-97.86875,-38.1000006810785,-1.5));
#12934=CARTESIAN_POINT('Origin',(-92.86875,-38.100000477357,-1.5));
#12935=CARTESIAN_POINT('',(-97.86875,-38.1000006810785,-5.));
#12936=CARTESIAN_POINT('',(-97.86875,-38.1000006810785,-1.5));
#12937=CARTESIAN_POINT('',(-97.1843464349493,-35.575,-5.));
#12938=CARTESIAN_POINT('Origin',(-92.86875,-38.100000477357,-5.));
#12939=CARTESIAN_POINT('',(-97.1843464349493,-35.575,-1.5));
#12940=CARTESIAN_POINT('Origin',(-108.89375,-35.575,-1.5));
#12941=CARTESIAN_POINT('',(-108.89375,-35.575,-1.5));
#12942=CARTESIAN_POINT('',(-108.89375,-35.575,-1.5));
#12943=CARTESIAN_POINT('',(-108.89375,-35.575,-5.));
#12944=CARTESIAN_POINT('',(-108.89375,-35.575,-5.));
#12945=CARTESIAN_POINT('',(-108.89375,-35.575,-1.5));
#12946=CARTESIAN_POINT('Origin',(-108.89375,-35.075,-1.5));
#12947=CARTESIAN_POINT('',(-109.39375,-35.075,-1.5));
#12948=CARTESIAN_POINT('Origin',(-108.89375,-35.075,-1.5));
#12949=CARTESIAN_POINT('',(-109.39375,-35.075,-5.));
#12950=CARTESIAN_POINT('Origin',(-108.89375,-35.075,-5.));
#12951=CARTESIAN_POINT('',(-109.39375,-35.075,-1.5));
#12952=CARTESIAN_POINT('Origin',(-109.39375,-22.075,-1.5));
#12953=CARTESIAN_POINT('',(-109.39375,-22.075,-1.5));
#12954=CARTESIAN_POINT('',(-109.39375,-22.075,-1.5));
#12955=CARTESIAN_POINT('',(-109.39375,-22.075,-5.));
#12956=CARTESIAN_POINT('',(-109.39375,-22.075,-5.));
#12957=CARTESIAN_POINT('',(-109.39375,-22.075,-1.5));
#12958=CARTESIAN_POINT('Origin',(-108.89375,-22.075,-1.5));
#12959=CARTESIAN_POINT('',(-108.89375,-21.575,-1.5));
#12960=CARTESIAN_POINT('Origin',(-108.89375,-22.075,-1.5));
#12961=CARTESIAN_POINT('',(-108.89375,-21.575,-5.));
#12962=CARTESIAN_POINT('Origin',(-108.89375,-22.075,-5.));
#12963=CARTESIAN_POINT('',(-108.89375,-21.575,-1.5));
#12964=CARTESIAN_POINT('Origin',(-95.89375,-21.575,-1.5));
#12965=CARTESIAN_POINT('',(-95.89375,-21.575,-1.5));
#12966=CARTESIAN_POINT('',(-108.89375,-21.575,-1.5));
#12967=CARTESIAN_POINT('',(-95.89375,-21.575,-5.));
#12968=CARTESIAN_POINT('',(-108.89375,-21.575,-5.));
#12969=CARTESIAN_POINT('',(-95.89375,-21.575,-1.5));
#12970=CARTESIAN_POINT('Origin',(-95.89375,-22.075,-1.5));
#12971=CARTESIAN_POINT('',(-95.39375,-22.075,-1.5));
#12972=CARTESIAN_POINT('Origin',(-95.89375,-22.075,-1.5));
#12973=CARTESIAN_POINT('',(-95.39375,-22.075,-5.));
#12974=CARTESIAN_POINT('Origin',(-95.89375,-22.075,-5.));
#12975=CARTESIAN_POINT('',(-95.39375,-22.075,-1.5));
#12976=CARTESIAN_POINT('Origin',(-95.39375,-33.7844037631122,-1.5));
#12977=CARTESIAN_POINT('',(-95.39375,-33.7844037631122,-1.5));
#12978=CARTESIAN_POINT('',(-95.39375,-22.075,-1.5));
#12979=CARTESIAN_POINT('',(-95.39375,-33.7844037631122,-5.));
#12980=CARTESIAN_POINT('',(-95.39375,-22.075,-5.));
#12981=CARTESIAN_POINT('',(-95.39375,-33.7844037631122,-1.5));
#12982=CARTESIAN_POINT('Origin',(-92.86875,-38.100000477357,-1.5));
#12983=CARTESIAN_POINT('',(-87.86875,-38.1000002736354,-1.5));
#12984=CARTESIAN_POINT('Origin',(-92.86875,-38.100000477357,-1.5));
#12985=CARTESIAN_POINT('',(-87.86875,-38.1000002736354,-5.));
#12986=CARTESIAN_POINT('Origin',(-92.86875,-38.100000477357,-5.));
#12987=CARTESIAN_POINT('',(-87.86875,-38.1000002736354,-1.5));
#12988=CARTESIAN_POINT('Origin',(-4.99999689528325,-38.099996897205,-1.5));
#12989=CARTESIAN_POINT('',(-4.99999689528325,-38.099996897205,-1.5));
#12990=CARTESIAN_POINT('',(-114.299996895283,-38.1000013505584,-1.5));
#12991=CARTESIAN_POINT('',(-4.99999689528325,-38.099996897205,-5.));
#12992=CARTESIAN_POINT('',(-114.299996895283,-38.1000013505584,-5.));
#12993=CARTESIAN_POINT('',(-4.99999689528325,-38.099996897205,-1.5));
#12994=CARTESIAN_POINT('Origin',(3.10471675035728E-6,-38.0999966934834,
-1.5));
#12995=CARTESIAN_POINT('',(5.00000310471675,-38.0999964897619,-1.5));
#12996=CARTESIAN_POINT('Origin',(3.10471675035728E-6,-38.0999966934834,
-1.5));
#12997=CARTESIAN_POINT('',(5.00000310471675,-38.0999964897619,-5.));
#12998=CARTESIAN_POINT('Origin',(3.10471675035728E-6,-38.0999966934834,
-5.));
#12999=CARTESIAN_POINT('',(5.00000310471675,-38.0999964897619,-1.5));
#13000=CARTESIAN_POINT('Origin',(90.2500047532091,-38.0999930163091,-1.5));
#13001=CARTESIAN_POINT('',(90.250004753209,-38.0999930163091,-1.5));
#13002=CARTESIAN_POINT('',(-114.299996895283,-38.1000013505584,-1.5));
#13003=CARTESIAN_POINT('',(90.250004753209,-38.0999930163091,-5.));
#13004=CARTESIAN_POINT('',(-114.299996895283,-38.1000013505584,-5.));
#13005=CARTESIAN_POINT('',(90.250004753209,-38.0999930163091,-1.5));
#13006=CARTESIAN_POINT('Origin',(95.250004753209,-38.0999928125875,-1.5));
#13007=CARTESIAN_POINT('',(90.9344038337099,-35.575,-1.5));
#13008=CARTESIAN_POINT('Origin',(95.250004753209,-38.0999928125875,-1.5));
#13009=CARTESIAN_POINT('',(90.9344038337099,-35.575,-5.));
#13010=CARTESIAN_POINT('Origin',(95.250004753209,-38.0999928125875,-5.));
#13011=CARTESIAN_POINT('',(90.9344038337099,-35.575,-1.5));
#13012=CARTESIAN_POINT('Origin',(79.225,-35.575,-1.5));
#13013=CARTESIAN_POINT('',(79.225,-35.575,-1.5));
#13014=CARTESIAN_POINT('',(79.225,-35.575,-1.5));
#13015=CARTESIAN_POINT('',(79.225,-35.575,-5.));
#13016=CARTESIAN_POINT('',(79.225,-35.575,-5.));
#13017=CARTESIAN_POINT('',(79.225,-35.575,-1.5));
#13018=CARTESIAN_POINT('Origin',(79.225,-35.075,-1.5));
#13019=CARTESIAN_POINT('',(78.725,-35.075,-1.5));
#13020=CARTESIAN_POINT('Origin',(79.225,-35.075,-1.5));
#13021=CARTESIAN_POINT('',(78.725,-35.075,-5.));
#13022=CARTESIAN_POINT('Origin',(79.225,-35.075,-5.));
#13023=CARTESIAN_POINT('',(78.725,-35.075,-1.5));
#13024=CARTESIAN_POINT('Origin',(78.725,-22.075,-1.5));
#13025=CARTESIAN_POINT('',(78.725,-22.075,-1.5));
#13026=CARTESIAN_POINT('',(78.725,-22.075,-1.5));
#13027=CARTESIAN_POINT('',(78.725,-22.075,-5.));
#13028=CARTESIAN_POINT('',(78.725,-22.075,-5.));
#13029=CARTESIAN_POINT('',(78.725,-22.075,-1.5));
#13030=CARTESIAN_POINT('Origin',(79.225,-22.075,-1.5));
#13031=CARTESIAN_POINT('',(79.225,-21.575,-1.5));
#13032=CARTESIAN_POINT('Origin',(79.225,-22.075,-1.5));
#13033=CARTESIAN_POINT('',(79.225,-21.575,-5.));
#13034=CARTESIAN_POINT('Origin',(79.225,-22.075,-5.));
#13035=CARTESIAN_POINT('',(79.225,-21.575,-1.5));
#13036=CARTESIAN_POINT('Origin',(92.225,-21.575,-1.5));
#13037=CARTESIAN_POINT('',(92.225,-21.575,-1.5));
#13038=CARTESIAN_POINT('',(79.225,-21.575,-1.5));
#13039=CARTESIAN_POINT('',(92.225,-21.575,-5.));
#13040=CARTESIAN_POINT('',(79.225,-21.575,-5.));
#13041=CARTESIAN_POINT('',(92.225,-21.575,-1.5));
#13042=CARTESIAN_POINT('Origin',(92.225,-22.075,-1.5));
#13043=CARTESIAN_POINT('',(92.725,-22.075,-1.5));
#13044=CARTESIAN_POINT('Origin',(92.225,-22.075,-1.5));
#13045=CARTESIAN_POINT('',(92.725,-22.075,-5.));
#13046=CARTESIAN_POINT('Origin',(92.225,-22.075,-5.));
#13047=CARTESIAN_POINT('',(92.725,-22.075,-1.5));
#13048=CARTESIAN_POINT('Origin',(92.725,-33.7843988793876,-1.5));
#13049=CARTESIAN_POINT('',(92.725,-33.7843988793876,-1.5));
#13050=CARTESIAN_POINT('',(92.725,-22.075,-1.5));
#13051=CARTESIAN_POINT('',(92.725,-33.7843988793876,-5.));
#13052=CARTESIAN_POINT('',(92.725,-22.075,-5.));
#13053=CARTESIAN_POINT('',(92.725,-33.7843988793876,-1.5));
#13054=CARTESIAN_POINT('Origin',(95.250004753209,-38.0999928125875,-1.5));
#13055=CARTESIAN_POINT('',(97.775,-33.784393317305,-1.5));
#13056=CARTESIAN_POINT('Origin',(95.250004753209,-38.0999928125875,-1.5));
#13057=CARTESIAN_POINT('',(97.775,-33.784393317305,-5.));
#13058=CARTESIAN_POINT('Origin',(95.250004753209,-38.0999928125875,-5.));
#13059=CARTESIAN_POINT('',(97.775,-33.784393317305,-1.5));
#13060=CARTESIAN_POINT('Origin',(97.775,-22.075,-1.5));
#13061=CARTESIAN_POINT('',(97.775,-22.075,-1.5));
#13062=CARTESIAN_POINT('',(97.775,-22.075,-1.5));
#13063=CARTESIAN_POINT('',(97.775,-22.075,-5.));
#13064=CARTESIAN_POINT('',(97.775,-22.075,-5.));
#13065=CARTESIAN_POINT('',(97.775,-22.075,-1.5));
#13066=CARTESIAN_POINT('Origin',(98.275,-22.075,-1.5));
#13067=CARTESIAN_POINT('',(98.275,-21.575,-1.5));
#13068=CARTESIAN_POINT('Origin',(98.275,-22.075,-1.5));
#13069=CARTESIAN_POINT('',(98.275,-21.575,-5.));
#13070=CARTESIAN_POINT('Origin',(98.275,-22.075,-5.));
#13071=CARTESIAN_POINT('',(98.275,-21.575,-1.5));
#13072=CARTESIAN_POINT('Origin',(111.275,-21.575,-1.5));
#13073=CARTESIAN_POINT('',(111.275,-21.575,-1.5));
#13074=CARTESIAN_POINT('',(98.275,-21.575,-1.5));
#13075=CARTESIAN_POINT('',(111.275,-21.575,-5.));
#13076=CARTESIAN_POINT('',(98.275,-21.575,-5.));
#13077=CARTESIAN_POINT('',(111.275,-21.575,-1.5));
#13078=CARTESIAN_POINT('Origin',(111.275,-22.075,-1.5));
#13079=CARTESIAN_POINT('',(111.775,-22.075,-1.5));
#13080=CARTESIAN_POINT('Origin',(111.275,-22.075,-1.5));
#13081=CARTESIAN_POINT('',(111.775,-22.075,-5.));
#13082=CARTESIAN_POINT('Origin',(111.275,-22.075,-5.));
#13083=CARTESIAN_POINT('',(111.775,-22.075,-1.5));
#13084=CARTESIAN_POINT('Origin',(111.775,-35.075,-1.5));
#13085=CARTESIAN_POINT('',(111.775,-35.075,-1.5));
#13086=CARTESIAN_POINT('',(111.775,-22.075,-1.5));
#13087=CARTESIAN_POINT('',(111.775,-35.075,-5.));
#13088=CARTESIAN_POINT('',(111.775,-22.075,-5.));
#13089=CARTESIAN_POINT('',(111.775,-35.075,-1.5));
#13090=CARTESIAN_POINT('Origin',(111.275,-35.075,-1.5));
#13091=CARTESIAN_POINT('',(111.275,-35.575,-1.5));
#13092=CARTESIAN_POINT('Origin',(111.275,-35.075,-1.5));
#13093=CARTESIAN_POINT('',(111.275,-35.575,-5.));
#13094=CARTESIAN_POINT('Origin',(111.275,-35.075,-5.));
#13095=CARTESIAN_POINT('',(111.275,-35.575,-1.5));
#13096=CARTESIAN_POINT('Origin',(99.565605672708,-35.575,-1.5));
#13097=CARTESIAN_POINT('',(99.565605672708,-35.575,-1.5));
#13098=CARTESIAN_POINT('',(98.275,-35.575,-1.5));
#13099=CARTESIAN_POINT('',(99.565605672708,-35.575,-5.));
#13100=CARTESIAN_POINT('',(98.275,-35.575,-5.));
#13101=CARTESIAN_POINT('',(99.565605672708,-35.575,-1.5));
#13102=CARTESIAN_POINT('Origin',(95.250004753209,-38.0999928125875,-1.5));
#13103=CARTESIAN_POINT('',(100.250004753209,-38.099992608866,-1.5));
#13104=CARTESIAN_POINT('Origin',(95.250004753209,-38.0999928125875,-1.5));
#13105=CARTESIAN_POINT('',(100.250004753209,-38.099992608866,-5.));
#13106=CARTESIAN_POINT('Origin',(95.250004753209,-38.0999928125875,-5.));
#13107=CARTESIAN_POINT('',(100.250004753209,-38.099992608866,-1.5));
#13108=CARTESIAN_POINT('Origin',(114.300003104717,-38.0999920364085,-1.5));
#13109=CARTESIAN_POINT('',(114.300003104717,-38.0999920364085,-1.5));
#13110=CARTESIAN_POINT('',(-114.299996895283,-38.1000013505584,-1.5));
#13111=CARTESIAN_POINT('',(114.300003104717,-38.0999920364085,-5.));
#13112=CARTESIAN_POINT('',(-114.299996895283,-38.1000013505584,-5.));
#13113=CARTESIAN_POINT('',(114.300003104717,-38.0999920364085,-1.5));
#13114=CARTESIAN_POINT('Origin',(114.3,38.10000931415,-1.5));
#13115=CARTESIAN_POINT('',(114.3,38.10000931415,-1.5));
#13116=CARTESIAN_POINT('',(114.300003104717,-38.0999920364085,-1.5));
#13117=CARTESIAN_POINT('',(114.3,38.10000931415,-5.));
#13118=CARTESIAN_POINT('',(114.300003104717,-38.0999920364085,-5.));
#13119=CARTESIAN_POINT('',(114.3,38.10000931415,-1.5));
#13120=CARTESIAN_POINT('Origin',(100.249997645349,38.1000087416923,-1.5));
#13121=CARTESIAN_POINT('',(100.249997645349,38.1000087416923,-1.5));
#13122=CARTESIAN_POINT('',(-114.3,38.1,-1.5));
#13123=CARTESIAN_POINT('',(100.249997645349,38.1000087416923,-5.));
#13124=CARTESIAN_POINT('',(-114.3,38.1,-5.));
#13125=CARTESIAN_POINT('',(100.249997645349,38.1000087416923,-1.5));
#13126=CARTESIAN_POINT('Origin',(95.2499976453493,38.1000085379707,-1.5));
#13127=CARTESIAN_POINT('',(99.5655893641261,35.575,-1.5));
#13128=CARTESIAN_POINT('Origin',(95.2499976453493,38.1000085379707,-1.5));
#13129=CARTESIAN_POINT('',(99.5655893641261,35.575,-5.));
#13130=CARTESIAN_POINT('Origin',(95.2499976453493,38.1000085379707,-5.));
#13131=CARTESIAN_POINT('',(99.5655893641261,35.575,-1.5));
#13132=CARTESIAN_POINT('Origin',(111.275,35.575,-1.5));
#13133=CARTESIAN_POINT('',(111.275,35.575,-1.5));
#13134=CARTESIAN_POINT('',(98.275,35.575,-1.5));
#13135=CARTESIAN_POINT('',(111.275,35.575,-5.));
#13136=CARTESIAN_POINT('',(98.275,35.575,-5.));
#13137=CARTESIAN_POINT('',(111.275,35.575,-1.5));
#13138=CARTESIAN_POINT('Origin',(111.275,35.075,-1.5));
#13139=CARTESIAN_POINT('',(111.775,35.075,-1.5));
#13140=CARTESIAN_POINT('Origin',(111.275,35.075,-1.5));
#13141=CARTESIAN_POINT('',(111.775,35.075,-5.));
#13142=CARTESIAN_POINT('Origin',(111.275,35.075,-5.));
#13143=CARTESIAN_POINT('',(111.775,35.075,-1.5));
#13144=CARTESIAN_POINT('Origin',(111.775,22.075,-1.5));
#13145=CARTESIAN_POINT('',(111.775,22.075,-1.5));
#13146=CARTESIAN_POINT('',(111.775,35.075,-1.5));
#13147=CARTESIAN_POINT('',(111.775,22.075,-5.));
#13148=CARTESIAN_POINT('',(111.775,35.075,-5.));
#13149=CARTESIAN_POINT('',(111.775,22.075,-1.5));
#13150=CARTESIAN_POINT('Origin',(111.275,22.075,-1.5));
#13151=CARTESIAN_POINT('',(111.275,21.575,-1.5));
#13152=CARTESIAN_POINT('Origin',(111.275,22.075,-1.5));
#13153=CARTESIAN_POINT('',(111.275,21.575,-5.));
#13154=CARTESIAN_POINT('Origin',(111.275,22.075,-5.));
#13155=CARTESIAN_POINT('',(111.275,21.575,-1.5));
#13156=CARTESIAN_POINT('Origin',(98.275,21.575,-1.5));
#13157=CARTESIAN_POINT('',(98.275,21.575,-1.5));
#13158=CARTESIAN_POINT('',(98.275,21.575,-1.5));
#13159=CARTESIAN_POINT('',(98.275,21.575,-5.));
#13160=CARTESIAN_POINT('',(98.275,21.575,-5.));
#13161=CARTESIAN_POINT('',(98.275,21.575,-1.5));
#13162=CARTESIAN_POINT('Origin',(98.275,22.075,-1.5));
#13163=CARTESIAN_POINT('',(97.775,22.075,-1.5));
#13164=CARTESIAN_POINT('Origin',(98.275,22.075,-1.5));
#13165=CARTESIAN_POINT('',(97.775,22.075,-5.));
#13166=CARTESIAN_POINT('Origin',(98.275,22.075,-5.));
#13167=CARTESIAN_POINT('',(97.775,22.075,-1.5));
#13168=CARTESIAN_POINT('Origin',(97.775,33.7844132014026,-1.5));
#13169=CARTESIAN_POINT('',(97.775,33.7844132014026,-1.5));
#13170=CARTESIAN_POINT('',(97.775,35.075,-1.5));
#13171=CARTESIAN_POINT('',(97.775,33.7844132014026,-5.));
#13172=CARTESIAN_POINT('',(97.775,35.075,-5.));
#13173=CARTESIAN_POINT('',(97.775,33.7844132014026,-1.5));
#13174=CARTESIAN_POINT('Origin',(95.2499976453493,38.1000085379707,-1.5));
#13175=CARTESIAN_POINT('',(92.725,33.784410446051,-1.5));
#13176=CARTESIAN_POINT('Origin',(95.2499976453493,38.1000085379707,-1.5));
#13177=CARTESIAN_POINT('',(92.725,33.784410446051,-5.));
#13178=CARTESIAN_POINT('Origin',(95.2499976453493,38.1000085379707,-5.));
#13179=CARTESIAN_POINT('',(92.725,33.784410446051,-1.5));
#13180=CARTESIAN_POINT('Origin',(92.725,22.075,-1.5));
#13181=CARTESIAN_POINT('',(92.7250000000001,22.075,-1.5));
#13182=CARTESIAN_POINT('',(92.725,35.075,-1.5));
#13183=CARTESIAN_POINT('',(92.7250000000001,22.075,-5.));
#13184=CARTESIAN_POINT('',(92.725,35.075,-5.));
#13185=CARTESIAN_POINT('',(92.7250000000001,22.075,-1.5));
#13186=CARTESIAN_POINT('Origin',(92.225,22.075,-1.5));
#13187=CARTESIAN_POINT('',(92.225,21.575,-1.5));
#13188=CARTESIAN_POINT('Origin',(92.225,22.075,-1.5));
#13189=CARTESIAN_POINT('',(92.225,21.575,-5.));
#13190=CARTESIAN_POINT('Origin',(92.225,22.075,-5.));
#13191=CARTESIAN_POINT('',(92.225,21.575,-1.5));
#13192=CARTESIAN_POINT('Origin',(79.225,21.575,-1.5));
#13193=CARTESIAN_POINT('',(79.225,21.575,-1.5));
#13194=CARTESIAN_POINT('',(79.225,21.575,-1.5));
#13195=CARTESIAN_POINT('',(79.225,21.575,-5.));
#13196=CARTESIAN_POINT('',(79.225,21.575,-5.));
#13197=CARTESIAN_POINT('',(79.225,21.575,-1.5));
#13198=CARTESIAN_POINT('Origin',(79.225,22.075,-1.5));
#13199=CARTESIAN_POINT('',(78.725,22.075,-1.5));
#13200=CARTESIAN_POINT('Origin',(79.225,22.075,-1.5));
#13201=CARTESIAN_POINT('',(78.725,22.075,-5.));
#13202=CARTESIAN_POINT('Origin',(79.225,22.075,-5.));
#13203=CARTESIAN_POINT('',(78.725,22.075,-1.5));
#13204=CARTESIAN_POINT('Origin',(78.725,35.075,-1.5));
#13205=CARTESIAN_POINT('',(78.725,35.075,-1.5));
#13206=CARTESIAN_POINT('',(78.725,35.075,-1.5));
#13207=CARTESIAN_POINT('',(78.725,35.075,-5.));
#13208=CARTESIAN_POINT('',(78.725,35.075,-5.));
#13209=CARTESIAN_POINT('',(78.725,35.075,-1.5));
#13210=CARTESIAN_POINT('Origin',(79.225,35.075,-1.5));
#13211=CARTESIAN_POINT('',(79.225,35.575,-1.5));
#13212=CARTESIAN_POINT('Origin',(79.225,35.075,-1.5));
#13213=CARTESIAN_POINT('',(79.225,35.575,-5.));
#13214=CARTESIAN_POINT('Origin',(79.225,35.075,-5.));
#13215=CARTESIAN_POINT('',(79.225,35.575,-1.5));
#13216=CARTESIAN_POINT('Origin',(90.9344059265725,35.575,-1.5));
#13217=CARTESIAN_POINT('',(90.9344059265725,35.575,-1.5));
#13218=CARTESIAN_POINT('',(79.225,35.575,-1.5));
#13219=CARTESIAN_POINT('',(90.9344059265725,35.575,-5.));
#13220=CARTESIAN_POINT('',(79.225,35.575,-5.));
#13221=CARTESIAN_POINT('',(90.9344059265725,35.575,-1.5));
#13222=CARTESIAN_POINT('Origin',(95.2499976453493,38.1000085379707,-1.5));
#13223=CARTESIAN_POINT('',(90.2499976453493,38.1000083342491,-1.5));
#13224=CARTESIAN_POINT('Origin',(95.2499976453493,38.1000085379707,-1.5));
#13225=CARTESIAN_POINT('',(90.2499976453493,38.1000083342491,-5.));
#13226=CARTESIAN_POINT('Origin',(95.2499976453493,38.1000085379707,-5.));
#13227=CARTESIAN_POINT('',(90.2499976453493,38.1000083342491,-1.5));
#13228=CARTESIAN_POINT('Origin',(24.0500012930304,38.1000056369758,-1.5));
#13229=CARTESIAN_POINT('',(24.0500012930304,38.1000056369758,-1.5));
#13230=CARTESIAN_POINT('',(-114.3,38.1,-1.5));
#13231=CARTESIAN_POINT('',(24.0500012930304,38.1000056369758,-5.));
#13232=CARTESIAN_POINT('',(-114.3,38.1,-5.));
#13233=CARTESIAN_POINT('',(24.0500012930304,38.1000056369758,-1.5));
#13234=CARTESIAN_POINT('Origin',(19.0500012930304,38.1000054332542,-1.5));
#13235=CARTESIAN_POINT('',(23.3655948283436,35.575,-1.5));
#13236=CARTESIAN_POINT('Origin',(19.0500012930304,38.1000054332542,-1.5));
#13237=CARTESIAN_POINT('',(23.3655948283435,35.575,-5.));
#13238=CARTESIAN_POINT('Origin',(19.0500012930304,38.1000054332542,-5.));
#13239=CARTESIAN_POINT('',(23.3655948283436,35.575,-1.5));
#13240=CARTESIAN_POINT('Origin',(35.075,35.575,-1.5));
#13241=CARTESIAN_POINT('',(35.075,35.575,-1.5));
#13242=CARTESIAN_POINT('',(22.075,35.575,-1.5));
#13243=CARTESIAN_POINT('',(35.075,35.575,-5.));
#13244=CARTESIAN_POINT('',(22.075,35.575,-5.));
#13245=CARTESIAN_POINT('',(35.075,35.575,-1.5));
#13246=CARTESIAN_POINT('Origin',(35.075,35.075,-1.5));
#13247=CARTESIAN_POINT('',(35.575,35.075,-1.5));
#13248=CARTESIAN_POINT('Origin',(35.075,35.075,-1.5));
#13249=CARTESIAN_POINT('',(35.575,35.075,-5.));
#13250=CARTESIAN_POINT('Origin',(35.075,35.075,-5.));
#13251=CARTESIAN_POINT('',(35.575,35.075,-1.5));
#13252=CARTESIAN_POINT('Origin',(35.575,22.075,-1.5));
#13253=CARTESIAN_POINT('',(35.575,22.075,-1.5));
#13254=CARTESIAN_POINT('',(35.575,35.075,-1.5));
#13255=CARTESIAN_POINT('',(35.575,22.075,-5.));
#13256=CARTESIAN_POINT('',(35.575,35.075,-5.));
#13257=CARTESIAN_POINT('',(35.575,22.075,-1.5));
#13258=CARTESIAN_POINT('Origin',(35.075,22.075,-1.5));
#13259=CARTESIAN_POINT('',(35.075,21.575,-1.5));
#13260=CARTESIAN_POINT('Origin',(35.075,22.075,-1.5));
#13261=CARTESIAN_POINT('',(35.075,21.575,-5.));
#13262=CARTESIAN_POINT('Origin',(35.075,22.075,-5.));
#13263=CARTESIAN_POINT('',(35.075,21.575,-1.5));
#13264=CARTESIAN_POINT('Origin',(22.075,21.575,-1.5));
#13265=CARTESIAN_POINT('',(22.075,21.575,-1.5));
#13266=CARTESIAN_POINT('',(22.075,21.575,-1.5));
#13267=CARTESIAN_POINT('',(22.075,21.575,-5.));
#13268=CARTESIAN_POINT('',(22.075,21.575,-5.));
#13269=CARTESIAN_POINT('',(22.075,21.575,-1.5));
#13270=CARTESIAN_POINT('Origin',(22.075,22.075,-1.5));
#13271=CARTESIAN_POINT('',(21.575,22.075,-1.5));
#13272=CARTESIAN_POINT('Origin',(22.075,22.075,-1.5));
#13273=CARTESIAN_POINT('',(21.575,22.075,-5.));
#13274=CARTESIAN_POINT('Origin',(22.075,22.075,-5.));
#13275=CARTESIAN_POINT('',(21.575,22.075,-1.5));
#13276=CARTESIAN_POINT('Origin',(21.575,33.7844079624743,-1.5));
#13277=CARTESIAN_POINT('',(21.575,33.7844079624743,-1.5));
#13278=CARTESIAN_POINT('',(21.575,35.075,-1.5));
#13279=CARTESIAN_POINT('',(21.575,33.7844079624743,-5.));
#13280=CARTESIAN_POINT('',(21.575,35.075,-5.));
#13281=CARTESIAN_POINT('',(21.575,33.7844079624743,-1.5));
#13282=CARTESIAN_POINT('Origin',(19.0500012930304,38.1000054332542,-1.5));
#13283=CARTESIAN_POINT('',(16.525,33.7844094755451,-1.5));
#13284=CARTESIAN_POINT('Origin',(19.0500012930304,38.1000054332542,-1.5));
#13285=CARTESIAN_POINT('',(16.525,33.7844094755451,-5.));
#13286=CARTESIAN_POINT('Origin',(19.0500012930304,38.1000054332542,-5.));
#13287=CARTESIAN_POINT('',(16.525,33.7844094755451,-1.5));
#13288=CARTESIAN_POINT('Origin',(16.525,22.075,-1.5));
#13289=CARTESIAN_POINT('',(16.525,22.075,-1.5));
#13290=CARTESIAN_POINT('',(16.525,35.075,-1.5));
#13291=CARTESIAN_POINT('',(16.525,22.075,-5.));
#13292=CARTESIAN_POINT('',(16.525,35.075,-5.));
#13293=CARTESIAN_POINT('',(16.525,22.075,-1.5));
#13294=CARTESIAN_POINT('Origin',(16.025,22.075,-1.5));
#13295=CARTESIAN_POINT('',(16.025,21.575,-1.5));
#13296=CARTESIAN_POINT('Origin',(16.025,22.075,-1.5));
#13297=CARTESIAN_POINT('',(16.025,21.575,-5.));
#13298=CARTESIAN_POINT('Origin',(16.025,22.075,-5.));
#13299=CARTESIAN_POINT('',(16.025,21.575,-1.5));
#13300=CARTESIAN_POINT('Origin',(3.02500000000002,21.575,-1.5));
#13301=CARTESIAN_POINT('',(3.02500000000002,21.575,-1.5));
#13302=CARTESIAN_POINT('',(3.02500000000002,21.575,-1.5));
#13303=CARTESIAN_POINT('',(3.02500000000002,21.575,-5.));
#13304=CARTESIAN_POINT('',(3.02500000000002,21.575,-5.));
#13305=CARTESIAN_POINT('',(3.02500000000002,21.575,-1.5));
#13306=CARTESIAN_POINT('Origin',(3.02500000000002,22.075,-1.5));
#13307=CARTESIAN_POINT('',(2.52500000000001,22.075,-1.5));
#13308=CARTESIAN_POINT('Origin',(3.02500000000002,22.075,-1.5));
#13309=CARTESIAN_POINT('',(2.52500000000001,22.075,-5.));
#13310=CARTESIAN_POINT('Origin',(3.02500000000002,22.075,-5.));
#13311=CARTESIAN_POINT('',(2.52500000000001,22.075,-1.5));
#13312=CARTESIAN_POINT('Origin',(2.52500000000001,35.075,-1.5));
#13313=CARTESIAN_POINT('',(2.52500000000002,35.075,-1.5));
#13314=CARTESIAN_POINT('',(2.52500000000001,35.075,-1.5));
#13315=CARTESIAN_POINT('',(2.52500000000001,35.075,-5.));
#13316=CARTESIAN_POINT('',(2.52500000000001,35.075,-5.));
#13317=CARTESIAN_POINT('',(2.52500000000002,35.075,-1.5));
#13318=CARTESIAN_POINT('Origin',(3.02500000000002,35.075,-1.5));
#13319=CARTESIAN_POINT('',(3.02500000000002,35.575,-1.5));
#13320=CARTESIAN_POINT('Origin',(3.02500000000002,35.075,-1.5));
#13321=CARTESIAN_POINT('',(3.02500000000002,35.575,-5.));
#13322=CARTESIAN_POINT('Origin',(3.02500000000002,35.075,-5.));
#13323=CARTESIAN_POINT('',(3.02500000000002,35.575,-1.5));
#13324=CARTESIAN_POINT('Origin',(14.7344077577172,35.575,-1.5));
#13325=CARTESIAN_POINT('',(14.7344077577172,35.575,-1.5));
#13326=CARTESIAN_POINT('',(3.02500000000002,35.575,-1.5));
#13327=CARTESIAN_POINT('',(14.7344077577172,35.575,-5.));
#13328=CARTESIAN_POINT('',(3.02500000000002,35.575,-5.));
#13329=CARTESIAN_POINT('',(14.7344077577172,35.575,-1.5));
#13330=CARTESIAN_POINT('Origin',(19.0500012930304,38.1000054332542,-1.5));
#13331=CARTESIAN_POINT('',(14.0500012930304,38.1000052295326,-1.5));
#13332=CARTESIAN_POINT('Origin',(19.0500012930304,38.1000054332542,-1.5));
#13333=CARTESIAN_POINT('',(14.0500012930304,38.1000052295326,-5.));
#13334=CARTESIAN_POINT('Origin',(19.0500012930304,38.1000054332542,-5.));
#13335=CARTESIAN_POINT('',(14.0500012930304,38.1000052295326,-1.5));
#13336=CARTESIAN_POINT('Origin',(-14.0500012687997,38.1000040846173,-1.5));
#13337=CARTESIAN_POINT('',(-14.0500012687997,38.1000040846173,-1.5));
#13338=CARTESIAN_POINT('',(-114.3,38.1,-1.5));
#13339=CARTESIAN_POINT('',(-14.0500012687997,38.1000040846173,-5.));
#13340=CARTESIAN_POINT('',(-114.3,38.1,-5.));
#13341=CARTESIAN_POINT('',(-14.0500012687997,38.1000040846173,-1.5));
#13342=CARTESIAN_POINT('Origin',(-19.0500012687997,38.1000038808958,-1.5));
#13343=CARTESIAN_POINT('',(-14.7344068252193,35.575,-1.5));
#13344=CARTESIAN_POINT('Origin',(-19.0500012687997,38.1000038808958,-1.5));
#13345=CARTESIAN_POINT('',(-14.7344068252193,35.575,-5.));
#13346=CARTESIAN_POINT('Origin',(-19.0500012687997,38.1000038808958,-5.));
#13347=CARTESIAN_POINT('',(-14.7344068252193,35.575,-1.5));
#13348=CARTESIAN_POINT('Origin',(-3.02499999999998,35.575,-1.5));
#13349=CARTESIAN_POINT('',(-3.02499999999998,35.575,-1.5));
#13350=CARTESIAN_POINT('',(-16.025,35.575,-1.5));
#13351=CARTESIAN_POINT('',(-3.02499999999998,35.575,-5.));
#13352=CARTESIAN_POINT('',(-16.025,35.575,-5.));
#13353=CARTESIAN_POINT('',(-3.02499999999998,35.575,-1.5));
#13354=CARTESIAN_POINT('Origin',(-3.02499999999998,35.075,-1.5));
#13355=CARTESIAN_POINT('',(-2.52499999999998,35.075,-1.5));
#13356=CARTESIAN_POINT('Origin',(-3.02499999999998,35.075,-1.5));
#13357=CARTESIAN_POINT('',(-2.52499999999998,35.075,-5.));
#13358=CARTESIAN_POINT('Origin',(-3.02499999999998,35.075,-5.));
#13359=CARTESIAN_POINT('',(-2.52499999999998,35.075,-1.5));
#13360=CARTESIAN_POINT('Origin',(-2.52499999999998,22.075,-1.5));
#13361=CARTESIAN_POINT('',(-2.52499999999999,22.075,-1.5));
#13362=CARTESIAN_POINT('',(-2.52499999999998,35.075,-1.5));
#13363=CARTESIAN_POINT('',(-2.52499999999998,22.075,-5.));
#13364=CARTESIAN_POINT('',(-2.52499999999998,35.075,-5.));
#13365=CARTESIAN_POINT('',(-2.52499999999999,22.075,-1.5));
#13366=CARTESIAN_POINT('Origin',(-3.02499999999998,22.075,-1.5));
#13367=CARTESIAN_POINT('',(-3.02499999999998,21.575,-1.5));
#13368=CARTESIAN_POINT('Origin',(-3.02499999999998,22.075,-1.5));
#13369=CARTESIAN_POINT('',(-3.02499999999998,21.575,-5.));
#13370=CARTESIAN_POINT('Origin',(-3.02499999999998,22.075,-5.));
#13371=CARTESIAN_POINT('',(-3.02499999999998,21.575,-1.5));
#13372=CARTESIAN_POINT('Origin',(-16.025,21.575,-1.5));
#13373=CARTESIAN_POINT('',(-16.025,21.575,-1.5));
#13374=CARTESIAN_POINT('',(-16.025,21.575,-1.5));
#13375=CARTESIAN_POINT('',(-16.025,21.575,-5.));
#13376=CARTESIAN_POINT('',(-16.025,21.575,-5.));
#13377=CARTESIAN_POINT('',(-16.025,21.575,-1.5));
#13378=CARTESIAN_POINT('Origin',(-16.025,22.075,-1.5));
#13379=CARTESIAN_POINT('',(-16.525,22.075,-1.5));
#13380=CARTESIAN_POINT('Origin',(-16.025,22.075,-1.5));
#13381=CARTESIAN_POINT('',(-16.525,22.075,-5.));
#13382=CARTESIAN_POINT('Origin',(-16.025,22.075,-5.));
#13383=CARTESIAN_POINT('',(-16.525,22.075,-1.5));
#13384=CARTESIAN_POINT('Origin',(-16.525,33.7844079090096,-1.5));
#13385=CARTESIAN_POINT('',(-16.525,33.7844079090096,-1.5));
#13386=CARTESIAN_POINT('',(-16.525,35.075,-1.5));
#13387=CARTESIAN_POINT('',(-16.525,33.7844079090096,-5.));
#13388=CARTESIAN_POINT('',(-16.525,35.075,-5.));
#13389=CARTESIAN_POINT('',(-16.525,33.7844079090096,-1.5));
#13390=CARTESIAN_POINT('Origin',(-19.0500012687997,38.1000038808958,-1.5));
#13391=CARTESIAN_POINT('',(-21.575,33.784406424293,-1.5));
#13392=CARTESIAN_POINT('Origin',(-19.0500012687997,38.1000038808958,-1.5));
#13393=CARTESIAN_POINT('',(-21.575,33.784406424293,-5.));
#13394=CARTESIAN_POINT('Origin',(-19.0500012687997,38.1000038808958,-5.));
#13395=CARTESIAN_POINT('',(-21.575,33.784406424293,-1.5));
#13396=CARTESIAN_POINT('Origin',(-21.575,22.075,-1.5));
#13397=CARTESIAN_POINT('',(-21.575,22.075,-1.5));
#13398=CARTESIAN_POINT('',(-21.575,35.075,-1.5));
#13399=CARTESIAN_POINT('',(-21.575,22.075,-5.));
#13400=CARTESIAN_POINT('',(-21.575,35.075,-5.));
#13401=CARTESIAN_POINT('',(-21.575,22.075,-1.5));
#13402=CARTESIAN_POINT('Origin',(-22.075,22.075,-1.5));
#13403=CARTESIAN_POINT('',(-22.075,21.575,-1.5));
#13404=CARTESIAN_POINT('Origin',(-22.075,22.075,-1.5));
#13405=CARTESIAN_POINT('',(-22.075,21.575,-5.));
#13406=CARTESIAN_POINT('Origin',(-22.075,22.075,-5.));
#13407=CARTESIAN_POINT('',(-22.075,21.575,-1.5));
#13408=CARTESIAN_POINT('Origin',(-35.075,21.575,-1.5));
#13409=CARTESIAN_POINT('',(-35.075,21.575,-1.5));
#13410=CARTESIAN_POINT('',(-35.075,21.575,-1.5));
#13411=CARTESIAN_POINT('',(-35.075,21.575,-5.));
#13412=CARTESIAN_POINT('',(-35.075,21.575,-5.));
#13413=CARTESIAN_POINT('',(-35.075,21.575,-1.5));
#13414=CARTESIAN_POINT('Origin',(-35.075,22.075,-1.5));
#13415=CARTESIAN_POINT('',(-35.575,22.075,-1.5));
#13416=CARTESIAN_POINT('Origin',(-35.075,22.075,-1.5));
#13417=CARTESIAN_POINT('',(-35.575,22.075,-5.));
#13418=CARTESIAN_POINT('Origin',(-35.075,22.075,-5.));
#13419=CARTESIAN_POINT('',(-35.575,22.075,-1.5));
#13420=CARTESIAN_POINT('Origin',(-35.575,35.075,-1.5));
#13421=CARTESIAN_POINT('',(-35.575,35.075,-1.5));
#13422=CARTESIAN_POINT('',(-35.575,35.075,-1.5));
#13423=CARTESIAN_POINT('',(-35.575,35.075,-5.));
#13424=CARTESIAN_POINT('',(-35.575,35.075,-5.));
#13425=CARTESIAN_POINT('',(-35.575,35.075,-1.5));
#13426=CARTESIAN_POINT('Origin',(-35.075,35.075,-1.5));
#13427=CARTESIAN_POINT('',(-35.075,35.575,-1.5));
#13428=CARTESIAN_POINT('Origin',(-35.075,35.075,-1.5));
#13429=CARTESIAN_POINT('',(-35.075,35.575,-5.));
#13430=CARTESIAN_POINT('Origin',(-35.075,35.075,-5.));
#13431=CARTESIAN_POINT('',(-35.075,35.575,-1.5));
#13432=CARTESIAN_POINT('Origin',(-23.36559571238,35.575,-1.5));
#13433=CARTESIAN_POINT('',(-23.36559571238,35.575,-1.5));
#13434=CARTESIAN_POINT('',(-35.075,35.575,-1.5));
#13435=CARTESIAN_POINT('',(-23.36559571238,35.575,-5.));
#13436=CARTESIAN_POINT('',(-35.075,35.575,-5.));
#13437=CARTESIAN_POINT('',(-23.36559571238,35.575,-1.5));
#13438=CARTESIAN_POINT('Origin',(-19.0500012687997,38.1000038808958,-1.5));
#13439=CARTESIAN_POINT('',(-24.0500012687997,38.1000036771742,-1.5));
#13440=CARTESIAN_POINT('Origin',(-19.0500012687997,38.1000038808958,-1.5));
#13441=CARTESIAN_POINT('',(-24.0500012687997,38.1000036771742,-5.));
#13442=CARTESIAN_POINT('Origin',(-19.0500012687997,38.1000038808958,-5.));
#13443=CARTESIAN_POINT('',(-24.0500012687997,38.1000036771742,-1.5));
#13444=CARTESIAN_POINT('Origin',(-90.2500047135828,38.1000009799005,-1.5));
#13445=CARTESIAN_POINT('',(-90.2500047135828,38.1000009799005,-1.5));
#13446=CARTESIAN_POINT('',(-114.3,38.1,-1.5));
#13447=CARTESIAN_POINT('',(-90.2500047135828,38.1000009799005,-5.));
#13448=CARTESIAN_POINT('',(-114.3,38.1,-5.));
#13449=CARTESIAN_POINT('',(-90.2500047135828,38.1000009799005,-1.5));
#13450=CARTESIAN_POINT('Origin',(-95.2500047135828,38.100000776179,-1.5));
#13451=CARTESIAN_POINT('',(-90.9344084534705,35.575,-1.5));
#13452=CARTESIAN_POINT('Origin',(-95.2500047135828,38.100000776179,-1.5));
#13453=CARTESIAN_POINT('',(-90.9344084534705,35.575,-5.));
#13454=CARTESIAN_POINT('Origin',(-95.2500047135828,38.100000776179,-5.));
#13455=CARTESIAN_POINT('',(-90.9344084534705,35.575,-1.5));
#13456=CARTESIAN_POINT('Origin',(-79.225,35.575,-1.5));
#13457=CARTESIAN_POINT('',(-79.225,35.575,-1.5));
#13458=CARTESIAN_POINT('',(-92.225,35.575,-1.5));
#13459=CARTESIAN_POINT('',(-79.225,35.575,-5.));
#13460=CARTESIAN_POINT('',(-92.225,35.575,-5.));
#13461=CARTESIAN_POINT('',(-79.225,35.575,-1.5));
#13462=CARTESIAN_POINT('Origin',(-79.225,35.075,-1.5));
#13463=CARTESIAN_POINT('',(-78.725,35.075,-1.5));
#13464=CARTESIAN_POINT('Origin',(-79.225,35.075,-1.5));
#13465=CARTESIAN_POINT('',(-78.725,35.075,-5.));
#13466=CARTESIAN_POINT('Origin',(-79.225,35.075,-5.));
#13467=CARTESIAN_POINT('',(-78.725,35.075,-1.5));
#13468=CARTESIAN_POINT('Origin',(-78.725,22.075,-1.5));
#13469=CARTESIAN_POINT('',(-78.725,22.075,-1.5));
#13470=CARTESIAN_POINT('',(-78.725,35.075,-1.5));
#13471=CARTESIAN_POINT('',(-78.725,22.075,-5.));
#13472=CARTESIAN_POINT('',(-78.725,35.075,-5.));
#13473=CARTESIAN_POINT('',(-78.725,22.075,-1.5));
#13474=CARTESIAN_POINT('Origin',(-79.225,22.075,-1.5));
#13475=CARTESIAN_POINT('',(-79.225,21.575,-1.5));
#13476=CARTESIAN_POINT('Origin',(-79.225,22.075,-1.5));
#13477=CARTESIAN_POINT('',(-79.225,21.575,-5.));
#13478=CARTESIAN_POINT('Origin',(-79.225,22.075,-5.));
#13479=CARTESIAN_POINT('',(-79.225,21.575,-1.5));
#13480=CARTESIAN_POINT('Origin',(-92.225,21.575,-1.5));
#13481=CARTESIAN_POINT('',(-92.225,21.575,-1.5));
#13482=CARTESIAN_POINT('',(-92.225,21.575,-1.5));
#13483=CARTESIAN_POINT('',(-92.225,21.575,-5.));
#13484=CARTESIAN_POINT('',(-92.225,21.575,-5.));
#13485=CARTESIAN_POINT('',(-92.225,21.575,-1.5));
#13486=CARTESIAN_POINT('Origin',(-92.225,22.075,-1.5));
#13487=CARTESIAN_POINT('',(-92.725,22.075,-1.5));
#13488=CARTESIAN_POINT('Origin',(-92.225,22.075,-1.5));
#13489=CARTESIAN_POINT('',(-92.725,22.075,-5.));
#13490=CARTESIAN_POINT('Origin',(-92.225,22.075,-5.));
#13491=CARTESIAN_POINT('',(-92.725,22.075,-1.5));
#13492=CARTESIAN_POINT('Origin',(-92.725,33.7844068197942,-1.5));
#13493=CARTESIAN_POINT('',(-92.725,33.7844068197942,-1.5));
#13494=CARTESIAN_POINT('',(-92.725,35.075,-1.5));
#13495=CARTESIAN_POINT('',(-92.725,33.7844068197942,-5.));
#13496=CARTESIAN_POINT('',(-92.725,35.075,-5.));
#13497=CARTESIAN_POINT('',(-92.725,33.7844068197942,-1.5));
#13498=CARTESIAN_POINT('Origin',(-95.2500047135828,38.100000776179,-1.5));
#13499=CARTESIAN_POINT('',(-97.775,33.7844013040812,-1.5));
#13500=CARTESIAN_POINT('Origin',(-95.2500047135828,38.100000776179,-1.5));
#13501=CARTESIAN_POINT('',(-97.775,33.7844013040812,-5.));
#13502=CARTESIAN_POINT('Origin',(-95.2500047135828,38.100000776179,-5.));
#13503=CARTESIAN_POINT('',(-97.775,33.7844013040812,-1.5));
#13504=CARTESIAN_POINT('Origin',(-97.775,22.075,-1.5));
#13505=CARTESIAN_POINT('',(-97.775,22.075,-1.5));
#13506=CARTESIAN_POINT('',(-97.775,35.075,-1.5));
#13507=CARTESIAN_POINT('',(-97.775,22.075,-5.));
#13508=CARTESIAN_POINT('',(-97.775,35.075,-5.));
#13509=CARTESIAN_POINT('',(-97.775,22.075,-1.5));
#13510=CARTESIAN_POINT('Origin',(-98.275,22.075,-1.5));
#13511=CARTESIAN_POINT('',(-98.275,21.575,-1.5));
#13512=CARTESIAN_POINT('Origin',(-98.275,22.075,-1.5));
#13513=CARTESIAN_POINT('',(-98.275,21.575,-5.));
#13514=CARTESIAN_POINT('Origin',(-98.275,22.075,-5.));
#13515=CARTESIAN_POINT('',(-98.275,21.575,-1.5));
#13516=CARTESIAN_POINT('Origin',(-111.275,21.575,-1.5));
#13517=CARTESIAN_POINT('',(-111.275,21.575,-1.5));
#13518=CARTESIAN_POINT('',(-111.275,21.575,-1.5));
#13519=CARTESIAN_POINT('',(-111.275,21.575,-5.));
#13520=CARTESIAN_POINT('',(-111.275,21.575,-5.));
#13521=CARTESIAN_POINT('',(-111.275,21.575,-1.5));
#13522=CARTESIAN_POINT('Origin',(-111.275,22.075,-1.5));
#13523=CARTESIAN_POINT('',(-111.775,22.075,-1.5));
#13524=CARTESIAN_POINT('Origin',(-111.275,22.075,-1.5));
#13525=CARTESIAN_POINT('',(-111.775,22.075,-5.));
#13526=CARTESIAN_POINT('Origin',(-111.275,22.075,-5.));
#13527=CARTESIAN_POINT('',(-111.775,22.075,-1.5));
#13528=CARTESIAN_POINT('Origin',(-111.775,35.075,-1.5));
#13529=CARTESIAN_POINT('',(-111.775,35.075,-1.5));
#13530=CARTESIAN_POINT('',(-111.775,35.075,-1.5));
#13531=CARTESIAN_POINT('',(-111.775,35.075,-5.));
#13532=CARTESIAN_POINT('',(-111.775,35.075,-5.));
#13533=CARTESIAN_POINT('',(-111.775,35.075,-1.5));
#13534=CARTESIAN_POINT('Origin',(-111.275,35.075,-1.5));
#13535=CARTESIAN_POINT('',(-111.275,35.575,-1.5));
#13536=CARTESIAN_POINT('Origin',(-111.275,35.075,-1.5));
#13537=CARTESIAN_POINT('',(-111.275,35.575,-5.));
#13538=CARTESIAN_POINT('Origin',(-111.275,35.075,-5.));
#13539=CARTESIAN_POINT('',(-111.275,35.575,-1.5));
#13540=CARTESIAN_POINT('Origin',(-99.5656009736952,35.575,-1.5));
#13541=CARTESIAN_POINT('',(-99.5656009736952,35.575,-1.5));
#13542=CARTESIAN_POINT('',(-111.275,35.575,-1.5));
#13543=CARTESIAN_POINT('',(-99.5656009736952,35.575,-5.));
#13544=CARTESIAN_POINT('',(-111.275,35.575,-5.));
#13545=CARTESIAN_POINT('',(-99.5656009736952,35.575,-1.5));
#13546=CARTESIAN_POINT('Origin',(-95.2500047135828,38.100000776179,-1.5));
#13547=CARTESIAN_POINT('',(-100.250004713583,38.1000005724574,-1.5));
#13548=CARTESIAN_POINT('Origin',(-95.2500047135828,38.100000776179,-1.5));
#13549=CARTESIAN_POINT('',(-100.250004713583,38.1000005724574,-5.));
#13550=CARTESIAN_POINT('Origin',(-95.2500047135828,38.100000776179,-5.));
#13551=CARTESIAN_POINT('',(-100.250004713583,38.1000005724574,-1.5));
#13552=CARTESIAN_POINT('Origin',(-114.3,38.1,-1.5));
#13553=CARTESIAN_POINT('',(-114.3,38.1,-1.5));
#13554=CARTESIAN_POINT('',(-114.3,38.1,-1.5));
#13555=CARTESIAN_POINT('',(-114.3,38.1,-5.));
#13556=CARTESIAN_POINT('',(-114.3,38.1,-5.));
#13557=CARTESIAN_POINT('',(-114.3,38.1,-1.5));
#13558=CARTESIAN_POINT('Origin',(-114.299996895283,-38.1000013505584,-1.5));
#13559=CARTESIAN_POINT('',(-114.299996895283,-38.1000013505584,-1.5));
#13560=CARTESIAN_POINT('',(-114.299996895283,-38.1000013505584,-1.5));
#13561=CARTESIAN_POINT('',(-114.299996895283,-38.1000013505584,-5.));
#13562=CARTESIAN_POINT('',(-114.299996895283,-38.1000013505584,-5.));
#13563=CARTESIAN_POINT('',(-114.299996895283,-38.1000013505584,-1.5));
#13564=CARTESIAN_POINT('Origin',(-97.86875,-38.1000006810785,-1.5));
#13565=CARTESIAN_POINT('',(-114.299996895283,-38.1000013505584,-1.5));
#13566=CARTESIAN_POINT('',(-114.299996895283,-38.1000013505584,-5.));
#13567=CARTESIAN_POINT('Origin',(1.55235841958756E-6,3.98179577754121E-6,
-1.5));
#13568=CARTESIAN_POINT('Origin',(1.55235841958756E-6,3.98179577754121E-6,
-5.));
#13569=UNCERTAINTY_MEASURE_WITH_UNIT(LENGTH_MEASURE(0.01),#13573,
'DISTANCE_ACCURACY_VALUE',
'Maximum model space distance between geometric entities at asserted c
onnectivities');
#13570=UNCERTAINTY_MEASURE_WITH_UNIT(LENGTH_MEASURE(0.01),#13573,
'DISTANCE_ACCURACY_VALUE',
'Maximum model space distance between geometric entities at asserted c
onnectivities');
#13571=(
GEOMETRIC_REPRESENTATION_CONTEXT(3)
GLOBAL_UNCERTAINTY_ASSIGNED_CONTEXT((#13569))
GLOBAL_UNIT_ASSIGNED_CONTEXT((#13573,#13574,#13575))
REPRESENTATION_CONTEXT('','3D')
);
#13572=(
GEOMETRIC_REPRESENTATION_CONTEXT(3)
GLOBAL_UNCERTAINTY_ASSIGNED_CONTEXT((#13570))
GLOBAL_UNIT_ASSIGNED_CONTEXT((#13573,#13574,#13575))
REPRESENTATION_CONTEXT('','3D')
);
#13573=(
LENGTH_UNIT()
NAMED_UNIT(*)
SI_UNIT(.MILLI.,.METRE.)
);
#13574=(
NAMED_UNIT(*)
PLANE_ANGLE_UNIT()
SI_UNIT($,.RADIAN.)
);
#13575=(
NAMED_UNIT(*)
SI_UNIT($,.STERADIAN.)
SOLID_ANGLE_UNIT()
);
#13576=SHAPE_DEFINITION_REPRESENTATION(#13577,#13578);
#13577=PRODUCT_DEFINITION_SHAPE('',$,#13580);
#13578=SHAPE_REPRESENTATION('',(#8049),#13571);
#13579=PRODUCT_DEFINITION_CONTEXT('part definition',#13584,'design');
#13580=PRODUCT_DEFINITION('2026-01-08-20-00-24-959','sr42-keyboard',#13581,
#13579);
#13581=PRODUCT_DEFINITION_FORMATION('',$,#13586);
#13582=PRODUCT_RELATED_PRODUCT_CATEGORY('sr42-keyboard','sr42-keyboard',
(#13586));
#13583=APPLICATION_PROTOCOL_DEFINITION('international standard',
'automotive_design',2009,#13584);
#13584=APPLICATION_CONTEXT(
'Core Data for Automotive Mechanical Design Process');
#13585=PRODUCT_CONTEXT('part definition',#13584,'mechanical');
#13586=PRODUCT('2026-01-08-20-00-24-959','sr42-keyboard',$,(#13585));
#13587=PRESENTATION_STYLE_ASSIGNMENT((#13592));
#13588=PRESENTATION_STYLE_ASSIGNMENT((#13593));
#13589=PRESENTATION_STYLE_ASSIGNMENT((#13594));
#13590=PRESENTATION_STYLE_ASSIGNMENT((#13595));
#13591=PRESENTATION_STYLE_ASSIGNMENT((#13596));
#13592=SURFACE_STYLE_USAGE(.BOTH.,#13597);
#13593=SURFACE_STYLE_USAGE(.BOTH.,#13598);
#13594=SURFACE_STYLE_USAGE(.BOTH.,#13599);
#13595=SURFACE_STYLE_USAGE(.BOTH.,#13600);
#13596=SURFACE_STYLE_USAGE(.BOTH.,#13601);
#13597=SURFACE_SIDE_STYLE('',(#13602));
#13598=SURFACE_SIDE_STYLE('',(#13603));
#13599=SURFACE_SIDE_STYLE('',(#13604));
#13600=SURFACE_SIDE_STYLE('',(#13605));
#13601=SURFACE_SIDE_STYLE('',(#13606));
#13602=SURFACE_STYLE_FILL_AREA(#13607);
#13603=SURFACE_STYLE_FILL_AREA(#13608);
#13604=SURFACE_STYLE_FILL_AREA(#13609);
#13605=SURFACE_STYLE_FILL_AREA(#13610);
#13606=SURFACE_STYLE_FILL_AREA(#13611);
#13607=FILL_AREA_STYLE('Steel - Satin',(#13612));
#13608=FILL_AREA_STYLE('Aluminum - Anodized Glossy (Blue)',(#13613));
#13609=FILL_AREA_STYLE('Aluminum - Satin',(#13614));
#13610=FILL_AREA_STYLE('Polyurethane',(#13615));
#13611=FILL_AREA_STYLE('Copper - Polished',(#13616));
#13612=FILL_AREA_STYLE_COLOUR('Steel - Satin',#13617);
#13613=FILL_AREA_STYLE_COLOUR('Aluminum - Anodized Glossy (Blue)',#13618);
#13614=FILL_AREA_STYLE_COLOUR('Aluminum - Satin',#13619);
#13615=FILL_AREA_STYLE_COLOUR('Polyurethane',#13620);
#13616=FILL_AREA_STYLE_COLOUR('Copper - Polished',#13621);
#13617=COLOUR_RGB('Steel - Satin',0.627450980392157,0.627450980392157,0.627450980392157);
#13618=COLOUR_RGB('Aluminum - Anodized Glossy (Blue)',0.349019607843137,
0.584313725490196,0.854901960784314);
#13619=COLOUR_RGB('Aluminum - Satin',0.96078431372549,0.96078431372549,
0.964705882352941);
#13620=COLOUR_RGB('Polyurethane',0.,0.,0.);
#13621=COLOUR_RGB('Copper - Polished',0.929411764705882,0.807843137254902,
0.764705882352941);
ENDSEC;
END-ISO-10303-21;
