ISO-10303-21;
HEADER;
/* Generated by software containing ST-Developer
 * from STEP Tools, Inc. (www.steptools.com) 
 */

FILE_DESCRIPTION(
/* description */ (''),
/* implementation_level */ '2;1');

FILE_NAME(
/* name */ 'b8e10407-8c9e-49de-a739-17250c80e29b.step',
/* time_stamp */ '2026-01-14T02:25:49Z',
/* author */ (''),
/* organization */ (''),
/* preprocessor_version */ 'ST-DEVELOPER v20.1',
/* originating_system */ 'Autodesk Translation Framework v14.21.0.0',
/* authorisation */ '');

FILE_SCHEMA (('AUTOMOTIVE_DESIGN { 1 0 10303 214 3 1 1 }'));
ENDSEC;

DATA;
#10=MECHANICAL_DESIGN_GEOMETRIC_PRESENTATION_REPRESENTATION('',(#13),#16411);
#11=SHAPE_REPRESENTATION_RELATIONSHIP('SRR','None',#16417,#12);
#12=ADVANCED_BREP_SHAPE_REPRESENTATION('',(#14),#16410);
#13=STYLED_ITEM('',(#16428),#14);
#14=MANIFOLD_SOLID_BREP('Plate',#9648);
#15=CYLINDRICAL_SURFACE('',#9913,1.09999999999999);
#16=CYLINDRICAL_SURFACE('',#9917,1.09999999999999);
#17=CYLINDRICAL_SURFACE('',#9921,1.1);
#18=CYLINDRICAL_SURFACE('',#9925,1.10000000000001);
#19=CYLINDRICAL_SURFACE('',#9929,1.09999999999999);
#20=CYLINDRICAL_SURFACE('',#9931,0.5);
#21=CYLINDRICAL_SURFACE('',#9934,0.5);
#22=CYLINDRICAL_SURFACE('',#10191,0.5);
#23=CYLINDRICAL_SURFACE('',#10193,0.5);
#24=CYLINDRICAL_SURFACE('',#10195,0.5);
#25=CYLINDRICAL_SURFACE('',#10196,5.);
#26=CYLINDRICAL_SURFACE('',#10197,0.5);
#27=CYLINDRICAL_SURFACE('',#10198,0.5);
#28=CYLINDRICAL_SURFACE('',#10200,0.5);
#29=CYLINDRICAL_SURFACE('',#10202,0.5);
#30=CYLINDRICAL_SURFACE('',#10204,0.5);
#31=CYLINDRICAL_SURFACE('',#10206,0.5);
#32=CYLINDRICAL_SURFACE('',#10208,0.5);
#33=CYLINDRICAL_SURFACE('',#10210,0.5);
#34=CYLINDRICAL_SURFACE('',#10211,5.);
#35=CYLINDRICAL_SURFACE('',#10212,0.5);
#36=CYLINDRICAL_SURFACE('',#10213,0.5);
#37=CYLINDRICAL_SURFACE('',#10215,0.5);
#38=CYLINDRICAL_SURFACE('',#10217,0.5);
#39=CYLINDRICAL_SURFACE('',#10219,0.5);
#40=CYLINDRICAL_SURFACE('',#10221,0.5);
#41=CYLINDRICAL_SURFACE('',#10223,0.5);
#42=CYLINDRICAL_SURFACE('',#10225,0.5);
#43=CYLINDRICAL_SURFACE('',#10227,0.5);
#44=CYLINDRICAL_SURFACE('',#10229,0.5);
#45=CYLINDRICAL_SURFACE('',#10231,0.5);
#46=CYLINDRICAL_SURFACE('',#10233,0.5);
#47=CYLINDRICAL_SURFACE('',#10235,0.5);
#48=CYLINDRICAL_SURFACE('',#10237,0.5);
#49=CYLINDRICAL_SURFACE('',#10239,0.5);
#50=CYLINDRICAL_SURFACE('',#10241,0.5);
#51=CYLINDRICAL_SURFACE('',#10243,0.5);
#52=CYLINDRICAL_SURFACE('',#10245,0.5);
#53=CYLINDRICAL_SURFACE('',#10246,5.);
#54=CYLINDRICAL_SURFACE('',#10247,0.5);
#55=CYLINDRICAL_SURFACE('',#10248,0.5);
#56=CYLINDRICAL_SURFACE('',#10249,5.);
#57=CYLINDRICAL_SURFACE('',#10250,0.5);
#58=CYLINDRICAL_SURFACE('',#10251,0.5);
#59=CYLINDRICAL_SURFACE('',#10252,5.);
#60=CYLINDRICAL_SURFACE('',#10253,0.5);
#61=CYLINDRICAL_SURFACE('',#10255,0.5);
#62=CYLINDRICAL_SURFACE('',#10257,0.5);
#63=CYLINDRICAL_SURFACE('',#10258,0.5);
#64=CYLINDRICAL_SURFACE('',#10260,0.5);
#65=CYLINDRICAL_SURFACE('',#10261,0.5);
#66=CYLINDRICAL_SURFACE('',#10263,0.5);
#67=CYLINDRICAL_SURFACE('',#10264,0.5);
#68=CYLINDRICAL_SURFACE('',#10265,0.5);
#69=CYLINDRICAL_SURFACE('',#10268,0.5);
#70=CYLINDRICAL_SURFACE('',#10269,2.5);
#71=CYLINDRICAL_SURFACE('',#10270,2.5);
#72=CYLINDRICAL_SURFACE('',#10272,2.5);
#73=CYLINDRICAL_SURFACE('',#10273,2.5);
#74=CYLINDRICAL_SURFACE('',#10274,2.5);
#75=CYLINDRICAL_SURFACE('',#10276,2.5);
#76=CYLINDRICAL_SURFACE('',#10277,2.5);
#77=CYLINDRICAL_SURFACE('',#10278,2.5);
#78=CYLINDRICAL_SURFACE('',#10279,2.5);
#79=CYLINDRICAL_SURFACE('',#10280,2.5);
#80=CYLINDRICAL_SURFACE('',#10282,2.5);
#81=CYLINDRICAL_SURFACE('',#10284,2.5);
#82=CYLINDRICAL_SURFACE('',#10285,2.5);
#83=CYLINDRICAL_SURFACE('',#10287,0.500000000000007);
#84=CYLINDRICAL_SURFACE('',#10289,0.499999999999998);
#85=CYLINDRICAL_SURFACE('',#10291,0.500000000000007);
#86=CYLINDRICAL_SURFACE('',#10293,0.499999999999998);
#87=CYLINDRICAL_SURFACE('',#10295,0.500000000000007);
#88=CYLINDRICAL_SURFACE('',#10297,0.500000000000003);
#89=CYLINDRICAL_SURFACE('',#10299,0.500000000000007);
#90=CYLINDRICAL_SURFACE('',#10301,0.499999999999998);
#91=CYLINDRICAL_SURFACE('',#10303,0.499999999999998);
#92=CYLINDRICAL_SURFACE('',#10305,0.500000000000007);
#93=CYLINDRICAL_SURFACE('',#10307,0.499999999999998);
#94=CYLINDRICAL_SURFACE('',#10309,0.500000000000007);
#95=CYLINDRICAL_SURFACE('',#10310,1.5);
#96=CYLINDRICAL_SURFACE('',#10312,0.500000000000007);
#97=CYLINDRICAL_SURFACE('',#10314,0.499999999999998);
#98=CYLINDRICAL_SURFACE('',#10316,0.500000000000007);
#99=CYLINDRICAL_SURFACE('',#10318,0.499999999999998);
#100=CYLINDRICAL_SURFACE('',#10320,0.500000000000007);
#101=CYLINDRICAL_SURFACE('',#10322,0.499999999999998);
#102=CYLINDRICAL_SURFACE('',#10324,0.500000000000007);
#103=CYLINDRICAL_SURFACE('',#10326,0.500000000000003);
#104=CYLINDRICAL_SURFACE('',#10328,0.500000000000007);
#105=CYLINDRICAL_SURFACE('',#10330,0.499999999999998);
#106=CYLINDRICAL_SURFACE('',#10332,0.500000000000007);
#107=CYLINDRICAL_SURFACE('',#10334,0.500000000000003);
#108=CYLINDRICAL_SURFACE('',#10336,0.499999999999998);
#109=CYLINDRICAL_SURFACE('',#10338,0.499999999999998);
#110=CYLINDRICAL_SURFACE('',#10340,0.500000000000007);
#111=CYLINDRICAL_SURFACE('',#10342,0.499999999999998);
#112=CYLINDRICAL_SURFACE('',#10343,2.);
#113=CYLINDRICAL_SURFACE('',#10345,0.499999999999998);
#114=CYLINDRICAL_SURFACE('',#10347,0.500000000000003);
#115=CYLINDRICAL_SURFACE('',#10349,0.499999999999998);
#116=CYLINDRICAL_SURFACE('',#10351,0.499999999999998);
#117=CYLINDRICAL_SURFACE('',#10353,0.499999999999972);
#118=CYLINDRICAL_SURFACE('',#10355,0.499999999999998);
#119=CYLINDRICAL_SURFACE('',#10357,0.500000000000007);
#120=CYLINDRICAL_SURFACE('',#10359,0.499999999999998);
#121=CYLINDRICAL_SURFACE('',#10361,0.499999999999998);
#122=CYLINDRICAL_SURFACE('',#10363,0.499999999999998);
#123=CYLINDRICAL_SURFACE('',#10365,0.499999999999998);
#124=CYLINDRICAL_SURFACE('',#10367,0.499999999999998);
#125=CYLINDRICAL_SURFACE('',#10369,0.499999999999998);
#126=CYLINDRICAL_SURFACE('',#10371,0.499999999999998);
#127=CYLINDRICAL_SURFACE('',#10373,0.499999999999998);
#128=CYLINDRICAL_SURFACE('',#10375,0.500000000000003);
#129=CYLINDRICAL_SURFACE('',#10377,0.500000000000007);
#130=CYLINDRICAL_SURFACE('',#10379,0.499999999999998);
#131=CYLINDRICAL_SURFACE('',#10381,0.500000000000007);
#132=CYLINDRICAL_SURFACE('',#10383,0.499999999999998);
#133=CYLINDRICAL_SURFACE('',#10385,0.499999999999998);
#134=CYLINDRICAL_SURFACE('',#10387,0.499999999999998);
#135=CYLINDRICAL_SURFACE('',#10389,0.500000000000007);
#136=CYLINDRICAL_SURFACE('',#10391,0.499999999999998);
#137=CYLINDRICAL_SURFACE('',#10393,0.500000000000007);
#138=CYLINDRICAL_SURFACE('',#10395,0.499999999999998);
#139=CYLINDRICAL_SURFACE('',#10397,0.500000000000007);
#140=CYLINDRICAL_SURFACE('',#10399,0.499999999999998);
#141=CYLINDRICAL_SURFACE('',#10401,0.500000000000007);
#142=CYLINDRICAL_SURFACE('',#10403,0.500000000000003);
#143=CYLINDRICAL_SURFACE('',#10405,0.500000000000007);
#144=CYLINDRICAL_SURFACE('',#10407,0.499999999999998);
#145=CYLINDRICAL_SURFACE('',#10409,0.499999999999998);
#146=CYLINDRICAL_SURFACE('',#10411,0.499999999999998);
#147=CYLINDRICAL_SURFACE('',#10413,0.499999999999998);
#148=CYLINDRICAL_SURFACE('',#10415,0.500000000000003);
#149=CYLINDRICAL_SURFACE('',#10417,0.500000000000007);
#150=CYLINDRICAL_SURFACE('',#10419,0.500000000000003);
#151=CYLINDRICAL_SURFACE('',#10421,0.500000000000007);
#152=CYLINDRICAL_SURFACE('',#10423,0.499999999999998);
#153=CYLINDRICAL_SURFACE('',#10424,1.5);
#154=CYLINDRICAL_SURFACE('',#10426,0.500000000000007);
#155=CYLINDRICAL_SURFACE('',#10428,0.500000000000003);
#156=CYLINDRICAL_SURFACE('',#10430,0.500000000000007);
#157=CYLINDRICAL_SURFACE('',#10432,0.499999999999998);
#158=CYLINDRICAL_SURFACE('',#10434,0.500000000000007);
#159=CYLINDRICAL_SURFACE('',#10436,0.500000000000003);
#160=CYLINDRICAL_SURFACE('',#10438,0.499999999999989);
#161=CYLINDRICAL_SURFACE('',#10440,0.499999999999998);
#162=CYLINDRICAL_SURFACE('',#10442,0.499999999999989);
#163=CYLINDRICAL_SURFACE('',#10444,0.500000000000003);
#164=CYLINDRICAL_SURFACE('',#10446,0.500000000000007);
#165=CYLINDRICAL_SURFACE('',#10448,0.499999999999998);
#166=CYLINDRICAL_SURFACE('',#10450,0.500000000000007);
#167=CYLINDRICAL_SURFACE('',#10452,0.500000000000003);
#168=CYLINDRICAL_SURFACE('',#10454,0.500000000000007);
#169=CYLINDRICAL_SURFACE('',#10456,0.499999999999998);
#170=CYLINDRICAL_SURFACE('',#10458,0.499999999999972);
#171=CYLINDRICAL_SURFACE('',#10460,0.499999999999998);
#172=CYLINDRICAL_SURFACE('',#10462,0.500000000000007);
#173=CYLINDRICAL_SURFACE('',#10464,0.499999999999998);
#174=CYLINDRICAL_SURFACE('',#10466,0.500000000000007);
#175=CYLINDRICAL_SURFACE('',#10468,0.499999999999998);
#176=CYLINDRICAL_SURFACE('',#10470,0.500000000000007);
#177=CYLINDRICAL_SURFACE('',#10472,0.499999999999998);
#178=CYLINDRICAL_SURFACE('',#10474,0.500000000000007);
#179=CYLINDRICAL_SURFACE('',#10476,0.499999999999998);
#180=CYLINDRICAL_SURFACE('',#10478,0.500000000000007);
#181=CYLINDRICAL_SURFACE('',#10480,0.499999999999998);
#182=CYLINDRICAL_SURFACE('',#10481,1.5);
#183=CYLINDRICAL_SURFACE('',#10482,2.);
#184=CYLINDRICAL_SURFACE('',#10484,0.499999999999998);
#185=CYLINDRICAL_SURFACE('',#10486,0.500000000000007);
#186=CYLINDRICAL_SURFACE('',#10488,0.499999999999998);
#187=CYLINDRICAL_SURFACE('',#10490,0.500000000000007);
#188=CYLINDRICAL_SURFACE('',#10492,0.500000000000007);
#189=CYLINDRICAL_SURFACE('',#10494,0.499999999999998);
#190=CYLINDRICAL_SURFACE('',#10496,0.499999999999989);
#191=CYLINDRICAL_SURFACE('',#10498,0.499999999999998);
#192=CYLINDRICAL_SURFACE('',#10500,0.499999999999998);
#193=CYLINDRICAL_SURFACE('',#10502,0.500000000000003);
#194=CYLINDRICAL_SURFACE('',#10504,0.500000000000007);
#195=CYLINDRICAL_SURFACE('',#10506,0.499999999999998);
#196=CYLINDRICAL_SURFACE('',#10508,0.500000000000007);
#197=CYLINDRICAL_SURFACE('',#10510,0.499999999999998);
#198=CYLINDRICAL_SURFACE('',#10512,0.500000000000007);
#199=CYLINDRICAL_SURFACE('',#10514,0.499999999999998);
#200=CYLINDRICAL_SURFACE('',#10515,0.499999999999989);
#201=CYLINDRICAL_SURFACE('',#10517,0.499999999999998);
#202=CYLINDRICAL_SURFACE('',#10519,0.499999999999989);
#203=CYLINDRICAL_SURFACE('',#10521,0.499999999999998);
#204=CYLINDRICAL_SURFACE('',#10524,0.499999999999989);
#205=CYLINDRICAL_SURFACE('',#10526,0.499999999999998);
#206=CYLINDRICAL_SURFACE('',#10528,0.499999999999998);
#207=CYLINDRICAL_SURFACE('',#10530,0.499999999999998);
#208=CYLINDRICAL_SURFACE('',#10532,0.499999999999998);
#209=CYLINDRICAL_SURFACE('',#10534,0.499999999999998);
#210=CYLINDRICAL_SURFACE('',#10536,0.500000000000007);
#211=CYLINDRICAL_SURFACE('',#10538,0.499999999999998);
#212=CYLINDRICAL_SURFACE('',#10540,0.500000000000007);
#213=CYLINDRICAL_SURFACE('',#10542,0.500000000000003);
#214=CYLINDRICAL_SURFACE('',#10544,0.500000000000007);
#215=CYLINDRICAL_SURFACE('',#10546,0.499999999999998);
#216=CYLINDRICAL_SURFACE('',#10548,0.499999999999998);
#217=CYLINDRICAL_SURFACE('',#10550,0.500000000000003);
#218=CYLINDRICAL_SURFACE('',#10552,0.499999999999998);
#219=CYLINDRICAL_SURFACE('',#10554,0.499999999999998);
#220=CYLINDRICAL_SURFACE('',#10555,1.5);
#221=CYLINDRICAL_SURFACE('',#10557,0.499999999999998);
#222=CYLINDRICAL_SURFACE('',#10559,0.499999999999998);
#223=CYLINDRICAL_SURFACE('',#10561,0.499999999999998);
#224=CYLINDRICAL_SURFACE('',#10563,0.499999999999998);
#225=CYLINDRICAL_SURFACE('',#10565,0.500000000000007);
#226=CYLINDRICAL_SURFACE('',#10567,0.499999999999998);
#227=CYLINDRICAL_SURFACE('',#10569,0.499999999999989);
#228=CYLINDRICAL_SURFACE('',#10571,0.499999999999998);
#229=CYLINDRICAL_SURFACE('',#10573,0.500000000000007);
#230=CYLINDRICAL_SURFACE('',#10575,0.499999999999998);
#231=CYLINDRICAL_SURFACE('',#10577,0.499999999999972);
#232=CYLINDRICAL_SURFACE('',#10578,5.);
#233=CYLINDRICAL_SURFACE('',#10579,0.499999999999998);
#234=CYLINDRICAL_SURFACE('',#10581,0.500000000000007);
#235=CYLINDRICAL_SURFACE('',#10583,0.499999999999998);
#236=CYLINDRICAL_SURFACE('',#10584,5.);
#237=CYLINDRICAL_SURFACE('',#10586,5.);
#238=CYLINDRICAL_SURFACE('',#10587,0.500000000000007);
#239=CYLINDRICAL_SURFACE('',#10589,0.499999999999998);
#240=CYLINDRICAL_SURFACE('',#10591,0.500000000000007);
#241=CYLINDRICAL_SURFACE('',#10592,5.);
#242=CYLINDRICAL_SURFACE('',#10593,0.499999999999998);
#243=CYLINDRICAL_SURFACE('',#10595,0.500000000000007);
#244=CYLINDRICAL_SURFACE('',#10597,0.500000000000003);
#245=CYLINDRICAL_SURFACE('',#10598,5.);
#246=CYLINDRICAL_SURFACE('',#10600,5.);
#247=CYLINDRICAL_SURFACE('',#10601,0.500000000000007);
#248=CYLINDRICAL_SURFACE('',#10603,0.499999999999998);
#249=CYLINDRICAL_SURFACE('',#10605,0.500000000000007);
#250=CYLINDRICAL_SURFACE('',#10606,5.);
#251=CYLINDRICAL_SURFACE('',#10607,0.499999999999998);
#252=CYLINDRICAL_SURFACE('',#10609,0.500000000000007);
#253=CYLINDRICAL_SURFACE('',#10611,0.500000000000003);
#254=CYLINDRICAL_SURFACE('',#10613,5.);
#255=CYLINDRICAL_SURFACE('',#10614,0.500000000000007);
#256=CYLINDRICAL_SURFACE('',#10616,0.499999999999998);
#257=CYLINDRICAL_SURFACE('',#10618,0.499999999999989);
#258=CYLINDRICAL_SURFACE('',#10619,5.);
#259=CYLINDRICAL_SURFACE('',#10620,0.499999999999998);
#260=CYLINDRICAL_SURFACE('',#10622,0.499999999999998);
#261=CYLINDRICAL_SURFACE('',#10624,0.500000000000003);
#262=CYLINDRICAL_SURFACE('',#10625,5.);
#263=CYLINDRICAL_SURFACE('',#10627,5.);
#264=CYLINDRICAL_SURFACE('',#10628,0.500000000000007);
#265=CYLINDRICAL_SURFACE('',#10630,0.499999999999998);
#266=CYLINDRICAL_SURFACE('',#10632,0.499999999999989);
#267=CYLINDRICAL_SURFACE('',#10633,5.);
#268=CYLINDRICAL_SURFACE('',#10634,0.499999999999998);
#269=CYLINDRICAL_SURFACE('',#10636,0.500000000000007);
#270=CYLINDRICAL_SURFACE('',#10638,0.500000000000003);
#271=CYLINDRICAL_SURFACE('',#10642,0.500000000000007);
#272=CYLINDRICAL_SURFACE('',#10644,0.499999999999998);
#273=CYLINDRICAL_SURFACE('',#10646,0.500000000000007);
#274=CYLINDRICAL_SURFACE('',#10649,5.);
#275=FACE_BOUND('',#1060,.T.);
#276=FACE_BOUND('',#1061,.T.);
#277=FACE_BOUND('',#1062,.T.);
#278=FACE_BOUND('',#1063,.T.);
#279=FACE_BOUND('',#1064,.T.);
#280=FACE_BOUND('',#1065,.T.);
#281=FACE_BOUND('',#1066,.T.);
#282=FACE_BOUND('',#1067,.T.);
#283=FACE_BOUND('',#1068,.T.);
#284=FACE_BOUND('',#1069,.T.);
#285=FACE_BOUND('',#1070,.T.);
#286=FACE_BOUND('',#1071,.T.);
#287=FACE_BOUND('',#1072,.T.);
#288=FACE_BOUND('',#1073,.T.);
#289=FACE_BOUND('',#1074,.T.);
#290=FACE_BOUND('',#1075,.T.);
#291=FACE_BOUND('',#1076,.T.);
#292=FACE_BOUND('',#1077,.T.);
#293=FACE_BOUND('',#1078,.T.);
#294=FACE_BOUND('',#1079,.T.);
#295=FACE_BOUND('',#1080,.T.);
#296=FACE_BOUND('',#1081,.T.);
#297=FACE_BOUND('',#1082,.T.);
#298=FACE_BOUND('',#1083,.T.);
#299=FACE_BOUND('',#1084,.T.);
#300=FACE_BOUND('',#1085,.T.);
#301=FACE_BOUND('',#1086,.T.);
#302=FACE_BOUND('',#1087,.T.);
#303=FACE_BOUND('',#1088,.T.);
#304=FACE_BOUND('',#1089,.T.);
#305=FACE_BOUND('',#1090,.T.);
#306=FACE_BOUND('',#1091,.T.);
#307=FACE_BOUND('',#1092,.T.);
#308=FACE_BOUND('',#1093,.T.);
#309=FACE_BOUND('',#1094,.T.);
#310=FACE_BOUND('',#1095,.T.);
#311=FACE_BOUND('',#1096,.T.);
#312=FACE_BOUND('',#1097,.T.);
#313=FACE_BOUND('',#1098,.T.);
#314=FACE_BOUND('',#1099,.T.);
#315=FACE_BOUND('',#1100,.T.);
#316=FACE_BOUND('',#1101,.T.);
#317=FACE_BOUND('',#1102,.T.);
#318=FACE_BOUND('',#1103,.T.);
#319=FACE_BOUND('',#1104,.T.);
#320=FACE_BOUND('',#1105,.T.);
#321=FACE_BOUND('',#1120,.T.);
#322=FACE_BOUND('',#1121,.T.);
#323=FACE_BOUND('',#1122,.T.);
#324=FACE_BOUND('',#1123,.T.);
#325=FACE_BOUND('',#1124,.T.);
#326=FACE_BOUND('',#1125,.T.);
#327=FACE_BOUND('',#1126,.T.);
#328=FACE_BOUND('',#1127,.T.);
#329=FACE_BOUND('',#1128,.T.);
#330=FACE_BOUND('',#1129,.T.);
#331=FACE_BOUND('',#1130,.T.);
#332=FACE_BOUND('',#1131,.T.);
#333=FACE_BOUND('',#1132,.T.);
#334=FACE_BOUND('',#1133,.T.);
#335=FACE_BOUND('',#1134,.T.);
#336=FACE_BOUND('',#1135,.T.);
#337=FACE_BOUND('',#1136,.T.);
#338=FACE_BOUND('',#1137,.T.);
#339=FACE_BOUND('',#1138,.T.);
#340=FACE_BOUND('',#1139,.T.);
#341=FACE_BOUND('',#1140,.T.);
#342=FACE_BOUND('',#1141,.T.);
#343=FACE_BOUND('',#1142,.T.);
#344=FACE_BOUND('',#1143,.T.);
#345=FACE_BOUND('',#1144,.T.);
#346=FACE_BOUND('',#1145,.T.);
#347=FACE_BOUND('',#1146,.T.);
#348=FACE_BOUND('',#1147,.T.);
#349=FACE_BOUND('',#1148,.T.);
#350=FACE_BOUND('',#1149,.T.);
#351=FACE_BOUND('',#1150,.T.);
#352=FACE_BOUND('',#1151,.T.);
#353=FACE_BOUND('',#1152,.T.);
#354=FACE_BOUND('',#1153,.T.);
#355=FACE_BOUND('',#1154,.T.);
#356=FACE_BOUND('',#1155,.T.);
#357=FACE_BOUND('',#1156,.T.);
#358=FACE_BOUND('',#1157,.T.);
#359=FACE_BOUND('',#1158,.T.);
#360=FACE_BOUND('',#1159,.T.);
#361=FACE_BOUND('',#1160,.T.);
#362=FACE_BOUND('',#1161,.T.);
#363=FACE_BOUND('',#1162,.T.);
#364=FACE_BOUND('',#1163,.T.);
#365=FACE_BOUND('',#1164,.T.);
#366=FACE_BOUND('',#1165,.T.);
#367=PLANE('',#9653);
#368=PLANE('',#9933);
#369=PLANE('',#9936);
#370=PLANE('',#9937);
#371=PLANE('',#10192);
#372=PLANE('',#10194);
#373=PLANE('',#10199);
#374=PLANE('',#10201);
#375=PLANE('',#10203);
#376=PLANE('',#10205);
#377=PLANE('',#10207);
#378=PLANE('',#10209);
#379=PLANE('',#10214);
#380=PLANE('',#10216);
#381=PLANE('',#10218);
#382=PLANE('',#10220);
#383=PLANE('',#10222);
#384=PLANE('',#10224);
#385=PLANE('',#10226);
#386=PLANE('',#10228);
#387=PLANE('',#10230);
#388=PLANE('',#10232);
#389=PLANE('',#10234);
#390=PLANE('',#10236);
#391=PLANE('',#10238);
#392=PLANE('',#10240);
#393=PLANE('',#10242);
#394=PLANE('',#10244);
#395=PLANE('',#10254);
#396=PLANE('',#10256);
#397=PLANE('',#10259);
#398=PLANE('',#10262);
#399=PLANE('',#10266);
#400=PLANE('',#10267);
#401=PLANE('',#10271);
#402=PLANE('',#10275);
#403=PLANE('',#10281);
#404=PLANE('',#10283);
#405=PLANE('',#10286);
#406=PLANE('',#10288);
#407=PLANE('',#10290);
#408=PLANE('',#10292);
#409=PLANE('',#10294);
#410=PLANE('',#10296);
#411=PLANE('',#10298);
#412=PLANE('',#10300);
#413=PLANE('',#10302);
#414=PLANE('',#10304);
#415=PLANE('',#10306);
#416=PLANE('',#10308);
#417=PLANE('',#10311);
#418=PLANE('',#10313);
#419=PLANE('',#10315);
#420=PLANE('',#10317);
#421=PLANE('',#10319);
#422=PLANE('',#10321);
#423=PLANE('',#10323);
#424=PLANE('',#10325);
#425=PLANE('',#10327);
#426=PLANE('',#10329);
#427=PLANE('',#10331);
#428=PLANE('',#10333);
#429=PLANE('',#10335);
#430=PLANE('',#10337);
#431=PLANE('',#10339);
#432=PLANE('',#10341);
#433=PLANE('',#10344);
#434=PLANE('',#10346);
#435=PLANE('',#10348);
#436=PLANE('',#10350);
#437=PLANE('',#10352);
#438=PLANE('',#10354);
#439=PLANE('',#10356);
#440=PLANE('',#10358);
#441=PLANE('',#10360);
#442=PLANE('',#10362);
#443=PLANE('',#10364);
#444=PLANE('',#10366);
#445=PLANE('',#10368);
#446=PLANE('',#10370);
#447=PLANE('',#10372);
#448=PLANE('',#10374);
#449=PLANE('',#10376);
#450=PLANE('',#10378);
#451=PLANE('',#10380);
#452=PLANE('',#10382);
#453=PLANE('',#10384);
#454=PLANE('',#10386);
#455=PLANE('',#10388);
#456=PLANE('',#10390);
#457=PLANE('',#10392);
#458=PLANE('',#10394);
#459=PLANE('',#10396);
#460=PLANE('',#10398);
#461=PLANE('',#10400);
#462=PLANE('',#10402);
#463=PLANE('',#10404);
#464=PLANE('',#10406);
#465=PLANE('',#10408);
#466=PLANE('',#10410);
#467=PLANE('',#10412);
#468=PLANE('',#10414);
#469=PLANE('',#10416);
#470=PLANE('',#10418);
#471=PLANE('',#10420);
#472=PLANE('',#10422);
#473=PLANE('',#10425);
#474=PLANE('',#10427);
#475=PLANE('',#10429);
#476=PLANE('',#10431);
#477=PLANE('',#10433);
#478=PLANE('',#10435);
#479=PLANE('',#10437);
#480=PLANE('',#10439);
#481=PLANE('',#10441);
#482=PLANE('',#10443);
#483=PLANE('',#10445);
#484=PLANE('',#10447);
#485=PLANE('',#10449);
#486=PLANE('',#10451);
#487=PLANE('',#10453);
#488=PLANE('',#10455);
#489=PLANE('',#10457);
#490=PLANE('',#10459);
#491=PLANE('',#10461);
#492=PLANE('',#10463);
#493=PLANE('',#10465);
#494=PLANE('',#10467);
#495=PLANE('',#10469);
#496=PLANE('',#10471);
#497=PLANE('',#10473);
#498=PLANE('',#10475);
#499=PLANE('',#10477);
#500=PLANE('',#10479);
#501=PLANE('',#10483);
#502=PLANE('',#10485);
#503=PLANE('',#10487);
#504=PLANE('',#10489);
#505=PLANE('',#10491);
#506=PLANE('',#10493);
#507=PLANE('',#10495);
#508=PLANE('',#10497);
#509=PLANE('',#10499);
#510=PLANE('',#10501);
#511=PLANE('',#10503);
#512=PLANE('',#10505);
#513=PLANE('',#10507);
#514=PLANE('',#10509);
#515=PLANE('',#10511);
#516=PLANE('',#10513);
#517=PLANE('',#10516);
#518=PLANE('',#10518);
#519=PLANE('',#10520);
#520=PLANE('',#10522);
#521=PLANE('',#10523);
#522=PLANE('',#10525);
#523=PLANE('',#10527);
#524=PLANE('',#10529);
#525=PLANE('',#10531);
#526=PLANE('',#10533);
#527=PLANE('',#10535);
#528=PLANE('',#10537);
#529=PLANE('',#10539);
#530=PLANE('',#10541);
#531=PLANE('',#10543);
#532=PLANE('',#10545);
#533=PLANE('',#10547);
#534=PLANE('',#10549);
#535=PLANE('',#10551);
#536=PLANE('',#10553);
#537=PLANE('',#10556);
#538=PLANE('',#10558);
#539=PLANE('',#10560);
#540=PLANE('',#10562);
#541=PLANE('',#10564);
#542=PLANE('',#10566);
#543=PLANE('',#10568);
#544=PLANE('',#10570);
#545=PLANE('',#10572);
#546=PLANE('',#10574);
#547=PLANE('',#10576);
#548=PLANE('',#10580);
#549=PLANE('',#10582);
#550=PLANE('',#10585);
#551=PLANE('',#10588);
#552=PLANE('',#10590);
#553=PLANE('',#10594);
#554=PLANE('',#10596);
#555=PLANE('',#10599);
#556=PLANE('',#10602);
#557=PLANE('',#10604);
#558=PLANE('',#10608);
#559=PLANE('',#10610);
#560=PLANE('',#10612);
#561=PLANE('',#10615);
#562=PLANE('',#10617);
#563=PLANE('',#10621);
#564=PLANE('',#10623);
#565=PLANE('',#10626);
#566=PLANE('',#10629);
#567=PLANE('',#10631);
#568=PLANE('',#10635);
#569=PLANE('',#10637);
#570=PLANE('',#10639);
#571=PLANE('',#10640);
#572=PLANE('',#10641);
#573=PLANE('',#10643);
#574=PLANE('',#10645);
#575=PLANE('',#10647);
#576=PLANE('',#10648);
#577=PLANE('',#10650);
#578=PLANE('',#10651);
#579=PLANE('',#10652);
#580=FACE_OUTER_BOUND('',#1058,.T.);
#581=FACE_OUTER_BOUND('',#1059,.T.);
#582=FACE_OUTER_BOUND('',#1106,.T.);
#583=FACE_OUTER_BOUND('',#1107,.T.);
#584=FACE_OUTER_BOUND('',#1108,.T.);
#585=FACE_OUTER_BOUND('',#1109,.T.);
#586=FACE_OUTER_BOUND('',#1110,.T.);
#587=FACE_OUTER_BOUND('',#1111,.T.);
#588=FACE_OUTER_BOUND('',#1112,.T.);
#589=FACE_OUTER_BOUND('',#1113,.T.);
#590=FACE_OUTER_BOUND('',#1114,.T.);
#591=FACE_OUTER_BOUND('',#1115,.T.);
#592=FACE_OUTER_BOUND('',#1116,.T.);
#593=FACE_OUTER_BOUND('',#1117,.T.);
#594=FACE_OUTER_BOUND('',#1118,.T.);
#595=FACE_OUTER_BOUND('',#1119,.T.);
#596=FACE_OUTER_BOUND('',#1166,.T.);
#597=FACE_OUTER_BOUND('',#1167,.T.);
#598=FACE_OUTER_BOUND('',#1168,.T.);
#599=FACE_OUTER_BOUND('',#1169,.T.);
#600=FACE_OUTER_BOUND('',#1170,.T.);
#601=FACE_OUTER_BOUND('',#1171,.T.);
#602=FACE_OUTER_BOUND('',#1172,.T.);
#603=FACE_OUTER_BOUND('',#1173,.T.);
#604=FACE_OUTER_BOUND('',#1174,.T.);
#605=FACE_OUTER_BOUND('',#1175,.T.);
#606=FACE_OUTER_BOUND('',#1176,.T.);
#607=FACE_OUTER_BOUND('',#1177,.T.);
#608=FACE_OUTER_BOUND('',#1178,.T.);
#609=FACE_OUTER_BOUND('',#1179,.T.);
#610=FACE_OUTER_BOUND('',#1180,.T.);
#611=FACE_OUTER_BOUND('',#1181,.T.);
#612=FACE_OUTER_BOUND('',#1182,.T.);
#613=FACE_OUTER_BOUND('',#1183,.T.);
#614=FACE_OUTER_BOUND('',#1184,.T.);
#615=FACE_OUTER_BOUND('',#1185,.T.);
#616=FACE_OUTER_BOUND('',#1186,.T.);
#617=FACE_OUTER_BOUND('',#1187,.T.);
#618=FACE_OUTER_BOUND('',#1188,.T.);
#619=FACE_OUTER_BOUND('',#1189,.T.);
#620=FACE_OUTER_BOUND('',#1190,.T.);
#621=FACE_OUTER_BOUND('',#1191,.T.);
#622=FACE_OUTER_BOUND('',#1192,.T.);
#623=FACE_OUTER_BOUND('',#1193,.T.);
#624=FACE_OUTER_BOUND('',#1194,.T.);
#625=FACE_OUTER_BOUND('',#1195,.T.);
#626=FACE_OUTER_BOUND('',#1196,.T.);
#627=FACE_OUTER_BOUND('',#1197,.T.);
#628=FACE_OUTER_BOUND('',#1198,.T.);
#629=FACE_OUTER_BOUND('',#1199,.T.);
#630=FACE_OUTER_BOUND('',#1200,.T.);
#631=FACE_OUTER_BOUND('',#1201,.T.);
#632=FACE_OUTER_BOUND('',#1202,.T.);
#633=FACE_OUTER_BOUND('',#1203,.T.);
#634=FACE_OUTER_BOUND('',#1204,.T.);
#635=FACE_OUTER_BOUND('',#1205,.T.);
#636=FACE_OUTER_BOUND('',#1206,.T.);
#637=FACE_OUTER_BOUND('',#1207,.T.);
#638=FACE_OUTER_BOUND('',#1208,.T.);
#639=FACE_OUTER_BOUND('',#1209,.T.);
#640=FACE_OUTER_BOUND('',#1210,.T.);
#641=FACE_OUTER_BOUND('',#1211,.T.);
#642=FACE_OUTER_BOUND('',#1212,.T.);
#643=FACE_OUTER_BOUND('',#1213,.T.);
#644=FACE_OUTER_BOUND('',#1214,.T.);
#645=FACE_OUTER_BOUND('',#1215,.T.);
#646=FACE_OUTER_BOUND('',#1216,.T.);
#647=FACE_OUTER_BOUND('',#1217,.T.);
#648=FACE_OUTER_BOUND('',#1218,.T.);
#649=FACE_OUTER_BOUND('',#1219,.T.);
#650=FACE_OUTER_BOUND('',#1220,.T.);
#651=FACE_OUTER_BOUND('',#1221,.T.);
#652=FACE_OUTER_BOUND('',#1222,.T.);
#653=FACE_OUTER_BOUND('',#1223,.T.);
#654=FACE_OUTER_BOUND('',#1224,.T.);
#655=FACE_OUTER_BOUND('',#1225,.T.);
#656=FACE_OUTER_BOUND('',#1226,.T.);
#657=FACE_OUTER_BOUND('',#1227,.T.);
#658=FACE_OUTER_BOUND('',#1228,.T.);
#659=FACE_OUTER_BOUND('',#1229,.T.);
#660=FACE_OUTER_BOUND('',#1230,.T.);
#661=FACE_OUTER_BOUND('',#1231,.T.);
#662=FACE_OUTER_BOUND('',#1232,.T.);
#663=FACE_OUTER_BOUND('',#1233,.T.);
#664=FACE_OUTER_BOUND('',#1234,.T.);
#665=FACE_OUTER_BOUND('',#1235,.T.);
#666=FACE_OUTER_BOUND('',#1236,.T.);
#667=FACE_OUTER_BOUND('',#1237,.T.);
#668=FACE_OUTER_BOUND('',#1238,.T.);
#669=FACE_OUTER_BOUND('',#1239,.T.);
#670=FACE_OUTER_BOUND('',#1240,.T.);
#671=FACE_OUTER_BOUND('',#1241,.T.);
#672=FACE_OUTER_BOUND('',#1242,.T.);
#673=FACE_OUTER_BOUND('',#1243,.T.);
#674=FACE_OUTER_BOUND('',#1244,.T.);
#675=FACE_OUTER_BOUND('',#1245,.T.);
#676=FACE_OUTER_BOUND('',#1246,.T.);
#677=FACE_OUTER_BOUND('',#1247,.T.);
#678=FACE_OUTER_BOUND('',#1248,.T.);
#679=FACE_OUTER_BOUND('',#1249,.T.);
#680=FACE_OUTER_BOUND('',#1250,.T.);
#681=FACE_OUTER_BOUND('',#1251,.T.);
#682=FACE_OUTER_BOUND('',#1252,.T.);
#683=FACE_OUTER_BOUND('',#1253,.T.);
#684=FACE_OUTER_BOUND('',#1254,.T.);
#685=FACE_OUTER_BOUND('',#1255,.T.);
#686=FACE_OUTER_BOUND('',#1256,.T.);
#687=FACE_OUTER_BOUND('',#1257,.T.);
#688=FACE_OUTER_BOUND('',#1258,.T.);
#689=FACE_OUTER_BOUND('',#1259,.T.);
#690=FACE_OUTER_BOUND('',#1260,.T.);
#691=FACE_OUTER_BOUND('',#1261,.T.);
#692=FACE_OUTER_BOUND('',#1262,.T.);
#693=FACE_OUTER_BOUND('',#1263,.T.);
#694=FACE_OUTER_BOUND('',#1264,.T.);
#695=FACE_OUTER_BOUND('',#1265,.T.);
#696=FACE_OUTER_BOUND('',#1266,.T.);
#697=FACE_OUTER_BOUND('',#1267,.T.);
#698=FACE_OUTER_BOUND('',#1268,.T.);
#699=FACE_OUTER_BOUND('',#1269,.T.);
#700=FACE_OUTER_BOUND('',#1270,.T.);
#701=FACE_OUTER_BOUND('',#1271,.T.);
#702=FACE_OUTER_BOUND('',#1272,.T.);
#703=FACE_OUTER_BOUND('',#1273,.T.);
#704=FACE_OUTER_BOUND('',#1274,.T.);
#705=FACE_OUTER_BOUND('',#1275,.T.);
#706=FACE_OUTER_BOUND('',#1276,.T.);
#707=FACE_OUTER_BOUND('',#1277,.T.);
#708=FACE_OUTER_BOUND('',#1278,.T.);
#709=FACE_OUTER_BOUND('',#1279,.T.);
#710=FACE_OUTER_BOUND('',#1280,.T.);
#711=FACE_OUTER_BOUND('',#1281,.T.);
#712=FACE_OUTER_BOUND('',#1282,.T.);
#713=FACE_OUTER_BOUND('',#1283,.T.);
#714=FACE_OUTER_BOUND('',#1284,.T.);
#715=FACE_OUTER_BOUND('',#1285,.T.);
#716=FACE_OUTER_BOUND('',#1286,.T.);
#717=FACE_OUTER_BOUND('',#1287,.T.);
#718=FACE_OUTER_BOUND('',#1288,.T.);
#719=FACE_OUTER_BOUND('',#1289,.T.);
#720=FACE_OUTER_BOUND('',#1290,.T.);
#721=FACE_OUTER_BOUND('',#1291,.T.);
#722=FACE_OUTER_BOUND('',#1292,.T.);
#723=FACE_OUTER_BOUND('',#1293,.T.);
#724=FACE_OUTER_BOUND('',#1294,.T.);
#725=FACE_OUTER_BOUND('',#1295,.T.);
#726=FACE_OUTER_BOUND('',#1296,.T.);
#727=FACE_OUTER_BOUND('',#1297,.T.);
#728=FACE_OUTER_BOUND('',#1298,.T.);
#729=FACE_OUTER_BOUND('',#1299,.T.);
#730=FACE_OUTER_BOUND('',#1300,.T.);
#731=FACE_OUTER_BOUND('',#1301,.T.);
#732=FACE_OUTER_BOUND('',#1302,.T.);
#733=FACE_OUTER_BOUND('',#1303,.T.);
#734=FACE_OUTER_BOUND('',#1304,.T.);
#735=FACE_OUTER_BOUND('',#1305,.T.);
#736=FACE_OUTER_BOUND('',#1306,.T.);
#737=FACE_OUTER_BOUND('',#1307,.T.);
#738=FACE_OUTER_BOUND('',#1308,.T.);
#739=FACE_OUTER_BOUND('',#1309,.T.);
#740=FACE_OUTER_BOUND('',#1310,.T.);
#741=FACE_OUTER_BOUND('',#1311,.T.);
#742=FACE_OUTER_BOUND('',#1312,.T.);
#743=FACE_OUTER_BOUND('',#1313,.T.);
#744=FACE_OUTER_BOUND('',#1314,.T.);
#745=FACE_OUTER_BOUND('',#1315,.T.);
#746=FACE_OUTER_BOUND('',#1316,.T.);
#747=FACE_OUTER_BOUND('',#1317,.T.);
#748=FACE_OUTER_BOUND('',#1318,.T.);
#749=FACE_OUTER_BOUND('',#1319,.T.);
#750=FACE_OUTER_BOUND('',#1320,.T.);
#751=FACE_OUTER_BOUND('',#1321,.T.);
#752=FACE_OUTER_BOUND('',#1322,.T.);
#753=FACE_OUTER_BOUND('',#1323,.T.);
#754=FACE_OUTER_BOUND('',#1324,.T.);
#755=FACE_OUTER_BOUND('',#1325,.T.);
#756=FACE_OUTER_BOUND('',#1326,.T.);
#757=FACE_OUTER_BOUND('',#1327,.T.);
#758=FACE_OUTER_BOUND('',#1328,.T.);
#759=FACE_OUTER_BOUND('',#1329,.T.);
#760=FACE_OUTER_BOUND('',#1330,.T.);
#761=FACE_OUTER_BOUND('',#1331,.T.);
#762=FACE_OUTER_BOUND('',#1332,.T.);
#763=FACE_OUTER_BOUND('',#1333,.T.);
#764=FACE_OUTER_BOUND('',#1334,.T.);
#765=FACE_OUTER_BOUND('',#1335,.T.);
#766=FACE_OUTER_BOUND('',#1336,.T.);
#767=FACE_OUTER_BOUND('',#1337,.T.);
#768=FACE_OUTER_BOUND('',#1338,.T.);
#769=FACE_OUTER_BOUND('',#1339,.T.);
#770=FACE_OUTER_BOUND('',#1340,.T.);
#771=FACE_OUTER_BOUND('',#1341,.T.);
#772=FACE_OUTER_BOUND('',#1342,.T.);
#773=FACE_OUTER_BOUND('',#1343,.T.);
#774=FACE_OUTER_BOUND('',#1344,.T.);
#775=FACE_OUTER_BOUND('',#1345,.T.);
#776=FACE_OUTER_BOUND('',#1346,.T.);
#777=FACE_OUTER_BOUND('',#1347,.T.);
#778=FACE_OUTER_BOUND('',#1348,.T.);
#779=FACE_OUTER_BOUND('',#1349,.T.);
#780=FACE_OUTER_BOUND('',#1350,.T.);
#781=FACE_OUTER_BOUND('',#1351,.T.);
#782=FACE_OUTER_BOUND('',#1352,.T.);
#783=FACE_OUTER_BOUND('',#1353,.T.);
#784=FACE_OUTER_BOUND('',#1354,.T.);
#785=FACE_OUTER_BOUND('',#1355,.T.);
#786=FACE_OUTER_BOUND('',#1356,.T.);
#787=FACE_OUTER_BOUND('',#1357,.T.);
#788=FACE_OUTER_BOUND('',#1358,.T.);
#789=FACE_OUTER_BOUND('',#1359,.T.);
#790=FACE_OUTER_BOUND('',#1360,.T.);
#791=FACE_OUTER_BOUND('',#1361,.T.);
#792=FACE_OUTER_BOUND('',#1362,.T.);
#793=FACE_OUTER_BOUND('',#1363,.T.);
#794=FACE_OUTER_BOUND('',#1364,.T.);
#795=FACE_OUTER_BOUND('',#1365,.T.);
#796=FACE_OUTER_BOUND('',#1366,.T.);
#797=FACE_OUTER_BOUND('',#1367,.T.);
#798=FACE_OUTER_BOUND('',#1368,.T.);
#799=FACE_OUTER_BOUND('',#1369,.T.);
#800=FACE_OUTER_BOUND('',#1370,.T.);
#801=FACE_OUTER_BOUND('',#1371,.T.);
#802=FACE_OUTER_BOUND('',#1372,.T.);
#803=FACE_OUTER_BOUND('',#1373,.T.);
#804=FACE_OUTER_BOUND('',#1374,.T.);
#805=FACE_OUTER_BOUND('',#1375,.T.);
#806=FACE_OUTER_BOUND('',#1376,.T.);
#807=FACE_OUTER_BOUND('',#1377,.T.);
#808=FACE_OUTER_BOUND('',#1378,.T.);
#809=FACE_OUTER_BOUND('',#1379,.T.);
#810=FACE_OUTER_BOUND('',#1380,.T.);
#811=FACE_OUTER_BOUND('',#1381,.T.);
#812=FACE_OUTER_BOUND('',#1382,.T.);
#813=FACE_OUTER_BOUND('',#1383,.T.);
#814=FACE_OUTER_BOUND('',#1384,.T.);
#815=FACE_OUTER_BOUND('',#1385,.T.);
#816=FACE_OUTER_BOUND('',#1386,.T.);
#817=FACE_OUTER_BOUND('',#1387,.T.);
#818=FACE_OUTER_BOUND('',#1388,.T.);
#819=FACE_OUTER_BOUND('',#1389,.T.);
#820=FACE_OUTER_BOUND('',#1390,.T.);
#821=FACE_OUTER_BOUND('',#1391,.T.);
#822=FACE_OUTER_BOUND('',#1392,.T.);
#823=FACE_OUTER_BOUND('',#1393,.T.);
#824=FACE_OUTER_BOUND('',#1394,.T.);
#825=FACE_OUTER_BOUND('',#1395,.T.);
#826=FACE_OUTER_BOUND('',#1396,.T.);
#827=FACE_OUTER_BOUND('',#1397,.T.);
#828=FACE_OUTER_BOUND('',#1398,.T.);
#829=FACE_OUTER_BOUND('',#1399,.T.);
#830=FACE_OUTER_BOUND('',#1400,.T.);
#831=FACE_OUTER_BOUND('',#1401,.T.);
#832=FACE_OUTER_BOUND('',#1402,.T.);
#833=FACE_OUTER_BOUND('',#1403,.T.);
#834=FACE_OUTER_BOUND('',#1404,.T.);
#835=FACE_OUTER_BOUND('',#1405,.T.);
#836=FACE_OUTER_BOUND('',#1406,.T.);
#837=FACE_OUTER_BOUND('',#1407,.T.);
#838=FACE_OUTER_BOUND('',#1408,.T.);
#839=FACE_OUTER_BOUND('',#1409,.T.);
#840=FACE_OUTER_BOUND('',#1410,.T.);
#841=FACE_OUTER_BOUND('',#1411,.T.);
#842=FACE_OUTER_BOUND('',#1412,.T.);
#843=FACE_OUTER_BOUND('',#1413,.T.);
#844=FACE_OUTER_BOUND('',#1414,.T.);
#845=FACE_OUTER_BOUND('',#1415,.T.);
#846=FACE_OUTER_BOUND('',#1416,.T.);
#847=FACE_OUTER_BOUND('',#1417,.T.);
#848=FACE_OUTER_BOUND('',#1418,.T.);
#849=FACE_OUTER_BOUND('',#1419,.T.);
#850=FACE_OUTER_BOUND('',#1420,.T.);
#851=FACE_OUTER_BOUND('',#1421,.T.);
#852=FACE_OUTER_BOUND('',#1422,.T.);
#853=FACE_OUTER_BOUND('',#1423,.T.);
#854=FACE_OUTER_BOUND('',#1424,.T.);
#855=FACE_OUTER_BOUND('',#1425,.T.);
#856=FACE_OUTER_BOUND('',#1426,.T.);
#857=FACE_OUTER_BOUND('',#1427,.T.);
#858=FACE_OUTER_BOUND('',#1428,.T.);
#859=FACE_OUTER_BOUND('',#1429,.T.);
#860=FACE_OUTER_BOUND('',#1430,.T.);
#861=FACE_OUTER_BOUND('',#1431,.T.);
#862=FACE_OUTER_BOUND('',#1432,.T.);
#863=FACE_OUTER_BOUND('',#1433,.T.);
#864=FACE_OUTER_BOUND('',#1434,.T.);
#865=FACE_OUTER_BOUND('',#1435,.T.);
#866=FACE_OUTER_BOUND('',#1436,.T.);
#867=FACE_OUTER_BOUND('',#1437,.T.);
#868=FACE_OUTER_BOUND('',#1438,.T.);
#869=FACE_OUTER_BOUND('',#1439,.T.);
#870=FACE_OUTER_BOUND('',#1440,.T.);
#871=FACE_OUTER_BOUND('',#1441,.T.);
#872=FACE_OUTER_BOUND('',#1442,.T.);
#873=FACE_OUTER_BOUND('',#1443,.T.);
#874=FACE_OUTER_BOUND('',#1444,.T.);
#875=FACE_OUTER_BOUND('',#1445,.T.);
#876=FACE_OUTER_BOUND('',#1446,.T.);
#877=FACE_OUTER_BOUND('',#1447,.T.);
#878=FACE_OUTER_BOUND('',#1448,.T.);
#879=FACE_OUTER_BOUND('',#1449,.T.);
#880=FACE_OUTER_BOUND('',#1450,.T.);
#881=FACE_OUTER_BOUND('',#1451,.T.);
#882=FACE_OUTER_BOUND('',#1452,.T.);
#883=FACE_OUTER_BOUND('',#1453,.T.);
#884=FACE_OUTER_BOUND('',#1454,.T.);
#885=FACE_OUTER_BOUND('',#1455,.T.);
#886=FACE_OUTER_BOUND('',#1456,.T.);
#887=FACE_OUTER_BOUND('',#1457,.T.);
#888=FACE_OUTER_BOUND('',#1458,.T.);
#889=FACE_OUTER_BOUND('',#1459,.T.);
#890=FACE_OUTER_BOUND('',#1460,.T.);
#891=FACE_OUTER_BOUND('',#1461,.T.);
#892=FACE_OUTER_BOUND('',#1462,.T.);
#893=FACE_OUTER_BOUND('',#1463,.T.);
#894=FACE_OUTER_BOUND('',#1464,.T.);
#895=FACE_OUTER_BOUND('',#1465,.T.);
#896=FACE_OUTER_BOUND('',#1466,.T.);
#897=FACE_OUTER_BOUND('',#1467,.T.);
#898=FACE_OUTER_BOUND('',#1468,.T.);
#899=FACE_OUTER_BOUND('',#1469,.T.);
#900=FACE_OUTER_BOUND('',#1470,.T.);
#901=FACE_OUTER_BOUND('',#1471,.T.);
#902=FACE_OUTER_BOUND('',#1472,.T.);
#903=FACE_OUTER_BOUND('',#1473,.T.);
#904=FACE_OUTER_BOUND('',#1474,.T.);
#905=FACE_OUTER_BOUND('',#1475,.T.);
#906=FACE_OUTER_BOUND('',#1476,.T.);
#907=FACE_OUTER_BOUND('',#1477,.T.);
#908=FACE_OUTER_BOUND('',#1478,.T.);
#909=FACE_OUTER_BOUND('',#1479,.T.);
#910=FACE_OUTER_BOUND('',#1480,.T.);
#911=FACE_OUTER_BOUND('',#1481,.T.);
#912=FACE_OUTER_BOUND('',#1482,.T.);
#913=FACE_OUTER_BOUND('',#1483,.T.);
#914=FACE_OUTER_BOUND('',#1484,.T.);
#915=FACE_OUTER_BOUND('',#1485,.T.);
#916=FACE_OUTER_BOUND('',#1486,.T.);
#917=FACE_OUTER_BOUND('',#1487,.T.);
#918=FACE_OUTER_BOUND('',#1488,.T.);
#919=FACE_OUTER_BOUND('',#1489,.T.);
#920=FACE_OUTER_BOUND('',#1490,.T.);
#921=FACE_OUTER_BOUND('',#1491,.T.);
#922=FACE_OUTER_BOUND('',#1492,.T.);
#923=FACE_OUTER_BOUND('',#1493,.T.);
#924=FACE_OUTER_BOUND('',#1494,.T.);
#925=FACE_OUTER_BOUND('',#1495,.T.);
#926=FACE_OUTER_BOUND('',#1496,.T.);
#927=FACE_OUTER_BOUND('',#1497,.T.);
#928=FACE_OUTER_BOUND('',#1498,.T.);
#929=FACE_OUTER_BOUND('',#1499,.T.);
#930=FACE_OUTER_BOUND('',#1500,.T.);
#931=FACE_OUTER_BOUND('',#1501,.T.);
#932=FACE_OUTER_BOUND('',#1502,.T.);
#933=FACE_OUTER_BOUND('',#1503,.T.);
#934=FACE_OUTER_BOUND('',#1504,.T.);
#935=FACE_OUTER_BOUND('',#1505,.T.);
#936=FACE_OUTER_BOUND('',#1506,.T.);
#937=FACE_OUTER_BOUND('',#1507,.T.);
#938=FACE_OUTER_BOUND('',#1508,.T.);
#939=FACE_OUTER_BOUND('',#1509,.T.);
#940=FACE_OUTER_BOUND('',#1510,.T.);
#941=FACE_OUTER_BOUND('',#1511,.T.);
#942=FACE_OUTER_BOUND('',#1512,.T.);
#943=FACE_OUTER_BOUND('',#1513,.T.);
#944=FACE_OUTER_BOUND('',#1514,.T.);
#945=FACE_OUTER_BOUND('',#1515,.T.);
#946=FACE_OUTER_BOUND('',#1516,.T.);
#947=FACE_OUTER_BOUND('',#1517,.T.);
#948=FACE_OUTER_BOUND('',#1518,.T.);
#949=FACE_OUTER_BOUND('',#1519,.T.);
#950=FACE_OUTER_BOUND('',#1520,.T.);
#951=FACE_OUTER_BOUND('',#1521,.T.);
#952=FACE_OUTER_BOUND('',#1522,.T.);
#953=FACE_OUTER_BOUND('',#1523,.T.);
#954=FACE_OUTER_BOUND('',#1524,.T.);
#955=FACE_OUTER_BOUND('',#1525,.T.);
#956=FACE_OUTER_BOUND('',#1526,.T.);
#957=FACE_OUTER_BOUND('',#1527,.T.);
#958=FACE_OUTER_BOUND('',#1528,.T.);
#959=FACE_OUTER_BOUND('',#1529,.T.);
#960=FACE_OUTER_BOUND('',#1530,.T.);
#961=FACE_OUTER_BOUND('',#1531,.T.);
#962=FACE_OUTER_BOUND('',#1532,.T.);
#963=FACE_OUTER_BOUND('',#1533,.T.);
#964=FACE_OUTER_BOUND('',#1534,.T.);
#965=FACE_OUTER_BOUND('',#1535,.T.);
#966=FACE_OUTER_BOUND('',#1536,.T.);
#967=FACE_OUTER_BOUND('',#1537,.T.);
#968=FACE_OUTER_BOUND('',#1538,.T.);
#969=FACE_OUTER_BOUND('',#1539,.T.);
#970=FACE_OUTER_BOUND('',#1540,.T.);
#971=FACE_OUTER_BOUND('',#1541,.T.);
#972=FACE_OUTER_BOUND('',#1542,.T.);
#973=FACE_OUTER_BOUND('',#1543,.T.);
#974=FACE_OUTER_BOUND('',#1544,.T.);
#975=FACE_OUTER_BOUND('',#1545,.T.);
#976=FACE_OUTER_BOUND('',#1546,.T.);
#977=FACE_OUTER_BOUND('',#1547,.T.);
#978=FACE_OUTER_BOUND('',#1548,.T.);
#979=FACE_OUTER_BOUND('',#1549,.T.);
#980=FACE_OUTER_BOUND('',#1550,.T.);
#981=FACE_OUTER_BOUND('',#1551,.T.);
#982=FACE_OUTER_BOUND('',#1552,.T.);
#983=FACE_OUTER_BOUND('',#1553,.T.);
#984=FACE_OUTER_BOUND('',#1554,.T.);
#985=FACE_OUTER_BOUND('',#1555,.T.);
#986=FACE_OUTER_BOUND('',#1556,.T.);
#987=FACE_OUTER_BOUND('',#1557,.T.);
#988=FACE_OUTER_BOUND('',#1558,.T.);
#989=FACE_OUTER_BOUND('',#1559,.T.);
#990=FACE_OUTER_BOUND('',#1560,.T.);
#991=FACE_OUTER_BOUND('',#1561,.T.);
#992=FACE_OUTER_BOUND('',#1562,.T.);
#993=FACE_OUTER_BOUND('',#1563,.T.);
#994=FACE_OUTER_BOUND('',#1564,.T.);
#995=FACE_OUTER_BOUND('',#1565,.T.);
#996=FACE_OUTER_BOUND('',#1566,.T.);
#997=FACE_OUTER_BOUND('',#1567,.T.);
#998=FACE_OUTER_BOUND('',#1568,.T.);
#999=FACE_OUTER_BOUND('',#1569,.T.);
#1000=FACE_OUTER_BOUND('',#1570,.T.);
#1001=FACE_OUTER_BOUND('',#1571,.T.);
#1002=FACE_OUTER_BOUND('',#1572,.T.);
#1003=FACE_OUTER_BOUND('',#1573,.T.);
#1004=FACE_OUTER_BOUND('',#1574,.T.);
#1005=FACE_OUTER_BOUND('',#1575,.T.);
#1006=FACE_OUTER_BOUND('',#1576,.T.);
#1007=FACE_OUTER_BOUND('',#1577,.T.);
#1008=FACE_OUTER_BOUND('',#1578,.T.);
#1009=FACE_OUTER_BOUND('',#1579,.T.);
#1010=FACE_OUTER_BOUND('',#1580,.T.);
#1011=FACE_OUTER_BOUND('',#1581,.T.);
#1012=FACE_OUTER_BOUND('',#1582,.T.);
#1013=FACE_OUTER_BOUND('',#1583,.T.);
#1014=FACE_OUTER_BOUND('',#1584,.T.);
#1015=FACE_OUTER_BOUND('',#1585,.T.);
#1016=FACE_OUTER_BOUND('',#1586,.T.);
#1017=FACE_OUTER_BOUND('',#1587,.T.);
#1018=FACE_OUTER_BOUND('',#1588,.T.);
#1019=FACE_OUTER_BOUND('',#1589,.T.);
#1020=FACE_OUTER_BOUND('',#1590,.T.);
#1021=FACE_OUTER_BOUND('',#1591,.T.);
#1022=FACE_OUTER_BOUND('',#1592,.T.);
#1023=FACE_OUTER_BOUND('',#1593,.T.);
#1024=FACE_OUTER_BOUND('',#1594,.T.);
#1025=FACE_OUTER_BOUND('',#1595,.T.);
#1026=FACE_OUTER_BOUND('',#1596,.T.);
#1027=FACE_OUTER_BOUND('',#1597,.T.);
#1028=FACE_OUTER_BOUND('',#1598,.T.);
#1029=FACE_OUTER_BOUND('',#1599,.T.);
#1030=FACE_OUTER_BOUND('',#1600,.T.);
#1031=FACE_OUTER_BOUND('',#1601,.T.);
#1032=FACE_OUTER_BOUND('',#1602,.T.);
#1033=FACE_OUTER_BOUND('',#1603,.T.);
#1034=FACE_OUTER_BOUND('',#1604,.T.);
#1035=FACE_OUTER_BOUND('',#1605,.T.);
#1036=FACE_OUTER_BOUND('',#1606,.T.);
#1037=FACE_OUTER_BOUND('',#1607,.T.);
#1038=FACE_OUTER_BOUND('',#1608,.T.);
#1039=FACE_OUTER_BOUND('',#1609,.T.);
#1040=FACE_OUTER_BOUND('',#1610,.T.);
#1041=FACE_OUTER_BOUND('',#1611,.T.);
#1042=FACE_OUTER_BOUND('',#1612,.T.);
#1043=FACE_OUTER_BOUND('',#1613,.T.);
#1044=FACE_OUTER_BOUND('',#1614,.T.);
#1045=FACE_OUTER_BOUND('',#1615,.T.);
#1046=FACE_OUTER_BOUND('',#1616,.T.);
#1047=FACE_OUTER_BOUND('',#1617,.T.);
#1048=FACE_OUTER_BOUND('',#1618,.T.);
#1049=FACE_OUTER_BOUND('',#1619,.T.);
#1050=FACE_OUTER_BOUND('',#1620,.T.);
#1051=FACE_OUTER_BOUND('',#1621,.T.);
#1052=FACE_OUTER_BOUND('',#1622,.T.);
#1053=FACE_OUTER_BOUND('',#1623,.T.);
#1054=FACE_OUTER_BOUND('',#1624,.T.);
#1055=FACE_OUTER_BOUND('',#1625,.T.);
#1056=FACE_OUTER_BOUND('',#1626,.T.);
#1057=FACE_OUTER_BOUND('',#1627,.T.);
#1058=EDGE_LOOP('',(#6319,#6320,#6321,#6322));
#1059=EDGE_LOOP('',(#6323,#6324,#6325,#6326,#6327,#6328,#6329,#6330,#6331,
#6332,#6333,#6334,#6335,#6336,#6337,#6338,#6339,#6340,#6341,#6342,#6343,
#6344,#6345,#6346,#6347,#6348,#6349,#6350,#6351,#6352,#6353,#6354,#6355,
#6356,#6357,#6358,#6359,#6360,#6361,#6362,#6363,#6364,#6365,#6366,#6367,
#6368,#6369,#6370,#6371,#6372,#6373,#6374,#6375,#6376,#6377,#6378,#6379,
#6380,#6381,#6382,#6383,#6384,#6385,#6386,#6387,#6388,#6389,#6390,#6391,
#6392,#6393,#6394,#6395,#6396,#6397,#6398,#6399,#6400,#6401,#6402,#6403,
#6404,#6405,#6406,#6407,#6408,#6409,#6410,#6411,#6412,#6413,#6414,#6415,
#6416,#6417,#6418,#6419,#6420,#6421,#6422,#6423,#6424,#6425,#6426,#6427,
#6428,#6429,#6430,#6431,#6432,#6433,#6434,#6435,#6436,#6437,#6438,#6439,
#6440,#6441,#6442,#6443,#6444,#6445,#6446,#6447,#6448,#6449,#6450,#6451,
#6452,#6453,#6454,#6455,#6456,#6457,#6458,#6459,#6460,#6461,#6462,#6463,
#6464,#6465,#6466,#6467,#6468,#6469,#6470,#6471,#6472,#6473,#6474,#6475,
#6476,#6477,#6478,#6479,#6480,#6481,#6482,#6483,#6484,#6485,#6486,#6487,
#6488,#6489,#6490,#6491,#6492,#6493,#6494,#6495,#6496,#6497,#6498,#6499,
#6500,#6501,#6502));
#1060=EDGE_LOOP('',(#6503));
#1061=EDGE_LOOP('',(#6504));
#1062=EDGE_LOOP('',(#6505,#6506,#6507,#6508,#6509,#6510,#6511,#6512));
#1063=EDGE_LOOP('',(#6513,#6514,#6515,#6516,#6517,#6518,#6519,#6520));
#1064=EDGE_LOOP('',(#6521,#6522,#6523,#6524,#6525,#6526,#6527,#6528));
#1065=EDGE_LOOP('',(#6529));
#1066=EDGE_LOOP('',(#6530,#6531,#6532,#6533,#6534,#6535,#6536,#6537));
#1067=EDGE_LOOP('',(#6538,#6539,#6540,#6541,#6542,#6543,#6544,#6545));
#1068=EDGE_LOOP('',(#6546,#6547,#6548,#6549,#6550,#6551,#6552,#6553));
#1069=EDGE_LOOP('',(#6554,#6555,#6556,#6557,#6558,#6559,#6560,#6561));
#1070=EDGE_LOOP('',(#6562));
#1071=EDGE_LOOP('',(#6563,#6564,#6565,#6566,#6567,#6568,#6569,#6570));
#1072=EDGE_LOOP('',(#6571,#6572,#6573,#6574,#6575,#6576,#6577,#6578));
#1073=EDGE_LOOP('',(#6579,#6580,#6581,#6582,#6583,#6584,#6585,#6586));
#1074=EDGE_LOOP('',(#6587,#6588,#6589,#6590,#6591,#6592,#6593,#6594));
#1075=EDGE_LOOP('',(#6595,#6596,#6597,#6598,#6599,#6600,#6601,#6602));
#1076=EDGE_LOOP('',(#6603,#6604,#6605,#6606,#6607,#6608,#6609,#6610));
#1077=EDGE_LOOP('',(#6611,#6612,#6613,#6614,#6615,#6616,#6617,#6618));
#1078=EDGE_LOOP('',(#6619,#6620,#6621,#6622,#6623,#6624,#6625,#6626));
#1079=EDGE_LOOP('',(#6627,#6628,#6629,#6630,#6631,#6632,#6633,#6634));
#1080=EDGE_LOOP('',(#6635,#6636,#6637,#6638,#6639,#6640,#6641,#6642));
#1081=EDGE_LOOP('',(#6643));
#1082=EDGE_LOOP('',(#6644,#6645,#6646,#6647,#6648,#6649,#6650,#6651));
#1083=EDGE_LOOP('',(#6652,#6653,#6654,#6655,#6656,#6657,#6658,#6659));
#1084=EDGE_LOOP('',(#6660,#6661,#6662,#6663,#6664,#6665,#6666,#6667));
#1085=EDGE_LOOP('',(#6668,#6669,#6670,#6671,#6672,#6673,#6674,#6675));
#1086=EDGE_LOOP('',(#6676,#6677,#6678,#6679,#6680,#6681,#6682,#6683));
#1087=EDGE_LOOP('',(#6684,#6685,#6686,#6687,#6688,#6689,#6690,#6691));
#1088=EDGE_LOOP('',(#6692,#6693,#6694,#6695,#6696,#6697,#6698,#6699));
#1089=EDGE_LOOP('',(#6700));
#1090=EDGE_LOOP('',(#6701));
#1091=EDGE_LOOP('',(#6702,#6703,#6704,#6705,#6706,#6707,#6708,#6709));
#1092=EDGE_LOOP('',(#6710,#6711,#6712,#6713,#6714,#6715,#6716,#6717));
#1093=EDGE_LOOP('',(#6718,#6719,#6720,#6721,#6722,#6723,#6724,#6725));
#1094=EDGE_LOOP('',(#6726,#6727,#6728,#6729,#6730,#6731,#6732,#6733));
#1095=EDGE_LOOP('',(#6734,#6735,#6736,#6737,#6738,#6739,#6740,#6741));
#1096=EDGE_LOOP('',(#6742,#6743,#6744,#6745,#6746,#6747,#6748,#6749));
#1097=EDGE_LOOP('',(#6750,#6751,#6752,#6753,#6754,#6755,#6756,#6757));
#1098=EDGE_LOOP('',(#6758,#6759,#6760,#6761,#6762,#6763,#6764,#6765));
#1099=EDGE_LOOP('',(#6766,#6767,#6768,#6769,#6770,#6771,#6772,#6773));
#1100=EDGE_LOOP('',(#6774));
#1101=EDGE_LOOP('',(#6775,#6776,#6777,#6778,#6779,#6780,#6781,#6782));
#1102=EDGE_LOOP('',(#6783,#6784,#6785,#6786,#6787,#6788,#6789,#6790));
#1103=EDGE_LOOP('',(#6791));
#1104=EDGE_LOOP('',(#6792));
#1105=EDGE_LOOP('',(#6793));
#1106=EDGE_LOOP('',(#6794,#6795,#6796,#6797));
#1107=EDGE_LOOP('',(#6798,#6799,#6800,#6801));
#1108=EDGE_LOOP('',(#6802,#6803,#6804,#6805));
#1109=EDGE_LOOP('',(#6806,#6807,#6808,#6809));
#1110=EDGE_LOOP('',(#6810,#6811,#6812,#6813));
#1111=EDGE_LOOP('',(#6814,#6815,#6816,#6817));
#1112=EDGE_LOOP('',(#6818,#6819,#6820,#6821));
#1113=EDGE_LOOP('',(#6822,#6823,#6824,#6825));
#1114=EDGE_LOOP('',(#6826,#6827,#6828,#6829));
#1115=EDGE_LOOP('',(#6830,#6831,#6832,#6833));
#1116=EDGE_LOOP('',(#6834,#6835,#6836,#6837));
#1117=EDGE_LOOP('',(#6838,#6839,#6840,#6841));
#1118=EDGE_LOOP('',(#6842,#6843,#6844,#6845));
#1119=EDGE_LOOP('',(#6846,#6847,#6848,#6849,#6850,#6851,#6852,#6853,#6854,
#6855,#6856,#6857,#6858,#6859,#6860,#6861,#6862,#6863,#6864,#6865,#6866,
#6867,#6868,#6869,#6870,#6871,#6872,#6873,#6874,#6875,#6876,#6877,#6878,
#6879,#6880,#6881,#6882,#6883,#6884,#6885,#6886,#6887,#6888,#6889,#6890,
#6891,#6892,#6893,#6894,#6895,#6896,#6897,#6898,#6899,#6900,#6901,#6902,
#6903,#6904,#6905,#6906,#6907,#6908,#6909,#6910,#6911,#6912,#6913,#6914,
#6915,#6916,#6917,#6918,#6919,#6920,#6921,#6922,#6923,#6924,#6925,#6926,
#6927,#6928,#6929,#6930,#6931,#6932,#6933,#6934,#6935,#6936,#6937,#6938,
#6939,#6940,#6941,#6942,#6943,#6944,#6945,#6946,#6947,#6948,#6949,#6950,
#6951,#6952,#6953,#6954,#6955,#6956,#6957,#6958,#6959,#6960,#6961,#6962,
#6963,#6964,#6965,#6966,#6967,#6968,#6969,#6970,#6971,#6972,#6973,#6974,
#6975,#6976,#6977,#6978,#6979,#6980,#6981,#6982,#6983,#6984,#6985,#6986,
#6987,#6988,#6989,#6990,#6991,#6992,#6993,#6994,#6995,#6996,#6997,#6998,
#6999,#7000,#7001,#7002,#7003,#7004,#7005,#7006,#7007,#7008,#7009,#7010,
#7011,#7012,#7013,#7014,#7015,#7016,#7017,#7018,#7019,#7020,#7021,#7022,
#7023,#7024,#7025));
#1120=EDGE_LOOP('',(#7026,#7027,#7028,#7029,#7030,#7031,#7032,#7033));
#1121=EDGE_LOOP('',(#7034,#7035,#7036,#7037,#7038,#7039,#7040,#7041));
#1122=EDGE_LOOP('',(#7042));
#1123=EDGE_LOOP('',(#7043,#7044,#7045,#7046,#7047,#7048,#7049,#7050));
#1124=EDGE_LOOP('',(#7051,#7052,#7053,#7054,#7055,#7056,#7057,#7058));
#1125=EDGE_LOOP('',(#7059,#7060,#7061,#7062,#7063,#7064,#7065,#7066));
#1126=EDGE_LOOP('',(#7067,#7068,#7069,#7070,#7071,#7072,#7073,#7074));
#1127=EDGE_LOOP('',(#7075,#7076,#7077,#7078,#7079,#7080,#7081,#7082));
#1128=EDGE_LOOP('',(#7083,#7084,#7085,#7086,#7087,#7088,#7089,#7090));
#1129=EDGE_LOOP('',(#7091,#7092,#7093,#7094,#7095,#7096,#7097,#7098));
#1130=EDGE_LOOP('',(#7099,#7100,#7101,#7102,#7103,#7104,#7105,#7106));
#1131=EDGE_LOOP('',(#7107,#7108,#7109,#7110,#7111,#7112,#7113,#7114));
#1132=EDGE_LOOP('',(#7115));
#1133=EDGE_LOOP('',(#7116));
#1134=EDGE_LOOP('',(#7117));
#1135=EDGE_LOOP('',(#7118));
#1136=EDGE_LOOP('',(#7119,#7120,#7121,#7122,#7123,#7124,#7125,#7126));
#1137=EDGE_LOOP('',(#7127));
#1138=EDGE_LOOP('',(#7128,#7129,#7130,#7131,#7132,#7133,#7134,#7135));
#1139=EDGE_LOOP('',(#7136,#7137,#7138,#7139,#7140,#7141,#7142,#7143));
#1140=EDGE_LOOP('',(#7144,#7145,#7146,#7147,#7148,#7149,#7150,#7151));
#1141=EDGE_LOOP('',(#7152,#7153,#7154,#7155,#7156,#7157,#7158,#7159));
#1142=EDGE_LOOP('',(#7160,#7161,#7162,#7163,#7164,#7165,#7166,#7167));
#1143=EDGE_LOOP('',(#7168,#7169,#7170,#7171,#7172,#7173,#7174,#7175));
#1144=EDGE_LOOP('',(#7176));
#1145=EDGE_LOOP('',(#7177,#7178,#7179,#7180,#7181,#7182,#7183,#7184));
#1146=EDGE_LOOP('',(#7185,#7186,#7187,#7188,#7189,#7190,#7191,#7192));
#1147=EDGE_LOOP('',(#7193));
#1148=EDGE_LOOP('',(#7194,#7195,#7196,#7197,#7198,#7199,#7200,#7201));
#1149=EDGE_LOOP('',(#7202,#7203,#7204,#7205,#7206,#7207,#7208,#7209));
#1150=EDGE_LOOP('',(#7210,#7211,#7212,#7213,#7214,#7215,#7216,#7217));
#1151=EDGE_LOOP('',(#7218));
#1152=EDGE_LOOP('',(#7219,#7220,#7221,#7222,#7223,#7224,#7225,#7226));
#1153=EDGE_LOOP('',(#7227,#7228,#7229,#7230,#7231,#7232,#7233,#7234));
#1154=EDGE_LOOP('',(#7235,#7236,#7237,#7238,#7239,#7240,#7241,#7242));
#1155=EDGE_LOOP('',(#7243,#7244,#7245,#7246,#7247,#7248,#7249,#7250));
#1156=EDGE_LOOP('',(#7251,#7252,#7253,#7254,#7255,#7256,#7257,#7258));
#1157=EDGE_LOOP('',(#7259));
#1158=EDGE_LOOP('',(#7260,#7261,#7262,#7263,#7264,#7265,#7266,#7267));
#1159=EDGE_LOOP('',(#7268,#7269,#7270,#7271,#7272,#7273,#7274,#7275));
#1160=EDGE_LOOP('',(#7276,#7277,#7278,#7279,#7280,#7281,#7282,#7283));
#1161=EDGE_LOOP('',(#7284,#7285,#7286,#7287,#7288,#7289,#7290,#7291));
#1162=EDGE_LOOP('',(#7292));
#1163=EDGE_LOOP('',(#7293,#7294,#7295,#7296,#7297,#7298,#7299,#7300));
#1164=EDGE_LOOP('',(#7301,#7302,#7303,#7304,#7305,#7306,#7307,#7308));
#1165=EDGE_LOOP('',(#7309,#7310,#7311,#7312,#7313,#7314,#7315,#7316));
#1166=EDGE_LOOP('',(#7317,#7318,#7319,#7320));
#1167=EDGE_LOOP('',(#7321,#7322,#7323,#7324));
#1168=EDGE_LOOP('',(#7325,#7326,#7327,#7328));
#1169=EDGE_LOOP('',(#7329,#7330,#7331,#7332));
#1170=EDGE_LOOP('',(#7333,#7334,#7335,#7336));
#1171=EDGE_LOOP('',(#7337,#7338,#7339,#7340));
#1172=EDGE_LOOP('',(#7341,#7342,#7343,#7344));
#1173=EDGE_LOOP('',(#7345,#7346,#7347,#7348));
#1174=EDGE_LOOP('',(#7349,#7350,#7351,#7352));
#1175=EDGE_LOOP('',(#7353,#7354,#7355,#7356));
#1176=EDGE_LOOP('',(#7357,#7358,#7359,#7360));
#1177=EDGE_LOOP('',(#7361,#7362,#7363,#7364));
#1178=EDGE_LOOP('',(#7365,#7366,#7367,#7368));
#1179=EDGE_LOOP('',(#7369,#7370,#7371,#7372));
#1180=EDGE_LOOP('',(#7373,#7374,#7375,#7376));
#1181=EDGE_LOOP('',(#7377,#7378,#7379,#7380));
#1182=EDGE_LOOP('',(#7381,#7382,#7383,#7384));
#1183=EDGE_LOOP('',(#7385,#7386,#7387,#7388));
#1184=EDGE_LOOP('',(#7389,#7390,#7391,#7392));
#1185=EDGE_LOOP('',(#7393,#7394,#7395,#7396));
#1186=EDGE_LOOP('',(#7397,#7398,#7399,#7400));
#1187=EDGE_LOOP('',(#7401,#7402,#7403,#7404));
#1188=EDGE_LOOP('',(#7405,#7406,#7407,#7408));
#1189=EDGE_LOOP('',(#7409,#7410,#7411,#7412));
#1190=EDGE_LOOP('',(#7413,#7414,#7415,#7416));
#1191=EDGE_LOOP('',(#7417,#7418,#7419,#7420));
#1192=EDGE_LOOP('',(#7421,#7422,#7423,#7424));
#1193=EDGE_LOOP('',(#7425,#7426,#7427,#7428));
#1194=EDGE_LOOP('',(#7429,#7430,#7431,#7432));
#1195=EDGE_LOOP('',(#7433,#7434,#7435,#7436));
#1196=EDGE_LOOP('',(#7437,#7438,#7439,#7440));
#1197=EDGE_LOOP('',(#7441,#7442,#7443,#7444));
#1198=EDGE_LOOP('',(#7445,#7446,#7447,#7448));
#1199=EDGE_LOOP('',(#7449,#7450,#7451,#7452));
#1200=EDGE_LOOP('',(#7453,#7454,#7455,#7456));
#1201=EDGE_LOOP('',(#7457,#7458,#7459,#7460));
#1202=EDGE_LOOP('',(#7461,#7462,#7463,#7464));
#1203=EDGE_LOOP('',(#7465,#7466,#7467,#7468));
#1204=EDGE_LOOP('',(#7469,#7470,#7471,#7472));
#1205=EDGE_LOOP('',(#7473,#7474,#7475,#7476));
#1206=EDGE_LOOP('',(#7477,#7478,#7479,#7480));
#1207=EDGE_LOOP('',(#7481,#7482,#7483,#7484));
#1208=EDGE_LOOP('',(#7485,#7486,#7487,#7488));
#1209=EDGE_LOOP('',(#7489,#7490,#7491,#7492));
#1210=EDGE_LOOP('',(#7493,#7494,#7495,#7496));
#1211=EDGE_LOOP('',(#7497,#7498,#7499,#7500));
#1212=EDGE_LOOP('',(#7501,#7502,#7503,#7504));
#1213=EDGE_LOOP('',(#7505,#7506,#7507,#7508));
#1214=EDGE_LOOP('',(#7509,#7510,#7511,#7512));
#1215=EDGE_LOOP('',(#7513,#7514,#7515,#7516));
#1216=EDGE_LOOP('',(#7517,#7518,#7519,#7520));
#1217=EDGE_LOOP('',(#7521,#7522,#7523,#7524));
#1218=EDGE_LOOP('',(#7525,#7526,#7527,#7528));
#1219=EDGE_LOOP('',(#7529,#7530,#7531,#7532));
#1220=EDGE_LOOP('',(#7533,#7534,#7535,#7536));
#1221=EDGE_LOOP('',(#7537,#7538,#7539,#7540));
#1222=EDGE_LOOP('',(#7541,#7542,#7543,#7544));
#1223=EDGE_LOOP('',(#7545,#7546,#7547,#7548));
#1224=EDGE_LOOP('',(#7549,#7550,#7551,#7552));
#1225=EDGE_LOOP('',(#7553,#7554,#7555,#7556));
#1226=EDGE_LOOP('',(#7557,#7558,#7559,#7560));
#1227=EDGE_LOOP('',(#7561,#7562,#7563,#7564));
#1228=EDGE_LOOP('',(#7565,#7566,#7567,#7568));
#1229=EDGE_LOOP('',(#7569,#7570,#7571,#7572));
#1230=EDGE_LOOP('',(#7573,#7574,#7575,#7576));
#1231=EDGE_LOOP('',(#7577,#7578,#7579,#7580));
#1232=EDGE_LOOP('',(#7581,#7582,#7583,#7584));
#1233=EDGE_LOOP('',(#7585,#7586,#7587,#7588));
#1234=EDGE_LOOP('',(#7589,#7590,#7591,#7592));
#1235=EDGE_LOOP('',(#7593,#7594,#7595,#7596));
#1236=EDGE_LOOP('',(#7597,#7598,#7599,#7600));
#1237=EDGE_LOOP('',(#7601,#7602,#7603,#7604));
#1238=EDGE_LOOP('',(#7605,#7606,#7607,#7608));
#1239=EDGE_LOOP('',(#7609,#7610,#7611,#7612));
#1240=EDGE_LOOP('',(#7613,#7614,#7615,#7616));
#1241=EDGE_LOOP('',(#7617,#7618,#7619,#7620));
#1242=EDGE_LOOP('',(#7621,#7622,#7623,#7624));
#1243=EDGE_LOOP('',(#7625,#7626,#7627,#7628));
#1244=EDGE_LOOP('',(#7629,#7630,#7631,#7632));
#1245=EDGE_LOOP('',(#7633,#7634,#7635,#7636));
#1246=EDGE_LOOP('',(#7637,#7638,#7639,#7640));
#1247=EDGE_LOOP('',(#7641,#7642,#7643,#7644));
#1248=EDGE_LOOP('',(#7645,#7646,#7647,#7648));
#1249=EDGE_LOOP('',(#7649,#7650,#7651,#7652));
#1250=EDGE_LOOP('',(#7653,#7654,#7655,#7656));
#1251=EDGE_LOOP('',(#7657,#7658,#7659,#7660));
#1252=EDGE_LOOP('',(#7661,#7662,#7663,#7664));
#1253=EDGE_LOOP('',(#7665,#7666,#7667,#7668));
#1254=EDGE_LOOP('',(#7669,#7670,#7671,#7672));
#1255=EDGE_LOOP('',(#7673,#7674,#7675,#7676));
#1256=EDGE_LOOP('',(#7677,#7678,#7679,#7680));
#1257=EDGE_LOOP('',(#7681,#7682,#7683,#7684));
#1258=EDGE_LOOP('',(#7685,#7686,#7687,#7688));
#1259=EDGE_LOOP('',(#7689,#7690,#7691,#7692));
#1260=EDGE_LOOP('',(#7693,#7694,#7695,#7696));
#1261=EDGE_LOOP('',(#7697,#7698,#7699,#7700));
#1262=EDGE_LOOP('',(#7701,#7702,#7703,#7704));
#1263=EDGE_LOOP('',(#7705,#7706,#7707,#7708));
#1264=EDGE_LOOP('',(#7709,#7710,#7711,#7712));
#1265=EDGE_LOOP('',(#7713,#7714,#7715,#7716));
#1266=EDGE_LOOP('',(#7717,#7718,#7719,#7720));
#1267=EDGE_LOOP('',(#7721,#7722,#7723,#7724));
#1268=EDGE_LOOP('',(#7725,#7726,#7727,#7728));
#1269=EDGE_LOOP('',(#7729,#7730,#7731,#7732));
#1270=EDGE_LOOP('',(#7733,#7734,#7735,#7736));
#1271=EDGE_LOOP('',(#7737,#7738,#7739,#7740));
#1272=EDGE_LOOP('',(#7741,#7742,#7743,#7744));
#1273=EDGE_LOOP('',(#7745,#7746,#7747,#7748));
#1274=EDGE_LOOP('',(#7749,#7750,#7751,#7752));
#1275=EDGE_LOOP('',(#7753,#7754,#7755,#7756));
#1276=EDGE_LOOP('',(#7757,#7758,#7759,#7760));
#1277=EDGE_LOOP('',(#7761,#7762,#7763,#7764));
#1278=EDGE_LOOP('',(#7765,#7766,#7767,#7768));
#1279=EDGE_LOOP('',(#7769,#7770,#7771,#7772));
#1280=EDGE_LOOP('',(#7773,#7774,#7775,#7776));
#1281=EDGE_LOOP('',(#7777,#7778,#7779,#7780));
#1282=EDGE_LOOP('',(#7781,#7782,#7783,#7784));
#1283=EDGE_LOOP('',(#7785,#7786,#7787,#7788));
#1284=EDGE_LOOP('',(#7789,#7790,#7791,#7792));
#1285=EDGE_LOOP('',(#7793,#7794,#7795,#7796));
#1286=EDGE_LOOP('',(#7797,#7798,#7799,#7800));
#1287=EDGE_LOOP('',(#7801,#7802,#7803,#7804));
#1288=EDGE_LOOP('',(#7805,#7806,#7807,#7808));
#1289=EDGE_LOOP('',(#7809,#7810,#7811,#7812));
#1290=EDGE_LOOP('',(#7813,#7814,#7815,#7816));
#1291=EDGE_LOOP('',(#7817,#7818,#7819,#7820));
#1292=EDGE_LOOP('',(#7821,#7822,#7823,#7824));
#1293=EDGE_LOOP('',(#7825,#7826,#7827,#7828));
#1294=EDGE_LOOP('',(#7829,#7830,#7831,#7832));
#1295=EDGE_LOOP('',(#7833,#7834,#7835,#7836));
#1296=EDGE_LOOP('',(#7837,#7838,#7839,#7840));
#1297=EDGE_LOOP('',(#7841,#7842,#7843,#7844));
#1298=EDGE_LOOP('',(#7845,#7846,#7847,#7848));
#1299=EDGE_LOOP('',(#7849,#7850,#7851,#7852));
#1300=EDGE_LOOP('',(#7853,#7854,#7855,#7856));
#1301=EDGE_LOOP('',(#7857,#7858,#7859,#7860));
#1302=EDGE_LOOP('',(#7861,#7862,#7863,#7864));
#1303=EDGE_LOOP('',(#7865,#7866,#7867,#7868));
#1304=EDGE_LOOP('',(#7869,#7870,#7871,#7872));
#1305=EDGE_LOOP('',(#7873,#7874,#7875,#7876));
#1306=EDGE_LOOP('',(#7877,#7878,#7879,#7880));
#1307=EDGE_LOOP('',(#7881,#7882,#7883,#7884));
#1308=EDGE_LOOP('',(#7885,#7886,#7887,#7888));
#1309=EDGE_LOOP('',(#7889,#7890,#7891,#7892));
#1310=EDGE_LOOP('',(#7893,#7894,#7895,#7896));
#1311=EDGE_LOOP('',(#7897,#7898,#7899,#7900));
#1312=EDGE_LOOP('',(#7901,#7902,#7903,#7904));
#1313=EDGE_LOOP('',(#7905,#7906,#7907,#7908));
#1314=EDGE_LOOP('',(#7909,#7910,#7911,#7912));
#1315=EDGE_LOOP('',(#7913,#7914,#7915,#7916));
#1316=EDGE_LOOP('',(#7917,#7918,#7919,#7920));
#1317=EDGE_LOOP('',(#7921,#7922,#7923,#7924));
#1318=EDGE_LOOP('',(#7925,#7926,#7927,#7928));
#1319=EDGE_LOOP('',(#7929,#7930,#7931,#7932));
#1320=EDGE_LOOP('',(#7933,#7934,#7935,#7936));
#1321=EDGE_LOOP('',(#7937,#7938,#7939,#7940));
#1322=EDGE_LOOP('',(#7941,#7942,#7943,#7944));
#1323=EDGE_LOOP('',(#7945,#7946,#7947,#7948));
#1324=EDGE_LOOP('',(#7949,#7950,#7951,#7952));
#1325=EDGE_LOOP('',(#7953,#7954,#7955,#7956));
#1326=EDGE_LOOP('',(#7957,#7958,#7959,#7960));
#1327=EDGE_LOOP('',(#7961,#7962,#7963,#7964));
#1328=EDGE_LOOP('',(#7965,#7966,#7967,#7968));
#1329=EDGE_LOOP('',(#7969,#7970,#7971,#7972));
#1330=EDGE_LOOP('',(#7973,#7974,#7975,#7976));
#1331=EDGE_LOOP('',(#7977,#7978,#7979,#7980));
#1332=EDGE_LOOP('',(#7981,#7982,#7983,#7984));
#1333=EDGE_LOOP('',(#7985,#7986,#7987,#7988));
#1334=EDGE_LOOP('',(#7989,#7990,#7991,#7992));
#1335=EDGE_LOOP('',(#7993,#7994,#7995,#7996));
#1336=EDGE_LOOP('',(#7997,#7998,#7999,#8000));
#1337=EDGE_LOOP('',(#8001,#8002,#8003,#8004));
#1338=EDGE_LOOP('',(#8005,#8006,#8007,#8008));
#1339=EDGE_LOOP('',(#8009,#8010,#8011,#8012));
#1340=EDGE_LOOP('',(#8013,#8014,#8015,#8016));
#1341=EDGE_LOOP('',(#8017,#8018,#8019,#8020));
#1342=EDGE_LOOP('',(#8021,#8022,#8023,#8024));
#1343=EDGE_LOOP('',(#8025,#8026,#8027,#8028));
#1344=EDGE_LOOP('',(#8029,#8030,#8031,#8032));
#1345=EDGE_LOOP('',(#8033,#8034,#8035,#8036));
#1346=EDGE_LOOP('',(#8037,#8038,#8039,#8040));
#1347=EDGE_LOOP('',(#8041,#8042,#8043,#8044));
#1348=EDGE_LOOP('',(#8045,#8046,#8047,#8048));
#1349=EDGE_LOOP('',(#8049,#8050,#8051,#8052));
#1350=EDGE_LOOP('',(#8053,#8054,#8055,#8056));
#1351=EDGE_LOOP('',(#8057,#8058,#8059,#8060));
#1352=EDGE_LOOP('',(#8061,#8062,#8063,#8064));
#1353=EDGE_LOOP('',(#8065,#8066,#8067,#8068));
#1354=EDGE_LOOP('',(#8069,#8070,#8071,#8072));
#1355=EDGE_LOOP('',(#8073,#8074,#8075,#8076));
#1356=EDGE_LOOP('',(#8077,#8078,#8079,#8080));
#1357=EDGE_LOOP('',(#8081,#8082,#8083,#8084));
#1358=EDGE_LOOP('',(#8085,#8086,#8087,#8088));
#1359=EDGE_LOOP('',(#8089,#8090,#8091,#8092));
#1360=EDGE_LOOP('',(#8093,#8094,#8095,#8096));
#1361=EDGE_LOOP('',(#8097,#8098,#8099,#8100));
#1362=EDGE_LOOP('',(#8101,#8102,#8103,#8104));
#1363=EDGE_LOOP('',(#8105,#8106,#8107,#8108));
#1364=EDGE_LOOP('',(#8109,#8110,#8111,#8112));
#1365=EDGE_LOOP('',(#8113,#8114,#8115,#8116));
#1366=EDGE_LOOP('',(#8117,#8118,#8119,#8120));
#1367=EDGE_LOOP('',(#8121,#8122,#8123,#8124));
#1368=EDGE_LOOP('',(#8125,#8126,#8127,#8128));
#1369=EDGE_LOOP('',(#8129,#8130,#8131,#8132));
#1370=EDGE_LOOP('',(#8133,#8134,#8135,#8136));
#1371=EDGE_LOOP('',(#8137,#8138,#8139,#8140));
#1372=EDGE_LOOP('',(#8141,#8142,#8143,#8144));
#1373=EDGE_LOOP('',(#8145,#8146,#8147,#8148));
#1374=EDGE_LOOP('',(#8149,#8150,#8151,#8152));
#1375=EDGE_LOOP('',(#8153,#8154,#8155,#8156));
#1376=EDGE_LOOP('',(#8157,#8158,#8159,#8160));
#1377=EDGE_LOOP('',(#8161,#8162,#8163,#8164));
#1378=EDGE_LOOP('',(#8165,#8166,#8167,#8168));
#1379=EDGE_LOOP('',(#8169,#8170,#8171,#8172));
#1380=EDGE_LOOP('',(#8173,#8174,#8175,#8176));
#1381=EDGE_LOOP('',(#8177,#8178,#8179,#8180));
#1382=EDGE_LOOP('',(#8181,#8182,#8183,#8184));
#1383=EDGE_LOOP('',(#8185,#8186,#8187,#8188));
#1384=EDGE_LOOP('',(#8189,#8190,#8191,#8192));
#1385=EDGE_LOOP('',(#8193,#8194,#8195,#8196));
#1386=EDGE_LOOP('',(#8197,#8198,#8199,#8200));
#1387=EDGE_LOOP('',(#8201,#8202,#8203,#8204));
#1388=EDGE_LOOP('',(#8205,#8206,#8207,#8208));
#1389=EDGE_LOOP('',(#8209,#8210,#8211,#8212));
#1390=EDGE_LOOP('',(#8213,#8214,#8215,#8216));
#1391=EDGE_LOOP('',(#8217,#8218,#8219,#8220));
#1392=EDGE_LOOP('',(#8221,#8222,#8223,#8224));
#1393=EDGE_LOOP('',(#8225,#8226,#8227,#8228));
#1394=EDGE_LOOP('',(#8229,#8230,#8231,#8232));
#1395=EDGE_LOOP('',(#8233,#8234,#8235,#8236));
#1396=EDGE_LOOP('',(#8237,#8238,#8239,#8240));
#1397=EDGE_LOOP('',(#8241,#8242,#8243,#8244));
#1398=EDGE_LOOP('',(#8245,#8246,#8247,#8248));
#1399=EDGE_LOOP('',(#8249,#8250,#8251,#8252));
#1400=EDGE_LOOP('',(#8253,#8254,#8255,#8256));
#1401=EDGE_LOOP('',(#8257,#8258,#8259,#8260));
#1402=EDGE_LOOP('',(#8261,#8262,#8263,#8264));
#1403=EDGE_LOOP('',(#8265,#8266,#8267,#8268));
#1404=EDGE_LOOP('',(#8269,#8270,#8271,#8272));
#1405=EDGE_LOOP('',(#8273,#8274,#8275,#8276));
#1406=EDGE_LOOP('',(#8277,#8278,#8279,#8280));
#1407=EDGE_LOOP('',(#8281,#8282,#8283,#8284));
#1408=EDGE_LOOP('',(#8285,#8286,#8287,#8288));
#1409=EDGE_LOOP('',(#8289,#8290,#8291,#8292));
#1410=EDGE_LOOP('',(#8293,#8294,#8295,#8296));
#1411=EDGE_LOOP('',(#8297,#8298,#8299,#8300));
#1412=EDGE_LOOP('',(#8301,#8302,#8303,#8304));
#1413=EDGE_LOOP('',(#8305,#8306,#8307,#8308));
#1414=EDGE_LOOP('',(#8309,#8310,#8311,#8312));
#1415=EDGE_LOOP('',(#8313,#8314,#8315,#8316));
#1416=EDGE_LOOP('',(#8317,#8318,#8319,#8320));
#1417=EDGE_LOOP('',(#8321,#8322,#8323,#8324));
#1418=EDGE_LOOP('',(#8325,#8326,#8327,#8328));
#1419=EDGE_LOOP('',(#8329,#8330,#8331,#8332));
#1420=EDGE_LOOP('',(#8333,#8334,#8335,#8336));
#1421=EDGE_LOOP('',(#8337,#8338,#8339,#8340));
#1422=EDGE_LOOP('',(#8341,#8342,#8343,#8344));
#1423=EDGE_LOOP('',(#8345,#8346,#8347,#8348));
#1424=EDGE_LOOP('',(#8349,#8350,#8351,#8352));
#1425=EDGE_LOOP('',(#8353,#8354,#8355,#8356));
#1426=EDGE_LOOP('',(#8357,#8358,#8359,#8360));
#1427=EDGE_LOOP('',(#8361,#8362,#8363,#8364));
#1428=EDGE_LOOP('',(#8365,#8366,#8367,#8368));
#1429=EDGE_LOOP('',(#8369,#8370,#8371,#8372));
#1430=EDGE_LOOP('',(#8373,#8374,#8375,#8376));
#1431=EDGE_LOOP('',(#8377,#8378,#8379,#8380));
#1432=EDGE_LOOP('',(#8381,#8382,#8383,#8384));
#1433=EDGE_LOOP('',(#8385,#8386,#8387,#8388));
#1434=EDGE_LOOP('',(#8389,#8390,#8391,#8392));
#1435=EDGE_LOOP('',(#8393,#8394,#8395,#8396));
#1436=EDGE_LOOP('',(#8397,#8398,#8399,#8400));
#1437=EDGE_LOOP('',(#8401,#8402,#8403,#8404));
#1438=EDGE_LOOP('',(#8405,#8406,#8407,#8408));
#1439=EDGE_LOOP('',(#8409,#8410,#8411,#8412));
#1440=EDGE_LOOP('',(#8413,#8414,#8415,#8416));
#1441=EDGE_LOOP('',(#8417,#8418,#8419,#8420));
#1442=EDGE_LOOP('',(#8421,#8422,#8423,#8424));
#1443=EDGE_LOOP('',(#8425,#8426,#8427,#8428));
#1444=EDGE_LOOP('',(#8429,#8430,#8431,#8432));
#1445=EDGE_LOOP('',(#8433,#8434,#8435,#8436));
#1446=EDGE_LOOP('',(#8437,#8438,#8439,#8440));
#1447=EDGE_LOOP('',(#8441,#8442,#8443,#8444));
#1448=EDGE_LOOP('',(#8445,#8446,#8447,#8448));
#1449=EDGE_LOOP('',(#8449,#8450,#8451,#8452));
#1450=EDGE_LOOP('',(#8453,#8454,#8455,#8456));
#1451=EDGE_LOOP('',(#8457,#8458,#8459,#8460));
#1452=EDGE_LOOP('',(#8461,#8462,#8463,#8464));
#1453=EDGE_LOOP('',(#8465,#8466,#8467,#8468));
#1454=EDGE_LOOP('',(#8469,#8470,#8471,#8472));
#1455=EDGE_LOOP('',(#8473,#8474,#8475,#8476));
#1456=EDGE_LOOP('',(#8477,#8478,#8479,#8480));
#1457=EDGE_LOOP('',(#8481,#8482,#8483,#8484));
#1458=EDGE_LOOP('',(#8485,#8486,#8487,#8488));
#1459=EDGE_LOOP('',(#8489,#8490,#8491,#8492));
#1460=EDGE_LOOP('',(#8493,#8494,#8495,#8496));
#1461=EDGE_LOOP('',(#8497,#8498,#8499,#8500));
#1462=EDGE_LOOP('',(#8501,#8502,#8503,#8504));
#1463=EDGE_LOOP('',(#8505,#8506,#8507,#8508));
#1464=EDGE_LOOP('',(#8509,#8510,#8511,#8512));
#1465=EDGE_LOOP('',(#8513,#8514,#8515,#8516));
#1466=EDGE_LOOP('',(#8517,#8518,#8519,#8520));
#1467=EDGE_LOOP('',(#8521,#8522,#8523,#8524));
#1468=EDGE_LOOP('',(#8525,#8526,#8527,#8528));
#1469=EDGE_LOOP('',(#8529,#8530,#8531,#8532));
#1470=EDGE_LOOP('',(#8533,#8534,#8535,#8536));
#1471=EDGE_LOOP('',(#8537,#8538,#8539,#8540));
#1472=EDGE_LOOP('',(#8541,#8542,#8543,#8544));
#1473=EDGE_LOOP('',(#8545,#8546,#8547,#8548));
#1474=EDGE_LOOP('',(#8549,#8550,#8551,#8552));
#1475=EDGE_LOOP('',(#8553,#8554,#8555,#8556));
#1476=EDGE_LOOP('',(#8557,#8558,#8559,#8560));
#1477=EDGE_LOOP('',(#8561,#8562,#8563,#8564));
#1478=EDGE_LOOP('',(#8565,#8566,#8567,#8568));
#1479=EDGE_LOOP('',(#8569,#8570,#8571,#8572));
#1480=EDGE_LOOP('',(#8573,#8574,#8575,#8576));
#1481=EDGE_LOOP('',(#8577,#8578,#8579,#8580));
#1482=EDGE_LOOP('',(#8581,#8582,#8583,#8584));
#1483=EDGE_LOOP('',(#8585,#8586,#8587,#8588));
#1484=EDGE_LOOP('',(#8589,#8590,#8591,#8592));
#1485=EDGE_LOOP('',(#8593,#8594,#8595,#8596));
#1486=EDGE_LOOP('',(#8597,#8598,#8599,#8600));
#1487=EDGE_LOOP('',(#8601,#8602,#8603,#8604));
#1488=EDGE_LOOP('',(#8605,#8606,#8607,#8608));
#1489=EDGE_LOOP('',(#8609,#8610,#8611,#8612));
#1490=EDGE_LOOP('',(#8613,#8614,#8615,#8616));
#1491=EDGE_LOOP('',(#8617,#8618,#8619,#8620));
#1492=EDGE_LOOP('',(#8621,#8622,#8623,#8624));
#1493=EDGE_LOOP('',(#8625,#8626,#8627,#8628));
#1494=EDGE_LOOP('',(#8629,#8630,#8631,#8632));
#1495=EDGE_LOOP('',(#8633,#8634,#8635,#8636));
#1496=EDGE_LOOP('',(#8637,#8638,#8639,#8640));
#1497=EDGE_LOOP('',(#8641,#8642,#8643,#8644));
#1498=EDGE_LOOP('',(#8645,#8646,#8647,#8648));
#1499=EDGE_LOOP('',(#8649,#8650,#8651,#8652));
#1500=EDGE_LOOP('',(#8653,#8654,#8655,#8656));
#1501=EDGE_LOOP('',(#8657,#8658,#8659,#8660));
#1502=EDGE_LOOP('',(#8661,#8662,#8663,#8664));
#1503=EDGE_LOOP('',(#8665,#8666,#8667,#8668));
#1504=EDGE_LOOP('',(#8669,#8670,#8671,#8672));
#1505=EDGE_LOOP('',(#8673,#8674,#8675,#8676));
#1506=EDGE_LOOP('',(#8677,#8678,#8679,#8680));
#1507=EDGE_LOOP('',(#8681,#8682,#8683,#8684));
#1508=EDGE_LOOP('',(#8685,#8686,#8687,#8688));
#1509=EDGE_LOOP('',(#8689,#8690,#8691,#8692));
#1510=EDGE_LOOP('',(#8693,#8694,#8695,#8696));
#1511=EDGE_LOOP('',(#8697,#8698,#8699,#8700));
#1512=EDGE_LOOP('',(#8701,#8702,#8703,#8704));
#1513=EDGE_LOOP('',(#8705,#8706,#8707,#8708));
#1514=EDGE_LOOP('',(#8709,#8710,#8711,#8712));
#1515=EDGE_LOOP('',(#8713,#8714,#8715,#8716));
#1516=EDGE_LOOP('',(#8717,#8718,#8719,#8720));
#1517=EDGE_LOOP('',(#8721,#8722,#8723,#8724));
#1518=EDGE_LOOP('',(#8725,#8726,#8727,#8728));
#1519=EDGE_LOOP('',(#8729,#8730,#8731,#8732));
#1520=EDGE_LOOP('',(#8733,#8734,#8735,#8736));
#1521=EDGE_LOOP('',(#8737,#8738,#8739,#8740));
#1522=EDGE_LOOP('',(#8741,#8742,#8743,#8744));
#1523=EDGE_LOOP('',(#8745,#8746,#8747,#8748));
#1524=EDGE_LOOP('',(#8749,#8750,#8751,#8752));
#1525=EDGE_LOOP('',(#8753,#8754,#8755,#8756));
#1526=EDGE_LOOP('',(#8757,#8758,#8759,#8760));
#1527=EDGE_LOOP('',(#8761,#8762,#8763,#8764));
#1528=EDGE_LOOP('',(#8765,#8766,#8767,#8768));
#1529=EDGE_LOOP('',(#8769,#8770,#8771,#8772));
#1530=EDGE_LOOP('',(#8773,#8774,#8775,#8776));
#1531=EDGE_LOOP('',(#8777,#8778,#8779,#8780));
#1532=EDGE_LOOP('',(#8781,#8782,#8783,#8784));
#1533=EDGE_LOOP('',(#8785,#8786,#8787,#8788));
#1534=EDGE_LOOP('',(#8789,#8790,#8791,#8792));
#1535=EDGE_LOOP('',(#8793,#8794,#8795,#8796));
#1536=EDGE_LOOP('',(#8797,#8798,#8799,#8800));
#1537=EDGE_LOOP('',(#8801,#8802,#8803,#8804));
#1538=EDGE_LOOP('',(#8805,#8806,#8807,#8808));
#1539=EDGE_LOOP('',(#8809,#8810,#8811,#8812));
#1540=EDGE_LOOP('',(#8813,#8814,#8815,#8816));
#1541=EDGE_LOOP('',(#8817,#8818,#8819,#8820));
#1542=EDGE_LOOP('',(#8821,#8822,#8823,#8824));
#1543=EDGE_LOOP('',(#8825,#8826,#8827,#8828));
#1544=EDGE_LOOP('',(#8829,#8830,#8831,#8832));
#1545=EDGE_LOOP('',(#8833,#8834,#8835,#8836));
#1546=EDGE_LOOP('',(#8837,#8838,#8839,#8840));
#1547=EDGE_LOOP('',(#8841,#8842,#8843,#8844));
#1548=EDGE_LOOP('',(#8845,#8846,#8847,#8848));
#1549=EDGE_LOOP('',(#8849,#8850,#8851,#8852));
#1550=EDGE_LOOP('',(#8853,#8854,#8855,#8856));
#1551=EDGE_LOOP('',(#8857,#8858,#8859,#8860));
#1552=EDGE_LOOP('',(#8861,#8862,#8863,#8864));
#1553=EDGE_LOOP('',(#8865,#8866,#8867,#8868));
#1554=EDGE_LOOP('',(#8869,#8870,#8871,#8872));
#1555=EDGE_LOOP('',(#8873,#8874,#8875,#8876));
#1556=EDGE_LOOP('',(#8877,#8878,#8879,#8880));
#1557=EDGE_LOOP('',(#8881,#8882,#8883,#8884));
#1558=EDGE_LOOP('',(#8885,#8886,#8887,#8888));
#1559=EDGE_LOOP('',(#8889,#8890,#8891,#8892));
#1560=EDGE_LOOP('',(#8893,#8894,#8895,#8896));
#1561=EDGE_LOOP('',(#8897,#8898,#8899,#8900));
#1562=EDGE_LOOP('',(#8901,#8902,#8903,#8904));
#1563=EDGE_LOOP('',(#8905,#8906,#8907,#8908));
#1564=EDGE_LOOP('',(#8909,#8910,#8911,#8912));
#1565=EDGE_LOOP('',(#8913,#8914,#8915,#8916));
#1566=EDGE_LOOP('',(#8917,#8918,#8919,#8920));
#1567=EDGE_LOOP('',(#8921,#8922,#8923,#8924));
#1568=EDGE_LOOP('',(#8925,#8926,#8927,#8928));
#1569=EDGE_LOOP('',(#8929,#8930,#8931,#8932));
#1570=EDGE_LOOP('',(#8933,#8934,#8935,#8936));
#1571=EDGE_LOOP('',(#8937,#8938,#8939,#8940));
#1572=EDGE_LOOP('',(#8941,#8942,#8943,#8944));
#1573=EDGE_LOOP('',(#8945,#8946,#8947,#8948));
#1574=EDGE_LOOP('',(#8949,#8950,#8951,#8952));
#1575=EDGE_LOOP('',(#8953,#8954,#8955,#8956));
#1576=EDGE_LOOP('',(#8957,#8958,#8959,#8960));
#1577=EDGE_LOOP('',(#8961,#8962,#8963,#8964));
#1578=EDGE_LOOP('',(#8965,#8966,#8967,#8968));
#1579=EDGE_LOOP('',(#8969,#8970,#8971,#8972));
#1580=EDGE_LOOP('',(#8973,#8974,#8975,#8976));
#1581=EDGE_LOOP('',(#8977,#8978,#8979,#8980));
#1582=EDGE_LOOP('',(#8981,#8982,#8983,#8984));
#1583=EDGE_LOOP('',(#8985,#8986,#8987,#8988));
#1584=EDGE_LOOP('',(#8989,#8990,#8991,#8992));
#1585=EDGE_LOOP('',(#8993,#8994,#8995,#8996));
#1586=EDGE_LOOP('',(#8997,#8998,#8999,#9000));
#1587=EDGE_LOOP('',(#9001,#9002,#9003,#9004));
#1588=EDGE_LOOP('',(#9005,#9006,#9007,#9008));
#1589=EDGE_LOOP('',(#9009,#9010,#9011,#9012));
#1590=EDGE_LOOP('',(#9013,#9014,#9015,#9016));
#1591=EDGE_LOOP('',(#9017,#9018,#9019,#9020));
#1592=EDGE_LOOP('',(#9021,#9022,#9023,#9024));
#1593=EDGE_LOOP('',(#9025,#9026,#9027,#9028));
#1594=EDGE_LOOP('',(#9029,#9030,#9031,#9032));
#1595=EDGE_LOOP('',(#9033,#9034,#9035,#9036));
#1596=EDGE_LOOP('',(#9037,#9038,#9039,#9040));
#1597=EDGE_LOOP('',(#9041,#9042,#9043,#9044));
#1598=EDGE_LOOP('',(#9045,#9046,#9047,#9048));
#1599=EDGE_LOOP('',(#9049,#9050,#9051,#9052));
#1600=EDGE_LOOP('',(#9053,#9054,#9055,#9056));
#1601=EDGE_LOOP('',(#9057,#9058,#9059,#9060));
#1602=EDGE_LOOP('',(#9061,#9062,#9063,#9064));
#1603=EDGE_LOOP('',(#9065,#9066,#9067,#9068));
#1604=EDGE_LOOP('',(#9069,#9070,#9071,#9072));
#1605=EDGE_LOOP('',(#9073,#9074,#9075,#9076));
#1606=EDGE_LOOP('',(#9077,#9078,#9079,#9080));
#1607=EDGE_LOOP('',(#9081,#9082,#9083,#9084));
#1608=EDGE_LOOP('',(#9085,#9086,#9087,#9088));
#1609=EDGE_LOOP('',(#9089,#9090,#9091,#9092));
#1610=EDGE_LOOP('',(#9093,#9094,#9095,#9096));
#1611=EDGE_LOOP('',(#9097,#9098,#9099,#9100));
#1612=EDGE_LOOP('',(#9101,#9102,#9103,#9104));
#1613=EDGE_LOOP('',(#9105,#9106,#9107,#9108));
#1614=EDGE_LOOP('',(#9109,#9110,#9111,#9112));
#1615=EDGE_LOOP('',(#9113,#9114,#9115,#9116));
#1616=EDGE_LOOP('',(#9117,#9118,#9119,#9120));
#1617=EDGE_LOOP('',(#9121,#9122,#9123,#9124));
#1618=EDGE_LOOP('',(#9125,#9126,#9127,#9128));
#1619=EDGE_LOOP('',(#9129,#9130,#9131,#9132));
#1620=EDGE_LOOP('',(#9133,#9134,#9135,#9136));
#1621=EDGE_LOOP('',(#9137,#9138,#9139,#9140));
#1622=EDGE_LOOP('',(#9141,#9142,#9143,#9144));
#1623=EDGE_LOOP('',(#9145,#9146,#9147,#9148));
#1624=EDGE_LOOP('',(#9149,#9150,#9151,#9152));
#1625=EDGE_LOOP('',(#9153,#9154,#9155,#9156));
#1626=EDGE_LOOP('',(#9157,#9158,#9159,#9160));
#1627=EDGE_LOOP('',(#9161,#9162,#9163,#9164));
#1628=LINE('',#13564,#2526);
#1629=LINE('',#13575,#2527);
#1630=LINE('',#13579,#2528);
#1631=LINE('',#13583,#2529);
#1632=LINE('',#13587,#2530);
#1633=LINE('',#13595,#2531);
#1634=LINE('',#13599,#2532);
#1635=LINE('',#13603,#2533);
#1636=LINE('',#13607,#2534);
#1637=LINE('',#13615,#2535);
#1638=LINE('',#13623,#2536);
#1639=LINE('',#13627,#2537);
#1640=LINE('',#13631,#2538);
#1641=LINE('',#13635,#2539);
#1642=LINE('',#13643,#2540);
#1643=LINE('',#13647,#2541);
#1644=LINE('',#13651,#2542);
#1645=LINE('',#13655,#2543);
#1646=LINE('',#13663,#2544);
#1647=LINE('',#13669,#2545);
#1648=LINE('',#13675,#2546);
#1649=LINE('',#13679,#2547);
#1650=LINE('',#13683,#2548);
#1651=LINE('',#13691,#2549);
#1652=LINE('',#13695,#2550);
#1653=LINE('',#13699,#2551);
#1654=LINE('',#13703,#2552);
#1655=LINE('',#13711,#2553);
#1656=LINE('',#13715,#2554);
#1657=LINE('',#13719,#2555);
#1658=LINE('',#13723,#2556);
#1659=LINE('',#13731,#2557);
#1660=LINE('',#13735,#2558);
#1661=LINE('',#13739,#2559);
#1662=LINE('',#13747,#2560);
#1663=LINE('',#13751,#2561);
#1664=LINE('',#13755,#2562);
#1665=LINE('',#13759,#2563);
#1666=LINE('',#13767,#2564);
#1667=LINE('',#13771,#2565);
#1668=LINE('',#13775,#2566);
#1669=LINE('',#13779,#2567);
#1670=LINE('',#13783,#2568);
#1671=LINE('',#13791,#2569);
#1672=LINE('',#13795,#2570);
#1673=LINE('',#13799,#2571);
#1674=LINE('',#13803,#2572);
#1675=LINE('',#13807,#2573);
#1676=LINE('',#13815,#2574);
#1677=LINE('',#13819,#2575);
#1678=LINE('',#13823,#2576);
#1679=LINE('',#13827,#2577);
#1680=LINE('',#13835,#2578);
#1681=LINE('',#13839,#2579);
#1682=LINE('',#13843,#2580);
#1683=LINE('',#13847,#2581);
#1684=LINE('',#13855,#2582);
#1685=LINE('',#13859,#2583);
#1686=LINE('',#13863,#2584);
#1687=LINE('',#13871,#2585);
#1688=LINE('',#13875,#2586);
#1689=LINE('',#13879,#2587);
#1690=LINE('',#13883,#2588);
#1691=LINE('',#13891,#2589);
#1692=LINE('',#13895,#2590);
#1693=LINE('',#13899,#2591);
#1694=LINE('',#13903,#2592);
#1695=LINE('',#13911,#2593);
#1696=LINE('',#13915,#2594);
#1697=LINE('',#13919,#2595);
#1698=LINE('',#13923,#2596);
#1699=LINE('',#13926,#2597);
#1700=LINE('',#13935,#2598);
#1701=LINE('',#13939,#2599);
#1702=LINE('',#13943,#2600);
#1703=LINE('',#13946,#2601);
#1704=LINE('',#13951,#2602);
#1705=LINE('',#13955,#2603);
#1706=LINE('',#13959,#2604);
#1707=LINE('',#13962,#2605);
#1708=LINE('',#13967,#2606);
#1709=LINE('',#13971,#2607);
#1710=LINE('',#13975,#2608);
#1711=LINE('',#13978,#2609);
#1712=LINE('',#13985,#2610);
#1713=LINE('',#13989,#2611);
#1714=LINE('',#13993,#2612);
#1715=LINE('',#13996,#2613);
#1716=LINE('',#14001,#2614);
#1717=LINE('',#14005,#2615);
#1718=LINE('',#14009,#2616);
#1719=LINE('',#14012,#2617);
#1720=LINE('',#14017,#2618);
#1721=LINE('',#14021,#2619);
#1722=LINE('',#14025,#2620);
#1723=LINE('',#14028,#2621);
#1724=LINE('',#14033,#2622);
#1725=LINE('',#14037,#2623);
#1726=LINE('',#14041,#2624);
#1727=LINE('',#14044,#2625);
#1728=LINE('',#14051,#2626);
#1729=LINE('',#14055,#2627);
#1730=LINE('',#14059,#2628);
#1731=LINE('',#14062,#2629);
#1732=LINE('',#14067,#2630);
#1733=LINE('',#14071,#2631);
#1734=LINE('',#14075,#2632);
#1735=LINE('',#14078,#2633);
#1736=LINE('',#14083,#2634);
#1737=LINE('',#14087,#2635);
#1738=LINE('',#14091,#2636);
#1739=LINE('',#14094,#2637);
#1740=LINE('',#14099,#2638);
#1741=LINE('',#14103,#2639);
#1742=LINE('',#14107,#2640);
#1743=LINE('',#14110,#2641);
#1744=LINE('',#14115,#2642);
#1745=LINE('',#14119,#2643);
#1746=LINE('',#14123,#2644);
#1747=LINE('',#14126,#2645);
#1748=LINE('',#14131,#2646);
#1749=LINE('',#14135,#2647);
#1750=LINE('',#14139,#2648);
#1751=LINE('',#14142,#2649);
#1752=LINE('',#14147,#2650);
#1753=LINE('',#14151,#2651);
#1754=LINE('',#14155,#2652);
#1755=LINE('',#14158,#2653);
#1756=LINE('',#14163,#2654);
#1757=LINE('',#14167,#2655);
#1758=LINE('',#14171,#2656);
#1759=LINE('',#14174,#2657);
#1760=LINE('',#14179,#2658);
#1761=LINE('',#14183,#2659);
#1762=LINE('',#14187,#2660);
#1763=LINE('',#14190,#2661);
#1764=LINE('',#14195,#2662);
#1765=LINE('',#14199,#2663);
#1766=LINE('',#14203,#2664);
#1767=LINE('',#14206,#2665);
#1768=LINE('',#14213,#2666);
#1769=LINE('',#14217,#2667);
#1770=LINE('',#14221,#2668);
#1771=LINE('',#14224,#2669);
#1772=LINE('',#14229,#2670);
#1773=LINE('',#14233,#2671);
#1774=LINE('',#14237,#2672);
#1775=LINE('',#14240,#2673);
#1776=LINE('',#14245,#2674);
#1777=LINE('',#14249,#2675);
#1778=LINE('',#14253,#2676);
#1779=LINE('',#14256,#2677);
#1780=LINE('',#14261,#2678);
#1781=LINE('',#14265,#2679);
#1782=LINE('',#14269,#2680);
#1783=LINE('',#14272,#2681);
#1784=LINE('',#14277,#2682);
#1785=LINE('',#14281,#2683);
#1786=LINE('',#14285,#2684);
#1787=LINE('',#14288,#2685);
#1788=LINE('',#14293,#2686);
#1789=LINE('',#14297,#2687);
#1790=LINE('',#14301,#2688);
#1791=LINE('',#14304,#2689);
#1792=LINE('',#14309,#2690);
#1793=LINE('',#14313,#2691);
#1794=LINE('',#14317,#2692);
#1795=LINE('',#14320,#2693);
#1796=LINE('',#14329,#2694);
#1797=LINE('',#14333,#2695);
#1798=LINE('',#14337,#2696);
#1799=LINE('',#14340,#2697);
#1800=LINE('',#14345,#2698);
#1801=LINE('',#14349,#2699);
#1802=LINE('',#14353,#2700);
#1803=LINE('',#14356,#2701);
#1804=LINE('',#14361,#2702);
#1805=LINE('',#14365,#2703);
#1806=LINE('',#14369,#2704);
#1807=LINE('',#14372,#2705);
#1808=LINE('',#14377,#2706);
#1809=LINE('',#14381,#2707);
#1810=LINE('',#14385,#2708);
#1811=LINE('',#14388,#2709);
#1812=LINE('',#14391,#2710);
#1813=LINE('',#14395,#2711);
#1814=LINE('',#14399,#2712);
#1815=LINE('',#14403,#2713);
#1816=LINE('',#14409,#2714);
#1817=LINE('',#14413,#2715);
#1818=LINE('',#14417,#2716);
#1819=LINE('',#14420,#2717);
#1820=LINE('',#14425,#2718);
#1821=LINE('',#14429,#2719);
#1822=LINE('',#14433,#2720);
#1823=LINE('',#14436,#2721);
#1824=LINE('',#14441,#2722);
#1825=LINE('',#14445,#2723);
#1826=LINE('',#14449,#2724);
#1827=LINE('',#14452,#2725);
#1828=LINE('',#14457,#2726);
#1829=LINE('',#14461,#2727);
#1830=LINE('',#14465,#2728);
#1831=LINE('',#14468,#2729);
#1832=LINE('',#14475,#2730);
#1833=LINE('',#14479,#2731);
#1834=LINE('',#14483,#2732);
#1835=LINE('',#14486,#2733);
#1836=LINE('',#14491,#2734);
#1837=LINE('',#14495,#2735);
#1838=LINE('',#14499,#2736);
#1839=LINE('',#14502,#2737);
#1840=LINE('',#14510,#2738);
#1841=LINE('',#14513,#2739);
#1842=LINE('',#14518,#2740);
#1843=LINE('',#14521,#2741);
#1844=LINE('',#14526,#2742);
#1845=LINE('',#14529,#2743);
#1846=LINE('',#14534,#2744);
#1847=LINE('',#14537,#2745);
#1848=LINE('',#14542,#2746);
#1849=LINE('',#14547,#2747);
#1850=LINE('',#14548,#2748);
#1851=LINE('',#14551,#2749);
#1852=LINE('',#14552,#2750);
#1853=LINE('',#14557,#2751);
#1854=LINE('',#14558,#2752);
#1855=LINE('',#14561,#2753);
#1856=LINE('',#14562,#2754);
#1857=LINE('',#14567,#2755);
#1858=LINE('',#14571,#2756);
#1859=LINE('',#14575,#2757);
#1860=LINE('',#14579,#2758);
#1861=LINE('',#14587,#2759);
#1862=LINE('',#14591,#2760);
#1863=LINE('',#14595,#2761);
#1864=LINE('',#14599,#2762);
#1865=LINE('',#14607,#2763);
#1866=LINE('',#14611,#2764);
#1867=LINE('',#14615,#2765);
#1868=LINE('',#14619,#2766);
#1869=LINE('',#14627,#2767);
#1870=LINE('',#14631,#2768);
#1871=LINE('',#14635,#2769);
#1872=LINE('',#14643,#2770);
#1873=LINE('',#14647,#2771);
#1874=LINE('',#14651,#2772);
#1875=LINE('',#14655,#2773);
#1876=LINE('',#14663,#2774);
#1877=LINE('',#14667,#2775);
#1878=LINE('',#14671,#2776);
#1879=LINE('',#14675,#2777);
#1880=LINE('',#14683,#2778);
#1881=LINE('',#14687,#2779);
#1882=LINE('',#14691,#2780);
#1883=LINE('',#14695,#2781);
#1884=LINE('',#14699,#2782);
#1885=LINE('',#14707,#2783);
#1886=LINE('',#14711,#2784);
#1887=LINE('',#14715,#2785);
#1888=LINE('',#14719,#2786);
#1889=LINE('',#14723,#2787);
#1890=LINE('',#14731,#2788);
#1891=LINE('',#14735,#2789);
#1892=LINE('',#14739,#2790);
#1893=LINE('',#14743,#2791);
#1894=LINE('',#14751,#2792);
#1895=LINE('',#14755,#2793);
#1896=LINE('',#14759,#2794);
#1897=LINE('',#14767,#2795);
#1898=LINE('',#14771,#2796);
#1899=LINE('',#14775,#2797);
#1900=LINE('',#14779,#2798);
#1901=LINE('',#14787,#2799);
#1902=LINE('',#14791,#2800);
#1903=LINE('',#14795,#2801);
#1904=LINE('',#14799,#2802);
#1905=LINE('',#14807,#2803);
#1906=LINE('',#14811,#2804);
#1907=LINE('',#14815,#2805);
#1908=LINE('',#14821,#2806);
#1909=LINE('',#14827,#2807);
#1910=LINE('',#14835,#2808);
#1911=LINE('',#14839,#2809);
#1912=LINE('',#14843,#2810);
#1913=LINE('',#14847,#2811);
#1914=LINE('',#14855,#2812);
#1915=LINE('',#14859,#2813);
#1916=LINE('',#14863,#2814);
#1917=LINE('',#14867,#2815);
#1918=LINE('',#14875,#2816);
#1919=LINE('',#14883,#2817);
#1920=LINE('',#14887,#2818);
#1921=LINE('',#14891,#2819);
#1922=LINE('',#14895,#2820);
#1923=LINE('',#14903,#2821);
#1924=LINE('',#14907,#2822);
#1925=LINE('',#14911,#2823);
#1926=LINE('',#14918,#2824);
#1927=LINE('',#14922,#2825);
#1928=LINE('',#14926,#2826);
#1929=LINE('',#14929,#2827);
#1930=LINE('',#14934,#2828);
#1931=LINE('',#14938,#2829);
#1932=LINE('',#14942,#2830);
#1933=LINE('',#14945,#2831);
#1934=LINE('',#14952,#2832);
#1935=LINE('',#14956,#2833);
#1936=LINE('',#14960,#2834);
#1937=LINE('',#14963,#2835);
#1938=LINE('',#14968,#2836);
#1939=LINE('',#14972,#2837);
#1940=LINE('',#14976,#2838);
#1941=LINE('',#14979,#2839);
#1942=LINE('',#14984,#2840);
#1943=LINE('',#14988,#2841);
#1944=LINE('',#14992,#2842);
#1945=LINE('',#14995,#2843);
#1946=LINE('',#15000,#2844);
#1947=LINE('',#15004,#2845);
#1948=LINE('',#15008,#2846);
#1949=LINE('',#15011,#2847);
#1950=LINE('',#15014,#2848);
#1951=LINE('',#15018,#2849);
#1952=LINE('',#15022,#2850);
#1953=LINE('',#15026,#2851);
#1954=LINE('',#15032,#2852);
#1955=LINE('',#15036,#2853);
#1956=LINE('',#15040,#2854);
#1957=LINE('',#15043,#2855);
#1958=LINE('',#15048,#2856);
#1959=LINE('',#15052,#2857);
#1960=LINE('',#15056,#2858);
#1961=LINE('',#15059,#2859);
#1962=LINE('',#15064,#2860);
#1963=LINE('',#15068,#2861);
#1964=LINE('',#15072,#2862);
#1965=LINE('',#15075,#2863);
#1966=LINE('',#15080,#2864);
#1967=LINE('',#15084,#2865);
#1968=LINE('',#15088,#2866);
#1969=LINE('',#15091,#2867);
#1970=LINE('',#15100,#2868);
#1971=LINE('',#15104,#2869);
#1972=LINE('',#15108,#2870);
#1973=LINE('',#15111,#2871);
#1974=LINE('',#15116,#2872);
#1975=LINE('',#15120,#2873);
#1976=LINE('',#15124,#2874);
#1977=LINE('',#15127,#2875);
#1978=LINE('',#15132,#2876);
#1979=LINE('',#15136,#2877);
#1980=LINE('',#15140,#2878);
#1981=LINE('',#15143,#2879);
#1982=LINE('',#15148,#2880);
#1983=LINE('',#15152,#2881);
#1984=LINE('',#15156,#2882);
#1985=LINE('',#15159,#2883);
#1986=LINE('',#15164,#2884);
#1987=LINE('',#15168,#2885);
#1988=LINE('',#15172,#2886);
#1989=LINE('',#15175,#2887);
#1990=LINE('',#15180,#2888);
#1991=LINE('',#15184,#2889);
#1992=LINE('',#15188,#2890);
#1993=LINE('',#15191,#2891);
#1994=LINE('',#15196,#2892);
#1995=LINE('',#15200,#2893);
#1996=LINE('',#15204,#2894);
#1997=LINE('',#15207,#2895);
#1998=LINE('',#15214,#2896);
#1999=LINE('',#15218,#2897);
#2000=LINE('',#15222,#2898);
#2001=LINE('',#15225,#2899);
#2002=LINE('',#15230,#2900);
#2003=LINE('',#15234,#2901);
#2004=LINE('',#15238,#2902);
#2005=LINE('',#15241,#2903);
#2006=LINE('',#15246,#2904);
#2007=LINE('',#15250,#2905);
#2008=LINE('',#15254,#2906);
#2009=LINE('',#15257,#2907);
#2010=LINE('',#15262,#2908);
#2011=LINE('',#15266,#2909);
#2012=LINE('',#15270,#2910);
#2013=LINE('',#15273,#2911);
#2014=LINE('',#15278,#2912);
#2015=LINE('',#15282,#2913);
#2016=LINE('',#15286,#2914);
#2017=LINE('',#15289,#2915);
#2018=LINE('',#15294,#2916);
#2019=LINE('',#15298,#2917);
#2020=LINE('',#15302,#2918);
#2021=LINE('',#15305,#2919);
#2022=LINE('',#15310,#2920);
#2023=LINE('',#15314,#2921);
#2024=LINE('',#15318,#2922);
#2025=LINE('',#15321,#2923);
#2026=LINE('',#15326,#2924);
#2027=LINE('',#15330,#2925);
#2028=LINE('',#15334,#2926);
#2029=LINE('',#15337,#2927);
#2030=LINE('',#15342,#2928);
#2031=LINE('',#15346,#2929);
#2032=LINE('',#15350,#2930);
#2033=LINE('',#15353,#2931);
#2034=LINE('',#15358,#2932);
#2035=LINE('',#15362,#2933);
#2036=LINE('',#15366,#2934);
#2037=LINE('',#15369,#2935);
#2038=LINE('',#15376,#2936);
#2039=LINE('',#15380,#2937);
#2040=LINE('',#15384,#2938);
#2041=LINE('',#15387,#2939);
#2042=LINE('',#15392,#2940);
#2043=LINE('',#15396,#2941);
#2044=LINE('',#15400,#2942);
#2045=LINE('',#15403,#2943);
#2046=LINE('',#15408,#2944);
#2047=LINE('',#15412,#2945);
#2048=LINE('',#15416,#2946);
#2049=LINE('',#15419,#2947);
#2050=LINE('',#15424,#2948);
#2051=LINE('',#15428,#2949);
#2052=LINE('',#15432,#2950);
#2053=LINE('',#15435,#2951);
#2054=LINE('',#15442,#2952);
#2055=LINE('',#15446,#2953);
#2056=LINE('',#15450,#2954);
#2057=LINE('',#15453,#2955);
#2058=LINE('',#15458,#2956);
#2059=LINE('',#15462,#2957);
#2060=LINE('',#15466,#2958);
#2061=LINE('',#15469,#2959);
#2062=LINE('',#15474,#2960);
#2063=LINE('',#15478,#2961);
#2064=LINE('',#15482,#2962);
#2065=LINE('',#15485,#2963);
#2066=LINE('',#15487,#2964);
#2067=LINE('',#15488,#2965);
#2068=LINE('',#15490,#2966);
#2069=LINE('',#15492,#2967);
#2070=LINE('',#15493,#2968);
#2071=LINE('',#15495,#2969);
#2072=LINE('',#15497,#2970);
#2073=LINE('',#15498,#2971);
#2074=LINE('',#15500,#2972);
#2075=LINE('',#15502,#2973);
#2076=LINE('',#15504,#2974);
#2077=LINE('',#15505,#2975);
#2078=LINE('',#15507,#2976);
#2079=LINE('',#15509,#2977);
#2080=LINE('',#15510,#2978);
#2081=LINE('',#15512,#2979);
#2082=LINE('',#15514,#2980);
#2083=LINE('',#15515,#2981);
#2084=LINE('',#15517,#2982);
#2085=LINE('',#15519,#2983);
#2086=LINE('',#15520,#2984);
#2087=LINE('',#15522,#2985);
#2088=LINE('',#15524,#2986);
#2089=LINE('',#15525,#2987);
#2090=LINE('',#15527,#2988);
#2091=LINE('',#15529,#2989);
#2092=LINE('',#15530,#2990);
#2093=LINE('',#15532,#2991);
#2094=LINE('',#15534,#2992);
#2095=LINE('',#15535,#2993);
#2096=LINE('',#15537,#2994);
#2097=LINE('',#15539,#2995);
#2098=LINE('',#15541,#2996);
#2099=LINE('',#15542,#2997);
#2100=LINE('',#15544,#2998);
#2101=LINE('',#15546,#2999);
#2102=LINE('',#15547,#3000);
#2103=LINE('',#15549,#3001);
#2104=LINE('',#15551,#3002);
#2105=LINE('',#15552,#3003);
#2106=LINE('',#15554,#3004);
#2107=LINE('',#15556,#3005);
#2108=LINE('',#15557,#3006);
#2109=LINE('',#15559,#3007);
#2110=LINE('',#15561,#3008);
#2111=LINE('',#15562,#3009);
#2112=LINE('',#15564,#3010);
#2113=LINE('',#15566,#3011);
#2114=LINE('',#15567,#3012);
#2115=LINE('',#15569,#3013);
#2116=LINE('',#15571,#3014);
#2117=LINE('',#15572,#3015);
#2118=LINE('',#15575,#3016);
#2119=LINE('',#15576,#3017);
#2120=LINE('',#15578,#3018);
#2121=LINE('',#15580,#3019);
#2122=LINE('',#15581,#3020);
#2123=LINE('',#15583,#3021);
#2124=LINE('',#15585,#3022);
#2125=LINE('',#15586,#3023);
#2126=LINE('',#15588,#3024);
#2127=LINE('',#15590,#3025);
#2128=LINE('',#15591,#3026);
#2129=LINE('',#15593,#3027);
#2130=LINE('',#15595,#3028);
#2131=LINE('',#15596,#3029);
#2132=LINE('',#15598,#3030);
#2133=LINE('',#15600,#3031);
#2134=LINE('',#15601,#3032);
#2135=LINE('',#15603,#3033);
#2136=LINE('',#15605,#3034);
#2137=LINE('',#15606,#3035);
#2138=LINE('',#15608,#3036);
#2139=LINE('',#15610,#3037);
#2140=LINE('',#15611,#3038);
#2141=LINE('',#15613,#3039);
#2142=LINE('',#15615,#3040);
#2143=LINE('',#15616,#3041);
#2144=LINE('',#15618,#3042);
#2145=LINE('',#15620,#3043);
#2146=LINE('',#15621,#3044);
#2147=LINE('',#15623,#3045);
#2148=LINE('',#15625,#3046);
#2149=LINE('',#15627,#3047);
#2150=LINE('',#15628,#3048);
#2151=LINE('',#15630,#3049);
#2152=LINE('',#15632,#3050);
#2153=LINE('',#15634,#3051);
#2154=LINE('',#15635,#3052);
#2155=LINE('',#15637,#3053);
#2156=LINE('',#15639,#3054);
#2157=LINE('',#15641,#3055);
#2158=LINE('',#15643,#3056);
#2159=LINE('',#15644,#3057);
#2160=LINE('',#15646,#3058);
#2161=LINE('',#15648,#3059);
#2162=LINE('',#15650,#3060);
#2163=LINE('',#15652,#3061);
#2164=LINE('',#15653,#3062);
#2165=LINE('',#15656,#3063);
#2166=LINE('',#15658,#3064);
#2167=LINE('',#15660,#3065);
#2168=LINE('',#15662,#3066);
#2169=LINE('',#15664,#3067);
#2170=LINE('',#15665,#3068);
#2171=LINE('',#15668,#3069);
#2172=LINE('',#15669,#3070);
#2173=LINE('',#15672,#3071);
#2174=LINE('',#15674,#3072);
#2175=LINE('',#15675,#3073);
#2176=LINE('',#15678,#3074);
#2177=LINE('',#15680,#3075);
#2178=LINE('',#15682,#3076);
#2179=LINE('',#15684,#3077);
#2180=LINE('',#15686,#3078);
#2181=LINE('',#15688,#3079);
#2182=LINE('',#15689,#3080);
#2183=LINE('',#15691,#3081);
#2184=LINE('',#15693,#3082);
#2185=LINE('',#15695,#3083);
#2186=LINE('',#15696,#3084);
#2187=LINE('',#15699,#3085);
#2188=LINE('',#15701,#3086);
#2189=LINE('',#15703,#3087);
#2190=LINE('',#15705,#3088);
#2191=LINE('',#15707,#3089);
#2192=LINE('',#15708,#3090);
#2193=LINE('',#15710,#3091);
#2194=LINE('',#15712,#3092);
#2195=LINE('',#15714,#3093);
#2196=LINE('',#15716,#3094);
#2197=LINE('',#15718,#3095);
#2198=LINE('',#15720,#3096);
#2199=LINE('',#15723,#3097);
#2200=LINE('',#15724,#3098);
#2201=LINE('',#15726,#3099);
#2202=LINE('',#15728,#3100);
#2203=LINE('',#15730,#3101);
#2204=LINE('',#15732,#3102);
#2205=LINE('',#15734,#3103);
#2206=LINE('',#15736,#3104);
#2207=LINE('',#15739,#3105);
#2208=LINE('',#15740,#3106);
#2209=LINE('',#15742,#3107);
#2210=LINE('',#15744,#3108);
#2211=LINE('',#15746,#3109);
#2212=LINE('',#15748,#3110);
#2213=LINE('',#15750,#3111);
#2214=LINE('',#15752,#3112);
#2215=LINE('',#15755,#3113);
#2216=LINE('',#15757,#3114);
#2217=LINE('',#15758,#3115);
#2218=LINE('',#15760,#3116);
#2219=LINE('',#15762,#3117);
#2220=LINE('',#15764,#3118);
#2221=LINE('',#15766,#3119);
#2222=LINE('',#15768,#3120);
#2223=LINE('',#15770,#3121);
#2224=LINE('',#15773,#3122);
#2225=LINE('',#15774,#3123);
#2226=LINE('',#15776,#3124);
#2227=LINE('',#15778,#3125);
#2228=LINE('',#15780,#3126);
#2229=LINE('',#15782,#3127);
#2230=LINE('',#15784,#3128);
#2231=LINE('',#15786,#3129);
#2232=LINE('',#15789,#3130);
#2233=LINE('',#15790,#3131);
#2234=LINE('',#15792,#3132);
#2235=LINE('',#15794,#3133);
#2236=LINE('',#15796,#3134);
#2237=LINE('',#15798,#3135);
#2238=LINE('',#15800,#3136);
#2239=LINE('',#15802,#3137);
#2240=LINE('',#15805,#3138);
#2241=LINE('',#15806,#3139);
#2242=LINE('',#15808,#3140);
#2243=LINE('',#15810,#3141);
#2244=LINE('',#15812,#3142);
#2245=LINE('',#15814,#3143);
#2246=LINE('',#15816,#3144);
#2247=LINE('',#15818,#3145);
#2248=LINE('',#15821,#3146);
#2249=LINE('',#15823,#3147);
#2250=LINE('',#15824,#3148);
#2251=LINE('',#15826,#3149);
#2252=LINE('',#15828,#3150);
#2253=LINE('',#15830,#3151);
#2254=LINE('',#15832,#3152);
#2255=LINE('',#15834,#3153);
#2256=LINE('',#15836,#3154);
#2257=LINE('',#15839,#3155);
#2258=LINE('',#15840,#3156);
#2259=LINE('',#15842,#3157);
#2260=LINE('',#15844,#3158);
#2261=LINE('',#15846,#3159);
#2262=LINE('',#15848,#3160);
#2263=LINE('',#15850,#3161);
#2264=LINE('',#15852,#3162);
#2265=LINE('',#15855,#3163);
#2266=LINE('',#15856,#3164);
#2267=LINE('',#15858,#3165);
#2268=LINE('',#15860,#3166);
#2269=LINE('',#15862,#3167);
#2270=LINE('',#15864,#3168);
#2271=LINE('',#15866,#3169);
#2272=LINE('',#15868,#3170);
#2273=LINE('',#15871,#3171);
#2274=LINE('',#15872,#3172);
#2275=LINE('',#15874,#3173);
#2276=LINE('',#15876,#3174);
#2277=LINE('',#15878,#3175);
#2278=LINE('',#15880,#3176);
#2279=LINE('',#15882,#3177);
#2280=LINE('',#15884,#3178);
#2281=LINE('',#15887,#3179);
#2282=LINE('',#15888,#3180);
#2283=LINE('',#15890,#3181);
#2284=LINE('',#15892,#3182);
#2285=LINE('',#15894,#3183);
#2286=LINE('',#15896,#3184);
#2287=LINE('',#15898,#3185);
#2288=LINE('',#15900,#3186);
#2289=LINE('',#15903,#3187);
#2290=LINE('',#15904,#3188);
#2291=LINE('',#15906,#3189);
#2292=LINE('',#15908,#3190);
#2293=LINE('',#15910,#3191);
#2294=LINE('',#15912,#3192);
#2295=LINE('',#15914,#3193);
#2296=LINE('',#15916,#3194);
#2297=LINE('',#15919,#3195);
#2298=LINE('',#15920,#3196);
#2299=LINE('',#15922,#3197);
#2300=LINE('',#15924,#3198);
#2301=LINE('',#15926,#3199);
#2302=LINE('',#15928,#3200);
#2303=LINE('',#15930,#3201);
#2304=LINE('',#15932,#3202);
#2305=LINE('',#15935,#3203);
#2306=LINE('',#15936,#3204);
#2307=LINE('',#15938,#3205);
#2308=LINE('',#15940,#3206);
#2309=LINE('',#15942,#3207);
#2310=LINE('',#15944,#3208);
#2311=LINE('',#15946,#3209);
#2312=LINE('',#15948,#3210);
#2313=LINE('',#15951,#3211);
#2314=LINE('',#15952,#3212);
#2315=LINE('',#15954,#3213);
#2316=LINE('',#15956,#3214);
#2317=LINE('',#15958,#3215);
#2318=LINE('',#15960,#3216);
#2319=LINE('',#15962,#3217);
#2320=LINE('',#15964,#3218);
#2321=LINE('',#15967,#3219);
#2322=LINE('',#15968,#3220);
#2323=LINE('',#15970,#3221);
#2324=LINE('',#15972,#3222);
#2325=LINE('',#15974,#3223);
#2326=LINE('',#15976,#3224);
#2327=LINE('',#15978,#3225);
#2328=LINE('',#15980,#3226);
#2329=LINE('',#15983,#3227);
#2330=LINE('',#15985,#3228);
#2331=LINE('',#15986,#3229);
#2332=LINE('',#15988,#3230);
#2333=LINE('',#15990,#3231);
#2334=LINE('',#15992,#3232);
#2335=LINE('',#15994,#3233);
#2336=LINE('',#15996,#3234);
#2337=LINE('',#15998,#3235);
#2338=LINE('',#16001,#3236);
#2339=LINE('',#16002,#3237);
#2340=LINE('',#16004,#3238);
#2341=LINE('',#16006,#3239);
#2342=LINE('',#16008,#3240);
#2343=LINE('',#16010,#3241);
#2344=LINE('',#16012,#3242);
#2345=LINE('',#16014,#3243);
#2346=LINE('',#16017,#3244);
#2347=LINE('',#16018,#3245);
#2348=LINE('',#16020,#3246);
#2349=LINE('',#16022,#3247);
#2350=LINE('',#16024,#3248);
#2351=LINE('',#16026,#3249);
#2352=LINE('',#16028,#3250);
#2353=LINE('',#16030,#3251);
#2354=LINE('',#16033,#3252);
#2355=LINE('',#16034,#3253);
#2356=LINE('',#16036,#3254);
#2357=LINE('',#16038,#3255);
#2358=LINE('',#16040,#3256);
#2359=LINE('',#16042,#3257);
#2360=LINE('',#16044,#3258);
#2361=LINE('',#16046,#3259);
#2362=LINE('',#16049,#3260);
#2363=LINE('',#16050,#3261);
#2364=LINE('',#16052,#3262);
#2365=LINE('',#16054,#3263);
#2366=LINE('',#16056,#3264);
#2367=LINE('',#16058,#3265);
#2368=LINE('',#16060,#3266);
#2369=LINE('',#16062,#3267);
#2370=LINE('',#16065,#3268);
#2371=LINE('',#16066,#3269);
#2372=LINE('',#16068,#3270);
#2373=LINE('',#16070,#3271);
#2374=LINE('',#16072,#3272);
#2375=LINE('',#16074,#3273);
#2376=LINE('',#16076,#3274);
#2377=LINE('',#16078,#3275);
#2378=LINE('',#16081,#3276);
#2379=LINE('',#16082,#3277);
#2380=LINE('',#16084,#3278);
#2381=LINE('',#16086,#3279);
#2382=LINE('',#16088,#3280);
#2383=LINE('',#16090,#3281);
#2384=LINE('',#16092,#3282);
#2385=LINE('',#16094,#3283);
#2386=LINE('',#16097,#3284);
#2387=LINE('',#16099,#3285);
#2388=LINE('',#16101,#3286);
#2389=LINE('',#16102,#3287);
#2390=LINE('',#16104,#3288);
#2391=LINE('',#16106,#3289);
#2392=LINE('',#16108,#3290);
#2393=LINE('',#16110,#3291);
#2394=LINE('',#16112,#3292);
#2395=LINE('',#16114,#3293);
#2396=LINE('',#16117,#3294);
#2397=LINE('',#16118,#3295);
#2398=LINE('',#16120,#3296);
#2399=LINE('',#16122,#3297);
#2400=LINE('',#16124,#3298);
#2401=LINE('',#16126,#3299);
#2402=LINE('',#16128,#3300);
#2403=LINE('',#16130,#3301);
#2404=LINE('',#16133,#3302);
#2405=LINE('',#16134,#3303);
#2406=LINE('',#16136,#3304);
#2407=LINE('',#16138,#3305);
#2408=LINE('',#16140,#3306);
#2409=LINE('',#16142,#3307);
#2410=LINE('',#16144,#3308);
#2411=LINE('',#16146,#3309);
#2412=LINE('',#16149,#3310);
#2413=LINE('',#16150,#3311);
#2414=LINE('',#16152,#3312);
#2415=LINE('',#16154,#3313);
#2416=LINE('',#16156,#3314);
#2417=LINE('',#16158,#3315);
#2418=LINE('',#16160,#3316);
#2419=LINE('',#16162,#3317);
#2420=LINE('',#16165,#3318);
#2421=LINE('',#16166,#3319);
#2422=LINE('',#16168,#3320);
#2423=LINE('',#16170,#3321);
#2424=LINE('',#16172,#3322);
#2425=LINE('',#16174,#3323);
#2426=LINE('',#16176,#3324);
#2427=LINE('',#16178,#3325);
#2428=LINE('',#16181,#3326);
#2429=LINE('',#16182,#3327);
#2430=LINE('',#16184,#3328);
#2431=LINE('',#16186,#3329);
#2432=LINE('',#16188,#3330);
#2433=LINE('',#16190,#3331);
#2434=LINE('',#16192,#3332);
#2435=LINE('',#16194,#3333);
#2436=LINE('',#16197,#3334);
#2437=LINE('',#16198,#3335);
#2438=LINE('',#16200,#3336);
#2439=LINE('',#16202,#3337);
#2440=LINE('',#16204,#3338);
#2441=LINE('',#16206,#3339);
#2442=LINE('',#16208,#3340);
#2443=LINE('',#16210,#3341);
#2444=LINE('',#16213,#3342);
#2445=LINE('',#16214,#3343);
#2446=LINE('',#16216,#3344);
#2447=LINE('',#16218,#3345);
#2448=LINE('',#16220,#3346);
#2449=LINE('',#16222,#3347);
#2450=LINE('',#16224,#3348);
#2451=LINE('',#16226,#3349);
#2452=LINE('',#16229,#3350);
#2453=LINE('',#16230,#3351);
#2454=LINE('',#16232,#3352);
#2455=LINE('',#16234,#3353);
#2456=LINE('',#16236,#3354);
#2457=LINE('',#16238,#3355);
#2458=LINE('',#16240,#3356);
#2459=LINE('',#16242,#3357);
#2460=LINE('',#16245,#3358);
#2461=LINE('',#16247,#3359);
#2462=LINE('',#16248,#3360);
#2463=LINE('',#16250,#3361);
#2464=LINE('',#16252,#3362);
#2465=LINE('',#16254,#3363);
#2466=LINE('',#16256,#3364);
#2467=LINE('',#16258,#3365);
#2468=LINE('',#16260,#3366);
#2469=LINE('',#16263,#3367);
#2470=LINE('',#16264,#3368);
#2471=LINE('',#16266,#3369);
#2472=LINE('',#16268,#3370);
#2473=LINE('',#16270,#3371);
#2474=LINE('',#16272,#3372);
#2475=LINE('',#16274,#3373);
#2476=LINE('',#16276,#3374);
#2477=LINE('',#16279,#3375);
#2478=LINE('',#16281,#3376);
#2479=LINE('',#16283,#3377);
#2480=LINE('',#16285,#3378);
#2481=LINE('',#16287,#3379);
#2482=LINE('',#16291,#3380);
#2483=LINE('',#16293,#3381);
#2484=LINE('',#16295,#3382);
#2485=LINE('',#16297,#3383);
#2486=LINE('',#16303,#3384);
#2487=LINE('',#16305,#3385);
#2488=LINE('',#16307,#3386);
#2489=LINE('',#16309,#3387);
#2490=LINE('',#16313,#3388);
#2491=LINE('',#16315,#3389);
#2492=LINE('',#16317,#3390);
#2493=LINE('',#16319,#3391);
#2494=LINE('',#16325,#3392);
#2495=LINE('',#16327,#3393);
#2496=LINE('',#16329,#3394);
#2497=LINE('',#16331,#3395);
#2498=LINE('',#16335,#3396);
#2499=LINE('',#16337,#3397);
#2500=LINE('',#16339,#3398);
#2501=LINE('',#16341,#3399);
#2502=LINE('',#16343,#3400);
#2503=LINE('',#16347,#3401);
#2504=LINE('',#16349,#3402);
#2505=LINE('',#16351,#3403);
#2506=LINE('',#16353,#3404);
#2507=LINE('',#16357,#3405);
#2508=LINE('',#16359,#3406);
#2509=LINE('',#16361,#3407);
#2510=LINE('',#16363,#3408);
#2511=LINE('',#16369,#3409);
#2512=LINE('',#16371,#3410);
#2513=LINE('',#16373,#3411);
#2514=LINE('',#16375,#3412);
#2515=LINE('',#16379,#3413);
#2516=LINE('',#16381,#3414);
#2517=LINE('',#16383,#3415);
#2518=LINE('',#16385,#3416);
#2519=LINE('',#16387,#3417);
#2520=LINE('',#16391,#3418);
#2521=LINE('',#16393,#3419);
#2522=LINE('',#16395,#3420);
#2523=LINE('',#16397,#3421);
#2524=LINE('',#16399,#3422);
#2525=LINE('',#16401,#3423);
#2526=VECTOR('',#10659,1.47499999999999);
#2527=VECTOR('',#10670,10.);
#2528=VECTOR('',#10673,10.);
#2529=VECTOR('',#10676,10.);
#2530=VECTOR('',#10679,10.);
#2531=VECTOR('',#10686,10.);
#2532=VECTOR('',#10689,10.);
#2533=VECTOR('',#10692,10.);
#2534=VECTOR('',#10695,10.);
#2535=VECTOR('',#10702,10.);
#2536=VECTOR('',#10709,10.);
#2537=VECTOR('',#10712,10.);
#2538=VECTOR('',#10715,10.);
#2539=VECTOR('',#10718,10.);
#2540=VECTOR('',#10725,10.);
#2541=VECTOR('',#10728,10.);
#2542=VECTOR('',#10731,10.);
#2543=VECTOR('',#10734,10.);
#2544=VECTOR('',#10741,10.);
#2545=VECTOR('',#10746,10.);
#2546=VECTOR('',#10751,10.);
#2547=VECTOR('',#10754,10.);
#2548=VECTOR('',#10757,10.);
#2549=VECTOR('',#10764,10.);
#2550=VECTOR('',#10767,10.);
#2551=VECTOR('',#10770,10.);
#2552=VECTOR('',#10773,10.);
#2553=VECTOR('',#10780,10.);
#2554=VECTOR('',#10783,10.);
#2555=VECTOR('',#10786,10.);
#2556=VECTOR('',#10789,10.);
#2557=VECTOR('',#10796,10.);
#2558=VECTOR('',#10799,10.);
#2559=VECTOR('',#10802,10.);
#2560=VECTOR('',#10809,10.);
#2561=VECTOR('',#10812,10.);
#2562=VECTOR('',#10815,10.);
#2563=VECTOR('',#10818,10.);
#2564=VECTOR('',#10825,10.);
#2565=VECTOR('',#10828,10.);
#2566=VECTOR('',#10831,10.);
#2567=VECTOR('',#10834,10.);
#2568=VECTOR('',#10837,10.);
#2569=VECTOR('',#10844,10.);
#2570=VECTOR('',#10847,10.);
#2571=VECTOR('',#10850,10.);
#2572=VECTOR('',#10853,10.);
#2573=VECTOR('',#10856,10.);
#2574=VECTOR('',#10863,10.);
#2575=VECTOR('',#10866,10.);
#2576=VECTOR('',#10869,10.);
#2577=VECTOR('',#10872,10.);
#2578=VECTOR('',#10879,10.);
#2579=VECTOR('',#10882,10.);
#2580=VECTOR('',#10885,10.);
#2581=VECTOR('',#10888,10.);
#2582=VECTOR('',#10895,10.);
#2583=VECTOR('',#10898,10.);
#2584=VECTOR('',#10901,10.);
#2585=VECTOR('',#10908,10.);
#2586=VECTOR('',#10911,10.);
#2587=VECTOR('',#10914,10.);
#2588=VECTOR('',#10917,10.);
#2589=VECTOR('',#10924,10.);
#2590=VECTOR('',#10927,10.);
#2591=VECTOR('',#10930,10.);
#2592=VECTOR('',#10933,10.);
#2593=VECTOR('',#10940,10.);
#2594=VECTOR('',#10943,10.);
#2595=VECTOR('',#10946,10.);
#2596=VECTOR('',#10949,10.);
#2597=VECTOR('',#10952,10.);
#2598=VECTOR('',#10959,10.);
#2599=VECTOR('',#10962,10.);
#2600=VECTOR('',#10965,10.);
#2601=VECTOR('',#10968,10.);
#2602=VECTOR('',#10971,10.);
#2603=VECTOR('',#10974,10.);
#2604=VECTOR('',#10977,10.);
#2605=VECTOR('',#10980,10.);
#2606=VECTOR('',#10983,10.);
#2607=VECTOR('',#10986,10.);
#2608=VECTOR('',#10989,10.);
#2609=VECTOR('',#10992,10.);
#2610=VECTOR('',#10997,10.);
#2611=VECTOR('',#11000,10.);
#2612=VECTOR('',#11003,10.);
#2613=VECTOR('',#11006,10.);
#2614=VECTOR('',#11009,10.);
#2615=VECTOR('',#11012,10.);
#2616=VECTOR('',#11015,10.);
#2617=VECTOR('',#11018,10.);
#2618=VECTOR('',#11021,10.);
#2619=VECTOR('',#11024,10.);
#2620=VECTOR('',#11027,10.);
#2621=VECTOR('',#11030,10.);
#2622=VECTOR('',#11033,10.);
#2623=VECTOR('',#11036,10.);
#2624=VECTOR('',#11039,10.);
#2625=VECTOR('',#11042,10.);
#2626=VECTOR('',#11047,10.);
#2627=VECTOR('',#11050,10.);
#2628=VECTOR('',#11053,10.);
#2629=VECTOR('',#11056,10.);
#2630=VECTOR('',#11059,10.);
#2631=VECTOR('',#11062,10.);
#2632=VECTOR('',#11065,10.);
#2633=VECTOR('',#11068,10.);
#2634=VECTOR('',#11071,10.);
#2635=VECTOR('',#11074,10.);
#2636=VECTOR('',#11077,10.);
#2637=VECTOR('',#11080,10.);
#2638=VECTOR('',#11083,10.);
#2639=VECTOR('',#11086,10.);
#2640=VECTOR('',#11089,10.);
#2641=VECTOR('',#11092,10.);
#2642=VECTOR('',#11095,10.);
#2643=VECTOR('',#11098,10.);
#2644=VECTOR('',#11101,10.);
#2645=VECTOR('',#11104,10.);
#2646=VECTOR('',#11107,10.);
#2647=VECTOR('',#11110,10.);
#2648=VECTOR('',#11113,10.);
#2649=VECTOR('',#11116,10.);
#2650=VECTOR('',#11119,10.);
#2651=VECTOR('',#11122,10.);
#2652=VECTOR('',#11125,10.);
#2653=VECTOR('',#11128,10.);
#2654=VECTOR('',#11131,10.);
#2655=VECTOR('',#11134,10.);
#2656=VECTOR('',#11137,10.);
#2657=VECTOR('',#11140,10.);
#2658=VECTOR('',#11143,10.);
#2659=VECTOR('',#11146,10.);
#2660=VECTOR('',#11149,10.);
#2661=VECTOR('',#11152,10.);
#2662=VECTOR('',#11155,10.);
#2663=VECTOR('',#11158,10.);
#2664=VECTOR('',#11161,10.);
#2665=VECTOR('',#11164,10.);
#2666=VECTOR('',#11169,10.);
#2667=VECTOR('',#11172,10.);
#2668=VECTOR('',#11175,10.);
#2669=VECTOR('',#11178,10.);
#2670=VECTOR('',#11181,10.);
#2671=VECTOR('',#11184,10.);
#2672=VECTOR('',#11187,10.);
#2673=VECTOR('',#11190,10.);
#2674=VECTOR('',#11193,10.);
#2675=VECTOR('',#11196,10.);
#2676=VECTOR('',#11199,10.);
#2677=VECTOR('',#11202,10.);
#2678=VECTOR('',#11205,10.);
#2679=VECTOR('',#11208,10.);
#2680=VECTOR('',#11211,10.);
#2681=VECTOR('',#11214,10.);
#2682=VECTOR('',#11217,10.);
#2683=VECTOR('',#11220,10.);
#2684=VECTOR('',#11223,10.);
#2685=VECTOR('',#11226,10.);
#2686=VECTOR('',#11229,10.);
#2687=VECTOR('',#11232,10.);
#2688=VECTOR('',#11235,10.);
#2689=VECTOR('',#11238,10.);
#2690=VECTOR('',#11241,10.);
#2691=VECTOR('',#11244,10.);
#2692=VECTOR('',#11247,10.);
#2693=VECTOR('',#11250,10.);
#2694=VECTOR('',#11257,10.);
#2695=VECTOR('',#11260,10.);
#2696=VECTOR('',#11263,10.);
#2697=VECTOR('',#11266,10.);
#2698=VECTOR('',#11269,10.);
#2699=VECTOR('',#11272,10.);
#2700=VECTOR('',#11275,10.);
#2701=VECTOR('',#11278,10.);
#2702=VECTOR('',#11281,10.);
#2703=VECTOR('',#11284,10.);
#2704=VECTOR('',#11287,10.);
#2705=VECTOR('',#11290,10.);
#2706=VECTOR('',#11293,10.);
#2707=VECTOR('',#11296,10.);
#2708=VECTOR('',#11299,10.);
#2709=VECTOR('',#11302,10.);
#2710=VECTOR('',#11303,10.);
#2711=VECTOR('',#11306,10.);
#2712=VECTOR('',#11309,10.);
#2713=VECTOR('',#11312,10.);
#2714=VECTOR('',#11317,10.);
#2715=VECTOR('',#11320,10.);
#2716=VECTOR('',#11323,10.);
#2717=VECTOR('',#11326,10.);
#2718=VECTOR('',#11329,10.);
#2719=VECTOR('',#11332,10.);
#2720=VECTOR('',#11335,10.);
#2721=VECTOR('',#11338,10.);
#2722=VECTOR('',#11341,10.);
#2723=VECTOR('',#11344,10.);
#2724=VECTOR('',#11347,10.);
#2725=VECTOR('',#11350,10.);
#2726=VECTOR('',#11353,10.);
#2727=VECTOR('',#11356,10.);
#2728=VECTOR('',#11359,10.);
#2729=VECTOR('',#11362,10.);
#2730=VECTOR('',#11367,10.);
#2731=VECTOR('',#11370,10.);
#2732=VECTOR('',#11373,10.);
#2733=VECTOR('',#11376,10.);
#2734=VECTOR('',#11379,10.);
#2735=VECTOR('',#11382,10.);
#2736=VECTOR('',#11385,10.);
#2737=VECTOR('',#11388,10.);
#2738=VECTOR('',#11397,1.09999999999999);
#2739=VECTOR('',#11400,1.47499999999999);
#2740=VECTOR('',#11407,1.09999999999999);
#2741=VECTOR('',#11410,1.475);
#2742=VECTOR('',#11417,1.1);
#2743=VECTOR('',#11420,1.47500000000001);
#2744=VECTOR('',#11427,1.10000000000001);
#2745=VECTOR('',#11430,1.47499999999999);
#2746=VECTOR('',#11437,1.09999999999999);
#2747=VECTOR('',#11442,10.);
#2748=VECTOR('',#11443,10.);
#2749=VECTOR('',#11446,10.);
#2750=VECTOR('',#11447,10.);
#2751=VECTOR('',#11452,10.);
#2752=VECTOR('',#11453,10.);
#2753=VECTOR('',#11456,10.);
#2754=VECTOR('',#11457,10.);
#2755=VECTOR('',#11462,10.);
#2756=VECTOR('',#11465,10.);
#2757=VECTOR('',#11468,10.);
#2758=VECTOR('',#11471,10.);
#2759=VECTOR('',#11478,10.);
#2760=VECTOR('',#11481,10.);
#2761=VECTOR('',#11484,10.);
#2762=VECTOR('',#11487,10.);
#2763=VECTOR('',#11494,10.);
#2764=VECTOR('',#11497,10.);
#2765=VECTOR('',#11500,10.);
#2766=VECTOR('',#11503,10.);
#2767=VECTOR('',#11510,10.);
#2768=VECTOR('',#11513,10.);
#2769=VECTOR('',#11516,10.);
#2770=VECTOR('',#11523,10.);
#2771=VECTOR('',#11526,10.);
#2772=VECTOR('',#11529,10.);
#2773=VECTOR('',#11532,10.);
#2774=VECTOR('',#11539,10.);
#2775=VECTOR('',#11542,10.);
#2776=VECTOR('',#11545,10.);
#2777=VECTOR('',#11548,10.);
#2778=VECTOR('',#11555,10.);
#2779=VECTOR('',#11558,10.);
#2780=VECTOR('',#11561,10.);
#2781=VECTOR('',#11564,10.);
#2782=VECTOR('',#11567,10.);
#2783=VECTOR('',#11574,10.);
#2784=VECTOR('',#11577,10.);
#2785=VECTOR('',#11580,10.);
#2786=VECTOR('',#11583,10.);
#2787=VECTOR('',#11586,10.);
#2788=VECTOR('',#11593,10.);
#2789=VECTOR('',#11596,10.);
#2790=VECTOR('',#11599,10.);
#2791=VECTOR('',#11602,10.);
#2792=VECTOR('',#11609,10.);
#2793=VECTOR('',#11612,10.);
#2794=VECTOR('',#11615,10.);
#2795=VECTOR('',#11622,10.);
#2796=VECTOR('',#11625,10.);
#2797=VECTOR('',#11628,10.);
#2798=VECTOR('',#11631,10.);
#2799=VECTOR('',#11638,10.);
#2800=VECTOR('',#11641,10.);
#2801=VECTOR('',#11644,10.);
#2802=VECTOR('',#11647,10.);
#2803=VECTOR('',#11654,10.);
#2804=VECTOR('',#11657,10.);
#2805=VECTOR('',#11660,10.);
#2806=VECTOR('',#11665,10.);
#2807=VECTOR('',#11670,10.);
#2808=VECTOR('',#11677,10.);
#2809=VECTOR('',#11680,10.);
#2810=VECTOR('',#11683,10.);
#2811=VECTOR('',#11686,10.);
#2812=VECTOR('',#11693,10.);
#2813=VECTOR('',#11696,10.);
#2814=VECTOR('',#11699,10.);
#2815=VECTOR('',#11702,10.);
#2816=VECTOR('',#11709,10.);
#2817=VECTOR('',#11716,10.);
#2818=VECTOR('',#11719,10.);
#2819=VECTOR('',#11722,10.);
#2820=VECTOR('',#11725,10.);
#2821=VECTOR('',#11732,10.);
#2822=VECTOR('',#11735,10.);
#2823=VECTOR('',#11738,10.);
#2824=VECTOR('',#11745,10.);
#2825=VECTOR('',#11748,10.);
#2826=VECTOR('',#11751,10.);
#2827=VECTOR('',#11754,10.);
#2828=VECTOR('',#11757,10.);
#2829=VECTOR('',#11760,10.);
#2830=VECTOR('',#11763,10.);
#2831=VECTOR('',#11766,10.);
#2832=VECTOR('',#11771,10.);
#2833=VECTOR('',#11774,10.);
#2834=VECTOR('',#11777,10.);
#2835=VECTOR('',#11780,10.);
#2836=VECTOR('',#11783,10.);
#2837=VECTOR('',#11786,10.);
#2838=VECTOR('',#11789,10.);
#2839=VECTOR('',#11792,10.);
#2840=VECTOR('',#11795,10.);
#2841=VECTOR('',#11798,10.);
#2842=VECTOR('',#11801,10.);
#2843=VECTOR('',#11804,10.);
#2844=VECTOR('',#11807,10.);
#2845=VECTOR('',#11810,10.);
#2846=VECTOR('',#11813,10.);
#2847=VECTOR('',#11816,10.);
#2848=VECTOR('',#11817,10.);
#2849=VECTOR('',#11820,10.);
#2850=VECTOR('',#11823,10.);
#2851=VECTOR('',#11826,10.);
#2852=VECTOR('',#11831,10.);
#2853=VECTOR('',#11834,10.);
#2854=VECTOR('',#11837,10.);
#2855=VECTOR('',#11840,10.);
#2856=VECTOR('',#11843,10.);
#2857=VECTOR('',#11846,10.);
#2858=VECTOR('',#11849,10.);
#2859=VECTOR('',#11852,10.);
#2860=VECTOR('',#11855,10.);
#2861=VECTOR('',#11858,10.);
#2862=VECTOR('',#11861,10.);
#2863=VECTOR('',#11864,10.);
#2864=VECTOR('',#11867,10.);
#2865=VECTOR('',#11870,10.);
#2866=VECTOR('',#11873,10.);
#2867=VECTOR('',#11876,10.);
#2868=VECTOR('',#11883,10.);
#2869=VECTOR('',#11886,10.);
#2870=VECTOR('',#11889,10.);
#2871=VECTOR('',#11892,10.);
#2872=VECTOR('',#11895,10.);
#2873=VECTOR('',#11898,10.);
#2874=VECTOR('',#11901,10.);
#2875=VECTOR('',#11904,10.);
#2876=VECTOR('',#11907,10.);
#2877=VECTOR('',#11910,10.);
#2878=VECTOR('',#11913,10.);
#2879=VECTOR('',#11916,10.);
#2880=VECTOR('',#11919,10.);
#2881=VECTOR('',#11922,10.);
#2882=VECTOR('',#11925,10.);
#2883=VECTOR('',#11928,10.);
#2884=VECTOR('',#11931,10.);
#2885=VECTOR('',#11934,10.);
#2886=VECTOR('',#11937,10.);
#2887=VECTOR('',#11940,10.);
#2888=VECTOR('',#11943,10.);
#2889=VECTOR('',#11946,10.);
#2890=VECTOR('',#11949,10.);
#2891=VECTOR('',#11952,10.);
#2892=VECTOR('',#11955,10.);
#2893=VECTOR('',#11958,10.);
#2894=VECTOR('',#11961,10.);
#2895=VECTOR('',#11964,10.);
#2896=VECTOR('',#11969,10.);
#2897=VECTOR('',#11972,10.);
#2898=VECTOR('',#11975,10.);
#2899=VECTOR('',#11978,10.);
#2900=VECTOR('',#11981,10.);
#2901=VECTOR('',#11984,10.);
#2902=VECTOR('',#11987,10.);
#2903=VECTOR('',#11990,10.);
#2904=VECTOR('',#11993,10.);
#2905=VECTOR('',#11996,10.);
#2906=VECTOR('',#11999,10.);
#2907=VECTOR('',#12002,10.);
#2908=VECTOR('',#12005,10.);
#2909=VECTOR('',#12008,10.);
#2910=VECTOR('',#12011,10.);
#2911=VECTOR('',#12014,10.);
#2912=VECTOR('',#12017,10.);
#2913=VECTOR('',#12020,10.);
#2914=VECTOR('',#12023,10.);
#2915=VECTOR('',#12026,10.);
#2916=VECTOR('',#12029,10.);
#2917=VECTOR('',#12032,10.);
#2918=VECTOR('',#12035,10.);
#2919=VECTOR('',#12038,10.);
#2920=VECTOR('',#12041,10.);
#2921=VECTOR('',#12044,10.);
#2922=VECTOR('',#12047,10.);
#2923=VECTOR('',#12050,10.);
#2924=VECTOR('',#12053,10.);
#2925=VECTOR('',#12056,10.);
#2926=VECTOR('',#12059,10.);
#2927=VECTOR('',#12062,10.);
#2928=VECTOR('',#12065,10.);
#2929=VECTOR('',#12068,10.);
#2930=VECTOR('',#12071,10.);
#2931=VECTOR('',#12074,10.);
#2932=VECTOR('',#12077,10.);
#2933=VECTOR('',#12080,10.);
#2934=VECTOR('',#12083,10.);
#2935=VECTOR('',#12086,10.);
#2936=VECTOR('',#12091,10.);
#2937=VECTOR('',#12094,10.);
#2938=VECTOR('',#12097,10.);
#2939=VECTOR('',#12100,10.);
#2940=VECTOR('',#12103,10.);
#2941=VECTOR('',#12106,10.);
#2942=VECTOR('',#12109,10.);
#2943=VECTOR('',#12112,10.);
#2944=VECTOR('',#12115,10.);
#2945=VECTOR('',#12118,10.);
#2946=VECTOR('',#12121,10.);
#2947=VECTOR('',#12124,10.);
#2948=VECTOR('',#12127,10.);
#2949=VECTOR('',#12130,10.);
#2950=VECTOR('',#12133,10.);
#2951=VECTOR('',#12136,10.);
#2952=VECTOR('',#12141,10.);
#2953=VECTOR('',#12144,10.);
#2954=VECTOR('',#12147,10.);
#2955=VECTOR('',#12150,10.);
#2956=VECTOR('',#12153,10.);
#2957=VECTOR('',#12156,10.);
#2958=VECTOR('',#12159,10.);
#2959=VECTOR('',#12162,10.);
#2960=VECTOR('',#12165,10.);
#2961=VECTOR('',#12168,10.);
#2962=VECTOR('',#12171,10.);
#2963=VECTOR('',#12174,10.);
#2964=VECTOR('',#12177,10.);
#2965=VECTOR('',#12178,10.);
#2966=VECTOR('',#12181,10.);
#2967=VECTOR('',#12184,10.);
#2968=VECTOR('',#12185,10.);
#2969=VECTOR('',#12188,10.);
#2970=VECTOR('',#12191,10.);
#2971=VECTOR('',#12192,10.);
#2972=VECTOR('',#12195,10.);
#2973=VECTOR('',#12198,10.);
#2974=VECTOR('',#12201,10.);
#2975=VECTOR('',#12202,10.);
#2976=VECTOR('',#12205,10.);
#2977=VECTOR('',#12208,10.);
#2978=VECTOR('',#12209,10.);
#2979=VECTOR('',#12212,10.);
#2980=VECTOR('',#12215,10.);
#2981=VECTOR('',#12216,10.);
#2982=VECTOR('',#12219,10.);
#2983=VECTOR('',#12222,10.);
#2984=VECTOR('',#12223,10.);
#2985=VECTOR('',#12226,10.);
#2986=VECTOR('',#12229,10.);
#2987=VECTOR('',#12230,10.);
#2988=VECTOR('',#12233,10.);
#2989=VECTOR('',#12236,10.);
#2990=VECTOR('',#12237,10.);
#2991=VECTOR('',#12240,10.);
#2992=VECTOR('',#12243,10.);
#2993=VECTOR('',#12244,10.);
#2994=VECTOR('',#12247,10.);
#2995=VECTOR('',#12250,10.);
#2996=VECTOR('',#12253,10.);
#2997=VECTOR('',#12254,10.);
#2998=VECTOR('',#12257,10.);
#2999=VECTOR('',#12260,10.);
#3000=VECTOR('',#12261,10.);
#3001=VECTOR('',#12264,10.);
#3002=VECTOR('',#12267,10.);
#3003=VECTOR('',#12268,10.);
#3004=VECTOR('',#12271,10.);
#3005=VECTOR('',#12274,10.);
#3006=VECTOR('',#12275,10.);
#3007=VECTOR('',#12278,10.);
#3008=VECTOR('',#12281,10.);
#3009=VECTOR('',#12282,10.);
#3010=VECTOR('',#12285,10.);
#3011=VECTOR('',#12288,10.);
#3012=VECTOR('',#12289,10.);
#3013=VECTOR('',#12292,10.);
#3014=VECTOR('',#12295,10.);
#3015=VECTOR('',#12296,10.);
#3016=VECTOR('',#12301,10.);
#3017=VECTOR('',#12302,10.);
#3018=VECTOR('',#12305,10.);
#3019=VECTOR('',#12308,10.);
#3020=VECTOR('',#12309,10.);
#3021=VECTOR('',#12312,10.);
#3022=VECTOR('',#12315,10.);
#3023=VECTOR('',#12316,10.);
#3024=VECTOR('',#12319,10.);
#3025=VECTOR('',#12322,10.);
#3026=VECTOR('',#12323,10.);
#3027=VECTOR('',#12326,10.);
#3028=VECTOR('',#12329,10.);
#3029=VECTOR('',#12330,10.);
#3030=VECTOR('',#12333,10.);
#3031=VECTOR('',#12336,10.);
#3032=VECTOR('',#12337,10.);
#3033=VECTOR('',#12340,10.);
#3034=VECTOR('',#12343,10.);
#3035=VECTOR('',#12344,10.);
#3036=VECTOR('',#12347,10.);
#3037=VECTOR('',#12350,10.);
#3038=VECTOR('',#12351,10.);
#3039=VECTOR('',#12354,10.);
#3040=VECTOR('',#12357,10.);
#3041=VECTOR('',#12358,10.);
#3042=VECTOR('',#12361,10.);
#3043=VECTOR('',#12364,10.);
#3044=VECTOR('',#12365,10.);
#3045=VECTOR('',#12368,10.);
#3046=VECTOR('',#12371,10.);
#3047=VECTOR('',#12374,10.);
#3048=VECTOR('',#12375,10.);
#3049=VECTOR('',#12378,10.);
#3050=VECTOR('',#12381,10.);
#3051=VECTOR('',#12384,10.);
#3052=VECTOR('',#12385,10.);
#3053=VECTOR('',#12388,10.);
#3054=VECTOR('',#12391,10.);
#3055=VECTOR('',#12394,10.);
#3056=VECTOR('',#12397,10.);
#3057=VECTOR('',#12398,10.);
#3058=VECTOR('',#12401,10.);
#3059=VECTOR('',#12404,10.);
#3060=VECTOR('',#12407,10.);
#3061=VECTOR('',#12410,10.);
#3062=VECTOR('',#12411,10.);
#3063=VECTOR('',#12416,10.);
#3064=VECTOR('',#12419,10.);
#3065=VECTOR('',#12422,10.);
#3066=VECTOR('',#12425,10.);
#3067=VECTOR('',#12428,10.);
#3068=VECTOR('',#12429,10.);
#3069=VECTOR('',#12434,10.);
#3070=VECTOR('',#12435,10.);
#3071=VECTOR('',#12440,10.);
#3072=VECTOR('',#12443,10.);
#3073=VECTOR('',#12444,10.);
#3074=VECTOR('',#12449,10.);
#3075=VECTOR('',#12452,10.);
#3076=VECTOR('',#12455,10.);
#3077=VECTOR('',#12458,10.);
#3078=VECTOR('',#12461,10.);
#3079=VECTOR('',#12464,10.);
#3080=VECTOR('',#12465,10.);
#3081=VECTOR('',#12468,10.);
#3082=VECTOR('',#12471,10.);
#3083=VECTOR('',#12474,10.);
#3084=VECTOR('',#12475,10.);
#3085=VECTOR('',#12480,10.);
#3086=VECTOR('',#12483,10.);
#3087=VECTOR('',#12486,10.);
#3088=VECTOR('',#12489,10.);
#3089=VECTOR('',#12492,10.);
#3090=VECTOR('',#12493,10.);
#3091=VECTOR('',#12496,10.);
#3092=VECTOR('',#12499,10.);
#3093=VECTOR('',#12502,10.);
#3094=VECTOR('',#12505,10.);
#3095=VECTOR('',#12508,10.);
#3096=VECTOR('',#12511,10.);
#3097=VECTOR('',#12516,10.);
#3098=VECTOR('',#12517,10.);
#3099=VECTOR('',#12520,10.);
#3100=VECTOR('',#12523,10.);
#3101=VECTOR('',#12526,10.);
#3102=VECTOR('',#12529,10.);
#3103=VECTOR('',#12532,10.);
#3104=VECTOR('',#12535,10.);
#3105=VECTOR('',#12540,10.);
#3106=VECTOR('',#12541,10.);
#3107=VECTOR('',#12544,10.);
#3108=VECTOR('',#12547,10.);
#3109=VECTOR('',#12550,10.);
#3110=VECTOR('',#12553,10.);
#3111=VECTOR('',#12556,10.);
#3112=VECTOR('',#12559,10.);
#3113=VECTOR('',#12564,1.5);
#3114=VECTOR('',#12567,10.);
#3115=VECTOR('',#12568,10.);
#3116=VECTOR('',#12571,10.);
#3117=VECTOR('',#12574,10.);
#3118=VECTOR('',#12577,10.);
#3119=VECTOR('',#12580,10.);
#3120=VECTOR('',#12583,10.);
#3121=VECTOR('',#12586,10.);
#3122=VECTOR('',#12591,10.);
#3123=VECTOR('',#12592,10.);
#3124=VECTOR('',#12595,10.);
#3125=VECTOR('',#12598,10.);
#3126=VECTOR('',#12601,10.);
#3127=VECTOR('',#12604,10.);
#3128=VECTOR('',#12607,10.);
#3129=VECTOR('',#12610,10.);
#3130=VECTOR('',#12615,10.);
#3131=VECTOR('',#12616,10.);
#3132=VECTOR('',#12619,10.);
#3133=VECTOR('',#12622,10.);
#3134=VECTOR('',#12625,10.);
#3135=VECTOR('',#12628,10.);
#3136=VECTOR('',#12631,10.);
#3137=VECTOR('',#12634,10.);
#3138=VECTOR('',#12639,10.);
#3139=VECTOR('',#12640,10.);
#3140=VECTOR('',#12643,10.);
#3141=VECTOR('',#12646,10.);
#3142=VECTOR('',#12649,10.);
#3143=VECTOR('',#12652,10.);
#3144=VECTOR('',#12655,10.);
#3145=VECTOR('',#12658,10.);
#3146=VECTOR('',#12663,2.);
#3147=VECTOR('',#12666,10.);
#3148=VECTOR('',#12667,10.);
#3149=VECTOR('',#12670,10.);
#3150=VECTOR('',#12673,10.);
#3151=VECTOR('',#12676,10.);
#3152=VECTOR('',#12679,10.);
#3153=VECTOR('',#12682,10.);
#3154=VECTOR('',#12685,10.);
#3155=VECTOR('',#12690,10.);
#3156=VECTOR('',#12691,10.);
#3157=VECTOR('',#12694,10.);
#3158=VECTOR('',#12697,10.);
#3159=VECTOR('',#12700,10.);
#3160=VECTOR('',#12703,10.);
#3161=VECTOR('',#12706,10.);
#3162=VECTOR('',#12709,10.);
#3163=VECTOR('',#12714,10.);
#3164=VECTOR('',#12715,10.);
#3165=VECTOR('',#12718,10.);
#3166=VECTOR('',#12721,10.);
#3167=VECTOR('',#12724,10.);
#3168=VECTOR('',#12727,10.);
#3169=VECTOR('',#12730,10.);
#3170=VECTOR('',#12733,10.);
#3171=VECTOR('',#12738,10.);
#3172=VECTOR('',#12739,10.);
#3173=VECTOR('',#12742,10.);
#3174=VECTOR('',#12745,10.);
#3175=VECTOR('',#12748,10.);
#3176=VECTOR('',#12751,10.);
#3177=VECTOR('',#12754,10.);
#3178=VECTOR('',#12757,10.);
#3179=VECTOR('',#12762,10.);
#3180=VECTOR('',#12763,10.);
#3181=VECTOR('',#12766,10.);
#3182=VECTOR('',#12769,10.);
#3183=VECTOR('',#12772,10.);
#3184=VECTOR('',#12775,10.);
#3185=VECTOR('',#12778,10.);
#3186=VECTOR('',#12781,10.);
#3187=VECTOR('',#12786,10.);
#3188=VECTOR('',#12787,10.);
#3189=VECTOR('',#12790,10.);
#3190=VECTOR('',#12793,10.);
#3191=VECTOR('',#12796,10.);
#3192=VECTOR('',#12799,10.);
#3193=VECTOR('',#12802,10.);
#3194=VECTOR('',#12805,10.);
#3195=VECTOR('',#12810,10.);
#3196=VECTOR('',#12811,10.);
#3197=VECTOR('',#12814,10.);
#3198=VECTOR('',#12817,10.);
#3199=VECTOR('',#12820,10.);
#3200=VECTOR('',#12823,10.);
#3201=VECTOR('',#12826,10.);
#3202=VECTOR('',#12829,10.);
#3203=VECTOR('',#12834,10.);
#3204=VECTOR('',#12835,10.);
#3205=VECTOR('',#12838,10.);
#3206=VECTOR('',#12841,10.);
#3207=VECTOR('',#12844,10.);
#3208=VECTOR('',#12847,10.);
#3209=VECTOR('',#12850,10.);
#3210=VECTOR('',#12853,10.);
#3211=VECTOR('',#12858,10.);
#3212=VECTOR('',#12859,10.);
#3213=VECTOR('',#12862,10.);
#3214=VECTOR('',#12865,10.);
#3215=VECTOR('',#12868,10.);
#3216=VECTOR('',#12871,10.);
#3217=VECTOR('',#12874,10.);
#3218=VECTOR('',#12877,10.);
#3219=VECTOR('',#12882,10.);
#3220=VECTOR('',#12883,10.);
#3221=VECTOR('',#12886,10.);
#3222=VECTOR('',#12889,10.);
#3223=VECTOR('',#12892,10.);
#3224=VECTOR('',#12895,10.);
#3225=VECTOR('',#12898,10.);
#3226=VECTOR('',#12901,10.);
#3227=VECTOR('',#12906,1.5);
#3228=VECTOR('',#12909,10.);
#3229=VECTOR('',#12910,10.);
#3230=VECTOR('',#12913,10.);
#3231=VECTOR('',#12916,10.);
#3232=VECTOR('',#12919,10.);
#3233=VECTOR('',#12922,10.);
#3234=VECTOR('',#12925,10.);
#3235=VECTOR('',#12928,10.);
#3236=VECTOR('',#12933,10.);
#3237=VECTOR('',#12934,10.);
#3238=VECTOR('',#12937,10.);
#3239=VECTOR('',#12940,10.);
#3240=VECTOR('',#12943,10.);
#3241=VECTOR('',#12946,10.);
#3242=VECTOR('',#12949,10.);
#3243=VECTOR('',#12952,10.);
#3244=VECTOR('',#12957,10.);
#3245=VECTOR('',#12958,10.);
#3246=VECTOR('',#12961,10.);
#3247=VECTOR('',#12964,10.);
#3248=VECTOR('',#12967,10.);
#3249=VECTOR('',#12970,10.);
#3250=VECTOR('',#12973,10.);
#3251=VECTOR('',#12976,10.);
#3252=VECTOR('',#12981,10.);
#3253=VECTOR('',#12982,10.);
#3254=VECTOR('',#12985,10.);
#3255=VECTOR('',#12988,10.);
#3256=VECTOR('',#12991,10.);
#3257=VECTOR('',#12994,10.);
#3258=VECTOR('',#12997,10.);
#3259=VECTOR('',#13000,10.);
#3260=VECTOR('',#13005,10.);
#3261=VECTOR('',#13006,10.);
#3262=VECTOR('',#13009,10.);
#3263=VECTOR('',#13012,10.);
#3264=VECTOR('',#13015,10.);
#3265=VECTOR('',#13018,10.);
#3266=VECTOR('',#13021,10.);
#3267=VECTOR('',#13024,10.);
#3268=VECTOR('',#13029,10.);
#3269=VECTOR('',#13030,10.);
#3270=VECTOR('',#13033,10.);
#3271=VECTOR('',#13036,10.);
#3272=VECTOR('',#13039,10.);
#3273=VECTOR('',#13042,10.);
#3274=VECTOR('',#13045,10.);
#3275=VECTOR('',#13048,10.);
#3276=VECTOR('',#13053,10.);
#3277=VECTOR('',#13054,10.);
#3278=VECTOR('',#13057,10.);
#3279=VECTOR('',#13060,10.);
#3280=VECTOR('',#13063,10.);
#3281=VECTOR('',#13066,10.);
#3282=VECTOR('',#13069,10.);
#3283=VECTOR('',#13072,10.);
#3284=VECTOR('',#13077,1.5);
#3285=VECTOR('',#13080,2.);
#3286=VECTOR('',#13083,10.);
#3287=VECTOR('',#13084,10.);
#3288=VECTOR('',#13087,10.);
#3289=VECTOR('',#13090,10.);
#3290=VECTOR('',#13093,10.);
#3291=VECTOR('',#13096,10.);
#3292=VECTOR('',#13099,10.);
#3293=VECTOR('',#13102,10.);
#3294=VECTOR('',#13107,10.);
#3295=VECTOR('',#13108,10.);
#3296=VECTOR('',#13111,10.);
#3297=VECTOR('',#13114,10.);
#3298=VECTOR('',#13117,10.);
#3299=VECTOR('',#13120,10.);
#3300=VECTOR('',#13123,10.);
#3301=VECTOR('',#13126,10.);
#3302=VECTOR('',#13131,10.);
#3303=VECTOR('',#13132,10.);
#3304=VECTOR('',#13135,10.);
#3305=VECTOR('',#13138,10.);
#3306=VECTOR('',#13141,10.);
#3307=VECTOR('',#13144,10.);
#3308=VECTOR('',#13147,10.);
#3309=VECTOR('',#13150,10.);
#3310=VECTOR('',#13155,10.);
#3311=VECTOR('',#13156,10.);
#3312=VECTOR('',#13159,10.);
#3313=VECTOR('',#13162,10.);
#3314=VECTOR('',#13165,10.);
#3315=VECTOR('',#13168,10.);
#3316=VECTOR('',#13171,10.);
#3317=VECTOR('',#13174,10.);
#3318=VECTOR('',#13179,10.);
#3319=VECTOR('',#13180,10.);
#3320=VECTOR('',#13183,10.);
#3321=VECTOR('',#13186,10.);
#3322=VECTOR('',#13189,10.);
#3323=VECTOR('',#13192,10.);
#3324=VECTOR('',#13195,10.);
#3325=VECTOR('',#13198,10.);
#3326=VECTOR('',#13203,10.);
#3327=VECTOR('',#13204,10.);
#3328=VECTOR('',#13207,10.);
#3329=VECTOR('',#13210,10.);
#3330=VECTOR('',#13213,10.);
#3331=VECTOR('',#13216,10.);
#3332=VECTOR('',#13219,10.);
#3333=VECTOR('',#13222,10.);
#3334=VECTOR('',#13227,10.);
#3335=VECTOR('',#13228,10.);
#3336=VECTOR('',#13231,10.);
#3337=VECTOR('',#13234,10.);
#3338=VECTOR('',#13237,10.);
#3339=VECTOR('',#13240,10.);
#3340=VECTOR('',#13243,10.);
#3341=VECTOR('',#13246,10.);
#3342=VECTOR('',#13251,10.);
#3343=VECTOR('',#13252,10.);
#3344=VECTOR('',#13255,10.);
#3345=VECTOR('',#13258,10.);
#3346=VECTOR('',#13261,10.);
#3347=VECTOR('',#13264,10.);
#3348=VECTOR('',#13267,10.);
#3349=VECTOR('',#13270,10.);
#3350=VECTOR('',#13275,10.);
#3351=VECTOR('',#13276,10.);
#3352=VECTOR('',#13279,10.);
#3353=VECTOR('',#13282,10.);
#3354=VECTOR('',#13285,10.);
#3355=VECTOR('',#13288,10.);
#3356=VECTOR('',#13291,10.);
#3357=VECTOR('',#13294,10.);
#3358=VECTOR('',#13299,1.5);
#3359=VECTOR('',#13302,10.);
#3360=VECTOR('',#13303,10.);
#3361=VECTOR('',#13306,10.);
#3362=VECTOR('',#13309,10.);
#3363=VECTOR('',#13312,10.);
#3364=VECTOR('',#13315,10.);
#3365=VECTOR('',#13318,10.);
#3366=VECTOR('',#13321,10.);
#3367=VECTOR('',#13326,10.);
#3368=VECTOR('',#13327,10.);
#3369=VECTOR('',#13330,10.);
#3370=VECTOR('',#13333,10.);
#3371=VECTOR('',#13336,10.);
#3372=VECTOR('',#13339,10.);
#3373=VECTOR('',#13342,10.);
#3374=VECTOR('',#13345,10.);
#3375=VECTOR('',#13350,10.);
#3376=VECTOR('',#13353,10.);
#3377=VECTOR('',#13356,10.);
#3378=VECTOR('',#13359,10.);
#3379=VECTOR('',#13362,10.);
#3380=VECTOR('',#13369,10.);
#3381=VECTOR('',#13372,10.);
#3382=VECTOR('',#13375,10.);
#3383=VECTOR('',#13378,10.);
#3384=VECTOR('',#13389,10.);
#3385=VECTOR('',#13392,10.);
#3386=VECTOR('',#13395,10.);
#3387=VECTOR('',#13398,10.);
#3388=VECTOR('',#13405,10.);
#3389=VECTOR('',#13408,10.);
#3390=VECTOR('',#13411,10.);
#3391=VECTOR('',#13414,10.);
#3392=VECTOR('',#13425,10.);
#3393=VECTOR('',#13428,10.);
#3394=VECTOR('',#13431,10.);
#3395=VECTOR('',#13434,10.);
#3396=VECTOR('',#13441,10.);
#3397=VECTOR('',#13444,10.);
#3398=VECTOR('',#13447,10.);
#3399=VECTOR('',#13450,10.);
#3400=VECTOR('',#13453,10.);
#3401=VECTOR('',#13460,10.);
#3402=VECTOR('',#13463,10.);
#3403=VECTOR('',#13466,10.);
#3404=VECTOR('',#13469,10.);
#3405=VECTOR('',#13476,10.);
#3406=VECTOR('',#13479,10.);
#3407=VECTOR('',#13482,10.);
#3408=VECTOR('',#13485,10.);
#3409=VECTOR('',#13496,10.);
#3410=VECTOR('',#13499,10.);
#3411=VECTOR('',#13502,10.);
#3412=VECTOR('',#13505,10.);
#3413=VECTOR('',#13512,10.);
#3414=VECTOR('',#13515,10.);
#3415=VECTOR('',#13518,10.);
#3416=VECTOR('',#13521,10.);
#3417=VECTOR('',#13524,10.);
#3418=VECTOR('',#13531,10.);
#3419=VECTOR('',#13534,10.);
#3420=VECTOR('',#13537,10.);
#3421=VECTOR('',#13540,10.);
#3422=VECTOR('',#13543,10.);
#3423=VECTOR('',#13546,10.);
#3424=CIRCLE('',#9651,1.84999999999999);
#3425=CIRCLE('',#9652,1.09999999999999);
#3426=CIRCLE('',#9654,0.5);
#3427=CIRCLE('',#9655,5.);
#3428=CIRCLE('',#9656,0.5);
#3429=CIRCLE('',#9657,0.500000000000007);
#3430=CIRCLE('',#9658,0.499999999999998);
#3431=CIRCLE('',#9659,0.500000000000007);
#3432=CIRCLE('',#9660,0.5);
#3433=CIRCLE('',#9661,5.);
#3434=CIRCLE('',#9662,0.5);
#3435=CIRCLE('',#9663,0.499999999999998);
#3436=CIRCLE('',#9664,0.500000000000007);
#3437=CIRCLE('',#9665,0.500000000000003);
#3438=CIRCLE('',#9666,0.5);
#3439=CIRCLE('',#9667,5.);
#3440=CIRCLE('',#9668,0.5);
#3441=CIRCLE('',#9669,0.5);
#3442=CIRCLE('',#9670,5.);
#3443=CIRCLE('',#9671,0.5);
#3444=CIRCLE('',#9672,0.500000000000007);
#3445=CIRCLE('',#9673,0.499999999999998);
#3446=CIRCLE('',#9674,0.499999999999989);
#3447=CIRCLE('',#9675,0.5);
#3448=CIRCLE('',#9676,5.);
#3449=CIRCLE('',#9677,0.5);
#3450=CIRCLE('',#9678,0.499999999999998);
#3451=CIRCLE('',#9679,0.499999999999998);
#3452=CIRCLE('',#9680,0.500000000000003);
#3453=CIRCLE('',#9681,0.5);
#3454=CIRCLE('',#9682,5.);
#3455=CIRCLE('',#9683,0.5);
#3456=CIRCLE('',#9684,0.5);
#3457=CIRCLE('',#9685,0.5);
#3458=CIRCLE('',#9686,2.5);
#3459=CIRCLE('',#9687,2.5);
#3460=CIRCLE('',#9688,2.5);
#3461=CIRCLE('',#9689,0.5);
#3462=CIRCLE('',#9690,0.5);
#3463=CIRCLE('',#9691,5.);
#3464=CIRCLE('',#9692,0.5);
#3465=CIRCLE('',#9693,0.500000000000007);
#3466=CIRCLE('',#9694,0.499999999999998);
#3467=CIRCLE('',#9695,0.499999999999989);
#3468=CIRCLE('',#9696,0.5);
#3469=CIRCLE('',#9697,5.);
#3470=CIRCLE('',#9698,0.5);
#3471=CIRCLE('',#9699,0.499999999999998);
#3472=CIRCLE('',#9700,0.500000000000007);
#3473=CIRCLE('',#9701,0.500000000000003);
#3474=CIRCLE('',#9702,0.5);
#3475=CIRCLE('',#9703,5.);
#3476=CIRCLE('',#9704,0.5);
#3477=CIRCLE('',#9705,2.5);
#3478=CIRCLE('',#9706,2.5);
#3479=CIRCLE('',#9707,0.5);
#3480=CIRCLE('',#9708,5.);
#3481=CIRCLE('',#9709,0.5);
#3482=CIRCLE('',#9710,0.500000000000007);
#3483=CIRCLE('',#9711,0.499999999999998);
#3484=CIRCLE('',#9712,0.500000000000007);
#3485=CIRCLE('',#9713,0.5);
#3486=CIRCLE('',#9714,5.);
#3487=CIRCLE('',#9715,0.5);
#3488=CIRCLE('',#9716,0.5);
#3489=CIRCLE('',#9717,2.5);
#3490=CIRCLE('',#9718,2.5);
#3491=CIRCLE('',#9719,0.5);
#3492=CIRCLE('',#9720,0.5);
#3493=CIRCLE('',#9721,5.);
#3494=CIRCLE('',#9722,0.5);
#3495=CIRCLE('',#9723,0.5);
#3496=CIRCLE('',#9724,2.5);
#3497=CIRCLE('',#9725,2.5);
#3498=CIRCLE('',#9726,0.5);
#3499=CIRCLE('',#9727,0.5);
#3500=CIRCLE('',#9728,5.);
#3501=CIRCLE('',#9729,0.5);
#3502=CIRCLE('',#9730,0.500000000000007);
#3503=CIRCLE('',#9731,0.499999999999998);
#3504=CIRCLE('',#9732,0.499999999999972);
#3505=CIRCLE('',#9733,0.5);
#3506=CIRCLE('',#9734,5.);
#3507=CIRCLE('',#9735,0.5);
#3508=CIRCLE('',#9736,0.499999999999998);
#3509=CIRCLE('',#9737,0.500000000000007);
#3510=CIRCLE('',#9738,0.499999999999998);
#3511=CIRCLE('',#9739,0.5);
#3512=CIRCLE('',#9740,5.);
#3513=CIRCLE('',#9741,0.5);
#3514=CIRCLE('',#9742,2.5);
#3515=CIRCLE('',#9743,2.5);
#3516=CIRCLE('',#9744,0.5);
#3517=CIRCLE('',#9745,5.);
#3518=CIRCLE('',#9746,0.5);
#3519=CIRCLE('',#9747,0.500000000000007);
#3520=CIRCLE('',#9748,0.499999999999998);
#3521=CIRCLE('',#9749,0.500000000000007);
#3522=CIRCLE('',#9750,0.5);
#3523=CIRCLE('',#9751,5.);
#3524=CIRCLE('',#9752,0.5);
#3525=CIRCLE('',#9753,0.499999999999998);
#3526=CIRCLE('',#9754,0.500000000000007);
#3527=CIRCLE('',#9755,0.500000000000003);
#3528=CIRCLE('',#9756,0.5);
#3529=CIRCLE('',#9757,5.);
#3530=CIRCLE('',#9758,0.5);
#3531=CIRCLE('',#9759,0.5);
#3532=CIRCLE('',#9760,2.5);
#3533=CIRCLE('',#9761,2.5);
#3534=CIRCLE('',#9762,0.5);
#3535=CIRCLE('',#9763,1.84999999999999);
#3536=CIRCLE('',#9764,1.85);
#3537=CIRCLE('',#9765,0.499999999999998);
#3538=CIRCLE('',#9766,0.500000000000007);
#3539=CIRCLE('',#9767,0.499999999999998);
#3540=CIRCLE('',#9768,0.500000000000007);
#3541=CIRCLE('',#9769,0.499999999999998);
#3542=CIRCLE('',#9770,0.500000000000007);
#3543=CIRCLE('',#9771,0.500000000000003);
#3544=CIRCLE('',#9772,0.500000000000007);
#3545=CIRCLE('',#9773,0.500000000000007);
#3546=CIRCLE('',#9774,0.499999999999998);
#3547=CIRCLE('',#9775,0.500000000000007);
#3548=CIRCLE('',#9776,0.499999999999998);
#3549=CIRCLE('',#9777,1.5);
#3550=CIRCLE('',#9778,0.499999999999998);
#3551=CIRCLE('',#9779,0.500000000000007);
#3552=CIRCLE('',#9780,0.499999999999998);
#3553=CIRCLE('',#9781,0.500000000000007);
#3554=CIRCLE('',#9782,0.500000000000003);
#3555=CIRCLE('',#9783,0.500000000000007);
#3556=CIRCLE('',#9784,0.499999999999998);
#3557=CIRCLE('',#9785,0.500000000000007);
#3558=CIRCLE('',#9786,0.500000000000003);
#3559=CIRCLE('',#9787,0.500000000000007);
#3560=CIRCLE('',#9788,0.499999999999998);
#3561=CIRCLE('',#9789,0.500000000000007);
#3562=CIRCLE('',#9790,0.499999999999998);
#3563=CIRCLE('',#9791,0.499999999999998);
#3564=CIRCLE('',#9792,0.499999999999998);
#3565=CIRCLE('',#9793,0.500000000000007);
#3566=CIRCLE('',#9794,2.);
#3567=CIRCLE('',#9795,0.499999999999998);
#3568=CIRCLE('',#9796,0.499999999999998);
#3569=CIRCLE('',#9797,0.500000000000003);
#3570=CIRCLE('',#9798,0.499999999999998);
#3571=CIRCLE('',#9799,0.499999999999998);
#3572=CIRCLE('',#9800,0.499999999999972);
#3573=CIRCLE('',#9801,0.499999999999998);
#3574=CIRCLE('',#9802,0.500000000000007);
#3575=CIRCLE('',#9803,0.499999999999998);
#3576=CIRCLE('',#9804,0.499999999999998);
#3577=CIRCLE('',#9805,0.499999999999998);
#3578=CIRCLE('',#9806,0.499999999999998);
#3579=CIRCLE('',#9807,0.500000000000003);
#3580=CIRCLE('',#9808,0.499999999999998);
#3581=CIRCLE('',#9809,0.499999999999998);
#3582=CIRCLE('',#9810,0.499999999999998);
#3583=CIRCLE('',#9811,0.499999999999998);
#3584=CIRCLE('',#9812,0.500000000000007);
#3585=CIRCLE('',#9813,0.499999999999998);
#3586=CIRCLE('',#9814,0.500000000000007);
#3587=CIRCLE('',#9815,0.499999999999998);
#3588=CIRCLE('',#9816,0.499999999999998);
#3589=CIRCLE('',#9817,0.499999999999998);
#3590=CIRCLE('',#9818,0.500000000000007);
#3591=CIRCLE('',#9819,0.499999999999998);
#3592=CIRCLE('',#9820,0.500000000000007);
#3593=CIRCLE('',#9821,0.499999999999998);
#3594=CIRCLE('',#9822,0.500000000000007);
#3595=CIRCLE('',#9823,0.499999999999998);
#3596=CIRCLE('',#9824,0.500000000000007);
#3597=CIRCLE('',#9825,0.500000000000003);
#3598=CIRCLE('',#9826,0.500000000000007);
#3599=CIRCLE('',#9827,0.500000000000003);
#3600=CIRCLE('',#9828,0.499999999999998);
#3601=CIRCLE('',#9829,0.499999999999998);
#3602=CIRCLE('',#9830,0.499999999999998);
#3603=CIRCLE('',#9831,0.499999999999998);
#3604=CIRCLE('',#9832,0.500000000000007);
#3605=CIRCLE('',#9833,0.500000000000003);
#3606=CIRCLE('',#9834,0.500000000000007);
#3607=CIRCLE('',#9835,1.5);
#3608=CIRCLE('',#9836,0.499999999999998);
#3609=CIRCLE('',#9837,0.500000000000007);
#3610=CIRCLE('',#9838,0.500000000000003);
#3611=CIRCLE('',#9839,0.500000000000007);
#3612=CIRCLE('',#9840,0.499999999999998);
#3613=CIRCLE('',#9841,0.500000000000007);
#3614=CIRCLE('',#9842,0.500000000000003);
#3615=CIRCLE('',#9843,0.499999999999989);
#3616=CIRCLE('',#9844,0.499999999999998);
#3617=CIRCLE('',#9845,0.499999999999989);
#3618=CIRCLE('',#9846,0.500000000000003);
#3619=CIRCLE('',#9847,0.500000000000007);
#3620=CIRCLE('',#9848,0.499999999999998);
#3621=CIRCLE('',#9849,0.500000000000007);
#3622=CIRCLE('',#9850,0.500000000000003);
#3623=CIRCLE('',#9851,0.500000000000007);
#3624=CIRCLE('',#9852,0.499999999999998);
#3625=CIRCLE('',#9853,0.499999999999972);
#3626=CIRCLE('',#9854,0.499999999999998);
#3627=CIRCLE('',#9855,0.500000000000007);
#3628=CIRCLE('',#9856,0.499999999999998);
#3629=CIRCLE('',#9857,0.500000000000007);
#3630=CIRCLE('',#9858,0.499999999999998);
#3631=CIRCLE('',#9859,0.500000000000007);
#3632=CIRCLE('',#9860,0.499999999999998);
#3633=CIRCLE('',#9861,0.500000000000007);
#3634=CIRCLE('',#9862,0.499999999999998);
#3635=CIRCLE('',#9863,0.500000000000007);
#3636=CIRCLE('',#9864,1.5);
#3637=CIRCLE('',#9865,2.);
#3638=CIRCLE('',#9866,0.500000000000007);
#3639=CIRCLE('',#9867,0.499999999999998);
#3640=CIRCLE('',#9868,0.500000000000007);
#3641=CIRCLE('',#9869,0.499999999999998);
#3642=CIRCLE('',#9870,0.499999999999998);
#3643=CIRCLE('',#9871,0.500000000000007);
#3644=CIRCLE('',#9872,0.499999999999998);
#3645=CIRCLE('',#9873,0.499999999999989);
#3646=CIRCLE('',#9874,0.499999999999998);
#3647=CIRCLE('',#9875,0.499999999999998);
#3648=CIRCLE('',#9876,0.500000000000003);
#3649=CIRCLE('',#9877,0.500000000000007);
#3650=CIRCLE('',#9878,0.499999999999998);
#3651=CIRCLE('',#9879,0.500000000000007);
#3652=CIRCLE('',#9880,0.499999999999998);
#3653=CIRCLE('',#9881,0.500000000000007);
#3654=CIRCLE('',#9882,0.499999999999989);
#3655=CIRCLE('',#9883,0.499999999999998);
#3656=CIRCLE('',#9884,0.499999999999989);
#3657=CIRCLE('',#9885,0.499999999999998);
#3658=CIRCLE('',#9886,0.499999999999998);
#3659=CIRCLE('',#9887,0.499999999999989);
#3660=CIRCLE('',#9888,0.499999999999998);
#3661=CIRCLE('',#9889,0.499999999999998);
#3662=CIRCLE('',#9890,0.499999999999998);
#3663=CIRCLE('',#9891,0.499999999999998);
#3664=CIRCLE('',#9892,0.499999999999998);
#3665=CIRCLE('',#9893,0.500000000000007);
#3666=CIRCLE('',#9894,0.499999999999998);
#3667=CIRCLE('',#9895,0.500000000000007);
#3668=CIRCLE('',#9896,0.500000000000003);
#3669=CIRCLE('',#9897,0.500000000000007);
#3670=CIRCLE('',#9898,0.499999999999998);
#3671=CIRCLE('',#9899,0.499999999999998);
#3672=CIRCLE('',#9900,0.500000000000003);
#3673=CIRCLE('',#9901,0.499999999999998);
#3674=CIRCLE('',#9902,1.5);
#3675=CIRCLE('',#9903,0.499999999999998);
#3676=CIRCLE('',#9904,0.499999999999998);
#3677=CIRCLE('',#9905,0.499999999999998);
#3678=CIRCLE('',#9906,0.499999999999998);
#3679=CIRCLE('',#9907,0.499999999999998);
#3680=CIRCLE('',#9908,0.500000000000007);
#3681=CIRCLE('',#9909,0.499999999999998);
#3682=CIRCLE('',#9910,0.499999999999989);
#3683=CIRCLE('',#9911,1.84999999999999);
#3684=CIRCLE('',#9912,1.85);
#3685=CIRCLE('',#9914,1.09999999999999);
#3686=CIRCLE('',#9916,1.09999999999999);
#3687=CIRCLE('',#9918,1.09999999999999);
#3688=CIRCLE('',#9920,1.1);
#3689=CIRCLE('',#9922,1.1);
#3690=CIRCLE('',#9924,1.10000000000001);
#3691=CIRCLE('',#9926,1.10000000000001);
#3692=CIRCLE('',#9928,1.09999999999999);
#3693=CIRCLE('',#9930,1.09999999999999);
#3694=CIRCLE('',#9932,0.5);
#3695=CIRCLE('',#9935,0.5);
#3696=CIRCLE('',#9938,0.5);
#3697=CIRCLE('',#9939,2.5);
#3698=CIRCLE('',#9940,2.5);
#3699=CIRCLE('',#9941,0.5);
#3700=CIRCLE('',#9942,0.5);
#3701=CIRCLE('',#9943,5.);
#3702=CIRCLE('',#9944,0.5);
#3703=CIRCLE('',#9945,0.500000000000003);
#3704=CIRCLE('',#9946,0.500000000000007);
#3705=CIRCLE('',#9947,0.499999999999998);
#3706=CIRCLE('',#9948,0.5);
#3707=CIRCLE('',#9949,5.);
#3708=CIRCLE('',#9950,0.5);
#3709=CIRCLE('',#9951,0.500000000000007);
#3710=CIRCLE('',#9952,0.499999999999998);
#3711=CIRCLE('',#9953,0.500000000000007);
#3712=CIRCLE('',#9954,0.5);
#3713=CIRCLE('',#9955,5.);
#3714=CIRCLE('',#9956,0.5);
#3715=CIRCLE('',#9957,2.5);
#3716=CIRCLE('',#9958,2.5);
#3717=CIRCLE('',#9959,0.5);
#3718=CIRCLE('',#9960,5.);
#3719=CIRCLE('',#9961,0.5);
#3720=CIRCLE('',#9962,0.499999999999998);
#3721=CIRCLE('',#9963,0.500000000000007);
#3722=CIRCLE('',#9964,0.499999999999998);
#3723=CIRCLE('',#9965,0.5);
#3724=CIRCLE('',#9966,5.);
#3725=CIRCLE('',#9967,0.5);
#3726=CIRCLE('',#9968,0.499999999999972);
#3727=CIRCLE('',#9969,0.499999999999998);
#3728=CIRCLE('',#9970,0.500000000000007);
#3729=CIRCLE('',#9971,0.5);
#3730=CIRCLE('',#9972,5.);
#3731=CIRCLE('',#9973,0.5);
#3732=CIRCLE('',#9974,0.5);
#3733=CIRCLE('',#9975,2.5);
#3734=CIRCLE('',#9976,2.5);
#3735=CIRCLE('',#9977,0.5);
#3736=CIRCLE('',#9978,0.5);
#3737=CIRCLE('',#9979,5.);
#3738=CIRCLE('',#9980,0.5);
#3739=CIRCLE('',#9981,0.5);
#3740=CIRCLE('',#9982,2.5);
#3741=CIRCLE('',#9983,2.5);
#3742=CIRCLE('',#9984,0.5);
#3743=CIRCLE('',#9985,0.5);
#3744=CIRCLE('',#9986,5.);
#3745=CIRCLE('',#9987,0.5);
#3746=CIRCLE('',#9988,0.500000000000007);
#3747=CIRCLE('',#9989,0.499999999999998);
#3748=CIRCLE('',#9990,0.500000000000007);
#3749=CIRCLE('',#9991,0.5);
#3750=CIRCLE('',#9992,5.);
#3751=CIRCLE('',#9993,0.5);
#3752=CIRCLE('',#9994,2.5);
#3753=CIRCLE('',#9995,2.5);
#3754=CIRCLE('',#9996,0.5);
#3755=CIRCLE('',#9997,5.);
#3756=CIRCLE('',#9998,0.5);
#3757=CIRCLE('',#9999,0.500000000000003);
#3758=CIRCLE('',#10000,0.500000000000007);
#3759=CIRCLE('',#10001,0.499999999999998);
#3760=CIRCLE('',#10002,0.5);
#3761=CIRCLE('',#10003,5.);
#3762=CIRCLE('',#10004,0.5);
#3763=CIRCLE('',#10005,0.499999999999989);
#3764=CIRCLE('',#10006,0.499999999999998);
#3765=CIRCLE('',#10007,0.500000000000007);
#3766=CIRCLE('',#10008,0.5);
#3767=CIRCLE('',#10009,5.);
#3768=CIRCLE('',#10010,0.5);
#3769=CIRCLE('',#10011,0.5);
#3770=CIRCLE('',#10012,2.5);
#3771=CIRCLE('',#10013,2.5);
#3772=CIRCLE('',#10014,2.5);
#3773=CIRCLE('',#10015,0.5);
#3774=CIRCLE('',#10016,0.5);
#3775=CIRCLE('',#10017,0.5);
#3776=CIRCLE('',#10018,5.);
#3777=CIRCLE('',#10019,0.5);
#3778=CIRCLE('',#10020,0.500000000000003);
#3779=CIRCLE('',#10021,0.499999999999998);
#3780=CIRCLE('',#10022,0.499999999999998);
#3781=CIRCLE('',#10023,0.5);
#3782=CIRCLE('',#10024,5.);
#3783=CIRCLE('',#10025,0.5);
#3784=CIRCLE('',#10026,0.499999999999989);
#3785=CIRCLE('',#10027,0.499999999999998);
#3786=CIRCLE('',#10028,0.500000000000007);
#3787=CIRCLE('',#10029,0.5);
#3788=CIRCLE('',#10030,5.);
#3789=CIRCLE('',#10031,0.5);
#3790=CIRCLE('',#10032,0.5);
#3791=CIRCLE('',#10033,5.);
#3792=CIRCLE('',#10034,0.5);
#3793=CIRCLE('',#10035,0.500000000000003);
#3794=CIRCLE('',#10036,0.500000000000007);
#3795=CIRCLE('',#10037,0.499999999999998);
#3796=CIRCLE('',#10038,0.5);
#3797=CIRCLE('',#10039,5.);
#3798=CIRCLE('',#10040,0.5);
#3799=CIRCLE('',#10041,0.500000000000007);
#3800=CIRCLE('',#10042,0.499999999999998);
#3801=CIRCLE('',#10043,0.500000000000007);
#3802=CIRCLE('',#10044,5.);
#3803=CIRCLE('',#10045,0.499999999999998);
#3804=CIRCLE('',#10046,0.499999999999989);
#3805=CIRCLE('',#10047,0.499999999999998);
#3806=CIRCLE('',#10048,0.500000000000007);
#3807=CIRCLE('',#10049,0.499999999999998);
#3808=CIRCLE('',#10050,0.499999999999998);
#3809=CIRCLE('',#10051,0.499999999999998);
#3810=CIRCLE('',#10052,0.499999999999998);
#3811=CIRCLE('',#10053,1.5);
#3812=CIRCLE('',#10054,0.499999999999998);
#3813=CIRCLE('',#10055,0.499999999999998);
#3814=CIRCLE('',#10056,0.500000000000003);
#3815=CIRCLE('',#10057,0.499999999999998);
#3816=CIRCLE('',#10058,0.499999999999998);
#3817=CIRCLE('',#10059,0.500000000000007);
#3818=CIRCLE('',#10060,0.500000000000003);
#3819=CIRCLE('',#10061,0.500000000000007);
#3820=CIRCLE('',#10062,0.499999999999998);
#3821=CIRCLE('',#10063,0.500000000000007);
#3822=CIRCLE('',#10064,0.499999999999998);
#3823=CIRCLE('',#10065,0.499999999999998);
#3824=CIRCLE('',#10066,0.499999999999998);
#3825=CIRCLE('',#10067,0.499999999999998);
#3826=CIRCLE('',#10068,0.499999999999998);
#3827=CIRCLE('',#10069,0.499999999999989);
#3828=CIRCLE('',#10070,0.499999999999998);
#3829=CIRCLE('',#10071,0.499999999999989);
#3830=CIRCLE('',#10072,0.499999999999998);
#3831=CIRCLE('',#10073,0.499999999999989);
#3832=CIRCLE('',#10074,0.499999999999998);
#3833=CIRCLE('',#10075,0.500000000000007);
#3834=CIRCLE('',#10076,0.499999999999998);
#3835=CIRCLE('',#10077,0.500000000000007);
#3836=CIRCLE('',#10078,0.499999999999998);
#3837=CIRCLE('',#10079,0.500000000000007);
#3838=CIRCLE('',#10080,0.500000000000003);
#3839=CIRCLE('',#10081,0.499999999999998);
#3840=CIRCLE('',#10082,0.499999999999998);
#3841=CIRCLE('',#10083,0.499999999999989);
#3842=CIRCLE('',#10084,0.499999999999998);
#3843=CIRCLE('',#10085,0.500000000000007);
#3844=CIRCLE('',#10086,0.500000000000007);
#3845=CIRCLE('',#10087,0.499999999999998);
#3846=CIRCLE('',#10088,0.500000000000007);
#3847=CIRCLE('',#10089,0.499999999999998);
#3848=CIRCLE('',#10090,2.);
#3849=CIRCLE('',#10091,1.5);
#3850=CIRCLE('',#10092,0.499999999999998);
#3851=CIRCLE('',#10093,0.500000000000007);
#3852=CIRCLE('',#10094,0.499999999999998);
#3853=CIRCLE('',#10095,0.500000000000007);
#3854=CIRCLE('',#10096,0.499999999999998);
#3855=CIRCLE('',#10097,0.500000000000007);
#3856=CIRCLE('',#10098,0.499999999999998);
#3857=CIRCLE('',#10099,0.500000000000007);
#3858=CIRCLE('',#10100,0.499999999999998);
#3859=CIRCLE('',#10101,0.500000000000007);
#3860=CIRCLE('',#10102,0.499999999999998);
#3861=CIRCLE('',#10103,0.499999999999972);
#3862=CIRCLE('',#10104,0.499999999999998);
#3863=CIRCLE('',#10105,0.500000000000007);
#3864=CIRCLE('',#10106,0.500000000000003);
#3865=CIRCLE('',#10107,0.500000000000007);
#3866=CIRCLE('',#10108,0.499999999999998);
#3867=CIRCLE('',#10109,0.500000000000007);
#3868=CIRCLE('',#10110,0.500000000000003);
#3869=CIRCLE('',#10111,0.499999999999989);
#3870=CIRCLE('',#10112,0.499999999999998);
#3871=CIRCLE('',#10113,0.499999999999989);
#3872=CIRCLE('',#10114,0.500000000000003);
#3873=CIRCLE('',#10115,0.500000000000007);
#3874=CIRCLE('',#10116,0.499999999999998);
#3875=CIRCLE('',#10117,0.500000000000007);
#3876=CIRCLE('',#10118,0.500000000000003);
#3877=CIRCLE('',#10119,0.500000000000007);
#3878=CIRCLE('',#10120,1.5);
#3879=CIRCLE('',#10121,0.499999999999998);
#3880=CIRCLE('',#10122,0.500000000000007);
#3881=CIRCLE('',#10123,0.500000000000003);
#3882=CIRCLE('',#10124,0.500000000000007);
#3883=CIRCLE('',#10125,0.500000000000003);
#3884=CIRCLE('',#10126,0.499999999999998);
#3885=CIRCLE('',#10127,0.499999999999998);
#3886=CIRCLE('',#10128,0.499999999999998);
#3887=CIRCLE('',#10129,0.499999999999998);
#3888=CIRCLE('',#10130,0.500000000000007);
#3889=CIRCLE('',#10131,0.500000000000003);
#3890=CIRCLE('',#10132,0.500000000000007);
#3891=CIRCLE('',#10133,0.499999999999998);
#3892=CIRCLE('',#10134,0.500000000000007);
#3893=CIRCLE('',#10135,0.499999999999998);
#3894=CIRCLE('',#10136,0.500000000000007);
#3895=CIRCLE('',#10137,0.499999999999998);
#3896=CIRCLE('',#10138,0.500000000000007);
#3897=CIRCLE('',#10139,0.499999999999998);
#3898=CIRCLE('',#10140,0.499999999999998);
#3899=CIRCLE('',#10141,0.499999999999998);
#3900=CIRCLE('',#10142,0.500000000000007);
#3901=CIRCLE('',#10143,0.499999999999998);
#3902=CIRCLE('',#10144,0.500000000000007);
#3903=CIRCLE('',#10145,0.500000000000003);
#3904=CIRCLE('',#10146,0.499999999999998);
#3905=CIRCLE('',#10147,0.499999999999998);
#3906=CIRCLE('',#10148,0.499999999999998);
#3907=CIRCLE('',#10149,0.499999999999998);
#3908=CIRCLE('',#10150,0.499999999999998);
#3909=CIRCLE('',#10151,0.499999999999998);
#3910=CIRCLE('',#10152,0.499999999999998);
#3911=CIRCLE('',#10153,0.499999999999998);
#3912=CIRCLE('',#10154,0.500000000000007);
#3913=CIRCLE('',#10155,0.499999999999998);
#3914=CIRCLE('',#10156,0.499999999999972);
#3915=CIRCLE('',#10157,0.499999999999998);
#3916=CIRCLE('',#10158,0.499999999999998);
#3917=CIRCLE('',#10159,0.500000000000003);
#3918=CIRCLE('',#10160,0.499999999999998);
#3919=CIRCLE('',#10161,2.);
#3920=CIRCLE('',#10162,0.499999999999998);
#3921=CIRCLE('',#10163,0.500000000000007);
#3922=CIRCLE('',#10164,0.499999999999998);
#3923=CIRCLE('',#10165,0.499999999999998);
#3924=CIRCLE('',#10166,0.500000000000003);
#3925=CIRCLE('',#10167,0.500000000000007);
#3926=CIRCLE('',#10168,0.499999999999998);
#3927=CIRCLE('',#10169,0.500000000000007);
#3928=CIRCLE('',#10170,0.500000000000003);
#3929=CIRCLE('',#10171,0.500000000000007);
#3930=CIRCLE('',#10172,0.499999999999998);
#3931=CIRCLE('',#10173,0.500000000000007);
#3932=CIRCLE('',#10174,0.499999999999998);
#3933=CIRCLE('',#10175,0.500000000000007);
#3934=CIRCLE('',#10176,0.499999999999998);
#3935=CIRCLE('',#10177,0.500000000000007);
#3936=CIRCLE('',#10178,1.5);
#3937=CIRCLE('',#10179,0.500000000000007);
#3938=CIRCLE('',#10180,0.499999999999998);
#3939=CIRCLE('',#10181,0.500000000000007);
#3940=CIRCLE('',#10182,0.499999999999998);
#3941=CIRCLE('',#10183,0.499999999999998);
#3942=CIRCLE('',#10184,0.500000000000007);
#3943=CIRCLE('',#10185,0.500000000000003);
#3944=CIRCLE('',#10186,0.500000000000007);
#3945=CIRCLE('',#10187,0.499999999999998);
#3946=CIRCLE('',#10188,0.500000000000007);
#3947=CIRCLE('',#10189,0.499999999999998);
#3948=CIRCLE('',#10190,0.500000000000007);
#3949=VERTEX_POINT('',#13561);
#3950=VERTEX_POINT('',#13563);
#3951=VERTEX_POINT('',#13567);
#3952=VERTEX_POINT('',#13568);
#3953=VERTEX_POINT('',#13570);
#3954=VERTEX_POINT('',#13572);
#3955=VERTEX_POINT('',#13574);
#3956=VERTEX_POINT('',#13576);
#3957=VERTEX_POINT('',#13578);
#3958=VERTEX_POINT('',#13580);
#3959=VERTEX_POINT('',#13582);
#3960=VERTEX_POINT('',#13584);
#3961=VERTEX_POINT('',#13586);
#3962=VERTEX_POINT('',#13588);
#3963=VERTEX_POINT('',#13590);
#3964=VERTEX_POINT('',#13592);
#3965=VERTEX_POINT('',#13594);
#3966=VERTEX_POINT('',#13596);
#3967=VERTEX_POINT('',#13598);
#3968=VERTEX_POINT('',#13600);
#3969=VERTEX_POINT('',#13602);
#3970=VERTEX_POINT('',#13604);
#3971=VERTEX_POINT('',#13606);
#3972=VERTEX_POINT('',#13608);
#3973=VERTEX_POINT('',#13610);
#3974=VERTEX_POINT('',#13612);
#3975=VERTEX_POINT('',#13614);
#3976=VERTEX_POINT('',#13616);
#3977=VERTEX_POINT('',#13618);
#3978=VERTEX_POINT('',#13620);
#3979=VERTEX_POINT('',#13622);
#3980=VERTEX_POINT('',#13624);
#3981=VERTEX_POINT('',#13626);
#3982=VERTEX_POINT('',#13628);
#3983=VERTEX_POINT('',#13630);
#3984=VERTEX_POINT('',#13632);
#3985=VERTEX_POINT('',#13634);
#3986=VERTEX_POINT('',#13636);
#3987=VERTEX_POINT('',#13638);
#3988=VERTEX_POINT('',#13640);
#3989=VERTEX_POINT('',#13642);
#3990=VERTEX_POINT('',#13644);
#3991=VERTEX_POINT('',#13646);
#3992=VERTEX_POINT('',#13648);
#3993=VERTEX_POINT('',#13650);
#3994=VERTEX_POINT('',#13652);
#3995=VERTEX_POINT('',#13654);
#3996=VERTEX_POINT('',#13656);
#3997=VERTEX_POINT('',#13658);
#3998=VERTEX_POINT('',#13660);
#3999=VERTEX_POINT('',#13662);
#4000=VERTEX_POINT('',#13664);
#4001=VERTEX_POINT('',#13666);
#4002=VERTEX_POINT('',#13668);
#4003=VERTEX_POINT('',#13670);
#4004=VERTEX_POINT('',#13672);
#4005=VERTEX_POINT('',#13674);
#4006=VERTEX_POINT('',#13676);
#4007=VERTEX_POINT('',#13678);
#4008=VERTEX_POINT('',#13680);
#4009=VERTEX_POINT('',#13682);
#4010=VERTEX_POINT('',#13684);
#4011=VERTEX_POINT('',#13686);
#4012=VERTEX_POINT('',#13688);
#4013=VERTEX_POINT('',#13690);
#4014=VERTEX_POINT('',#13692);
#4015=VERTEX_POINT('',#13694);
#4016=VERTEX_POINT('',#13696);
#4017=VERTEX_POINT('',#13698);
#4018=VERTEX_POINT('',#13700);
#4019=VERTEX_POINT('',#13702);
#4020=VERTEX_POINT('',#13704);
#4021=VERTEX_POINT('',#13706);
#4022=VERTEX_POINT('',#13708);
#4023=VERTEX_POINT('',#13710);
#4024=VERTEX_POINT('',#13712);
#4025=VERTEX_POINT('',#13714);
#4026=VERTEX_POINT('',#13716);
#4027=VERTEX_POINT('',#13718);
#4028=VERTEX_POINT('',#13720);
#4029=VERTEX_POINT('',#13722);
#4030=VERTEX_POINT('',#13724);
#4031=VERTEX_POINT('',#13726);
#4032=VERTEX_POINT('',#13728);
#4033=VERTEX_POINT('',#13730);
#4034=VERTEX_POINT('',#13732);
#4035=VERTEX_POINT('',#13734);
#4036=VERTEX_POINT('',#13736);
#4037=VERTEX_POINT('',#13738);
#4038=VERTEX_POINT('',#13740);
#4039=VERTEX_POINT('',#13742);
#4040=VERTEX_POINT('',#13744);
#4041=VERTEX_POINT('',#13746);
#4042=VERTEX_POINT('',#13748);
#4043=VERTEX_POINT('',#13750);
#4044=VERTEX_POINT('',#13752);
#4045=VERTEX_POINT('',#13754);
#4046=VERTEX_POINT('',#13756);
#4047=VERTEX_POINT('',#13758);
#4048=VERTEX_POINT('',#13760);
#4049=VERTEX_POINT('',#13762);
#4050=VERTEX_POINT('',#13764);
#4051=VERTEX_POINT('',#13766);
#4052=VERTEX_POINT('',#13768);
#4053=VERTEX_POINT('',#13770);
#4054=VERTEX_POINT('',#13772);
#4055=VERTEX_POINT('',#13774);
#4056=VERTEX_POINT('',#13776);
#4057=VERTEX_POINT('',#13778);
#4058=VERTEX_POINT('',#13780);
#4059=VERTEX_POINT('',#13782);
#4060=VERTEX_POINT('',#13784);
#4061=VERTEX_POINT('',#13786);
#4062=VERTEX_POINT('',#13788);
#4063=VERTEX_POINT('',#13790);
#4064=VERTEX_POINT('',#13792);
#4065=VERTEX_POINT('',#13794);
#4066=VERTEX_POINT('',#13796);
#4067=VERTEX_POINT('',#13798);
#4068=VERTEX_POINT('',#13800);
#4069=VERTEX_POINT('',#13802);
#4070=VERTEX_POINT('',#13804);
#4071=VERTEX_POINT('',#13806);
#4072=VERTEX_POINT('',#13808);
#4073=VERTEX_POINT('',#13810);
#4074=VERTEX_POINT('',#13812);
#4075=VERTEX_POINT('',#13814);
#4076=VERTEX_POINT('',#13816);
#4077=VERTEX_POINT('',#13818);
#4078=VERTEX_POINT('',#13820);
#4079=VERTEX_POINT('',#13822);
#4080=VERTEX_POINT('',#13824);
#4081=VERTEX_POINT('',#13826);
#4082=VERTEX_POINT('',#13828);
#4083=VERTEX_POINT('',#13830);
#4084=VERTEX_POINT('',#13832);
#4085=VERTEX_POINT('',#13834);
#4086=VERTEX_POINT('',#13836);
#4087=VERTEX_POINT('',#13838);
#4088=VERTEX_POINT('',#13840);
#4089=VERTEX_POINT('',#13842);
#4090=VERTEX_POINT('',#13844);
#4091=VERTEX_POINT('',#13846);
#4092=VERTEX_POINT('',#13848);
#4093=VERTEX_POINT('',#13850);
#4094=VERTEX_POINT('',#13852);
#4095=VERTEX_POINT('',#13854);
#4096=VERTEX_POINT('',#13856);
#4097=VERTEX_POINT('',#13858);
#4098=VERTEX_POINT('',#13860);
#4099=VERTEX_POINT('',#13862);
#4100=VERTEX_POINT('',#13864);
#4101=VERTEX_POINT('',#13866);
#4102=VERTEX_POINT('',#13868);
#4103=VERTEX_POINT('',#13870);
#4104=VERTEX_POINT('',#13872);
#4105=VERTEX_POINT('',#13874);
#4106=VERTEX_POINT('',#13876);
#4107=VERTEX_POINT('',#13878);
#4108=VERTEX_POINT('',#13880);
#4109=VERTEX_POINT('',#13882);
#4110=VERTEX_POINT('',#13884);
#4111=VERTEX_POINT('',#13886);
#4112=VERTEX_POINT('',#13888);
#4113=VERTEX_POINT('',#13890);
#4114=VERTEX_POINT('',#13892);
#4115=VERTEX_POINT('',#13894);
#4116=VERTEX_POINT('',#13896);
#4117=VERTEX_POINT('',#13898);
#4118=VERTEX_POINT('',#13900);
#4119=VERTEX_POINT('',#13902);
#4120=VERTEX_POINT('',#13904);
#4121=VERTEX_POINT('',#13906);
#4122=VERTEX_POINT('',#13908);
#4123=VERTEX_POINT('',#13910);
#4124=VERTEX_POINT('',#13912);
#4125=VERTEX_POINT('',#13914);
#4126=VERTEX_POINT('',#13916);
#4127=VERTEX_POINT('',#13918);
#4128=VERTEX_POINT('',#13920);
#4129=VERTEX_POINT('',#13922);
#4130=VERTEX_POINT('',#13924);
#4131=VERTEX_POINT('',#13927);
#4132=VERTEX_POINT('',#13929);
#4133=VERTEX_POINT('',#13931);
#4134=VERTEX_POINT('',#13932);
#4135=VERTEX_POINT('',#13934);
#4136=VERTEX_POINT('',#13936);
#4137=VERTEX_POINT('',#13938);
#4138=VERTEX_POINT('',#13940);
#4139=VERTEX_POINT('',#13942);
#4140=VERTEX_POINT('',#13944);
#4141=VERTEX_POINT('',#13947);
#4142=VERTEX_POINT('',#13948);
#4143=VERTEX_POINT('',#13950);
#4144=VERTEX_POINT('',#13952);
#4145=VERTEX_POINT('',#13954);
#4146=VERTEX_POINT('',#13956);
#4147=VERTEX_POINT('',#13958);
#4148=VERTEX_POINT('',#13960);
#4149=VERTEX_POINT('',#13963);
#4150=VERTEX_POINT('',#13964);
#4151=VERTEX_POINT('',#13966);
#4152=VERTEX_POINT('',#13968);
#4153=VERTEX_POINT('',#13970);
#4154=VERTEX_POINT('',#13972);
#4155=VERTEX_POINT('',#13974);
#4156=VERTEX_POINT('',#13976);
#4157=VERTEX_POINT('',#13979);
#4158=VERTEX_POINT('',#13981);
#4159=VERTEX_POINT('',#13982);
#4160=VERTEX_POINT('',#13984);
#4161=VERTEX_POINT('',#13986);
#4162=VERTEX_POINT('',#13988);
#4163=VERTEX_POINT('',#13990);
#4164=VERTEX_POINT('',#13992);
#4165=VERTEX_POINT('',#13994);
#4166=VERTEX_POINT('',#13997);
#4167=VERTEX_POINT('',#13998);
#4168=VERTEX_POINT('',#14000);
#4169=VERTEX_POINT('',#14002);
#4170=VERTEX_POINT('',#14004);
#4171=VERTEX_POINT('',#14006);
#4172=VERTEX_POINT('',#14008);
#4173=VERTEX_POINT('',#14010);
#4174=VERTEX_POINT('',#14013);
#4175=VERTEX_POINT('',#14014);
#4176=VERTEX_POINT('',#14016);
#4177=VERTEX_POINT('',#14018);
#4178=VERTEX_POINT('',#14020);
#4179=VERTEX_POINT('',#14022);
#4180=VERTEX_POINT('',#14024);
#4181=VERTEX_POINT('',#14026);
#4182=VERTEX_POINT('',#14029);
#4183=VERTEX_POINT('',#14030);
#4184=VERTEX_POINT('',#14032);
#4185=VERTEX_POINT('',#14034);
#4186=VERTEX_POINT('',#14036);
#4187=VERTEX_POINT('',#14038);
#4188=VERTEX_POINT('',#14040);
#4189=VERTEX_POINT('',#14042);
#4190=VERTEX_POINT('',#14045);
#4191=VERTEX_POINT('',#14047);
#4192=VERTEX_POINT('',#14048);
#4193=VERTEX_POINT('',#14050);
#4194=VERTEX_POINT('',#14052);
#4195=VERTEX_POINT('',#14054);
#4196=VERTEX_POINT('',#14056);
#4197=VERTEX_POINT('',#14058);
#4198=VERTEX_POINT('',#14060);
#4199=VERTEX_POINT('',#14063);
#4200=VERTEX_POINT('',#14064);
#4201=VERTEX_POINT('',#14066);
#4202=VERTEX_POINT('',#14068);
#4203=VERTEX_POINT('',#14070);
#4204=VERTEX_POINT('',#14072);
#4205=VERTEX_POINT('',#14074);
#4206=VERTEX_POINT('',#14076);
#4207=VERTEX_POINT('',#14079);
#4208=VERTEX_POINT('',#14080);
#4209=VERTEX_POINT('',#14082);
#4210=VERTEX_POINT('',#14084);
#4211=VERTEX_POINT('',#14086);
#4212=VERTEX_POINT('',#14088);
#4213=VERTEX_POINT('',#14090);
#4214=VERTEX_POINT('',#14092);
#4215=VERTEX_POINT('',#14095);
#4216=VERTEX_POINT('',#14096);
#4217=VERTEX_POINT('',#14098);
#4218=VERTEX_POINT('',#14100);
#4219=VERTEX_POINT('',#14102);
#4220=VERTEX_POINT('',#14104);
#4221=VERTEX_POINT('',#14106);
#4222=VERTEX_POINT('',#14108);
#4223=VERTEX_POINT('',#14111);
#4224=VERTEX_POINT('',#14112);
#4225=VERTEX_POINT('',#14114);
#4226=VERTEX_POINT('',#14116);
#4227=VERTEX_POINT('',#14118);
#4228=VERTEX_POINT('',#14120);
#4229=VERTEX_POINT('',#14122);
#4230=VERTEX_POINT('',#14124);
#4231=VERTEX_POINT('',#14127);
#4232=VERTEX_POINT('',#14128);
#4233=VERTEX_POINT('',#14130);
#4234=VERTEX_POINT('',#14132);
#4235=VERTEX_POINT('',#14134);
#4236=VERTEX_POINT('',#14136);
#4237=VERTEX_POINT('',#14138);
#4238=VERTEX_POINT('',#14140);
#4239=VERTEX_POINT('',#14143);
#4240=VERTEX_POINT('',#14144);
#4241=VERTEX_POINT('',#14146);
#4242=VERTEX_POINT('',#14148);
#4243=VERTEX_POINT('',#14150);
#4244=VERTEX_POINT('',#14152);
#4245=VERTEX_POINT('',#14154);
#4246=VERTEX_POINT('',#14156);
#4247=VERTEX_POINT('',#14159);
#4248=VERTEX_POINT('',#14160);
#4249=VERTEX_POINT('',#14162);
#4250=VERTEX_POINT('',#14164);
#4251=VERTEX_POINT('',#14166);
#4252=VERTEX_POINT('',#14168);
#4253=VERTEX_POINT('',#14170);
#4254=VERTEX_POINT('',#14172);
#4255=VERTEX_POINT('',#14175);
#4256=VERTEX_POINT('',#14176);
#4257=VERTEX_POINT('',#14178);
#4258=VERTEX_POINT('',#14180);
#4259=VERTEX_POINT('',#14182);
#4260=VERTEX_POINT('',#14184);
#4261=VERTEX_POINT('',#14186);
#4262=VERTEX_POINT('',#14188);
#4263=VERTEX_POINT('',#14191);
#4264=VERTEX_POINT('',#14192);
#4265=VERTEX_POINT('',#14194);
#4266=VERTEX_POINT('',#14196);
#4267=VERTEX_POINT('',#14198);
#4268=VERTEX_POINT('',#14200);
#4269=VERTEX_POINT('',#14202);
#4270=VERTEX_POINT('',#14204);
#4271=VERTEX_POINT('',#14207);
#4272=VERTEX_POINT('',#14209);
#4273=VERTEX_POINT('',#14210);
#4274=VERTEX_POINT('',#14212);
#4275=VERTEX_POINT('',#14214);
#4276=VERTEX_POINT('',#14216);
#4277=VERTEX_POINT('',#14218);
#4278=VERTEX_POINT('',#14220);
#4279=VERTEX_POINT('',#14222);
#4280=VERTEX_POINT('',#14225);
#4281=VERTEX_POINT('',#14226);
#4282=VERTEX_POINT('',#14228);
#4283=VERTEX_POINT('',#14230);
#4284=VERTEX_POINT('',#14232);
#4285=VERTEX_POINT('',#14234);
#4286=VERTEX_POINT('',#14236);
#4287=VERTEX_POINT('',#14238);
#4288=VERTEX_POINT('',#14241);
#4289=VERTEX_POINT('',#14242);
#4290=VERTEX_POINT('',#14244);
#4291=VERTEX_POINT('',#14246);
#4292=VERTEX_POINT('',#14248);
#4293=VERTEX_POINT('',#14250);
#4294=VERTEX_POINT('',#14252);
#4295=VERTEX_POINT('',#14254);
#4296=VERTEX_POINT('',#14257);
#4297=VERTEX_POINT('',#14258);
#4298=VERTEX_POINT('',#14260);
#4299=VERTEX_POINT('',#14262);
#4300=VERTEX_POINT('',#14264);
#4301=VERTEX_POINT('',#14266);
#4302=VERTEX_POINT('',#14268);
#4303=VERTEX_POINT('',#14270);
#4304=VERTEX_POINT('',#14273);
#4305=VERTEX_POINT('',#14274);
#4306=VERTEX_POINT('',#14276);
#4307=VERTEX_POINT('',#14278);
#4308=VERTEX_POINT('',#14280);
#4309=VERTEX_POINT('',#14282);
#4310=VERTEX_POINT('',#14284);
#4311=VERTEX_POINT('',#14286);
#4312=VERTEX_POINT('',#14289);
#4313=VERTEX_POINT('',#14290);
#4314=VERTEX_POINT('',#14292);
#4315=VERTEX_POINT('',#14294);
#4316=VERTEX_POINT('',#14296);
#4317=VERTEX_POINT('',#14298);
#4318=VERTEX_POINT('',#14300);
#4319=VERTEX_POINT('',#14302);
#4320=VERTEX_POINT('',#14305);
#4321=VERTEX_POINT('',#14306);
#4322=VERTEX_POINT('',#14308);
#4323=VERTEX_POINT('',#14310);
#4324=VERTEX_POINT('',#14312);
#4325=VERTEX_POINT('',#14314);
#4326=VERTEX_POINT('',#14316);
#4327=VERTEX_POINT('',#14318);
#4328=VERTEX_POINT('',#14321);
#4329=VERTEX_POINT('',#14323);
#4330=VERTEX_POINT('',#14325);
#4331=VERTEX_POINT('',#14326);
#4332=VERTEX_POINT('',#14328);
#4333=VERTEX_POINT('',#14330);
#4334=VERTEX_POINT('',#14332);
#4335=VERTEX_POINT('',#14334);
#4336=VERTEX_POINT('',#14336);
#4337=VERTEX_POINT('',#14338);
#4338=VERTEX_POINT('',#14341);
#4339=VERTEX_POINT('',#14342);
#4340=VERTEX_POINT('',#14344);
#4341=VERTEX_POINT('',#14346);
#4342=VERTEX_POINT('',#14348);
#4343=VERTEX_POINT('',#14350);
#4344=VERTEX_POINT('',#14352);
#4345=VERTEX_POINT('',#14354);
#4346=VERTEX_POINT('',#14357);
#4347=VERTEX_POINT('',#14358);
#4348=VERTEX_POINT('',#14360);
#4349=VERTEX_POINT('',#14362);
#4350=VERTEX_POINT('',#14364);
#4351=VERTEX_POINT('',#14366);
#4352=VERTEX_POINT('',#14368);
#4353=VERTEX_POINT('',#14370);
#4354=VERTEX_POINT('',#14373);
#4355=VERTEX_POINT('',#14374);
#4356=VERTEX_POINT('',#14376);
#4357=VERTEX_POINT('',#14378);
#4358=VERTEX_POINT('',#14380);
#4359=VERTEX_POINT('',#14382);
#4360=VERTEX_POINT('',#14384);
#4361=VERTEX_POINT('',#14386);
#4362=VERTEX_POINT('',#14389);
#4363=VERTEX_POINT('',#14390);
#4364=VERTEX_POINT('',#14392);
#4365=VERTEX_POINT('',#14394);
#4366=VERTEX_POINT('',#14396);
#4367=VERTEX_POINT('',#14398);
#4368=VERTEX_POINT('',#14400);
#4369=VERTEX_POINT('',#14402);
#4370=VERTEX_POINT('',#14405);
#4371=VERTEX_POINT('',#14406);
#4372=VERTEX_POINT('',#14408);
#4373=VERTEX_POINT('',#14410);
#4374=VERTEX_POINT('',#14412);
#4375=VERTEX_POINT('',#14414);
#4376=VERTEX_POINT('',#14416);
#4377=VERTEX_POINT('',#14418);
#4378=VERTEX_POINT('',#14421);
#4379=VERTEX_POINT('',#14422);
#4380=VERTEX_POINT('',#14424);
#4381=VERTEX_POINT('',#14426);
#4382=VERTEX_POINT('',#14428);
#4383=VERTEX_POINT('',#14430);
#4384=VERTEX_POINT('',#14432);
#4385=VERTEX_POINT('',#14434);
#4386=VERTEX_POINT('',#14437);
#4387=VERTEX_POINT('',#14438);
#4388=VERTEX_POINT('',#14440);
#4389=VERTEX_POINT('',#14442);
#4390=VERTEX_POINT('',#14444);
#4391=VERTEX_POINT('',#14446);
#4392=VERTEX_POINT('',#14448);
#4393=VERTEX_POINT('',#14450);
#4394=VERTEX_POINT('',#14453);
#4395=VERTEX_POINT('',#14454);
#4396=VERTEX_POINT('',#14456);
#4397=VERTEX_POINT('',#14458);
#4398=VERTEX_POINT('',#14460);
#4399=VERTEX_POINT('',#14462);
#4400=VERTEX_POINT('',#14464);
#4401=VERTEX_POINT('',#14466);
#4402=VERTEX_POINT('',#14469);
#4403=VERTEX_POINT('',#14471);
#4404=VERTEX_POINT('',#14472);
#4405=VERTEX_POINT('',#14474);
#4406=VERTEX_POINT('',#14476);
#4407=VERTEX_POINT('',#14478);
#4408=VERTEX_POINT('',#14480);
#4409=VERTEX_POINT('',#14482);
#4410=VERTEX_POINT('',#14484);
#4411=VERTEX_POINT('',#14487);
#4412=VERTEX_POINT('',#14488);
#4413=VERTEX_POINT('',#14490);
#4414=VERTEX_POINT('',#14492);
#4415=VERTEX_POINT('',#14494);
#4416=VERTEX_POINT('',#14496);
#4417=VERTEX_POINT('',#14498);
#4418=VERTEX_POINT('',#14500);
#4419=VERTEX_POINT('',#14503);
#4420=VERTEX_POINT('',#14505);
#4421=VERTEX_POINT('',#14508);
#4422=VERTEX_POINT('',#14512);
#4423=VERTEX_POINT('',#14516);
#4424=VERTEX_POINT('',#14520);
#4425=VERTEX_POINT('',#14524);
#4426=VERTEX_POINT('',#14528);
#4427=VERTEX_POINT('',#14532);
#4428=VERTEX_POINT('',#14536);
#4429=VERTEX_POINT('',#14540);
#4430=VERTEX_POINT('',#14544);
#4431=VERTEX_POINT('',#14545);
#4432=VERTEX_POINT('',#14550);
#4433=VERTEX_POINT('',#14554);
#4434=VERTEX_POINT('',#14555);
#4435=VERTEX_POINT('',#14560);
#4436=VERTEX_POINT('',#14564);
#4437=VERTEX_POINT('',#14566);
#4438=VERTEX_POINT('',#14568);
#4439=VERTEX_POINT('',#14570);
#4440=VERTEX_POINT('',#14572);
#4441=VERTEX_POINT('',#14574);
#4442=VERTEX_POINT('',#14576);
#4443=VERTEX_POINT('',#14578);
#4444=VERTEX_POINT('',#14580);
#4445=VERTEX_POINT('',#14582);
#4446=VERTEX_POINT('',#14584);
#4447=VERTEX_POINT('',#14586);
#4448=VERTEX_POINT('',#14588);
#4449=VERTEX_POINT('',#14590);
#4450=VERTEX_POINT('',#14592);
#4451=VERTEX_POINT('',#14594);
#4452=VERTEX_POINT('',#14596);
#4453=VERTEX_POINT('',#14598);
#4454=VERTEX_POINT('',#14600);
#4455=VERTEX_POINT('',#14602);
#4456=VERTEX_POINT('',#14604);
#4457=VERTEX_POINT('',#14606);
#4458=VERTEX_POINT('',#14608);
#4459=VERTEX_POINT('',#14610);
#4460=VERTEX_POINT('',#14612);
#4461=VERTEX_POINT('',#14614);
#4462=VERTEX_POINT('',#14616);
#4463=VERTEX_POINT('',#14618);
#4464=VERTEX_POINT('',#14620);
#4465=VERTEX_POINT('',#14622);
#4466=VERTEX_POINT('',#14624);
#4467=VERTEX_POINT('',#14626);
#4468=VERTEX_POINT('',#14628);
#4469=VERTEX_POINT('',#14630);
#4470=VERTEX_POINT('',#14632);
#4471=VERTEX_POINT('',#14634);
#4472=VERTEX_POINT('',#14636);
#4473=VERTEX_POINT('',#14638);
#4474=VERTEX_POINT('',#14640);
#4475=VERTEX_POINT('',#14642);
#4476=VERTEX_POINT('',#14644);
#4477=VERTEX_POINT('',#14646);
#4478=VERTEX_POINT('',#14648);
#4479=VERTEX_POINT('',#14650);
#4480=VERTEX_POINT('',#14652);
#4481=VERTEX_POINT('',#14654);
#4482=VERTEX_POINT('',#14656);
#4483=VERTEX_POINT('',#14658);
#4484=VERTEX_POINT('',#14660);
#4485=VERTEX_POINT('',#14662);
#4486=VERTEX_POINT('',#14664);
#4487=VERTEX_POINT('',#14666);
#4488=VERTEX_POINT('',#14668);
#4489=VERTEX_POINT('',#14670);
#4490=VERTEX_POINT('',#14672);
#4491=VERTEX_POINT('',#14674);
#4492=VERTEX_POINT('',#14676);
#4493=VERTEX_POINT('',#14678);
#4494=VERTEX_POINT('',#14680);
#4495=VERTEX_POINT('',#14682);
#4496=VERTEX_POINT('',#14684);
#4497=VERTEX_POINT('',#14686);
#4498=VERTEX_POINT('',#14688);
#4499=VERTEX_POINT('',#14690);
#4500=VERTEX_POINT('',#14692);
#4501=VERTEX_POINT('',#14694);
#4502=VERTEX_POINT('',#14696);
#4503=VERTEX_POINT('',#14698);
#4504=VERTEX_POINT('',#14700);
#4505=VERTEX_POINT('',#14702);
#4506=VERTEX_POINT('',#14704);
#4507=VERTEX_POINT('',#14706);
#4508=VERTEX_POINT('',#14708);
#4509=VERTEX_POINT('',#14710);
#4510=VERTEX_POINT('',#14712);
#4511=VERTEX_POINT('',#14714);
#4512=VERTEX_POINT('',#14716);
#4513=VERTEX_POINT('',#14718);
#4514=VERTEX_POINT('',#14720);
#4515=VERTEX_POINT('',#14722);
#4516=VERTEX_POINT('',#14724);
#4517=VERTEX_POINT('',#14726);
#4518=VERTEX_POINT('',#14728);
#4519=VERTEX_POINT('',#14730);
#4520=VERTEX_POINT('',#14732);
#4521=VERTEX_POINT('',#14734);
#4522=VERTEX_POINT('',#14736);
#4523=VERTEX_POINT('',#14738);
#4524=VERTEX_POINT('',#14740);
#4525=VERTEX_POINT('',#14742);
#4526=VERTEX_POINT('',#14744);
#4527=VERTEX_POINT('',#14746);
#4528=VERTEX_POINT('',#14748);
#4529=VERTEX_POINT('',#14750);
#4530=VERTEX_POINT('',#14752);
#4531=VERTEX_POINT('',#14754);
#4532=VERTEX_POINT('',#14756);
#4533=VERTEX_POINT('',#14758);
#4534=VERTEX_POINT('',#14760);
#4535=VERTEX_POINT('',#14762);
#4536=VERTEX_POINT('',#14764);
#4537=VERTEX_POINT('',#14766);
#4538=VERTEX_POINT('',#14768);
#4539=VERTEX_POINT('',#14770);
#4540=VERTEX_POINT('',#14772);
#4541=VERTEX_POINT('',#14774);
#4542=VERTEX_POINT('',#14776);
#4543=VERTEX_POINT('',#14778);
#4544=VERTEX_POINT('',#14780);
#4545=VERTEX_POINT('',#14782);
#4546=VERTEX_POINT('',#14784);
#4547=VERTEX_POINT('',#14786);
#4548=VERTEX_POINT('',#14788);
#4549=VERTEX_POINT('',#14790);
#4550=VERTEX_POINT('',#14792);
#4551=VERTEX_POINT('',#14794);
#4552=VERTEX_POINT('',#14796);
#4553=VERTEX_POINT('',#14798);
#4554=VERTEX_POINT('',#14800);
#4555=VERTEX_POINT('',#14802);
#4556=VERTEX_POINT('',#14804);
#4557=VERTEX_POINT('',#14806);
#4558=VERTEX_POINT('',#14808);
#4559=VERTEX_POINT('',#14810);
#4560=VERTEX_POINT('',#14812);
#4561=VERTEX_POINT('',#14814);
#4562=VERTEX_POINT('',#14816);
#4563=VERTEX_POINT('',#14818);
#4564=VERTEX_POINT('',#14820);
#4565=VERTEX_POINT('',#14822);
#4566=VERTEX_POINT('',#14824);
#4567=VERTEX_POINT('',#14826);
#4568=VERTEX_POINT('',#14828);
#4569=VERTEX_POINT('',#14830);
#4570=VERTEX_POINT('',#14832);
#4571=VERTEX_POINT('',#14834);
#4572=VERTEX_POINT('',#14836);
#4573=VERTEX_POINT('',#14838);
#4574=VERTEX_POINT('',#14840);
#4575=VERTEX_POINT('',#14842);
#4576=VERTEX_POINT('',#14844);
#4577=VERTEX_POINT('',#14846);
#4578=VERTEX_POINT('',#14848);
#4579=VERTEX_POINT('',#14850);
#4580=VERTEX_POINT('',#14852);
#4581=VERTEX_POINT('',#14854);
#4582=VERTEX_POINT('',#14856);
#4583=VERTEX_POINT('',#14858);
#4584=VERTEX_POINT('',#14860);
#4585=VERTEX_POINT('',#14862);
#4586=VERTEX_POINT('',#14864);
#4587=VERTEX_POINT('',#14866);
#4588=VERTEX_POINT('',#14868);
#4589=VERTEX_POINT('',#14870);
#4590=VERTEX_POINT('',#14872);
#4591=VERTEX_POINT('',#14874);
#4592=VERTEX_POINT('',#14876);
#4593=VERTEX_POINT('',#14878);
#4594=VERTEX_POINT('',#14880);
#4595=VERTEX_POINT('',#14882);
#4596=VERTEX_POINT('',#14884);
#4597=VERTEX_POINT('',#14886);
#4598=VERTEX_POINT('',#14888);
#4599=VERTEX_POINT('',#14890);
#4600=VERTEX_POINT('',#14892);
#4601=VERTEX_POINT('',#14894);
#4602=VERTEX_POINT('',#14896);
#4603=VERTEX_POINT('',#14898);
#4604=VERTEX_POINT('',#14900);
#4605=VERTEX_POINT('',#14902);
#4606=VERTEX_POINT('',#14904);
#4607=VERTEX_POINT('',#14906);
#4608=VERTEX_POINT('',#14908);
#4609=VERTEX_POINT('',#14910);
#4610=VERTEX_POINT('',#14914);
#4611=VERTEX_POINT('',#14915);
#4612=VERTEX_POINT('',#14917);
#4613=VERTEX_POINT('',#14919);
#4614=VERTEX_POINT('',#14921);
#4615=VERTEX_POINT('',#14923);
#4616=VERTEX_POINT('',#14925);
#4617=VERTEX_POINT('',#14927);
#4618=VERTEX_POINT('',#14930);
#4619=VERTEX_POINT('',#14931);
#4620=VERTEX_POINT('',#14933);
#4621=VERTEX_POINT('',#14935);
#4622=VERTEX_POINT('',#14937);
#4623=VERTEX_POINT('',#14939);
#4624=VERTEX_POINT('',#14941);
#4625=VERTEX_POINT('',#14943);
#4626=VERTEX_POINT('',#14946);
#4627=VERTEX_POINT('',#14948);
#4628=VERTEX_POINT('',#14949);
#4629=VERTEX_POINT('',#14951);
#4630=VERTEX_POINT('',#14953);
#4631=VERTEX_POINT('',#14955);
#4632=VERTEX_POINT('',#14957);
#4633=VERTEX_POINT('',#14959);
#4634=VERTEX_POINT('',#14961);
#4635=VERTEX_POINT('',#14964);
#4636=VERTEX_POINT('',#14965);
#4637=VERTEX_POINT('',#14967);
#4638=VERTEX_POINT('',#14969);
#4639=VERTEX_POINT('',#14971);
#4640=VERTEX_POINT('',#14973);
#4641=VERTEX_POINT('',#14975);
#4642=VERTEX_POINT('',#14977);
#4643=VERTEX_POINT('',#14980);
#4644=VERTEX_POINT('',#14981);
#4645=VERTEX_POINT('',#14983);
#4646=VERTEX_POINT('',#14985);
#4647=VERTEX_POINT('',#14987);
#4648=VERTEX_POINT('',#14989);
#4649=VERTEX_POINT('',#14991);
#4650=VERTEX_POINT('',#14993);
#4651=VERTEX_POINT('',#14996);
#4652=VERTEX_POINT('',#14997);
#4653=VERTEX_POINT('',#14999);
#4654=VERTEX_POINT('',#15001);
#4655=VERTEX_POINT('',#15003);
#4656=VERTEX_POINT('',#15005);
#4657=VERTEX_POINT('',#15007);
#4658=VERTEX_POINT('',#15009);
#4659=VERTEX_POINT('',#15012);
#4660=VERTEX_POINT('',#15013);
#4661=VERTEX_POINT('',#15015);
#4662=VERTEX_POINT('',#15017);
#4663=VERTEX_POINT('',#15019);
#4664=VERTEX_POINT('',#15021);
#4665=VERTEX_POINT('',#15023);
#4666=VERTEX_POINT('',#15025);
#4667=VERTEX_POINT('',#15028);
#4668=VERTEX_POINT('',#15029);
#4669=VERTEX_POINT('',#15031);
#4670=VERTEX_POINT('',#15033);
#4671=VERTEX_POINT('',#15035);
#4672=VERTEX_POINT('',#15037);
#4673=VERTEX_POINT('',#15039);
#4674=VERTEX_POINT('',#15041);
#4675=VERTEX_POINT('',#15044);
#4676=VERTEX_POINT('',#15045);
#4677=VERTEX_POINT('',#15047);
#4678=VERTEX_POINT('',#15049);
#4679=VERTEX_POINT('',#15051);
#4680=VERTEX_POINT('',#15053);
#4681=VERTEX_POINT('',#15055);
#4682=VERTEX_POINT('',#15057);
#4683=VERTEX_POINT('',#15060);
#4684=VERTEX_POINT('',#15061);
#4685=VERTEX_POINT('',#15063);
#4686=VERTEX_POINT('',#15065);
#4687=VERTEX_POINT('',#15067);
#4688=VERTEX_POINT('',#15069);
#4689=VERTEX_POINT('',#15071);
#4690=VERTEX_POINT('',#15073);
#4691=VERTEX_POINT('',#15076);
#4692=VERTEX_POINT('',#15077);
#4693=VERTEX_POINT('',#15079);
#4694=VERTEX_POINT('',#15081);
#4695=VERTEX_POINT('',#15083);
#4696=VERTEX_POINT('',#15085);
#4697=VERTEX_POINT('',#15087);
#4698=VERTEX_POINT('',#15089);
#4699=VERTEX_POINT('',#15092);
#4700=VERTEX_POINT('',#15094);
#4701=VERTEX_POINT('',#15096);
#4702=VERTEX_POINT('',#15097);
#4703=VERTEX_POINT('',#15099);
#4704=VERTEX_POINT('',#15101);
#4705=VERTEX_POINT('',#15103);
#4706=VERTEX_POINT('',#15105);
#4707=VERTEX_POINT('',#15107);
#4708=VERTEX_POINT('',#15109);
#4709=VERTEX_POINT('',#15112);
#4710=VERTEX_POINT('',#15113);
#4711=VERTEX_POINT('',#15115);
#4712=VERTEX_POINT('',#15117);
#4713=VERTEX_POINT('',#15119);
#4714=VERTEX_POINT('',#15121);
#4715=VERTEX_POINT('',#15123);
#4716=VERTEX_POINT('',#15125);
#4717=VERTEX_POINT('',#15128);
#4718=VERTEX_POINT('',#15129);
#4719=VERTEX_POINT('',#15131);
#4720=VERTEX_POINT('',#15133);
#4721=VERTEX_POINT('',#15135);
#4722=VERTEX_POINT('',#15137);
#4723=VERTEX_POINT('',#15139);
#4724=VERTEX_POINT('',#15141);
#4725=VERTEX_POINT('',#15144);
#4726=VERTEX_POINT('',#15145);
#4727=VERTEX_POINT('',#15147);
#4728=VERTEX_POINT('',#15149);
#4729=VERTEX_POINT('',#15151);
#4730=VERTEX_POINT('',#15153);
#4731=VERTEX_POINT('',#15155);
#4732=VERTEX_POINT('',#15157);
#4733=VERTEX_POINT('',#15160);
#4734=VERTEX_POINT('',#15161);
#4735=VERTEX_POINT('',#15163);
#4736=VERTEX_POINT('',#15165);
#4737=VERTEX_POINT('',#15167);
#4738=VERTEX_POINT('',#15169);
#4739=VERTEX_POINT('',#15171);
#4740=VERTEX_POINT('',#15173);
#4741=VERTEX_POINT('',#15176);
#4742=VERTEX_POINT('',#15177);
#4743=VERTEX_POINT('',#15179);
#4744=VERTEX_POINT('',#15181);
#4745=VERTEX_POINT('',#15183);
#4746=VERTEX_POINT('',#15185);
#4747=VERTEX_POINT('',#15187);
#4748=VERTEX_POINT('',#15189);
#4749=VERTEX_POINT('',#15192);
#4750=VERTEX_POINT('',#15193);
#4751=VERTEX_POINT('',#15195);
#4752=VERTEX_POINT('',#15197);
#4753=VERTEX_POINT('',#15199);
#4754=VERTEX_POINT('',#15201);
#4755=VERTEX_POINT('',#15203);
#4756=VERTEX_POINT('',#15205);
#4757=VERTEX_POINT('',#15208);
#4758=VERTEX_POINT('',#15210);
#4759=VERTEX_POINT('',#15211);
#4760=VERTEX_POINT('',#15213);
#4761=VERTEX_POINT('',#15215);
#4762=VERTEX_POINT('',#15217);
#4763=VERTEX_POINT('',#15219);
#4764=VERTEX_POINT('',#15221);
#4765=VERTEX_POINT('',#15223);
#4766=VERTEX_POINT('',#15226);
#4767=VERTEX_POINT('',#15227);
#4768=VERTEX_POINT('',#15229);
#4769=VERTEX_POINT('',#15231);
#4770=VERTEX_POINT('',#15233);
#4771=VERTEX_POINT('',#15235);
#4772=VERTEX_POINT('',#15237);
#4773=VERTEX_POINT('',#15239);
#4774=VERTEX_POINT('',#15242);
#4775=VERTEX_POINT('',#15243);
#4776=VERTEX_POINT('',#15245);
#4777=VERTEX_POINT('',#15247);
#4778=VERTEX_POINT('',#15249);
#4779=VERTEX_POINT('',#15251);
#4780=VERTEX_POINT('',#15253);
#4781=VERTEX_POINT('',#15255);
#4782=VERTEX_POINT('',#15258);
#4783=VERTEX_POINT('',#15259);
#4784=VERTEX_POINT('',#15261);
#4785=VERTEX_POINT('',#15263);
#4786=VERTEX_POINT('',#15265);
#4787=VERTEX_POINT('',#15267);
#4788=VERTEX_POINT('',#15269);
#4789=VERTEX_POINT('',#15271);
#4790=VERTEX_POINT('',#15274);
#4791=VERTEX_POINT('',#15275);
#4792=VERTEX_POINT('',#15277);
#4793=VERTEX_POINT('',#15279);
#4794=VERTEX_POINT('',#15281);
#4795=VERTEX_POINT('',#15283);
#4796=VERTEX_POINT('',#15285);
#4797=VERTEX_POINT('',#15287);
#4798=VERTEX_POINT('',#15290);
#4799=VERTEX_POINT('',#15291);
#4800=VERTEX_POINT('',#15293);
#4801=VERTEX_POINT('',#15295);
#4802=VERTEX_POINT('',#15297);
#4803=VERTEX_POINT('',#15299);
#4804=VERTEX_POINT('',#15301);
#4805=VERTEX_POINT('',#15303);
#4806=VERTEX_POINT('',#15306);
#4807=VERTEX_POINT('',#15307);
#4808=VERTEX_POINT('',#15309);
#4809=VERTEX_POINT('',#15311);
#4810=VERTEX_POINT('',#15313);
#4811=VERTEX_POINT('',#15315);
#4812=VERTEX_POINT('',#15317);
#4813=VERTEX_POINT('',#15319);
#4814=VERTEX_POINT('',#15322);
#4815=VERTEX_POINT('',#15323);
#4816=VERTEX_POINT('',#15325);
#4817=VERTEX_POINT('',#15327);
#4818=VERTEX_POINT('',#15329);
#4819=VERTEX_POINT('',#15331);
#4820=VERTEX_POINT('',#15333);
#4821=VERTEX_POINT('',#15335);
#4822=VERTEX_POINT('',#15338);
#4823=VERTEX_POINT('',#15339);
#4824=VERTEX_POINT('',#15341);
#4825=VERTEX_POINT('',#15343);
#4826=VERTEX_POINT('',#15345);
#4827=VERTEX_POINT('',#15347);
#4828=VERTEX_POINT('',#15349);
#4829=VERTEX_POINT('',#15351);
#4830=VERTEX_POINT('',#15354);
#4831=VERTEX_POINT('',#15355);
#4832=VERTEX_POINT('',#15357);
#4833=VERTEX_POINT('',#15359);
#4834=VERTEX_POINT('',#15361);
#4835=VERTEX_POINT('',#15363);
#4836=VERTEX_POINT('',#15365);
#4837=VERTEX_POINT('',#15367);
#4838=VERTEX_POINT('',#15370);
#4839=VERTEX_POINT('',#15372);
#4840=VERTEX_POINT('',#15373);
#4841=VERTEX_POINT('',#15375);
#4842=VERTEX_POINT('',#15377);
#4843=VERTEX_POINT('',#15379);
#4844=VERTEX_POINT('',#15381);
#4845=VERTEX_POINT('',#15383);
#4846=VERTEX_POINT('',#15385);
#4847=VERTEX_POINT('',#15388);
#4848=VERTEX_POINT('',#15389);
#4849=VERTEX_POINT('',#15391);
#4850=VERTEX_POINT('',#15393);
#4851=VERTEX_POINT('',#15395);
#4852=VERTEX_POINT('',#15397);
#4853=VERTEX_POINT('',#15399);
#4854=VERTEX_POINT('',#15401);
#4855=VERTEX_POINT('',#15404);
#4856=VERTEX_POINT('',#15405);
#4857=VERTEX_POINT('',#15407);
#4858=VERTEX_POINT('',#15409);
#4859=VERTEX_POINT('',#15411);
#4860=VERTEX_POINT('',#15413);
#4861=VERTEX_POINT('',#15415);
#4862=VERTEX_POINT('',#15417);
#4863=VERTEX_POINT('',#15420);
#4864=VERTEX_POINT('',#15421);
#4865=VERTEX_POINT('',#15423);
#4866=VERTEX_POINT('',#15425);
#4867=VERTEX_POINT('',#15427);
#4868=VERTEX_POINT('',#15429);
#4869=VERTEX_POINT('',#15431);
#4870=VERTEX_POINT('',#15433);
#4871=VERTEX_POINT('',#15436);
#4872=VERTEX_POINT('',#15438);
#4873=VERTEX_POINT('',#15439);
#4874=VERTEX_POINT('',#15441);
#4875=VERTEX_POINT('',#15443);
#4876=VERTEX_POINT('',#15445);
#4877=VERTEX_POINT('',#15447);
#4878=VERTEX_POINT('',#15449);
#4879=VERTEX_POINT('',#15451);
#4880=VERTEX_POINT('',#15454);
#4881=VERTEX_POINT('',#15455);
#4882=VERTEX_POINT('',#15457);
#4883=VERTEX_POINT('',#15459);
#4884=VERTEX_POINT('',#15461);
#4885=VERTEX_POINT('',#15463);
#4886=VERTEX_POINT('',#15465);
#4887=VERTEX_POINT('',#15467);
#4888=VERTEX_POINT('',#15470);
#4889=VERTEX_POINT('',#15471);
#4890=VERTEX_POINT('',#15473);
#4891=VERTEX_POINT('',#15475);
#4892=VERTEX_POINT('',#15477);
#4893=VERTEX_POINT('',#15479);
#4894=VERTEX_POINT('',#15481);
#4895=VERTEX_POINT('',#15483);
#4896=EDGE_CURVE('',#3949,#3949,#3424,.T.);
#4897=EDGE_CURVE('',#3949,#3950,#1628,.T.);
#4898=EDGE_CURVE('',#3950,#3950,#3425,.T.);
#4899=EDGE_CURVE('',#3951,#3952,#3426,.T.);
#4900=EDGE_CURVE('',#3953,#3951,#3427,.T.);
#4901=EDGE_CURVE('',#3954,#3953,#3428,.T.);
#4902=EDGE_CURVE('',#3954,#3955,#1629,.T.);
#4903=EDGE_CURVE('',#3956,#3955,#3429,.T.);
#4904=EDGE_CURVE('',#3956,#3957,#1630,.T.);
#4905=EDGE_CURVE('',#3958,#3957,#3430,.T.);
#4906=EDGE_CURVE('',#3959,#3958,#1631,.T.);
#4907=EDGE_CURVE('',#3960,#3959,#3431,.T.);
#4908=EDGE_CURVE('',#3961,#3960,#1632,.T.);
#4909=EDGE_CURVE('',#3962,#3961,#3432,.T.);
#4910=EDGE_CURVE('',#3963,#3962,#3433,.T.);
#4911=EDGE_CURVE('',#3964,#3963,#3434,.T.);
#4912=EDGE_CURVE('',#3964,#3965,#1633,.T.);
#4913=EDGE_CURVE('',#3966,#3965,#3435,.T.);
#4914=EDGE_CURVE('',#3967,#3966,#1634,.T.);
#4915=EDGE_CURVE('',#3968,#3967,#3436,.T.);
#4916=EDGE_CURVE('',#3969,#3968,#1635,.T.);
#4917=EDGE_CURVE('',#3970,#3969,#3437,.T.);
#4918=EDGE_CURVE('',#3970,#3971,#1636,.T.);
#4919=EDGE_CURVE('',#3972,#3971,#3438,.T.);
#4920=EDGE_CURVE('',#3973,#3972,#3439,.T.);
#4921=EDGE_CURVE('',#3974,#3973,#3440,.T.);
#4922=EDGE_CURVE('',#3975,#3974,#1637,.T.);
#4923=EDGE_CURVE('',#3976,#3975,#3441,.T.);
#4924=EDGE_CURVE('',#3977,#3976,#3442,.T.);
#4925=EDGE_CURVE('',#3978,#3977,#3443,.T.);
#4926=EDGE_CURVE('',#3978,#3979,#1638,.T.);
#4927=EDGE_CURVE('',#3980,#3979,#3444,.T.);
#4928=EDGE_CURVE('',#3980,#3981,#1639,.T.);
#4929=EDGE_CURVE('',#3982,#3981,#3445,.T.);
#4930=EDGE_CURVE('',#3983,#3982,#1640,.T.);
#4931=EDGE_CURVE('',#3984,#3983,#3446,.T.);
#4932=EDGE_CURVE('',#3985,#3984,#1641,.T.);
#4933=EDGE_CURVE('',#3986,#3985,#3447,.T.);
#4934=EDGE_CURVE('',#3987,#3986,#3448,.T.);
#4935=EDGE_CURVE('',#3988,#3987,#3449,.T.);
#4936=EDGE_CURVE('',#3988,#3989,#1642,.T.);
#4937=EDGE_CURVE('',#3990,#3989,#3450,.T.);
#4938=EDGE_CURVE('',#3991,#3990,#1643,.T.);
#4939=EDGE_CURVE('',#3992,#3991,#3451,.T.);
#4940=EDGE_CURVE('',#3993,#3992,#1644,.T.);
#4941=EDGE_CURVE('',#3994,#3993,#3452,.T.);
#4942=EDGE_CURVE('',#3994,#3995,#1645,.T.);
#4943=EDGE_CURVE('',#3996,#3995,#3453,.T.);
#4944=EDGE_CURVE('',#3997,#3996,#3454,.T.);
#4945=EDGE_CURVE('',#3998,#3997,#3455,.T.);
#4946=EDGE_CURVE('',#3999,#3998,#1646,.T.);
#4947=EDGE_CURVE('',#4000,#3999,#3456,.T.);
#4948=EDGE_CURVE('',#4001,#4000,#3457,.T.);
#4949=EDGE_CURVE('',#4002,#4001,#1647,.T.);
#4950=EDGE_CURVE('',#4003,#4002,#3458,.T.);
#4951=EDGE_CURVE('',#4004,#4003,#3459,.T.);
#4952=EDGE_CURVE('',#4005,#4004,#1648,.T.);
#4953=EDGE_CURVE('',#4006,#4005,#3460,.T.);
#4954=EDGE_CURVE('',#4007,#4006,#1649,.T.);
#4955=EDGE_CURVE('',#4008,#4007,#3461,.T.);
#4956=EDGE_CURVE('',#4009,#4008,#1650,.T.);
#4957=EDGE_CURVE('',#4010,#4009,#3462,.T.);
#4958=EDGE_CURVE('',#4011,#4010,#3463,.T.);
#4959=EDGE_CURVE('',#4012,#4011,#3464,.T.);
#4960=EDGE_CURVE('',#4012,#4013,#1651,.T.);
#4961=EDGE_CURVE('',#4014,#4013,#3465,.T.);
#4962=EDGE_CURVE('',#4014,#4015,#1652,.T.);
#4963=EDGE_CURVE('',#4016,#4015,#3466,.T.);
#4964=EDGE_CURVE('',#4017,#4016,#1653,.T.);
#4965=EDGE_CURVE('',#4018,#4017,#3467,.T.);
#4966=EDGE_CURVE('',#4019,#4018,#1654,.T.);
#4967=EDGE_CURVE('',#4020,#4019,#3468,.T.);
#4968=EDGE_CURVE('',#4021,#4020,#3469,.T.);
#4969=EDGE_CURVE('',#4022,#4021,#3470,.T.);
#4970=EDGE_CURVE('',#4022,#4023,#1655,.T.);
#4971=EDGE_CURVE('',#4024,#4023,#3471,.T.);
#4972=EDGE_CURVE('',#4025,#4024,#1656,.T.);
#4973=EDGE_CURVE('',#4026,#4025,#3472,.T.);
#4974=EDGE_CURVE('',#4027,#4026,#1657,.T.);
#4975=EDGE_CURVE('',#4028,#4027,#3473,.T.);
#4976=EDGE_CURVE('',#4028,#4029,#1658,.T.);
#4977=EDGE_CURVE('',#4030,#4029,#3474,.T.);
#4978=EDGE_CURVE('',#4031,#4030,#3475,.T.);
#4979=EDGE_CURVE('',#4032,#4031,#3476,.T.);
#4980=EDGE_CURVE('',#4033,#4032,#1659,.T.);
#4981=EDGE_CURVE('',#4034,#4033,#3477,.T.);
#4982=EDGE_CURVE('',#4035,#4034,#1660,.T.);
#4983=EDGE_CURVE('',#4036,#4035,#3478,.T.);
#4984=EDGE_CURVE('',#4036,#4037,#1661,.T.);
#4985=EDGE_CURVE('',#4038,#4037,#3479,.T.);
#4986=EDGE_CURVE('',#4039,#4038,#3480,.T.);
#4987=EDGE_CURVE('',#4040,#4039,#3481,.T.);
#4988=EDGE_CURVE('',#4041,#4040,#1662,.T.);
#4989=EDGE_CURVE('',#4042,#4041,#3482,.T.);
#4990=EDGE_CURVE('',#4043,#4042,#1663,.T.);
#4991=EDGE_CURVE('',#4044,#4043,#3483,.T.);
#4992=EDGE_CURVE('',#4044,#4045,#1664,.T.);
#4993=EDGE_CURVE('',#4046,#4045,#3484,.T.);
#4994=EDGE_CURVE('',#4046,#4047,#1665,.T.);
#4995=EDGE_CURVE('',#4048,#4047,#3485,.T.);
#4996=EDGE_CURVE('',#4049,#4048,#3486,.T.);
#4997=EDGE_CURVE('',#4050,#4049,#3487,.T.);
#4998=EDGE_CURVE('',#4050,#4051,#1666,.T.);
#4999=EDGE_CURVE('',#4052,#4051,#3488,.T.);
#5000=EDGE_CURVE('',#4052,#4053,#1667,.T.);
#5001=EDGE_CURVE('',#4054,#4053,#3489,.T.);
#5002=EDGE_CURVE('',#4054,#4055,#1668,.T.);
#5003=EDGE_CURVE('',#4056,#4055,#3490,.T.);
#5004=EDGE_CURVE('',#4056,#4057,#1669,.T.);
#5005=EDGE_CURVE('',#4058,#4057,#3491,.T.);
#5006=EDGE_CURVE('',#4058,#4059,#1670,.T.);
#5007=EDGE_CURVE('',#4060,#4059,#3492,.T.);
#5008=EDGE_CURVE('',#4061,#4060,#3493,.T.);
#5009=EDGE_CURVE('',#4062,#4061,#3494,.T.);
#5010=EDGE_CURVE('',#4062,#4063,#1671,.T.);
#5011=EDGE_CURVE('',#4064,#4063,#3495,.T.);
#5012=EDGE_CURVE('',#4065,#4064,#1672,.T.);
#5013=EDGE_CURVE('',#4066,#4065,#3496,.T.);
#5014=EDGE_CURVE('',#4067,#4066,#1673,.T.);
#5015=EDGE_CURVE('',#4068,#4067,#3497,.T.);
#5016=EDGE_CURVE('',#4069,#4068,#1674,.T.);
#5017=EDGE_CURVE('',#4070,#4069,#3498,.T.);
#5018=EDGE_CURVE('',#4070,#4071,#1675,.T.);
#5019=EDGE_CURVE('',#4072,#4071,#3499,.T.);
#5020=EDGE_CURVE('',#4073,#4072,#3500,.T.);
#5021=EDGE_CURVE('',#4074,#4073,#3501,.T.);
#5022=EDGE_CURVE('',#4075,#4074,#1676,.T.);
#5023=EDGE_CURVE('',#4076,#4075,#3502,.T.);
#5024=EDGE_CURVE('',#4077,#4076,#1677,.T.);
#5025=EDGE_CURVE('',#4078,#4077,#3503,.T.);
#5026=EDGE_CURVE('',#4078,#4079,#1678,.T.);
#5027=EDGE_CURVE('',#4080,#4079,#3504,.T.);
#5028=EDGE_CURVE('',#4080,#4081,#1679,.T.);
#5029=EDGE_CURVE('',#4082,#4081,#3505,.T.);
#5030=EDGE_CURVE('',#4083,#4082,#3506,.T.);
#5031=EDGE_CURVE('',#4084,#4083,#3507,.T.);
#5032=EDGE_CURVE('',#4085,#4084,#1680,.T.);
#5033=EDGE_CURVE('',#4086,#4085,#3508,.T.);
#5034=EDGE_CURVE('',#4086,#4087,#1681,.T.);
#5035=EDGE_CURVE('',#4088,#4087,#3509,.T.);
#5036=EDGE_CURVE('',#4088,#4089,#1682,.T.);
#5037=EDGE_CURVE('',#4090,#4089,#3510,.T.);
#5038=EDGE_CURVE('',#4091,#4090,#1683,.T.);
#5039=EDGE_CURVE('',#4092,#4091,#3511,.T.);
#5040=EDGE_CURVE('',#4093,#4092,#3512,.T.);
#5041=EDGE_CURVE('',#4094,#4093,#3513,.T.);
#5042=EDGE_CURVE('',#4094,#4095,#1684,.T.);
#5043=EDGE_CURVE('',#4096,#4095,#3514,.T.);
#5044=EDGE_CURVE('',#4096,#4097,#1685,.T.);
#5045=EDGE_CURVE('',#4098,#4097,#3515,.T.);
#5046=EDGE_CURVE('',#4099,#4098,#1686,.T.);
#5047=EDGE_CURVE('',#4100,#4099,#3516,.T.);
#5048=EDGE_CURVE('',#4101,#4100,#3517,.T.);
#5049=EDGE_CURVE('',#4102,#4101,#3518,.T.);
#5050=EDGE_CURVE('',#4102,#4103,#1687,.T.);
#5051=EDGE_CURVE('',#4104,#4103,#3519,.T.);
#5052=EDGE_CURVE('',#4104,#4105,#1688,.T.);
#5053=EDGE_CURVE('',#4106,#4105,#3520,.T.);
#5054=EDGE_CURVE('',#4107,#4106,#1689,.T.);
#5055=EDGE_CURVE('',#4108,#4107,#3521,.T.);
#5056=EDGE_CURVE('',#4109,#4108,#1690,.T.);
#5057=EDGE_CURVE('',#4110,#4109,#3522,.T.);
#5058=EDGE_CURVE('',#4111,#4110,#3523,.T.);
#5059=EDGE_CURVE('',#4112,#4111,#3524,.T.);
#5060=EDGE_CURVE('',#4112,#4113,#1691,.T.);
#5061=EDGE_CURVE('',#4114,#4113,#3525,.T.);
#5062=EDGE_CURVE('',#4115,#4114,#1692,.T.);
#5063=EDGE_CURVE('',#4116,#4115,#3526,.T.);
#5064=EDGE_CURVE('',#4117,#4116,#1693,.T.);
#5065=EDGE_CURVE('',#4118,#4117,#3527,.T.);
#5066=EDGE_CURVE('',#4118,#4119,#1694,.T.);
#5067=EDGE_CURVE('',#4120,#4119,#3528,.T.);
#5068=EDGE_CURVE('',#4121,#4120,#3529,.T.);
#5069=EDGE_CURVE('',#4122,#4121,#3530,.T.);
#5070=EDGE_CURVE('',#4123,#4122,#1695,.T.);
#5071=EDGE_CURVE('',#4124,#4123,#3531,.T.);
#5072=EDGE_CURVE('',#4124,#4125,#1696,.T.);
#5073=EDGE_CURVE('',#4126,#4125,#3532,.T.);
#5074=EDGE_CURVE('',#4126,#4127,#1697,.T.);
#5075=EDGE_CURVE('',#4128,#4127,#3533,.T.);
#5076=EDGE_CURVE('',#4128,#4129,#1698,.T.);
#5077=EDGE_CURVE('',#4130,#4129,#3534,.T.);
#5078=EDGE_CURVE('',#3952,#4130,#1699,.T.);
#5079=EDGE_CURVE('',#4131,#4131,#3535,.T.);
#5080=EDGE_CURVE('',#4132,#4132,#3536,.T.);
#5081=EDGE_CURVE('',#4133,#4134,#3537,.T.);
#5082=EDGE_CURVE('',#4134,#4135,#1700,.T.);
#5083=EDGE_CURVE('',#4135,#4136,#3538,.T.);
#5084=EDGE_CURVE('',#4136,#4137,#1701,.T.);
#5085=EDGE_CURVE('',#4137,#4138,#3539,.T.);
#5086=EDGE_CURVE('',#4138,#4139,#1702,.T.);
#5087=EDGE_CURVE('',#4139,#4140,#3540,.T.);
#5088=EDGE_CURVE('',#4140,#4133,#1703,.T.);
#5089=EDGE_CURVE('',#4141,#4142,#3541,.T.);
#5090=EDGE_CURVE('',#4142,#4143,#1704,.T.);
#5091=EDGE_CURVE('',#4143,#4144,#3542,.T.);
#5092=EDGE_CURVE('',#4144,#4145,#1705,.T.);
#5093=EDGE_CURVE('',#4145,#4146,#3543,.T.);
#5094=EDGE_CURVE('',#4146,#4147,#1706,.T.);
#5095=EDGE_CURVE('',#4147,#4148,#3544,.T.);
#5096=EDGE_CURVE('',#4148,#4141,#1707,.T.);
#5097=EDGE_CURVE('',#4149,#4150,#3545,.T.);
#5098=EDGE_CURVE('',#4150,#4151,#1708,.T.);
#5099=EDGE_CURVE('',#4151,#4152,#3546,.T.);
#5100=EDGE_CURVE('',#4152,#4153,#1709,.T.);
#5101=EDGE_CURVE('',#4153,#4154,#3547,.T.);
#5102=EDGE_CURVE('',#4154,#4155,#1710,.T.);
#5103=EDGE_CURVE('',#4155,#4156,#3548,.T.);
#5104=EDGE_CURVE('',#4156,#4149,#1711,.T.);
#5105=EDGE_CURVE('',#4157,#4157,#3549,.T.);
#5106=EDGE_CURVE('',#4158,#4159,#3550,.T.);
#5107=EDGE_CURVE('',#4159,#4160,#1712,.T.);
#5108=EDGE_CURVE('',#4160,#4161,#3551,.T.);
#5109=EDGE_CURVE('',#4161,#4162,#1713,.T.);
#5110=EDGE_CURVE('',#4162,#4163,#3552,.T.);
#5111=EDGE_CURVE('',#4163,#4164,#1714,.T.);
#5112=EDGE_CURVE('',#4164,#4165,#3553,.T.);
#5113=EDGE_CURVE('',#4165,#4158,#1715,.T.);
#5114=EDGE_CURVE('',#4166,#4167,#3554,.T.);
#5115=EDGE_CURVE('',#4167,#4168,#1716,.T.);
#5116=EDGE_CURVE('',#4168,#4169,#3555,.T.);
#5117=EDGE_CURVE('',#4169,#4170,#1717,.T.);
#5118=EDGE_CURVE('',#4170,#4171,#3556,.T.);
#5119=EDGE_CURVE('',#4171,#4172,#1718,.T.);
#5120=EDGE_CURVE('',#4172,#4173,#3557,.T.);
#5121=EDGE_CURVE('',#4173,#4166,#1719,.T.);
#5122=EDGE_CURVE('',#4174,#4175,#3558,.T.);
#5123=EDGE_CURVE('',#4175,#4176,#1720,.T.);
#5124=EDGE_CURVE('',#4176,#4177,#3559,.T.);
#5125=EDGE_CURVE('',#4177,#4178,#1721,.T.);
#5126=EDGE_CURVE('',#4178,#4179,#3560,.T.);
#5127=EDGE_CURVE('',#4179,#4180,#1722,.T.);
#5128=EDGE_CURVE('',#4180,#4181,#3561,.T.);
#5129=EDGE_CURVE('',#4181,#4174,#1723,.T.);
#5130=EDGE_CURVE('',#4182,#4183,#3562,.T.);
#5131=EDGE_CURVE('',#4183,#4184,#1724,.T.);
#5132=EDGE_CURVE('',#4184,#4185,#3563,.T.);
#5133=EDGE_CURVE('',#4185,#4186,#1725,.T.);
#5134=EDGE_CURVE('',#4186,#4187,#3564,.T.);
#5135=EDGE_CURVE('',#4187,#4188,#1726,.T.);
#5136=EDGE_CURVE('',#4188,#4189,#3565,.T.);
#5137=EDGE_CURVE('',#4189,#4182,#1727,.T.);
#5138=EDGE_CURVE('',#4190,#4190,#3566,.T.);
#5139=EDGE_CURVE('',#4191,#4192,#3567,.T.);
#5140=EDGE_CURVE('',#4192,#4193,#1728,.T.);
#5141=EDGE_CURVE('',#4193,#4194,#3568,.T.);
#5142=EDGE_CURVE('',#4194,#4195,#1729,.T.);
#5143=EDGE_CURVE('',#4195,#4196,#3569,.T.);
#5144=EDGE_CURVE('',#4196,#4197,#1730,.T.);
#5145=EDGE_CURVE('',#4197,#4198,#3570,.T.);
#5146=EDGE_CURVE('',#4198,#4191,#1731,.T.);
#5147=EDGE_CURVE('',#4199,#4200,#3571,.T.);
#5148=EDGE_CURVE('',#4200,#4201,#1732,.T.);
#5149=EDGE_CURVE('',#4201,#4202,#3572,.T.);
#5150=EDGE_CURVE('',#4202,#4203,#1733,.T.);
#5151=EDGE_CURVE('',#4203,#4204,#3573,.T.);
#5152=EDGE_CURVE('',#4204,#4205,#1734,.T.);
#5153=EDGE_CURVE('',#4205,#4206,#3574,.T.);
#5154=EDGE_CURVE('',#4206,#4199,#1735,.T.);
#5155=EDGE_CURVE('',#4207,#4208,#3575,.T.);
#5156=EDGE_CURVE('',#4208,#4209,#1736,.T.);
#5157=EDGE_CURVE('',#4209,#4210,#3576,.T.);
#5158=EDGE_CURVE('',#4210,#4211,#1737,.T.);
#5159=EDGE_CURVE('',#4211,#4212,#3577,.T.);
#5160=EDGE_CURVE('',#4212,#4213,#1738,.T.);
#5161=EDGE_CURVE('',#4213,#4214,#3578,.T.);
#5162=EDGE_CURVE('',#4214,#4207,#1739,.T.);
#5163=EDGE_CURVE('',#4215,#4216,#3579,.T.);
#5164=EDGE_CURVE('',#4216,#4217,#1740,.T.);
#5165=EDGE_CURVE('',#4217,#4218,#3580,.T.);
#5166=EDGE_CURVE('',#4218,#4219,#1741,.T.);
#5167=EDGE_CURVE('',#4219,#4220,#3581,.T.);
#5168=EDGE_CURVE('',#4220,#4221,#1742,.T.);
#5169=EDGE_CURVE('',#4221,#4222,#3582,.T.);
#5170=EDGE_CURVE('',#4222,#4215,#1743,.T.);
#5171=EDGE_CURVE('',#4223,#4224,#3583,.T.);
#5172=EDGE_CURVE('',#4224,#4225,#1744,.T.);
#5173=EDGE_CURVE('',#4225,#4226,#3584,.T.);
#5174=EDGE_CURVE('',#4226,#4227,#1745,.T.);
#5175=EDGE_CURVE('',#4227,#4228,#3585,.T.);
#5176=EDGE_CURVE('',#4228,#4229,#1746,.T.);
#5177=EDGE_CURVE('',#4229,#4230,#3586,.T.);
#5178=EDGE_CURVE('',#4230,#4223,#1747,.T.);
#5179=EDGE_CURVE('',#4231,#4232,#3587,.T.);
#5180=EDGE_CURVE('',#4232,#4233,#1748,.T.);
#5181=EDGE_CURVE('',#4233,#4234,#3588,.T.);
#5182=EDGE_CURVE('',#4234,#4235,#1749,.T.);
#5183=EDGE_CURVE('',#4235,#4236,#3589,.T.);
#5184=EDGE_CURVE('',#4236,#4237,#1750,.T.);
#5185=EDGE_CURVE('',#4237,#4238,#3590,.T.);
#5186=EDGE_CURVE('',#4238,#4231,#1751,.T.);
#5187=EDGE_CURVE('',#4239,#4240,#3591,.T.);
#5188=EDGE_CURVE('',#4240,#4241,#1752,.T.);
#5189=EDGE_CURVE('',#4241,#4242,#3592,.T.);
#5190=EDGE_CURVE('',#4242,#4243,#1753,.T.);
#5191=EDGE_CURVE('',#4243,#4244,#3593,.T.);
#5192=EDGE_CURVE('',#4244,#4245,#1754,.T.);
#5193=EDGE_CURVE('',#4245,#4246,#3594,.T.);
#5194=EDGE_CURVE('',#4246,#4239,#1755,.T.);
#5195=EDGE_CURVE('',#4247,#4248,#3595,.T.);
#5196=EDGE_CURVE('',#4248,#4249,#1756,.T.);
#5197=EDGE_CURVE('',#4249,#4250,#3596,.T.);
#5198=EDGE_CURVE('',#4250,#4251,#1757,.T.);
#5199=EDGE_CURVE('',#4251,#4252,#3597,.T.);
#5200=EDGE_CURVE('',#4252,#4253,#1758,.T.);
#5201=EDGE_CURVE('',#4253,#4254,#3598,.T.);
#5202=EDGE_CURVE('',#4254,#4247,#1759,.T.);
#5203=EDGE_CURVE('',#4255,#4256,#3599,.T.);
#5204=EDGE_CURVE('',#4256,#4257,#1760,.T.);
#5205=EDGE_CURVE('',#4257,#4258,#3600,.T.);
#5206=EDGE_CURVE('',#4258,#4259,#1761,.T.);
#5207=EDGE_CURVE('',#4259,#4260,#3601,.T.);
#5208=EDGE_CURVE('',#4260,#4261,#1762,.T.);
#5209=EDGE_CURVE('',#4261,#4262,#3602,.T.);
#5210=EDGE_CURVE('',#4262,#4255,#1763,.T.);
#5211=EDGE_CURVE('',#4263,#4264,#3603,.T.);
#5212=EDGE_CURVE('',#4264,#4265,#1764,.T.);
#5213=EDGE_CURVE('',#4265,#4266,#3604,.T.);
#5214=EDGE_CURVE('',#4266,#4267,#1765,.T.);
#5215=EDGE_CURVE('',#4267,#4268,#3605,.T.);
#5216=EDGE_CURVE('',#4268,#4269,#1766,.T.);
#5217=EDGE_CURVE('',#4269,#4270,#3606,.T.);
#5218=EDGE_CURVE('',#4270,#4263,#1767,.T.);
#5219=EDGE_CURVE('',#4271,#4271,#3607,.T.);
#5220=EDGE_CURVE('',#4272,#4273,#3608,.T.);
#5221=EDGE_CURVE('',#4273,#4274,#1768,.T.);
#5222=EDGE_CURVE('',#4274,#4275,#3609,.T.);
#5223=EDGE_CURVE('',#4275,#4276,#1769,.T.);
#5224=EDGE_CURVE('',#4276,#4277,#3610,.T.);
#5225=EDGE_CURVE('',#4277,#4278,#1770,.T.);
#5226=EDGE_CURVE('',#4278,#4279,#3611,.T.);
#5227=EDGE_CURVE('',#4279,#4272,#1771,.T.);
#5228=EDGE_CURVE('',#4280,#4281,#3612,.T.);
#5229=EDGE_CURVE('',#4281,#4282,#1772,.T.);
#5230=EDGE_CURVE('',#4282,#4283,#3613,.T.);
#5231=EDGE_CURVE('',#4283,#4284,#1773,.T.);
#5232=EDGE_CURVE('',#4284,#4285,#3614,.T.);
#5233=EDGE_CURVE('',#4285,#4286,#1774,.T.);
#5234=EDGE_CURVE('',#4286,#4287,#3615,.T.);
#5235=EDGE_CURVE('',#4287,#4280,#1775,.T.);
#5236=EDGE_CURVE('',#4288,#4289,#3616,.T.);
#5237=EDGE_CURVE('',#4289,#4290,#1776,.T.);
#5238=EDGE_CURVE('',#4290,#4291,#3617,.T.);
#5239=EDGE_CURVE('',#4291,#4292,#1777,.T.);
#5240=EDGE_CURVE('',#4292,#4293,#3618,.T.);
#5241=EDGE_CURVE('',#4293,#4294,#1778,.T.);
#5242=EDGE_CURVE('',#4294,#4295,#3619,.T.);
#5243=EDGE_CURVE('',#4295,#4288,#1779,.T.);
#5244=EDGE_CURVE('',#4296,#4297,#3620,.T.);
#5245=EDGE_CURVE('',#4297,#4298,#1780,.T.);
#5246=EDGE_CURVE('',#4298,#4299,#3621,.T.);
#5247=EDGE_CURVE('',#4299,#4300,#1781,.T.);
#5248=EDGE_CURVE('',#4300,#4301,#3622,.T.);
#5249=EDGE_CURVE('',#4301,#4302,#1782,.T.);
#5250=EDGE_CURVE('',#4302,#4303,#3623,.T.);
#5251=EDGE_CURVE('',#4303,#4296,#1783,.T.);
#5252=EDGE_CURVE('',#4304,#4305,#3624,.T.);
#5253=EDGE_CURVE('',#4305,#4306,#1784,.T.);
#5254=EDGE_CURVE('',#4306,#4307,#3625,.T.);
#5255=EDGE_CURVE('',#4307,#4308,#1785,.T.);
#5256=EDGE_CURVE('',#4308,#4309,#3626,.T.);
#5257=EDGE_CURVE('',#4309,#4310,#1786,.T.);
#5258=EDGE_CURVE('',#4310,#4311,#3627,.T.);
#5259=EDGE_CURVE('',#4311,#4304,#1787,.T.);
#5260=EDGE_CURVE('',#4312,#4313,#3628,.T.);
#5261=EDGE_CURVE('',#4313,#4314,#1788,.T.);
#5262=EDGE_CURVE('',#4314,#4315,#3629,.T.);
#5263=EDGE_CURVE('',#4315,#4316,#1789,.T.);
#5264=EDGE_CURVE('',#4316,#4317,#3630,.T.);
#5265=EDGE_CURVE('',#4317,#4318,#1790,.T.);
#5266=EDGE_CURVE('',#4318,#4319,#3631,.T.);
#5267=EDGE_CURVE('',#4319,#4312,#1791,.T.);
#5268=EDGE_CURVE('',#4320,#4321,#3632,.T.);
#5269=EDGE_CURVE('',#4321,#4322,#1792,.T.);
#5270=EDGE_CURVE('',#4322,#4323,#3633,.T.);
#5271=EDGE_CURVE('',#4323,#4324,#1793,.T.);
#5272=EDGE_CURVE('',#4324,#4325,#3634,.T.);
#5273=EDGE_CURVE('',#4325,#4326,#1794,.T.);
#5274=EDGE_CURVE('',#4326,#4327,#3635,.T.);
#5275=EDGE_CURVE('',#4327,#4320,#1795,.T.);
#5276=EDGE_CURVE('',#4328,#4328,#3636,.T.);
#5277=EDGE_CURVE('',#4329,#4329,#3637,.T.);
#5278=EDGE_CURVE('',#4330,#4331,#3638,.T.);
#5279=EDGE_CURVE('',#4331,#4332,#1796,.T.);
#5280=EDGE_CURVE('',#4332,#4333,#3639,.T.);
#5281=EDGE_CURVE('',#4333,#4334,#1797,.T.);
#5282=EDGE_CURVE('',#4334,#4335,#3640,.T.);
#5283=EDGE_CURVE('',#4335,#4336,#1798,.T.);
#5284=EDGE_CURVE('',#4336,#4337,#3641,.T.);
#5285=EDGE_CURVE('',#4337,#4330,#1799,.T.);
#5286=EDGE_CURVE('',#4338,#4339,#3642,.T.);
#5287=EDGE_CURVE('',#4339,#4340,#1800,.T.);
#5288=EDGE_CURVE('',#4340,#4341,#3643,.T.);
#5289=EDGE_CURVE('',#4341,#4342,#1801,.T.);
#5290=EDGE_CURVE('',#4342,#4343,#3644,.T.);
#5291=EDGE_CURVE('',#4343,#4344,#1802,.T.);
#5292=EDGE_CURVE('',#4344,#4345,#3645,.T.);
#5293=EDGE_CURVE('',#4345,#4338,#1803,.T.);
#5294=EDGE_CURVE('',#4346,#4347,#3646,.T.);
#5295=EDGE_CURVE('',#4347,#4348,#1804,.T.);
#5296=EDGE_CURVE('',#4348,#4349,#3647,.T.);
#5297=EDGE_CURVE('',#4349,#4350,#1805,.T.);
#5298=EDGE_CURVE('',#4350,#4351,#3648,.T.);
#5299=EDGE_CURVE('',#4351,#4352,#1806,.T.);
#5300=EDGE_CURVE('',#4352,#4353,#3649,.T.);
#5301=EDGE_CURVE('',#4353,#4346,#1807,.T.);
#5302=EDGE_CURVE('',#4354,#4355,#3650,.T.);
#5303=EDGE_CURVE('',#4355,#4356,#1808,.T.);
#5304=EDGE_CURVE('',#4356,#4357,#3651,.T.);
#5305=EDGE_CURVE('',#4357,#4358,#1809,.T.);
#5306=EDGE_CURVE('',#4358,#4359,#3652,.T.);
#5307=EDGE_CURVE('',#4359,#4360,#1810,.T.);
#5308=EDGE_CURVE('',#4360,#4361,#3653,.T.);
#5309=EDGE_CURVE('',#4361,#4354,#1811,.T.);
#5310=EDGE_CURVE('',#4362,#4363,#1812,.T.);
#5311=EDGE_CURVE('',#4363,#4364,#3654,.T.);
#5312=EDGE_CURVE('',#4364,#4365,#1813,.T.);
#5313=EDGE_CURVE('',#4365,#4366,#3655,.T.);
#5314=EDGE_CURVE('',#4366,#4367,#1814,.T.);
#5315=EDGE_CURVE('',#4367,#4368,#3656,.T.);
#5316=EDGE_CURVE('',#4368,#4369,#1815,.T.);
#5317=EDGE_CURVE('',#4369,#4362,#3657,.T.);
#5318=EDGE_CURVE('',#4370,#4371,#3658,.T.);
#5319=EDGE_CURVE('',#4371,#4372,#1816,.T.);
#5320=EDGE_CURVE('',#4372,#4373,#3659,.T.);
#5321=EDGE_CURVE('',#4373,#4374,#1817,.T.);
#5322=EDGE_CURVE('',#4374,#4375,#3660,.T.);
#5323=EDGE_CURVE('',#4375,#4376,#1818,.T.);
#5324=EDGE_CURVE('',#4376,#4377,#3661,.T.);
#5325=EDGE_CURVE('',#4377,#4370,#1819,.T.);
#5326=EDGE_CURVE('',#4378,#4379,#3662,.T.);
#5327=EDGE_CURVE('',#4379,#4380,#1820,.T.);
#5328=EDGE_CURVE('',#4380,#4381,#3663,.T.);
#5329=EDGE_CURVE('',#4381,#4382,#1821,.T.);
#5330=EDGE_CURVE('',#4382,#4383,#3664,.T.);
#5331=EDGE_CURVE('',#4383,#4384,#1822,.T.);
#5332=EDGE_CURVE('',#4384,#4385,#3665,.T.);
#5333=EDGE_CURVE('',#4385,#4378,#1823,.T.);
#5334=EDGE_CURVE('',#4386,#4387,#3666,.T.);
#5335=EDGE_CURVE('',#4387,#4388,#1824,.T.);
#5336=EDGE_CURVE('',#4388,#4389,#3667,.T.);
#5337=EDGE_CURVE('',#4389,#4390,#1825,.T.);
#5338=EDGE_CURVE('',#4390,#4391,#3668,.T.);
#5339=EDGE_CURVE('',#4391,#4392,#1826,.T.);
#5340=EDGE_CURVE('',#4392,#4393,#3669,.T.);
#5341=EDGE_CURVE('',#4393,#4386,#1827,.T.);
#5342=EDGE_CURVE('',#4394,#4395,#3670,.T.);
#5343=EDGE_CURVE('',#4395,#4396,#1828,.T.);
#5344=EDGE_CURVE('',#4396,#4397,#3671,.T.);
#5345=EDGE_CURVE('',#4397,#4398,#1829,.T.);
#5346=EDGE_CURVE('',#4398,#4399,#3672,.T.);
#5347=EDGE_CURVE('',#4399,#4400,#1830,.T.);
#5348=EDGE_CURVE('',#4400,#4401,#3673,.T.);
#5349=EDGE_CURVE('',#4401,#4394,#1831,.T.);
#5350=EDGE_CURVE('',#4402,#4402,#3674,.T.);
#5351=EDGE_CURVE('',#4403,#4404,#3675,.T.);
#5352=EDGE_CURVE('',#4404,#4405,#1832,.T.);
#5353=EDGE_CURVE('',#4405,#4406,#3676,.T.);
#5354=EDGE_CURVE('',#4406,#4407,#1833,.T.);
#5355=EDGE_CURVE('',#4407,#4408,#3677,.T.);
#5356=EDGE_CURVE('',#4408,#4409,#1834,.T.);
#5357=EDGE_CURVE('',#4409,#4410,#3678,.T.);
#5358=EDGE_CURVE('',#4410,#4403,#1835,.T.);
#5359=EDGE_CURVE('',#4411,#4412,#3679,.T.);
#5360=EDGE_CURVE('',#4412,#4413,#1836,.T.);
#5361=EDGE_CURVE('',#4413,#4414,#3680,.T.);
#5362=EDGE_CURVE('',#4414,#4415,#1837,.T.);
#5363=EDGE_CURVE('',#4415,#4416,#3681,.T.);
#5364=EDGE_CURVE('',#4416,#4417,#1838,.T.);
#5365=EDGE_CURVE('',#4417,#4418,#3682,.T.);
#5366=EDGE_CURVE('',#4418,#4411,#1839,.T.);
#5367=EDGE_CURVE('',#4419,#4419,#3683,.T.);
#5368=EDGE_CURVE('',#4420,#4420,#3684,.T.);
#5369=EDGE_CURVE('',#4421,#4421,#3685,.T.);
#5370=EDGE_CURVE('',#4421,#3950,#1840,.T.);
#5371=EDGE_CURVE('',#4131,#4422,#1841,.T.);
#5372=EDGE_CURVE('',#4422,#4422,#3686,.T.);
#5373=EDGE_CURVE('',#4423,#4423,#3687,.T.);
#5374=EDGE_CURVE('',#4423,#4422,#1842,.T.);
#5375=EDGE_CURVE('',#4420,#4424,#1843,.T.);
#5376=EDGE_CURVE('',#4424,#4424,#3688,.T.);
#5377=EDGE_CURVE('',#4425,#4425,#3689,.T.);
#5378=EDGE_CURVE('',#4425,#4424,#1844,.T.);
#5379=EDGE_CURVE('',#4132,#4426,#1845,.T.);
#5380=EDGE_CURVE('',#4426,#4426,#3690,.T.);
#5381=EDGE_CURVE('',#4427,#4427,#3691,.T.);
#5382=EDGE_CURVE('',#4427,#4426,#1846,.T.);
#5383=EDGE_CURVE('',#4419,#4428,#1847,.T.);
#5384=EDGE_CURVE('',#4428,#4428,#3692,.T.);
#5385=EDGE_CURVE('',#4429,#4429,#3693,.T.);
#5386=EDGE_CURVE('',#4429,#4428,#1848,.T.);
#5387=EDGE_CURVE('',#4430,#4431,#3694,.T.);
#5388=EDGE_CURVE('',#4431,#3951,#1849,.T.);
#5389=EDGE_CURVE('',#3952,#4430,#1850,.T.);
#5390=EDGE_CURVE('',#4432,#4130,#1851,.T.);
#5391=EDGE_CURVE('',#4430,#4432,#1852,.T.);
#5392=EDGE_CURVE('',#4433,#4434,#3695,.T.);
#5393=EDGE_CURVE('',#4434,#3954,#1853,.T.);
#5394=EDGE_CURVE('',#3953,#4433,#1854,.T.);
#5395=EDGE_CURVE('',#4435,#4434,#1855,.T.);
#5396=EDGE_CURVE('',#3955,#4435,#1856,.T.);
#5397=EDGE_CURVE('',#4436,#4432,#3696,.T.);
#5398=EDGE_CURVE('',#4436,#4437,#1857,.T.);
#5399=EDGE_CURVE('',#4438,#4437,#3697,.T.);
#5400=EDGE_CURVE('',#4438,#4439,#1858,.T.);
#5401=EDGE_CURVE('',#4440,#4439,#3698,.T.);
#5402=EDGE_CURVE('',#4440,#4441,#1859,.T.);
#5403=EDGE_CURVE('',#4442,#4441,#3699,.T.);
#5404=EDGE_CURVE('',#4442,#4443,#1860,.T.);
#5405=EDGE_CURVE('',#4444,#4443,#3700,.T.);
#5406=EDGE_CURVE('',#4444,#4445,#3701,.T.);
#5407=EDGE_CURVE('',#4446,#4445,#3702,.T.);
#5408=EDGE_CURVE('',#4446,#4447,#1861,.T.);
#5409=EDGE_CURVE('',#4447,#4448,#3703,.T.);
#5410=EDGE_CURVE('',#4448,#4449,#1862,.T.);
#5411=EDGE_CURVE('',#4449,#4450,#3704,.T.);
#5412=EDGE_CURVE('',#4450,#4451,#1863,.T.);
#5413=EDGE_CURVE('',#4451,#4452,#3705,.T.);
#5414=EDGE_CURVE('',#4452,#4453,#1864,.T.);
#5415=EDGE_CURVE('',#4454,#4453,#3706,.T.);
#5416=EDGE_CURVE('',#4454,#4455,#3707,.T.);
#5417=EDGE_CURVE('',#4456,#4455,#3708,.T.);
#5418=EDGE_CURVE('',#4456,#4457,#1865,.T.);
#5419=EDGE_CURVE('',#4457,#4458,#3709,.T.);
#5420=EDGE_CURVE('',#4458,#4459,#1866,.T.);
#5421=EDGE_CURVE('',#4459,#4460,#3710,.T.);
#5422=EDGE_CURVE('',#4460,#4461,#1867,.T.);
#5423=EDGE_CURVE('',#4461,#4462,#3711,.T.);
#5424=EDGE_CURVE('',#4462,#4463,#1868,.T.);
#5425=EDGE_CURVE('',#4464,#4463,#3712,.T.);
#5426=EDGE_CURVE('',#4464,#4465,#3713,.T.);
#5427=EDGE_CURVE('',#4466,#4465,#3714,.T.);
#5428=EDGE_CURVE('',#4466,#4467,#1869,.T.);
#5429=EDGE_CURVE('',#4468,#4467,#3715,.T.);
#5430=EDGE_CURVE('',#4468,#4469,#1870,.T.);
#5431=EDGE_CURVE('',#4470,#4469,#3716,.T.);
#5432=EDGE_CURVE('',#4470,#4471,#1871,.T.);
#5433=EDGE_CURVE('',#4472,#4471,#3717,.T.);
#5434=EDGE_CURVE('',#4472,#4473,#3718,.T.);
#5435=EDGE_CURVE('',#4474,#4473,#3719,.T.);
#5436=EDGE_CURVE('',#4474,#4475,#1872,.T.);
#5437=EDGE_CURVE('',#4475,#4476,#3720,.T.);
#5438=EDGE_CURVE('',#4476,#4477,#1873,.T.);
#5439=EDGE_CURVE('',#4477,#4478,#3721,.T.);
#5440=EDGE_CURVE('',#4478,#4479,#1874,.T.);
#5441=EDGE_CURVE('',#4479,#4480,#3722,.T.);
#5442=EDGE_CURVE('',#4480,#4481,#1875,.T.);
#5443=EDGE_CURVE('',#4482,#4481,#3723,.T.);
#5444=EDGE_CURVE('',#4482,#4483,#3724,.T.);
#5445=EDGE_CURVE('',#4484,#4483,#3725,.T.);
#5446=EDGE_CURVE('',#4484,#4485,#1876,.T.);
#5447=EDGE_CURVE('',#4485,#4486,#3726,.T.);
#5448=EDGE_CURVE('',#4486,#4487,#1877,.T.);
#5449=EDGE_CURVE('',#4487,#4488,#3727,.T.);
#5450=EDGE_CURVE('',#4488,#4489,#1878,.T.);
#5451=EDGE_CURVE('',#4489,#4490,#3728,.T.);
#5452=EDGE_CURVE('',#4490,#4491,#1879,.T.);
#5453=EDGE_CURVE('',#4492,#4491,#3729,.T.);
#5454=EDGE_CURVE('',#4492,#4493,#3730,.T.);
#5455=EDGE_CURVE('',#4494,#4493,#3731,.T.);
#5456=EDGE_CURVE('',#4494,#4495,#1880,.T.);
#5457=EDGE_CURVE('',#4496,#4495,#3732,.T.);
#5458=EDGE_CURVE('',#4496,#4497,#1881,.T.);
#5459=EDGE_CURVE('',#4498,#4497,#3733,.T.);
#5460=EDGE_CURVE('',#4498,#4499,#1882,.T.);
#5461=EDGE_CURVE('',#4500,#4499,#3734,.T.);
#5462=EDGE_CURVE('',#4500,#4501,#1883,.T.);
#5463=EDGE_CURVE('',#4502,#4501,#3735,.T.);
#5464=EDGE_CURVE('',#4502,#4503,#1884,.T.);
#5465=EDGE_CURVE('',#4504,#4503,#3736,.T.);
#5466=EDGE_CURVE('',#4504,#4505,#3737,.T.);
#5467=EDGE_CURVE('',#4506,#4505,#3738,.T.);
#5468=EDGE_CURVE('',#4506,#4507,#1885,.T.);
#5469=EDGE_CURVE('',#4508,#4507,#3739,.T.);
#5470=EDGE_CURVE('',#4508,#4509,#1886,.T.);
#5471=EDGE_CURVE('',#4510,#4509,#3740,.T.);
#5472=EDGE_CURVE('',#4510,#4511,#1887,.T.);
#5473=EDGE_CURVE('',#4512,#4511,#3741,.T.);
#5474=EDGE_CURVE('',#4512,#4513,#1888,.T.);
#5475=EDGE_CURVE('',#4514,#4513,#3742,.T.);
#5476=EDGE_CURVE('',#4514,#4515,#1889,.T.);
#5477=EDGE_CURVE('',#4516,#4515,#3743,.T.);
#5478=EDGE_CURVE('',#4516,#4517,#3744,.T.);
#5479=EDGE_CURVE('',#4518,#4517,#3745,.T.);
#5480=EDGE_CURVE('',#4518,#4519,#1890,.T.);
#5481=EDGE_CURVE('',#4519,#4520,#3746,.T.);
#5482=EDGE_CURVE('',#4520,#4521,#1891,.T.);
#5483=EDGE_CURVE('',#4521,#4522,#3747,.T.);
#5484=EDGE_CURVE('',#4522,#4523,#1892,.T.);
#5485=EDGE_CURVE('',#4523,#4524,#3748,.T.);
#5486=EDGE_CURVE('',#4524,#4525,#1893,.T.);
#5487=EDGE_CURVE('',#4526,#4525,#3749,.T.);
#5488=EDGE_CURVE('',#4526,#4527,#3750,.T.);
#5489=EDGE_CURVE('',#4528,#4527,#3751,.T.);
#5490=EDGE_CURVE('',#4528,#4529,#1894,.T.);
#5491=EDGE_CURVE('',#4530,#4529,#3752,.T.);
#5492=EDGE_CURVE('',#4530,#4531,#1895,.T.);
#5493=EDGE_CURVE('',#4532,#4531,#3753,.T.);
#5494=EDGE_CURVE('',#4532,#4533,#1896,.T.);
#5495=EDGE_CURVE('',#4534,#4533,#3754,.T.);
#5496=EDGE_CURVE('',#4534,#4535,#3755,.T.);
#5497=EDGE_CURVE('',#4536,#4535,#3756,.T.);
#5498=EDGE_CURVE('',#4536,#4537,#1897,.T.);
#5499=EDGE_CURVE('',#4537,#4538,#3757,.T.);
#5500=EDGE_CURVE('',#4538,#4539,#1898,.T.);
#5501=EDGE_CURVE('',#4539,#4540,#3758,.T.);
#5502=EDGE_CURVE('',#4540,#4541,#1899,.T.);
#5503=EDGE_CURVE('',#4541,#4542,#3759,.T.);
#5504=EDGE_CURVE('',#4542,#4543,#1900,.T.);
#5505=EDGE_CURVE('',#4544,#4543,#3760,.T.);
#5506=EDGE_CURVE('',#4544,#4545,#3761,.T.);
#5507=EDGE_CURVE('',#4546,#4545,#3762,.T.);
#5508=EDGE_CURVE('',#4546,#4547,#1901,.T.);
#5509=EDGE_CURVE('',#4547,#4548,#3763,.T.);
#5510=EDGE_CURVE('',#4548,#4549,#1902,.T.);
#5511=EDGE_CURVE('',#4549,#4550,#3764,.T.);
#5512=EDGE_CURVE('',#4550,#4551,#1903,.T.);
#5513=EDGE_CURVE('',#4551,#4552,#3765,.T.);
#5514=EDGE_CURVE('',#4552,#4553,#1904,.T.);
#5515=EDGE_CURVE('',#4554,#4553,#3766,.T.);
#5516=EDGE_CURVE('',#4554,#4555,#3767,.T.);
#5517=EDGE_CURVE('',#4556,#4555,#3768,.T.);
#5518=EDGE_CURVE('',#4556,#4557,#1905,.T.);
#5519=EDGE_CURVE('',#4558,#4557,#3769,.T.);
#5520=EDGE_CURVE('',#4558,#4559,#1906,.T.);
#5521=EDGE_CURVE('',#4560,#4559,#3770,.T.);
#5522=EDGE_CURVE('',#4560,#4561,#1907,.T.);
#5523=EDGE_CURVE('',#4562,#4561,#3771,.T.);
#5524=EDGE_CURVE('',#4563,#4562,#3772,.T.);
#5525=EDGE_CURVE('',#4563,#4564,#1908,.T.);
#5526=EDGE_CURVE('',#4565,#4564,#3773,.T.);
#5527=EDGE_CURVE('',#4566,#4565,#3774,.T.);
#5528=EDGE_CURVE('',#4566,#4567,#1909,.T.);
#5529=EDGE_CURVE('',#4568,#4567,#3775,.T.);
#5530=EDGE_CURVE('',#4568,#4569,#3776,.T.);
#5531=EDGE_CURVE('',#4570,#4569,#3777,.T.);
#5532=EDGE_CURVE('',#4570,#4571,#1910,.T.);
#5533=EDGE_CURVE('',#4571,#4572,#3778,.T.);
#5534=EDGE_CURVE('',#4572,#4573,#1911,.T.);
#5535=EDGE_CURVE('',#4573,#4574,#3779,.T.);
#5536=EDGE_CURVE('',#4574,#4575,#1912,.T.);
#5537=EDGE_CURVE('',#4575,#4576,#3780,.T.);
#5538=EDGE_CURVE('',#4576,#4577,#1913,.T.);
#5539=EDGE_CURVE('',#4578,#4577,#3781,.T.);
#5540=EDGE_CURVE('',#4578,#4579,#3782,.T.);
#5541=EDGE_CURVE('',#4580,#4579,#3783,.T.);
#5542=EDGE_CURVE('',#4580,#4581,#1914,.T.);
#5543=EDGE_CURVE('',#4581,#4582,#3784,.T.);
#5544=EDGE_CURVE('',#4582,#4583,#1915,.T.);
#5545=EDGE_CURVE('',#4583,#4584,#3785,.T.);
#5546=EDGE_CURVE('',#4584,#4585,#1916,.T.);
#5547=EDGE_CURVE('',#4585,#4586,#3786,.T.);
#5548=EDGE_CURVE('',#4586,#4587,#1917,.T.);
#5549=EDGE_CURVE('',#4588,#4587,#3787,.T.);
#5550=EDGE_CURVE('',#4588,#4589,#3788,.T.);
#5551=EDGE_CURVE('',#4590,#4589,#3789,.T.);
#5552=EDGE_CURVE('',#4590,#4591,#1918,.T.);
#5553=EDGE_CURVE('',#4592,#4591,#3790,.T.);
#5554=EDGE_CURVE('',#4592,#4593,#3791,.T.);
#5555=EDGE_CURVE('',#4594,#4593,#3792,.T.);
#5556=EDGE_CURVE('',#4594,#4595,#1919,.T.);
#5557=EDGE_CURVE('',#4595,#4596,#3793,.T.);
#5558=EDGE_CURVE('',#4596,#4597,#1920,.T.);
#5559=EDGE_CURVE('',#4597,#4598,#3794,.T.);
#5560=EDGE_CURVE('',#4598,#4599,#1921,.T.);
#5561=EDGE_CURVE('',#4599,#4600,#3795,.T.);
#5562=EDGE_CURVE('',#4600,#4601,#1922,.T.);
#5563=EDGE_CURVE('',#4602,#4601,#3796,.T.);
#5564=EDGE_CURVE('',#4602,#4603,#3797,.T.);
#5565=EDGE_CURVE('',#4604,#4603,#3798,.T.);
#5566=EDGE_CURVE('',#4604,#4605,#1923,.T.);
#5567=EDGE_CURVE('',#4605,#4606,#3799,.T.);
#5568=EDGE_CURVE('',#4606,#4607,#1924,.T.);
#5569=EDGE_CURVE('',#4607,#4608,#3800,.T.);
#5570=EDGE_CURVE('',#4608,#4609,#1925,.T.);
#5571=EDGE_CURVE('',#4609,#4435,#3801,.T.);
#5572=EDGE_CURVE('',#4433,#4431,#3802,.T.);
#5573=EDGE_CURVE('',#4610,#4611,#3803,.T.);
#5574=EDGE_CURVE('',#4611,#4612,#1926,.T.);
#5575=EDGE_CURVE('',#4612,#4613,#3804,.T.);
#5576=EDGE_CURVE('',#4613,#4614,#1927,.T.);
#5577=EDGE_CURVE('',#4614,#4615,#3805,.T.);
#5578=EDGE_CURVE('',#4615,#4616,#1928,.T.);
#5579=EDGE_CURVE('',#4616,#4617,#3806,.T.);
#5580=EDGE_CURVE('',#4617,#4610,#1929,.T.);
#5581=EDGE_CURVE('',#4618,#4619,#3807,.T.);
#5582=EDGE_CURVE('',#4619,#4620,#1930,.T.);
#5583=EDGE_CURVE('',#4620,#4621,#3808,.T.);
#5584=EDGE_CURVE('',#4621,#4622,#1931,.T.);
#5585=EDGE_CURVE('',#4622,#4623,#3809,.T.);
#5586=EDGE_CURVE('',#4623,#4624,#1932,.T.);
#5587=EDGE_CURVE('',#4624,#4625,#3810,.T.);
#5588=EDGE_CURVE('',#4625,#4618,#1933,.T.);
#5589=EDGE_CURVE('',#4626,#4626,#3811,.T.);
#5590=EDGE_CURVE('',#4627,#4628,#3812,.T.);
#5591=EDGE_CURVE('',#4628,#4629,#1934,.T.);
#5592=EDGE_CURVE('',#4629,#4630,#3813,.T.);
#5593=EDGE_CURVE('',#4630,#4631,#1935,.T.);
#5594=EDGE_CURVE('',#4631,#4632,#3814,.T.);
#5595=EDGE_CURVE('',#4632,#4633,#1936,.T.);
#5596=EDGE_CURVE('',#4633,#4634,#3815,.T.);
#5597=EDGE_CURVE('',#4634,#4627,#1937,.T.);
#5598=EDGE_CURVE('',#4635,#4636,#3816,.T.);
#5599=EDGE_CURVE('',#4636,#4637,#1938,.T.);
#5600=EDGE_CURVE('',#4637,#4638,#3817,.T.);
#5601=EDGE_CURVE('',#4638,#4639,#1939,.T.);
#5602=EDGE_CURVE('',#4639,#4640,#3818,.T.);
#5603=EDGE_CURVE('',#4640,#4641,#1940,.T.);
#5604=EDGE_CURVE('',#4641,#4642,#3819,.T.);
#5605=EDGE_CURVE('',#4642,#4635,#1941,.T.);
#5606=EDGE_CURVE('',#4643,#4644,#3820,.T.);
#5607=EDGE_CURVE('',#4644,#4645,#1942,.T.);
#5608=EDGE_CURVE('',#4645,#4646,#3821,.T.);
#5609=EDGE_CURVE('',#4646,#4647,#1943,.T.);
#5610=EDGE_CURVE('',#4647,#4648,#3822,.T.);
#5611=EDGE_CURVE('',#4648,#4649,#1944,.T.);
#5612=EDGE_CURVE('',#4649,#4650,#3823,.T.);
#5613=EDGE_CURVE('',#4650,#4643,#1945,.T.);
#5614=EDGE_CURVE('',#4651,#4652,#3824,.T.);
#5615=EDGE_CURVE('',#4652,#4653,#1946,.T.);
#5616=EDGE_CURVE('',#4653,#4654,#3825,.T.);
#5617=EDGE_CURVE('',#4654,#4655,#1947,.T.);
#5618=EDGE_CURVE('',#4655,#4656,#3826,.T.);
#5619=EDGE_CURVE('',#4656,#4657,#1948,.T.);
#5620=EDGE_CURVE('',#4657,#4658,#3827,.T.);
#5621=EDGE_CURVE('',#4658,#4651,#1949,.T.);
#5622=EDGE_CURVE('',#4659,#4660,#1950,.T.);
#5623=EDGE_CURVE('',#4660,#4661,#3828,.T.);
#5624=EDGE_CURVE('',#4661,#4662,#1951,.T.);
#5625=EDGE_CURVE('',#4662,#4663,#3829,.T.);
#5626=EDGE_CURVE('',#4663,#4664,#1952,.T.);
#5627=EDGE_CURVE('',#4664,#4665,#3830,.T.);
#5628=EDGE_CURVE('',#4665,#4666,#1953,.T.);
#5629=EDGE_CURVE('',#4666,#4659,#3831,.T.);
#5630=EDGE_CURVE('',#4667,#4668,#3832,.T.);
#5631=EDGE_CURVE('',#4668,#4669,#1954,.T.);
#5632=EDGE_CURVE('',#4669,#4670,#3833,.T.);
#5633=EDGE_CURVE('',#4670,#4671,#1955,.T.);
#5634=EDGE_CURVE('',#4671,#4672,#3834,.T.);
#5635=EDGE_CURVE('',#4672,#4673,#1956,.T.);
#5636=EDGE_CURVE('',#4673,#4674,#3835,.T.);
#5637=EDGE_CURVE('',#4674,#4667,#1957,.T.);
#5638=EDGE_CURVE('',#4675,#4676,#3836,.T.);
#5639=EDGE_CURVE('',#4676,#4677,#1958,.T.);
#5640=EDGE_CURVE('',#4677,#4678,#3837,.T.);
#5641=EDGE_CURVE('',#4678,#4679,#1959,.T.);
#5642=EDGE_CURVE('',#4679,#4680,#3838,.T.);
#5643=EDGE_CURVE('',#4680,#4681,#1960,.T.);
#5644=EDGE_CURVE('',#4681,#4682,#3839,.T.);
#5645=EDGE_CURVE('',#4682,#4675,#1961,.T.);
#5646=EDGE_CURVE('',#4683,#4684,#3840,.T.);
#5647=EDGE_CURVE('',#4684,#4685,#1962,.T.);
#5648=EDGE_CURVE('',#4685,#4686,#3841,.T.);
#5649=EDGE_CURVE('',#4686,#4687,#1963,.T.);
#5650=EDGE_CURVE('',#4687,#4688,#3842,.T.);
#5651=EDGE_CURVE('',#4688,#4689,#1964,.T.);
#5652=EDGE_CURVE('',#4689,#4690,#3843,.T.);
#5653=EDGE_CURVE('',#4690,#4683,#1965,.T.);
#5654=EDGE_CURVE('',#4691,#4692,#3844,.T.);
#5655=EDGE_CURVE('',#4692,#4693,#1966,.T.);
#5656=EDGE_CURVE('',#4693,#4694,#3845,.T.);
#5657=EDGE_CURVE('',#4694,#4695,#1967,.T.);
#5658=EDGE_CURVE('',#4695,#4696,#3846,.T.);
#5659=EDGE_CURVE('',#4696,#4697,#1968,.T.);
#5660=EDGE_CURVE('',#4697,#4698,#3847,.T.);
#5661=EDGE_CURVE('',#4698,#4691,#1969,.T.);
#5662=EDGE_CURVE('',#4699,#4699,#3848,.T.);
#5663=EDGE_CURVE('',#4700,#4700,#3849,.T.);
#5664=EDGE_CURVE('',#4701,#4702,#3850,.T.);
#5665=EDGE_CURVE('',#4702,#4703,#1970,.T.);
#5666=EDGE_CURVE('',#4703,#4704,#3851,.T.);
#5667=EDGE_CURVE('',#4704,#4705,#1971,.T.);
#5668=EDGE_CURVE('',#4705,#4706,#3852,.T.);
#5669=EDGE_CURVE('',#4706,#4707,#1972,.T.);
#5670=EDGE_CURVE('',#4707,#4708,#3853,.T.);
#5671=EDGE_CURVE('',#4708,#4701,#1973,.T.);
#5672=EDGE_CURVE('',#4709,#4710,#3854,.T.);
#5673=EDGE_CURVE('',#4710,#4711,#1974,.T.);
#5674=EDGE_CURVE('',#4711,#4712,#3855,.T.);
#5675=EDGE_CURVE('',#4712,#4713,#1975,.T.);
#5676=EDGE_CURVE('',#4713,#4714,#3856,.T.);
#5677=EDGE_CURVE('',#4714,#4715,#1976,.T.);
#5678=EDGE_CURVE('',#4715,#4716,#3857,.T.);
#5679=EDGE_CURVE('',#4716,#4709,#1977,.T.);
#5680=EDGE_CURVE('',#4717,#4718,#3858,.T.);
#5681=EDGE_CURVE('',#4718,#4719,#1978,.T.);
#5682=EDGE_CURVE('',#4719,#4720,#3859,.T.);
#5683=EDGE_CURVE('',#4720,#4721,#1979,.T.);
#5684=EDGE_CURVE('',#4721,#4722,#3860,.T.);
#5685=EDGE_CURVE('',#4722,#4723,#1980,.T.);
#5686=EDGE_CURVE('',#4723,#4724,#3861,.T.);
#5687=EDGE_CURVE('',#4724,#4717,#1981,.T.);
#5688=EDGE_CURVE('',#4725,#4726,#3862,.T.);
#5689=EDGE_CURVE('',#4726,#4727,#1982,.T.);
#5690=EDGE_CURVE('',#4727,#4728,#3863,.T.);
#5691=EDGE_CURVE('',#4728,#4729,#1983,.T.);
#5692=EDGE_CURVE('',#4729,#4730,#3864,.T.);
#5693=EDGE_CURVE('',#4730,#4731,#1984,.T.);
#5694=EDGE_CURVE('',#4731,#4732,#3865,.T.);
#5695=EDGE_CURVE('',#4732,#4725,#1985,.T.);
#5696=EDGE_CURVE('',#4733,#4734,#3866,.T.);
#5697=EDGE_CURVE('',#4734,#4735,#1986,.T.);
#5698=EDGE_CURVE('',#4735,#4736,#3867,.T.);
#5699=EDGE_CURVE('',#4736,#4737,#1987,.T.);
#5700=EDGE_CURVE('',#4737,#4738,#3868,.T.);
#5701=EDGE_CURVE('',#4738,#4739,#1988,.T.);
#5702=EDGE_CURVE('',#4739,#4740,#3869,.T.);
#5703=EDGE_CURVE('',#4740,#4733,#1989,.T.);
#5704=EDGE_CURVE('',#4741,#4742,#3870,.T.);
#5705=EDGE_CURVE('',#4742,#4743,#1990,.T.);
#5706=EDGE_CURVE('',#4743,#4744,#3871,.T.);
#5707=EDGE_CURVE('',#4744,#4745,#1991,.T.);
#5708=EDGE_CURVE('',#4745,#4746,#3872,.T.);
#5709=EDGE_CURVE('',#4746,#4747,#1992,.T.);
#5710=EDGE_CURVE('',#4747,#4748,#3873,.T.);
#5711=EDGE_CURVE('',#4748,#4741,#1993,.T.);
#5712=EDGE_CURVE('',#4749,#4750,#3874,.T.);
#5713=EDGE_CURVE('',#4750,#4751,#1994,.T.);
#5714=EDGE_CURVE('',#4751,#4752,#3875,.T.);
#5715=EDGE_CURVE('',#4752,#4753,#1995,.T.);
#5716=EDGE_CURVE('',#4753,#4754,#3876,.T.);
#5717=EDGE_CURVE('',#4754,#4755,#1996,.T.);
#5718=EDGE_CURVE('',#4755,#4756,#3877,.T.);
#5719=EDGE_CURVE('',#4756,#4749,#1997,.T.);
#5720=EDGE_CURVE('',#4757,#4757,#3878,.T.);
#5721=EDGE_CURVE('',#4758,#4759,#3879,.T.);
#5722=EDGE_CURVE('',#4759,#4760,#1998,.T.);
#5723=EDGE_CURVE('',#4760,#4761,#3880,.T.);
#5724=EDGE_CURVE('',#4761,#4762,#1999,.T.);
#5725=EDGE_CURVE('',#4762,#4763,#3881,.T.);
#5726=EDGE_CURVE('',#4763,#4764,#2000,.T.);
#5727=EDGE_CURVE('',#4764,#4765,#3882,.T.);
#5728=EDGE_CURVE('',#4765,#4758,#2001,.T.);
#5729=EDGE_CURVE('',#4766,#4767,#3883,.T.);
#5730=EDGE_CURVE('',#4767,#4768,#2002,.T.);
#5731=EDGE_CURVE('',#4768,#4769,#3884,.T.);
#5732=EDGE_CURVE('',#4769,#4770,#2003,.T.);
#5733=EDGE_CURVE('',#4770,#4771,#3885,.T.);
#5734=EDGE_CURVE('',#4771,#4772,#2004,.T.);
#5735=EDGE_CURVE('',#4772,#4773,#3886,.T.);
#5736=EDGE_CURVE('',#4773,#4766,#2005,.T.);
#5737=EDGE_CURVE('',#4774,#4775,#3887,.T.);
#5738=EDGE_CURVE('',#4775,#4776,#2006,.T.);
#5739=EDGE_CURVE('',#4776,#4777,#3888,.T.);
#5740=EDGE_CURVE('',#4777,#4778,#2007,.T.);
#5741=EDGE_CURVE('',#4778,#4779,#3889,.T.);
#5742=EDGE_CURVE('',#4779,#4780,#2008,.T.);
#5743=EDGE_CURVE('',#4780,#4781,#3890,.T.);
#5744=EDGE_CURVE('',#4781,#4774,#2009,.T.);
#5745=EDGE_CURVE('',#4782,#4783,#3891,.T.);
#5746=EDGE_CURVE('',#4783,#4784,#2010,.T.);
#5747=EDGE_CURVE('',#4784,#4785,#3892,.T.);
#5748=EDGE_CURVE('',#4785,#4786,#2011,.T.);
#5749=EDGE_CURVE('',#4786,#4787,#3893,.T.);
#5750=EDGE_CURVE('',#4787,#4788,#2012,.T.);
#5751=EDGE_CURVE('',#4788,#4789,#3894,.T.);
#5752=EDGE_CURVE('',#4789,#4782,#2013,.T.);
#5753=EDGE_CURVE('',#4790,#4791,#3895,.T.);
#5754=EDGE_CURVE('',#4791,#4792,#2014,.T.);
#5755=EDGE_CURVE('',#4792,#4793,#3896,.T.);
#5756=EDGE_CURVE('',#4793,#4794,#2015,.T.);
#5757=EDGE_CURVE('',#4794,#4795,#3897,.T.);
#5758=EDGE_CURVE('',#4795,#4796,#2016,.T.);
#5759=EDGE_CURVE('',#4796,#4797,#3898,.T.);
#5760=EDGE_CURVE('',#4797,#4790,#2017,.T.);
#5761=EDGE_CURVE('',#4798,#4799,#3899,.T.);
#5762=EDGE_CURVE('',#4799,#4800,#2018,.T.);
#5763=EDGE_CURVE('',#4800,#4801,#3900,.T.);
#5764=EDGE_CURVE('',#4801,#4802,#2019,.T.);
#5765=EDGE_CURVE('',#4802,#4803,#3901,.T.);
#5766=EDGE_CURVE('',#4803,#4804,#2020,.T.);
#5767=EDGE_CURVE('',#4804,#4805,#3902,.T.);
#5768=EDGE_CURVE('',#4805,#4798,#2021,.T.);
#5769=EDGE_CURVE('',#4806,#4807,#3903,.T.);
#5770=EDGE_CURVE('',#4807,#4808,#2022,.T.);
#5771=EDGE_CURVE('',#4808,#4809,#3904,.T.);
#5772=EDGE_CURVE('',#4809,#4810,#2023,.T.);
#5773=EDGE_CURVE('',#4810,#4811,#3905,.T.);
#5774=EDGE_CURVE('',#4811,#4812,#2024,.T.);
#5775=EDGE_CURVE('',#4812,#4813,#3906,.T.);
#5776=EDGE_CURVE('',#4813,#4806,#2025,.T.);
#5777=EDGE_CURVE('',#4814,#4815,#3907,.T.);
#5778=EDGE_CURVE('',#4815,#4816,#2026,.T.);
#5779=EDGE_CURVE('',#4816,#4817,#3908,.T.);
#5780=EDGE_CURVE('',#4817,#4818,#2027,.T.);
#5781=EDGE_CURVE('',#4818,#4819,#3909,.T.);
#5782=EDGE_CURVE('',#4819,#4820,#2028,.T.);
#5783=EDGE_CURVE('',#4820,#4821,#3910,.T.);
#5784=EDGE_CURVE('',#4821,#4814,#2029,.T.);
#5785=EDGE_CURVE('',#4822,#4823,#3911,.T.);
#5786=EDGE_CURVE('',#4823,#4824,#2030,.T.);
#5787=EDGE_CURVE('',#4824,#4825,#3912,.T.);
#5788=EDGE_CURVE('',#4825,#4826,#2031,.T.);
#5789=EDGE_CURVE('',#4826,#4827,#3913,.T.);
#5790=EDGE_CURVE('',#4827,#4828,#2032,.T.);
#5791=EDGE_CURVE('',#4828,#4829,#3914,.T.);
#5792=EDGE_CURVE('',#4829,#4822,#2033,.T.);
#5793=EDGE_CURVE('',#4830,#4831,#3915,.T.);
#5794=EDGE_CURVE('',#4831,#4832,#2034,.T.);
#5795=EDGE_CURVE('',#4832,#4833,#3916,.T.);
#5796=EDGE_CURVE('',#4833,#4834,#2035,.T.);
#5797=EDGE_CURVE('',#4834,#4835,#3917,.T.);
#5798=EDGE_CURVE('',#4835,#4836,#2036,.T.);
#5799=EDGE_CURVE('',#4836,#4837,#3918,.T.);
#5800=EDGE_CURVE('',#4837,#4830,#2037,.T.);
#5801=EDGE_CURVE('',#4838,#4838,#3919,.T.);
#5802=EDGE_CURVE('',#4839,#4840,#3920,.T.);
#5803=EDGE_CURVE('',#4840,#4841,#2038,.T.);
#5804=EDGE_CURVE('',#4841,#4842,#3921,.T.);
#5805=EDGE_CURVE('',#4842,#4843,#2039,.T.);
#5806=EDGE_CURVE('',#4843,#4844,#3922,.T.);
#5807=EDGE_CURVE('',#4844,#4845,#2040,.T.);
#5808=EDGE_CURVE('',#4845,#4846,#3923,.T.);
#5809=EDGE_CURVE('',#4846,#4839,#2041,.T.);
#5810=EDGE_CURVE('',#4847,#4848,#3924,.T.);
#5811=EDGE_CURVE('',#4848,#4849,#2042,.T.);
#5812=EDGE_CURVE('',#4849,#4850,#3925,.T.);
#5813=EDGE_CURVE('',#4850,#4851,#2043,.T.);
#5814=EDGE_CURVE('',#4851,#4852,#3926,.T.);
#5815=EDGE_CURVE('',#4852,#4853,#2044,.T.);
#5816=EDGE_CURVE('',#4853,#4854,#3927,.T.);
#5817=EDGE_CURVE('',#4854,#4847,#2045,.T.);
#5818=EDGE_CURVE('',#4855,#4856,#3928,.T.);
#5819=EDGE_CURVE('',#4856,#4857,#2046,.T.);
#5820=EDGE_CURVE('',#4857,#4858,#3929,.T.);
#5821=EDGE_CURVE('',#4858,#4859,#2047,.T.);
#5822=EDGE_CURVE('',#4859,#4860,#3930,.T.);
#5823=EDGE_CURVE('',#4860,#4861,#2048,.T.);
#5824=EDGE_CURVE('',#4861,#4862,#3931,.T.);
#5825=EDGE_CURVE('',#4862,#4855,#2049,.T.);
#5826=EDGE_CURVE('',#4863,#4864,#3932,.T.);
#5827=EDGE_CURVE('',#4864,#4865,#2050,.T.);
#5828=EDGE_CURVE('',#4865,#4866,#3933,.T.);
#5829=EDGE_CURVE('',#4866,#4867,#2051,.T.);
#5830=EDGE_CURVE('',#4867,#4868,#3934,.T.);
#5831=EDGE_CURVE('',#4868,#4869,#2052,.T.);
#5832=EDGE_CURVE('',#4869,#4870,#3935,.T.);
#5833=EDGE_CURVE('',#4870,#4863,#2053,.T.);
#5834=EDGE_CURVE('',#4871,#4871,#3936,.T.);
#5835=EDGE_CURVE('',#4872,#4873,#3937,.T.);
#5836=EDGE_CURVE('',#4873,#4874,#2054,.T.);
#5837=EDGE_CURVE('',#4874,#4875,#3938,.T.);
#5838=EDGE_CURVE('',#4875,#4876,#2055,.T.);
#5839=EDGE_CURVE('',#4876,#4877,#3939,.T.);
#5840=EDGE_CURVE('',#4877,#4878,#2056,.T.);
#5841=EDGE_CURVE('',#4878,#4879,#3940,.T.);
#5842=EDGE_CURVE('',#4879,#4872,#2057,.T.);
#5843=EDGE_CURVE('',#4880,#4881,#3941,.T.);
#5844=EDGE_CURVE('',#4881,#4882,#2058,.T.);
#5845=EDGE_CURVE('',#4882,#4883,#3942,.T.);
#5846=EDGE_CURVE('',#4883,#4884,#2059,.T.);
#5847=EDGE_CURVE('',#4884,#4885,#3943,.T.);
#5848=EDGE_CURVE('',#4885,#4886,#2060,.T.);
#5849=EDGE_CURVE('',#4886,#4887,#3944,.T.);
#5850=EDGE_CURVE('',#4887,#4880,#2061,.T.);
#5851=EDGE_CURVE('',#4888,#4889,#3945,.T.);
#5852=EDGE_CURVE('',#4889,#4890,#2062,.T.);
#5853=EDGE_CURVE('',#4890,#4891,#3946,.T.);
#5854=EDGE_CURVE('',#4891,#4892,#2063,.T.);
#5855=EDGE_CURVE('',#4892,#4893,#3947,.T.);
#5856=EDGE_CURVE('',#4893,#4894,#2064,.T.);
#5857=EDGE_CURVE('',#4894,#4895,#3948,.T.);
#5858=EDGE_CURVE('',#4895,#4888,#2065,.T.);
#5859=EDGE_CURVE('',#4603,#3962,#2066,.T.);
#5860=EDGE_CURVE('',#3961,#4604,#2067,.T.);
#5861=EDGE_CURVE('',#3960,#4605,#2068,.T.);
#5862=EDGE_CURVE('',#4601,#3964,#2069,.T.);
#5863=EDGE_CURVE('',#3963,#4602,#2070,.T.);
#5864=EDGE_CURVE('',#3965,#4600,#2071,.T.);
#5865=EDGE_CURVE('',#4593,#3972,#2072,.T.);
#5866=EDGE_CURVE('',#3971,#4594,#2073,.T.);
#5867=EDGE_CURVE('',#3973,#4592,#2074,.T.);
#5868=EDGE_CURVE('',#4591,#3974,#2075,.T.);
#5869=EDGE_CURVE('',#4503,#4062,#2076,.T.);
#5870=EDGE_CURVE('',#4061,#4504,#2077,.T.);
#5871=EDGE_CURVE('',#4063,#4502,#2078,.T.);
#5872=EDGE_CURVE('',#4505,#4060,#2079,.T.);
#5873=EDGE_CURVE('',#4059,#4506,#2080,.T.);
#5874=EDGE_CURVE('',#4507,#4058,#2081,.T.);
#5875=EDGE_CURVE('',#4471,#4094,#2082,.T.);
#5876=EDGE_CURVE('',#4093,#4472,#2083,.T.);
#5877=EDGE_CURVE('',#4095,#4470,#2084,.T.);
#5878=EDGE_CURVE('',#4473,#4092,#2085,.T.);
#5879=EDGE_CURVE('',#4091,#4474,#2086,.T.);
#5880=EDGE_CURVE('',#4090,#4475,#2087,.T.);
#5881=EDGE_CURVE('',#4481,#4084,#2088,.T.);
#5882=EDGE_CURVE('',#4083,#4482,#2089,.T.);
#5883=EDGE_CURVE('',#4085,#4480,#2090,.T.);
#5884=EDGE_CURVE('',#4483,#4082,#2091,.T.);
#5885=EDGE_CURVE('',#4081,#4484,#2092,.T.);
#5886=EDGE_CURVE('',#4080,#4485,#2093,.T.);
#5887=EDGE_CURVE('',#4491,#4074,#2094,.T.);
#5888=EDGE_CURVE('',#4073,#4492,#2095,.T.);
#5889=EDGE_CURVE('',#4493,#4072,#2096,.T.);
#5890=EDGE_CURVE('',#4071,#4494,#2097,.T.);
#5891=EDGE_CURVE('',#4465,#4100,#2098,.T.);
#5892=EDGE_CURVE('',#4099,#4466,#2099,.T.);
#5893=EDGE_CURVE('',#4467,#4098,#2100,.T.);
#5894=EDGE_CURVE('',#4463,#4102,#2101,.T.);
#5895=EDGE_CURVE('',#4101,#4464,#2102,.T.);
#5896=EDGE_CURVE('',#4103,#4462,#2103,.T.);
#5897=EDGE_CURVE('',#4455,#4110,#2104,.T.);
#5898=EDGE_CURVE('',#4109,#4456,#2105,.T.);
#5899=EDGE_CURVE('',#4108,#4457,#2106,.T.);
#5900=EDGE_CURVE('',#4453,#4112,#2107,.T.);
#5901=EDGE_CURVE('',#4111,#4454,#2108,.T.);
#5902=EDGE_CURVE('',#4113,#4452,#2109,.T.);
#5903=EDGE_CURVE('',#4445,#4120,#2110,.T.);
#5904=EDGE_CURVE('',#4119,#4446,#2111,.T.);
#5905=EDGE_CURVE('',#4118,#4447,#2112,.T.);
#5906=EDGE_CURVE('',#4443,#4122,#2113,.T.);
#5907=EDGE_CURVE('',#4121,#4444,#2114,.T.);
#5908=EDGE_CURVE('',#4123,#4442,#2115,.T.);
#5909=EDGE_CURVE('',#4589,#3976,#2116,.T.);
#5910=EDGE_CURVE('',#3975,#4590,#2117,.T.);
#5911=EDGE_CURVE('',#4587,#3978,#2118,.T.);
#5912=EDGE_CURVE('',#3977,#4588,#2119,.T.);
#5913=EDGE_CURVE('',#3979,#4586,#2120,.T.);
#5914=EDGE_CURVE('',#4579,#3986,#2121,.T.);
#5915=EDGE_CURVE('',#3985,#4580,#2122,.T.);
#5916=EDGE_CURVE('',#3984,#4581,#2123,.T.);
#5917=EDGE_CURVE('',#4577,#3988,#2124,.T.);
#5918=EDGE_CURVE('',#3987,#4578,#2125,.T.);
#5919=EDGE_CURVE('',#3989,#4576,#2126,.T.);
#5920=EDGE_CURVE('',#4569,#3996,#2127,.T.);
#5921=EDGE_CURVE('',#3995,#4570,#2128,.T.);
#5922=EDGE_CURVE('',#3994,#4571,#2129,.T.);
#5923=EDGE_CURVE('',#4567,#3998,#2130,.T.);
#5924=EDGE_CURVE('',#3997,#4568,#2131,.T.);
#5925=EDGE_CURVE('',#3999,#4566,#2132,.T.);
#5926=EDGE_CURVE('',#4555,#4010,#2133,.T.);
#5927=EDGE_CURVE('',#4009,#4556,#2134,.T.);
#5928=EDGE_CURVE('',#4557,#4008,#2135,.T.);
#5929=EDGE_CURVE('',#4553,#4012,#2136,.T.);
#5930=EDGE_CURVE('',#4011,#4554,#2137,.T.);
#5931=EDGE_CURVE('',#4013,#4552,#2138,.T.);
#5932=EDGE_CURVE('',#4545,#4020,#2139,.T.);
#5933=EDGE_CURVE('',#4019,#4546,#2140,.T.);
#5934=EDGE_CURVE('',#4018,#4547,#2141,.T.);
#5935=EDGE_CURVE('',#4543,#4022,#2142,.T.);
#5936=EDGE_CURVE('',#4021,#4544,#2143,.T.);
#5937=EDGE_CURVE('',#4023,#4542,#2144,.T.);
#5938=EDGE_CURVE('',#4535,#4030,#2145,.T.);
#5939=EDGE_CURVE('',#4029,#4536,#2146,.T.);
#5940=EDGE_CURVE('',#4031,#4534,#2147,.T.);
#5941=EDGE_CURVE('',#4533,#4032,#2148,.T.);
#5942=EDGE_CURVE('',#4515,#4050,#2149,.T.);
#5943=EDGE_CURVE('',#4049,#4516,#2150,.T.);
#5944=EDGE_CURVE('',#4517,#4048,#2151,.T.);
#5945=EDGE_CURVE('',#4047,#4518,#2152,.T.);
#5946=EDGE_CURVE('',#4525,#4040,#2153,.T.);
#5947=EDGE_CURVE('',#4039,#4526,#2154,.T.);
#5948=EDGE_CURVE('',#4527,#4038,#2155,.T.);
#5949=EDGE_CURVE('',#4037,#4528,#2156,.T.);
#5950=EDGE_CURVE('',#4529,#4036,#2157,.T.);
#5951=EDGE_CURVE('',#4069,#4496,#2158,.T.);
#5952=EDGE_CURVE('',#4495,#4070,#2159,.T.);
#5953=EDGE_CURVE('',#4497,#4068,#2160,.T.);
#5954=EDGE_CURVE('',#4501,#4064,#2161,.T.);
#5955=EDGE_CURVE('',#4441,#4124,#2162,.T.);
#5956=EDGE_CURVE('',#4129,#4436,#2163,.T.);
#5957=EDGE_CURVE('',#4437,#4128,#2164,.T.);
#5958=EDGE_CURVE('',#4007,#4558,#2165,.T.);
#5959=EDGE_CURVE('',#4559,#4006,#2166,.T.);
#5960=EDGE_CURVE('',#4000,#4565,#2167,.T.);
#5961=EDGE_CURVE('',#4564,#4001,#2168,.T.);
#5962=EDGE_CURVE('',#4051,#4514,#2169,.T.);
#5963=EDGE_CURVE('',#4513,#4052,#2170,.T.);
#5964=EDGE_CURVE('',#4057,#4508,#2171,.T.);
#5965=EDGE_CURVE('',#4509,#4056,#2172,.T.);
#5966=EDGE_CURVE('',#4035,#4530,#2173,.T.);
#5967=EDGE_CURVE('',#4531,#4034,#2174,.T.);
#5968=EDGE_CURVE('',#4033,#4532,#2175,.T.);
#5969=EDGE_CURVE('',#4097,#4468,#2176,.T.);
#5970=EDGE_CURVE('',#4469,#4096,#2177,.T.);
#5971=EDGE_CURVE('',#4055,#4510,#2178,.T.);
#5972=EDGE_CURVE('',#4511,#4054,#2179,.T.);
#5973=EDGE_CURVE('',#4053,#4512,#2180,.T.);
#5974=EDGE_CURVE('',#4499,#4066,#2181,.T.);
#5975=EDGE_CURVE('',#4065,#4500,#2182,.T.);
#5976=EDGE_CURVE('',#4067,#4498,#2183,.T.);
#5977=EDGE_CURVE('',#4127,#4438,#2184,.T.);
#5978=EDGE_CURVE('',#4439,#4126,#2185,.T.);
#5979=EDGE_CURVE('',#4125,#4440,#2186,.T.);
#5980=EDGE_CURVE('',#4005,#4560,#2187,.T.);
#5981=EDGE_CURVE('',#4561,#4004,#2188,.T.);
#5982=EDGE_CURVE('',#4562,#4003,#2189,.T.);
#5983=EDGE_CURVE('',#4002,#4563,#2190,.T.);
#5984=EDGE_CURVE('',#4134,#4888,#2191,.T.);
#5985=EDGE_CURVE('',#4135,#4895,#2192,.T.);
#5986=EDGE_CURVE('',#4136,#4894,#2193,.T.);
#5987=EDGE_CURVE('',#4137,#4893,#2194,.T.);
#5988=EDGE_CURVE('',#4138,#4892,#2195,.T.);
#5989=EDGE_CURVE('',#4139,#4891,#2196,.T.);
#5990=EDGE_CURVE('',#4140,#4890,#2197,.T.);
#5991=EDGE_CURVE('',#4133,#4889,#2198,.T.);
#5992=EDGE_CURVE('',#4142,#4880,#2199,.T.);
#5993=EDGE_CURVE('',#4143,#4887,#2200,.T.);
#5994=EDGE_CURVE('',#4144,#4886,#2201,.T.);
#5995=EDGE_CURVE('',#4145,#4885,#2202,.T.);
#5996=EDGE_CURVE('',#4146,#4884,#2203,.T.);
#5997=EDGE_CURVE('',#4147,#4883,#2204,.T.);
#5998=EDGE_CURVE('',#4148,#4882,#2205,.T.);
#5999=EDGE_CURVE('',#4141,#4881,#2206,.T.);
#6000=EDGE_CURVE('',#4150,#4872,#2207,.T.);
#6001=EDGE_CURVE('',#4151,#4879,#2208,.T.);
#6002=EDGE_CURVE('',#4152,#4878,#2209,.T.);
#6003=EDGE_CURVE('',#4153,#4877,#2210,.T.);
#6004=EDGE_CURVE('',#4154,#4876,#2211,.T.);
#6005=EDGE_CURVE('',#4155,#4875,#2212,.T.);
#6006=EDGE_CURVE('',#4156,#4874,#2213,.T.);
#6007=EDGE_CURVE('',#4149,#4873,#2214,.T.);
#6008=EDGE_CURVE('',#4871,#4157,#2215,.T.);
#6009=EDGE_CURVE('',#4159,#4863,#2216,.T.);
#6010=EDGE_CURVE('',#4160,#4870,#2217,.T.);
#6011=EDGE_CURVE('',#4161,#4869,#2218,.T.);
#6012=EDGE_CURVE('',#4162,#4868,#2219,.T.);
#6013=EDGE_CURVE('',#4163,#4867,#2220,.T.);
#6014=EDGE_CURVE('',#4164,#4866,#2221,.T.);
#6015=EDGE_CURVE('',#4165,#4865,#2222,.T.);
#6016=EDGE_CURVE('',#4158,#4864,#2223,.T.);
#6017=EDGE_CURVE('',#4167,#4855,#2224,.T.);
#6018=EDGE_CURVE('',#4168,#4862,#2225,.T.);
#6019=EDGE_CURVE('',#4169,#4861,#2226,.T.);
#6020=EDGE_CURVE('',#4170,#4860,#2227,.T.);
#6021=EDGE_CURVE('',#4171,#4859,#2228,.T.);
#6022=EDGE_CURVE('',#4172,#4858,#2229,.T.);
#6023=EDGE_CURVE('',#4173,#4857,#2230,.T.);
#6024=EDGE_CURVE('',#4166,#4856,#2231,.T.);
#6025=EDGE_CURVE('',#4175,#4847,#2232,.T.);
#6026=EDGE_CURVE('',#4176,#4854,#2233,.T.);
#6027=EDGE_CURVE('',#4177,#4853,#2234,.T.);
#6028=EDGE_CURVE('',#4178,#4852,#2235,.T.);
#6029=EDGE_CURVE('',#4179,#4851,#2236,.T.);
#6030=EDGE_CURVE('',#4180,#4850,#2237,.T.);
#6031=EDGE_CURVE('',#4181,#4849,#2238,.T.);
#6032=EDGE_CURVE('',#4174,#4848,#2239,.T.);
#6033=EDGE_CURVE('',#4183,#4839,#2240,.T.);
#6034=EDGE_CURVE('',#4184,#4846,#2241,.T.);
#6035=EDGE_CURVE('',#4185,#4845,#2242,.T.);
#6036=EDGE_CURVE('',#4186,#4844,#2243,.T.);
#6037=EDGE_CURVE('',#4187,#4843,#2244,.T.);
#6038=EDGE_CURVE('',#4188,#4842,#2245,.T.);
#6039=EDGE_CURVE('',#4189,#4841,#2246,.T.);
#6040=EDGE_CURVE('',#4182,#4840,#2247,.T.);
#6041=EDGE_CURVE('',#4838,#4190,#2248,.T.);
#6042=EDGE_CURVE('',#4192,#4830,#2249,.T.);
#6043=EDGE_CURVE('',#4193,#4837,#2250,.T.);
#6044=EDGE_CURVE('',#4194,#4836,#2251,.T.);
#6045=EDGE_CURVE('',#4195,#4835,#2252,.T.);
#6046=EDGE_CURVE('',#4196,#4834,#2253,.T.);
#6047=EDGE_CURVE('',#4197,#4833,#2254,.T.);
#6048=EDGE_CURVE('',#4198,#4832,#2255,.T.);
#6049=EDGE_CURVE('',#4191,#4831,#2256,.T.);
#6050=EDGE_CURVE('',#4200,#4822,#2257,.T.);
#6051=EDGE_CURVE('',#4201,#4829,#2258,.T.);
#6052=EDGE_CURVE('',#4202,#4828,#2259,.T.);
#6053=EDGE_CURVE('',#4203,#4827,#2260,.T.);
#6054=EDGE_CURVE('',#4204,#4826,#2261,.T.);
#6055=EDGE_CURVE('',#4205,#4825,#2262,.T.);
#6056=EDGE_CURVE('',#4206,#4824,#2263,.T.);
#6057=EDGE_CURVE('',#4199,#4823,#2264,.T.);
#6058=EDGE_CURVE('',#4208,#4814,#2265,.T.);
#6059=EDGE_CURVE('',#4209,#4821,#2266,.T.);
#6060=EDGE_CURVE('',#4210,#4820,#2267,.T.);
#6061=EDGE_CURVE('',#4211,#4819,#2268,.T.);
#6062=EDGE_CURVE('',#4212,#4818,#2269,.T.);
#6063=EDGE_CURVE('',#4213,#4817,#2270,.T.);
#6064=EDGE_CURVE('',#4214,#4816,#2271,.T.);
#6065=EDGE_CURVE('',#4207,#4815,#2272,.T.);
#6066=EDGE_CURVE('',#4216,#4806,#2273,.T.);
#6067=EDGE_CURVE('',#4217,#4813,#2274,.T.);
#6068=EDGE_CURVE('',#4218,#4812,#2275,.T.);
#6069=EDGE_CURVE('',#4219,#4811,#2276,.T.);
#6070=EDGE_CURVE('',#4220,#4810,#2277,.T.);
#6071=EDGE_CURVE('',#4221,#4809,#2278,.T.);
#6072=EDGE_CURVE('',#4222,#4808,#2279,.T.);
#6073=EDGE_CURVE('',#4215,#4807,#2280,.T.);
#6074=EDGE_CURVE('',#4224,#4798,#2281,.T.);
#6075=EDGE_CURVE('',#4225,#4805,#2282,.T.);
#6076=EDGE_CURVE('',#4226,#4804,#2283,.T.);
#6077=EDGE_CURVE('',#4227,#4803,#2284,.T.);
#6078=EDGE_CURVE('',#4228,#4802,#2285,.T.);
#6079=EDGE_CURVE('',#4229,#4801,#2286,.T.);
#6080=EDGE_CURVE('',#4230,#4800,#2287,.T.);
#6081=EDGE_CURVE('',#4223,#4799,#2288,.T.);
#6082=EDGE_CURVE('',#4232,#4790,#2289,.T.);
#6083=EDGE_CURVE('',#4233,#4797,#2290,.T.);
#6084=EDGE_CURVE('',#4234,#4796,#2291,.T.);
#6085=EDGE_CURVE('',#4235,#4795,#2292,.T.);
#6086=EDGE_CURVE('',#4236,#4794,#2293,.T.);
#6087=EDGE_CURVE('',#4237,#4793,#2294,.T.);
#6088=EDGE_CURVE('',#4238,#4792,#2295,.T.);
#6089=EDGE_CURVE('',#4231,#4791,#2296,.T.);
#6090=EDGE_CURVE('',#4240,#4782,#2297,.T.);
#6091=EDGE_CURVE('',#4241,#4789,#2298,.T.);
#6092=EDGE_CURVE('',#4242,#4788,#2299,.T.);
#6093=EDGE_CURVE('',#4243,#4787,#2300,.T.);
#6094=EDGE_CURVE('',#4244,#4786,#2301,.T.);
#6095=EDGE_CURVE('',#4245,#4785,#2302,.T.);
#6096=EDGE_CURVE('',#4246,#4784,#2303,.T.);
#6097=EDGE_CURVE('',#4239,#4783,#2304,.T.);
#6098=EDGE_CURVE('',#4248,#4774,#2305,.T.);
#6099=EDGE_CURVE('',#4249,#4781,#2306,.T.);
#6100=EDGE_CURVE('',#4250,#4780,#2307,.T.);
#6101=EDGE_CURVE('',#4251,#4779,#2308,.T.);
#6102=EDGE_CURVE('',#4252,#4778,#2309,.T.);
#6103=EDGE_CURVE('',#4253,#4777,#2310,.T.);
#6104=EDGE_CURVE('',#4254,#4776,#2311,.T.);
#6105=EDGE_CURVE('',#4247,#4775,#2312,.T.);
#6106=EDGE_CURVE('',#4256,#4766,#2313,.T.);
#6107=EDGE_CURVE('',#4257,#4773,#2314,.T.);
#6108=EDGE_CURVE('',#4258,#4772,#2315,.T.);
#6109=EDGE_CURVE('',#4259,#4771,#2316,.T.);
#6110=EDGE_CURVE('',#4260,#4770,#2317,.T.);
#6111=EDGE_CURVE('',#4261,#4769,#2318,.T.);
#6112=EDGE_CURVE('',#4262,#4768,#2319,.T.);
#6113=EDGE_CURVE('',#4255,#4767,#2320,.T.);
#6114=EDGE_CURVE('',#4264,#4758,#2321,.T.);
#6115=EDGE_CURVE('',#4265,#4765,#2322,.T.);
#6116=EDGE_CURVE('',#4266,#4764,#2323,.T.);
#6117=EDGE_CURVE('',#4267,#4763,#2324,.T.);
#6118=EDGE_CURVE('',#4268,#4762,#2325,.T.);
#6119=EDGE_CURVE('',#4269,#4761,#2326,.T.);
#6120=EDGE_CURVE('',#4270,#4760,#2327,.T.);
#6121=EDGE_CURVE('',#4263,#4759,#2328,.T.);
#6122=EDGE_CURVE('',#4757,#4271,#2329,.T.);
#6123=EDGE_CURVE('',#4273,#4749,#2330,.T.);
#6124=EDGE_CURVE('',#4274,#4756,#2331,.T.);
#6125=EDGE_CURVE('',#4275,#4755,#2332,.T.);
#6126=EDGE_CURVE('',#4276,#4754,#2333,.T.);
#6127=EDGE_CURVE('',#4277,#4753,#2334,.T.);
#6128=EDGE_CURVE('',#4278,#4752,#2335,.T.);
#6129=EDGE_CURVE('',#4279,#4751,#2336,.T.);
#6130=EDGE_CURVE('',#4272,#4750,#2337,.T.);
#6131=EDGE_CURVE('',#4281,#4741,#2338,.T.);
#6132=EDGE_CURVE('',#4282,#4748,#2339,.T.);
#6133=EDGE_CURVE('',#4283,#4747,#2340,.T.);
#6134=EDGE_CURVE('',#4284,#4746,#2341,.T.);
#6135=EDGE_CURVE('',#4285,#4745,#2342,.T.);
#6136=EDGE_CURVE('',#4286,#4744,#2343,.T.);
#6137=EDGE_CURVE('',#4287,#4743,#2344,.T.);
#6138=EDGE_CURVE('',#4280,#4742,#2345,.T.);
#6139=EDGE_CURVE('',#4289,#4733,#2346,.T.);
#6140=EDGE_CURVE('',#4290,#4740,#2347,.T.);
#6141=EDGE_CURVE('',#4291,#4739,#2348,.T.);
#6142=EDGE_CURVE('',#4292,#4738,#2349,.T.);
#6143=EDGE_CURVE('',#4293,#4737,#2350,.T.);
#6144=EDGE_CURVE('',#4294,#4736,#2351,.T.);
#6145=EDGE_CURVE('',#4295,#4735,#2352,.T.);
#6146=EDGE_CURVE('',#4288,#4734,#2353,.T.);
#6147=EDGE_CURVE('',#4297,#4725,#2354,.T.);
#6148=EDGE_CURVE('',#4298,#4732,#2355,.T.);
#6149=EDGE_CURVE('',#4299,#4731,#2356,.T.);
#6150=EDGE_CURVE('',#4300,#4730,#2357,.T.);
#6151=EDGE_CURVE('',#4301,#4729,#2358,.T.);
#6152=EDGE_CURVE('',#4302,#4728,#2359,.T.);
#6153=EDGE_CURVE('',#4303,#4727,#2360,.T.);
#6154=EDGE_CURVE('',#4296,#4726,#2361,.T.);
#6155=EDGE_CURVE('',#4305,#4717,#2362,.T.);
#6156=EDGE_CURVE('',#4306,#4724,#2363,.T.);
#6157=EDGE_CURVE('',#4307,#4723,#2364,.T.);
#6158=EDGE_CURVE('',#4308,#4722,#2365,.T.);
#6159=EDGE_CURVE('',#4309,#4721,#2366,.T.);
#6160=EDGE_CURVE('',#4310,#4720,#2367,.T.);
#6161=EDGE_CURVE('',#4311,#4719,#2368,.T.);
#6162=EDGE_CURVE('',#4304,#4718,#2369,.T.);
#6163=EDGE_CURVE('',#4313,#4709,#2370,.T.);
#6164=EDGE_CURVE('',#4314,#4716,#2371,.T.);
#6165=EDGE_CURVE('',#4315,#4715,#2372,.T.);
#6166=EDGE_CURVE('',#4316,#4714,#2373,.T.);
#6167=EDGE_CURVE('',#4317,#4713,#2374,.T.);
#6168=EDGE_CURVE('',#4318,#4712,#2375,.T.);
#6169=EDGE_CURVE('',#4319,#4711,#2376,.T.);
#6170=EDGE_CURVE('',#4312,#4710,#2377,.T.);
#6171=EDGE_CURVE('',#4321,#4701,#2378,.T.);
#6172=EDGE_CURVE('',#4322,#4708,#2379,.T.);
#6173=EDGE_CURVE('',#4323,#4707,#2380,.T.);
#6174=EDGE_CURVE('',#4324,#4706,#2381,.T.);
#6175=EDGE_CURVE('',#4325,#4705,#2382,.T.);
#6176=EDGE_CURVE('',#4326,#4704,#2383,.T.);
#6177=EDGE_CURVE('',#4327,#4703,#2384,.T.);
#6178=EDGE_CURVE('',#4320,#4702,#2385,.T.);
#6179=EDGE_CURVE('',#4700,#4328,#2386,.T.);
#6180=EDGE_CURVE('',#4699,#4329,#2387,.T.);
#6181=EDGE_CURVE('',#4331,#4691,#2388,.T.);
#6182=EDGE_CURVE('',#4332,#4698,#2389,.T.);
#6183=EDGE_CURVE('',#4333,#4697,#2390,.T.);
#6184=EDGE_CURVE('',#4334,#4696,#2391,.T.);
#6185=EDGE_CURVE('',#4335,#4695,#2392,.T.);
#6186=EDGE_CURVE('',#4336,#4694,#2393,.T.);
#6187=EDGE_CURVE('',#4337,#4693,#2394,.T.);
#6188=EDGE_CURVE('',#4330,#4692,#2395,.T.);
#6189=EDGE_CURVE('',#4339,#4683,#2396,.T.);
#6190=EDGE_CURVE('',#4340,#4690,#2397,.T.);
#6191=EDGE_CURVE('',#4341,#4689,#2398,.T.);
#6192=EDGE_CURVE('',#4342,#4688,#2399,.T.);
#6193=EDGE_CURVE('',#4343,#4687,#2400,.T.);
#6194=EDGE_CURVE('',#4344,#4686,#2401,.T.);
#6195=EDGE_CURVE('',#4345,#4685,#2402,.T.);
#6196=EDGE_CURVE('',#4338,#4684,#2403,.T.);
#6197=EDGE_CURVE('',#4347,#4675,#2404,.T.);
#6198=EDGE_CURVE('',#4348,#4682,#2405,.T.);
#6199=EDGE_CURVE('',#4349,#4681,#2406,.T.);
#6200=EDGE_CURVE('',#4350,#4680,#2407,.T.);
#6201=EDGE_CURVE('',#4351,#4679,#2408,.T.);
#6202=EDGE_CURVE('',#4352,#4678,#2409,.T.);
#6203=EDGE_CURVE('',#4353,#4677,#2410,.T.);
#6204=EDGE_CURVE('',#4346,#4676,#2411,.T.);
#6205=EDGE_CURVE('',#4355,#4667,#2412,.T.);
#6206=EDGE_CURVE('',#4356,#4674,#2413,.T.);
#6207=EDGE_CURVE('',#4357,#4673,#2414,.T.);
#6208=EDGE_CURVE('',#4358,#4672,#2415,.T.);
#6209=EDGE_CURVE('',#4359,#4671,#2416,.T.);
#6210=EDGE_CURVE('',#4360,#4670,#2417,.T.);
#6211=EDGE_CURVE('',#4361,#4669,#2418,.T.);
#6212=EDGE_CURVE('',#4354,#4668,#2419,.T.);
#6213=EDGE_CURVE('',#4363,#4659,#2420,.T.);
#6214=EDGE_CURVE('',#4364,#4666,#2421,.T.);
#6215=EDGE_CURVE('',#4365,#4665,#2422,.T.);
#6216=EDGE_CURVE('',#4366,#4664,#2423,.T.);
#6217=EDGE_CURVE('',#4367,#4663,#2424,.T.);
#6218=EDGE_CURVE('',#4368,#4662,#2425,.T.);
#6219=EDGE_CURVE('',#4369,#4661,#2426,.T.);
#6220=EDGE_CURVE('',#4362,#4660,#2427,.T.);
#6221=EDGE_CURVE('',#4371,#4651,#2428,.T.);
#6222=EDGE_CURVE('',#4372,#4658,#2429,.T.);
#6223=EDGE_CURVE('',#4373,#4657,#2430,.T.);
#6224=EDGE_CURVE('',#4374,#4656,#2431,.T.);
#6225=EDGE_CURVE('',#4375,#4655,#2432,.T.);
#6226=EDGE_CURVE('',#4376,#4654,#2433,.T.);
#6227=EDGE_CURVE('',#4377,#4653,#2434,.T.);
#6228=EDGE_CURVE('',#4370,#4652,#2435,.T.);
#6229=EDGE_CURVE('',#4379,#4643,#2436,.T.);
#6230=EDGE_CURVE('',#4380,#4650,#2437,.T.);
#6231=EDGE_CURVE('',#4381,#4649,#2438,.T.);
#6232=EDGE_CURVE('',#4382,#4648,#2439,.T.);
#6233=EDGE_CURVE('',#4383,#4647,#2440,.T.);
#6234=EDGE_CURVE('',#4384,#4646,#2441,.T.);
#6235=EDGE_CURVE('',#4385,#4645,#2442,.T.);
#6236=EDGE_CURVE('',#4378,#4644,#2443,.T.);
#6237=EDGE_CURVE('',#4387,#4635,#2444,.T.);
#6238=EDGE_CURVE('',#4388,#4642,#2445,.T.);
#6239=EDGE_CURVE('',#4389,#4641,#2446,.T.);
#6240=EDGE_CURVE('',#4390,#4640,#2447,.T.);
#6241=EDGE_CURVE('',#4391,#4639,#2448,.T.);
#6242=EDGE_CURVE('',#4392,#4638,#2449,.T.);
#6243=EDGE_CURVE('',#4393,#4637,#2450,.T.);
#6244=EDGE_CURVE('',#4386,#4636,#2451,.T.);
#6245=EDGE_CURVE('',#4395,#4627,#2452,.T.);
#6246=EDGE_CURVE('',#4396,#4634,#2453,.T.);
#6247=EDGE_CURVE('',#4397,#4633,#2454,.T.);
#6248=EDGE_CURVE('',#4398,#4632,#2455,.T.);
#6249=EDGE_CURVE('',#4399,#4631,#2456,.T.);
#6250=EDGE_CURVE('',#4400,#4630,#2457,.T.);
#6251=EDGE_CURVE('',#4401,#4629,#2458,.T.);
#6252=EDGE_CURVE('',#4394,#4628,#2459,.T.);
#6253=EDGE_CURVE('',#4626,#4402,#2460,.T.);
#6254=EDGE_CURVE('',#4404,#4618,#2461,.T.);
#6255=EDGE_CURVE('',#4405,#4625,#2462,.T.);
#6256=EDGE_CURVE('',#4406,#4624,#2463,.T.);
#6257=EDGE_CURVE('',#4407,#4623,#2464,.T.);
#6258=EDGE_CURVE('',#4408,#4622,#2465,.T.);
#6259=EDGE_CURVE('',#4409,#4621,#2466,.T.);
#6260=EDGE_CURVE('',#4410,#4620,#2467,.T.);
#6261=EDGE_CURVE('',#4403,#4619,#2468,.T.);
#6262=EDGE_CURVE('',#4412,#4610,#2469,.T.);
#6263=EDGE_CURVE('',#4413,#4617,#2470,.T.);
#6264=EDGE_CURVE('',#4414,#4616,#2471,.T.);
#6265=EDGE_CURVE('',#4415,#4615,#2472,.T.);
#6266=EDGE_CURVE('',#4416,#4614,#2473,.T.);
#6267=EDGE_CURVE('',#4417,#4613,#2474,.T.);
#6268=EDGE_CURVE('',#4418,#4612,#2475,.T.);
#6269=EDGE_CURVE('',#4411,#4611,#2476,.T.);
#6270=EDGE_CURVE('',#4075,#4490,#2477,.T.);
#6271=EDGE_CURVE('',#4076,#4489,#2478,.T.);
#6272=EDGE_CURVE('',#4077,#4488,#2479,.T.);
#6273=EDGE_CURVE('',#4078,#4487,#2480,.T.);
#6274=EDGE_CURVE('',#4079,#4486,#2481,.T.);
#6275=EDGE_CURVE('',#4086,#4479,#2482,.T.);
#6276=EDGE_CURVE('',#4087,#4478,#2483,.T.);
#6277=EDGE_CURVE('',#4088,#4477,#2484,.T.);
#6278=EDGE_CURVE('',#4089,#4476,#2485,.T.);
#6279=EDGE_CURVE('',#4104,#4461,#2486,.T.);
#6280=EDGE_CURVE('',#4105,#4460,#2487,.T.);
#6281=EDGE_CURVE('',#4106,#4459,#2488,.T.);
#6282=EDGE_CURVE('',#4107,#4458,#2489,.T.);
#6283=EDGE_CURVE('',#4114,#4451,#2490,.T.);
#6284=EDGE_CURVE('',#4115,#4450,#2491,.T.);
#6285=EDGE_CURVE('',#4116,#4449,#2492,.T.);
#6286=EDGE_CURVE('',#4117,#4448,#2493,.T.);
#6287=EDGE_CURVE('',#3956,#4609,#2494,.T.);
#6288=EDGE_CURVE('',#3957,#4608,#2495,.T.);
#6289=EDGE_CURVE('',#3958,#4607,#2496,.T.);
#6290=EDGE_CURVE('',#3959,#4606,#2497,.T.);
#6291=EDGE_CURVE('',#3966,#4599,#2498,.T.);
#6292=EDGE_CURVE('',#3967,#4598,#2499,.T.);
#6293=EDGE_CURVE('',#3968,#4597,#2500,.T.);
#6294=EDGE_CURVE('',#3969,#4596,#2501,.T.);
#6295=EDGE_CURVE('',#3970,#4595,#2502,.T.);
#6296=EDGE_CURVE('',#3980,#4585,#2503,.T.);
#6297=EDGE_CURVE('',#3981,#4584,#2504,.T.);
#6298=EDGE_CURVE('',#3982,#4583,#2505,.T.);
#6299=EDGE_CURVE('',#3983,#4582,#2506,.T.);
#6300=EDGE_CURVE('',#3990,#4575,#2507,.T.);
#6301=EDGE_CURVE('',#3991,#4574,#2508,.T.);
#6302=EDGE_CURVE('',#3992,#4573,#2509,.T.);
#6303=EDGE_CURVE('',#3993,#4572,#2510,.T.);
#6304=EDGE_CURVE('',#4014,#4551,#2511,.T.);
#6305=EDGE_CURVE('',#4015,#4550,#2512,.T.);
#6306=EDGE_CURVE('',#4016,#4549,#2513,.T.);
#6307=EDGE_CURVE('',#4017,#4548,#2514,.T.);
#6308=EDGE_CURVE('',#4024,#4541,#2515,.T.);
#6309=EDGE_CURVE('',#4025,#4540,#2516,.T.);
#6310=EDGE_CURVE('',#4026,#4539,#2517,.T.);
#6311=EDGE_CURVE('',#4027,#4538,#2518,.T.);
#6312=EDGE_CURVE('',#4028,#4537,#2519,.T.);
#6313=EDGE_CURVE('',#4041,#4524,#2520,.T.);
#6314=EDGE_CURVE('',#4042,#4523,#2521,.T.);
#6315=EDGE_CURVE('',#4043,#4522,#2522,.T.);
#6316=EDGE_CURVE('',#4044,#4521,#2523,.T.);
#6317=EDGE_CURVE('',#4045,#4520,#2524,.T.);
#6318=EDGE_CURVE('',#4046,#4519,#2525,.T.);
#6319=ORIENTED_EDGE('',*,*,#4896,.T.);
#6320=ORIENTED_EDGE('',*,*,#4897,.T.);
#6321=ORIENTED_EDGE('',*,*,#4898,.T.);
#6322=ORIENTED_EDGE('',*,*,#4897,.F.);
#6323=ORIENTED_EDGE('',*,*,#4899,.F.);
#6324=ORIENTED_EDGE('',*,*,#4900,.F.);
#6325=ORIENTED_EDGE('',*,*,#4901,.F.);
#6326=ORIENTED_EDGE('',*,*,#4902,.T.);
#6327=ORIENTED_EDGE('',*,*,#4903,.F.);
#6328=ORIENTED_EDGE('',*,*,#4904,.T.);
#6329=ORIENTED_EDGE('',*,*,#4905,.F.);
#6330=ORIENTED_EDGE('',*,*,#4906,.F.);
#6331=ORIENTED_EDGE('',*,*,#4907,.F.);
#6332=ORIENTED_EDGE('',*,*,#4908,.F.);
#6333=ORIENTED_EDGE('',*,*,#4909,.F.);
#6334=ORIENTED_EDGE('',*,*,#4910,.F.);
#6335=ORIENTED_EDGE('',*,*,#4911,.F.);
#6336=ORIENTED_EDGE('',*,*,#4912,.T.);
#6337=ORIENTED_EDGE('',*,*,#4913,.F.);
#6338=ORIENTED_EDGE('',*,*,#4914,.F.);
#6339=ORIENTED_EDGE('',*,*,#4915,.F.);
#6340=ORIENTED_EDGE('',*,*,#4916,.F.);
#6341=ORIENTED_EDGE('',*,*,#4917,.F.);
#6342=ORIENTED_EDGE('',*,*,#4918,.T.);
#6343=ORIENTED_EDGE('',*,*,#4919,.F.);
#6344=ORIENTED_EDGE('',*,*,#4920,.F.);
#6345=ORIENTED_EDGE('',*,*,#4921,.F.);
#6346=ORIENTED_EDGE('',*,*,#4922,.F.);
#6347=ORIENTED_EDGE('',*,*,#4923,.F.);
#6348=ORIENTED_EDGE('',*,*,#4924,.F.);
#6349=ORIENTED_EDGE('',*,*,#4925,.F.);
#6350=ORIENTED_EDGE('',*,*,#4926,.T.);
#6351=ORIENTED_EDGE('',*,*,#4927,.F.);
#6352=ORIENTED_EDGE('',*,*,#4928,.T.);
#6353=ORIENTED_EDGE('',*,*,#4929,.F.);
#6354=ORIENTED_EDGE('',*,*,#4930,.F.);
#6355=ORIENTED_EDGE('',*,*,#4931,.F.);
#6356=ORIENTED_EDGE('',*,*,#4932,.F.);
#6357=ORIENTED_EDGE('',*,*,#4933,.F.);
#6358=ORIENTED_EDGE('',*,*,#4934,.F.);
#6359=ORIENTED_EDGE('',*,*,#4935,.F.);
#6360=ORIENTED_EDGE('',*,*,#4936,.T.);
#6361=ORIENTED_EDGE('',*,*,#4937,.F.);
#6362=ORIENTED_EDGE('',*,*,#4938,.F.);
#6363=ORIENTED_EDGE('',*,*,#4939,.F.);
#6364=ORIENTED_EDGE('',*,*,#4940,.F.);
#6365=ORIENTED_EDGE('',*,*,#4941,.F.);
#6366=ORIENTED_EDGE('',*,*,#4942,.T.);
#6367=ORIENTED_EDGE('',*,*,#4943,.F.);
#6368=ORIENTED_EDGE('',*,*,#4944,.F.);
#6369=ORIENTED_EDGE('',*,*,#4945,.F.);
#6370=ORIENTED_EDGE('',*,*,#4946,.F.);
#6371=ORIENTED_EDGE('',*,*,#4947,.F.);
#6372=ORIENTED_EDGE('',*,*,#4948,.F.);
#6373=ORIENTED_EDGE('',*,*,#4949,.F.);
#6374=ORIENTED_EDGE('',*,*,#4950,.F.);
#6375=ORIENTED_EDGE('',*,*,#4951,.F.);
#6376=ORIENTED_EDGE('',*,*,#4952,.F.);
#6377=ORIENTED_EDGE('',*,*,#4953,.F.);
#6378=ORIENTED_EDGE('',*,*,#4954,.F.);
#6379=ORIENTED_EDGE('',*,*,#4955,.F.);
#6380=ORIENTED_EDGE('',*,*,#4956,.F.);
#6381=ORIENTED_EDGE('',*,*,#4957,.F.);
#6382=ORIENTED_EDGE('',*,*,#4958,.F.);
#6383=ORIENTED_EDGE('',*,*,#4959,.F.);
#6384=ORIENTED_EDGE('',*,*,#4960,.T.);
#6385=ORIENTED_EDGE('',*,*,#4961,.F.);
#6386=ORIENTED_EDGE('',*,*,#4962,.T.);
#6387=ORIENTED_EDGE('',*,*,#4963,.F.);
#6388=ORIENTED_EDGE('',*,*,#4964,.F.);
#6389=ORIENTED_EDGE('',*,*,#4965,.F.);
#6390=ORIENTED_EDGE('',*,*,#4966,.F.);
#6391=ORIENTED_EDGE('',*,*,#4967,.F.);
#6392=ORIENTED_EDGE('',*,*,#4968,.F.);
#6393=ORIENTED_EDGE('',*,*,#4969,.F.);
#6394=ORIENTED_EDGE('',*,*,#4970,.T.);
#6395=ORIENTED_EDGE('',*,*,#4971,.F.);
#6396=ORIENTED_EDGE('',*,*,#4972,.F.);
#6397=ORIENTED_EDGE('',*,*,#4973,.F.);
#6398=ORIENTED_EDGE('',*,*,#4974,.F.);
#6399=ORIENTED_EDGE('',*,*,#4975,.F.);
#6400=ORIENTED_EDGE('',*,*,#4976,.T.);
#6401=ORIENTED_EDGE('',*,*,#4977,.F.);
#6402=ORIENTED_EDGE('',*,*,#4978,.F.);
#6403=ORIENTED_EDGE('',*,*,#4979,.F.);
#6404=ORIENTED_EDGE('',*,*,#4980,.F.);
#6405=ORIENTED_EDGE('',*,*,#4981,.F.);
#6406=ORIENTED_EDGE('',*,*,#4982,.F.);
#6407=ORIENTED_EDGE('',*,*,#4983,.F.);
#6408=ORIENTED_EDGE('',*,*,#4984,.T.);
#6409=ORIENTED_EDGE('',*,*,#4985,.F.);
#6410=ORIENTED_EDGE('',*,*,#4986,.F.);
#6411=ORIENTED_EDGE('',*,*,#4987,.F.);
#6412=ORIENTED_EDGE('',*,*,#4988,.F.);
#6413=ORIENTED_EDGE('',*,*,#4989,.F.);
#6414=ORIENTED_EDGE('',*,*,#4990,.F.);
#6415=ORIENTED_EDGE('',*,*,#4991,.F.);
#6416=ORIENTED_EDGE('',*,*,#4992,.T.);
#6417=ORIENTED_EDGE('',*,*,#4993,.F.);
#6418=ORIENTED_EDGE('',*,*,#4994,.T.);
#6419=ORIENTED_EDGE('',*,*,#4995,.F.);
#6420=ORIENTED_EDGE('',*,*,#4996,.F.);
#6421=ORIENTED_EDGE('',*,*,#4997,.F.);
#6422=ORIENTED_EDGE('',*,*,#4998,.T.);
#6423=ORIENTED_EDGE('',*,*,#4999,.F.);
#6424=ORIENTED_EDGE('',*,*,#5000,.T.);
#6425=ORIENTED_EDGE('',*,*,#5001,.F.);
#6426=ORIENTED_EDGE('',*,*,#5002,.T.);
#6427=ORIENTED_EDGE('',*,*,#5003,.F.);
#6428=ORIENTED_EDGE('',*,*,#5004,.T.);
#6429=ORIENTED_EDGE('',*,*,#5005,.F.);
#6430=ORIENTED_EDGE('',*,*,#5006,.T.);
#6431=ORIENTED_EDGE('',*,*,#5007,.F.);
#6432=ORIENTED_EDGE('',*,*,#5008,.F.);
#6433=ORIENTED_EDGE('',*,*,#5009,.F.);
#6434=ORIENTED_EDGE('',*,*,#5010,.T.);
#6435=ORIENTED_EDGE('',*,*,#5011,.F.);
#6436=ORIENTED_EDGE('',*,*,#5012,.F.);
#6437=ORIENTED_EDGE('',*,*,#5013,.F.);
#6438=ORIENTED_EDGE('',*,*,#5014,.F.);
#6439=ORIENTED_EDGE('',*,*,#5015,.F.);
#6440=ORIENTED_EDGE('',*,*,#5016,.F.);
#6441=ORIENTED_EDGE('',*,*,#5017,.F.);
#6442=ORIENTED_EDGE('',*,*,#5018,.T.);
#6443=ORIENTED_EDGE('',*,*,#5019,.F.);
#6444=ORIENTED_EDGE('',*,*,#5020,.F.);
#6445=ORIENTED_EDGE('',*,*,#5021,.F.);
#6446=ORIENTED_EDGE('',*,*,#5022,.F.);
#6447=ORIENTED_EDGE('',*,*,#5023,.F.);
#6448=ORIENTED_EDGE('',*,*,#5024,.F.);
#6449=ORIENTED_EDGE('',*,*,#5025,.F.);
#6450=ORIENTED_EDGE('',*,*,#5026,.T.);
#6451=ORIENTED_EDGE('',*,*,#5027,.F.);
#6452=ORIENTED_EDGE('',*,*,#5028,.T.);
#6453=ORIENTED_EDGE('',*,*,#5029,.F.);
#6454=ORIENTED_EDGE('',*,*,#5030,.F.);
#6455=ORIENTED_EDGE('',*,*,#5031,.F.);
#6456=ORIENTED_EDGE('',*,*,#5032,.F.);
#6457=ORIENTED_EDGE('',*,*,#5033,.F.);
#6458=ORIENTED_EDGE('',*,*,#5034,.T.);
#6459=ORIENTED_EDGE('',*,*,#5035,.F.);
#6460=ORIENTED_EDGE('',*,*,#5036,.T.);
#6461=ORIENTED_EDGE('',*,*,#5037,.F.);
#6462=ORIENTED_EDGE('',*,*,#5038,.F.);
#6463=ORIENTED_EDGE('',*,*,#5039,.F.);
#6464=ORIENTED_EDGE('',*,*,#5040,.F.);
#6465=ORIENTED_EDGE('',*,*,#5041,.F.);
#6466=ORIENTED_EDGE('',*,*,#5042,.T.);
#6467=ORIENTED_EDGE('',*,*,#5043,.F.);
#6468=ORIENTED_EDGE('',*,*,#5044,.T.);
#6469=ORIENTED_EDGE('',*,*,#5045,.F.);
#6470=ORIENTED_EDGE('',*,*,#5046,.F.);
#6471=ORIENTED_EDGE('',*,*,#5047,.F.);
#6472=ORIENTED_EDGE('',*,*,#5048,.F.);
#6473=ORIENTED_EDGE('',*,*,#5049,.F.);
#6474=ORIENTED_EDGE('',*,*,#5050,.T.);
#6475=ORIENTED_EDGE('',*,*,#5051,.F.);
#6476=ORIENTED_EDGE('',*,*,#5052,.T.);
#6477=ORIENTED_EDGE('',*,*,#5053,.F.);
#6478=ORIENTED_EDGE('',*,*,#5054,.F.);
#6479=ORIENTED_EDGE('',*,*,#5055,.F.);
#6480=ORIENTED_EDGE('',*,*,#5056,.F.);
#6481=ORIENTED_EDGE('',*,*,#5057,.F.);
#6482=ORIENTED_EDGE('',*,*,#5058,.F.);
#6483=ORIENTED_EDGE('',*,*,#5059,.F.);
#6484=ORIENTED_EDGE('',*,*,#5060,.T.);
#6485=ORIENTED_EDGE('',*,*,#5061,.F.);
#6486=ORIENTED_EDGE('',*,*,#5062,.F.);
#6487=ORIENTED_EDGE('',*,*,#5063,.F.);
#6488=ORIENTED_EDGE('',*,*,#5064,.F.);
#6489=ORIENTED_EDGE('',*,*,#5065,.F.);
#6490=ORIENTED_EDGE('',*,*,#5066,.T.);
#6491=ORIENTED_EDGE('',*,*,#5067,.F.);
#6492=ORIENTED_EDGE('',*,*,#5068,.F.);
#6493=ORIENTED_EDGE('',*,*,#5069,.F.);
#6494=ORIENTED_EDGE('',*,*,#5070,.F.);
#6495=ORIENTED_EDGE('',*,*,#5071,.F.);
#6496=ORIENTED_EDGE('',*,*,#5072,.T.);
#6497=ORIENTED_EDGE('',*,*,#5073,.F.);
#6498=ORIENTED_EDGE('',*,*,#5074,.T.);
#6499=ORIENTED_EDGE('',*,*,#5075,.F.);
#6500=ORIENTED_EDGE('',*,*,#5076,.T.);
#6501=ORIENTED_EDGE('',*,*,#5077,.F.);
#6502=ORIENTED_EDGE('',*,*,#5078,.F.);
#6503=ORIENTED_EDGE('',*,*,#5079,.F.);
#6504=ORIENTED_EDGE('',*,*,#5080,.F.);
#6505=ORIENTED_EDGE('',*,*,#5081,.T.);
#6506=ORIENTED_EDGE('',*,*,#5082,.T.);
#6507=ORIENTED_EDGE('',*,*,#5083,.T.);
#6508=ORIENTED_EDGE('',*,*,#5084,.T.);
#6509=ORIENTED_EDGE('',*,*,#5085,.T.);
#6510=ORIENTED_EDGE('',*,*,#5086,.T.);
#6511=ORIENTED_EDGE('',*,*,#5087,.T.);
#6512=ORIENTED_EDGE('',*,*,#5088,.T.);
#6513=ORIENTED_EDGE('',*,*,#5089,.T.);
#6514=ORIENTED_EDGE('',*,*,#5090,.T.);
#6515=ORIENTED_EDGE('',*,*,#5091,.T.);
#6516=ORIENTED_EDGE('',*,*,#5092,.T.);
#6517=ORIENTED_EDGE('',*,*,#5093,.T.);
#6518=ORIENTED_EDGE('',*,*,#5094,.T.);
#6519=ORIENTED_EDGE('',*,*,#5095,.T.);
#6520=ORIENTED_EDGE('',*,*,#5096,.T.);
#6521=ORIENTED_EDGE('',*,*,#5097,.T.);
#6522=ORIENTED_EDGE('',*,*,#5098,.T.);
#6523=ORIENTED_EDGE('',*,*,#5099,.T.);
#6524=ORIENTED_EDGE('',*,*,#5100,.T.);
#6525=ORIENTED_EDGE('',*,*,#5101,.T.);
#6526=ORIENTED_EDGE('',*,*,#5102,.T.);
#6527=ORIENTED_EDGE('',*,*,#5103,.T.);
#6528=ORIENTED_EDGE('',*,*,#5104,.T.);
#6529=ORIENTED_EDGE('',*,*,#5105,.T.);
#6530=ORIENTED_EDGE('',*,*,#5106,.T.);
#6531=ORIENTED_EDGE('',*,*,#5107,.T.);
#6532=ORIENTED_EDGE('',*,*,#5108,.T.);
#6533=ORIENTED_EDGE('',*,*,#5109,.T.);
#6534=ORIENTED_EDGE('',*,*,#5110,.T.);
#6535=ORIENTED_EDGE('',*,*,#5111,.T.);
#6536=ORIENTED_EDGE('',*,*,#5112,.T.);
#6537=ORIENTED_EDGE('',*,*,#5113,.T.);
#6538=ORIENTED_EDGE('',*,*,#5114,.T.);
#6539=ORIENTED_EDGE('',*,*,#5115,.T.);
#6540=ORIENTED_EDGE('',*,*,#5116,.T.);
#6541=ORIENTED_EDGE('',*,*,#5117,.T.);
#6542=ORIENTED_EDGE('',*,*,#5118,.T.);
#6543=ORIENTED_EDGE('',*,*,#5119,.T.);
#6544=ORIENTED_EDGE('',*,*,#5120,.T.);
#6545=ORIENTED_EDGE('',*,*,#5121,.T.);
#6546=ORIENTED_EDGE('',*,*,#5122,.T.);
#6547=ORIENTED_EDGE('',*,*,#5123,.T.);
#6548=ORIENTED_EDGE('',*,*,#5124,.T.);
#6549=ORIENTED_EDGE('',*,*,#5125,.T.);
#6550=ORIENTED_EDGE('',*,*,#5126,.T.);
#6551=ORIENTED_EDGE('',*,*,#5127,.T.);
#6552=ORIENTED_EDGE('',*,*,#5128,.T.);
#6553=ORIENTED_EDGE('',*,*,#5129,.T.);
#6554=ORIENTED_EDGE('',*,*,#5130,.T.);
#6555=ORIENTED_EDGE('',*,*,#5131,.T.);
#6556=ORIENTED_EDGE('',*,*,#5132,.T.);
#6557=ORIENTED_EDGE('',*,*,#5133,.T.);
#6558=ORIENTED_EDGE('',*,*,#5134,.T.);
#6559=ORIENTED_EDGE('',*,*,#5135,.T.);
#6560=ORIENTED_EDGE('',*,*,#5136,.T.);
#6561=ORIENTED_EDGE('',*,*,#5137,.T.);
#6562=ORIENTED_EDGE('',*,*,#5138,.T.);
#6563=ORIENTED_EDGE('',*,*,#5139,.T.);
#6564=ORIENTED_EDGE('',*,*,#5140,.T.);
#6565=ORIENTED_EDGE('',*,*,#5141,.T.);
#6566=ORIENTED_EDGE('',*,*,#5142,.T.);
#6567=ORIENTED_EDGE('',*,*,#5143,.T.);
#6568=ORIENTED_EDGE('',*,*,#5144,.T.);
#6569=ORIENTED_EDGE('',*,*,#5145,.T.);
#6570=ORIENTED_EDGE('',*,*,#5146,.T.);
#6571=ORIENTED_EDGE('',*,*,#5147,.T.);
#6572=ORIENTED_EDGE('',*,*,#5148,.T.);
#6573=ORIENTED_EDGE('',*,*,#5149,.T.);
#6574=ORIENTED_EDGE('',*,*,#5150,.T.);
#6575=ORIENTED_EDGE('',*,*,#5151,.T.);
#6576=ORIENTED_EDGE('',*,*,#5152,.T.);
#6577=ORIENTED_EDGE('',*,*,#5153,.T.);
#6578=ORIENTED_EDGE('',*,*,#5154,.T.);
#6579=ORIENTED_EDGE('',*,*,#5155,.T.);
#6580=ORIENTED_EDGE('',*,*,#5156,.T.);
#6581=ORIENTED_EDGE('',*,*,#5157,.T.);
#6582=ORIENTED_EDGE('',*,*,#5158,.T.);
#6583=ORIENTED_EDGE('',*,*,#5159,.T.);
#6584=ORIENTED_EDGE('',*,*,#5160,.T.);
#6585=ORIENTED_EDGE('',*,*,#5161,.T.);
#6586=ORIENTED_EDGE('',*,*,#5162,.T.);
#6587=ORIENTED_EDGE('',*,*,#5163,.T.);
#6588=ORIENTED_EDGE('',*,*,#5164,.T.);
#6589=ORIENTED_EDGE('',*,*,#5165,.T.);
#6590=ORIENTED_EDGE('',*,*,#5166,.T.);
#6591=ORIENTED_EDGE('',*,*,#5167,.T.);
#6592=ORIENTED_EDGE('',*,*,#5168,.T.);
#6593=ORIENTED_EDGE('',*,*,#5169,.T.);
#6594=ORIENTED_EDGE('',*,*,#5170,.T.);
#6595=ORIENTED_EDGE('',*,*,#5171,.T.);
#6596=ORIENTED_EDGE('',*,*,#5172,.T.);
#6597=ORIENTED_EDGE('',*,*,#5173,.T.);
#6598=ORIENTED_EDGE('',*,*,#5174,.T.);
#6599=ORIENTED_EDGE('',*,*,#5175,.T.);
#6600=ORIENTED_EDGE('',*,*,#5176,.T.);
#6601=ORIENTED_EDGE('',*,*,#5177,.T.);
#6602=ORIENTED_EDGE('',*,*,#5178,.T.);
#6603=ORIENTED_EDGE('',*,*,#5179,.T.);
#6604=ORIENTED_EDGE('',*,*,#5180,.T.);
#6605=ORIENTED_EDGE('',*,*,#5181,.T.);
#6606=ORIENTED_EDGE('',*,*,#5182,.T.);
#6607=ORIENTED_EDGE('',*,*,#5183,.T.);
#6608=ORIENTED_EDGE('',*,*,#5184,.T.);
#6609=ORIENTED_EDGE('',*,*,#5185,.T.);
#6610=ORIENTED_EDGE('',*,*,#5186,.T.);
#6611=ORIENTED_EDGE('',*,*,#5187,.T.);
#6612=ORIENTED_EDGE('',*,*,#5188,.T.);
#6613=ORIENTED_EDGE('',*,*,#5189,.T.);
#6614=ORIENTED_EDGE('',*,*,#5190,.T.);
#6615=ORIENTED_EDGE('',*,*,#5191,.T.);
#6616=ORIENTED_EDGE('',*,*,#5192,.T.);
#6617=ORIENTED_EDGE('',*,*,#5193,.T.);
#6618=ORIENTED_EDGE('',*,*,#5194,.T.);
#6619=ORIENTED_EDGE('',*,*,#5195,.T.);
#6620=ORIENTED_EDGE('',*,*,#5196,.T.);
#6621=ORIENTED_EDGE('',*,*,#5197,.T.);
#6622=ORIENTED_EDGE('',*,*,#5198,.T.);
#6623=ORIENTED_EDGE('',*,*,#5199,.T.);
#6624=ORIENTED_EDGE('',*,*,#5200,.T.);
#6625=ORIENTED_EDGE('',*,*,#5201,.T.);
#6626=ORIENTED_EDGE('',*,*,#5202,.T.);
#6627=ORIENTED_EDGE('',*,*,#5203,.T.);
#6628=ORIENTED_EDGE('',*,*,#5204,.T.);
#6629=ORIENTED_EDGE('',*,*,#5205,.T.);
#6630=ORIENTED_EDGE('',*,*,#5206,.T.);
#6631=ORIENTED_EDGE('',*,*,#5207,.T.);
#6632=ORIENTED_EDGE('',*,*,#5208,.T.);
#6633=ORIENTED_EDGE('',*,*,#5209,.T.);
#6634=ORIENTED_EDGE('',*,*,#5210,.T.);
#6635=ORIENTED_EDGE('',*,*,#5211,.T.);
#6636=ORIENTED_EDGE('',*,*,#5212,.T.);
#6637=ORIENTED_EDGE('',*,*,#5213,.T.);
#6638=ORIENTED_EDGE('',*,*,#5214,.T.);
#6639=ORIENTED_EDGE('',*,*,#5215,.T.);
#6640=ORIENTED_EDGE('',*,*,#5216,.T.);
#6641=ORIENTED_EDGE('',*,*,#5217,.T.);
#6642=ORIENTED_EDGE('',*,*,#5218,.T.);
#6643=ORIENTED_EDGE('',*,*,#5219,.T.);
#6644=ORIENTED_EDGE('',*,*,#5220,.T.);
#6645=ORIENTED_EDGE('',*,*,#5221,.T.);
#6646=ORIENTED_EDGE('',*,*,#5222,.T.);
#6647=ORIENTED_EDGE('',*,*,#5223,.T.);
#6648=ORIENTED_EDGE('',*,*,#5224,.T.);
#6649=ORIENTED_EDGE('',*,*,#5225,.T.);
#6650=ORIENTED_EDGE('',*,*,#5226,.T.);
#6651=ORIENTED_EDGE('',*,*,#5227,.T.);
#6652=ORIENTED_EDGE('',*,*,#5228,.T.);
#6653=ORIENTED_EDGE('',*,*,#5229,.T.);
#6654=ORIENTED_EDGE('',*,*,#5230,.T.);
#6655=ORIENTED_EDGE('',*,*,#5231,.T.);
#6656=ORIENTED_EDGE('',*,*,#5232,.T.);
#6657=ORIENTED_EDGE('',*,*,#5233,.T.);
#6658=ORIENTED_EDGE('',*,*,#5234,.T.);
#6659=ORIENTED_EDGE('',*,*,#5235,.T.);
#6660=ORIENTED_EDGE('',*,*,#5236,.T.);
#6661=ORIENTED_EDGE('',*,*,#5237,.T.);
#6662=ORIENTED_EDGE('',*,*,#5238,.T.);
#6663=ORIENTED_EDGE('',*,*,#5239,.T.);
#6664=ORIENTED_EDGE('',*,*,#5240,.T.);
#6665=ORIENTED_EDGE('',*,*,#5241,.T.);
#6666=ORIENTED_EDGE('',*,*,#5242,.T.);
#6667=ORIENTED_EDGE('',*,*,#5243,.T.);
#6668=ORIENTED_EDGE('',*,*,#5244,.T.);
#6669=ORIENTED_EDGE('',*,*,#5245,.T.);
#6670=ORIENTED_EDGE('',*,*,#5246,.T.);
#6671=ORIENTED_EDGE('',*,*,#5247,.T.);
#6672=ORIENTED_EDGE('',*,*,#5248,.T.);
#6673=ORIENTED_EDGE('',*,*,#5249,.T.);
#6674=ORIENTED_EDGE('',*,*,#5250,.T.);
#6675=ORIENTED_EDGE('',*,*,#5251,.T.);
#6676=ORIENTED_EDGE('',*,*,#5252,.T.);
#6677=ORIENTED_EDGE('',*,*,#5253,.T.);
#6678=ORIENTED_EDGE('',*,*,#5254,.T.);
#6679=ORIENTED_EDGE('',*,*,#5255,.T.);
#6680=ORIENTED_EDGE('',*,*,#5256,.T.);
#6681=ORIENTED_EDGE('',*,*,#5257,.T.);
#6682=ORIENTED_EDGE('',*,*,#5258,.T.);
#6683=ORIENTED_EDGE('',*,*,#5259,.T.);
#6684=ORIENTED_EDGE('',*,*,#5260,.T.);
#6685=ORIENTED_EDGE('',*,*,#5261,.T.);
#6686=ORIENTED_EDGE('',*,*,#5262,.T.);
#6687=ORIENTED_EDGE('',*,*,#5263,.T.);
#6688=ORIENTED_EDGE('',*,*,#5264,.T.);
#6689=ORIENTED_EDGE('',*,*,#5265,.T.);
#6690=ORIENTED_EDGE('',*,*,#5266,.T.);
#6691=ORIENTED_EDGE('',*,*,#5267,.T.);
#6692=ORIENTED_EDGE('',*,*,#5268,.T.);
#6693=ORIENTED_EDGE('',*,*,#5269,.T.);
#6694=ORIENTED_EDGE('',*,*,#5270,.T.);
#6695=ORIENTED_EDGE('',*,*,#5271,.T.);
#6696=ORIENTED_EDGE('',*,*,#5272,.T.);
#6697=ORIENTED_EDGE('',*,*,#5273,.T.);
#6698=ORIENTED_EDGE('',*,*,#5274,.T.);
#6699=ORIENTED_EDGE('',*,*,#5275,.T.);
#6700=ORIENTED_EDGE('',*,*,#5276,.T.);
#6701=ORIENTED_EDGE('',*,*,#5277,.T.);
#6702=ORIENTED_EDGE('',*,*,#5278,.T.);
#6703=ORIENTED_EDGE('',*,*,#5279,.T.);
#6704=ORIENTED_EDGE('',*,*,#5280,.T.);
#6705=ORIENTED_EDGE('',*,*,#5281,.T.);
#6706=ORIENTED_EDGE('',*,*,#5282,.T.);
#6707=ORIENTED_EDGE('',*,*,#5283,.T.);
#6708=ORIENTED_EDGE('',*,*,#5284,.T.);
#6709=ORIENTED_EDGE('',*,*,#5285,.T.);
#6710=ORIENTED_EDGE('',*,*,#5286,.T.);
#6711=ORIENTED_EDGE('',*,*,#5287,.T.);
#6712=ORIENTED_EDGE('',*,*,#5288,.T.);
#6713=ORIENTED_EDGE('',*,*,#5289,.T.);
#6714=ORIENTED_EDGE('',*,*,#5290,.T.);
#6715=ORIENTED_EDGE('',*,*,#5291,.T.);
#6716=ORIENTED_EDGE('',*,*,#5292,.T.);
#6717=ORIENTED_EDGE('',*,*,#5293,.T.);
#6718=ORIENTED_EDGE('',*,*,#5294,.T.);
#6719=ORIENTED_EDGE('',*,*,#5295,.T.);
#6720=ORIENTED_EDGE('',*,*,#5296,.T.);
#6721=ORIENTED_EDGE('',*,*,#5297,.T.);
#6722=ORIENTED_EDGE('',*,*,#5298,.T.);
#6723=ORIENTED_EDGE('',*,*,#5299,.T.);
#6724=ORIENTED_EDGE('',*,*,#5300,.T.);
#6725=ORIENTED_EDGE('',*,*,#5301,.T.);
#6726=ORIENTED_EDGE('',*,*,#5302,.T.);
#6727=ORIENTED_EDGE('',*,*,#5303,.T.);
#6728=ORIENTED_EDGE('',*,*,#5304,.T.);
#6729=ORIENTED_EDGE('',*,*,#5305,.T.);
#6730=ORIENTED_EDGE('',*,*,#5306,.T.);
#6731=ORIENTED_EDGE('',*,*,#5307,.T.);
#6732=ORIENTED_EDGE('',*,*,#5308,.T.);
#6733=ORIENTED_EDGE('',*,*,#5309,.T.);
#6734=ORIENTED_EDGE('',*,*,#5310,.T.);
#6735=ORIENTED_EDGE('',*,*,#5311,.T.);
#6736=ORIENTED_EDGE('',*,*,#5312,.T.);
#6737=ORIENTED_EDGE('',*,*,#5313,.T.);
#6738=ORIENTED_EDGE('',*,*,#5314,.T.);
#6739=ORIENTED_EDGE('',*,*,#5315,.T.);
#6740=ORIENTED_EDGE('',*,*,#5316,.T.);
#6741=ORIENTED_EDGE('',*,*,#5317,.T.);
#6742=ORIENTED_EDGE('',*,*,#5318,.T.);
#6743=ORIENTED_EDGE('',*,*,#5319,.T.);
#6744=ORIENTED_EDGE('',*,*,#5320,.T.);
#6745=ORIENTED_EDGE('',*,*,#5321,.T.);
#6746=ORIENTED_EDGE('',*,*,#5322,.T.);
#6747=ORIENTED_EDGE('',*,*,#5323,.T.);
#6748=ORIENTED_EDGE('',*,*,#5324,.T.);
#6749=ORIENTED_EDGE('',*,*,#5325,.T.);
#6750=ORIENTED_EDGE('',*,*,#5326,.T.);
#6751=ORIENTED_EDGE('',*,*,#5327,.T.);
#6752=ORIENTED_EDGE('',*,*,#5328,.T.);
#6753=ORIENTED_EDGE('',*,*,#5329,.T.);
#6754=ORIENTED_EDGE('',*,*,#5330,.T.);
#6755=ORIENTED_EDGE('',*,*,#5331,.T.);
#6756=ORIENTED_EDGE('',*,*,#5332,.T.);
#6757=ORIENTED_EDGE('',*,*,#5333,.T.);
#6758=ORIENTED_EDGE('',*,*,#5334,.T.);
#6759=ORIENTED_EDGE('',*,*,#5335,.T.);
#6760=ORIENTED_EDGE('',*,*,#5336,.T.);
#6761=ORIENTED_EDGE('',*,*,#5337,.T.);
#6762=ORIENTED_EDGE('',*,*,#5338,.T.);
#6763=ORIENTED_EDGE('',*,*,#5339,.T.);
#6764=ORIENTED_EDGE('',*,*,#5340,.T.);
#6765=ORIENTED_EDGE('',*,*,#5341,.T.);
#6766=ORIENTED_EDGE('',*,*,#5342,.T.);
#6767=ORIENTED_EDGE('',*,*,#5343,.T.);
#6768=ORIENTED_EDGE('',*,*,#5344,.T.);
#6769=ORIENTED_EDGE('',*,*,#5345,.T.);
#6770=ORIENTED_EDGE('',*,*,#5346,.T.);
#6771=ORIENTED_EDGE('',*,*,#5347,.T.);
#6772=ORIENTED_EDGE('',*,*,#5348,.T.);
#6773=ORIENTED_EDGE('',*,*,#5349,.T.);
#6774=ORIENTED_EDGE('',*,*,#5350,.T.);
#6775=ORIENTED_EDGE('',*,*,#5351,.T.);
#6776=ORIENTED_EDGE('',*,*,#5352,.T.);
#6777=ORIENTED_EDGE('',*,*,#5353,.T.);
#6778=ORIENTED_EDGE('',*,*,#5354,.T.);
#6779=ORIENTED_EDGE('',*,*,#5355,.T.);
#6780=ORIENTED_EDGE('',*,*,#5356,.T.);
#6781=ORIENTED_EDGE('',*,*,#5357,.T.);
#6782=ORIENTED_EDGE('',*,*,#5358,.T.);
#6783=ORIENTED_EDGE('',*,*,#5359,.T.);
#6784=ORIENTED_EDGE('',*,*,#5360,.T.);
#6785=ORIENTED_EDGE('',*,*,#5361,.T.);
#6786=ORIENTED_EDGE('',*,*,#5362,.T.);
#6787=ORIENTED_EDGE('',*,*,#5363,.T.);
#6788=ORIENTED_EDGE('',*,*,#5364,.T.);
#6789=ORIENTED_EDGE('',*,*,#5365,.T.);
#6790=ORIENTED_EDGE('',*,*,#5366,.T.);
#6791=ORIENTED_EDGE('',*,*,#5367,.F.);
#6792=ORIENTED_EDGE('',*,*,#5368,.F.);
#6793=ORIENTED_EDGE('',*,*,#4896,.F.);
#6794=ORIENTED_EDGE('',*,*,#5369,.F.);
#6795=ORIENTED_EDGE('',*,*,#5370,.T.);
#6796=ORIENTED_EDGE('',*,*,#4898,.F.);
#6797=ORIENTED_EDGE('',*,*,#5370,.F.);
#6798=ORIENTED_EDGE('',*,*,#5079,.T.);
#6799=ORIENTED_EDGE('',*,*,#5371,.T.);
#6800=ORIENTED_EDGE('',*,*,#5372,.T.);
#6801=ORIENTED_EDGE('',*,*,#5371,.F.);
#6802=ORIENTED_EDGE('',*,*,#5373,.F.);
#6803=ORIENTED_EDGE('',*,*,#5374,.T.);
#6804=ORIENTED_EDGE('',*,*,#5372,.F.);
#6805=ORIENTED_EDGE('',*,*,#5374,.F.);
#6806=ORIENTED_EDGE('',*,*,#5368,.T.);
#6807=ORIENTED_EDGE('',*,*,#5375,.T.);
#6808=ORIENTED_EDGE('',*,*,#5376,.T.);
#6809=ORIENTED_EDGE('',*,*,#5375,.F.);
#6810=ORIENTED_EDGE('',*,*,#5377,.F.);
#6811=ORIENTED_EDGE('',*,*,#5378,.T.);
#6812=ORIENTED_EDGE('',*,*,#5376,.F.);
#6813=ORIENTED_EDGE('',*,*,#5378,.F.);
#6814=ORIENTED_EDGE('',*,*,#5080,.T.);
#6815=ORIENTED_EDGE('',*,*,#5379,.T.);
#6816=ORIENTED_EDGE('',*,*,#5380,.T.);
#6817=ORIENTED_EDGE('',*,*,#5379,.F.);
#6818=ORIENTED_EDGE('',*,*,#5381,.F.);
#6819=ORIENTED_EDGE('',*,*,#5382,.T.);
#6820=ORIENTED_EDGE('',*,*,#5380,.F.);
#6821=ORIENTED_EDGE('',*,*,#5382,.F.);
#6822=ORIENTED_EDGE('',*,*,#5367,.T.);
#6823=ORIENTED_EDGE('',*,*,#5383,.T.);
#6824=ORIENTED_EDGE('',*,*,#5384,.T.);
#6825=ORIENTED_EDGE('',*,*,#5383,.F.);
#6826=ORIENTED_EDGE('',*,*,#5385,.F.);
#6827=ORIENTED_EDGE('',*,*,#5386,.T.);
#6828=ORIENTED_EDGE('',*,*,#5384,.F.);
#6829=ORIENTED_EDGE('',*,*,#5386,.F.);
#6830=ORIENTED_EDGE('',*,*,#5387,.T.);
#6831=ORIENTED_EDGE('',*,*,#5388,.T.);
#6832=ORIENTED_EDGE('',*,*,#4899,.T.);
#6833=ORIENTED_EDGE('',*,*,#5389,.T.);
#6834=ORIENTED_EDGE('',*,*,#5389,.F.);
#6835=ORIENTED_EDGE('',*,*,#5078,.T.);
#6836=ORIENTED_EDGE('',*,*,#5390,.F.);
#6837=ORIENTED_EDGE('',*,*,#5391,.F.);
#6838=ORIENTED_EDGE('',*,*,#5392,.T.);
#6839=ORIENTED_EDGE('',*,*,#5393,.T.);
#6840=ORIENTED_EDGE('',*,*,#4901,.T.);
#6841=ORIENTED_EDGE('',*,*,#5394,.T.);
#6842=ORIENTED_EDGE('',*,*,#5393,.F.);
#6843=ORIENTED_EDGE('',*,*,#5395,.F.);
#6844=ORIENTED_EDGE('',*,*,#5396,.F.);
#6845=ORIENTED_EDGE('',*,*,#4902,.F.);
#6846=ORIENTED_EDGE('',*,*,#5387,.F.);
#6847=ORIENTED_EDGE('',*,*,#5391,.T.);
#6848=ORIENTED_EDGE('',*,*,#5397,.F.);
#6849=ORIENTED_EDGE('',*,*,#5398,.T.);
#6850=ORIENTED_EDGE('',*,*,#5399,.F.);
#6851=ORIENTED_EDGE('',*,*,#5400,.T.);
#6852=ORIENTED_EDGE('',*,*,#5401,.F.);
#6853=ORIENTED_EDGE('',*,*,#5402,.T.);
#6854=ORIENTED_EDGE('',*,*,#5403,.F.);
#6855=ORIENTED_EDGE('',*,*,#5404,.T.);
#6856=ORIENTED_EDGE('',*,*,#5405,.F.);
#6857=ORIENTED_EDGE('',*,*,#5406,.T.);
#6858=ORIENTED_EDGE('',*,*,#5407,.F.);
#6859=ORIENTED_EDGE('',*,*,#5408,.T.);
#6860=ORIENTED_EDGE('',*,*,#5409,.T.);
#6861=ORIENTED_EDGE('',*,*,#5410,.T.);
#6862=ORIENTED_EDGE('',*,*,#5411,.T.);
#6863=ORIENTED_EDGE('',*,*,#5412,.T.);
#6864=ORIENTED_EDGE('',*,*,#5413,.T.);
#6865=ORIENTED_EDGE('',*,*,#5414,.T.);
#6866=ORIENTED_EDGE('',*,*,#5415,.F.);
#6867=ORIENTED_EDGE('',*,*,#5416,.T.);
#6868=ORIENTED_EDGE('',*,*,#5417,.F.);
#6869=ORIENTED_EDGE('',*,*,#5418,.T.);
#6870=ORIENTED_EDGE('',*,*,#5419,.T.);
#6871=ORIENTED_EDGE('',*,*,#5420,.T.);
#6872=ORIENTED_EDGE('',*,*,#5421,.T.);
#6873=ORIENTED_EDGE('',*,*,#5422,.T.);
#6874=ORIENTED_EDGE('',*,*,#5423,.T.);
#6875=ORIENTED_EDGE('',*,*,#5424,.T.);
#6876=ORIENTED_EDGE('',*,*,#5425,.F.);
#6877=ORIENTED_EDGE('',*,*,#5426,.T.);
#6878=ORIENTED_EDGE('',*,*,#5427,.F.);
#6879=ORIENTED_EDGE('',*,*,#5428,.T.);
#6880=ORIENTED_EDGE('',*,*,#5429,.F.);
#6881=ORIENTED_EDGE('',*,*,#5430,.T.);
#6882=ORIENTED_EDGE('',*,*,#5431,.F.);
#6883=ORIENTED_EDGE('',*,*,#5432,.T.);
#6884=ORIENTED_EDGE('',*,*,#5433,.F.);
#6885=ORIENTED_EDGE('',*,*,#5434,.T.);
#6886=ORIENTED_EDGE('',*,*,#5435,.F.);
#6887=ORIENTED_EDGE('',*,*,#5436,.T.);
#6888=ORIENTED_EDGE('',*,*,#5437,.T.);
#6889=ORIENTED_EDGE('',*,*,#5438,.T.);
#6890=ORIENTED_EDGE('',*,*,#5439,.T.);
#6891=ORIENTED_EDGE('',*,*,#5440,.T.);
#6892=ORIENTED_EDGE('',*,*,#5441,.T.);
#6893=ORIENTED_EDGE('',*,*,#5442,.T.);
#6894=ORIENTED_EDGE('',*,*,#5443,.F.);
#6895=ORIENTED_EDGE('',*,*,#5444,.T.);
#6896=ORIENTED_EDGE('',*,*,#5445,.F.);
#6897=ORIENTED_EDGE('',*,*,#5446,.T.);
#6898=ORIENTED_EDGE('',*,*,#5447,.T.);
#6899=ORIENTED_EDGE('',*,*,#5448,.T.);
#6900=ORIENTED_EDGE('',*,*,#5449,.T.);
#6901=ORIENTED_EDGE('',*,*,#5450,.T.);
#6902=ORIENTED_EDGE('',*,*,#5451,.T.);
#6903=ORIENTED_EDGE('',*,*,#5452,.T.);
#6904=ORIENTED_EDGE('',*,*,#5453,.F.);
#6905=ORIENTED_EDGE('',*,*,#5454,.T.);
#6906=ORIENTED_EDGE('',*,*,#5455,.F.);
#6907=ORIENTED_EDGE('',*,*,#5456,.T.);
#6908=ORIENTED_EDGE('',*,*,#5457,.F.);
#6909=ORIENTED_EDGE('',*,*,#5458,.T.);
#6910=ORIENTED_EDGE('',*,*,#5459,.F.);
#6911=ORIENTED_EDGE('',*,*,#5460,.T.);
#6912=ORIENTED_EDGE('',*,*,#5461,.F.);
#6913=ORIENTED_EDGE('',*,*,#5462,.T.);
#6914=ORIENTED_EDGE('',*,*,#5463,.F.);
#6915=ORIENTED_EDGE('',*,*,#5464,.T.);
#6916=ORIENTED_EDGE('',*,*,#5465,.F.);
#6917=ORIENTED_EDGE('',*,*,#5466,.T.);
#6918=ORIENTED_EDGE('',*,*,#5467,.F.);
#6919=ORIENTED_EDGE('',*,*,#5468,.T.);
#6920=ORIENTED_EDGE('',*,*,#5469,.F.);
#6921=ORIENTED_EDGE('',*,*,#5470,.T.);
#6922=ORIENTED_EDGE('',*,*,#5471,.F.);
#6923=ORIENTED_EDGE('',*,*,#5472,.T.);
#6924=ORIENTED_EDGE('',*,*,#5473,.F.);
#6925=ORIENTED_EDGE('',*,*,#5474,.T.);
#6926=ORIENTED_EDGE('',*,*,#5475,.F.);
#6927=ORIENTED_EDGE('',*,*,#5476,.T.);
#6928=ORIENTED_EDGE('',*,*,#5477,.F.);
#6929=ORIENTED_EDGE('',*,*,#5478,.T.);
#6930=ORIENTED_EDGE('',*,*,#5479,.F.);
#6931=ORIENTED_EDGE('',*,*,#5480,.T.);
#6932=ORIENTED_EDGE('',*,*,#5481,.T.);
#6933=ORIENTED_EDGE('',*,*,#5482,.T.);
#6934=ORIENTED_EDGE('',*,*,#5483,.T.);
#6935=ORIENTED_EDGE('',*,*,#5484,.T.);
#6936=ORIENTED_EDGE('',*,*,#5485,.T.);
#6937=ORIENTED_EDGE('',*,*,#5486,.T.);
#6938=ORIENTED_EDGE('',*,*,#5487,.F.);
#6939=ORIENTED_EDGE('',*,*,#5488,.T.);
#6940=ORIENTED_EDGE('',*,*,#5489,.F.);
#6941=ORIENTED_EDGE('',*,*,#5490,.T.);
#6942=ORIENTED_EDGE('',*,*,#5491,.F.);
#6943=ORIENTED_EDGE('',*,*,#5492,.T.);
#6944=ORIENTED_EDGE('',*,*,#5493,.F.);
#6945=ORIENTED_EDGE('',*,*,#5494,.T.);
#6946=ORIENTED_EDGE('',*,*,#5495,.F.);
#6947=ORIENTED_EDGE('',*,*,#5496,.T.);
#6948=ORIENTED_EDGE('',*,*,#5497,.F.);
#6949=ORIENTED_EDGE('',*,*,#5498,.T.);
#6950=ORIENTED_EDGE('',*,*,#5499,.T.);
#6951=ORIENTED_EDGE('',*,*,#5500,.T.);
#6952=ORIENTED_EDGE('',*,*,#5501,.T.);
#6953=ORIENTED_EDGE('',*,*,#5502,.T.);
#6954=ORIENTED_EDGE('',*,*,#5503,.T.);
#6955=ORIENTED_EDGE('',*,*,#5504,.T.);
#6956=ORIENTED_EDGE('',*,*,#5505,.F.);
#6957=ORIENTED_EDGE('',*,*,#5506,.T.);
#6958=ORIENTED_EDGE('',*,*,#5507,.F.);
#6959=ORIENTED_EDGE('',*,*,#5508,.T.);
#6960=ORIENTED_EDGE('',*,*,#5509,.T.);
#6961=ORIENTED_EDGE('',*,*,#5510,.T.);
#6962=ORIENTED_EDGE('',*,*,#5511,.T.);
#6963=ORIENTED_EDGE('',*,*,#5512,.T.);
#6964=ORIENTED_EDGE('',*,*,#5513,.T.);
#6965=ORIENTED_EDGE('',*,*,#5514,.T.);
#6966=ORIENTED_EDGE('',*,*,#5515,.F.);
#6967=ORIENTED_EDGE('',*,*,#5516,.T.);
#6968=ORIENTED_EDGE('',*,*,#5517,.F.);
#6969=ORIENTED_EDGE('',*,*,#5518,.T.);
#6970=ORIENTED_EDGE('',*,*,#5519,.F.);
#6971=ORIENTED_EDGE('',*,*,#5520,.T.);
#6972=ORIENTED_EDGE('',*,*,#5521,.F.);
#6973=ORIENTED_EDGE('',*,*,#5522,.T.);
#6974=ORIENTED_EDGE('',*,*,#5523,.F.);
#6975=ORIENTED_EDGE('',*,*,#5524,.F.);
#6976=ORIENTED_EDGE('',*,*,#5525,.T.);
#6977=ORIENTED_EDGE('',*,*,#5526,.F.);
#6978=ORIENTED_EDGE('',*,*,#5527,.F.);
#6979=ORIENTED_EDGE('',*,*,#5528,.T.);
#6980=ORIENTED_EDGE('',*,*,#5529,.F.);
#6981=ORIENTED_EDGE('',*,*,#5530,.T.);
#6982=ORIENTED_EDGE('',*,*,#5531,.F.);
#6983=ORIENTED_EDGE('',*,*,#5532,.T.);
#6984=ORIENTED_EDGE('',*,*,#5533,.T.);
#6985=ORIENTED_EDGE('',*,*,#5534,.T.);
#6986=ORIENTED_EDGE('',*,*,#5535,.T.);
#6987=ORIENTED_EDGE('',*,*,#5536,.T.);
#6988=ORIENTED_EDGE('',*,*,#5537,.T.);
#6989=ORIENTED_EDGE('',*,*,#5538,.T.);
#6990=ORIENTED_EDGE('',*,*,#5539,.F.);
#6991=ORIENTED_EDGE('',*,*,#5540,.T.);
#6992=ORIENTED_EDGE('',*,*,#5541,.F.);
#6993=ORIENTED_EDGE('',*,*,#5542,.T.);
#6994=ORIENTED_EDGE('',*,*,#5543,.T.);
#6995=ORIENTED_EDGE('',*,*,#5544,.T.);
#6996=ORIENTED_EDGE('',*,*,#5545,.T.);
#6997=ORIENTED_EDGE('',*,*,#5546,.T.);
#6998=ORIENTED_EDGE('',*,*,#5547,.T.);
#6999=ORIENTED_EDGE('',*,*,#5548,.T.);
#7000=ORIENTED_EDGE('',*,*,#5549,.F.);
#7001=ORIENTED_EDGE('',*,*,#5550,.T.);
#7002=ORIENTED_EDGE('',*,*,#5551,.F.);
#7003=ORIENTED_EDGE('',*,*,#5552,.T.);
#7004=ORIENTED_EDGE('',*,*,#5553,.F.);
#7005=ORIENTED_EDGE('',*,*,#5554,.T.);
#7006=ORIENTED_EDGE('',*,*,#5555,.F.);
#7007=ORIENTED_EDGE('',*,*,#5556,.T.);
#7008=ORIENTED_EDGE('',*,*,#5557,.T.);
#7009=ORIENTED_EDGE('',*,*,#5558,.T.);
#7010=ORIENTED_EDGE('',*,*,#5559,.T.);
#7011=ORIENTED_EDGE('',*,*,#5560,.T.);
#7012=ORIENTED_EDGE('',*,*,#5561,.T.);
#7013=ORIENTED_EDGE('',*,*,#5562,.T.);
#7014=ORIENTED_EDGE('',*,*,#5563,.F.);
#7015=ORIENTED_EDGE('',*,*,#5564,.T.);
#7016=ORIENTED_EDGE('',*,*,#5565,.F.);
#7017=ORIENTED_EDGE('',*,*,#5566,.T.);
#7018=ORIENTED_EDGE('',*,*,#5567,.T.);
#7019=ORIENTED_EDGE('',*,*,#5568,.T.);
#7020=ORIENTED_EDGE('',*,*,#5569,.T.);
#7021=ORIENTED_EDGE('',*,*,#5570,.T.);
#7022=ORIENTED_EDGE('',*,*,#5571,.T.);
#7023=ORIENTED_EDGE('',*,*,#5395,.T.);
#7024=ORIENTED_EDGE('',*,*,#5392,.F.);
#7025=ORIENTED_EDGE('',*,*,#5572,.T.);
#7026=ORIENTED_EDGE('',*,*,#5573,.T.);
#7027=ORIENTED_EDGE('',*,*,#5574,.T.);
#7028=ORIENTED_EDGE('',*,*,#5575,.T.);
#7029=ORIENTED_EDGE('',*,*,#5576,.T.);
#7030=ORIENTED_EDGE('',*,*,#5577,.T.);
#7031=ORIENTED_EDGE('',*,*,#5578,.T.);
#7032=ORIENTED_EDGE('',*,*,#5579,.T.);
#7033=ORIENTED_EDGE('',*,*,#5580,.T.);
#7034=ORIENTED_EDGE('',*,*,#5581,.T.);
#7035=ORIENTED_EDGE('',*,*,#5582,.T.);
#7036=ORIENTED_EDGE('',*,*,#5583,.T.);
#7037=ORIENTED_EDGE('',*,*,#5584,.T.);
#7038=ORIENTED_EDGE('',*,*,#5585,.T.);
#7039=ORIENTED_EDGE('',*,*,#5586,.T.);
#7040=ORIENTED_EDGE('',*,*,#5587,.T.);
#7041=ORIENTED_EDGE('',*,*,#5588,.T.);
#7042=ORIENTED_EDGE('',*,*,#5589,.T.);
#7043=ORIENTED_EDGE('',*,*,#5590,.T.);
#7044=ORIENTED_EDGE('',*,*,#5591,.T.);
#7045=ORIENTED_EDGE('',*,*,#5592,.T.);
#7046=ORIENTED_EDGE('',*,*,#5593,.T.);
#7047=ORIENTED_EDGE('',*,*,#5594,.T.);
#7048=ORIENTED_EDGE('',*,*,#5595,.T.);
#7049=ORIENTED_EDGE('',*,*,#5596,.T.);
#7050=ORIENTED_EDGE('',*,*,#5597,.T.);
#7051=ORIENTED_EDGE('',*,*,#5598,.T.);
#7052=ORIENTED_EDGE('',*,*,#5599,.T.);
#7053=ORIENTED_EDGE('',*,*,#5600,.T.);
#7054=ORIENTED_EDGE('',*,*,#5601,.T.);
#7055=ORIENTED_EDGE('',*,*,#5602,.T.);
#7056=ORIENTED_EDGE('',*,*,#5603,.T.);
#7057=ORIENTED_EDGE('',*,*,#5604,.T.);
#7058=ORIENTED_EDGE('',*,*,#5605,.T.);
#7059=ORIENTED_EDGE('',*,*,#5606,.T.);
#7060=ORIENTED_EDGE('',*,*,#5607,.T.);
#7061=ORIENTED_EDGE('',*,*,#5608,.T.);
#7062=ORIENTED_EDGE('',*,*,#5609,.T.);
#7063=ORIENTED_EDGE('',*,*,#5610,.T.);
#7064=ORIENTED_EDGE('',*,*,#5611,.T.);
#7065=ORIENTED_EDGE('',*,*,#5612,.T.);
#7066=ORIENTED_EDGE('',*,*,#5613,.T.);
#7067=ORIENTED_EDGE('',*,*,#5614,.T.);
#7068=ORIENTED_EDGE('',*,*,#5615,.T.);
#7069=ORIENTED_EDGE('',*,*,#5616,.T.);
#7070=ORIENTED_EDGE('',*,*,#5617,.T.);
#7071=ORIENTED_EDGE('',*,*,#5618,.T.);
#7072=ORIENTED_EDGE('',*,*,#5619,.T.);
#7073=ORIENTED_EDGE('',*,*,#5620,.T.);
#7074=ORIENTED_EDGE('',*,*,#5621,.T.);
#7075=ORIENTED_EDGE('',*,*,#5622,.T.);
#7076=ORIENTED_EDGE('',*,*,#5623,.T.);
#7077=ORIENTED_EDGE('',*,*,#5624,.T.);
#7078=ORIENTED_EDGE('',*,*,#5625,.T.);
#7079=ORIENTED_EDGE('',*,*,#5626,.T.);
#7080=ORIENTED_EDGE('',*,*,#5627,.T.);
#7081=ORIENTED_EDGE('',*,*,#5628,.T.);
#7082=ORIENTED_EDGE('',*,*,#5629,.T.);
#7083=ORIENTED_EDGE('',*,*,#5630,.T.);
#7084=ORIENTED_EDGE('',*,*,#5631,.T.);
#7085=ORIENTED_EDGE('',*,*,#5632,.T.);
#7086=ORIENTED_EDGE('',*,*,#5633,.T.);
#7087=ORIENTED_EDGE('',*,*,#5634,.T.);
#7088=ORIENTED_EDGE('',*,*,#5635,.T.);
#7089=ORIENTED_EDGE('',*,*,#5636,.T.);
#7090=ORIENTED_EDGE('',*,*,#5637,.T.);
#7091=ORIENTED_EDGE('',*,*,#5638,.T.);
#7092=ORIENTED_EDGE('',*,*,#5639,.T.);
#7093=ORIENTED_EDGE('',*,*,#5640,.T.);
#7094=ORIENTED_EDGE('',*,*,#5641,.T.);
#7095=ORIENTED_EDGE('',*,*,#5642,.T.);
#7096=ORIENTED_EDGE('',*,*,#5643,.T.);
#7097=ORIENTED_EDGE('',*,*,#5644,.T.);
#7098=ORIENTED_EDGE('',*,*,#5645,.T.);
#7099=ORIENTED_EDGE('',*,*,#5646,.T.);
#7100=ORIENTED_EDGE('',*,*,#5647,.T.);
#7101=ORIENTED_EDGE('',*,*,#5648,.T.);
#7102=ORIENTED_EDGE('',*,*,#5649,.T.);
#7103=ORIENTED_EDGE('',*,*,#5650,.T.);
#7104=ORIENTED_EDGE('',*,*,#5651,.T.);
#7105=ORIENTED_EDGE('',*,*,#5652,.T.);
#7106=ORIENTED_EDGE('',*,*,#5653,.T.);
#7107=ORIENTED_EDGE('',*,*,#5654,.T.);
#7108=ORIENTED_EDGE('',*,*,#5655,.T.);
#7109=ORIENTED_EDGE('',*,*,#5656,.T.);
#7110=ORIENTED_EDGE('',*,*,#5657,.T.);
#7111=ORIENTED_EDGE('',*,*,#5658,.T.);
#7112=ORIENTED_EDGE('',*,*,#5659,.T.);
#7113=ORIENTED_EDGE('',*,*,#5660,.T.);
#7114=ORIENTED_EDGE('',*,*,#5661,.T.);
#7115=ORIENTED_EDGE('',*,*,#5662,.T.);
#7116=ORIENTED_EDGE('',*,*,#5377,.T.);
#7117=ORIENTED_EDGE('',*,*,#5373,.T.);
#7118=ORIENTED_EDGE('',*,*,#5663,.T.);
#7119=ORIENTED_EDGE('',*,*,#5664,.T.);
#7120=ORIENTED_EDGE('',*,*,#5665,.T.);
#7121=ORIENTED_EDGE('',*,*,#5666,.T.);
#7122=ORIENTED_EDGE('',*,*,#5667,.T.);
#7123=ORIENTED_EDGE('',*,*,#5668,.T.);
#7124=ORIENTED_EDGE('',*,*,#5669,.T.);
#7125=ORIENTED_EDGE('',*,*,#5670,.T.);
#7126=ORIENTED_EDGE('',*,*,#5671,.T.);
#7127=ORIENTED_EDGE('',*,*,#5369,.T.);
#7128=ORIENTED_EDGE('',*,*,#5672,.T.);
#7129=ORIENTED_EDGE('',*,*,#5673,.T.);
#7130=ORIENTED_EDGE('',*,*,#5674,.T.);
#7131=ORIENTED_EDGE('',*,*,#5675,.T.);
#7132=ORIENTED_EDGE('',*,*,#5676,.T.);
#7133=ORIENTED_EDGE('',*,*,#5677,.T.);
#7134=ORIENTED_EDGE('',*,*,#5678,.T.);
#7135=ORIENTED_EDGE('',*,*,#5679,.T.);
#7136=ORIENTED_EDGE('',*,*,#5680,.T.);
#7137=ORIENTED_EDGE('',*,*,#5681,.T.);
#7138=ORIENTED_EDGE('',*,*,#5682,.T.);
#7139=ORIENTED_EDGE('',*,*,#5683,.T.);
#7140=ORIENTED_EDGE('',*,*,#5684,.T.);
#7141=ORIENTED_EDGE('',*,*,#5685,.T.);
#7142=ORIENTED_EDGE('',*,*,#5686,.T.);
#7143=ORIENTED_EDGE('',*,*,#5687,.T.);
#7144=ORIENTED_EDGE('',*,*,#5688,.T.);
#7145=ORIENTED_EDGE('',*,*,#5689,.T.);
#7146=ORIENTED_EDGE('',*,*,#5690,.T.);
#7147=ORIENTED_EDGE('',*,*,#5691,.T.);
#7148=ORIENTED_EDGE('',*,*,#5692,.T.);
#7149=ORIENTED_EDGE('',*,*,#5693,.T.);
#7150=ORIENTED_EDGE('',*,*,#5694,.T.);
#7151=ORIENTED_EDGE('',*,*,#5695,.T.);
#7152=ORIENTED_EDGE('',*,*,#5696,.T.);
#7153=ORIENTED_EDGE('',*,*,#5697,.T.);
#7154=ORIENTED_EDGE('',*,*,#5698,.T.);
#7155=ORIENTED_EDGE('',*,*,#5699,.T.);
#7156=ORIENTED_EDGE('',*,*,#5700,.T.);
#7157=ORIENTED_EDGE('',*,*,#5701,.T.);
#7158=ORIENTED_EDGE('',*,*,#5702,.T.);
#7159=ORIENTED_EDGE('',*,*,#5703,.T.);
#7160=ORIENTED_EDGE('',*,*,#5704,.T.);
#7161=ORIENTED_EDGE('',*,*,#5705,.T.);
#7162=ORIENTED_EDGE('',*,*,#5706,.T.);
#7163=ORIENTED_EDGE('',*,*,#5707,.T.);
#7164=ORIENTED_EDGE('',*,*,#5708,.T.);
#7165=ORIENTED_EDGE('',*,*,#5709,.T.);
#7166=ORIENTED_EDGE('',*,*,#5710,.T.);
#7167=ORIENTED_EDGE('',*,*,#5711,.T.);
#7168=ORIENTED_EDGE('',*,*,#5712,.T.);
#7169=ORIENTED_EDGE('',*,*,#5713,.T.);
#7170=ORIENTED_EDGE('',*,*,#5714,.T.);
#7171=ORIENTED_EDGE('',*,*,#5715,.T.);
#7172=ORIENTED_EDGE('',*,*,#5716,.T.);
#7173=ORIENTED_EDGE('',*,*,#5717,.T.);
#7174=ORIENTED_EDGE('',*,*,#5718,.T.);
#7175=ORIENTED_EDGE('',*,*,#5719,.T.);
#7176=ORIENTED_EDGE('',*,*,#5720,.T.);
#7177=ORIENTED_EDGE('',*,*,#5721,.T.);
#7178=ORIENTED_EDGE('',*,*,#5722,.T.);
#7179=ORIENTED_EDGE('',*,*,#5723,.T.);
#7180=ORIENTED_EDGE('',*,*,#5724,.T.);
#7181=ORIENTED_EDGE('',*,*,#5725,.T.);
#7182=ORIENTED_EDGE('',*,*,#5726,.T.);
#7183=ORIENTED_EDGE('',*,*,#5727,.T.);
#7184=ORIENTED_EDGE('',*,*,#5728,.T.);
#7185=ORIENTED_EDGE('',*,*,#5729,.T.);
#7186=ORIENTED_EDGE('',*,*,#5730,.T.);
#7187=ORIENTED_EDGE('',*,*,#5731,.T.);
#7188=ORIENTED_EDGE('',*,*,#5732,.T.);
#7189=ORIENTED_EDGE('',*,*,#5733,.T.);
#7190=ORIENTED_EDGE('',*,*,#5734,.T.);
#7191=ORIENTED_EDGE('',*,*,#5735,.T.);
#7192=ORIENTED_EDGE('',*,*,#5736,.T.);
#7193=ORIENTED_EDGE('',*,*,#5385,.T.);
#7194=ORIENTED_EDGE('',*,*,#5737,.T.);
#7195=ORIENTED_EDGE('',*,*,#5738,.T.);
#7196=ORIENTED_EDGE('',*,*,#5739,.T.);
#7197=ORIENTED_EDGE('',*,*,#5740,.T.);
#7198=ORIENTED_EDGE('',*,*,#5741,.T.);
#7199=ORIENTED_EDGE('',*,*,#5742,.T.);
#7200=ORIENTED_EDGE('',*,*,#5743,.T.);
#7201=ORIENTED_EDGE('',*,*,#5744,.T.);
#7202=ORIENTED_EDGE('',*,*,#5745,.T.);
#7203=ORIENTED_EDGE('',*,*,#5746,.T.);
#7204=ORIENTED_EDGE('',*,*,#5747,.T.);
#7205=ORIENTED_EDGE('',*,*,#5748,.T.);
#7206=ORIENTED_EDGE('',*,*,#5749,.T.);
#7207=ORIENTED_EDGE('',*,*,#5750,.T.);
#7208=ORIENTED_EDGE('',*,*,#5751,.T.);
#7209=ORIENTED_EDGE('',*,*,#5752,.T.);
#7210=ORIENTED_EDGE('',*,*,#5753,.T.);
#7211=ORIENTED_EDGE('',*,*,#5754,.T.);
#7212=ORIENTED_EDGE('',*,*,#5755,.T.);
#7213=ORIENTED_EDGE('',*,*,#5756,.T.);
#7214=ORIENTED_EDGE('',*,*,#5757,.T.);
#7215=ORIENTED_EDGE('',*,*,#5758,.T.);
#7216=ORIENTED_EDGE('',*,*,#5759,.T.);
#7217=ORIENTED_EDGE('',*,*,#5760,.T.);
#7218=ORIENTED_EDGE('',*,*,#5381,.T.);
#7219=ORIENTED_EDGE('',*,*,#5761,.T.);
#7220=ORIENTED_EDGE('',*,*,#5762,.T.);
#7221=ORIENTED_EDGE('',*,*,#5763,.T.);
#7222=ORIENTED_EDGE('',*,*,#5764,.T.);
#7223=ORIENTED_EDGE('',*,*,#5765,.T.);
#7224=ORIENTED_EDGE('',*,*,#5766,.T.);
#7225=ORIENTED_EDGE('',*,*,#5767,.T.);
#7226=ORIENTED_EDGE('',*,*,#5768,.T.);
#7227=ORIENTED_EDGE('',*,*,#5769,.T.);
#7228=ORIENTED_EDGE('',*,*,#5770,.T.);
#7229=ORIENTED_EDGE('',*,*,#5771,.T.);
#7230=ORIENTED_EDGE('',*,*,#5772,.T.);
#7231=ORIENTED_EDGE('',*,*,#5773,.T.);
#7232=ORIENTED_EDGE('',*,*,#5774,.T.);
#7233=ORIENTED_EDGE('',*,*,#5775,.T.);
#7234=ORIENTED_EDGE('',*,*,#5776,.T.);
#7235=ORIENTED_EDGE('',*,*,#5777,.T.);
#7236=ORIENTED_EDGE('',*,*,#5778,.T.);
#7237=ORIENTED_EDGE('',*,*,#5779,.T.);
#7238=ORIENTED_EDGE('',*,*,#5780,.T.);
#7239=ORIENTED_EDGE('',*,*,#5781,.T.);
#7240=ORIENTED_EDGE('',*,*,#5782,.T.);
#7241=ORIENTED_EDGE('',*,*,#5783,.T.);
#7242=ORIENTED_EDGE('',*,*,#5784,.T.);
#7243=ORIENTED_EDGE('',*,*,#5785,.T.);
#7244=ORIENTED_EDGE('',*,*,#5786,.T.);
#7245=ORIENTED_EDGE('',*,*,#5787,.T.);
#7246=ORIENTED_EDGE('',*,*,#5788,.T.);
#7247=ORIENTED_EDGE('',*,*,#5789,.T.);
#7248=ORIENTED_EDGE('',*,*,#5790,.T.);
#7249=ORIENTED_EDGE('',*,*,#5791,.T.);
#7250=ORIENTED_EDGE('',*,*,#5792,.T.);
#7251=ORIENTED_EDGE('',*,*,#5793,.T.);
#7252=ORIENTED_EDGE('',*,*,#5794,.T.);
#7253=ORIENTED_EDGE('',*,*,#5795,.T.);
#7254=ORIENTED_EDGE('',*,*,#5796,.T.);
#7255=ORIENTED_EDGE('',*,*,#5797,.T.);
#7256=ORIENTED_EDGE('',*,*,#5798,.T.);
#7257=ORIENTED_EDGE('',*,*,#5799,.T.);
#7258=ORIENTED_EDGE('',*,*,#5800,.T.);
#7259=ORIENTED_EDGE('',*,*,#5801,.T.);
#7260=ORIENTED_EDGE('',*,*,#5802,.T.);
#7261=ORIENTED_EDGE('',*,*,#5803,.T.);
#7262=ORIENTED_EDGE('',*,*,#5804,.T.);
#7263=ORIENTED_EDGE('',*,*,#5805,.T.);
#7264=ORIENTED_EDGE('',*,*,#5806,.T.);
#7265=ORIENTED_EDGE('',*,*,#5807,.T.);
#7266=ORIENTED_EDGE('',*,*,#5808,.T.);
#7267=ORIENTED_EDGE('',*,*,#5809,.T.);
#7268=ORIENTED_EDGE('',*,*,#5810,.T.);
#7269=ORIENTED_EDGE('',*,*,#5811,.T.);
#7270=ORIENTED_EDGE('',*,*,#5812,.T.);
#7271=ORIENTED_EDGE('',*,*,#5813,.T.);
#7272=ORIENTED_EDGE('',*,*,#5814,.T.);
#7273=ORIENTED_EDGE('',*,*,#5815,.T.);
#7274=ORIENTED_EDGE('',*,*,#5816,.T.);
#7275=ORIENTED_EDGE('',*,*,#5817,.T.);
#7276=ORIENTED_EDGE('',*,*,#5818,.T.);
#7277=ORIENTED_EDGE('',*,*,#5819,.T.);
#7278=ORIENTED_EDGE('',*,*,#5820,.T.);
#7279=ORIENTED_EDGE('',*,*,#5821,.T.);
#7280=ORIENTED_EDGE('',*,*,#5822,.T.);
#7281=ORIENTED_EDGE('',*,*,#5823,.T.);
#7282=ORIENTED_EDGE('',*,*,#5824,.T.);
#7283=ORIENTED_EDGE('',*,*,#5825,.T.);
#7284=ORIENTED_EDGE('',*,*,#5826,.T.);
#7285=ORIENTED_EDGE('',*,*,#5827,.T.);
#7286=ORIENTED_EDGE('',*,*,#5828,.T.);
#7287=ORIENTED_EDGE('',*,*,#5829,.T.);
#7288=ORIENTED_EDGE('',*,*,#5830,.T.);
#7289=ORIENTED_EDGE('',*,*,#5831,.T.);
#7290=ORIENTED_EDGE('',*,*,#5832,.T.);
#7291=ORIENTED_EDGE('',*,*,#5833,.T.);
#7292=ORIENTED_EDGE('',*,*,#5834,.T.);
#7293=ORIENTED_EDGE('',*,*,#5835,.T.);
#7294=ORIENTED_EDGE('',*,*,#5836,.T.);
#7295=ORIENTED_EDGE('',*,*,#5837,.T.);
#7296=ORIENTED_EDGE('',*,*,#5838,.T.);
#7297=ORIENTED_EDGE('',*,*,#5839,.T.);
#7298=ORIENTED_EDGE('',*,*,#5840,.T.);
#7299=ORIENTED_EDGE('',*,*,#5841,.T.);
#7300=ORIENTED_EDGE('',*,*,#5842,.T.);
#7301=ORIENTED_EDGE('',*,*,#5843,.T.);
#7302=ORIENTED_EDGE('',*,*,#5844,.T.);
#7303=ORIENTED_EDGE('',*,*,#5845,.T.);
#7304=ORIENTED_EDGE('',*,*,#5846,.T.);
#7305=ORIENTED_EDGE('',*,*,#5847,.T.);
#7306=ORIENTED_EDGE('',*,*,#5848,.T.);
#7307=ORIENTED_EDGE('',*,*,#5849,.T.);
#7308=ORIENTED_EDGE('',*,*,#5850,.T.);
#7309=ORIENTED_EDGE('',*,*,#5851,.T.);
#7310=ORIENTED_EDGE('',*,*,#5852,.T.);
#7311=ORIENTED_EDGE('',*,*,#5853,.T.);
#7312=ORIENTED_EDGE('',*,*,#5854,.T.);
#7313=ORIENTED_EDGE('',*,*,#5855,.T.);
#7314=ORIENTED_EDGE('',*,*,#5856,.T.);
#7315=ORIENTED_EDGE('',*,*,#5857,.T.);
#7316=ORIENTED_EDGE('',*,*,#5858,.T.);
#7317=ORIENTED_EDGE('',*,*,#5565,.T.);
#7318=ORIENTED_EDGE('',*,*,#5859,.T.);
#7319=ORIENTED_EDGE('',*,*,#4909,.T.);
#7320=ORIENTED_EDGE('',*,*,#5860,.T.);
#7321=ORIENTED_EDGE('',*,*,#5860,.F.);
#7322=ORIENTED_EDGE('',*,*,#4908,.T.);
#7323=ORIENTED_EDGE('',*,*,#5861,.T.);
#7324=ORIENTED_EDGE('',*,*,#5566,.F.);
#7325=ORIENTED_EDGE('',*,*,#5563,.T.);
#7326=ORIENTED_EDGE('',*,*,#5862,.T.);
#7327=ORIENTED_EDGE('',*,*,#4911,.T.);
#7328=ORIENTED_EDGE('',*,*,#5863,.T.);
#7329=ORIENTED_EDGE('',*,*,#5862,.F.);
#7330=ORIENTED_EDGE('',*,*,#5562,.F.);
#7331=ORIENTED_EDGE('',*,*,#5864,.F.);
#7332=ORIENTED_EDGE('',*,*,#4912,.F.);
#7333=ORIENTED_EDGE('',*,*,#5555,.T.);
#7334=ORIENTED_EDGE('',*,*,#5865,.T.);
#7335=ORIENTED_EDGE('',*,*,#4919,.T.);
#7336=ORIENTED_EDGE('',*,*,#5866,.T.);
#7337=ORIENTED_EDGE('',*,*,#5865,.F.);
#7338=ORIENTED_EDGE('',*,*,#5554,.F.);
#7339=ORIENTED_EDGE('',*,*,#5867,.F.);
#7340=ORIENTED_EDGE('',*,*,#4920,.T.);
#7341=ORIENTED_EDGE('',*,*,#5553,.T.);
#7342=ORIENTED_EDGE('',*,*,#5868,.T.);
#7343=ORIENTED_EDGE('',*,*,#4921,.T.);
#7344=ORIENTED_EDGE('',*,*,#5867,.T.);
#7345=ORIENTED_EDGE('',*,*,#5465,.T.);
#7346=ORIENTED_EDGE('',*,*,#5869,.T.);
#7347=ORIENTED_EDGE('',*,*,#5009,.T.);
#7348=ORIENTED_EDGE('',*,*,#5870,.T.);
#7349=ORIENTED_EDGE('',*,*,#5869,.F.);
#7350=ORIENTED_EDGE('',*,*,#5464,.F.);
#7351=ORIENTED_EDGE('',*,*,#5871,.F.);
#7352=ORIENTED_EDGE('',*,*,#5010,.F.);
#7353=ORIENTED_EDGE('',*,*,#5467,.T.);
#7354=ORIENTED_EDGE('',*,*,#5872,.T.);
#7355=ORIENTED_EDGE('',*,*,#5007,.T.);
#7356=ORIENTED_EDGE('',*,*,#5873,.T.);
#7357=ORIENTED_EDGE('',*,*,#5873,.F.);
#7358=ORIENTED_EDGE('',*,*,#5006,.F.);
#7359=ORIENTED_EDGE('',*,*,#5874,.F.);
#7360=ORIENTED_EDGE('',*,*,#5468,.F.);
#7361=ORIENTED_EDGE('',*,*,#5433,.T.);
#7362=ORIENTED_EDGE('',*,*,#5875,.T.);
#7363=ORIENTED_EDGE('',*,*,#5041,.T.);
#7364=ORIENTED_EDGE('',*,*,#5876,.T.);
#7365=ORIENTED_EDGE('',*,*,#5875,.F.);
#7366=ORIENTED_EDGE('',*,*,#5432,.F.);
#7367=ORIENTED_EDGE('',*,*,#5877,.F.);
#7368=ORIENTED_EDGE('',*,*,#5042,.F.);
#7369=ORIENTED_EDGE('',*,*,#5435,.T.);
#7370=ORIENTED_EDGE('',*,*,#5878,.T.);
#7371=ORIENTED_EDGE('',*,*,#5039,.T.);
#7372=ORIENTED_EDGE('',*,*,#5879,.T.);
#7373=ORIENTED_EDGE('',*,*,#5879,.F.);
#7374=ORIENTED_EDGE('',*,*,#5038,.T.);
#7375=ORIENTED_EDGE('',*,*,#5880,.T.);
#7376=ORIENTED_EDGE('',*,*,#5436,.F.);
#7377=ORIENTED_EDGE('',*,*,#5443,.T.);
#7378=ORIENTED_EDGE('',*,*,#5881,.T.);
#7379=ORIENTED_EDGE('',*,*,#5031,.T.);
#7380=ORIENTED_EDGE('',*,*,#5882,.T.);
#7381=ORIENTED_EDGE('',*,*,#5881,.F.);
#7382=ORIENTED_EDGE('',*,*,#5442,.F.);
#7383=ORIENTED_EDGE('',*,*,#5883,.F.);
#7384=ORIENTED_EDGE('',*,*,#5032,.T.);
#7385=ORIENTED_EDGE('',*,*,#5445,.T.);
#7386=ORIENTED_EDGE('',*,*,#5884,.T.);
#7387=ORIENTED_EDGE('',*,*,#5029,.T.);
#7388=ORIENTED_EDGE('',*,*,#5885,.T.);
#7389=ORIENTED_EDGE('',*,*,#5885,.F.);
#7390=ORIENTED_EDGE('',*,*,#5028,.F.);
#7391=ORIENTED_EDGE('',*,*,#5886,.T.);
#7392=ORIENTED_EDGE('',*,*,#5446,.F.);
#7393=ORIENTED_EDGE('',*,*,#5453,.T.);
#7394=ORIENTED_EDGE('',*,*,#5887,.T.);
#7395=ORIENTED_EDGE('',*,*,#5021,.T.);
#7396=ORIENTED_EDGE('',*,*,#5888,.T.);
#7397=ORIENTED_EDGE('',*,*,#5888,.F.);
#7398=ORIENTED_EDGE('',*,*,#5020,.T.);
#7399=ORIENTED_EDGE('',*,*,#5889,.F.);
#7400=ORIENTED_EDGE('',*,*,#5454,.F.);
#7401=ORIENTED_EDGE('',*,*,#5455,.T.);
#7402=ORIENTED_EDGE('',*,*,#5889,.T.);
#7403=ORIENTED_EDGE('',*,*,#5019,.T.);
#7404=ORIENTED_EDGE('',*,*,#5890,.T.);
#7405=ORIENTED_EDGE('',*,*,#5427,.T.);
#7406=ORIENTED_EDGE('',*,*,#5891,.T.);
#7407=ORIENTED_EDGE('',*,*,#5047,.T.);
#7408=ORIENTED_EDGE('',*,*,#5892,.T.);
#7409=ORIENTED_EDGE('',*,*,#5892,.F.);
#7410=ORIENTED_EDGE('',*,*,#5046,.T.);
#7411=ORIENTED_EDGE('',*,*,#5893,.F.);
#7412=ORIENTED_EDGE('',*,*,#5428,.F.);
#7413=ORIENTED_EDGE('',*,*,#5425,.T.);
#7414=ORIENTED_EDGE('',*,*,#5894,.T.);
#7415=ORIENTED_EDGE('',*,*,#5049,.T.);
#7416=ORIENTED_EDGE('',*,*,#5895,.T.);
#7417=ORIENTED_EDGE('',*,*,#5894,.F.);
#7418=ORIENTED_EDGE('',*,*,#5424,.F.);
#7419=ORIENTED_EDGE('',*,*,#5896,.F.);
#7420=ORIENTED_EDGE('',*,*,#5050,.F.);
#7421=ORIENTED_EDGE('',*,*,#5417,.T.);
#7422=ORIENTED_EDGE('',*,*,#5897,.T.);
#7423=ORIENTED_EDGE('',*,*,#5057,.T.);
#7424=ORIENTED_EDGE('',*,*,#5898,.T.);
#7425=ORIENTED_EDGE('',*,*,#5898,.F.);
#7426=ORIENTED_EDGE('',*,*,#5056,.T.);
#7427=ORIENTED_EDGE('',*,*,#5899,.T.);
#7428=ORIENTED_EDGE('',*,*,#5418,.F.);
#7429=ORIENTED_EDGE('',*,*,#5415,.T.);
#7430=ORIENTED_EDGE('',*,*,#5900,.T.);
#7431=ORIENTED_EDGE('',*,*,#5059,.T.);
#7432=ORIENTED_EDGE('',*,*,#5901,.T.);
#7433=ORIENTED_EDGE('',*,*,#5900,.F.);
#7434=ORIENTED_EDGE('',*,*,#5414,.F.);
#7435=ORIENTED_EDGE('',*,*,#5902,.F.);
#7436=ORIENTED_EDGE('',*,*,#5060,.F.);
#7437=ORIENTED_EDGE('',*,*,#5407,.T.);
#7438=ORIENTED_EDGE('',*,*,#5903,.T.);
#7439=ORIENTED_EDGE('',*,*,#5067,.T.);
#7440=ORIENTED_EDGE('',*,*,#5904,.T.);
#7441=ORIENTED_EDGE('',*,*,#5904,.F.);
#7442=ORIENTED_EDGE('',*,*,#5066,.F.);
#7443=ORIENTED_EDGE('',*,*,#5905,.T.);
#7444=ORIENTED_EDGE('',*,*,#5408,.F.);
#7445=ORIENTED_EDGE('',*,*,#5405,.T.);
#7446=ORIENTED_EDGE('',*,*,#5906,.T.);
#7447=ORIENTED_EDGE('',*,*,#5069,.T.);
#7448=ORIENTED_EDGE('',*,*,#5907,.T.);
#7449=ORIENTED_EDGE('',*,*,#5906,.F.);
#7450=ORIENTED_EDGE('',*,*,#5404,.F.);
#7451=ORIENTED_EDGE('',*,*,#5908,.F.);
#7452=ORIENTED_EDGE('',*,*,#5070,.T.);
#7453=ORIENTED_EDGE('',*,*,#5551,.T.);
#7454=ORIENTED_EDGE('',*,*,#5909,.T.);
#7455=ORIENTED_EDGE('',*,*,#4923,.T.);
#7456=ORIENTED_EDGE('',*,*,#5910,.T.);
#7457=ORIENTED_EDGE('',*,*,#5868,.F.);
#7458=ORIENTED_EDGE('',*,*,#5552,.F.);
#7459=ORIENTED_EDGE('',*,*,#5910,.F.);
#7460=ORIENTED_EDGE('',*,*,#4922,.T.);
#7461=ORIENTED_EDGE('',*,*,#5549,.T.);
#7462=ORIENTED_EDGE('',*,*,#5911,.T.);
#7463=ORIENTED_EDGE('',*,*,#4925,.T.);
#7464=ORIENTED_EDGE('',*,*,#5912,.T.);
#7465=ORIENTED_EDGE('',*,*,#5911,.F.);
#7466=ORIENTED_EDGE('',*,*,#5548,.F.);
#7467=ORIENTED_EDGE('',*,*,#5913,.F.);
#7468=ORIENTED_EDGE('',*,*,#4926,.F.);
#7469=ORIENTED_EDGE('',*,*,#5541,.T.);
#7470=ORIENTED_EDGE('',*,*,#5914,.T.);
#7471=ORIENTED_EDGE('',*,*,#4933,.T.);
#7472=ORIENTED_EDGE('',*,*,#5915,.T.);
#7473=ORIENTED_EDGE('',*,*,#5915,.F.);
#7474=ORIENTED_EDGE('',*,*,#4932,.T.);
#7475=ORIENTED_EDGE('',*,*,#5916,.T.);
#7476=ORIENTED_EDGE('',*,*,#5542,.F.);
#7477=ORIENTED_EDGE('',*,*,#5539,.T.);
#7478=ORIENTED_EDGE('',*,*,#5917,.T.);
#7479=ORIENTED_EDGE('',*,*,#4935,.T.);
#7480=ORIENTED_EDGE('',*,*,#5918,.T.);
#7481=ORIENTED_EDGE('',*,*,#5917,.F.);
#7482=ORIENTED_EDGE('',*,*,#5538,.F.);
#7483=ORIENTED_EDGE('',*,*,#5919,.F.);
#7484=ORIENTED_EDGE('',*,*,#4936,.F.);
#7485=ORIENTED_EDGE('',*,*,#5531,.T.);
#7486=ORIENTED_EDGE('',*,*,#5920,.T.);
#7487=ORIENTED_EDGE('',*,*,#4943,.T.);
#7488=ORIENTED_EDGE('',*,*,#5921,.T.);
#7489=ORIENTED_EDGE('',*,*,#5921,.F.);
#7490=ORIENTED_EDGE('',*,*,#4942,.F.);
#7491=ORIENTED_EDGE('',*,*,#5922,.T.);
#7492=ORIENTED_EDGE('',*,*,#5532,.F.);
#7493=ORIENTED_EDGE('',*,*,#5529,.T.);
#7494=ORIENTED_EDGE('',*,*,#5923,.T.);
#7495=ORIENTED_EDGE('',*,*,#4945,.T.);
#7496=ORIENTED_EDGE('',*,*,#5924,.T.);
#7497=ORIENTED_EDGE('',*,*,#5923,.F.);
#7498=ORIENTED_EDGE('',*,*,#5528,.F.);
#7499=ORIENTED_EDGE('',*,*,#5925,.F.);
#7500=ORIENTED_EDGE('',*,*,#4946,.T.);
#7501=ORIENTED_EDGE('',*,*,#5517,.T.);
#7502=ORIENTED_EDGE('',*,*,#5926,.T.);
#7503=ORIENTED_EDGE('',*,*,#4957,.T.);
#7504=ORIENTED_EDGE('',*,*,#5927,.T.);
#7505=ORIENTED_EDGE('',*,*,#5927,.F.);
#7506=ORIENTED_EDGE('',*,*,#4956,.T.);
#7507=ORIENTED_EDGE('',*,*,#5928,.F.);
#7508=ORIENTED_EDGE('',*,*,#5518,.F.);
#7509=ORIENTED_EDGE('',*,*,#5515,.T.);
#7510=ORIENTED_EDGE('',*,*,#5929,.T.);
#7511=ORIENTED_EDGE('',*,*,#4959,.T.);
#7512=ORIENTED_EDGE('',*,*,#5930,.T.);
#7513=ORIENTED_EDGE('',*,*,#5929,.F.);
#7514=ORIENTED_EDGE('',*,*,#5514,.F.);
#7515=ORIENTED_EDGE('',*,*,#5931,.F.);
#7516=ORIENTED_EDGE('',*,*,#4960,.F.);
#7517=ORIENTED_EDGE('',*,*,#5507,.T.);
#7518=ORIENTED_EDGE('',*,*,#5932,.T.);
#7519=ORIENTED_EDGE('',*,*,#4967,.T.);
#7520=ORIENTED_EDGE('',*,*,#5933,.T.);
#7521=ORIENTED_EDGE('',*,*,#5933,.F.);
#7522=ORIENTED_EDGE('',*,*,#4966,.T.);
#7523=ORIENTED_EDGE('',*,*,#5934,.T.);
#7524=ORIENTED_EDGE('',*,*,#5508,.F.);
#7525=ORIENTED_EDGE('',*,*,#5505,.T.);
#7526=ORIENTED_EDGE('',*,*,#5935,.T.);
#7527=ORIENTED_EDGE('',*,*,#4969,.T.);
#7528=ORIENTED_EDGE('',*,*,#5936,.T.);
#7529=ORIENTED_EDGE('',*,*,#5935,.F.);
#7530=ORIENTED_EDGE('',*,*,#5504,.F.);
#7531=ORIENTED_EDGE('',*,*,#5937,.F.);
#7532=ORIENTED_EDGE('',*,*,#4970,.F.);
#7533=ORIENTED_EDGE('',*,*,#5497,.T.);
#7534=ORIENTED_EDGE('',*,*,#5938,.T.);
#7535=ORIENTED_EDGE('',*,*,#4977,.T.);
#7536=ORIENTED_EDGE('',*,*,#5939,.T.);
#7537=ORIENTED_EDGE('',*,*,#5938,.F.);
#7538=ORIENTED_EDGE('',*,*,#5496,.F.);
#7539=ORIENTED_EDGE('',*,*,#5940,.F.);
#7540=ORIENTED_EDGE('',*,*,#4978,.T.);
#7541=ORIENTED_EDGE('',*,*,#5495,.T.);
#7542=ORIENTED_EDGE('',*,*,#5941,.T.);
#7543=ORIENTED_EDGE('',*,*,#4979,.T.);
#7544=ORIENTED_EDGE('',*,*,#5940,.T.);
#7545=ORIENTED_EDGE('',*,*,#5477,.T.);
#7546=ORIENTED_EDGE('',*,*,#5942,.T.);
#7547=ORIENTED_EDGE('',*,*,#4997,.T.);
#7548=ORIENTED_EDGE('',*,*,#5943,.T.);
#7549=ORIENTED_EDGE('',*,*,#5943,.F.);
#7550=ORIENTED_EDGE('',*,*,#4996,.T.);
#7551=ORIENTED_EDGE('',*,*,#5944,.F.);
#7552=ORIENTED_EDGE('',*,*,#5478,.F.);
#7553=ORIENTED_EDGE('',*,*,#5479,.T.);
#7554=ORIENTED_EDGE('',*,*,#5944,.T.);
#7555=ORIENTED_EDGE('',*,*,#4995,.T.);
#7556=ORIENTED_EDGE('',*,*,#5945,.T.);
#7557=ORIENTED_EDGE('',*,*,#5487,.T.);
#7558=ORIENTED_EDGE('',*,*,#5946,.T.);
#7559=ORIENTED_EDGE('',*,*,#4987,.T.);
#7560=ORIENTED_EDGE('',*,*,#5947,.T.);
#7561=ORIENTED_EDGE('',*,*,#5947,.F.);
#7562=ORIENTED_EDGE('',*,*,#4986,.T.);
#7563=ORIENTED_EDGE('',*,*,#5948,.F.);
#7564=ORIENTED_EDGE('',*,*,#5488,.F.);
#7565=ORIENTED_EDGE('',*,*,#5489,.T.);
#7566=ORIENTED_EDGE('',*,*,#5948,.T.);
#7567=ORIENTED_EDGE('',*,*,#4985,.T.);
#7568=ORIENTED_EDGE('',*,*,#5949,.T.);
#7569=ORIENTED_EDGE('',*,*,#5949,.F.);
#7570=ORIENTED_EDGE('',*,*,#4984,.F.);
#7571=ORIENTED_EDGE('',*,*,#5950,.F.);
#7572=ORIENTED_EDGE('',*,*,#5490,.F.);
#7573=ORIENTED_EDGE('',*,*,#5017,.T.);
#7574=ORIENTED_EDGE('',*,*,#5951,.T.);
#7575=ORIENTED_EDGE('',*,*,#5457,.T.);
#7576=ORIENTED_EDGE('',*,*,#5952,.T.);
#7577=ORIENTED_EDGE('',*,*,#5951,.F.);
#7578=ORIENTED_EDGE('',*,*,#5016,.T.);
#7579=ORIENTED_EDGE('',*,*,#5953,.F.);
#7580=ORIENTED_EDGE('',*,*,#5458,.F.);
#7581=ORIENTED_EDGE('',*,*,#5011,.T.);
#7582=ORIENTED_EDGE('',*,*,#5871,.T.);
#7583=ORIENTED_EDGE('',*,*,#5463,.T.);
#7584=ORIENTED_EDGE('',*,*,#5954,.T.);
#7585=ORIENTED_EDGE('',*,*,#5071,.T.);
#7586=ORIENTED_EDGE('',*,*,#5908,.T.);
#7587=ORIENTED_EDGE('',*,*,#5403,.T.);
#7588=ORIENTED_EDGE('',*,*,#5955,.T.);
#7589=ORIENTED_EDGE('',*,*,#5956,.F.);
#7590=ORIENTED_EDGE('',*,*,#5076,.F.);
#7591=ORIENTED_EDGE('',*,*,#5957,.F.);
#7592=ORIENTED_EDGE('',*,*,#5398,.F.);
#7593=ORIENTED_EDGE('',*,*,#5077,.T.);
#7594=ORIENTED_EDGE('',*,*,#5956,.T.);
#7595=ORIENTED_EDGE('',*,*,#5397,.T.);
#7596=ORIENTED_EDGE('',*,*,#5390,.T.);
#7597=ORIENTED_EDGE('',*,*,#4955,.T.);
#7598=ORIENTED_EDGE('',*,*,#5958,.T.);
#7599=ORIENTED_EDGE('',*,*,#5519,.T.);
#7600=ORIENTED_EDGE('',*,*,#5928,.T.);
#7601=ORIENTED_EDGE('',*,*,#5958,.F.);
#7602=ORIENTED_EDGE('',*,*,#4954,.T.);
#7603=ORIENTED_EDGE('',*,*,#5959,.F.);
#7604=ORIENTED_EDGE('',*,*,#5520,.F.);
#7605=ORIENTED_EDGE('',*,*,#4947,.T.);
#7606=ORIENTED_EDGE('',*,*,#5925,.T.);
#7607=ORIENTED_EDGE('',*,*,#5527,.T.);
#7608=ORIENTED_EDGE('',*,*,#5960,.F.);
#7609=ORIENTED_EDGE('',*,*,#4948,.T.);
#7610=ORIENTED_EDGE('',*,*,#5960,.T.);
#7611=ORIENTED_EDGE('',*,*,#5526,.T.);
#7612=ORIENTED_EDGE('',*,*,#5961,.T.);
#7613=ORIENTED_EDGE('',*,*,#4999,.T.);
#7614=ORIENTED_EDGE('',*,*,#5962,.T.);
#7615=ORIENTED_EDGE('',*,*,#5475,.T.);
#7616=ORIENTED_EDGE('',*,*,#5963,.T.);
#7617=ORIENTED_EDGE('',*,*,#5942,.F.);
#7618=ORIENTED_EDGE('',*,*,#5476,.F.);
#7619=ORIENTED_EDGE('',*,*,#5962,.F.);
#7620=ORIENTED_EDGE('',*,*,#4998,.F.);
#7621=ORIENTED_EDGE('',*,*,#5964,.F.);
#7622=ORIENTED_EDGE('',*,*,#5004,.F.);
#7623=ORIENTED_EDGE('',*,*,#5965,.F.);
#7624=ORIENTED_EDGE('',*,*,#5470,.F.);
#7625=ORIENTED_EDGE('',*,*,#5005,.T.);
#7626=ORIENTED_EDGE('',*,*,#5964,.T.);
#7627=ORIENTED_EDGE('',*,*,#5469,.T.);
#7628=ORIENTED_EDGE('',*,*,#5874,.T.);
#7629=ORIENTED_EDGE('',*,*,#5491,.T.);
#7630=ORIENTED_EDGE('',*,*,#5950,.T.);
#7631=ORIENTED_EDGE('',*,*,#4983,.T.);
#7632=ORIENTED_EDGE('',*,*,#5966,.T.);
#7633=ORIENTED_EDGE('',*,*,#5493,.T.);
#7634=ORIENTED_EDGE('',*,*,#5967,.T.);
#7635=ORIENTED_EDGE('',*,*,#4981,.T.);
#7636=ORIENTED_EDGE('',*,*,#5968,.T.);
#7637=ORIENTED_EDGE('',*,*,#5941,.F.);
#7638=ORIENTED_EDGE('',*,*,#5494,.F.);
#7639=ORIENTED_EDGE('',*,*,#5968,.F.);
#7640=ORIENTED_EDGE('',*,*,#4980,.T.);
#7641=ORIENTED_EDGE('',*,*,#5429,.T.);
#7642=ORIENTED_EDGE('',*,*,#5893,.T.);
#7643=ORIENTED_EDGE('',*,*,#5045,.T.);
#7644=ORIENTED_EDGE('',*,*,#5969,.T.);
#7645=ORIENTED_EDGE('',*,*,#5431,.T.);
#7646=ORIENTED_EDGE('',*,*,#5970,.T.);
#7647=ORIENTED_EDGE('',*,*,#5043,.T.);
#7648=ORIENTED_EDGE('',*,*,#5877,.T.);
#7649=ORIENTED_EDGE('',*,*,#5471,.T.);
#7650=ORIENTED_EDGE('',*,*,#5965,.T.);
#7651=ORIENTED_EDGE('',*,*,#5003,.T.);
#7652=ORIENTED_EDGE('',*,*,#5971,.T.);
#7653=ORIENTED_EDGE('',*,*,#5971,.F.);
#7654=ORIENTED_EDGE('',*,*,#5002,.F.);
#7655=ORIENTED_EDGE('',*,*,#5972,.F.);
#7656=ORIENTED_EDGE('',*,*,#5472,.F.);
#7657=ORIENTED_EDGE('',*,*,#5473,.T.);
#7658=ORIENTED_EDGE('',*,*,#5972,.T.);
#7659=ORIENTED_EDGE('',*,*,#5001,.T.);
#7660=ORIENTED_EDGE('',*,*,#5973,.T.);
#7661=ORIENTED_EDGE('',*,*,#5461,.T.);
#7662=ORIENTED_EDGE('',*,*,#5974,.T.);
#7663=ORIENTED_EDGE('',*,*,#5013,.T.);
#7664=ORIENTED_EDGE('',*,*,#5975,.T.);
#7665=ORIENTED_EDGE('',*,*,#5459,.T.);
#7666=ORIENTED_EDGE('',*,*,#5953,.T.);
#7667=ORIENTED_EDGE('',*,*,#5015,.T.);
#7668=ORIENTED_EDGE('',*,*,#5976,.T.);
#7669=ORIENTED_EDGE('',*,*,#5399,.T.);
#7670=ORIENTED_EDGE('',*,*,#5957,.T.);
#7671=ORIENTED_EDGE('',*,*,#5075,.T.);
#7672=ORIENTED_EDGE('',*,*,#5977,.T.);
#7673=ORIENTED_EDGE('',*,*,#5401,.T.);
#7674=ORIENTED_EDGE('',*,*,#5978,.T.);
#7675=ORIENTED_EDGE('',*,*,#5073,.T.);
#7676=ORIENTED_EDGE('',*,*,#5979,.T.);
#7677=ORIENTED_EDGE('',*,*,#5977,.F.);
#7678=ORIENTED_EDGE('',*,*,#5074,.F.);
#7679=ORIENTED_EDGE('',*,*,#5978,.F.);
#7680=ORIENTED_EDGE('',*,*,#5400,.F.);
#7681=ORIENTED_EDGE('',*,*,#5521,.T.);
#7682=ORIENTED_EDGE('',*,*,#5959,.T.);
#7683=ORIENTED_EDGE('',*,*,#4953,.T.);
#7684=ORIENTED_EDGE('',*,*,#5980,.T.);
#7685=ORIENTED_EDGE('',*,*,#5980,.F.);
#7686=ORIENTED_EDGE('',*,*,#4952,.T.);
#7687=ORIENTED_EDGE('',*,*,#5981,.F.);
#7688=ORIENTED_EDGE('',*,*,#5522,.F.);
#7689=ORIENTED_EDGE('',*,*,#5523,.T.);
#7690=ORIENTED_EDGE('',*,*,#5981,.T.);
#7691=ORIENTED_EDGE('',*,*,#4951,.T.);
#7692=ORIENTED_EDGE('',*,*,#5982,.F.);
#7693=ORIENTED_EDGE('',*,*,#5524,.T.);
#7694=ORIENTED_EDGE('',*,*,#5982,.T.);
#7695=ORIENTED_EDGE('',*,*,#4950,.T.);
#7696=ORIENTED_EDGE('',*,*,#5983,.T.);
#7697=ORIENTED_EDGE('',*,*,#5082,.F.);
#7698=ORIENTED_EDGE('',*,*,#5984,.T.);
#7699=ORIENTED_EDGE('',*,*,#5858,.F.);
#7700=ORIENTED_EDGE('',*,*,#5985,.F.);
#7701=ORIENTED_EDGE('',*,*,#5083,.F.);
#7702=ORIENTED_EDGE('',*,*,#5985,.T.);
#7703=ORIENTED_EDGE('',*,*,#5857,.F.);
#7704=ORIENTED_EDGE('',*,*,#5986,.F.);
#7705=ORIENTED_EDGE('',*,*,#5084,.F.);
#7706=ORIENTED_EDGE('',*,*,#5986,.T.);
#7707=ORIENTED_EDGE('',*,*,#5856,.F.);
#7708=ORIENTED_EDGE('',*,*,#5987,.F.);
#7709=ORIENTED_EDGE('',*,*,#5085,.F.);
#7710=ORIENTED_EDGE('',*,*,#5987,.T.);
#7711=ORIENTED_EDGE('',*,*,#5855,.F.);
#7712=ORIENTED_EDGE('',*,*,#5988,.F.);
#7713=ORIENTED_EDGE('',*,*,#5086,.F.);
#7714=ORIENTED_EDGE('',*,*,#5988,.T.);
#7715=ORIENTED_EDGE('',*,*,#5854,.F.);
#7716=ORIENTED_EDGE('',*,*,#5989,.F.);
#7717=ORIENTED_EDGE('',*,*,#5087,.F.);
#7718=ORIENTED_EDGE('',*,*,#5989,.T.);
#7719=ORIENTED_EDGE('',*,*,#5853,.F.);
#7720=ORIENTED_EDGE('',*,*,#5990,.F.);
#7721=ORIENTED_EDGE('',*,*,#5088,.F.);
#7722=ORIENTED_EDGE('',*,*,#5990,.T.);
#7723=ORIENTED_EDGE('',*,*,#5852,.F.);
#7724=ORIENTED_EDGE('',*,*,#5991,.F.);
#7725=ORIENTED_EDGE('',*,*,#5081,.F.);
#7726=ORIENTED_EDGE('',*,*,#5991,.T.);
#7727=ORIENTED_EDGE('',*,*,#5851,.F.);
#7728=ORIENTED_EDGE('',*,*,#5984,.F.);
#7729=ORIENTED_EDGE('',*,*,#5090,.F.);
#7730=ORIENTED_EDGE('',*,*,#5992,.T.);
#7731=ORIENTED_EDGE('',*,*,#5850,.F.);
#7732=ORIENTED_EDGE('',*,*,#5993,.F.);
#7733=ORIENTED_EDGE('',*,*,#5091,.F.);
#7734=ORIENTED_EDGE('',*,*,#5993,.T.);
#7735=ORIENTED_EDGE('',*,*,#5849,.F.);
#7736=ORIENTED_EDGE('',*,*,#5994,.F.);
#7737=ORIENTED_EDGE('',*,*,#5092,.F.);
#7738=ORIENTED_EDGE('',*,*,#5994,.T.);
#7739=ORIENTED_EDGE('',*,*,#5848,.F.);
#7740=ORIENTED_EDGE('',*,*,#5995,.F.);
#7741=ORIENTED_EDGE('',*,*,#5093,.F.);
#7742=ORIENTED_EDGE('',*,*,#5995,.T.);
#7743=ORIENTED_EDGE('',*,*,#5847,.F.);
#7744=ORIENTED_EDGE('',*,*,#5996,.F.);
#7745=ORIENTED_EDGE('',*,*,#5094,.F.);
#7746=ORIENTED_EDGE('',*,*,#5996,.T.);
#7747=ORIENTED_EDGE('',*,*,#5846,.F.);
#7748=ORIENTED_EDGE('',*,*,#5997,.F.);
#7749=ORIENTED_EDGE('',*,*,#5095,.F.);
#7750=ORIENTED_EDGE('',*,*,#5997,.T.);
#7751=ORIENTED_EDGE('',*,*,#5845,.F.);
#7752=ORIENTED_EDGE('',*,*,#5998,.F.);
#7753=ORIENTED_EDGE('',*,*,#5096,.F.);
#7754=ORIENTED_EDGE('',*,*,#5998,.T.);
#7755=ORIENTED_EDGE('',*,*,#5844,.F.);
#7756=ORIENTED_EDGE('',*,*,#5999,.F.);
#7757=ORIENTED_EDGE('',*,*,#5089,.F.);
#7758=ORIENTED_EDGE('',*,*,#5999,.T.);
#7759=ORIENTED_EDGE('',*,*,#5843,.F.);
#7760=ORIENTED_EDGE('',*,*,#5992,.F.);
#7761=ORIENTED_EDGE('',*,*,#5098,.F.);
#7762=ORIENTED_EDGE('',*,*,#6000,.T.);
#7763=ORIENTED_EDGE('',*,*,#5842,.F.);
#7764=ORIENTED_EDGE('',*,*,#6001,.F.);
#7765=ORIENTED_EDGE('',*,*,#5099,.F.);
#7766=ORIENTED_EDGE('',*,*,#6001,.T.);
#7767=ORIENTED_EDGE('',*,*,#5841,.F.);
#7768=ORIENTED_EDGE('',*,*,#6002,.F.);
#7769=ORIENTED_EDGE('',*,*,#5100,.F.);
#7770=ORIENTED_EDGE('',*,*,#6002,.T.);
#7771=ORIENTED_EDGE('',*,*,#5840,.F.);
#7772=ORIENTED_EDGE('',*,*,#6003,.F.);
#7773=ORIENTED_EDGE('',*,*,#5101,.F.);
#7774=ORIENTED_EDGE('',*,*,#6003,.T.);
#7775=ORIENTED_EDGE('',*,*,#5839,.F.);
#7776=ORIENTED_EDGE('',*,*,#6004,.F.);
#7777=ORIENTED_EDGE('',*,*,#5102,.F.);
#7778=ORIENTED_EDGE('',*,*,#6004,.T.);
#7779=ORIENTED_EDGE('',*,*,#5838,.F.);
#7780=ORIENTED_EDGE('',*,*,#6005,.F.);
#7781=ORIENTED_EDGE('',*,*,#5103,.F.);
#7782=ORIENTED_EDGE('',*,*,#6005,.T.);
#7783=ORIENTED_EDGE('',*,*,#5837,.F.);
#7784=ORIENTED_EDGE('',*,*,#6006,.F.);
#7785=ORIENTED_EDGE('',*,*,#5104,.F.);
#7786=ORIENTED_EDGE('',*,*,#6006,.T.);
#7787=ORIENTED_EDGE('',*,*,#5836,.F.);
#7788=ORIENTED_EDGE('',*,*,#6007,.F.);
#7789=ORIENTED_EDGE('',*,*,#5097,.F.);
#7790=ORIENTED_EDGE('',*,*,#6007,.T.);
#7791=ORIENTED_EDGE('',*,*,#5835,.F.);
#7792=ORIENTED_EDGE('',*,*,#6000,.F.);
#7793=ORIENTED_EDGE('',*,*,#5834,.F.);
#7794=ORIENTED_EDGE('',*,*,#6008,.T.);
#7795=ORIENTED_EDGE('',*,*,#5105,.F.);
#7796=ORIENTED_EDGE('',*,*,#6008,.F.);
#7797=ORIENTED_EDGE('',*,*,#5107,.F.);
#7798=ORIENTED_EDGE('',*,*,#6009,.T.);
#7799=ORIENTED_EDGE('',*,*,#5833,.F.);
#7800=ORIENTED_EDGE('',*,*,#6010,.F.);
#7801=ORIENTED_EDGE('',*,*,#5108,.F.);
#7802=ORIENTED_EDGE('',*,*,#6010,.T.);
#7803=ORIENTED_EDGE('',*,*,#5832,.F.);
#7804=ORIENTED_EDGE('',*,*,#6011,.F.);
#7805=ORIENTED_EDGE('',*,*,#5109,.F.);
#7806=ORIENTED_EDGE('',*,*,#6011,.T.);
#7807=ORIENTED_EDGE('',*,*,#5831,.F.);
#7808=ORIENTED_EDGE('',*,*,#6012,.F.);
#7809=ORIENTED_EDGE('',*,*,#5110,.F.);
#7810=ORIENTED_EDGE('',*,*,#6012,.T.);
#7811=ORIENTED_EDGE('',*,*,#5830,.F.);
#7812=ORIENTED_EDGE('',*,*,#6013,.F.);
#7813=ORIENTED_EDGE('',*,*,#5111,.F.);
#7814=ORIENTED_EDGE('',*,*,#6013,.T.);
#7815=ORIENTED_EDGE('',*,*,#5829,.F.);
#7816=ORIENTED_EDGE('',*,*,#6014,.F.);
#7817=ORIENTED_EDGE('',*,*,#5112,.F.);
#7818=ORIENTED_EDGE('',*,*,#6014,.T.);
#7819=ORIENTED_EDGE('',*,*,#5828,.F.);
#7820=ORIENTED_EDGE('',*,*,#6015,.F.);
#7821=ORIENTED_EDGE('',*,*,#5113,.F.);
#7822=ORIENTED_EDGE('',*,*,#6015,.T.);
#7823=ORIENTED_EDGE('',*,*,#5827,.F.);
#7824=ORIENTED_EDGE('',*,*,#6016,.F.);
#7825=ORIENTED_EDGE('',*,*,#5106,.F.);
#7826=ORIENTED_EDGE('',*,*,#6016,.T.);
#7827=ORIENTED_EDGE('',*,*,#5826,.F.);
#7828=ORIENTED_EDGE('',*,*,#6009,.F.);
#7829=ORIENTED_EDGE('',*,*,#5115,.F.);
#7830=ORIENTED_EDGE('',*,*,#6017,.T.);
#7831=ORIENTED_EDGE('',*,*,#5825,.F.);
#7832=ORIENTED_EDGE('',*,*,#6018,.F.);
#7833=ORIENTED_EDGE('',*,*,#5116,.F.);
#7834=ORIENTED_EDGE('',*,*,#6018,.T.);
#7835=ORIENTED_EDGE('',*,*,#5824,.F.);
#7836=ORIENTED_EDGE('',*,*,#6019,.F.);
#7837=ORIENTED_EDGE('',*,*,#5117,.F.);
#7838=ORIENTED_EDGE('',*,*,#6019,.T.);
#7839=ORIENTED_EDGE('',*,*,#5823,.F.);
#7840=ORIENTED_EDGE('',*,*,#6020,.F.);
#7841=ORIENTED_EDGE('',*,*,#5118,.F.);
#7842=ORIENTED_EDGE('',*,*,#6020,.T.);
#7843=ORIENTED_EDGE('',*,*,#5822,.F.);
#7844=ORIENTED_EDGE('',*,*,#6021,.F.);
#7845=ORIENTED_EDGE('',*,*,#5119,.F.);
#7846=ORIENTED_EDGE('',*,*,#6021,.T.);
#7847=ORIENTED_EDGE('',*,*,#5821,.F.);
#7848=ORIENTED_EDGE('',*,*,#6022,.F.);
#7849=ORIENTED_EDGE('',*,*,#5120,.F.);
#7850=ORIENTED_EDGE('',*,*,#6022,.T.);
#7851=ORIENTED_EDGE('',*,*,#5820,.F.);
#7852=ORIENTED_EDGE('',*,*,#6023,.F.);
#7853=ORIENTED_EDGE('',*,*,#5121,.F.);
#7854=ORIENTED_EDGE('',*,*,#6023,.T.);
#7855=ORIENTED_EDGE('',*,*,#5819,.F.);
#7856=ORIENTED_EDGE('',*,*,#6024,.F.);
#7857=ORIENTED_EDGE('',*,*,#5114,.F.);
#7858=ORIENTED_EDGE('',*,*,#6024,.T.);
#7859=ORIENTED_EDGE('',*,*,#5818,.F.);
#7860=ORIENTED_EDGE('',*,*,#6017,.F.);
#7861=ORIENTED_EDGE('',*,*,#5123,.F.);
#7862=ORIENTED_EDGE('',*,*,#6025,.T.);
#7863=ORIENTED_EDGE('',*,*,#5817,.F.);
#7864=ORIENTED_EDGE('',*,*,#6026,.F.);
#7865=ORIENTED_EDGE('',*,*,#5124,.F.);
#7866=ORIENTED_EDGE('',*,*,#6026,.T.);
#7867=ORIENTED_EDGE('',*,*,#5816,.F.);
#7868=ORIENTED_EDGE('',*,*,#6027,.F.);
#7869=ORIENTED_EDGE('',*,*,#5125,.F.);
#7870=ORIENTED_EDGE('',*,*,#6027,.T.);
#7871=ORIENTED_EDGE('',*,*,#5815,.F.);
#7872=ORIENTED_EDGE('',*,*,#6028,.F.);
#7873=ORIENTED_EDGE('',*,*,#5126,.F.);
#7874=ORIENTED_EDGE('',*,*,#6028,.T.);
#7875=ORIENTED_EDGE('',*,*,#5814,.F.);
#7876=ORIENTED_EDGE('',*,*,#6029,.F.);
#7877=ORIENTED_EDGE('',*,*,#5127,.F.);
#7878=ORIENTED_EDGE('',*,*,#6029,.T.);
#7879=ORIENTED_EDGE('',*,*,#5813,.F.);
#7880=ORIENTED_EDGE('',*,*,#6030,.F.);
#7881=ORIENTED_EDGE('',*,*,#5128,.F.);
#7882=ORIENTED_EDGE('',*,*,#6030,.T.);
#7883=ORIENTED_EDGE('',*,*,#5812,.F.);
#7884=ORIENTED_EDGE('',*,*,#6031,.F.);
#7885=ORIENTED_EDGE('',*,*,#5129,.F.);
#7886=ORIENTED_EDGE('',*,*,#6031,.T.);
#7887=ORIENTED_EDGE('',*,*,#5811,.F.);
#7888=ORIENTED_EDGE('',*,*,#6032,.F.);
#7889=ORIENTED_EDGE('',*,*,#5122,.F.);
#7890=ORIENTED_EDGE('',*,*,#6032,.T.);
#7891=ORIENTED_EDGE('',*,*,#5810,.F.);
#7892=ORIENTED_EDGE('',*,*,#6025,.F.);
#7893=ORIENTED_EDGE('',*,*,#5131,.F.);
#7894=ORIENTED_EDGE('',*,*,#6033,.T.);
#7895=ORIENTED_EDGE('',*,*,#5809,.F.);
#7896=ORIENTED_EDGE('',*,*,#6034,.F.);
#7897=ORIENTED_EDGE('',*,*,#5132,.F.);
#7898=ORIENTED_EDGE('',*,*,#6034,.T.);
#7899=ORIENTED_EDGE('',*,*,#5808,.F.);
#7900=ORIENTED_EDGE('',*,*,#6035,.F.);
#7901=ORIENTED_EDGE('',*,*,#5133,.F.);
#7902=ORIENTED_EDGE('',*,*,#6035,.T.);
#7903=ORIENTED_EDGE('',*,*,#5807,.F.);
#7904=ORIENTED_EDGE('',*,*,#6036,.F.);
#7905=ORIENTED_EDGE('',*,*,#5134,.F.);
#7906=ORIENTED_EDGE('',*,*,#6036,.T.);
#7907=ORIENTED_EDGE('',*,*,#5806,.F.);
#7908=ORIENTED_EDGE('',*,*,#6037,.F.);
#7909=ORIENTED_EDGE('',*,*,#5135,.F.);
#7910=ORIENTED_EDGE('',*,*,#6037,.T.);
#7911=ORIENTED_EDGE('',*,*,#5805,.F.);
#7912=ORIENTED_EDGE('',*,*,#6038,.F.);
#7913=ORIENTED_EDGE('',*,*,#5136,.F.);
#7914=ORIENTED_EDGE('',*,*,#6038,.T.);
#7915=ORIENTED_EDGE('',*,*,#5804,.F.);
#7916=ORIENTED_EDGE('',*,*,#6039,.F.);
#7917=ORIENTED_EDGE('',*,*,#5137,.F.);
#7918=ORIENTED_EDGE('',*,*,#6039,.T.);
#7919=ORIENTED_EDGE('',*,*,#5803,.F.);
#7920=ORIENTED_EDGE('',*,*,#6040,.F.);
#7921=ORIENTED_EDGE('',*,*,#5130,.F.);
#7922=ORIENTED_EDGE('',*,*,#6040,.T.);
#7923=ORIENTED_EDGE('',*,*,#5802,.F.);
#7924=ORIENTED_EDGE('',*,*,#6033,.F.);
#7925=ORIENTED_EDGE('',*,*,#5801,.F.);
#7926=ORIENTED_EDGE('',*,*,#6041,.T.);
#7927=ORIENTED_EDGE('',*,*,#5138,.F.);
#7928=ORIENTED_EDGE('',*,*,#6041,.F.);
#7929=ORIENTED_EDGE('',*,*,#5140,.F.);
#7930=ORIENTED_EDGE('',*,*,#6042,.T.);
#7931=ORIENTED_EDGE('',*,*,#5800,.F.);
#7932=ORIENTED_EDGE('',*,*,#6043,.F.);
#7933=ORIENTED_EDGE('',*,*,#5141,.F.);
#7934=ORIENTED_EDGE('',*,*,#6043,.T.);
#7935=ORIENTED_EDGE('',*,*,#5799,.F.);
#7936=ORIENTED_EDGE('',*,*,#6044,.F.);
#7937=ORIENTED_EDGE('',*,*,#5142,.F.);
#7938=ORIENTED_EDGE('',*,*,#6044,.T.);
#7939=ORIENTED_EDGE('',*,*,#5798,.F.);
#7940=ORIENTED_EDGE('',*,*,#6045,.F.);
#7941=ORIENTED_EDGE('',*,*,#5143,.F.);
#7942=ORIENTED_EDGE('',*,*,#6045,.T.);
#7943=ORIENTED_EDGE('',*,*,#5797,.F.);
#7944=ORIENTED_EDGE('',*,*,#6046,.F.);
#7945=ORIENTED_EDGE('',*,*,#5144,.F.);
#7946=ORIENTED_EDGE('',*,*,#6046,.T.);
#7947=ORIENTED_EDGE('',*,*,#5796,.F.);
#7948=ORIENTED_EDGE('',*,*,#6047,.F.);
#7949=ORIENTED_EDGE('',*,*,#5145,.F.);
#7950=ORIENTED_EDGE('',*,*,#6047,.T.);
#7951=ORIENTED_EDGE('',*,*,#5795,.F.);
#7952=ORIENTED_EDGE('',*,*,#6048,.F.);
#7953=ORIENTED_EDGE('',*,*,#5146,.F.);
#7954=ORIENTED_EDGE('',*,*,#6048,.T.);
#7955=ORIENTED_EDGE('',*,*,#5794,.F.);
#7956=ORIENTED_EDGE('',*,*,#6049,.F.);
#7957=ORIENTED_EDGE('',*,*,#5139,.F.);
#7958=ORIENTED_EDGE('',*,*,#6049,.T.);
#7959=ORIENTED_EDGE('',*,*,#5793,.F.);
#7960=ORIENTED_EDGE('',*,*,#6042,.F.);
#7961=ORIENTED_EDGE('',*,*,#5148,.F.);
#7962=ORIENTED_EDGE('',*,*,#6050,.T.);
#7963=ORIENTED_EDGE('',*,*,#5792,.F.);
#7964=ORIENTED_EDGE('',*,*,#6051,.F.);
#7965=ORIENTED_EDGE('',*,*,#5149,.F.);
#7966=ORIENTED_EDGE('',*,*,#6051,.T.);
#7967=ORIENTED_EDGE('',*,*,#5791,.F.);
#7968=ORIENTED_EDGE('',*,*,#6052,.F.);
#7969=ORIENTED_EDGE('',*,*,#5150,.F.);
#7970=ORIENTED_EDGE('',*,*,#6052,.T.);
#7971=ORIENTED_EDGE('',*,*,#5790,.F.);
#7972=ORIENTED_EDGE('',*,*,#6053,.F.);
#7973=ORIENTED_EDGE('',*,*,#5151,.F.);
#7974=ORIENTED_EDGE('',*,*,#6053,.T.);
#7975=ORIENTED_EDGE('',*,*,#5789,.F.);
#7976=ORIENTED_EDGE('',*,*,#6054,.F.);
#7977=ORIENTED_EDGE('',*,*,#5152,.F.);
#7978=ORIENTED_EDGE('',*,*,#6054,.T.);
#7979=ORIENTED_EDGE('',*,*,#5788,.F.);
#7980=ORIENTED_EDGE('',*,*,#6055,.F.);
#7981=ORIENTED_EDGE('',*,*,#5153,.F.);
#7982=ORIENTED_EDGE('',*,*,#6055,.T.);
#7983=ORIENTED_EDGE('',*,*,#5787,.F.);
#7984=ORIENTED_EDGE('',*,*,#6056,.F.);
#7985=ORIENTED_EDGE('',*,*,#5154,.F.);
#7986=ORIENTED_EDGE('',*,*,#6056,.T.);
#7987=ORIENTED_EDGE('',*,*,#5786,.F.);
#7988=ORIENTED_EDGE('',*,*,#6057,.F.);
#7989=ORIENTED_EDGE('',*,*,#5147,.F.);
#7990=ORIENTED_EDGE('',*,*,#6057,.T.);
#7991=ORIENTED_EDGE('',*,*,#5785,.F.);
#7992=ORIENTED_EDGE('',*,*,#6050,.F.);
#7993=ORIENTED_EDGE('',*,*,#5156,.F.);
#7994=ORIENTED_EDGE('',*,*,#6058,.T.);
#7995=ORIENTED_EDGE('',*,*,#5784,.F.);
#7996=ORIENTED_EDGE('',*,*,#6059,.F.);
#7997=ORIENTED_EDGE('',*,*,#5157,.F.);
#7998=ORIENTED_EDGE('',*,*,#6059,.T.);
#7999=ORIENTED_EDGE('',*,*,#5783,.F.);
#8000=ORIENTED_EDGE('',*,*,#6060,.F.);
#8001=ORIENTED_EDGE('',*,*,#5158,.F.);
#8002=ORIENTED_EDGE('',*,*,#6060,.T.);
#8003=ORIENTED_EDGE('',*,*,#5782,.F.);
#8004=ORIENTED_EDGE('',*,*,#6061,.F.);
#8005=ORIENTED_EDGE('',*,*,#5159,.F.);
#8006=ORIENTED_EDGE('',*,*,#6061,.T.);
#8007=ORIENTED_EDGE('',*,*,#5781,.F.);
#8008=ORIENTED_EDGE('',*,*,#6062,.F.);
#8009=ORIENTED_EDGE('',*,*,#5160,.F.);
#8010=ORIENTED_EDGE('',*,*,#6062,.T.);
#8011=ORIENTED_EDGE('',*,*,#5780,.F.);
#8012=ORIENTED_EDGE('',*,*,#6063,.F.);
#8013=ORIENTED_EDGE('',*,*,#5161,.F.);
#8014=ORIENTED_EDGE('',*,*,#6063,.T.);
#8015=ORIENTED_EDGE('',*,*,#5779,.F.);
#8016=ORIENTED_EDGE('',*,*,#6064,.F.);
#8017=ORIENTED_EDGE('',*,*,#5162,.F.);
#8018=ORIENTED_EDGE('',*,*,#6064,.T.);
#8019=ORIENTED_EDGE('',*,*,#5778,.F.);
#8020=ORIENTED_EDGE('',*,*,#6065,.F.);
#8021=ORIENTED_EDGE('',*,*,#5155,.F.);
#8022=ORIENTED_EDGE('',*,*,#6065,.T.);
#8023=ORIENTED_EDGE('',*,*,#5777,.F.);
#8024=ORIENTED_EDGE('',*,*,#6058,.F.);
#8025=ORIENTED_EDGE('',*,*,#5164,.F.);
#8026=ORIENTED_EDGE('',*,*,#6066,.T.);
#8027=ORIENTED_EDGE('',*,*,#5776,.F.);
#8028=ORIENTED_EDGE('',*,*,#6067,.F.);
#8029=ORIENTED_EDGE('',*,*,#5165,.F.);
#8030=ORIENTED_EDGE('',*,*,#6067,.T.);
#8031=ORIENTED_EDGE('',*,*,#5775,.F.);
#8032=ORIENTED_EDGE('',*,*,#6068,.F.);
#8033=ORIENTED_EDGE('',*,*,#5166,.F.);
#8034=ORIENTED_EDGE('',*,*,#6068,.T.);
#8035=ORIENTED_EDGE('',*,*,#5774,.F.);
#8036=ORIENTED_EDGE('',*,*,#6069,.F.);
#8037=ORIENTED_EDGE('',*,*,#5167,.F.);
#8038=ORIENTED_EDGE('',*,*,#6069,.T.);
#8039=ORIENTED_EDGE('',*,*,#5773,.F.);
#8040=ORIENTED_EDGE('',*,*,#6070,.F.);
#8041=ORIENTED_EDGE('',*,*,#5168,.F.);
#8042=ORIENTED_EDGE('',*,*,#6070,.T.);
#8043=ORIENTED_EDGE('',*,*,#5772,.F.);
#8044=ORIENTED_EDGE('',*,*,#6071,.F.);
#8045=ORIENTED_EDGE('',*,*,#5169,.F.);
#8046=ORIENTED_EDGE('',*,*,#6071,.T.);
#8047=ORIENTED_EDGE('',*,*,#5771,.F.);
#8048=ORIENTED_EDGE('',*,*,#6072,.F.);
#8049=ORIENTED_EDGE('',*,*,#5170,.F.);
#8050=ORIENTED_EDGE('',*,*,#6072,.T.);
#8051=ORIENTED_EDGE('',*,*,#5770,.F.);
#8052=ORIENTED_EDGE('',*,*,#6073,.F.);
#8053=ORIENTED_EDGE('',*,*,#5163,.F.);
#8054=ORIENTED_EDGE('',*,*,#6073,.T.);
#8055=ORIENTED_EDGE('',*,*,#5769,.F.);
#8056=ORIENTED_EDGE('',*,*,#6066,.F.);
#8057=ORIENTED_EDGE('',*,*,#5172,.F.);
#8058=ORIENTED_EDGE('',*,*,#6074,.T.);
#8059=ORIENTED_EDGE('',*,*,#5768,.F.);
#8060=ORIENTED_EDGE('',*,*,#6075,.F.);
#8061=ORIENTED_EDGE('',*,*,#5173,.F.);
#8062=ORIENTED_EDGE('',*,*,#6075,.T.);
#8063=ORIENTED_EDGE('',*,*,#5767,.F.);
#8064=ORIENTED_EDGE('',*,*,#6076,.F.);
#8065=ORIENTED_EDGE('',*,*,#5174,.F.);
#8066=ORIENTED_EDGE('',*,*,#6076,.T.);
#8067=ORIENTED_EDGE('',*,*,#5766,.F.);
#8068=ORIENTED_EDGE('',*,*,#6077,.F.);
#8069=ORIENTED_EDGE('',*,*,#5175,.F.);
#8070=ORIENTED_EDGE('',*,*,#6077,.T.);
#8071=ORIENTED_EDGE('',*,*,#5765,.F.);
#8072=ORIENTED_EDGE('',*,*,#6078,.F.);
#8073=ORIENTED_EDGE('',*,*,#5176,.F.);
#8074=ORIENTED_EDGE('',*,*,#6078,.T.);
#8075=ORIENTED_EDGE('',*,*,#5764,.F.);
#8076=ORIENTED_EDGE('',*,*,#6079,.F.);
#8077=ORIENTED_EDGE('',*,*,#5177,.F.);
#8078=ORIENTED_EDGE('',*,*,#6079,.T.);
#8079=ORIENTED_EDGE('',*,*,#5763,.F.);
#8080=ORIENTED_EDGE('',*,*,#6080,.F.);
#8081=ORIENTED_EDGE('',*,*,#5178,.F.);
#8082=ORIENTED_EDGE('',*,*,#6080,.T.);
#8083=ORIENTED_EDGE('',*,*,#5762,.F.);
#8084=ORIENTED_EDGE('',*,*,#6081,.F.);
#8085=ORIENTED_EDGE('',*,*,#5171,.F.);
#8086=ORIENTED_EDGE('',*,*,#6081,.T.);
#8087=ORIENTED_EDGE('',*,*,#5761,.F.);
#8088=ORIENTED_EDGE('',*,*,#6074,.F.);
#8089=ORIENTED_EDGE('',*,*,#5180,.F.);
#8090=ORIENTED_EDGE('',*,*,#6082,.T.);
#8091=ORIENTED_EDGE('',*,*,#5760,.F.);
#8092=ORIENTED_EDGE('',*,*,#6083,.F.);
#8093=ORIENTED_EDGE('',*,*,#5181,.F.);
#8094=ORIENTED_EDGE('',*,*,#6083,.T.);
#8095=ORIENTED_EDGE('',*,*,#5759,.F.);
#8096=ORIENTED_EDGE('',*,*,#6084,.F.);
#8097=ORIENTED_EDGE('',*,*,#5182,.F.);
#8098=ORIENTED_EDGE('',*,*,#6084,.T.);
#8099=ORIENTED_EDGE('',*,*,#5758,.F.);
#8100=ORIENTED_EDGE('',*,*,#6085,.F.);
#8101=ORIENTED_EDGE('',*,*,#5183,.F.);
#8102=ORIENTED_EDGE('',*,*,#6085,.T.);
#8103=ORIENTED_EDGE('',*,*,#5757,.F.);
#8104=ORIENTED_EDGE('',*,*,#6086,.F.);
#8105=ORIENTED_EDGE('',*,*,#5184,.F.);
#8106=ORIENTED_EDGE('',*,*,#6086,.T.);
#8107=ORIENTED_EDGE('',*,*,#5756,.F.);
#8108=ORIENTED_EDGE('',*,*,#6087,.F.);
#8109=ORIENTED_EDGE('',*,*,#5185,.F.);
#8110=ORIENTED_EDGE('',*,*,#6087,.T.);
#8111=ORIENTED_EDGE('',*,*,#5755,.F.);
#8112=ORIENTED_EDGE('',*,*,#6088,.F.);
#8113=ORIENTED_EDGE('',*,*,#5186,.F.);
#8114=ORIENTED_EDGE('',*,*,#6088,.T.);
#8115=ORIENTED_EDGE('',*,*,#5754,.F.);
#8116=ORIENTED_EDGE('',*,*,#6089,.F.);
#8117=ORIENTED_EDGE('',*,*,#5179,.F.);
#8118=ORIENTED_EDGE('',*,*,#6089,.T.);
#8119=ORIENTED_EDGE('',*,*,#5753,.F.);
#8120=ORIENTED_EDGE('',*,*,#6082,.F.);
#8121=ORIENTED_EDGE('',*,*,#5188,.F.);
#8122=ORIENTED_EDGE('',*,*,#6090,.T.);
#8123=ORIENTED_EDGE('',*,*,#5752,.F.);
#8124=ORIENTED_EDGE('',*,*,#6091,.F.);
#8125=ORIENTED_EDGE('',*,*,#5189,.F.);
#8126=ORIENTED_EDGE('',*,*,#6091,.T.);
#8127=ORIENTED_EDGE('',*,*,#5751,.F.);
#8128=ORIENTED_EDGE('',*,*,#6092,.F.);
#8129=ORIENTED_EDGE('',*,*,#5190,.F.);
#8130=ORIENTED_EDGE('',*,*,#6092,.T.);
#8131=ORIENTED_EDGE('',*,*,#5750,.F.);
#8132=ORIENTED_EDGE('',*,*,#6093,.F.);
#8133=ORIENTED_EDGE('',*,*,#5191,.F.);
#8134=ORIENTED_EDGE('',*,*,#6093,.T.);
#8135=ORIENTED_EDGE('',*,*,#5749,.F.);
#8136=ORIENTED_EDGE('',*,*,#6094,.F.);
#8137=ORIENTED_EDGE('',*,*,#5192,.F.);
#8138=ORIENTED_EDGE('',*,*,#6094,.T.);
#8139=ORIENTED_EDGE('',*,*,#5748,.F.);
#8140=ORIENTED_EDGE('',*,*,#6095,.F.);
#8141=ORIENTED_EDGE('',*,*,#5193,.F.);
#8142=ORIENTED_EDGE('',*,*,#6095,.T.);
#8143=ORIENTED_EDGE('',*,*,#5747,.F.);
#8144=ORIENTED_EDGE('',*,*,#6096,.F.);
#8145=ORIENTED_EDGE('',*,*,#5194,.F.);
#8146=ORIENTED_EDGE('',*,*,#6096,.T.);
#8147=ORIENTED_EDGE('',*,*,#5746,.F.);
#8148=ORIENTED_EDGE('',*,*,#6097,.F.);
#8149=ORIENTED_EDGE('',*,*,#5187,.F.);
#8150=ORIENTED_EDGE('',*,*,#6097,.T.);
#8151=ORIENTED_EDGE('',*,*,#5745,.F.);
#8152=ORIENTED_EDGE('',*,*,#6090,.F.);
#8153=ORIENTED_EDGE('',*,*,#5196,.F.);
#8154=ORIENTED_EDGE('',*,*,#6098,.T.);
#8155=ORIENTED_EDGE('',*,*,#5744,.F.);
#8156=ORIENTED_EDGE('',*,*,#6099,.F.);
#8157=ORIENTED_EDGE('',*,*,#5197,.F.);
#8158=ORIENTED_EDGE('',*,*,#6099,.T.);
#8159=ORIENTED_EDGE('',*,*,#5743,.F.);
#8160=ORIENTED_EDGE('',*,*,#6100,.F.);
#8161=ORIENTED_EDGE('',*,*,#5198,.F.);
#8162=ORIENTED_EDGE('',*,*,#6100,.T.);
#8163=ORIENTED_EDGE('',*,*,#5742,.F.);
#8164=ORIENTED_EDGE('',*,*,#6101,.F.);
#8165=ORIENTED_EDGE('',*,*,#5199,.F.);
#8166=ORIENTED_EDGE('',*,*,#6101,.T.);
#8167=ORIENTED_EDGE('',*,*,#5741,.F.);
#8168=ORIENTED_EDGE('',*,*,#6102,.F.);
#8169=ORIENTED_EDGE('',*,*,#5200,.F.);
#8170=ORIENTED_EDGE('',*,*,#6102,.T.);
#8171=ORIENTED_EDGE('',*,*,#5740,.F.);
#8172=ORIENTED_EDGE('',*,*,#6103,.F.);
#8173=ORIENTED_EDGE('',*,*,#5201,.F.);
#8174=ORIENTED_EDGE('',*,*,#6103,.T.);
#8175=ORIENTED_EDGE('',*,*,#5739,.F.);
#8176=ORIENTED_EDGE('',*,*,#6104,.F.);
#8177=ORIENTED_EDGE('',*,*,#5202,.F.);
#8178=ORIENTED_EDGE('',*,*,#6104,.T.);
#8179=ORIENTED_EDGE('',*,*,#5738,.F.);
#8180=ORIENTED_EDGE('',*,*,#6105,.F.);
#8181=ORIENTED_EDGE('',*,*,#5195,.F.);
#8182=ORIENTED_EDGE('',*,*,#6105,.T.);
#8183=ORIENTED_EDGE('',*,*,#5737,.F.);
#8184=ORIENTED_EDGE('',*,*,#6098,.F.);
#8185=ORIENTED_EDGE('',*,*,#5204,.F.);
#8186=ORIENTED_EDGE('',*,*,#6106,.T.);
#8187=ORIENTED_EDGE('',*,*,#5736,.F.);
#8188=ORIENTED_EDGE('',*,*,#6107,.F.);
#8189=ORIENTED_EDGE('',*,*,#5205,.F.);
#8190=ORIENTED_EDGE('',*,*,#6107,.T.);
#8191=ORIENTED_EDGE('',*,*,#5735,.F.);
#8192=ORIENTED_EDGE('',*,*,#6108,.F.);
#8193=ORIENTED_EDGE('',*,*,#5206,.F.);
#8194=ORIENTED_EDGE('',*,*,#6108,.T.);
#8195=ORIENTED_EDGE('',*,*,#5734,.F.);
#8196=ORIENTED_EDGE('',*,*,#6109,.F.);
#8197=ORIENTED_EDGE('',*,*,#5207,.F.);
#8198=ORIENTED_EDGE('',*,*,#6109,.T.);
#8199=ORIENTED_EDGE('',*,*,#5733,.F.);
#8200=ORIENTED_EDGE('',*,*,#6110,.F.);
#8201=ORIENTED_EDGE('',*,*,#5208,.F.);
#8202=ORIENTED_EDGE('',*,*,#6110,.T.);
#8203=ORIENTED_EDGE('',*,*,#5732,.F.);
#8204=ORIENTED_EDGE('',*,*,#6111,.F.);
#8205=ORIENTED_EDGE('',*,*,#5209,.F.);
#8206=ORIENTED_EDGE('',*,*,#6111,.T.);
#8207=ORIENTED_EDGE('',*,*,#5731,.F.);
#8208=ORIENTED_EDGE('',*,*,#6112,.F.);
#8209=ORIENTED_EDGE('',*,*,#5210,.F.);
#8210=ORIENTED_EDGE('',*,*,#6112,.T.);
#8211=ORIENTED_EDGE('',*,*,#5730,.F.);
#8212=ORIENTED_EDGE('',*,*,#6113,.F.);
#8213=ORIENTED_EDGE('',*,*,#5203,.F.);
#8214=ORIENTED_EDGE('',*,*,#6113,.T.);
#8215=ORIENTED_EDGE('',*,*,#5729,.F.);
#8216=ORIENTED_EDGE('',*,*,#6106,.F.);
#8217=ORIENTED_EDGE('',*,*,#5212,.F.);
#8218=ORIENTED_EDGE('',*,*,#6114,.T.);
#8219=ORIENTED_EDGE('',*,*,#5728,.F.);
#8220=ORIENTED_EDGE('',*,*,#6115,.F.);
#8221=ORIENTED_EDGE('',*,*,#5213,.F.);
#8222=ORIENTED_EDGE('',*,*,#6115,.T.);
#8223=ORIENTED_EDGE('',*,*,#5727,.F.);
#8224=ORIENTED_EDGE('',*,*,#6116,.F.);
#8225=ORIENTED_EDGE('',*,*,#5214,.F.);
#8226=ORIENTED_EDGE('',*,*,#6116,.T.);
#8227=ORIENTED_EDGE('',*,*,#5726,.F.);
#8228=ORIENTED_EDGE('',*,*,#6117,.F.);
#8229=ORIENTED_EDGE('',*,*,#5215,.F.);
#8230=ORIENTED_EDGE('',*,*,#6117,.T.);
#8231=ORIENTED_EDGE('',*,*,#5725,.F.);
#8232=ORIENTED_EDGE('',*,*,#6118,.F.);
#8233=ORIENTED_EDGE('',*,*,#5216,.F.);
#8234=ORIENTED_EDGE('',*,*,#6118,.T.);
#8235=ORIENTED_EDGE('',*,*,#5724,.F.);
#8236=ORIENTED_EDGE('',*,*,#6119,.F.);
#8237=ORIENTED_EDGE('',*,*,#5217,.F.);
#8238=ORIENTED_EDGE('',*,*,#6119,.T.);
#8239=ORIENTED_EDGE('',*,*,#5723,.F.);
#8240=ORIENTED_EDGE('',*,*,#6120,.F.);
#8241=ORIENTED_EDGE('',*,*,#5218,.F.);
#8242=ORIENTED_EDGE('',*,*,#6120,.T.);
#8243=ORIENTED_EDGE('',*,*,#5722,.F.);
#8244=ORIENTED_EDGE('',*,*,#6121,.F.);
#8245=ORIENTED_EDGE('',*,*,#5211,.F.);
#8246=ORIENTED_EDGE('',*,*,#6121,.T.);
#8247=ORIENTED_EDGE('',*,*,#5721,.F.);
#8248=ORIENTED_EDGE('',*,*,#6114,.F.);
#8249=ORIENTED_EDGE('',*,*,#5720,.F.);
#8250=ORIENTED_EDGE('',*,*,#6122,.T.);
#8251=ORIENTED_EDGE('',*,*,#5219,.F.);
#8252=ORIENTED_EDGE('',*,*,#6122,.F.);
#8253=ORIENTED_EDGE('',*,*,#5221,.F.);
#8254=ORIENTED_EDGE('',*,*,#6123,.T.);
#8255=ORIENTED_EDGE('',*,*,#5719,.F.);
#8256=ORIENTED_EDGE('',*,*,#6124,.F.);
#8257=ORIENTED_EDGE('',*,*,#5222,.F.);
#8258=ORIENTED_EDGE('',*,*,#6124,.T.);
#8259=ORIENTED_EDGE('',*,*,#5718,.F.);
#8260=ORIENTED_EDGE('',*,*,#6125,.F.);
#8261=ORIENTED_EDGE('',*,*,#5223,.F.);
#8262=ORIENTED_EDGE('',*,*,#6125,.T.);
#8263=ORIENTED_EDGE('',*,*,#5717,.F.);
#8264=ORIENTED_EDGE('',*,*,#6126,.F.);
#8265=ORIENTED_EDGE('',*,*,#5224,.F.);
#8266=ORIENTED_EDGE('',*,*,#6126,.T.);
#8267=ORIENTED_EDGE('',*,*,#5716,.F.);
#8268=ORIENTED_EDGE('',*,*,#6127,.F.);
#8269=ORIENTED_EDGE('',*,*,#5225,.F.);
#8270=ORIENTED_EDGE('',*,*,#6127,.T.);
#8271=ORIENTED_EDGE('',*,*,#5715,.F.);
#8272=ORIENTED_EDGE('',*,*,#6128,.F.);
#8273=ORIENTED_EDGE('',*,*,#5226,.F.);
#8274=ORIENTED_EDGE('',*,*,#6128,.T.);
#8275=ORIENTED_EDGE('',*,*,#5714,.F.);
#8276=ORIENTED_EDGE('',*,*,#6129,.F.);
#8277=ORIENTED_EDGE('',*,*,#5227,.F.);
#8278=ORIENTED_EDGE('',*,*,#6129,.T.);
#8279=ORIENTED_EDGE('',*,*,#5713,.F.);
#8280=ORIENTED_EDGE('',*,*,#6130,.F.);
#8281=ORIENTED_EDGE('',*,*,#5220,.F.);
#8282=ORIENTED_EDGE('',*,*,#6130,.T.);
#8283=ORIENTED_EDGE('',*,*,#5712,.F.);
#8284=ORIENTED_EDGE('',*,*,#6123,.F.);
#8285=ORIENTED_EDGE('',*,*,#5229,.F.);
#8286=ORIENTED_EDGE('',*,*,#6131,.T.);
#8287=ORIENTED_EDGE('',*,*,#5711,.F.);
#8288=ORIENTED_EDGE('',*,*,#6132,.F.);
#8289=ORIENTED_EDGE('',*,*,#5230,.F.);
#8290=ORIENTED_EDGE('',*,*,#6132,.T.);
#8291=ORIENTED_EDGE('',*,*,#5710,.F.);
#8292=ORIENTED_EDGE('',*,*,#6133,.F.);
#8293=ORIENTED_EDGE('',*,*,#5231,.F.);
#8294=ORIENTED_EDGE('',*,*,#6133,.T.);
#8295=ORIENTED_EDGE('',*,*,#5709,.F.);
#8296=ORIENTED_EDGE('',*,*,#6134,.F.);
#8297=ORIENTED_EDGE('',*,*,#5232,.F.);
#8298=ORIENTED_EDGE('',*,*,#6134,.T.);
#8299=ORIENTED_EDGE('',*,*,#5708,.F.);
#8300=ORIENTED_EDGE('',*,*,#6135,.F.);
#8301=ORIENTED_EDGE('',*,*,#5233,.F.);
#8302=ORIENTED_EDGE('',*,*,#6135,.T.);
#8303=ORIENTED_EDGE('',*,*,#5707,.F.);
#8304=ORIENTED_EDGE('',*,*,#6136,.F.);
#8305=ORIENTED_EDGE('',*,*,#5234,.F.);
#8306=ORIENTED_EDGE('',*,*,#6136,.T.);
#8307=ORIENTED_EDGE('',*,*,#5706,.F.);
#8308=ORIENTED_EDGE('',*,*,#6137,.F.);
#8309=ORIENTED_EDGE('',*,*,#5235,.F.);
#8310=ORIENTED_EDGE('',*,*,#6137,.T.);
#8311=ORIENTED_EDGE('',*,*,#5705,.F.);
#8312=ORIENTED_EDGE('',*,*,#6138,.F.);
#8313=ORIENTED_EDGE('',*,*,#5228,.F.);
#8314=ORIENTED_EDGE('',*,*,#6138,.T.);
#8315=ORIENTED_EDGE('',*,*,#5704,.F.);
#8316=ORIENTED_EDGE('',*,*,#6131,.F.);
#8317=ORIENTED_EDGE('',*,*,#5237,.F.);
#8318=ORIENTED_EDGE('',*,*,#6139,.T.);
#8319=ORIENTED_EDGE('',*,*,#5703,.F.);
#8320=ORIENTED_EDGE('',*,*,#6140,.F.);
#8321=ORIENTED_EDGE('',*,*,#5238,.F.);
#8322=ORIENTED_EDGE('',*,*,#6140,.T.);
#8323=ORIENTED_EDGE('',*,*,#5702,.F.);
#8324=ORIENTED_EDGE('',*,*,#6141,.F.);
#8325=ORIENTED_EDGE('',*,*,#5239,.F.);
#8326=ORIENTED_EDGE('',*,*,#6141,.T.);
#8327=ORIENTED_EDGE('',*,*,#5701,.F.);
#8328=ORIENTED_EDGE('',*,*,#6142,.F.);
#8329=ORIENTED_EDGE('',*,*,#5240,.F.);
#8330=ORIENTED_EDGE('',*,*,#6142,.T.);
#8331=ORIENTED_EDGE('',*,*,#5700,.F.);
#8332=ORIENTED_EDGE('',*,*,#6143,.F.);
#8333=ORIENTED_EDGE('',*,*,#5241,.F.);
#8334=ORIENTED_EDGE('',*,*,#6143,.T.);
#8335=ORIENTED_EDGE('',*,*,#5699,.F.);
#8336=ORIENTED_EDGE('',*,*,#6144,.F.);
#8337=ORIENTED_EDGE('',*,*,#5242,.F.);
#8338=ORIENTED_EDGE('',*,*,#6144,.T.);
#8339=ORIENTED_EDGE('',*,*,#5698,.F.);
#8340=ORIENTED_EDGE('',*,*,#6145,.F.);
#8341=ORIENTED_EDGE('',*,*,#5243,.F.);
#8342=ORIENTED_EDGE('',*,*,#6145,.T.);
#8343=ORIENTED_EDGE('',*,*,#5697,.F.);
#8344=ORIENTED_EDGE('',*,*,#6146,.F.);
#8345=ORIENTED_EDGE('',*,*,#5236,.F.);
#8346=ORIENTED_EDGE('',*,*,#6146,.T.);
#8347=ORIENTED_EDGE('',*,*,#5696,.F.);
#8348=ORIENTED_EDGE('',*,*,#6139,.F.);
#8349=ORIENTED_EDGE('',*,*,#5245,.F.);
#8350=ORIENTED_EDGE('',*,*,#6147,.T.);
#8351=ORIENTED_EDGE('',*,*,#5695,.F.);
#8352=ORIENTED_EDGE('',*,*,#6148,.F.);
#8353=ORIENTED_EDGE('',*,*,#5246,.F.);
#8354=ORIENTED_EDGE('',*,*,#6148,.T.);
#8355=ORIENTED_EDGE('',*,*,#5694,.F.);
#8356=ORIENTED_EDGE('',*,*,#6149,.F.);
#8357=ORIENTED_EDGE('',*,*,#5247,.F.);
#8358=ORIENTED_EDGE('',*,*,#6149,.T.);
#8359=ORIENTED_EDGE('',*,*,#5693,.F.);
#8360=ORIENTED_EDGE('',*,*,#6150,.F.);
#8361=ORIENTED_EDGE('',*,*,#5248,.F.);
#8362=ORIENTED_EDGE('',*,*,#6150,.T.);
#8363=ORIENTED_EDGE('',*,*,#5692,.F.);
#8364=ORIENTED_EDGE('',*,*,#6151,.F.);
#8365=ORIENTED_EDGE('',*,*,#5249,.F.);
#8366=ORIENTED_EDGE('',*,*,#6151,.T.);
#8367=ORIENTED_EDGE('',*,*,#5691,.F.);
#8368=ORIENTED_EDGE('',*,*,#6152,.F.);
#8369=ORIENTED_EDGE('',*,*,#5250,.F.);
#8370=ORIENTED_EDGE('',*,*,#6152,.T.);
#8371=ORIENTED_EDGE('',*,*,#5690,.F.);
#8372=ORIENTED_EDGE('',*,*,#6153,.F.);
#8373=ORIENTED_EDGE('',*,*,#5251,.F.);
#8374=ORIENTED_EDGE('',*,*,#6153,.T.);
#8375=ORIENTED_EDGE('',*,*,#5689,.F.);
#8376=ORIENTED_EDGE('',*,*,#6154,.F.);
#8377=ORIENTED_EDGE('',*,*,#5244,.F.);
#8378=ORIENTED_EDGE('',*,*,#6154,.T.);
#8379=ORIENTED_EDGE('',*,*,#5688,.F.);
#8380=ORIENTED_EDGE('',*,*,#6147,.F.);
#8381=ORIENTED_EDGE('',*,*,#5253,.F.);
#8382=ORIENTED_EDGE('',*,*,#6155,.T.);
#8383=ORIENTED_EDGE('',*,*,#5687,.F.);
#8384=ORIENTED_EDGE('',*,*,#6156,.F.);
#8385=ORIENTED_EDGE('',*,*,#5254,.F.);
#8386=ORIENTED_EDGE('',*,*,#6156,.T.);
#8387=ORIENTED_EDGE('',*,*,#5686,.F.);
#8388=ORIENTED_EDGE('',*,*,#6157,.F.);
#8389=ORIENTED_EDGE('',*,*,#5255,.F.);
#8390=ORIENTED_EDGE('',*,*,#6157,.T.);
#8391=ORIENTED_EDGE('',*,*,#5685,.F.);
#8392=ORIENTED_EDGE('',*,*,#6158,.F.);
#8393=ORIENTED_EDGE('',*,*,#5256,.F.);
#8394=ORIENTED_EDGE('',*,*,#6158,.T.);
#8395=ORIENTED_EDGE('',*,*,#5684,.F.);
#8396=ORIENTED_EDGE('',*,*,#6159,.F.);
#8397=ORIENTED_EDGE('',*,*,#5257,.F.);
#8398=ORIENTED_EDGE('',*,*,#6159,.T.);
#8399=ORIENTED_EDGE('',*,*,#5683,.F.);
#8400=ORIENTED_EDGE('',*,*,#6160,.F.);
#8401=ORIENTED_EDGE('',*,*,#5258,.F.);
#8402=ORIENTED_EDGE('',*,*,#6160,.T.);
#8403=ORIENTED_EDGE('',*,*,#5682,.F.);
#8404=ORIENTED_EDGE('',*,*,#6161,.F.);
#8405=ORIENTED_EDGE('',*,*,#5259,.F.);
#8406=ORIENTED_EDGE('',*,*,#6161,.T.);
#8407=ORIENTED_EDGE('',*,*,#5681,.F.);
#8408=ORIENTED_EDGE('',*,*,#6162,.F.);
#8409=ORIENTED_EDGE('',*,*,#5252,.F.);
#8410=ORIENTED_EDGE('',*,*,#6162,.T.);
#8411=ORIENTED_EDGE('',*,*,#5680,.F.);
#8412=ORIENTED_EDGE('',*,*,#6155,.F.);
#8413=ORIENTED_EDGE('',*,*,#5261,.F.);
#8414=ORIENTED_EDGE('',*,*,#6163,.T.);
#8415=ORIENTED_EDGE('',*,*,#5679,.F.);
#8416=ORIENTED_EDGE('',*,*,#6164,.F.);
#8417=ORIENTED_EDGE('',*,*,#5262,.F.);
#8418=ORIENTED_EDGE('',*,*,#6164,.T.);
#8419=ORIENTED_EDGE('',*,*,#5678,.F.);
#8420=ORIENTED_EDGE('',*,*,#6165,.F.);
#8421=ORIENTED_EDGE('',*,*,#5263,.F.);
#8422=ORIENTED_EDGE('',*,*,#6165,.T.);
#8423=ORIENTED_EDGE('',*,*,#5677,.F.);
#8424=ORIENTED_EDGE('',*,*,#6166,.F.);
#8425=ORIENTED_EDGE('',*,*,#5264,.F.);
#8426=ORIENTED_EDGE('',*,*,#6166,.T.);
#8427=ORIENTED_EDGE('',*,*,#5676,.F.);
#8428=ORIENTED_EDGE('',*,*,#6167,.F.);
#8429=ORIENTED_EDGE('',*,*,#5265,.F.);
#8430=ORIENTED_EDGE('',*,*,#6167,.T.);
#8431=ORIENTED_EDGE('',*,*,#5675,.F.);
#8432=ORIENTED_EDGE('',*,*,#6168,.F.);
#8433=ORIENTED_EDGE('',*,*,#5266,.F.);
#8434=ORIENTED_EDGE('',*,*,#6168,.T.);
#8435=ORIENTED_EDGE('',*,*,#5674,.F.);
#8436=ORIENTED_EDGE('',*,*,#6169,.F.);
#8437=ORIENTED_EDGE('',*,*,#5267,.F.);
#8438=ORIENTED_EDGE('',*,*,#6169,.T.);
#8439=ORIENTED_EDGE('',*,*,#5673,.F.);
#8440=ORIENTED_EDGE('',*,*,#6170,.F.);
#8441=ORIENTED_EDGE('',*,*,#5260,.F.);
#8442=ORIENTED_EDGE('',*,*,#6170,.T.);
#8443=ORIENTED_EDGE('',*,*,#5672,.F.);
#8444=ORIENTED_EDGE('',*,*,#6163,.F.);
#8445=ORIENTED_EDGE('',*,*,#5269,.F.);
#8446=ORIENTED_EDGE('',*,*,#6171,.T.);
#8447=ORIENTED_EDGE('',*,*,#5671,.F.);
#8448=ORIENTED_EDGE('',*,*,#6172,.F.);
#8449=ORIENTED_EDGE('',*,*,#5270,.F.);
#8450=ORIENTED_EDGE('',*,*,#6172,.T.);
#8451=ORIENTED_EDGE('',*,*,#5670,.F.);
#8452=ORIENTED_EDGE('',*,*,#6173,.F.);
#8453=ORIENTED_EDGE('',*,*,#5271,.F.);
#8454=ORIENTED_EDGE('',*,*,#6173,.T.);
#8455=ORIENTED_EDGE('',*,*,#5669,.F.);
#8456=ORIENTED_EDGE('',*,*,#6174,.F.);
#8457=ORIENTED_EDGE('',*,*,#5272,.F.);
#8458=ORIENTED_EDGE('',*,*,#6174,.T.);
#8459=ORIENTED_EDGE('',*,*,#5668,.F.);
#8460=ORIENTED_EDGE('',*,*,#6175,.F.);
#8461=ORIENTED_EDGE('',*,*,#5273,.F.);
#8462=ORIENTED_EDGE('',*,*,#6175,.T.);
#8463=ORIENTED_EDGE('',*,*,#5667,.F.);
#8464=ORIENTED_EDGE('',*,*,#6176,.F.);
#8465=ORIENTED_EDGE('',*,*,#5274,.F.);
#8466=ORIENTED_EDGE('',*,*,#6176,.T.);
#8467=ORIENTED_EDGE('',*,*,#5666,.F.);
#8468=ORIENTED_EDGE('',*,*,#6177,.F.);
#8469=ORIENTED_EDGE('',*,*,#5275,.F.);
#8470=ORIENTED_EDGE('',*,*,#6177,.T.);
#8471=ORIENTED_EDGE('',*,*,#5665,.F.);
#8472=ORIENTED_EDGE('',*,*,#6178,.F.);
#8473=ORIENTED_EDGE('',*,*,#5268,.F.);
#8474=ORIENTED_EDGE('',*,*,#6178,.T.);
#8475=ORIENTED_EDGE('',*,*,#5664,.F.);
#8476=ORIENTED_EDGE('',*,*,#6171,.F.);
#8477=ORIENTED_EDGE('',*,*,#5663,.F.);
#8478=ORIENTED_EDGE('',*,*,#6179,.T.);
#8479=ORIENTED_EDGE('',*,*,#5276,.F.);
#8480=ORIENTED_EDGE('',*,*,#6179,.F.);
#8481=ORIENTED_EDGE('',*,*,#5662,.F.);
#8482=ORIENTED_EDGE('',*,*,#6180,.T.);
#8483=ORIENTED_EDGE('',*,*,#5277,.F.);
#8484=ORIENTED_EDGE('',*,*,#6180,.F.);
#8485=ORIENTED_EDGE('',*,*,#5279,.F.);
#8486=ORIENTED_EDGE('',*,*,#6181,.T.);
#8487=ORIENTED_EDGE('',*,*,#5661,.F.);
#8488=ORIENTED_EDGE('',*,*,#6182,.F.);
#8489=ORIENTED_EDGE('',*,*,#5280,.F.);
#8490=ORIENTED_EDGE('',*,*,#6182,.T.);
#8491=ORIENTED_EDGE('',*,*,#5660,.F.);
#8492=ORIENTED_EDGE('',*,*,#6183,.F.);
#8493=ORIENTED_EDGE('',*,*,#5281,.F.);
#8494=ORIENTED_EDGE('',*,*,#6183,.T.);
#8495=ORIENTED_EDGE('',*,*,#5659,.F.);
#8496=ORIENTED_EDGE('',*,*,#6184,.F.);
#8497=ORIENTED_EDGE('',*,*,#5282,.F.);
#8498=ORIENTED_EDGE('',*,*,#6184,.T.);
#8499=ORIENTED_EDGE('',*,*,#5658,.F.);
#8500=ORIENTED_EDGE('',*,*,#6185,.F.);
#8501=ORIENTED_EDGE('',*,*,#5283,.F.);
#8502=ORIENTED_EDGE('',*,*,#6185,.T.);
#8503=ORIENTED_EDGE('',*,*,#5657,.F.);
#8504=ORIENTED_EDGE('',*,*,#6186,.F.);
#8505=ORIENTED_EDGE('',*,*,#5284,.F.);
#8506=ORIENTED_EDGE('',*,*,#6186,.T.);
#8507=ORIENTED_EDGE('',*,*,#5656,.F.);
#8508=ORIENTED_EDGE('',*,*,#6187,.F.);
#8509=ORIENTED_EDGE('',*,*,#5285,.F.);
#8510=ORIENTED_EDGE('',*,*,#6187,.T.);
#8511=ORIENTED_EDGE('',*,*,#5655,.F.);
#8512=ORIENTED_EDGE('',*,*,#6188,.F.);
#8513=ORIENTED_EDGE('',*,*,#5278,.F.);
#8514=ORIENTED_EDGE('',*,*,#6188,.T.);
#8515=ORIENTED_EDGE('',*,*,#5654,.F.);
#8516=ORIENTED_EDGE('',*,*,#6181,.F.);
#8517=ORIENTED_EDGE('',*,*,#5287,.F.);
#8518=ORIENTED_EDGE('',*,*,#6189,.T.);
#8519=ORIENTED_EDGE('',*,*,#5653,.F.);
#8520=ORIENTED_EDGE('',*,*,#6190,.F.);
#8521=ORIENTED_EDGE('',*,*,#5288,.F.);
#8522=ORIENTED_EDGE('',*,*,#6190,.T.);
#8523=ORIENTED_EDGE('',*,*,#5652,.F.);
#8524=ORIENTED_EDGE('',*,*,#6191,.F.);
#8525=ORIENTED_EDGE('',*,*,#5289,.F.);
#8526=ORIENTED_EDGE('',*,*,#6191,.T.);
#8527=ORIENTED_EDGE('',*,*,#5651,.F.);
#8528=ORIENTED_EDGE('',*,*,#6192,.F.);
#8529=ORIENTED_EDGE('',*,*,#5290,.F.);
#8530=ORIENTED_EDGE('',*,*,#6192,.T.);
#8531=ORIENTED_EDGE('',*,*,#5650,.F.);
#8532=ORIENTED_EDGE('',*,*,#6193,.F.);
#8533=ORIENTED_EDGE('',*,*,#5291,.F.);
#8534=ORIENTED_EDGE('',*,*,#6193,.T.);
#8535=ORIENTED_EDGE('',*,*,#5649,.F.);
#8536=ORIENTED_EDGE('',*,*,#6194,.F.);
#8537=ORIENTED_EDGE('',*,*,#5292,.F.);
#8538=ORIENTED_EDGE('',*,*,#6194,.T.);
#8539=ORIENTED_EDGE('',*,*,#5648,.F.);
#8540=ORIENTED_EDGE('',*,*,#6195,.F.);
#8541=ORIENTED_EDGE('',*,*,#5293,.F.);
#8542=ORIENTED_EDGE('',*,*,#6195,.T.);
#8543=ORIENTED_EDGE('',*,*,#5647,.F.);
#8544=ORIENTED_EDGE('',*,*,#6196,.F.);
#8545=ORIENTED_EDGE('',*,*,#5286,.F.);
#8546=ORIENTED_EDGE('',*,*,#6196,.T.);
#8547=ORIENTED_EDGE('',*,*,#5646,.F.);
#8548=ORIENTED_EDGE('',*,*,#6189,.F.);
#8549=ORIENTED_EDGE('',*,*,#5295,.F.);
#8550=ORIENTED_EDGE('',*,*,#6197,.T.);
#8551=ORIENTED_EDGE('',*,*,#5645,.F.);
#8552=ORIENTED_EDGE('',*,*,#6198,.F.);
#8553=ORIENTED_EDGE('',*,*,#5296,.F.);
#8554=ORIENTED_EDGE('',*,*,#6198,.T.);
#8555=ORIENTED_EDGE('',*,*,#5644,.F.);
#8556=ORIENTED_EDGE('',*,*,#6199,.F.);
#8557=ORIENTED_EDGE('',*,*,#5297,.F.);
#8558=ORIENTED_EDGE('',*,*,#6199,.T.);
#8559=ORIENTED_EDGE('',*,*,#5643,.F.);
#8560=ORIENTED_EDGE('',*,*,#6200,.F.);
#8561=ORIENTED_EDGE('',*,*,#5298,.F.);
#8562=ORIENTED_EDGE('',*,*,#6200,.T.);
#8563=ORIENTED_EDGE('',*,*,#5642,.F.);
#8564=ORIENTED_EDGE('',*,*,#6201,.F.);
#8565=ORIENTED_EDGE('',*,*,#5299,.F.);
#8566=ORIENTED_EDGE('',*,*,#6201,.T.);
#8567=ORIENTED_EDGE('',*,*,#5641,.F.);
#8568=ORIENTED_EDGE('',*,*,#6202,.F.);
#8569=ORIENTED_EDGE('',*,*,#5300,.F.);
#8570=ORIENTED_EDGE('',*,*,#6202,.T.);
#8571=ORIENTED_EDGE('',*,*,#5640,.F.);
#8572=ORIENTED_EDGE('',*,*,#6203,.F.);
#8573=ORIENTED_EDGE('',*,*,#5301,.F.);
#8574=ORIENTED_EDGE('',*,*,#6203,.T.);
#8575=ORIENTED_EDGE('',*,*,#5639,.F.);
#8576=ORIENTED_EDGE('',*,*,#6204,.F.);
#8577=ORIENTED_EDGE('',*,*,#5294,.F.);
#8578=ORIENTED_EDGE('',*,*,#6204,.T.);
#8579=ORIENTED_EDGE('',*,*,#5638,.F.);
#8580=ORIENTED_EDGE('',*,*,#6197,.F.);
#8581=ORIENTED_EDGE('',*,*,#5303,.F.);
#8582=ORIENTED_EDGE('',*,*,#6205,.T.);
#8583=ORIENTED_EDGE('',*,*,#5637,.F.);
#8584=ORIENTED_EDGE('',*,*,#6206,.F.);
#8585=ORIENTED_EDGE('',*,*,#5304,.F.);
#8586=ORIENTED_EDGE('',*,*,#6206,.T.);
#8587=ORIENTED_EDGE('',*,*,#5636,.F.);
#8588=ORIENTED_EDGE('',*,*,#6207,.F.);
#8589=ORIENTED_EDGE('',*,*,#5305,.F.);
#8590=ORIENTED_EDGE('',*,*,#6207,.T.);
#8591=ORIENTED_EDGE('',*,*,#5635,.F.);
#8592=ORIENTED_EDGE('',*,*,#6208,.F.);
#8593=ORIENTED_EDGE('',*,*,#5306,.F.);
#8594=ORIENTED_EDGE('',*,*,#6208,.T.);
#8595=ORIENTED_EDGE('',*,*,#5634,.F.);
#8596=ORIENTED_EDGE('',*,*,#6209,.F.);
#8597=ORIENTED_EDGE('',*,*,#5307,.F.);
#8598=ORIENTED_EDGE('',*,*,#6209,.T.);
#8599=ORIENTED_EDGE('',*,*,#5633,.F.);
#8600=ORIENTED_EDGE('',*,*,#6210,.F.);
#8601=ORIENTED_EDGE('',*,*,#5308,.F.);
#8602=ORIENTED_EDGE('',*,*,#6210,.T.);
#8603=ORIENTED_EDGE('',*,*,#5632,.F.);
#8604=ORIENTED_EDGE('',*,*,#6211,.F.);
#8605=ORIENTED_EDGE('',*,*,#5309,.F.);
#8606=ORIENTED_EDGE('',*,*,#6211,.T.);
#8607=ORIENTED_EDGE('',*,*,#5631,.F.);
#8608=ORIENTED_EDGE('',*,*,#6212,.F.);
#8609=ORIENTED_EDGE('',*,*,#5302,.F.);
#8610=ORIENTED_EDGE('',*,*,#6212,.T.);
#8611=ORIENTED_EDGE('',*,*,#5630,.F.);
#8612=ORIENTED_EDGE('',*,*,#6205,.F.);
#8613=ORIENTED_EDGE('',*,*,#5311,.F.);
#8614=ORIENTED_EDGE('',*,*,#6213,.T.);
#8615=ORIENTED_EDGE('',*,*,#5629,.F.);
#8616=ORIENTED_EDGE('',*,*,#6214,.F.);
#8617=ORIENTED_EDGE('',*,*,#5312,.F.);
#8618=ORIENTED_EDGE('',*,*,#6214,.T.);
#8619=ORIENTED_EDGE('',*,*,#5628,.F.);
#8620=ORIENTED_EDGE('',*,*,#6215,.F.);
#8621=ORIENTED_EDGE('',*,*,#5313,.F.);
#8622=ORIENTED_EDGE('',*,*,#6215,.T.);
#8623=ORIENTED_EDGE('',*,*,#5627,.F.);
#8624=ORIENTED_EDGE('',*,*,#6216,.F.);
#8625=ORIENTED_EDGE('',*,*,#5314,.F.);
#8626=ORIENTED_EDGE('',*,*,#6216,.T.);
#8627=ORIENTED_EDGE('',*,*,#5626,.F.);
#8628=ORIENTED_EDGE('',*,*,#6217,.F.);
#8629=ORIENTED_EDGE('',*,*,#5315,.F.);
#8630=ORIENTED_EDGE('',*,*,#6217,.T.);
#8631=ORIENTED_EDGE('',*,*,#5625,.F.);
#8632=ORIENTED_EDGE('',*,*,#6218,.F.);
#8633=ORIENTED_EDGE('',*,*,#5316,.F.);
#8634=ORIENTED_EDGE('',*,*,#6218,.T.);
#8635=ORIENTED_EDGE('',*,*,#5624,.F.);
#8636=ORIENTED_EDGE('',*,*,#6219,.F.);
#8637=ORIENTED_EDGE('',*,*,#5317,.F.);
#8638=ORIENTED_EDGE('',*,*,#6219,.T.);
#8639=ORIENTED_EDGE('',*,*,#5623,.F.);
#8640=ORIENTED_EDGE('',*,*,#6220,.F.);
#8641=ORIENTED_EDGE('',*,*,#5310,.F.);
#8642=ORIENTED_EDGE('',*,*,#6220,.T.);
#8643=ORIENTED_EDGE('',*,*,#5622,.F.);
#8644=ORIENTED_EDGE('',*,*,#6213,.F.);
#8645=ORIENTED_EDGE('',*,*,#5319,.F.);
#8646=ORIENTED_EDGE('',*,*,#6221,.T.);
#8647=ORIENTED_EDGE('',*,*,#5621,.F.);
#8648=ORIENTED_EDGE('',*,*,#6222,.F.);
#8649=ORIENTED_EDGE('',*,*,#5320,.F.);
#8650=ORIENTED_EDGE('',*,*,#6222,.T.);
#8651=ORIENTED_EDGE('',*,*,#5620,.F.);
#8652=ORIENTED_EDGE('',*,*,#6223,.F.);
#8653=ORIENTED_EDGE('',*,*,#5321,.F.);
#8654=ORIENTED_EDGE('',*,*,#6223,.T.);
#8655=ORIENTED_EDGE('',*,*,#5619,.F.);
#8656=ORIENTED_EDGE('',*,*,#6224,.F.);
#8657=ORIENTED_EDGE('',*,*,#5322,.F.);
#8658=ORIENTED_EDGE('',*,*,#6224,.T.);
#8659=ORIENTED_EDGE('',*,*,#5618,.F.);
#8660=ORIENTED_EDGE('',*,*,#6225,.F.);
#8661=ORIENTED_EDGE('',*,*,#5323,.F.);
#8662=ORIENTED_EDGE('',*,*,#6225,.T.);
#8663=ORIENTED_EDGE('',*,*,#5617,.F.);
#8664=ORIENTED_EDGE('',*,*,#6226,.F.);
#8665=ORIENTED_EDGE('',*,*,#5324,.F.);
#8666=ORIENTED_EDGE('',*,*,#6226,.T.);
#8667=ORIENTED_EDGE('',*,*,#5616,.F.);
#8668=ORIENTED_EDGE('',*,*,#6227,.F.);
#8669=ORIENTED_EDGE('',*,*,#5325,.F.);
#8670=ORIENTED_EDGE('',*,*,#6227,.T.);
#8671=ORIENTED_EDGE('',*,*,#5615,.F.);
#8672=ORIENTED_EDGE('',*,*,#6228,.F.);
#8673=ORIENTED_EDGE('',*,*,#5318,.F.);
#8674=ORIENTED_EDGE('',*,*,#6228,.T.);
#8675=ORIENTED_EDGE('',*,*,#5614,.F.);
#8676=ORIENTED_EDGE('',*,*,#6221,.F.);
#8677=ORIENTED_EDGE('',*,*,#5327,.F.);
#8678=ORIENTED_EDGE('',*,*,#6229,.T.);
#8679=ORIENTED_EDGE('',*,*,#5613,.F.);
#8680=ORIENTED_EDGE('',*,*,#6230,.F.);
#8681=ORIENTED_EDGE('',*,*,#5328,.F.);
#8682=ORIENTED_EDGE('',*,*,#6230,.T.);
#8683=ORIENTED_EDGE('',*,*,#5612,.F.);
#8684=ORIENTED_EDGE('',*,*,#6231,.F.);
#8685=ORIENTED_EDGE('',*,*,#5329,.F.);
#8686=ORIENTED_EDGE('',*,*,#6231,.T.);
#8687=ORIENTED_EDGE('',*,*,#5611,.F.);
#8688=ORIENTED_EDGE('',*,*,#6232,.F.);
#8689=ORIENTED_EDGE('',*,*,#5330,.F.);
#8690=ORIENTED_EDGE('',*,*,#6232,.T.);
#8691=ORIENTED_EDGE('',*,*,#5610,.F.);
#8692=ORIENTED_EDGE('',*,*,#6233,.F.);
#8693=ORIENTED_EDGE('',*,*,#5331,.F.);
#8694=ORIENTED_EDGE('',*,*,#6233,.T.);
#8695=ORIENTED_EDGE('',*,*,#5609,.F.);
#8696=ORIENTED_EDGE('',*,*,#6234,.F.);
#8697=ORIENTED_EDGE('',*,*,#5332,.F.);
#8698=ORIENTED_EDGE('',*,*,#6234,.T.);
#8699=ORIENTED_EDGE('',*,*,#5608,.F.);
#8700=ORIENTED_EDGE('',*,*,#6235,.F.);
#8701=ORIENTED_EDGE('',*,*,#5333,.F.);
#8702=ORIENTED_EDGE('',*,*,#6235,.T.);
#8703=ORIENTED_EDGE('',*,*,#5607,.F.);
#8704=ORIENTED_EDGE('',*,*,#6236,.F.);
#8705=ORIENTED_EDGE('',*,*,#5326,.F.);
#8706=ORIENTED_EDGE('',*,*,#6236,.T.);
#8707=ORIENTED_EDGE('',*,*,#5606,.F.);
#8708=ORIENTED_EDGE('',*,*,#6229,.F.);
#8709=ORIENTED_EDGE('',*,*,#5335,.F.);
#8710=ORIENTED_EDGE('',*,*,#6237,.T.);
#8711=ORIENTED_EDGE('',*,*,#5605,.F.);
#8712=ORIENTED_EDGE('',*,*,#6238,.F.);
#8713=ORIENTED_EDGE('',*,*,#5336,.F.);
#8714=ORIENTED_EDGE('',*,*,#6238,.T.);
#8715=ORIENTED_EDGE('',*,*,#5604,.F.);
#8716=ORIENTED_EDGE('',*,*,#6239,.F.);
#8717=ORIENTED_EDGE('',*,*,#5337,.F.);
#8718=ORIENTED_EDGE('',*,*,#6239,.T.);
#8719=ORIENTED_EDGE('',*,*,#5603,.F.);
#8720=ORIENTED_EDGE('',*,*,#6240,.F.);
#8721=ORIENTED_EDGE('',*,*,#5338,.F.);
#8722=ORIENTED_EDGE('',*,*,#6240,.T.);
#8723=ORIENTED_EDGE('',*,*,#5602,.F.);
#8724=ORIENTED_EDGE('',*,*,#6241,.F.);
#8725=ORIENTED_EDGE('',*,*,#5339,.F.);
#8726=ORIENTED_EDGE('',*,*,#6241,.T.);
#8727=ORIENTED_EDGE('',*,*,#5601,.F.);
#8728=ORIENTED_EDGE('',*,*,#6242,.F.);
#8729=ORIENTED_EDGE('',*,*,#5340,.F.);
#8730=ORIENTED_EDGE('',*,*,#6242,.T.);
#8731=ORIENTED_EDGE('',*,*,#5600,.F.);
#8732=ORIENTED_EDGE('',*,*,#6243,.F.);
#8733=ORIENTED_EDGE('',*,*,#5341,.F.);
#8734=ORIENTED_EDGE('',*,*,#6243,.T.);
#8735=ORIENTED_EDGE('',*,*,#5599,.F.);
#8736=ORIENTED_EDGE('',*,*,#6244,.F.);
#8737=ORIENTED_EDGE('',*,*,#5334,.F.);
#8738=ORIENTED_EDGE('',*,*,#6244,.T.);
#8739=ORIENTED_EDGE('',*,*,#5598,.F.);
#8740=ORIENTED_EDGE('',*,*,#6237,.F.);
#8741=ORIENTED_EDGE('',*,*,#5343,.F.);
#8742=ORIENTED_EDGE('',*,*,#6245,.T.);
#8743=ORIENTED_EDGE('',*,*,#5597,.F.);
#8744=ORIENTED_EDGE('',*,*,#6246,.F.);
#8745=ORIENTED_EDGE('',*,*,#5344,.F.);
#8746=ORIENTED_EDGE('',*,*,#6246,.T.);
#8747=ORIENTED_EDGE('',*,*,#5596,.F.);
#8748=ORIENTED_EDGE('',*,*,#6247,.F.);
#8749=ORIENTED_EDGE('',*,*,#5345,.F.);
#8750=ORIENTED_EDGE('',*,*,#6247,.T.);
#8751=ORIENTED_EDGE('',*,*,#5595,.F.);
#8752=ORIENTED_EDGE('',*,*,#6248,.F.);
#8753=ORIENTED_EDGE('',*,*,#5346,.F.);
#8754=ORIENTED_EDGE('',*,*,#6248,.T.);
#8755=ORIENTED_EDGE('',*,*,#5594,.F.);
#8756=ORIENTED_EDGE('',*,*,#6249,.F.);
#8757=ORIENTED_EDGE('',*,*,#5347,.F.);
#8758=ORIENTED_EDGE('',*,*,#6249,.T.);
#8759=ORIENTED_EDGE('',*,*,#5593,.F.);
#8760=ORIENTED_EDGE('',*,*,#6250,.F.);
#8761=ORIENTED_EDGE('',*,*,#5348,.F.);
#8762=ORIENTED_EDGE('',*,*,#6250,.T.);
#8763=ORIENTED_EDGE('',*,*,#5592,.F.);
#8764=ORIENTED_EDGE('',*,*,#6251,.F.);
#8765=ORIENTED_EDGE('',*,*,#5349,.F.);
#8766=ORIENTED_EDGE('',*,*,#6251,.T.);
#8767=ORIENTED_EDGE('',*,*,#5591,.F.);
#8768=ORIENTED_EDGE('',*,*,#6252,.F.);
#8769=ORIENTED_EDGE('',*,*,#5342,.F.);
#8770=ORIENTED_EDGE('',*,*,#6252,.T.);
#8771=ORIENTED_EDGE('',*,*,#5590,.F.);
#8772=ORIENTED_EDGE('',*,*,#6245,.F.);
#8773=ORIENTED_EDGE('',*,*,#5589,.F.);
#8774=ORIENTED_EDGE('',*,*,#6253,.T.);
#8775=ORIENTED_EDGE('',*,*,#5350,.F.);
#8776=ORIENTED_EDGE('',*,*,#6253,.F.);
#8777=ORIENTED_EDGE('',*,*,#5352,.F.);
#8778=ORIENTED_EDGE('',*,*,#6254,.T.);
#8779=ORIENTED_EDGE('',*,*,#5588,.F.);
#8780=ORIENTED_EDGE('',*,*,#6255,.F.);
#8781=ORIENTED_EDGE('',*,*,#5353,.F.);
#8782=ORIENTED_EDGE('',*,*,#6255,.T.);
#8783=ORIENTED_EDGE('',*,*,#5587,.F.);
#8784=ORIENTED_EDGE('',*,*,#6256,.F.);
#8785=ORIENTED_EDGE('',*,*,#5354,.F.);
#8786=ORIENTED_EDGE('',*,*,#6256,.T.);
#8787=ORIENTED_EDGE('',*,*,#5586,.F.);
#8788=ORIENTED_EDGE('',*,*,#6257,.F.);
#8789=ORIENTED_EDGE('',*,*,#5355,.F.);
#8790=ORIENTED_EDGE('',*,*,#6257,.T.);
#8791=ORIENTED_EDGE('',*,*,#5585,.F.);
#8792=ORIENTED_EDGE('',*,*,#6258,.F.);
#8793=ORIENTED_EDGE('',*,*,#5356,.F.);
#8794=ORIENTED_EDGE('',*,*,#6258,.T.);
#8795=ORIENTED_EDGE('',*,*,#5584,.F.);
#8796=ORIENTED_EDGE('',*,*,#6259,.F.);
#8797=ORIENTED_EDGE('',*,*,#5357,.F.);
#8798=ORIENTED_EDGE('',*,*,#6259,.T.);
#8799=ORIENTED_EDGE('',*,*,#5583,.F.);
#8800=ORIENTED_EDGE('',*,*,#6260,.F.);
#8801=ORIENTED_EDGE('',*,*,#5358,.F.);
#8802=ORIENTED_EDGE('',*,*,#6260,.T.);
#8803=ORIENTED_EDGE('',*,*,#5582,.F.);
#8804=ORIENTED_EDGE('',*,*,#6261,.F.);
#8805=ORIENTED_EDGE('',*,*,#5351,.F.);
#8806=ORIENTED_EDGE('',*,*,#6261,.T.);
#8807=ORIENTED_EDGE('',*,*,#5581,.F.);
#8808=ORIENTED_EDGE('',*,*,#6254,.F.);
#8809=ORIENTED_EDGE('',*,*,#5360,.F.);
#8810=ORIENTED_EDGE('',*,*,#6262,.T.);
#8811=ORIENTED_EDGE('',*,*,#5580,.F.);
#8812=ORIENTED_EDGE('',*,*,#6263,.F.);
#8813=ORIENTED_EDGE('',*,*,#5361,.F.);
#8814=ORIENTED_EDGE('',*,*,#6263,.T.);
#8815=ORIENTED_EDGE('',*,*,#5579,.F.);
#8816=ORIENTED_EDGE('',*,*,#6264,.F.);
#8817=ORIENTED_EDGE('',*,*,#5362,.F.);
#8818=ORIENTED_EDGE('',*,*,#6264,.T.);
#8819=ORIENTED_EDGE('',*,*,#5578,.F.);
#8820=ORIENTED_EDGE('',*,*,#6265,.F.);
#8821=ORIENTED_EDGE('',*,*,#5363,.F.);
#8822=ORIENTED_EDGE('',*,*,#6265,.T.);
#8823=ORIENTED_EDGE('',*,*,#5577,.F.);
#8824=ORIENTED_EDGE('',*,*,#6266,.F.);
#8825=ORIENTED_EDGE('',*,*,#5364,.F.);
#8826=ORIENTED_EDGE('',*,*,#6266,.T.);
#8827=ORIENTED_EDGE('',*,*,#5576,.F.);
#8828=ORIENTED_EDGE('',*,*,#6267,.F.);
#8829=ORIENTED_EDGE('',*,*,#5365,.F.);
#8830=ORIENTED_EDGE('',*,*,#6267,.T.);
#8831=ORIENTED_EDGE('',*,*,#5575,.F.);
#8832=ORIENTED_EDGE('',*,*,#6268,.F.);
#8833=ORIENTED_EDGE('',*,*,#5366,.F.);
#8834=ORIENTED_EDGE('',*,*,#6268,.T.);
#8835=ORIENTED_EDGE('',*,*,#5574,.F.);
#8836=ORIENTED_EDGE('',*,*,#6269,.F.);
#8837=ORIENTED_EDGE('',*,*,#5359,.F.);
#8838=ORIENTED_EDGE('',*,*,#6269,.T.);
#8839=ORIENTED_EDGE('',*,*,#5573,.F.);
#8840=ORIENTED_EDGE('',*,*,#6262,.F.);
#8841=ORIENTED_EDGE('',*,*,#5887,.F.);
#8842=ORIENTED_EDGE('',*,*,#5452,.F.);
#8843=ORIENTED_EDGE('',*,*,#6270,.F.);
#8844=ORIENTED_EDGE('',*,*,#5022,.T.);
#8845=ORIENTED_EDGE('',*,*,#5023,.T.);
#8846=ORIENTED_EDGE('',*,*,#6270,.T.);
#8847=ORIENTED_EDGE('',*,*,#5451,.F.);
#8848=ORIENTED_EDGE('',*,*,#6271,.F.);
#8849=ORIENTED_EDGE('',*,*,#5024,.T.);
#8850=ORIENTED_EDGE('',*,*,#6271,.T.);
#8851=ORIENTED_EDGE('',*,*,#5450,.F.);
#8852=ORIENTED_EDGE('',*,*,#6272,.F.);
#8853=ORIENTED_EDGE('',*,*,#5025,.T.);
#8854=ORIENTED_EDGE('',*,*,#6272,.T.);
#8855=ORIENTED_EDGE('',*,*,#5449,.F.);
#8856=ORIENTED_EDGE('',*,*,#6273,.F.);
#8857=ORIENTED_EDGE('',*,*,#5026,.F.);
#8858=ORIENTED_EDGE('',*,*,#6273,.T.);
#8859=ORIENTED_EDGE('',*,*,#5448,.F.);
#8860=ORIENTED_EDGE('',*,*,#6274,.F.);
#8861=ORIENTED_EDGE('',*,*,#5027,.T.);
#8862=ORIENTED_EDGE('',*,*,#6274,.T.);
#8863=ORIENTED_EDGE('',*,*,#5447,.F.);
#8864=ORIENTED_EDGE('',*,*,#5886,.F.);
#8865=ORIENTED_EDGE('',*,*,#5882,.F.);
#8866=ORIENTED_EDGE('',*,*,#5030,.T.);
#8867=ORIENTED_EDGE('',*,*,#5884,.F.);
#8868=ORIENTED_EDGE('',*,*,#5444,.F.);
#8869=ORIENTED_EDGE('',*,*,#5033,.T.);
#8870=ORIENTED_EDGE('',*,*,#5883,.T.);
#8871=ORIENTED_EDGE('',*,*,#5441,.F.);
#8872=ORIENTED_EDGE('',*,*,#6275,.F.);
#8873=ORIENTED_EDGE('',*,*,#5034,.F.);
#8874=ORIENTED_EDGE('',*,*,#6275,.T.);
#8875=ORIENTED_EDGE('',*,*,#5440,.F.);
#8876=ORIENTED_EDGE('',*,*,#6276,.F.);
#8877=ORIENTED_EDGE('',*,*,#5035,.T.);
#8878=ORIENTED_EDGE('',*,*,#6276,.T.);
#8879=ORIENTED_EDGE('',*,*,#5439,.F.);
#8880=ORIENTED_EDGE('',*,*,#6277,.F.);
#8881=ORIENTED_EDGE('',*,*,#5036,.F.);
#8882=ORIENTED_EDGE('',*,*,#6277,.T.);
#8883=ORIENTED_EDGE('',*,*,#5438,.F.);
#8884=ORIENTED_EDGE('',*,*,#6278,.F.);
#8885=ORIENTED_EDGE('',*,*,#5037,.T.);
#8886=ORIENTED_EDGE('',*,*,#6278,.T.);
#8887=ORIENTED_EDGE('',*,*,#5437,.F.);
#8888=ORIENTED_EDGE('',*,*,#5880,.F.);
#8889=ORIENTED_EDGE('',*,*,#5876,.F.);
#8890=ORIENTED_EDGE('',*,*,#5040,.T.);
#8891=ORIENTED_EDGE('',*,*,#5878,.F.);
#8892=ORIENTED_EDGE('',*,*,#5434,.F.);
#8893=ORIENTED_EDGE('',*,*,#5969,.F.);
#8894=ORIENTED_EDGE('',*,*,#5044,.F.);
#8895=ORIENTED_EDGE('',*,*,#5970,.F.);
#8896=ORIENTED_EDGE('',*,*,#5430,.F.);
#8897=ORIENTED_EDGE('',*,*,#5891,.F.);
#8898=ORIENTED_EDGE('',*,*,#5426,.F.);
#8899=ORIENTED_EDGE('',*,*,#5895,.F.);
#8900=ORIENTED_EDGE('',*,*,#5048,.T.);
#8901=ORIENTED_EDGE('',*,*,#5051,.T.);
#8902=ORIENTED_EDGE('',*,*,#5896,.T.);
#8903=ORIENTED_EDGE('',*,*,#5423,.F.);
#8904=ORIENTED_EDGE('',*,*,#6279,.F.);
#8905=ORIENTED_EDGE('',*,*,#5052,.F.);
#8906=ORIENTED_EDGE('',*,*,#6279,.T.);
#8907=ORIENTED_EDGE('',*,*,#5422,.F.);
#8908=ORIENTED_EDGE('',*,*,#6280,.F.);
#8909=ORIENTED_EDGE('',*,*,#5053,.T.);
#8910=ORIENTED_EDGE('',*,*,#6280,.T.);
#8911=ORIENTED_EDGE('',*,*,#5421,.F.);
#8912=ORIENTED_EDGE('',*,*,#6281,.F.);
#8913=ORIENTED_EDGE('',*,*,#5054,.T.);
#8914=ORIENTED_EDGE('',*,*,#6281,.T.);
#8915=ORIENTED_EDGE('',*,*,#5420,.F.);
#8916=ORIENTED_EDGE('',*,*,#6282,.F.);
#8917=ORIENTED_EDGE('',*,*,#5055,.T.);
#8918=ORIENTED_EDGE('',*,*,#6282,.T.);
#8919=ORIENTED_EDGE('',*,*,#5419,.F.);
#8920=ORIENTED_EDGE('',*,*,#5899,.F.);
#8921=ORIENTED_EDGE('',*,*,#5897,.F.);
#8922=ORIENTED_EDGE('',*,*,#5416,.F.);
#8923=ORIENTED_EDGE('',*,*,#5901,.F.);
#8924=ORIENTED_EDGE('',*,*,#5058,.T.);
#8925=ORIENTED_EDGE('',*,*,#5061,.T.);
#8926=ORIENTED_EDGE('',*,*,#5902,.T.);
#8927=ORIENTED_EDGE('',*,*,#5413,.F.);
#8928=ORIENTED_EDGE('',*,*,#6283,.F.);
#8929=ORIENTED_EDGE('',*,*,#5062,.T.);
#8930=ORIENTED_EDGE('',*,*,#6283,.T.);
#8931=ORIENTED_EDGE('',*,*,#5412,.F.);
#8932=ORIENTED_EDGE('',*,*,#6284,.F.);
#8933=ORIENTED_EDGE('',*,*,#5063,.T.);
#8934=ORIENTED_EDGE('',*,*,#6284,.T.);
#8935=ORIENTED_EDGE('',*,*,#5411,.F.);
#8936=ORIENTED_EDGE('',*,*,#6285,.F.);
#8937=ORIENTED_EDGE('',*,*,#5064,.T.);
#8938=ORIENTED_EDGE('',*,*,#6285,.T.);
#8939=ORIENTED_EDGE('',*,*,#5410,.F.);
#8940=ORIENTED_EDGE('',*,*,#6286,.F.);
#8941=ORIENTED_EDGE('',*,*,#5065,.T.);
#8942=ORIENTED_EDGE('',*,*,#6286,.T.);
#8943=ORIENTED_EDGE('',*,*,#5409,.F.);
#8944=ORIENTED_EDGE('',*,*,#5905,.F.);
#8945=ORIENTED_EDGE('',*,*,#5903,.F.);
#8946=ORIENTED_EDGE('',*,*,#5406,.F.);
#8947=ORIENTED_EDGE('',*,*,#5907,.F.);
#8948=ORIENTED_EDGE('',*,*,#5068,.T.);
#8949=ORIENTED_EDGE('',*,*,#5955,.F.);
#8950=ORIENTED_EDGE('',*,*,#5402,.F.);
#8951=ORIENTED_EDGE('',*,*,#5979,.F.);
#8952=ORIENTED_EDGE('',*,*,#5072,.F.);
#8953=ORIENTED_EDGE('',*,*,#5388,.F.);
#8954=ORIENTED_EDGE('',*,*,#5572,.F.);
#8955=ORIENTED_EDGE('',*,*,#5394,.F.);
#8956=ORIENTED_EDGE('',*,*,#4900,.T.);
#8957=ORIENTED_EDGE('',*,*,#4903,.T.);
#8958=ORIENTED_EDGE('',*,*,#5396,.T.);
#8959=ORIENTED_EDGE('',*,*,#5571,.F.);
#8960=ORIENTED_EDGE('',*,*,#6287,.F.);
#8961=ORIENTED_EDGE('',*,*,#4904,.F.);
#8962=ORIENTED_EDGE('',*,*,#6287,.T.);
#8963=ORIENTED_EDGE('',*,*,#5570,.F.);
#8964=ORIENTED_EDGE('',*,*,#6288,.F.);
#8965=ORIENTED_EDGE('',*,*,#4905,.T.);
#8966=ORIENTED_EDGE('',*,*,#6288,.T.);
#8967=ORIENTED_EDGE('',*,*,#5569,.F.);
#8968=ORIENTED_EDGE('',*,*,#6289,.F.);
#8969=ORIENTED_EDGE('',*,*,#4906,.T.);
#8970=ORIENTED_EDGE('',*,*,#6289,.T.);
#8971=ORIENTED_EDGE('',*,*,#5568,.F.);
#8972=ORIENTED_EDGE('',*,*,#6290,.F.);
#8973=ORIENTED_EDGE('',*,*,#4907,.T.);
#8974=ORIENTED_EDGE('',*,*,#6290,.T.);
#8975=ORIENTED_EDGE('',*,*,#5567,.F.);
#8976=ORIENTED_EDGE('',*,*,#5861,.F.);
#8977=ORIENTED_EDGE('',*,*,#5859,.F.);
#8978=ORIENTED_EDGE('',*,*,#5564,.F.);
#8979=ORIENTED_EDGE('',*,*,#5863,.F.);
#8980=ORIENTED_EDGE('',*,*,#4910,.T.);
#8981=ORIENTED_EDGE('',*,*,#4913,.T.);
#8982=ORIENTED_EDGE('',*,*,#5864,.T.);
#8983=ORIENTED_EDGE('',*,*,#5561,.F.);
#8984=ORIENTED_EDGE('',*,*,#6291,.F.);
#8985=ORIENTED_EDGE('',*,*,#4914,.T.);
#8986=ORIENTED_EDGE('',*,*,#6291,.T.);
#8987=ORIENTED_EDGE('',*,*,#5560,.F.);
#8988=ORIENTED_EDGE('',*,*,#6292,.F.);
#8989=ORIENTED_EDGE('',*,*,#4915,.T.);
#8990=ORIENTED_EDGE('',*,*,#6292,.T.);
#8991=ORIENTED_EDGE('',*,*,#5559,.F.);
#8992=ORIENTED_EDGE('',*,*,#6293,.F.);
#8993=ORIENTED_EDGE('',*,*,#4916,.T.);
#8994=ORIENTED_EDGE('',*,*,#6293,.T.);
#8995=ORIENTED_EDGE('',*,*,#5558,.F.);
#8996=ORIENTED_EDGE('',*,*,#6294,.F.);
#8997=ORIENTED_EDGE('',*,*,#4917,.T.);
#8998=ORIENTED_EDGE('',*,*,#6294,.T.);
#8999=ORIENTED_EDGE('',*,*,#5557,.F.);
#9000=ORIENTED_EDGE('',*,*,#6295,.F.);
#9001=ORIENTED_EDGE('',*,*,#5866,.F.);
#9002=ORIENTED_EDGE('',*,*,#4918,.F.);
#9003=ORIENTED_EDGE('',*,*,#6295,.T.);
#9004=ORIENTED_EDGE('',*,*,#5556,.F.);
#9005=ORIENTED_EDGE('',*,*,#5909,.F.);
#9006=ORIENTED_EDGE('',*,*,#5550,.F.);
#9007=ORIENTED_EDGE('',*,*,#5912,.F.);
#9008=ORIENTED_EDGE('',*,*,#4924,.T.);
#9009=ORIENTED_EDGE('',*,*,#4927,.T.);
#9010=ORIENTED_EDGE('',*,*,#5913,.T.);
#9011=ORIENTED_EDGE('',*,*,#5547,.F.);
#9012=ORIENTED_EDGE('',*,*,#6296,.F.);
#9013=ORIENTED_EDGE('',*,*,#4928,.F.);
#9014=ORIENTED_EDGE('',*,*,#6296,.T.);
#9015=ORIENTED_EDGE('',*,*,#5546,.F.);
#9016=ORIENTED_EDGE('',*,*,#6297,.F.);
#9017=ORIENTED_EDGE('',*,*,#4929,.T.);
#9018=ORIENTED_EDGE('',*,*,#6297,.T.);
#9019=ORIENTED_EDGE('',*,*,#5545,.F.);
#9020=ORIENTED_EDGE('',*,*,#6298,.F.);
#9021=ORIENTED_EDGE('',*,*,#4930,.T.);
#9022=ORIENTED_EDGE('',*,*,#6298,.T.);
#9023=ORIENTED_EDGE('',*,*,#5544,.F.);
#9024=ORIENTED_EDGE('',*,*,#6299,.F.);
#9025=ORIENTED_EDGE('',*,*,#4931,.T.);
#9026=ORIENTED_EDGE('',*,*,#6299,.T.);
#9027=ORIENTED_EDGE('',*,*,#5543,.F.);
#9028=ORIENTED_EDGE('',*,*,#5916,.F.);
#9029=ORIENTED_EDGE('',*,*,#5914,.F.);
#9030=ORIENTED_EDGE('',*,*,#5540,.F.);
#9031=ORIENTED_EDGE('',*,*,#5918,.F.);
#9032=ORIENTED_EDGE('',*,*,#4934,.T.);
#9033=ORIENTED_EDGE('',*,*,#4937,.T.);
#9034=ORIENTED_EDGE('',*,*,#5919,.T.);
#9035=ORIENTED_EDGE('',*,*,#5537,.F.);
#9036=ORIENTED_EDGE('',*,*,#6300,.F.);
#9037=ORIENTED_EDGE('',*,*,#4938,.T.);
#9038=ORIENTED_EDGE('',*,*,#6300,.T.);
#9039=ORIENTED_EDGE('',*,*,#5536,.F.);
#9040=ORIENTED_EDGE('',*,*,#6301,.F.);
#9041=ORIENTED_EDGE('',*,*,#4939,.T.);
#9042=ORIENTED_EDGE('',*,*,#6301,.T.);
#9043=ORIENTED_EDGE('',*,*,#5535,.F.);
#9044=ORIENTED_EDGE('',*,*,#6302,.F.);
#9045=ORIENTED_EDGE('',*,*,#4940,.T.);
#9046=ORIENTED_EDGE('',*,*,#6302,.T.);
#9047=ORIENTED_EDGE('',*,*,#5534,.F.);
#9048=ORIENTED_EDGE('',*,*,#6303,.F.);
#9049=ORIENTED_EDGE('',*,*,#4941,.T.);
#9050=ORIENTED_EDGE('',*,*,#6303,.T.);
#9051=ORIENTED_EDGE('',*,*,#5533,.F.);
#9052=ORIENTED_EDGE('',*,*,#5922,.F.);
#9053=ORIENTED_EDGE('',*,*,#5920,.F.);
#9054=ORIENTED_EDGE('',*,*,#5530,.F.);
#9055=ORIENTED_EDGE('',*,*,#5924,.F.);
#9056=ORIENTED_EDGE('',*,*,#4944,.T.);
#9057=ORIENTED_EDGE('',*,*,#5961,.F.);
#9058=ORIENTED_EDGE('',*,*,#5525,.F.);
#9059=ORIENTED_EDGE('',*,*,#5983,.F.);
#9060=ORIENTED_EDGE('',*,*,#4949,.T.);
#9061=ORIENTED_EDGE('',*,*,#5926,.F.);
#9062=ORIENTED_EDGE('',*,*,#5516,.F.);
#9063=ORIENTED_EDGE('',*,*,#5930,.F.);
#9064=ORIENTED_EDGE('',*,*,#4958,.T.);
#9065=ORIENTED_EDGE('',*,*,#4961,.T.);
#9066=ORIENTED_EDGE('',*,*,#5931,.T.);
#9067=ORIENTED_EDGE('',*,*,#5513,.F.);
#9068=ORIENTED_EDGE('',*,*,#6304,.F.);
#9069=ORIENTED_EDGE('',*,*,#4962,.F.);
#9070=ORIENTED_EDGE('',*,*,#6304,.T.);
#9071=ORIENTED_EDGE('',*,*,#5512,.F.);
#9072=ORIENTED_EDGE('',*,*,#6305,.F.);
#9073=ORIENTED_EDGE('',*,*,#4963,.T.);
#9074=ORIENTED_EDGE('',*,*,#6305,.T.);
#9075=ORIENTED_EDGE('',*,*,#5511,.F.);
#9076=ORIENTED_EDGE('',*,*,#6306,.F.);
#9077=ORIENTED_EDGE('',*,*,#4964,.T.);
#9078=ORIENTED_EDGE('',*,*,#6306,.T.);
#9079=ORIENTED_EDGE('',*,*,#5510,.F.);
#9080=ORIENTED_EDGE('',*,*,#6307,.F.);
#9081=ORIENTED_EDGE('',*,*,#4965,.T.);
#9082=ORIENTED_EDGE('',*,*,#6307,.T.);
#9083=ORIENTED_EDGE('',*,*,#5509,.F.);
#9084=ORIENTED_EDGE('',*,*,#5934,.F.);
#9085=ORIENTED_EDGE('',*,*,#5932,.F.);
#9086=ORIENTED_EDGE('',*,*,#5506,.F.);
#9087=ORIENTED_EDGE('',*,*,#5936,.F.);
#9088=ORIENTED_EDGE('',*,*,#4968,.T.);
#9089=ORIENTED_EDGE('',*,*,#4971,.T.);
#9090=ORIENTED_EDGE('',*,*,#5937,.T.);
#9091=ORIENTED_EDGE('',*,*,#5503,.F.);
#9092=ORIENTED_EDGE('',*,*,#6308,.F.);
#9093=ORIENTED_EDGE('',*,*,#4972,.T.);
#9094=ORIENTED_EDGE('',*,*,#6308,.T.);
#9095=ORIENTED_EDGE('',*,*,#5502,.F.);
#9096=ORIENTED_EDGE('',*,*,#6309,.F.);
#9097=ORIENTED_EDGE('',*,*,#4973,.T.);
#9098=ORIENTED_EDGE('',*,*,#6309,.T.);
#9099=ORIENTED_EDGE('',*,*,#5501,.F.);
#9100=ORIENTED_EDGE('',*,*,#6310,.F.);
#9101=ORIENTED_EDGE('',*,*,#4974,.T.);
#9102=ORIENTED_EDGE('',*,*,#6310,.T.);
#9103=ORIENTED_EDGE('',*,*,#5500,.F.);
#9104=ORIENTED_EDGE('',*,*,#6311,.F.);
#9105=ORIENTED_EDGE('',*,*,#4975,.T.);
#9106=ORIENTED_EDGE('',*,*,#6311,.T.);
#9107=ORIENTED_EDGE('',*,*,#5499,.F.);
#9108=ORIENTED_EDGE('',*,*,#6312,.F.);
#9109=ORIENTED_EDGE('',*,*,#5939,.F.);
#9110=ORIENTED_EDGE('',*,*,#4976,.F.);
#9111=ORIENTED_EDGE('',*,*,#6312,.T.);
#9112=ORIENTED_EDGE('',*,*,#5498,.F.);
#9113=ORIENTED_EDGE('',*,*,#5966,.F.);
#9114=ORIENTED_EDGE('',*,*,#4982,.T.);
#9115=ORIENTED_EDGE('',*,*,#5967,.F.);
#9116=ORIENTED_EDGE('',*,*,#5492,.F.);
#9117=ORIENTED_EDGE('',*,*,#5946,.F.);
#9118=ORIENTED_EDGE('',*,*,#5486,.F.);
#9119=ORIENTED_EDGE('',*,*,#6313,.F.);
#9120=ORIENTED_EDGE('',*,*,#4988,.T.);
#9121=ORIENTED_EDGE('',*,*,#4989,.T.);
#9122=ORIENTED_EDGE('',*,*,#6313,.T.);
#9123=ORIENTED_EDGE('',*,*,#5485,.F.);
#9124=ORIENTED_EDGE('',*,*,#6314,.F.);
#9125=ORIENTED_EDGE('',*,*,#4990,.T.);
#9126=ORIENTED_EDGE('',*,*,#6314,.T.);
#9127=ORIENTED_EDGE('',*,*,#5484,.F.);
#9128=ORIENTED_EDGE('',*,*,#6315,.F.);
#9129=ORIENTED_EDGE('',*,*,#4991,.T.);
#9130=ORIENTED_EDGE('',*,*,#6315,.T.);
#9131=ORIENTED_EDGE('',*,*,#5483,.F.);
#9132=ORIENTED_EDGE('',*,*,#6316,.F.);
#9133=ORIENTED_EDGE('',*,*,#4992,.F.);
#9134=ORIENTED_EDGE('',*,*,#6316,.T.);
#9135=ORIENTED_EDGE('',*,*,#5482,.F.);
#9136=ORIENTED_EDGE('',*,*,#6317,.F.);
#9137=ORIENTED_EDGE('',*,*,#4993,.T.);
#9138=ORIENTED_EDGE('',*,*,#6317,.T.);
#9139=ORIENTED_EDGE('',*,*,#5481,.F.);
#9140=ORIENTED_EDGE('',*,*,#6318,.F.);
#9141=ORIENTED_EDGE('',*,*,#5945,.F.);
#9142=ORIENTED_EDGE('',*,*,#4994,.F.);
#9143=ORIENTED_EDGE('',*,*,#6318,.T.);
#9144=ORIENTED_EDGE('',*,*,#5480,.F.);
#9145=ORIENTED_EDGE('',*,*,#5963,.F.);
#9146=ORIENTED_EDGE('',*,*,#5474,.F.);
#9147=ORIENTED_EDGE('',*,*,#5973,.F.);
#9148=ORIENTED_EDGE('',*,*,#5000,.F.);
#9149=ORIENTED_EDGE('',*,*,#5870,.F.);
#9150=ORIENTED_EDGE('',*,*,#5008,.T.);
#9151=ORIENTED_EDGE('',*,*,#5872,.F.);
#9152=ORIENTED_EDGE('',*,*,#5466,.F.);
#9153=ORIENTED_EDGE('',*,*,#5954,.F.);
#9154=ORIENTED_EDGE('',*,*,#5462,.F.);
#9155=ORIENTED_EDGE('',*,*,#5975,.F.);
#9156=ORIENTED_EDGE('',*,*,#5012,.T.);
#9157=ORIENTED_EDGE('',*,*,#5974,.F.);
#9158=ORIENTED_EDGE('',*,*,#5460,.F.);
#9159=ORIENTED_EDGE('',*,*,#5976,.F.);
#9160=ORIENTED_EDGE('',*,*,#5014,.T.);
#9161=ORIENTED_EDGE('',*,*,#5890,.F.);
#9162=ORIENTED_EDGE('',*,*,#5018,.F.);
#9163=ORIENTED_EDGE('',*,*,#5952,.F.);
#9164=ORIENTED_EDGE('',*,*,#5456,.F.);
#9165=CONICAL_SURFACE('',#9650,1.47499999999999,0.785398163397443);
#9166=CONICAL_SURFACE('',#9915,1.47499999999999,0.785398163397443);
#9167=CONICAL_SURFACE('',#9919,1.475,0.785398163397448);
#9168=CONICAL_SURFACE('',#9923,1.47500000000001,0.785398163397443);
#9169=CONICAL_SURFACE('',#9927,1.47499999999999,0.785398163397443);
#9170=ADVANCED_FACE('',(#580),#9165,.F.);
#9171=ADVANCED_FACE('',(#581,#275,#276,#277,#278,#279,#280,#281,#282,#283,
#284,#285,#286,#287,#288,#289,#290,#291,#292,#293,#294,#295,#296,#297,#298,
#299,#300,#301,#302,#303,#304,#305,#306,#307,#308,#309,#310,#311,#312,#313,
#314,#315,#316,#317,#318,#319,#320),#367,.T.);
#9172=ADVANCED_FACE('',(#582),#15,.F.);
#9173=ADVANCED_FACE('',(#583),#9166,.F.);
#9174=ADVANCED_FACE('',(#584),#16,.F.);
#9175=ADVANCED_FACE('',(#585),#9167,.F.);
#9176=ADVANCED_FACE('',(#586),#17,.F.);
#9177=ADVANCED_FACE('',(#587),#9168,.F.);
#9178=ADVANCED_FACE('',(#588),#18,.F.);
#9179=ADVANCED_FACE('',(#589),#9169,.F.);
#9180=ADVANCED_FACE('',(#590),#19,.F.);
#9181=ADVANCED_FACE('',(#591),#20,.T.);
#9182=ADVANCED_FACE('',(#592),#368,.T.);
#9183=ADVANCED_FACE('',(#593),#21,.T.);
#9184=ADVANCED_FACE('',(#594),#369,.T.);
#9185=ADVANCED_FACE('',(#595,#321,#322,#323,#324,#325,#326,#327,#328,#329,
#330,#331,#332,#333,#334,#335,#336,#337,#338,#339,#340,#341,#342,#343,#344,
#345,#346,#347,#348,#349,#350,#351,#352,#353,#354,#355,#356,#357,#358,#359,
#360,#361,#362,#363,#364,#365,#366),#370,.F.);
#9186=ADVANCED_FACE('',(#596),#22,.T.);
#9187=ADVANCED_FACE('',(#597),#371,.T.);
#9188=ADVANCED_FACE('',(#598),#23,.T.);
#9189=ADVANCED_FACE('',(#599),#372,.T.);
#9190=ADVANCED_FACE('',(#600),#24,.T.);
#9191=ADVANCED_FACE('',(#601),#25,.F.);
#9192=ADVANCED_FACE('',(#602),#26,.T.);
#9193=ADVANCED_FACE('',(#603),#27,.T.);
#9194=ADVANCED_FACE('',(#604),#373,.T.);
#9195=ADVANCED_FACE('',(#605),#28,.T.);
#9196=ADVANCED_FACE('',(#606),#374,.T.);
#9197=ADVANCED_FACE('',(#607),#29,.T.);
#9198=ADVANCED_FACE('',(#608),#375,.T.);
#9199=ADVANCED_FACE('',(#609),#30,.T.);
#9200=ADVANCED_FACE('',(#610),#376,.T.);
#9201=ADVANCED_FACE('',(#611),#31,.T.);
#9202=ADVANCED_FACE('',(#612),#377,.T.);
#9203=ADVANCED_FACE('',(#613),#32,.T.);
#9204=ADVANCED_FACE('',(#614),#378,.T.);
#9205=ADVANCED_FACE('',(#615),#33,.T.);
#9206=ADVANCED_FACE('',(#616),#34,.F.);
#9207=ADVANCED_FACE('',(#617),#35,.T.);
#9208=ADVANCED_FACE('',(#618),#36,.T.);
#9209=ADVANCED_FACE('',(#619),#379,.T.);
#9210=ADVANCED_FACE('',(#620),#37,.T.);
#9211=ADVANCED_FACE('',(#621),#380,.T.);
#9212=ADVANCED_FACE('',(#622),#38,.T.);
#9213=ADVANCED_FACE('',(#623),#381,.T.);
#9214=ADVANCED_FACE('',(#624),#39,.T.);
#9215=ADVANCED_FACE('',(#625),#382,.T.);
#9216=ADVANCED_FACE('',(#626),#40,.T.);
#9217=ADVANCED_FACE('',(#627),#383,.T.);
#9218=ADVANCED_FACE('',(#628),#41,.T.);
#9219=ADVANCED_FACE('',(#629),#384,.T.);
#9220=ADVANCED_FACE('',(#630),#42,.T.);
#9221=ADVANCED_FACE('',(#631),#385,.T.);
#9222=ADVANCED_FACE('',(#632),#43,.T.);
#9223=ADVANCED_FACE('',(#633),#386,.T.);
#9224=ADVANCED_FACE('',(#634),#44,.T.);
#9225=ADVANCED_FACE('',(#635),#387,.T.);
#9226=ADVANCED_FACE('',(#636),#45,.T.);
#9227=ADVANCED_FACE('',(#637),#388,.T.);
#9228=ADVANCED_FACE('',(#638),#46,.T.);
#9229=ADVANCED_FACE('',(#639),#389,.T.);
#9230=ADVANCED_FACE('',(#640),#47,.T.);
#9231=ADVANCED_FACE('',(#641),#390,.T.);
#9232=ADVANCED_FACE('',(#642),#48,.T.);
#9233=ADVANCED_FACE('',(#643),#391,.T.);
#9234=ADVANCED_FACE('',(#644),#49,.T.);
#9235=ADVANCED_FACE('',(#645),#392,.T.);
#9236=ADVANCED_FACE('',(#646),#50,.T.);
#9237=ADVANCED_FACE('',(#647),#393,.T.);
#9238=ADVANCED_FACE('',(#648),#51,.T.);
#9239=ADVANCED_FACE('',(#649),#394,.T.);
#9240=ADVANCED_FACE('',(#650),#52,.T.);
#9241=ADVANCED_FACE('',(#651),#53,.F.);
#9242=ADVANCED_FACE('',(#652),#54,.T.);
#9243=ADVANCED_FACE('',(#653),#55,.T.);
#9244=ADVANCED_FACE('',(#654),#56,.F.);
#9245=ADVANCED_FACE('',(#655),#57,.T.);
#9246=ADVANCED_FACE('',(#656),#58,.T.);
#9247=ADVANCED_FACE('',(#657),#59,.F.);
#9248=ADVANCED_FACE('',(#658),#60,.T.);
#9249=ADVANCED_FACE('',(#659),#395,.T.);
#9250=ADVANCED_FACE('',(#660),#61,.F.);
#9251=ADVANCED_FACE('',(#661),#396,.T.);
#9252=ADVANCED_FACE('',(#662),#62,.F.);
#9253=ADVANCED_FACE('',(#663),#63,.F.);
#9254=ADVANCED_FACE('',(#664),#397,.T.);
#9255=ADVANCED_FACE('',(#665),#64,.F.);
#9256=ADVANCED_FACE('',(#666),#65,.F.);
#9257=ADVANCED_FACE('',(#667),#398,.T.);
#9258=ADVANCED_FACE('',(#668),#66,.F.);
#9259=ADVANCED_FACE('',(#669),#67,.F.);
#9260=ADVANCED_FACE('',(#670),#68,.F.);
#9261=ADVANCED_FACE('',(#671),#399,.T.);
#9262=ADVANCED_FACE('',(#672),#400,.T.);
#9263=ADVANCED_FACE('',(#673),#69,.F.);
#9264=ADVANCED_FACE('',(#674),#70,.T.);
#9265=ADVANCED_FACE('',(#675),#71,.T.);
#9266=ADVANCED_FACE('',(#676),#401,.T.);
#9267=ADVANCED_FACE('',(#677),#72,.T.);
#9268=ADVANCED_FACE('',(#678),#73,.T.);
#9269=ADVANCED_FACE('',(#679),#74,.T.);
#9270=ADVANCED_FACE('',(#680),#402,.T.);
#9271=ADVANCED_FACE('',(#681),#75,.T.);
#9272=ADVANCED_FACE('',(#682),#76,.T.);
#9273=ADVANCED_FACE('',(#683),#77,.T.);
#9274=ADVANCED_FACE('',(#684),#78,.T.);
#9275=ADVANCED_FACE('',(#685),#79,.T.);
#9276=ADVANCED_FACE('',(#686),#403,.T.);
#9277=ADVANCED_FACE('',(#687),#80,.T.);
#9278=ADVANCED_FACE('',(#688),#404,.T.);
#9279=ADVANCED_FACE('',(#689),#81,.T.);
#9280=ADVANCED_FACE('',(#690),#82,.T.);
#9281=ADVANCED_FACE('',(#691),#405,.T.);
#9282=ADVANCED_FACE('',(#692),#83,.F.);
#9283=ADVANCED_FACE('',(#693),#406,.T.);
#9284=ADVANCED_FACE('',(#694),#84,.F.);
#9285=ADVANCED_FACE('',(#695),#407,.T.);
#9286=ADVANCED_FACE('',(#696),#85,.F.);
#9287=ADVANCED_FACE('',(#697),#408,.T.);
#9288=ADVANCED_FACE('',(#698),#86,.F.);
#9289=ADVANCED_FACE('',(#699),#409,.T.);
#9290=ADVANCED_FACE('',(#700),#87,.F.);
#9291=ADVANCED_FACE('',(#701),#410,.T.);
#9292=ADVANCED_FACE('',(#702),#88,.F.);
#9293=ADVANCED_FACE('',(#703),#411,.T.);
#9294=ADVANCED_FACE('',(#704),#89,.F.);
#9295=ADVANCED_FACE('',(#705),#412,.T.);
#9296=ADVANCED_FACE('',(#706),#90,.F.);
#9297=ADVANCED_FACE('',(#707),#413,.T.);
#9298=ADVANCED_FACE('',(#708),#91,.F.);
#9299=ADVANCED_FACE('',(#709),#414,.T.);
#9300=ADVANCED_FACE('',(#710),#92,.F.);
#9301=ADVANCED_FACE('',(#711),#415,.T.);
#9302=ADVANCED_FACE('',(#712),#93,.F.);
#9303=ADVANCED_FACE('',(#713),#416,.T.);
#9304=ADVANCED_FACE('',(#714),#94,.F.);
#9305=ADVANCED_FACE('',(#715),#95,.F.);
#9306=ADVANCED_FACE('',(#716),#417,.T.);
#9307=ADVANCED_FACE('',(#717),#96,.F.);
#9308=ADVANCED_FACE('',(#718),#418,.T.);
#9309=ADVANCED_FACE('',(#719),#97,.F.);
#9310=ADVANCED_FACE('',(#720),#419,.T.);
#9311=ADVANCED_FACE('',(#721),#98,.F.);
#9312=ADVANCED_FACE('',(#722),#420,.T.);
#9313=ADVANCED_FACE('',(#723),#99,.F.);
#9314=ADVANCED_FACE('',(#724),#421,.T.);
#9315=ADVANCED_FACE('',(#725),#100,.F.);
#9316=ADVANCED_FACE('',(#726),#422,.T.);
#9317=ADVANCED_FACE('',(#727),#101,.F.);
#9318=ADVANCED_FACE('',(#728),#423,.T.);
#9319=ADVANCED_FACE('',(#729),#102,.F.);
#9320=ADVANCED_FACE('',(#730),#424,.T.);
#9321=ADVANCED_FACE('',(#731),#103,.F.);
#9322=ADVANCED_FACE('',(#732),#425,.T.);
#9323=ADVANCED_FACE('',(#733),#104,.F.);
#9324=ADVANCED_FACE('',(#734),#426,.T.);
#9325=ADVANCED_FACE('',(#735),#105,.F.);
#9326=ADVANCED_FACE('',(#736),#427,.T.);
#9327=ADVANCED_FACE('',(#737),#106,.F.);
#9328=ADVANCED_FACE('',(#738),#428,.T.);
#9329=ADVANCED_FACE('',(#739),#107,.F.);
#9330=ADVANCED_FACE('',(#740),#429,.T.);
#9331=ADVANCED_FACE('',(#741),#108,.F.);
#9332=ADVANCED_FACE('',(#742),#430,.T.);
#9333=ADVANCED_FACE('',(#743),#109,.F.);
#9334=ADVANCED_FACE('',(#744),#431,.T.);
#9335=ADVANCED_FACE('',(#745),#110,.F.);
#9336=ADVANCED_FACE('',(#746),#432,.T.);
#9337=ADVANCED_FACE('',(#747),#111,.F.);
#9338=ADVANCED_FACE('',(#748),#112,.F.);
#9339=ADVANCED_FACE('',(#749),#433,.T.);
#9340=ADVANCED_FACE('',(#750),#113,.F.);
#9341=ADVANCED_FACE('',(#751),#434,.T.);
#9342=ADVANCED_FACE('',(#752),#114,.F.);
#9343=ADVANCED_FACE('',(#753),#435,.T.);
#9344=ADVANCED_FACE('',(#754),#115,.F.);
#9345=ADVANCED_FACE('',(#755),#436,.T.);
#9346=ADVANCED_FACE('',(#756),#116,.F.);
#9347=ADVANCED_FACE('',(#757),#437,.T.);
#9348=ADVANCED_FACE('',(#758),#117,.F.);
#9349=ADVANCED_FACE('',(#759),#438,.T.);
#9350=ADVANCED_FACE('',(#760),#118,.F.);
#9351=ADVANCED_FACE('',(#761),#439,.T.);
#9352=ADVANCED_FACE('',(#762),#119,.F.);
#9353=ADVANCED_FACE('',(#763),#440,.T.);
#9354=ADVANCED_FACE('',(#764),#120,.F.);
#9355=ADVANCED_FACE('',(#765),#441,.T.);
#9356=ADVANCED_FACE('',(#766),#121,.F.);
#9357=ADVANCED_FACE('',(#767),#442,.T.);
#9358=ADVANCED_FACE('',(#768),#122,.F.);
#9359=ADVANCED_FACE('',(#769),#443,.T.);
#9360=ADVANCED_FACE('',(#770),#123,.F.);
#9361=ADVANCED_FACE('',(#771),#444,.T.);
#9362=ADVANCED_FACE('',(#772),#124,.F.);
#9363=ADVANCED_FACE('',(#773),#445,.T.);
#9364=ADVANCED_FACE('',(#774),#125,.F.);
#9365=ADVANCED_FACE('',(#775),#446,.T.);
#9366=ADVANCED_FACE('',(#776),#126,.F.);
#9367=ADVANCED_FACE('',(#777),#447,.T.);
#9368=ADVANCED_FACE('',(#778),#127,.F.);
#9369=ADVANCED_FACE('',(#779),#448,.T.);
#9370=ADVANCED_FACE('',(#780),#128,.F.);
#9371=ADVANCED_FACE('',(#781),#449,.T.);
#9372=ADVANCED_FACE('',(#782),#129,.F.);
#9373=ADVANCED_FACE('',(#783),#450,.T.);
#9374=ADVANCED_FACE('',(#784),#130,.F.);
#9375=ADVANCED_FACE('',(#785),#451,.T.);
#9376=ADVANCED_FACE('',(#786),#131,.F.);
#9377=ADVANCED_FACE('',(#787),#452,.T.);
#9378=ADVANCED_FACE('',(#788),#132,.F.);
#9379=ADVANCED_FACE('',(#789),#453,.T.);
#9380=ADVANCED_FACE('',(#790),#133,.F.);
#9381=ADVANCED_FACE('',(#791),#454,.T.);
#9382=ADVANCED_FACE('',(#792),#134,.F.);
#9383=ADVANCED_FACE('',(#793),#455,.T.);
#9384=ADVANCED_FACE('',(#794),#135,.F.);
#9385=ADVANCED_FACE('',(#795),#456,.T.);
#9386=ADVANCED_FACE('',(#796),#136,.F.);
#9387=ADVANCED_FACE('',(#797),#457,.T.);
#9388=ADVANCED_FACE('',(#798),#137,.F.);
#9389=ADVANCED_FACE('',(#799),#458,.T.);
#9390=ADVANCED_FACE('',(#800),#138,.F.);
#9391=ADVANCED_FACE('',(#801),#459,.T.);
#9392=ADVANCED_FACE('',(#802),#139,.F.);
#9393=ADVANCED_FACE('',(#803),#460,.T.);
#9394=ADVANCED_FACE('',(#804),#140,.F.);
#9395=ADVANCED_FACE('',(#805),#461,.T.);
#9396=ADVANCED_FACE('',(#806),#141,.F.);
#9397=ADVANCED_FACE('',(#807),#462,.T.);
#9398=ADVANCED_FACE('',(#808),#142,.F.);
#9399=ADVANCED_FACE('',(#809),#463,.T.);
#9400=ADVANCED_FACE('',(#810),#143,.F.);
#9401=ADVANCED_FACE('',(#811),#464,.T.);
#9402=ADVANCED_FACE('',(#812),#144,.F.);
#9403=ADVANCED_FACE('',(#813),#465,.T.);
#9404=ADVANCED_FACE('',(#814),#145,.F.);
#9405=ADVANCED_FACE('',(#815),#466,.T.);
#9406=ADVANCED_FACE('',(#816),#146,.F.);
#9407=ADVANCED_FACE('',(#817),#467,.T.);
#9408=ADVANCED_FACE('',(#818),#147,.F.);
#9409=ADVANCED_FACE('',(#819),#468,.T.);
#9410=ADVANCED_FACE('',(#820),#148,.F.);
#9411=ADVANCED_FACE('',(#821),#469,.T.);
#9412=ADVANCED_FACE('',(#822),#149,.F.);
#9413=ADVANCED_FACE('',(#823),#470,.T.);
#9414=ADVANCED_FACE('',(#824),#150,.F.);
#9415=ADVANCED_FACE('',(#825),#471,.T.);
#9416=ADVANCED_FACE('',(#826),#151,.F.);
#9417=ADVANCED_FACE('',(#827),#472,.T.);
#9418=ADVANCED_FACE('',(#828),#152,.F.);
#9419=ADVANCED_FACE('',(#829),#153,.F.);
#9420=ADVANCED_FACE('',(#830),#473,.T.);
#9421=ADVANCED_FACE('',(#831),#154,.F.);
#9422=ADVANCED_FACE('',(#832),#474,.T.);
#9423=ADVANCED_FACE('',(#833),#155,.F.);
#9424=ADVANCED_FACE('',(#834),#475,.T.);
#9425=ADVANCED_FACE('',(#835),#156,.F.);
#9426=ADVANCED_FACE('',(#836),#476,.T.);
#9427=ADVANCED_FACE('',(#837),#157,.F.);
#9428=ADVANCED_FACE('',(#838),#477,.T.);
#9429=ADVANCED_FACE('',(#839),#158,.F.);
#9430=ADVANCED_FACE('',(#840),#478,.T.);
#9431=ADVANCED_FACE('',(#841),#159,.F.);
#9432=ADVANCED_FACE('',(#842),#479,.T.);
#9433=ADVANCED_FACE('',(#843),#160,.F.);
#9434=ADVANCED_FACE('',(#844),#480,.T.);
#9435=ADVANCED_FACE('',(#845),#161,.F.);
#9436=ADVANCED_FACE('',(#846),#481,.T.);
#9437=ADVANCED_FACE('',(#847),#162,.F.);
#9438=ADVANCED_FACE('',(#848),#482,.T.);
#9439=ADVANCED_FACE('',(#849),#163,.F.);
#9440=ADVANCED_FACE('',(#850),#483,.T.);
#9441=ADVANCED_FACE('',(#851),#164,.F.);
#9442=ADVANCED_FACE('',(#852),#484,.T.);
#9443=ADVANCED_FACE('',(#853),#165,.F.);
#9444=ADVANCED_FACE('',(#854),#485,.T.);
#9445=ADVANCED_FACE('',(#855),#166,.F.);
#9446=ADVANCED_FACE('',(#856),#486,.T.);
#9447=ADVANCED_FACE('',(#857),#167,.F.);
#9448=ADVANCED_FACE('',(#858),#487,.T.);
#9449=ADVANCED_FACE('',(#859),#168,.F.);
#9450=ADVANCED_FACE('',(#860),#488,.T.);
#9451=ADVANCED_FACE('',(#861),#169,.F.);
#9452=ADVANCED_FACE('',(#862),#489,.T.);
#9453=ADVANCED_FACE('',(#863),#170,.F.);
#9454=ADVANCED_FACE('',(#864),#490,.T.);
#9455=ADVANCED_FACE('',(#865),#171,.F.);
#9456=ADVANCED_FACE('',(#866),#491,.T.);
#9457=ADVANCED_FACE('',(#867),#172,.F.);
#9458=ADVANCED_FACE('',(#868),#492,.T.);
#9459=ADVANCED_FACE('',(#869),#173,.F.);
#9460=ADVANCED_FACE('',(#870),#493,.T.);
#9461=ADVANCED_FACE('',(#871),#174,.F.);
#9462=ADVANCED_FACE('',(#872),#494,.T.);
#9463=ADVANCED_FACE('',(#873),#175,.F.);
#9464=ADVANCED_FACE('',(#874),#495,.T.);
#9465=ADVANCED_FACE('',(#875),#176,.F.);
#9466=ADVANCED_FACE('',(#876),#496,.T.);
#9467=ADVANCED_FACE('',(#877),#177,.F.);
#9468=ADVANCED_FACE('',(#878),#497,.T.);
#9469=ADVANCED_FACE('',(#879),#178,.F.);
#9470=ADVANCED_FACE('',(#880),#498,.T.);
#9471=ADVANCED_FACE('',(#881),#179,.F.);
#9472=ADVANCED_FACE('',(#882),#499,.T.);
#9473=ADVANCED_FACE('',(#883),#180,.F.);
#9474=ADVANCED_FACE('',(#884),#500,.T.);
#9475=ADVANCED_FACE('',(#885),#181,.F.);
#9476=ADVANCED_FACE('',(#886),#182,.F.);
#9477=ADVANCED_FACE('',(#887),#183,.F.);
#9478=ADVANCED_FACE('',(#888),#501,.T.);
#9479=ADVANCED_FACE('',(#889),#184,.F.);
#9480=ADVANCED_FACE('',(#890),#502,.T.);
#9481=ADVANCED_FACE('',(#891),#185,.F.);
#9482=ADVANCED_FACE('',(#892),#503,.T.);
#9483=ADVANCED_FACE('',(#893),#186,.F.);
#9484=ADVANCED_FACE('',(#894),#504,.T.);
#9485=ADVANCED_FACE('',(#895),#187,.F.);
#9486=ADVANCED_FACE('',(#896),#505,.T.);
#9487=ADVANCED_FACE('',(#897),#188,.F.);
#9488=ADVANCED_FACE('',(#898),#506,.T.);
#9489=ADVANCED_FACE('',(#899),#189,.F.);
#9490=ADVANCED_FACE('',(#900),#507,.T.);
#9491=ADVANCED_FACE('',(#901),#190,.F.);
#9492=ADVANCED_FACE('',(#902),#508,.T.);
#9493=ADVANCED_FACE('',(#903),#191,.F.);
#9494=ADVANCED_FACE('',(#904),#509,.T.);
#9495=ADVANCED_FACE('',(#905),#192,.F.);
#9496=ADVANCED_FACE('',(#906),#510,.T.);
#9497=ADVANCED_FACE('',(#907),#193,.F.);
#9498=ADVANCED_FACE('',(#908),#511,.T.);
#9499=ADVANCED_FACE('',(#909),#194,.F.);
#9500=ADVANCED_FACE('',(#910),#512,.T.);
#9501=ADVANCED_FACE('',(#911),#195,.F.);
#9502=ADVANCED_FACE('',(#912),#513,.T.);
#9503=ADVANCED_FACE('',(#913),#196,.F.);
#9504=ADVANCED_FACE('',(#914),#514,.T.);
#9505=ADVANCED_FACE('',(#915),#197,.F.);
#9506=ADVANCED_FACE('',(#916),#515,.T.);
#9507=ADVANCED_FACE('',(#917),#198,.F.);
#9508=ADVANCED_FACE('',(#918),#516,.T.);
#9509=ADVANCED_FACE('',(#919),#199,.F.);
#9510=ADVANCED_FACE('',(#920),#200,.F.);
#9511=ADVANCED_FACE('',(#921),#517,.T.);
#9512=ADVANCED_FACE('',(#922),#201,.F.);
#9513=ADVANCED_FACE('',(#923),#518,.T.);
#9514=ADVANCED_FACE('',(#924),#202,.F.);
#9515=ADVANCED_FACE('',(#925),#519,.T.);
#9516=ADVANCED_FACE('',(#926),#203,.F.);
#9517=ADVANCED_FACE('',(#927),#520,.T.);
#9518=ADVANCED_FACE('',(#928),#521,.T.);
#9519=ADVANCED_FACE('',(#929),#204,.F.);
#9520=ADVANCED_FACE('',(#930),#522,.T.);
#9521=ADVANCED_FACE('',(#931),#205,.F.);
#9522=ADVANCED_FACE('',(#932),#523,.T.);
#9523=ADVANCED_FACE('',(#933),#206,.F.);
#9524=ADVANCED_FACE('',(#934),#524,.T.);
#9525=ADVANCED_FACE('',(#935),#207,.F.);
#9526=ADVANCED_FACE('',(#936),#525,.T.);
#9527=ADVANCED_FACE('',(#937),#208,.F.);
#9528=ADVANCED_FACE('',(#938),#526,.T.);
#9529=ADVANCED_FACE('',(#939),#209,.F.);
#9530=ADVANCED_FACE('',(#940),#527,.T.);
#9531=ADVANCED_FACE('',(#941),#210,.F.);
#9532=ADVANCED_FACE('',(#942),#528,.T.);
#9533=ADVANCED_FACE('',(#943),#211,.F.);
#9534=ADVANCED_FACE('',(#944),#529,.T.);
#9535=ADVANCED_FACE('',(#945),#212,.F.);
#9536=ADVANCED_FACE('',(#946),#530,.T.);
#9537=ADVANCED_FACE('',(#947),#213,.F.);
#9538=ADVANCED_FACE('',(#948),#531,.T.);
#9539=ADVANCED_FACE('',(#949),#214,.F.);
#9540=ADVANCED_FACE('',(#950),#532,.T.);
#9541=ADVANCED_FACE('',(#951),#215,.F.);
#9542=ADVANCED_FACE('',(#952),#533,.T.);
#9543=ADVANCED_FACE('',(#953),#216,.F.);
#9544=ADVANCED_FACE('',(#954),#534,.T.);
#9545=ADVANCED_FACE('',(#955),#217,.F.);
#9546=ADVANCED_FACE('',(#956),#535,.T.);
#9547=ADVANCED_FACE('',(#957),#218,.F.);
#9548=ADVANCED_FACE('',(#958),#536,.T.);
#9549=ADVANCED_FACE('',(#959),#219,.F.);
#9550=ADVANCED_FACE('',(#960),#220,.F.);
#9551=ADVANCED_FACE('',(#961),#537,.T.);
#9552=ADVANCED_FACE('',(#962),#221,.F.);
#9553=ADVANCED_FACE('',(#963),#538,.T.);
#9554=ADVANCED_FACE('',(#964),#222,.F.);
#9555=ADVANCED_FACE('',(#965),#539,.T.);
#9556=ADVANCED_FACE('',(#966),#223,.F.);
#9557=ADVANCED_FACE('',(#967),#540,.T.);
#9558=ADVANCED_FACE('',(#968),#224,.F.);
#9559=ADVANCED_FACE('',(#969),#541,.T.);
#9560=ADVANCED_FACE('',(#970),#225,.F.);
#9561=ADVANCED_FACE('',(#971),#542,.T.);
#9562=ADVANCED_FACE('',(#972),#226,.F.);
#9563=ADVANCED_FACE('',(#973),#543,.T.);
#9564=ADVANCED_FACE('',(#974),#227,.F.);
#9565=ADVANCED_FACE('',(#975),#544,.T.);
#9566=ADVANCED_FACE('',(#976),#228,.F.);
#9567=ADVANCED_FACE('',(#977),#545,.T.);
#9568=ADVANCED_FACE('',(#978),#229,.F.);
#9569=ADVANCED_FACE('',(#979),#546,.T.);
#9570=ADVANCED_FACE('',(#980),#230,.F.);
#9571=ADVANCED_FACE('',(#981),#547,.T.);
#9572=ADVANCED_FACE('',(#982),#231,.F.);
#9573=ADVANCED_FACE('',(#983),#232,.F.);
#9574=ADVANCED_FACE('',(#984),#233,.F.);
#9575=ADVANCED_FACE('',(#985),#548,.T.);
#9576=ADVANCED_FACE('',(#986),#234,.F.);
#9577=ADVANCED_FACE('',(#987),#549,.T.);
#9578=ADVANCED_FACE('',(#988),#235,.F.);
#9579=ADVANCED_FACE('',(#989),#236,.F.);
#9580=ADVANCED_FACE('',(#990),#550,.T.);
#9581=ADVANCED_FACE('',(#991),#237,.F.);
#9582=ADVANCED_FACE('',(#992),#238,.F.);
#9583=ADVANCED_FACE('',(#993),#551,.T.);
#9584=ADVANCED_FACE('',(#994),#239,.F.);
#9585=ADVANCED_FACE('',(#995),#552,.T.);
#9586=ADVANCED_FACE('',(#996),#240,.F.);
#9587=ADVANCED_FACE('',(#997),#241,.F.);
#9588=ADVANCED_FACE('',(#998),#242,.F.);
#9589=ADVANCED_FACE('',(#999),#553,.T.);
#9590=ADVANCED_FACE('',(#1000),#243,.F.);
#9591=ADVANCED_FACE('',(#1001),#554,.T.);
#9592=ADVANCED_FACE('',(#1002),#244,.F.);
#9593=ADVANCED_FACE('',(#1003),#245,.F.);
#9594=ADVANCED_FACE('',(#1004),#555,.T.);
#9595=ADVANCED_FACE('',(#1005),#246,.F.);
#9596=ADVANCED_FACE('',(#1006),#247,.F.);
#9597=ADVANCED_FACE('',(#1007),#556,.T.);
#9598=ADVANCED_FACE('',(#1008),#248,.F.);
#9599=ADVANCED_FACE('',(#1009),#557,.T.);
#9600=ADVANCED_FACE('',(#1010),#249,.F.);
#9601=ADVANCED_FACE('',(#1011),#250,.F.);
#9602=ADVANCED_FACE('',(#1012),#251,.F.);
#9603=ADVANCED_FACE('',(#1013),#558,.T.);
#9604=ADVANCED_FACE('',(#1014),#252,.F.);
#9605=ADVANCED_FACE('',(#1015),#559,.T.);
#9606=ADVANCED_FACE('',(#1016),#253,.F.);
#9607=ADVANCED_FACE('',(#1017),#560,.T.);
#9608=ADVANCED_FACE('',(#1018),#254,.F.);
#9609=ADVANCED_FACE('',(#1019),#255,.F.);
#9610=ADVANCED_FACE('',(#1020),#561,.T.);
#9611=ADVANCED_FACE('',(#1021),#256,.F.);
#9612=ADVANCED_FACE('',(#1022),#562,.T.);
#9613=ADVANCED_FACE('',(#1023),#257,.F.);
#9614=ADVANCED_FACE('',(#1024),#258,.F.);
#9615=ADVANCED_FACE('',(#1025),#259,.F.);
#9616=ADVANCED_FACE('',(#1026),#563,.T.);
#9617=ADVANCED_FACE('',(#1027),#260,.F.);
#9618=ADVANCED_FACE('',(#1028),#564,.T.);
#9619=ADVANCED_FACE('',(#1029),#261,.F.);
#9620=ADVANCED_FACE('',(#1030),#262,.F.);
#9621=ADVANCED_FACE('',(#1031),#565,.T.);
#9622=ADVANCED_FACE('',(#1032),#263,.F.);
#9623=ADVANCED_FACE('',(#1033),#264,.F.);
#9624=ADVANCED_FACE('',(#1034),#566,.T.);
#9625=ADVANCED_FACE('',(#1035),#265,.F.);
#9626=ADVANCED_FACE('',(#1036),#567,.T.);
#9627=ADVANCED_FACE('',(#1037),#266,.F.);
#9628=ADVANCED_FACE('',(#1038),#267,.F.);
#9629=ADVANCED_FACE('',(#1039),#268,.F.);
#9630=ADVANCED_FACE('',(#1040),#568,.T.);
#9631=ADVANCED_FACE('',(#1041),#269,.F.);
#9632=ADVANCED_FACE('',(#1042),#569,.T.);
#9633=ADVANCED_FACE('',(#1043),#270,.F.);
#9634=ADVANCED_FACE('',(#1044),#570,.T.);
#9635=ADVANCED_FACE('',(#1045),#571,.T.);
#9636=ADVANCED_FACE('',(#1046),#572,.T.);
#9637=ADVANCED_FACE('',(#1047),#271,.F.);
#9638=ADVANCED_FACE('',(#1048),#573,.T.);
#9639=ADVANCED_FACE('',(#1049),#272,.F.);
#9640=ADVANCED_FACE('',(#1050),#574,.T.);
#9641=ADVANCED_FACE('',(#1051),#273,.F.);
#9642=ADVANCED_FACE('',(#1052),#575,.T.);
#9643=ADVANCED_FACE('',(#1053),#576,.T.);
#9644=ADVANCED_FACE('',(#1054),#274,.F.);
#9645=ADVANCED_FACE('',(#1055),#577,.T.);
#9646=ADVANCED_FACE('',(#1056),#578,.T.);
#9647=ADVANCED_FACE('',(#1057),#579,.T.);
#9648=CLOSED_SHELL('',(#9170,#9171,#9172,#9173,#9174,#9175,#9176,#9177,
#9178,#9179,#9180,#9181,#9182,#9183,#9184,#9185,#9186,#9187,#9188,#9189,
#9190,#9191,#9192,#9193,#9194,#9195,#9196,#9197,#9198,#9199,#9200,#9201,
#9202,#9203,#9204,#9205,#9206,#9207,#9208,#9209,#9210,#9211,#9212,#9213,
#9214,#9215,#9216,#9217,#9218,#9219,#9220,#9221,#9222,#9223,#9224,#9225,
#9226,#9227,#9228,#9229,#9230,#9231,#9232,#9233,#9234,#9235,#9236,#9237,
#9238,#9239,#9240,#9241,#9242,#9243,#9244,#9245,#9246,#9247,#9248,#9249,
#9250,#9251,#9252,#9253,#9254,#9255,#9256,#9257,#9258,#9259,#9260,#9261,
#9262,#9263,#9264,#9265,#9266,#9267,#9268,#9269,#9270,#9271,#9272,#9273,
#9274,#9275,#9276,#9277,#9278,#9279,#9280,#9281,#9282,#9283,#9284,#9285,
#9286,#9287,#9288,#9289,#9290,#9291,#9292,#9293,#9294,#9295,#9296,#9297,
#9298,#9299,#9300,#9301,#9302,#9303,#9304,#9305,#9306,#9307,#9308,#9309,
#9310,#9311,#9312,#9313,#9314,#9315,#9316,#9317,#9318,#9319,#9320,#9321,
#9322,#9323,#9324,#9325,#9326,#9327,#9328,#9329,#9330,#9331,#9332,#9333,
#9334,#9335,#9336,#9337,#9338,#9339,#9340,#9341,#9342,#9343,#9344,#9345,
#9346,#9347,#9348,#9349,#9350,#9351,#9352,#9353,#9354,#9355,#9356,#9357,
#9358,#9359,#9360,#9361,#9362,#9363,#9364,#9365,#9366,#9367,#9368,#9369,
#9370,#9371,#9372,#9373,#9374,#9375,#9376,#9377,#9378,#9379,#9380,#9381,
#9382,#9383,#9384,#9385,#9386,#9387,#9388,#9389,#9390,#9391,#9392,#9393,
#9394,#9395,#9396,#9397,#9398,#9399,#9400,#9401,#9402,#9403,#9404,#9405,
#9406,#9407,#9408,#9409,#9410,#9411,#9412,#9413,#9414,#9415,#9416,#9417,
#9418,#9419,#9420,#9421,#9422,#9423,#9424,#9425,#9426,#9427,#9428,#9429,
#9430,#9431,#9432,#9433,#9434,#9435,#9436,#9437,#9438,#9439,#9440,#9441,
#9442,#9443,#9444,#9445,#9446,#9447,#9448,#9449,#9450,#9451,#9452,#9453,
#9454,#9455,#9456,#9457,#9458,#9459,#9460,#9461,#9462,#9463,#9464,#9465,
#9466,#9467,#9468,#9469,#9470,#9471,#9472,#9473,#9474,#9475,#9476,#9477,
#9478,#9479,#9480,#9481,#9482,#9483,#9484,#9485,#9486,#9487,#9488,#9489,
#9490,#9491,#9492,#9493,#9494,#9495,#9496,#9497,#9498,#9499,#9500,#9501,
#9502,#9503,#9504,#9505,#9506,#9507,#9508,#9509,#9510,#9511,#9512,#9513,
#9514,#9515,#9516,#9517,#9518,#9519,#9520,#9521,#9522,#9523,#9524,#9525,
#9526,#9527,#9528,#9529,#9530,#9531,#9532,#9533,#9534,#9535,#9536,#9537,
#9538,#9539,#9540,#9541,#9542,#9543,#9544,#9545,#9546,#9547,#9548,#9549,
#9550,#9551,#9552,#9553,#9554,#9555,#9556,#9557,#9558,#9559,#9560,#9561,
#9562,#9563,#9564,#9565,#9566,#9567,#9568,#9569,#9570,#9571,#9572,#9573,
#9574,#9575,#9576,#9577,#9578,#9579,#9580,#9581,#9582,#9583,#9584,#9585,
#9586,#9587,#9588,#9589,#9590,#9591,#9592,#9593,#9594,#9595,#9596,#9597,
#9598,#9599,#9600,#9601,#9602,#9603,#9604,#9605,#9606,#9607,#9608,#9609,
#9610,#9611,#9612,#9613,#9614,#9615,#9616,#9617,#9618,#9619,#9620,#9621,
#9622,#9623,#9624,#9625,#9626,#9627,#9628,#9629,#9630,#9631,#9632,#9633,
#9634,#9635,#9636,#9637,#9638,#9639,#9640,#9641,#9642,#9643,#9644,#9645,
#9646,#9647));
#9649=AXIS2_PLACEMENT_3D('',#13559,#10653,#10654);
#9650=AXIS2_PLACEMENT_3D('',#13560,#10655,#10656);
#9651=AXIS2_PLACEMENT_3D('',#13562,#10657,#10658);
#9652=AXIS2_PLACEMENT_3D('',#13565,#10660,#10661);
#9653=AXIS2_PLACEMENT_3D('',#13566,#10662,#10663);
#9654=AXIS2_PLACEMENT_3D('',#13569,#10664,#10665);
#9655=AXIS2_PLACEMENT_3D('',#13571,#10666,#10667);
#9656=AXIS2_PLACEMENT_3D('',#13573,#10668,#10669);
#9657=AXIS2_PLACEMENT_3D('',#13577,#10671,#10672);
#9658=AXIS2_PLACEMENT_3D('',#13581,#10674,#10675);
#9659=AXIS2_PLACEMENT_3D('',#13585,#10677,#10678);
#9660=AXIS2_PLACEMENT_3D('',#13589,#10680,#10681);
#9661=AXIS2_PLACEMENT_3D('',#13591,#10682,#10683);
#9662=AXIS2_PLACEMENT_3D('',#13593,#10684,#10685);
#9663=AXIS2_PLACEMENT_3D('',#13597,#10687,#10688);
#9664=AXIS2_PLACEMENT_3D('',#13601,#10690,#10691);
#9665=AXIS2_PLACEMENT_3D('',#13605,#10693,#10694);
#9666=AXIS2_PLACEMENT_3D('',#13609,#10696,#10697);
#9667=AXIS2_PLACEMENT_3D('',#13611,#10698,#10699);
#9668=AXIS2_PLACEMENT_3D('',#13613,#10700,#10701);
#9669=AXIS2_PLACEMENT_3D('',#13617,#10703,#10704);
#9670=AXIS2_PLACEMENT_3D('',#13619,#10705,#10706);
#9671=AXIS2_PLACEMENT_3D('',#13621,#10707,#10708);
#9672=AXIS2_PLACEMENT_3D('',#13625,#10710,#10711);
#9673=AXIS2_PLACEMENT_3D('',#13629,#10713,#10714);
#9674=AXIS2_PLACEMENT_3D('',#13633,#10716,#10717);
#9675=AXIS2_PLACEMENT_3D('',#13637,#10719,#10720);
#9676=AXIS2_PLACEMENT_3D('',#13639,#10721,#10722);
#9677=AXIS2_PLACEMENT_3D('',#13641,#10723,#10724);
#9678=AXIS2_PLACEMENT_3D('',#13645,#10726,#10727);
#9679=AXIS2_PLACEMENT_3D('',#13649,#10729,#10730);
#9680=AXIS2_PLACEMENT_3D('',#13653,#10732,#10733);
#9681=AXIS2_PLACEMENT_3D('',#13657,#10735,#10736);
#9682=AXIS2_PLACEMENT_3D('',#13659,#10737,#10738);
#9683=AXIS2_PLACEMENT_3D('',#13661,#10739,#10740);
#9684=AXIS2_PLACEMENT_3D('',#13665,#10742,#10743);
#9685=AXIS2_PLACEMENT_3D('',#13667,#10744,#10745);
#9686=AXIS2_PLACEMENT_3D('',#13671,#10747,#10748);
#9687=AXIS2_PLACEMENT_3D('',#13673,#10749,#10750);
#9688=AXIS2_PLACEMENT_3D('',#13677,#10752,#10753);
#9689=AXIS2_PLACEMENT_3D('',#13681,#10755,#10756);
#9690=AXIS2_PLACEMENT_3D('',#13685,#10758,#10759);
#9691=AXIS2_PLACEMENT_3D('',#13687,#10760,#10761);
#9692=AXIS2_PLACEMENT_3D('',#13689,#10762,#10763);
#9693=AXIS2_PLACEMENT_3D('',#13693,#10765,#10766);
#9694=AXIS2_PLACEMENT_3D('',#13697,#10768,#10769);
#9695=AXIS2_PLACEMENT_3D('',#13701,#10771,#10772);
#9696=AXIS2_PLACEMENT_3D('',#13705,#10774,#10775);
#9697=AXIS2_PLACEMENT_3D('',#13707,#10776,#10777);
#9698=AXIS2_PLACEMENT_3D('',#13709,#10778,#10779);
#9699=AXIS2_PLACEMENT_3D('',#13713,#10781,#10782);
#9700=AXIS2_PLACEMENT_3D('',#13717,#10784,#10785);
#9701=AXIS2_PLACEMENT_3D('',#13721,#10787,#10788);
#9702=AXIS2_PLACEMENT_3D('',#13725,#10790,#10791);
#9703=AXIS2_PLACEMENT_3D('',#13727,#10792,#10793);
#9704=AXIS2_PLACEMENT_3D('',#13729,#10794,#10795);
#9705=AXIS2_PLACEMENT_3D('',#13733,#10797,#10798);
#9706=AXIS2_PLACEMENT_3D('',#13737,#10800,#10801);
#9707=AXIS2_PLACEMENT_3D('',#13741,#10803,#10804);
#9708=AXIS2_PLACEMENT_3D('',#13743,#10805,#10806);
#9709=AXIS2_PLACEMENT_3D('',#13745,#10807,#10808);
#9710=AXIS2_PLACEMENT_3D('',#13749,#10810,#10811);
#9711=AXIS2_PLACEMENT_3D('',#13753,#10813,#10814);
#9712=AXIS2_PLACEMENT_3D('',#13757,#10816,#10817);
#9713=AXIS2_PLACEMENT_3D('',#13761,#10819,#10820);
#9714=AXIS2_PLACEMENT_3D('',#13763,#10821,#10822);
#9715=AXIS2_PLACEMENT_3D('',#13765,#10823,#10824);
#9716=AXIS2_PLACEMENT_3D('',#13769,#10826,#10827);
#9717=AXIS2_PLACEMENT_3D('',#13773,#10829,#10830);
#9718=AXIS2_PLACEMENT_3D('',#13777,#10832,#10833);
#9719=AXIS2_PLACEMENT_3D('',#13781,#10835,#10836);
#9720=AXIS2_PLACEMENT_3D('',#13785,#10838,#10839);
#9721=AXIS2_PLACEMENT_3D('',#13787,#10840,#10841);
#9722=AXIS2_PLACEMENT_3D('',#13789,#10842,#10843);
#9723=AXIS2_PLACEMENT_3D('',#13793,#10845,#10846);
#9724=AXIS2_PLACEMENT_3D('',#13797,#10848,#10849);
#9725=AXIS2_PLACEMENT_3D('',#13801,#10851,#10852);
#9726=AXIS2_PLACEMENT_3D('',#13805,#10854,#10855);
#9727=AXIS2_PLACEMENT_3D('',#13809,#10857,#10858);
#9728=AXIS2_PLACEMENT_3D('',#13811,#10859,#10860);
#9729=AXIS2_PLACEMENT_3D('',#13813,#10861,#10862);
#9730=AXIS2_PLACEMENT_3D('',#13817,#10864,#10865);
#9731=AXIS2_PLACEMENT_3D('',#13821,#10867,#10868);
#9732=AXIS2_PLACEMENT_3D('',#13825,#10870,#10871);
#9733=AXIS2_PLACEMENT_3D('',#13829,#10873,#10874);
#9734=AXIS2_PLACEMENT_3D('',#13831,#10875,#10876);
#9735=AXIS2_PLACEMENT_3D('',#13833,#10877,#10878);
#9736=AXIS2_PLACEMENT_3D('',#13837,#10880,#10881);
#9737=AXIS2_PLACEMENT_3D('',#13841,#10883,#10884);
#9738=AXIS2_PLACEMENT_3D('',#13845,#10886,#10887);
#9739=AXIS2_PLACEMENT_3D('',#13849,#10889,#10890);
#9740=AXIS2_PLACEMENT_3D('',#13851,#10891,#10892);
#9741=AXIS2_PLACEMENT_3D('',#13853,#10893,#10894);
#9742=AXIS2_PLACEMENT_3D('',#13857,#10896,#10897);
#9743=AXIS2_PLACEMENT_3D('',#13861,#10899,#10900);
#9744=AXIS2_PLACEMENT_3D('',#13865,#10902,#10903);
#9745=AXIS2_PLACEMENT_3D('',#13867,#10904,#10905);
#9746=AXIS2_PLACEMENT_3D('',#13869,#10906,#10907);
#9747=AXIS2_PLACEMENT_3D('',#13873,#10909,#10910);
#9748=AXIS2_PLACEMENT_3D('',#13877,#10912,#10913);
#9749=AXIS2_PLACEMENT_3D('',#13881,#10915,#10916);
#9750=AXIS2_PLACEMENT_3D('',#13885,#10918,#10919);
#9751=AXIS2_PLACEMENT_3D('',#13887,#10920,#10921);
#9752=AXIS2_PLACEMENT_3D('',#13889,#10922,#10923);
#9753=AXIS2_PLACEMENT_3D('',#13893,#10925,#10926);
#9754=AXIS2_PLACEMENT_3D('',#13897,#10928,#10929);
#9755=AXIS2_PLACEMENT_3D('',#13901,#10931,#10932);
#9756=AXIS2_PLACEMENT_3D('',#13905,#10934,#10935);
#9757=AXIS2_PLACEMENT_3D('',#13907,#10936,#10937);
#9758=AXIS2_PLACEMENT_3D('',#13909,#10938,#10939);
#9759=AXIS2_PLACEMENT_3D('',#13913,#10941,#10942);
#9760=AXIS2_PLACEMENT_3D('',#13917,#10944,#10945);
#9761=AXIS2_PLACEMENT_3D('',#13921,#10947,#10948);
#9762=AXIS2_PLACEMENT_3D('',#13925,#10950,#10951);
#9763=AXIS2_PLACEMENT_3D('',#13928,#10953,#10954);
#9764=AXIS2_PLACEMENT_3D('',#13930,#10955,#10956);
#9765=AXIS2_PLACEMENT_3D('',#13933,#10957,#10958);
#9766=AXIS2_PLACEMENT_3D('',#13937,#10960,#10961);
#9767=AXIS2_PLACEMENT_3D('',#13941,#10963,#10964);
#9768=AXIS2_PLACEMENT_3D('',#13945,#10966,#10967);
#9769=AXIS2_PLACEMENT_3D('',#13949,#10969,#10970);
#9770=AXIS2_PLACEMENT_3D('',#13953,#10972,#10973);
#9771=AXIS2_PLACEMENT_3D('',#13957,#10975,#10976);
#9772=AXIS2_PLACEMENT_3D('',#13961,#10978,#10979);
#9773=AXIS2_PLACEMENT_3D('',#13965,#10981,#10982);
#9774=AXIS2_PLACEMENT_3D('',#13969,#10984,#10985);
#9775=AXIS2_PLACEMENT_3D('',#13973,#10987,#10988);
#9776=AXIS2_PLACEMENT_3D('',#13977,#10990,#10991);
#9777=AXIS2_PLACEMENT_3D('',#13980,#10993,#10994);
#9778=AXIS2_PLACEMENT_3D('',#13983,#10995,#10996);
#9779=AXIS2_PLACEMENT_3D('',#13987,#10998,#10999);
#9780=AXIS2_PLACEMENT_3D('',#13991,#11001,#11002);
#9781=AXIS2_PLACEMENT_3D('',#13995,#11004,#11005);
#9782=AXIS2_PLACEMENT_3D('',#13999,#11007,#11008);
#9783=AXIS2_PLACEMENT_3D('',#14003,#11010,#11011);
#9784=AXIS2_PLACEMENT_3D('',#14007,#11013,#11014);
#9785=AXIS2_PLACEMENT_3D('',#14011,#11016,#11017);
#9786=AXIS2_PLACEMENT_3D('',#14015,#11019,#11020);
#9787=AXIS2_PLACEMENT_3D('',#14019,#11022,#11023);
#9788=AXIS2_PLACEMENT_3D('',#14023,#11025,#11026);
#9789=AXIS2_PLACEMENT_3D('',#14027,#11028,#11029);
#9790=AXIS2_PLACEMENT_3D('',#14031,#11031,#11032);
#9791=AXIS2_PLACEMENT_3D('',#14035,#11034,#11035);
#9792=AXIS2_PLACEMENT_3D('',#14039,#11037,#11038);
#9793=AXIS2_PLACEMENT_3D('',#14043,#11040,#11041);
#9794=AXIS2_PLACEMENT_3D('',#14046,#11043,#11044);
#9795=AXIS2_PLACEMENT_3D('',#14049,#11045,#11046);
#9796=AXIS2_PLACEMENT_3D('',#14053,#11048,#11049);
#9797=AXIS2_PLACEMENT_3D('',#14057,#11051,#11052);
#9798=AXIS2_PLACEMENT_3D('',#14061,#11054,#11055);
#9799=AXIS2_PLACEMENT_3D('',#14065,#11057,#11058);
#9800=AXIS2_PLACEMENT_3D('',#14069,#11060,#11061);
#9801=AXIS2_PLACEMENT_3D('',#14073,#11063,#11064);
#9802=AXIS2_PLACEMENT_3D('',#14077,#11066,#11067);
#9803=AXIS2_PLACEMENT_3D('',#14081,#11069,#11070);
#9804=AXIS2_PLACEMENT_3D('',#14085,#11072,#11073);
#9805=AXIS2_PLACEMENT_3D('',#14089,#11075,#11076);
#9806=AXIS2_PLACEMENT_3D('',#14093,#11078,#11079);
#9807=AXIS2_PLACEMENT_3D('',#14097,#11081,#11082);
#9808=AXIS2_PLACEMENT_3D('',#14101,#11084,#11085);
#9809=AXIS2_PLACEMENT_3D('',#14105,#11087,#11088);
#9810=AXIS2_PLACEMENT_3D('',#14109,#11090,#11091);
#9811=AXIS2_PLACEMENT_3D('',#14113,#11093,#11094);
#9812=AXIS2_PLACEMENT_3D('',#14117,#11096,#11097);
#9813=AXIS2_PLACEMENT_3D('',#14121,#11099,#11100);
#9814=AXIS2_PLACEMENT_3D('',#14125,#11102,#11103);
#9815=AXIS2_PLACEMENT_3D('',#14129,#11105,#11106);
#9816=AXIS2_PLACEMENT_3D('',#14133,#11108,#11109);
#9817=AXIS2_PLACEMENT_3D('',#14137,#11111,#11112);
#9818=AXIS2_PLACEMENT_3D('',#14141,#11114,#11115);
#9819=AXIS2_PLACEMENT_3D('',#14145,#11117,#11118);
#9820=AXIS2_PLACEMENT_3D('',#14149,#11120,#11121);
#9821=AXIS2_PLACEMENT_3D('',#14153,#11123,#11124);
#9822=AXIS2_PLACEMENT_3D('',#14157,#11126,#11127);
#9823=AXIS2_PLACEMENT_3D('',#14161,#11129,#11130);
#9824=AXIS2_PLACEMENT_3D('',#14165,#11132,#11133);
#9825=AXIS2_PLACEMENT_3D('',#14169,#11135,#11136);
#9826=AXIS2_PLACEMENT_3D('',#14173,#11138,#11139);
#9827=AXIS2_PLACEMENT_3D('',#14177,#11141,#11142);
#9828=AXIS2_PLACEMENT_3D('',#14181,#11144,#11145);
#9829=AXIS2_PLACEMENT_3D('',#14185,#11147,#11148);
#9830=AXIS2_PLACEMENT_3D('',#14189,#11150,#11151);
#9831=AXIS2_PLACEMENT_3D('',#14193,#11153,#11154);
#9832=AXIS2_PLACEMENT_3D('',#14197,#11156,#11157);
#9833=AXIS2_PLACEMENT_3D('',#14201,#11159,#11160);
#9834=AXIS2_PLACEMENT_3D('',#14205,#11162,#11163);
#9835=AXIS2_PLACEMENT_3D('',#14208,#11165,#11166);
#9836=AXIS2_PLACEMENT_3D('',#14211,#11167,#11168);
#9837=AXIS2_PLACEMENT_3D('',#14215,#11170,#11171);
#9838=AXIS2_PLACEMENT_3D('',#14219,#11173,#11174);
#9839=AXIS2_PLACEMENT_3D('',#14223,#11176,#11177);
#9840=AXIS2_PLACEMENT_3D('',#14227,#11179,#11180);
#9841=AXIS2_PLACEMENT_3D('',#14231,#11182,#11183);
#9842=AXIS2_PLACEMENT_3D('',#14235,#11185,#11186);
#9843=AXIS2_PLACEMENT_3D('',#14239,#11188,#11189);
#9844=AXIS2_PLACEMENT_3D('',#14243,#11191,#11192);
#9845=AXIS2_PLACEMENT_3D('',#14247,#11194,#11195);
#9846=AXIS2_PLACEMENT_3D('',#14251,#11197,#11198);
#9847=AXIS2_PLACEMENT_3D('',#14255,#11200,#11201);
#9848=AXIS2_PLACEMENT_3D('',#14259,#11203,#11204);
#9849=AXIS2_PLACEMENT_3D('',#14263,#11206,#11207);
#9850=AXIS2_PLACEMENT_3D('',#14267,#11209,#11210);
#9851=AXIS2_PLACEMENT_3D('',#14271,#11212,#11213);
#9852=AXIS2_PLACEMENT_3D('',#14275,#11215,#11216);
#9853=AXIS2_PLACEMENT_3D('',#14279,#11218,#11219);
#9854=AXIS2_PLACEMENT_3D('',#14283,#11221,#11222);
#9855=AXIS2_PLACEMENT_3D('',#14287,#11224,#11225);
#9856=AXIS2_PLACEMENT_3D('',#14291,#11227,#11228);
#9857=AXIS2_PLACEMENT_3D('',#14295,#11230,#11231);
#9858=AXIS2_PLACEMENT_3D('',#14299,#11233,#11234);
#9859=AXIS2_PLACEMENT_3D('',#14303,#11236,#11237);
#9860=AXIS2_PLACEMENT_3D('',#14307,#11239,#11240);
#9861=AXIS2_PLACEMENT_3D('',#14311,#11242,#11243);
#9862=AXIS2_PLACEMENT_3D('',#14315,#11245,#11246);
#9863=AXIS2_PLACEMENT_3D('',#14319,#11248,#11249);
#9864=AXIS2_PLACEMENT_3D('',#14322,#11251,#11252);
#9865=AXIS2_PLACEMENT_3D('',#14324,#11253,#11254);
#9866=AXIS2_PLACEMENT_3D('',#14327,#11255,#11256);
#9867=AXIS2_PLACEMENT_3D('',#14331,#11258,#11259);
#9868=AXIS2_PLACEMENT_3D('',#14335,#11261,#11262);
#9869=AXIS2_PLACEMENT_3D('',#14339,#11264,#11265);
#9870=AXIS2_PLACEMENT_3D('',#14343,#11267,#11268);
#9871=AXIS2_PLACEMENT_3D('',#14347,#11270,#11271);
#9872=AXIS2_PLACEMENT_3D('',#14351,#11273,#11274);
#9873=AXIS2_PLACEMENT_3D('',#14355,#11276,#11277);
#9874=AXIS2_PLACEMENT_3D('',#14359,#11279,#11280);
#9875=AXIS2_PLACEMENT_3D('',#14363,#11282,#11283);
#9876=AXIS2_PLACEMENT_3D('',#14367,#11285,#11286);
#9877=AXIS2_PLACEMENT_3D('',#14371,#11288,#11289);
#9878=AXIS2_PLACEMENT_3D('',#14375,#11291,#11292);
#9879=AXIS2_PLACEMENT_3D('',#14379,#11294,#11295);
#9880=AXIS2_PLACEMENT_3D('',#14383,#11297,#11298);
#9881=AXIS2_PLACEMENT_3D('',#14387,#11300,#11301);
#9882=AXIS2_PLACEMENT_3D('',#14393,#11304,#11305);
#9883=AXIS2_PLACEMENT_3D('',#14397,#11307,#11308);
#9884=AXIS2_PLACEMENT_3D('',#14401,#11310,#11311);
#9885=AXIS2_PLACEMENT_3D('',#14404,#11313,#11314);
#9886=AXIS2_PLACEMENT_3D('',#14407,#11315,#11316);
#9887=AXIS2_PLACEMENT_3D('',#14411,#11318,#11319);
#9888=AXIS2_PLACEMENT_3D('',#14415,#11321,#11322);
#9889=AXIS2_PLACEMENT_3D('',#14419,#11324,#11325);
#9890=AXIS2_PLACEMENT_3D('',#14423,#11327,#11328);
#9891=AXIS2_PLACEMENT_3D('',#14427,#11330,#11331);
#9892=AXIS2_PLACEMENT_3D('',#14431,#11333,#11334);
#9893=AXIS2_PLACEMENT_3D('',#14435,#11336,#11337);
#9894=AXIS2_PLACEMENT_3D('',#14439,#11339,#11340);
#9895=AXIS2_PLACEMENT_3D('',#14443,#11342,#11343);
#9896=AXIS2_PLACEMENT_3D('',#14447,#11345,#11346);
#9897=AXIS2_PLACEMENT_3D('',#14451,#11348,#11349);
#9898=AXIS2_PLACEMENT_3D('',#14455,#11351,#11352);
#9899=AXIS2_PLACEMENT_3D('',#14459,#11354,#11355);
#9900=AXIS2_PLACEMENT_3D('',#14463,#11357,#11358);
#9901=AXIS2_PLACEMENT_3D('',#14467,#11360,#11361);
#9902=AXIS2_PLACEMENT_3D('',#14470,#11363,#11364);
#9903=AXIS2_PLACEMENT_3D('',#14473,#11365,#11366);
#9904=AXIS2_PLACEMENT_3D('',#14477,#11368,#11369);
#9905=AXIS2_PLACEMENT_3D('',#14481,#11371,#11372);
#9906=AXIS2_PLACEMENT_3D('',#14485,#11374,#11375);
#9907=AXIS2_PLACEMENT_3D('',#14489,#11377,#11378);
#9908=AXIS2_PLACEMENT_3D('',#14493,#11380,#11381);
#9909=AXIS2_PLACEMENT_3D('',#14497,#11383,#11384);
#9910=AXIS2_PLACEMENT_3D('',#14501,#11386,#11387);
#9911=AXIS2_PLACEMENT_3D('',#14504,#11389,#11390);
#9912=AXIS2_PLACEMENT_3D('',#14506,#11391,#11392);
#9913=AXIS2_PLACEMENT_3D('',#14507,#11393,#11394);
#9914=AXIS2_PLACEMENT_3D('',#14509,#11395,#11396);
#9915=AXIS2_PLACEMENT_3D('',#14511,#11398,#11399);
#9916=AXIS2_PLACEMENT_3D('',#14514,#11401,#11402);
#9917=AXIS2_PLACEMENT_3D('',#14515,#11403,#11404);
#9918=AXIS2_PLACEMENT_3D('',#14517,#11405,#11406);
#9919=AXIS2_PLACEMENT_3D('',#14519,#11408,#11409);
#9920=AXIS2_PLACEMENT_3D('',#14522,#11411,#11412);
#9921=AXIS2_PLACEMENT_3D('',#14523,#11413,#11414);
#9922=AXIS2_PLACEMENT_3D('',#14525,#11415,#11416);
#9923=AXIS2_PLACEMENT_3D('',#14527,#11418,#11419);
#9924=AXIS2_PLACEMENT_3D('',#14530,#11421,#11422);
#9925=AXIS2_PLACEMENT_3D('',#14531,#11423,#11424);
#9926=AXIS2_PLACEMENT_3D('',#14533,#11425,#11426);
#9927=AXIS2_PLACEMENT_3D('',#14535,#11428,#11429);
#9928=AXIS2_PLACEMENT_3D('',#14538,#11431,#11432);
#9929=AXIS2_PLACEMENT_3D('',#14539,#11433,#11434);
#9930=AXIS2_PLACEMENT_3D('',#14541,#11435,#11436);
#9931=AXIS2_PLACEMENT_3D('',#14543,#11438,#11439);
#9932=AXIS2_PLACEMENT_3D('',#14546,#11440,#11441);
#9933=AXIS2_PLACEMENT_3D('',#14549,#11444,#11445);
#9934=AXIS2_PLACEMENT_3D('',#14553,#11448,#11449);
#9935=AXIS2_PLACEMENT_3D('',#14556,#11450,#11451);
#9936=AXIS2_PLACEMENT_3D('',#14559,#11454,#11455);
#9937=AXIS2_PLACEMENT_3D('',#14563,#11458,#11459);
#9938=AXIS2_PLACEMENT_3D('',#14565,#11460,#11461);
#9939=AXIS2_PLACEMENT_3D('',#14569,#11463,#11464);
#9940=AXIS2_PLACEMENT_3D('',#14573,#11466,#11467);
#9941=AXIS2_PLACEMENT_3D('',#14577,#11469,#11470);
#9942=AXIS2_PLACEMENT_3D('',#14581,#11472,#11473);
#9943=AXIS2_PLACEMENT_3D('',#14583,#11474,#11475);
#9944=AXIS2_PLACEMENT_3D('',#14585,#11476,#11477);
#9945=AXIS2_PLACEMENT_3D('',#14589,#11479,#11480);
#9946=AXIS2_PLACEMENT_3D('',#14593,#11482,#11483);
#9947=AXIS2_PLACEMENT_3D('',#14597,#11485,#11486);
#9948=AXIS2_PLACEMENT_3D('',#14601,#11488,#11489);
#9949=AXIS2_PLACEMENT_3D('',#14603,#11490,#11491);
#9950=AXIS2_PLACEMENT_3D('',#14605,#11492,#11493);
#9951=AXIS2_PLACEMENT_3D('',#14609,#11495,#11496);
#9952=AXIS2_PLACEMENT_3D('',#14613,#11498,#11499);
#9953=AXIS2_PLACEMENT_3D('',#14617,#11501,#11502);
#9954=AXIS2_PLACEMENT_3D('',#14621,#11504,#11505);
#9955=AXIS2_PLACEMENT_3D('',#14623,#11506,#11507);
#9956=AXIS2_PLACEMENT_3D('',#14625,#11508,#11509);
#9957=AXIS2_PLACEMENT_3D('',#14629,#11511,#11512);
#9958=AXIS2_PLACEMENT_3D('',#14633,#11514,#11515);
#9959=AXIS2_PLACEMENT_3D('',#14637,#11517,#11518);
#9960=AXIS2_PLACEMENT_3D('',#14639,#11519,#11520);
#9961=AXIS2_PLACEMENT_3D('',#14641,#11521,#11522);
#9962=AXIS2_PLACEMENT_3D('',#14645,#11524,#11525);
#9963=AXIS2_PLACEMENT_3D('',#14649,#11527,#11528);
#9964=AXIS2_PLACEMENT_3D('',#14653,#11530,#11531);
#9965=AXIS2_PLACEMENT_3D('',#14657,#11533,#11534);
#9966=AXIS2_PLACEMENT_3D('',#14659,#11535,#11536);
#9967=AXIS2_PLACEMENT_3D('',#14661,#11537,#11538);
#9968=AXIS2_PLACEMENT_3D('',#14665,#11540,#11541);
#9969=AXIS2_PLACEMENT_3D('',#14669,#11543,#11544);
#9970=AXIS2_PLACEMENT_3D('',#14673,#11546,#11547);
#9971=AXIS2_PLACEMENT_3D('',#14677,#11549,#11550);
#9972=AXIS2_PLACEMENT_3D('',#14679,#11551,#11552);
#9973=AXIS2_PLACEMENT_3D('',#14681,#11553,#11554);
#9974=AXIS2_PLACEMENT_3D('',#14685,#11556,#11557);
#9975=AXIS2_PLACEMENT_3D('',#14689,#11559,#11560);
#9976=AXIS2_PLACEMENT_3D('',#14693,#11562,#11563);
#9977=AXIS2_PLACEMENT_3D('',#14697,#11565,#11566);
#9978=AXIS2_PLACEMENT_3D('',#14701,#11568,#11569);
#9979=AXIS2_PLACEMENT_3D('',#14703,#11570,#11571);
#9980=AXIS2_PLACEMENT_3D('',#14705,#11572,#11573);
#9981=AXIS2_PLACEMENT_3D('',#14709,#11575,#11576);
#9982=AXIS2_PLACEMENT_3D('',#14713,#11578,#11579);
#9983=AXIS2_PLACEMENT_3D('',#14717,#11581,#11582);
#9984=AXIS2_PLACEMENT_3D('',#14721,#11584,#11585);
#9985=AXIS2_PLACEMENT_3D('',#14725,#11587,#11588);
#9986=AXIS2_PLACEMENT_3D('',#14727,#11589,#11590);
#9987=AXIS2_PLACEMENT_3D('',#14729,#11591,#11592);
#9988=AXIS2_PLACEMENT_3D('',#14733,#11594,#11595);
#9989=AXIS2_PLACEMENT_3D('',#14737,#11597,#11598);
#9990=AXIS2_PLACEMENT_3D('',#14741,#11600,#11601);
#9991=AXIS2_PLACEMENT_3D('',#14745,#11603,#11604);
#9992=AXIS2_PLACEMENT_3D('',#14747,#11605,#11606);
#9993=AXIS2_PLACEMENT_3D('',#14749,#11607,#11608);
#9994=AXIS2_PLACEMENT_3D('',#14753,#11610,#11611);
#9995=AXIS2_PLACEMENT_3D('',#14757,#11613,#11614);
#9996=AXIS2_PLACEMENT_3D('',#14761,#11616,#11617);
#9997=AXIS2_PLACEMENT_3D('',#14763,#11618,#11619);
#9998=AXIS2_PLACEMENT_3D('',#14765,#11620,#11621);
#9999=AXIS2_PLACEMENT_3D('',#14769,#11623,#11624);
#10000=AXIS2_PLACEMENT_3D('',#14773,#11626,#11627);
#10001=AXIS2_PLACEMENT_3D('',#14777,#11629,#11630);
#10002=AXIS2_PLACEMENT_3D('',#14781,#11632,#11633);
#10003=AXIS2_PLACEMENT_3D('',#14783,#11634,#11635);
#10004=AXIS2_PLACEMENT_3D('',#14785,#11636,#11637);
#10005=AXIS2_PLACEMENT_3D('',#14789,#11639,#11640);
#10006=AXIS2_PLACEMENT_3D('',#14793,#11642,#11643);
#10007=AXIS2_PLACEMENT_3D('',#14797,#11645,#11646);
#10008=AXIS2_PLACEMENT_3D('',#14801,#11648,#11649);
#10009=AXIS2_PLACEMENT_3D('',#14803,#11650,#11651);
#10010=AXIS2_PLACEMENT_3D('',#14805,#11652,#11653);
#10011=AXIS2_PLACEMENT_3D('',#14809,#11655,#11656);
#10012=AXIS2_PLACEMENT_3D('',#14813,#11658,#11659);
#10013=AXIS2_PLACEMENT_3D('',#14817,#11661,#11662);
#10014=AXIS2_PLACEMENT_3D('',#14819,#11663,#11664);
#10015=AXIS2_PLACEMENT_3D('',#14823,#11666,#11667);
#10016=AXIS2_PLACEMENT_3D('',#14825,#11668,#11669);
#10017=AXIS2_PLACEMENT_3D('',#14829,#11671,#11672);
#10018=AXIS2_PLACEMENT_3D('',#14831,#11673,#11674);
#10019=AXIS2_PLACEMENT_3D('',#14833,#11675,#11676);
#10020=AXIS2_PLACEMENT_3D('',#14837,#11678,#11679);
#10021=AXIS2_PLACEMENT_3D('',#14841,#11681,#11682);
#10022=AXIS2_PLACEMENT_3D('',#14845,#11684,#11685);
#10023=AXIS2_PLACEMENT_3D('',#14849,#11687,#11688);
#10024=AXIS2_PLACEMENT_3D('',#14851,#11689,#11690);
#10025=AXIS2_PLACEMENT_3D('',#14853,#11691,#11692);
#10026=AXIS2_PLACEMENT_3D('',#14857,#11694,#11695);
#10027=AXIS2_PLACEMENT_3D('',#14861,#11697,#11698);
#10028=AXIS2_PLACEMENT_3D('',#14865,#11700,#11701);
#10029=AXIS2_PLACEMENT_3D('',#14869,#11703,#11704);
#10030=AXIS2_PLACEMENT_3D('',#14871,#11705,#11706);
#10031=AXIS2_PLACEMENT_3D('',#14873,#11707,#11708);
#10032=AXIS2_PLACEMENT_3D('',#14877,#11710,#11711);
#10033=AXIS2_PLACEMENT_3D('',#14879,#11712,#11713);
#10034=AXIS2_PLACEMENT_3D('',#14881,#11714,#11715);
#10035=AXIS2_PLACEMENT_3D('',#14885,#11717,#11718);
#10036=AXIS2_PLACEMENT_3D('',#14889,#11720,#11721);
#10037=AXIS2_PLACEMENT_3D('',#14893,#11723,#11724);
#10038=AXIS2_PLACEMENT_3D('',#14897,#11726,#11727);
#10039=AXIS2_PLACEMENT_3D('',#14899,#11728,#11729);
#10040=AXIS2_PLACEMENT_3D('',#14901,#11730,#11731);
#10041=AXIS2_PLACEMENT_3D('',#14905,#11733,#11734);
#10042=AXIS2_PLACEMENT_3D('',#14909,#11736,#11737);
#10043=AXIS2_PLACEMENT_3D('',#14912,#11739,#11740);
#10044=AXIS2_PLACEMENT_3D('',#14913,#11741,#11742);
#10045=AXIS2_PLACEMENT_3D('',#14916,#11743,#11744);
#10046=AXIS2_PLACEMENT_3D('',#14920,#11746,#11747);
#10047=AXIS2_PLACEMENT_3D('',#14924,#11749,#11750);
#10048=AXIS2_PLACEMENT_3D('',#14928,#11752,#11753);
#10049=AXIS2_PLACEMENT_3D('',#14932,#11755,#11756);
#10050=AXIS2_PLACEMENT_3D('',#14936,#11758,#11759);
#10051=AXIS2_PLACEMENT_3D('',#14940,#11761,#11762);
#10052=AXIS2_PLACEMENT_3D('',#14944,#11764,#11765);
#10053=AXIS2_PLACEMENT_3D('',#14947,#11767,#11768);
#10054=AXIS2_PLACEMENT_3D('',#14950,#11769,#11770);
#10055=AXIS2_PLACEMENT_3D('',#14954,#11772,#11773);
#10056=AXIS2_PLACEMENT_3D('',#14958,#11775,#11776);
#10057=AXIS2_PLACEMENT_3D('',#14962,#11778,#11779);
#10058=AXIS2_PLACEMENT_3D('',#14966,#11781,#11782);
#10059=AXIS2_PLACEMENT_3D('',#14970,#11784,#11785);
#10060=AXIS2_PLACEMENT_3D('',#14974,#11787,#11788);
#10061=AXIS2_PLACEMENT_3D('',#14978,#11790,#11791);
#10062=AXIS2_PLACEMENT_3D('',#14982,#11793,#11794);
#10063=AXIS2_PLACEMENT_3D('',#14986,#11796,#11797);
#10064=AXIS2_PLACEMENT_3D('',#14990,#11799,#11800);
#10065=AXIS2_PLACEMENT_3D('',#14994,#11802,#11803);
#10066=AXIS2_PLACEMENT_3D('',#14998,#11805,#11806);
#10067=AXIS2_PLACEMENT_3D('',#15002,#11808,#11809);
#10068=AXIS2_PLACEMENT_3D('',#15006,#11811,#11812);
#10069=AXIS2_PLACEMENT_3D('',#15010,#11814,#11815);
#10070=AXIS2_PLACEMENT_3D('',#15016,#11818,#11819);
#10071=AXIS2_PLACEMENT_3D('',#15020,#11821,#11822);
#10072=AXIS2_PLACEMENT_3D('',#15024,#11824,#11825);
#10073=AXIS2_PLACEMENT_3D('',#15027,#11827,#11828);
#10074=AXIS2_PLACEMENT_3D('',#15030,#11829,#11830);
#10075=AXIS2_PLACEMENT_3D('',#15034,#11832,#11833);
#10076=AXIS2_PLACEMENT_3D('',#15038,#11835,#11836);
#10077=AXIS2_PLACEMENT_3D('',#15042,#11838,#11839);
#10078=AXIS2_PLACEMENT_3D('',#15046,#11841,#11842);
#10079=AXIS2_PLACEMENT_3D('',#15050,#11844,#11845);
#10080=AXIS2_PLACEMENT_3D('',#15054,#11847,#11848);
#10081=AXIS2_PLACEMENT_3D('',#15058,#11850,#11851);
#10082=AXIS2_PLACEMENT_3D('',#15062,#11853,#11854);
#10083=AXIS2_PLACEMENT_3D('',#15066,#11856,#11857);
#10084=AXIS2_PLACEMENT_3D('',#15070,#11859,#11860);
#10085=AXIS2_PLACEMENT_3D('',#15074,#11862,#11863);
#10086=AXIS2_PLACEMENT_3D('',#15078,#11865,#11866);
#10087=AXIS2_PLACEMENT_3D('',#15082,#11868,#11869);
#10088=AXIS2_PLACEMENT_3D('',#15086,#11871,#11872);
#10089=AXIS2_PLACEMENT_3D('',#15090,#11874,#11875);
#10090=AXIS2_PLACEMENT_3D('',#15093,#11877,#11878);
#10091=AXIS2_PLACEMENT_3D('',#15095,#11879,#11880);
#10092=AXIS2_PLACEMENT_3D('',#15098,#11881,#11882);
#10093=AXIS2_PLACEMENT_3D('',#15102,#11884,#11885);
#10094=AXIS2_PLACEMENT_3D('',#15106,#11887,#11888);
#10095=AXIS2_PLACEMENT_3D('',#15110,#11890,#11891);
#10096=AXIS2_PLACEMENT_3D('',#15114,#11893,#11894);
#10097=AXIS2_PLACEMENT_3D('',#15118,#11896,#11897);
#10098=AXIS2_PLACEMENT_3D('',#15122,#11899,#11900);
#10099=AXIS2_PLACEMENT_3D('',#15126,#11902,#11903);
#10100=AXIS2_PLACEMENT_3D('',#15130,#11905,#11906);
#10101=AXIS2_PLACEMENT_3D('',#15134,#11908,#11909);
#10102=AXIS2_PLACEMENT_3D('',#15138,#11911,#11912);
#10103=AXIS2_PLACEMENT_3D('',#15142,#11914,#11915);
#10104=AXIS2_PLACEMENT_3D('',#15146,#11917,#11918);
#10105=AXIS2_PLACEMENT_3D('',#15150,#11920,#11921);
#10106=AXIS2_PLACEMENT_3D('',#15154,#11923,#11924);
#10107=AXIS2_PLACEMENT_3D('',#15158,#11926,#11927);
#10108=AXIS2_PLACEMENT_3D('',#15162,#11929,#11930);
#10109=AXIS2_PLACEMENT_3D('',#15166,#11932,#11933);
#10110=AXIS2_PLACEMENT_3D('',#15170,#11935,#11936);
#10111=AXIS2_PLACEMENT_3D('',#15174,#11938,#11939);
#10112=AXIS2_PLACEMENT_3D('',#15178,#11941,#11942);
#10113=AXIS2_PLACEMENT_3D('',#15182,#11944,#11945);
#10114=AXIS2_PLACEMENT_3D('',#15186,#11947,#11948);
#10115=AXIS2_PLACEMENT_3D('',#15190,#11950,#11951);
#10116=AXIS2_PLACEMENT_3D('',#15194,#11953,#11954);
#10117=AXIS2_PLACEMENT_3D('',#15198,#11956,#11957);
#10118=AXIS2_PLACEMENT_3D('',#15202,#11959,#11960);
#10119=AXIS2_PLACEMENT_3D('',#15206,#11962,#11963);
#10120=AXIS2_PLACEMENT_3D('',#15209,#11965,#11966);
#10121=AXIS2_PLACEMENT_3D('',#15212,#11967,#11968);
#10122=AXIS2_PLACEMENT_3D('',#15216,#11970,#11971);
#10123=AXIS2_PLACEMENT_3D('',#15220,#11973,#11974);
#10124=AXIS2_PLACEMENT_3D('',#15224,#11976,#11977);
#10125=AXIS2_PLACEMENT_3D('',#15228,#11979,#11980);
#10126=AXIS2_PLACEMENT_3D('',#15232,#11982,#11983);
#10127=AXIS2_PLACEMENT_3D('',#15236,#11985,#11986);
#10128=AXIS2_PLACEMENT_3D('',#15240,#11988,#11989);
#10129=AXIS2_PLACEMENT_3D('',#15244,#11991,#11992);
#10130=AXIS2_PLACEMENT_3D('',#15248,#11994,#11995);
#10131=AXIS2_PLACEMENT_3D('',#15252,#11997,#11998);
#10132=AXIS2_PLACEMENT_3D('',#15256,#12000,#12001);
#10133=AXIS2_PLACEMENT_3D('',#15260,#12003,#12004);
#10134=AXIS2_PLACEMENT_3D('',#15264,#12006,#12007);
#10135=AXIS2_PLACEMENT_3D('',#15268,#12009,#12010);
#10136=AXIS2_PLACEMENT_3D('',#15272,#12012,#12013);
#10137=AXIS2_PLACEMENT_3D('',#15276,#12015,#12016);
#10138=AXIS2_PLACEMENT_3D('',#15280,#12018,#12019);
#10139=AXIS2_PLACEMENT_3D('',#15284,#12021,#12022);
#10140=AXIS2_PLACEMENT_3D('',#15288,#12024,#12025);
#10141=AXIS2_PLACEMENT_3D('',#15292,#12027,#12028);
#10142=AXIS2_PLACEMENT_3D('',#15296,#12030,#12031);
#10143=AXIS2_PLACEMENT_3D('',#15300,#12033,#12034);
#10144=AXIS2_PLACEMENT_3D('',#15304,#12036,#12037);
#10145=AXIS2_PLACEMENT_3D('',#15308,#12039,#12040);
#10146=AXIS2_PLACEMENT_3D('',#15312,#12042,#12043);
#10147=AXIS2_PLACEMENT_3D('',#15316,#12045,#12046);
#10148=AXIS2_PLACEMENT_3D('',#15320,#12048,#12049);
#10149=AXIS2_PLACEMENT_3D('',#15324,#12051,#12052);
#10150=AXIS2_PLACEMENT_3D('',#15328,#12054,#12055);
#10151=AXIS2_PLACEMENT_3D('',#15332,#12057,#12058);
#10152=AXIS2_PLACEMENT_3D('',#15336,#12060,#12061);
#10153=AXIS2_PLACEMENT_3D('',#15340,#12063,#12064);
#10154=AXIS2_PLACEMENT_3D('',#15344,#12066,#12067);
#10155=AXIS2_PLACEMENT_3D('',#15348,#12069,#12070);
#10156=AXIS2_PLACEMENT_3D('',#15352,#12072,#12073);
#10157=AXIS2_PLACEMENT_3D('',#15356,#12075,#12076);
#10158=AXIS2_PLACEMENT_3D('',#15360,#12078,#12079);
#10159=AXIS2_PLACEMENT_3D('',#15364,#12081,#12082);
#10160=AXIS2_PLACEMENT_3D('',#15368,#12084,#12085);
#10161=AXIS2_PLACEMENT_3D('',#15371,#12087,#12088);
#10162=AXIS2_PLACEMENT_3D('',#15374,#12089,#12090);
#10163=AXIS2_PLACEMENT_3D('',#15378,#12092,#12093);
#10164=AXIS2_PLACEMENT_3D('',#15382,#12095,#12096);
#10165=AXIS2_PLACEMENT_3D('',#15386,#12098,#12099);
#10166=AXIS2_PLACEMENT_3D('',#15390,#12101,#12102);
#10167=AXIS2_PLACEMENT_3D('',#15394,#12104,#12105);
#10168=AXIS2_PLACEMENT_3D('',#15398,#12107,#12108);
#10169=AXIS2_PLACEMENT_3D('',#15402,#12110,#12111);
#10170=AXIS2_PLACEMENT_3D('',#15406,#12113,#12114);
#10171=AXIS2_PLACEMENT_3D('',#15410,#12116,#12117);
#10172=AXIS2_PLACEMENT_3D('',#15414,#12119,#12120);
#10173=AXIS2_PLACEMENT_3D('',#15418,#12122,#12123);
#10174=AXIS2_PLACEMENT_3D('',#15422,#12125,#12126);
#10175=AXIS2_PLACEMENT_3D('',#15426,#12128,#12129);
#10176=AXIS2_PLACEMENT_3D('',#15430,#12131,#12132);
#10177=AXIS2_PLACEMENT_3D('',#15434,#12134,#12135);
#10178=AXIS2_PLACEMENT_3D('',#15437,#12137,#12138);
#10179=AXIS2_PLACEMENT_3D('',#15440,#12139,#12140);
#10180=AXIS2_PLACEMENT_3D('',#15444,#12142,#12143);
#10181=AXIS2_PLACEMENT_3D('',#15448,#12145,#12146);
#10182=AXIS2_PLACEMENT_3D('',#15452,#12148,#12149);
#10183=AXIS2_PLACEMENT_3D('',#15456,#12151,#12152);
#10184=AXIS2_PLACEMENT_3D('',#15460,#12154,#12155);
#10185=AXIS2_PLACEMENT_3D('',#15464,#12157,#12158);
#10186=AXIS2_PLACEMENT_3D('',#15468,#12160,#12161);
#10187=AXIS2_PLACEMENT_3D('',#15472,#12163,#12164);
#10188=AXIS2_PLACEMENT_3D('',#15476,#12166,#12167);
#10189=AXIS2_PLACEMENT_3D('',#15480,#12169,#12170);
#10190=AXIS2_PLACEMENT_3D('',#15484,#12172,#12173);
#10191=AXIS2_PLACEMENT_3D('',#15486,#12175,#12176);
#10192=AXIS2_PLACEMENT_3D('',#15489,#12179,#12180);
#10193=AXIS2_PLACEMENT_3D('',#15491,#12182,#12183);
#10194=AXIS2_PLACEMENT_3D('',#15494,#12186,#12187);
#10195=AXIS2_PLACEMENT_3D('',#15496,#12189,#12190);
#10196=AXIS2_PLACEMENT_3D('',#15499,#12193,#12194);
#10197=AXIS2_PLACEMENT_3D('',#15501,#12196,#12197);
#10198=AXIS2_PLACEMENT_3D('',#15503,#12199,#12200);
#10199=AXIS2_PLACEMENT_3D('',#15506,#12203,#12204);
#10200=AXIS2_PLACEMENT_3D('',#15508,#12206,#12207);
#10201=AXIS2_PLACEMENT_3D('',#15511,#12210,#12211);
#10202=AXIS2_PLACEMENT_3D('',#15513,#12213,#12214);
#10203=AXIS2_PLACEMENT_3D('',#15516,#12217,#12218);
#10204=AXIS2_PLACEMENT_3D('',#15518,#12220,#12221);
#10205=AXIS2_PLACEMENT_3D('',#15521,#12224,#12225);
#10206=AXIS2_PLACEMENT_3D('',#15523,#12227,#12228);
#10207=AXIS2_PLACEMENT_3D('',#15526,#12231,#12232);
#10208=AXIS2_PLACEMENT_3D('',#15528,#12234,#12235);
#10209=AXIS2_PLACEMENT_3D('',#15531,#12238,#12239);
#10210=AXIS2_PLACEMENT_3D('',#15533,#12241,#12242);
#10211=AXIS2_PLACEMENT_3D('',#15536,#12245,#12246);
#10212=AXIS2_PLACEMENT_3D('',#15538,#12248,#12249);
#10213=AXIS2_PLACEMENT_3D('',#15540,#12251,#12252);
#10214=AXIS2_PLACEMENT_3D('',#15543,#12255,#12256);
#10215=AXIS2_PLACEMENT_3D('',#15545,#12258,#12259);
#10216=AXIS2_PLACEMENT_3D('',#15548,#12262,#12263);
#10217=AXIS2_PLACEMENT_3D('',#15550,#12265,#12266);
#10218=AXIS2_PLACEMENT_3D('',#15553,#12269,#12270);
#10219=AXIS2_PLACEMENT_3D('',#15555,#12272,#12273);
#10220=AXIS2_PLACEMENT_3D('',#15558,#12276,#12277);
#10221=AXIS2_PLACEMENT_3D('',#15560,#12279,#12280);
#10222=AXIS2_PLACEMENT_3D('',#15563,#12283,#12284);
#10223=AXIS2_PLACEMENT_3D('',#15565,#12286,#12287);
#10224=AXIS2_PLACEMENT_3D('',#15568,#12290,#12291);
#10225=AXIS2_PLACEMENT_3D('',#15570,#12293,#12294);
#10226=AXIS2_PLACEMENT_3D('',#15573,#12297,#12298);
#10227=AXIS2_PLACEMENT_3D('',#15574,#12299,#12300);
#10228=AXIS2_PLACEMENT_3D('',#15577,#12303,#12304);
#10229=AXIS2_PLACEMENT_3D('',#15579,#12306,#12307);
#10230=AXIS2_PLACEMENT_3D('',#15582,#12310,#12311);
#10231=AXIS2_PLACEMENT_3D('',#15584,#12313,#12314);
#10232=AXIS2_PLACEMENT_3D('',#15587,#12317,#12318);
#10233=AXIS2_PLACEMENT_3D('',#15589,#12320,#12321);
#10234=AXIS2_PLACEMENT_3D('',#15592,#12324,#12325);
#10235=AXIS2_PLACEMENT_3D('',#15594,#12327,#12328);
#10236=AXIS2_PLACEMENT_3D('',#15597,#12331,#12332);
#10237=AXIS2_PLACEMENT_3D('',#15599,#12334,#12335);
#10238=AXIS2_PLACEMENT_3D('',#15602,#12338,#12339);
#10239=AXIS2_PLACEMENT_3D('',#15604,#12341,#12342);
#10240=AXIS2_PLACEMENT_3D('',#15607,#12345,#12346);
#10241=AXIS2_PLACEMENT_3D('',#15609,#12348,#12349);
#10242=AXIS2_PLACEMENT_3D('',#15612,#12352,#12353);
#10243=AXIS2_PLACEMENT_3D('',#15614,#12355,#12356);
#10244=AXIS2_PLACEMENT_3D('',#15617,#12359,#12360);
#10245=AXIS2_PLACEMENT_3D('',#15619,#12362,#12363);
#10246=AXIS2_PLACEMENT_3D('',#15622,#12366,#12367);
#10247=AXIS2_PLACEMENT_3D('',#15624,#12369,#12370);
#10248=AXIS2_PLACEMENT_3D('',#15626,#12372,#12373);
#10249=AXIS2_PLACEMENT_3D('',#15629,#12376,#12377);
#10250=AXIS2_PLACEMENT_3D('',#15631,#12379,#12380);
#10251=AXIS2_PLACEMENT_3D('',#15633,#12382,#12383);
#10252=AXIS2_PLACEMENT_3D('',#15636,#12386,#12387);
#10253=AXIS2_PLACEMENT_3D('',#15638,#12389,#12390);
#10254=AXIS2_PLACEMENT_3D('',#15640,#12392,#12393);
#10255=AXIS2_PLACEMENT_3D('',#15642,#12395,#12396);
#10256=AXIS2_PLACEMENT_3D('',#15645,#12399,#12400);
#10257=AXIS2_PLACEMENT_3D('',#15647,#12402,#12403);
#10258=AXIS2_PLACEMENT_3D('',#15649,#12405,#12406);
#10259=AXIS2_PLACEMENT_3D('',#15651,#12408,#12409);
#10260=AXIS2_PLACEMENT_3D('',#15654,#12412,#12413);
#10261=AXIS2_PLACEMENT_3D('',#15655,#12414,#12415);
#10262=AXIS2_PLACEMENT_3D('',#15657,#12417,#12418);
#10263=AXIS2_PLACEMENT_3D('',#15659,#12420,#12421);
#10264=AXIS2_PLACEMENT_3D('',#15661,#12423,#12424);
#10265=AXIS2_PLACEMENT_3D('',#15663,#12426,#12427);
#10266=AXIS2_PLACEMENT_3D('',#15666,#12430,#12431);
#10267=AXIS2_PLACEMENT_3D('',#15667,#12432,#12433);
#10268=AXIS2_PLACEMENT_3D('',#15670,#12436,#12437);
#10269=AXIS2_PLACEMENT_3D('',#15671,#12438,#12439);
#10270=AXIS2_PLACEMENT_3D('',#15673,#12441,#12442);
#10271=AXIS2_PLACEMENT_3D('',#15676,#12445,#12446);
#10272=AXIS2_PLACEMENT_3D('',#15677,#12447,#12448);
#10273=AXIS2_PLACEMENT_3D('',#15679,#12450,#12451);
#10274=AXIS2_PLACEMENT_3D('',#15681,#12453,#12454);
#10275=AXIS2_PLACEMENT_3D('',#15683,#12456,#12457);
#10276=AXIS2_PLACEMENT_3D('',#15685,#12459,#12460);
#10277=AXIS2_PLACEMENT_3D('',#15687,#12462,#12463);
#10278=AXIS2_PLACEMENT_3D('',#15690,#12466,#12467);
#10279=AXIS2_PLACEMENT_3D('',#15692,#12469,#12470);
#10280=AXIS2_PLACEMENT_3D('',#15694,#12472,#12473);
#10281=AXIS2_PLACEMENT_3D('',#15697,#12476,#12477);
#10282=AXIS2_PLACEMENT_3D('',#15698,#12478,#12479);
#10283=AXIS2_PLACEMENT_3D('',#15700,#12481,#12482);
#10284=AXIS2_PLACEMENT_3D('',#15702,#12484,#12485);
#10285=AXIS2_PLACEMENT_3D('',#15704,#12487,#12488);
#10286=AXIS2_PLACEMENT_3D('',#15706,#12490,#12491);
#10287=AXIS2_PLACEMENT_3D('',#15709,#12494,#12495);
#10288=AXIS2_PLACEMENT_3D('',#15711,#12497,#12498);
#10289=AXIS2_PLACEMENT_3D('',#15713,#12500,#12501);
#10290=AXIS2_PLACEMENT_3D('',#15715,#12503,#12504);
#10291=AXIS2_PLACEMENT_3D('',#15717,#12506,#12507);
#10292=AXIS2_PLACEMENT_3D('',#15719,#12509,#12510);
#10293=AXIS2_PLACEMENT_3D('',#15721,#12512,#12513);
#10294=AXIS2_PLACEMENT_3D('',#15722,#12514,#12515);
#10295=AXIS2_PLACEMENT_3D('',#15725,#12518,#12519);
#10296=AXIS2_PLACEMENT_3D('',#15727,#12521,#12522);
#10297=AXIS2_PLACEMENT_3D('',#15729,#12524,#12525);
#10298=AXIS2_PLACEMENT_3D('',#15731,#12527,#12528);
#10299=AXIS2_PLACEMENT_3D('',#15733,#12530,#12531);
#10300=AXIS2_PLACEMENT_3D('',#15735,#12533,#12534);
#10301=AXIS2_PLACEMENT_3D('',#15737,#12536,#12537);
#10302=AXIS2_PLACEMENT_3D('',#15738,#12538,#12539);
#10303=AXIS2_PLACEMENT_3D('',#15741,#12542,#12543);
#10304=AXIS2_PLACEMENT_3D('',#15743,#12545,#12546);
#10305=AXIS2_PLACEMENT_3D('',#15745,#12548,#12549);
#10306=AXIS2_PLACEMENT_3D('',#15747,#12551,#12552);
#10307=AXIS2_PLACEMENT_3D('',#15749,#12554,#12555);
#10308=AXIS2_PLACEMENT_3D('',#15751,#12557,#12558);
#10309=AXIS2_PLACEMENT_3D('',#15753,#12560,#12561);
#10310=AXIS2_PLACEMENT_3D('',#15754,#12562,#12563);
#10311=AXIS2_PLACEMENT_3D('',#15756,#12565,#12566);
#10312=AXIS2_PLACEMENT_3D('',#15759,#12569,#12570);
#10313=AXIS2_PLACEMENT_3D('',#15761,#12572,#12573);
#10314=AXIS2_PLACEMENT_3D('',#15763,#12575,#12576);
#10315=AXIS2_PLACEMENT_3D('',#15765,#12578,#12579);
#10316=AXIS2_PLACEMENT_3D('',#15767,#12581,#12582);
#10317=AXIS2_PLACEMENT_3D('',#15769,#12584,#12585);
#10318=AXIS2_PLACEMENT_3D('',#15771,#12587,#12588);
#10319=AXIS2_PLACEMENT_3D('',#15772,#12589,#12590);
#10320=AXIS2_PLACEMENT_3D('',#15775,#12593,#12594);
#10321=AXIS2_PLACEMENT_3D('',#15777,#12596,#12597);
#10322=AXIS2_PLACEMENT_3D('',#15779,#12599,#12600);
#10323=AXIS2_PLACEMENT_3D('',#15781,#12602,#12603);
#10324=AXIS2_PLACEMENT_3D('',#15783,#12605,#12606);
#10325=AXIS2_PLACEMENT_3D('',#15785,#12608,#12609);
#10326=AXIS2_PLACEMENT_3D('',#15787,#12611,#12612);
#10327=AXIS2_PLACEMENT_3D('',#15788,#12613,#12614);
#10328=AXIS2_PLACEMENT_3D('',#15791,#12617,#12618);
#10329=AXIS2_PLACEMENT_3D('',#15793,#12620,#12621);
#10330=AXIS2_PLACEMENT_3D('',#15795,#12623,#12624);
#10331=AXIS2_PLACEMENT_3D('',#15797,#12626,#12627);
#10332=AXIS2_PLACEMENT_3D('',#15799,#12629,#12630);
#10333=AXIS2_PLACEMENT_3D('',#15801,#12632,#12633);
#10334=AXIS2_PLACEMENT_3D('',#15803,#12635,#12636);
#10335=AXIS2_PLACEMENT_3D('',#15804,#12637,#12638);
#10336=AXIS2_PLACEMENT_3D('',#15807,#12641,#12642);
#10337=AXIS2_PLACEMENT_3D('',#15809,#12644,#12645);
#10338=AXIS2_PLACEMENT_3D('',#15811,#12647,#12648);
#10339=AXIS2_PLACEMENT_3D('',#15813,#12650,#12651);
#10340=AXIS2_PLACEMENT_3D('',#15815,#12653,#12654);
#10341=AXIS2_PLACEMENT_3D('',#15817,#12656,#12657);
#10342=AXIS2_PLACEMENT_3D('',#15819,#12659,#12660);
#10343=AXIS2_PLACEMENT_3D('',#15820,#12661,#12662);
#10344=AXIS2_PLACEMENT_3D('',#15822,#12664,#12665);
#10345=AXIS2_PLACEMENT_3D('',#15825,#12668,#12669);
#10346=AXIS2_PLACEMENT_3D('',#15827,#12671,#12672);
#10347=AXIS2_PLACEMENT_3D('',#15829,#12674,#12675);
#10348=AXIS2_PLACEMENT_3D('',#15831,#12677,#12678);
#10349=AXIS2_PLACEMENT_3D('',#15833,#12680,#12681);
#10350=AXIS2_PLACEMENT_3D('',#15835,#12683,#12684);
#10351=AXIS2_PLACEMENT_3D('',#15837,#12686,#12687);
#10352=AXIS2_PLACEMENT_3D('',#15838,#12688,#12689);
#10353=AXIS2_PLACEMENT_3D('',#15841,#12692,#12693);
#10354=AXIS2_PLACEMENT_3D('',#15843,#12695,#12696);
#10355=AXIS2_PLACEMENT_3D('',#15845,#12698,#12699);
#10356=AXIS2_PLACEMENT_3D('',#15847,#12701,#12702);
#10357=AXIS2_PLACEMENT_3D('',#15849,#12704,#12705);
#10358=AXIS2_PLACEMENT_3D('',#15851,#12707,#12708);
#10359=AXIS2_PLACEMENT_3D('',#15853,#12710,#12711);
#10360=AXIS2_PLACEMENT_3D('',#15854,#12712,#12713);
#10361=AXIS2_PLACEMENT_3D('',#15857,#12716,#12717);
#10362=AXIS2_PLACEMENT_3D('',#15859,#12719,#12720);
#10363=AXIS2_PLACEMENT_3D('',#15861,#12722,#12723);
#10364=AXIS2_PLACEMENT_3D('',#15863,#12725,#12726);
#10365=AXIS2_PLACEMENT_3D('',#15865,#12728,#12729);
#10366=AXIS2_PLACEMENT_3D('',#15867,#12731,#12732);
#10367=AXIS2_PLACEMENT_3D('',#15869,#12734,#12735);
#10368=AXIS2_PLACEMENT_3D('',#15870,#12736,#12737);
#10369=AXIS2_PLACEMENT_3D('',#15873,#12740,#12741);
#10370=AXIS2_PLACEMENT_3D('',#15875,#12743,#12744);
#10371=AXIS2_PLACEMENT_3D('',#15877,#12746,#12747);
#10372=AXIS2_PLACEMENT_3D('',#15879,#12749,#12750);
#10373=AXIS2_PLACEMENT_3D('',#15881,#12752,#12753);
#10374=AXIS2_PLACEMENT_3D('',#15883,#12755,#12756);
#10375=AXIS2_PLACEMENT_3D('',#15885,#12758,#12759);
#10376=AXIS2_PLACEMENT_3D('',#15886,#12760,#12761);
#10377=AXIS2_PLACEMENT_3D('',#15889,#12764,#12765);
#10378=AXIS2_PLACEMENT_3D('',#15891,#12767,#12768);
#10379=AXIS2_PLACEMENT_3D('',#15893,#12770,#12771);
#10380=AXIS2_PLACEMENT_3D('',#15895,#12773,#12774);
#10381=AXIS2_PLACEMENT_3D('',#15897,#12776,#12777);
#10382=AXIS2_PLACEMENT_3D('',#15899,#12779,#12780);
#10383=AXIS2_PLACEMENT_3D('',#15901,#12782,#12783);
#10384=AXIS2_PLACEMENT_3D('',#15902,#12784,#12785);
#10385=AXIS2_PLACEMENT_3D('',#15905,#12788,#12789);
#10386=AXIS2_PLACEMENT_3D('',#15907,#12791,#12792);
#10387=AXIS2_PLACEMENT_3D('',#15909,#12794,#12795);
#10388=AXIS2_PLACEMENT_3D('',#15911,#12797,#12798);
#10389=AXIS2_PLACEMENT_3D('',#15913,#12800,#12801);
#10390=AXIS2_PLACEMENT_3D('',#15915,#12803,#12804);
#10391=AXIS2_PLACEMENT_3D('',#15917,#12806,#12807);
#10392=AXIS2_PLACEMENT_3D('',#15918,#12808,#12809);
#10393=AXIS2_PLACEMENT_3D('',#15921,#12812,#12813);
#10394=AXIS2_PLACEMENT_3D('',#15923,#12815,#12816);
#10395=AXIS2_PLACEMENT_3D('',#15925,#12818,#12819);
#10396=AXIS2_PLACEMENT_3D('',#15927,#12821,#12822);
#10397=AXIS2_PLACEMENT_3D('',#15929,#12824,#12825);
#10398=AXIS2_PLACEMENT_3D('',#15931,#12827,#12828);
#10399=AXIS2_PLACEMENT_3D('',#15933,#12830,#12831);
#10400=AXIS2_PLACEMENT_3D('',#15934,#12832,#12833);
#10401=AXIS2_PLACEMENT_3D('',#15937,#12836,#12837);
#10402=AXIS2_PLACEMENT_3D('',#15939,#12839,#12840);
#10403=AXIS2_PLACEMENT_3D('',#15941,#12842,#12843);
#10404=AXIS2_PLACEMENT_3D('',#15943,#12845,#12846);
#10405=AXIS2_PLACEMENT_3D('',#15945,#12848,#12849);
#10406=AXIS2_PLACEMENT_3D('',#15947,#12851,#12852);
#10407=AXIS2_PLACEMENT_3D('',#15949,#12854,#12855);
#10408=AXIS2_PLACEMENT_3D('',#15950,#12856,#12857);
#10409=AXIS2_PLACEMENT_3D('',#15953,#12860,#12861);
#10410=AXIS2_PLACEMENT_3D('',#15955,#12863,#12864);
#10411=AXIS2_PLACEMENT_3D('',#15957,#12866,#12867);
#10412=AXIS2_PLACEMENT_3D('',#15959,#12869,#12870);
#10413=AXIS2_PLACEMENT_3D('',#15961,#12872,#12873);
#10414=AXIS2_PLACEMENT_3D('',#15963,#12875,#12876);
#10415=AXIS2_PLACEMENT_3D('',#15965,#12878,#12879);
#10416=AXIS2_PLACEMENT_3D('',#15966,#12880,#12881);
#10417=AXIS2_PLACEMENT_3D('',#15969,#12884,#12885);
#10418=AXIS2_PLACEMENT_3D('',#15971,#12887,#12888);
#10419=AXIS2_PLACEMENT_3D('',#15973,#12890,#12891);
#10420=AXIS2_PLACEMENT_3D('',#15975,#12893,#12894);
#10421=AXIS2_PLACEMENT_3D('',#15977,#12896,#12897);
#10422=AXIS2_PLACEMENT_3D('',#15979,#12899,#12900);
#10423=AXIS2_PLACEMENT_3D('',#15981,#12902,#12903);
#10424=AXIS2_PLACEMENT_3D('',#15982,#12904,#12905);
#10425=AXIS2_PLACEMENT_3D('',#15984,#12907,#12908);
#10426=AXIS2_PLACEMENT_3D('',#15987,#12911,#12912);
#10427=AXIS2_PLACEMENT_3D('',#15989,#12914,#12915);
#10428=AXIS2_PLACEMENT_3D('',#15991,#12917,#12918);
#10429=AXIS2_PLACEMENT_3D('',#15993,#12920,#12921);
#10430=AXIS2_PLACEMENT_3D('',#15995,#12923,#12924);
#10431=AXIS2_PLACEMENT_3D('',#15997,#12926,#12927);
#10432=AXIS2_PLACEMENT_3D('',#15999,#12929,#12930);
#10433=AXIS2_PLACEMENT_3D('',#16000,#12931,#12932);
#10434=AXIS2_PLACEMENT_3D('',#16003,#12935,#12936);
#10435=AXIS2_PLACEMENT_3D('',#16005,#12938,#12939);
#10436=AXIS2_PLACEMENT_3D('',#16007,#12941,#12942);
#10437=AXIS2_PLACEMENT_3D('',#16009,#12944,#12945);
#10438=AXIS2_PLACEMENT_3D('',#16011,#12947,#12948);
#10439=AXIS2_PLACEMENT_3D('',#16013,#12950,#12951);
#10440=AXIS2_PLACEMENT_3D('',#16015,#12953,#12954);
#10441=AXIS2_PLACEMENT_3D('',#16016,#12955,#12956);
#10442=AXIS2_PLACEMENT_3D('',#16019,#12959,#12960);
#10443=AXIS2_PLACEMENT_3D('',#16021,#12962,#12963);
#10444=AXIS2_PLACEMENT_3D('',#16023,#12965,#12966);
#10445=AXIS2_PLACEMENT_3D('',#16025,#12968,#12969);
#10446=AXIS2_PLACEMENT_3D('',#16027,#12971,#12972);
#10447=AXIS2_PLACEMENT_3D('',#16029,#12974,#12975);
#10448=AXIS2_PLACEMENT_3D('',#16031,#12977,#12978);
#10449=AXIS2_PLACEMENT_3D('',#16032,#12979,#12980);
#10450=AXIS2_PLACEMENT_3D('',#16035,#12983,#12984);
#10451=AXIS2_PLACEMENT_3D('',#16037,#12986,#12987);
#10452=AXIS2_PLACEMENT_3D('',#16039,#12989,#12990);
#10453=AXIS2_PLACEMENT_3D('',#16041,#12992,#12993);
#10454=AXIS2_PLACEMENT_3D('',#16043,#12995,#12996);
#10455=AXIS2_PLACEMENT_3D('',#16045,#12998,#12999);
#10456=AXIS2_PLACEMENT_3D('',#16047,#13001,#13002);
#10457=AXIS2_PLACEMENT_3D('',#16048,#13003,#13004);
#10458=AXIS2_PLACEMENT_3D('',#16051,#13007,#13008);
#10459=AXIS2_PLACEMENT_3D('',#16053,#13010,#13011);
#10460=AXIS2_PLACEMENT_3D('',#16055,#13013,#13014);
#10461=AXIS2_PLACEMENT_3D('',#16057,#13016,#13017);
#10462=AXIS2_PLACEMENT_3D('',#16059,#13019,#13020);
#10463=AXIS2_PLACEMENT_3D('',#16061,#13022,#13023);
#10464=AXIS2_PLACEMENT_3D('',#16063,#13025,#13026);
#10465=AXIS2_PLACEMENT_3D('',#16064,#13027,#13028);
#10466=AXIS2_PLACEMENT_3D('',#16067,#13031,#13032);
#10467=AXIS2_PLACEMENT_3D('',#16069,#13034,#13035);
#10468=AXIS2_PLACEMENT_3D('',#16071,#13037,#13038);
#10469=AXIS2_PLACEMENT_3D('',#16073,#13040,#13041);
#10470=AXIS2_PLACEMENT_3D('',#16075,#13043,#13044);
#10471=AXIS2_PLACEMENT_3D('',#16077,#13046,#13047);
#10472=AXIS2_PLACEMENT_3D('',#16079,#13049,#13050);
#10473=AXIS2_PLACEMENT_3D('',#16080,#13051,#13052);
#10474=AXIS2_PLACEMENT_3D('',#16083,#13055,#13056);
#10475=AXIS2_PLACEMENT_3D('',#16085,#13058,#13059);
#10476=AXIS2_PLACEMENT_3D('',#16087,#13061,#13062);
#10477=AXIS2_PLACEMENT_3D('',#16089,#13064,#13065);
#10478=AXIS2_PLACEMENT_3D('',#16091,#13067,#13068);
#10479=AXIS2_PLACEMENT_3D('',#16093,#13070,#13071);
#10480=AXIS2_PLACEMENT_3D('',#16095,#13073,#13074);
#10481=AXIS2_PLACEMENT_3D('',#16096,#13075,#13076);
#10482=AXIS2_PLACEMENT_3D('',#16098,#13078,#13079);
#10483=AXIS2_PLACEMENT_3D('',#16100,#13081,#13082);
#10484=AXIS2_PLACEMENT_3D('',#16103,#13085,#13086);
#10485=AXIS2_PLACEMENT_3D('',#16105,#13088,#13089);
#10486=AXIS2_PLACEMENT_3D('',#16107,#13091,#13092);
#10487=AXIS2_PLACEMENT_3D('',#16109,#13094,#13095);
#10488=AXIS2_PLACEMENT_3D('',#16111,#13097,#13098);
#10489=AXIS2_PLACEMENT_3D('',#16113,#13100,#13101);
#10490=AXIS2_PLACEMENT_3D('',#16115,#13103,#13104);
#10491=AXIS2_PLACEMENT_3D('',#16116,#13105,#13106);
#10492=AXIS2_PLACEMENT_3D('',#16119,#13109,#13110);
#10493=AXIS2_PLACEMENT_3D('',#16121,#13112,#13113);
#10494=AXIS2_PLACEMENT_3D('',#16123,#13115,#13116);
#10495=AXIS2_PLACEMENT_3D('',#16125,#13118,#13119);
#10496=AXIS2_PLACEMENT_3D('',#16127,#13121,#13122);
#10497=AXIS2_PLACEMENT_3D('',#16129,#13124,#13125);
#10498=AXIS2_PLACEMENT_3D('',#16131,#13127,#13128);
#10499=AXIS2_PLACEMENT_3D('',#16132,#13129,#13130);
#10500=AXIS2_PLACEMENT_3D('',#16135,#13133,#13134);
#10501=AXIS2_PLACEMENT_3D('',#16137,#13136,#13137);
#10502=AXIS2_PLACEMENT_3D('',#16139,#13139,#13140);
#10503=AXIS2_PLACEMENT_3D('',#16141,#13142,#13143);
#10504=AXIS2_PLACEMENT_3D('',#16143,#13145,#13146);
#10505=AXIS2_PLACEMENT_3D('',#16145,#13148,#13149);
#10506=AXIS2_PLACEMENT_3D('',#16147,#13151,#13152);
#10507=AXIS2_PLACEMENT_3D('',#16148,#13153,#13154);
#10508=AXIS2_PLACEMENT_3D('',#16151,#13157,#13158);
#10509=AXIS2_PLACEMENT_3D('',#16153,#13160,#13161);
#10510=AXIS2_PLACEMENT_3D('',#16155,#13163,#13164);
#10511=AXIS2_PLACEMENT_3D('',#16157,#13166,#13167);
#10512=AXIS2_PLACEMENT_3D('',#16159,#13169,#13170);
#10513=AXIS2_PLACEMENT_3D('',#16161,#13172,#13173);
#10514=AXIS2_PLACEMENT_3D('',#16163,#13175,#13176);
#10515=AXIS2_PLACEMENT_3D('',#16164,#13177,#13178);
#10516=AXIS2_PLACEMENT_3D('',#16167,#13181,#13182);
#10517=AXIS2_PLACEMENT_3D('',#16169,#13184,#13185);
#10518=AXIS2_PLACEMENT_3D('',#16171,#13187,#13188);
#10519=AXIS2_PLACEMENT_3D('',#16173,#13190,#13191);
#10520=AXIS2_PLACEMENT_3D('',#16175,#13193,#13194);
#10521=AXIS2_PLACEMENT_3D('',#16177,#13196,#13197);
#10522=AXIS2_PLACEMENT_3D('',#16179,#13199,#13200);
#10523=AXIS2_PLACEMENT_3D('',#16180,#13201,#13202);
#10524=AXIS2_PLACEMENT_3D('',#16183,#13205,#13206);
#10525=AXIS2_PLACEMENT_3D('',#16185,#13208,#13209);
#10526=AXIS2_PLACEMENT_3D('',#16187,#13211,#13212);
#10527=AXIS2_PLACEMENT_3D('',#16189,#13214,#13215);
#10528=AXIS2_PLACEMENT_3D('',#16191,#13217,#13218);
#10529=AXIS2_PLACEMENT_3D('',#16193,#13220,#13221);
#10530=AXIS2_PLACEMENT_3D('',#16195,#13223,#13224);
#10531=AXIS2_PLACEMENT_3D('',#16196,#13225,#13226);
#10532=AXIS2_PLACEMENT_3D('',#16199,#13229,#13230);
#10533=AXIS2_PLACEMENT_3D('',#16201,#13232,#13233);
#10534=AXIS2_PLACEMENT_3D('',#16203,#13235,#13236);
#10535=AXIS2_PLACEMENT_3D('',#16205,#13238,#13239);
#10536=AXIS2_PLACEMENT_3D('',#16207,#13241,#13242);
#10537=AXIS2_PLACEMENT_3D('',#16209,#13244,#13245);
#10538=AXIS2_PLACEMENT_3D('',#16211,#13247,#13248);
#10539=AXIS2_PLACEMENT_3D('',#16212,#13249,#13250);
#10540=AXIS2_PLACEMENT_3D('',#16215,#13253,#13254);
#10541=AXIS2_PLACEMENT_3D('',#16217,#13256,#13257);
#10542=AXIS2_PLACEMENT_3D('',#16219,#13259,#13260);
#10543=AXIS2_PLACEMENT_3D('',#16221,#13262,#13263);
#10544=AXIS2_PLACEMENT_3D('',#16223,#13265,#13266);
#10545=AXIS2_PLACEMENT_3D('',#16225,#13268,#13269);
#10546=AXIS2_PLACEMENT_3D('',#16227,#13271,#13272);
#10547=AXIS2_PLACEMENT_3D('',#16228,#13273,#13274);
#10548=AXIS2_PLACEMENT_3D('',#16231,#13277,#13278);
#10549=AXIS2_PLACEMENT_3D('',#16233,#13280,#13281);
#10550=AXIS2_PLACEMENT_3D('',#16235,#13283,#13284);
#10551=AXIS2_PLACEMENT_3D('',#16237,#13286,#13287);
#10552=AXIS2_PLACEMENT_3D('',#16239,#13289,#13290);
#10553=AXIS2_PLACEMENT_3D('',#16241,#13292,#13293);
#10554=AXIS2_PLACEMENT_3D('',#16243,#13295,#13296);
#10555=AXIS2_PLACEMENT_3D('',#16244,#13297,#13298);
#10556=AXIS2_PLACEMENT_3D('',#16246,#13300,#13301);
#10557=AXIS2_PLACEMENT_3D('',#16249,#13304,#13305);
#10558=AXIS2_PLACEMENT_3D('',#16251,#13307,#13308);
#10559=AXIS2_PLACEMENT_3D('',#16253,#13310,#13311);
#10560=AXIS2_PLACEMENT_3D('',#16255,#13313,#13314);
#10561=AXIS2_PLACEMENT_3D('',#16257,#13316,#13317);
#10562=AXIS2_PLACEMENT_3D('',#16259,#13319,#13320);
#10563=AXIS2_PLACEMENT_3D('',#16261,#13322,#13323);
#10564=AXIS2_PLACEMENT_3D('',#16262,#13324,#13325);
#10565=AXIS2_PLACEMENT_3D('',#16265,#13328,#13329);
#10566=AXIS2_PLACEMENT_3D('',#16267,#13331,#13332);
#10567=AXIS2_PLACEMENT_3D('',#16269,#13334,#13335);
#10568=AXIS2_PLACEMENT_3D('',#16271,#13337,#13338);
#10569=AXIS2_PLACEMENT_3D('',#16273,#13340,#13341);
#10570=AXIS2_PLACEMENT_3D('',#16275,#13343,#13344);
#10571=AXIS2_PLACEMENT_3D('',#16277,#13346,#13347);
#10572=AXIS2_PLACEMENT_3D('',#16278,#13348,#13349);
#10573=AXIS2_PLACEMENT_3D('',#16280,#13351,#13352);
#10574=AXIS2_PLACEMENT_3D('',#16282,#13354,#13355);
#10575=AXIS2_PLACEMENT_3D('',#16284,#13357,#13358);
#10576=AXIS2_PLACEMENT_3D('',#16286,#13360,#13361);
#10577=AXIS2_PLACEMENT_3D('',#16288,#13363,#13364);
#10578=AXIS2_PLACEMENT_3D('',#16289,#13365,#13366);
#10579=AXIS2_PLACEMENT_3D('',#16290,#13367,#13368);
#10580=AXIS2_PLACEMENT_3D('',#16292,#13370,#13371);
#10581=AXIS2_PLACEMENT_3D('',#16294,#13373,#13374);
#10582=AXIS2_PLACEMENT_3D('',#16296,#13376,#13377);
#10583=AXIS2_PLACEMENT_3D('',#16298,#13379,#13380);
#10584=AXIS2_PLACEMENT_3D('',#16299,#13381,#13382);
#10585=AXIS2_PLACEMENT_3D('',#16300,#13383,#13384);
#10586=AXIS2_PLACEMENT_3D('',#16301,#13385,#13386);
#10587=AXIS2_PLACEMENT_3D('',#16302,#13387,#13388);
#10588=AXIS2_PLACEMENT_3D('',#16304,#13390,#13391);
#10589=AXIS2_PLACEMENT_3D('',#16306,#13393,#13394);
#10590=AXIS2_PLACEMENT_3D('',#16308,#13396,#13397);
#10591=AXIS2_PLACEMENT_3D('',#16310,#13399,#13400);
#10592=AXIS2_PLACEMENT_3D('',#16311,#13401,#13402);
#10593=AXIS2_PLACEMENT_3D('',#16312,#13403,#13404);
#10594=AXIS2_PLACEMENT_3D('',#16314,#13406,#13407);
#10595=AXIS2_PLACEMENT_3D('',#16316,#13409,#13410);
#10596=AXIS2_PLACEMENT_3D('',#16318,#13412,#13413);
#10597=AXIS2_PLACEMENT_3D('',#16320,#13415,#13416);
#10598=AXIS2_PLACEMENT_3D('',#16321,#13417,#13418);
#10599=AXIS2_PLACEMENT_3D('',#16322,#13419,#13420);
#10600=AXIS2_PLACEMENT_3D('',#16323,#13421,#13422);
#10601=AXIS2_PLACEMENT_3D('',#16324,#13423,#13424);
#10602=AXIS2_PLACEMENT_3D('',#16326,#13426,#13427);
#10603=AXIS2_PLACEMENT_3D('',#16328,#13429,#13430);
#10604=AXIS2_PLACEMENT_3D('',#16330,#13432,#13433);
#10605=AXIS2_PLACEMENT_3D('',#16332,#13435,#13436);
#10606=AXIS2_PLACEMENT_3D('',#16333,#13437,#13438);
#10607=AXIS2_PLACEMENT_3D('',#16334,#13439,#13440);
#10608=AXIS2_PLACEMENT_3D('',#16336,#13442,#13443);
#10609=AXIS2_PLACEMENT_3D('',#16338,#13445,#13446);
#10610=AXIS2_PLACEMENT_3D('',#16340,#13448,#13449);
#10611=AXIS2_PLACEMENT_3D('',#16342,#13451,#13452);
#10612=AXIS2_PLACEMENT_3D('',#16344,#13454,#13455);
#10613=AXIS2_PLACEMENT_3D('',#16345,#13456,#13457);
#10614=AXIS2_PLACEMENT_3D('',#16346,#13458,#13459);
#10615=AXIS2_PLACEMENT_3D('',#16348,#13461,#13462);
#10616=AXIS2_PLACEMENT_3D('',#16350,#13464,#13465);
#10617=AXIS2_PLACEMENT_3D('',#16352,#13467,#13468);
#10618=AXIS2_PLACEMENT_3D('',#16354,#13470,#13471);
#10619=AXIS2_PLACEMENT_3D('',#16355,#13472,#13473);
#10620=AXIS2_PLACEMENT_3D('',#16356,#13474,#13475);
#10621=AXIS2_PLACEMENT_3D('',#16358,#13477,#13478);
#10622=AXIS2_PLACEMENT_3D('',#16360,#13480,#13481);
#10623=AXIS2_PLACEMENT_3D('',#16362,#13483,#13484);
#10624=AXIS2_PLACEMENT_3D('',#16364,#13486,#13487);
#10625=AXIS2_PLACEMENT_3D('',#16365,#13488,#13489);
#10626=AXIS2_PLACEMENT_3D('',#16366,#13490,#13491);
#10627=AXIS2_PLACEMENT_3D('',#16367,#13492,#13493);
#10628=AXIS2_PLACEMENT_3D('',#16368,#13494,#13495);
#10629=AXIS2_PLACEMENT_3D('',#16370,#13497,#13498);
#10630=AXIS2_PLACEMENT_3D('',#16372,#13500,#13501);
#10631=AXIS2_PLACEMENT_3D('',#16374,#13503,#13504);
#10632=AXIS2_PLACEMENT_3D('',#16376,#13506,#13507);
#10633=AXIS2_PLACEMENT_3D('',#16377,#13508,#13509);
#10634=AXIS2_PLACEMENT_3D('',#16378,#13510,#13511);
#10635=AXIS2_PLACEMENT_3D('',#16380,#13513,#13514);
#10636=AXIS2_PLACEMENT_3D('',#16382,#13516,#13517);
#10637=AXIS2_PLACEMENT_3D('',#16384,#13519,#13520);
#10638=AXIS2_PLACEMENT_3D('',#16386,#13522,#13523);
#10639=AXIS2_PLACEMENT_3D('',#16388,#13525,#13526);
#10640=AXIS2_PLACEMENT_3D('',#16389,#13527,#13528);
#10641=AXIS2_PLACEMENT_3D('',#16390,#13529,#13530);
#10642=AXIS2_PLACEMENT_3D('',#16392,#13532,#13533);
#10643=AXIS2_PLACEMENT_3D('',#16394,#13535,#13536);
#10644=AXIS2_PLACEMENT_3D('',#16396,#13538,#13539);
#10645=AXIS2_PLACEMENT_3D('',#16398,#13541,#13542);
#10646=AXIS2_PLACEMENT_3D('',#16400,#13544,#13545);
#10647=AXIS2_PLACEMENT_3D('',#16402,#13547,#13548);
#10648=AXIS2_PLACEMENT_3D('',#16403,#13549,#13550);
#10649=AXIS2_PLACEMENT_3D('',#16404,#13551,#13552);
#10650=AXIS2_PLACEMENT_3D('',#16405,#13553,#13554);
#10651=AXIS2_PLACEMENT_3D('',#16406,#13555,#13556);
#10652=AXIS2_PLACEMENT_3D('',#16407,#13557,#13558);
#10653=DIRECTION('axis',(0.,0.,1.));
#10654=DIRECTION('refdir',(1.,0.,0.));
#10655=DIRECTION('center_axis',(0.,0.,1.));
#10656=DIRECTION('ref_axis',(1.,0.,0.));
#10657=DIRECTION('center_axis',(0.,0.,1.));
#10658=DIRECTION('ref_axis',(1.,0.,0.));
#10659=DIRECTION('',(0.707106781186544,8.65956056235489E-17,-0.707106781186551));
#10660=DIRECTION('center_axis',(0.,0.,-1.));
#10661=DIRECTION('ref_axis',(1.,0.,0.));
#10662=DIRECTION('center_axis',(0.,0.,1.));
#10663=DIRECTION('ref_axis',(1.,0.,0.));
#10664=DIRECTION('center_axis',(0.,0.,-1.));
#10665=DIRECTION('ref_axis',(-0.674199892554915,0.738548918406182,0.));
#10666=DIRECTION('center_axis',(0.,0.,1.));
#10667=DIRECTION('ref_axis',(1.,0.,0.));
#10668=DIRECTION('center_axis',(0.,0.,-1.));
#10669=DIRECTION('ref_axis',(-0.827098182214847,-0.562057467681817,0.));
#10670=DIRECTION('',(1.,0.,0.));
#10671=DIRECTION('center_axis',(0.,0.,1.));
#10672=DIRECTION('ref_axis',(1.,0.,0.));
#10673=DIRECTION('',(0.,-1.,0.));
#10674=DIRECTION('center_axis',(0.,0.,1.));
#10675=DIRECTION('ref_axis',(0.,-1.,0.));
#10676=DIRECTION('',(1.,0.,0.));
#10677=DIRECTION('center_axis',(0.,0.,1.));
#10678=DIRECTION('ref_axis',(-1.,0.,0.));
#10679=DIRECTION('',(0.,-1.,0.));
#10680=DIRECTION('center_axis',(0.,0.,-1.));
#10681=DIRECTION('ref_axis',(0.562058011647653,0.827097812560695,0.));
#10682=DIRECTION('center_axis',(0.,0.,1.));
#10683=DIRECTION('ref_axis',(1.,0.,0.));
#10684=DIRECTION('center_axis',(0.,0.,-1.));
#10685=DIRECTION('ref_axis',(-0.562057802508668,0.827097954681987,0.));
#10686=DIRECTION('',(0.,-1.,0.));
#10687=DIRECTION('center_axis',(0.,0.,1.));
#10688=DIRECTION('ref_axis',(0.,-1.,0.));
#10689=DIRECTION('',(1.,0.,0.));
#10690=DIRECTION('center_axis',(0.,0.,1.));
#10691=DIRECTION('ref_axis',(-1.,0.,0.));
#10692=DIRECTION('',(0.,-1.,0.));
#10693=DIRECTION('center_axis',(0.,0.,1.));
#10694=DIRECTION('ref_axis',(0.,1.,0.));
#10695=DIRECTION('',(1.,0.,0.));
#10696=DIRECTION('center_axis',(0.,0.,-1.));
#10697=DIRECTION('ref_axis',(0.827098182214849,-0.562057467681813,0.));
#10698=DIRECTION('center_axis',(0.,0.,1.));
#10699=DIRECTION('ref_axis',(1.,0.,0.));
#10700=DIRECTION('center_axis',(0.,0.,-1.));
#10701=DIRECTION('ref_axis',(0.674199832371574,0.738548973345805,0.));
#10702=DIRECTION('',(0.999999999999999,4.07443129881504E-8,0.));
#10703=DIRECTION('center_axis',(0.,0.,-1.));
#10704=DIRECTION('ref_axis',(-0.674199892554915,0.738548918406182,0.));
#10705=DIRECTION('center_axis',(0.,0.,1.));
#10706=DIRECTION('ref_axis',(1.,0.,0.));
#10707=DIRECTION('center_axis',(0.,0.,-1.));
#10708=DIRECTION('ref_axis',(-0.827098096902431,-0.562057593223664,0.));
#10709=DIRECTION('',(1.,0.,0.));
#10710=DIRECTION('center_axis',(0.,0.,1.));
#10711=DIRECTION('ref_axis',(1.,0.,0.));
#10712=DIRECTION('',(0.,-1.,0.));
#10713=DIRECTION('center_axis',(0.,0.,1.));
#10714=DIRECTION('ref_axis',(0.,-1.,0.));
#10715=DIRECTION('',(1.,0.,0.));
#10716=DIRECTION('center_axis',(0.,0.,1.));
#10717=DIRECTION('ref_axis',(-1.,0.,0.));
#10718=DIRECTION('',(0.,-1.,0.));
#10719=DIRECTION('center_axis',(0.,0.,-1.));
#10720=DIRECTION('ref_axis',(0.562057804468246,0.827097953350348,0.));
#10721=DIRECTION('center_axis',(0.,0.,1.));
#10722=DIRECTION('ref_axis',(1.,0.,0.));
#10723=DIRECTION('center_axis',(0.,0.,-1.));
#10724=DIRECTION('ref_axis',(-0.562058009688064,0.827097813892343,0.));
#10725=DIRECTION('',(0.,-1.,0.));
#10726=DIRECTION('center_axis',(0.,0.,1.));
#10727=DIRECTION('ref_axis',(0.,-1.,0.));
#10728=DIRECTION('',(1.,0.,0.));
#10729=DIRECTION('center_axis',(0.,0.,1.));
#10730=DIRECTION('ref_axis',(-1.,0.,0.));
#10731=DIRECTION('',(0.,-1.,0.));
#10732=DIRECTION('center_axis',(0.,0.,1.));
#10733=DIRECTION('ref_axis',(0.,1.,0.));
#10734=DIRECTION('',(1.,0.,0.));
#10735=DIRECTION('center_axis',(0.,0.,-1.));
#10736=DIRECTION('ref_axis',(0.827098096902426,-0.562057593223671,0.));
#10737=DIRECTION('center_axis',(0.,0.,1.));
#10738=DIRECTION('ref_axis',(1.,0.,0.));
#10739=DIRECTION('center_axis',(0.,0.,-1.));
#10740=DIRECTION('ref_axis',(0.674199832371574,0.738548973345805,0.));
#10741=DIRECTION('',(0.999999999999999,4.07443129881504E-8,0.));
#10742=DIRECTION('center_axis',(0.,0.,1.));
#10743=DIRECTION('ref_axis',(-0.707106767517781,-0.707106794855314,0.));
#10744=DIRECTION('center_axis',(0.,0.,1.));
#10745=DIRECTION('ref_axis',(-0.707106779713487,0.707106782659608,0.));
#10746=DIRECTION('',(-1.,2.08320631394005E-9,0.));
#10747=DIRECTION('center_axis',(0.,0.,-1.));
#10748=DIRECTION('ref_axis',(0.707106928406104,-0.70710663396696,0.));
#10749=DIRECTION('center_axis',(0.,0.,-1.));
#10750=DIRECTION('ref_axis',(0.707106603683322,0.707106958689729,0.));
#10751=DIRECTION('',(0.999999999999996,8.35718338976221E-8,0.));
#10752=DIRECTION('center_axis',(0.,0.,-1.));
#10753=DIRECTION('ref_axis',(-0.707106825138942,0.70710673723415,0.));
#10754=DIRECTION('',(-4.07443131085946E-8,0.999999999999999,0.));
#10755=DIRECTION('center_axis',(0.,0.,1.));
#10756=DIRECTION('ref_axis',(0.707106809997128,-0.707106752375966,0.));
#10757=DIRECTION('',(0.999999999999999,4.07443129881504E-8,0.));
#10758=DIRECTION('center_axis',(0.,0.,-1.));
#10759=DIRECTION('ref_axis',(-0.674199892554909,0.738548918406188,0.));
#10760=DIRECTION('center_axis',(0.,0.,1.));
#10761=DIRECTION('ref_axis',(1.,0.,0.));
#10762=DIRECTION('center_axis',(0.,0.,-1.));
#10763=DIRECTION('ref_axis',(-0.827097926277569,-0.562057844307279,0.));
#10764=DIRECTION('',(1.,0.,0.));
#10765=DIRECTION('center_axis',(0.,0.,1.));
#10766=DIRECTION('ref_axis',(1.,0.,0.));
#10767=DIRECTION('',(0.,-1.,0.));
#10768=DIRECTION('center_axis',(0.,0.,1.));
#10769=DIRECTION('ref_axis',(0.,-1.,0.));
#10770=DIRECTION('',(1.,0.,0.));
#10771=DIRECTION('center_axis',(0.,0.,1.));
#10772=DIRECTION('ref_axis',(-1.,0.,0.));
#10773=DIRECTION('',(0.,-1.,0.));
#10774=DIRECTION('center_axis',(0.,0.,-1.));
#10775=DIRECTION('ref_axis',(0.562057525882847,0.82709814266413,0.));
#10776=DIRECTION('center_axis',(0.,0.,1.));
#10777=DIRECTION('ref_axis',(1.,0.,0.));
#10778=DIRECTION('center_axis',(0.,0.,-1.));
#10779=DIRECTION('ref_axis',(-0.562058288273225,0.827097624578485,0.));
#10780=DIRECTION('',(0.,-1.,0.));
#10781=DIRECTION('center_axis',(0.,0.,1.));
#10782=DIRECTION('ref_axis',(3.55271367880051E-14,-1.,0.));
#10783=DIRECTION('',(1.,0.,0.));
#10784=DIRECTION('center_axis',(0.,0.,1.));
#10785=DIRECTION('ref_axis',(-1.,0.,0.));
#10786=DIRECTION('',(0.,-1.,0.));
#10787=DIRECTION('center_axis',(0.,0.,1.));
#10788=DIRECTION('ref_axis',(0.,1.,0.));
#10789=DIRECTION('',(1.,0.,0.));
#10790=DIRECTION('center_axis',(0.,0.,-1.));
#10791=DIRECTION('ref_axis',(0.827097926277569,-0.562057844307279,0.));
#10792=DIRECTION('center_axis',(0.,0.,1.));
#10793=DIRECTION('ref_axis',(1.,0.,0.));
#10794=DIRECTION('center_axis',(0.,0.,-1.));
#10795=DIRECTION('ref_axis',(0.674199832371587,0.738548973345793,0.));
#10796=DIRECTION('',(0.999999999999999,4.07443129881504E-8,0.));
#10797=DIRECTION('center_axis',(0.,0.,-1.));
#10798=DIRECTION('ref_axis',(-0.707106809997129,0.707106752375965,0.));
#10799=DIRECTION('',(-4.07443131207686E-8,0.999999999999999,0.));
#10800=DIRECTION('center_axis',(0.,0.,-1.));
#10801=DIRECTION('ref_axis',(-0.707106752375967,-0.707106809997127,0.));
#10802=DIRECTION('',(0.999999999999999,4.07443129881504E-8,0.));
#10803=DIRECTION('center_axis',(0.,0.,-1.));
#10804=DIRECTION('ref_axis',(0.674199892554915,-0.738548918406182,0.));
#10805=DIRECTION('center_axis',(0.,0.,1.));
#10806=DIRECTION('ref_axis',(1.,0.,0.));
#10807=DIRECTION('center_axis',(0.,0.,-1.));
#10808=DIRECTION('ref_axis',(0.827097909855289,0.562057868473534,0.));
#10809=DIRECTION('',(1.,0.,0.));
#10810=DIRECTION('center_axis',(0.,0.,1.));
#10811=DIRECTION('ref_axis',(-1.,0.,0.));
#10812=DIRECTION('',(0.,-1.,0.));
#10813=DIRECTION('center_axis',(0.,0.,1.));
#10814=DIRECTION('ref_axis',(0.,1.,0.));
#10815=DIRECTION('',(1.,0.,0.));
#10816=DIRECTION('center_axis',(0.,0.,1.));
#10817=DIRECTION('ref_axis',(1.,0.,0.));
#10818=DIRECTION('',(0.,-1.,0.));
#10819=DIRECTION('center_axis',(0.,0.,-1.));
#10820=DIRECTION('ref_axis',(-0.56205790707816,-0.827097883621352,0.));
#10821=DIRECTION('center_axis',(0.,0.,1.));
#10822=DIRECTION('ref_axis',(1.,0.,0.));
#10823=DIRECTION('center_axis',(0.,0.,-1.));
#10824=DIRECTION('ref_axis',(-0.674199832371593,-0.738548973345787,0.));
#10825=DIRECTION('',(0.999999999999999,4.07443129881504E-8,0.));
#10826=DIRECTION('center_axis',(0.,0.,1.));
#10827=DIRECTION('ref_axis',(0.707106752375966,0.707106809997128,0.));
#10828=DIRECTION('',(4.07443116282972E-8,-0.999999999999999,0.));
#10829=DIRECTION('center_axis',(0.,0.,-1.));
#10830=DIRECTION('ref_axis',(-0.707106752375968,-0.707106809997125,0.));
#10831=DIRECTION('',(0.999999999999999,4.07443135230778E-8,0.));
#10832=DIRECTION('center_axis',(0.,0.,-1.));
#10833=DIRECTION('ref_axis',(0.707106752375966,0.707106809997128,0.));
#10834=DIRECTION('',(-0.999999999999999,-4.07443127669875E-8,0.));
#10835=DIRECTION('center_axis',(0.,0.,1.));
#10836=DIRECTION('ref_axis',(-0.707106809997128,0.707106752375966,0.));
#10837=DIRECTION('',(0.999999999999999,4.07443129881504E-8,0.));
#10838=DIRECTION('center_axis',(0.,0.,-1.));
#10839=DIRECTION('ref_axis',(0.674199892554915,-0.738548918406182,0.));
#10840=DIRECTION('center_axis',(0.,0.,1.));
#10841=DIRECTION('ref_axis',(1.,0.,0.));
#10842=DIRECTION('center_axis',(0.,0.,-1.));
#10843=DIRECTION('ref_axis',(-0.674199832371578,-0.738548973345801,0.));
#10844=DIRECTION('',(0.999999999999999,4.07443129881504E-8,0.));
#10845=DIRECTION('center_axis',(0.,0.,1.));
#10846=DIRECTION('ref_axis',(0.707106809997134,-0.70710675237596,0.));
#10847=DIRECTION('',(0.999999999999999,4.07443127669875E-8,0.));
#10848=DIRECTION('center_axis',(0.,0.,-1.));
#10849=DIRECTION('ref_axis',(-0.707106809997125,0.707106752375968,0.));
#10850=DIRECTION('',(-0.999999999999999,-4.07443128125352E-8,0.));
#10851=DIRECTION('center_axis',(0.,0.,-1.));
#10852=DIRECTION('ref_axis',(0.707106809997128,-0.707106752375966,0.));
#10853=DIRECTION('',(4.07443116282972E-8,-0.999999999999999,0.));
#10854=DIRECTION('center_axis',(0.,0.,1.));
#10855=DIRECTION('ref_axis',(-0.707106809997122,0.707106752375972,0.));
#10856=DIRECTION('',(0.999999999999999,4.07443129881504E-8,0.));
#10857=DIRECTION('center_axis',(0.,0.,-1.));
#10858=DIRECTION('ref_axis',(0.674199892554888,-0.738548918406206,0.));
#10859=DIRECTION('center_axis',(0.,0.,1.));
#10860=DIRECTION('ref_axis',(1.,0.,0.));
#10861=DIRECTION('center_axis',(0.,0.,-1.));
#10862=DIRECTION('ref_axis',(0.827097488625,0.562058488335706,0.));
#10863=DIRECTION('',(1.,0.,0.));
#10864=DIRECTION('center_axis',(0.,0.,1.));
#10865=DIRECTION('ref_axis',(-1.,0.,0.));
#10866=DIRECTION('',(0.,-1.,0.));
#10867=DIRECTION('center_axis',(0.,0.,1.));
#10868=DIRECTION('ref_axis',(0.,1.,0.));
#10869=DIRECTION('',(1.,0.,0.));
#10870=DIRECTION('center_axis',(0.,0.,1.));
#10871=DIRECTION('ref_axis',(1.,0.,0.));
#10872=DIRECTION('',(0.,-1.,0.));
#10873=DIRECTION('center_axis',(0.,0.,-1.));
#10874=DIRECTION('ref_axis',(-0.562057522678241,-0.827098144841831,0.));
#10875=DIRECTION('center_axis',(0.,0.,1.));
#10876=DIRECTION('ref_axis',(1.,0.,0.));
#10877=DIRECTION('center_axis',(0.,0.,-1.));
#10878=DIRECTION('ref_axis',(0.562058291477863,-0.827097622400757,0.));
#10879=DIRECTION('',(0.,-1.,0.));
#10880=DIRECTION('center_axis',(0.,0.,1.));
#10881=DIRECTION('ref_axis',(0.,1.,0.));
#10882=DIRECTION('',(1.,0.,0.));
#10883=DIRECTION('center_axis',(0.,0.,1.));
#10884=DIRECTION('ref_axis',(1.,0.,0.));
#10885=DIRECTION('',(0.,-1.,0.));
#10886=DIRECTION('center_axis',(0.,0.,1.));
#10887=DIRECTION('ref_axis',(0.,-1.,0.));
#10888=DIRECTION('',(1.,0.,0.));
#10889=DIRECTION('center_axis',(0.,0.,-1.));
#10890=DIRECTION('ref_axis',(-0.827097488625,0.562058488335706,0.));
#10891=DIRECTION('center_axis',(0.,0.,1.));
#10892=DIRECTION('ref_axis',(1.,0.,0.));
#10893=DIRECTION('center_axis',(0.,0.,-1.));
#10894=DIRECTION('ref_axis',(-0.674199832371567,-0.738548973345811,0.));
#10895=DIRECTION('',(0.999999999999999,4.07443129881504E-8,0.));
#10896=DIRECTION('center_axis',(0.,0.,-1.));
#10897=DIRECTION('ref_axis',(0.707106809997128,-0.707106752375966,0.));
#10898=DIRECTION('',(-4.07443128876509E-8,0.999999999999999,0.));
#10899=DIRECTION('center_axis',(0.,0.,-1.));
#10900=DIRECTION('ref_axis',(0.707106752375967,0.707106809997127,0.));
#10901=DIRECTION('',(0.999999999999999,4.07443129881504E-8,0.));
#10902=DIRECTION('center_axis',(0.,0.,-1.));
#10903=DIRECTION('ref_axis',(-0.674199892554915,0.738548918406182,0.));
#10904=DIRECTION('center_axis',(0.,0.,1.));
#10905=DIRECTION('ref_axis',(1.,0.,0.));
#10906=DIRECTION('center_axis',(0.,0.,-1.));
#10907=DIRECTION('ref_axis',(-0.827098352839651,-0.56205721659804,0.));
#10908=DIRECTION('',(1.,0.,0.));
#10909=DIRECTION('center_axis',(0.,0.,1.));
#10910=DIRECTION('ref_axis',(1.,0.,0.));
#10911=DIRECTION('',(0.,-1.,0.));
#10912=DIRECTION('center_axis',(0.,0.,1.));
#10913=DIRECTION('ref_axis',(0.,-1.,0.));
#10914=DIRECTION('',(1.,0.,0.));
#10915=DIRECTION('center_axis',(0.,0.,1.));
#10916=DIRECTION('ref_axis',(-1.,0.,0.));
#10917=DIRECTION('',(0.,-1.,0.));
#10918=DIRECTION('center_axis',(0.,0.,-1.));
#10919=DIRECTION('ref_axis',(0.562057716653648,0.827098013025112,0.));
#10920=DIRECTION('center_axis',(0.,0.,1.));
#10921=DIRECTION('ref_axis',(1.,0.,0.));
#10922=DIRECTION('center_axis',(0.,0.,-1.));
#10923=DIRECTION('ref_axis',(-0.562058097502615,0.827097754217566,0.));
#10924=DIRECTION('',(0.,-1.,0.));
#10925=DIRECTION('center_axis',(0.,0.,1.));
#10926=DIRECTION('ref_axis',(0.,-1.,0.));
#10927=DIRECTION('',(1.,0.,0.));
#10928=DIRECTION('center_axis',(0.,0.,1.));
#10929=DIRECTION('ref_axis',(-1.,0.,0.));
#10930=DIRECTION('',(0.,-1.,0.));
#10931=DIRECTION('center_axis',(0.,0.,1.));
#10932=DIRECTION('ref_axis',(0.,1.,0.));
#10933=DIRECTION('',(1.,0.,0.));
#10934=DIRECTION('center_axis',(0.,0.,-1.));
#10935=DIRECTION('ref_axis',(0.827098352839651,-0.56205721659804,0.));
#10936=DIRECTION('center_axis',(0.,0.,1.));
#10937=DIRECTION('ref_axis',(1.,0.,0.));
#10938=DIRECTION('center_axis',(0.,0.,-1.));
#10939=DIRECTION('ref_axis',(0.674199832371593,0.738548973345787,0.));
#10940=DIRECTION('',(0.999999999999999,4.07443129881504E-8,0.));
#10941=DIRECTION('center_axis',(0.,0.,1.));
#10942=DIRECTION('ref_axis',(-0.707106750902911,-0.707106811470182,0.));
#10943=DIRECTION('',(-4.49107477133263E-8,0.999999999999999,0.));
#10944=DIRECTION('center_axis',(0.,0.,-1.));
#10945=DIRECTION('ref_axis',(0.70710675090291,0.707106811470184,0.));
#10946=DIRECTION('',(-0.999999999999999,-4.07443128125351E-8,0.));
#10947=DIRECTION('center_axis',(0.,0.,-1.));
#10948=DIRECTION('ref_axis',(-0.707106752375971,-0.707106809997123,0.));
#10949=DIRECTION('',(0.999999999999999,4.07443082122264E-8,0.));
#10950=DIRECTION('center_axis',(0.,0.,1.));
#10951=DIRECTION('ref_axis',(0.707106809997134,-0.70710675237596,0.));
#10952=DIRECTION('',(0.999999999999999,4.07443129881504E-8,0.));
#10953=DIRECTION('center_axis',(0.,0.,1.));
#10954=DIRECTION('ref_axis',(1.,0.,0.));
#10955=DIRECTION('center_axis',(0.,0.,1.));
#10956=DIRECTION('ref_axis',(1.,0.,0.));
#10957=DIRECTION('center_axis',(0.,0.,-1.));
#10958=DIRECTION('ref_axis',(0.,1.,0.));
#10959=DIRECTION('',(1.,0.,0.));
#10960=DIRECTION('center_axis',(0.,0.,-1.));
#10961=DIRECTION('ref_axis',(1.,0.,0.));
#10962=DIRECTION('',(0.,-1.,0.));
#10963=DIRECTION('center_axis',(0.,0.,-1.));
#10964=DIRECTION('ref_axis',(0.,-1.,0.));
#10965=DIRECTION('',(-1.,0.,0.));
#10966=DIRECTION('center_axis',(0.,0.,-1.));
#10967=DIRECTION('ref_axis',(-1.,0.,0.));
#10968=DIRECTION('',(0.,1.,0.));
#10969=DIRECTION('center_axis',(0.,0.,-1.));
#10970=DIRECTION('ref_axis',(0.,1.,0.));
#10971=DIRECTION('',(1.,0.,0.));
#10972=DIRECTION('center_axis',(0.,0.,-1.));
#10973=DIRECTION('ref_axis',(1.,0.,0.));
#10974=DIRECTION('',(0.,-1.,0.));
#10975=DIRECTION('center_axis',(0.,0.,-1.));
#10976=DIRECTION('ref_axis',(0.,-1.,0.));
#10977=DIRECTION('',(-1.,0.,0.));
#10978=DIRECTION('center_axis',(0.,0.,-1.));
#10979=DIRECTION('ref_axis',(-1.,0.,0.));
#10980=DIRECTION('',(0.,1.,0.));
#10981=DIRECTION('center_axis',(0.,0.,-1.));
#10982=DIRECTION('ref_axis',(-1.,0.,0.));
#10983=DIRECTION('',(0.,1.,0.));
#10984=DIRECTION('center_axis',(0.,0.,-1.));
#10985=DIRECTION('ref_axis',(0.,1.,0.));
#10986=DIRECTION('',(1.,0.,0.));
#10987=DIRECTION('center_axis',(0.,0.,-1.));
#10988=DIRECTION('ref_axis',(1.,0.,0.));
#10989=DIRECTION('',(0.,-1.,0.));
#10990=DIRECTION('center_axis',(0.,0.,-1.));
#10991=DIRECTION('ref_axis',(0.,-1.,0.));
#10992=DIRECTION('',(-1.,0.,0.));
#10993=DIRECTION('center_axis',(0.,0.,-1.));
#10994=DIRECTION('ref_axis',(1.,0.,0.));
#10995=DIRECTION('center_axis',(0.,0.,-1.));
#10996=DIRECTION('ref_axis',(0.,1.,0.));
#10997=DIRECTION('',(1.,0.,0.));
#10998=DIRECTION('center_axis',(0.,0.,-1.));
#10999=DIRECTION('ref_axis',(1.,0.,0.));
#11000=DIRECTION('',(0.,-1.,0.));
#11001=DIRECTION('center_axis',(0.,0.,-1.));
#11002=DIRECTION('ref_axis',(0.,-1.,0.));
#11003=DIRECTION('',(-1.,0.,0.));
#11004=DIRECTION('center_axis',(0.,0.,-1.));
#11005=DIRECTION('ref_axis',(-1.,0.,0.));
#11006=DIRECTION('',(0.,1.,0.));
#11007=DIRECTION('center_axis',(0.,0.,-1.));
#11008=DIRECTION('ref_axis',(0.,1.,0.));
#11009=DIRECTION('',(1.,0.,0.));
#11010=DIRECTION('center_axis',(0.,0.,-1.));
#11011=DIRECTION('ref_axis',(1.,0.,0.));
#11012=DIRECTION('',(0.,-1.,0.));
#11013=DIRECTION('center_axis',(0.,0.,-1.));
#11014=DIRECTION('ref_axis',(0.,-1.,0.));
#11015=DIRECTION('',(-1.,0.,0.));
#11016=DIRECTION('center_axis',(0.,0.,-1.));
#11017=DIRECTION('ref_axis',(-1.,0.,0.));
#11018=DIRECTION('',(0.,1.,0.));
#11019=DIRECTION('center_axis',(0.,0.,-1.));
#11020=DIRECTION('ref_axis',(0.,1.,0.));
#11021=DIRECTION('',(1.,0.,0.));
#11022=DIRECTION('center_axis',(0.,0.,-1.));
#11023=DIRECTION('ref_axis',(1.,0.,0.));
#11024=DIRECTION('',(0.,-1.,0.));
#11025=DIRECTION('center_axis',(0.,0.,-1.));
#11026=DIRECTION('ref_axis',(0.,-1.,0.));
#11027=DIRECTION('',(-1.,0.,0.));
#11028=DIRECTION('center_axis',(0.,0.,-1.));
#11029=DIRECTION('ref_axis',(-1.,0.,0.));
#11030=DIRECTION('',(0.,1.,0.));
#11031=DIRECTION('center_axis',(0.,0.,-1.));
#11032=DIRECTION('ref_axis',(0.,1.,0.));
#11033=DIRECTION('',(1.,0.,0.));
#11034=DIRECTION('center_axis',(0.,0.,-1.));
#11035=DIRECTION('ref_axis',(1.,0.,0.));
#11036=DIRECTION('',(0.,-1.,0.));
#11037=DIRECTION('center_axis',(0.,0.,-1.));
#11038=DIRECTION('ref_axis',(0.,-1.,0.));
#11039=DIRECTION('',(-1.,0.,0.));
#11040=DIRECTION('center_axis',(0.,0.,-1.));
#11041=DIRECTION('ref_axis',(-1.,0.,0.));
#11042=DIRECTION('',(0.,1.,0.));
#11043=DIRECTION('center_axis',(0.,0.,-1.));
#11044=DIRECTION('ref_axis',(1.,0.,0.));
#11045=DIRECTION('center_axis',(0.,0.,-1.));
#11046=DIRECTION('ref_axis',(0.,1.,0.));
#11047=DIRECTION('',(1.,0.,0.));
#11048=DIRECTION('center_axis',(0.,0.,-1.));
#11049=DIRECTION('ref_axis',(1.,0.,0.));
#11050=DIRECTION('',(0.,-1.,0.));
#11051=DIRECTION('center_axis',(0.,0.,-1.));
#11052=DIRECTION('ref_axis',(0.,-1.,0.));
#11053=DIRECTION('',(-1.,0.,0.));
#11054=DIRECTION('center_axis',(0.,0.,-1.));
#11055=DIRECTION('ref_axis',(-1.,0.,0.));
#11056=DIRECTION('',(0.,1.,0.));
#11057=DIRECTION('center_axis',(0.,0.,-1.));
#11058=DIRECTION('ref_axis',(0.,1.,0.));
#11059=DIRECTION('',(1.,0.,0.));
#11060=DIRECTION('center_axis',(0.,0.,-1.));
#11061=DIRECTION('ref_axis',(1.,0.,0.));
#11062=DIRECTION('',(0.,-1.,0.));
#11063=DIRECTION('center_axis',(0.,0.,-1.));
#11064=DIRECTION('ref_axis',(0.,-1.,0.));
#11065=DIRECTION('',(-1.,0.,0.));
#11066=DIRECTION('center_axis',(0.,0.,-1.));
#11067=DIRECTION('ref_axis',(-1.,0.,0.));
#11068=DIRECTION('',(0.,1.,0.));
#11069=DIRECTION('center_axis',(0.,0.,-1.));
#11070=DIRECTION('ref_axis',(-1.,0.,0.));
#11071=DIRECTION('',(7.31441066748254E-15,1.,0.));
#11072=DIRECTION('center_axis',(0.,0.,-1.));
#11073=DIRECTION('ref_axis',(0.,1.,0.));
#11074=DIRECTION('',(1.,0.,0.));
#11075=DIRECTION('center_axis',(0.,0.,-1.));
#11076=DIRECTION('ref_axis',(1.,0.,0.));
#11077=DIRECTION('',(0.,-1.,0.));
#11078=DIRECTION('center_axis',(0.,0.,-1.));
#11079=DIRECTION('ref_axis',(0.,-1.,0.));
#11080=DIRECTION('',(-1.,0.,0.));
#11081=DIRECTION('center_axis',(0.,0.,-1.));
#11082=DIRECTION('ref_axis',(0.,1.,0.));
#11083=DIRECTION('',(1.,0.,0.));
#11084=DIRECTION('center_axis',(0.,0.,-1.));
#11085=DIRECTION('ref_axis',(1.,0.,0.));
#11086=DIRECTION('',(0.,-1.,0.));
#11087=DIRECTION('center_axis',(0.,0.,-1.));
#11088=DIRECTION('ref_axis',(0.,-1.,0.));
#11089=DIRECTION('',(-1.,0.,0.));
#11090=DIRECTION('center_axis',(0.,0.,-1.));
#11091=DIRECTION('ref_axis',(-1.,0.,0.));
#11092=DIRECTION('',(0.,1.,0.));
#11093=DIRECTION('center_axis',(0.,0.,-1.));
#11094=DIRECTION('ref_axis',(0.,1.,0.));
#11095=DIRECTION('',(1.,0.,0.));
#11096=DIRECTION('center_axis',(0.,0.,-1.));
#11097=DIRECTION('ref_axis',(1.,0.,0.));
#11098=DIRECTION('',(0.,-1.,0.));
#11099=DIRECTION('center_axis',(0.,0.,-1.));
#11100=DIRECTION('ref_axis',(0.,-1.,0.));
#11101=DIRECTION('',(-1.,0.,0.));
#11102=DIRECTION('center_axis',(0.,0.,-1.));
#11103=DIRECTION('ref_axis',(-1.,0.,0.));
#11104=DIRECTION('',(0.,1.,0.));
#11105=DIRECTION('center_axis',(0.,0.,-1.));
#11106=DIRECTION('ref_axis',(0.,1.,0.));
#11107=DIRECTION('',(1.,0.,0.));
#11108=DIRECTION('center_axis',(0.,0.,-1.));
#11109=DIRECTION('ref_axis',(1.,0.,0.));
#11110=DIRECTION('',(0.,-1.,0.));
#11111=DIRECTION('center_axis',(0.,0.,-1.));
#11112=DIRECTION('ref_axis',(0.,-1.,0.));
#11113=DIRECTION('',(-1.,0.,0.));
#11114=DIRECTION('center_axis',(0.,0.,-1.));
#11115=DIRECTION('ref_axis',(-1.,0.,0.));
#11116=DIRECTION('',(0.,1.,0.));
#11117=DIRECTION('center_axis',(0.,0.,-1.));
#11118=DIRECTION('ref_axis',(0.,1.,0.));
#11119=DIRECTION('',(1.,0.,0.));
#11120=DIRECTION('center_axis',(0.,0.,-1.));
#11121=DIRECTION('ref_axis',(1.,0.,0.));
#11122=DIRECTION('',(0.,-1.,0.));
#11123=DIRECTION('center_axis',(0.,0.,-1.));
#11124=DIRECTION('ref_axis',(0.,-1.,0.));
#11125=DIRECTION('',(-1.,0.,0.));
#11126=DIRECTION('center_axis',(0.,0.,-1.));
#11127=DIRECTION('ref_axis',(-1.,0.,0.));
#11128=DIRECTION('',(0.,1.,0.));
#11129=DIRECTION('center_axis',(0.,0.,-1.));
#11130=DIRECTION('ref_axis',(0.,1.,0.));
#11131=DIRECTION('',(1.,0.,0.));
#11132=DIRECTION('center_axis',(0.,0.,-1.));
#11133=DIRECTION('ref_axis',(1.,0.,0.));
#11134=DIRECTION('',(0.,-1.,0.));
#11135=DIRECTION('center_axis',(0.,0.,-1.));
#11136=DIRECTION('ref_axis',(0.,-1.,0.));
#11137=DIRECTION('',(-1.,0.,0.));
#11138=DIRECTION('center_axis',(0.,0.,-1.));
#11139=DIRECTION('ref_axis',(-1.,0.,0.));
#11140=DIRECTION('',(0.,1.,0.));
#11141=DIRECTION('center_axis',(0.,0.,-1.));
#11142=DIRECTION('ref_axis',(0.,1.,0.));
#11143=DIRECTION('',(1.,0.,0.));
#11144=DIRECTION('center_axis',(0.,0.,-1.));
#11145=DIRECTION('ref_axis',(1.,0.,0.));
#11146=DIRECTION('',(0.,-1.,0.));
#11147=DIRECTION('center_axis',(0.,0.,-1.));
#11148=DIRECTION('ref_axis',(0.,-1.,0.));
#11149=DIRECTION('',(-1.,0.,0.));
#11150=DIRECTION('center_axis',(0.,0.,-1.));
#11151=DIRECTION('ref_axis',(-1.,0.,0.));
#11152=DIRECTION('',(0.,1.,0.));
#11153=DIRECTION('center_axis',(0.,0.,-1.));
#11154=DIRECTION('ref_axis',(0.,1.,0.));
#11155=DIRECTION('',(1.,0.,0.));
#11156=DIRECTION('center_axis',(0.,0.,-1.));
#11157=DIRECTION('ref_axis',(1.,0.,0.));
#11158=DIRECTION('',(0.,-1.,0.));
#11159=DIRECTION('center_axis',(0.,0.,-1.));
#11160=DIRECTION('ref_axis',(0.,-1.,0.));
#11161=DIRECTION('',(-1.,0.,0.));
#11162=DIRECTION('center_axis',(0.,0.,-1.));
#11163=DIRECTION('ref_axis',(-1.,0.,0.));
#11164=DIRECTION('',(0.,1.,0.));
#11165=DIRECTION('center_axis',(0.,0.,-1.));
#11166=DIRECTION('ref_axis',(1.,0.,0.));
#11167=DIRECTION('center_axis',(0.,0.,-1.));
#11168=DIRECTION('ref_axis',(0.,1.,0.));
#11169=DIRECTION('',(1.,0.,0.));
#11170=DIRECTION('center_axis',(0.,0.,-1.));
#11171=DIRECTION('ref_axis',(1.,0.,0.));
#11172=DIRECTION('',(0.,-1.,0.));
#11173=DIRECTION('center_axis',(0.,0.,-1.));
#11174=DIRECTION('ref_axis',(3.55271367880048E-14,-1.,0.));
#11175=DIRECTION('',(-1.,0.,0.));
#11176=DIRECTION('center_axis',(0.,0.,-1.));
#11177=DIRECTION('ref_axis',(-1.,0.,0.));
#11178=DIRECTION('',(0.,1.,0.));
#11179=DIRECTION('center_axis',(0.,0.,-1.));
#11180=DIRECTION('ref_axis',(0.,1.,0.));
#11181=DIRECTION('',(1.,0.,0.));
#11182=DIRECTION('center_axis',(0.,0.,-1.));
#11183=DIRECTION('ref_axis',(1.,0.,0.));
#11184=DIRECTION('',(0.,-1.,0.));
#11185=DIRECTION('center_axis',(0.,0.,-1.));
#11186=DIRECTION('ref_axis',(0.,-1.,0.));
#11187=DIRECTION('',(-1.,0.,0.));
#11188=DIRECTION('center_axis',(0.,0.,-1.));
#11189=DIRECTION('ref_axis',(-1.,0.,0.));
#11190=DIRECTION('',(0.,1.,0.));
#11191=DIRECTION('center_axis',(0.,0.,-1.));
#11192=DIRECTION('ref_axis',(0.,1.,0.));
#11193=DIRECTION('',(1.,0.,0.));
#11194=DIRECTION('center_axis',(0.,0.,-1.));
#11195=DIRECTION('ref_axis',(1.,0.,0.));
#11196=DIRECTION('',(0.,-1.,0.));
#11197=DIRECTION('center_axis',(0.,0.,-1.));
#11198=DIRECTION('ref_axis',(0.,-1.,0.));
#11199=DIRECTION('',(-1.,0.,0.));
#11200=DIRECTION('center_axis',(0.,0.,-1.));
#11201=DIRECTION('ref_axis',(-1.,0.,0.));
#11202=DIRECTION('',(0.,1.,0.));
#11203=DIRECTION('center_axis',(0.,0.,-1.));
#11204=DIRECTION('ref_axis',(0.,1.,0.));
#11205=DIRECTION('',(1.,0.,0.));
#11206=DIRECTION('center_axis',(0.,0.,-1.));
#11207=DIRECTION('ref_axis',(1.,0.,0.));
#11208=DIRECTION('',(0.,-1.,0.));
#11209=DIRECTION('center_axis',(0.,0.,-1.));
#11210=DIRECTION('ref_axis',(0.,-1.,0.));
#11211=DIRECTION('',(-1.,0.,0.));
#11212=DIRECTION('center_axis',(0.,0.,-1.));
#11213=DIRECTION('ref_axis',(-1.,0.,0.));
#11214=DIRECTION('',(0.,1.,0.));
#11215=DIRECTION('center_axis',(0.,0.,-1.));
#11216=DIRECTION('ref_axis',(0.,1.,0.));
#11217=DIRECTION('',(1.,0.,0.));
#11218=DIRECTION('center_axis',(0.,0.,-1.));
#11219=DIRECTION('ref_axis',(1.,0.,0.));
#11220=DIRECTION('',(0.,-1.,0.));
#11221=DIRECTION('center_axis',(0.,0.,-1.));
#11222=DIRECTION('ref_axis',(0.,-1.,0.));
#11223=DIRECTION('',(-1.,0.,0.));
#11224=DIRECTION('center_axis',(0.,0.,-1.));
#11225=DIRECTION('ref_axis',(-1.,0.,0.));
#11226=DIRECTION('',(0.,1.,0.));
#11227=DIRECTION('center_axis',(0.,0.,-1.));
#11228=DIRECTION('ref_axis',(0.,1.,0.));
#11229=DIRECTION('',(1.,0.,0.));
#11230=DIRECTION('center_axis',(0.,0.,-1.));
#11231=DIRECTION('ref_axis',(1.,0.,0.));
#11232=DIRECTION('',(0.,-1.,0.));
#11233=DIRECTION('center_axis',(0.,0.,-1.));
#11234=DIRECTION('ref_axis',(0.,-1.,0.));
#11235=DIRECTION('',(-1.,0.,0.));
#11236=DIRECTION('center_axis',(0.,0.,-1.));
#11237=DIRECTION('ref_axis',(-1.,0.,0.));
#11238=DIRECTION('',(0.,1.,0.));
#11239=DIRECTION('center_axis',(0.,0.,-1.));
#11240=DIRECTION('ref_axis',(0.,1.,0.));
#11241=DIRECTION('',(1.,0.,0.));
#11242=DIRECTION('center_axis',(0.,0.,-1.));
#11243=DIRECTION('ref_axis',(1.,0.,0.));
#11244=DIRECTION('',(0.,-1.,0.));
#11245=DIRECTION('center_axis',(0.,0.,-1.));
#11246=DIRECTION('ref_axis',(0.,-1.,0.));
#11247=DIRECTION('',(-1.,0.,0.));
#11248=DIRECTION('center_axis',(0.,0.,-1.));
#11249=DIRECTION('ref_axis',(-1.,0.,0.));
#11250=DIRECTION('',(0.,1.,0.));
#11251=DIRECTION('center_axis',(0.,0.,-1.));
#11252=DIRECTION('ref_axis',(1.,0.,0.));
#11253=DIRECTION('center_axis',(0.,0.,-1.));
#11254=DIRECTION('ref_axis',(1.,0.,0.));
#11255=DIRECTION('center_axis',(0.,0.,-1.));
#11256=DIRECTION('ref_axis',(-1.,0.,0.));
#11257=DIRECTION('',(0.,1.,0.));
#11258=DIRECTION('center_axis',(0.,0.,-1.));
#11259=DIRECTION('ref_axis',(0.,1.,0.));
#11260=DIRECTION('',(1.,0.,0.));
#11261=DIRECTION('center_axis',(0.,0.,-1.));
#11262=DIRECTION('ref_axis',(1.,0.,0.));
#11263=DIRECTION('',(0.,-1.,0.));
#11264=DIRECTION('center_axis',(0.,0.,-1.));
#11265=DIRECTION('ref_axis',(0.,-1.,0.));
#11266=DIRECTION('',(-1.,0.,0.));
#11267=DIRECTION('center_axis',(0.,0.,-1.));
#11268=DIRECTION('ref_axis',(0.,1.,0.));
#11269=DIRECTION('',(1.,0.,0.));
#11270=DIRECTION('center_axis',(0.,0.,-1.));
#11271=DIRECTION('ref_axis',(1.,0.,0.));
#11272=DIRECTION('',(0.,-1.,0.));
#11273=DIRECTION('center_axis',(0.,0.,-1.));
#11274=DIRECTION('ref_axis',(0.,-1.,0.));
#11275=DIRECTION('',(-1.,0.,0.));
#11276=DIRECTION('center_axis',(0.,0.,-1.));
#11277=DIRECTION('ref_axis',(-1.,0.,0.));
#11278=DIRECTION('',(0.,1.,0.));
#11279=DIRECTION('center_axis',(0.,0.,-1.));
#11280=DIRECTION('ref_axis',(0.,1.,0.));
#11281=DIRECTION('',(1.,0.,0.));
#11282=DIRECTION('center_axis',(0.,0.,-1.));
#11283=DIRECTION('ref_axis',(1.,0.,0.));
#11284=DIRECTION('',(0.,-1.,0.));
#11285=DIRECTION('center_axis',(0.,0.,-1.));
#11286=DIRECTION('ref_axis',(0.,-1.,0.));
#11287=DIRECTION('',(-1.,0.,0.));
#11288=DIRECTION('center_axis',(0.,0.,-1.));
#11289=DIRECTION('ref_axis',(-1.,0.,0.));
#11290=DIRECTION('',(0.,1.,0.));
#11291=DIRECTION('center_axis',(0.,0.,-1.));
#11292=DIRECTION('ref_axis',(0.,1.,0.));
#11293=DIRECTION('',(1.,0.,0.));
#11294=DIRECTION('center_axis',(0.,0.,-1.));
#11295=DIRECTION('ref_axis',(1.,0.,0.));
#11296=DIRECTION('',(0.,-1.,0.));
#11297=DIRECTION('center_axis',(0.,0.,-1.));
#11298=DIRECTION('ref_axis',(3.55271367880051E-14,-1.,0.));
#11299=DIRECTION('',(-1.,0.,0.));
#11300=DIRECTION('center_axis',(0.,0.,-1.));
#11301=DIRECTION('ref_axis',(-1.,0.,0.));
#11302=DIRECTION('',(0.,1.,0.));
#11303=DIRECTION('',(1.,0.,0.));
#11304=DIRECTION('center_axis',(0.,0.,-1.));
#11305=DIRECTION('ref_axis',(1.,0.,0.));
#11306=DIRECTION('',(0.,-1.,0.));
#11307=DIRECTION('center_axis',(0.,0.,-1.));
#11308=DIRECTION('ref_axis',(0.,-1.,0.));
#11309=DIRECTION('',(-1.,0.,0.));
#11310=DIRECTION('center_axis',(0.,0.,-1.));
#11311=DIRECTION('ref_axis',(-1.,0.,0.));
#11312=DIRECTION('',(0.,1.,0.));
#11313=DIRECTION('center_axis',(0.,0.,-1.));
#11314=DIRECTION('ref_axis',(0.,1.,0.));
#11315=DIRECTION('center_axis',(0.,0.,-1.));
#11316=DIRECTION('ref_axis',(0.,1.,0.));
#11317=DIRECTION('',(1.,0.,0.));
#11318=DIRECTION('center_axis',(0.,0.,-1.));
#11319=DIRECTION('ref_axis',(1.,0.,0.));
#11320=DIRECTION('',(0.,-1.,0.));
#11321=DIRECTION('center_axis',(0.,0.,-1.));
#11322=DIRECTION('ref_axis',(0.,-1.,0.));
#11323=DIRECTION('',(-1.,0.,0.));
#11324=DIRECTION('center_axis',(0.,0.,-1.));
#11325=DIRECTION('ref_axis',(-1.,0.,0.));
#11326=DIRECTION('',(0.,1.,0.));
#11327=DIRECTION('center_axis',(0.,0.,-1.));
#11328=DIRECTION('ref_axis',(0.,1.,0.));
#11329=DIRECTION('',(1.,0.,0.));
#11330=DIRECTION('center_axis',(0.,0.,-1.));
#11331=DIRECTION('ref_axis',(1.,0.,0.));
#11332=DIRECTION('',(0.,-1.,0.));
#11333=DIRECTION('center_axis',(0.,0.,-1.));
#11334=DIRECTION('ref_axis',(1.77635683940026E-14,-1.,0.));
#11335=DIRECTION('',(-1.,0.,0.));
#11336=DIRECTION('center_axis',(0.,0.,-1.));
#11337=DIRECTION('ref_axis',(-1.,0.,0.));
#11338=DIRECTION('',(0.,1.,0.));
#11339=DIRECTION('center_axis',(0.,0.,-1.));
#11340=DIRECTION('ref_axis',(0.,1.,0.));
#11341=DIRECTION('',(1.,0.,0.));
#11342=DIRECTION('center_axis',(0.,0.,-1.));
#11343=DIRECTION('ref_axis',(1.,0.,0.));
#11344=DIRECTION('',(0.,-1.,0.));
#11345=DIRECTION('center_axis',(0.,0.,-1.));
#11346=DIRECTION('ref_axis',(0.,-1.,0.));
#11347=DIRECTION('',(-1.,0.,0.));
#11348=DIRECTION('center_axis',(0.,0.,-1.));
#11349=DIRECTION('ref_axis',(-1.,0.,0.));
#11350=DIRECTION('',(0.,1.,0.));
#11351=DIRECTION('center_axis',(0.,0.,-1.));
#11352=DIRECTION('ref_axis',(0.,1.,0.));
#11353=DIRECTION('',(1.,0.,0.));
#11354=DIRECTION('center_axis',(0.,0.,-1.));
#11355=DIRECTION('ref_axis',(1.,0.,0.));
#11356=DIRECTION('',(0.,-1.,0.));
#11357=DIRECTION('center_axis',(0.,0.,-1.));
#11358=DIRECTION('ref_axis',(0.,-1.,0.));
#11359=DIRECTION('',(-1.,0.,0.));
#11360=DIRECTION('center_axis',(0.,0.,-1.));
#11361=DIRECTION('ref_axis',(-1.,0.,0.));
#11362=DIRECTION('',(0.,1.,0.));
#11363=DIRECTION('center_axis',(0.,0.,-1.));
#11364=DIRECTION('ref_axis',(1.,0.,0.));
#11365=DIRECTION('center_axis',(0.,0.,-1.));
#11366=DIRECTION('ref_axis',(0.,1.,0.));
#11367=DIRECTION('',(1.,0.,0.));
#11368=DIRECTION('center_axis',(0.,0.,-1.));
#11369=DIRECTION('ref_axis',(1.,0.,0.));
#11370=DIRECTION('',(0.,-1.,0.));
#11371=DIRECTION('center_axis',(0.,0.,-1.));
#11372=DIRECTION('ref_axis',(0.,-1.,0.));
#11373=DIRECTION('',(-1.,0.,0.));
#11374=DIRECTION('center_axis',(0.,0.,-1.));
#11375=DIRECTION('ref_axis',(-1.,0.,0.));
#11376=DIRECTION('',(0.,1.,0.));
#11377=DIRECTION('center_axis',(0.,0.,-1.));
#11378=DIRECTION('ref_axis',(0.,1.,0.));
#11379=DIRECTION('',(1.,0.,0.));
#11380=DIRECTION('center_axis',(0.,0.,-1.));
#11381=DIRECTION('ref_axis',(1.,0.,0.));
#11382=DIRECTION('',(0.,-1.,0.));
#11383=DIRECTION('center_axis',(0.,0.,-1.));
#11384=DIRECTION('ref_axis',(0.,-1.,0.));
#11385=DIRECTION('',(-1.,0.,0.));
#11386=DIRECTION('center_axis',(0.,0.,-1.));
#11387=DIRECTION('ref_axis',(-1.,0.,0.));
#11388=DIRECTION('',(0.,1.,0.));
#11389=DIRECTION('center_axis',(0.,0.,1.));
#11390=DIRECTION('ref_axis',(1.,0.,0.));
#11391=DIRECTION('center_axis',(0.,0.,1.));
#11392=DIRECTION('ref_axis',(1.,0.,0.));
#11393=DIRECTION('center_axis',(0.,0.,-1.));
#11394=DIRECTION('ref_axis',(1.,0.,0.));
#11395=DIRECTION('center_axis',(0.,0.,1.));
#11396=DIRECTION('ref_axis',(1.,0.,0.));
#11397=DIRECTION('',(0.,0.,1.));
#11398=DIRECTION('center_axis',(0.,0.,1.));
#11399=DIRECTION('ref_axis',(1.,0.,0.));
#11400=DIRECTION('',(0.707106781186544,8.65956056235489E-17,-0.707106781186551));
#11401=DIRECTION('center_axis',(0.,0.,-1.));
#11402=DIRECTION('ref_axis',(1.,0.,0.));
#11403=DIRECTION('center_axis',(0.,0.,-1.));
#11404=DIRECTION('ref_axis',(1.,0.,0.));
#11405=DIRECTION('center_axis',(0.,0.,1.));
#11406=DIRECTION('ref_axis',(1.,0.,0.));
#11407=DIRECTION('',(0.,0.,1.));
#11408=DIRECTION('center_axis',(0.,0.,1.));
#11409=DIRECTION('ref_axis',(1.,0.,0.));
#11410=DIRECTION('',(0.707106781186548,8.65956056235493E-17,-0.707106781186547));
#11411=DIRECTION('center_axis',(0.,0.,-1.));
#11412=DIRECTION('ref_axis',(1.,0.,0.));
#11413=DIRECTION('center_axis',(0.,0.,-1.));
#11414=DIRECTION('ref_axis',(1.,0.,0.));
#11415=DIRECTION('center_axis',(0.,0.,1.));
#11416=DIRECTION('ref_axis',(1.,0.,0.));
#11417=DIRECTION('',(0.,0.,1.));
#11418=DIRECTION('center_axis',(0.,0.,1.));
#11419=DIRECTION('ref_axis',(1.,0.,0.));
#11420=DIRECTION('',(0.707106781186544,8.65956056235489E-17,-0.707106781186551));
#11421=DIRECTION('center_axis',(0.,0.,-1.));
#11422=DIRECTION('ref_axis',(1.,0.,0.));
#11423=DIRECTION('center_axis',(0.,0.,-1.));
#11424=DIRECTION('ref_axis',(1.,0.,0.));
#11425=DIRECTION('center_axis',(0.,0.,1.));
#11426=DIRECTION('ref_axis',(1.,0.,0.));
#11427=DIRECTION('',(0.,0.,1.));
#11428=DIRECTION('center_axis',(0.,0.,1.));
#11429=DIRECTION('ref_axis',(1.,0.,0.));
#11430=DIRECTION('',(0.707106781186544,8.65956056235489E-17,-0.707106781186551));
#11431=DIRECTION('center_axis',(0.,0.,-1.));
#11432=DIRECTION('ref_axis',(1.,0.,0.));
#11433=DIRECTION('center_axis',(0.,0.,-1.));
#11434=DIRECTION('ref_axis',(1.,0.,0.));
#11435=DIRECTION('center_axis',(0.,0.,1.));
#11436=DIRECTION('ref_axis',(1.,0.,0.));
#11437=DIRECTION('',(0.,0.,1.));
#11438=DIRECTION('center_axis',(0.,0.,-1.));
#11439=DIRECTION('ref_axis',(-0.674199892554915,0.738548918406182,0.));
#11440=DIRECTION('center_axis',(0.,0.,1.));
#11441=DIRECTION('ref_axis',(-0.674199892554915,0.738548918406182,0.));
#11442=DIRECTION('',(0.,0.,1.));
#11443=DIRECTION('',(0.,0.,-1.));
#11444=DIRECTION('center_axis',(-4.07443129881504E-8,0.999999999999999,
0.));
#11445=DIRECTION('ref_axis',(0.999999999999999,4.07443129881504E-8,0.));
#11446=DIRECTION('',(0.,0.,1.));
#11447=DIRECTION('',(0.999999999999999,4.07443129881504E-8,0.));
#11448=DIRECTION('center_axis',(0.,0.,-1.));
#11449=DIRECTION('ref_axis',(-0.827098182214847,-0.562057467681817,0.));
#11450=DIRECTION('center_axis',(0.,0.,1.));
#11451=DIRECTION('ref_axis',(-0.827098182214847,-0.562057467681817,0.));
#11452=DIRECTION('',(0.,0.,1.));
#11453=DIRECTION('',(0.,0.,-1.));
#11454=DIRECTION('center_axis',(0.,-1.,0.));
#11455=DIRECTION('ref_axis',(-1.,0.,0.));
#11456=DIRECTION('',(-1.,0.,0.));
#11457=DIRECTION('',(0.,0.,-1.));
#11458=DIRECTION('center_axis',(0.,0.,1.));
#11459=DIRECTION('ref_axis',(1.,0.,0.));
#11460=DIRECTION('center_axis',(0.,0.,-1.));
#11461=DIRECTION('ref_axis',(0.70710675237596,0.707106809997134,0.));
#11462=DIRECTION('',(-0.999999999999999,-4.07443082122264E-8,0.));
#11463=DIRECTION('center_axis',(0.,0.,1.));
#11464=DIRECTION('ref_axis',(-0.707106809997128,0.707106752375966,0.));
#11465=DIRECTION('',(0.999999999999999,4.07443128125351E-8,0.));
#11466=DIRECTION('center_axis',(0.,0.,1.));
#11467=DIRECTION('ref_axis',(0.70710675090291,0.707106811470184,0.));
#11468=DIRECTION('',(4.49107477133263E-8,-0.999999999999999,0.));
#11469=DIRECTION('center_axis',(0.,0.,-1.));
#11470=DIRECTION('ref_axis',(-0.707106750902911,-0.707106811470182,0.));
#11471=DIRECTION('',(0.999999999999999,4.07443129881504E-8,0.));
#11472=DIRECTION('center_axis',(0.,0.,1.));
#11473=DIRECTION('ref_axis',(0.674199832371593,0.738548973345787,0.));
#11474=DIRECTION('center_axis',(0.,0.,1.));
#11475=DIRECTION('ref_axis',(1.,0.,0.));
#11476=DIRECTION('center_axis',(0.,0.,1.));
#11477=DIRECTION('ref_axis',(0.827098352839651,-0.56205721659804,0.));
#11478=DIRECTION('',(-1.,0.,0.));
#11479=DIRECTION('center_axis',(0.,0.,1.));
#11480=DIRECTION('ref_axis',(0.,1.,0.));
#11481=DIRECTION('',(0.,-1.,0.));
#11482=DIRECTION('center_axis',(0.,0.,1.));
#11483=DIRECTION('ref_axis',(-1.,0.,0.));
#11484=DIRECTION('',(1.,0.,0.));
#11485=DIRECTION('center_axis',(0.,0.,1.));
#11486=DIRECTION('ref_axis',(0.,-1.,0.));
#11487=DIRECTION('',(0.,1.,0.));
#11488=DIRECTION('center_axis',(0.,0.,1.));
#11489=DIRECTION('ref_axis',(-0.562058097502615,0.827097754217566,0.));
#11490=DIRECTION('center_axis',(0.,0.,1.));
#11491=DIRECTION('ref_axis',(1.,0.,0.));
#11492=DIRECTION('center_axis',(0.,0.,1.));
#11493=DIRECTION('ref_axis',(0.562057716653648,0.827098013025112,0.));
#11494=DIRECTION('',(0.,-1.,0.));
#11495=DIRECTION('center_axis',(0.,0.,1.));
#11496=DIRECTION('ref_axis',(-1.,0.,0.));
#11497=DIRECTION('',(1.,0.,0.));
#11498=DIRECTION('center_axis',(0.,0.,1.));
#11499=DIRECTION('ref_axis',(0.,-1.,0.));
#11500=DIRECTION('',(0.,1.,0.));
#11501=DIRECTION('center_axis',(0.,0.,1.));
#11502=DIRECTION('ref_axis',(1.,0.,0.));
#11503=DIRECTION('',(-1.,0.,0.));
#11504=DIRECTION('center_axis',(0.,0.,1.));
#11505=DIRECTION('ref_axis',(-0.827098352839651,-0.56205721659804,0.));
#11506=DIRECTION('center_axis',(0.,0.,1.));
#11507=DIRECTION('ref_axis',(1.,0.,0.));
#11508=DIRECTION('center_axis',(0.,0.,1.));
#11509=DIRECTION('ref_axis',(-0.674199892554915,0.738548918406182,0.));
#11510=DIRECTION('',(0.999999999999999,4.07443129881504E-8,0.));
#11511=DIRECTION('center_axis',(0.,0.,1.));
#11512=DIRECTION('ref_axis',(0.707106752375967,0.707106809997127,0.));
#11513=DIRECTION('',(4.07443128876509E-8,-0.999999999999999,0.));
#11514=DIRECTION('center_axis',(0.,0.,1.));
#11515=DIRECTION('ref_axis',(0.707106809997128,-0.707106752375966,0.));
#11516=DIRECTION('',(-0.999999999999999,-4.07443129881504E-8,0.));
#11517=DIRECTION('center_axis',(0.,0.,1.));
#11518=DIRECTION('ref_axis',(-0.674199832371567,-0.738548973345811,0.));
#11519=DIRECTION('center_axis',(0.,0.,1.));
#11520=DIRECTION('ref_axis',(1.,0.,0.));
#11521=DIRECTION('center_axis',(0.,0.,1.));
#11522=DIRECTION('ref_axis',(-0.827097488625,0.562058488335706,0.));
#11523=DIRECTION('',(1.,0.,0.));
#11524=DIRECTION('center_axis',(0.,0.,1.));
#11525=DIRECTION('ref_axis',(0.,-1.,0.));
#11526=DIRECTION('',(0.,1.,0.));
#11527=DIRECTION('center_axis',(0.,0.,1.));
#11528=DIRECTION('ref_axis',(1.,0.,0.));
#11529=DIRECTION('',(-1.,0.,0.));
#11530=DIRECTION('center_axis',(0.,0.,1.));
#11531=DIRECTION('ref_axis',(0.,1.,0.));
#11532=DIRECTION('',(0.,-1.,0.));
#11533=DIRECTION('center_axis',(0.,0.,1.));
#11534=DIRECTION('ref_axis',(0.562058291477863,-0.827097622400757,0.));
#11535=DIRECTION('center_axis',(0.,0.,1.));
#11536=DIRECTION('ref_axis',(1.,0.,0.));
#11537=DIRECTION('center_axis',(0.,0.,1.));
#11538=DIRECTION('ref_axis',(-0.562057522678241,-0.827098144841831,0.));
#11539=DIRECTION('',(0.,1.,0.));
#11540=DIRECTION('center_axis',(0.,0.,1.));
#11541=DIRECTION('ref_axis',(1.,0.,0.));
#11542=DIRECTION('',(-1.,0.,0.));
#11543=DIRECTION('center_axis',(0.,0.,1.));
#11544=DIRECTION('ref_axis',(0.,1.,0.));
#11545=DIRECTION('',(0.,-1.,0.));
#11546=DIRECTION('center_axis',(0.,0.,1.));
#11547=DIRECTION('ref_axis',(-1.,0.,0.));
#11548=DIRECTION('',(1.,0.,0.));
#11549=DIRECTION('center_axis',(0.,0.,1.));
#11550=DIRECTION('ref_axis',(0.827097488625,0.562058488335706,0.));
#11551=DIRECTION('center_axis',(0.,0.,1.));
#11552=DIRECTION('ref_axis',(1.,0.,0.));
#11553=DIRECTION('center_axis',(0.,0.,1.));
#11554=DIRECTION('ref_axis',(0.674199892554888,-0.738548918406206,0.));
#11555=DIRECTION('',(-0.999999999999999,-4.07443129881504E-8,0.));
#11556=DIRECTION('center_axis',(0.,0.,-1.));
#11557=DIRECTION('ref_axis',(-0.707106809997122,0.707106752375972,0.));
#11558=DIRECTION('',(4.07443116282972E-8,-0.999999999999999,0.));
#11559=DIRECTION('center_axis',(0.,0.,1.));
#11560=DIRECTION('ref_axis',(0.707106809997128,-0.707106752375966,0.));
#11561=DIRECTION('',(-0.999999999999999,-4.07443128125352E-8,0.));
#11562=DIRECTION('center_axis',(0.,0.,1.));
#11563=DIRECTION('ref_axis',(-0.707106809997125,0.707106752375968,0.));
#11564=DIRECTION('',(0.999999999999999,4.07443127669875E-8,0.));
#11565=DIRECTION('center_axis',(0.,0.,-1.));
#11566=DIRECTION('ref_axis',(0.707106752375953,0.707106809997141,0.));
#11567=DIRECTION('',(-0.999999999999999,-4.07443129881504E-8,0.));
#11568=DIRECTION('center_axis',(0.,0.,1.));
#11569=DIRECTION('ref_axis',(-0.674199832371578,-0.738548973345801,0.));
#11570=DIRECTION('center_axis',(0.,0.,1.));
#11571=DIRECTION('ref_axis',(1.,0.,0.));
#11572=DIRECTION('center_axis',(0.,0.,1.));
#11573=DIRECTION('ref_axis',(0.674199892554915,-0.738548918406182,0.));
#11574=DIRECTION('',(-0.999999999999999,-4.07443129881504E-8,0.));
#11575=DIRECTION('center_axis',(0.,0.,-1.));
#11576=DIRECTION('ref_axis',(-0.70710675237596,-0.707106809997134,0.));
#11577=DIRECTION('',(0.999999999999999,4.07443127669875E-8,0.));
#11578=DIRECTION('center_axis',(0.,0.,1.));
#11579=DIRECTION('ref_axis',(0.707106809997131,-0.707106752375963,0.));
#11580=DIRECTION('',(-0.999999999999999,-4.07443135230778E-8,0.));
#11581=DIRECTION('center_axis',(0.,0.,1.));
#11582=DIRECTION('ref_axis',(-0.707106752375968,-0.707106809997125,0.));
#11583=DIRECTION('',(-4.07443116282972E-8,0.999999999999999,0.));
#11584=DIRECTION('center_axis',(0.,0.,-1.));
#11585=DIRECTION('ref_axis',(0.707106752375966,0.707106809997128,0.));
#11586=DIRECTION('',(-0.999999999999999,-4.07443129881504E-8,0.));
#11587=DIRECTION('center_axis',(0.,0.,1.));
#11588=DIRECTION('ref_axis',(-0.674199832371593,-0.738548973345787,0.));
#11589=DIRECTION('center_axis',(0.,0.,1.));
#11590=DIRECTION('ref_axis',(1.,0.,0.));
#11591=DIRECTION('center_axis',(0.,0.,1.));
#11592=DIRECTION('ref_axis',(-0.56205790707816,-0.827097883621352,0.));
#11593=DIRECTION('',(0.,1.,0.));
#11594=DIRECTION('center_axis',(0.,0.,1.));
#11595=DIRECTION('ref_axis',(1.,0.,0.));
#11596=DIRECTION('',(-1.,0.,0.));
#11597=DIRECTION('center_axis',(0.,0.,1.));
#11598=DIRECTION('ref_axis',(0.,1.,0.));
#11599=DIRECTION('',(0.,-1.,0.));
#11600=DIRECTION('center_axis',(0.,0.,1.));
#11601=DIRECTION('ref_axis',(-1.,0.,0.));
#11602=DIRECTION('',(1.,0.,0.));
#11603=DIRECTION('center_axis',(0.,0.,1.));
#11604=DIRECTION('ref_axis',(0.827097909855289,0.562057868473534,0.));
#11605=DIRECTION('center_axis',(0.,0.,1.));
#11606=DIRECTION('ref_axis',(1.,0.,0.));
#11607=DIRECTION('center_axis',(0.,0.,1.));
#11608=DIRECTION('ref_axis',(0.674199892554915,-0.738548918406182,0.));
#11609=DIRECTION('',(-0.999999999999999,-4.07443129881504E-8,0.));
#11610=DIRECTION('center_axis',(0.,0.,1.));
#11611=DIRECTION('ref_axis',(-0.707106752375967,-0.707106809997127,0.));
#11612=DIRECTION('',(-4.07443131207686E-8,0.999999999999999,0.));
#11613=DIRECTION('center_axis',(0.,0.,1.));
#11614=DIRECTION('ref_axis',(-0.707106809997129,0.707106752375965,0.));
#11615=DIRECTION('',(0.999999999999999,4.07443129881504E-8,0.));
#11616=DIRECTION('center_axis',(0.,0.,1.));
#11617=DIRECTION('ref_axis',(0.674199832371587,0.738548973345793,0.));
#11618=DIRECTION('center_axis',(0.,0.,1.));
#11619=DIRECTION('ref_axis',(1.,0.,0.));
#11620=DIRECTION('center_axis',(0.,0.,1.));
#11621=DIRECTION('ref_axis',(0.827097926277569,-0.562057844307279,0.));
#11622=DIRECTION('',(-1.,0.,0.));
#11623=DIRECTION('center_axis',(0.,0.,1.));
#11624=DIRECTION('ref_axis',(0.,1.,0.));
#11625=DIRECTION('',(0.,-1.,0.));
#11626=DIRECTION('center_axis',(0.,0.,1.));
#11627=DIRECTION('ref_axis',(-1.,0.,0.));
#11628=DIRECTION('',(1.,0.,0.));
#11629=DIRECTION('center_axis',(0.,0.,1.));
#11630=DIRECTION('ref_axis',(3.55271367880051E-14,-1.,0.));
#11631=DIRECTION('',(0.,1.,0.));
#11632=DIRECTION('center_axis',(0.,0.,1.));
#11633=DIRECTION('ref_axis',(-0.562058288273225,0.827097624578485,0.));
#11634=DIRECTION('center_axis',(0.,0.,1.));
#11635=DIRECTION('ref_axis',(1.,0.,0.));
#11636=DIRECTION('center_axis',(0.,0.,1.));
#11637=DIRECTION('ref_axis',(0.562057525882847,0.82709814266413,0.));
#11638=DIRECTION('',(0.,-1.,0.));
#11639=DIRECTION('center_axis',(0.,0.,1.));
#11640=DIRECTION('ref_axis',(-1.,0.,0.));
#11641=DIRECTION('',(1.,0.,0.));
#11642=DIRECTION('center_axis',(0.,0.,1.));
#11643=DIRECTION('ref_axis',(0.,-1.,0.));
#11644=DIRECTION('',(0.,1.,0.));
#11645=DIRECTION('center_axis',(0.,0.,1.));
#11646=DIRECTION('ref_axis',(1.,0.,0.));
#11647=DIRECTION('',(-1.,0.,0.));
#11648=DIRECTION('center_axis',(0.,0.,1.));
#11649=DIRECTION('ref_axis',(-0.827097926277569,-0.562057844307279,0.));
#11650=DIRECTION('center_axis',(0.,0.,1.));
#11651=DIRECTION('ref_axis',(1.,0.,0.));
#11652=DIRECTION('center_axis',(0.,0.,1.));
#11653=DIRECTION('ref_axis',(-0.674199892554909,0.738548918406188,0.));
#11654=DIRECTION('',(0.999999999999999,4.07443129881504E-8,0.));
#11655=DIRECTION('center_axis',(0.,0.,-1.));
#11656=DIRECTION('ref_axis',(0.707106809997128,-0.707106752375966,0.));
#11657=DIRECTION('',(-4.07443131085946E-8,0.999999999999999,0.));
#11658=DIRECTION('center_axis',(0.,0.,1.));
#11659=DIRECTION('ref_axis',(-0.707106825138942,0.70710673723415,0.));
#11660=DIRECTION('',(0.999999999999996,8.35718338976221E-8,0.));
#11661=DIRECTION('center_axis',(0.,0.,1.));
#11662=DIRECTION('ref_axis',(0.707106603683322,0.707106958689729,0.));
#11663=DIRECTION('center_axis',(0.,0.,1.));
#11664=DIRECTION('ref_axis',(0.707106928406104,-0.70710663396696,0.));
#11665=DIRECTION('',(-1.,2.08320631394005E-9,0.));
#11666=DIRECTION('center_axis',(0.,0.,-1.));
#11667=DIRECTION('ref_axis',(-0.707106779713487,0.707106782659608,0.));
#11668=DIRECTION('center_axis',(0.,0.,-1.));
#11669=DIRECTION('ref_axis',(-0.707106767517781,-0.707106794855314,0.));
#11670=DIRECTION('',(0.999999999999999,4.07443129881504E-8,0.));
#11671=DIRECTION('center_axis',(0.,0.,1.));
#11672=DIRECTION('ref_axis',(0.674199832371574,0.738548973345805,0.));
#11673=DIRECTION('center_axis',(0.,0.,1.));
#11674=DIRECTION('ref_axis',(1.,0.,0.));
#11675=DIRECTION('center_axis',(0.,0.,1.));
#11676=DIRECTION('ref_axis',(0.827098096902426,-0.562057593223671,0.));
#11677=DIRECTION('',(-1.,0.,0.));
#11678=DIRECTION('center_axis',(0.,0.,1.));
#11679=DIRECTION('ref_axis',(0.,1.,0.));
#11680=DIRECTION('',(0.,-1.,0.));
#11681=DIRECTION('center_axis',(0.,0.,1.));
#11682=DIRECTION('ref_axis',(-1.,0.,0.));
#11683=DIRECTION('',(1.,0.,0.));
#11684=DIRECTION('center_axis',(0.,0.,1.));
#11685=DIRECTION('ref_axis',(0.,-1.,0.));
#11686=DIRECTION('',(0.,1.,0.));
#11687=DIRECTION('center_axis',(0.,0.,1.));
#11688=DIRECTION('ref_axis',(-0.562058009688064,0.827097813892343,0.));
#11689=DIRECTION('center_axis',(0.,0.,1.));
#11690=DIRECTION('ref_axis',(1.,0.,0.));
#11691=DIRECTION('center_axis',(0.,0.,1.));
#11692=DIRECTION('ref_axis',(0.562057804468246,0.827097953350348,0.));
#11693=DIRECTION('',(0.,-1.,0.));
#11694=DIRECTION('center_axis',(0.,0.,1.));
#11695=DIRECTION('ref_axis',(-1.,0.,0.));
#11696=DIRECTION('',(1.,0.,0.));
#11697=DIRECTION('center_axis',(0.,0.,1.));
#11698=DIRECTION('ref_axis',(0.,-1.,0.));
#11699=DIRECTION('',(0.,1.,0.));
#11700=DIRECTION('center_axis',(0.,0.,1.));
#11701=DIRECTION('ref_axis',(1.,0.,0.));
#11702=DIRECTION('',(-1.,0.,0.));
#11703=DIRECTION('center_axis',(0.,0.,1.));
#11704=DIRECTION('ref_axis',(-0.827098096902431,-0.562057593223664,0.));
#11705=DIRECTION('center_axis',(0.,0.,1.));
#11706=DIRECTION('ref_axis',(1.,0.,0.));
#11707=DIRECTION('center_axis',(0.,0.,1.));
#11708=DIRECTION('ref_axis',(-0.674199892554915,0.738548918406182,0.));
#11709=DIRECTION('',(0.999999999999999,4.07443129881504E-8,0.));
#11710=DIRECTION('center_axis',(0.,0.,1.));
#11711=DIRECTION('ref_axis',(0.674199832371574,0.738548973345805,0.));
#11712=DIRECTION('center_axis',(0.,0.,1.));
#11713=DIRECTION('ref_axis',(1.,0.,0.));
#11714=DIRECTION('center_axis',(0.,0.,1.));
#11715=DIRECTION('ref_axis',(0.827098182214849,-0.562057467681813,0.));
#11716=DIRECTION('',(-1.,0.,0.));
#11717=DIRECTION('center_axis',(0.,0.,1.));
#11718=DIRECTION('ref_axis',(0.,1.,0.));
#11719=DIRECTION('',(0.,-1.,0.));
#11720=DIRECTION('center_axis',(0.,0.,1.));
#11721=DIRECTION('ref_axis',(-1.,0.,0.));
#11722=DIRECTION('',(1.,0.,0.));
#11723=DIRECTION('center_axis',(0.,0.,1.));
#11724=DIRECTION('ref_axis',(0.,-1.,0.));
#11725=DIRECTION('',(0.,1.,0.));
#11726=DIRECTION('center_axis',(0.,0.,1.));
#11727=DIRECTION('ref_axis',(-0.562057802508668,0.827097954681987,0.));
#11728=DIRECTION('center_axis',(0.,0.,1.));
#11729=DIRECTION('ref_axis',(1.,0.,0.));
#11730=DIRECTION('center_axis',(0.,0.,1.));
#11731=DIRECTION('ref_axis',(0.562058011647653,0.827097812560695,0.));
#11732=DIRECTION('',(0.,-1.,0.));
#11733=DIRECTION('center_axis',(0.,0.,1.));
#11734=DIRECTION('ref_axis',(-1.,0.,0.));
#11735=DIRECTION('',(1.,0.,0.));
#11736=DIRECTION('center_axis',(0.,0.,1.));
#11737=DIRECTION('ref_axis',(0.,-1.,0.));
#11738=DIRECTION('',(0.,1.,0.));
#11739=DIRECTION('center_axis',(0.,0.,1.));
#11740=DIRECTION('ref_axis',(1.,0.,0.));
#11741=DIRECTION('center_axis',(0.,0.,1.));
#11742=DIRECTION('ref_axis',(1.,0.,0.));
#11743=DIRECTION('center_axis',(0.,0.,1.));
#11744=DIRECTION('ref_axis',(0.,1.,0.));
#11745=DIRECTION('',(0.,-1.,0.));
#11746=DIRECTION('center_axis',(0.,0.,1.));
#11747=DIRECTION('ref_axis',(-1.,0.,0.));
#11748=DIRECTION('',(1.,0.,0.));
#11749=DIRECTION('center_axis',(0.,0.,1.));
#11750=DIRECTION('ref_axis',(0.,-1.,0.));
#11751=DIRECTION('',(0.,1.,0.));
#11752=DIRECTION('center_axis',(0.,0.,1.));
#11753=DIRECTION('ref_axis',(1.,0.,0.));
#11754=DIRECTION('',(-1.,0.,0.));
#11755=DIRECTION('center_axis',(0.,0.,1.));
#11756=DIRECTION('ref_axis',(0.,1.,0.));
#11757=DIRECTION('',(0.,-1.,0.));
#11758=DIRECTION('center_axis',(0.,0.,1.));
#11759=DIRECTION('ref_axis',(-1.,0.,0.));
#11760=DIRECTION('',(1.,0.,0.));
#11761=DIRECTION('center_axis',(0.,0.,1.));
#11762=DIRECTION('ref_axis',(0.,-1.,0.));
#11763=DIRECTION('',(0.,1.,0.));
#11764=DIRECTION('center_axis',(0.,0.,1.));
#11765=DIRECTION('ref_axis',(1.,0.,0.));
#11766=DIRECTION('',(-1.,0.,0.));
#11767=DIRECTION('center_axis',(0.,0.,1.));
#11768=DIRECTION('ref_axis',(1.,0.,0.));
#11769=DIRECTION('center_axis',(0.,0.,1.));
#11770=DIRECTION('ref_axis',(0.,1.,0.));
#11771=DIRECTION('',(0.,-1.,0.));
#11772=DIRECTION('center_axis',(0.,0.,1.));
#11773=DIRECTION('ref_axis',(-1.,0.,0.));
#11774=DIRECTION('',(1.,0.,0.));
#11775=DIRECTION('center_axis',(0.,0.,1.));
#11776=DIRECTION('ref_axis',(0.,-1.,0.));
#11777=DIRECTION('',(0.,1.,0.));
#11778=DIRECTION('center_axis',(0.,0.,1.));
#11779=DIRECTION('ref_axis',(1.,0.,0.));
#11780=DIRECTION('',(-1.,0.,0.));
#11781=DIRECTION('center_axis',(0.,0.,1.));
#11782=DIRECTION('ref_axis',(0.,1.,0.));
#11783=DIRECTION('',(0.,-1.,0.));
#11784=DIRECTION('center_axis',(0.,0.,1.));
#11785=DIRECTION('ref_axis',(-1.,0.,0.));
#11786=DIRECTION('',(1.,0.,0.));
#11787=DIRECTION('center_axis',(0.,0.,1.));
#11788=DIRECTION('ref_axis',(0.,-1.,0.));
#11789=DIRECTION('',(0.,1.,0.));
#11790=DIRECTION('center_axis',(0.,0.,1.));
#11791=DIRECTION('ref_axis',(1.,0.,0.));
#11792=DIRECTION('',(-1.,0.,0.));
#11793=DIRECTION('center_axis',(0.,0.,1.));
#11794=DIRECTION('ref_axis',(0.,1.,0.));
#11795=DIRECTION('',(0.,-1.,0.));
#11796=DIRECTION('center_axis',(0.,0.,1.));
#11797=DIRECTION('ref_axis',(-1.,0.,0.));
#11798=DIRECTION('',(1.,0.,0.));
#11799=DIRECTION('center_axis',(0.,0.,1.));
#11800=DIRECTION('ref_axis',(1.77635683940026E-14,-1.,0.));
#11801=DIRECTION('',(0.,1.,0.));
#11802=DIRECTION('center_axis',(0.,0.,1.));
#11803=DIRECTION('ref_axis',(1.,0.,0.));
#11804=DIRECTION('',(-1.,0.,0.));
#11805=DIRECTION('center_axis',(0.,0.,1.));
#11806=DIRECTION('ref_axis',(0.,1.,0.));
#11807=DIRECTION('',(0.,-1.,0.));
#11808=DIRECTION('center_axis',(0.,0.,1.));
#11809=DIRECTION('ref_axis',(-1.,0.,0.));
#11810=DIRECTION('',(1.,0.,0.));
#11811=DIRECTION('center_axis',(0.,0.,1.));
#11812=DIRECTION('ref_axis',(0.,-1.,0.));
#11813=DIRECTION('',(0.,1.,0.));
#11814=DIRECTION('center_axis',(0.,0.,1.));
#11815=DIRECTION('ref_axis',(1.,0.,0.));
#11816=DIRECTION('',(-1.,0.,0.));
#11817=DIRECTION('',(-1.,0.,0.));
#11818=DIRECTION('center_axis',(0.,0.,1.));
#11819=DIRECTION('ref_axis',(0.,1.,0.));
#11820=DIRECTION('',(0.,-1.,0.));
#11821=DIRECTION('center_axis',(0.,0.,1.));
#11822=DIRECTION('ref_axis',(-1.,0.,0.));
#11823=DIRECTION('',(1.,0.,0.));
#11824=DIRECTION('center_axis',(0.,0.,1.));
#11825=DIRECTION('ref_axis',(0.,-1.,0.));
#11826=DIRECTION('',(0.,1.,0.));
#11827=DIRECTION('center_axis',(0.,0.,1.));
#11828=DIRECTION('ref_axis',(1.,0.,0.));
#11829=DIRECTION('center_axis',(0.,0.,1.));
#11830=DIRECTION('ref_axis',(0.,1.,0.));
#11831=DIRECTION('',(0.,-1.,0.));
#11832=DIRECTION('center_axis',(0.,0.,1.));
#11833=DIRECTION('ref_axis',(-1.,0.,0.));
#11834=DIRECTION('',(1.,0.,0.));
#11835=DIRECTION('center_axis',(0.,0.,1.));
#11836=DIRECTION('ref_axis',(3.55271367880051E-14,-1.,0.));
#11837=DIRECTION('',(0.,1.,0.));
#11838=DIRECTION('center_axis',(0.,0.,1.));
#11839=DIRECTION('ref_axis',(1.,0.,0.));
#11840=DIRECTION('',(-1.,0.,0.));
#11841=DIRECTION('center_axis',(0.,0.,1.));
#11842=DIRECTION('ref_axis',(0.,1.,0.));
#11843=DIRECTION('',(0.,-1.,0.));
#11844=DIRECTION('center_axis',(0.,0.,1.));
#11845=DIRECTION('ref_axis',(-1.,0.,0.));
#11846=DIRECTION('',(1.,0.,0.));
#11847=DIRECTION('center_axis',(0.,0.,1.));
#11848=DIRECTION('ref_axis',(0.,-1.,0.));
#11849=DIRECTION('',(0.,1.,0.));
#11850=DIRECTION('center_axis',(0.,0.,1.));
#11851=DIRECTION('ref_axis',(1.,0.,0.));
#11852=DIRECTION('',(-1.,0.,0.));
#11853=DIRECTION('center_axis',(0.,0.,1.));
#11854=DIRECTION('ref_axis',(0.,1.,0.));
#11855=DIRECTION('',(0.,-1.,0.));
#11856=DIRECTION('center_axis',(0.,0.,1.));
#11857=DIRECTION('ref_axis',(-1.,0.,0.));
#11858=DIRECTION('',(1.,0.,0.));
#11859=DIRECTION('center_axis',(0.,0.,1.));
#11860=DIRECTION('ref_axis',(0.,-1.,0.));
#11861=DIRECTION('',(0.,1.,0.));
#11862=DIRECTION('center_axis',(0.,0.,1.));
#11863=DIRECTION('ref_axis',(1.,0.,0.));
#11864=DIRECTION('',(-1.,0.,0.));
#11865=DIRECTION('center_axis',(0.,0.,1.));
#11866=DIRECTION('ref_axis',(-1.,0.,0.));
#11867=DIRECTION('',(1.,0.,0.));
#11868=DIRECTION('center_axis',(0.,0.,1.));
#11869=DIRECTION('ref_axis',(0.,-1.,0.));
#11870=DIRECTION('',(0.,1.,0.));
#11871=DIRECTION('center_axis',(0.,0.,1.));
#11872=DIRECTION('ref_axis',(1.,0.,0.));
#11873=DIRECTION('',(-1.,0.,0.));
#11874=DIRECTION('center_axis',(0.,0.,1.));
#11875=DIRECTION('ref_axis',(0.,1.,0.));
#11876=DIRECTION('',(0.,-1.,0.));
#11877=DIRECTION('center_axis',(0.,0.,1.));
#11878=DIRECTION('ref_axis',(1.,0.,0.));
#11879=DIRECTION('center_axis',(0.,0.,1.));
#11880=DIRECTION('ref_axis',(1.,0.,0.));
#11881=DIRECTION('center_axis',(0.,0.,1.));
#11882=DIRECTION('ref_axis',(0.,1.,0.));
#11883=DIRECTION('',(0.,-1.,0.));
#11884=DIRECTION('center_axis',(0.,0.,1.));
#11885=DIRECTION('ref_axis',(-1.,0.,0.));
#11886=DIRECTION('',(1.,0.,0.));
#11887=DIRECTION('center_axis',(0.,0.,1.));
#11888=DIRECTION('ref_axis',(0.,-1.,0.));
#11889=DIRECTION('',(0.,1.,0.));
#11890=DIRECTION('center_axis',(0.,0.,1.));
#11891=DIRECTION('ref_axis',(1.,0.,0.));
#11892=DIRECTION('',(-1.,0.,0.));
#11893=DIRECTION('center_axis',(0.,0.,1.));
#11894=DIRECTION('ref_axis',(0.,1.,0.));
#11895=DIRECTION('',(0.,-1.,0.));
#11896=DIRECTION('center_axis',(0.,0.,1.));
#11897=DIRECTION('ref_axis',(-1.,0.,0.));
#11898=DIRECTION('',(1.,0.,0.));
#11899=DIRECTION('center_axis',(0.,0.,1.));
#11900=DIRECTION('ref_axis',(0.,-1.,0.));
#11901=DIRECTION('',(0.,1.,0.));
#11902=DIRECTION('center_axis',(0.,0.,1.));
#11903=DIRECTION('ref_axis',(1.,0.,0.));
#11904=DIRECTION('',(-1.,0.,0.));
#11905=DIRECTION('center_axis',(0.,0.,1.));
#11906=DIRECTION('ref_axis',(0.,1.,0.));
#11907=DIRECTION('',(0.,-1.,0.));
#11908=DIRECTION('center_axis',(0.,0.,1.));
#11909=DIRECTION('ref_axis',(-1.,0.,0.));
#11910=DIRECTION('',(1.,0.,0.));
#11911=DIRECTION('center_axis',(0.,0.,1.));
#11912=DIRECTION('ref_axis',(0.,-1.,0.));
#11913=DIRECTION('',(0.,1.,0.));
#11914=DIRECTION('center_axis',(0.,0.,1.));
#11915=DIRECTION('ref_axis',(1.,0.,0.));
#11916=DIRECTION('',(-1.,0.,0.));
#11917=DIRECTION('center_axis',(0.,0.,1.));
#11918=DIRECTION('ref_axis',(0.,1.,0.));
#11919=DIRECTION('',(0.,-1.,0.));
#11920=DIRECTION('center_axis',(0.,0.,1.));
#11921=DIRECTION('ref_axis',(-1.,0.,0.));
#11922=DIRECTION('',(1.,0.,0.));
#11923=DIRECTION('center_axis',(0.,0.,1.));
#11924=DIRECTION('ref_axis',(0.,-1.,0.));
#11925=DIRECTION('',(0.,1.,0.));
#11926=DIRECTION('center_axis',(0.,0.,1.));
#11927=DIRECTION('ref_axis',(1.,0.,0.));
#11928=DIRECTION('',(-1.,0.,0.));
#11929=DIRECTION('center_axis',(0.,0.,1.));
#11930=DIRECTION('ref_axis',(0.,1.,0.));
#11931=DIRECTION('',(0.,-1.,0.));
#11932=DIRECTION('center_axis',(0.,0.,1.));
#11933=DIRECTION('ref_axis',(-1.,0.,0.));
#11934=DIRECTION('',(1.,0.,0.));
#11935=DIRECTION('center_axis',(0.,0.,1.));
#11936=DIRECTION('ref_axis',(0.,-1.,0.));
#11937=DIRECTION('',(0.,1.,0.));
#11938=DIRECTION('center_axis',(0.,0.,1.));
#11939=DIRECTION('ref_axis',(1.,0.,0.));
#11940=DIRECTION('',(-1.,0.,0.));
#11941=DIRECTION('center_axis',(0.,0.,1.));
#11942=DIRECTION('ref_axis',(0.,1.,0.));
#11943=DIRECTION('',(0.,-1.,0.));
#11944=DIRECTION('center_axis',(0.,0.,1.));
#11945=DIRECTION('ref_axis',(-1.,0.,0.));
#11946=DIRECTION('',(1.,0.,0.));
#11947=DIRECTION('center_axis',(0.,0.,1.));
#11948=DIRECTION('ref_axis',(0.,-1.,0.));
#11949=DIRECTION('',(0.,1.,0.));
#11950=DIRECTION('center_axis',(0.,0.,1.));
#11951=DIRECTION('ref_axis',(1.,0.,0.));
#11952=DIRECTION('',(-1.,0.,0.));
#11953=DIRECTION('center_axis',(0.,0.,1.));
#11954=DIRECTION('ref_axis',(0.,1.,0.));
#11955=DIRECTION('',(0.,-1.,0.));
#11956=DIRECTION('center_axis',(0.,0.,1.));
#11957=DIRECTION('ref_axis',(-1.,0.,0.));
#11958=DIRECTION('',(1.,0.,0.));
#11959=DIRECTION('center_axis',(0.,0.,1.));
#11960=DIRECTION('ref_axis',(3.55271367880048E-14,-1.,0.));
#11961=DIRECTION('',(0.,1.,0.));
#11962=DIRECTION('center_axis',(0.,0.,1.));
#11963=DIRECTION('ref_axis',(1.,0.,0.));
#11964=DIRECTION('',(-1.,0.,0.));
#11965=DIRECTION('center_axis',(0.,0.,1.));
#11966=DIRECTION('ref_axis',(1.,0.,0.));
#11967=DIRECTION('center_axis',(0.,0.,1.));
#11968=DIRECTION('ref_axis',(0.,1.,0.));
#11969=DIRECTION('',(0.,-1.,0.));
#11970=DIRECTION('center_axis',(0.,0.,1.));
#11971=DIRECTION('ref_axis',(-1.,0.,0.));
#11972=DIRECTION('',(1.,0.,0.));
#11973=DIRECTION('center_axis',(0.,0.,1.));
#11974=DIRECTION('ref_axis',(0.,-1.,0.));
#11975=DIRECTION('',(0.,1.,0.));
#11976=DIRECTION('center_axis',(0.,0.,1.));
#11977=DIRECTION('ref_axis',(1.,0.,0.));
#11978=DIRECTION('',(-1.,0.,0.));
#11979=DIRECTION('center_axis',(0.,0.,1.));
#11980=DIRECTION('ref_axis',(0.,1.,0.));
#11981=DIRECTION('',(0.,-1.,0.));
#11982=DIRECTION('center_axis',(0.,0.,1.));
#11983=DIRECTION('ref_axis',(-1.,0.,0.));
#11984=DIRECTION('',(1.,0.,0.));
#11985=DIRECTION('center_axis',(0.,0.,1.));
#11986=DIRECTION('ref_axis',(0.,-1.,0.));
#11987=DIRECTION('',(0.,1.,0.));
#11988=DIRECTION('center_axis',(0.,0.,1.));
#11989=DIRECTION('ref_axis',(1.,0.,0.));
#11990=DIRECTION('',(-1.,0.,0.));
#11991=DIRECTION('center_axis',(0.,0.,1.));
#11992=DIRECTION('ref_axis',(0.,1.,0.));
#11993=DIRECTION('',(0.,-1.,0.));
#11994=DIRECTION('center_axis',(0.,0.,1.));
#11995=DIRECTION('ref_axis',(-1.,0.,0.));
#11996=DIRECTION('',(1.,0.,0.));
#11997=DIRECTION('center_axis',(0.,0.,1.));
#11998=DIRECTION('ref_axis',(0.,-1.,0.));
#11999=DIRECTION('',(0.,1.,0.));
#12000=DIRECTION('center_axis',(0.,0.,1.));
#12001=DIRECTION('ref_axis',(1.,0.,0.));
#12002=DIRECTION('',(-1.,0.,0.));
#12003=DIRECTION('center_axis',(0.,0.,1.));
#12004=DIRECTION('ref_axis',(0.,1.,0.));
#12005=DIRECTION('',(0.,-1.,0.));
#12006=DIRECTION('center_axis',(0.,0.,1.));
#12007=DIRECTION('ref_axis',(-1.,0.,0.));
#12008=DIRECTION('',(1.,0.,0.));
#12009=DIRECTION('center_axis',(0.,0.,1.));
#12010=DIRECTION('ref_axis',(0.,-1.,0.));
#12011=DIRECTION('',(0.,1.,0.));
#12012=DIRECTION('center_axis',(0.,0.,1.));
#12013=DIRECTION('ref_axis',(1.,0.,0.));
#12014=DIRECTION('',(-1.,0.,0.));
#12015=DIRECTION('center_axis',(0.,0.,1.));
#12016=DIRECTION('ref_axis',(0.,1.,0.));
#12017=DIRECTION('',(0.,-1.,0.));
#12018=DIRECTION('center_axis',(0.,0.,1.));
#12019=DIRECTION('ref_axis',(-1.,0.,0.));
#12020=DIRECTION('',(1.,0.,0.));
#12021=DIRECTION('center_axis',(0.,0.,1.));
#12022=DIRECTION('ref_axis',(0.,-1.,0.));
#12023=DIRECTION('',(0.,1.,0.));
#12024=DIRECTION('center_axis',(0.,0.,1.));
#12025=DIRECTION('ref_axis',(1.,0.,0.));
#12026=DIRECTION('',(-1.,0.,0.));
#12027=DIRECTION('center_axis',(0.,0.,1.));
#12028=DIRECTION('ref_axis',(0.,1.,0.));
#12029=DIRECTION('',(0.,-1.,0.));
#12030=DIRECTION('center_axis',(0.,0.,1.));
#12031=DIRECTION('ref_axis',(-1.,0.,0.));
#12032=DIRECTION('',(1.,0.,0.));
#12033=DIRECTION('center_axis',(0.,0.,1.));
#12034=DIRECTION('ref_axis',(0.,-1.,0.));
#12035=DIRECTION('',(0.,1.,0.));
#12036=DIRECTION('center_axis',(0.,0.,1.));
#12037=DIRECTION('ref_axis',(1.,0.,0.));
#12038=DIRECTION('',(-1.,0.,0.));
#12039=DIRECTION('center_axis',(0.,0.,1.));
#12040=DIRECTION('ref_axis',(0.,1.,0.));
#12041=DIRECTION('',(0.,-1.,0.));
#12042=DIRECTION('center_axis',(0.,0.,1.));
#12043=DIRECTION('ref_axis',(-1.,0.,0.));
#12044=DIRECTION('',(1.,0.,0.));
#12045=DIRECTION('center_axis',(0.,0.,1.));
#12046=DIRECTION('ref_axis',(0.,-1.,0.));
#12047=DIRECTION('',(0.,1.,0.));
#12048=DIRECTION('center_axis',(0.,0.,1.));
#12049=DIRECTION('ref_axis',(1.,0.,0.));
#12050=DIRECTION('',(-1.,0.,0.));
#12051=DIRECTION('center_axis',(0.,0.,1.));
#12052=DIRECTION('ref_axis',(-1.,0.,0.));
#12053=DIRECTION('',(1.,0.,0.));
#12054=DIRECTION('center_axis',(0.,0.,1.));
#12055=DIRECTION('ref_axis',(0.,-1.,0.));
#12056=DIRECTION('',(0.,1.,0.));
#12057=DIRECTION('center_axis',(0.,0.,1.));
#12058=DIRECTION('ref_axis',(1.,0.,0.));
#12059=DIRECTION('',(-1.,0.,0.));
#12060=DIRECTION('center_axis',(0.,0.,1.));
#12061=DIRECTION('ref_axis',(0.,1.,0.));
#12062=DIRECTION('',(-7.31441066748254E-15,-1.,0.));
#12063=DIRECTION('center_axis',(0.,0.,1.));
#12064=DIRECTION('ref_axis',(0.,1.,0.));
#12065=DIRECTION('',(0.,-1.,0.));
#12066=DIRECTION('center_axis',(0.,0.,1.));
#12067=DIRECTION('ref_axis',(-1.,0.,0.));
#12068=DIRECTION('',(1.,0.,0.));
#12069=DIRECTION('center_axis',(0.,0.,1.));
#12070=DIRECTION('ref_axis',(0.,-1.,0.));
#12071=DIRECTION('',(0.,1.,0.));
#12072=DIRECTION('center_axis',(0.,0.,1.));
#12073=DIRECTION('ref_axis',(1.,0.,0.));
#12074=DIRECTION('',(-1.,0.,0.));
#12075=DIRECTION('center_axis',(0.,0.,1.));
#12076=DIRECTION('ref_axis',(0.,1.,0.));
#12077=DIRECTION('',(0.,-1.,0.));
#12078=DIRECTION('center_axis',(0.,0.,1.));
#12079=DIRECTION('ref_axis',(-1.,0.,0.));
#12080=DIRECTION('',(1.,0.,0.));
#12081=DIRECTION('center_axis',(0.,0.,1.));
#12082=DIRECTION('ref_axis',(0.,-1.,0.));
#12083=DIRECTION('',(0.,1.,0.));
#12084=DIRECTION('center_axis',(0.,0.,1.));
#12085=DIRECTION('ref_axis',(1.,0.,0.));
#12086=DIRECTION('',(-1.,0.,0.));
#12087=DIRECTION('center_axis',(0.,0.,1.));
#12088=DIRECTION('ref_axis',(1.,0.,0.));
#12089=DIRECTION('center_axis',(0.,0.,1.));
#12090=DIRECTION('ref_axis',(0.,1.,0.));
#12091=DIRECTION('',(0.,-1.,0.));
#12092=DIRECTION('center_axis',(0.,0.,1.));
#12093=DIRECTION('ref_axis',(-1.,0.,0.));
#12094=DIRECTION('',(1.,0.,0.));
#12095=DIRECTION('center_axis',(0.,0.,1.));
#12096=DIRECTION('ref_axis',(0.,-1.,0.));
#12097=DIRECTION('',(0.,1.,0.));
#12098=DIRECTION('center_axis',(0.,0.,1.));
#12099=DIRECTION('ref_axis',(1.,0.,0.));
#12100=DIRECTION('',(-1.,0.,0.));
#12101=DIRECTION('center_axis',(0.,0.,1.));
#12102=DIRECTION('ref_axis',(0.,1.,0.));
#12103=DIRECTION('',(0.,-1.,0.));
#12104=DIRECTION('center_axis',(0.,0.,1.));
#12105=DIRECTION('ref_axis',(-1.,0.,0.));
#12106=DIRECTION('',(1.,0.,0.));
#12107=DIRECTION('center_axis',(0.,0.,1.));
#12108=DIRECTION('ref_axis',(0.,-1.,0.));
#12109=DIRECTION('',(0.,1.,0.));
#12110=DIRECTION('center_axis',(0.,0.,1.));
#12111=DIRECTION('ref_axis',(1.,0.,0.));
#12112=DIRECTION('',(-1.,0.,0.));
#12113=DIRECTION('center_axis',(0.,0.,1.));
#12114=DIRECTION('ref_axis',(0.,1.,0.));
#12115=DIRECTION('',(0.,-1.,0.));
#12116=DIRECTION('center_axis',(0.,0.,1.));
#12117=DIRECTION('ref_axis',(-1.,0.,0.));
#12118=DIRECTION('',(1.,0.,0.));
#12119=DIRECTION('center_axis',(0.,0.,1.));
#12120=DIRECTION('ref_axis',(0.,-1.,0.));
#12121=DIRECTION('',(0.,1.,0.));
#12122=DIRECTION('center_axis',(0.,0.,1.));
#12123=DIRECTION('ref_axis',(1.,0.,0.));
#12124=DIRECTION('',(-1.,0.,0.));
#12125=DIRECTION('center_axis',(0.,0.,1.));
#12126=DIRECTION('ref_axis',(0.,1.,0.));
#12127=DIRECTION('',(0.,-1.,0.));
#12128=DIRECTION('center_axis',(0.,0.,1.));
#12129=DIRECTION('ref_axis',(-1.,0.,0.));
#12130=DIRECTION('',(1.,0.,0.));
#12131=DIRECTION('center_axis',(0.,0.,1.));
#12132=DIRECTION('ref_axis',(0.,-1.,0.));
#12133=DIRECTION('',(0.,1.,0.));
#12134=DIRECTION('center_axis',(0.,0.,1.));
#12135=DIRECTION('ref_axis',(1.,0.,0.));
#12136=DIRECTION('',(-1.,0.,0.));
#12137=DIRECTION('center_axis',(0.,0.,1.));
#12138=DIRECTION('ref_axis',(1.,0.,0.));
#12139=DIRECTION('center_axis',(0.,0.,1.));
#12140=DIRECTION('ref_axis',(-1.,0.,0.));
#12141=DIRECTION('',(1.,0.,0.));
#12142=DIRECTION('center_axis',(0.,0.,1.));
#12143=DIRECTION('ref_axis',(0.,-1.,0.));
#12144=DIRECTION('',(0.,1.,0.));
#12145=DIRECTION('center_axis',(0.,0.,1.));
#12146=DIRECTION('ref_axis',(1.,0.,0.));
#12147=DIRECTION('',(-1.,0.,0.));
#12148=DIRECTION('center_axis',(0.,0.,1.));
#12149=DIRECTION('ref_axis',(0.,1.,0.));
#12150=DIRECTION('',(0.,-1.,0.));
#12151=DIRECTION('center_axis',(0.,0.,1.));
#12152=DIRECTION('ref_axis',(0.,1.,0.));
#12153=DIRECTION('',(0.,-1.,0.));
#12154=DIRECTION('center_axis',(0.,0.,1.));
#12155=DIRECTION('ref_axis',(-1.,0.,0.));
#12156=DIRECTION('',(1.,0.,0.));
#12157=DIRECTION('center_axis',(0.,0.,1.));
#12158=DIRECTION('ref_axis',(0.,-1.,0.));
#12159=DIRECTION('',(0.,1.,0.));
#12160=DIRECTION('center_axis',(0.,0.,1.));
#12161=DIRECTION('ref_axis',(1.,0.,0.));
#12162=DIRECTION('',(-1.,0.,0.));
#12163=DIRECTION('center_axis',(0.,0.,1.));
#12164=DIRECTION('ref_axis',(0.,1.,0.));
#12165=DIRECTION('',(0.,-1.,0.));
#12166=DIRECTION('center_axis',(0.,0.,1.));
#12167=DIRECTION('ref_axis',(-1.,0.,0.));
#12168=DIRECTION('',(1.,0.,0.));
#12169=DIRECTION('center_axis',(0.,0.,1.));
#12170=DIRECTION('ref_axis',(0.,-1.,0.));
#12171=DIRECTION('',(0.,1.,0.));
#12172=DIRECTION('center_axis',(0.,0.,1.));
#12173=DIRECTION('ref_axis',(1.,0.,0.));
#12174=DIRECTION('',(-1.,0.,0.));
#12175=DIRECTION('center_axis',(0.,0.,-1.));
#12176=DIRECTION('ref_axis',(0.562058011647653,0.827097812560695,0.));
#12177=DIRECTION('',(0.,0.,1.));
#12178=DIRECTION('',(0.,0.,-1.));
#12179=DIRECTION('center_axis',(1.,0.,0.));
#12180=DIRECTION('ref_axis',(0.,-1.,0.));
#12181=DIRECTION('',(0.,0.,-1.));
#12182=DIRECTION('center_axis',(0.,0.,-1.));
#12183=DIRECTION('ref_axis',(-0.562057802508668,0.827097954681987,0.));
#12184=DIRECTION('',(0.,0.,1.));
#12185=DIRECTION('',(0.,0.,-1.));
#12186=DIRECTION('center_axis',(-1.,0.,0.));
#12187=DIRECTION('ref_axis',(0.,1.,0.));
#12188=DIRECTION('',(0.,0.,-1.));
#12189=DIRECTION('center_axis',(0.,0.,-1.));
#12190=DIRECTION('ref_axis',(0.827098182214849,-0.562057467681813,0.));
#12191=DIRECTION('',(0.,0.,1.));
#12192=DIRECTION('',(0.,0.,-1.));
#12193=DIRECTION('center_axis',(0.,0.,-1.));
#12194=DIRECTION('ref_axis',(1.,0.,0.));
#12195=DIRECTION('',(0.,0.,-1.));
#12196=DIRECTION('center_axis',(0.,0.,-1.));
#12197=DIRECTION('ref_axis',(0.674199832371574,0.738548973345805,0.));
#12198=DIRECTION('',(0.,0.,1.));
#12199=DIRECTION('center_axis',(0.,0.,-1.));
#12200=DIRECTION('ref_axis',(-0.674199832371578,-0.738548973345801,0.));
#12201=DIRECTION('',(0.,0.,1.));
#12202=DIRECTION('',(0.,0.,-1.));
#12203=DIRECTION('center_axis',(4.07443129881504E-8,-0.999999999999999,
0.));
#12204=DIRECTION('ref_axis',(-0.999999999999999,-4.07443129881504E-8,0.));
#12205=DIRECTION('',(0.,0.,-1.));
#12206=DIRECTION('center_axis',(0.,0.,-1.));
#12207=DIRECTION('ref_axis',(0.674199892554915,-0.738548918406182,0.));
#12208=DIRECTION('',(0.,0.,1.));
#12209=DIRECTION('',(0.,0.,-1.));
#12210=DIRECTION('center_axis',(4.07443129881504E-8,-0.999999999999999,
0.));
#12211=DIRECTION('ref_axis',(-0.999999999999999,-4.07443129881504E-8,0.));
#12212=DIRECTION('',(0.,0.,1.));
#12213=DIRECTION('center_axis',(0.,0.,-1.));
#12214=DIRECTION('ref_axis',(-0.674199832371567,-0.738548973345811,0.));
#12215=DIRECTION('',(0.,0.,1.));
#12216=DIRECTION('',(0.,0.,-1.));
#12217=DIRECTION('center_axis',(4.07443129881504E-8,-0.999999999999999,
0.));
#12218=DIRECTION('ref_axis',(-0.999999999999999,-4.07443129881504E-8,0.));
#12219=DIRECTION('',(0.,0.,-1.));
#12220=DIRECTION('center_axis',(0.,0.,-1.));
#12221=DIRECTION('ref_axis',(-0.827097488625,0.562058488335706,0.));
#12222=DIRECTION('',(0.,0.,1.));
#12223=DIRECTION('',(0.,0.,-1.));
#12224=DIRECTION('center_axis',(0.,1.,0.));
#12225=DIRECTION('ref_axis',(1.,0.,0.));
#12226=DIRECTION('',(0.,0.,-1.));
#12227=DIRECTION('center_axis',(0.,0.,-1.));
#12228=DIRECTION('ref_axis',(0.562058291477863,-0.827097622400757,0.));
#12229=DIRECTION('',(0.,0.,1.));
#12230=DIRECTION('',(0.,0.,-1.));
#12231=DIRECTION('center_axis',(1.,0.,0.));
#12232=DIRECTION('ref_axis',(0.,-1.,0.));
#12233=DIRECTION('',(0.,0.,-1.));
#12234=DIRECTION('center_axis',(0.,0.,-1.));
#12235=DIRECTION('ref_axis',(-0.562057522678241,-0.827098144841831,0.));
#12236=DIRECTION('',(0.,0.,1.));
#12237=DIRECTION('',(0.,0.,-1.));
#12238=DIRECTION('center_axis',(-1.,0.,0.));
#12239=DIRECTION('ref_axis',(0.,1.,0.));
#12240=DIRECTION('',(0.,0.,-1.));
#12241=DIRECTION('center_axis',(0.,0.,-1.));
#12242=DIRECTION('ref_axis',(0.827097488625,0.562058488335706,0.));
#12243=DIRECTION('',(0.,0.,1.));
#12244=DIRECTION('',(0.,0.,-1.));
#12245=DIRECTION('center_axis',(0.,0.,-1.));
#12246=DIRECTION('ref_axis',(1.,0.,0.));
#12247=DIRECTION('',(0.,0.,1.));
#12248=DIRECTION('center_axis',(0.,0.,-1.));
#12249=DIRECTION('ref_axis',(0.674199892554888,-0.738548918406206,0.));
#12250=DIRECTION('',(0.,0.,-1.));
#12251=DIRECTION('center_axis',(0.,0.,-1.));
#12252=DIRECTION('ref_axis',(-0.674199892554915,0.738548918406182,0.));
#12253=DIRECTION('',(0.,0.,1.));
#12254=DIRECTION('',(0.,0.,-1.));
#12255=DIRECTION('center_axis',(-4.07443129881504E-8,0.999999999999999,
0.));
#12256=DIRECTION('ref_axis',(0.999999999999999,4.07443129881504E-8,0.));
#12257=DIRECTION('',(0.,0.,1.));
#12258=DIRECTION('center_axis',(0.,0.,-1.));
#12259=DIRECTION('ref_axis',(-0.827098352839651,-0.56205721659804,0.));
#12260=DIRECTION('',(0.,0.,1.));
#12261=DIRECTION('',(0.,0.,-1.));
#12262=DIRECTION('center_axis',(0.,-1.,0.));
#12263=DIRECTION('ref_axis',(-1.,0.,0.));
#12264=DIRECTION('',(0.,0.,-1.));
#12265=DIRECTION('center_axis',(0.,0.,-1.));
#12266=DIRECTION('ref_axis',(0.562057716653648,0.827098013025112,0.));
#12267=DIRECTION('',(0.,0.,1.));
#12268=DIRECTION('',(0.,0.,-1.));
#12269=DIRECTION('center_axis',(1.,0.,0.));
#12270=DIRECTION('ref_axis',(0.,-1.,0.));
#12271=DIRECTION('',(0.,0.,-1.));
#12272=DIRECTION('center_axis',(0.,0.,-1.));
#12273=DIRECTION('ref_axis',(-0.562058097502615,0.827097754217566,0.));
#12274=DIRECTION('',(0.,0.,1.));
#12275=DIRECTION('',(0.,0.,-1.));
#12276=DIRECTION('center_axis',(-1.,0.,0.));
#12277=DIRECTION('ref_axis',(0.,1.,0.));
#12278=DIRECTION('',(0.,0.,-1.));
#12279=DIRECTION('center_axis',(0.,0.,-1.));
#12280=DIRECTION('ref_axis',(0.827098352839651,-0.56205721659804,0.));
#12281=DIRECTION('',(0.,0.,1.));
#12282=DIRECTION('',(0.,0.,-1.));
#12283=DIRECTION('center_axis',(0.,-1.,0.));
#12284=DIRECTION('ref_axis',(-1.,0.,0.));
#12285=DIRECTION('',(0.,0.,-1.));
#12286=DIRECTION('center_axis',(0.,0.,-1.));
#12287=DIRECTION('ref_axis',(0.674199832371593,0.738548973345787,0.));
#12288=DIRECTION('',(0.,0.,1.));
#12289=DIRECTION('',(0.,0.,-1.));
#12290=DIRECTION('center_axis',(-4.07443129881504E-8,0.999999999999999,
0.));
#12291=DIRECTION('ref_axis',(0.999999999999999,4.07443129881504E-8,0.));
#12292=DIRECTION('',(0.,0.,-1.));
#12293=DIRECTION('center_axis',(0.,0.,-1.));
#12294=DIRECTION('ref_axis',(-0.674199892554915,0.738548918406182,0.));
#12295=DIRECTION('',(0.,0.,1.));
#12296=DIRECTION('',(0.,0.,-1.));
#12297=DIRECTION('center_axis',(-4.07443129881504E-8,0.999999999999999,
0.));
#12298=DIRECTION('ref_axis',(0.999999999999999,4.07443129881504E-8,0.));
#12299=DIRECTION('center_axis',(0.,0.,-1.));
#12300=DIRECTION('ref_axis',(-0.827098096902431,-0.562057593223664,0.));
#12301=DIRECTION('',(0.,0.,1.));
#12302=DIRECTION('',(0.,0.,-1.));
#12303=DIRECTION('center_axis',(0.,-1.,0.));
#12304=DIRECTION('ref_axis',(-1.,0.,0.));
#12305=DIRECTION('',(0.,0.,-1.));
#12306=DIRECTION('center_axis',(0.,0.,-1.));
#12307=DIRECTION('ref_axis',(0.562057804468246,0.827097953350348,0.));
#12308=DIRECTION('',(0.,0.,1.));
#12309=DIRECTION('',(0.,0.,-1.));
#12310=DIRECTION('center_axis',(1.,0.,0.));
#12311=DIRECTION('ref_axis',(0.,-1.,0.));
#12312=DIRECTION('',(0.,0.,-1.));
#12313=DIRECTION('center_axis',(0.,0.,-1.));
#12314=DIRECTION('ref_axis',(-0.562058009688064,0.827097813892343,0.));
#12315=DIRECTION('',(0.,0.,1.));
#12316=DIRECTION('',(0.,0.,-1.));
#12317=DIRECTION('center_axis',(-1.,0.,0.));
#12318=DIRECTION('ref_axis',(0.,1.,0.));
#12319=DIRECTION('',(0.,0.,-1.));
#12320=DIRECTION('center_axis',(0.,0.,-1.));
#12321=DIRECTION('ref_axis',(0.827098096902426,-0.562057593223671,0.));
#12322=DIRECTION('',(0.,0.,1.));
#12323=DIRECTION('',(0.,0.,-1.));
#12324=DIRECTION('center_axis',(0.,-1.,0.));
#12325=DIRECTION('ref_axis',(-1.,0.,0.));
#12326=DIRECTION('',(0.,0.,-1.));
#12327=DIRECTION('center_axis',(0.,0.,-1.));
#12328=DIRECTION('ref_axis',(0.674199832371574,0.738548973345805,0.));
#12329=DIRECTION('',(0.,0.,1.));
#12330=DIRECTION('',(0.,0.,-1.));
#12331=DIRECTION('center_axis',(-4.07443129881504E-8,0.999999999999999,
0.));
#12332=DIRECTION('ref_axis',(0.999999999999999,4.07443129881504E-8,0.));
#12333=DIRECTION('',(0.,0.,-1.));
#12334=DIRECTION('center_axis',(0.,0.,-1.));
#12335=DIRECTION('ref_axis',(-0.674199892554909,0.738548918406188,0.));
#12336=DIRECTION('',(0.,0.,1.));
#12337=DIRECTION('',(0.,0.,-1.));
#12338=DIRECTION('center_axis',(-4.07443129881504E-8,0.999999999999999,
0.));
#12339=DIRECTION('ref_axis',(0.999999999999999,4.07443129881504E-8,0.));
#12340=DIRECTION('',(0.,0.,1.));
#12341=DIRECTION('center_axis',(0.,0.,-1.));
#12342=DIRECTION('ref_axis',(-0.827097926277569,-0.562057844307279,0.));
#12343=DIRECTION('',(0.,0.,1.));
#12344=DIRECTION('',(0.,0.,-1.));
#12345=DIRECTION('center_axis',(0.,-1.,0.));
#12346=DIRECTION('ref_axis',(-1.,0.,0.));
#12347=DIRECTION('',(0.,0.,-1.));
#12348=DIRECTION('center_axis',(0.,0.,-1.));
#12349=DIRECTION('ref_axis',(0.562057525882847,0.82709814266413,0.));
#12350=DIRECTION('',(0.,0.,1.));
#12351=DIRECTION('',(0.,0.,-1.));
#12352=DIRECTION('center_axis',(1.,0.,0.));
#12353=DIRECTION('ref_axis',(0.,-1.,0.));
#12354=DIRECTION('',(0.,0.,-1.));
#12355=DIRECTION('center_axis',(0.,0.,-1.));
#12356=DIRECTION('ref_axis',(-0.562058288273225,0.827097624578485,0.));
#12357=DIRECTION('',(0.,0.,1.));
#12358=DIRECTION('',(0.,0.,-1.));
#12359=DIRECTION('center_axis',(-1.,0.,0.));
#12360=DIRECTION('ref_axis',(0.,1.,0.));
#12361=DIRECTION('',(0.,0.,-1.));
#12362=DIRECTION('center_axis',(0.,0.,-1.));
#12363=DIRECTION('ref_axis',(0.827097926277569,-0.562057844307279,0.));
#12364=DIRECTION('',(0.,0.,1.));
#12365=DIRECTION('',(0.,0.,-1.));
#12366=DIRECTION('center_axis',(0.,0.,-1.));
#12367=DIRECTION('ref_axis',(1.,0.,0.));
#12368=DIRECTION('',(0.,0.,-1.));
#12369=DIRECTION('center_axis',(0.,0.,-1.));
#12370=DIRECTION('ref_axis',(0.674199832371587,0.738548973345793,0.));
#12371=DIRECTION('',(0.,0.,1.));
#12372=DIRECTION('center_axis',(0.,0.,-1.));
#12373=DIRECTION('ref_axis',(-0.674199832371593,-0.738548973345787,0.));
#12374=DIRECTION('',(0.,0.,1.));
#12375=DIRECTION('',(0.,0.,-1.));
#12376=DIRECTION('center_axis',(0.,0.,-1.));
#12377=DIRECTION('ref_axis',(1.,0.,0.));
#12378=DIRECTION('',(0.,0.,1.));
#12379=DIRECTION('center_axis',(0.,0.,-1.));
#12380=DIRECTION('ref_axis',(-0.56205790707816,-0.827097883621352,0.));
#12381=DIRECTION('',(0.,0.,-1.));
#12382=DIRECTION('center_axis',(0.,0.,-1.));
#12383=DIRECTION('ref_axis',(0.827097909855289,0.562057868473534,0.));
#12384=DIRECTION('',(0.,0.,1.));
#12385=DIRECTION('',(0.,0.,-1.));
#12386=DIRECTION('center_axis',(0.,0.,-1.));
#12387=DIRECTION('ref_axis',(1.,0.,0.));
#12388=DIRECTION('',(0.,0.,1.));
#12389=DIRECTION('center_axis',(0.,0.,-1.));
#12390=DIRECTION('ref_axis',(0.674199892554915,-0.738548918406182,0.));
#12391=DIRECTION('',(0.,0.,-1.));
#12392=DIRECTION('center_axis',(4.07443129881504E-8,-0.999999999999999,
0.));
#12393=DIRECTION('ref_axis',(-0.999999999999999,-4.07443129881504E-8,0.));
#12394=DIRECTION('',(0.,0.,1.));
#12395=DIRECTION('center_axis',(0.,0.,-1.));
#12396=DIRECTION('ref_axis',(-0.707106809997122,0.707106752375972,0.));
#12397=DIRECTION('',(0.,0.,-1.));
#12398=DIRECTION('',(0.,0.,1.));
#12399=DIRECTION('center_axis',(0.999999999999999,4.07443116282972E-8,0.));
#12400=DIRECTION('ref_axis',(4.07443116282972E-8,-0.999999999999999,0.));
#12401=DIRECTION('',(0.,0.,1.));
#12402=DIRECTION('center_axis',(0.,0.,-1.));
#12403=DIRECTION('ref_axis',(0.707106752375953,0.707106809997141,0.));
#12404=DIRECTION('',(0.,0.,1.));
#12405=DIRECTION('center_axis',(0.,0.,-1.));
#12406=DIRECTION('ref_axis',(-0.707106750902911,-0.707106811470182,0.));
#12407=DIRECTION('',(0.,0.,1.));
#12408=DIRECTION('center_axis',(4.07443082122264E-8,-0.999999999999999,
0.));
#12409=DIRECTION('ref_axis',(-0.999999999999999,-4.07443082122264E-8,0.));
#12410=DIRECTION('',(0.,0.,-1.));
#12411=DIRECTION('',(0.,0.,1.));
#12412=DIRECTION('center_axis',(0.,0.,-1.));
#12413=DIRECTION('ref_axis',(0.707106809997134,-0.70710675237596,0.));
#12414=DIRECTION('center_axis',(0.,0.,-1.));
#12415=DIRECTION('ref_axis',(0.707106809997128,-0.707106752375966,0.));
#12416=DIRECTION('',(0.,0.,-1.));
#12417=DIRECTION('center_axis',(-0.999999999999999,-4.07443131085946E-8,
0.));
#12418=DIRECTION('ref_axis',(-4.07443131085946E-8,0.999999999999999,0.));
#12419=DIRECTION('',(0.,0.,1.));
#12420=DIRECTION('center_axis',(0.,0.,-1.));
#12421=DIRECTION('ref_axis',(-0.707106767517781,-0.707106794855314,0.));
#12422=DIRECTION('',(0.,0.,-1.));
#12423=DIRECTION('center_axis',(0.,0.,-1.));
#12424=DIRECTION('ref_axis',(-0.707106779713487,0.707106782659608,0.));
#12425=DIRECTION('',(0.,0.,1.));
#12426=DIRECTION('center_axis',(0.,0.,-1.));
#12427=DIRECTION('ref_axis',(0.707106752375966,0.707106809997128,0.));
#12428=DIRECTION('',(0.,0.,-1.));
#12429=DIRECTION('',(0.,0.,1.));
#12430=DIRECTION('center_axis',(4.07443129881504E-8,-0.999999999999999,
0.));
#12431=DIRECTION('ref_axis',(-0.999999999999999,-4.07443129881504E-8,0.));
#12432=DIRECTION('center_axis',(-4.07443127669875E-8,0.999999999999999,
0.));
#12433=DIRECTION('ref_axis',(0.999999999999999,4.07443127669875E-8,0.));
#12434=DIRECTION('',(0.,0.,-1.));
#12435=DIRECTION('',(0.,0.,1.));
#12436=DIRECTION('center_axis',(0.,0.,-1.));
#12437=DIRECTION('ref_axis',(-0.707106809997128,0.707106752375966,0.));
#12438=DIRECTION('center_axis',(0.,0.,-1.));
#12439=DIRECTION('ref_axis',(-0.707106752375967,-0.707106809997127,0.));
#12440=DIRECTION('',(0.,0.,-1.));
#12441=DIRECTION('center_axis',(0.,0.,-1.));
#12442=DIRECTION('ref_axis',(-0.707106809997129,0.707106752375965,0.));
#12443=DIRECTION('',(0.,0.,1.));
#12444=DIRECTION('',(0.,0.,-1.));
#12445=DIRECTION('center_axis',(-4.07443129881504E-8,0.999999999999999,
0.));
#12446=DIRECTION('ref_axis',(0.999999999999999,4.07443129881504E-8,0.));
#12447=DIRECTION('center_axis',(0.,0.,-1.));
#12448=DIRECTION('ref_axis',(0.707106752375967,0.707106809997127,0.));
#12449=DIRECTION('',(0.,0.,-1.));
#12450=DIRECTION('center_axis',(0.,0.,-1.));
#12451=DIRECTION('ref_axis',(0.707106809997128,-0.707106752375966,0.));
#12452=DIRECTION('',(0.,0.,1.));
#12453=DIRECTION('center_axis',(0.,0.,-1.));
#12454=DIRECTION('ref_axis',(0.707106809997131,-0.707106752375963,0.));
#12455=DIRECTION('',(0.,0.,-1.));
#12456=DIRECTION('center_axis',(4.07443135230778E-8,-0.999999999999999,
0.));
#12457=DIRECTION('ref_axis',(-0.999999999999999,-4.07443135230778E-8,0.));
#12458=DIRECTION('',(0.,0.,1.));
#12459=DIRECTION('center_axis',(0.,0.,-1.));
#12460=DIRECTION('ref_axis',(-0.707106752375968,-0.707106809997125,0.));
#12461=DIRECTION('',(0.,0.,-1.));
#12462=DIRECTION('center_axis',(0.,0.,-1.));
#12463=DIRECTION('ref_axis',(-0.707106752375968,-0.707106809997125,0.));
#12464=DIRECTION('',(0.,0.,1.));
#12465=DIRECTION('',(0.,0.,-1.));
#12466=DIRECTION('center_axis',(0.,0.,-1.));
#12467=DIRECTION('ref_axis',(0.707106809997128,-0.707106752375966,0.));
#12468=DIRECTION('',(0.,0.,-1.));
#12469=DIRECTION('center_axis',(0.,0.,-1.));
#12470=DIRECTION('ref_axis',(-0.707106752375971,-0.707106809997123,0.));
#12471=DIRECTION('',(0.,0.,-1.));
#12472=DIRECTION('center_axis',(0.,0.,-1.));
#12473=DIRECTION('ref_axis',(0.70710675090291,0.707106811470184,0.));
#12474=DIRECTION('',(0.,0.,1.));
#12475=DIRECTION('',(0.,0.,-1.));
#12476=DIRECTION('center_axis',(-4.07443128125351E-8,0.999999999999999,
0.));
#12477=DIRECTION('ref_axis',(0.999999999999999,4.07443128125351E-8,0.));
#12478=DIRECTION('center_axis',(0.,0.,-1.));
#12479=DIRECTION('ref_axis',(-0.707106825138942,0.70710673723415,0.));
#12480=DIRECTION('',(0.,0.,-1.));
#12481=DIRECTION('center_axis',(-8.35718338976221E-8,0.999999999999997,
0.));
#12482=DIRECTION('ref_axis',(0.999999999999996,8.35718338976221E-8,0.));
#12483=DIRECTION('',(0.,0.,1.));
#12484=DIRECTION('center_axis',(0.,0.,-1.));
#12485=DIRECTION('ref_axis',(0.707106603683322,0.707106958689729,0.));
#12486=DIRECTION('',(0.,0.,1.));
#12487=DIRECTION('center_axis',(0.,0.,-1.));
#12488=DIRECTION('ref_axis',(0.707106928406104,-0.70710663396696,0.));
#12489=DIRECTION('',(0.,0.,-1.));
#12490=DIRECTION('center_axis',(0.,-1.,0.));
#12491=DIRECTION('ref_axis',(-1.,0.,0.));
#12492=DIRECTION('',(0.,0.,-1.));
#12493=DIRECTION('',(0.,0.,-1.));
#12494=DIRECTION('center_axis',(0.,0.,-1.));
#12495=DIRECTION('ref_axis',(1.,0.,0.));
#12496=DIRECTION('',(0.,0.,-1.));
#12497=DIRECTION('center_axis',(-1.,0.,0.));
#12498=DIRECTION('ref_axis',(0.,1.,0.));
#12499=DIRECTION('',(0.,0.,-1.));
#12500=DIRECTION('center_axis',(0.,0.,-1.));
#12501=DIRECTION('ref_axis',(0.,-1.,0.));
#12502=DIRECTION('',(0.,0.,-1.));
#12503=DIRECTION('center_axis',(0.,1.,0.));
#12504=DIRECTION('ref_axis',(1.,0.,0.));
#12505=DIRECTION('',(0.,0.,-1.));
#12506=DIRECTION('center_axis',(0.,0.,-1.));
#12507=DIRECTION('ref_axis',(-1.,0.,0.));
#12508=DIRECTION('',(0.,0.,-1.));
#12509=DIRECTION('center_axis',(1.,0.,0.));
#12510=DIRECTION('ref_axis',(0.,-1.,0.));
#12511=DIRECTION('',(0.,0.,-1.));
#12512=DIRECTION('center_axis',(0.,0.,-1.));
#12513=DIRECTION('ref_axis',(0.,1.,0.));
#12514=DIRECTION('center_axis',(0.,-1.,0.));
#12515=DIRECTION('ref_axis',(-1.,0.,0.));
#12516=DIRECTION('',(0.,0.,-1.));
#12517=DIRECTION('',(0.,0.,-1.));
#12518=DIRECTION('center_axis',(0.,0.,-1.));
#12519=DIRECTION('ref_axis',(1.,0.,0.));
#12520=DIRECTION('',(0.,0.,-1.));
#12521=DIRECTION('center_axis',(-1.,0.,0.));
#12522=DIRECTION('ref_axis',(0.,1.,0.));
#12523=DIRECTION('',(0.,0.,-1.));
#12524=DIRECTION('center_axis',(0.,0.,-1.));
#12525=DIRECTION('ref_axis',(0.,-1.,0.));
#12526=DIRECTION('',(0.,0.,-1.));
#12527=DIRECTION('center_axis',(0.,1.,0.));
#12528=DIRECTION('ref_axis',(1.,0.,0.));
#12529=DIRECTION('',(0.,0.,-1.));
#12530=DIRECTION('center_axis',(0.,0.,-1.));
#12531=DIRECTION('ref_axis',(-1.,0.,0.));
#12532=DIRECTION('',(0.,0.,-1.));
#12533=DIRECTION('center_axis',(1.,0.,0.));
#12534=DIRECTION('ref_axis',(0.,-1.,0.));
#12535=DIRECTION('',(0.,0.,-1.));
#12536=DIRECTION('center_axis',(0.,0.,-1.));
#12537=DIRECTION('ref_axis',(0.,1.,0.));
#12538=DIRECTION('center_axis',(1.,0.,0.));
#12539=DIRECTION('ref_axis',(0.,-1.,0.));
#12540=DIRECTION('',(0.,0.,-1.));
#12541=DIRECTION('',(0.,0.,-1.));
#12542=DIRECTION('center_axis',(0.,0.,-1.));
#12543=DIRECTION('ref_axis',(0.,1.,0.));
#12544=DIRECTION('',(0.,0.,-1.));
#12545=DIRECTION('center_axis',(0.,-1.,0.));
#12546=DIRECTION('ref_axis',(-1.,0.,0.));
#12547=DIRECTION('',(0.,0.,-1.));
#12548=DIRECTION('center_axis',(0.,0.,-1.));
#12549=DIRECTION('ref_axis',(1.,0.,0.));
#12550=DIRECTION('',(0.,0.,-1.));
#12551=DIRECTION('center_axis',(-1.,0.,0.));
#12552=DIRECTION('ref_axis',(0.,1.,0.));
#12553=DIRECTION('',(0.,0.,-1.));
#12554=DIRECTION('center_axis',(0.,0.,-1.));
#12555=DIRECTION('ref_axis',(0.,-1.,0.));
#12556=DIRECTION('',(0.,0.,-1.));
#12557=DIRECTION('center_axis',(0.,1.,0.));
#12558=DIRECTION('ref_axis',(1.,0.,0.));
#12559=DIRECTION('',(0.,0.,-1.));
#12560=DIRECTION('center_axis',(0.,0.,-1.));
#12561=DIRECTION('ref_axis',(-1.,0.,0.));
#12562=DIRECTION('center_axis',(0.,0.,-1.));
#12563=DIRECTION('ref_axis',(1.,0.,0.));
#12564=DIRECTION('',(0.,0.,1.));
#12565=DIRECTION('center_axis',(0.,-1.,0.));
#12566=DIRECTION('ref_axis',(-1.,0.,0.));
#12567=DIRECTION('',(0.,0.,-1.));
#12568=DIRECTION('',(0.,0.,-1.));
#12569=DIRECTION('center_axis',(0.,0.,-1.));
#12570=DIRECTION('ref_axis',(1.,0.,0.));
#12571=DIRECTION('',(0.,0.,-1.));
#12572=DIRECTION('center_axis',(-1.,0.,0.));
#12573=DIRECTION('ref_axis',(0.,1.,0.));
#12574=DIRECTION('',(0.,0.,-1.));
#12575=DIRECTION('center_axis',(0.,0.,-1.));
#12576=DIRECTION('ref_axis',(0.,-1.,0.));
#12577=DIRECTION('',(0.,0.,-1.));
#12578=DIRECTION('center_axis',(0.,1.,0.));
#12579=DIRECTION('ref_axis',(1.,0.,0.));
#12580=DIRECTION('',(0.,0.,-1.));
#12581=DIRECTION('center_axis',(0.,0.,-1.));
#12582=DIRECTION('ref_axis',(-1.,0.,0.));
#12583=DIRECTION('',(0.,0.,-1.));
#12584=DIRECTION('center_axis',(1.,0.,0.));
#12585=DIRECTION('ref_axis',(0.,-1.,0.));
#12586=DIRECTION('',(0.,0.,-1.));
#12587=DIRECTION('center_axis',(0.,0.,-1.));
#12588=DIRECTION('ref_axis',(0.,1.,0.));
#12589=DIRECTION('center_axis',(0.,-1.,0.));
#12590=DIRECTION('ref_axis',(-1.,0.,0.));
#12591=DIRECTION('',(0.,0.,-1.));
#12592=DIRECTION('',(0.,0.,-1.));
#12593=DIRECTION('center_axis',(0.,0.,-1.));
#12594=DIRECTION('ref_axis',(1.,0.,0.));
#12595=DIRECTION('',(0.,0.,-1.));
#12596=DIRECTION('center_axis',(-1.,0.,0.));
#12597=DIRECTION('ref_axis',(0.,1.,0.));
#12598=DIRECTION('',(0.,0.,-1.));
#12599=DIRECTION('center_axis',(0.,0.,-1.));
#12600=DIRECTION('ref_axis',(0.,-1.,0.));
#12601=DIRECTION('',(0.,0.,-1.));
#12602=DIRECTION('center_axis',(0.,1.,0.));
#12603=DIRECTION('ref_axis',(1.,0.,0.));
#12604=DIRECTION('',(0.,0.,-1.));
#12605=DIRECTION('center_axis',(0.,0.,-1.));
#12606=DIRECTION('ref_axis',(-1.,0.,0.));
#12607=DIRECTION('',(0.,0.,-1.));
#12608=DIRECTION('center_axis',(1.,0.,0.));
#12609=DIRECTION('ref_axis',(0.,-1.,0.));
#12610=DIRECTION('',(0.,0.,-1.));
#12611=DIRECTION('center_axis',(0.,0.,-1.));
#12612=DIRECTION('ref_axis',(0.,1.,0.));
#12613=DIRECTION('center_axis',(0.,-1.,0.));
#12614=DIRECTION('ref_axis',(-1.,0.,0.));
#12615=DIRECTION('',(0.,0.,-1.));
#12616=DIRECTION('',(0.,0.,-1.));
#12617=DIRECTION('center_axis',(0.,0.,-1.));
#12618=DIRECTION('ref_axis',(1.,0.,0.));
#12619=DIRECTION('',(0.,0.,-1.));
#12620=DIRECTION('center_axis',(-1.,0.,0.));
#12621=DIRECTION('ref_axis',(0.,1.,0.));
#12622=DIRECTION('',(0.,0.,-1.));
#12623=DIRECTION('center_axis',(0.,0.,-1.));
#12624=DIRECTION('ref_axis',(0.,-1.,0.));
#12625=DIRECTION('',(0.,0.,-1.));
#12626=DIRECTION('center_axis',(0.,1.,0.));
#12627=DIRECTION('ref_axis',(1.,0.,0.));
#12628=DIRECTION('',(0.,0.,-1.));
#12629=DIRECTION('center_axis',(0.,0.,-1.));
#12630=DIRECTION('ref_axis',(-1.,0.,0.));
#12631=DIRECTION('',(0.,0.,-1.));
#12632=DIRECTION('center_axis',(1.,0.,0.));
#12633=DIRECTION('ref_axis',(0.,-1.,0.));
#12634=DIRECTION('',(0.,0.,-1.));
#12635=DIRECTION('center_axis',(0.,0.,-1.));
#12636=DIRECTION('ref_axis',(0.,1.,0.));
#12637=DIRECTION('center_axis',(0.,-1.,0.));
#12638=DIRECTION('ref_axis',(-1.,0.,0.));
#12639=DIRECTION('',(0.,0.,-1.));
#12640=DIRECTION('',(0.,0.,-1.));
#12641=DIRECTION('center_axis',(0.,0.,-1.));
#12642=DIRECTION('ref_axis',(1.,0.,0.));
#12643=DIRECTION('',(0.,0.,-1.));
#12644=DIRECTION('center_axis',(-1.,0.,0.));
#12645=DIRECTION('ref_axis',(0.,1.,0.));
#12646=DIRECTION('',(0.,0.,-1.));
#12647=DIRECTION('center_axis',(0.,0.,-1.));
#12648=DIRECTION('ref_axis',(0.,-1.,0.));
#12649=DIRECTION('',(0.,0.,-1.));
#12650=DIRECTION('center_axis',(0.,1.,0.));
#12651=DIRECTION('ref_axis',(1.,0.,0.));
#12652=DIRECTION('',(0.,0.,-1.));
#12653=DIRECTION('center_axis',(0.,0.,-1.));
#12654=DIRECTION('ref_axis',(-1.,0.,0.));
#12655=DIRECTION('',(0.,0.,-1.));
#12656=DIRECTION('center_axis',(1.,0.,0.));
#12657=DIRECTION('ref_axis',(0.,-1.,0.));
#12658=DIRECTION('',(0.,0.,-1.));
#12659=DIRECTION('center_axis',(0.,0.,-1.));
#12660=DIRECTION('ref_axis',(0.,1.,0.));
#12661=DIRECTION('center_axis',(0.,0.,-1.));
#12662=DIRECTION('ref_axis',(1.,0.,0.));
#12663=DIRECTION('',(0.,0.,1.));
#12664=DIRECTION('center_axis',(0.,-1.,0.));
#12665=DIRECTION('ref_axis',(-1.,0.,0.));
#12666=DIRECTION('',(0.,0.,-1.));
#12667=DIRECTION('',(0.,0.,-1.));
#12668=DIRECTION('center_axis',(0.,0.,-1.));
#12669=DIRECTION('ref_axis',(1.,0.,0.));
#12670=DIRECTION('',(0.,0.,-1.));
#12671=DIRECTION('center_axis',(-1.,0.,0.));
#12672=DIRECTION('ref_axis',(0.,1.,0.));
#12673=DIRECTION('',(0.,0.,-1.));
#12674=DIRECTION('center_axis',(0.,0.,-1.));
#12675=DIRECTION('ref_axis',(0.,-1.,0.));
#12676=DIRECTION('',(0.,0.,-1.));
#12677=DIRECTION('center_axis',(0.,1.,0.));
#12678=DIRECTION('ref_axis',(1.,0.,0.));
#12679=DIRECTION('',(0.,0.,-1.));
#12680=DIRECTION('center_axis',(0.,0.,-1.));
#12681=DIRECTION('ref_axis',(-1.,0.,0.));
#12682=DIRECTION('',(0.,0.,-1.));
#12683=DIRECTION('center_axis',(1.,0.,0.));
#12684=DIRECTION('ref_axis',(0.,-1.,0.));
#12685=DIRECTION('',(0.,0.,-1.));
#12686=DIRECTION('center_axis',(0.,0.,-1.));
#12687=DIRECTION('ref_axis',(0.,1.,0.));
#12688=DIRECTION('center_axis',(0.,-1.,0.));
#12689=DIRECTION('ref_axis',(-1.,0.,0.));
#12690=DIRECTION('',(0.,0.,-1.));
#12691=DIRECTION('',(0.,0.,-1.));
#12692=DIRECTION('center_axis',(0.,0.,-1.));
#12693=DIRECTION('ref_axis',(1.,0.,0.));
#12694=DIRECTION('',(0.,0.,-1.));
#12695=DIRECTION('center_axis',(-1.,0.,0.));
#12696=DIRECTION('ref_axis',(0.,1.,0.));
#12697=DIRECTION('',(0.,0.,-1.));
#12698=DIRECTION('center_axis',(0.,0.,-1.));
#12699=DIRECTION('ref_axis',(0.,-1.,0.));
#12700=DIRECTION('',(0.,0.,-1.));
#12701=DIRECTION('center_axis',(0.,1.,0.));
#12702=DIRECTION('ref_axis',(1.,0.,0.));
#12703=DIRECTION('',(0.,0.,-1.));
#12704=DIRECTION('center_axis',(0.,0.,-1.));
#12705=DIRECTION('ref_axis',(-1.,0.,0.));
#12706=DIRECTION('',(0.,0.,-1.));
#12707=DIRECTION('center_axis',(1.,0.,0.));
#12708=DIRECTION('ref_axis',(0.,-1.,0.));
#12709=DIRECTION('',(0.,0.,-1.));
#12710=DIRECTION('center_axis',(0.,0.,-1.));
#12711=DIRECTION('ref_axis',(0.,1.,0.));
#12712=DIRECTION('center_axis',(1.,-7.31441066748254E-15,0.));
#12713=DIRECTION('ref_axis',(-7.31441066748254E-15,-1.,0.));
#12714=DIRECTION('',(0.,0.,-1.));
#12715=DIRECTION('',(0.,0.,-1.));
#12716=DIRECTION('center_axis',(0.,0.,-1.));
#12717=DIRECTION('ref_axis',(0.,1.,0.));
#12718=DIRECTION('',(0.,0.,-1.));
#12719=DIRECTION('center_axis',(0.,-1.,0.));
#12720=DIRECTION('ref_axis',(-1.,0.,0.));
#12721=DIRECTION('',(0.,0.,-1.));
#12722=DIRECTION('center_axis',(0.,0.,-1.));
#12723=DIRECTION('ref_axis',(1.,0.,0.));
#12724=DIRECTION('',(0.,0.,-1.));
#12725=DIRECTION('center_axis',(-1.,0.,0.));
#12726=DIRECTION('ref_axis',(0.,1.,0.));
#12727=DIRECTION('',(0.,0.,-1.));
#12728=DIRECTION('center_axis',(0.,0.,-1.));
#12729=DIRECTION('ref_axis',(0.,-1.,0.));
#12730=DIRECTION('',(0.,0.,-1.));
#12731=DIRECTION('center_axis',(0.,1.,0.));
#12732=DIRECTION('ref_axis',(1.,0.,0.));
#12733=DIRECTION('',(0.,0.,-1.));
#12734=DIRECTION('center_axis',(0.,0.,-1.));
#12735=DIRECTION('ref_axis',(-1.,0.,0.));
#12736=DIRECTION('center_axis',(0.,-1.,0.));
#12737=DIRECTION('ref_axis',(-1.,0.,0.));
#12738=DIRECTION('',(0.,0.,-1.));
#12739=DIRECTION('',(0.,0.,-1.));
#12740=DIRECTION('center_axis',(0.,0.,-1.));
#12741=DIRECTION('ref_axis',(1.,0.,0.));
#12742=DIRECTION('',(0.,0.,-1.));
#12743=DIRECTION('center_axis',(-1.,0.,0.));
#12744=DIRECTION('ref_axis',(0.,1.,0.));
#12745=DIRECTION('',(0.,0.,-1.));
#12746=DIRECTION('center_axis',(0.,0.,-1.));
#12747=DIRECTION('ref_axis',(0.,-1.,0.));
#12748=DIRECTION('',(0.,0.,-1.));
#12749=DIRECTION('center_axis',(0.,1.,0.));
#12750=DIRECTION('ref_axis',(1.,0.,0.));
#12751=DIRECTION('',(0.,0.,-1.));
#12752=DIRECTION('center_axis',(0.,0.,-1.));
#12753=DIRECTION('ref_axis',(-1.,0.,0.));
#12754=DIRECTION('',(0.,0.,-1.));
#12755=DIRECTION('center_axis',(1.,0.,0.));
#12756=DIRECTION('ref_axis',(0.,-1.,0.));
#12757=DIRECTION('',(0.,0.,-1.));
#12758=DIRECTION('center_axis',(0.,0.,-1.));
#12759=DIRECTION('ref_axis',(0.,1.,0.));
#12760=DIRECTION('center_axis',(0.,-1.,0.));
#12761=DIRECTION('ref_axis',(-1.,0.,0.));
#12762=DIRECTION('',(0.,0.,-1.));
#12763=DIRECTION('',(0.,0.,-1.));
#12764=DIRECTION('center_axis',(0.,0.,-1.));
#12765=DIRECTION('ref_axis',(1.,0.,0.));
#12766=DIRECTION('',(0.,0.,-1.));
#12767=DIRECTION('center_axis',(-1.,0.,0.));
#12768=DIRECTION('ref_axis',(0.,1.,0.));
#12769=DIRECTION('',(0.,0.,-1.));
#12770=DIRECTION('center_axis',(0.,0.,-1.));
#12771=DIRECTION('ref_axis',(0.,-1.,0.));
#12772=DIRECTION('',(0.,0.,-1.));
#12773=DIRECTION('center_axis',(0.,1.,0.));
#12774=DIRECTION('ref_axis',(1.,0.,0.));
#12775=DIRECTION('',(0.,0.,-1.));
#12776=DIRECTION('center_axis',(0.,0.,-1.));
#12777=DIRECTION('ref_axis',(-1.,0.,0.));
#12778=DIRECTION('',(0.,0.,-1.));
#12779=DIRECTION('center_axis',(1.,0.,0.));
#12780=DIRECTION('ref_axis',(0.,-1.,0.));
#12781=DIRECTION('',(0.,0.,-1.));
#12782=DIRECTION('center_axis',(0.,0.,-1.));
#12783=DIRECTION('ref_axis',(0.,1.,0.));
#12784=DIRECTION('center_axis',(0.,-1.,0.));
#12785=DIRECTION('ref_axis',(-1.,0.,0.));
#12786=DIRECTION('',(0.,0.,-1.));
#12787=DIRECTION('',(0.,0.,-1.));
#12788=DIRECTION('center_axis',(0.,0.,-1.));
#12789=DIRECTION('ref_axis',(1.,0.,0.));
#12790=DIRECTION('',(0.,0.,-1.));
#12791=DIRECTION('center_axis',(-1.,0.,0.));
#12792=DIRECTION('ref_axis',(0.,1.,0.));
#12793=DIRECTION('',(0.,0.,-1.));
#12794=DIRECTION('center_axis',(0.,0.,-1.));
#12795=DIRECTION('ref_axis',(0.,-1.,0.));
#12796=DIRECTION('',(0.,0.,-1.));
#12797=DIRECTION('center_axis',(0.,1.,0.));
#12798=DIRECTION('ref_axis',(1.,0.,0.));
#12799=DIRECTION('',(0.,0.,-1.));
#12800=DIRECTION('center_axis',(0.,0.,-1.));
#12801=DIRECTION('ref_axis',(-1.,0.,0.));
#12802=DIRECTION('',(0.,0.,-1.));
#12803=DIRECTION('center_axis',(1.,0.,0.));
#12804=DIRECTION('ref_axis',(0.,-1.,0.));
#12805=DIRECTION('',(0.,0.,-1.));
#12806=DIRECTION('center_axis',(0.,0.,-1.));
#12807=DIRECTION('ref_axis',(0.,1.,0.));
#12808=DIRECTION('center_axis',(0.,-1.,0.));
#12809=DIRECTION('ref_axis',(-1.,0.,0.));
#12810=DIRECTION('',(0.,0.,-1.));
#12811=DIRECTION('',(0.,0.,-1.));
#12812=DIRECTION('center_axis',(0.,0.,-1.));
#12813=DIRECTION('ref_axis',(1.,0.,0.));
#12814=DIRECTION('',(0.,0.,-1.));
#12815=DIRECTION('center_axis',(-1.,0.,0.));
#12816=DIRECTION('ref_axis',(0.,1.,0.));
#12817=DIRECTION('',(0.,0.,-1.));
#12818=DIRECTION('center_axis',(0.,0.,-1.));
#12819=DIRECTION('ref_axis',(0.,-1.,0.));
#12820=DIRECTION('',(0.,0.,-1.));
#12821=DIRECTION('center_axis',(0.,1.,0.));
#12822=DIRECTION('ref_axis',(1.,0.,0.));
#12823=DIRECTION('',(0.,0.,-1.));
#12824=DIRECTION('center_axis',(0.,0.,-1.));
#12825=DIRECTION('ref_axis',(-1.,0.,0.));
#12826=DIRECTION('',(0.,0.,-1.));
#12827=DIRECTION('center_axis',(1.,0.,0.));
#12828=DIRECTION('ref_axis',(0.,-1.,0.));
#12829=DIRECTION('',(0.,0.,-1.));
#12830=DIRECTION('center_axis',(0.,0.,-1.));
#12831=DIRECTION('ref_axis',(0.,1.,0.));
#12832=DIRECTION('center_axis',(0.,-1.,0.));
#12833=DIRECTION('ref_axis',(-1.,0.,0.));
#12834=DIRECTION('',(0.,0.,-1.));
#12835=DIRECTION('',(0.,0.,-1.));
#12836=DIRECTION('center_axis',(0.,0.,-1.));
#12837=DIRECTION('ref_axis',(1.,0.,0.));
#12838=DIRECTION('',(0.,0.,-1.));
#12839=DIRECTION('center_axis',(-1.,0.,0.));
#12840=DIRECTION('ref_axis',(0.,1.,0.));
#12841=DIRECTION('',(0.,0.,-1.));
#12842=DIRECTION('center_axis',(0.,0.,-1.));
#12843=DIRECTION('ref_axis',(0.,-1.,0.));
#12844=DIRECTION('',(0.,0.,-1.));
#12845=DIRECTION('center_axis',(0.,1.,0.));
#12846=DIRECTION('ref_axis',(1.,0.,0.));
#12847=DIRECTION('',(0.,0.,-1.));
#12848=DIRECTION('center_axis',(0.,0.,-1.));
#12849=DIRECTION('ref_axis',(-1.,0.,0.));
#12850=DIRECTION('',(0.,0.,-1.));
#12851=DIRECTION('center_axis',(1.,0.,0.));
#12852=DIRECTION('ref_axis',(0.,-1.,0.));
#12853=DIRECTION('',(0.,0.,-1.));
#12854=DIRECTION('center_axis',(0.,0.,-1.));
#12855=DIRECTION('ref_axis',(0.,1.,0.));
#12856=DIRECTION('center_axis',(0.,-1.,0.));
#12857=DIRECTION('ref_axis',(-1.,0.,0.));
#12858=DIRECTION('',(0.,0.,-1.));
#12859=DIRECTION('',(0.,0.,-1.));
#12860=DIRECTION('center_axis',(0.,0.,-1.));
#12861=DIRECTION('ref_axis',(1.,0.,0.));
#12862=DIRECTION('',(0.,0.,-1.));
#12863=DIRECTION('center_axis',(-1.,0.,0.));
#12864=DIRECTION('ref_axis',(0.,1.,0.));
#12865=DIRECTION('',(0.,0.,-1.));
#12866=DIRECTION('center_axis',(0.,0.,-1.));
#12867=DIRECTION('ref_axis',(0.,-1.,0.));
#12868=DIRECTION('',(0.,0.,-1.));
#12869=DIRECTION('center_axis',(0.,1.,0.));
#12870=DIRECTION('ref_axis',(1.,0.,0.));
#12871=DIRECTION('',(0.,0.,-1.));
#12872=DIRECTION('center_axis',(0.,0.,-1.));
#12873=DIRECTION('ref_axis',(-1.,0.,0.));
#12874=DIRECTION('',(0.,0.,-1.));
#12875=DIRECTION('center_axis',(1.,0.,0.));
#12876=DIRECTION('ref_axis',(0.,-1.,0.));
#12877=DIRECTION('',(0.,0.,-1.));
#12878=DIRECTION('center_axis',(0.,0.,-1.));
#12879=DIRECTION('ref_axis',(0.,1.,0.));
#12880=DIRECTION('center_axis',(0.,-1.,0.));
#12881=DIRECTION('ref_axis',(-1.,0.,0.));
#12882=DIRECTION('',(0.,0.,-1.));
#12883=DIRECTION('',(0.,0.,-1.));
#12884=DIRECTION('center_axis',(0.,0.,-1.));
#12885=DIRECTION('ref_axis',(1.,0.,0.));
#12886=DIRECTION('',(0.,0.,-1.));
#12887=DIRECTION('center_axis',(-1.,0.,0.));
#12888=DIRECTION('ref_axis',(0.,1.,0.));
#12889=DIRECTION('',(0.,0.,-1.));
#12890=DIRECTION('center_axis',(0.,0.,-1.));
#12891=DIRECTION('ref_axis',(0.,-1.,0.));
#12892=DIRECTION('',(0.,0.,-1.));
#12893=DIRECTION('center_axis',(0.,1.,0.));
#12894=DIRECTION('ref_axis',(1.,0.,0.));
#12895=DIRECTION('',(0.,0.,-1.));
#12896=DIRECTION('center_axis',(0.,0.,-1.));
#12897=DIRECTION('ref_axis',(-1.,0.,0.));
#12898=DIRECTION('',(0.,0.,-1.));
#12899=DIRECTION('center_axis',(1.,0.,0.));
#12900=DIRECTION('ref_axis',(0.,-1.,0.));
#12901=DIRECTION('',(0.,0.,-1.));
#12902=DIRECTION('center_axis',(0.,0.,-1.));
#12903=DIRECTION('ref_axis',(0.,1.,0.));
#12904=DIRECTION('center_axis',(0.,0.,-1.));
#12905=DIRECTION('ref_axis',(1.,0.,0.));
#12906=DIRECTION('',(0.,0.,1.));
#12907=DIRECTION('center_axis',(0.,-1.,0.));
#12908=DIRECTION('ref_axis',(-1.,0.,0.));
#12909=DIRECTION('',(0.,0.,-1.));
#12910=DIRECTION('',(0.,0.,-1.));
#12911=DIRECTION('center_axis',(0.,0.,-1.));
#12912=DIRECTION('ref_axis',(1.,0.,0.));
#12913=DIRECTION('',(0.,0.,-1.));
#12914=DIRECTION('center_axis',(-1.,0.,0.));
#12915=DIRECTION('ref_axis',(0.,1.,0.));
#12916=DIRECTION('',(0.,0.,-1.));
#12917=DIRECTION('center_axis',(0.,0.,-1.));
#12918=DIRECTION('ref_axis',(3.55271367880048E-14,-1.,0.));
#12919=DIRECTION('',(0.,0.,-1.));
#12920=DIRECTION('center_axis',(0.,1.,0.));
#12921=DIRECTION('ref_axis',(1.,0.,0.));
#12922=DIRECTION('',(0.,0.,-1.));
#12923=DIRECTION('center_axis',(0.,0.,-1.));
#12924=DIRECTION('ref_axis',(-1.,0.,0.));
#12925=DIRECTION('',(0.,0.,-1.));
#12926=DIRECTION('center_axis',(1.,0.,0.));
#12927=DIRECTION('ref_axis',(0.,-1.,0.));
#12928=DIRECTION('',(0.,0.,-1.));
#12929=DIRECTION('center_axis',(0.,0.,-1.));
#12930=DIRECTION('ref_axis',(0.,1.,0.));
#12931=DIRECTION('center_axis',(0.,-1.,0.));
#12932=DIRECTION('ref_axis',(-1.,0.,0.));
#12933=DIRECTION('',(0.,0.,-1.));
#12934=DIRECTION('',(0.,0.,-1.));
#12935=DIRECTION('center_axis',(0.,0.,-1.));
#12936=DIRECTION('ref_axis',(1.,0.,0.));
#12937=DIRECTION('',(0.,0.,-1.));
#12938=DIRECTION('center_axis',(-1.,0.,0.));
#12939=DIRECTION('ref_axis',(0.,1.,0.));
#12940=DIRECTION('',(0.,0.,-1.));
#12941=DIRECTION('center_axis',(0.,0.,-1.));
#12942=DIRECTION('ref_axis',(0.,-1.,0.));
#12943=DIRECTION('',(0.,0.,-1.));
#12944=DIRECTION('center_axis',(0.,1.,0.));
#12945=DIRECTION('ref_axis',(1.,0.,0.));
#12946=DIRECTION('',(0.,0.,-1.));
#12947=DIRECTION('center_axis',(0.,0.,-1.));
#12948=DIRECTION('ref_axis',(-1.,0.,0.));
#12949=DIRECTION('',(0.,0.,-1.));
#12950=DIRECTION('center_axis',(1.,0.,0.));
#12951=DIRECTION('ref_axis',(0.,-1.,0.));
#12952=DIRECTION('',(0.,0.,-1.));
#12953=DIRECTION('center_axis',(0.,0.,-1.));
#12954=DIRECTION('ref_axis',(0.,1.,0.));
#12955=DIRECTION('center_axis',(0.,-1.,0.));
#12956=DIRECTION('ref_axis',(-1.,0.,0.));
#12957=DIRECTION('',(0.,0.,-1.));
#12958=DIRECTION('',(0.,0.,-1.));
#12959=DIRECTION('center_axis',(0.,0.,-1.));
#12960=DIRECTION('ref_axis',(1.,0.,0.));
#12961=DIRECTION('',(0.,0.,-1.));
#12962=DIRECTION('center_axis',(-1.,0.,0.));
#12963=DIRECTION('ref_axis',(0.,1.,0.));
#12964=DIRECTION('',(0.,0.,-1.));
#12965=DIRECTION('center_axis',(0.,0.,-1.));
#12966=DIRECTION('ref_axis',(0.,-1.,0.));
#12967=DIRECTION('',(0.,0.,-1.));
#12968=DIRECTION('center_axis',(0.,1.,0.));
#12969=DIRECTION('ref_axis',(1.,0.,0.));
#12970=DIRECTION('',(0.,0.,-1.));
#12971=DIRECTION('center_axis',(0.,0.,-1.));
#12972=DIRECTION('ref_axis',(-1.,0.,0.));
#12973=DIRECTION('',(0.,0.,-1.));
#12974=DIRECTION('center_axis',(1.,0.,0.));
#12975=DIRECTION('ref_axis',(0.,-1.,0.));
#12976=DIRECTION('',(0.,0.,-1.));
#12977=DIRECTION('center_axis',(0.,0.,-1.));
#12978=DIRECTION('ref_axis',(0.,1.,0.));
#12979=DIRECTION('center_axis',(0.,-1.,0.));
#12980=DIRECTION('ref_axis',(-1.,0.,0.));
#12981=DIRECTION('',(0.,0.,-1.));
#12982=DIRECTION('',(0.,0.,-1.));
#12983=DIRECTION('center_axis',(0.,0.,-1.));
#12984=DIRECTION('ref_axis',(1.,0.,0.));
#12985=DIRECTION('',(0.,0.,-1.));
#12986=DIRECTION('center_axis',(-1.,0.,0.));
#12987=DIRECTION('ref_axis',(0.,1.,0.));
#12988=DIRECTION('',(0.,0.,-1.));
#12989=DIRECTION('center_axis',(0.,0.,-1.));
#12990=DIRECTION('ref_axis',(0.,-1.,0.));
#12991=DIRECTION('',(0.,0.,-1.));
#12992=DIRECTION('center_axis',(0.,1.,0.));
#12993=DIRECTION('ref_axis',(1.,0.,0.));
#12994=DIRECTION('',(0.,0.,-1.));
#12995=DIRECTION('center_axis',(0.,0.,-1.));
#12996=DIRECTION('ref_axis',(-1.,0.,0.));
#12997=DIRECTION('',(0.,0.,-1.));
#12998=DIRECTION('center_axis',(1.,0.,0.));
#12999=DIRECTION('ref_axis',(0.,-1.,0.));
#13000=DIRECTION('',(0.,0.,-1.));
#13001=DIRECTION('center_axis',(0.,0.,-1.));
#13002=DIRECTION('ref_axis',(0.,1.,0.));
#13003=DIRECTION('center_axis',(0.,-1.,0.));
#13004=DIRECTION('ref_axis',(-1.,0.,0.));
#13005=DIRECTION('',(0.,0.,-1.));
#13006=DIRECTION('',(0.,0.,-1.));
#13007=DIRECTION('center_axis',(0.,0.,-1.));
#13008=DIRECTION('ref_axis',(1.,0.,0.));
#13009=DIRECTION('',(0.,0.,-1.));
#13010=DIRECTION('center_axis',(-1.,0.,0.));
#13011=DIRECTION('ref_axis',(0.,1.,0.));
#13012=DIRECTION('',(0.,0.,-1.));
#13013=DIRECTION('center_axis',(0.,0.,-1.));
#13014=DIRECTION('ref_axis',(0.,-1.,0.));
#13015=DIRECTION('',(0.,0.,-1.));
#13016=DIRECTION('center_axis',(0.,1.,0.));
#13017=DIRECTION('ref_axis',(1.,0.,0.));
#13018=DIRECTION('',(0.,0.,-1.));
#13019=DIRECTION('center_axis',(0.,0.,-1.));
#13020=DIRECTION('ref_axis',(-1.,0.,0.));
#13021=DIRECTION('',(0.,0.,-1.));
#13022=DIRECTION('center_axis',(1.,0.,0.));
#13023=DIRECTION('ref_axis',(0.,-1.,0.));
#13024=DIRECTION('',(0.,0.,-1.));
#13025=DIRECTION('center_axis',(0.,0.,-1.));
#13026=DIRECTION('ref_axis',(0.,1.,0.));
#13027=DIRECTION('center_axis',(0.,-1.,0.));
#13028=DIRECTION('ref_axis',(-1.,0.,0.));
#13029=DIRECTION('',(0.,0.,-1.));
#13030=DIRECTION('',(0.,0.,-1.));
#13031=DIRECTION('center_axis',(0.,0.,-1.));
#13032=DIRECTION('ref_axis',(1.,0.,0.));
#13033=DIRECTION('',(0.,0.,-1.));
#13034=DIRECTION('center_axis',(-1.,0.,0.));
#13035=DIRECTION('ref_axis',(0.,1.,0.));
#13036=DIRECTION('',(0.,0.,-1.));
#13037=DIRECTION('center_axis',(0.,0.,-1.));
#13038=DIRECTION('ref_axis',(0.,-1.,0.));
#13039=DIRECTION('',(0.,0.,-1.));
#13040=DIRECTION('center_axis',(0.,1.,0.));
#13041=DIRECTION('ref_axis',(1.,0.,0.));
#13042=DIRECTION('',(0.,0.,-1.));
#13043=DIRECTION('center_axis',(0.,0.,-1.));
#13044=DIRECTION('ref_axis',(-1.,0.,0.));
#13045=DIRECTION('',(0.,0.,-1.));
#13046=DIRECTION('center_axis',(1.,0.,0.));
#13047=DIRECTION('ref_axis',(0.,-1.,0.));
#13048=DIRECTION('',(0.,0.,-1.));
#13049=DIRECTION('center_axis',(0.,0.,-1.));
#13050=DIRECTION('ref_axis',(0.,1.,0.));
#13051=DIRECTION('center_axis',(0.,-1.,0.));
#13052=DIRECTION('ref_axis',(-1.,0.,0.));
#13053=DIRECTION('',(0.,0.,-1.));
#13054=DIRECTION('',(0.,0.,-1.));
#13055=DIRECTION('center_axis',(0.,0.,-1.));
#13056=DIRECTION('ref_axis',(1.,0.,0.));
#13057=DIRECTION('',(0.,0.,-1.));
#13058=DIRECTION('center_axis',(-1.,0.,0.));
#13059=DIRECTION('ref_axis',(0.,1.,0.));
#13060=DIRECTION('',(0.,0.,-1.));
#13061=DIRECTION('center_axis',(0.,0.,-1.));
#13062=DIRECTION('ref_axis',(0.,-1.,0.));
#13063=DIRECTION('',(0.,0.,-1.));
#13064=DIRECTION('center_axis',(0.,1.,0.));
#13065=DIRECTION('ref_axis',(1.,0.,0.));
#13066=DIRECTION('',(0.,0.,-1.));
#13067=DIRECTION('center_axis',(0.,0.,-1.));
#13068=DIRECTION('ref_axis',(-1.,0.,0.));
#13069=DIRECTION('',(0.,0.,-1.));
#13070=DIRECTION('center_axis',(1.,0.,0.));
#13071=DIRECTION('ref_axis',(0.,-1.,0.));
#13072=DIRECTION('',(0.,0.,-1.));
#13073=DIRECTION('center_axis',(0.,0.,-1.));
#13074=DIRECTION('ref_axis',(0.,1.,0.));
#13075=DIRECTION('center_axis',(0.,0.,-1.));
#13076=DIRECTION('ref_axis',(1.,0.,0.));
#13077=DIRECTION('',(0.,0.,1.));
#13078=DIRECTION('center_axis',(0.,0.,-1.));
#13079=DIRECTION('ref_axis',(1.,0.,0.));
#13080=DIRECTION('',(0.,0.,1.));
#13081=DIRECTION('center_axis',(1.,0.,0.));
#13082=DIRECTION('ref_axis',(0.,-1.,0.));
#13083=DIRECTION('',(0.,0.,-1.));
#13084=DIRECTION('',(0.,0.,-1.));
#13085=DIRECTION('center_axis',(0.,0.,-1.));
#13086=DIRECTION('ref_axis',(0.,1.,0.));
#13087=DIRECTION('',(0.,0.,-1.));
#13088=DIRECTION('center_axis',(0.,-1.,0.));
#13089=DIRECTION('ref_axis',(-1.,0.,0.));
#13090=DIRECTION('',(0.,0.,-1.));
#13091=DIRECTION('center_axis',(0.,0.,-1.));
#13092=DIRECTION('ref_axis',(1.,0.,0.));
#13093=DIRECTION('',(0.,0.,-1.));
#13094=DIRECTION('center_axis',(-1.,0.,0.));
#13095=DIRECTION('ref_axis',(0.,1.,0.));
#13096=DIRECTION('',(0.,0.,-1.));
#13097=DIRECTION('center_axis',(0.,0.,-1.));
#13098=DIRECTION('ref_axis',(0.,-1.,0.));
#13099=DIRECTION('',(0.,0.,-1.));
#13100=DIRECTION('center_axis',(0.,1.,0.));
#13101=DIRECTION('ref_axis',(1.,0.,0.));
#13102=DIRECTION('',(0.,0.,-1.));
#13103=DIRECTION('center_axis',(0.,0.,-1.));
#13104=DIRECTION('ref_axis',(-1.,0.,0.));
#13105=DIRECTION('center_axis',(0.,-1.,0.));
#13106=DIRECTION('ref_axis',(-1.,0.,0.));
#13107=DIRECTION('',(0.,0.,-1.));
#13108=DIRECTION('',(0.,0.,-1.));
#13109=DIRECTION('center_axis',(0.,0.,-1.));
#13110=DIRECTION('ref_axis',(1.,0.,0.));
#13111=DIRECTION('',(0.,0.,-1.));
#13112=DIRECTION('center_axis',(-1.,0.,0.));
#13113=DIRECTION('ref_axis',(0.,1.,0.));
#13114=DIRECTION('',(0.,0.,-1.));
#13115=DIRECTION('center_axis',(0.,0.,-1.));
#13116=DIRECTION('ref_axis',(0.,-1.,0.));
#13117=DIRECTION('',(0.,0.,-1.));
#13118=DIRECTION('center_axis',(0.,1.,0.));
#13119=DIRECTION('ref_axis',(1.,0.,0.));
#13120=DIRECTION('',(0.,0.,-1.));
#13121=DIRECTION('center_axis',(0.,0.,-1.));
#13122=DIRECTION('ref_axis',(-1.,0.,0.));
#13123=DIRECTION('',(0.,0.,-1.));
#13124=DIRECTION('center_axis',(1.,0.,0.));
#13125=DIRECTION('ref_axis',(0.,-1.,0.));
#13126=DIRECTION('',(0.,0.,-1.));
#13127=DIRECTION('center_axis',(0.,0.,-1.));
#13128=DIRECTION('ref_axis',(0.,1.,0.));
#13129=DIRECTION('center_axis',(0.,-1.,0.));
#13130=DIRECTION('ref_axis',(-1.,0.,0.));
#13131=DIRECTION('',(0.,0.,-1.));
#13132=DIRECTION('',(0.,0.,-1.));
#13133=DIRECTION('center_axis',(0.,0.,-1.));
#13134=DIRECTION('ref_axis',(1.,0.,0.));
#13135=DIRECTION('',(0.,0.,-1.));
#13136=DIRECTION('center_axis',(-1.,0.,0.));
#13137=DIRECTION('ref_axis',(0.,1.,0.));
#13138=DIRECTION('',(0.,0.,-1.));
#13139=DIRECTION('center_axis',(0.,0.,-1.));
#13140=DIRECTION('ref_axis',(0.,-1.,0.));
#13141=DIRECTION('',(0.,0.,-1.));
#13142=DIRECTION('center_axis',(0.,1.,0.));
#13143=DIRECTION('ref_axis',(1.,0.,0.));
#13144=DIRECTION('',(0.,0.,-1.));
#13145=DIRECTION('center_axis',(0.,0.,-1.));
#13146=DIRECTION('ref_axis',(-1.,0.,0.));
#13147=DIRECTION('',(0.,0.,-1.));
#13148=DIRECTION('center_axis',(1.,0.,0.));
#13149=DIRECTION('ref_axis',(0.,-1.,0.));
#13150=DIRECTION('',(0.,0.,-1.));
#13151=DIRECTION('center_axis',(0.,0.,-1.));
#13152=DIRECTION('ref_axis',(0.,1.,0.));
#13153=DIRECTION('center_axis',(0.,-1.,0.));
#13154=DIRECTION('ref_axis',(-1.,0.,0.));
#13155=DIRECTION('',(0.,0.,-1.));
#13156=DIRECTION('',(0.,0.,-1.));
#13157=DIRECTION('center_axis',(0.,0.,-1.));
#13158=DIRECTION('ref_axis',(1.,0.,0.));
#13159=DIRECTION('',(0.,0.,-1.));
#13160=DIRECTION('center_axis',(-1.,0.,0.));
#13161=DIRECTION('ref_axis',(0.,1.,0.));
#13162=DIRECTION('',(0.,0.,-1.));
#13163=DIRECTION('center_axis',(0.,0.,-1.));
#13164=DIRECTION('ref_axis',(3.55271367880051E-14,-1.,0.));
#13165=DIRECTION('',(0.,0.,-1.));
#13166=DIRECTION('center_axis',(0.,1.,0.));
#13167=DIRECTION('ref_axis',(1.,0.,0.));
#13168=DIRECTION('',(0.,0.,-1.));
#13169=DIRECTION('center_axis',(0.,0.,-1.));
#13170=DIRECTION('ref_axis',(-1.,0.,0.));
#13171=DIRECTION('',(0.,0.,-1.));
#13172=DIRECTION('center_axis',(1.,0.,0.));
#13173=DIRECTION('ref_axis',(0.,-1.,0.));
#13174=DIRECTION('',(0.,0.,-1.));
#13175=DIRECTION('center_axis',(0.,0.,-1.));
#13176=DIRECTION('ref_axis',(0.,1.,0.));
#13177=DIRECTION('center_axis',(0.,0.,-1.));
#13178=DIRECTION('ref_axis',(1.,0.,0.));
#13179=DIRECTION('',(0.,0.,-1.));
#13180=DIRECTION('',(0.,0.,-1.));
#13181=DIRECTION('center_axis',(-1.,0.,0.));
#13182=DIRECTION('ref_axis',(0.,1.,0.));
#13183=DIRECTION('',(0.,0.,-1.));
#13184=DIRECTION('center_axis',(0.,0.,-1.));
#13185=DIRECTION('ref_axis',(0.,-1.,0.));
#13186=DIRECTION('',(0.,0.,-1.));
#13187=DIRECTION('center_axis',(0.,1.,0.));
#13188=DIRECTION('ref_axis',(1.,0.,0.));
#13189=DIRECTION('',(0.,0.,-1.));
#13190=DIRECTION('center_axis',(0.,0.,-1.));
#13191=DIRECTION('ref_axis',(-1.,0.,0.));
#13192=DIRECTION('',(0.,0.,-1.));
#13193=DIRECTION('center_axis',(1.,0.,0.));
#13194=DIRECTION('ref_axis',(0.,-1.,0.));
#13195=DIRECTION('',(0.,0.,-1.));
#13196=DIRECTION('center_axis',(0.,0.,-1.));
#13197=DIRECTION('ref_axis',(0.,1.,0.));
#13198=DIRECTION('',(0.,0.,-1.));
#13199=DIRECTION('center_axis',(0.,-1.,0.));
#13200=DIRECTION('ref_axis',(-1.,0.,0.));
#13201=DIRECTION('center_axis',(0.,-1.,0.));
#13202=DIRECTION('ref_axis',(-1.,0.,0.));
#13203=DIRECTION('',(0.,0.,-1.));
#13204=DIRECTION('',(0.,0.,-1.));
#13205=DIRECTION('center_axis',(0.,0.,-1.));
#13206=DIRECTION('ref_axis',(1.,0.,0.));
#13207=DIRECTION('',(0.,0.,-1.));
#13208=DIRECTION('center_axis',(-1.,0.,0.));
#13209=DIRECTION('ref_axis',(0.,1.,0.));
#13210=DIRECTION('',(0.,0.,-1.));
#13211=DIRECTION('center_axis',(0.,0.,-1.));
#13212=DIRECTION('ref_axis',(0.,-1.,0.));
#13213=DIRECTION('',(0.,0.,-1.));
#13214=DIRECTION('center_axis',(0.,1.,0.));
#13215=DIRECTION('ref_axis',(1.,0.,0.));
#13216=DIRECTION('',(0.,0.,-1.));
#13217=DIRECTION('center_axis',(0.,0.,-1.));
#13218=DIRECTION('ref_axis',(-1.,0.,0.));
#13219=DIRECTION('',(0.,0.,-1.));
#13220=DIRECTION('center_axis',(1.,0.,0.));
#13221=DIRECTION('ref_axis',(0.,-1.,0.));
#13222=DIRECTION('',(0.,0.,-1.));
#13223=DIRECTION('center_axis',(0.,0.,-1.));
#13224=DIRECTION('ref_axis',(0.,1.,0.));
#13225=DIRECTION('center_axis',(0.,-1.,0.));
#13226=DIRECTION('ref_axis',(-1.,0.,0.));
#13227=DIRECTION('',(0.,0.,-1.));
#13228=DIRECTION('',(0.,0.,-1.));
#13229=DIRECTION('center_axis',(0.,0.,-1.));
#13230=DIRECTION('ref_axis',(1.,0.,0.));
#13231=DIRECTION('',(0.,0.,-1.));
#13232=DIRECTION('center_axis',(-1.,0.,0.));
#13233=DIRECTION('ref_axis',(0.,1.,0.));
#13234=DIRECTION('',(0.,0.,-1.));
#13235=DIRECTION('center_axis',(0.,0.,-1.));
#13236=DIRECTION('ref_axis',(1.77635683940026E-14,-1.,0.));
#13237=DIRECTION('',(0.,0.,-1.));
#13238=DIRECTION('center_axis',(0.,1.,0.));
#13239=DIRECTION('ref_axis',(1.,0.,0.));
#13240=DIRECTION('',(0.,0.,-1.));
#13241=DIRECTION('center_axis',(0.,0.,-1.));
#13242=DIRECTION('ref_axis',(-1.,0.,0.));
#13243=DIRECTION('',(0.,0.,-1.));
#13244=DIRECTION('center_axis',(1.,0.,0.));
#13245=DIRECTION('ref_axis',(0.,-1.,0.));
#13246=DIRECTION('',(0.,0.,-1.));
#13247=DIRECTION('center_axis',(0.,0.,-1.));
#13248=DIRECTION('ref_axis',(0.,1.,0.));
#13249=DIRECTION('center_axis',(0.,-1.,0.));
#13250=DIRECTION('ref_axis',(-1.,0.,0.));
#13251=DIRECTION('',(0.,0.,-1.));
#13252=DIRECTION('',(0.,0.,-1.));
#13253=DIRECTION('center_axis',(0.,0.,-1.));
#13254=DIRECTION('ref_axis',(1.,0.,0.));
#13255=DIRECTION('',(0.,0.,-1.));
#13256=DIRECTION('center_axis',(-1.,0.,0.));
#13257=DIRECTION('ref_axis',(0.,1.,0.));
#13258=DIRECTION('',(0.,0.,-1.));
#13259=DIRECTION('center_axis',(0.,0.,-1.));
#13260=DIRECTION('ref_axis',(0.,-1.,0.));
#13261=DIRECTION('',(0.,0.,-1.));
#13262=DIRECTION('center_axis',(0.,1.,0.));
#13263=DIRECTION('ref_axis',(1.,0.,0.));
#13264=DIRECTION('',(0.,0.,-1.));
#13265=DIRECTION('center_axis',(0.,0.,-1.));
#13266=DIRECTION('ref_axis',(-1.,0.,0.));
#13267=DIRECTION('',(0.,0.,-1.));
#13268=DIRECTION('center_axis',(1.,0.,0.));
#13269=DIRECTION('ref_axis',(0.,-1.,0.));
#13270=DIRECTION('',(0.,0.,-1.));
#13271=DIRECTION('center_axis',(0.,0.,-1.));
#13272=DIRECTION('ref_axis',(0.,1.,0.));
#13273=DIRECTION('center_axis',(0.,-1.,0.));
#13274=DIRECTION('ref_axis',(-1.,0.,0.));
#13275=DIRECTION('',(0.,0.,-1.));
#13276=DIRECTION('',(0.,0.,-1.));
#13277=DIRECTION('center_axis',(0.,0.,-1.));
#13278=DIRECTION('ref_axis',(1.,0.,0.));
#13279=DIRECTION('',(0.,0.,-1.));
#13280=DIRECTION('center_axis',(-1.,0.,0.));
#13281=DIRECTION('ref_axis',(0.,1.,0.));
#13282=DIRECTION('',(0.,0.,-1.));
#13283=DIRECTION('center_axis',(0.,0.,-1.));
#13284=DIRECTION('ref_axis',(0.,-1.,0.));
#13285=DIRECTION('',(0.,0.,-1.));
#13286=DIRECTION('center_axis',(0.,1.,0.));
#13287=DIRECTION('ref_axis',(1.,0.,0.));
#13288=DIRECTION('',(0.,0.,-1.));
#13289=DIRECTION('center_axis',(0.,0.,-1.));
#13290=DIRECTION('ref_axis',(-1.,0.,0.));
#13291=DIRECTION('',(0.,0.,-1.));
#13292=DIRECTION('center_axis',(1.,0.,0.));
#13293=DIRECTION('ref_axis',(0.,-1.,0.));
#13294=DIRECTION('',(0.,0.,-1.));
#13295=DIRECTION('center_axis',(0.,0.,-1.));
#13296=DIRECTION('ref_axis',(0.,1.,0.));
#13297=DIRECTION('center_axis',(0.,0.,-1.));
#13298=DIRECTION('ref_axis',(1.,0.,0.));
#13299=DIRECTION('',(0.,0.,1.));
#13300=DIRECTION('center_axis',(0.,-1.,0.));
#13301=DIRECTION('ref_axis',(-1.,0.,0.));
#13302=DIRECTION('',(0.,0.,-1.));
#13303=DIRECTION('',(0.,0.,-1.));
#13304=DIRECTION('center_axis',(0.,0.,-1.));
#13305=DIRECTION('ref_axis',(1.,0.,0.));
#13306=DIRECTION('',(0.,0.,-1.));
#13307=DIRECTION('center_axis',(-1.,0.,0.));
#13308=DIRECTION('ref_axis',(0.,1.,0.));
#13309=DIRECTION('',(0.,0.,-1.));
#13310=DIRECTION('center_axis',(0.,0.,-1.));
#13311=DIRECTION('ref_axis',(0.,-1.,0.));
#13312=DIRECTION('',(0.,0.,-1.));
#13313=DIRECTION('center_axis',(0.,1.,0.));
#13314=DIRECTION('ref_axis',(1.,0.,0.));
#13315=DIRECTION('',(0.,0.,-1.));
#13316=DIRECTION('center_axis',(0.,0.,-1.));
#13317=DIRECTION('ref_axis',(-1.,0.,0.));
#13318=DIRECTION('',(0.,0.,-1.));
#13319=DIRECTION('center_axis',(1.,0.,0.));
#13320=DIRECTION('ref_axis',(0.,-1.,0.));
#13321=DIRECTION('',(0.,0.,-1.));
#13322=DIRECTION('center_axis',(0.,0.,-1.));
#13323=DIRECTION('ref_axis',(0.,1.,0.));
#13324=DIRECTION('center_axis',(0.,-1.,0.));
#13325=DIRECTION('ref_axis',(-1.,0.,0.));
#13326=DIRECTION('',(0.,0.,-1.));
#13327=DIRECTION('',(0.,0.,-1.));
#13328=DIRECTION('center_axis',(0.,0.,-1.));
#13329=DIRECTION('ref_axis',(1.,0.,0.));
#13330=DIRECTION('',(0.,0.,-1.));
#13331=DIRECTION('center_axis',(-1.,0.,0.));
#13332=DIRECTION('ref_axis',(0.,1.,0.));
#13333=DIRECTION('',(0.,0.,-1.));
#13334=DIRECTION('center_axis',(0.,0.,-1.));
#13335=DIRECTION('ref_axis',(0.,-1.,0.));
#13336=DIRECTION('',(0.,0.,-1.));
#13337=DIRECTION('center_axis',(0.,1.,0.));
#13338=DIRECTION('ref_axis',(1.,0.,0.));
#13339=DIRECTION('',(0.,0.,-1.));
#13340=DIRECTION('center_axis',(0.,0.,-1.));
#13341=DIRECTION('ref_axis',(-1.,0.,0.));
#13342=DIRECTION('',(0.,0.,-1.));
#13343=DIRECTION('center_axis',(1.,0.,0.));
#13344=DIRECTION('ref_axis',(0.,-1.,0.));
#13345=DIRECTION('',(0.,0.,-1.));
#13346=DIRECTION('center_axis',(0.,0.,-1.));
#13347=DIRECTION('ref_axis',(0.,1.,0.));
#13348=DIRECTION('center_axis',(0.,1.,0.));
#13349=DIRECTION('ref_axis',(1.,0.,0.));
#13350=DIRECTION('',(0.,0.,-1.));
#13351=DIRECTION('center_axis',(0.,0.,-1.));
#13352=DIRECTION('ref_axis',(-1.,0.,0.));
#13353=DIRECTION('',(0.,0.,-1.));
#13354=DIRECTION('center_axis',(1.,0.,0.));
#13355=DIRECTION('ref_axis',(0.,-1.,0.));
#13356=DIRECTION('',(0.,0.,-1.));
#13357=DIRECTION('center_axis',(0.,0.,-1.));
#13358=DIRECTION('ref_axis',(0.,1.,0.));
#13359=DIRECTION('',(0.,0.,-1.));
#13360=DIRECTION('center_axis',(0.,-1.,0.));
#13361=DIRECTION('ref_axis',(-1.,0.,0.));
#13362=DIRECTION('',(0.,0.,-1.));
#13363=DIRECTION('center_axis',(0.,0.,-1.));
#13364=DIRECTION('ref_axis',(1.,0.,0.));
#13365=DIRECTION('center_axis',(0.,0.,-1.));
#13366=DIRECTION('ref_axis',(1.,0.,0.));
#13367=DIRECTION('center_axis',(0.,0.,-1.));
#13368=DIRECTION('ref_axis',(0.,1.,0.));
#13369=DIRECTION('',(0.,0.,-1.));
#13370=DIRECTION('center_axis',(0.,-1.,0.));
#13371=DIRECTION('ref_axis',(-1.,0.,0.));
#13372=DIRECTION('',(0.,0.,-1.));
#13373=DIRECTION('center_axis',(0.,0.,-1.));
#13374=DIRECTION('ref_axis',(1.,0.,0.));
#13375=DIRECTION('',(0.,0.,-1.));
#13376=DIRECTION('center_axis',(-1.,0.,0.));
#13377=DIRECTION('ref_axis',(0.,1.,0.));
#13378=DIRECTION('',(0.,0.,-1.));
#13379=DIRECTION('center_axis',(0.,0.,-1.));
#13380=DIRECTION('ref_axis',(0.,-1.,0.));
#13381=DIRECTION('center_axis',(0.,0.,-1.));
#13382=DIRECTION('ref_axis',(1.,0.,0.));
#13383=DIRECTION('center_axis',(0.999999999999999,4.07443128876509E-8,0.));
#13384=DIRECTION('ref_axis',(4.07443128876509E-8,-0.999999999999999,0.));
#13385=DIRECTION('center_axis',(0.,0.,-1.));
#13386=DIRECTION('ref_axis',(1.,0.,0.));
#13387=DIRECTION('center_axis',(0.,0.,-1.));
#13388=DIRECTION('ref_axis',(1.,0.,0.));
#13389=DIRECTION('',(0.,0.,-1.));
#13390=DIRECTION('center_axis',(-1.,0.,0.));
#13391=DIRECTION('ref_axis',(0.,1.,0.));
#13392=DIRECTION('',(0.,0.,-1.));
#13393=DIRECTION('center_axis',(0.,0.,-1.));
#13394=DIRECTION('ref_axis',(0.,-1.,0.));
#13395=DIRECTION('',(0.,0.,-1.));
#13396=DIRECTION('center_axis',(0.,1.,0.));
#13397=DIRECTION('ref_axis',(1.,0.,0.));
#13398=DIRECTION('',(0.,0.,-1.));
#13399=DIRECTION('center_axis',(0.,0.,-1.));
#13400=DIRECTION('ref_axis',(-1.,0.,0.));
#13401=DIRECTION('center_axis',(0.,0.,-1.));
#13402=DIRECTION('ref_axis',(1.,0.,0.));
#13403=DIRECTION('center_axis',(0.,0.,-1.));
#13404=DIRECTION('ref_axis',(0.,-1.,0.));
#13405=DIRECTION('',(0.,0.,-1.));
#13406=DIRECTION('center_axis',(0.,1.,0.));
#13407=DIRECTION('ref_axis',(1.,0.,0.));
#13408=DIRECTION('',(0.,0.,-1.));
#13409=DIRECTION('center_axis',(0.,0.,-1.));
#13410=DIRECTION('ref_axis',(-1.,0.,0.));
#13411=DIRECTION('',(0.,0.,-1.));
#13412=DIRECTION('center_axis',(1.,0.,0.));
#13413=DIRECTION('ref_axis',(0.,-1.,0.));
#13414=DIRECTION('',(0.,0.,-1.));
#13415=DIRECTION('center_axis',(0.,0.,-1.));
#13416=DIRECTION('ref_axis',(0.,1.,0.));
#13417=DIRECTION('center_axis',(0.,0.,-1.));
#13418=DIRECTION('ref_axis',(1.,0.,0.));
#13419=DIRECTION('center_axis',(0.999999999999999,4.49107477133263E-8,0.));
#13420=DIRECTION('ref_axis',(4.49107477133263E-8,-0.999999999999999,0.));
#13421=DIRECTION('center_axis',(0.,0.,-1.));
#13422=DIRECTION('ref_axis',(1.,0.,0.));
#13423=DIRECTION('center_axis',(0.,0.,-1.));
#13424=DIRECTION('ref_axis',(1.,0.,0.));
#13425=DIRECTION('',(0.,0.,-1.));
#13426=DIRECTION('center_axis',(-1.,0.,0.));
#13427=DIRECTION('ref_axis',(0.,1.,0.));
#13428=DIRECTION('',(0.,0.,-1.));
#13429=DIRECTION('center_axis',(0.,0.,-1.));
#13430=DIRECTION('ref_axis',(0.,-1.,0.));
#13431=DIRECTION('',(0.,0.,-1.));
#13432=DIRECTION('center_axis',(0.,1.,0.));
#13433=DIRECTION('ref_axis',(1.,0.,0.));
#13434=DIRECTION('',(0.,0.,-1.));
#13435=DIRECTION('center_axis',(0.,0.,-1.));
#13436=DIRECTION('ref_axis',(-1.,0.,0.));
#13437=DIRECTION('center_axis',(0.,0.,-1.));
#13438=DIRECTION('ref_axis',(1.,0.,0.));
#13439=DIRECTION('center_axis',(0.,0.,-1.));
#13440=DIRECTION('ref_axis',(0.,-1.,0.));
#13441=DIRECTION('',(0.,0.,-1.));
#13442=DIRECTION('center_axis',(0.,1.,0.));
#13443=DIRECTION('ref_axis',(1.,0.,0.));
#13444=DIRECTION('',(0.,0.,-1.));
#13445=DIRECTION('center_axis',(0.,0.,-1.));
#13446=DIRECTION('ref_axis',(-1.,0.,0.));
#13447=DIRECTION('',(0.,0.,-1.));
#13448=DIRECTION('center_axis',(1.,0.,0.));
#13449=DIRECTION('ref_axis',(0.,-1.,0.));
#13450=DIRECTION('',(0.,0.,-1.));
#13451=DIRECTION('center_axis',(0.,0.,-1.));
#13452=DIRECTION('ref_axis',(0.,1.,0.));
#13453=DIRECTION('',(0.,0.,-1.));
#13454=DIRECTION('center_axis',(0.,-1.,0.));
#13455=DIRECTION('ref_axis',(-1.,0.,0.));
#13456=DIRECTION('center_axis',(0.,0.,-1.));
#13457=DIRECTION('ref_axis',(1.,0.,0.));
#13458=DIRECTION('center_axis',(0.,0.,-1.));
#13459=DIRECTION('ref_axis',(1.,0.,0.));
#13460=DIRECTION('',(0.,0.,-1.));
#13461=DIRECTION('center_axis',(-1.,0.,0.));
#13462=DIRECTION('ref_axis',(0.,1.,0.));
#13463=DIRECTION('',(0.,0.,-1.));
#13464=DIRECTION('center_axis',(0.,0.,-1.));
#13465=DIRECTION('ref_axis',(0.,-1.,0.));
#13466=DIRECTION('',(0.,0.,-1.));
#13467=DIRECTION('center_axis',(0.,1.,0.));
#13468=DIRECTION('ref_axis',(1.,0.,0.));
#13469=DIRECTION('',(0.,0.,-1.));
#13470=DIRECTION('center_axis',(0.,0.,-1.));
#13471=DIRECTION('ref_axis',(-1.,0.,0.));
#13472=DIRECTION('center_axis',(0.,0.,-1.));
#13473=DIRECTION('ref_axis',(1.,0.,0.));
#13474=DIRECTION('center_axis',(0.,0.,-1.));
#13475=DIRECTION('ref_axis',(0.,-1.,0.));
#13476=DIRECTION('',(0.,0.,-1.));
#13477=DIRECTION('center_axis',(0.,1.,0.));
#13478=DIRECTION('ref_axis',(1.,0.,0.));
#13479=DIRECTION('',(0.,0.,-1.));
#13480=DIRECTION('center_axis',(0.,0.,-1.));
#13481=DIRECTION('ref_axis',(-1.,0.,0.));
#13482=DIRECTION('',(0.,0.,-1.));
#13483=DIRECTION('center_axis',(1.,0.,0.));
#13484=DIRECTION('ref_axis',(0.,-1.,0.));
#13485=DIRECTION('',(0.,0.,-1.));
#13486=DIRECTION('center_axis',(0.,0.,-1.));
#13487=DIRECTION('ref_axis',(0.,1.,0.));
#13488=DIRECTION('center_axis',(0.,0.,-1.));
#13489=DIRECTION('ref_axis',(1.,0.,0.));
#13490=DIRECTION('center_axis',(-2.08320631394005E-9,-1.,0.));
#13491=DIRECTION('ref_axis',(-1.,2.08320631394005E-9,0.));
#13492=DIRECTION('center_axis',(0.,0.,-1.));
#13493=DIRECTION('ref_axis',(1.,0.,0.));
#13494=DIRECTION('center_axis',(0.,0.,-1.));
#13495=DIRECTION('ref_axis',(1.,0.,0.));
#13496=DIRECTION('',(0.,0.,-1.));
#13497=DIRECTION('center_axis',(-1.,0.,0.));
#13498=DIRECTION('ref_axis',(0.,1.,0.));
#13499=DIRECTION('',(0.,0.,-1.));
#13500=DIRECTION('center_axis',(0.,0.,-1.));
#13501=DIRECTION('ref_axis',(0.,-1.,0.));
#13502=DIRECTION('',(0.,0.,-1.));
#13503=DIRECTION('center_axis',(0.,1.,0.));
#13504=DIRECTION('ref_axis',(1.,0.,0.));
#13505=DIRECTION('',(0.,0.,-1.));
#13506=DIRECTION('center_axis',(0.,0.,-1.));
#13507=DIRECTION('ref_axis',(-1.,0.,0.));
#13508=DIRECTION('center_axis',(0.,0.,-1.));
#13509=DIRECTION('ref_axis',(1.,0.,0.));
#13510=DIRECTION('center_axis',(0.,0.,-1.));
#13511=DIRECTION('ref_axis',(3.55271367880051E-14,-1.,0.));
#13512=DIRECTION('',(0.,0.,-1.));
#13513=DIRECTION('center_axis',(0.,1.,0.));
#13514=DIRECTION('ref_axis',(1.,0.,0.));
#13515=DIRECTION('',(0.,0.,-1.));
#13516=DIRECTION('center_axis',(0.,0.,-1.));
#13517=DIRECTION('ref_axis',(-1.,0.,0.));
#13518=DIRECTION('',(0.,0.,-1.));
#13519=DIRECTION('center_axis',(1.,0.,0.));
#13520=DIRECTION('ref_axis',(0.,-1.,0.));
#13521=DIRECTION('',(0.,0.,-1.));
#13522=DIRECTION('center_axis',(0.,0.,-1.));
#13523=DIRECTION('ref_axis',(0.,1.,0.));
#13524=DIRECTION('',(0.,0.,-1.));
#13525=DIRECTION('center_axis',(0.,-1.,0.));
#13526=DIRECTION('ref_axis',(-1.,0.,0.));
#13527=DIRECTION('center_axis',(-0.999999999999999,-4.07443131207686E-8,
0.));
#13528=DIRECTION('ref_axis',(-4.07443131207686E-8,0.999999999999999,0.));
#13529=DIRECTION('center_axis',(0.,1.,0.));
#13530=DIRECTION('ref_axis',(1.,0.,0.));
#13531=DIRECTION('',(0.,0.,-1.));
#13532=DIRECTION('center_axis',(0.,0.,-1.));
#13533=DIRECTION('ref_axis',(-1.,0.,0.));
#13534=DIRECTION('',(0.,0.,-1.));
#13535=DIRECTION('center_axis',(1.,0.,0.));
#13536=DIRECTION('ref_axis',(0.,-1.,0.));
#13537=DIRECTION('',(0.,0.,-1.));
#13538=DIRECTION('center_axis',(0.,0.,-1.));
#13539=DIRECTION('ref_axis',(0.,1.,0.));
#13540=DIRECTION('',(0.,0.,-1.));
#13541=DIRECTION('center_axis',(0.,-1.,0.));
#13542=DIRECTION('ref_axis',(-1.,0.,0.));
#13543=DIRECTION('',(0.,0.,-1.));
#13544=DIRECTION('center_axis',(0.,0.,-1.));
#13545=DIRECTION('ref_axis',(1.,0.,0.));
#13546=DIRECTION('',(0.,0.,-1.));
#13547=DIRECTION('center_axis',(-1.,0.,0.));
#13548=DIRECTION('ref_axis',(0.,1.,0.));
#13549=DIRECTION('center_axis',(-0.999999999999999,-4.07443116282972E-8,
0.));
#13550=DIRECTION('ref_axis',(-4.07443116282972E-8,0.999999999999999,0.));
#13551=DIRECTION('center_axis',(0.,0.,-1.));
#13552=DIRECTION('ref_axis',(1.,0.,0.));
#13553=DIRECTION('center_axis',(-4.07443127669875E-8,0.999999999999999,
0.));
#13554=DIRECTION('ref_axis',(0.999999999999999,4.07443127669875E-8,0.));
#13555=DIRECTION('center_axis',(4.07443128125352E-8,-0.999999999999999,
0.));
#13556=DIRECTION('ref_axis',(-0.999999999999999,-4.07443128125352E-8,0.));
#13557=DIRECTION('center_axis',(4.07443129881504E-8,-0.999999999999999,
0.));
#13558=DIRECTION('ref_axis',(-0.999999999999999,-4.07443129881504E-8,0.));
#13559=CARTESIAN_POINT('',(0.,0.,0.));
#13560=CARTESIAN_POINT('Origin',(-95.2500045241322,-19.0500009048264,-0.375));
#13561=CARTESIAN_POINT('',(-97.1000045241322,-19.0500009048264,0.));
#13562=CARTESIAN_POINT('Origin',(-95.2500045241322,-19.0500009048264,0.));
#13563=CARTESIAN_POINT('',(-96.3500045241322,-19.0500009048264,-0.75));
#13564=CARTESIAN_POINT('',(-96.7250045241322,-19.0500009048264,-0.375));
#13565=CARTESIAN_POINT('Origin',(-95.2500045241322,-19.0500009048264,-0.75));
#13566=CARTESIAN_POINT('Origin',(1.55235841958756E-6,3.98179571092783E-6,
0.));
#13567=CARTESIAN_POINT('',(24.0292972888702,37.6454601815867,0.));
#13568=CARTESIAN_POINT('',(24.527226868082,38.10000565642,0.));
#13569=CARTESIAN_POINT('Origin',(24.5272268884542,37.60000565642,0.));
#13570=CARTESIAN_POINT('',(23.6987683912295,36.2590914030231,0.));
#13571=CARTESIAN_POINT('Origin',(19.0500012930304,38.1000054332542,0.));
#13572=CARTESIAN_POINT('',(24.1636451010494,35.575,0.));
#13573=CARTESIAN_POINT('Origin',(24.1636451010494,36.075,0.));
#13574=CARTESIAN_POINT('',(35.075,35.575,0.));
#13575=CARTESIAN_POINT('',(22.075,35.575,0.));
#13576=CARTESIAN_POINT('',(35.575,35.075,0.));
#13577=CARTESIAN_POINT('Origin',(35.075,35.075,0.));
#13578=CARTESIAN_POINT('',(35.575,22.075,0.));
#13579=CARTESIAN_POINT('',(35.575,35.075,0.));
#13580=CARTESIAN_POINT('',(35.075,21.575,0.));
#13581=CARTESIAN_POINT('Origin',(35.075,22.075,0.));
#13582=CARTESIAN_POINT('',(22.075,21.575,0.));
#13583=CARTESIAN_POINT('',(22.075,21.575,0.));
#13584=CARTESIAN_POINT('',(21.575,22.075,0.));
#13585=CARTESIAN_POINT('Origin',(22.075,22.075,0.));
#13586=CARTESIAN_POINT('',(21.575,32.9863589616284,0.));
#13587=CARTESIAN_POINT('',(21.575,35.075,0.));
#13588=CARTESIAN_POINT('',(20.8909092084573,33.4512359135943,0.));
#13589=CARTESIAN_POINT('Origin',(21.075,32.9863589616284,0.));
#13590=CARTESIAN_POINT('',(17.2090910266391,33.4512368445745,0.));
#13591=CARTESIAN_POINT('Origin',(19.0500012930304,38.1000054332542,0.));
#13592=CARTESIAN_POINT('',(16.525,32.9863599857065,0.));
#13593=CARTESIAN_POINT('Origin',(17.025,32.9863599857065,0.));
#13594=CARTESIAN_POINT('',(16.525,22.075,0.));
#13595=CARTESIAN_POINT('',(16.525,35.075,0.));
#13596=CARTESIAN_POINT('',(16.025,21.575,0.));
#13597=CARTESIAN_POINT('Origin',(16.025,22.075,0.));
#13598=CARTESIAN_POINT('',(3.02500000000002,21.575,0.));
#13599=CARTESIAN_POINT('',(3.02500000000002,21.575,0.));
#13600=CARTESIAN_POINT('',(2.52500000000001,22.075,0.));
#13601=CARTESIAN_POINT('Origin',(3.02500000000002,22.075,0.));
#13602=CARTESIAN_POINT('',(2.52500000000002,35.075,0.));
#13603=CARTESIAN_POINT('',(2.52500000000001,35.075,0.));
#13604=CARTESIAN_POINT('',(3.02500000000002,35.575,0.));
#13605=CARTESIAN_POINT('Origin',(3.02500000000002,35.075,0.));
#13606=CARTESIAN_POINT('',(13.9363574850114,35.575,0.));
#13607=CARTESIAN_POINT('',(3.02500000000002,35.575,0.));
#13608=CARTESIAN_POINT('',(14.4012341948313,36.2590914030231,0.));
#13609=CARTESIAN_POINT('Origin',(13.9363574850114,36.075,0.));
#13610=CARTESIAN_POINT('',(14.0707053342308,37.6454597758308,0.));
#13611=CARTESIAN_POINT('Origin',(19.0500012930304,38.1000054332542,0.));
#13612=CARTESIAN_POINT('',(13.5727757179787,38.1000052100884,0.));
#13613=CARTESIAN_POINT('Origin',(13.5727757383509,37.6000052100884,0.));
#13614=CARTESIAN_POINT('',(-13.572775693748,38.1000041040616,0.));
#13615=CARTESIAN_POINT('',(-114.3,38.1,0.));
#13616=CARTESIAN_POINT('',(-14.0707052729598,37.6454586292283,0.));
#13617=CARTESIAN_POINT('Origin',(-13.5727756733759,37.6000041040616,0.));
#13618=CARTESIAN_POINT('',(-14.4012336117511,36.2590912618996,0.));
#13619=CARTESIAN_POINT('Origin',(-19.0500012687997,38.1000038808958,0.));
#13620=CARTESIAN_POINT('',(-13.9363568460463,35.575,0.));
#13621=CARTESIAN_POINT('Origin',(-13.9363568460463,36.075,0.));
#13622=CARTESIAN_POINT('',(-3.02499999999998,35.575,0.));
#13623=CARTESIAN_POINT('',(-16.025,35.575,0.));
#13624=CARTESIAN_POINT('',(-2.52499999999998,35.075,0.));
#13625=CARTESIAN_POINT('Origin',(-3.02499999999998,35.075,0.));
#13626=CARTESIAN_POINT('',(-2.52499999999999,22.075,0.));
#13627=CARTESIAN_POINT('',(-2.52499999999998,35.075,0.));
#13628=CARTESIAN_POINT('',(-3.02499999999998,21.575,0.));
#13629=CARTESIAN_POINT('Origin',(-3.02499999999998,22.075,0.));
#13630=CARTESIAN_POINT('',(-16.025,21.575,0.));
#13631=CARTESIAN_POINT('',(-16.025,21.575,0.));
#13632=CARTESIAN_POINT('',(-16.525,22.075,0.));
#13633=CARTESIAN_POINT('Origin',(-16.025,22.075,0.));
#13634=CARTESIAN_POINT('',(-16.525,32.9863584237527,0.));
#13635=CARTESIAN_POINT('',(-16.525,35.075,0.));
#13636=CARTESIAN_POINT('',(-17.2090910244363,33.451235283493,0.));
#13637=CARTESIAN_POINT('Origin',(-17.025,32.9863584237527,0.));
#13638=CARTESIAN_POINT('',(-20.8909092062545,33.451234369959,0.));
#13639=CARTESIAN_POINT('Origin',(-19.0500012687997,38.1000038808958,0.));
#13640=CARTESIAN_POINT('',(-21.575,32.9863574188653,0.));
#13641=CARTESIAN_POINT('Origin',(-21.075,32.9863574188653,0.));
#13642=CARTESIAN_POINT('',(-21.575,22.075,0.));
#13643=CARTESIAN_POINT('',(-21.575,35.075,0.));
#13644=CARTESIAN_POINT('',(-22.075,21.575,0.));
#13645=CARTESIAN_POINT('Origin',(-22.075,22.075,0.));
#13646=CARTESIAN_POINT('',(-35.075,21.575,0.));
#13647=CARTESIAN_POINT('',(-35.075,21.575,0.));
#13648=CARTESIAN_POINT('',(-35.575,22.075,0.));
#13649=CARTESIAN_POINT('Origin',(-35.075,22.075,0.));
#13650=CARTESIAN_POINT('',(-35.575,35.075,0.));
#13651=CARTESIAN_POINT('',(-35.575,35.075,0.));
#13652=CARTESIAN_POINT('',(-35.075,35.575,0.));
#13653=CARTESIAN_POINT('Origin',(-35.075,35.075,0.));
#13654=CARTESIAN_POINT('',(-24.1636456915531,35.575,0.));
#13655=CARTESIAN_POINT('',(-35.075,35.575,0.));
#13656=CARTESIAN_POINT('',(-23.6987689258482,36.2590912618996,0.));
#13657=CARTESIAN_POINT('Origin',(-24.1636456915531,36.075,0.));
#13658=CARTESIAN_POINT('',(-24.0292972275992,37.6454582234723,0.));
#13659=CARTESIAN_POINT('Origin',(-19.0500012687997,38.1000038808958,0.));
#13660=CARTESIAN_POINT('',(-24.5272268438513,38.10000365773,0.));
#13661=CARTESIAN_POINT('Origin',(-24.5272268234792,37.60000365773,0.));
#13662=CARTESIAN_POINT('',(-73.1999981333249,38.1000016745913,0.));
#13663=CARTESIAN_POINT('',(-114.3,38.1,0.));
#13664=CARTESIAN_POINT('',(-73.6999981536971,38.60000373992,0.));
#13665=CARTESIAN_POINT('Origin',(-73.1999981536971,38.6000016745913,0.));
#13666=CARTESIAN_POINT('',(-73.1999981526555,39.1000037388784,0.));
#13667=CARTESIAN_POINT('Origin',(-73.1999981536971,38.6000037388784,0.));
#13668=CARTESIAN_POINT('',(-56.6999992034667,39.1000037045055,0.));
#13669=CARTESIAN_POINT('',(-54.1999981520509,39.1000036992974,0.));
#13670=CARTESIAN_POINT('',(-54.1999991982589,41.6000047507131,0.));
#13671=CARTESIAN_POINT('Origin',(-56.6999991982587,41.6000037045055,0.));
#13672=CARTESIAN_POINT('',(-56.6999994071881,44.1000033104917,0.));
#13673=CARTESIAN_POINT('Origin',(-56.6999991982585,41.6000033104917,0.));
#13674=CARTESIAN_POINT('',(-76.7000003515347,44.100001639055,0.));
#13675=CARTESIAN_POINT('',(-79.2000002444659,44.1000014301254,0.));
#13676=CARTESIAN_POINT('',(-79.2000001426051,41.6000015371942,0.));
#13677=CARTESIAN_POINT('Origin',(-76.7000001426051,41.600001639055,0.));
#13678=CARTESIAN_POINT('',(-79.2000000203722,38.6000014301254,0.));
#13679=CARTESIAN_POINT('',(-79.2,38.1000014301254,0.));
#13680=CARTESIAN_POINT('',(-79.7,38.1000014097532,0.));
#13681=CARTESIAN_POINT('Origin',(-79.7000000203722,38.6000014097532,0.));
#13682=CARTESIAN_POINT('',(-89.7727791385311,38.1000009993448,0.));
#13683=CARTESIAN_POINT('',(-114.3,38.1,0.));
#13684=CARTESIAN_POINT('',(-90.270708717743,37.6454555245115,0.));
#13685=CARTESIAN_POINT('Origin',(-89.772779118159,37.6000009993448,0.));
#13686=CARTESIAN_POINT('',(-90.6012359388368,36.2590909796526,0.));
#13687=CARTESIAN_POINT('Origin',(-95.2500047135828,38.100000776179,0.));
#13688=CARTESIAN_POINT('',(-90.1363590613622,35.575,0.));
#13689=CARTESIAN_POINT('Origin',(-90.1363590613622,36.075,0.));
#13690=CARTESIAN_POINT('',(-79.225,35.575,0.));
#13691=CARTESIAN_POINT('',(-92.225,35.575,0.));
#13692=CARTESIAN_POINT('',(-78.725,35.075,0.));
#13693=CARTESIAN_POINT('Origin',(-79.225,35.075,0.));
#13694=CARTESIAN_POINT('',(-78.725,22.075,0.));
#13695=CARTESIAN_POINT('',(-78.725,35.075,0.));
#13696=CARTESIAN_POINT('',(-79.225,21.575,0.));
#13697=CARTESIAN_POINT('Origin',(-79.225,22.075,0.));
#13698=CARTESIAN_POINT('',(-92.225,21.575,0.));
#13699=CARTESIAN_POINT('',(-92.225,21.575,0.));
#13700=CARTESIAN_POINT('',(-92.725,22.075,0.));
#13701=CARTESIAN_POINT('Origin',(-92.225,22.075,0.));
#13702=CARTESIAN_POINT('',(-92.725,32.9863566831698,0.));
#13703=CARTESIAN_POINT('',(-92.725,35.075,0.));
#13704=CARTESIAN_POINT('',(-93.4090913375984,33.4512334188979,0.));
#13705=CARTESIAN_POINT('Origin',(-93.225,32.9863566831698,0.));
#13706=CARTESIAN_POINT('',(-97.0909095194166,33.4512300251247,0.));
#13707=CARTESIAN_POINT('Origin',(-95.2500047135828,38.100000776179,0.));
#13708=CARTESIAN_POINT('',(-97.775,32.9863529500192,0.));
#13709=CARTESIAN_POINT('Origin',(-97.275,32.9863529500192,0.));
#13710=CARTESIAN_POINT('',(-97.775,22.075,0.));
#13711=CARTESIAN_POINT('',(-97.775,35.075,0.));
#13712=CARTESIAN_POINT('',(-98.275,21.575,0.));
#13713=CARTESIAN_POINT('Origin',(-98.275,22.075,0.));
#13714=CARTESIAN_POINT('',(-111.275,21.575,0.));
#13715=CARTESIAN_POINT('',(-111.275,21.575,0.));
#13716=CARTESIAN_POINT('',(-111.775,22.075,0.));
#13717=CARTESIAN_POINT('Origin',(-111.275,22.075,0.));
#13718=CARTESIAN_POINT('',(-111.775,35.075,0.));
#13719=CARTESIAN_POINT('',(-111.775,35.075,0.));
#13720=CARTESIAN_POINT('',(-111.275,35.575,0.));
#13721=CARTESIAN_POINT('Origin',(-111.275,35.075,0.));
#13722=CARTESIAN_POINT('',(-100.363650365803,35.575,0.));
#13723=CARTESIAN_POINT('',(-111.275,35.575,0.));
#13724=CARTESIAN_POINT('',(-99.8987734883288,36.2590909796526,0.));
#13725=CARTESIAN_POINT('Origin',(-100.363650365803,36.075,0.));
#13726=CARTESIAN_POINT('',(-100.229300672382,37.6454551187555,0.));
#13727=CARTESIAN_POINT('Origin',(-95.2500047135828,38.100000776179,0.));
#13728=CARTESIAN_POINT('',(-100.727230288634,38.1000005530132,0.));
#13729=CARTESIAN_POINT('Origin',(-100.727230268262,37.6000005530132,0.));
#13730=CARTESIAN_POINT('',(-111.8,38.1000001018608,0.));
#13731=CARTESIAN_POINT('',(-114.3,38.1,0.));
#13732=CARTESIAN_POINT('',(-114.299999898139,35.6,0.));
#13733=CARTESIAN_POINT('Origin',(-111.799999898139,35.6000001018608,0.));
#13734=CARTESIAN_POINT('',(-114.299996997144,-35.6000013505584,0.));
#13735=CARTESIAN_POINT('',(-114.299996895283,-38.1000013505584,0.));
#13736=CARTESIAN_POINT('',(-111.799996895283,-38.1000012486976,0.));
#13737=CARTESIAN_POINT('Origin',(-111.799996997144,-35.6000012486976,0.));
#13738=CARTESIAN_POINT('',(-98.3459755750517,-38.1000007005228,0.));
#13739=CARTESIAN_POINT('',(-114.299996895283,-38.1000013505584,0.));
#13740=CARTESIAN_POINT('',(-97.8480459958398,-37.6454552256895,0.));
#13741=CARTESIAN_POINT('Origin',(-98.3459755954238,-37.6000007005228,0.));
#13742=CARTESIAN_POINT('',(-97.5175188823218,-36.259090952487,0.));
#13743=CARTESIAN_POINT('Origin',(-92.86875,-38.100000477357,0.));
#13744=CARTESIAN_POINT('',(-97.9823957705539,-35.575,0.));
#13745=CARTESIAN_POINT('Origin',(-97.9823957705539,-36.075,0.));
#13746=CARTESIAN_POINT('',(-108.89375,-35.575,0.));
#13747=CARTESIAN_POINT('',(-108.89375,-35.575,0.));
#13748=CARTESIAN_POINT('',(-109.39375,-35.075,0.));
#13749=CARTESIAN_POINT('Origin',(-108.89375,-35.075,0.));
#13750=CARTESIAN_POINT('',(-109.39375,-22.075,0.));
#13751=CARTESIAN_POINT('',(-109.39375,-22.075,0.));
#13752=CARTESIAN_POINT('',(-108.89375,-21.575,0.));
#13753=CARTESIAN_POINT('Origin',(-108.89375,-22.075,0.));
#13754=CARTESIAN_POINT('',(-95.89375,-21.575,0.));
#13755=CARTESIAN_POINT('',(-108.89375,-21.575,0.));
#13756=CARTESIAN_POINT('',(-95.39375,-22.075,0.));
#13757=CARTESIAN_POINT('Origin',(-95.89375,-22.075,0.));
#13758=CARTESIAN_POINT('',(-95.39375,-32.98635451777,0.));
#13759=CARTESIAN_POINT('',(-95.39375,-22.075,0.));
#13760=CARTESIAN_POINT('',(-94.7096590909091,-33.451231423187,0.));
#13761=CARTESIAN_POINT('Origin',(-94.89375,-32.98635451777,0.));
#13762=CARTESIAN_POINT('',(-87.8894540412005,-37.6454548199335,0.));
#13763=CARTESIAN_POINT('Origin',(-92.86875,-38.100000477357,0.));
#13764=CARTESIAN_POINT('',(-87.3915244249484,-38.1000002541912,0.));
#13765=CARTESIAN_POINT('Origin',(-87.3915244453205,-37.6000002541912,0.));
#13766=CARTESIAN_POINT('',(-79.700000122233,-38.0999999408053,0.));
#13767=CARTESIAN_POINT('',(-114.299996895283,-38.1000013505584,0.));
#13768=CARTESIAN_POINT('',(-79.2000001018608,-38.5999999204331,0.));
#13769=CARTESIAN_POINT('Origin',(-79.7000001018608,-38.5999999408053,0.));
#13770=CARTESIAN_POINT('',(-79.1999999796278,-41.5999999204331,0.));
#13771=CARTESIAN_POINT('',(-79.200000122233,-38.0999999204331,0.));
#13772=CARTESIAN_POINT('',(-76.6999998777671,-44.0999998185724,0.));
#13773=CARTESIAN_POINT('Origin',(-76.6999999796278,-41.5999998185724,0.));
#13774=CARTESIAN_POINT('',(-56.6999998777671,-44.0999990036861,0.));
#13775=CARTESIAN_POINT('',(-79.1999998777671,-44.0999999204331,0.));
#13776=CARTESIAN_POINT('',(-56.7000000814887,-39.0999990036861,0.));
#13777=CARTESIAN_POINT('Origin',(-56.6999999796279,-41.5999990036861,0.));
#13778=CARTESIAN_POINT('',(-73.2000000814887,-39.0999996759672,0.));
#13779=CARTESIAN_POINT('',(-54.2000000814887,-39.0999989018253,0.));
#13780=CARTESIAN_POINT('',(-73.200000122233,-38.0999996759673,0.));
#13781=CARTESIAN_POINT('Origin',(-73.2000001018608,-38.5999996759673,0.));
#13782=CARTESIAN_POINT('',(-5.47722247033491,-38.0999969166492,0.));
#13783=CARTESIAN_POINT('',(-114.299996895283,-38.1000013505584,0.));
#13784=CARTESIAN_POINT('',(-4.97929289112308,-37.645451441816,0.));
#13785=CARTESIAN_POINT('Origin',(-5.47722249070707,-37.5999969166492,0.));
#13786=CARTESIAN_POINT('',(4.9792990635163,-37.64545103606,0.));
#13787=CARTESIAN_POINT('Origin',(3.10471675035728E-6,-38.0999966934834,
0.));
#13788=CARTESIAN_POINT('',(5.47722867976843,-38.0999964703176,0.));
#13789=CARTESIAN_POINT('Origin',(5.47722865939626,-37.5999964703176,0.));
#13790=CARTESIAN_POINT('',(73.1999998777669,-38.0999937109998,0.));
#13791=CARTESIAN_POINT('',(-114.299996895283,-38.1000013505584,0.));
#13792=CARTESIAN_POINT('',(73.1999999185111,-39.0999937109998,0.));
#13793=CARTESIAN_POINT('Origin',(73.199999898139,-38.5999937109998,0.));
#13794=CARTESIAN_POINT('',(56.6999999185112,-39.099994383281,0.));
#13795=CARTESIAN_POINT('',(54.1999999185112,-39.0999944851418,0.));
#13796=CARTESIAN_POINT('',(56.7000001222327,-44.099994383281,0.));
#13797=CARTESIAN_POINT('Origin',(56.700000020372,-41.599994383281,0.));
#13798=CARTESIAN_POINT('',(76.7000001222327,-44.0999935683948,0.));
#13799=CARTESIAN_POINT('',(79.2000001222327,-44.099993466534,0.));
#13800=CARTESIAN_POINT('',(79.2000000203719,-41.599993466534,0.));
#13801=CARTESIAN_POINT('Origin',(76.7000000203719,-41.5999935683947,0.));
#13802=CARTESIAN_POINT('',(79.199999898139,-38.599993466534,0.));
#13803=CARTESIAN_POINT('',(79.1999998777668,-38.099993466534,0.));
#13804=CARTESIAN_POINT('',(79.6999998777669,-38.0999934461618,0.));
#13805=CARTESIAN_POINT('Origin',(79.699999898139,-38.5999934461618,0.));
#13806=CARTESIAN_POINT('',(89.7727791781574,-38.0999930357533,0.));
#13807=CARTESIAN_POINT('',(-114.299996895283,-38.1000013505584,0.));
#13808=CARTESIAN_POINT('',(90.2707087573691,-37.6454475609201,0.));
#13809=CARTESIAN_POINT('Origin',(89.7727791577852,-37.5999930357533,0.));
#13810=CARTESIAN_POINT('',(90.6012331115807,-36.2590902556898,0.));
#13811=CARTESIAN_POINT('Origin',(95.250004753209,-38.0999928125875,0.));
#13812=CARTESIAN_POINT('',(90.1363559474179,-35.575,0.));
#13813=CARTESIAN_POINT('Origin',(90.1363559474179,-36.075,0.));
#13814=CARTESIAN_POINT('',(79.225,-35.575,0.));
#13815=CARTESIAN_POINT('',(79.225,-35.575,0.));
#13816=CARTESIAN_POINT('',(78.725,-35.075,0.));
#13817=CARTESIAN_POINT('Origin',(79.225,-35.075,0.));
#13818=CARTESIAN_POINT('',(78.725,-22.075,0.));
#13819=CARTESIAN_POINT('',(78.725,-22.075,0.));
#13820=CARTESIAN_POINT('',(79.225,-21.575,0.));
#13821=CARTESIAN_POINT('Origin',(79.225,-22.075,0.));
#13822=CARTESIAN_POINT('',(92.225,-21.575,0.));
#13823=CARTESIAN_POINT('',(79.225,-21.575,0.));
#13824=CARTESIAN_POINT('',(92.725,-22.075,0.));
#13825=CARTESIAN_POINT('Origin',(92.225,-22.075,0.));
#13826=CARTESIAN_POINT('',(92.725,-32.9863487352704,0.));
#13827=CARTESIAN_POINT('',(92.725,-22.075,0.));
#13828=CARTESIAN_POINT('',(93.4090913412008,-33.4512254695719,0.));
#13829=CARTESIAN_POINT('Origin',(93.225,-32.9863487352704,0.));
#13830=CARTESIAN_POINT('',(97.090909523019,-33.4512220472679,0.));
#13831=CARTESIAN_POINT('Origin',(95.250004753209,-38.0999928125875,0.));
#13832=CARTESIAN_POINT('',(97.775,-32.9863449707359,0.));
#13833=CARTESIAN_POINT('Origin',(97.275,-32.9863449707359,0.));
#13834=CARTESIAN_POINT('',(97.775,-22.075,0.));
#13835=CARTESIAN_POINT('',(97.775,-22.075,0.));
#13836=CARTESIAN_POINT('',(98.275,-21.575,0.));
#13837=CARTESIAN_POINT('Origin',(98.275,-22.075,0.));
#13838=CARTESIAN_POINT('',(111.275,-21.575,0.));
#13839=CARTESIAN_POINT('',(98.275,-21.575,0.));
#13840=CARTESIAN_POINT('',(111.775,-22.075,0.));
#13841=CARTESIAN_POINT('Origin',(111.275,-22.075,0.));
#13842=CARTESIAN_POINT('',(111.775,-35.075,0.));
#13843=CARTESIAN_POINT('',(111.775,-22.075,0.));
#13844=CARTESIAN_POINT('',(111.275,-35.575,0.));
#13845=CARTESIAN_POINT('Origin',(111.275,-35.075,0.));
#13846=CARTESIAN_POINT('',(100.363653559,-35.575,0.));
#13847=CARTESIAN_POINT('',(98.275,-35.575,0.));
#13848=CARTESIAN_POINT('',(99.8987763948372,-36.2590902556898,0.));
#13849=CARTESIAN_POINT('Origin',(100.363653559,-36.075,0.));
#13850=CARTESIAN_POINT('',(100.229300712009,-37.6454471551641,0.));
#13851=CARTESIAN_POINT('Origin',(95.250004753209,-38.0999928125875,0.));
#13852=CARTESIAN_POINT('',(100.727230328261,-38.0999925894218,0.));
#13853=CARTESIAN_POINT('Origin',(100.727230307888,-37.5999925894218,0.));
#13854=CARTESIAN_POINT('',(111.800003104717,-38.0999921382692,0.));
#13855=CARTESIAN_POINT('',(-114.299996895283,-38.1000013505584,0.));
#13856=CARTESIAN_POINT('',(114.300003002856,-35.5999920364085,0.));
#13857=CARTESIAN_POINT('Origin',(111.800003002856,-35.5999921382693,0.));
#13858=CARTESIAN_POINT('',(114.300000101861,35.60000931415,0.));
#13859=CARTESIAN_POINT('',(114.300003104717,-38.0999920364085,0.));
#13860=CARTESIAN_POINT('',(111.8,38.1000092122892,0.));
#13861=CARTESIAN_POINT('Origin',(111.800000101861,35.6000092122892,0.));
#13862=CARTESIAN_POINT('',(100.727223220401,38.1000087611365,0.));
#13863=CARTESIAN_POINT('',(-114.3,38.1,0.));
#13864=CARTESIAN_POINT('',(100.229293641189,37.6454632863032,0.));
#13865=CARTESIAN_POINT('Origin',(100.727223240773,37.6000087611365,0.));
#13866=CARTESIAN_POINT('',(99.8987636258481,36.2590916852701,0.));
#13867=CARTESIAN_POINT('Origin',(95.2499976453493,38.1000085379707,0.));
#13868=CARTESIAN_POINT('',(100.363640223898,35.575,0.));
#13869=CARTESIAN_POINT('Origin',(100.363640223898,36.075,0.));
#13870=CARTESIAN_POINT('',(111.275,35.575,0.));
#13871=CARTESIAN_POINT('',(98.275,35.575,0.));
#13872=CARTESIAN_POINT('',(111.775,35.075,0.));
#13873=CARTESIAN_POINT('Origin',(111.275,35.075,0.));
#13874=CARTESIAN_POINT('',(111.775,22.075,0.));
#13875=CARTESIAN_POINT('',(111.775,35.075,0.));
#13876=CARTESIAN_POINT('',(111.275,21.575,0.));
#13877=CARTESIAN_POINT('Origin',(111.275,22.075,0.));
#13878=CARTESIAN_POINT('',(98.275,21.575,0.));
#13879=CARTESIAN_POINT('',(98.275,21.575,0.));
#13880=CARTESIAN_POINT('',(97.775,22.075,0.));
#13881=CARTESIAN_POINT('Origin',(98.275,22.075,0.));
#13882=CARTESIAN_POINT('',(97.775,32.9863635108243,0.));
#13883=CARTESIAN_POINT('',(97.775,35.075,0.));
#13884=CARTESIAN_POINT('',(97.0909088768499,33.451240331474,0.));
#13885=CARTESIAN_POINT('Origin',(97.275,32.9863635108243,0.));
#13886=CARTESIAN_POINT('',(93.4090906950318,33.4512386361286,0.));
#13887=CARTESIAN_POINT('Origin',(95.2499976453493,38.1000085379707,0.));
#13888=CARTESIAN_POINT('',(92.725,32.9863616459444,0.));
#13889=CARTESIAN_POINT('Origin',(93.225,32.9863616459444,0.));
#13890=CARTESIAN_POINT('',(92.7250000000001,22.075,0.));
#13891=CARTESIAN_POINT('',(92.725,35.075,0.));
#13892=CARTESIAN_POINT('',(92.225,21.575,0.));
#13893=CARTESIAN_POINT('Origin',(92.225,22.075,0.));
#13894=CARTESIAN_POINT('',(79.225,21.575,0.));
#13895=CARTESIAN_POINT('',(79.225,21.575,0.));
#13896=CARTESIAN_POINT('',(78.725,22.075,0.));
#13897=CARTESIAN_POINT('Origin',(79.225,22.075,0.));
#13898=CARTESIAN_POINT('',(78.725,35.075,0.));
#13899=CARTESIAN_POINT('',(78.725,35.075,0.));
#13900=CARTESIAN_POINT('',(79.225,35.575,0.));
#13901=CARTESIAN_POINT('Origin',(79.225,35.075,0.));
#13902=CARTESIAN_POINT('',(90.1363550668006,35.575,0.));
#13903=CARTESIAN_POINT('',(79.225,35.575,0.));
#13904=CARTESIAN_POINT('',(90.6012316648505,36.2590916852701,0.));
#13905=CARTESIAN_POINT('Origin',(90.1363550668006,36.075,0.));
#13906=CARTESIAN_POINT('',(90.2707016865497,37.6454628805472,0.));
#13907=CARTESIAN_POINT('Origin',(95.2499976453493,38.1000085379707,0.));
#13908=CARTESIAN_POINT('',(89.7727720702977,38.1000083148049,0.));
#13909=CARTESIAN_POINT('Origin',(89.7727720906698,37.6000083148049,0.));
#13910=CARTESIAN_POINT('',(79.7000001201495,38.1000079043967,0.));
#13911=CARTESIAN_POINT('',(-114.3,38.1,0.));
#13912=CARTESIAN_POINT('',(79.2000000997773,38.6000078819414,0.));
#13913=CARTESIAN_POINT('Origin',(79.7000000997773,38.6000079043967,0.));
#13914=CARTESIAN_POINT('',(79.1999999650451,41.6000078944407,0.));
#13915=CARTESIAN_POINT('',(79.2000001222327,38.1000078840246,0.));
#13916=CARTESIAN_POINT('',(76.6999998631843,44.1000077821638,0.));
#13917=CARTESIAN_POINT('Origin',(76.6999999650451,41.6000077821638,0.));
#13918=CARTESIAN_POINT('',(56.6999998527682,44.1000069672775,0.));
#13919=CARTESIAN_POINT('',(79.1999998527682,44.1000078840246,0.));
#13920=CARTESIAN_POINT('',(56.7000000564898,39.1000069672774,0.));
#13921=CARTESIAN_POINT('Origin',(56.699999954629,41.6000069672774,0.));
#13922=CARTESIAN_POINT('',(73.2000000564898,39.1000076395585,0.));
#13923=CARTESIAN_POINT('',(54.2000000564898,39.1000068654166,0.));
#13924=CARTESIAN_POINT('',(73.2000000972341,38.1000076395587,0.));
#13925=CARTESIAN_POINT('Origin',(73.200000076862,38.6000076395587,0.));
#13926=CARTESIAN_POINT('',(-114.3,38.1,0.));
#13927=CARTESIAN_POINT('',(-97.1000045241322,19.0500009048264,0.));
#13928=CARTESIAN_POINT('Origin',(-95.2500045241322,19.0500009048264,0.));
#13929=CARTESIAN_POINT('',(93.4000045241322,-19.0500009048264,0.));
#13930=CARTESIAN_POINT('Origin',(95.2500045241322,-19.0500009048264,0.));
#13931=CARTESIAN_POINT('',(59.675,-22.075,0.));
#13932=CARTESIAN_POINT('',(60.175,-21.575,0.));
#13933=CARTESIAN_POINT('Origin',(60.175,-22.075,0.));
#13934=CARTESIAN_POINT('',(73.175,-21.575,0.));
#13935=CARTESIAN_POINT('',(60.175,-21.575,0.));
#13936=CARTESIAN_POINT('',(73.675,-22.075,0.));
#13937=CARTESIAN_POINT('Origin',(73.175,-22.075,0.));
#13938=CARTESIAN_POINT('',(73.675,-35.075,0.));
#13939=CARTESIAN_POINT('',(73.675,-22.075,0.));
#13940=CARTESIAN_POINT('',(73.175,-35.575,0.));
#13941=CARTESIAN_POINT('Origin',(73.175,-35.075,0.));
#13942=CARTESIAN_POINT('',(60.175,-35.575,0.));
#13943=CARTESIAN_POINT('',(60.175,-35.575,0.));
#13944=CARTESIAN_POINT('',(59.675,-35.075,0.));
#13945=CARTESIAN_POINT('Origin',(60.175,-35.075,0.));
#13946=CARTESIAN_POINT('',(59.675,-22.075,0.));
#13947=CARTESIAN_POINT('',(90.63125,16.025,0.));
#13948=CARTESIAN_POINT('',(91.13125,16.525,0.));
#13949=CARTESIAN_POINT('Origin',(91.13125,16.025,0.));
#13950=CARTESIAN_POINT('',(104.13125,16.525,0.));
#13951=CARTESIAN_POINT('',(91.13125,16.525,0.));
#13952=CARTESIAN_POINT('',(104.63125,16.025,0.));
#13953=CARTESIAN_POINT('Origin',(104.13125,16.025,0.));
#13954=CARTESIAN_POINT('',(104.63125,3.025,0.));
#13955=CARTESIAN_POINT('',(104.63125,16.025,0.));
#13956=CARTESIAN_POINT('',(104.13125,2.525,0.));
#13957=CARTESIAN_POINT('Origin',(104.13125,3.025,0.));
#13958=CARTESIAN_POINT('',(91.13125,2.525,0.));
#13959=CARTESIAN_POINT('',(91.13125,2.525,0.));
#13960=CARTESIAN_POINT('',(90.63125,3.025,0.));
#13961=CARTESIAN_POINT('Origin',(91.13125,3.025,0.));
#13962=CARTESIAN_POINT('',(90.63125,16.025,0.));
#13963=CARTESIAN_POINT('',(6.49325000000001,-37.575,0.));
#13964=CARTESIAN_POINT('',(5.99325,-37.075,0.));
#13965=CARTESIAN_POINT('Origin',(6.49325000000001,-37.075,0.));
#13966=CARTESIAN_POINT('',(5.99325000000001,-20.075,0.));
#13967=CARTESIAN_POINT('',(5.99325,-37.075,0.));
#13968=CARTESIAN_POINT('',(6.49325000000001,-19.575,0.));
#13969=CARTESIAN_POINT('Origin',(6.49325000000001,-20.075,0.));
#13970=CARTESIAN_POINT('',(12.49325,-19.575,0.));
#13971=CARTESIAN_POINT('',(12.49325,-19.575,0.));
#13972=CARTESIAN_POINT('',(12.99325,-20.075,0.));
#13973=CARTESIAN_POINT('Origin',(12.49325,-20.075,0.));
#13974=CARTESIAN_POINT('',(12.99325,-37.075,0.));
#13975=CARTESIAN_POINT('',(12.99325,-37.075,0.));
#13976=CARTESIAN_POINT('',(12.49325,-37.575,0.));
#13977=CARTESIAN_POINT('Origin',(12.49325,-37.075,0.));
#13978=CARTESIAN_POINT('',(6.49325000000001,-37.575,0.));
#13979=CARTESIAN_POINT('',(-77.7,41.1,0.));
#13980=CARTESIAN_POINT('Origin',(-76.2,41.1,0.));
#13981=CARTESIAN_POINT('',(16.8125,-3.02499999999999,0.));
#13982=CARTESIAN_POINT('',(17.3125,-2.525,0.));
#13983=CARTESIAN_POINT('Origin',(17.3125,-3.02499999999999,0.));
#13984=CARTESIAN_POINT('',(30.3125,-2.52499999999999,0.));
#13985=CARTESIAN_POINT('',(17.3125,-2.525,0.));
#13986=CARTESIAN_POINT('',(30.8125,-3.02499999999999,0.));
#13987=CARTESIAN_POINT('Origin',(30.3125,-3.02499999999999,0.));
#13988=CARTESIAN_POINT('',(30.8125,-16.025,0.));
#13989=CARTESIAN_POINT('',(30.8125,-3.02499999999999,0.));
#13990=CARTESIAN_POINT('',(30.3125,-16.525,0.));
#13991=CARTESIAN_POINT('Origin',(30.3125,-16.025,0.));
#13992=CARTESIAN_POINT('',(17.3125,-16.525,0.));
#13993=CARTESIAN_POINT('',(17.3125,-16.525,0.));
#13994=CARTESIAN_POINT('',(16.8125,-16.025,0.));
#13995=CARTESIAN_POINT('Origin',(17.3125,-16.025,0.));
#13996=CARTESIAN_POINT('',(16.8125,-3.02499999999999,0.));
#13997=CARTESIAN_POINT('',(40.625,35.075,0.));
#13998=CARTESIAN_POINT('',(41.125,35.575,0.));
#13999=CARTESIAN_POINT('Origin',(41.125,35.075,0.));
#14000=CARTESIAN_POINT('',(54.125,35.575,0.));
#14001=CARTESIAN_POINT('',(41.125,35.575,0.));
#14002=CARTESIAN_POINT('',(54.625,35.075,0.));
#14003=CARTESIAN_POINT('Origin',(54.125,35.075,0.));
#14004=CARTESIAN_POINT('',(54.625,22.075,0.));
#14005=CARTESIAN_POINT('',(54.625,35.075,0.));
#14006=CARTESIAN_POINT('',(54.125,21.575,0.));
#14007=CARTESIAN_POINT('Origin',(54.125,22.075,0.));
#14008=CARTESIAN_POINT('',(41.125,21.575,0.));
#14009=CARTESIAN_POINT('',(41.125,21.575,0.));
#14010=CARTESIAN_POINT('',(40.625,22.075,0.));
#14011=CARTESIAN_POINT('Origin',(41.125,22.075,0.));
#14012=CARTESIAN_POINT('',(40.625,35.075,0.));
#14013=CARTESIAN_POINT('',(59.675,35.075,0.));
#14014=CARTESIAN_POINT('',(60.175,35.575,0.));
#14015=CARTESIAN_POINT('Origin',(60.175,35.075,0.));
#14016=CARTESIAN_POINT('',(73.175,35.575,0.));
#14017=CARTESIAN_POINT('',(60.175,35.575,0.));
#14018=CARTESIAN_POINT('',(73.675,35.075,0.));
#14019=CARTESIAN_POINT('Origin',(73.175,35.075,0.));
#14020=CARTESIAN_POINT('',(73.675,22.075,0.));
#14021=CARTESIAN_POINT('',(73.675,35.075,0.));
#14022=CARTESIAN_POINT('',(73.175,21.575,0.));
#14023=CARTESIAN_POINT('Origin',(73.175,22.075,0.));
#14024=CARTESIAN_POINT('',(60.175,21.575,0.));
#14025=CARTESIAN_POINT('',(60.175,21.575,0.));
#14026=CARTESIAN_POINT('',(59.675,22.075,0.));
#14027=CARTESIAN_POINT('Origin',(60.175,22.075,0.));
#14028=CARTESIAN_POINT('',(59.675,35.075,0.));
#14029=CARTESIAN_POINT('',(-87.9625,-22.075,0.));
#14030=CARTESIAN_POINT('',(-87.4625,-21.575,0.));
#14031=CARTESIAN_POINT('Origin',(-87.4625,-22.075,0.));
#14032=CARTESIAN_POINT('',(-74.4625,-21.575,0.));
#14033=CARTESIAN_POINT('',(-87.4625,-21.575,0.));
#14034=CARTESIAN_POINT('',(-73.9625,-22.075,0.));
#14035=CARTESIAN_POINT('Origin',(-74.4625,-22.075,0.));
#14036=CARTESIAN_POINT('',(-73.9625,-35.075,0.));
#14037=CARTESIAN_POINT('',(-73.9625,-22.075,0.));
#14038=CARTESIAN_POINT('',(-74.4625,-35.575,0.));
#14039=CARTESIAN_POINT('Origin',(-74.4625,-35.075,0.));
#14040=CARTESIAN_POINT('',(-87.4625,-35.575,0.));
#14041=CARTESIAN_POINT('',(-87.4625,-35.575,0.));
#14042=CARTESIAN_POINT('',(-87.9625,-35.075,0.));
#14043=CARTESIAN_POINT('Origin',(-87.4625,-35.075,0.));
#14044=CARTESIAN_POINT('',(-87.9625,-22.075,0.));
#14045=CARTESIAN_POINT('',(50.3875,-25.40127,0.));
#14046=CARTESIAN_POINT('Origin',(52.3875,-25.40127,0.));
#14047=CARTESIAN_POINT('',(-68.9125,16.025,0.));
#14048=CARTESIAN_POINT('',(-68.4125,16.525,0.));
#14049=CARTESIAN_POINT('Origin',(-68.4125,16.025,0.));
#14050=CARTESIAN_POINT('',(-55.4125,16.525,0.));
#14051=CARTESIAN_POINT('',(-68.4125,16.525,0.));
#14052=CARTESIAN_POINT('',(-54.9125,16.025,0.));
#14053=CARTESIAN_POINT('Origin',(-55.4125,16.025,0.));
#14054=CARTESIAN_POINT('',(-54.9125,3.025,0.));
#14055=CARTESIAN_POINT('',(-54.9125,16.025,0.));
#14056=CARTESIAN_POINT('',(-55.4125,2.525,0.));
#14057=CARTESIAN_POINT('Origin',(-55.4125,3.025,0.));
#14058=CARTESIAN_POINT('',(-68.4125,2.525,0.));
#14059=CARTESIAN_POINT('',(-68.4125,2.525,0.));
#14060=CARTESIAN_POINT('',(-68.9125,3.025,0.));
#14061=CARTESIAN_POINT('Origin',(-68.4125,3.025,0.));
#14062=CARTESIAN_POINT('',(-68.9125,16.025,0.));
#14063=CARTESIAN_POINT('',(78.725,-3.02499999999999,0.));
#14064=CARTESIAN_POINT('',(79.225,-2.525,0.));
#14065=CARTESIAN_POINT('Origin',(79.225,-3.02499999999999,0.));
#14066=CARTESIAN_POINT('',(92.225,-2.52500000000002,0.));
#14067=CARTESIAN_POINT('',(79.225,-2.525,0.));
#14068=CARTESIAN_POINT('',(92.725,-3.02499999999999,0.));
#14069=CARTESIAN_POINT('Origin',(92.225,-3.02499999999999,0.));
#14070=CARTESIAN_POINT('',(92.7250000000001,-16.025,0.));
#14071=CARTESIAN_POINT('',(92.725,-3.02499999999999,0.));
#14072=CARTESIAN_POINT('',(92.225,-16.525,0.));
#14073=CARTESIAN_POINT('Origin',(92.225,-16.025,0.));
#14074=CARTESIAN_POINT('',(79.225,-16.525,0.));
#14075=CARTESIAN_POINT('',(79.225,-16.525,0.));
#14076=CARTESIAN_POINT('',(78.725,-16.025,0.));
#14077=CARTESIAN_POINT('Origin',(79.225,-16.025,0.));
#14078=CARTESIAN_POINT('',(78.725,-3.02499999999999,0.));
#14079=CARTESIAN_POINT('',(-41.13175,-37.575,0.));
#14080=CARTESIAN_POINT('',(-41.63175,-37.075,0.));
#14081=CARTESIAN_POINT('Origin',(-41.13175,-37.075,0.));
#14082=CARTESIAN_POINT('',(-41.6317499999999,-20.0750003539842,0.));
#14083=CARTESIAN_POINT('',(-41.63175,-37.075,0.));
#14084=CARTESIAN_POINT('',(-41.13175,-19.575,0.));
#14085=CARTESIAN_POINT('Origin',(-41.13175,-20.075,0.));
#14086=CARTESIAN_POINT('',(-35.13175,-19.575,0.));
#14087=CARTESIAN_POINT('',(-35.13175,-19.575,0.));
#14088=CARTESIAN_POINT('',(-34.63175,-20.075,0.));
#14089=CARTESIAN_POINT('Origin',(-35.13175,-20.075,0.));
#14090=CARTESIAN_POINT('',(-34.63175,-37.075,0.));
#14091=CARTESIAN_POINT('',(-34.63175,-37.075,0.));
#14092=CARTESIAN_POINT('',(-35.13175,-37.575,0.));
#14093=CARTESIAN_POINT('Origin',(-35.13175,-37.075,0.));
#14094=CARTESIAN_POINT('',(-41.13175,-37.575,0.));
#14095=CARTESIAN_POINT('',(-54.625,35.075,0.));
#14096=CARTESIAN_POINT('',(-54.125,35.575,0.));
#14097=CARTESIAN_POINT('Origin',(-54.125,35.075,0.));
#14098=CARTESIAN_POINT('',(-41.125,35.575,0.));
#14099=CARTESIAN_POINT('',(-54.125,35.575,0.));
#14100=CARTESIAN_POINT('',(-40.625,35.075,0.));
#14101=CARTESIAN_POINT('Origin',(-41.125,35.075,0.));
#14102=CARTESIAN_POINT('',(-40.625,22.075,0.));
#14103=CARTESIAN_POINT('',(-40.625,35.075,0.));
#14104=CARTESIAN_POINT('',(-41.125,21.575,0.));
#14105=CARTESIAN_POINT('Origin',(-41.125,22.075,0.));
#14106=CARTESIAN_POINT('',(-54.125,21.575,0.));
#14107=CARTESIAN_POINT('',(-54.125,21.575,0.));
#14108=CARTESIAN_POINT('',(-54.625,22.075,0.));
#14109=CARTESIAN_POINT('Origin',(-54.125,22.075,0.));
#14110=CARTESIAN_POINT('',(-54.625,35.075,0.));
#14111=CARTESIAN_POINT('',(-2.23749999999998,-3.02499999999999,0.));
#14112=CARTESIAN_POINT('',(-1.73749999999998,-2.525,0.));
#14113=CARTESIAN_POINT('Origin',(-1.73749999999998,-3.02499999999999,0.));
#14114=CARTESIAN_POINT('',(11.2625,-2.52499999999999,0.));
#14115=CARTESIAN_POINT('',(-1.73749999999998,-2.525,0.));
#14116=CARTESIAN_POINT('',(11.7625,-3.02499999999999,0.));
#14117=CARTESIAN_POINT('Origin',(11.2625,-3.02499999999999,0.));
#14118=CARTESIAN_POINT('',(11.7625,-16.025,0.));
#14119=CARTESIAN_POINT('',(11.7625,-3.02499999999999,0.));
#14120=CARTESIAN_POINT('',(11.2625,-16.525,0.));
#14121=CARTESIAN_POINT('Origin',(11.2625,-16.025,0.));
#14122=CARTESIAN_POINT('',(-1.73749999999998,-16.525,0.));
#14123=CARTESIAN_POINT('',(-1.73749999999998,-16.525,0.));
#14124=CARTESIAN_POINT('',(-2.23749999999999,-16.025,0.));
#14125=CARTESIAN_POINT('Origin',(-1.73749999999998,-16.025,0.));
#14126=CARTESIAN_POINT('',(-2.23749999999999,-3.02499999999999,0.));
#14127=CARTESIAN_POINT('',(-66.53125,-22.075,0.));
#14128=CARTESIAN_POINT('',(-66.03125,-21.575,0.));
#14129=CARTESIAN_POINT('Origin',(-66.03125,-22.075,0.));
#14130=CARTESIAN_POINT('',(-53.03125,-21.575,0.));
#14131=CARTESIAN_POINT('',(-66.03125,-21.575,0.));
#14132=CARTESIAN_POINT('',(-52.53125,-22.075,0.));
#14133=CARTESIAN_POINT('Origin',(-53.03125,-22.075,0.));
#14134=CARTESIAN_POINT('',(-52.53125,-35.075,0.));
#14135=CARTESIAN_POINT('',(-52.53125,-22.075,0.));
#14136=CARTESIAN_POINT('',(-53.03125,-35.575,0.));
#14137=CARTESIAN_POINT('Origin',(-53.03125,-35.075,0.));
#14138=CARTESIAN_POINT('',(-66.03125,-35.575,0.));
#14139=CARTESIAN_POINT('',(-66.03125,-35.575,0.));
#14140=CARTESIAN_POINT('',(-66.53125,-35.075,0.));
#14141=CARTESIAN_POINT('Origin',(-66.03125,-35.075,0.));
#14142=CARTESIAN_POINT('',(-66.53125,-22.075,0.));
#14143=CARTESIAN_POINT('',(-33.19375,-22.075,0.));
#14144=CARTESIAN_POINT('',(-32.69375,-21.575,0.));
#14145=CARTESIAN_POINT('Origin',(-32.69375,-22.075,0.));
#14146=CARTESIAN_POINT('',(-19.69375,-21.575,0.));
#14147=CARTESIAN_POINT('',(-32.69375,-21.575,0.));
#14148=CARTESIAN_POINT('',(-19.19375,-22.075,0.));
#14149=CARTESIAN_POINT('Origin',(-19.69375,-22.075,0.));
#14150=CARTESIAN_POINT('',(-19.19375,-35.075,0.));
#14151=CARTESIAN_POINT('',(-19.19375,-22.075,0.));
#14152=CARTESIAN_POINT('',(-19.69375,-35.575,0.));
#14153=CARTESIAN_POINT('Origin',(-19.69375,-35.075,0.));
#14154=CARTESIAN_POINT('',(-32.69375,-35.575,0.));
#14155=CARTESIAN_POINT('',(-32.69375,-35.575,0.));
#14156=CARTESIAN_POINT('',(-33.19375,-35.075,0.));
#14157=CARTESIAN_POINT('Origin',(-32.69375,-35.075,0.));
#14158=CARTESIAN_POINT('',(-33.19375,-22.075,0.));
#14159=CARTESIAN_POINT('',(7.28750000000002,16.025,0.));
#14160=CARTESIAN_POINT('',(7.78750000000002,16.525,0.));
#14161=CARTESIAN_POINT('Origin',(7.78750000000002,16.025,0.));
#14162=CARTESIAN_POINT('',(20.7875,16.525,0.));
#14163=CARTESIAN_POINT('',(7.78750000000002,16.525,0.));
#14164=CARTESIAN_POINT('',(21.2875,16.025,0.));
#14165=CARTESIAN_POINT('Origin',(20.7875,16.025,0.));
#14166=CARTESIAN_POINT('',(21.2875,3.025,0.));
#14167=CARTESIAN_POINT('',(21.2875,16.025,0.));
#14168=CARTESIAN_POINT('',(20.7875,2.525,0.));
#14169=CARTESIAN_POINT('Origin',(20.7875,3.025,0.));
#14170=CARTESIAN_POINT('',(7.78750000000002,2.525,0.));
#14171=CARTESIAN_POINT('',(7.78750000000002,2.525,0.));
#14172=CARTESIAN_POINT('',(7.28750000000002,3.025,0.));
#14173=CARTESIAN_POINT('Origin',(7.78750000000002,3.025,0.));
#14174=CARTESIAN_POINT('',(7.28750000000002,16.025,0.));
#14175=CARTESIAN_POINT('',(-73.675,35.075,0.));
#14176=CARTESIAN_POINT('',(-73.175,35.575,0.));
#14177=CARTESIAN_POINT('Origin',(-73.175,35.075,0.));
#14178=CARTESIAN_POINT('',(-60.175,35.575,0.));
#14179=CARTESIAN_POINT('',(-73.175,35.575,0.));
#14180=CARTESIAN_POINT('',(-59.675,35.075,0.));
#14181=CARTESIAN_POINT('Origin',(-60.175,35.075,0.));
#14182=CARTESIAN_POINT('',(-59.675,22.075,0.));
#14183=CARTESIAN_POINT('',(-59.675,35.075,0.));
#14184=CARTESIAN_POINT('',(-60.175,21.575,0.));
#14185=CARTESIAN_POINT('Origin',(-60.175,22.075,0.));
#14186=CARTESIAN_POINT('',(-73.175,21.575,0.));
#14187=CARTESIAN_POINT('',(-73.175,21.575,0.));
#14188=CARTESIAN_POINT('',(-73.675,22.075,0.));
#14189=CARTESIAN_POINT('Origin',(-73.175,22.075,0.));
#14190=CARTESIAN_POINT('',(-73.675,35.075,0.));
#14191=CARTESIAN_POINT('',(-11.7625,16.025,0.));
#14192=CARTESIAN_POINT('',(-11.2625,16.525,0.));
#14193=CARTESIAN_POINT('Origin',(-11.2625,16.025,0.));
#14194=CARTESIAN_POINT('',(1.7375,16.525,0.));
#14195=CARTESIAN_POINT('',(-11.2625,16.525,0.));
#14196=CARTESIAN_POINT('',(2.23750000000001,16.025,0.));
#14197=CARTESIAN_POINT('Origin',(1.7375,16.025,0.));
#14198=CARTESIAN_POINT('',(2.2375,3.025,0.));
#14199=CARTESIAN_POINT('',(2.23750000000001,16.025,0.));
#14200=CARTESIAN_POINT('',(1.7375,2.525,0.));
#14201=CARTESIAN_POINT('Origin',(1.7375,3.025,0.));
#14202=CARTESIAN_POINT('',(-11.2625,2.525,0.));
#14203=CARTESIAN_POINT('',(-11.2625,2.525,0.));
#14204=CARTESIAN_POINT('',(-11.7625,3.025,0.));
#14205=CARTESIAN_POINT('Origin',(-11.2625,3.025,0.));
#14206=CARTESIAN_POINT('',(-11.7625,16.025,0.));
#14207=CARTESIAN_POINT('',(-77.7,-41.1,0.));
#14208=CARTESIAN_POINT('Origin',(-76.2,-41.1,0.));
#14209=CARTESIAN_POINT('',(-109.39375,16.025,0.));
#14210=CARTESIAN_POINT('',(-108.89375,16.525,0.));
#14211=CARTESIAN_POINT('Origin',(-108.89375,16.025,0.));
#14212=CARTESIAN_POINT('',(-95.89375,16.525,0.));
#14213=CARTESIAN_POINT('',(-108.89375,16.525,0.));
#14214=CARTESIAN_POINT('',(-95.39375,16.025,0.));
#14215=CARTESIAN_POINT('Origin',(-95.89375,16.025,0.));
#14216=CARTESIAN_POINT('',(-95.39375,3.025,0.));
#14217=CARTESIAN_POINT('',(-95.39375,16.025,0.));
#14218=CARTESIAN_POINT('',(-95.89375,2.525,0.));
#14219=CARTESIAN_POINT('Origin',(-95.89375,3.025,0.));
#14220=CARTESIAN_POINT('',(-108.89375,2.525,0.));
#14221=CARTESIAN_POINT('',(-108.89375,2.525,0.));
#14222=CARTESIAN_POINT('',(-109.39375,3.025,0.));
#14223=CARTESIAN_POINT('Origin',(-108.89375,3.025,0.));
#14224=CARTESIAN_POINT('',(-109.39375,16.025,0.));
#14225=CARTESIAN_POINT('',(-30.8125,16.025,0.));
#14226=CARTESIAN_POINT('',(-30.3125,16.525,0.));
#14227=CARTESIAN_POINT('Origin',(-30.3125,16.025,0.));
#14228=CARTESIAN_POINT('',(-17.3125,16.525,0.));
#14229=CARTESIAN_POINT('',(-30.3125,16.525,0.));
#14230=CARTESIAN_POINT('',(-16.8125,16.025,0.));
#14231=CARTESIAN_POINT('Origin',(-17.3125,16.025,0.));
#14232=CARTESIAN_POINT('',(-16.8125,3.025,0.));
#14233=CARTESIAN_POINT('',(-16.8125,16.025,0.));
#14234=CARTESIAN_POINT('',(-17.3125,2.525,0.));
#14235=CARTESIAN_POINT('Origin',(-17.3125,3.025,0.));
#14236=CARTESIAN_POINT('',(-30.3125,2.52500000000001,0.));
#14237=CARTESIAN_POINT('',(-30.3125,2.525,0.));
#14238=CARTESIAN_POINT('',(-30.8125,3.025,0.));
#14239=CARTESIAN_POINT('Origin',(-30.3125,3.025,0.));
#14240=CARTESIAN_POINT('',(-30.8125,16.025,0.));
#14241=CARTESIAN_POINT('',(26.3375,16.025,0.));
#14242=CARTESIAN_POINT('',(26.8375,16.525,0.));
#14243=CARTESIAN_POINT('Origin',(26.8375,16.025,0.));
#14244=CARTESIAN_POINT('',(39.8375,16.525,0.));
#14245=CARTESIAN_POINT('',(26.8375,16.525,0.));
#14246=CARTESIAN_POINT('',(40.3375,16.025,0.));
#14247=CARTESIAN_POINT('Origin',(39.8375,16.025,0.));
#14248=CARTESIAN_POINT('',(40.3375,3.025,0.));
#14249=CARTESIAN_POINT('',(40.3375,16.025,0.));
#14250=CARTESIAN_POINT('',(39.8375,2.525,0.));
#14251=CARTESIAN_POINT('Origin',(39.8375,3.025,0.));
#14252=CARTESIAN_POINT('',(26.8375,2.525,0.));
#14253=CARTESIAN_POINT('',(26.8375,2.525,0.));
#14254=CARTESIAN_POINT('',(26.3375,3.025,0.));
#14255=CARTESIAN_POINT('Origin',(26.8375,3.025,0.));
#14256=CARTESIAN_POINT('',(26.3375,16.025,0.));
#14257=CARTESIAN_POINT('',(45.3875,16.025,0.));
#14258=CARTESIAN_POINT('',(45.8875,16.525,0.));
#14259=CARTESIAN_POINT('Origin',(45.8875,16.025,0.));
#14260=CARTESIAN_POINT('',(58.8875,16.525,0.));
#14261=CARTESIAN_POINT('',(45.8875,16.525,0.));
#14262=CARTESIAN_POINT('',(59.3875,16.025,0.));
#14263=CARTESIAN_POINT('Origin',(58.8875,16.025,0.));
#14264=CARTESIAN_POINT('',(59.3875,3.025,0.));
#14265=CARTESIAN_POINT('',(59.3875,16.025,0.));
#14266=CARTESIAN_POINT('',(58.8875,2.525,0.));
#14267=CARTESIAN_POINT('Origin',(58.8875,3.025,0.));
#14268=CARTESIAN_POINT('',(45.8875,2.525,0.));
#14269=CARTESIAN_POINT('',(45.8875,2.525,0.));
#14270=CARTESIAN_POINT('',(45.3875,3.025,0.));
#14271=CARTESIAN_POINT('Origin',(45.8875,3.025,0.));
#14272=CARTESIAN_POINT('',(45.3875,16.025,0.));
#14273=CARTESIAN_POINT('',(57.29375,-3.02499999999999,0.));
#14274=CARTESIAN_POINT('',(57.79375,-2.525,0.));
#14275=CARTESIAN_POINT('Origin',(57.79375,-3.02499999999999,0.));
#14276=CARTESIAN_POINT('',(70.79375,-2.52500000000002,0.));
#14277=CARTESIAN_POINT('',(57.79375,-2.525,0.));
#14278=CARTESIAN_POINT('',(71.29375,-3.02499999999999,0.));
#14279=CARTESIAN_POINT('Origin',(70.79375,-3.02499999999999,0.));
#14280=CARTESIAN_POINT('',(71.29375,-16.025,0.));
#14281=CARTESIAN_POINT('',(71.29375,-3.02499999999999,0.));
#14282=CARTESIAN_POINT('',(70.79375,-16.525,0.));
#14283=CARTESIAN_POINT('Origin',(70.79375,-16.025,0.));
#14284=CARTESIAN_POINT('',(57.79375,-16.525,0.));
#14285=CARTESIAN_POINT('',(57.79375,-16.525,0.));
#14286=CARTESIAN_POINT('',(57.29375,-16.025,0.));
#14287=CARTESIAN_POINT('Origin',(57.79375,-16.025,0.));
#14288=CARTESIAN_POINT('',(57.29375,-3.02499999999999,0.));
#14289=CARTESIAN_POINT('',(35.8625,-3.02499999999999,0.));
#14290=CARTESIAN_POINT('',(36.3625,-2.525,0.));
#14291=CARTESIAN_POINT('Origin',(36.3625,-3.02499999999999,0.));
#14292=CARTESIAN_POINT('',(49.3625,-2.52499999999999,0.));
#14293=CARTESIAN_POINT('',(36.3625,-2.525,0.));
#14294=CARTESIAN_POINT('',(49.8625,-3.02499999999999,0.));
#14295=CARTESIAN_POINT('Origin',(49.3625,-3.02499999999999,0.));
#14296=CARTESIAN_POINT('',(49.8625,-16.025,0.));
#14297=CARTESIAN_POINT('',(49.8625,-3.02499999999999,0.));
#14298=CARTESIAN_POINT('',(49.3625,-16.525,0.));
#14299=CARTESIAN_POINT('Origin',(49.3625,-16.025,0.));
#14300=CARTESIAN_POINT('',(36.3625,-16.525,0.));
#14301=CARTESIAN_POINT('',(36.3625,-16.525,0.));
#14302=CARTESIAN_POINT('',(35.8625,-16.025,0.));
#14303=CARTESIAN_POINT('Origin',(36.3625,-16.025,0.));
#14304=CARTESIAN_POINT('',(35.8625,-3.02499999999999,0.));
#14305=CARTESIAN_POINT('',(97.775,-3.02499999999999,0.));
#14306=CARTESIAN_POINT('',(98.275,-2.525,0.));
#14307=CARTESIAN_POINT('Origin',(98.275,-3.02499999999999,0.));
#14308=CARTESIAN_POINT('',(111.275,-2.52499999999999,0.));
#14309=CARTESIAN_POINT('',(98.275,-2.525,0.));
#14310=CARTESIAN_POINT('',(111.775,-3.02499999999999,0.));
#14311=CARTESIAN_POINT('Origin',(111.275,-3.02499999999999,0.));
#14312=CARTESIAN_POINT('',(111.775,-16.025,0.));
#14313=CARTESIAN_POINT('',(111.775,-3.02499999999999,0.));
#14314=CARTESIAN_POINT('',(111.275,-16.525,0.));
#14315=CARTESIAN_POINT('Origin',(111.275,-16.025,0.));
#14316=CARTESIAN_POINT('',(98.275,-16.525,0.));
#14317=CARTESIAN_POINT('',(98.275,-16.525,0.));
#14318=CARTESIAN_POINT('',(97.775,-16.025,0.));
#14319=CARTESIAN_POINT('Origin',(98.275,-16.025,0.));
#14320=CARTESIAN_POINT('',(97.775,-3.02499999999999,0.));
#14321=CARTESIAN_POINT('',(74.7,-41.1,0.));
#14322=CARTESIAN_POINT('Origin',(76.2,-41.1,0.));
#14323=CARTESIAN_POINT('',(50.3875,-31.75254,0.));
#14324=CARTESIAN_POINT('Origin',(52.3875,-31.75254,0.));
#14325=CARTESIAN_POINT('',(30.36925,-37.575,0.));
#14326=CARTESIAN_POINT('',(29.86925,-37.075,0.));
#14327=CARTESIAN_POINT('Origin',(30.36925,-37.075,0.));
#14328=CARTESIAN_POINT('',(29.86925,-20.075,0.));
#14329=CARTESIAN_POINT('',(29.86925,-37.075,0.));
#14330=CARTESIAN_POINT('',(30.36925,-19.575,0.));
#14331=CARTESIAN_POINT('Origin',(30.36925,-20.075,0.));
#14332=CARTESIAN_POINT('',(36.36925,-19.575,0.));
#14333=CARTESIAN_POINT('',(36.36925,-19.575,0.));
#14334=CARTESIAN_POINT('',(36.86925,-20.075,0.));
#14335=CARTESIAN_POINT('Origin',(36.36925,-20.075,0.));
#14336=CARTESIAN_POINT('',(36.86925,-37.075,0.));
#14337=CARTESIAN_POINT('',(36.86925,-37.075,0.));
#14338=CARTESIAN_POINT('',(36.36925,-37.575,0.));
#14339=CARTESIAN_POINT('Origin',(36.36925,-37.075,0.));
#14340=CARTESIAN_POINT('',(30.36925,-37.575,0.));
#14341=CARTESIAN_POINT('',(-21.2875,-3.02499999999999,0.));
#14342=CARTESIAN_POINT('',(-20.7875,-2.525,0.));
#14343=CARTESIAN_POINT('Origin',(-20.7875,-3.02499999999999,0.));
#14344=CARTESIAN_POINT('',(-7.78749999999999,-2.52499999999999,0.));
#14345=CARTESIAN_POINT('',(-20.7875,-2.525,0.));
#14346=CARTESIAN_POINT('',(-7.28749999999998,-3.02499999999999,0.));
#14347=CARTESIAN_POINT('Origin',(-7.78749999999999,-3.02499999999999,0.));
#14348=CARTESIAN_POINT('',(-7.28749999999999,-16.025,0.));
#14349=CARTESIAN_POINT('',(-7.28749999999998,-3.02499999999999,0.));
#14350=CARTESIAN_POINT('',(-7.78749999999999,-16.525,0.));
#14351=CARTESIAN_POINT('Origin',(-7.78749999999999,-16.025,0.));
#14352=CARTESIAN_POINT('',(-20.7875,-16.525,0.));
#14353=CARTESIAN_POINT('',(-20.7875,-16.525,0.));
#14354=CARTESIAN_POINT('',(-21.2875,-16.025,0.));
#14355=CARTESIAN_POINT('Origin',(-20.7875,-16.025,0.));
#14356=CARTESIAN_POINT('',(-21.2875,-3.02499999999999,0.));
#14357=CARTESIAN_POINT('',(-87.9625,16.025,0.));
#14358=CARTESIAN_POINT('',(-87.4625,16.525,0.));
#14359=CARTESIAN_POINT('Origin',(-87.4625,16.025,0.));
#14360=CARTESIAN_POINT('',(-74.4625,16.525,0.));
#14361=CARTESIAN_POINT('',(-87.4625,16.525,0.));
#14362=CARTESIAN_POINT('',(-73.9625,16.025,0.));
#14363=CARTESIAN_POINT('Origin',(-74.4625,16.025,0.));
#14364=CARTESIAN_POINT('',(-73.9625,3.025,0.));
#14365=CARTESIAN_POINT('',(-73.9625,16.025,0.));
#14366=CARTESIAN_POINT('',(-74.4625,2.525,0.));
#14367=CARTESIAN_POINT('Origin',(-74.4625,3.025,0.));
#14368=CARTESIAN_POINT('',(-87.4625,2.525,0.));
#14369=CARTESIAN_POINT('',(-87.4625,2.525,0.));
#14370=CARTESIAN_POINT('',(-87.9625,3.025,0.));
#14371=CARTESIAN_POINT('Origin',(-87.4625,3.025,0.));
#14372=CARTESIAN_POINT('',(-87.9625,16.025,0.));
#14373=CARTESIAN_POINT('',(-104.63125,-3.02499999999999,0.));
#14374=CARTESIAN_POINT('',(-104.13125,-2.525,0.));
#14375=CARTESIAN_POINT('Origin',(-104.13125,-3.02499999999999,0.));
#14376=CARTESIAN_POINT('',(-91.13125,-2.52499999999999,0.));
#14377=CARTESIAN_POINT('',(-104.13125,-2.525,0.));
#14378=CARTESIAN_POINT('',(-90.63125,-3.02499999999999,0.));
#14379=CARTESIAN_POINT('Origin',(-91.13125,-3.02499999999999,0.));
#14380=CARTESIAN_POINT('',(-90.63125,-16.025,0.));
#14381=CARTESIAN_POINT('',(-90.63125,-3.02499999999999,0.));
#14382=CARTESIAN_POINT('',(-91.13125,-16.525,0.));
#14383=CARTESIAN_POINT('Origin',(-91.13125,-16.025,0.));
#14384=CARTESIAN_POINT('',(-104.13125,-16.525,0.));
#14385=CARTESIAN_POINT('',(-104.13125,-16.525,0.));
#14386=CARTESIAN_POINT('',(-104.63125,-16.025,0.));
#14387=CARTESIAN_POINT('Origin',(-104.13125,-16.025,0.));
#14388=CARTESIAN_POINT('',(-104.63125,-3.02499999999999,0.));
#14389=CARTESIAN_POINT('',(-17.25575,-19.575,0.));
#14390=CARTESIAN_POINT('',(-11.25575,-19.575,0.));
#14391=CARTESIAN_POINT('',(-11.25575,-19.575,0.));
#14392=CARTESIAN_POINT('',(-10.75575,-20.075,0.));
#14393=CARTESIAN_POINT('Origin',(-11.25575,-20.075,0.));
#14394=CARTESIAN_POINT('',(-10.75575,-37.075,0.));
#14395=CARTESIAN_POINT('',(-10.75575,-20.075,0.));
#14396=CARTESIAN_POINT('',(-11.25575,-37.575,0.));
#14397=CARTESIAN_POINT('Origin',(-11.25575,-37.075,0.));
#14398=CARTESIAN_POINT('',(-17.25575,-37.575,0.));
#14399=CARTESIAN_POINT('',(-17.25575,-37.575,0.));
#14400=CARTESIAN_POINT('',(-17.75575,-37.075,0.));
#14401=CARTESIAN_POINT('Origin',(-17.25575,-37.075,0.));
#14402=CARTESIAN_POINT('',(-17.75575,-20.075,0.));
#14403=CARTESIAN_POINT('',(-17.75575,-20.075,0.));
#14404=CARTESIAN_POINT('Origin',(-17.25575,-20.075,0.));
#14405=CARTESIAN_POINT('',(-40.3375,-3.02499999999999,0.));
#14406=CARTESIAN_POINT('',(-39.8375,-2.525,0.));
#14407=CARTESIAN_POINT('Origin',(-39.8375,-3.02499999999999,0.));
#14408=CARTESIAN_POINT('',(-26.8375,-2.525,0.));
#14409=CARTESIAN_POINT('',(-39.8375,-2.525,0.));
#14410=CARTESIAN_POINT('',(-26.3375,-3.02499999999999,0.));
#14411=CARTESIAN_POINT('Origin',(-26.8375,-3.02499999999999,0.));
#14412=CARTESIAN_POINT('',(-26.3375,-16.025,0.));
#14413=CARTESIAN_POINT('',(-26.3375,-3.02499999999999,0.));
#14414=CARTESIAN_POINT('',(-26.8375,-16.525,0.));
#14415=CARTESIAN_POINT('Origin',(-26.8375,-16.025,0.));
#14416=CARTESIAN_POINT('',(-39.8375,-16.525,0.));
#14417=CARTESIAN_POINT('',(-39.8375,-16.525,0.));
#14418=CARTESIAN_POINT('',(-40.3375,-16.025,0.));
#14419=CARTESIAN_POINT('Origin',(-39.8375,-16.025,0.));
#14420=CARTESIAN_POINT('',(-40.3375,-3.02499999999999,0.));
#14421=CARTESIAN_POINT('',(-78.4375,-3.02499999999999,0.));
#14422=CARTESIAN_POINT('',(-77.9375,-2.525,0.));
#14423=CARTESIAN_POINT('Origin',(-77.9375,-3.02499999999999,0.));
#14424=CARTESIAN_POINT('',(-64.9375,-2.525,0.));
#14425=CARTESIAN_POINT('',(-77.9375,-2.525,0.));
#14426=CARTESIAN_POINT('',(-64.4375,-3.02499999999999,0.));
#14427=CARTESIAN_POINT('Origin',(-64.9375,-3.02499999999999,0.));
#14428=CARTESIAN_POINT('',(-64.4375,-16.025,0.));
#14429=CARTESIAN_POINT('',(-64.4375,-3.02499999999999,0.));
#14430=CARTESIAN_POINT('',(-64.9375,-16.525,0.));
#14431=CARTESIAN_POINT('Origin',(-64.9375,-16.025,0.));
#14432=CARTESIAN_POINT('',(-77.9375,-16.525,0.));
#14433=CARTESIAN_POINT('',(-77.9375,-16.525,0.));
#14434=CARTESIAN_POINT('',(-78.4375,-16.025,0.));
#14435=CARTESIAN_POINT('Origin',(-77.9375,-16.025,0.));
#14436=CARTESIAN_POINT('',(-78.4375,-3.02499999999999,0.));
#14437=CARTESIAN_POINT('',(64.4375,16.025,0.));
#14438=CARTESIAN_POINT('',(64.9375,16.525,0.));
#14439=CARTESIAN_POINT('Origin',(64.9375,16.025,0.));
#14440=CARTESIAN_POINT('',(77.9375,16.525,0.));
#14441=CARTESIAN_POINT('',(64.9375,16.525,0.));
#14442=CARTESIAN_POINT('',(78.4375,16.025,0.));
#14443=CARTESIAN_POINT('Origin',(77.9375,16.025,0.));
#14444=CARTESIAN_POINT('',(78.4375,3.025,0.));
#14445=CARTESIAN_POINT('',(78.4375,16.025,0.));
#14446=CARTESIAN_POINT('',(77.9375,2.525,0.));
#14447=CARTESIAN_POINT('Origin',(77.9375,3.025,0.));
#14448=CARTESIAN_POINT('',(64.9375,2.525,0.));
#14449=CARTESIAN_POINT('',(64.9375,2.525,0.));
#14450=CARTESIAN_POINT('',(64.4375,3.025,0.));
#14451=CARTESIAN_POINT('Origin',(64.9375,3.025,0.));
#14452=CARTESIAN_POINT('',(64.4375,16.025,0.));
#14453=CARTESIAN_POINT('',(-49.8625,16.025,0.));
#14454=CARTESIAN_POINT('',(-49.3625,16.525,0.));
#14455=CARTESIAN_POINT('Origin',(-49.3625,16.025,0.));
#14456=CARTESIAN_POINT('',(-36.3625,16.525,0.));
#14457=CARTESIAN_POINT('',(-49.3625,16.525,0.));
#14458=CARTESIAN_POINT('',(-35.8625,16.025,0.));
#14459=CARTESIAN_POINT('Origin',(-36.3625,16.025,0.));
#14460=CARTESIAN_POINT('',(-35.8625,3.025,0.));
#14461=CARTESIAN_POINT('',(-35.8625,16.025,0.));
#14462=CARTESIAN_POINT('',(-36.3625,2.525,0.));
#14463=CARTESIAN_POINT('Origin',(-36.3625,3.025,0.));
#14464=CARTESIAN_POINT('',(-49.3625,2.525,0.));
#14465=CARTESIAN_POINT('',(-49.3625,2.525,0.));
#14466=CARTESIAN_POINT('',(-49.8625,3.025,0.));
#14467=CARTESIAN_POINT('Origin',(-49.3625,3.025,0.));
#14468=CARTESIAN_POINT('',(-49.8625,16.025,0.));
#14469=CARTESIAN_POINT('',(74.7,41.1,0.));
#14470=CARTESIAN_POINT('Origin',(76.2,41.1,0.));
#14471=CARTESIAN_POINT('',(-59.3875,-3.02499999999999,0.));
#14472=CARTESIAN_POINT('',(-58.8875,-2.525,0.));
#14473=CARTESIAN_POINT('Origin',(-58.8875,-3.02499999999999,0.));
#14474=CARTESIAN_POINT('',(-45.8875,-2.525,0.));
#14475=CARTESIAN_POINT('',(-58.8875,-2.525,0.));
#14476=CARTESIAN_POINT('',(-45.3875,-3.02499999999999,0.));
#14477=CARTESIAN_POINT('Origin',(-45.8875,-3.02499999999999,0.));
#14478=CARTESIAN_POINT('',(-45.3875,-16.025,0.));
#14479=CARTESIAN_POINT('',(-45.3875,-3.02499999999999,0.));
#14480=CARTESIAN_POINT('',(-45.8875,-16.525,0.));
#14481=CARTESIAN_POINT('Origin',(-45.8875,-16.025,0.));
#14482=CARTESIAN_POINT('',(-58.8875,-16.525,0.));
#14483=CARTESIAN_POINT('',(-58.8875,-16.525,0.));
#14484=CARTESIAN_POINT('',(-59.3875,-16.025,0.));
#14485=CARTESIAN_POINT('Origin',(-58.8875,-16.025,0.));
#14486=CARTESIAN_POINT('',(-59.3875,-3.02499999999999,0.));
#14487=CARTESIAN_POINT('',(14.43125,-22.075,0.));
#14488=CARTESIAN_POINT('',(14.93125,-21.575,0.));
#14489=CARTESIAN_POINT('Origin',(14.93125,-22.075,0.));
#14490=CARTESIAN_POINT('',(27.93125,-21.575,0.));
#14491=CARTESIAN_POINT('',(14.93125,-21.575,0.));
#14492=CARTESIAN_POINT('',(28.43125,-22.075,0.));
#14493=CARTESIAN_POINT('Origin',(27.93125,-22.075,0.));
#14494=CARTESIAN_POINT('',(28.43125,-35.075,0.));
#14495=CARTESIAN_POINT('',(28.43125,-22.075,0.));
#14496=CARTESIAN_POINT('',(27.93125,-35.575,0.));
#14497=CARTESIAN_POINT('Origin',(27.93125,-35.075,0.));
#14498=CARTESIAN_POINT('',(14.93125,-35.575,0.));
#14499=CARTESIAN_POINT('',(14.93125,-35.575,0.));
#14500=CARTESIAN_POINT('',(14.43125,-35.075,0.));
#14501=CARTESIAN_POINT('Origin',(14.93125,-35.075,0.));
#14502=CARTESIAN_POINT('',(14.43125,-22.075,0.));
#14503=CARTESIAN_POINT('',(93.4000045241322,19.0500009048264,0.));
#14504=CARTESIAN_POINT('Origin',(95.2500045241322,19.0500009048264,0.));
#14505=CARTESIAN_POINT('',(-1.85,-2.2655965784226E-16,0.));
#14506=CARTESIAN_POINT('Origin',(0.,0.,0.));
#14507=CARTESIAN_POINT('Origin',(-95.2500045241322,-19.0500009048264,0.));
#14508=CARTESIAN_POINT('',(-96.3500045241322,-19.0500009048264,-1.5));
#14509=CARTESIAN_POINT('Origin',(-95.2500045241322,-19.0500009048264,-1.5));
#14510=CARTESIAN_POINT('',(-96.3500045241322,-19.0500009048264,0.));
#14511=CARTESIAN_POINT('Origin',(-95.2500045241322,19.0500009048264,-0.375));
#14512=CARTESIAN_POINT('',(-96.3500045241322,19.0500009048264,-0.75));
#14513=CARTESIAN_POINT('',(-96.7250045241322,19.0500009048264,-0.375));
#14514=CARTESIAN_POINT('Origin',(-95.2500045241322,19.0500009048264,-0.75));
#14515=CARTESIAN_POINT('Origin',(-95.2500045241322,19.0500009048264,0.));
#14516=CARTESIAN_POINT('',(-96.3500045241322,19.0500009048264,-1.5));
#14517=CARTESIAN_POINT('Origin',(-95.2500045241322,19.0500009048264,-1.5));
#14518=CARTESIAN_POINT('',(-96.3500045241322,19.0500009048264,0.));
#14519=CARTESIAN_POINT('Origin',(0.,0.,-0.375));
#14520=CARTESIAN_POINT('',(-1.1,1.34711147906209E-16,-0.75));
#14521=CARTESIAN_POINT('',(-1.475,-1.80635402874235E-16,-0.375));
#14522=CARTESIAN_POINT('Origin',(0.,0.,-0.75));
#14523=CARTESIAN_POINT('Origin',(0.,0.,0.));
#14524=CARTESIAN_POINT('',(-1.1,0.,-1.5));
#14525=CARTESIAN_POINT('Origin',(0.,0.,-1.5));
#14526=CARTESIAN_POINT('',(-1.1,1.34711147906209E-16,0.));
#14527=CARTESIAN_POINT('Origin',(95.2500045241322,-19.0500009048264,-0.375));
#14528=CARTESIAN_POINT('',(94.1500045241322,-19.0500009048264,-0.75));
#14529=CARTESIAN_POINT('',(93.7750045241322,-19.0500009048264,-0.375));
#14530=CARTESIAN_POINT('Origin',(95.2500045241322,-19.0500009048264,-0.75));
#14531=CARTESIAN_POINT('Origin',(95.2500045241322,-19.0500009048264,0.));
#14532=CARTESIAN_POINT('',(94.1500045241322,-19.0500009048264,-1.5));
#14533=CARTESIAN_POINT('Origin',(95.2500045241322,-19.0500009048264,-1.5));
#14534=CARTESIAN_POINT('',(94.1500045241322,-19.0500009048264,0.));
#14535=CARTESIAN_POINT('Origin',(95.2500045241322,19.0500009048264,-0.375));
#14536=CARTESIAN_POINT('',(94.1500045241322,19.0500009048264,-0.75));
#14537=CARTESIAN_POINT('',(93.7750045241322,19.0500009048264,-0.375));
#14538=CARTESIAN_POINT('Origin',(95.2500045241322,19.0500009048264,-0.75));
#14539=CARTESIAN_POINT('Origin',(95.2500045241322,19.0500009048264,0.));
#14540=CARTESIAN_POINT('',(94.1500045241322,19.0500009048264,-1.5));
#14541=CARTESIAN_POINT('Origin',(95.2500045241322,19.0500009048264,-1.5));
#14542=CARTESIAN_POINT('',(94.1500045241322,19.0500009048264,0.));
#14543=CARTESIAN_POINT('Origin',(24.5272268884542,37.60000565642,0.));
#14544=CARTESIAN_POINT('',(24.527226868082,38.10000565642,-1.5));
#14545=CARTESIAN_POINT('',(24.0292972888702,37.6454601815867,-1.5));
#14546=CARTESIAN_POINT('Origin',(24.5272268884542,37.60000565642,-1.5));
#14547=CARTESIAN_POINT('',(24.0292972888702,37.6454601815867,0.));
#14548=CARTESIAN_POINT('',(24.527226868082,38.10000565642,0.));
#14549=CARTESIAN_POINT('Origin',(24.0500012930304,38.1000056369758,0.));
#14550=CARTESIAN_POINT('',(73.2000000972341,38.1000076395587,-1.5));
#14551=CARTESIAN_POINT('',(73.2000000972341,38.1000076395587,0.));
#14552=CARTESIAN_POINT('',(-114.3,38.1,-1.5));
#14553=CARTESIAN_POINT('Origin',(24.1636451010494,36.075,0.));
#14554=CARTESIAN_POINT('',(23.6987683912295,36.2590914030231,-1.5));
#14555=CARTESIAN_POINT('',(24.1636451010494,35.575,-1.5));
#14556=CARTESIAN_POINT('Origin',(24.1636451010494,36.075,-1.5));
#14557=CARTESIAN_POINT('',(24.1636451010494,35.575,0.));
#14558=CARTESIAN_POINT('',(23.6987683912295,36.2590914030231,0.));
#14559=CARTESIAN_POINT('Origin',(35.075,35.575,0.));
#14560=CARTESIAN_POINT('',(35.075,35.575,-1.5));
#14561=CARTESIAN_POINT('',(22.075,35.575,-1.5));
#14562=CARTESIAN_POINT('',(35.075,35.575,0.));
#14563=CARTESIAN_POINT('Origin',(1.55235841958756E-6,3.98179571092783E-6,
-1.5));
#14564=CARTESIAN_POINT('',(73.2000000564898,39.1000076395585,-1.5));
#14565=CARTESIAN_POINT('Origin',(73.2000000768619,38.6000076395585,-1.5));
#14566=CARTESIAN_POINT('',(56.7000000564898,39.1000069672774,-1.5));
#14567=CARTESIAN_POINT('',(54.2000000564898,39.1000068654166,-1.5));
#14568=CARTESIAN_POINT('',(56.6999998527682,44.1000069672775,-1.5));
#14569=CARTESIAN_POINT('Origin',(56.699999954629,41.6000069672775,-1.5));
#14570=CARTESIAN_POINT('',(76.6999998631843,44.1000077821638,-1.5));
#14571=CARTESIAN_POINT('',(79.1999998527682,44.1000078840246,-1.5));
#14572=CARTESIAN_POINT('',(79.1999999650451,41.6000078944407,-1.5));
#14573=CARTESIAN_POINT('Origin',(76.6999999650451,41.6000077821638,-1.5));
#14574=CARTESIAN_POINT('',(79.2000000997773,38.6000078819414,-1.5));
#14575=CARTESIAN_POINT('',(79.2000001222327,38.1000078840246,-1.5));
#14576=CARTESIAN_POINT('',(79.7000001201495,38.1000079043967,-1.5));
#14577=CARTESIAN_POINT('Origin',(79.7000000997773,38.6000079043967,-1.5));
#14578=CARTESIAN_POINT('',(89.7727720702977,38.1000083148049,-1.5));
#14579=CARTESIAN_POINT('',(-114.3,38.1,-1.5));
#14580=CARTESIAN_POINT('',(90.2707016865497,37.6454628805472,-1.5));
#14581=CARTESIAN_POINT('Origin',(89.7727720906698,37.6000083148049,-1.5));
#14582=CARTESIAN_POINT('',(90.6012316648505,36.2590916852701,-1.5));
#14583=CARTESIAN_POINT('Origin',(95.2499976453493,38.1000085379707,-1.5));
#14584=CARTESIAN_POINT('',(90.1363550668006,35.575,-1.5));
#14585=CARTESIAN_POINT('Origin',(90.1363550668006,36.075,-1.5));
#14586=CARTESIAN_POINT('',(79.225,35.575,-1.5));
#14587=CARTESIAN_POINT('',(79.225,35.575,-1.5));
#14588=CARTESIAN_POINT('',(78.725,35.075,-1.5));
#14589=CARTESIAN_POINT('Origin',(79.225,35.075,-1.5));
#14590=CARTESIAN_POINT('',(78.725,22.075,-1.5));
#14591=CARTESIAN_POINT('',(78.725,35.075,-1.5));
#14592=CARTESIAN_POINT('',(79.225,21.575,-1.5));
#14593=CARTESIAN_POINT('Origin',(79.225,22.075,-1.5));
#14594=CARTESIAN_POINT('',(92.225,21.575,-1.5));
#14595=CARTESIAN_POINT('',(79.225,21.575,-1.5));
#14596=CARTESIAN_POINT('',(92.7250000000001,22.075,-1.5));
#14597=CARTESIAN_POINT('Origin',(92.225,22.075,-1.5));
#14598=CARTESIAN_POINT('',(92.725,32.9863616459444,-1.5));
#14599=CARTESIAN_POINT('',(92.725,35.075,-1.5));
#14600=CARTESIAN_POINT('',(93.4090906950318,33.4512386361286,-1.5));
#14601=CARTESIAN_POINT('Origin',(93.225,32.9863616459444,-1.5));
#14602=CARTESIAN_POINT('',(97.0909088768499,33.451240331474,-1.5));
#14603=CARTESIAN_POINT('Origin',(95.2499976453493,38.1000085379707,-1.5));
#14604=CARTESIAN_POINT('',(97.775,32.9863635108243,-1.5));
#14605=CARTESIAN_POINT('Origin',(97.275,32.9863635108243,-1.5));
#14606=CARTESIAN_POINT('',(97.775,22.075,-1.5));
#14607=CARTESIAN_POINT('',(97.775,35.075,-1.5));
#14608=CARTESIAN_POINT('',(98.275,21.575,-1.5));
#14609=CARTESIAN_POINT('Origin',(98.275,22.075,-1.5));
#14610=CARTESIAN_POINT('',(111.275,21.575,-1.5));
#14611=CARTESIAN_POINT('',(98.275,21.575,-1.5));
#14612=CARTESIAN_POINT('',(111.775,22.075,-1.5));
#14613=CARTESIAN_POINT('Origin',(111.275,22.075,-1.5));
#14614=CARTESIAN_POINT('',(111.775,35.075,-1.5));
#14615=CARTESIAN_POINT('',(111.775,35.075,-1.5));
#14616=CARTESIAN_POINT('',(111.275,35.575,-1.5));
#14617=CARTESIAN_POINT('Origin',(111.275,35.075,-1.5));
#14618=CARTESIAN_POINT('',(100.363640223898,35.575,-1.5));
#14619=CARTESIAN_POINT('',(98.275,35.575,-1.5));
#14620=CARTESIAN_POINT('',(99.8987636258481,36.2590916852701,-1.5));
#14621=CARTESIAN_POINT('Origin',(100.363640223898,36.075,-1.5));
#14622=CARTESIAN_POINT('',(100.229293641189,37.6454632863032,-1.5));
#14623=CARTESIAN_POINT('Origin',(95.2499976453493,38.1000085379707,-1.5));
#14624=CARTESIAN_POINT('',(100.727223220401,38.1000087611365,-1.5));
#14625=CARTESIAN_POINT('Origin',(100.727223240773,37.6000087611365,-1.5));
#14626=CARTESIAN_POINT('',(111.8,38.1000092122892,-1.5));
#14627=CARTESIAN_POINT('',(-114.3,38.1,-1.5));
#14628=CARTESIAN_POINT('',(114.300000101861,35.60000931415,-1.5));
#14629=CARTESIAN_POINT('Origin',(111.800000101861,35.6000092122892,-1.5));
#14630=CARTESIAN_POINT('',(114.300003002856,-35.5999920364085,-1.5));
#14631=CARTESIAN_POINT('',(114.300003104717,-38.0999920364085,-1.5));
#14632=CARTESIAN_POINT('',(111.800003104717,-38.0999921382692,-1.5));
#14633=CARTESIAN_POINT('Origin',(111.800003002856,-35.5999921382693,-1.5));
#14634=CARTESIAN_POINT('',(100.727230328261,-38.0999925894218,-1.5));
#14635=CARTESIAN_POINT('',(-114.299996895283,-38.1000013505584,-1.5));
#14636=CARTESIAN_POINT('',(100.229300712009,-37.6454471551641,-1.5));
#14637=CARTESIAN_POINT('Origin',(100.727230307888,-37.5999925894218,-1.5));
#14638=CARTESIAN_POINT('',(99.8987763948372,-36.2590902556898,-1.5));
#14639=CARTESIAN_POINT('Origin',(95.250004753209,-38.0999928125875,-1.5));
#14640=CARTESIAN_POINT('',(100.363653559,-35.575,-1.5));
#14641=CARTESIAN_POINT('Origin',(100.363653559,-36.075,-1.5));
#14642=CARTESIAN_POINT('',(111.275,-35.575,-1.5));
#14643=CARTESIAN_POINT('',(98.275,-35.575,-1.5));
#14644=CARTESIAN_POINT('',(111.775,-35.075,-1.5));
#14645=CARTESIAN_POINT('Origin',(111.275,-35.075,-1.5));
#14646=CARTESIAN_POINT('',(111.775,-22.075,-1.5));
#14647=CARTESIAN_POINT('',(111.775,-22.075,-1.5));
#14648=CARTESIAN_POINT('',(111.275,-21.575,-1.5));
#14649=CARTESIAN_POINT('Origin',(111.275,-22.075,-1.5));
#14650=CARTESIAN_POINT('',(98.275,-21.575,-1.5));
#14651=CARTESIAN_POINT('',(98.275,-21.575,-1.5));
#14652=CARTESIAN_POINT('',(97.775,-22.075,-1.5));
#14653=CARTESIAN_POINT('Origin',(98.275,-22.075,-1.5));
#14654=CARTESIAN_POINT('',(97.775,-32.9863449707359,-1.5));
#14655=CARTESIAN_POINT('',(97.775,-22.075,-1.5));
#14656=CARTESIAN_POINT('',(97.090909523019,-33.4512220472679,-1.5));
#14657=CARTESIAN_POINT('Origin',(97.275,-32.9863449707359,-1.5));
#14658=CARTESIAN_POINT('',(93.4090913412008,-33.4512254695719,-1.5));
#14659=CARTESIAN_POINT('Origin',(95.250004753209,-38.0999928125875,-1.5));
#14660=CARTESIAN_POINT('',(92.725,-32.9863487352704,-1.5));
#14661=CARTESIAN_POINT('Origin',(93.225,-32.9863487352704,-1.5));
#14662=CARTESIAN_POINT('',(92.725,-22.075,-1.5));
#14663=CARTESIAN_POINT('',(92.725,-22.075,-1.5));
#14664=CARTESIAN_POINT('',(92.225,-21.575,-1.5));
#14665=CARTESIAN_POINT('Origin',(92.225,-22.075,-1.5));
#14666=CARTESIAN_POINT('',(79.225,-21.575,-1.5));
#14667=CARTESIAN_POINT('',(79.225,-21.575,-1.5));
#14668=CARTESIAN_POINT('',(78.725,-22.075,-1.5));
#14669=CARTESIAN_POINT('Origin',(79.225,-22.075,-1.5));
#14670=CARTESIAN_POINT('',(78.725,-35.075,-1.5));
#14671=CARTESIAN_POINT('',(78.725,-22.075,-1.5));
#14672=CARTESIAN_POINT('',(79.225,-35.575,-1.5));
#14673=CARTESIAN_POINT('Origin',(79.225,-35.075,-1.5));
#14674=CARTESIAN_POINT('',(90.1363559474179,-35.575,-1.5));
#14675=CARTESIAN_POINT('',(79.225,-35.575,-1.5));
#14676=CARTESIAN_POINT('',(90.6012331115807,-36.2590902556898,-1.5));
#14677=CARTESIAN_POINT('Origin',(90.1363559474179,-36.075,-1.5));
#14678=CARTESIAN_POINT('',(90.2707087573691,-37.6454475609201,-1.5));
#14679=CARTESIAN_POINT('Origin',(95.250004753209,-38.0999928125875,-1.5));
#14680=CARTESIAN_POINT('',(89.7727791781574,-38.0999930357533,-1.5));
#14681=CARTESIAN_POINT('Origin',(89.7727791577852,-37.5999930357533,-1.5));
#14682=CARTESIAN_POINT('',(79.6999998777669,-38.0999934461618,-1.5));
#14683=CARTESIAN_POINT('',(-114.299996895283,-38.1000013505584,-1.5));
#14684=CARTESIAN_POINT('',(79.199999898139,-38.599993466534,-1.5));
#14685=CARTESIAN_POINT('Origin',(79.699999898139,-38.5999934461618,-1.5));
#14686=CARTESIAN_POINT('',(79.2000000203719,-41.599993466534,-1.5));
#14687=CARTESIAN_POINT('',(79.1999998777668,-38.099993466534,-1.5));
#14688=CARTESIAN_POINT('',(76.7000001222327,-44.0999935683948,-1.5));
#14689=CARTESIAN_POINT('Origin',(76.7000000203719,-41.5999935683947,-1.5));
#14690=CARTESIAN_POINT('',(56.7000001222327,-44.099994383281,-1.5));
#14691=CARTESIAN_POINT('',(79.2000001222327,-44.099993466534,-1.5));
#14692=CARTESIAN_POINT('',(56.6999999185112,-39.099994383281,-1.5));
#14693=CARTESIAN_POINT('Origin',(56.700000020372,-41.599994383281,-1.5));
#14694=CARTESIAN_POINT('',(73.1999999185111,-39.0999937109998,-1.5));
#14695=CARTESIAN_POINT('',(54.1999999185112,-39.0999944851418,-1.5));
#14696=CARTESIAN_POINT('',(73.1999998777669,-38.0999937109998,-1.5));
#14697=CARTESIAN_POINT('Origin',(73.199999898139,-38.5999937109998,-1.5));
#14698=CARTESIAN_POINT('',(5.47722867976843,-38.0999964703176,-1.5));
#14699=CARTESIAN_POINT('',(-114.299996895283,-38.1000013505584,-1.5));
#14700=CARTESIAN_POINT('',(4.9792990635163,-37.64545103606,-1.5));
#14701=CARTESIAN_POINT('Origin',(5.47722865939626,-37.5999964703176,-1.5));
#14702=CARTESIAN_POINT('',(-4.97929289112308,-37.645451441816,-1.5));
#14703=CARTESIAN_POINT('Origin',(3.10471675035728E-6,-38.0999966934834,
-1.5));
#14704=CARTESIAN_POINT('',(-5.47722247033491,-38.0999969166492,-1.5));
#14705=CARTESIAN_POINT('Origin',(-5.47722249070707,-37.5999969166492,-1.5));
#14706=CARTESIAN_POINT('',(-73.200000122233,-38.0999996759673,-1.5));
#14707=CARTESIAN_POINT('',(-114.299996895283,-38.1000013505584,-1.5));
#14708=CARTESIAN_POINT('',(-73.2000000814887,-39.0999996759672,-1.5));
#14709=CARTESIAN_POINT('Origin',(-73.2000001018608,-38.5999996759673,-1.5));
#14710=CARTESIAN_POINT('',(-56.7000000814887,-39.0999990036861,-1.5));
#14711=CARTESIAN_POINT('',(-54.2000000814887,-39.0999989018253,-1.5));
#14712=CARTESIAN_POINT('',(-56.6999998777671,-44.0999990036861,-1.5));
#14713=CARTESIAN_POINT('Origin',(-56.6999999796279,-41.5999990036861,-1.5));
#14714=CARTESIAN_POINT('',(-76.6999998777671,-44.0999998185724,-1.5));
#14715=CARTESIAN_POINT('',(-79.1999998777671,-44.0999999204331,-1.5));
#14716=CARTESIAN_POINT('',(-79.1999999796278,-41.5999999204331,-1.5));
#14717=CARTESIAN_POINT('Origin',(-76.6999999796278,-41.5999998185724,-1.5));
#14718=CARTESIAN_POINT('',(-79.2000001018608,-38.5999999204331,-1.5));
#14719=CARTESIAN_POINT('',(-79.200000122233,-38.0999999204331,-1.5));
#14720=CARTESIAN_POINT('',(-79.700000122233,-38.0999999408053,-1.5));
#14721=CARTESIAN_POINT('Origin',(-79.7000001018608,-38.5999999408053,-1.5));
#14722=CARTESIAN_POINT('',(-87.3915244249484,-38.1000002541912,-1.5));
#14723=CARTESIAN_POINT('',(-114.299996895283,-38.1000013505584,-1.5));
#14724=CARTESIAN_POINT('',(-87.8894540412005,-37.6454548199335,-1.5));
#14725=CARTESIAN_POINT('Origin',(-87.3915244453205,-37.6000002541912,-1.5));
#14726=CARTESIAN_POINT('',(-94.7096590909091,-33.451231423187,-1.5));
#14727=CARTESIAN_POINT('Origin',(-92.86875,-38.100000477357,-1.5));
#14728=CARTESIAN_POINT('',(-95.39375,-32.98635451777,-1.5));
#14729=CARTESIAN_POINT('Origin',(-94.89375,-32.98635451777,-1.5));
#14730=CARTESIAN_POINT('',(-95.39375,-22.075,-1.5));
#14731=CARTESIAN_POINT('',(-95.39375,-22.075,-1.5));
#14732=CARTESIAN_POINT('',(-95.89375,-21.575,-1.5));
#14733=CARTESIAN_POINT('Origin',(-95.89375,-22.075,-1.5));
#14734=CARTESIAN_POINT('',(-108.89375,-21.575,-1.5));
#14735=CARTESIAN_POINT('',(-108.89375,-21.575,-1.5));
#14736=CARTESIAN_POINT('',(-109.39375,-22.075,-1.5));
#14737=CARTESIAN_POINT('Origin',(-108.89375,-22.075,-1.5));
#14738=CARTESIAN_POINT('',(-109.39375,-35.075,-1.5));
#14739=CARTESIAN_POINT('',(-109.39375,-22.075,-1.5));
#14740=CARTESIAN_POINT('',(-108.89375,-35.575,-1.5));
#14741=CARTESIAN_POINT('Origin',(-108.89375,-35.075,-1.5));
#14742=CARTESIAN_POINT('',(-97.9823957705539,-35.575,-1.5));
#14743=CARTESIAN_POINT('',(-108.89375,-35.575,-1.5));
#14744=CARTESIAN_POINT('',(-97.5175188823218,-36.259090952487,-1.5));
#14745=CARTESIAN_POINT('Origin',(-97.9823957705539,-36.075,-1.5));
#14746=CARTESIAN_POINT('',(-97.8480459958398,-37.6454552256895,-1.5));
#14747=CARTESIAN_POINT('Origin',(-92.86875,-38.100000477357,-1.5));
#14748=CARTESIAN_POINT('',(-98.3459755750517,-38.1000007005228,-1.5));
#14749=CARTESIAN_POINT('Origin',(-98.3459755954238,-37.6000007005228,-1.5));
#14750=CARTESIAN_POINT('',(-111.799996895283,-38.1000012486976,-1.5));
#14751=CARTESIAN_POINT('',(-114.299996895283,-38.1000013505584,-1.5));
#14752=CARTESIAN_POINT('',(-114.299996997144,-35.6000013505584,-1.5));
#14753=CARTESIAN_POINT('Origin',(-111.799996997144,-35.6000012486976,-1.5));
#14754=CARTESIAN_POINT('',(-114.299999898139,35.6,-1.5));
#14755=CARTESIAN_POINT('',(-114.299996895283,-38.1000013505584,-1.5));
#14756=CARTESIAN_POINT('',(-111.8,38.1000001018608,-1.5));
#14757=CARTESIAN_POINT('Origin',(-111.799999898139,35.6000001018608,-1.5));
#14758=CARTESIAN_POINT('',(-100.727230288634,38.1000005530132,-1.5));
#14759=CARTESIAN_POINT('',(-114.3,38.1,-1.5));
#14760=CARTESIAN_POINT('',(-100.229300672382,37.6454551187555,-1.5));
#14761=CARTESIAN_POINT('Origin',(-100.727230268262,37.6000005530132,-1.5));
#14762=CARTESIAN_POINT('',(-99.8987734883288,36.2590909796526,-1.5));
#14763=CARTESIAN_POINT('Origin',(-95.2500047135828,38.100000776179,-1.5));
#14764=CARTESIAN_POINT('',(-100.363650365803,35.575,-1.5));
#14765=CARTESIAN_POINT('Origin',(-100.363650365803,36.075,-1.5));
#14766=CARTESIAN_POINT('',(-111.275,35.575,-1.5));
#14767=CARTESIAN_POINT('',(-111.275,35.575,-1.5));
#14768=CARTESIAN_POINT('',(-111.775,35.075,-1.5));
#14769=CARTESIAN_POINT('Origin',(-111.275,35.075,-1.5));
#14770=CARTESIAN_POINT('',(-111.775,22.075,-1.5));
#14771=CARTESIAN_POINT('',(-111.775,35.075,-1.5));
#14772=CARTESIAN_POINT('',(-111.275,21.575,-1.5));
#14773=CARTESIAN_POINT('Origin',(-111.275,22.075,-1.5));
#14774=CARTESIAN_POINT('',(-98.275,21.575,-1.5));
#14775=CARTESIAN_POINT('',(-111.275,21.575,-1.5));
#14776=CARTESIAN_POINT('',(-97.775,22.075,-1.5));
#14777=CARTESIAN_POINT('Origin',(-98.275,22.075,-1.5));
#14778=CARTESIAN_POINT('',(-97.775,32.9863529500192,-1.5));
#14779=CARTESIAN_POINT('',(-97.775,35.075,-1.5));
#14780=CARTESIAN_POINT('',(-97.0909095194166,33.4512300251247,-1.5));
#14781=CARTESIAN_POINT('Origin',(-97.275,32.9863529500192,-1.5));
#14782=CARTESIAN_POINT('',(-93.4090913375984,33.4512334188979,-1.5));
#14783=CARTESIAN_POINT('Origin',(-95.2500047135828,38.100000776179,-1.5));
#14784=CARTESIAN_POINT('',(-92.725,32.9863566831698,-1.5));
#14785=CARTESIAN_POINT('Origin',(-93.225,32.9863566831698,-1.5));
#14786=CARTESIAN_POINT('',(-92.725,22.075,-1.5));
#14787=CARTESIAN_POINT('',(-92.725,35.075,-1.5));
#14788=CARTESIAN_POINT('',(-92.225,21.575,-1.5));
#14789=CARTESIAN_POINT('Origin',(-92.225,22.075,-1.5));
#14790=CARTESIAN_POINT('',(-79.225,21.575,-1.5));
#14791=CARTESIAN_POINT('',(-92.225,21.575,-1.5));
#14792=CARTESIAN_POINT('',(-78.725,22.075,-1.5));
#14793=CARTESIAN_POINT('Origin',(-79.225,22.075,-1.5));
#14794=CARTESIAN_POINT('',(-78.725,35.075,-1.5));
#14795=CARTESIAN_POINT('',(-78.725,35.075,-1.5));
#14796=CARTESIAN_POINT('',(-79.225,35.575,-1.5));
#14797=CARTESIAN_POINT('Origin',(-79.225,35.075,-1.5));
#14798=CARTESIAN_POINT('',(-90.1363590613622,35.575,-1.5));
#14799=CARTESIAN_POINT('',(-92.225,35.575,-1.5));
#14800=CARTESIAN_POINT('',(-90.6012359388368,36.2590909796526,-1.5));
#14801=CARTESIAN_POINT('Origin',(-90.1363590613622,36.075,-1.5));
#14802=CARTESIAN_POINT('',(-90.270708717743,37.6454555245115,-1.5));
#14803=CARTESIAN_POINT('Origin',(-95.2500047135828,38.100000776179,-1.5));
#14804=CARTESIAN_POINT('',(-89.7727791385311,38.1000009993448,-1.5));
#14805=CARTESIAN_POINT('Origin',(-89.772779118159,37.6000009993448,-1.5));
#14806=CARTESIAN_POINT('',(-79.7,38.1000014097532,-1.5));
#14807=CARTESIAN_POINT('',(-114.3,38.1,-1.5));
#14808=CARTESIAN_POINT('',(-79.2000000203722,38.6000014301254,-1.5));
#14809=CARTESIAN_POINT('Origin',(-79.7000000203722,38.6000014097532,-1.5));
#14810=CARTESIAN_POINT('',(-79.2000001426051,41.6000015371942,-1.5));
#14811=CARTESIAN_POINT('',(-79.2,38.1000014301254,-1.5));
#14812=CARTESIAN_POINT('',(-76.7000003515347,44.100001639055,-1.5));
#14813=CARTESIAN_POINT('Origin',(-76.7000001426051,41.600001639055,-1.5));
#14814=CARTESIAN_POINT('',(-56.6999994071881,44.1000033104917,-1.5));
#14815=CARTESIAN_POINT('',(-79.2000002444659,44.1000014301254,-1.5));
#14816=CARTESIAN_POINT('',(-54.1999991982589,41.6000047507131,-1.5));
#14817=CARTESIAN_POINT('Origin',(-56.6999991982585,41.6000033104917,-1.5));
#14818=CARTESIAN_POINT('',(-56.6999992034667,39.1000037045055,-1.5));
#14819=CARTESIAN_POINT('Origin',(-56.6999991982587,41.6000037045055,-1.5));
#14820=CARTESIAN_POINT('',(-73.1999981526555,39.1000037388784,-1.5));
#14821=CARTESIAN_POINT('',(-54.1999981520509,39.1000036992974,-1.5));
#14822=CARTESIAN_POINT('',(-73.6999981536971,38.60000373992,-1.5));
#14823=CARTESIAN_POINT('Origin',(-73.1999981536971,38.6000037388784,-1.5));
#14824=CARTESIAN_POINT('',(-73.1999981333249,38.1000016745913,-1.5));
#14825=CARTESIAN_POINT('Origin',(-73.1999981536971,38.6000016745913,-1.5));
#14826=CARTESIAN_POINT('',(-24.5272268438513,38.10000365773,-1.5));
#14827=CARTESIAN_POINT('',(-114.3,38.1,-1.5));
#14828=CARTESIAN_POINT('',(-24.0292972275992,37.6454582234723,-1.5));
#14829=CARTESIAN_POINT('Origin',(-24.5272268234792,37.60000365773,-1.5));
#14830=CARTESIAN_POINT('',(-23.6987689258482,36.2590912618996,-1.5));
#14831=CARTESIAN_POINT('Origin',(-19.0500012687997,38.1000038808958,-1.5));
#14832=CARTESIAN_POINT('',(-24.1636456915531,35.575,-1.5));
#14833=CARTESIAN_POINT('Origin',(-24.1636456915531,36.075,-1.5));
#14834=CARTESIAN_POINT('',(-35.075,35.575,-1.5));
#14835=CARTESIAN_POINT('',(-35.075,35.575,-1.5));
#14836=CARTESIAN_POINT('',(-35.575,35.075,-1.5));
#14837=CARTESIAN_POINT('Origin',(-35.075,35.075,-1.5));
#14838=CARTESIAN_POINT('',(-35.575,22.075,-1.5));
#14839=CARTESIAN_POINT('',(-35.575,35.075,-1.5));
#14840=CARTESIAN_POINT('',(-35.075,21.575,-1.5));
#14841=CARTESIAN_POINT('Origin',(-35.075,22.075,-1.5));
#14842=CARTESIAN_POINT('',(-22.075,21.575,-1.5));
#14843=CARTESIAN_POINT('',(-35.075,21.575,-1.5));
#14844=CARTESIAN_POINT('',(-21.575,22.075,-1.5));
#14845=CARTESIAN_POINT('Origin',(-22.075,22.075,-1.5));
#14846=CARTESIAN_POINT('',(-21.575,32.9863574188653,-1.5));
#14847=CARTESIAN_POINT('',(-21.575,35.075,-1.5));
#14848=CARTESIAN_POINT('',(-20.8909092062545,33.451234369959,-1.5));
#14849=CARTESIAN_POINT('Origin',(-21.075,32.9863574188653,-1.5));
#14850=CARTESIAN_POINT('',(-17.2090910244363,33.451235283493,-1.5));
#14851=CARTESIAN_POINT('Origin',(-19.0500012687997,38.1000038808958,-1.5));
#14852=CARTESIAN_POINT('',(-16.525,32.9863584237527,-1.5));
#14853=CARTESIAN_POINT('Origin',(-17.025,32.9863584237527,-1.5));
#14854=CARTESIAN_POINT('',(-16.525,22.075,-1.5));
#14855=CARTESIAN_POINT('',(-16.525,35.075,-1.5));
#14856=CARTESIAN_POINT('',(-16.025,21.575,-1.5));
#14857=CARTESIAN_POINT('Origin',(-16.025,22.075,-1.5));
#14858=CARTESIAN_POINT('',(-3.02499999999998,21.575,-1.5));
#14859=CARTESIAN_POINT('',(-16.025,21.575,-1.5));
#14860=CARTESIAN_POINT('',(-2.52499999999999,22.075,-1.5));
#14861=CARTESIAN_POINT('Origin',(-3.02499999999998,22.075,-1.5));
#14862=CARTESIAN_POINT('',(-2.52499999999998,35.075,-1.5));
#14863=CARTESIAN_POINT('',(-2.52499999999998,35.075,-1.5));
#14864=CARTESIAN_POINT('',(-3.02499999999998,35.575,-1.5));
#14865=CARTESIAN_POINT('Origin',(-3.02499999999998,35.075,-1.5));
#14866=CARTESIAN_POINT('',(-13.9363568460463,35.575,-1.5));
#14867=CARTESIAN_POINT('',(-16.025,35.575,-1.5));
#14868=CARTESIAN_POINT('',(-14.4012336117511,36.2590912618996,-1.5));
#14869=CARTESIAN_POINT('Origin',(-13.9363568460463,36.075,-1.5));
#14870=CARTESIAN_POINT('',(-14.0707052729598,37.6454586292283,-1.5));
#14871=CARTESIAN_POINT('Origin',(-19.0500012687997,38.1000038808958,-1.5));
#14872=CARTESIAN_POINT('',(-13.572775693748,38.1000041040616,-1.5));
#14873=CARTESIAN_POINT('Origin',(-13.5727756733759,37.6000041040616,-1.5));
#14874=CARTESIAN_POINT('',(13.5727757179787,38.1000052100884,-1.5));
#14875=CARTESIAN_POINT('',(-114.3,38.1,-1.5));
#14876=CARTESIAN_POINT('',(14.0707053342308,37.6454597758308,-1.5));
#14877=CARTESIAN_POINT('Origin',(13.5727757383509,37.6000052100884,-1.5));
#14878=CARTESIAN_POINT('',(14.4012341948313,36.2590914030231,-1.5));
#14879=CARTESIAN_POINT('Origin',(19.0500012930304,38.1000054332542,-1.5));
#14880=CARTESIAN_POINT('',(13.9363574850114,35.575,-1.5));
#14881=CARTESIAN_POINT('Origin',(13.9363574850114,36.075,-1.5));
#14882=CARTESIAN_POINT('',(3.02500000000002,35.575,-1.5));
#14883=CARTESIAN_POINT('',(3.02500000000002,35.575,-1.5));
#14884=CARTESIAN_POINT('',(2.52500000000002,35.075,-1.5));
#14885=CARTESIAN_POINT('Origin',(3.02500000000002,35.075,-1.5));
#14886=CARTESIAN_POINT('',(2.52500000000001,22.075,-1.5));
#14887=CARTESIAN_POINT('',(2.52500000000001,35.075,-1.5));
#14888=CARTESIAN_POINT('',(3.02500000000002,21.575,-1.5));
#14889=CARTESIAN_POINT('Origin',(3.02500000000002,22.075,-1.5));
#14890=CARTESIAN_POINT('',(16.025,21.575,-1.5));
#14891=CARTESIAN_POINT('',(3.02500000000002,21.575,-1.5));
#14892=CARTESIAN_POINT('',(16.525,22.075,-1.5));
#14893=CARTESIAN_POINT('Origin',(16.025,22.075,-1.5));
#14894=CARTESIAN_POINT('',(16.525,32.9863599857065,-1.5));
#14895=CARTESIAN_POINT('',(16.525,35.075,-1.5));
#14896=CARTESIAN_POINT('',(17.2090910266391,33.4512368445745,-1.5));
#14897=CARTESIAN_POINT('Origin',(17.025,32.9863599857065,-1.5));
#14898=CARTESIAN_POINT('',(20.8909092084573,33.4512359135943,-1.5));
#14899=CARTESIAN_POINT('Origin',(19.0500012930304,38.1000054332542,-1.5));
#14900=CARTESIAN_POINT('',(21.575,32.9863589616284,-1.5));
#14901=CARTESIAN_POINT('Origin',(21.075,32.9863589616284,-1.5));
#14902=CARTESIAN_POINT('',(21.575,22.075,-1.5));
#14903=CARTESIAN_POINT('',(21.575,35.075,-1.5));
#14904=CARTESIAN_POINT('',(22.075,21.575,-1.5));
#14905=CARTESIAN_POINT('Origin',(22.075,22.075,-1.5));
#14906=CARTESIAN_POINT('',(35.075,21.575,-1.5));
#14907=CARTESIAN_POINT('',(22.075,21.575,-1.5));
#14908=CARTESIAN_POINT('',(35.575,22.075,-1.5));
#14909=CARTESIAN_POINT('Origin',(35.075,22.075,-1.5));
#14910=CARTESIAN_POINT('',(35.575,35.075,-1.5));
#14911=CARTESIAN_POINT('',(35.575,35.075,-1.5));
#14912=CARTESIAN_POINT('Origin',(35.075,35.075,-1.5));
#14913=CARTESIAN_POINT('Origin',(19.0500012930304,38.1000054332542,-1.5));
#14914=CARTESIAN_POINT('',(14.93125,-21.575,-1.5));
#14915=CARTESIAN_POINT('',(14.43125,-22.075,-1.5));
#14916=CARTESIAN_POINT('Origin',(14.93125,-22.075,-1.5));
#14917=CARTESIAN_POINT('',(14.43125,-35.075,-1.5));
#14918=CARTESIAN_POINT('',(14.43125,-22.075,-1.5));
#14919=CARTESIAN_POINT('',(14.93125,-35.575,-1.5));
#14920=CARTESIAN_POINT('Origin',(14.93125,-35.075,-1.5));
#14921=CARTESIAN_POINT('',(27.93125,-35.575,-1.5));
#14922=CARTESIAN_POINT('',(14.93125,-35.575,-1.5));
#14923=CARTESIAN_POINT('',(28.43125,-35.075,-1.5));
#14924=CARTESIAN_POINT('Origin',(27.93125,-35.075,-1.5));
#14925=CARTESIAN_POINT('',(28.43125,-22.075,-1.5));
#14926=CARTESIAN_POINT('',(28.43125,-22.075,-1.5));
#14927=CARTESIAN_POINT('',(27.93125,-21.575,-1.5));
#14928=CARTESIAN_POINT('Origin',(27.93125,-22.075,-1.5));
#14929=CARTESIAN_POINT('',(14.93125,-21.575,-1.5));
#14930=CARTESIAN_POINT('',(-58.8875,-2.525,-1.5));
#14931=CARTESIAN_POINT('',(-59.3875,-3.02499999999999,-1.5));
#14932=CARTESIAN_POINT('Origin',(-58.8875,-3.02499999999999,-1.5));
#14933=CARTESIAN_POINT('',(-59.3875,-16.025,-1.5));
#14934=CARTESIAN_POINT('',(-59.3875,-3.02499999999999,-1.5));
#14935=CARTESIAN_POINT('',(-58.8875,-16.525,-1.5));
#14936=CARTESIAN_POINT('Origin',(-58.8875,-16.025,-1.5));
#14937=CARTESIAN_POINT('',(-45.8875,-16.525,-1.5));
#14938=CARTESIAN_POINT('',(-58.8875,-16.525,-1.5));
#14939=CARTESIAN_POINT('',(-45.3875,-16.025,-1.5));
#14940=CARTESIAN_POINT('Origin',(-45.8875,-16.025,-1.5));
#14941=CARTESIAN_POINT('',(-45.3875,-3.02499999999999,-1.5));
#14942=CARTESIAN_POINT('',(-45.3875,-3.02499999999999,-1.5));
#14943=CARTESIAN_POINT('',(-45.8875,-2.525,-1.5));
#14944=CARTESIAN_POINT('Origin',(-45.8875,-3.02499999999999,-1.5));
#14945=CARTESIAN_POINT('',(-58.8875,-2.525,-1.5));
#14946=CARTESIAN_POINT('',(74.7,41.1,-1.5));
#14947=CARTESIAN_POINT('Origin',(76.2,41.1,-1.5));
#14948=CARTESIAN_POINT('',(-49.3625,16.525,-1.5));
#14949=CARTESIAN_POINT('',(-49.8625,16.025,-1.5));
#14950=CARTESIAN_POINT('Origin',(-49.3625,16.025,-1.5));
#14951=CARTESIAN_POINT('',(-49.8625,3.025,-1.5));
#14952=CARTESIAN_POINT('',(-49.8625,16.025,-1.5));
#14953=CARTESIAN_POINT('',(-49.3625,2.525,-1.5));
#14954=CARTESIAN_POINT('Origin',(-49.3625,3.025,-1.5));
#14955=CARTESIAN_POINT('',(-36.3625,2.525,-1.5));
#14956=CARTESIAN_POINT('',(-49.3625,2.525,-1.5));
#14957=CARTESIAN_POINT('',(-35.8625,3.025,-1.5));
#14958=CARTESIAN_POINT('Origin',(-36.3625,3.025,-1.5));
#14959=CARTESIAN_POINT('',(-35.8625,16.025,-1.5));
#14960=CARTESIAN_POINT('',(-35.8625,16.025,-1.5));
#14961=CARTESIAN_POINT('',(-36.3625,16.525,-1.5));
#14962=CARTESIAN_POINT('Origin',(-36.3625,16.025,-1.5));
#14963=CARTESIAN_POINT('',(-49.3625,16.525,-1.5));
#14964=CARTESIAN_POINT('',(64.9375,16.525,-1.5));
#14965=CARTESIAN_POINT('',(64.4375,16.025,-1.5));
#14966=CARTESIAN_POINT('Origin',(64.9375,16.025,-1.5));
#14967=CARTESIAN_POINT('',(64.4375,3.025,-1.5));
#14968=CARTESIAN_POINT('',(64.4375,16.025,-1.5));
#14969=CARTESIAN_POINT('',(64.9375,2.525,-1.5));
#14970=CARTESIAN_POINT('Origin',(64.9375,3.025,-1.5));
#14971=CARTESIAN_POINT('',(77.9375,2.525,-1.5));
#14972=CARTESIAN_POINT('',(64.9375,2.525,-1.5));
#14973=CARTESIAN_POINT('',(78.4375,3.025,-1.5));
#14974=CARTESIAN_POINT('Origin',(77.9375,3.025,-1.5));
#14975=CARTESIAN_POINT('',(78.4375,16.025,-1.5));
#14976=CARTESIAN_POINT('',(78.4375,16.025,-1.5));
#14977=CARTESIAN_POINT('',(77.9375,16.525,-1.5));
#14978=CARTESIAN_POINT('Origin',(77.9375,16.025,-1.5));
#14979=CARTESIAN_POINT('',(64.9375,16.525,-1.5));
#14980=CARTESIAN_POINT('',(-77.9375,-2.525,-1.5));
#14981=CARTESIAN_POINT('',(-78.4375,-3.02499999999999,-1.5));
#14982=CARTESIAN_POINT('Origin',(-77.9375,-3.02499999999999,-1.5));
#14983=CARTESIAN_POINT('',(-78.4375,-16.025,-1.5));
#14984=CARTESIAN_POINT('',(-78.4375,-3.02499999999999,-1.5));
#14985=CARTESIAN_POINT('',(-77.9375,-16.525,-1.5));
#14986=CARTESIAN_POINT('Origin',(-77.9375,-16.025,-1.5));
#14987=CARTESIAN_POINT('',(-64.9375,-16.525,-1.5));
#14988=CARTESIAN_POINT('',(-77.9375,-16.525,-1.5));
#14989=CARTESIAN_POINT('',(-64.4375,-16.025,-1.5));
#14990=CARTESIAN_POINT('Origin',(-64.9375,-16.025,-1.5));
#14991=CARTESIAN_POINT('',(-64.4375,-3.02499999999999,-1.5));
#14992=CARTESIAN_POINT('',(-64.4375,-3.02499999999999,-1.5));
#14993=CARTESIAN_POINT('',(-64.9375,-2.525,-1.5));
#14994=CARTESIAN_POINT('Origin',(-64.9375,-3.02499999999999,-1.5));
#14995=CARTESIAN_POINT('',(-77.9375,-2.525,-1.5));
#14996=CARTESIAN_POINT('',(-39.8375,-2.525,-1.5));
#14997=CARTESIAN_POINT('',(-40.3375,-3.02499999999999,-1.5));
#14998=CARTESIAN_POINT('Origin',(-39.8375,-3.02499999999999,-1.5));
#14999=CARTESIAN_POINT('',(-40.3375,-16.025,-1.5));
#15000=CARTESIAN_POINT('',(-40.3375,-3.02499999999999,-1.5));
#15001=CARTESIAN_POINT('',(-39.8375,-16.525,-1.5));
#15002=CARTESIAN_POINT('Origin',(-39.8375,-16.025,-1.5));
#15003=CARTESIAN_POINT('',(-26.8375,-16.525,-1.5));
#15004=CARTESIAN_POINT('',(-39.8375,-16.525,-1.5));
#15005=CARTESIAN_POINT('',(-26.3375,-16.025,-1.5));
#15006=CARTESIAN_POINT('Origin',(-26.8375,-16.025,-1.5));
#15007=CARTESIAN_POINT('',(-26.3375,-3.02499999999999,-1.5));
#15008=CARTESIAN_POINT('',(-26.3375,-3.02499999999999,-1.5));
#15009=CARTESIAN_POINT('',(-26.8375,-2.525,-1.5));
#15010=CARTESIAN_POINT('Origin',(-26.8375,-3.02499999999999,-1.5));
#15011=CARTESIAN_POINT('',(-39.8375,-2.525,-1.5));
#15012=CARTESIAN_POINT('',(-11.25575,-19.575,-1.5));
#15013=CARTESIAN_POINT('',(-17.25575,-19.575,-1.5));
#15014=CARTESIAN_POINT('',(-11.25575,-19.575,-1.5));
#15015=CARTESIAN_POINT('',(-17.75575,-20.075,-1.5));
#15016=CARTESIAN_POINT('Origin',(-17.25575,-20.075,-1.5));
#15017=CARTESIAN_POINT('',(-17.75575,-37.075,-1.5));
#15018=CARTESIAN_POINT('',(-17.75575,-20.075,-1.5));
#15019=CARTESIAN_POINT('',(-17.25575,-37.575,-1.5));
#15020=CARTESIAN_POINT('Origin',(-17.25575,-37.075,-1.5));
#15021=CARTESIAN_POINT('',(-11.25575,-37.575,-1.5));
#15022=CARTESIAN_POINT('',(-17.25575,-37.575,-1.5));
#15023=CARTESIAN_POINT('',(-10.75575,-37.075,-1.5));
#15024=CARTESIAN_POINT('Origin',(-11.25575,-37.075,-1.5));
#15025=CARTESIAN_POINT('',(-10.75575,-20.075,-1.5));
#15026=CARTESIAN_POINT('',(-10.75575,-20.075,-1.5));
#15027=CARTESIAN_POINT('Origin',(-11.25575,-20.075,-1.5));
#15028=CARTESIAN_POINT('',(-104.13125,-2.525,-1.5));
#15029=CARTESIAN_POINT('',(-104.63125,-3.02499999999999,-1.5));
#15030=CARTESIAN_POINT('Origin',(-104.13125,-3.02499999999999,-1.5));
#15031=CARTESIAN_POINT('',(-104.63125,-16.025,-1.5));
#15032=CARTESIAN_POINT('',(-104.63125,-3.02499999999999,-1.5));
#15033=CARTESIAN_POINT('',(-104.13125,-16.525,-1.5));
#15034=CARTESIAN_POINT('Origin',(-104.13125,-16.025,-1.5));
#15035=CARTESIAN_POINT('',(-91.13125,-16.525,-1.5));
#15036=CARTESIAN_POINT('',(-104.13125,-16.525,-1.5));
#15037=CARTESIAN_POINT('',(-90.63125,-16.025,-1.5));
#15038=CARTESIAN_POINT('Origin',(-91.13125,-16.025,-1.5));
#15039=CARTESIAN_POINT('',(-90.63125,-3.02499999999999,-1.5));
#15040=CARTESIAN_POINT('',(-90.63125,-3.02499999999999,-1.5));
#15041=CARTESIAN_POINT('',(-91.13125,-2.52499999999999,-1.5));
#15042=CARTESIAN_POINT('Origin',(-91.13125,-3.02499999999999,-1.5));
#15043=CARTESIAN_POINT('',(-104.13125,-2.525,-1.5));
#15044=CARTESIAN_POINT('',(-87.4625,16.525,-1.5));
#15045=CARTESIAN_POINT('',(-87.9625,16.025,-1.5));
#15046=CARTESIAN_POINT('Origin',(-87.4625,16.025,-1.5));
#15047=CARTESIAN_POINT('',(-87.9625,3.025,-1.5));
#15048=CARTESIAN_POINT('',(-87.9625,16.025,-1.5));
#15049=CARTESIAN_POINT('',(-87.4625,2.525,-1.5));
#15050=CARTESIAN_POINT('Origin',(-87.4625,3.025,-1.5));
#15051=CARTESIAN_POINT('',(-74.4625,2.525,-1.5));
#15052=CARTESIAN_POINT('',(-87.4625,2.525,-1.5));
#15053=CARTESIAN_POINT('',(-73.9625,3.025,-1.5));
#15054=CARTESIAN_POINT('Origin',(-74.4625,3.025,-1.5));
#15055=CARTESIAN_POINT('',(-73.9625,16.025,-1.5));
#15056=CARTESIAN_POINT('',(-73.9625,16.025,-1.5));
#15057=CARTESIAN_POINT('',(-74.4625,16.525,-1.5));
#15058=CARTESIAN_POINT('Origin',(-74.4625,16.025,-1.5));
#15059=CARTESIAN_POINT('',(-87.4625,16.525,-1.5));
#15060=CARTESIAN_POINT('',(-20.7875,-2.525,-1.5));
#15061=CARTESIAN_POINT('',(-21.2875,-3.02499999999999,-1.5));
#15062=CARTESIAN_POINT('Origin',(-20.7875,-3.02499999999999,-1.5));
#15063=CARTESIAN_POINT('',(-21.2875,-16.025,-1.5));
#15064=CARTESIAN_POINT('',(-21.2875,-3.02499999999999,-1.5));
#15065=CARTESIAN_POINT('',(-20.7875,-16.525,-1.5));
#15066=CARTESIAN_POINT('Origin',(-20.7875,-16.025,-1.5));
#15067=CARTESIAN_POINT('',(-7.78749999999999,-16.525,-1.5));
#15068=CARTESIAN_POINT('',(-20.7875,-16.525,-1.5));
#15069=CARTESIAN_POINT('',(-7.28749999999999,-16.025,-1.5));
#15070=CARTESIAN_POINT('Origin',(-7.78749999999999,-16.025,-1.5));
#15071=CARTESIAN_POINT('',(-7.28749999999998,-3.02499999999999,-1.5));
#15072=CARTESIAN_POINT('',(-7.28749999999998,-3.02499999999999,-1.5));
#15073=CARTESIAN_POINT('',(-7.78749999999999,-2.52499999999999,-1.5));
#15074=CARTESIAN_POINT('Origin',(-7.78749999999999,-3.02499999999999,-1.5));
#15075=CARTESIAN_POINT('',(-20.7875,-2.525,-1.5));
#15076=CARTESIAN_POINT('',(29.86925,-37.075,-1.5));
#15077=CARTESIAN_POINT('',(30.36925,-37.575,-1.5));
#15078=CARTESIAN_POINT('Origin',(30.36925,-37.075,-1.5));
#15079=CARTESIAN_POINT('',(36.36925,-37.575,-1.5));
#15080=CARTESIAN_POINT('',(30.36925,-37.575,-1.5));
#15081=CARTESIAN_POINT('',(36.86925,-37.075,-1.5));
#15082=CARTESIAN_POINT('Origin',(36.36925,-37.075,-1.5));
#15083=CARTESIAN_POINT('',(36.86925,-20.075,-1.5));
#15084=CARTESIAN_POINT('',(36.86925,-37.075,-1.5));
#15085=CARTESIAN_POINT('',(36.36925,-19.575,-1.5));
#15086=CARTESIAN_POINT('Origin',(36.36925,-20.075,-1.5));
#15087=CARTESIAN_POINT('',(30.36925,-19.575,-1.5));
#15088=CARTESIAN_POINT('',(36.36925,-19.575,-1.5));
#15089=CARTESIAN_POINT('',(29.86925,-20.075,-1.5));
#15090=CARTESIAN_POINT('Origin',(30.36925,-20.075,-1.5));
#15091=CARTESIAN_POINT('',(29.86925,-37.075,-1.5));
#15092=CARTESIAN_POINT('',(50.3875,-31.75254,-1.5));
#15093=CARTESIAN_POINT('Origin',(52.3875,-31.75254,-1.5));
#15094=CARTESIAN_POINT('',(74.7,-41.1,-1.5));
#15095=CARTESIAN_POINT('Origin',(76.2,-41.1,-1.5));
#15096=CARTESIAN_POINT('',(98.275,-2.525,-1.5));
#15097=CARTESIAN_POINT('',(97.775,-3.02499999999999,-1.5));
#15098=CARTESIAN_POINT('Origin',(98.275,-3.02499999999999,-1.5));
#15099=CARTESIAN_POINT('',(97.775,-16.025,-1.5));
#15100=CARTESIAN_POINT('',(97.775,-3.02499999999999,-1.5));
#15101=CARTESIAN_POINT('',(98.275,-16.525,-1.5));
#15102=CARTESIAN_POINT('Origin',(98.275,-16.025,-1.5));
#15103=CARTESIAN_POINT('',(111.275,-16.525,-1.5));
#15104=CARTESIAN_POINT('',(98.275,-16.525,-1.5));
#15105=CARTESIAN_POINT('',(111.775,-16.025,-1.5));
#15106=CARTESIAN_POINT('Origin',(111.275,-16.025,-1.5));
#15107=CARTESIAN_POINT('',(111.775,-3.02499999999999,-1.5));
#15108=CARTESIAN_POINT('',(111.775,-3.02499999999999,-1.5));
#15109=CARTESIAN_POINT('',(111.275,-2.52499999999999,-1.5));
#15110=CARTESIAN_POINT('Origin',(111.275,-3.02499999999999,-1.5));
#15111=CARTESIAN_POINT('',(98.275,-2.525,-1.5));
#15112=CARTESIAN_POINT('',(36.3625,-2.525,-1.5));
#15113=CARTESIAN_POINT('',(35.8625,-3.02499999999999,-1.5));
#15114=CARTESIAN_POINT('Origin',(36.3625,-3.02499999999999,-1.5));
#15115=CARTESIAN_POINT('',(35.8625,-16.025,-1.5));
#15116=CARTESIAN_POINT('',(35.8625,-3.02499999999999,-1.5));
#15117=CARTESIAN_POINT('',(36.3625,-16.525,-1.5));
#15118=CARTESIAN_POINT('Origin',(36.3625,-16.025,-1.5));
#15119=CARTESIAN_POINT('',(49.3625,-16.525,-1.5));
#15120=CARTESIAN_POINT('',(36.3625,-16.525,-1.5));
#15121=CARTESIAN_POINT('',(49.8625,-16.025,-1.5));
#15122=CARTESIAN_POINT('Origin',(49.3625,-16.025,-1.5));
#15123=CARTESIAN_POINT('',(49.8625,-3.02499999999999,-1.5));
#15124=CARTESIAN_POINT('',(49.8625,-3.02499999999999,-1.5));
#15125=CARTESIAN_POINT('',(49.3625,-2.52499999999999,-1.5));
#15126=CARTESIAN_POINT('Origin',(49.3625,-3.02499999999999,-1.5));
#15127=CARTESIAN_POINT('',(36.3625,-2.525,-1.5));
#15128=CARTESIAN_POINT('',(57.79375,-2.525,-1.5));
#15129=CARTESIAN_POINT('',(57.29375,-3.02499999999999,-1.5));
#15130=CARTESIAN_POINT('Origin',(57.79375,-3.02499999999999,-1.5));
#15131=CARTESIAN_POINT('',(57.29375,-16.025,-1.5));
#15132=CARTESIAN_POINT('',(57.29375,-3.02499999999999,-1.5));
#15133=CARTESIAN_POINT('',(57.79375,-16.525,-1.5));
#15134=CARTESIAN_POINT('Origin',(57.79375,-16.025,-1.5));
#15135=CARTESIAN_POINT('',(70.79375,-16.525,-1.5));
#15136=CARTESIAN_POINT('',(57.79375,-16.525,-1.5));
#15137=CARTESIAN_POINT('',(71.29375,-16.025,-1.5));
#15138=CARTESIAN_POINT('Origin',(70.79375,-16.025,-1.5));
#15139=CARTESIAN_POINT('',(71.29375,-3.02499999999999,-1.5));
#15140=CARTESIAN_POINT('',(71.29375,-3.02499999999999,-1.5));
#15141=CARTESIAN_POINT('',(70.79375,-2.52500000000002,-1.5));
#15142=CARTESIAN_POINT('Origin',(70.79375,-3.02499999999999,-1.5));
#15143=CARTESIAN_POINT('',(57.79375,-2.525,-1.5));
#15144=CARTESIAN_POINT('',(45.8875,16.525,-1.5));
#15145=CARTESIAN_POINT('',(45.3875,16.025,-1.5));
#15146=CARTESIAN_POINT('Origin',(45.8875,16.025,-1.5));
#15147=CARTESIAN_POINT('',(45.3875,3.025,-1.5));
#15148=CARTESIAN_POINT('',(45.3875,16.025,-1.5));
#15149=CARTESIAN_POINT('',(45.8875,2.525,-1.5));
#15150=CARTESIAN_POINT('Origin',(45.8875,3.025,-1.5));
#15151=CARTESIAN_POINT('',(58.8875,2.525,-1.5));
#15152=CARTESIAN_POINT('',(45.8875,2.525,-1.5));
#15153=CARTESIAN_POINT('',(59.3875,3.025,-1.5));
#15154=CARTESIAN_POINT('Origin',(58.8875,3.025,-1.5));
#15155=CARTESIAN_POINT('',(59.3875,16.025,-1.5));
#15156=CARTESIAN_POINT('',(59.3875,16.025,-1.5));
#15157=CARTESIAN_POINT('',(58.8875,16.525,-1.5));
#15158=CARTESIAN_POINT('Origin',(58.8875,16.025,-1.5));
#15159=CARTESIAN_POINT('',(45.8875,16.525,-1.5));
#15160=CARTESIAN_POINT('',(26.8375,16.525,-1.5));
#15161=CARTESIAN_POINT('',(26.3375,16.025,-1.5));
#15162=CARTESIAN_POINT('Origin',(26.8375,16.025,-1.5));
#15163=CARTESIAN_POINT('',(26.3375,3.025,-1.5));
#15164=CARTESIAN_POINT('',(26.3375,16.025,-1.5));
#15165=CARTESIAN_POINT('',(26.8375,2.525,-1.5));
#15166=CARTESIAN_POINT('Origin',(26.8375,3.025,-1.5));
#15167=CARTESIAN_POINT('',(39.8375,2.525,-1.5));
#15168=CARTESIAN_POINT('',(26.8375,2.525,-1.5));
#15169=CARTESIAN_POINT('',(40.3375,3.025,-1.5));
#15170=CARTESIAN_POINT('Origin',(39.8375,3.025,-1.5));
#15171=CARTESIAN_POINT('',(40.3375,16.025,-1.5));
#15172=CARTESIAN_POINT('',(40.3375,16.025,-1.5));
#15173=CARTESIAN_POINT('',(39.8375,16.525,-1.5));
#15174=CARTESIAN_POINT('Origin',(39.8375,16.025,-1.5));
#15175=CARTESIAN_POINT('',(26.8375,16.525,-1.5));
#15176=CARTESIAN_POINT('',(-30.3125,16.525,-1.5));
#15177=CARTESIAN_POINT('',(-30.8125,16.025,-1.5));
#15178=CARTESIAN_POINT('Origin',(-30.3125,16.025,-1.5));
#15179=CARTESIAN_POINT('',(-30.8125,3.025,-1.5));
#15180=CARTESIAN_POINT('',(-30.8125,16.025,-1.5));
#15181=CARTESIAN_POINT('',(-30.3125,2.52500000000001,-1.5));
#15182=CARTESIAN_POINT('Origin',(-30.3125,3.025,-1.5));
#15183=CARTESIAN_POINT('',(-17.3125,2.525,-1.5));
#15184=CARTESIAN_POINT('',(-30.3125,2.525,-1.5));
#15185=CARTESIAN_POINT('',(-16.8125,3.025,-1.5));
#15186=CARTESIAN_POINT('Origin',(-17.3125,3.025,-1.5));
#15187=CARTESIAN_POINT('',(-16.8125,16.025,-1.5));
#15188=CARTESIAN_POINT('',(-16.8125,16.025,-1.5));
#15189=CARTESIAN_POINT('',(-17.3125,16.525,-1.5));
#15190=CARTESIAN_POINT('Origin',(-17.3125,16.025,-1.5));
#15191=CARTESIAN_POINT('',(-30.3125,16.525,-1.5));
#15192=CARTESIAN_POINT('',(-108.89375,16.525,-1.5));
#15193=CARTESIAN_POINT('',(-109.39375,16.025,-1.5));
#15194=CARTESIAN_POINT('Origin',(-108.89375,16.025,-1.5));
#15195=CARTESIAN_POINT('',(-109.39375,3.025,-1.5));
#15196=CARTESIAN_POINT('',(-109.39375,16.025,-1.5));
#15197=CARTESIAN_POINT('',(-108.89375,2.525,-1.5));
#15198=CARTESIAN_POINT('Origin',(-108.89375,3.025,-1.5));
#15199=CARTESIAN_POINT('',(-95.89375,2.525,-1.5));
#15200=CARTESIAN_POINT('',(-108.89375,2.525,-1.5));
#15201=CARTESIAN_POINT('',(-95.39375,3.025,-1.5));
#15202=CARTESIAN_POINT('Origin',(-95.89375,3.025,-1.5));
#15203=CARTESIAN_POINT('',(-95.39375,16.025,-1.5));
#15204=CARTESIAN_POINT('',(-95.39375,16.025,-1.5));
#15205=CARTESIAN_POINT('',(-95.89375,16.525,-1.5));
#15206=CARTESIAN_POINT('Origin',(-95.89375,16.025,-1.5));
#15207=CARTESIAN_POINT('',(-108.89375,16.525,-1.5));
#15208=CARTESIAN_POINT('',(-77.7,-41.1,-1.5));
#15209=CARTESIAN_POINT('Origin',(-76.2,-41.1,-1.5));
#15210=CARTESIAN_POINT('',(-11.2625,16.525,-1.5));
#15211=CARTESIAN_POINT('',(-11.7625,16.025,-1.5));
#15212=CARTESIAN_POINT('Origin',(-11.2625,16.025,-1.5));
#15213=CARTESIAN_POINT('',(-11.7625,3.025,-1.5));
#15214=CARTESIAN_POINT('',(-11.7625,16.025,-1.5));
#15215=CARTESIAN_POINT('',(-11.2625,2.525,-1.5));
#15216=CARTESIAN_POINT('Origin',(-11.2625,3.025,-1.5));
#15217=CARTESIAN_POINT('',(1.7375,2.525,-1.5));
#15218=CARTESIAN_POINT('',(-11.2625,2.525,-1.5));
#15219=CARTESIAN_POINT('',(2.2375,3.025,-1.5));
#15220=CARTESIAN_POINT('Origin',(1.7375,3.025,-1.5));
#15221=CARTESIAN_POINT('',(2.23750000000001,16.025,-1.5));
#15222=CARTESIAN_POINT('',(2.23750000000001,16.025,-1.5));
#15223=CARTESIAN_POINT('',(1.7375,16.525,-1.5));
#15224=CARTESIAN_POINT('Origin',(1.7375,16.025,-1.5));
#15225=CARTESIAN_POINT('',(-11.2625,16.525,-1.5));
#15226=CARTESIAN_POINT('',(-73.175,35.575,-1.5));
#15227=CARTESIAN_POINT('',(-73.675,35.075,-1.5));
#15228=CARTESIAN_POINT('Origin',(-73.175,35.075,-1.5));
#15229=CARTESIAN_POINT('',(-73.675,22.075,-1.5));
#15230=CARTESIAN_POINT('',(-73.675,35.075,-1.5));
#15231=CARTESIAN_POINT('',(-73.175,21.575,-1.5));
#15232=CARTESIAN_POINT('Origin',(-73.175,22.075,-1.5));
#15233=CARTESIAN_POINT('',(-60.175,21.575,-1.5));
#15234=CARTESIAN_POINT('',(-73.175,21.575,-1.5));
#15235=CARTESIAN_POINT('',(-59.675,22.075,-1.5));
#15236=CARTESIAN_POINT('Origin',(-60.175,22.075,-1.5));
#15237=CARTESIAN_POINT('',(-59.675,35.075,-1.5));
#15238=CARTESIAN_POINT('',(-59.675,35.075,-1.5));
#15239=CARTESIAN_POINT('',(-60.175,35.575,-1.5));
#15240=CARTESIAN_POINT('Origin',(-60.175,35.075,-1.5));
#15241=CARTESIAN_POINT('',(-73.175,35.575,-1.5));
#15242=CARTESIAN_POINT('',(7.78750000000002,16.525,-1.5));
#15243=CARTESIAN_POINT('',(7.28750000000002,16.025,-1.5));
#15244=CARTESIAN_POINT('Origin',(7.78750000000002,16.025,-1.5));
#15245=CARTESIAN_POINT('',(7.28750000000002,3.025,-1.5));
#15246=CARTESIAN_POINT('',(7.28750000000002,16.025,-1.5));
#15247=CARTESIAN_POINT('',(7.78750000000002,2.525,-1.5));
#15248=CARTESIAN_POINT('Origin',(7.78750000000002,3.025,-1.5));
#15249=CARTESIAN_POINT('',(20.7875,2.525,-1.5));
#15250=CARTESIAN_POINT('',(7.78750000000002,2.525,-1.5));
#15251=CARTESIAN_POINT('',(21.2875,3.025,-1.5));
#15252=CARTESIAN_POINT('Origin',(20.7875,3.025,-1.5));
#15253=CARTESIAN_POINT('',(21.2875,16.025,-1.5));
#15254=CARTESIAN_POINT('',(21.2875,16.025,-1.5));
#15255=CARTESIAN_POINT('',(20.7875,16.525,-1.5));
#15256=CARTESIAN_POINT('Origin',(20.7875,16.025,-1.5));
#15257=CARTESIAN_POINT('',(7.78750000000002,16.525,-1.5));
#15258=CARTESIAN_POINT('',(-32.69375,-21.575,-1.5));
#15259=CARTESIAN_POINT('',(-33.19375,-22.075,-1.5));
#15260=CARTESIAN_POINT('Origin',(-32.69375,-22.075,-1.5));
#15261=CARTESIAN_POINT('',(-33.19375,-35.075,-1.5));
#15262=CARTESIAN_POINT('',(-33.19375,-22.075,-1.5));
#15263=CARTESIAN_POINT('',(-32.69375,-35.575,-1.5));
#15264=CARTESIAN_POINT('Origin',(-32.69375,-35.075,-1.5));
#15265=CARTESIAN_POINT('',(-19.69375,-35.575,-1.5));
#15266=CARTESIAN_POINT('',(-32.69375,-35.575,-1.5));
#15267=CARTESIAN_POINT('',(-19.19375,-35.075,-1.5));
#15268=CARTESIAN_POINT('Origin',(-19.69375,-35.075,-1.5));
#15269=CARTESIAN_POINT('',(-19.19375,-22.075,-1.5));
#15270=CARTESIAN_POINT('',(-19.19375,-22.075,-1.5));
#15271=CARTESIAN_POINT('',(-19.69375,-21.575,-1.5));
#15272=CARTESIAN_POINT('Origin',(-19.69375,-22.075,-1.5));
#15273=CARTESIAN_POINT('',(-32.69375,-21.575,-1.5));
#15274=CARTESIAN_POINT('',(-66.03125,-21.575,-1.5));
#15275=CARTESIAN_POINT('',(-66.53125,-22.075,-1.5));
#15276=CARTESIAN_POINT('Origin',(-66.03125,-22.075,-1.5));
#15277=CARTESIAN_POINT('',(-66.53125,-35.075,-1.5));
#15278=CARTESIAN_POINT('',(-66.53125,-22.075,-1.5));
#15279=CARTESIAN_POINT('',(-66.03125,-35.575,-1.5));
#15280=CARTESIAN_POINT('Origin',(-66.03125,-35.075,-1.5));
#15281=CARTESIAN_POINT('',(-53.03125,-35.575,-1.5));
#15282=CARTESIAN_POINT('',(-66.03125,-35.575,-1.5));
#15283=CARTESIAN_POINT('',(-52.53125,-35.075,-1.5));
#15284=CARTESIAN_POINT('Origin',(-53.03125,-35.075,-1.5));
#15285=CARTESIAN_POINT('',(-52.53125,-22.075,-1.5));
#15286=CARTESIAN_POINT('',(-52.53125,-22.075,-1.5));
#15287=CARTESIAN_POINT('',(-53.03125,-21.575,-1.5));
#15288=CARTESIAN_POINT('Origin',(-53.03125,-22.075,-1.5));
#15289=CARTESIAN_POINT('',(-66.03125,-21.575,-1.5));
#15290=CARTESIAN_POINT('',(-1.73749999999998,-2.525,-1.5));
#15291=CARTESIAN_POINT('',(-2.23749999999998,-3.02499999999999,-1.5));
#15292=CARTESIAN_POINT('Origin',(-1.73749999999998,-3.02499999999999,-1.5));
#15293=CARTESIAN_POINT('',(-2.23749999999999,-16.025,-1.5));
#15294=CARTESIAN_POINT('',(-2.23749999999999,-3.02499999999999,-1.5));
#15295=CARTESIAN_POINT('',(-1.73749999999998,-16.525,-1.5));
#15296=CARTESIAN_POINT('Origin',(-1.73749999999998,-16.025,-1.5));
#15297=CARTESIAN_POINT('',(11.2625,-16.525,-1.5));
#15298=CARTESIAN_POINT('',(-1.73749999999998,-16.525,-1.5));
#15299=CARTESIAN_POINT('',(11.7625,-16.025,-1.5));
#15300=CARTESIAN_POINT('Origin',(11.2625,-16.025,-1.5));
#15301=CARTESIAN_POINT('',(11.7625,-3.02499999999999,-1.5));
#15302=CARTESIAN_POINT('',(11.7625,-3.02499999999999,-1.5));
#15303=CARTESIAN_POINT('',(11.2625,-2.52499999999999,-1.5));
#15304=CARTESIAN_POINT('Origin',(11.2625,-3.02499999999999,-1.5));
#15305=CARTESIAN_POINT('',(-1.73749999999998,-2.525,-1.5));
#15306=CARTESIAN_POINT('',(-54.125,35.575,-1.5));
#15307=CARTESIAN_POINT('',(-54.625,35.075,-1.5));
#15308=CARTESIAN_POINT('Origin',(-54.125,35.075,-1.5));
#15309=CARTESIAN_POINT('',(-54.625,22.075,-1.5));
#15310=CARTESIAN_POINT('',(-54.625,35.075,-1.5));
#15311=CARTESIAN_POINT('',(-54.125,21.575,-1.5));
#15312=CARTESIAN_POINT('Origin',(-54.125,22.075,-1.5));
#15313=CARTESIAN_POINT('',(-41.125,21.575,-1.5));
#15314=CARTESIAN_POINT('',(-54.125,21.575,-1.5));
#15315=CARTESIAN_POINT('',(-40.625,22.075,-1.5));
#15316=CARTESIAN_POINT('Origin',(-41.125,22.075,-1.5));
#15317=CARTESIAN_POINT('',(-40.625,35.075,-1.5));
#15318=CARTESIAN_POINT('',(-40.625,35.075,-1.5));
#15319=CARTESIAN_POINT('',(-41.125,35.575,-1.5));
#15320=CARTESIAN_POINT('Origin',(-41.125,35.075,-1.5));
#15321=CARTESIAN_POINT('',(-54.125,35.575,-1.5));
#15322=CARTESIAN_POINT('',(-41.63175,-37.075,-1.5));
#15323=CARTESIAN_POINT('',(-41.13175,-37.575,-1.5));
#15324=CARTESIAN_POINT('Origin',(-41.13175,-37.075,-1.5));
#15325=CARTESIAN_POINT('',(-35.13175,-37.575,-1.5));
#15326=CARTESIAN_POINT('',(-41.13175,-37.575,-1.5));
#15327=CARTESIAN_POINT('',(-34.63175,-37.075,-1.5));
#15328=CARTESIAN_POINT('Origin',(-35.13175,-37.075,-1.5));
#15329=CARTESIAN_POINT('',(-34.63175,-20.075,-1.5));
#15330=CARTESIAN_POINT('',(-34.63175,-37.075,-1.5));
#15331=CARTESIAN_POINT('',(-35.13175,-19.575,-1.5));
#15332=CARTESIAN_POINT('Origin',(-35.13175,-20.075,-1.5));
#15333=CARTESIAN_POINT('',(-41.13175,-19.575,-1.5));
#15334=CARTESIAN_POINT('',(-35.13175,-19.575,-1.5));
#15335=CARTESIAN_POINT('',(-41.6317499999999,-20.0750003539842,-1.5));
#15336=CARTESIAN_POINT('Origin',(-41.13175,-20.075,-1.5));
#15337=CARTESIAN_POINT('',(-41.63175,-37.075,-1.5));
#15338=CARTESIAN_POINT('',(79.225,-2.525,-1.5));
#15339=CARTESIAN_POINT('',(78.725,-3.02499999999999,-1.5));
#15340=CARTESIAN_POINT('Origin',(79.225,-3.02499999999999,-1.5));
#15341=CARTESIAN_POINT('',(78.725,-16.025,-1.5));
#15342=CARTESIAN_POINT('',(78.725,-3.02499999999999,-1.5));
#15343=CARTESIAN_POINT('',(79.225,-16.525,-1.5));
#15344=CARTESIAN_POINT('Origin',(79.225,-16.025,-1.5));
#15345=CARTESIAN_POINT('',(92.225,-16.525,-1.5));
#15346=CARTESIAN_POINT('',(79.225,-16.525,-1.5));
#15347=CARTESIAN_POINT('',(92.7250000000001,-16.025,-1.5));
#15348=CARTESIAN_POINT('Origin',(92.225,-16.025,-1.5));
#15349=CARTESIAN_POINT('',(92.725,-3.02499999999999,-1.5));
#15350=CARTESIAN_POINT('',(92.725,-3.02499999999999,-1.5));
#15351=CARTESIAN_POINT('',(92.225,-2.52500000000002,-1.5));
#15352=CARTESIAN_POINT('Origin',(92.225,-3.02499999999999,-1.5));
#15353=CARTESIAN_POINT('',(79.225,-2.525,-1.5));
#15354=CARTESIAN_POINT('',(-68.4125,16.525,-1.5));
#15355=CARTESIAN_POINT('',(-68.9125,16.025,-1.5));
#15356=CARTESIAN_POINT('Origin',(-68.4125,16.025,-1.5));
#15357=CARTESIAN_POINT('',(-68.9125,3.025,-1.5));
#15358=CARTESIAN_POINT('',(-68.9125,16.025,-1.5));
#15359=CARTESIAN_POINT('',(-68.4125,2.525,-1.5));
#15360=CARTESIAN_POINT('Origin',(-68.4125,3.025,-1.5));
#15361=CARTESIAN_POINT('',(-55.4125,2.525,-1.5));
#15362=CARTESIAN_POINT('',(-68.4125,2.525,-1.5));
#15363=CARTESIAN_POINT('',(-54.9125,3.025,-1.5));
#15364=CARTESIAN_POINT('Origin',(-55.4125,3.025,-1.5));
#15365=CARTESIAN_POINT('',(-54.9125,16.025,-1.5));
#15366=CARTESIAN_POINT('',(-54.9125,16.025,-1.5));
#15367=CARTESIAN_POINT('',(-55.4125,16.525,-1.5));
#15368=CARTESIAN_POINT('Origin',(-55.4125,16.025,-1.5));
#15369=CARTESIAN_POINT('',(-68.4125,16.525,-1.5));
#15370=CARTESIAN_POINT('',(50.3875,-25.40127,-1.5));
#15371=CARTESIAN_POINT('Origin',(52.3875,-25.40127,-1.5));
#15372=CARTESIAN_POINT('',(-87.4625,-21.575,-1.5));
#15373=CARTESIAN_POINT('',(-87.9625,-22.075,-1.5));
#15374=CARTESIAN_POINT('Origin',(-87.4625,-22.075,-1.5));
#15375=CARTESIAN_POINT('',(-87.9625,-35.075,-1.5));
#15376=CARTESIAN_POINT('',(-87.9625,-22.075,-1.5));
#15377=CARTESIAN_POINT('',(-87.4625,-35.575,-1.5));
#15378=CARTESIAN_POINT('Origin',(-87.4625,-35.075,-1.5));
#15379=CARTESIAN_POINT('',(-74.4625,-35.575,-1.5));
#15380=CARTESIAN_POINT('',(-87.4625,-35.575,-1.5));
#15381=CARTESIAN_POINT('',(-73.9625,-35.075,-1.5));
#15382=CARTESIAN_POINT('Origin',(-74.4625,-35.075,-1.5));
#15383=CARTESIAN_POINT('',(-73.9625,-22.075,-1.5));
#15384=CARTESIAN_POINT('',(-73.9625,-22.075,-1.5));
#15385=CARTESIAN_POINT('',(-74.4625,-21.575,-1.5));
#15386=CARTESIAN_POINT('Origin',(-74.4625,-22.075,-1.5));
#15387=CARTESIAN_POINT('',(-87.4625,-21.575,-1.5));
#15388=CARTESIAN_POINT('',(60.175,35.575,-1.5));
#15389=CARTESIAN_POINT('',(59.675,35.075,-1.5));
#15390=CARTESIAN_POINT('Origin',(60.175,35.075,-1.5));
#15391=CARTESIAN_POINT('',(59.675,22.075,-1.5));
#15392=CARTESIAN_POINT('',(59.675,35.075,-1.5));
#15393=CARTESIAN_POINT('',(60.175,21.575,-1.5));
#15394=CARTESIAN_POINT('Origin',(60.175,22.075,-1.5));
#15395=CARTESIAN_POINT('',(73.175,21.575,-1.5));
#15396=CARTESIAN_POINT('',(60.175,21.575,-1.5));
#15397=CARTESIAN_POINT('',(73.675,22.075,-1.5));
#15398=CARTESIAN_POINT('Origin',(73.175,22.075,-1.5));
#15399=CARTESIAN_POINT('',(73.675,35.075,-1.5));
#15400=CARTESIAN_POINT('',(73.675,35.075,-1.5));
#15401=CARTESIAN_POINT('',(73.175,35.575,-1.5));
#15402=CARTESIAN_POINT('Origin',(73.175,35.075,-1.5));
#15403=CARTESIAN_POINT('',(60.175,35.575,-1.5));
#15404=CARTESIAN_POINT('',(41.125,35.575,-1.5));
#15405=CARTESIAN_POINT('',(40.625,35.075,-1.5));
#15406=CARTESIAN_POINT('Origin',(41.125,35.075,-1.5));
#15407=CARTESIAN_POINT('',(40.625,22.075,-1.5));
#15408=CARTESIAN_POINT('',(40.625,35.075,-1.5));
#15409=CARTESIAN_POINT('',(41.125,21.575,-1.5));
#15410=CARTESIAN_POINT('Origin',(41.125,22.075,-1.5));
#15411=CARTESIAN_POINT('',(54.125,21.575,-1.5));
#15412=CARTESIAN_POINT('',(41.125,21.575,-1.5));
#15413=CARTESIAN_POINT('',(54.625,22.075,-1.5));
#15414=CARTESIAN_POINT('Origin',(54.125,22.075,-1.5));
#15415=CARTESIAN_POINT('',(54.625,35.075,-1.5));
#15416=CARTESIAN_POINT('',(54.625,35.075,-1.5));
#15417=CARTESIAN_POINT('',(54.125,35.575,-1.5));
#15418=CARTESIAN_POINT('Origin',(54.125,35.075,-1.5));
#15419=CARTESIAN_POINT('',(41.125,35.575,-1.5));
#15420=CARTESIAN_POINT('',(17.3125,-2.525,-1.5));
#15421=CARTESIAN_POINT('',(16.8125,-3.02499999999999,-1.5));
#15422=CARTESIAN_POINT('Origin',(17.3125,-3.02499999999999,-1.5));
#15423=CARTESIAN_POINT('',(16.8125,-16.025,-1.5));
#15424=CARTESIAN_POINT('',(16.8125,-3.02499999999999,-1.5));
#15425=CARTESIAN_POINT('',(17.3125,-16.525,-1.5));
#15426=CARTESIAN_POINT('Origin',(17.3125,-16.025,-1.5));
#15427=CARTESIAN_POINT('',(30.3125,-16.525,-1.5));
#15428=CARTESIAN_POINT('',(17.3125,-16.525,-1.5));
#15429=CARTESIAN_POINT('',(30.8125,-16.025,-1.5));
#15430=CARTESIAN_POINT('Origin',(30.3125,-16.025,-1.5));
#15431=CARTESIAN_POINT('',(30.8125,-3.02499999999999,-1.5));
#15432=CARTESIAN_POINT('',(30.8125,-3.02499999999999,-1.5));
#15433=CARTESIAN_POINT('',(30.3125,-2.52499999999999,-1.5));
#15434=CARTESIAN_POINT('Origin',(30.3125,-3.02499999999999,-1.5));
#15435=CARTESIAN_POINT('',(17.3125,-2.525,-1.5));
#15436=CARTESIAN_POINT('',(-77.7,41.1,-1.5));
#15437=CARTESIAN_POINT('Origin',(-76.2,41.1,-1.5));
#15438=CARTESIAN_POINT('',(5.99325,-37.075,-1.5));
#15439=CARTESIAN_POINT('',(6.49325000000001,-37.575,-1.5));
#15440=CARTESIAN_POINT('Origin',(6.49325000000001,-37.075,-1.5));
#15441=CARTESIAN_POINT('',(12.49325,-37.575,-1.5));
#15442=CARTESIAN_POINT('',(6.49325000000001,-37.575,-1.5));
#15443=CARTESIAN_POINT('',(12.99325,-37.075,-1.5));
#15444=CARTESIAN_POINT('Origin',(12.49325,-37.075,-1.5));
#15445=CARTESIAN_POINT('',(12.99325,-20.075,-1.5));
#15446=CARTESIAN_POINT('',(12.99325,-37.075,-1.5));
#15447=CARTESIAN_POINT('',(12.49325,-19.575,-1.5));
#15448=CARTESIAN_POINT('Origin',(12.49325,-20.075,-1.5));
#15449=CARTESIAN_POINT('',(6.49325000000001,-19.575,-1.5));
#15450=CARTESIAN_POINT('',(12.49325,-19.575,-1.5));
#15451=CARTESIAN_POINT('',(5.99325000000001,-20.075,-1.5));
#15452=CARTESIAN_POINT('Origin',(6.49325000000001,-20.075,-1.5));
#15453=CARTESIAN_POINT('',(5.99325,-37.075,-1.5));
#15454=CARTESIAN_POINT('',(91.13125,16.525,-1.5));
#15455=CARTESIAN_POINT('',(90.63125,16.025,-1.5));
#15456=CARTESIAN_POINT('Origin',(91.13125,16.025,-1.5));
#15457=CARTESIAN_POINT('',(90.63125,3.025,-1.5));
#15458=CARTESIAN_POINT('',(90.63125,16.025,-1.5));
#15459=CARTESIAN_POINT('',(91.13125,2.525,-1.5));
#15460=CARTESIAN_POINT('Origin',(91.13125,3.025,-1.5));
#15461=CARTESIAN_POINT('',(104.13125,2.525,-1.5));
#15462=CARTESIAN_POINT('',(91.13125,2.525,-1.5));
#15463=CARTESIAN_POINT('',(104.63125,3.025,-1.5));
#15464=CARTESIAN_POINT('Origin',(104.13125,3.025,-1.5));
#15465=CARTESIAN_POINT('',(104.63125,16.025,-1.5));
#15466=CARTESIAN_POINT('',(104.63125,16.025,-1.5));
#15467=CARTESIAN_POINT('',(104.13125,16.525,-1.5));
#15468=CARTESIAN_POINT('Origin',(104.13125,16.025,-1.5));
#15469=CARTESIAN_POINT('',(91.13125,16.525,-1.5));
#15470=CARTESIAN_POINT('',(60.175,-21.575,-1.5));
#15471=CARTESIAN_POINT('',(59.675,-22.075,-1.5));
#15472=CARTESIAN_POINT('Origin',(60.175,-22.075,-1.5));
#15473=CARTESIAN_POINT('',(59.675,-35.075,-1.5));
#15474=CARTESIAN_POINT('',(59.675,-22.075,-1.5));
#15475=CARTESIAN_POINT('',(60.175,-35.575,-1.5));
#15476=CARTESIAN_POINT('Origin',(60.175,-35.075,-1.5));
#15477=CARTESIAN_POINT('',(73.175,-35.575,-1.5));
#15478=CARTESIAN_POINT('',(60.175,-35.575,-1.5));
#15479=CARTESIAN_POINT('',(73.675,-35.075,-1.5));
#15480=CARTESIAN_POINT('Origin',(73.175,-35.075,-1.5));
#15481=CARTESIAN_POINT('',(73.675,-22.075,-1.5));
#15482=CARTESIAN_POINT('',(73.675,-22.075,-1.5));
#15483=CARTESIAN_POINT('',(73.175,-21.575,-1.5));
#15484=CARTESIAN_POINT('Origin',(73.175,-22.075,-1.5));
#15485=CARTESIAN_POINT('',(60.175,-21.575,-1.5));
#15486=CARTESIAN_POINT('Origin',(21.075,32.9863589616284,0.));
#15487=CARTESIAN_POINT('',(20.8909092084573,33.4512359135943,0.));
#15488=CARTESIAN_POINT('',(21.575,32.9863589616284,0.));
#15489=CARTESIAN_POINT('Origin',(21.575,33.7844079624743,0.));
#15490=CARTESIAN_POINT('',(21.575,22.075,0.));
#15491=CARTESIAN_POINT('Origin',(17.025,32.9863599857065,0.));
#15492=CARTESIAN_POINT('',(16.525,32.9863599857065,0.));
#15493=CARTESIAN_POINT('',(17.2090910266391,33.4512368445745,0.));
#15494=CARTESIAN_POINT('Origin',(16.525,22.075,0.));
#15495=CARTESIAN_POINT('',(16.525,22.075,0.));
#15496=CARTESIAN_POINT('Origin',(13.9363574850114,36.075,0.));
#15497=CARTESIAN_POINT('',(14.4012341948313,36.2590914030231,0.));
#15498=CARTESIAN_POINT('',(13.9363574850114,35.575,0.));
#15499=CARTESIAN_POINT('Origin',(19.0500012930304,38.1000054332542,0.));
#15500=CARTESIAN_POINT('',(14.0707053342308,37.6454597758308,0.));
#15501=CARTESIAN_POINT('Origin',(13.5727757383509,37.6000052100884,0.));
#15502=CARTESIAN_POINT('',(13.5727757179787,38.1000052100884,0.));
#15503=CARTESIAN_POINT('Origin',(5.47722865939626,-37.5999964703176,0.));
#15504=CARTESIAN_POINT('',(5.47722867976841,-38.0999964703176,0.));
#15505=CARTESIAN_POINT('',(4.9792990635163,-37.64545103606,0.));
#15506=CARTESIAN_POINT('Origin',(73.6999998777668,-38.0999936906277,0.));
#15507=CARTESIAN_POINT('',(73.1999998777668,-38.0999937109998,0.));
#15508=CARTESIAN_POINT('Origin',(-5.47722249070707,-37.5999969166492,0.));
#15509=CARTESIAN_POINT('',(-4.97929289112308,-37.645451441816,0.));
#15510=CARTESIAN_POINT('',(-5.47722247033491,-38.0999969166492,0.));
#15511=CARTESIAN_POINT('Origin',(-4.99999689528325,-38.099996897205,0.));
#15512=CARTESIAN_POINT('',(-73.200000122233,-38.0999996759673,0.));
#15513=CARTESIAN_POINT('Origin',(100.727230307888,-37.5999925894218,0.));
#15514=CARTESIAN_POINT('',(100.727230328261,-38.0999925894218,0.));
#15515=CARTESIAN_POINT('',(100.229300712009,-37.6454471551641,0.));
#15516=CARTESIAN_POINT('Origin',(114.300003104717,-38.0999920364085,0.));
#15517=CARTESIAN_POINT('',(111.800003104717,-38.0999921382692,0.));
#15518=CARTESIAN_POINT('Origin',(100.363653559,-36.075,0.));
#15519=CARTESIAN_POINT('',(99.8987763948372,-36.2590902556898,0.));
#15520=CARTESIAN_POINT('',(100.363653559,-35.575,0.));
#15521=CARTESIAN_POINT('Origin',(99.565605672708,-35.575,0.));
#15522=CARTESIAN_POINT('',(111.275,-35.575,0.));
#15523=CARTESIAN_POINT('Origin',(97.275,-32.9863449707359,0.));
#15524=CARTESIAN_POINT('',(97.775,-32.9863449707359,0.));
#15525=CARTESIAN_POINT('',(97.090909523019,-33.4512220472679,0.));
#15526=CARTESIAN_POINT('Origin',(97.775,-22.075,0.));
#15527=CARTESIAN_POINT('',(97.775,-22.075,0.));
#15528=CARTESIAN_POINT('Origin',(93.225,-32.9863487352704,0.));
#15529=CARTESIAN_POINT('',(93.4090913412008,-33.4512254695719,0.));
#15530=CARTESIAN_POINT('',(92.725,-32.9863487352704,0.));
#15531=CARTESIAN_POINT('Origin',(92.725,-33.7843988793876,0.));
#15532=CARTESIAN_POINT('',(92.725,-22.075,0.));
#15533=CARTESIAN_POINT('Origin',(90.1363559474179,-36.075,0.));
#15534=CARTESIAN_POINT('',(90.1363559474179,-35.575,0.));
#15535=CARTESIAN_POINT('',(90.6012331115807,-36.2590902556898,0.));
#15536=CARTESIAN_POINT('Origin',(95.250004753209,-38.0999928125875,0.));
#15537=CARTESIAN_POINT('',(90.2707087573691,-37.6454475609201,0.));
#15538=CARTESIAN_POINT('Origin',(89.7727791577852,-37.5999930357533,0.));
#15539=CARTESIAN_POINT('',(89.7727791781573,-38.0999930357533,0.));
#15540=CARTESIAN_POINT('Origin',(100.727223240773,37.6000087611365,0.));
#15541=CARTESIAN_POINT('',(100.229293641189,37.6454632863032,0.));
#15542=CARTESIAN_POINT('',(100.727223220401,38.1000087611365,0.));
#15543=CARTESIAN_POINT('Origin',(100.249997645349,38.1000087416923,0.));
#15544=CARTESIAN_POINT('',(111.8,38.1000092122892,0.));
#15545=CARTESIAN_POINT('Origin',(100.363640223898,36.075,0.));
#15546=CARTESIAN_POINT('',(100.363640223898,35.575,0.));
#15547=CARTESIAN_POINT('',(99.8987636258481,36.2590916852701,0.));
#15548=CARTESIAN_POINT('Origin',(111.275,35.575,0.));
#15549=CARTESIAN_POINT('',(111.275,35.575,0.));
#15550=CARTESIAN_POINT('Origin',(97.275,32.9863635108243,0.));
#15551=CARTESIAN_POINT('',(97.0909088768499,33.451240331474,0.));
#15552=CARTESIAN_POINT('',(97.775,32.9863635108243,0.));
#15553=CARTESIAN_POINT('Origin',(97.775,33.7844132014026,0.));
#15554=CARTESIAN_POINT('',(97.775,22.075,0.));
#15555=CARTESIAN_POINT('Origin',(93.225,32.9863616459444,0.));
#15556=CARTESIAN_POINT('',(92.725,32.9863616459444,0.));
#15557=CARTESIAN_POINT('',(93.4090906950318,33.4512386361286,0.));
#15558=CARTESIAN_POINT('Origin',(92.725,22.075,0.));
#15559=CARTESIAN_POINT('',(92.7250000000001,22.075,0.));
#15560=CARTESIAN_POINT('Origin',(90.1363550668006,36.075,0.));
#15561=CARTESIAN_POINT('',(90.6012316648505,36.2590916852701,0.));
#15562=CARTESIAN_POINT('',(90.1363550668006,35.575,0.));
#15563=CARTESIAN_POINT('Origin',(90.9344059265725,35.575,0.));
#15564=CARTESIAN_POINT('',(79.225,35.575,0.));
#15565=CARTESIAN_POINT('Origin',(89.7727720906698,37.6000083148049,0.));
#15566=CARTESIAN_POINT('',(89.7727720702976,38.1000083148049,0.));
#15567=CARTESIAN_POINT('',(90.2707016865497,37.6454628805472,0.));
#15568=CARTESIAN_POINT('Origin',(79.2000001222327,38.1000078840246,0.));
#15569=CARTESIAN_POINT('',(79.7000001201495,38.1000079043967,0.));
#15570=CARTESIAN_POINT('Origin',(-13.5727756733759,37.6000041040616,0.));
#15571=CARTESIAN_POINT('',(-14.0707052729598,37.6454586292283,0.));
#15572=CARTESIAN_POINT('',(-13.572775693748,38.1000041040616,0.));
#15573=CARTESIAN_POINT('Origin',(-14.0500012687997,38.1000040846173,0.));
#15574=CARTESIAN_POINT('Origin',(-13.9363568460463,36.075,0.));
#15575=CARTESIAN_POINT('',(-13.9363568460463,35.575,0.));
#15576=CARTESIAN_POINT('',(-14.4012336117511,36.2590912618996,0.));
#15577=CARTESIAN_POINT('Origin',(-3.02499999999998,35.575,0.));
#15578=CARTESIAN_POINT('',(-3.02499999999998,35.575,0.));
#15579=CARTESIAN_POINT('Origin',(-17.025,32.9863584237527,0.));
#15580=CARTESIAN_POINT('',(-17.2090910244363,33.451235283493,0.));
#15581=CARTESIAN_POINT('',(-16.525,32.9863584237527,0.));
#15582=CARTESIAN_POINT('Origin',(-16.525,33.7844079090096,0.));
#15583=CARTESIAN_POINT('',(-16.525,22.075,0.));
#15584=CARTESIAN_POINT('Origin',(-21.075,32.9863574188653,0.));
#15585=CARTESIAN_POINT('',(-21.575,32.9863574188653,0.));
#15586=CARTESIAN_POINT('',(-20.8909092062545,33.451234369959,0.));
#15587=CARTESIAN_POINT('Origin',(-21.575,22.075,0.));
#15588=CARTESIAN_POINT('',(-21.575,22.075,0.));
#15589=CARTESIAN_POINT('Origin',(-24.1636456915531,36.075,0.));
#15590=CARTESIAN_POINT('',(-23.6987689258482,36.2590912618996,0.));
#15591=CARTESIAN_POINT('',(-24.1636456915531,35.575,0.));
#15592=CARTESIAN_POINT('Origin',(-23.36559571238,35.575,0.));
#15593=CARTESIAN_POINT('',(-35.075,35.575,0.));
#15594=CARTESIAN_POINT('Origin',(-24.5272268234792,37.60000365773,0.));
#15595=CARTESIAN_POINT('',(-24.5272268438513,38.10000365773,0.));
#15596=CARTESIAN_POINT('',(-24.0292972275992,37.6454582234723,0.));
#15597=CARTESIAN_POINT('Origin',(-73.6999981547387,38.1000016542192,0.));
#15598=CARTESIAN_POINT('',(-73.1999981333249,38.1000016745913,0.));
#15599=CARTESIAN_POINT('Origin',(-89.772779118159,37.6000009993448,0.));
#15600=CARTESIAN_POINT('',(-90.270708717743,37.6454555245115,0.));
#15601=CARTESIAN_POINT('',(-89.7727791385311,38.1000009993448,0.));
#15602=CARTESIAN_POINT('Origin',(-90.2500047135828,38.1000009799005,0.));
#15603=CARTESIAN_POINT('',(-79.7,38.1000014097532,0.));
#15604=CARTESIAN_POINT('Origin',(-90.1363590613622,36.075,0.));
#15605=CARTESIAN_POINT('',(-90.1363590613622,35.575,0.));
#15606=CARTESIAN_POINT('',(-90.6012359388368,36.2590909796526,0.));
#15607=CARTESIAN_POINT('Origin',(-79.225,35.575,0.));
#15608=CARTESIAN_POINT('',(-79.225,35.575,0.));
#15609=CARTESIAN_POINT('Origin',(-93.225,32.9863566831698,0.));
#15610=CARTESIAN_POINT('',(-93.4090913375984,33.4512334188979,0.));
#15611=CARTESIAN_POINT('',(-92.725,32.9863566831698,0.));
#15612=CARTESIAN_POINT('Origin',(-92.725,33.7844068197942,0.));
#15613=CARTESIAN_POINT('',(-92.725,22.075,0.));
#15614=CARTESIAN_POINT('Origin',(-97.275,32.9863529500192,0.));
#15615=CARTESIAN_POINT('',(-97.775,32.9863529500192,0.));
#15616=CARTESIAN_POINT('',(-97.0909095194166,33.4512300251247,0.));
#15617=CARTESIAN_POINT('Origin',(-97.775,22.075,0.));
#15618=CARTESIAN_POINT('',(-97.775,22.075,0.));
#15619=CARTESIAN_POINT('Origin',(-100.363650365803,36.075,0.));
#15620=CARTESIAN_POINT('',(-99.8987734883288,36.2590909796526,0.));
#15621=CARTESIAN_POINT('',(-100.363650365803,35.575,0.));
#15622=CARTESIAN_POINT('Origin',(-95.2500047135828,38.100000776179,0.));
#15623=CARTESIAN_POINT('',(-100.229300672382,37.6454551187555,0.));
#15624=CARTESIAN_POINT('Origin',(-100.727230268262,37.6000005530132,0.));
#15625=CARTESIAN_POINT('',(-100.727230288634,38.1000005530132,0.));
#15626=CARTESIAN_POINT('Origin',(-87.3915244453205,-37.6000002541912,0.));
#15627=CARTESIAN_POINT('',(-87.3915244249484,-38.1000002541912,0.));
#15628=CARTESIAN_POINT('',(-87.8894540412005,-37.6454548199335,0.));
#15629=CARTESIAN_POINT('Origin',(-92.86875,-38.100000477357,0.));
#15630=CARTESIAN_POINT('',(-94.7096590909091,-33.451231423187,0.));
#15631=CARTESIAN_POINT('Origin',(-94.89375,-32.98635451777,0.));
#15632=CARTESIAN_POINT('',(-95.39375,-32.98635451777,0.));
#15633=CARTESIAN_POINT('Origin',(-97.9823957705539,-36.075,0.));
#15634=CARTESIAN_POINT('',(-97.9823957705539,-35.575,0.));
#15635=CARTESIAN_POINT('',(-97.5175188823218,-36.259090952487,0.));
#15636=CARTESIAN_POINT('Origin',(-92.86875,-38.100000477357,0.));
#15637=CARTESIAN_POINT('',(-97.8480459958398,-37.6454552256895,0.));
#15638=CARTESIAN_POINT('Origin',(-98.3459755954238,-37.6000007005228,0.));
#15639=CARTESIAN_POINT('',(-98.3459755750517,-38.1000007005228,0.));
#15640=CARTESIAN_POINT('Origin',(-97.86875,-38.1000006810785,0.));
#15641=CARTESIAN_POINT('',(-111.799996895283,-38.1000012486976,0.));
#15642=CARTESIAN_POINT('Origin',(79.699999898139,-38.5999934461618,0.));
#15643=CARTESIAN_POINT('',(79.199999898139,-38.599993466534,0.));
#15644=CARTESIAN_POINT('',(79.6999998777668,-38.0999934461618,0.));
#15645=CARTESIAN_POINT('Origin',(79.1999998777668,-38.099993466534,0.));
#15646=CARTESIAN_POINT('',(79.2000000203719,-41.599993466534,0.));
#15647=CARTESIAN_POINT('Origin',(73.199999898139,-38.5999937109998,0.));
#15648=CARTESIAN_POINT('',(73.1999999185111,-39.0999937109998,0.));
#15649=CARTESIAN_POINT('Origin',(79.7000000997773,38.6000079043967,0.));
#15650=CARTESIAN_POINT('',(79.2000000997773,38.6000078819414,0.));
#15651=CARTESIAN_POINT('Origin',(73.7000000564898,39.1000076599306,0.));
#15652=CARTESIAN_POINT('',(73.2000000564898,39.1000076395585,0.));
#15653=CARTESIAN_POINT('',(56.7000000564898,39.1000069672774,0.));
#15654=CARTESIAN_POINT('Origin',(73.200000076862,38.6000076395587,0.));
#15655=CARTESIAN_POINT('Origin',(-79.7000000203722,38.6000014097532,0.));
#15656=CARTESIAN_POINT('',(-79.2000000203722,38.6000014301254,0.));
#15657=CARTESIAN_POINT('Origin',(-79.2,38.1000014301254,0.));
#15658=CARTESIAN_POINT('',(-79.2000001426051,41.6000015371942,0.));
#15659=CARTESIAN_POINT('Origin',(-73.1999981536971,38.6000016745913,0.));
#15660=CARTESIAN_POINT('',(-73.6999981536971,38.60000373992,0.));
#15661=CARTESIAN_POINT('Origin',(-73.1999981536971,38.6000037388784,0.));
#15662=CARTESIAN_POINT('',(-73.1999981526555,39.1000037388784,0.));
#15663=CARTESIAN_POINT('Origin',(-79.7000001018608,-38.5999999408053,0.));
#15664=CARTESIAN_POINT('',(-79.700000122233,-38.0999999408053,0.));
#15665=CARTESIAN_POINT('',(-79.2000001018608,-38.5999999204331,0.));
#15666=CARTESIAN_POINT('Origin',(-79.200000122233,-38.0999999204331,0.));
#15667=CARTESIAN_POINT('Origin',(-73.7000000814887,-39.0999996963394,0.));
#15668=CARTESIAN_POINT('',(-73.2000000814887,-39.0999996759672,0.));
#15669=CARTESIAN_POINT('',(-56.7000000814887,-39.0999990036861,0.));
#15670=CARTESIAN_POINT('Origin',(-73.2000001018608,-38.5999996759673,0.));
#15671=CARTESIAN_POINT('Origin',(-111.799996997144,-35.6000012486976,0.));
#15672=CARTESIAN_POINT('',(-114.299996997144,-35.6000013505584,0.));
#15673=CARTESIAN_POINT('Origin',(-111.799999898139,35.6000001018608,0.));
#15674=CARTESIAN_POINT('',(-114.299999898139,35.6,0.));
#15675=CARTESIAN_POINT('',(-111.8,38.1000001018608,0.));
#15676=CARTESIAN_POINT('Origin',(-114.3,38.1,0.));
#15677=CARTESIAN_POINT('Origin',(111.800000101861,35.6000092122892,0.));
#15678=CARTESIAN_POINT('',(114.300000101861,35.60000931415,0.));
#15679=CARTESIAN_POINT('Origin',(111.800003002856,-35.5999921382693,0.));
#15680=CARTESIAN_POINT('',(114.300003002856,-35.5999920364085,0.));
#15681=CARTESIAN_POINT('Origin',(-56.6999999796279,-41.5999990036861,0.));
#15682=CARTESIAN_POINT('',(-56.6999998777671,-44.0999990036861,0.));
#15683=CARTESIAN_POINT('Origin',(-54.1999998777671,-44.0999989018253,0.));
#15684=CARTESIAN_POINT('',(-76.6999998777671,-44.0999998185724,0.));
#15685=CARTESIAN_POINT('Origin',(-76.6999999796278,-41.5999998185724,0.));
#15686=CARTESIAN_POINT('',(-79.1999999796278,-41.5999999204331,0.));
#15687=CARTESIAN_POINT('Origin',(56.700000020372,-41.599994383281,0.));
#15688=CARTESIAN_POINT('',(56.7000001222327,-44.099994383281,0.));
#15689=CARTESIAN_POINT('',(56.6999999185112,-39.099994383281,0.));
#15690=CARTESIAN_POINT('Origin',(76.7000000203719,-41.5999935683947,0.));
#15691=CARTESIAN_POINT('',(76.7000001222327,-44.0999935683947,0.));
#15692=CARTESIAN_POINT('Origin',(56.699999954629,41.6000069672774,0.));
#15693=CARTESIAN_POINT('',(56.6999998527682,44.1000069672775,0.));
#15694=CARTESIAN_POINT('Origin',(76.6999999650451,41.6000077821638,0.));
#15695=CARTESIAN_POINT('',(76.6999998631843,44.1000077821638,0.));
#15696=CARTESIAN_POINT('',(79.1999999650451,41.6000078944407,0.));
#15697=CARTESIAN_POINT('Origin',(54.1999998527682,44.1000068654168,0.));
#15698=CARTESIAN_POINT('Origin',(-76.7000001426051,41.600001639055,0.));
#15699=CARTESIAN_POINT('',(-76.7000003515347,44.100001639055,0.));
#15700=CARTESIAN_POINT('Origin',(-79.2000002444659,44.1000014301254,0.));
#15701=CARTESIAN_POINT('',(-56.6999994071881,44.1000033104917,0.));
#15702=CARTESIAN_POINT('Origin',(-56.6999991982585,41.6000033104917,0.));
#15703=CARTESIAN_POINT('',(-54.1999991982589,41.6000047507131,0.));
#15704=CARTESIAN_POINT('Origin',(-56.6999991982587,41.6000037045055,0.));
#15705=CARTESIAN_POINT('',(-56.6999992034667,39.1000037045055,0.));
#15706=CARTESIAN_POINT('Origin',(73.175,-21.575,0.));
#15707=CARTESIAN_POINT('',(60.175,-21.575,0.));
#15708=CARTESIAN_POINT('',(73.175,-21.575,0.));
#15709=CARTESIAN_POINT('Origin',(73.175,-22.075,0.));
#15710=CARTESIAN_POINT('',(73.675,-22.075,0.));
#15711=CARTESIAN_POINT('Origin',(73.675,-35.075,0.));
#15712=CARTESIAN_POINT('',(73.675,-35.075,0.));
#15713=CARTESIAN_POINT('Origin',(73.175,-35.075,0.));
#15714=CARTESIAN_POINT('',(73.175,-35.575,0.));
#15715=CARTESIAN_POINT('Origin',(60.175,-35.575,0.));
#15716=CARTESIAN_POINT('',(60.175,-35.575,0.));
#15717=CARTESIAN_POINT('Origin',(60.175,-35.075,0.));
#15718=CARTESIAN_POINT('',(59.675,-35.075,0.));
#15719=CARTESIAN_POINT('Origin',(59.675,-22.075,0.));
#15720=CARTESIAN_POINT('',(59.675,-22.075,0.));
#15721=CARTESIAN_POINT('Origin',(60.175,-22.075,0.));
#15722=CARTESIAN_POINT('Origin',(104.13125,16.525,0.));
#15723=CARTESIAN_POINT('',(91.13125,16.525,0.));
#15724=CARTESIAN_POINT('',(104.13125,16.525,0.));
#15725=CARTESIAN_POINT('Origin',(104.13125,16.025,0.));
#15726=CARTESIAN_POINT('',(104.63125,16.025,0.));
#15727=CARTESIAN_POINT('Origin',(104.63125,3.025,0.));
#15728=CARTESIAN_POINT('',(104.63125,3.025,0.));
#15729=CARTESIAN_POINT('Origin',(104.13125,3.025,0.));
#15730=CARTESIAN_POINT('',(104.13125,2.525,0.));
#15731=CARTESIAN_POINT('Origin',(91.13125,2.525,0.));
#15732=CARTESIAN_POINT('',(91.13125,2.525,0.));
#15733=CARTESIAN_POINT('Origin',(91.13125,3.025,0.));
#15734=CARTESIAN_POINT('',(90.63125,3.025,0.));
#15735=CARTESIAN_POINT('Origin',(90.63125,16.025,0.));
#15736=CARTESIAN_POINT('',(90.63125,16.025,0.));
#15737=CARTESIAN_POINT('Origin',(91.13125,16.025,0.));
#15738=CARTESIAN_POINT('Origin',(5.99325,-20.075,0.));
#15739=CARTESIAN_POINT('',(5.99325,-37.075,0.));
#15740=CARTESIAN_POINT('',(5.99325000000001,-20.075,0.));
#15741=CARTESIAN_POINT('Origin',(6.49325000000001,-20.075,0.));
#15742=CARTESIAN_POINT('',(6.49325000000001,-19.575,0.));
#15743=CARTESIAN_POINT('Origin',(12.49325,-19.575,0.));
#15744=CARTESIAN_POINT('',(12.49325,-19.575,0.));
#15745=CARTESIAN_POINT('Origin',(12.49325,-20.075,0.));
#15746=CARTESIAN_POINT('',(12.99325,-20.075,0.));
#15747=CARTESIAN_POINT('Origin',(12.99325,-37.075,0.));
#15748=CARTESIAN_POINT('',(12.99325,-37.075,0.));
#15749=CARTESIAN_POINT('Origin',(12.49325,-37.075,0.));
#15750=CARTESIAN_POINT('',(12.49325,-37.575,0.));
#15751=CARTESIAN_POINT('Origin',(6.49325000000001,-37.575,0.));
#15752=CARTESIAN_POINT('',(6.49325000000001,-37.575,0.));
#15753=CARTESIAN_POINT('Origin',(6.49325000000001,-37.075,0.));
#15754=CARTESIAN_POINT('Origin',(-76.2,41.1,0.));
#15755=CARTESIAN_POINT('',(-77.7,41.1,0.));
#15756=CARTESIAN_POINT('Origin',(30.3125,-2.525,0.));
#15757=CARTESIAN_POINT('',(17.3125,-2.525,0.));
#15758=CARTESIAN_POINT('',(30.3125,-2.52499999999999,0.));
#15759=CARTESIAN_POINT('Origin',(30.3125,-3.02499999999999,0.));
#15760=CARTESIAN_POINT('',(30.8125,-3.02499999999999,0.));
#15761=CARTESIAN_POINT('Origin',(30.8125,-16.025,0.));
#15762=CARTESIAN_POINT('',(30.8125,-16.025,0.));
#15763=CARTESIAN_POINT('Origin',(30.3125,-16.025,0.));
#15764=CARTESIAN_POINT('',(30.3125,-16.525,0.));
#15765=CARTESIAN_POINT('Origin',(17.3125,-16.525,0.));
#15766=CARTESIAN_POINT('',(17.3125,-16.525,0.));
#15767=CARTESIAN_POINT('Origin',(17.3125,-16.025,0.));
#15768=CARTESIAN_POINT('',(16.8125,-16.025,0.));
#15769=CARTESIAN_POINT('Origin',(16.8125,-3.02499999999999,0.));
#15770=CARTESIAN_POINT('',(16.8125,-3.02499999999999,0.));
#15771=CARTESIAN_POINT('Origin',(17.3125,-3.02499999999999,0.));
#15772=CARTESIAN_POINT('Origin',(54.125,35.575,0.));
#15773=CARTESIAN_POINT('',(41.125,35.575,0.));
#15774=CARTESIAN_POINT('',(54.125,35.575,0.));
#15775=CARTESIAN_POINT('Origin',(54.125,35.075,0.));
#15776=CARTESIAN_POINT('',(54.625,35.075,0.));
#15777=CARTESIAN_POINT('Origin',(54.625,22.075,0.));
#15778=CARTESIAN_POINT('',(54.625,22.075,0.));
#15779=CARTESIAN_POINT('Origin',(54.125,22.075,0.));
#15780=CARTESIAN_POINT('',(54.125,21.575,0.));
#15781=CARTESIAN_POINT('Origin',(41.125,21.575,0.));
#15782=CARTESIAN_POINT('',(41.125,21.575,0.));
#15783=CARTESIAN_POINT('Origin',(41.125,22.075,0.));
#15784=CARTESIAN_POINT('',(40.625,22.075,0.));
#15785=CARTESIAN_POINT('Origin',(40.625,35.075,0.));
#15786=CARTESIAN_POINT('',(40.625,35.075,0.));
#15787=CARTESIAN_POINT('Origin',(41.125,35.075,0.));
#15788=CARTESIAN_POINT('Origin',(73.175,35.575,0.));
#15789=CARTESIAN_POINT('',(60.175,35.575,0.));
#15790=CARTESIAN_POINT('',(73.175,35.575,0.));
#15791=CARTESIAN_POINT('Origin',(73.175,35.075,0.));
#15792=CARTESIAN_POINT('',(73.675,35.075,0.));
#15793=CARTESIAN_POINT('Origin',(73.675,22.075,0.));
#15794=CARTESIAN_POINT('',(73.675,22.075,0.));
#15795=CARTESIAN_POINT('Origin',(73.175,22.075,0.));
#15796=CARTESIAN_POINT('',(73.175,21.575,0.));
#15797=CARTESIAN_POINT('Origin',(60.175,21.575,0.));
#15798=CARTESIAN_POINT('',(60.175,21.575,0.));
#15799=CARTESIAN_POINT('Origin',(60.175,22.075,0.));
#15800=CARTESIAN_POINT('',(59.675,22.075,0.));
#15801=CARTESIAN_POINT('Origin',(59.675,35.075,0.));
#15802=CARTESIAN_POINT('',(59.675,35.075,0.));
#15803=CARTESIAN_POINT('Origin',(60.175,35.075,0.));
#15804=CARTESIAN_POINT('Origin',(-74.4625,-21.575,0.));
#15805=CARTESIAN_POINT('',(-87.4625,-21.575,0.));
#15806=CARTESIAN_POINT('',(-74.4625,-21.575,0.));
#15807=CARTESIAN_POINT('Origin',(-74.4625,-22.075,0.));
#15808=CARTESIAN_POINT('',(-73.9625,-22.075,0.));
#15809=CARTESIAN_POINT('Origin',(-73.9625,-35.075,0.));
#15810=CARTESIAN_POINT('',(-73.9625,-35.075,0.));
#15811=CARTESIAN_POINT('Origin',(-74.4625,-35.075,0.));
#15812=CARTESIAN_POINT('',(-74.4625,-35.575,0.));
#15813=CARTESIAN_POINT('Origin',(-87.4625,-35.575,0.));
#15814=CARTESIAN_POINT('',(-87.4625,-35.575,0.));
#15815=CARTESIAN_POINT('Origin',(-87.4625,-35.075,0.));
#15816=CARTESIAN_POINT('',(-87.9625,-35.075,0.));
#15817=CARTESIAN_POINT('Origin',(-87.9625,-22.075,0.));
#15818=CARTESIAN_POINT('',(-87.9625,-22.075,0.));
#15819=CARTESIAN_POINT('Origin',(-87.4625,-22.075,0.));
#15820=CARTESIAN_POINT('Origin',(52.3875,-25.40127,0.));
#15821=CARTESIAN_POINT('',(50.3875,-25.40127,0.));
#15822=CARTESIAN_POINT('Origin',(-55.4125,16.525,0.));
#15823=CARTESIAN_POINT('',(-68.4125,16.525,0.));
#15824=CARTESIAN_POINT('',(-55.4125,16.525,0.));
#15825=CARTESIAN_POINT('Origin',(-55.4125,16.025,0.));
#15826=CARTESIAN_POINT('',(-54.9125,16.025,0.));
#15827=CARTESIAN_POINT('Origin',(-54.9125,3.025,0.));
#15828=CARTESIAN_POINT('',(-54.9125,3.025,0.));
#15829=CARTESIAN_POINT('Origin',(-55.4125,3.025,0.));
#15830=CARTESIAN_POINT('',(-55.4125,2.525,0.));
#15831=CARTESIAN_POINT('Origin',(-68.4125,2.525,0.));
#15832=CARTESIAN_POINT('',(-68.4125,2.525,0.));
#15833=CARTESIAN_POINT('Origin',(-68.4125,3.025,0.));
#15834=CARTESIAN_POINT('',(-68.9125,3.025,0.));
#15835=CARTESIAN_POINT('Origin',(-68.9125,16.025,0.));
#15836=CARTESIAN_POINT('',(-68.9125,16.025,0.));
#15837=CARTESIAN_POINT('Origin',(-68.4125,16.025,0.));
#15838=CARTESIAN_POINT('Origin',(92.225,-2.525,0.));
#15839=CARTESIAN_POINT('',(79.225,-2.525,0.));
#15840=CARTESIAN_POINT('',(92.225,-2.52500000000002,0.));
#15841=CARTESIAN_POINT('Origin',(92.225,-3.02499999999999,0.));
#15842=CARTESIAN_POINT('',(92.725,-3.02499999999999,0.));
#15843=CARTESIAN_POINT('Origin',(92.725,-16.025,0.));
#15844=CARTESIAN_POINT('',(92.7250000000001,-16.025,0.));
#15845=CARTESIAN_POINT('Origin',(92.225,-16.025,0.));
#15846=CARTESIAN_POINT('',(92.225,-16.525,0.));
#15847=CARTESIAN_POINT('Origin',(79.225,-16.525,0.));
#15848=CARTESIAN_POINT('',(79.225,-16.525,0.));
#15849=CARTESIAN_POINT('Origin',(79.225,-16.025,0.));
#15850=CARTESIAN_POINT('',(78.725,-16.025,0.));
#15851=CARTESIAN_POINT('Origin',(78.725,-3.02499999999999,0.));
#15852=CARTESIAN_POINT('',(78.725,-3.02499999999999,0.));
#15853=CARTESIAN_POINT('Origin',(79.225,-3.02499999999999,0.));
#15854=CARTESIAN_POINT('Origin',(-41.6317499999999,-20.0750003539842,0.));
#15855=CARTESIAN_POINT('',(-41.63175,-37.075,0.));
#15856=CARTESIAN_POINT('',(-41.6317499999999,-20.0750003539842,0.));
#15857=CARTESIAN_POINT('Origin',(-41.13175,-20.075,0.));
#15858=CARTESIAN_POINT('',(-41.13175,-19.575,0.));
#15859=CARTESIAN_POINT('Origin',(-35.13175,-19.575,0.));
#15860=CARTESIAN_POINT('',(-35.13175,-19.575,0.));
#15861=CARTESIAN_POINT('Origin',(-35.13175,-20.075,0.));
#15862=CARTESIAN_POINT('',(-34.63175,-20.075,0.));
#15863=CARTESIAN_POINT('Origin',(-34.63175,-37.075,0.));
#15864=CARTESIAN_POINT('',(-34.63175,-37.075,0.));
#15865=CARTESIAN_POINT('Origin',(-35.13175,-37.075,0.));
#15866=CARTESIAN_POINT('',(-35.13175,-37.575,0.));
#15867=CARTESIAN_POINT('Origin',(-41.13175,-37.575,0.));
#15868=CARTESIAN_POINT('',(-41.13175,-37.575,0.));
#15869=CARTESIAN_POINT('Origin',(-41.13175,-37.075,0.));
#15870=CARTESIAN_POINT('Origin',(-41.125,35.575,0.));
#15871=CARTESIAN_POINT('',(-54.125,35.575,0.));
#15872=CARTESIAN_POINT('',(-41.125,35.575,0.));
#15873=CARTESIAN_POINT('Origin',(-41.125,35.075,0.));
#15874=CARTESIAN_POINT('',(-40.625,35.075,0.));
#15875=CARTESIAN_POINT('Origin',(-40.625,22.075,0.));
#15876=CARTESIAN_POINT('',(-40.625,22.075,0.));
#15877=CARTESIAN_POINT('Origin',(-41.125,22.075,0.));
#15878=CARTESIAN_POINT('',(-41.125,21.575,0.));
#15879=CARTESIAN_POINT('Origin',(-54.125,21.575,0.));
#15880=CARTESIAN_POINT('',(-54.125,21.575,0.));
#15881=CARTESIAN_POINT('Origin',(-54.125,22.075,0.));
#15882=CARTESIAN_POINT('',(-54.625,22.075,0.));
#15883=CARTESIAN_POINT('Origin',(-54.625,35.075,0.));
#15884=CARTESIAN_POINT('',(-54.625,35.075,0.));
#15885=CARTESIAN_POINT('Origin',(-54.125,35.075,0.));
#15886=CARTESIAN_POINT('Origin',(11.2625,-2.525,0.));
#15887=CARTESIAN_POINT('',(-1.73749999999998,-2.525,0.));
#15888=CARTESIAN_POINT('',(11.2625,-2.52499999999999,0.));
#15889=CARTESIAN_POINT('Origin',(11.2625,-3.02499999999999,0.));
#15890=CARTESIAN_POINT('',(11.7625,-3.02499999999999,0.));
#15891=CARTESIAN_POINT('Origin',(11.7625,-16.025,0.));
#15892=CARTESIAN_POINT('',(11.7625,-16.025,0.));
#15893=CARTESIAN_POINT('Origin',(11.2625,-16.025,0.));
#15894=CARTESIAN_POINT('',(11.2625,-16.525,0.));
#15895=CARTESIAN_POINT('Origin',(-1.73749999999998,-16.525,0.));
#15896=CARTESIAN_POINT('',(-1.73749999999998,-16.525,0.));
#15897=CARTESIAN_POINT('Origin',(-1.73749999999998,-16.025,0.));
#15898=CARTESIAN_POINT('',(-2.23749999999999,-16.025,0.));
#15899=CARTESIAN_POINT('Origin',(-2.23749999999999,-3.02499999999999,0.));
#15900=CARTESIAN_POINT('',(-2.23749999999998,-3.02499999999999,0.));
#15901=CARTESIAN_POINT('Origin',(-1.73749999999998,-3.02499999999999,0.));
#15902=CARTESIAN_POINT('Origin',(-53.03125,-21.575,0.));
#15903=CARTESIAN_POINT('',(-66.03125,-21.575,0.));
#15904=CARTESIAN_POINT('',(-53.03125,-21.575,0.));
#15905=CARTESIAN_POINT('Origin',(-53.03125,-22.075,0.));
#15906=CARTESIAN_POINT('',(-52.53125,-22.075,0.));
#15907=CARTESIAN_POINT('Origin',(-52.53125,-35.075,0.));
#15908=CARTESIAN_POINT('',(-52.53125,-35.075,0.));
#15909=CARTESIAN_POINT('Origin',(-53.03125,-35.075,0.));
#15910=CARTESIAN_POINT('',(-53.03125,-35.575,0.));
#15911=CARTESIAN_POINT('Origin',(-66.03125,-35.575,0.));
#15912=CARTESIAN_POINT('',(-66.03125,-35.575,0.));
#15913=CARTESIAN_POINT('Origin',(-66.03125,-35.075,0.));
#15914=CARTESIAN_POINT('',(-66.53125,-35.075,0.));
#15915=CARTESIAN_POINT('Origin',(-66.53125,-22.075,0.));
#15916=CARTESIAN_POINT('',(-66.53125,-22.075,0.));
#15917=CARTESIAN_POINT('Origin',(-66.03125,-22.075,0.));
#15918=CARTESIAN_POINT('Origin',(-19.69375,-21.575,0.));
#15919=CARTESIAN_POINT('',(-32.69375,-21.575,0.));
#15920=CARTESIAN_POINT('',(-19.69375,-21.575,0.));
#15921=CARTESIAN_POINT('Origin',(-19.69375,-22.075,0.));
#15922=CARTESIAN_POINT('',(-19.19375,-22.075,0.));
#15923=CARTESIAN_POINT('Origin',(-19.19375,-35.075,0.));
#15924=CARTESIAN_POINT('',(-19.19375,-35.075,0.));
#15925=CARTESIAN_POINT('Origin',(-19.69375,-35.075,0.));
#15926=CARTESIAN_POINT('',(-19.69375,-35.575,0.));
#15927=CARTESIAN_POINT('Origin',(-32.69375,-35.575,0.));
#15928=CARTESIAN_POINT('',(-32.69375,-35.575,0.));
#15929=CARTESIAN_POINT('Origin',(-32.69375,-35.075,0.));
#15930=CARTESIAN_POINT('',(-33.19375,-35.075,0.));
#15931=CARTESIAN_POINT('Origin',(-33.19375,-22.075,0.));
#15932=CARTESIAN_POINT('',(-33.19375,-22.075,0.));
#15933=CARTESIAN_POINT('Origin',(-32.69375,-22.075,0.));
#15934=CARTESIAN_POINT('Origin',(20.7875,16.525,0.));
#15935=CARTESIAN_POINT('',(7.78750000000002,16.525,0.));
#15936=CARTESIAN_POINT('',(20.7875,16.525,0.));
#15937=CARTESIAN_POINT('Origin',(20.7875,16.025,0.));
#15938=CARTESIAN_POINT('',(21.2875,16.025,0.));
#15939=CARTESIAN_POINT('Origin',(21.2875,3.025,0.));
#15940=CARTESIAN_POINT('',(21.2875,3.025,0.));
#15941=CARTESIAN_POINT('Origin',(20.7875,3.025,0.));
#15942=CARTESIAN_POINT('',(20.7875,2.525,0.));
#15943=CARTESIAN_POINT('Origin',(7.78750000000002,2.525,0.));
#15944=CARTESIAN_POINT('',(7.78750000000002,2.525,0.));
#15945=CARTESIAN_POINT('Origin',(7.78750000000002,3.025,0.));
#15946=CARTESIAN_POINT('',(7.28750000000002,3.025,0.));
#15947=CARTESIAN_POINT('Origin',(7.28750000000002,16.025,0.));
#15948=CARTESIAN_POINT('',(7.28750000000002,16.025,0.));
#15949=CARTESIAN_POINT('Origin',(7.78750000000002,16.025,0.));
#15950=CARTESIAN_POINT('Origin',(-60.175,35.575,0.));
#15951=CARTESIAN_POINT('',(-73.175,35.575,0.));
#15952=CARTESIAN_POINT('',(-60.175,35.575,0.));
#15953=CARTESIAN_POINT('Origin',(-60.175,35.075,0.));
#15954=CARTESIAN_POINT('',(-59.675,35.075,0.));
#15955=CARTESIAN_POINT('Origin',(-59.675,22.075,0.));
#15956=CARTESIAN_POINT('',(-59.675,22.075,0.));
#15957=CARTESIAN_POINT('Origin',(-60.175,22.075,0.));
#15958=CARTESIAN_POINT('',(-60.175,21.575,0.));
#15959=CARTESIAN_POINT('Origin',(-73.175,21.575,0.));
#15960=CARTESIAN_POINT('',(-73.175,21.575,0.));
#15961=CARTESIAN_POINT('Origin',(-73.175,22.075,0.));
#15962=CARTESIAN_POINT('',(-73.675,22.075,0.));
#15963=CARTESIAN_POINT('Origin',(-73.675,35.075,0.));
#15964=CARTESIAN_POINT('',(-73.675,35.075,0.));
#15965=CARTESIAN_POINT('Origin',(-73.175,35.075,0.));
#15966=CARTESIAN_POINT('Origin',(1.7375,16.525,0.));
#15967=CARTESIAN_POINT('',(-11.2625,16.525,0.));
#15968=CARTESIAN_POINT('',(1.7375,16.525,0.));
#15969=CARTESIAN_POINT('Origin',(1.7375,16.025,0.));
#15970=CARTESIAN_POINT('',(2.23750000000001,16.025,0.));
#15971=CARTESIAN_POINT('Origin',(2.23750000000001,3.025,0.));
#15972=CARTESIAN_POINT('',(2.2375,3.025,0.));
#15973=CARTESIAN_POINT('Origin',(1.7375,3.025,0.));
#15974=CARTESIAN_POINT('',(1.7375,2.525,0.));
#15975=CARTESIAN_POINT('Origin',(-11.2625,2.525,0.));
#15976=CARTESIAN_POINT('',(-11.2625,2.525,0.));
#15977=CARTESIAN_POINT('Origin',(-11.2625,3.025,0.));
#15978=CARTESIAN_POINT('',(-11.7625,3.025,0.));
#15979=CARTESIAN_POINT('Origin',(-11.7625,16.025,0.));
#15980=CARTESIAN_POINT('',(-11.7625,16.025,0.));
#15981=CARTESIAN_POINT('Origin',(-11.2625,16.025,0.));
#15982=CARTESIAN_POINT('Origin',(-76.2,-41.1,0.));
#15983=CARTESIAN_POINT('',(-77.7,-41.1,0.));
#15984=CARTESIAN_POINT('Origin',(-95.89375,16.525,0.));
#15985=CARTESIAN_POINT('',(-108.89375,16.525,0.));
#15986=CARTESIAN_POINT('',(-95.89375,16.525,0.));
#15987=CARTESIAN_POINT('Origin',(-95.89375,16.025,0.));
#15988=CARTESIAN_POINT('',(-95.39375,16.025,0.));
#15989=CARTESIAN_POINT('Origin',(-95.39375,3.025,0.));
#15990=CARTESIAN_POINT('',(-95.39375,3.025,0.));
#15991=CARTESIAN_POINT('Origin',(-95.89375,3.025,0.));
#15992=CARTESIAN_POINT('',(-95.89375,2.525,0.));
#15993=CARTESIAN_POINT('Origin',(-108.89375,2.525,0.));
#15994=CARTESIAN_POINT('',(-108.89375,2.525,0.));
#15995=CARTESIAN_POINT('Origin',(-108.89375,3.025,0.));
#15996=CARTESIAN_POINT('',(-109.39375,3.025,0.));
#15997=CARTESIAN_POINT('Origin',(-109.39375,16.025,0.));
#15998=CARTESIAN_POINT('',(-109.39375,16.025,0.));
#15999=CARTESIAN_POINT('Origin',(-108.89375,16.025,0.));
#16000=CARTESIAN_POINT('Origin',(-17.3125,16.525,0.));
#16001=CARTESIAN_POINT('',(-30.3125,16.525,0.));
#16002=CARTESIAN_POINT('',(-17.3125,16.525,0.));
#16003=CARTESIAN_POINT('Origin',(-17.3125,16.025,0.));
#16004=CARTESIAN_POINT('',(-16.8125,16.025,0.));
#16005=CARTESIAN_POINT('Origin',(-16.8125,3.025,0.));
#16006=CARTESIAN_POINT('',(-16.8125,3.025,0.));
#16007=CARTESIAN_POINT('Origin',(-17.3125,3.025,0.));
#16008=CARTESIAN_POINT('',(-17.3125,2.525,0.));
#16009=CARTESIAN_POINT('Origin',(-30.3125,2.525,0.));
#16010=CARTESIAN_POINT('',(-30.3125,2.52500000000001,0.));
#16011=CARTESIAN_POINT('Origin',(-30.3125,3.025,0.));
#16012=CARTESIAN_POINT('',(-30.8125,3.025,0.));
#16013=CARTESIAN_POINT('Origin',(-30.8125,16.025,0.));
#16014=CARTESIAN_POINT('',(-30.8125,16.025,0.));
#16015=CARTESIAN_POINT('Origin',(-30.3125,16.025,0.));
#16016=CARTESIAN_POINT('Origin',(39.8375,16.525,0.));
#16017=CARTESIAN_POINT('',(26.8375,16.525,0.));
#16018=CARTESIAN_POINT('',(39.8375,16.525,0.));
#16019=CARTESIAN_POINT('Origin',(39.8375,16.025,0.));
#16020=CARTESIAN_POINT('',(40.3375,16.025,0.));
#16021=CARTESIAN_POINT('Origin',(40.3375,3.025,0.));
#16022=CARTESIAN_POINT('',(40.3375,3.025,0.));
#16023=CARTESIAN_POINT('Origin',(39.8375,3.025,0.));
#16024=CARTESIAN_POINT('',(39.8375,2.525,0.));
#16025=CARTESIAN_POINT('Origin',(26.8375,2.525,0.));
#16026=CARTESIAN_POINT('',(26.8375,2.525,0.));
#16027=CARTESIAN_POINT('Origin',(26.8375,3.025,0.));
#16028=CARTESIAN_POINT('',(26.3375,3.025,0.));
#16029=CARTESIAN_POINT('Origin',(26.3375,16.025,0.));
#16030=CARTESIAN_POINT('',(26.3375,16.025,0.));
#16031=CARTESIAN_POINT('Origin',(26.8375,16.025,0.));
#16032=CARTESIAN_POINT('Origin',(58.8875,16.525,0.));
#16033=CARTESIAN_POINT('',(45.8875,16.525,0.));
#16034=CARTESIAN_POINT('',(58.8875,16.525,0.));
#16035=CARTESIAN_POINT('Origin',(58.8875,16.025,0.));
#16036=CARTESIAN_POINT('',(59.3875,16.025,0.));
#16037=CARTESIAN_POINT('Origin',(59.3875,3.025,0.));
#16038=CARTESIAN_POINT('',(59.3875,3.025,0.));
#16039=CARTESIAN_POINT('Origin',(58.8875,3.025,0.));
#16040=CARTESIAN_POINT('',(58.8875,2.525,0.));
#16041=CARTESIAN_POINT('Origin',(45.8875,2.525,0.));
#16042=CARTESIAN_POINT('',(45.8875,2.525,0.));
#16043=CARTESIAN_POINT('Origin',(45.8875,3.025,0.));
#16044=CARTESIAN_POINT('',(45.3875,3.025,0.));
#16045=CARTESIAN_POINT('Origin',(45.3875,16.025,0.));
#16046=CARTESIAN_POINT('',(45.3875,16.025,0.));
#16047=CARTESIAN_POINT('Origin',(45.8875,16.025,0.));
#16048=CARTESIAN_POINT('Origin',(70.79375,-2.525,0.));
#16049=CARTESIAN_POINT('',(57.79375,-2.525,0.));
#16050=CARTESIAN_POINT('',(70.79375,-2.52500000000002,0.));
#16051=CARTESIAN_POINT('Origin',(70.79375,-3.02499999999999,0.));
#16052=CARTESIAN_POINT('',(71.29375,-3.02499999999999,0.));
#16053=CARTESIAN_POINT('Origin',(71.29375,-16.025,0.));
#16054=CARTESIAN_POINT('',(71.29375,-16.025,0.));
#16055=CARTESIAN_POINT('Origin',(70.79375,-16.025,0.));
#16056=CARTESIAN_POINT('',(70.79375,-16.525,0.));
#16057=CARTESIAN_POINT('Origin',(57.79375,-16.525,0.));
#16058=CARTESIAN_POINT('',(57.79375,-16.525,0.));
#16059=CARTESIAN_POINT('Origin',(57.79375,-16.025,0.));
#16060=CARTESIAN_POINT('',(57.29375,-16.025,0.));
#16061=CARTESIAN_POINT('Origin',(57.29375,-3.02499999999999,0.));
#16062=CARTESIAN_POINT('',(57.29375,-3.02499999999999,0.));
#16063=CARTESIAN_POINT('Origin',(57.79375,-3.02499999999999,0.));
#16064=CARTESIAN_POINT('Origin',(49.3625,-2.525,0.));
#16065=CARTESIAN_POINT('',(36.3625,-2.525,0.));
#16066=CARTESIAN_POINT('',(49.3625,-2.52499999999999,0.));
#16067=CARTESIAN_POINT('Origin',(49.3625,-3.02499999999999,0.));
#16068=CARTESIAN_POINT('',(49.8625,-3.02499999999999,0.));
#16069=CARTESIAN_POINT('Origin',(49.8625,-16.025,0.));
#16070=CARTESIAN_POINT('',(49.8625,-16.025,0.));
#16071=CARTESIAN_POINT('Origin',(49.3625,-16.025,0.));
#16072=CARTESIAN_POINT('',(49.3625,-16.525,0.));
#16073=CARTESIAN_POINT('Origin',(36.3625,-16.525,0.));
#16074=CARTESIAN_POINT('',(36.3625,-16.525,0.));
#16075=CARTESIAN_POINT('Origin',(36.3625,-16.025,0.));
#16076=CARTESIAN_POINT('',(35.8625,-16.025,0.));
#16077=CARTESIAN_POINT('Origin',(35.8625,-3.02499999999999,0.));
#16078=CARTESIAN_POINT('',(35.8625,-3.02499999999999,0.));
#16079=CARTESIAN_POINT('Origin',(36.3625,-3.02499999999999,0.));
#16080=CARTESIAN_POINT('Origin',(111.275,-2.525,0.));
#16081=CARTESIAN_POINT('',(98.275,-2.525,0.));
#16082=CARTESIAN_POINT('',(111.275,-2.52499999999999,0.));
#16083=CARTESIAN_POINT('Origin',(111.275,-3.02499999999999,0.));
#16084=CARTESIAN_POINT('',(111.775,-3.02499999999999,0.));
#16085=CARTESIAN_POINT('Origin',(111.775,-16.025,0.));
#16086=CARTESIAN_POINT('',(111.775,-16.025,0.));
#16087=CARTESIAN_POINT('Origin',(111.275,-16.025,0.));
#16088=CARTESIAN_POINT('',(111.275,-16.525,0.));
#16089=CARTESIAN_POINT('Origin',(98.275,-16.525,0.));
#16090=CARTESIAN_POINT('',(98.275,-16.525,0.));
#16091=CARTESIAN_POINT('Origin',(98.275,-16.025,0.));
#16092=CARTESIAN_POINT('',(97.775,-16.025,0.));
#16093=CARTESIAN_POINT('Origin',(97.775,-3.02499999999999,0.));
#16094=CARTESIAN_POINT('',(97.775,-3.02499999999999,0.));
#16095=CARTESIAN_POINT('Origin',(98.275,-3.02499999999999,0.));
#16096=CARTESIAN_POINT('Origin',(76.2,-41.1,0.));
#16097=CARTESIAN_POINT('',(74.7,-41.1,0.));
#16098=CARTESIAN_POINT('Origin',(52.3875,-31.75254,0.));
#16099=CARTESIAN_POINT('',(50.3875,-31.75254,0.));
#16100=CARTESIAN_POINT('Origin',(29.86925,-20.075,0.));
#16101=CARTESIAN_POINT('',(29.86925,-37.075,0.));
#16102=CARTESIAN_POINT('',(29.86925,-20.075,0.));
#16103=CARTESIAN_POINT('Origin',(30.36925,-20.075,0.));
#16104=CARTESIAN_POINT('',(30.36925,-19.575,0.));
#16105=CARTESIAN_POINT('Origin',(36.36925,-19.575,0.));
#16106=CARTESIAN_POINT('',(36.36925,-19.575,0.));
#16107=CARTESIAN_POINT('Origin',(36.36925,-20.075,0.));
#16108=CARTESIAN_POINT('',(36.86925,-20.075,0.));
#16109=CARTESIAN_POINT('Origin',(36.86925,-37.075,0.));
#16110=CARTESIAN_POINT('',(36.86925,-37.075,0.));
#16111=CARTESIAN_POINT('Origin',(36.36925,-37.075,0.));
#16112=CARTESIAN_POINT('',(36.36925,-37.575,0.));
#16113=CARTESIAN_POINT('Origin',(30.36925,-37.575,0.));
#16114=CARTESIAN_POINT('',(30.36925,-37.575,0.));
#16115=CARTESIAN_POINT('Origin',(30.36925,-37.075,0.));
#16116=CARTESIAN_POINT('Origin',(-7.78749999999999,-2.525,0.));
#16117=CARTESIAN_POINT('',(-20.7875,-2.525,0.));
#16118=CARTESIAN_POINT('',(-7.78749999999999,-2.52499999999999,0.));
#16119=CARTESIAN_POINT('Origin',(-7.78749999999999,-3.02499999999999,0.));
#16120=CARTESIAN_POINT('',(-7.28749999999998,-3.02499999999999,0.));
#16121=CARTESIAN_POINT('Origin',(-7.28749999999998,-16.025,0.));
#16122=CARTESIAN_POINT('',(-7.28749999999999,-16.025,0.));
#16123=CARTESIAN_POINT('Origin',(-7.78749999999999,-16.025,0.));
#16124=CARTESIAN_POINT('',(-7.78749999999999,-16.525,0.));
#16125=CARTESIAN_POINT('Origin',(-20.7875,-16.525,0.));
#16126=CARTESIAN_POINT('',(-20.7875,-16.525,0.));
#16127=CARTESIAN_POINT('Origin',(-20.7875,-16.025,0.));
#16128=CARTESIAN_POINT('',(-21.2875,-16.025,0.));
#16129=CARTESIAN_POINT('Origin',(-21.2875,-3.02499999999999,0.));
#16130=CARTESIAN_POINT('',(-21.2875,-3.02499999999999,0.));
#16131=CARTESIAN_POINT('Origin',(-20.7875,-3.02499999999999,0.));
#16132=CARTESIAN_POINT('Origin',(-74.4625,16.525,0.));
#16133=CARTESIAN_POINT('',(-87.4625,16.525,0.));
#16134=CARTESIAN_POINT('',(-74.4625,16.525,0.));
#16135=CARTESIAN_POINT('Origin',(-74.4625,16.025,0.));
#16136=CARTESIAN_POINT('',(-73.9625,16.025,0.));
#16137=CARTESIAN_POINT('Origin',(-73.9625,3.025,0.));
#16138=CARTESIAN_POINT('',(-73.9625,3.025,0.));
#16139=CARTESIAN_POINT('Origin',(-74.4625,3.025,0.));
#16140=CARTESIAN_POINT('',(-74.4625,2.525,0.));
#16141=CARTESIAN_POINT('Origin',(-87.4625,2.525,0.));
#16142=CARTESIAN_POINT('',(-87.4625,2.525,0.));
#16143=CARTESIAN_POINT('Origin',(-87.4625,3.025,0.));
#16144=CARTESIAN_POINT('',(-87.9625,3.025,0.));
#16145=CARTESIAN_POINT('Origin',(-87.9625,16.025,0.));
#16146=CARTESIAN_POINT('',(-87.9625,16.025,0.));
#16147=CARTESIAN_POINT('Origin',(-87.4625,16.025,0.));
#16148=CARTESIAN_POINT('Origin',(-91.13125,-2.525,0.));
#16149=CARTESIAN_POINT('',(-104.13125,-2.525,0.));
#16150=CARTESIAN_POINT('',(-91.13125,-2.52499999999999,0.));
#16151=CARTESIAN_POINT('Origin',(-91.13125,-3.02499999999999,0.));
#16152=CARTESIAN_POINT('',(-90.63125,-3.02499999999999,0.));
#16153=CARTESIAN_POINT('Origin',(-90.63125,-16.025,0.));
#16154=CARTESIAN_POINT('',(-90.63125,-16.025,0.));
#16155=CARTESIAN_POINT('Origin',(-91.13125,-16.025,0.));
#16156=CARTESIAN_POINT('',(-91.13125,-16.525,0.));
#16157=CARTESIAN_POINT('Origin',(-104.13125,-16.525,0.));
#16158=CARTESIAN_POINT('',(-104.13125,-16.525,0.));
#16159=CARTESIAN_POINT('Origin',(-104.13125,-16.025,0.));
#16160=CARTESIAN_POINT('',(-104.63125,-16.025,0.));
#16161=CARTESIAN_POINT('Origin',(-104.63125,-3.02499999999999,0.));
#16162=CARTESIAN_POINT('',(-104.63125,-3.02499999999999,0.));
#16163=CARTESIAN_POINT('Origin',(-104.13125,-3.02499999999999,0.));
#16164=CARTESIAN_POINT('Origin',(-11.25575,-20.075,0.));
#16165=CARTESIAN_POINT('',(-11.25575,-19.575,0.));
#16166=CARTESIAN_POINT('',(-10.75575,-20.075,0.));
#16167=CARTESIAN_POINT('Origin',(-10.75575,-37.075,0.));
#16168=CARTESIAN_POINT('',(-10.75575,-37.075,0.));
#16169=CARTESIAN_POINT('Origin',(-11.25575,-37.075,0.));
#16170=CARTESIAN_POINT('',(-11.25575,-37.575,0.));
#16171=CARTESIAN_POINT('Origin',(-17.25575,-37.575,0.));
#16172=CARTESIAN_POINT('',(-17.25575,-37.575,0.));
#16173=CARTESIAN_POINT('Origin',(-17.25575,-37.075,0.));
#16174=CARTESIAN_POINT('',(-17.75575,-37.075,0.));
#16175=CARTESIAN_POINT('Origin',(-17.75575,-20.075,0.));
#16176=CARTESIAN_POINT('',(-17.75575,-20.075,0.));
#16177=CARTESIAN_POINT('Origin',(-17.25575,-20.075,0.));
#16178=CARTESIAN_POINT('',(-17.25575,-19.575,0.));
#16179=CARTESIAN_POINT('Origin',(-11.25575,-19.575,0.));
#16180=CARTESIAN_POINT('Origin',(-26.8375,-2.525,0.));
#16181=CARTESIAN_POINT('',(-39.8375,-2.525,0.));
#16182=CARTESIAN_POINT('',(-26.8375,-2.525,0.));
#16183=CARTESIAN_POINT('Origin',(-26.8375,-3.02499999999999,0.));
#16184=CARTESIAN_POINT('',(-26.3375,-3.02499999999999,0.));
#16185=CARTESIAN_POINT('Origin',(-26.3375,-16.025,0.));
#16186=CARTESIAN_POINT('',(-26.3375,-16.025,0.));
#16187=CARTESIAN_POINT('Origin',(-26.8375,-16.025,0.));
#16188=CARTESIAN_POINT('',(-26.8375,-16.525,0.));
#16189=CARTESIAN_POINT('Origin',(-39.8375,-16.525,0.));
#16190=CARTESIAN_POINT('',(-39.8375,-16.525,0.));
#16191=CARTESIAN_POINT('Origin',(-39.8375,-16.025,0.));
#16192=CARTESIAN_POINT('',(-40.3375,-16.025,0.));
#16193=CARTESIAN_POINT('Origin',(-40.3375,-3.02499999999999,0.));
#16194=CARTESIAN_POINT('',(-40.3375,-3.02499999999999,0.));
#16195=CARTESIAN_POINT('Origin',(-39.8375,-3.02499999999999,0.));
#16196=CARTESIAN_POINT('Origin',(-64.9375,-2.525,0.));
#16197=CARTESIAN_POINT('',(-77.9375,-2.525,0.));
#16198=CARTESIAN_POINT('',(-64.9375,-2.525,0.));
#16199=CARTESIAN_POINT('Origin',(-64.9375,-3.02499999999999,0.));
#16200=CARTESIAN_POINT('',(-64.4375,-3.02499999999999,0.));
#16201=CARTESIAN_POINT('Origin',(-64.4375,-16.025,0.));
#16202=CARTESIAN_POINT('',(-64.4375,-16.025,0.));
#16203=CARTESIAN_POINT('Origin',(-64.9375,-16.025,0.));
#16204=CARTESIAN_POINT('',(-64.9375,-16.525,0.));
#16205=CARTESIAN_POINT('Origin',(-77.9375,-16.525,0.));
#16206=CARTESIAN_POINT('',(-77.9375,-16.525,0.));
#16207=CARTESIAN_POINT('Origin',(-77.9375,-16.025,0.));
#16208=CARTESIAN_POINT('',(-78.4375,-16.025,0.));
#16209=CARTESIAN_POINT('Origin',(-78.4375,-3.02499999999999,0.));
#16210=CARTESIAN_POINT('',(-78.4375,-3.02499999999999,0.));
#16211=CARTESIAN_POINT('Origin',(-77.9375,-3.02499999999999,0.));
#16212=CARTESIAN_POINT('Origin',(77.9375,16.525,0.));
#16213=CARTESIAN_POINT('',(64.9375,16.525,0.));
#16214=CARTESIAN_POINT('',(77.9375,16.525,0.));
#16215=CARTESIAN_POINT('Origin',(77.9375,16.025,0.));
#16216=CARTESIAN_POINT('',(78.4375,16.025,0.));
#16217=CARTESIAN_POINT('Origin',(78.4375,3.025,0.));
#16218=CARTESIAN_POINT('',(78.4375,3.025,0.));
#16219=CARTESIAN_POINT('Origin',(77.9375,3.025,0.));
#16220=CARTESIAN_POINT('',(77.9375,2.525,0.));
#16221=CARTESIAN_POINT('Origin',(64.9375,2.525,0.));
#16222=CARTESIAN_POINT('',(64.9375,2.525,0.));
#16223=CARTESIAN_POINT('Origin',(64.9375,3.025,0.));
#16224=CARTESIAN_POINT('',(64.4375,3.025,0.));
#16225=CARTESIAN_POINT('Origin',(64.4375,16.025,0.));
#16226=CARTESIAN_POINT('',(64.4375,16.025,0.));
#16227=CARTESIAN_POINT('Origin',(64.9375,16.025,0.));
#16228=CARTESIAN_POINT('Origin',(-36.3625,16.525,0.));
#16229=CARTESIAN_POINT('',(-49.3625,16.525,0.));
#16230=CARTESIAN_POINT('',(-36.3625,16.525,0.));
#16231=CARTESIAN_POINT('Origin',(-36.3625,16.025,0.));
#16232=CARTESIAN_POINT('',(-35.8625,16.025,0.));
#16233=CARTESIAN_POINT('Origin',(-35.8625,3.025,0.));
#16234=CARTESIAN_POINT('',(-35.8625,3.025,0.));
#16235=CARTESIAN_POINT('Origin',(-36.3625,3.025,0.));
#16236=CARTESIAN_POINT('',(-36.3625,2.525,0.));
#16237=CARTESIAN_POINT('Origin',(-49.3625,2.525,0.));
#16238=CARTESIAN_POINT('',(-49.3625,2.525,0.));
#16239=CARTESIAN_POINT('Origin',(-49.3625,3.025,0.));
#16240=CARTESIAN_POINT('',(-49.8625,3.025,0.));
#16241=CARTESIAN_POINT('Origin',(-49.8625,16.025,0.));
#16242=CARTESIAN_POINT('',(-49.8625,16.025,0.));
#16243=CARTESIAN_POINT('Origin',(-49.3625,16.025,0.));
#16244=CARTESIAN_POINT('Origin',(76.2,41.1,0.));
#16245=CARTESIAN_POINT('',(74.7,41.1,0.));
#16246=CARTESIAN_POINT('Origin',(-45.8875,-2.525,0.));
#16247=CARTESIAN_POINT('',(-58.8875,-2.525,0.));
#16248=CARTESIAN_POINT('',(-45.8875,-2.525,0.));
#16249=CARTESIAN_POINT('Origin',(-45.8875,-3.02499999999999,0.));
#16250=CARTESIAN_POINT('',(-45.3875,-3.02499999999999,0.));
#16251=CARTESIAN_POINT('Origin',(-45.3875,-16.025,0.));
#16252=CARTESIAN_POINT('',(-45.3875,-16.025,0.));
#16253=CARTESIAN_POINT('Origin',(-45.8875,-16.025,0.));
#16254=CARTESIAN_POINT('',(-45.8875,-16.525,0.));
#16255=CARTESIAN_POINT('Origin',(-58.8875,-16.525,0.));
#16256=CARTESIAN_POINT('',(-58.8875,-16.525,0.));
#16257=CARTESIAN_POINT('Origin',(-58.8875,-16.025,0.));
#16258=CARTESIAN_POINT('',(-59.3875,-16.025,0.));
#16259=CARTESIAN_POINT('Origin',(-59.3875,-3.02499999999999,0.));
#16260=CARTESIAN_POINT('',(-59.3875,-3.02499999999999,0.));
#16261=CARTESIAN_POINT('Origin',(-58.8875,-3.02499999999999,0.));
#16262=CARTESIAN_POINT('Origin',(27.93125,-21.575,0.));
#16263=CARTESIAN_POINT('',(14.93125,-21.575,0.));
#16264=CARTESIAN_POINT('',(27.93125,-21.575,0.));
#16265=CARTESIAN_POINT('Origin',(27.93125,-22.075,0.));
#16266=CARTESIAN_POINT('',(28.43125,-22.075,0.));
#16267=CARTESIAN_POINT('Origin',(28.43125,-35.075,0.));
#16268=CARTESIAN_POINT('',(28.43125,-35.075,0.));
#16269=CARTESIAN_POINT('Origin',(27.93125,-35.075,0.));
#16270=CARTESIAN_POINT('',(27.93125,-35.575,0.));
#16271=CARTESIAN_POINT('Origin',(14.93125,-35.575,0.));
#16272=CARTESIAN_POINT('',(14.93125,-35.575,0.));
#16273=CARTESIAN_POINT('Origin',(14.93125,-35.075,0.));
#16274=CARTESIAN_POINT('',(14.43125,-35.075,0.));
#16275=CARTESIAN_POINT('Origin',(14.43125,-22.075,0.));
#16276=CARTESIAN_POINT('',(14.43125,-22.075,0.));
#16277=CARTESIAN_POINT('Origin',(14.93125,-22.075,0.));
#16278=CARTESIAN_POINT('Origin',(79.225,-35.575,0.));
#16279=CARTESIAN_POINT('',(79.225,-35.575,0.));
#16280=CARTESIAN_POINT('Origin',(79.225,-35.075,0.));
#16281=CARTESIAN_POINT('',(78.725,-35.075,0.));
#16282=CARTESIAN_POINT('Origin',(78.725,-22.075,0.));
#16283=CARTESIAN_POINT('',(78.725,-22.075,0.));
#16284=CARTESIAN_POINT('Origin',(79.225,-22.075,0.));
#16285=CARTESIAN_POINT('',(79.225,-21.575,0.));
#16286=CARTESIAN_POINT('Origin',(92.225,-21.575,0.));
#16287=CARTESIAN_POINT('',(92.225,-21.575,0.));
#16288=CARTESIAN_POINT('Origin',(92.225,-22.075,0.));
#16289=CARTESIAN_POINT('Origin',(95.250004753209,-38.0999928125875,0.));
#16290=CARTESIAN_POINT('Origin',(98.275,-22.075,0.));
#16291=CARTESIAN_POINT('',(98.275,-21.575,0.));
#16292=CARTESIAN_POINT('Origin',(111.275,-21.575,0.));
#16293=CARTESIAN_POINT('',(111.275,-21.575,0.));
#16294=CARTESIAN_POINT('Origin',(111.275,-22.075,0.));
#16295=CARTESIAN_POINT('',(111.775,-22.075,0.));
#16296=CARTESIAN_POINT('Origin',(111.775,-35.075,0.));
#16297=CARTESIAN_POINT('',(111.775,-35.075,0.));
#16298=CARTESIAN_POINT('Origin',(111.275,-35.075,0.));
#16299=CARTESIAN_POINT('Origin',(95.250004753209,-38.0999928125875,0.));
#16300=CARTESIAN_POINT('Origin',(114.3,38.10000931415,0.));
#16301=CARTESIAN_POINT('Origin',(95.2499976453493,38.1000085379707,0.));
#16302=CARTESIAN_POINT('Origin',(111.275,35.075,0.));
#16303=CARTESIAN_POINT('',(111.775,35.075,0.));
#16304=CARTESIAN_POINT('Origin',(111.775,22.075,0.));
#16305=CARTESIAN_POINT('',(111.775,22.075,0.));
#16306=CARTESIAN_POINT('Origin',(111.275,22.075,0.));
#16307=CARTESIAN_POINT('',(111.275,21.575,0.));
#16308=CARTESIAN_POINT('Origin',(98.275,21.575,0.));
#16309=CARTESIAN_POINT('',(98.275,21.575,0.));
#16310=CARTESIAN_POINT('Origin',(98.275,22.075,0.));
#16311=CARTESIAN_POINT('Origin',(95.2499976453493,38.1000085379707,0.));
#16312=CARTESIAN_POINT('Origin',(92.225,22.075,0.));
#16313=CARTESIAN_POINT('',(92.225,21.575,0.));
#16314=CARTESIAN_POINT('Origin',(79.225,21.575,0.));
#16315=CARTESIAN_POINT('',(79.225,21.575,0.));
#16316=CARTESIAN_POINT('Origin',(79.225,22.075,0.));
#16317=CARTESIAN_POINT('',(78.725,22.075,0.));
#16318=CARTESIAN_POINT('Origin',(78.725,35.075,0.));
#16319=CARTESIAN_POINT('',(78.725,35.075,0.));
#16320=CARTESIAN_POINT('Origin',(79.225,35.075,0.));
#16321=CARTESIAN_POINT('Origin',(95.2499976453493,38.1000085379707,0.));
#16322=CARTESIAN_POINT('Origin',(79.1999998527682,44.1000078840246,0.));
#16323=CARTESIAN_POINT('Origin',(19.0500012930304,38.1000054332542,0.));
#16324=CARTESIAN_POINT('Origin',(35.075,35.075,0.));
#16325=CARTESIAN_POINT('',(35.575,35.075,0.));
#16326=CARTESIAN_POINT('Origin',(35.575,22.075,0.));
#16327=CARTESIAN_POINT('',(35.575,22.075,0.));
#16328=CARTESIAN_POINT('Origin',(35.075,22.075,0.));
#16329=CARTESIAN_POINT('',(35.075,21.575,0.));
#16330=CARTESIAN_POINT('Origin',(22.075,21.575,0.));
#16331=CARTESIAN_POINT('',(22.075,21.575,0.));
#16332=CARTESIAN_POINT('Origin',(22.075,22.075,0.));
#16333=CARTESIAN_POINT('Origin',(19.0500012930304,38.1000054332542,0.));
#16334=CARTESIAN_POINT('Origin',(16.025,22.075,0.));
#16335=CARTESIAN_POINT('',(16.025,21.575,0.));
#16336=CARTESIAN_POINT('Origin',(3.02500000000002,21.575,0.));
#16337=CARTESIAN_POINT('',(3.02500000000002,21.575,0.));
#16338=CARTESIAN_POINT('Origin',(3.02500000000002,22.075,0.));
#16339=CARTESIAN_POINT('',(2.52500000000001,22.075,0.));
#16340=CARTESIAN_POINT('Origin',(2.52500000000001,35.075,0.));
#16341=CARTESIAN_POINT('',(2.52500000000002,35.075,0.));
#16342=CARTESIAN_POINT('Origin',(3.02500000000002,35.075,0.));
#16343=CARTESIAN_POINT('',(3.02500000000002,35.575,0.));
#16344=CARTESIAN_POINT('Origin',(14.7344077577172,35.575,0.));
#16345=CARTESIAN_POINT('Origin',(-19.0500012687997,38.1000038808958,0.));
#16346=CARTESIAN_POINT('Origin',(-3.02499999999998,35.075,0.));
#16347=CARTESIAN_POINT('',(-2.52499999999998,35.075,0.));
#16348=CARTESIAN_POINT('Origin',(-2.52499999999998,22.075,0.));
#16349=CARTESIAN_POINT('',(-2.52499999999999,22.075,0.));
#16350=CARTESIAN_POINT('Origin',(-3.02499999999998,22.075,0.));
#16351=CARTESIAN_POINT('',(-3.02499999999998,21.575,0.));
#16352=CARTESIAN_POINT('Origin',(-16.025,21.575,0.));
#16353=CARTESIAN_POINT('',(-16.025,21.575,0.));
#16354=CARTESIAN_POINT('Origin',(-16.025,22.075,0.));
#16355=CARTESIAN_POINT('Origin',(-19.0500012687997,38.1000038808958,0.));
#16356=CARTESIAN_POINT('Origin',(-22.075,22.075,0.));
#16357=CARTESIAN_POINT('',(-22.075,21.575,0.));
#16358=CARTESIAN_POINT('Origin',(-35.075,21.575,0.));
#16359=CARTESIAN_POINT('',(-35.075,21.575,0.));
#16360=CARTESIAN_POINT('Origin',(-35.075,22.075,0.));
#16361=CARTESIAN_POINT('',(-35.575,22.075,0.));
#16362=CARTESIAN_POINT('Origin',(-35.575,35.075,0.));
#16363=CARTESIAN_POINT('',(-35.575,35.075,0.));
#16364=CARTESIAN_POINT('Origin',(-35.075,35.075,0.));
#16365=CARTESIAN_POINT('Origin',(-19.0500012687997,38.1000038808958,0.));
#16366=CARTESIAN_POINT('Origin',(-54.1999981520509,39.1000036992974,0.));
#16367=CARTESIAN_POINT('Origin',(-95.2500047135828,38.100000776179,0.));
#16368=CARTESIAN_POINT('Origin',(-79.225,35.075,0.));
#16369=CARTESIAN_POINT('',(-78.725,35.075,0.));
#16370=CARTESIAN_POINT('Origin',(-78.725,22.075,0.));
#16371=CARTESIAN_POINT('',(-78.725,22.075,0.));
#16372=CARTESIAN_POINT('Origin',(-79.225,22.075,0.));
#16373=CARTESIAN_POINT('',(-79.225,21.575,0.));
#16374=CARTESIAN_POINT('Origin',(-92.225,21.575,0.));
#16375=CARTESIAN_POINT('',(-92.225,21.575,0.));
#16376=CARTESIAN_POINT('Origin',(-92.225,22.075,0.));
#16377=CARTESIAN_POINT('Origin',(-95.2500047135828,38.100000776179,0.));
#16378=CARTESIAN_POINT('Origin',(-98.275,22.075,0.));
#16379=CARTESIAN_POINT('',(-98.275,21.575,0.));
#16380=CARTESIAN_POINT('Origin',(-111.275,21.575,0.));
#16381=CARTESIAN_POINT('',(-111.275,21.575,0.));
#16382=CARTESIAN_POINT('Origin',(-111.275,22.075,0.));
#16383=CARTESIAN_POINT('',(-111.775,22.075,0.));
#16384=CARTESIAN_POINT('Origin',(-111.775,35.075,0.));
#16385=CARTESIAN_POINT('',(-111.775,35.075,0.));
#16386=CARTESIAN_POINT('Origin',(-111.275,35.075,0.));
#16387=CARTESIAN_POINT('',(-111.275,35.575,0.));
#16388=CARTESIAN_POINT('Origin',(-99.5656009736952,35.575,0.));
#16389=CARTESIAN_POINT('Origin',(-114.299996895283,-38.1000013505584,0.));
#16390=CARTESIAN_POINT('Origin',(-108.89375,-35.575,0.));
#16391=CARTESIAN_POINT('',(-108.89375,-35.575,0.));
#16392=CARTESIAN_POINT('Origin',(-108.89375,-35.075,0.));
#16393=CARTESIAN_POINT('',(-109.39375,-35.075,0.));
#16394=CARTESIAN_POINT('Origin',(-109.39375,-22.075,0.));
#16395=CARTESIAN_POINT('',(-109.39375,-22.075,0.));
#16396=CARTESIAN_POINT('Origin',(-108.89375,-22.075,0.));
#16397=CARTESIAN_POINT('',(-108.89375,-21.575,0.));
#16398=CARTESIAN_POINT('Origin',(-95.89375,-21.575,0.));
#16399=CARTESIAN_POINT('',(-95.89375,-21.575,0.));
#16400=CARTESIAN_POINT('Origin',(-95.89375,-22.075,0.));
#16401=CARTESIAN_POINT('',(-95.39375,-22.075,0.));
#16402=CARTESIAN_POINT('Origin',(-95.39375,-33.7844037631122,0.));
#16403=CARTESIAN_POINT('Origin',(-79.1999998777671,-44.0999999204331,0.));
#16404=CARTESIAN_POINT('Origin',(3.10471675035728E-6,-38.0999966934834,
0.));
#16405=CARTESIAN_POINT('Origin',(54.1999999185112,-39.0999944851418,0.));
#16406=CARTESIAN_POINT('Origin',(79.2000001222327,-44.099993466534,0.));
#16407=CARTESIAN_POINT('Origin',(90.2500047532091,-38.0999930163091,0.));
#16408=UNCERTAINTY_MEASURE_WITH_UNIT(LENGTH_MEASURE(0.01),#16412,
'DISTANCE_ACCURACY_VALUE',
'Maximum model space distance between geometric entities at asserted c
onnectivities');
#16409=UNCERTAINTY_MEASURE_WITH_UNIT(LENGTH_MEASURE(0.01),#16412,
'DISTANCE_ACCURACY_VALUE',
'Maximum model space distance between geometric entities at asserted c
onnectivities');
#16410=(
GEOMETRIC_REPRESENTATION_CONTEXT(3)
GLOBAL_UNCERTAINTY_ASSIGNED_CONTEXT((#16408))
GLOBAL_UNIT_ASSIGNED_CONTEXT((#16412,#16413,#16414))
REPRESENTATION_CONTEXT('','3D')
);
#16411=(
GEOMETRIC_REPRESENTATION_CONTEXT(3)
GLOBAL_UNCERTAINTY_ASSIGNED_CONTEXT((#16409))
GLOBAL_UNIT_ASSIGNED_CONTEXT((#16412,#16413,#16414))
REPRESENTATION_CONTEXT('','3D')
);
#16412=(
LENGTH_UNIT()
NAMED_UNIT(*)
SI_UNIT(.MILLI.,.METRE.)
);
#16413=(
NAMED_UNIT(*)
PLANE_ANGLE_UNIT()
SI_UNIT($,.RADIAN.)
);
#16414=(
NAMED_UNIT(*)
SI_UNIT($,.STERADIAN.)
SOLID_ANGLE_UNIT()
);
#16415=SHAPE_DEFINITION_REPRESENTATION(#16416,#16417);
#16416=PRODUCT_DEFINITION_SHAPE('',$,#16419);
#16417=SHAPE_REPRESENTATION('',(#9649),#16410);
#16418=PRODUCT_DEFINITION_CONTEXT('part definition',#16423,'design');
#16419=PRODUCT_DEFINITION('2026-01-08-20-00-24-959','sr42-keyboard',#16420,
#16418);
#16420=PRODUCT_DEFINITION_FORMATION('',$,#16425);
#16421=PRODUCT_RELATED_PRODUCT_CATEGORY('sr42-keyboard','sr42-keyboard',
(#16425));
#16422=APPLICATION_PROTOCOL_DEFINITION('international standard',
'automotive_design',2009,#16423);
#16423=APPLICATION_CONTEXT(
'Core Data for Automotive Mechanical Design Process');
#16424=PRODUCT_CONTEXT('part definition',#16423,'mechanical');
#16425=PRODUCT('2026-01-08-20-00-24-959','sr42-keyboard',$,(#16424));
#16426=PRESENTATION_STYLE_ASSIGNMENT((#16431));
#16427=PRESENTATION_STYLE_ASSIGNMENT((#16432));
#16428=PRESENTATION_STYLE_ASSIGNMENT((#16433));
#16429=PRESENTATION_STYLE_ASSIGNMENT((#16434));
#16430=PRESENTATION_STYLE_ASSIGNMENT((#16435));
#16431=SURFACE_STYLE_USAGE(.BOTH.,#16436);
#16432=SURFACE_STYLE_USAGE(.BOTH.,#16437);
#16433=SURFACE_STYLE_USAGE(.BOTH.,#16438);
#16434=SURFACE_STYLE_USAGE(.BOTH.,#16439);
#16435=SURFACE_STYLE_USAGE(.BOTH.,#16440);
#16436=SURFACE_SIDE_STYLE('',(#16441));
#16437=SURFACE_SIDE_STYLE('',(#16442));
#16438=SURFACE_SIDE_STYLE('',(#16443));
#16439=SURFACE_SIDE_STYLE('',(#16444));
#16440=SURFACE_SIDE_STYLE('',(#16445));
#16441=SURFACE_STYLE_FILL_AREA(#16446);
#16442=SURFACE_STYLE_FILL_AREA(#16447);
#16443=SURFACE_STYLE_FILL_AREA(#16448);
#16444=SURFACE_STYLE_FILL_AREA(#16449);
#16445=SURFACE_STYLE_FILL_AREA(#16450);
#16446=FILL_AREA_STYLE('Steel - Satin',(#16451));
#16447=FILL_AREA_STYLE('Aluminum - Anodized Glossy (Blue)',(#16452));
#16448=FILL_AREA_STYLE('Aluminum - Satin',(#16453));
#16449=FILL_AREA_STYLE('Polyurethane',(#16454));
#16450=FILL_AREA_STYLE('Copper - Polished',(#16455));
#16451=FILL_AREA_STYLE_COLOUR('Steel - Satin',#16456);
#16452=FILL_AREA_STYLE_COLOUR('Aluminum - Anodized Glossy (Blue)',#16457);
#16453=FILL_AREA_STYLE_COLOUR('Aluminum - Satin',#16458);
#16454=FILL_AREA_STYLE_COLOUR('Polyurethane',#16459);
#16455=FILL_AREA_STYLE_COLOUR('Copper - Polished',#16460);
#16456=COLOUR_RGB('Steel - Satin',0.627450980392157,0.627450980392157,0.627450980392157);
#16457=COLOUR_RGB('Aluminum - Anodized Glossy (Blue)',0.349019607843137,
0.584313725490196,0.854901960784314);
#16458=COLOUR_RGB('Aluminum - Satin',0.96078431372549,0.96078431372549,
0.964705882352941);
#16459=COLOUR_RGB('Polyurethane',0.,0.,0.);
#16460=COLOUR_RGB('Copper - Polished',0.929411764705882,0.807843137254902,
0.764705882352941);
ENDSEC;
END-ISO-10303-21;
